filename,ros_data_age_ms,preprocessing_ms,inference_ms,postprocessing_ms,e2e_ms,class_id,confidence,info
frame_000000,-1.0,1.2955,35.6342,0.1444,37.1468,423,40.63, -> barber chair (40.6%)
frame_000001,-1.0,1.5448,43.7332,0.0836,45.4313,423,55.91, -> barber chair (55.9%)
frame_000002,-1.0,1.2602,35.4331,0.0843,36.8474,423,41.48, -> barber chair (41.5%)
frame_000003,-1.0,1.4672,42.2531,0.0819,43.8714,526,20.32, -> desk (20.3%)
frame_000004,-1.0,1.241,35.4735,0.0815,36.8644,423,46.76, -> barber chair (46.8%)
frame_000005,-1.0,1.2804,36.6827,0.0821,38.1148,526,30.61, -> desk (30.6%)
frame_000006,-1.0,1.267,36.3249,0.0828,37.7434,526,33.98, -> desk (34.0%)
frame_000007,-1.0,1.31,35.4832,0.0828,36.9452,526,36.26, -> desk (36.3%)
frame_000008,-1.0,1.4934,36.4519,0.0818,38.0972,526,29.84, -> desk (29.8%)
frame_000009,-1.0,1.249,35.5542,0.0824,36.9542,526,40.67, -> desk (40.7%)
frame_000010,-1.0,1.403,36.6295,0.0828,38.1836,526,40.84, -> desk (40.8%)
frame_000011,-1.0,1.2249,35.7267,0.0848,37.105,526,52.72, -> desk (52.7%)
frame_000012,-1.0,1.4519,37.7649,0.0817,39.37,423,27.88, -> barber chair (27.9%)
frame_000013,-1.0,1.3591,35.769,0.0857,37.2841,526,29.95, -> desk (30.0%)
frame_000014,-1.0,1.5868,36.0886,0.0817,37.8197,526,22.6, -> desk (22.6%)
frame_000015,-1.0,1.3479,35.8544,0.0808,37.3506,526,18.31, -> desk (18.3%)
frame_000016,-1.0,1.3804,35.8327,0.0814,37.3633,526,26.44, -> desk (26.4%)
frame_000017,-1.0,1.6288,36.3399,0.0821,38.1186,526,16.16, -> desk (16.2%)
frame_000018,-1.0,1.6181,37.0091,0.0818,38.7758,526,27.22, -> desk (27.2%)
frame_000019,-1.0,1.6207,43.4191,0.0793,45.1861,526,59.44, -> desk (59.4%)
frame_000020,-1.0,1.566,42.0482,0.0808,43.7659,526,32.23, -> desk (32.2%)
frame_000021,-1.0,1.344,35.9286,0.0806,37.4205,526,28.69, -> desk (28.7%)
frame_000022,-1.0,1.3911,36.1369,0.0842,37.6816,526,65.52, -> desk (65.5%)
frame_000023,-1.0,1.4038,35.8532,0.0815,37.4068,526,78.52, -> desk (78.5%)
frame_000024,-1.0,1.5772,37.7228,0.0799,39.4463,526,54.31, -> desk (54.3%)
frame_000025,-1.0,1.3155,35.7943,0.0804,37.2585,526,69.95, -> desk (69.9%)
frame_000026,-1.0,1.391,35.9068,0.0804,37.4441,526,53.81, -> desk (53.8%)
frame_000027,-1.0,1.3709,36.9528,0.0825,38.4733,526,22.72, -> desk (22.7%)
frame_000028,-1.0,1.3258,36.1322,0.0799,37.6051,526,51.3, -> desk (51.3%)
frame_000029,-1.0,1.5707,47.1061,0.0829,48.8291,526,31.92, -> desk (31.9%)
frame_000030,-1.0,1.547,42.0046,0.0832,43.7018,526,33.61, -> desk (33.6%)
frame_000031,-1.0,1.3533,35.7918,0.0786,37.2912,526,33.82, -> desk (33.8%)
frame_000032,-1.0,1.3656,36.3366,0.0796,37.8481,526,67.85, -> desk (67.9%)
frame_000033,-1.0,1.3292,36.3955,0.0793,37.8723,526,61.69, -> desk (61.7%)
frame_000034,-1.0,1.3701,37.1644,0.0805,38.6835,526,71.18, -> desk (71.2%)
frame_000035,-1.0,1.5941,45.3226,0.0833,47.0668,526,68.91, -> desk (68.9%)
frame_000036,-1.0,1.4233,35.9216,0.082,37.4947,526,62.27, -> desk (62.3%)
frame_000037,-1.0,1.3947,36.2746,0.0806,37.8169,526,61.39, -> desk (61.4%)
frame_000038,-1.0,1.3979,36.0366,0.0819,37.5832,526,60.03, -> desk (60.0%)
frame_000039,-1.0,1.3419,36.5348,0.0806,38.0269,526,60.51, -> desk (60.5%)
frame_000040,-1.0,1.3977,35.917,0.0798,37.4624,526,67.03, -> desk (67.0%)
frame_000041,-1.0,1.3144,36.0055,0.0841,37.4717,526,41.04, -> desk (41.0%)
frame_000042,-1.0,1.4602,37.1612,0.0817,38.7707,526,57.06, -> desk (57.1%)
frame_000043,-1.0,1.5918,44.1179,0.0804,45.8581,526,64.25, -> desk (64.2%)
frame_000044,-1.0,1.3531,36.2804,0.08,37.7815,526,57.37, -> desk (57.4%)
frame_000045,-1.0,1.3965,36.0494,0.0809,37.5957,526,61.72, -> desk (61.7%)
frame_000046,-1.0,1.3696,36.3065,0.0801,37.8239,526,51.31, -> desk (51.3%)
frame_000047,-1.0,1.3568,35.8999,0.0842,37.4102,526,50.55, -> desk (50.5%)
frame_000048,-1.0,1.4162,36.0592,0.082,37.6252,526,49.72, -> desk (49.7%)
frame_000049,-1.0,1.5193,44.0483,0.0788,45.7126,526,71.69, -> desk (71.7%)
frame_000050,-1.0,1.3219,35.9977,0.0796,37.4673,526,53.61, -> desk (53.6%)
frame_000051,-1.0,1.3523,36.0454,0.0817,37.5462,526,60.8, -> desk (60.8%)
frame_000052,-1.0,1.3299,36.1599,0.0816,37.6432,526,52.91, -> desk (52.9%)
frame_000053,-1.0,1.377,36.0129,0.0812,37.5395,526,55.65, -> desk (55.6%)
frame_000054,-1.0,1.3917,36.0965,0.0797,37.6356,526,46.09, -> desk (46.1%)
frame_000055,-1.0,1.7109,43.4634,0.0862,45.3276,526,70.42, -> desk (70.4%)
frame_000056,-1.0,1.3411,36.1286,0.0818,37.618,526,78.23, -> desk (78.2%)
frame_000057,-1.0,1.3716,36.3469,0.0801,37.8663,526,81.33, -> desk (81.3%)
frame_000058,-1.0,1.3543,36.3642,0.0809,37.8661,526,79.68, -> desk (79.7%)
frame_000059,-1.0,1.3265,35.9095,0.0808,37.3859,526,78.54, -> desk (78.5%)
frame_000060,-1.0,1.6308,36.667,0.0802,38.4457,526,81.61, -> desk (81.6%)
frame_000061,-1.0,1.5075,39.1312,0.0812,40.792,526,76.78, -> desk (76.8%)
frame_000062,-1.0,1.63,38.2362,0.0796,40.0132,526,78.93, -> desk (78.9%)
frame_000063,-1.0,1.3759,36.8544,0.0825,38.3808,526,80.24, -> desk (80.2%)
frame_000064,-1.0,1.2894,36.1694,0.0807,37.6074,526,72.31, -> desk (72.3%)
frame_000065,-1.0,1.356,35.968,0.0807,37.4737,526,74.46, -> desk (74.5%)
frame_000066,-1.0,1.3471,35.9737,0.0805,37.4702,526,76.37, -> desk (76.4%)
frame_000067,-1.0,1.368,35.9993,0.0807,37.5165,526,80.45, -> desk (80.5%)
frame_000068,-1.0,1.3807,35.891,0.0833,37.4254,526,78.85, -> desk (78.8%)
frame_000069,-1.0,1.4317,35.7916,0.0811,37.3711,526,78.81, -> desk (78.8%)
frame_000070,-1.0,1.4899,35.8275,0.0799,37.4631,526,72.32, -> desk (72.3%)
frame_000071,-1.0,1.5944,39.899,0.081,41.6413,526,69.33, -> desk (69.3%)
frame_000072,-1.0,1.5571,43.6216,0.0851,45.3305,526,72.55, -> desk (72.5%)
frame_000073,-1.0,1.3985,35.9886,0.0799,37.5359,526,68.63, -> desk (68.6%)
frame_000074,-1.0,1.6916,39.8071,0.0849,41.6538,526,65.6, -> desk (65.6%)
frame_000075,-1.0,1.4341,36.7049,0.0824,38.2899,526,69.61, -> desk (69.6%)
frame_000076,-1.0,1.3344,36.4226,0.0813,37.9053,526,71.27, -> desk (71.3%)
frame_000077,-1.0,1.4063,36.0047,0.0806,37.5593,526,70.48, -> desk (70.5%)
frame_000078,-1.0,1.5895,36.4541,0.0812,38.1927,526,72.68, -> desk (72.7%)
frame_000079,-1.0,1.5455,39.6212,0.0795,41.3421,526,73.35, -> desk (73.3%)
frame_000080,-1.0,1.5509,44.1035,0.0788,45.8005,526,66.42, -> desk (66.4%)
frame_000081,-1.0,1.5717,37.1416,0.0817,38.8667,526,64.68, -> desk (64.7%)
frame_000082,-1.0,1.3151,36.264,0.0824,37.7287,526,72.41, -> desk (72.4%)
frame_000083,-1.0,1.3503,36.0289,0.0844,37.5307,526,79.93, -> desk (79.9%)
frame_000084,-1.0,1.426,37.6031,0.0819,39.1827,526,75.68, -> desk (75.7%)
frame_000085,-1.0,1.3062,35.8394,0.0797,37.2919,526,66.77, -> desk (66.8%)
frame_000086,-1.0,1.4678,37.3255,0.081,38.9428,526,74.36, -> desk (74.4%)
frame_000087,-1.0,1.3081,36.4425,0.079,37.8966,526,81.43, -> desk (81.4%)
frame_000088,-1.0,1.3675,36.2701,0.0831,37.7917,526,82.74, -> desk (82.7%)
frame_000089,-1.0,1.3435,35.9254,0.0797,37.4215,526,47.02, -> desk (47.0%)
frame_000090,-1.0,1.4781,36.502,0.0826,38.1385,526,34.35, -> desk (34.3%)
frame_000091,-1.0,1.3369,36.1784,0.0819,37.6653,526,27.67, -> desk (27.7%)
frame_000092,-1.0,1.6231,37.7367,0.0821,39.51,526,33.36, -> desk (33.4%)
frame_000093,-1.0,1.5304,42.0824,0.0826,43.7629,526,46.41, -> desk (46.4%)
frame_000094,-1.0,1.5401,47.427,0.0817,49.117,526,52.24, -> desk (52.2%)
frame_000095,-1.0,1.3383,35.9855,0.0819,37.4739,526,59.45, -> desk (59.5%)
frame_000096,-1.0,1.5858,45.5195,0.0805,47.2541,526,34.8, -> desk (34.8%)
frame_000097,-1.0,1.3919,35.8602,0.0814,37.4013,526,42.13, -> desk (42.1%)
frame_000098,-1.0,1.7222,37.7712,0.0823,39.6463,526,59.25, -> desk (59.3%)
frame_000099,-1.0,1.5602,47.4604,0.082,49.1703,526,38.81, -> desk (38.8%)
frame_000100,-1.0,1.5497,48.7918,0.081,50.4922,526,43.77, -> desk (43.8%)
frame_000101,-1.0,1.4263,36.014,0.079,37.5869,526,34.6, -> desk (34.6%)
frame_000102,-1.0,1.4932,42.0095,0.088,43.6611,526,52.62, -> desk (52.6%)
frame_000103,-1.0,1.2888,36.0393,0.068,37.4575,526,39.65, -> desk (39.7%)
frame_000104,-1.0,1.5025,37.8693,0.0681,39.5021,526,52.14, -> desk (52.1%)
frame_000105,-1.0,1.2982,35.7631,0.0679,37.1909,526,28.21, -> desk (28.2%)
frame_000106,-1.0,1.2747,35.5496,0.0717,36.9565,553,23.74, -> file (23.7%)
frame_000107,-1.0,1.3631,35.6112,0.0677,37.103,553,30.73, -> file (30.7%)
frame_000108,-1.0,1.2978,35.9251,0.0705,37.3532,553,29.86, -> file (29.9%)
frame_000109,-1.0,1.2383,35.6746,0.0674,37.0396,526,31.67, -> desk (31.7%)
frame_000110,-1.0,1.2881,35.6749,0.0684,37.0912,553,40.98, -> file (41.0%)
frame_000111,-1.0,1.5622,35.4116,0.0704,37.1035,553,44.39, -> file (44.4%)
frame_000112,-1.0,1.4878,36.8677,0.0715,38.4884,526,25.43, -> desk (25.4%)
frame_000113,-1.0,1.3091,36.0714,0.0693,37.5049,830,29.95, -> stretcher (29.9%)
frame_000114,-1.0,1.2419,35.7302,0.0689,37.0981,830,31.27, -> stretcher (31.3%)
frame_000115,-1.0,1.2866,35.5985,0.0707,37.0145,526,25.9, -> desk (25.9%)
frame_000116,-1.0,1.2172,35.8557,0.0692,37.2006,894,38.4, -> wardrobe (38.4%)
frame_000117,-1.0,1.2792,35.8194,0.0698,37.2243,894,35.55, -> wardrobe (35.5%)
frame_000118,-1.0,1.2974,35.8952,0.0697,37.3231,830,24.49, -> stretcher (24.5%)
frame_000119,-1.0,1.3423,36.1153,0.069,37.583,830,14.74, -> stretcher (14.7%)
frame_000120,-1.0,1.4558,40.94,0.0702,42.5259,543,30.48, -> dumbbell (30.5%)
frame_000121,-1.0,1.2913,36.4958,0.0684,37.9121,526,36.38, -> desk (36.4%)
frame_000122,-1.0,1.2933,35.8799,0.0725,37.3008,553,22.71, -> file (22.7%)
frame_000123,-1.0,1.4208,35.9637,0.0691,37.5131,553,31.58, -> file (31.6%)
frame_000124,-1.0,1.2822,35.9586,0.0676,37.3654,894,39.53, -> wardrobe (39.5%)
frame_000125,-1.0,1.528,37.8562,0.0684,39.5124,543,22.42, -> dumbbell (22.4%)
frame_000126,-1.0,1.2477,35.7499,0.0696,37.1224,543,19.11, -> dumbbell (19.1%)
frame_000127,-1.0,1.2721,36.0614,0.0667,37.4594,543,11.52, -> dumbbell (11.5%)
frame_000128,-1.0,1.2495,35.7,0.0675,37.0718,553,17.22, -> file (17.2%)
frame_000129,-1.0,1.2839,35.8896,0.0686,37.3031,543,9.16, -> dumbbell (9.2%)
frame_000130,-1.0,1.2492,35.4146,0.0728,36.7974,675,9.65, -> moving van (9.6%)
frame_000131,-1.0,1.2788,35.5523,0.0714,36.964,543,17.64, -> dumbbell (17.6%)
frame_000132,-1.0,1.2859,36.0081,0.0681,37.4171,877,21.19, -> turnstile (21.2%)
frame_000133,-1.0,1.2904,35.1045,0.0677,36.5224,765,37.54, -> rocking chair (37.5%)
frame_000134,-1.0,1.279,35.4482,0.0672,36.8502,526,21.75, -> desk (21.8%)
frame_000135,-1.0,1.343,35.8907,0.067,37.3596,543,29.34, -> dumbbell (29.3%)
frame_000136,-1.0,1.2686,35.5357,0.0685,36.93,543,17.73, -> dumbbell (17.7%)
frame_000137,-1.0,1.5203,36.4838,0.0686,38.1305,543,32.55, -> dumbbell (32.5%)
frame_000138,-1.0,1.3491,35.5368,0.0709,37.0122,526,13.66, -> desk (13.7%)
frame_000139,-1.0,1.3417,35.5488,0.0744,37.027,543,13.68, -> dumbbell (13.7%)
frame_000140,-1.0,1.3148,35.4272,0.0682,36.87,543,10.64, -> dumbbell (10.6%)
frame_000141,-1.0,1.373,35.5104,0.0703,37.0203,543,30.66, -> dumbbell (30.7%)
frame_000142,-1.0,1.3631,35.9621,0.0679,37.4505,543,33.5, -> dumbbell (33.5%)
frame_000143,-1.0,1.3053,35.6501,0.0673,37.0816,543,52.84, -> dumbbell (52.8%)
frame_000144,-1.0,1.3621,36.48,0.0729,37.9755,543,39.22, -> dumbbell (39.2%)
frame_000145,-1.0,1.2677,36.103,0.0684,37.4978,543,15.9, -> dumbbell (15.9%)
frame_000146,-1.0,1.2912,35.7165,0.0677,37.1306,543,13.12, -> dumbbell (13.1%)
frame_000147,-1.0,1.5245,40.6428,0.0685,42.2976,543,19.22, -> dumbbell (19.2%)
frame_000148,-1.0,1.2899,35.8745,0.0691,37.2896,423,12.5, -> barber chair (12.5%)
frame_000149,-1.0,1.2871,35.9436,0.0709,37.3605,407,34.54, -> ambulance (34.5%)
frame_000150,-1.0,1.2733,35.6128,0.073,37.0178,407,14.06, -> ambulance (14.1%)
frame_000151,-1.0,1.267,35.8802,0.066,37.2724,407,38.32, -> ambulance (38.3%)
frame_000152,-1.0,1.3401,35.8709,0.0684,37.3349,747,14.28, -> punching bag (14.3%)
frame_000153,-1.0,1.3679,36.0948,0.0677,37.5887,877,13.86, -> turnstile (13.9%)
frame_000154,-1.0,1.3132,35.6414,0.0703,37.0788,877,32.58, -> turnstile (32.6%)
frame_000155,-1.0,1.2462,35.6175,0.0705,36.9937,882,42.06, -> vacuum (42.1%)
frame_000156,-1.0,1.2989,35.6286,0.0693,37.0546,407,20.68, -> ambulance (20.7%)
frame_000157,-1.0,1.2897,36.7169,0.0702,38.1366,575,26.55, -> golfcart (26.6%)
frame_000158,-1.0,1.4869,39.0761,0.0694,40.6884,575,20.78, -> golfcart (20.8%)
frame_000159,-1.0,1.2978,35.8637,0.068,37.2871,571,23.35, -> gas pump (23.3%)
frame_000160,-1.0,1.5116,37.5261,0.0697,39.1666,877,36.28, -> turnstile (36.3%)
frame_000161,-1.0,1.5529,40.3806,0.0725,42.0654,877,51.28, -> turnstile (51.3%)
frame_000162,-1.0,1.2599,35.5642,0.0707,36.9528,877,18.32, -> turnstile (18.3%)
frame_000163,-1.0,1.2774,36.4507,0.0695,37.8564,877,17.56, -> turnstile (17.6%)
frame_000164,-1.0,1.3142,33.7429,0.0707,35.1904,877,18.51, -> turnstile (18.5%)
frame_000165,-1.0,1.4481,37.7856,0.0681,39.3626,877,29.61, -> turnstile (29.6%)
frame_000166,-1.0,1.3235,33.9055,0.0705,35.3602,877,20.69, -> turnstile (20.7%)
frame_000167,-1.0,1.2492,34.1532,0.0679,35.5264,877,49.72, -> turnstile (49.7%)
frame_000168,-1.0,1.2744,33.6784,0.0715,35.0838,877,37.24, -> turnstile (37.2%)
frame_000169,-1.0,1.3167,34.0673,0.0684,35.5093,877,50.16, -> turnstile (50.2%)
frame_000170,-1.0,1.2461,33.8286,0.0703,35.2065,877,38.35, -> turnstile (38.4%)
frame_000171,-1.0,1.3065,34.956,0.0685,36.388,877,26.62, -> turnstile (26.6%)
frame_000172,-1.0,1.3827,35.9352,0.0824,37.4684,877,39.32, -> turnstile (39.3%)
frame_000173,-1.0,1.4054,36.8223,0.0838,38.3811,799,18.96, -> sliding door (19.0%)
frame_000174,-1.0,1.3888,35.6589,0.0814,37.1991,829,48.83, -> streetcar (48.8%)
frame_000175,-1.0,1.5568,40.3434,0.0866,42.0576,799,32.77, -> sliding door (32.8%)
frame_000176,-1.0,1.3472,35.6074,0.0825,37.1085,625,21.72, -> lifeboat (21.7%)
frame_000177,-1.0,1.3033,35.9037,0.0806,37.3572,733,43.2, -> pole (43.2%)
frame_000178,-1.0,1.3586,35.4412,0.0797,36.9455,733,43.85, -> pole (43.9%)
frame_000179,-1.0,1.415,35.6451,0.0795,37.2063,733,31.06, -> pole (31.1%)
frame_000180,-1.0,1.4027,35.4817,0.0803,37.0313,733,32.42, -> pole (32.4%)
frame_000181,-1.0,1.5655,42.1028,0.0811,43.8175,733,38.48, -> pole (38.5%)
frame_000182,-1.0,1.5803,36.7346,0.0818,38.4645,788,33.45, -> shoe shop (33.4%)
frame_000183,-1.0,1.4184,36.5033,0.0806,38.0688,733,28.31, -> pole (28.3%)
frame_000184,-1.0,1.3062,35.2805,0.0802,36.7343,733,29.31, -> pole (29.3%)
frame_000185,-1.0,1.5534,42.9082,0.0806,44.609,788,34.65, -> shoe shop (34.7%)
frame_000186,-1.0,1.5735,42.5186,0.0863,44.2457,788,33.95, -> shoe shop (34.0%)
frame_000187,-1.0,1.6085,36.3991,0.081,38.1565,788,49.1, -> shoe shop (49.1%)
frame_000188,-1.0,1.3717,35.5398,0.0792,37.0579,788,36.77, -> shoe shop (36.8%)
frame_000189,-1.0,1.4705,44.4436,0.0809,46.064,733,21.08, -> pole (21.1%)
frame_000190,-1.0,1.2795,35.298,0.0867,36.7324,788,36.45, -> shoe shop (36.5%)
frame_000191,-1.0,1.301,35.1422,0.0821,36.5948,788,34.68, -> shoe shop (34.7%)
frame_000192,-1.0,1.4755,42.4925,0.0825,44.1173,733,23.12, -> pole (23.1%)
frame_000193,-1.0,1.5071,40.0435,0.0825,41.7008,788,80.31, -> shoe shop (80.3%)
frame_000194,-1.0,1.4773,38.6723,0.0844,40.3031,829,45.11, -> streetcar (45.1%)
frame_000195,-1.0,1.4858,46.0574,0.0834,47.6958,670,41.19, -> motor scooter (41.2%)
frame_000196,-1.0,1.2764,35.4123,0.0831,36.8404,788,57.64, -> shoe shop (57.6%)
frame_000197,-1.0,1.2907,35.7505,0.0827,37.1929,788,32.02, -> shoe shop (32.0%)
frame_000198,-1.0,1.2558,35.5008,0.0805,36.9055,788,23.85, -> shoe shop (23.8%)
frame_000199,-1.0,1.3046,35.209,0.0808,36.6619,788,71.61, -> shoe shop (71.6%)
frame_000200,-1.0,1.3017,35.3043,0.081,36.7553,788,80.47, -> shoe shop (80.5%)
frame_000201,-1.0,1.295,35.2678,0.0799,36.7179,788,79.22, -> shoe shop (79.2%)
frame_000202,-1.0,1.4575,35.2931,0.0807,36.9004,788,41.87, -> shoe shop (41.9%)
frame_000203,-1.0,1.2937,35.318,0.0801,36.7606,788,30.59, -> shoe shop (30.6%)
frame_000204,-1.0,1.4293,35.636,0.0849,37.2183,834,20.64, -> suit (20.6%)
frame_000205,-1.0,1.5053,36.0604,0.0812,37.7135,834,24.85, -> suit (24.8%)
frame_000206,-1.0,1.2712,35.0073,0.0814,36.4294,834,20.23, -> suit (20.2%)
frame_000207,-1.0,1.2606,34.8546,0.0814,36.2651,788,44.17, -> shoe shop (44.2%)
frame_000208,-1.0,1.3635,35.7518,0.081,37.2658,630,12.02, -> Loafer (12.0%)
frame_000209,-1.0,1.3189,34.9623,0.0798,36.4283,788,13.42, -> shoe shop (13.4%)
frame_000210,-1.0,1.3484,35.2851,0.0811,36.7829,788,20.07, -> shoe shop (20.1%)
frame_000211,-1.0,1.3026,36.2774,0.0859,37.7335,630,17.92, -> Loafer (17.9%)
frame_000212,-1.0,1.2749,35.0301,0.0843,36.4644,834,15.68, -> suit (15.7%)
frame_000213,-1.0,1.2907,35.0253,0.0808,36.4657,630,9.98, -> Loafer (10.0%)
frame_000214,-1.0,1.4491,35.2146,0.082,36.8135,788,10.98, -> shoe shop (11.0%)
frame_000215,-1.0,1.2497,34.7427,0.0818,36.1418,834,11.02, -> suit (11.0%)
frame_000216,-1.0,1.3253,35.1358,0.0806,36.6099,834,13.55, -> suit (13.6%)
frame_000217,-1.0,1.2826,34.633,0.0816,36.0664,834,17.67, -> suit (17.7%)
frame_000218,-1.0,1.283,34.9121,0.0806,36.3444,834,14.89, -> suit (14.9%)
frame_000219,-1.0,1.2915,35.0946,0.0814,36.535,834,14.04, -> suit (14.0%)
frame_000220,-1.0,1.4653,36.083,0.0828,37.7004,834,14.78, -> suit (14.8%)
frame_000221,-1.0,1.2949,35.4179,0.0809,36.8606,834,21.44, -> suit (21.4%)
frame_000222,-1.0,1.2195,35.5054,0.083,36.8774,834,19.05, -> suit (19.1%)
frame_000223,-1.0,1.2131,35.0484,0.0806,36.4143,834,23.48, -> suit (23.5%)
frame_000224,-1.0,1.3794,37.1334,0.0819,38.6627,834,27.52, -> suit (27.5%)
frame_000225,-1.0,1.2578,34.6862,0.0814,36.0927,834,28.56, -> suit (28.6%)
frame_000226,-1.0,1.2201,34.5396,0.0846,35.9136,834,28.14, -> suit (28.1%)
frame_000227,-1.0,1.309,35.5014,0.0825,36.9624,834,25.57, -> suit (25.6%)
frame_000228,-1.0,1.2446,34.9471,0.0845,36.3448,834,23.69, -> suit (23.7%)
frame_000229,-1.0,1.2645,34.8275,0.081,36.2402,834,19.03, -> suit (19.0%)
frame_000230,-1.0,1.3907,34.668,0.0816,36.2086,834,26.18, -> suit (26.2%)
frame_000231,-1.0,1.4382,37.4013,0.0809,38.9904,834,18.73, -> suit (18.7%)
frame_000232,-1.0,1.252,35.4576,0.0801,36.8568,834,16.59, -> suit (16.6%)
frame_000233,-1.0,1.2875,34.6974,0.0829,36.1382,834,21.52, -> suit (21.5%)
frame_000234,-1.0,1.6718,36.1845,0.0821,38.0066,834,18.29, -> suit (18.3%)
frame_000235,-1.0,1.2426,34.8428,0.0812,36.2344,834,19.79, -> suit (19.8%)
frame_000236,-1.0,1.2282,35.2664,0.0835,36.6482,834,20.08, -> suit (20.1%)
frame_000237,-1.0,1.3615,34.7352,0.0871,36.2535,834,17.51, -> suit (17.5%)
frame_000238,-1.0,1.3456,37.8335,0.0819,39.3285,834,22.03, -> suit (22.0%)
frame_000239,-1.0,1.2805,36.947,0.0833,38.3844,630,15.44, -> Loafer (15.4%)
frame_000240,-1.0,1.4907,35.3802,0.0846,37.0228,630,11.58, -> Loafer (11.6%)
frame_000241,-1.0,1.6134,36.6534,0.0812,38.4157,630,9.69, -> Loafer (9.7%)
frame_000242,-1.0,1.3142,36.2294,0.0825,37.6956,471,10.61, -> cannon (10.6%)
frame_000243,-1.0,1.2714,34.9701,0.0849,36.3955,471,13.55, -> cannon (13.5%)
frame_000244,-1.0,1.2958,34.9597,0.0816,36.4057,630,12.88, -> Loafer (12.9%)
frame_000245,-1.0,1.304,35.2443,0.079,36.6968,630,30.89, -> Loafer (30.9%)
frame_000246,-1.0,1.3262,35.8518,0.0819,37.3264,630,12.42, -> Loafer (12.4%)
frame_000247,-1.0,1.3198,35.0125,0.0805,36.4789,630,20.2, -> Loafer (20.2%)
frame_000248,-1.0,1.2336,34.91,0.0811,36.2899,834,19.86, -> suit (19.9%)
frame_000249,-1.0,1.3061,35.2569,0.0813,36.712,834,25.19, -> suit (25.2%)
frame_000250,-1.0,1.2699,34.8999,0.0777,36.3151,834,25.07, -> suit (25.1%)
frame_000251,-1.0,1.3012,34.7159,0.0819,36.1677,834,19.3, -> suit (19.3%)
frame_000252,-1.0,1.2608,35.0078,0.0822,36.419,834,24.41, -> suit (24.4%)
frame_000253,-1.0,1.2412,34.7982,0.0808,36.1886,834,22.44, -> suit (22.4%)
frame_000254,-1.0,1.3358,35.5757,0.0826,37.0613,834,21.18, -> suit (21.2%)
frame_000255,-1.0,1.2226,34.827,0.0812,36.1971,788,19.25, -> shoe shop (19.2%)
frame_000256,-1.0,1.4024,34.8072,0.0824,36.3617,834,23.99, -> suit (24.0%)
frame_000257,-1.0,1.5715,35.327,0.0859,37.0532,834,21.31, -> suit (21.3%)
frame_000258,-1.0,1.3147,35.0943,0.0834,36.5608,834,20.67, -> suit (20.7%)
frame_000259,-1.0,1.2469,34.9228,0.0818,36.3208,834,21.46, -> suit (21.5%)
frame_000260,-1.0,1.3545,34.8537,0.0824,36.3589,834,23.59, -> suit (23.6%)
frame_000261,-1.0,1.3418,34.8012,0.0817,36.2928,834,20.9, -> suit (20.9%)
frame_000262,-1.0,1.6551,36.5677,0.0834,38.3756,834,19.57, -> suit (19.6%)
frame_000263,-1.0,1.3112,35.8459,0.083,37.3096,834,23.91, -> suit (23.9%)
frame_000264,-1.0,1.3581,35.2926,0.0813,36.8007,630,25.89, -> Loafer (25.9%)
frame_000265,-1.0,1.2658,34.5659,0.081,35.9819,630,20.86, -> Loafer (20.9%)
frame_000266,-1.0,1.2929,35.4731,0.0805,36.9139,788,22.35, -> shoe shop (22.3%)
frame_000267,-1.0,1.5162,43.5947,0.084,45.2675,788,17.45, -> shoe shop (17.5%)
frame_000268,-1.0,1.3007,34.9406,0.083,36.3931,630,11.75, -> Loafer (11.8%)
frame_000269,-1.0,1.3367,35.8025,0.0824,37.2916,630,10.11, -> Loafer (10.1%)
frame_000270,-1.0,1.3191,38.7822,0.0839,40.2552,788,13.59, -> shoe shop (13.6%)
frame_000271,-1.0,1.2617,35.6494,0.0833,37.0639,630,21.64, -> Loafer (21.6%)
frame_000272,-1.0,1.5823,36.1844,0.0834,37.9203,630,19.3, -> Loafer (19.3%)
frame_000273,-1.0,1.3023,35.4291,0.0831,36.8844,630,30.47, -> Loafer (30.5%)
frame_000274,-1.0,1.4903,37.6649,0.0843,39.3084,630,34.5, -> Loafer (34.5%)
frame_000275,-1.0,1.2429,35.375,0.0825,36.7687,630,20.66, -> Loafer (20.7%)
frame_000276,-1.0,1.3663,35.3352,0.0869,36.8598,834,12.99, -> suit (13.0%)
frame_000277,-1.0,1.5914,35.8301,0.0817,37.5717,630,10.31, -> Loafer (10.3%)
frame_000278,-1.0,1.5334,41.5792,0.0864,43.2687,630,13.37, -> Loafer (13.4%)
frame_000279,-1.0,1.2533,35.0706,0.0827,36.4729,630,15.19, -> Loafer (15.2%)
frame_000280,-1.0,1.2394,35.443,0.0836,36.8351,630,15.58, -> Loafer (15.6%)
frame_000281,-1.0,1.2817,35.1811,0.0832,36.6153,834,14.47, -> suit (14.5%)
frame_000282,-1.0,1.3822,35.4042,0.0825,36.9378,830,61.36, -> stretcher (61.4%)
frame_000283,-1.0,1.2747,35.5443,0.0828,36.9696,830,50.92, -> stretcher (50.9%)
frame_000284,-1.0,1.4198,35.6705,0.0816,37.2411,830,31.22, -> stretcher (31.2%)
frame_000285,-1.0,1.2633,35.3097,0.0816,36.7244,834,22.95, -> suit (23.0%)
frame_000286,-1.0,1.4801,36.0186,0.0828,37.6524,834,28.68, -> suit (28.7%)
frame_000287,-1.0,1.3103,34.9239,0.0824,36.3857,834,29.55, -> suit (29.6%)
frame_000288,-1.0,1.2607,35.7081,0.084,37.1229,834,31.59, -> suit (31.6%)
frame_000289,-1.0,1.3426,36.7548,0.0828,38.2486,834,20.33, -> suit (20.3%)
frame_000290,-1.0,1.2951,35.8154,0.0816,37.2665,830,23.97, -> stretcher (24.0%)
frame_000291,-1.0,1.2529,35.0321,0.0826,36.4374,834,42.08, -> suit (42.1%)
frame_000292,-1.0,1.4544,43.5697,0.0813,45.1729,834,39.5, -> suit (39.5%)
frame_000293,-1.0,1.29,35.1376,0.0835,36.5851,579,41.11, -> grand piano (41.1%)
frame_000294,-1.0,1.3941,36.4526,0.0814,37.9974,579,23.83, -> grand piano (23.8%)
frame_000295,-1.0,1.2935,35.415,0.0821,36.8608,834,16.56, -> suit (16.6%)
frame_000296,-1.0,1.3201,35.3189,0.0831,36.7902,834,17.17, -> suit (17.2%)
frame_000297,-1.0,1.41,35.2655,0.0819,36.8284,579,17.12, -> grand piano (17.1%)
frame_000298,-1.0,1.3281,35.1319,0.0827,36.6111,834,19.48, -> suit (19.5%)
frame_000299,-1.0,1.6672,37.8106,0.0816,39.6274,579,17.94, -> grand piano (17.9%)
frame_000300,-1.0,1.4557,48.6245,0.0808,50.2298,834,18.1, -> suit (18.1%)
frame_000301,-1.0,1.3075,35.1753,0.0824,36.6348,579,23.38, -> grand piano (23.4%)
frame_000302,-1.0,1.364,35.7883,0.0842,37.3132,834,16.45, -> suit (16.4%)
frame_000303,-1.0,1.2946,37.3597,0.0815,38.8052,834,21.99, -> suit (22.0%)
frame_000304,-1.0,1.2945,35.1769,0.0822,36.6225,834,29.79, -> suit (29.8%)
frame_000305,-1.0,1.342,35.3509,0.0817,36.8426,834,23.26, -> suit (23.3%)
frame_000306,-1.0,1.4121,35.7628,0.085,37.3314,834,29.82, -> suit (29.8%)
frame_000307,-1.0,1.2946,35.2961,0.082,36.7414,834,53.86, -> suit (53.9%)
frame_000308,-1.0,1.246,35.3093,0.0831,36.7097,834,40.8, -> suit (40.8%)
frame_000309,-1.0,1.4732,42.456,0.0825,44.086,834,44.21, -> suit (44.2%)
frame_000310,-1.0,1.3489,39.0084,0.0893,40.5173,834,45.26, -> suit (45.3%)
frame_000311,-1.0,1.2738,35.1982,0.0843,36.628,834,39.7, -> suit (39.7%)
frame_000312,-1.0,1.3753,35.7,0.0852,37.23,834,29.34, -> suit (29.3%)
frame_000313,-1.0,1.2414,35.3307,0.0808,36.7224,834,25.92, -> suit (25.9%)
frame_000314,-1.0,1.2398,35.6555,0.0841,37.0481,543,35.46, -> dumbbell (35.5%)
frame_000315,-1.0,1.2795,35.5133,0.0865,36.9472,543,25.44, -> dumbbell (25.4%)
frame_000316,-1.0,1.3292,34.7666,0.0801,36.2447,543,26.5, -> dumbbell (26.5%)
frame_000317,-1.0,1.32,35.7424,0.0832,37.2122,834,21.04, -> suit (21.0%)
frame_000318,-1.0,1.3045,35.1297,0.0845,36.5879,602,7.62, -> horizontal bar (7.6%)
frame_000319,-1.0,1.2997,36.4679,0.0845,37.9218,830,14.31, -> stretcher (14.3%)
frame_000320,-1.0,1.3826,35.3012,0.0825,36.8351,834,32.31, -> suit (32.3%)
frame_000321,-1.0,1.254,35.4632,0.0843,36.8696,834,36.12, -> suit (36.1%)
frame_000322,-1.0,1.5104,36.0959,0.0838,37.7614,630,14.62, -> Loafer (14.6%)
frame_000323,-1.0,1.3021,35.1106,0.0826,36.5709,602,8.02, -> horizontal bar (8.0%)
frame_000324,-1.0,1.2193,35.8435,0.0832,37.2155,579,15.27, -> grand piano (15.3%)
frame_000325,-1.0,1.2875,35.0818,0.0834,36.5241,465,13.61, -> bulletproof vest (13.6%)
frame_000326,-1.0,1.519,41.8106,0.0812,43.478,834,11.78, -> suit (11.8%)
frame_000327,-1.0,1.2862,35.3164,0.0826,36.7544,834,19.24, -> suit (19.2%)
frame_000328,-1.0,1.4153,39.163,0.0851,40.7309,543,18.01, -> dumbbell (18.0%)
frame_000329,-1.0,1.5422,40.1544,0.0847,41.8492,543,32.59, -> dumbbell (32.6%)
frame_000330,-1.0,1.2971,35.2784,0.0808,36.7265,422,27.52, -> barbell (27.5%)
frame_000331,-1.0,1.2693,36.6614,0.0865,38.0871,788,32.81, -> shoe shop (32.8%)
frame_000332,-1.0,1.261,35.5168,0.0824,36.9321,834,19.22, -> suit (19.2%)
frame_000333,-1.0,1.2928,37.5123,0.0827,38.9549,834,15.99, -> suit (16.0%)
frame_000334,-1.0,1.2784,35.2979,0.0836,36.7286,764,13.96, -> rifle (14.0%)
frame_000335,-1.0,1.3127,35.1464,0.0823,36.6097,788,11.68, -> shoe shop (11.7%)
frame_000336,-1.0,1.2889,35.1497,0.0841,36.593,788,23.67, -> shoe shop (23.7%)
frame_000337,-1.0,1.4823,37.8377,0.0856,39.4747,788,21.54, -> shoe shop (21.5%)
frame_000338,-1.0,1.2492,35.4976,0.0837,36.9003,422,15.28, -> barbell (15.3%)
frame_000339,-1.0,1.2328,35.0799,0.0834,36.4647,465,14.55, -> bulletproof vest (14.6%)
frame_000340,-1.0,1.5043,41.1851,0.085,42.8434,422,18.81, -> barbell (18.8%)
frame_000341,-1.0,1.256,35.2339,0.086,36.6453,465,13.87, -> bulletproof vest (13.9%)
frame_000342,-1.0,1.2647,35.2563,0.0833,36.6739,422,22.85, -> barbell (22.8%)
frame_000343,-1.0,1.2741,35.3562,0.0834,36.7831,589,23.69, -> hand blower (23.7%)
frame_000344,-1.0,1.3273,36.1139,0.0815,37.5918,422,9.01, -> barbell (9.0%)
frame_000345,-1.0,1.29,36.3229,0.0844,37.7681,465,17.87, -> bulletproof vest (17.9%)
frame_000346,-1.0,1.2557,35.6661,0.0846,37.075,465,21.18, -> bulletproof vest (21.2%)
frame_000347,-1.0,1.3355,35.3582,0.0833,36.8459,465,13.39, -> bulletproof vest (13.4%)
frame_000348,-1.0,1.2728,35.2758,0.0825,36.7009,465,9.84, -> bulletproof vest (9.8%)
frame_000349,-1.0,1.4872,43.2116,0.0823,44.8497,465,12.35, -> bulletproof vest (12.4%)
frame_000350,-1.0,1.2477,35.6683,0.0843,37.0701,834,32.02, -> suit (32.0%)
frame_000351,-1.0,1.2804,35.746,0.0814,37.1769,465,58.23, -> bulletproof vest (58.2%)
frame_000352,-1.0,1.2853,35.1849,0.084,36.625,713,9.67, -> photocopier (9.7%)
frame_000353,-1.0,1.334,36.2234,0.0833,37.71,834,16.98, -> suit (17.0%)
frame_000354,-1.0,1.3078,35.3647,0.0832,36.8252,459,25.99, -> brassiere (26.0%)
frame_000355,-1.0,1.2573,35.1958,0.0816,36.6041,543,28.21, -> dumbbell (28.2%)
frame_000356,-1.0,1.5131,43.1375,0.0826,44.8039,543,52.49, -> dumbbell (52.5%)
frame_000357,-1.0,1.3146,36.0837,0.0825,37.5491,465,30.95, -> bulletproof vest (31.0%)
frame_000358,-1.0,1.319,35.9889,0.0822,37.46,526,7.82, -> desk (7.8%)
frame_000359,-1.0,1.3062,35.6928,0.0821,37.1504,830,11.85, -> stretcher (11.9%)
frame_000360,-1.0,1.2701,35.9206,0.0814,37.3407,589,69.56, -> hand blower (69.6%)
frame_000361,-1.0,1.3548,35.5865,0.0874,37.0961,713,19.28, -> photocopier (19.3%)
frame_000362,-1.0,1.2205,35.2562,0.0828,36.6262,589,67.65, -> hand blower (67.7%)
frame_000363,-1.0,1.2793,35.3723,0.0834,36.804,830,15.35, -> stretcher (15.3%)
frame_000364,-1.0,1.2513,36.8279,0.0823,38.2271,830,13.99, -> stretcher (14.0%)
frame_000365,-1.0,1.2767,35.338,0.082,36.7625,830,19.74, -> stretcher (19.7%)
frame_000366,-1.0,1.2876,36.7276,0.0825,38.1669,465,13.52, -> bulletproof vest (13.5%)
frame_000367,-1.0,1.2395,35.7621,0.0834,37.1541,526,12.71, -> desk (12.7%)
frame_000368,-1.0,1.3244,36.1671,0.0856,37.6477,526,27.38, -> desk (27.4%)
frame_000369,-1.0,1.469,43.7848,0.0835,45.4039,526,25.27, -> desk (25.3%)
frame_000370,-1.0,1.4557,36.3859,0.0865,37.9981,526,27.56, -> desk (27.6%)
frame_000371,-1.0,1.4696,36.4782,0.0847,38.1068,526,20.65, -> desk (20.6%)
frame_000372,-1.0,1.2484,35.7176,0.0845,37.1212,526,26.22, -> desk (26.2%)
frame_000373,-1.0,1.2578,35.3487,0.082,36.7583,480,13.61, -> cash machine (13.6%)
frame_000374,-1.0,1.3075,35.4583,0.0851,36.922,526,23.03, -> desk (23.0%)
frame_000375,-1.0,1.2384,35.4776,0.0813,36.8661,526,12.97, -> desk (13.0%)
frame_000376,-1.0,1.2801,35.3736,0.0822,36.8078,480,13.12, -> cash machine (13.1%)
frame_000377,-1.0,1.3504,35.2001,0.0833,36.7098,579,16.71, -> grand piano (16.7%)
frame_000378,-1.0,1.4379,35.6436,0.0826,37.2333,480,32.6, -> cash machine (32.6%)
frame_000379,-1.0,1.4677,48.6139,0.0846,50.2423,830,17.53, -> stretcher (17.5%)
frame_000380,-1.0,1.3288,36.0917,0.0688,37.551,579,31.6, -> grand piano (31.6%)
frame_000381,-1.0,1.4371,38.6086,0.0716,40.1775,579,48.76, -> grand piano (48.8%)
frame_000382,-1.0,1.235,34.8755,0.0678,36.2388,579,26.15, -> grand piano (26.2%)
frame_000383,-1.0,1.5557,40.6525,0.0701,42.3421,579,31.68, -> grand piano (31.7%)
frame_000384,-1.0,1.268,35.1921,0.0701,36.5906,830,43.5, -> stretcher (43.5%)
frame_000385,-1.0,1.3336,35.3503,0.0701,36.8152,526,20.19, -> desk (20.2%)
frame_000386,-1.0,1.5561,42.5763,0.0695,44.2618,480,40.09, -> cash machine (40.1%)
frame_000387,-1.0,1.2671,34.9025,0.069,36.3003,830,19.87, -> stretcher (19.9%)
frame_000388,-1.0,1.274,34.8878,0.0669,36.2895,526,35.44, -> desk (35.4%)
frame_000389,-1.0,1.33,38.191,0.0671,39.6482,480,15.3, -> cash machine (15.3%)
frame_000390,-1.0,1.2497,35.4793,0.0694,36.8577,480,25.99, -> cash machine (26.0%)
frame_000391,-1.0,1.2715,35.3523,0.0678,36.7508,830,55.83, -> stretcher (55.8%)
frame_000392,-1.0,1.2927,34.9618,0.0734,36.3894,830,28.75, -> stretcher (28.7%)
frame_000393,-1.0,1.2812,35.0587,0.0699,36.4697,480,54.58, -> cash machine (54.6%)
frame_000394,-1.0,1.2877,35.1375,0.0674,36.5524,480,37.28, -> cash machine (37.3%)
frame_000395,-1.0,1.5002,41.4997,0.0721,43.1325,480,47.05, -> cash machine (47.0%)
frame_000396,-1.0,1.3621,35.5282,0.0719,37.0234,480,34.64, -> cash machine (34.6%)
frame_000397,-1.0,1.2438,34.9078,0.0703,36.2842,480,60.22, -> cash machine (60.2%)
frame_000398,-1.0,1.3757,35.0002,0.0692,36.5056,480,41.92, -> cash machine (41.9%)
frame_000399,-1.0,1.2912,35.1113,0.0685,36.5319,480,29.78, -> cash machine (29.8%)
frame_000400,-1.0,1.2671,35.2075,0.0677,36.6034,526,24.22, -> desk (24.2%)
frame_000401,-1.0,1.3913,35.1475,0.0659,36.6657,526,25.51, -> desk (25.5%)
frame_000402,-1.0,1.2891,35.1024,0.0674,36.5204,480,37.81, -> cash machine (37.8%)
frame_000403,-1.0,1.3917,35.0783,0.0675,36.5971,526,24.22, -> desk (24.2%)
frame_000404,-1.0,1.2704,35.1794,0.0657,36.5747,480,47.58, -> cash machine (47.6%)
frame_000405,-1.0,1.2676,35.1032,0.0716,36.5051,894,38.88, -> wardrobe (38.9%)
frame_000406,-1.0,1.3398,35.4949,0.0672,36.9629,894,38.04, -> wardrobe (38.0%)
frame_000407,-1.0,1.2528,35.3229,0.0708,36.7052,894,26.64, -> wardrobe (26.6%)
frame_000408,-1.0,1.3006,35.1402,0.0706,36.5735,894,27.29, -> wardrobe (27.3%)
frame_000409,-1.0,1.2667,35.134,0.0672,36.5292,894,28.48, -> wardrobe (28.5%)
frame_000410,-1.0,1.2812,35.3639,0.0699,36.7782,526,38.75, -> desk (38.8%)
frame_000411,-1.0,1.2631,35.3418,0.0679,36.7337,526,46.62, -> desk (46.6%)
frame_000412,-1.0,1.2672,35.999,0.0732,37.4016,894,29.76, -> wardrobe (29.8%)
frame_000413,-1.0,1.3198,35.0881,0.0688,36.5368,526,29.48, -> desk (29.5%)
frame_000414,-1.0,1.2857,35.8667,0.0669,37.2782,526,52.49, -> desk (52.5%)
frame_000415,-1.0,1.3189,35.1619,0.0688,36.6095,526,31.22, -> desk (31.2%)
frame_000416,-1.0,1.4723,35.9326,0.0676,37.5324,526,29.73, -> desk (29.7%)
frame_000417,-1.0,1.2581,35.24,0.0714,36.633,526,44.64, -> desk (44.6%)
frame_000418,-1.0,1.2556,35.36,0.0666,36.7428,526,38.83, -> desk (38.8%)
frame_000419,-1.0,1.2838,35.2023,0.0694,36.6153,526,37.84, -> desk (37.8%)
frame_000420,-1.0,1.257,35.1178,0.0671,36.501,526,47.8, -> desk (47.8%)
frame_000421,-1.0,1.2817,35.2764,0.0696,36.6884,526,42.72, -> desk (42.7%)
frame_000422,-1.0,1.2744,35.46,0.07,36.8642,526,31.39, -> desk (31.4%)
frame_000423,-1.0,1.2744,35.3504,0.0693,36.7531,526,34.75, -> desk (34.7%)
frame_000424,-1.0,1.3333,35.1834,0.071,36.6505,526,25.66, -> desk (25.7%)
frame_000425,-1.0,1.3032,35.3124,0.0685,36.744,526,28.77, -> desk (28.8%)
frame_000426,-1.0,1.3165,35.2109,0.071,36.6588,526,30.19, -> desk (30.2%)
frame_000427,-1.0,1.2842,35.1163,0.0683,36.5299,526,37.5, -> desk (37.5%)
frame_000428,-1.0,1.2766,35.1063,0.0711,36.5163,526,39.95, -> desk (39.9%)
frame_000429,-1.0,1.3113,35.5377,0.0693,36.9793,526,36.48, -> desk (36.5%)
frame_000430,-1.0,1.3191,35.5047,0.0702,36.9538,526,36.3, -> desk (36.3%)
frame_000431,-1.0,1.3056,35.4337,0.0666,36.8657,526,38.68, -> desk (38.7%)
frame_000432,-1.0,1.2751,35.3998,0.0681,36.8029,526,41.49, -> desk (41.5%)
frame_000433,-1.0,1.2768,35.7189,0.0697,37.1256,526,49.09, -> desk (49.1%)
frame_000434,-1.0,1.315,35.7049,0.0681,37.1489,526,33.66, -> desk (33.7%)
frame_000435,-1.0,1.5037,48.5565,0.0717,50.1957,894,30.2, -> wardrobe (30.2%)
frame_000436,-1.0,1.3113,35.624,0.0689,37.0659,526,33.83, -> desk (33.8%)
frame_000437,-1.0,1.2917,35.8267,0.0709,37.252,526,81.24, -> desk (81.2%)
frame_000438,-1.0,1.3129,35.349,0.0717,36.7942,526,73.64, -> desk (73.6%)
frame_000439,-1.0,1.266,35.7221,0.0678,37.1176,526,70.64, -> desk (70.6%)
frame_000440,-1.0,1.2282,35.7194,0.0698,37.0781,526,84.94, -> desk (84.9%)
frame_000441,-1.0,1.3022,35.8967,0.0686,37.3266,526,82.4, -> desk (82.4%)
frame_000442,-1.0,1.277,36.5026,0.0675,37.9063,526,71.19, -> desk (71.2%)
frame_000443,-1.0,1.2789,35.3776,0.0679,36.7859,480,46.14, -> cash machine (46.1%)
frame_000444,-1.0,1.3423,35.9944,0.0715,37.4689,526,59.89, -> desk (59.9%)
frame_000445,-1.0,1.2867,35.3309,0.0691,36.7475,526,76.37, -> desk (76.4%)
frame_000446,-1.0,1.3386,35.6147,0.0693,37.0844,526,77.59, -> desk (77.6%)
frame_000447,-1.0,1.2908,35.4348,0.069,36.8559,526,85.46, -> desk (85.5%)
frame_000448,-1.0,1.2925,35.8024,0.0718,37.2266,526,87.05, -> desk (87.0%)
frame_000449,-1.0,1.2816,35.1507,0.0712,36.5664,526,74.31, -> desk (74.3%)
frame_000450,-1.0,1.3194,36.1011,0.0684,37.5497,526,49.29, -> desk (49.3%)
frame_000451,-1.0,1.2956,35.4436,0.067,36.8657,526,74.72, -> desk (74.7%)
frame_000452,-1.0,1.2749,35.2505,0.0685,36.6543,526,67.01, -> desk (67.0%)
frame_000453,-1.0,1.3064,35.5077,0.0667,36.9413,526,81.27, -> desk (81.3%)
frame_000454,-1.0,1.2943,34.897,0.0691,36.3208,526,84.6, -> desk (84.6%)
frame_000455,-1.0,1.2659,35.472,0.0701,36.8687,526,80.55, -> desk (80.6%)
frame_000456,-1.0,1.3584,35.3912,0.0687,36.8788,526,84.79, -> desk (84.8%)
frame_000457,-1.0,1.2603,35.1459,0.0703,36.5375,526,78.44, -> desk (78.4%)
frame_000458,-1.0,1.3001,36.1635,0.0817,37.6131,526,81.09, -> desk (81.1%)
frame_000459,-1.0,1.2947,35.3807,0.088,36.8322,526,79.36, -> desk (79.4%)
frame_000460,-1.0,1.3799,35.3079,0.0823,36.8404,526,82.44, -> desk (82.4%)
frame_000461,-1.0,1.3268,35.2991,0.0799,36.774,526,80.99, -> desk (81.0%)
frame_000462,-1.0,1.2314,36.0034,0.0842,37.3811,526,89.42, -> desk (89.4%)
frame_000463,-1.0,1.4904,40.2481,0.0811,41.8871,526,86.44, -> desk (86.4%)
frame_000464,-1.0,1.2508,35.64,0.0847,37.0401,526,68.95, -> desk (68.9%)
frame_000465,-1.0,1.2282,35.5629,0.0804,36.9383,526,67.26, -> desk (67.3%)
frame_000466,-1.0,1.2757,35.7403,0.0805,37.1628,526,41.44, -> desk (41.4%)
frame_000467,-1.0,1.2708,35.7395,0.0787,37.1559,526,43.87, -> desk (43.9%)
frame_000468,-1.0,1.3364,35.5772,0.0798,37.0547,526,60.17, -> desk (60.2%)
frame_000469,-1.0,1.5054,35.9677,0.0802,37.618,526,68.67, -> desk (68.7%)
frame_000470,-1.0,1.2289,36.4795,0.0811,37.8532,526,60.02, -> desk (60.0%)
frame_000471,-1.0,1.2471,35.8066,0.0801,37.1989,526,58.11, -> desk (58.1%)
frame_000472,-1.0,1.2618,36.2343,0.0818,37.6422,526,39.64, -> desk (39.6%)
frame_000473,-1.0,1.2466,35.4263,0.0811,36.8221,526,60.89, -> desk (60.9%)
frame_000474,-1.0,1.2796,35.3512,0.0845,36.7793,526,67.05, -> desk (67.1%)
frame_000475,-1.0,1.2367,35.332,0.0828,36.719,526,32.26, -> desk (32.3%)
frame_000476,-1.0,1.2853,36.6775,0.081,38.1073,526,54.98, -> desk (55.0%)
frame_000477,-1.0,1.4369,36.4888,0.08,38.0704,526,40.6, -> desk (40.6%)
frame_000478,-1.0,1.3185,35.6381,0.0867,37.1161,526,40.35, -> desk (40.4%)
frame_000479,-1.0,1.3897,35.0595,0.0864,36.6032,480,75.11, -> cash machine (75.1%)
frame_000480,-1.0,1.2942,34.7845,0.0796,36.2255,480,53.09, -> cash machine (53.1%)
frame_000481,-1.0,1.2385,34.8833,0.0818,36.2717,480,67.61, -> cash machine (67.6%)
frame_000482,-1.0,1.2696,35.9896,0.0791,37.4058,480,31.83, -> cash machine (31.8%)
frame_000483,-1.0,1.3288,35.589,0.0796,37.0685,480,33.58, -> cash machine (33.6%)
frame_000484,-1.0,1.3407,35.2692,0.0808,36.757,526,30.37, -> desk (30.4%)
frame_000485,-1.0,1.2548,35.5989,0.0814,37.0008,480,26.67, -> cash machine (26.7%)
frame_000486,-1.0,1.3461,34.9825,0.081,36.4787,480,53.93, -> cash machine (53.9%)
frame_000487,-1.0,1.2128,35.0857,0.0831,36.4567,480,62.98, -> cash machine (63.0%)
frame_000488,-1.0,1.5897,36.302,0.0842,38.0471,480,84.92, -> cash machine (84.9%)
frame_000489,-1.0,1.2914,35.5356,0.0864,36.9852,480,80.99, -> cash machine (81.0%)
frame_000490,-1.0,1.3027,35.3255,0.083,36.7813,480,65.45, -> cash machine (65.4%)
frame_000491,-1.0,1.2601,35.2519,0.084,36.6637,480,68.45, -> cash machine (68.4%)
frame_000492,-1.0,1.2748,35.1448,0.0833,36.5716,480,68.01, -> cash machine (68.0%)
frame_000493,-1.0,1.2646,35.9714,0.0841,37.3889,480,49.97, -> cash machine (50.0%)
frame_000494,-1.0,1.3563,35.4792,0.0885,36.9953,480,66.04, -> cash machine (66.0%)
frame_000495,-1.0,1.2621,35.1848,0.0829,36.5988,480,58.12, -> cash machine (58.1%)
frame_000496,-1.0,1.2657,35.1448,0.0874,36.5672,480,81.55, -> cash machine (81.6%)
frame_000497,-1.0,1.2708,35.1871,0.0807,36.6056,480,81.73, -> cash machine (81.7%)
frame_000498,-1.0,1.2756,35.6404,0.0825,37.0668,480,43.98, -> cash machine (44.0%)
frame_000499,-1.0,1.4431,39.16,0.086,40.7581,480,49.41, -> cash machine (49.4%)
frame_000500,-1.0,1.3321,35.4235,0.0814,36.9077,480,58.95, -> cash machine (59.0%)
frame_000501,-1.0,1.4283,42.579,0.0825,44.1595,480,65.1, -> cash machine (65.1%)
frame_000502,-1.0,1.421,41.8607,0.0851,43.4367,480,42.22, -> cash machine (42.2%)
frame_000503,-1.0,1.2367,35.3751,0.0814,36.7605,480,71.67, -> cash machine (71.7%)
frame_000504,-1.0,1.2801,35.3002,0.0821,36.73,480,24.76, -> cash machine (24.8%)
frame_000505,-1.0,1.2304,35.2603,0.0836,36.6435,480,41.06, -> cash machine (41.1%)
frame_000506,-1.0,1.2735,35.6108,0.082,37.0379,480,26.18, -> cash machine (26.2%)
frame_000507,-1.0,1.2939,35.6108,0.0837,37.0586,480,54.44, -> cash machine (54.4%)
frame_000508,-1.0,1.2496,35.5508,0.0825,36.9502,526,20.79, -> desk (20.8%)
frame_000509,-1.0,1.2321,35.0921,0.081,36.4752,480,50.8, -> cash machine (50.8%)
frame_000510,-1.0,1.4886,36.3796,0.0824,38.0184,480,40.32, -> cash machine (40.3%)
frame_000511,-1.0,1.2669,35.6084,0.082,37.0271,480,53.76, -> cash machine (53.8%)
frame_000512,-1.0,1.2451,35.2021,0.0827,36.5979,480,50.22, -> cash machine (50.2%)
frame_000513,-1.0,1.3572,35.1446,0.0831,36.6533,480,42.36, -> cash machine (42.4%)
frame_000514,-1.0,1.283,36.1261,0.0838,37.5616,526,25.38, -> desk (25.4%)
frame_000515,-1.0,1.3299,35.3148,0.0836,36.7989,526,20.86, -> desk (20.9%)
frame_000516,-1.0,1.2264,34.9963,0.0813,36.3735,526,21.77, -> desk (21.8%)
frame_000517,-1.0,1.4784,41.4604,0.0808,43.093,480,25.57, -> cash machine (25.6%)
frame_000518,-1.0,1.2216,35.1819,0.0838,36.5567,894,37.73, -> wardrobe (37.7%)
frame_000519,-1.0,1.222,35.0603,0.0814,36.4323,480,55.24, -> cash machine (55.2%)
frame_000520,-1.0,1.4544,43.4288,0.0798,45.0379,894,46.06, -> wardrobe (46.1%)
frame_000521,-1.0,1.301,35.2063,0.0825,36.6587,771,28.29, -> safe (28.3%)
frame_000522,-1.0,1.2798,35.1641,0.086,36.5979,894,27.86, -> wardrobe (27.9%)
frame_000523,-1.0,1.2954,34.9647,0.0806,36.4085,894,26.0, -> wardrobe (26.0%)
frame_000524,-1.0,1.2447,34.8839,0.083,36.2811,894,45.47, -> wardrobe (45.5%)
frame_000525,-1.0,1.3329,35.1985,0.0827,36.6807,480,51.29, -> cash machine (51.3%)
frame_000526,-1.0,1.2667,35.6372,0.0827,37.0557,480,26.28, -> cash machine (26.3%)
frame_000527,-1.0,1.3131,35.9783,0.0826,37.4427,894,24.21, -> wardrobe (24.2%)
frame_000528,-1.0,1.2976,35.4175,0.0832,36.8723,894,40.31, -> wardrobe (40.3%)
frame_000529,-1.0,1.2423,35.284,0.0802,36.6762,894,21.83, -> wardrobe (21.8%)
frame_000530,-1.0,1.2475,35.6247,0.0809,37.023,894,40.23, -> wardrobe (40.2%)
frame_000531,-1.0,1.2816,35.0733,0.0807,36.504,526,24.83, -> desk (24.8%)
frame_000532,-1.0,1.3001,35.4338,0.0848,36.8871,894,43.91, -> wardrobe (43.9%)
frame_000533,-1.0,1.2938,35.0461,0.0816,36.4908,526,21.21, -> desk (21.2%)
frame_000534,-1.0,1.2801,35.2475,0.0891,36.6874,771,22.56, -> safe (22.6%)
frame_000535,-1.0,1.2841,35.1585,0.0816,36.5933,771,27.82, -> safe (27.8%)
frame_000536,-1.0,1.322,34.9765,0.0814,36.4479,526,19.59, -> desk (19.6%)
frame_000537,-1.0,1.254,35.1684,0.0822,36.5724,894,32.45, -> wardrobe (32.4%)
frame_000538,-1.0,1.3561,35.1784,0.0845,36.6897,894,25.59, -> wardrobe (25.6%)
frame_000539,-1.0,1.2632,35.2182,0.0858,36.6379,894,33.08, -> wardrobe (33.1%)
frame_000540,-1.0,1.2932,36.4757,0.0822,37.9183,771,38.51, -> safe (38.5%)
frame_000541,-1.0,1.2568,35.069,0.0811,36.4734,526,28.15, -> desk (28.1%)
frame_000542,-1.0,1.2536,35.335,0.0827,36.7396,894,32.09, -> wardrobe (32.1%)
frame_000543,-1.0,1.2763,35.1008,0.0818,36.5283,894,30.28, -> wardrobe (30.3%)
frame_000544,-1.0,1.2936,35.381,0.0815,36.8272,526,28.74, -> desk (28.7%)
frame_000545,-1.0,1.3038,34.9615,0.0828,36.4167,894,22.53, -> wardrobe (22.5%)
frame_000546,-1.0,1.3097,34.9316,0.0828,36.3921,894,29.17, -> wardrobe (29.2%)
frame_000547,-1.0,1.1994,35.0164,0.0812,36.3665,480,29.96, -> cash machine (30.0%)
frame_000548,-1.0,1.4643,37.9617,0.0815,39.5759,480,32.36, -> cash machine (32.4%)
frame_000549,-1.0,1.3216,35.9807,0.0814,37.4518,894,42.69, -> wardrobe (42.7%)
frame_000550,-1.0,1.2319,35.1763,0.0801,36.5582,894,41.07, -> wardrobe (41.1%)
frame_000551,-1.0,1.2538,35.5596,0.0815,36.9629,480,29.13, -> cash machine (29.1%)
frame_000552,-1.0,1.2931,35.5377,0.0824,36.9819,894,42.15, -> wardrobe (42.1%)
frame_000553,-1.0,1.2558,35.2838,0.0817,36.6901,894,27.03, -> wardrobe (27.0%)
frame_000554,-1.0,1.2922,35.4855,0.0819,36.927,894,24.61, -> wardrobe (24.6%)
frame_000555,-1.0,1.2971,35.1604,0.0855,36.6139,894,44.48, -> wardrobe (44.5%)
frame_000556,-1.0,1.2452,35.1693,0.0825,36.5668,526,27.41, -> desk (27.4%)
frame_000557,-1.0,1.2076,34.851,0.0824,36.2103,894,25.66, -> wardrobe (25.7%)
frame_000558,-1.0,1.3408,34.9965,0.0849,36.4921,526,40.52, -> desk (40.5%)
frame_000559,-1.0,1.3346,35.2229,0.0881,36.7134,526,38.1, -> desk (38.1%)
frame_000560,-1.0,1.641,36.5298,0.0815,38.3198,526,50.93, -> desk (50.9%)
frame_000561,-1.0,1.2959,35.2304,0.0862,36.6888,894,28.7, -> wardrobe (28.7%)
frame_000562,-1.0,1.2733,35.4808,0.0825,36.9059,771,21.71, -> safe (21.7%)
frame_000563,-1.0,1.2413,34.9812,0.0826,36.3729,771,46.96, -> safe (47.0%)
frame_000564,-1.0,1.3209,35.109,0.0824,36.5799,894,25.56, -> wardrobe (25.6%)
frame_000565,-1.0,1.3531,35.2387,0.0836,36.747,480,16.45, -> cash machine (16.5%)
frame_000566,-1.0,1.2793,35.2321,0.0822,36.6622,894,20.05, -> wardrobe (20.0%)
frame_000567,-1.0,1.2711,35.1596,0.0821,36.5828,894,23.66, -> wardrobe (23.7%)
frame_000568,-1.0,1.2535,34.9568,0.0815,36.3597,894,32.72, -> wardrobe (32.7%)
frame_000569,-1.0,1.2776,34.892,0.0844,36.3247,894,42.83, -> wardrobe (42.8%)
frame_000570,-1.0,1.2923,35.7506,0.0877,37.2018,894,25.99, -> wardrobe (26.0%)
frame_000571,-1.0,1.3181,36.1132,0.0823,37.591,894,39.41, -> wardrobe (39.4%)
frame_000572,-1.0,1.2713,35.1556,0.0819,36.5776,894,37.01, -> wardrobe (37.0%)
frame_000573,-1.0,1.4807,38.9793,0.0825,40.6125,894,46.79, -> wardrobe (46.8%)
frame_000574,-1.0,1.2626,35.1992,0.0846,36.6162,480,24.12, -> cash machine (24.1%)
frame_000575,-1.0,1.3018,35.6436,0.082,37.0951,771,22.74, -> safe (22.7%)
frame_000576,-1.0,1.243,35.218,0.0841,36.6147,894,22.17, -> wardrobe (22.2%)
frame_000577,-1.0,1.2601,35.267,0.0819,36.6775,480,34.01, -> cash machine (34.0%)
frame_000578,-1.0,1.2211,35.1204,0.0816,36.492,480,18.07, -> cash machine (18.1%)
frame_000579,-1.0,1.3657,35.5472,0.0859,37.0698,526,22.42, -> desk (22.4%)
frame_000580,-1.0,1.5905,42.6367,0.0829,44.3809,771,14.71, -> safe (14.7%)
frame_000581,-1.0,1.2902,35.3657,0.0808,36.8066,894,18.44, -> wardrobe (18.4%)
frame_000582,-1.0,1.2752,37.3671,0.0821,38.7927,894,22.55, -> wardrobe (22.6%)
frame_000583,-1.0,1.4809,36.8641,0.0841,38.5011,526,20.88, -> desk (20.9%)
frame_000584,-1.0,1.266,35.4085,0.0849,36.8309,480,27.6, -> cash machine (27.6%)
frame_000585,-1.0,1.2761,35.2166,0.0817,36.6423,480,16.92, -> cash machine (16.9%)
frame_000586,-1.0,1.2397,35.4751,0.0824,36.8663,894,25.2, -> wardrobe (25.2%)
frame_000587,-1.0,1.3017,36.4493,0.0801,37.9022,894,29.27, -> wardrobe (29.3%)
frame_000588,-1.0,1.2879,35.2313,0.0826,36.673,894,23.31, -> wardrobe (23.3%)
frame_000589,-1.0,1.2585,35.3135,0.0804,36.7211,526,19.65, -> desk (19.6%)
frame_000590,-1.0,1.291,35.2184,0.0819,36.6613,526,24.79, -> desk (24.8%)
frame_000591,-1.0,1.3553,35.4216,0.084,36.9377,526,26.33, -> desk (26.3%)
frame_000592,-1.0,1.3295,37.224,0.082,38.7064,526,23.05, -> desk (23.0%)
frame_000593,-1.0,1.2853,35.3271,0.0815,36.7612,526,17.63, -> desk (17.6%)
frame_000594,-1.0,1.2907,35.7489,0.0821,37.1893,480,20.25, -> cash machine (20.3%)
frame_000595,-1.0,1.2777,35.2004,0.0819,36.6303,480,18.36, -> cash machine (18.4%)
frame_000596,-1.0,1.3369,35.2943,0.0827,36.7816,480,22.36, -> cash machine (22.4%)
frame_000597,-1.0,1.3358,35.3415,0.0825,36.8311,480,12.32, -> cash machine (12.3%)
frame_000598,-1.0,1.2316,35.1075,0.0802,36.4884,480,16.78, -> cash machine (16.8%)
frame_000599,-1.0,1.2668,35.4002,0.0808,36.8153,526,21.05, -> desk (21.1%)
frame_000600,-1.0,1.2857,36.3439,0.0809,37.7796,894,21.09, -> wardrobe (21.1%)
frame_000601,-1.0,1.5278,41.7903,0.0809,43.4685,894,18.47, -> wardrobe (18.5%)
frame_000602,-1.0,1.3432,35.6326,0.0802,37.1245,526,16.04, -> desk (16.0%)
frame_000603,-1.0,1.2512,35.2858,0.0829,36.691,894,20.51, -> wardrobe (20.5%)
frame_000604,-1.0,1.3592,36.1341,0.0838,37.6474,480,44.45, -> cash machine (44.5%)
frame_000605,-1.0,1.363,35.1177,0.0827,36.6324,526,22.26, -> desk (22.3%)
frame_000606,-1.0,1.3609,35.4364,0.0825,36.9486,480,36.95, -> cash machine (37.0%)
frame_000607,-1.0,1.3146,35.2518,0.0829,36.7198,480,20.53, -> cash machine (20.5%)
frame_000608,-1.0,1.2734,35.0562,0.0844,36.4849,480,43.07, -> cash machine (43.1%)
frame_000609,-1.0,1.464,44.4087,0.0815,46.0249,480,27.07, -> cash machine (27.1%)
frame_000610,-1.0,1.2068,34.9829,0.0816,36.3406,480,23.05, -> cash machine (23.1%)
frame_000611,-1.0,1.2961,35.6714,0.0826,37.1191,480,19.9, -> cash machine (19.9%)
frame_000612,-1.0,1.4781,37.9348,0.084,39.5649,894,13.25, -> wardrobe (13.2%)
frame_000613,-1.0,1.2999,35.3894,0.0824,36.8404,480,61.51, -> cash machine (61.5%)
frame_000614,-1.0,1.2771,35.3977,0.081,36.8213,480,36.24, -> cash machine (36.2%)
frame_000615,-1.0,1.5525,35.6539,0.0812,37.3559,480,62.34, -> cash machine (62.3%)
frame_000616,-1.0,1.264,35.572,0.085,36.9901,480,53.01, -> cash machine (53.0%)
frame_000617,-1.0,1.262,35.5901,0.0807,37.0012,480,73.2, -> cash machine (73.2%)
frame_000618,-1.0,1.2358,36.244,0.082,37.6295,480,62.34, -> cash machine (62.3%)
frame_000619,-1.0,1.2598,35.5284,0.0828,36.9419,480,69.47, -> cash machine (69.5%)
frame_000620,-1.0,1.2913,35.858,0.0822,37.2992,480,62.71, -> cash machine (62.7%)
frame_000621,-1.0,1.2863,35.3644,0.0841,36.8034,480,86.43, -> cash machine (86.4%)
frame_000622,-1.0,1.2486,35.8028,0.0814,37.2,480,73.38, -> cash machine (73.4%)
frame_000623,-1.0,1.2901,35.0561,0.0813,36.4975,480,32.32, -> cash machine (32.3%)
frame_000624,-1.0,1.4393,46.605,0.0801,48.1928,480,31.5, -> cash machine (31.5%)
frame_000625,-1.0,1.2444,34.8891,0.082,36.2847,760,40.98, -> refrigerator (41.0%)
frame_000626,-1.0,1.5243,37.6561,0.0849,39.3366,760,44.6, -> refrigerator (44.6%)
frame_000627,-1.0,1.551,35.902,0.082,37.6039,760,24.16, -> refrigerator (24.2%)
frame_000628,-1.0,1.25,35.3943,0.0836,36.7972,480,20.94, -> cash machine (20.9%)
frame_000629,-1.0,1.2964,35.5043,0.083,36.9528,480,48.44, -> cash machine (48.4%)
frame_000630,-1.0,1.2628,34.987,0.0806,36.3999,760,63.57, -> refrigerator (63.6%)
frame_000631,-1.0,1.2282,34.978,0.0834,36.3649,760,35.33, -> refrigerator (35.3%)
frame_000632,-1.0,1.2147,35.321,0.0837,36.6902,760,33.83, -> refrigerator (33.8%)
frame_000633,-1.0,1.2996,34.9339,0.0824,36.3855,480,48.6, -> cash machine (48.6%)
frame_000634,-1.0,1.2901,35.0912,0.0899,36.5422,760,54.86, -> refrigerator (54.9%)
frame_000635,-1.0,1.3341,35.3559,0.0827,36.8411,760,42.83, -> refrigerator (42.8%)
frame_000636,-1.0,1.4433,36.2586,0.0812,37.8552,480,39.04, -> cash machine (39.0%)
frame_000637,-1.0,1.2506,37.0775,0.0831,38.4777,760,25.98, -> refrigerator (26.0%)
frame_000638,-1.0,1.338,36.9708,0.0847,38.4613,894,14.68, -> wardrobe (14.7%)
frame_000639,-1.0,1.3251,41.5949,0.0847,43.0731,480,22.84, -> cash machine (22.8%)
frame_000640,-1.0,1.2829,35.2189,0.084,36.6574,760,28.29, -> refrigerator (28.3%)
frame_000641,-1.0,1.2891,35.4386,0.0838,36.8806,760,14.94, -> refrigerator (14.9%)
frame_000642,-1.0,1.2957,38.2537,0.0861,39.7067,760,16.84, -> refrigerator (16.8%)
frame_000643,-1.0,1.293,35.2516,0.0827,36.7034,760,14.87, -> refrigerator (14.9%)
frame_000644,-1.0,1.2679,35.0492,0.0809,36.4668,480,41.23, -> cash machine (41.2%)
frame_000645,-1.0,1.274,35.1855,0.0812,36.608,760,39.37, -> refrigerator (39.4%)
frame_000646,-1.0,1.2779,35.8328,0.0875,37.2663,480,28.94, -> cash machine (28.9%)
frame_000647,-1.0,1.3971,35.7346,0.0837,37.2837,480,22.75, -> cash machine (22.7%)
frame_000648,-1.0,1.3115,35.1528,0.0819,36.6141,480,21.76, -> cash machine (21.8%)
frame_000649,-1.0,1.312,35.4973,0.0828,36.9607,760,27.2, -> refrigerator (27.2%)
frame_000650,-1.0,1.2516,35.4759,0.0817,36.8759,760,37.13, -> refrigerator (37.1%)
frame_000651,-1.0,1.2669,35.7972,0.0831,37.2152,894,22.1, -> wardrobe (22.1%)
frame_000652,-1.0,1.2612,35.5826,0.083,36.9956,894,22.26, -> wardrobe (22.3%)
frame_000653,-1.0,1.2858,36.2314,0.0846,37.6716,760,32.16, -> refrigerator (32.2%)
frame_000654,-1.0,1.2298,35.414,0.0817,36.7928,760,21.04, -> refrigerator (21.0%)
frame_000655,-1.0,1.2641,35.2766,0.0816,36.6905,894,23.28, -> wardrobe (23.3%)
frame_000656,-1.0,1.4104,39.2466,0.0889,40.8165,894,17.4, -> wardrobe (17.4%)
frame_000657,-1.0,1.1992,35.8095,0.082,37.1598,760,19.08, -> refrigerator (19.1%)
frame_000658,-1.0,1.2,35.4598,0.0866,36.8152,760,24.39, -> refrigerator (24.4%)
frame_000659,-1.0,1.2826,35.5145,0.0825,36.9483,894,16.98, -> wardrobe (17.0%)
frame_000660,-1.0,1.229,35.2418,0.0817,36.62,760,18.56, -> refrigerator (18.6%)
frame_000661,-1.0,1.3061,35.9291,0.0848,37.3892,760,24.44, -> refrigerator (24.4%)
frame_000662,-1.0,1.2827,36.1537,0.0835,37.5905,760,28.49, -> refrigerator (28.5%)
frame_000663,-1.0,1.31,36.0472,0.0833,37.5086,760,26.96, -> refrigerator (27.0%)
frame_000664,-1.0,1.2555,35.2374,0.0822,36.6429,760,26.49, -> refrigerator (26.5%)
frame_000665,-1.0,1.3138,35.1685,0.0845,36.639,760,23.98, -> refrigerator (24.0%)
frame_000666,-1.0,1.2697,35.4379,0.0817,36.8569,760,21.96, -> refrigerator (22.0%)
frame_000667,-1.0,1.5572,36.1831,0.0821,37.8914,760,30.01, -> refrigerator (30.0%)
frame_000668,-1.0,1.2578,35.218,0.0821,36.6266,760,27.21, -> refrigerator (27.2%)
frame_000669,-1.0,1.3029,35.859,0.0812,37.3097,760,25.33, -> refrigerator (25.3%)
frame_000670,-1.0,1.2957,35.4142,0.0826,36.8662,760,17.31, -> refrigerator (17.3%)
frame_000671,-1.0,1.3503,35.6052,0.0814,37.1054,760,22.0, -> refrigerator (22.0%)
frame_000672,-1.0,1.2559,35.8709,0.0816,37.2786,480,25.07, -> cash machine (25.1%)
frame_000673,-1.0,1.2455,35.7974,0.0832,37.1934,480,18.56, -> cash machine (18.6%)
frame_000674,-1.0,1.254,35.1873,0.0832,36.594,760,34.84, -> refrigerator (34.8%)
frame_000675,-1.0,1.2288,35.3692,0.0834,36.7518,760,40.59, -> refrigerator (40.6%)
frame_000676,-1.0,1.6647,42.0149,0.0873,43.8367,760,57.98, -> refrigerator (58.0%)
frame_000677,-1.0,1.2971,38.1835,0.0839,39.6335,760,55.12, -> refrigerator (55.1%)
frame_000678,-1.0,1.247,36.2121,0.0867,37.6164,760,48.23, -> refrigerator (48.2%)
frame_000679,-1.0,1.5922,38.0328,0.0835,39.7771,760,69.18, -> refrigerator (69.2%)
frame_000680,-1.0,1.3614,35.9246,0.0874,37.4469,760,42.31, -> refrigerator (42.3%)
frame_000681,-1.0,1.3077,35.5511,0.0831,37.0119,480,54.83, -> cash machine (54.8%)
frame_000682,-1.0,1.2909,35.297,0.0829,36.7389,760,39.12, -> refrigerator (39.1%)
frame_000683,-1.0,1.3291,35.594,0.0828,37.0734,760,54.56, -> refrigerator (54.6%)
frame_000684,-1.0,1.2541,35.2987,0.0831,36.7055,760,48.97, -> refrigerator (49.0%)
frame_000685,-1.0,1.4926,37.3063,0.083,38.9499,760,23.42, -> refrigerator (23.4%)
frame_000686,-1.0,1.3162,36.3354,0.0824,37.8044,760,63.41, -> refrigerator (63.4%)
frame_000687,-1.0,1.2497,35.3356,0.0822,36.7365,760,36.31, -> refrigerator (36.3%)
frame_000688,-1.0,1.4606,36.0075,0.0849,37.6237,480,22.89, -> cash machine (22.9%)
frame_000689,-1.0,1.5125,38.4392,0.0829,40.1014,480,30.08, -> cash machine (30.1%)
frame_000690,-1.0,1.2362,35.4218,0.084,36.8117,760,39.61, -> refrigerator (39.6%)
frame_000691,-1.0,1.3502,36.1699,0.0813,37.6714,480,24.42, -> cash machine (24.4%)
frame_000692,-1.0,1.2828,35.621,0.0832,37.0553,760,30.68, -> refrigerator (30.7%)
frame_000693,-1.0,1.2729,35.8187,0.0828,37.2422,480,33.54, -> cash machine (33.5%)
frame_000694,-1.0,1.2782,35.4031,0.0822,36.8358,760,54.4, -> refrigerator (54.4%)
frame_000695,-1.0,1.3055,36.5206,0.0895,37.9849,760,48.49, -> refrigerator (48.5%)
frame_000696,-1.0,1.2364,35.3663,0.0808,36.7537,760,60.07, -> refrigerator (60.1%)
frame_000697,-1.0,1.4965,36.0343,0.0822,37.6824,760,28.53, -> refrigerator (28.5%)
frame_000698,-1.0,1.2417,35.7117,0.0817,37.1042,760,27.74, -> refrigerator (27.7%)
frame_000699,-1.0,1.4843,37.6481,0.0829,39.2831,760,58.12, -> refrigerator (58.1%)
frame_000700,-1.0,1.2366,35.5083,0.0845,36.8992,760,61.32, -> refrigerator (61.3%)
frame_000701,-1.0,1.3284,35.3771,0.0838,36.86,760,45.46, -> refrigerator (45.5%)
frame_000702,-1.0,1.2711,35.5286,0.0853,36.9545,480,31.53, -> cash machine (31.5%)
frame_000703,-1.0,1.4504,36.7732,0.0837,38.3775,760,36.35, -> refrigerator (36.3%)
frame_000704,-1.0,1.2748,35.498,0.0835,36.9278,760,47.02, -> refrigerator (47.0%)
frame_000705,-1.0,1.2848,37.6768,0.0849,39.1173,760,35.84, -> refrigerator (35.8%)
frame_000706,-1.0,1.2979,35.3336,0.082,36.7884,760,46.21, -> refrigerator (46.2%)
frame_000707,-1.0,1.584,39.8436,0.0823,41.5805,760,49.18, -> refrigerator (49.2%)
frame_000708,-1.0,1.2957,35.8746,0.0908,37.3326,760,44.59, -> refrigerator (44.6%)
frame_000709,-1.0,1.2348,35.5563,0.0817,36.941,480,45.28, -> cash machine (45.3%)
frame_000710,-1.0,1.2181,35.3016,0.0827,36.6727,760,49.61, -> refrigerator (49.6%)
frame_000711,-1.0,1.3641,36.2149,0.0813,37.7302,760,53.09, -> refrigerator (53.1%)
frame_000712,-1.0,1.405,37.8773,0.0826,39.4331,760,44.05, -> refrigerator (44.1%)
frame_000713,-1.0,1.3334,35.161,0.0837,36.6478,760,41.53, -> refrigerator (41.5%)
frame_000714,-1.0,1.4962,36.7076,0.0835,38.36,760,54.14, -> refrigerator (54.1%)
frame_000715,-1.0,1.2356,35.9465,0.0838,37.3412,760,52.04, -> refrigerator (52.0%)
frame_000716,-1.0,1.394,36.6996,0.0841,38.2455,760,43.28, -> refrigerator (43.3%)
frame_000717,-1.0,1.2547,35.3892,0.081,36.7914,760,28.77, -> refrigerator (28.8%)
frame_000718,-1.0,1.2328,35.47,0.0842,36.857,771,24.07, -> safe (24.1%)
frame_000719,-1.0,1.2733,35.4172,0.0816,36.8413,480,22.79, -> cash machine (22.8%)
frame_000720,-1.0,1.3397,35.943,0.0826,37.4357,760,17.5, -> refrigerator (17.5%)
frame_000721,-1.0,1.5159,39.8021,0.0836,41.4713,771,18.76, -> safe (18.8%)
frame_000722,-1.0,1.2497,35.5212,0.0893,36.9316,771,27.07, -> safe (27.1%)
frame_000723,-1.0,1.4251,45.0186,0.0816,46.5935,480,23.18, -> cash machine (23.2%)
frame_000724,-1.0,1.2415,35.3373,0.083,36.7308,480,20.59, -> cash machine (20.6%)
frame_000725,-1.0,1.4244,39.4703,0.0816,41.0453,760,25.44, -> refrigerator (25.4%)
frame_000726,-1.0,1.309,35.157,0.0818,36.6174,760,53.17, -> refrigerator (53.2%)
frame_000727,-1.0,1.2248,35.7629,0.0823,37.1379,760,39.2, -> refrigerator (39.2%)
frame_000728,-1.0,1.2919,35.6024,0.0832,37.0477,760,38.21, -> refrigerator (38.2%)
frame_000729,-1.0,1.2534,35.3886,0.0815,36.7929,760,38.98, -> refrigerator (39.0%)
frame_000730,-1.0,1.2611,36.0814,0.0817,37.4937,760,30.08, -> refrigerator (30.1%)
frame_000731,-1.0,1.5678,37.0552,0.0816,38.7727,760,40.76, -> refrigerator (40.8%)
frame_000732,-1.0,1.2433,35.487,0.0825,36.8806,760,30.21, -> refrigerator (30.2%)
frame_000733,-1.0,1.287,35.2217,0.0858,36.6646,760,43.33, -> refrigerator (43.3%)
frame_000734,-1.0,1.2767,35.786,0.0821,37.2154,760,41.09, -> refrigerator (41.1%)
frame_000735,-1.0,1.5315,39.0023,0.0801,40.6835,760,27.37, -> refrigerator (27.4%)
frame_000736,-1.0,1.2443,35.5725,0.082,36.9678,480,21.44, -> cash machine (21.4%)
frame_000737,-1.0,1.2592,36.1042,0.0874,37.5203,480,44.4, -> cash machine (44.4%)
frame_000738,-1.0,1.4019,35.4269,0.0814,36.985,480,51.11, -> cash machine (51.1%)
frame_000739,-1.0,1.3367,35.6451,0.0819,37.1376,760,56.13, -> refrigerator (56.1%)
frame_000740,-1.0,1.5711,36.0919,0.0826,37.816,760,26.39, -> refrigerator (26.4%)
frame_000741,-1.0,1.2788,35.2019,0.0814,36.6312,480,43.41, -> cash machine (43.4%)
frame_000742,-1.0,1.2496,36.0716,0.0859,37.4745,480,33.41, -> cash machine (33.4%)
frame_000743,-1.0,1.245,35.4506,0.0828,36.8475,480,45.32, -> cash machine (45.3%)
frame_000744,-1.0,1.2882,35.4483,0.0801,36.8871,760,41.91, -> refrigerator (41.9%)
frame_000745,-1.0,1.2783,35.398,0.0819,36.8282,760,32.04, -> refrigerator (32.0%)
frame_000746,-1.0,1.2686,35.3225,0.0843,36.7449,760,25.87, -> refrigerator (25.9%)
frame_000747,-1.0,1.4473,44.6626,0.0838,46.2634,760,29.05, -> refrigerator (29.1%)
frame_000748,-1.0,1.2425,35.9384,0.083,37.3346,480,30.44, -> cash machine (30.4%)
frame_000749,-1.0,1.2441,35.1462,0.0847,36.5441,760,51.09, -> refrigerator (51.1%)
frame_000750,-1.0,1.2584,35.7328,0.0819,37.1431,480,34.57, -> cash machine (34.6%)
frame_000751,-1.0,1.488,35.7649,0.0832,37.4062,713,27.31, -> photocopier (27.3%)
frame_000752,-1.0,1.2801,35.4008,0.0819,36.8318,480,23.15, -> cash machine (23.2%)
frame_000753,-1.0,1.2721,35.2999,0.0821,36.7231,480,25.87, -> cash machine (25.9%)
frame_000754,-1.0,1.2717,36.1241,0.0839,37.5506,713,25.49, -> photocopier (25.5%)
frame_000755,-1.0,1.4471,36.9312,0.0822,38.5295,713,30.53, -> photocopier (30.5%)
frame_000756,-1.0,1.2645,35.7786,0.0807,37.194,713,21.14, -> photocopier (21.1%)
frame_000757,-1.0,1.2415,35.6133,0.083,37.0084,526,18.39, -> desk (18.4%)
frame_000758,-1.0,1.2585,35.3785,0.083,36.7889,713,16.09, -> photocopier (16.1%)
frame_000759,-1.0,1.4537,38.3042,0.0822,39.9093,760,12.08, -> refrigerator (12.1%)
frame_000760,-1.0,1.2658,35.2726,0.0837,36.6911,713,14.36, -> photocopier (14.4%)
frame_000761,-1.0,1.5514,42.011,0.0846,43.7211,713,8.2, -> photocopier (8.2%)
frame_000762,-1.0,1.2997,35.2937,0.0813,36.7436,713,12.35, -> photocopier (12.4%)
frame_000763,-1.0,1.2162,35.1017,0.0825,36.4686,534,13.93, -> dishwasher (13.9%)
frame_000764,-1.0,1.3275,35.7379,0.0857,37.2223,713,22.38, -> photocopier (22.4%)
frame_000765,-1.0,1.2414,35.2914,0.0826,36.685,526,25.11, -> desk (25.1%)
frame_000766,-1.0,1.2255,35.5593,0.081,36.9362,526,15.31, -> desk (15.3%)
frame_000767,-1.0,1.2744,35.3306,0.0839,36.7594,771,12.08, -> safe (12.1%)
frame_000768,-1.0,1.525,40.1964,0.0833,41.8744,412,17.88, -> ashcan (17.9%)
frame_000769,-1.0,1.2618,36.1505,0.0868,37.568,713,19.97, -> photocopier (20.0%)
frame_000770,-1.0,1.2667,35.5815,0.0846,37.0011,713,11.36, -> photocopier (11.4%)
frame_000771,-1.0,1.3216,35.1715,0.0831,36.6441,771,23.17, -> safe (23.2%)
frame_000772,-1.0,1.3418,36.007,0.0839,37.5035,526,30.58, -> desk (30.6%)
frame_000773,-1.0,1.2523,35.1503,0.0822,36.5549,480,31.22, -> cash machine (31.2%)
frame_000774,-1.0,1.3128,35.4392,0.0831,36.9058,480,36.26, -> cash machine (36.3%)
frame_000775,-1.0,1.4612,40.1678,0.0827,41.7801,771,22.65, -> safe (22.6%)
frame_000776,-1.0,1.2527,35.0423,0.0819,36.4455,526,40.28, -> desk (40.3%)
frame_000777,-1.0,1.2347,36.5078,0.0823,37.8931,526,47.71, -> desk (47.7%)
frame_000778,-1.0,1.2378,36.3546,0.0819,37.7431,526,24.57, -> desk (24.6%)
frame_000779,-1.0,1.2296,35.0451,0.0845,36.4305,771,22.16, -> safe (22.2%)
frame_000780,-1.0,1.2524,35.3383,0.0811,36.7416,526,40.41, -> desk (40.4%)
frame_000781,-1.0,1.4566,36.106,0.0857,37.7244,526,22.19, -> desk (22.2%)
frame_000782,-1.0,1.4522,35.4898,0.0814,37.0919,480,22.54, -> cash machine (22.5%)
frame_000783,-1.0,1.4949,41.2563,0.0829,42.9041,480,19.93, -> cash machine (19.9%)
frame_000784,-1.0,1.2863,35.3245,0.0815,36.7602,480,30.16, -> cash machine (30.2%)
frame_000785,-1.0,1.2772,35.2912,0.0831,36.72,526,43.59, -> desk (43.6%)
frame_000786,-1.0,1.3042,35.2799,0.0851,36.7386,771,26.42, -> safe (26.4%)
frame_000787,-1.0,1.235,35.0378,0.0829,36.424,526,63.28, -> desk (63.3%)
frame_000788,-1.0,1.4564,36.4511,0.0849,38.0616,526,44.54, -> desk (44.5%)
frame_000789,-1.0,1.2599,35.3429,0.083,36.7543,526,39.53, -> desk (39.5%)
frame_000790,-1.0,1.2773,35.3636,0.0838,36.8006,526,29.92, -> desk (29.9%)
frame_000791,-1.0,1.3084,38.4954,0.0859,39.9596,526,57.05, -> desk (57.1%)
frame_000792,-1.0,1.2943,35.0367,0.0816,36.4815,526,51.05, -> desk (51.0%)
frame_000793,-1.0,1.5132,36.2474,0.0811,37.9102,526,43.38, -> desk (43.4%)
frame_000794,-1.0,1.2335,35.4283,0.0803,36.8115,526,48.6, -> desk (48.6%)
frame_000795,-1.0,1.2522,35.6784,0.0853,37.0869,526,67.14, -> desk (67.1%)
frame_000796,-1.0,1.2599,35.5599,0.0848,36.9756,526,47.08, -> desk (47.1%)
frame_000797,-1.0,1.5644,39.1219,0.0824,40.84,526,47.12, -> desk (47.1%)
frame_000798,-1.0,1.312,35.7884,0.0826,37.2519,526,37.2, -> desk (37.2%)
frame_000799,-1.0,1.2473,35.4676,0.084,36.8673,526,77.06, -> desk (77.1%)
frame_000800,-1.0,1.2333,35.4175,0.0813,36.7998,526,51.79, -> desk (51.8%)
frame_000801,-1.0,1.2519,35.5631,0.083,36.9675,480,25.05, -> cash machine (25.0%)
frame_000802,-1.0,1.3316,35.457,0.0845,36.9444,526,33.71, -> desk (33.7%)
frame_000803,-1.0,1.245,35.5655,0.0813,36.9621,526,48.04, -> desk (48.0%)
frame_000804,-1.0,1.8039,37.1863,0.084,39.1465,526,51.72, -> desk (51.7%)
frame_000805,-1.0,1.2711,35.6735,0.0816,37.0954,526,25.23, -> desk (25.2%)
frame_000806,-1.0,1.2734,36.1279,0.0818,37.5491,526,49.78, -> desk (49.8%)
frame_000807,-1.0,1.2738,35.8265,0.0818,37.2504,877,28.41, -> turnstile (28.4%)
frame_000808,-1.0,1.2783,35.4324,0.0823,36.8611,526,29.42, -> desk (29.4%)
frame_000809,-1.0,1.2445,35.5025,0.0848,36.9036,480,26.05, -> cash machine (26.0%)
frame_000810,-1.0,1.2829,35.8203,0.0834,37.2563,526,31.1, -> desk (31.1%)
frame_000811,-1.0,1.2532,35.1967,0.0822,36.6064,526,49.49, -> desk (49.5%)
frame_000812,-1.0,1.3077,35.2024,0.0836,36.6625,526,14.67, -> desk (14.7%)
frame_000813,-1.0,1.2257,35.374,0.0809,36.7491,480,25.79, -> cash machine (25.8%)
frame_000814,-1.0,1.4809,37.8962,0.0812,39.5334,713,18.81, -> photocopier (18.8%)
frame_000815,-1.0,1.6507,39.4849,0.0817,41.2859,771,26.59, -> safe (26.6%)
frame_000816,-1.0,1.5974,36.5381,0.0808,38.2841,771,50.03, -> safe (50.0%)
frame_000817,-1.0,1.6779,43.5921,0.0821,45.4189,771,61.49, -> safe (61.5%)
frame_000818,-1.0,1.3734,35.4958,0.0826,37.0196,771,66.04, -> safe (66.0%)
frame_000819,-1.0,1.6188,39.9407,0.0806,41.707,771,63.01, -> safe (63.0%)
frame_000820,-1.0,1.6397,45.699,0.0805,47.4867,480,54.13, -> cash machine (54.1%)
frame_000821,-1.0,1.3826,36.0034,0.0797,37.5315,771,35.19, -> safe (35.2%)
frame_000822,-1.0,1.3863,35.3375,0.0824,36.8737,771,39.87, -> safe (39.9%)
frame_000823,-1.0,1.402,35.7984,0.0844,37.3532,713,36.38, -> photocopier (36.4%)
frame_000824,-1.0,1.3077,36.0696,0.0837,37.5315,771,30.29, -> safe (30.3%)
frame_000825,-1.0,1.2972,35.2804,0.0838,36.7332,713,35.4, -> photocopier (35.4%)
frame_000826,-1.0,1.292,35.2466,0.0824,36.6912,713,25.93, -> photocopier (25.9%)
frame_000827,-1.0,1.3315,35.4901,0.0849,36.975,713,18.37, -> photocopier (18.4%)
frame_000828,-1.0,1.2968,35.3162,0.0808,36.7593,713,28.24, -> photocopier (28.2%)
frame_000829,-1.0,1.3851,36.5323,0.0818,38.0663,713,67.6, -> photocopier (67.6%)
frame_000830,-1.0,1.3278,35.3399,0.0848,36.8243,713,40.14, -> photocopier (40.1%)
frame_000831,-1.0,1.4769,35.7558,0.0801,37.3805,553,20.06, -> file (20.1%)
frame_000832,-1.0,1.2749,36.6466,0.0791,38.0682,553,25.14, -> file (25.1%)
frame_000833,-1.0,1.5052,37.9584,0.0796,39.6091,713,39.15, -> photocopier (39.1%)
frame_000834,-1.0,1.2804,35.435,0.0805,36.8628,713,54.31, -> photocopier (54.3%)
frame_000835,-1.0,1.2451,35.5928,0.0818,36.9868,713,18.32, -> photocopier (18.3%)
frame_000836,-1.0,1.2707,36.0856,0.0803,37.5095,553,56.1, -> file (56.1%)
frame_000837,-1.0,1.4509,36.4218,0.0863,38.0257,553,59.14, -> file (59.1%)
frame_000838,-1.0,1.2534,36.025,0.0795,37.425,553,39.44, -> file (39.4%)
frame_000839,-1.0,1.2564,35.6942,0.0825,37.1,760,24.46, -> refrigerator (24.5%)
frame_000840,-1.0,1.2683,35.6312,0.0809,37.0498,553,28.7, -> file (28.7%)
frame_000841,-1.0,1.3458,35.9511,0.0815,37.4474,553,30.87, -> file (30.9%)
frame_000842,-1.0,1.2706,35.604,0.0806,37.0236,760,28.59, -> refrigerator (28.6%)
frame_000843,-1.0,1.4127,35.9646,0.0846,37.5372,553,22.82, -> file (22.8%)
frame_000844,-1.0,1.2261,35.5789,0.0815,36.9557,729,29.8, -> plate rack (29.8%)
frame_000845,-1.0,1.3218,36.3493,0.0839,37.8265,713,31.17, -> photocopier (31.2%)
frame_000846,-1.0,1.2742,36.0886,0.0819,37.5152,713,17.01, -> photocopier (17.0%)
frame_000847,-1.0,1.2843,36.3216,0.0826,37.7559,606,54.55, -> iron (54.6%)
frame_000848,-1.0,1.3097,36.3554,0.0798,37.8129,606,19.56, -> iron (19.6%)
frame_000849,-1.0,1.5452,36.3626,0.0847,38.0601,606,72.8, -> iron (72.8%)
frame_000850,-1.0,1.3115,35.565,0.0803,37.0236,480,13.76, -> cash machine (13.8%)
frame_000851,-1.0,1.3093,35.5016,0.0849,36.9642,480,47.68, -> cash machine (47.7%)
frame_000852,-1.0,1.3476,35.4694,0.0815,36.9682,877,38.01, -> turnstile (38.0%)
frame_000853,-1.0,1.2348,36.0271,0.0813,37.4066,579,37.96, -> grand piano (38.0%)
frame_000854,-1.0,1.4907,40.9333,0.08,42.5725,799,25.71, -> sliding door (25.7%)
frame_000855,-1.0,1.2631,35.4408,0.0828,36.8527,423,26.96, -> barber chair (27.0%)
frame_000856,-1.0,1.3372,35.5489,0.0882,37.0434,579,65.46, -> grand piano (65.5%)
frame_000857,-1.0,1.2837,35.7964,0.0834,37.2316,423,23.07, -> barber chair (23.1%)
frame_000858,-1.0,1.2504,35.5191,0.0806,36.9202,632,14.52, -> loudspeaker (14.5%)
frame_000859,-1.0,1.4163,35.9768,0.0886,37.5498,579,31.73, -> grand piano (31.7%)
frame_000860,-1.0,1.2723,36.2888,0.0791,37.7124,579,86.2, -> grand piano (86.2%)
frame_000861,-1.0,1.2658,35.6821,0.0812,37.0954,579,81.39, -> grand piano (81.4%)
frame_000862,-1.0,1.2663,35.3135,0.0809,36.7286,579,74.52, -> grand piano (74.5%)
frame_000863,-1.0,1.3364,35.5258,0.0838,37.0143,579,43.28, -> grand piano (43.3%)
frame_000864,-1.0,1.2349,36.0931,0.0822,37.479,526,22.84, -> desk (22.8%)
frame_000865,-1.0,1.2469,35.3739,0.0858,36.7748,526,30.4, -> desk (30.4%)
frame_000866,-1.0,1.2671,35.793,0.0809,37.2098,526,44.14, -> desk (44.1%)
frame_000867,-1.0,1.4846,38.4378,0.0819,40.0789,579,22.94, -> grand piano (22.9%)
frame_000868,-1.0,1.2609,35.1508,0.081,36.5613,526,15.25, -> desk (15.3%)
frame_000869,-1.0,1.4149,36.0703,0.0821,37.6346,877,25.73, -> turnstile (25.7%)
frame_000870,-1.0,1.263,35.2326,0.0802,36.6455,526,43.36, -> desk (43.4%)
frame_000871,-1.0,1.2711,35.4587,0.0816,36.8839,526,43.84, -> desk (43.8%)
frame_000872,-1.0,1.3068,35.1085,0.0807,36.5642,526,45.74, -> desk (45.7%)
frame_000873,-1.0,1.3333,35.9155,0.0814,37.3993,526,52.52, -> desk (52.5%)
frame_000874,-1.0,1.3174,35.7912,0.0834,37.2583,526,48.99, -> desk (49.0%)
frame_000875,-1.0,1.2954,35.4189,0.086,36.8677,526,25.19, -> desk (25.2%)
frame_000876,-1.0,1.4886,38.0282,0.0809,39.6648,526,35.06, -> desk (35.1%)
frame_000877,-1.0,1.5227,36.5188,0.0795,38.188,526,44.36, -> desk (44.4%)
frame_000878,-1.0,1.4538,40.7091,0.082,42.3115,526,27.32, -> desk (27.3%)
frame_000879,-1.0,1.2807,35.3705,0.0813,36.801,526,28.86, -> desk (28.9%)
frame_000880,-1.0,1.3683,35.6483,0.0829,37.168,526,17.25, -> desk (17.2%)
frame_000881,-1.0,1.3151,35.9697,0.0817,37.4378,553,20.47, -> file (20.5%)
frame_000882,-1.0,1.4678,36.293,0.0927,37.9272,553,28.31, -> file (28.3%)
frame_000883,-1.0,1.5254,35.5489,0.0807,37.2232,553,24.82, -> file (24.8%)
frame_000884,-1.0,1.5118,38.9398,0.0813,40.6016,526,36.45, -> desk (36.4%)
frame_000885,-1.0,1.2784,36.0721,0.0808,37.4975,526,27.12, -> desk (27.1%)
frame_000886,-1.0,1.3499,35.9621,0.0786,37.4569,526,33.41, -> desk (33.4%)
frame_000887,-1.0,1.3099,38.4714,0.0814,39.9309,877,42.56, -> turnstile (42.6%)
frame_000888,-1.0,1.2636,36.5812,0.082,37.9957,526,16.31, -> desk (16.3%)
frame_000889,-1.0,1.2493,35.7097,0.0822,37.1093,830,14.37, -> stretcher (14.4%)
frame_000890,-1.0,1.2987,35.5737,0.0816,37.023,877,14.32, -> turnstile (14.3%)
frame_000891,-1.0,1.3236,36.0319,0.0813,37.5051,423,30.54, -> barber chair (30.5%)
frame_000892,-1.0,1.2702,35.602,0.0826,37.0268,423,70.87, -> barber chair (70.9%)
frame_000893,-1.0,1.3712,37.3923,0.0844,38.9168,423,52.41, -> barber chair (52.4%)
frame_000894,-1.0,1.2405,36.322,0.0813,37.7115,526,31.94, -> desk (31.9%)
frame_000895,-1.0,1.237,36.0894,0.0806,37.4757,526,22.1, -> desk (22.1%)
frame_000896,-1.0,1.3368,35.4098,0.0827,36.8975,526,51.0, -> desk (51.0%)
frame_000897,-1.0,1.3009,35.8727,0.0813,37.3219,526,68.48, -> desk (68.5%)
frame_000898,-1.0,1.2813,35.9325,0.0826,37.3658,526,74.08, -> desk (74.1%)
frame_000899,-1.0,1.3055,36.558,0.0838,38.0167,526,76.86, -> desk (76.9%)
frame_000900,-1.0,1.3905,35.8777,0.0838,37.4237,526,75.79, -> desk (75.8%)
frame_000901,-1.0,1.3148,36.8436,0.083,38.3111,526,63.58, -> desk (63.6%)
frame_000902,-1.0,1.2658,36.2508,0.0828,37.6688,526,70.36, -> desk (70.4%)
frame_000903,-1.0,1.3576,35.8924,0.0824,37.401,526,34.93, -> desk (34.9%)
frame_000904,-1.0,1.3006,35.6705,0.0798,37.12,423,21.81, -> barber chair (21.8%)
frame_000905,-1.0,1.4385,36.8849,0.0828,38.4742,526,16.25, -> desk (16.3%)
frame_000906,-1.0,1.2153,35.4379,0.0829,36.8037,526,25.95, -> desk (25.9%)
frame_000907,-1.0,1.5395,38.8347,0.081,40.5223,526,28.98, -> desk (29.0%)
frame_000908,-1.0,1.4524,39.2162,0.0824,40.8176,526,15.42, -> desk (15.4%)
frame_000909,-1.0,1.4423,41.0131,0.0821,42.6052,526,30.75, -> desk (30.7%)
frame_000910,-1.0,1.2535,35.9394,0.0817,37.3488,526,44.82, -> desk (44.8%)
frame_000911,-1.0,1.3404,35.9351,0.0837,37.4286,526,46.84, -> desk (46.8%)
frame_000912,-1.0,1.2252,35.709,0.0825,37.0862,526,27.53, -> desk (27.5%)
frame_000913,-1.0,1.2202,35.6491,0.0818,37.0185,526,17.86, -> desk (17.9%)
frame_000914,-1.0,1.2652,36.0521,0.0849,37.4703,526,18.78, -> desk (18.8%)
frame_000915,-1.0,1.3727,36.7843,0.0823,38.309,526,16.99, -> desk (17.0%)
frame_000916,-1.0,1.2491,36.0076,0.0824,37.4076,526,64.85, -> desk (64.9%)
frame_000917,-1.0,1.2474,35.4779,0.0791,36.8723,526,76.03, -> desk (76.0%)
frame_000918,-1.0,1.2322,35.3094,0.0868,36.6981,526,55.24, -> desk (55.2%)
frame_000919,-1.0,1.2635,36.067,0.08,37.4793,526,54.18, -> desk (54.2%)
frame_000920,-1.0,1.3747,35.785,0.0821,37.3135,526,49.55, -> desk (49.6%)
frame_000921,-1.0,1.3147,36.7129,0.0836,38.1805,526,36.77, -> desk (36.8%)
frame_000922,-1.0,1.2475,36.0801,0.0803,37.4765,526,18.83, -> desk (18.8%)
frame_000923,-1.0,1.2658,36.2919,0.082,37.7145,526,34.32, -> desk (34.3%)
frame_000924,-1.0,1.2993,35.4025,0.0843,36.8553,526,62.71, -> desk (62.7%)
frame_000925,-1.0,1.2461,36.3563,0.0799,37.7492,526,54.85, -> desk (54.8%)
frame_000926,-1.0,1.2887,35.401,0.0824,36.8459,526,52.91, -> desk (52.9%)
frame_000927,-1.0,1.2759,35.5876,0.0812,37.0172,526,62.3, -> desk (62.3%)
frame_000928,-1.0,1.1874,35.3195,0.0873,36.6631,526,41.06, -> desk (41.1%)
frame_000929,-1.0,1.2535,36.1652,0.0838,37.5728,851,14.28, -> television (14.3%)
frame_000930,-1.0,1.2593,35.6239,0.0842,37.0366,526,46.94, -> desk (46.9%)
frame_000931,-1.0,1.1852,36.4239,0.0826,37.7589,526,38.84, -> desk (38.8%)
frame_000932,-1.0,1.2086,35.9954,0.0831,37.3559,526,55.53, -> desk (55.5%)
frame_000933,-1.0,1.2307,35.5745,0.0807,36.9541,526,62.27, -> desk (62.3%)
frame_000934,-1.0,1.2673,35.9613,0.0799,37.3789,526,53.59, -> desk (53.6%)
frame_000935,-1.0,1.304,35.5179,0.0875,36.9783,526,37.68, -> desk (37.7%)
frame_000936,-1.0,1.4079,36.4304,0.0905,37.9981,882,24.63, -> vacuum (24.6%)
frame_000937,-1.0,1.2818,35.7422,0.0822,37.1756,882,49.8, -> vacuum (49.8%)
frame_000938,-1.0,1.2731,36.8435,0.0834,38.2692,882,28.91, -> vacuum (28.9%)
frame_000939,-1.0,1.3229,37.2162,0.083,38.693,526,20.03, -> desk (20.0%)
frame_000940,-1.0,1.27,35.6928,0.0818,37.1137,526,27.9, -> desk (27.9%)
frame_000941,-1.0,1.2871,36.4337,0.0843,37.8804,882,32.16, -> vacuum (32.2%)
frame_000942,-1.0,1.2688,36.3115,0.0814,37.731,526,27.01, -> desk (27.0%)
frame_000943,-1.0,1.2834,35.9456,0.0834,37.3815,830,20.3, -> stretcher (20.3%)
frame_000944,-1.0,1.2785,36.0553,0.085,37.4888,882,29.95, -> vacuum (30.0%)
frame_000945,-1.0,1.2917,36.0773,0.0793,37.5167,526,17.54, -> desk (17.5%)
frame_000946,-1.0,1.2781,35.644,0.0829,37.0797,526,20.03, -> desk (20.0%)
frame_000947,-1.0,1.2917,35.6091,0.0815,37.0496,882,34.77, -> vacuum (34.8%)
frame_000948,-1.0,1.2815,36.1105,0.082,37.541,526,35.27, -> desk (35.3%)
frame_000949,-1.0,1.2568,36.1128,0.0809,37.5233,526,51.73, -> desk (51.7%)
frame_000950,-1.0,1.2541,35.5432,0.0816,36.9461,526,67.44, -> desk (67.4%)
frame_000951,-1.0,1.447,40.1073,0.082,41.7037,526,71.43, -> desk (71.4%)
frame_000952,-1.0,1.2525,35.4394,0.0794,36.8394,526,28.02, -> desk (28.0%)
frame_000953,-1.0,1.2728,35.8957,0.0819,37.32,526,51.15, -> desk (51.1%)
frame_000954,-1.0,1.3257,36.2567,0.0837,37.7391,526,39.0, -> desk (39.0%)
frame_000955,-1.0,1.2644,35.5664,0.0832,36.9831,526,41.46, -> desk (41.5%)
frame_000956,-1.0,1.3109,36.377,0.0824,37.8386,526,22.64, -> desk (22.6%)
frame_000957,-1.0,1.2511,35.7752,0.0828,37.1771,526,13.68, -> desk (13.7%)
frame_000958,-1.0,1.2456,35.9612,0.0805,37.3592,882,14.52, -> vacuum (14.5%)
frame_000959,-1.0,1.5979,37.0044,0.0825,38.7524,894,27.4, -> wardrobe (27.4%)
frame_000960,-1.0,1.2598,35.6503,0.0834,37.0611,882,12.76, -> vacuum (12.8%)
frame_000961,-1.0,1.2878,35.6656,0.0826,37.1047,830,13.22, -> stretcher (13.2%)
frame_000962,-1.0,1.5641,36.4685,0.0815,38.1842,830,19.08, -> stretcher (19.1%)
frame_000963,-1.0,1.2578,35.8138,0.0826,37.2223,830,19.7, -> stretcher (19.7%)
frame_000964,-1.0,1.2612,35.9353,0.0814,37.3445,830,7.36, -> stretcher (7.4%)
frame_000965,-1.0,1.2678,36.2226,0.0855,37.6429,851,24.11, -> television (24.1%)
frame_000966,-1.0,1.4019,35.9845,0.0829,37.5352,624,14.56, -> library (14.6%)
frame_000967,-1.0,1.4811,40.5068,0.0806,42.1376,894,8.82, -> wardrobe (8.8%)
frame_000968,-1.0,1.21,35.5136,0.082,36.8717,882,14.39, -> vacuum (14.4%)
frame_000969,-1.0,1.3575,35.5127,0.0861,37.0203,894,21.66, -> wardrobe (21.7%)
frame_000970,-1.0,1.2604,35.8135,0.0826,37.2258,882,53.49, -> vacuum (53.5%)
frame_000971,-1.0,1.2401,35.4044,0.0858,36.8004,579,43.61, -> grand piano (43.6%)
frame_000972,-1.0,1.2608,37.3251,0.0802,38.7404,579,81.24, -> grand piano (81.2%)
frame_000973,-1.0,1.3008,35.52,0.0806,36.9736,579,87.52, -> grand piano (87.5%)
frame_000974,-1.0,1.2667,35.3803,0.0824,36.797,579,69.89, -> grand piano (69.9%)
frame_000975,-1.0,1.265,35.423,0.0814,36.8367,579,75.49, -> grand piano (75.5%)
frame_000976,-1.0,1.2743,35.9649,0.0833,37.3973,579,85.74, -> grand piano (85.7%)
frame_000977,-1.0,1.3026,35.4608,0.0861,36.9188,579,93.75, -> grand piano (93.8%)
frame_000978,-1.0,1.2557,36.322,0.0815,37.7257,579,89.7, -> grand piano (89.7%)
frame_000979,-1.0,1.2932,36.2696,0.0822,37.7155,579,87.54, -> grand piano (87.5%)
frame_000980,-1.0,1.2411,35.7485,0.0823,37.1403,579,61.1, -> grand piano (61.1%)
frame_000981,-1.0,1.3084,36.4258,0.0832,37.8833,579,37.25, -> grand piano (37.3%)
frame_000982,-1.0,1.2804,36.0107,0.0826,37.4412,579,42.09, -> grand piano (42.1%)
frame_000983,-1.0,1.3607,35.3151,0.0864,36.8362,579,28.07, -> grand piano (28.1%)
frame_000984,-1.0,1.2943,35.6504,0.0841,37.0974,543,8.84, -> dumbbell (8.8%)
frame_000985,-1.0,1.2826,35.1712,0.0819,36.6049,579,16.9, -> grand piano (16.9%)
frame_000986,-1.0,1.2792,35.821,0.0836,37.2518,526,29.68, -> desk (29.7%)
frame_000987,-1.0,1.2994,35.3533,0.0829,36.8063,579,18.49, -> grand piano (18.5%)
frame_000988,-1.0,1.2662,35.4881,0.0836,36.9052,526,19.23, -> desk (19.2%)
frame_000989,-1.0,1.2652,35.3519,0.0804,36.7658,526,14.61, -> desk (14.6%)
frame_000990,-1.0,1.2577,35.1612,0.0823,36.5688,830,11.38, -> stretcher (11.4%)
frame_000991,-1.0,1.3225,35.4503,0.0825,36.9257,526,10.22, -> desk (10.2%)
frame_000992,-1.0,1.321,35.956,0.0839,37.4308,526,21.06, -> desk (21.1%)
frame_000993,-1.0,1.2509,35.3676,0.083,36.7699,526,39.04, -> desk (39.0%)
frame_000994,-1.0,1.2918,36.132,0.0835,37.575,526,26.56, -> desk (26.6%)
frame_000995,-1.0,1.2943,35.163,0.0851,36.6134,526,28.18, -> desk (28.2%)
frame_000996,-1.0,1.4063,36.4155,0.08,37.9714,526,40.82, -> desk (40.8%)
frame_000997,-1.0,1.2972,35.5804,0.0879,37.0327,526,49.79, -> desk (49.8%)
frame_000998,-1.0,1.2344,35.4162,0.0823,36.8003,517,15.72, -> crane (15.7%)
frame_000999,-1.0,1.2853,35.0722,0.0855,36.5124,526,52.01, -> desk (52.0%)
frame_001000,-1.0,1.3391,35.3779,0.0828,36.8679,526,39.07, -> desk (39.1%)
frame_001001,-1.0,1.2212,35.6954,0.0828,37.0688,579,24.6, -> grand piano (24.6%)
frame_001002,-1.0,1.5358,36.1553,0.0838,37.8445,526,39.26, -> desk (39.3%)
frame_001003,-1.0,1.5122,36.3678,0.0917,38.0431,526,54.86, -> desk (54.9%)
frame_001004,-1.0,1.3202,37.2671,0.0816,38.7378,526,69.13, -> desk (69.1%)
frame_001005,-1.0,1.3434,35.6123,0.0864,37.1181,579,15.39, -> grand piano (15.4%)
frame_001006,-1.0,1.2399,35.2317,0.0821,36.6228,526,13.91, -> desk (13.9%)
frame_001007,-1.0,1.5334,35.6309,0.084,37.317,526,21.12, -> desk (21.1%)
frame_001008,-1.0,1.346,35.4212,0.0822,36.9192,579,9.89, -> grand piano (9.9%)
frame_001009,-1.0,1.2605,35.2314,0.0827,36.6435,526,10.89, -> desk (10.9%)
frame_001010,-1.0,1.2737,35.2328,0.084,36.6619,526,18.02, -> desk (18.0%)
frame_001011,-1.0,1.3015,36.6201,0.081,38.0704,526,20.19, -> desk (20.2%)
frame_001012,-1.0,1.2695,35.1659,0.0841,36.5905,579,9.73, -> grand piano (9.7%)
frame_001013,-1.0,1.2949,35.1781,0.0818,36.6229,526,23.96, -> desk (24.0%)
frame_001014,-1.0,1.4823,36.3453,0.0832,37.978,526,43.2, -> desk (43.2%)
frame_001015,-1.0,1.2372,35.7688,0.0838,37.1593,526,13.37, -> desk (13.4%)
frame_001016,-1.0,1.3992,35.4151,0.0816,36.9659,526,19.96, -> desk (20.0%)
frame_001017,-1.0,1.2856,35.442,0.0877,36.8836,526,20.38, -> desk (20.4%)
frame_001018,-1.0,1.2771,35.5736,0.0824,37.0038,526,33.69, -> desk (33.7%)
frame_001019,-1.0,1.2863,35.6092,0.0819,37.0502,526,23.12, -> desk (23.1%)
frame_001020,-1.0,1.3703,36.0014,0.0826,37.5234,579,22.75, -> grand piano (22.7%)
frame_001021,-1.0,1.2845,35.9503,0.087,37.3914,579,19.76, -> grand piano (19.8%)
frame_001022,-1.0,1.311,35.0018,0.0824,36.4652,579,39.46, -> grand piano (39.5%)
frame_001023,-1.0,1.2451,35.7618,0.0861,37.1631,526,30.4, -> desk (30.4%)
frame_001024,-1.0,1.2619,34.9897,0.0825,36.4022,526,41.72, -> desk (41.7%)
frame_001025,-1.0,1.2623,35.0325,0.0822,36.4465,579,36.94, -> grand piano (36.9%)
frame_001026,-1.0,1.3345,35.5529,0.0829,37.0389,579,37.82, -> grand piano (37.8%)
frame_001027,-1.0,1.2861,35.8733,0.0826,37.3111,526,15.66, -> desk (15.7%)
frame_001028,-1.0,1.2246,35.0963,0.082,36.4714,526,18.78, -> desk (18.8%)
frame_001029,-1.0,1.2631,35.1663,0.0826,36.5854,579,15.14, -> grand piano (15.1%)
frame_001030,-1.0,1.2706,35.3394,0.0834,36.7621,526,23.72, -> desk (23.7%)
frame_001031,-1.0,1.4044,36.5555,0.0823,38.116,526,20.01, -> desk (20.0%)
frame_001032,-1.0,1.3092,35.2012,0.0833,36.6611,579,42.23, -> grand piano (42.2%)
frame_001033,-1.0,1.6992,37.0625,0.083,38.9126,579,29.77, -> grand piano (29.8%)
frame_001034,-1.0,1.3241,35.2378,0.0824,36.7129,579,12.2, -> grand piano (12.2%)
frame_001035,-1.0,1.3384,35.2167,0.0832,36.7064,830,8.86, -> stretcher (8.9%)
frame_001036,-1.0,1.2817,35.3106,0.0871,36.7502,579,27.32, -> grand piano (27.3%)
frame_001037,-1.0,1.487,39.3427,0.0811,40.9771,526,11.63, -> desk (11.6%)
frame_001038,-1.0,1.5221,43.1166,0.083,44.7894,526,17.64, -> desk (17.6%)
frame_001039,-1.0,1.3205,35.1742,0.0811,36.6439,579,53.49, -> grand piano (53.5%)
frame_001040,-1.0,1.4058,35.199,0.0887,36.7616,579,25.19, -> grand piano (25.2%)
frame_001041,-1.0,1.3192,35.629,0.0825,37.0994,579,19.4, -> grand piano (19.4%)
frame_001042,-1.0,1.2554,35.1892,0.0837,36.6024,579,11.18, -> grand piano (11.2%)
frame_001043,-1.0,1.4489,36.6009,0.0833,38.2046,526,15.94, -> desk (15.9%)
frame_001044,-1.0,1.4025,35.6865,0.0839,37.2403,526,26.63, -> desk (26.6%)
frame_001045,-1.0,1.2077,34.9313,0.0819,36.2905,526,27.18, -> desk (27.2%)
frame_001046,-1.0,1.3112,35.7984,0.085,37.2637,579,21.81, -> grand piano (21.8%)
frame_001047,-1.0,1.6162,36.1334,0.0834,37.9027,579,20.43, -> grand piano (20.4%)
frame_001048,-1.0,1.2218,35.0946,0.0817,36.468,579,15.36, -> grand piano (15.4%)
frame_001049,-1.0,1.2506,35.841,0.0834,37.245,579,21.37, -> grand piano (21.4%)
frame_001050,-1.0,1.4966,38.9723,0.0817,40.6192,579,31.89, -> grand piano (31.9%)
frame_001051,-1.0,1.2995,35.3764,0.0844,36.8311,579,19.17, -> grand piano (19.2%)
frame_001052,-1.0,1.2227,35.1262,0.0875,36.5041,579,26.39, -> grand piano (26.4%)
frame_001053,-1.0,1.3,35.5689,0.0837,37.0212,579,22.74, -> grand piano (22.7%)
frame_001054,-1.0,1.2562,35.4392,0.0828,36.8508,579,47.19, -> grand piano (47.2%)
frame_001055,-1.0,1.3948,35.5317,0.0829,37.0784,579,21.49, -> grand piano (21.5%)
frame_001056,-1.0,1.2268,35.2653,0.082,36.6438,526,15.29, -> desk (15.3%)
frame_001057,-1.0,1.2078,35.5806,0.0864,36.9436,579,50.07, -> grand piano (50.1%)
frame_001058,-1.0,1.3265,36.6952,0.0874,38.1754,579,27.97, -> grand piano (28.0%)
frame_001059,-1.0,1.2722,35.0038,0.0817,36.4311,526,55.46, -> desk (55.5%)
frame_001060,-1.0,1.473,35.7201,0.0842,37.3466,526,20.95, -> desk (21.0%)
frame_001061,-1.0,1.5581,36.1365,0.0852,37.852,526,35.39, -> desk (35.4%)
frame_001062,-1.0,1.2382,35.086,0.0838,36.4783,579,46.63, -> grand piano (46.6%)
frame_001063,-1.0,1.3076,35.9151,0.0818,37.3729,579,17.94, -> grand piano (17.9%)
frame_001064,-1.0,1.3056,36.0704,0.0814,37.5264,526,40.19, -> desk (40.2%)
frame_001065,-1.0,1.2693,35.0073,0.0814,36.4265,526,34.81, -> desk (34.8%)
frame_001066,-1.0,1.3999,36.0796,0.0863,37.6349,526,52.93, -> desk (52.9%)
frame_001067,-1.0,1.29,35.1552,0.0824,36.5959,579,15.19, -> grand piano (15.2%)
frame_001068,-1.0,1.2871,35.6698,0.0812,37.1072,526,17.66, -> desk (17.7%)
frame_001069,-1.0,1.2526,35.2689,0.0832,36.6741,579,53.62, -> grand piano (53.6%)
frame_001070,-1.0,1.3093,35.3594,0.0811,36.8179,579,69.81, -> grand piano (69.8%)
frame_001071,-1.0,1.5794,36.3646,0.0864,38.0983,579,29.12, -> grand piano (29.1%)
frame_001072,-1.0,1.2747,35.3752,0.0819,36.8006,526,17.93, -> desk (17.9%)
frame_001073,-1.0,1.3033,35.2486,0.0819,36.7032,579,29.86, -> grand piano (29.9%)
frame_001074,-1.0,1.4878,42.0113,0.082,43.6506,579,48.76, -> grand piano (48.8%)
frame_001075,-1.0,1.266,35.04,0.0814,36.4609,579,23.41, -> grand piano (23.4%)
frame_001076,-1.0,1.2821,35.3552,0.0897,36.7976,526,28.07, -> desk (28.1%)
frame_001077,-1.0,1.3795,35.8153,0.0841,37.3516,579,43.01, -> grand piano (43.0%)
frame_001078,-1.0,1.2822,35.0106,0.0819,36.4445,526,40.47, -> desk (40.5%)
frame_001079,-1.0,1.3032,35.3823,0.0824,36.8367,526,56.16, -> desk (56.2%)
frame_001080,-1.0,1.2465,35.5075,0.0836,36.9064,579,33.15, -> grand piano (33.1%)
frame_001081,-1.0,1.266,35.2345,0.0828,36.6524,579,31.59, -> grand piano (31.6%)
frame_001082,-1.0,1.2807,35.6536,0.0826,37.0852,526,16.91, -> desk (16.9%)
frame_001083,-1.0,1.2267,35.137,0.0831,36.5207,579,34.41, -> grand piano (34.4%)
frame_001084,-1.0,1.4472,41.0439,0.0815,42.6416,579,21.73, -> grand piano (21.7%)
frame_001085,-1.0,1.2929,35.6775,0.0841,37.1243,526,49.83, -> desk (49.8%)
frame_001086,-1.0,1.42,35.7672,0.0818,37.3377,526,47.8, -> desk (47.8%)
frame_001087,-1.0,1.2892,35.3557,0.0877,36.802,526,16.59, -> desk (16.6%)
frame_001088,-1.0,1.2704,35.5373,0.0832,36.96,526,60.49, -> desk (60.5%)
frame_001089,-1.0,1.2916,36.0135,0.0823,37.4561,526,32.72, -> desk (32.7%)
frame_001090,-1.0,1.2988,35.329,0.0831,36.78,526,37.95, -> desk (37.9%)
frame_001091,-1.0,1.2835,35.5183,0.0822,36.9509,526,28.81, -> desk (28.8%)
frame_001092,-1.0,1.294,35.101,0.0826,36.5451,526,30.11, -> desk (30.1%)
frame_001093,-1.0,1.2996,36.6744,0.0835,38.1251,526,60.35, -> desk (60.4%)
frame_001094,-1.0,1.3218,35.0977,0.0809,36.5681,526,43.78, -> desk (43.8%)
frame_001095,-1.0,1.3925,36.4474,0.0875,37.9952,526,70.06, -> desk (70.1%)
frame_001096,-1.0,1.4695,39.2526,0.0835,40.8748,526,49.17, -> desk (49.2%)
frame_001097,-1.0,1.3341,35.1498,0.0851,36.6391,526,38.36, -> desk (38.4%)
frame_001098,-1.0,1.303,38.76,0.0826,40.2131,526,51.16, -> desk (51.2%)
frame_001099,-1.0,1.2973,35.4633,0.0858,36.9169,526,63.79, -> desk (63.8%)
frame_001100,-1.0,1.3315,35.7952,0.0864,37.2801,526,63.16, -> desk (63.2%)
frame_001101,-1.0,1.3165,35.1263,0.0804,36.5923,526,53.39, -> desk (53.4%)
frame_001102,-1.0,1.3165,35.3416,0.0837,36.8106,526,53.93, -> desk (53.9%)
frame_001103,-1.0,1.2841,35.0941,0.0835,36.5345,526,52.36, -> desk (52.4%)
frame_001104,-1.0,1.7053,37.5355,0.0822,39.3926,526,42.1, -> desk (42.1%)
frame_001105,-1.0,1.2804,35.2642,0.0815,36.6948,526,34.15, -> desk (34.2%)
frame_001106,-1.0,1.2625,34.8532,0.0823,36.2677,422,19.5, -> barbell (19.5%)
frame_001107,-1.0,1.2702,35.1837,0.0822,36.6056,526,20.15, -> desk (20.1%)
frame_001108,-1.0,1.2524,35.3273,0.0838,36.7337,422,26.76, -> barbell (26.8%)
frame_001109,-1.0,1.3753,35.128,0.0858,36.6605,422,19.63, -> barbell (19.6%)
frame_001110,-1.0,1.3052,35.4801,0.0838,36.9408,422,18.59, -> barbell (18.6%)
frame_001111,-1.0,1.2871,35.4477,0.0842,36.8885,526,37.42, -> desk (37.4%)
frame_001112,-1.0,1.2626,35.4739,0.0825,36.8868,526,60.27, -> desk (60.3%)
frame_001113,-1.0,1.272,35.5179,0.0826,36.941,526,62.66, -> desk (62.7%)
frame_001114,-1.0,1.283,35.2096,0.0819,36.6423,526,35.35, -> desk (35.4%)
frame_001115,-1.0,1.2964,34.7362,0.083,36.1845,526,36.3, -> desk (36.3%)
frame_001116,-1.0,1.2245,35.2337,0.0822,36.6104,526,13.39, -> desk (13.4%)
frame_001117,-1.0,1.2907,34.8498,0.0806,36.29,422,22.27, -> barbell (22.3%)
frame_001118,-1.0,1.3249,34.9824,0.0867,36.4625,526,37.48, -> desk (37.5%)
frame_001119,-1.0,1.3007,36.1726,0.0877,37.6309,579,25.72, -> grand piano (25.7%)
frame_001120,-1.0,1.2697,35.0935,0.0818,36.5123,579,23.38, -> grand piano (23.4%)
frame_001121,-1.0,1.3104,35.6278,0.0847,37.0923,526,23.45, -> desk (23.5%)
frame_001122,-1.0,1.4452,35.9601,0.0804,37.555,526,40.72, -> desk (40.7%)
frame_001123,-1.0,1.2758,35.0044,0.0846,36.4327,526,46.7, -> desk (46.7%)
frame_001124,-1.0,1.235,35.32,0.0819,36.7064,526,56.22, -> desk (56.2%)
frame_001125,-1.0,1.3963,35.6015,0.0833,37.1485,579,30.5, -> grand piano (30.5%)
frame_001126,-1.0,1.3109,37.4435,0.0819,38.9068,579,11.93, -> grand piano (11.9%)
frame_001127,-1.0,1.2593,35.3961,0.0838,36.8081,579,29.9, -> grand piano (29.9%)
frame_001128,-1.0,1.2814,35.1289,0.0871,36.5664,526,35.24, -> desk (35.2%)
frame_001129,-1.0,1.4835,36.0772,0.0819,37.7095,526,54.75, -> desk (54.7%)
frame_001130,-1.0,1.2922,35.1278,0.083,36.5709,526,32.02, -> desk (32.0%)
frame_001131,-1.0,1.3593,35.5127,0.0863,37.0269,579,29.55, -> grand piano (29.5%)
frame_001132,-1.0,1.3371,35.5,0.0837,36.9894,579,55.63, -> grand piano (55.6%)
frame_001133,-1.0,1.5524,36.3399,0.0835,38.0443,526,20.71, -> desk (20.7%)
frame_001134,-1.0,1.2757,36.4566,0.0813,37.8823,526,14.38, -> desk (14.4%)
frame_001135,-1.0,1.2871,35.2788,0.0839,36.7176,526,44.46, -> desk (44.5%)
frame_001136,-1.0,1.4879,39.6947,0.0815,41.3308,526,47.05, -> desk (47.0%)
frame_001137,-1.0,1.5273,36.3627,0.0902,38.05,550,22.17, -> espresso maker (22.2%)
frame_001138,-1.0,1.2147,35.064,0.0827,36.435,526,21.81, -> desk (21.8%)
frame_001139,-1.0,1.2965,35.4426,0.0848,36.8931,550,48.85, -> espresso maker (48.8%)
frame_001140,-1.0,1.2622,35.8401,0.0844,37.2565,550,24.64, -> espresso maker (24.6%)
frame_001141,-1.0,1.3357,36.1554,0.0816,37.6405,550,50.6, -> espresso maker (50.6%)
frame_001142,-1.0,1.4435,37.0413,0.0845,38.638,423,20.35, -> barber chair (20.4%)
frame_001143,-1.0,1.2936,35.5818,0.0812,37.0235,526,31.71, -> desk (31.7%)
frame_001144,-1.0,1.2526,35.2642,0.0872,36.6726,526,26.19, -> desk (26.2%)
frame_001145,-1.0,1.2988,35.0235,0.0819,36.4719,550,27.94, -> espresso maker (27.9%)
frame_001146,-1.0,1.3069,36.1283,0.0892,37.5938,526,38.69, -> desk (38.7%)
frame_001147,-1.0,1.2987,35.2795,0.0836,36.7332,526,49.92, -> desk (49.9%)
frame_001148,-1.0,1.2946,35.4216,0.0806,36.8647,830,33.19, -> stretcher (33.2%)
frame_001149,-1.0,1.2741,35.8881,0.083,37.3144,526,43.32, -> desk (43.3%)
frame_001150,-1.0,1.2483,35.5505,0.0831,36.9524,526,58.61, -> desk (58.6%)
frame_001151,-1.0,1.3374,35.4457,0.0828,36.9354,526,41.36, -> desk (41.4%)
frame_001152,-1.0,1.2332,35.7066,0.0847,37.0979,526,31.12, -> desk (31.1%)
frame_001153,-1.0,1.2628,35.1479,0.0891,36.571,526,49.36, -> desk (49.4%)
frame_001154,-1.0,1.5313,41.1838,0.0848,42.8702,526,16.48, -> desk (16.5%)
frame_001155,-1.0,1.3449,35.231,0.0833,36.7292,526,37.32, -> desk (37.3%)
frame_001156,-1.0,1.3692,36.2631,0.0823,37.7859,526,36.42, -> desk (36.4%)
frame_001157,-1.0,1.2967,35.8042,0.083,37.2556,526,18.38, -> desk (18.4%)
frame_001158,-1.0,1.3967,35.6621,0.0835,37.2125,894,41.47, -> wardrobe (41.5%)
frame_001159,-1.0,1.2422,36.1324,0.084,37.5275,526,31.68, -> desk (31.7%)
frame_001160,-1.0,1.2844,34.9272,0.0832,36.3635,894,25.09, -> wardrobe (25.1%)
frame_001161,-1.0,1.2932,35.7732,0.0831,37.2193,526,43.36, -> desk (43.4%)
frame_001162,-1.0,1.2889,36.2501,0.0813,37.6901,526,22.74, -> desk (22.7%)
frame_001163,-1.0,1.2109,35.151,0.0825,36.5131,526,36.05, -> desk (36.1%)
frame_001164,-1.0,1.4601,36.118,0.0825,37.7288,894,26.6, -> wardrobe (26.6%)
frame_001165,-1.0,1.2559,34.9548,0.0826,36.3643,894,51.79, -> wardrobe (51.8%)
frame_001166,-1.0,1.4646,38.2855,0.0821,39.9007,526,37.98, -> desk (38.0%)
frame_001167,-1.0,1.2929,35.1837,0.0817,36.6254,894,29.08, -> wardrobe (29.1%)
frame_001168,-1.0,1.5205,36.1203,0.0832,37.7922,894,37.29, -> wardrobe (37.3%)
frame_001169,-1.0,1.3039,35.1699,0.0826,36.6261,894,41.15, -> wardrobe (41.1%)
frame_001170,-1.0,1.3519,35.6109,0.0854,37.1186,423,28.41, -> barber chair (28.4%)
frame_001171,-1.0,1.4617,36.1457,0.0823,37.7635,894,31.75, -> wardrobe (31.7%)
frame_001172,-1.0,1.2952,35.2734,0.0842,36.7215,526,28.66, -> desk (28.7%)
frame_001173,-1.0,1.2552,35.6485,0.0803,37.054,423,27.94, -> barber chair (27.9%)
frame_001174,-1.0,1.4278,35.1358,0.0807,36.7122,423,24.76, -> barber chair (24.8%)
frame_001175,-1.0,1.4023,34.9552,0.0812,36.5074,894,33.26, -> wardrobe (33.3%)
frame_001176,-1.0,1.2396,34.9988,0.0817,36.3956,423,23.8, -> barber chair (23.8%)
frame_001177,-1.0,1.3426,35.4277,0.0817,36.9203,894,21.93, -> wardrobe (21.9%)
frame_001178,-1.0,1.3329,36.1876,0.0844,37.6747,894,39.35, -> wardrobe (39.3%)
frame_001179,-1.0,1.5086,36.3677,0.0826,38.0337,894,28.28, -> wardrobe (28.3%)
frame_001180,-1.0,1.304,34.9043,0.0844,36.361,894,51.35, -> wardrobe (51.3%)
frame_001181,-1.0,1.2581,35.6631,0.0847,37.077,894,47.62, -> wardrobe (47.6%)
frame_001182,-1.0,1.2931,35.4845,0.091,36.9388,894,28.4, -> wardrobe (28.4%)
frame_001183,-1.0,1.3205,35.8062,0.083,37.2854,423,48.91, -> barber chair (48.9%)
frame_001184,-1.0,1.3102,36.0918,0.0811,37.5503,894,29.05, -> wardrobe (29.1%)
frame_001185,-1.0,1.2394,35.7123,0.0822,37.1029,894,33.36, -> wardrobe (33.4%)
frame_001186,-1.0,1.2417,35.2706,0.0847,36.6678,894,26.94, -> wardrobe (26.9%)
frame_001187,-1.0,1.3046,35.5338,0.0837,36.9919,894,43.56, -> wardrobe (43.6%)
frame_001188,-1.0,1.3062,38.3507,0.0828,39.8084,894,68.06, -> wardrobe (68.1%)
frame_001189,-1.0,1.2415,35.2305,0.0849,36.6266,894,58.23, -> wardrobe (58.2%)
frame_001190,-1.0,1.2401,36.136,0.0882,37.5327,894,49.79, -> wardrobe (49.8%)
frame_001191,-1.0,1.2979,35.2848,0.0833,36.7348,526,44.74, -> desk (44.7%)
frame_001192,-1.0,1.3184,36.5695,0.0838,38.0431,526,52.7, -> desk (52.7%)
frame_001193,-1.0,1.2411,35.0353,0.081,36.4271,526,47.14, -> desk (47.1%)
frame_001194,-1.0,1.5977,37.5646,0.0823,39.3155,526,30.8, -> desk (30.8%)
frame_001195,-1.0,1.2725,35.0334,0.0821,36.455,526,31.38, -> desk (31.4%)
frame_001196,-1.0,1.555,37.0238,0.0824,38.7298,526,22.91, -> desk (22.9%)
frame_001197,-1.0,1.3122,35.3418,0.0867,36.8093,526,35.29, -> desk (35.3%)
frame_001198,-1.0,1.4585,36.7436,0.0823,38.353,526,36.29, -> desk (36.3%)
frame_001199,-1.0,1.2563,35.346,0.0812,36.7505,526,40.65, -> desk (40.7%)
frame_001200,-1.0,1.2298,35.915,0.0857,37.3017,894,45.83, -> wardrobe (45.8%)
frame_001201,-1.0,1.4537,40.7724,0.0802,42.3747,423,26.59, -> barber chair (26.6%)
frame_001202,-1.0,1.2967,35.5123,0.0805,36.956,526,27.32, -> desk (27.3%)
frame_001203,-1.0,1.283,35.0601,0.082,36.4917,526,23.59, -> desk (23.6%)
frame_001204,-1.0,1.2035,35.3332,0.0836,36.6875,526,20.87, -> desk (20.9%)
frame_001205,-1.0,1.3034,36.4857,0.0833,37.9408,526,27.84, -> desk (27.8%)
frame_001206,-1.0,1.323,35.1894,0.0857,36.6674,526,21.82, -> desk (21.8%)
frame_001207,-1.0,1.2758,35.2397,0.0839,36.6696,423,18.75, -> barber chair (18.7%)
frame_001208,-1.0,1.2649,36.1273,0.0875,37.5492,526,25.45, -> desk (25.4%)
frame_001209,-1.0,1.2612,35.5493,0.0818,36.9637,526,30.34, -> desk (30.3%)
frame_001210,-1.0,1.3851,35.8612,0.0831,37.3987,526,29.61, -> desk (29.6%)
frame_001211,-1.0,1.2897,35.7061,0.0819,37.1534,423,38.91, -> barber chair (38.9%)
frame_001212,-1.0,1.2749,35.3082,0.0851,36.7377,423,36.33, -> barber chair (36.3%)
frame_001213,-1.0,1.2467,35.4191,0.0798,36.814,423,45.93, -> barber chair (45.9%)
frame_001214,-1.0,1.3104,36.1524,0.0821,37.6125,423,26.24, -> barber chair (26.2%)
frame_001215,-1.0,1.5499,35.751,0.0824,37.4516,423,24.47, -> barber chair (24.5%)
frame_001216,-1.0,1.2614,35.0053,0.0798,36.4155,423,29.81, -> barber chair (29.8%)
frame_001217,-1.0,1.5946,36.9588,0.0821,38.7023,423,24.31, -> barber chair (24.3%)
frame_001218,-1.0,1.302,35.8206,0.0859,37.2783,526,32.18, -> desk (32.2%)
frame_001219,-1.0,1.5075,36.554,0.0843,38.2156,526,29.8, -> desk (29.8%)
frame_001220,-1.0,1.2981,35.1169,0.0835,36.5675,423,25.83, -> barber chair (25.8%)
frame_001221,-1.0,1.5263,39.6858,0.0861,41.3691,423,49.12, -> barber chair (49.1%)
frame_001222,-1.0,1.6124,36.8636,0.083,38.6302,526,22.03, -> desk (22.0%)
frame_001223,-1.0,1.2177,35.3102,0.0804,36.6753,423,7.8, -> barber chair (7.8%)
frame_001224,-1.0,1.3634,35.5611,0.12,37.1131,747,9.8, -> punching bag (9.8%)
frame_001225,-1.0,1.262,35.2361,0.0873,36.6543,745,8.27, -> projector (8.3%)
frame_001226,-1.0,1.2628,35.0758,0.0812,36.4867,733,17.19, -> pole (17.2%)
frame_001227,-1.0,1.3274,35.1851,0.0858,36.6689,877,53.5, -> turnstile (53.5%)
frame_001228,-1.0,1.2989,35.2481,0.0826,36.6986,877,14.26, -> turnstile (14.3%)
frame_001229,-1.0,1.4873,39.4634,0.0903,41.1113,851,14.51, -> television (14.5%)
frame_001230,-1.0,1.2352,35.3114,0.0818,36.6973,851,16.88, -> television (16.9%)
frame_001231,-1.0,1.4444,35.8241,0.0839,37.4215,713,16.44, -> photocopier (16.4%)
frame_001232,-1.0,1.3235,35.3261,0.0827,36.8005,713,8.56, -> photocopier (8.6%)
frame_001233,-1.0,1.2346,35.4568,0.081,36.8401,877,22.41, -> turnstile (22.4%)
frame_001234,-1.0,1.3733,36.1658,0.0867,37.6942,877,45.23, -> turnstile (45.2%)
frame_001235,-1.0,1.314,35.6205,0.085,37.0907,877,71.71, -> turnstile (71.7%)
frame_001236,-1.0,1.2408,35.1322,0.0835,36.5243,877,43.77, -> turnstile (43.8%)
frame_001237,-1.0,1.2594,35.1885,0.0823,36.5977,830,39.0, -> stretcher (39.0%)
frame_001238,-1.0,1.2797,35.087,0.0899,36.5267,526,23.87, -> desk (23.9%)
frame_001239,-1.0,1.3139,35.5815,0.0854,37.0495,877,23.82, -> turnstile (23.8%)
frame_001240,-1.0,1.3072,35.6931,0.0845,37.1531,830,46.11, -> stretcher (46.1%)
frame_001241,-1.0,1.2816,35.7555,0.0839,37.19,771,28.32, -> safe (28.3%)
frame_001242,-1.0,1.3244,35.3894,0.0821,36.8627,553,64.66, -> file (64.7%)
frame_001243,-1.0,1.2828,35.7313,0.0824,37.1645,771,39.09, -> safe (39.1%)
frame_001244,-1.0,1.2691,35.0335,0.0825,36.4546,553,83.26, -> file (83.3%)
frame_001245,-1.0,1.4692,40.0529,0.0829,41.6729,771,24.33, -> safe (24.3%)
frame_001246,-1.0,1.3154,34.9445,0.0811,36.4089,771,34.6, -> safe (34.6%)
frame_001247,-1.0,1.318,34.9686,0.0817,36.4371,771,17.3, -> safe (17.3%)
frame_001248,-1.0,1.2232,35.22,0.0829,36.6034,771,48.26, -> safe (48.3%)
frame_001249,-1.0,1.4009,35.7888,0.0853,37.3437,553,54.24, -> file (54.2%)
frame_001250,-1.0,1.2807,35.8912,0.0829,37.3241,771,20.14, -> safe (20.1%)
frame_001251,-1.0,1.2436,35.04,0.0833,36.4361,555,14.63, -> fire engine (14.6%)
frame_001252,-1.0,1.2791,35.6154,0.0821,37.0438,771,12.93, -> safe (12.9%)
frame_001253,-1.0,1.2961,35.457,0.0823,36.9054,555,26.28, -> fire engine (26.3%)
frame_001254,-1.0,1.3789,35.2601,0.0826,36.7904,407,16.59, -> ambulance (16.6%)
frame_001255,-1.0,1.2878,35.0931,0.0801,36.5298,555,24.14, -> fire engine (24.1%)
frame_001256,-1.0,1.2755,35.1005,0.0828,36.5264,407,23.58, -> ambulance (23.6%)
frame_001257,-1.0,1.4751,46.0084,0.0852,47.6395,830,30.82, -> stretcher (30.8%)
frame_001258,-1.0,1.2806,35.5242,0.0822,36.9559,830,28.61, -> stretcher (28.6%)
frame_001259,-1.0,1.3462,35.9944,0.0856,37.4965,830,24.88, -> stretcher (24.9%)
frame_001260,-1.0,1.2938,35.7364,0.0825,37.1822,830,29.05, -> stretcher (29.1%)
frame_001261,-1.0,1.2969,35.4704,0.0815,36.9236,771,28.37, -> safe (28.4%)
frame_001262,-1.0,1.2684,35.0636,0.085,36.4887,771,31.81, -> safe (31.8%)
frame_001263,-1.0,1.4366,36.2727,0.0832,37.8614,974,24.15, -> geyser (24.1%)
frame_001264,-1.0,1.2711,35.4263,0.0826,36.8497,771,12.32, -> safe (12.3%)
frame_001265,-1.0,1.3066,35.4473,0.0827,36.9056,555,18.23, -> fire engine (18.2%)
frame_001266,-1.0,1.5555,36.5948,0.0876,38.3061,830,16.82, -> stretcher (16.8%)
frame_001267,-1.0,1.2416,35.7879,0.0817,37.1809,771,20.22, -> safe (20.2%)
frame_001268,-1.0,1.3228,35.1706,0.0842,36.6479,830,27.15, -> stretcher (27.2%)
frame_001269,-1.0,1.2982,35.5291,0.0881,36.9833,830,17.28, -> stretcher (17.3%)
frame_001270,-1.0,1.5068,35.9061,0.0882,37.5698,830,11.39, -> stretcher (11.4%)
frame_001271,-1.0,1.2998,35.1723,0.0838,36.6254,830,12.57, -> stretcher (12.6%)
frame_001272,-1.0,1.2749,35.8045,0.083,37.2317,974,14.58, -> geyser (14.6%)
frame_001273,-1.0,1.3776,35.2638,0.0865,36.7966,830,10.7, -> stretcher (10.7%)
frame_001274,-1.0,1.3617,35.9336,0.0832,37.4457,830,20.85, -> stretcher (20.8%)
frame_001275,-1.0,1.1976,35.0616,0.0819,36.4087,830,15.95, -> stretcher (15.9%)
frame_001276,-1.0,1.4679,36.7414,0.0814,38.3591,830,11.23, -> stretcher (11.2%)
frame_001277,-1.0,1.2648,35.2931,0.0835,36.7108,407,10.67, -> ambulance (10.7%)
frame_001278,-1.0,1.2582,34.8595,0.0813,36.2683,830,7.4, -> stretcher (7.4%)
frame_001279,-1.0,1.2823,35.2113,0.0856,36.6495,407,16.6, -> ambulance (16.6%)
frame_001280,-1.0,1.5386,37.6805,0.0824,39.3702,830,9.68, -> stretcher (9.7%)
frame_001281,-1.0,1.2813,35.4716,0.0866,36.9074,407,6.23, -> ambulance (6.2%)
frame_001282,-1.0,1.2962,35.1957,0.0825,36.6432,830,6.13, -> stretcher (6.1%)
frame_001283,-1.0,1.4899,41.9238,0.0829,43.5646,830,26.64, -> stretcher (26.6%)
frame_001284,-1.0,1.2934,35.9282,0.0826,37.372,771,38.52, -> safe (38.5%)
frame_001285,-1.0,1.3164,35.5454,0.0837,37.0132,771,18.66, -> safe (18.7%)
frame_001286,-1.0,1.308,35.4883,0.0836,36.9506,771,12.74, -> safe (12.7%)
frame_001287,-1.0,1.5713,40.0663,0.0815,41.7888,830,15.31, -> stretcher (15.3%)
frame_001288,-1.0,1.2871,35.2954,0.0885,36.7404,771,51.22, -> safe (51.2%)
frame_001289,-1.0,1.3338,35.9417,0.0828,37.4267,771,59.86, -> safe (59.9%)
frame_001290,-1.0,1.2411,35.2642,0.0843,36.6585,553,53.11, -> file (53.1%)
frame_001291,-1.0,1.2919,35.2517,0.0855,36.7038,553,81.88, -> file (81.9%)
frame_001292,-1.0,1.256,35.2864,0.0811,36.6928,553,75.81, -> file (75.8%)
frame_001293,-1.0,1.3401,35.6361,0.0834,37.1294,553,8.6, -> file (8.6%)
frame_001294,-1.0,1.2575,35.6768,0.0851,37.0884,771,36.17, -> safe (36.2%)
frame_001295,-1.0,1.5213,35.5532,0.086,37.2306,553,23.62, -> file (23.6%)
frame_001296,-1.0,1.4939,36.3747,0.0869,38.0244,553,14.17, -> file (14.2%)
frame_001297,-1.0,1.3403,35.8672,0.0837,37.359,553,32.03, -> file (32.0%)
frame_001298,-1.0,1.3072,35.3623,0.0824,36.8197,553,22.29, -> file (22.3%)
frame_001299,-1.0,1.5155,39.4215,0.0902,41.0986,553,36.86, -> file (36.9%)
frame_001300,-1.0,1.3247,35.3562,0.0844,36.8361,675,25.22, -> moving van (25.2%)
frame_001301,-1.0,1.2819,35.7795,0.0847,37.2174,830,22.27, -> stretcher (22.3%)
frame_001302,-1.0,1.305,36.0289,0.0833,37.4874,830,30.14, -> stretcher (30.1%)
frame_001303,-1.0,1.3094,37.8299,0.0853,39.2945,675,34.13, -> moving van (34.1%)
frame_001304,-1.0,1.2324,35.3907,0.0847,36.778,830,23.03, -> stretcher (23.0%)
frame_001305,-1.0,1.354,35.8715,0.0824,37.3765,675,54.08, -> moving van (54.1%)
frame_001306,-1.0,1.5105,45.8243,0.0819,47.4866,675,73.87, -> moving van (73.9%)
frame_001307,-1.0,1.3208,35.9048,0.0825,37.371,675,69.7, -> moving van (69.7%)
frame_001308,-1.0,1.4931,36.7403,0.084,38.3867,675,25.65, -> moving van (25.6%)
frame_001309,-1.0,1.2866,35.3609,0.0802,36.795,830,22.46, -> stretcher (22.5%)
frame_001310,-1.0,1.2304,35.7433,0.0816,37.1246,548,23.88, -> entertainment center (23.9%)
frame_001311,-1.0,1.4543,37.2172,0.0819,38.8222,675,34.45, -> moving van (34.4%)
frame_001312,-1.0,1.254,35.4013,0.0846,36.8091,675,27.82, -> moving van (27.8%)
frame_001313,-1.0,1.2625,35.1353,0.0839,36.5515,742,13.84, -> printer (13.8%)
frame_001314,-1.0,1.5784,36.5404,0.0827,38.2695,526,44.97, -> desk (45.0%)
frame_001315,-1.0,1.5499,38.8644,0.0861,40.5708,526,23.5, -> desk (23.5%)
frame_001316,-1.0,1.2939,35.1787,0.0829,36.6231,526,39.05, -> desk (39.0%)
frame_001317,-1.0,1.2833,35.4086,0.0859,36.8468,526,13.59, -> desk (13.6%)
frame_001318,-1.0,1.345,35.6719,0.0824,37.167,675,20.85, -> moving van (20.9%)
frame_001319,-1.0,1.2805,35.0545,0.081,36.4839,526,63.75, -> desk (63.8%)
frame_001320,-1.0,1.2384,34.8859,0.0829,36.2766,526,51.11, -> desk (51.1%)
frame_001321,-1.0,1.497,36.9052,0.0832,38.5546,526,41.48, -> desk (41.5%)
frame_001322,-1.0,1.261,35.3672,0.0888,36.786,742,41.09, -> printer (41.1%)
frame_001323,-1.0,1.4865,36.3538,0.0912,38.0028,526,45.1, -> desk (45.1%)
frame_001324,-1.0,1.2384,35.78,0.0856,37.1749,848,14.79, -> tape player (14.8%)
frame_001325,-1.0,1.2734,36.1545,0.0842,37.5815,526,18.01, -> desk (18.0%)
frame_001326,-1.0,1.2499,35.1151,0.0829,36.5155,754,19.02, -> radio (19.0%)
frame_001327,-1.0,1.2614,35.2741,0.0848,36.6914,526,20.55, -> desk (20.5%)
frame_001328,-1.0,1.601,36.9469,0.0823,38.698,526,41.11, -> desk (41.1%)
frame_001329,-1.0,1.2996,34.9692,0.0818,36.4193,527,25.52, -> desktop computer (25.5%)
frame_001330,-1.0,1.509,35.2645,0.0923,36.9369,526,27.03, -> desk (27.0%)
frame_001331,-1.0,1.2875,35.515,0.0836,36.955,526,30.77, -> desk (30.8%)
frame_001332,-1.0,1.2333,35.8175,0.081,37.2011,526,34.0, -> desk (34.0%)
frame_001333,-1.0,1.2305,35.0692,0.0825,36.4502,526,55.1, -> desk (55.1%)
frame_001334,-1.0,1.3144,35.9794,0.0823,37.4456,526,43.68, -> desk (43.7%)
frame_001335,-1.0,1.302,35.2828,0.0882,36.7418,526,65.83, -> desk (65.8%)
frame_001336,-1.0,1.2386,35.0872,0.0909,36.4858,526,57.12, -> desk (57.1%)
frame_001337,-1.0,1.5193,37.3302,0.0808,38.9988,526,71.74, -> desk (71.7%)
frame_001338,-1.0,1.2765,35.5975,0.0834,37.0261,526,42.46, -> desk (42.5%)
frame_001339,-1.0,1.2954,35.9732,0.0793,37.419,526,73.78, -> desk (73.8%)
frame_001340,-1.0,1.2411,35.1273,0.084,36.521,526,48.8, -> desk (48.8%)
frame_001341,-1.0,1.3069,36.1063,0.0834,37.5648,526,76.26, -> desk (76.3%)
frame_001342,-1.0,1.2785,35.9274,0.0844,37.3611,526,50.41, -> desk (50.4%)
frame_001343,-1.0,1.3511,35.3648,0.0839,36.8702,526,45.81, -> desk (45.8%)
frame_001344,-1.0,1.4766,39.0504,0.0849,40.6884,526,46.19, -> desk (46.2%)
frame_001345,-1.0,1.2281,35.3543,0.0822,36.7318,526,72.2, -> desk (72.2%)
frame_001346,-1.0,1.2714,36.5243,0.0836,37.9475,526,44.28, -> desk (44.3%)
frame_001347,-1.0,1.5789,36.7407,0.0813,38.4698,526,43.77, -> desk (43.8%)
frame_001348,-1.0,1.2976,35.3226,0.08,36.7702,526,51.43, -> desk (51.4%)
frame_001349,-1.0,1.2137,35.0628,0.0824,36.432,526,38.75, -> desk (38.8%)
frame_001350,-1.0,1.222,36.6451,0.0807,38.0156,526,27.28, -> desk (27.3%)
frame_001351,-1.0,1.2083,35.8222,0.0819,37.1794,526,40.56, -> desk (40.6%)
frame_001352,-1.0,1.2862,35.363,0.0823,36.8004,632,32.26, -> loudspeaker (32.3%)
frame_001353,-1.0,1.2368,35.7553,0.0834,37.1438,526,34.04, -> desk (34.0%)
frame_001354,-1.0,1.4156,41.0999,0.0823,42.6672,526,52.07, -> desk (52.1%)
frame_001355,-1.0,1.3055,35.534,0.0811,36.9896,526,81.32, -> desk (81.3%)
frame_001356,-1.0,1.3853,35.9876,0.0827,37.5251,526,73.24, -> desk (73.2%)
frame_001357,-1.0,1.2726,35.5506,0.0844,36.9781,526,70.77, -> desk (70.8%)
frame_001358,-1.0,1.3087,35.6487,0.0819,37.1082,526,85.96, -> desk (86.0%)
frame_001359,-1.0,1.2492,35.597,0.0812,36.9959,526,89.69, -> desk (89.7%)
frame_001360,-1.0,1.3541,35.5226,0.088,37.0345,526,68.55, -> desk (68.6%)
frame_001361,-1.0,1.4573,36.7229,0.0817,38.3324,526,54.32, -> desk (54.3%)
frame_001362,-1.0,1.3027,35.5487,0.0817,37.0007,526,76.34, -> desk (76.3%)
frame_001363,-1.0,1.3163,35.7968,0.0848,37.2652,526,75.97, -> desk (76.0%)
frame_001364,-1.0,1.3427,36.1972,0.0832,37.6918,526,84.06, -> desk (84.1%)
frame_001365,-1.0,1.4471,43.4145,0.0823,45.0121,526,77.84, -> desk (77.8%)
frame_001366,-1.0,1.2353,35.547,0.0803,36.9305,526,46.95, -> desk (47.0%)
frame_001367,-1.0,1.2993,36.1885,0.0839,37.639,526,55.01, -> desk (55.0%)
frame_001368,-1.0,1.5352,36.7302,0.0843,38.42,526,57.87, -> desk (57.9%)
frame_001369,-1.0,1.2687,35.4038,0.0836,36.826,526,49.3, -> desk (49.3%)
frame_001370,-1.0,1.4994,36.4728,0.0817,38.1221,526,50.54, -> desk (50.5%)
frame_001371,-1.0,1.5881,39.801,0.0843,41.5451,894,31.29, -> wardrobe (31.3%)
frame_001372,-1.0,1.2483,35.4531,0.0863,36.8589,480,43.41, -> cash machine (43.4%)
frame_001373,-1.0,1.3404,36.5216,0.0825,38.0186,480,39.91, -> cash machine (39.9%)
frame_001374,-1.0,1.2057,35.4274,0.0809,36.7821,480,42.42, -> cash machine (42.4%)
frame_001375,-1.0,1.2837,36.0696,0.0835,37.5081,480,55.36, -> cash machine (55.4%)
frame_001376,-1.0,1.5256,37.4841,0.0808,39.1587,480,27.83, -> cash machine (27.8%)
frame_001377,-1.0,1.2971,35.5054,0.0834,36.9541,480,29.14, -> cash machine (29.1%)
frame_001378,-1.0,1.2687,35.3464,0.0813,36.7641,480,43.68, -> cash machine (43.7%)
frame_001379,-1.0,1.2711,35.2186,0.0839,36.6429,894,31.75, -> wardrobe (31.8%)
frame_001380,-1.0,1.2884,35.8618,0.0812,37.2994,894,31.85, -> wardrobe (31.9%)
frame_001381,-1.0,1.3417,35.4552,0.0827,36.9473,894,30.43, -> wardrobe (30.4%)
frame_001382,-1.0,1.2727,35.5355,0.0821,36.9575,480,27.32, -> cash machine (27.3%)
frame_001383,-1.0,1.3482,36.0948,0.0828,37.5942,894,28.66, -> wardrobe (28.7%)
frame_001384,-1.0,1.2465,35.187,0.0807,36.5838,480,25.37, -> cash machine (25.4%)
frame_001385,-1.0,1.2367,35.2104,0.0836,36.6001,480,26.16, -> cash machine (26.2%)
frame_001386,-1.0,1.2689,36.2954,0.0837,37.7168,894,35.53, -> wardrobe (35.5%)
frame_001387,-1.0,1.2767,36.0808,0.0808,37.5049,877,25.31, -> turnstile (25.3%)
frame_001388,-1.0,1.3055,35.9918,0.0813,37.447,480,26.05, -> cash machine (26.0%)
frame_001389,-1.0,1.2643,35.5486,0.0838,36.9651,480,34.13, -> cash machine (34.1%)
frame_001390,-1.0,1.2964,35.5397,0.0826,36.9872,877,43.38, -> turnstile (43.4%)
frame_001391,-1.0,1.2555,35.6369,0.0833,37.0441,877,24.65, -> turnstile (24.6%)
frame_001392,-1.0,1.2834,35.5494,0.0845,36.989,480,20.86, -> cash machine (20.9%)
frame_001393,-1.0,1.2981,36.0907,0.0834,37.5412,894,25.66, -> wardrobe (25.7%)
frame_001394,-1.0,1.3163,35.8812,0.0879,37.3548,877,32.69, -> turnstile (32.7%)
frame_001395,-1.0,1.2577,35.1724,0.0832,36.5839,771,30.98, -> safe (31.0%)
frame_001396,-1.0,1.3362,36.623,0.0861,38.1176,480,59.31, -> cash machine (59.3%)
frame_001397,-1.0,1.3868,35.3855,0.0819,36.9225,894,23.54, -> wardrobe (23.5%)
frame_001398,-1.0,1.2261,35.2244,0.0821,36.6002,480,42.08, -> cash machine (42.1%)
frame_001399,-1.0,1.3124,35.2461,0.0818,36.7099,480,34.86, -> cash machine (34.9%)
frame_001400,-1.0,1.2942,36.2386,0.0801,37.6864,894,26.85, -> wardrobe (26.8%)
frame_001401,-1.0,1.2979,35.466,0.0848,36.9192,894,31.21, -> wardrobe (31.2%)
frame_001402,-1.0,1.2509,35.5694,0.0823,36.9712,894,27.95, -> wardrobe (27.9%)
frame_001403,-1.0,1.2242,35.5036,0.0839,36.8796,480,41.77, -> cash machine (41.8%)
frame_001404,-1.0,1.3488,35.8628,0.085,37.367,894,27.0, -> wardrobe (27.0%)
frame_001405,-1.0,1.2867,35.5834,0.0849,37.0236,771,27.79, -> safe (27.8%)
frame_001406,-1.0,1.4077,36.3888,0.0825,37.9465,480,22.93, -> cash machine (22.9%)
frame_001407,-1.0,1.3269,35.6054,0.0856,37.0862,894,22.39, -> wardrobe (22.4%)
frame_001408,-1.0,1.3122,36.0039,0.0841,37.4708,480,18.73, -> cash machine (18.7%)
frame_001409,-1.0,1.3074,35.1359,0.0837,36.5969,894,25.88, -> wardrobe (25.9%)
frame_001410,-1.0,1.373,35.1655,0.0858,36.6922,771,27.17, -> safe (27.2%)
frame_001411,-1.0,1.254,35.106,0.0812,36.5106,894,22.08, -> wardrobe (22.1%)
frame_001412,-1.0,1.6932,36.4986,0.0857,38.3467,894,28.38, -> wardrobe (28.4%)
frame_001413,-1.0,1.2519,35.5337,0.0869,36.9425,894,25.16, -> wardrobe (25.2%)
frame_001414,-1.0,1.2406,34.9531,0.083,36.3467,894,50.89, -> wardrobe (50.9%)
frame_001415,-1.0,1.3092,35.3299,0.0829,36.7908,894,52.08, -> wardrobe (52.1%)
frame_001416,-1.0,1.2791,35.0537,0.0828,36.4834,894,43.16, -> wardrobe (43.2%)
frame_001417,-1.0,1.2937,36.0074,0.0821,37.4501,894,30.41, -> wardrobe (30.4%)
frame_001418,-1.0,1.2912,35.407,0.0862,36.8537,894,23.79, -> wardrobe (23.8%)
frame_001419,-1.0,1.281,35.124,0.0839,36.56,894,32.04, -> wardrobe (32.0%)
frame_001420,-1.0,1.3057,35.9815,0.0846,37.4424,894,27.07, -> wardrobe (27.1%)
frame_001421,-1.0,1.3339,35.8113,0.0871,37.2999,894,39.14, -> wardrobe (39.1%)
frame_001422,-1.0,1.5028,35.846,0.0813,37.4982,894,41.01, -> wardrobe (41.0%)
frame_001423,-1.0,1.6589,37.3372,0.0812,39.1475,877,22.37, -> turnstile (22.4%)
frame_001424,-1.0,1.3102,35.6925,0.0851,37.1596,894,26.33, -> wardrobe (26.3%)
frame_001425,-1.0,1.2354,35.8932,0.0843,37.2805,894,41.5, -> wardrobe (41.5%)
frame_001426,-1.0,1.2658,35.895,0.0836,37.3139,894,33.45, -> wardrobe (33.5%)
frame_001427,-1.0,1.5568,35.8912,0.0819,37.5993,894,36.86, -> wardrobe (36.9%)
frame_001428,-1.0,1.3338,36.0908,0.0812,37.5739,894,49.01, -> wardrobe (49.0%)
frame_001429,-1.0,1.2505,36.2892,0.0826,37.6931,894,29.39, -> wardrobe (29.4%)
frame_001430,-1.0,1.2794,35.5437,0.0843,36.9742,480,32.95, -> cash machine (33.0%)
frame_001431,-1.0,1.307,36.2367,0.0854,37.6988,894,32.96, -> wardrobe (33.0%)
frame_001432,-1.0,1.2622,35.2057,0.0846,36.6222,894,35.87, -> wardrobe (35.9%)
frame_001433,-1.0,1.2631,36.6524,0.0829,38.0665,894,38.12, -> wardrobe (38.1%)
frame_001434,-1.0,1.3308,36.3136,0.0838,37.8036,894,30.7, -> wardrobe (30.7%)
frame_001435,-1.0,1.2558,35.6531,0.0823,37.0585,894,35.83, -> wardrobe (35.8%)
frame_001436,-1.0,1.3124,35.4922,0.0828,36.9578,894,42.02, -> wardrobe (42.0%)
frame_001437,-1.0,1.2658,35.8038,0.0847,37.2223,894,28.18, -> wardrobe (28.2%)
frame_001438,-1.0,1.2634,35.6231,0.0836,37.0393,771,37.93, -> safe (37.9%)
frame_001439,-1.0,1.3151,35.5804,0.0827,37.0459,894,32.43, -> wardrobe (32.4%)
frame_001440,-1.0,1.3674,38.5018,0.0827,40.0207,894,29.24, -> wardrobe (29.2%)
frame_001441,-1.0,1.2497,36.1365,0.0845,37.5442,894,30.42, -> wardrobe (30.4%)
frame_001442,-1.0,1.2492,35.7579,0.0845,37.1603,894,36.78, -> wardrobe (36.8%)
frame_001443,-1.0,1.2916,36.0759,0.0839,37.5215,771,31.92, -> safe (31.9%)
frame_001444,-1.0,1.2252,35.5615,0.0814,36.9369,771,29.28, -> safe (29.3%)
frame_001445,-1.0,1.3036,36.0623,0.086,37.5239,771,37.03, -> safe (37.0%)
frame_001446,-1.0,1.2472,36.0504,0.0879,37.4546,771,32.29, -> safe (32.3%)
frame_001447,-1.0,1.2613,35.8627,0.0855,37.2802,771,51.68, -> safe (51.7%)
frame_001448,-1.0,1.3328,36.1249,0.0816,37.6077,771,38.34, -> safe (38.3%)
frame_001449,-1.0,1.4017,36.3367,0.0816,37.8885,894,39.37, -> wardrobe (39.4%)
frame_001450,-1.0,1.2266,35.9056,0.0821,37.2841,894,35.39, -> wardrobe (35.4%)
frame_001451,-1.0,1.2705,35.7107,0.0826,37.1325,771,39.57, -> safe (39.6%)
frame_001452,-1.0,1.4248,35.6278,0.0825,37.2041,894,36.74, -> wardrobe (36.7%)
frame_001453,-1.0,1.3555,35.8454,0.0842,37.3527,894,32.1, -> wardrobe (32.1%)
frame_001454,-1.0,1.2651,35.6212,0.0855,37.0436,894,51.08, -> wardrobe (51.1%)
frame_001455,-1.0,1.3247,36.2824,0.0815,37.7577,894,33.55, -> wardrobe (33.5%)
frame_001456,-1.0,1.2241,35.7727,0.0819,37.1475,894,39.61, -> wardrobe (39.6%)
frame_001457,-1.0,1.28,36.6957,0.0847,38.1319,771,31.08, -> safe (31.1%)
frame_001458,-1.0,1.294,36.6085,0.0848,38.0568,894,38.9, -> wardrobe (38.9%)
frame_001459,-1.0,1.3358,36.3216,0.0831,37.8103,894,48.59, -> wardrobe (48.6%)
frame_001460,-1.0,1.2737,35.5797,0.0826,37.0032,894,58.77, -> wardrobe (58.8%)
frame_001461,-1.0,1.2613,35.8466,0.0814,37.2582,894,64.19, -> wardrobe (64.2%)
frame_001462,-1.0,1.2523,36.4582,0.0843,37.8632,894,53.47, -> wardrobe (53.5%)
frame_001463,-1.0,1.2436,35.4965,0.083,36.8918,894,55.09, -> wardrobe (55.1%)
frame_001464,-1.0,1.4869,37.4523,0.0814,39.0894,894,52.23, -> wardrobe (52.2%)
frame_001465,-1.0,1.1939,35.8733,0.0828,37.2188,894,68.59, -> wardrobe (68.6%)
frame_001466,-1.0,1.2575,35.4478,0.0836,36.8596,894,45.56, -> wardrobe (45.6%)
frame_001467,-1.0,1.273,35.5167,0.0844,36.943,894,48.04, -> wardrobe (48.0%)
frame_001468,-1.0,1.2662,36.0396,0.0848,37.4637,894,51.46, -> wardrobe (51.5%)
frame_001469,-1.0,1.3111,37.3379,0.0832,38.7999,894,62.9, -> wardrobe (62.9%)
frame_001470,-1.0,1.302,35.9039,0.0837,37.3615,894,56.94, -> wardrobe (56.9%)
frame_001471,-1.0,1.2748,35.594,0.0814,37.0201,894,54.17, -> wardrobe (54.2%)
frame_001472,-1.0,1.2711,35.9252,0.0837,37.3502,894,57.13, -> wardrobe (57.1%)
frame_001473,-1.0,1.3006,35.9181,0.0815,37.3697,894,46.6, -> wardrobe (46.6%)
frame_001474,-1.0,1.3273,36.3165,0.081,37.7944,894,46.91, -> wardrobe (46.9%)
frame_001475,-1.0,1.3525,36.0517,0.0863,37.5595,894,46.66, -> wardrobe (46.7%)
frame_001476,-1.0,1.3752,39.4856,0.0829,41.0138,894,53.03, -> wardrobe (53.0%)
frame_001477,-1.0,1.19,35.7889,0.0813,37.1277,894,52.32, -> wardrobe (52.3%)
frame_001478,-1.0,1.2337,35.6131,0.0821,36.9978,894,39.54, -> wardrobe (39.5%)
frame_001479,-1.0,1.4454,36.6006,0.0837,38.1997,894,66.47, -> wardrobe (66.5%)
frame_001480,-1.0,1.2093,35.6433,0.0813,37.0024,894,63.2, -> wardrobe (63.2%)
frame_001481,-1.0,1.3081,37.19,0.083,38.6509,894,53.39, -> wardrobe (53.4%)
frame_001482,-1.0,1.2489,35.5942,0.0812,36.9917,894,44.03, -> wardrobe (44.0%)
frame_001483,-1.0,1.2944,36.0641,0.0853,37.5146,894,59.83, -> wardrobe (59.8%)
frame_001484,-1.0,1.3209,35.9287,0.0811,37.3979,894,43.96, -> wardrobe (44.0%)
frame_001485,-1.0,1.4723,36.4452,0.0828,38.0692,877,32.26, -> turnstile (32.3%)
frame_001486,-1.0,1.3863,35.7604,0.0829,37.2995,894,33.86, -> wardrobe (33.9%)
frame_001487,-1.0,1.2796,35.907,0.0871,37.3432,894,32.66, -> wardrobe (32.7%)
frame_001488,-1.0,1.2803,36.0901,0.0872,37.5288,771,25.52, -> safe (25.5%)
frame_001489,-1.0,1.2902,35.8063,0.0826,37.2491,894,51.56, -> wardrobe (51.6%)
frame_001490,-1.0,1.2722,36.5471,0.0839,37.9728,894,35.99, -> wardrobe (36.0%)
frame_001491,-1.0,1.2736,35.4852,0.0829,36.9106,894,48.77, -> wardrobe (48.8%)
frame_001492,-1.0,1.4669,37.0696,0.0831,38.686,894,45.06, -> wardrobe (45.1%)
frame_001493,-1.0,1.3686,35.4826,0.0906,37.0119,894,50.49, -> wardrobe (50.5%)
frame_001494,-1.0,1.3036,35.7649,0.0834,37.2195,894,60.13, -> wardrobe (60.1%)
frame_001495,-1.0,1.5336,43.9557,0.0854,45.6462,894,54.61, -> wardrobe (54.6%)
frame_001496,-1.0,1.2639,35.4377,0.0853,36.8571,894,46.12, -> wardrobe (46.1%)
frame_001497,-1.0,1.318,36.0436,0.0845,37.5155,894,58.83, -> wardrobe (58.8%)
frame_001498,-1.0,1.2778,35.6272,0.0841,37.0579,894,60.23, -> wardrobe (60.2%)
frame_001499,-1.0,1.402,37.0921,0.0872,38.6555,894,52.22, -> wardrobe (52.2%)
frame_001500,-1.0,1.2875,35.7574,0.0839,37.199,894,37.58, -> wardrobe (37.6%)
frame_001501,-1.0,1.2856,35.377,0.0821,36.8107,771,59.63, -> safe (59.6%)
frame_001502,-1.0,1.2788,35.7017,0.0881,37.1361,894,61.3, -> wardrobe (61.3%)
frame_001503,-1.0,1.2695,35.9489,0.0825,37.3697,894,44.67, -> wardrobe (44.7%)
frame_001504,-1.0,1.4713,40.3787,0.0916,42.0122,771,43.85, -> safe (43.9%)
frame_001505,-1.0,1.3114,35.6978,0.0841,37.1615,771,46.49, -> safe (46.5%)
frame_001506,-1.0,1.3119,36.0537,0.0823,37.5185,894,39.5, -> wardrobe (39.5%)
frame_001507,-1.0,1.4434,37.2361,0.0856,38.842,894,46.37, -> wardrobe (46.4%)
frame_001508,-1.0,1.2373,36.0419,0.0816,37.4346,894,67.23, -> wardrobe (67.2%)
frame_001509,-1.0,1.4643,36.2821,0.0841,37.9039,894,65.4, -> wardrobe (65.4%)
frame_001510,-1.0,1.2074,35.6311,0.0845,36.9909,894,66.07, -> wardrobe (66.1%)
frame_001511,-1.0,1.3014,36.7175,0.0835,38.1714,894,68.31, -> wardrobe (68.3%)
frame_001512,-1.0,1.5714,36.502,0.0813,38.2251,894,73.94, -> wardrobe (73.9%)
frame_001513,-1.0,1.2982,35.5121,0.0868,36.965,894,69.85, -> wardrobe (69.8%)
frame_001514,-1.0,1.3399,35.7159,0.0827,37.2113,894,60.48, -> wardrobe (60.5%)
frame_001515,-1.0,1.2476,36.4767,0.087,37.8827,894,68.49, -> wardrobe (68.5%)
frame_001516,-1.0,1.2761,35.608,0.0839,37.0419,894,56.17, -> wardrobe (56.2%)
frame_001517,-1.0,1.3166,36.4342,0.0831,37.9016,894,76.89, -> wardrobe (76.9%)
frame_001518,-1.0,1.2739,35.495,0.082,36.9235,894,76.03, -> wardrobe (76.0%)
frame_001519,-1.0,1.2885,35.8987,0.0859,37.3429,894,78.45, -> wardrobe (78.5%)
frame_001520,-1.0,1.322,35.5863,0.0832,37.0596,894,74.19, -> wardrobe (74.2%)
frame_001521,-1.0,1.2754,37.1174,0.0828,38.543,894,71.68, -> wardrobe (71.7%)
frame_001522,-1.0,1.2614,35.3785,0.0836,36.7921,894,76.88, -> wardrobe (76.9%)
frame_001523,-1.0,1.2747,35.3471,0.0828,36.7736,894,72.26, -> wardrobe (72.3%)
frame_001524,-1.0,1.3123,35.6807,0.0851,37.1481,894,68.92, -> wardrobe (68.9%)
frame_001525,-1.0,1.2972,35.4319,0.0824,36.8798,894,73.28, -> wardrobe (73.3%)
frame_001526,-1.0,1.2769,35.8961,0.0838,37.3243,894,73.2, -> wardrobe (73.2%)
frame_001527,-1.0,1.3347,36.1542,0.0837,37.6416,894,74.71, -> wardrobe (74.7%)
frame_001528,-1.0,1.2081,35.5743,0.087,36.939,894,72.25, -> wardrobe (72.2%)
frame_001529,-1.0,1.3281,35.8676,0.0843,37.3485,894,69.11, -> wardrobe (69.1%)
frame_001530,-1.0,1.271,35.6354,0.083,37.0561,894,72.18, -> wardrobe (72.2%)
frame_001531,-1.0,1.257,35.8318,0.0827,37.2383,894,68.68, -> wardrobe (68.7%)
frame_001532,-1.0,1.2206,35.724,0.0851,37.0976,894,72.78, -> wardrobe (72.8%)
frame_001533,-1.0,1.271,36.1119,0.0842,37.5385,894,69.53, -> wardrobe (69.5%)
frame_001534,-1.0,1.2562,35.5889,0.0821,36.9942,894,74.19, -> wardrobe (74.2%)
frame_001535,-1.0,1.3586,36.7882,0.0842,38.3021,894,55.11, -> wardrobe (55.1%)
frame_001536,-1.0,1.3321,35.898,0.0814,37.38,894,67.58, -> wardrobe (67.6%)
frame_001537,-1.0,1.4874,37.2256,0.0823,38.8634,894,61.44, -> wardrobe (61.4%)
frame_001538,-1.0,1.4694,36.2085,0.0831,37.8311,894,55.15, -> wardrobe (55.1%)
frame_001539,-1.0,1.2561,36.0826,0.0848,37.4938,894,51.25, -> wardrobe (51.3%)
frame_001540,-1.0,1.2816,35.8106,0.0876,37.2492,894,41.4, -> wardrobe (41.4%)
frame_001541,-1.0,1.2581,35.6108,0.0853,37.0247,894,50.9, -> wardrobe (50.9%)
frame_001542,-1.0,1.3514,36.6047,0.0861,38.1143,894,52.02, -> wardrobe (52.0%)
frame_001543,-1.0,1.2874,36.2663,0.0826,37.705,894,52.4, -> wardrobe (52.4%)
frame_001544,-1.0,1.3661,35.4217,0.0842,36.9387,771,42.49, -> safe (42.5%)
frame_001545,-1.0,1.308,35.4345,0.0816,36.8925,771,35.77, -> safe (35.8%)
frame_001546,-1.0,1.203,35.6829,0.0845,37.0396,894,47.88, -> wardrobe (47.9%)
frame_001547,-1.0,1.2907,37.4423,0.0816,38.8882,771,35.01, -> safe (35.0%)
frame_001548,-1.0,1.3165,35.6425,0.0832,37.1136,894,58.84, -> wardrobe (58.8%)
frame_001549,-1.0,1.5045,36.1945,0.0829,37.85,894,42.01, -> wardrobe (42.0%)
frame_001550,-1.0,1.2791,36.1372,0.0831,37.57,894,38.01, -> wardrobe (38.0%)
frame_001551,-1.0,1.3157,35.607,0.0839,37.0765,894,44.57, -> wardrobe (44.6%)
frame_001552,-1.0,1.2452,35.7886,0.0859,37.1905,894,50.65, -> wardrobe (50.7%)
frame_001553,-1.0,1.3102,35.6789,0.0851,37.1449,894,46.88, -> wardrobe (46.9%)
frame_001554,-1.0,1.3458,36.0667,0.0812,37.5666,894,41.04, -> wardrobe (41.0%)
frame_001555,-1.0,1.3302,36.0349,0.0815,37.5157,894,33.97, -> wardrobe (34.0%)
frame_001556,-1.0,1.2865,35.7219,0.0821,37.159,894,46.79, -> wardrobe (46.8%)
frame_001557,-1.0,1.2558,35.8737,0.0857,37.2888,894,49.6, -> wardrobe (49.6%)
frame_001558,-1.0,1.3282,37.7326,0.0817,39.2108,894,49.87, -> wardrobe (49.9%)
frame_001559,-1.0,1.2695,36.2219,0.0853,37.6452,894,54.71, -> wardrobe (54.7%)
frame_001560,-1.0,1.589,37.664,0.0841,39.4066,894,51.98, -> wardrobe (52.0%)
frame_001561,-1.0,1.2426,35.4173,0.0837,36.818,894,49.71, -> wardrobe (49.7%)
frame_001562,-1.0,1.2942,35.3948,0.087,36.8447,894,49.13, -> wardrobe (49.1%)
frame_001563,-1.0,1.407,36.3379,0.0812,37.9022,894,40.96, -> wardrobe (41.0%)
frame_001564,-1.0,1.3332,35.4188,0.0818,36.9038,894,50.73, -> wardrobe (50.7%)
frame_001565,-1.0,1.283,35.7676,0.084,37.2045,771,40.94, -> safe (40.9%)
frame_001566,-1.0,1.3496,36.1958,0.0842,37.7005,771,44.13, -> safe (44.1%)
frame_001567,-1.0,1.2898,36.0289,0.0858,37.475,771,39.08, -> safe (39.1%)
frame_001568,-1.0,1.3187,36.5151,0.0829,37.9844,894,39.44, -> wardrobe (39.4%)
frame_001569,-1.0,1.3014,35.4629,0.0839,36.9163,894,48.4, -> wardrobe (48.4%)
frame_001570,-1.0,1.3073,35.695,0.0821,37.1555,894,33.49, -> wardrobe (33.5%)
frame_001571,-1.0,1.2907,36.0072,0.0837,37.449,771,30.38, -> safe (30.4%)
frame_001572,-1.0,1.2674,36.3279,0.084,37.7549,894,46.95, -> wardrobe (47.0%)
frame_001573,-1.0,1.3165,35.5274,0.0824,36.9934,894,28.17, -> wardrobe (28.2%)
frame_001574,-1.0,1.4413,35.7839,0.0825,37.375,713,20.11, -> photocopier (20.1%)
frame_001575,-1.0,1.2487,35.4789,0.0827,36.8798,894,52.07, -> wardrobe (52.1%)
frame_001576,-1.0,1.2451,35.4451,0.0828,36.8409,894,66.12, -> wardrobe (66.1%)
frame_001577,-1.0,1.2985,35.5367,0.0829,36.9873,894,54.05, -> wardrobe (54.1%)
frame_001578,-1.0,1.3227,35.7122,0.0856,37.1916,894,50.86, -> wardrobe (50.9%)
frame_001579,-1.0,1.269,35.4391,0.083,36.8607,894,43.32, -> wardrobe (43.3%)
frame_001580,-1.0,1.4395,38.034,0.0827,39.6252,894,50.74, -> wardrobe (50.7%)
frame_001581,-1.0,1.305,35.9535,0.085,37.4135,894,50.93, -> wardrobe (50.9%)
frame_001582,-1.0,1.46,42.7765,0.0827,44.3877,894,51.42, -> wardrobe (51.4%)
frame_001583,-1.0,1.3227,35.4298,0.0841,36.9064,894,40.74, -> wardrobe (40.7%)
frame_001584,-1.0,1.5272,36.8032,0.0808,38.4864,894,28.63, -> wardrobe (28.6%)
frame_001585,-1.0,1.261,36.4019,0.0822,37.8143,894,42.14, -> wardrobe (42.1%)
frame_001586,-1.0,1.2665,35.5819,0.0838,37.0009,894,38.86, -> wardrobe (38.9%)
frame_001587,-1.0,1.3062,35.951,0.0834,37.4089,894,39.47, -> wardrobe (39.5%)
frame_001588,-1.0,1.2965,36.2606,0.0829,37.7088,894,38.08, -> wardrobe (38.1%)
frame_001589,-1.0,1.4745,42.3681,0.0839,43.9941,894,47.51, -> wardrobe (47.5%)
frame_001590,-1.0,1.2568,35.6207,0.0835,37.0305,894,34.53, -> wardrobe (34.5%)
frame_001591,-1.0,1.2554,36.0318,0.0811,37.4387,894,37.56, -> wardrobe (37.6%)
frame_001592,-1.0,1.268,35.9536,0.0829,37.3726,894,49.06, -> wardrobe (49.1%)
frame_001593,-1.0,1.2502,35.5022,0.0812,36.9028,894,52.01, -> wardrobe (52.0%)
frame_001594,-1.0,1.2529,35.5857,0.0828,36.9912,894,50.49, -> wardrobe (50.5%)
frame_001595,-1.0,1.3029,35.5356,0.0817,36.9877,894,48.15, -> wardrobe (48.1%)
frame_001596,-1.0,1.3406,35.6027,0.0835,37.0972,894,45.45, -> wardrobe (45.5%)
frame_001597,-1.0,1.1756,35.8235,0.0848,37.1543,894,52.27, -> wardrobe (52.3%)
frame_001598,-1.0,1.2506,36.0887,0.0826,37.4905,894,59.49, -> wardrobe (59.5%)
frame_001599,-1.0,1.3083,36.164,0.0831,37.6238,894,43.68, -> wardrobe (43.7%)
frame_001600,-1.0,1.2934,35.8634,0.0826,37.3084,894,43.06, -> wardrobe (43.1%)
frame_001601,-1.0,1.221,35.8189,0.082,37.1912,894,50.9, -> wardrobe (50.9%)
frame_001602,-1.0,1.5762,36.5643,0.0815,38.2881,894,40.14, -> wardrobe (40.1%)
frame_001603,-1.0,1.2111,35.4028,0.0807,36.7636,894,42.25, -> wardrobe (42.3%)
frame_001604,-1.0,1.2868,36.1295,0.0848,37.5713,894,52.55, -> wardrobe (52.6%)
frame_001605,-1.0,1.2591,35.7843,0.0872,37.2,894,49.11, -> wardrobe (49.1%)
frame_001606,-1.0,1.2792,36.6773,0.0817,38.107,894,48.94, -> wardrobe (48.9%)
frame_001607,-1.0,1.2856,35.5362,0.0879,36.9789,894,41.75, -> wardrobe (41.7%)
frame_001608,-1.0,1.4346,36.1264,0.0836,37.7125,894,37.62, -> wardrobe (37.6%)
frame_001609,-1.0,1.2319,35.4908,0.0859,36.8794,894,42.48, -> wardrobe (42.5%)
frame_001610,-1.0,1.3378,36.0923,0.0817,37.5809,894,37.27, -> wardrobe (37.3%)
frame_001611,-1.0,1.2476,35.5502,0.0811,36.9492,894,33.44, -> wardrobe (33.4%)
frame_001612,-1.0,1.3749,36.1685,0.0827,37.6947,894,35.88, -> wardrobe (35.9%)
frame_001613,-1.0,1.2864,35.3017,0.0847,36.7428,894,36.25, -> wardrobe (36.2%)
frame_001614,-1.0,1.327,35.7446,0.0832,37.2245,894,21.51, -> wardrobe (21.5%)
frame_001615,-1.0,1.4581,40.9791,0.0838,42.5901,894,29.98, -> wardrobe (30.0%)
frame_001616,-1.0,1.2921,35.7048,0.0827,37.1487,894,33.87, -> wardrobe (33.9%)
frame_001617,-1.0,1.2409,35.5857,0.0837,36.9787,894,28.46, -> wardrobe (28.5%)
frame_001618,-1.0,1.4477,37.3738,0.0857,38.9773,894,28.85, -> wardrobe (28.8%)
frame_001619,-1.0,1.3127,35.8264,0.0823,37.2956,894,29.01, -> wardrobe (29.0%)
frame_001620,-1.0,1.4843,36.3563,0.0871,37.997,894,34.37, -> wardrobe (34.4%)
frame_001621,-1.0,1.2448,35.8701,0.0867,37.2721,894,25.1, -> wardrobe (25.1%)
frame_001622,-1.0,1.292,36.2225,0.0828,37.6669,894,25.44, -> wardrobe (25.4%)
frame_001623,-1.0,1.2462,35.9106,0.0819,37.3087,894,28.9, -> wardrobe (28.9%)
frame_001624,-1.0,1.3201,35.8347,0.082,37.3052,894,31.04, -> wardrobe (31.0%)
frame_001625,-1.0,1.282,35.5769,0.0846,37.0145,894,34.1, -> wardrobe (34.1%)
frame_001626,-1.0,1.3284,36.3129,0.084,37.7941,894,27.44, -> wardrobe (27.4%)
frame_001627,-1.0,1.2622,35.3368,0.0833,36.7508,894,34.11, -> wardrobe (34.1%)
frame_001628,-1.0,1.3069,35.6709,0.0844,37.1303,894,37.24, -> wardrobe (37.2%)
frame_001629,-1.0,1.2749,35.8397,0.0855,37.2686,894,32.55, -> wardrobe (32.6%)
frame_001630,-1.0,1.3497,35.7269,0.0846,37.2317,771,18.12, -> safe (18.1%)
frame_001631,-1.0,1.2264,35.4277,0.0825,36.8063,894,47.05, -> wardrobe (47.0%)
frame_001632,-1.0,1.2638,35.5868,0.0821,37.0029,894,45.66, -> wardrobe (45.7%)
frame_001633,-1.0,1.2119,36.0504,0.0816,37.4138,771,46.06, -> safe (46.1%)
frame_001634,-1.0,1.3589,35.8874,0.0894,37.4041,894,36.85, -> wardrobe (36.8%)
frame_001635,-1.0,1.2365,35.7296,0.0816,37.1172,894,47.89, -> wardrobe (47.9%)
frame_001636,-1.0,1.4572,36.7712,0.089,38.3877,894,43.93, -> wardrobe (43.9%)
frame_001637,-1.0,1.2798,35.8016,0.0819,37.232,771,39.62, -> safe (39.6%)
frame_001638,-1.0,1.3005,35.329,0.0815,36.7798,894,32.91, -> wardrobe (32.9%)
frame_001639,-1.0,1.2715,35.7376,0.0821,37.1604,771,37.83, -> safe (37.8%)
frame_001640,-1.0,1.2846,35.1623,0.0816,36.5975,894,40.07, -> wardrobe (40.1%)
frame_001641,-1.0,1.4208,36.391,0.0826,37.962,894,32.67, -> wardrobe (32.7%)
frame_001642,-1.0,1.23,35.3822,0.0844,36.7666,894,35.93, -> wardrobe (35.9%)
frame_001643,-1.0,1.2892,35.7193,0.083,37.1593,713,39.33, -> photocopier (39.3%)
frame_001644,-1.0,1.3923,36.0021,0.0814,37.5439,771,71.17, -> safe (71.2%)
frame_001645,-1.0,1.2309,35.8363,0.0857,37.2245,771,35.55, -> safe (35.5%)
frame_001646,-1.0,1.3228,35.8864,0.0816,37.3608,771,55.27, -> safe (55.3%)
frame_001647,-1.0,1.2864,35.4475,0.0876,36.8904,771,64.42, -> safe (64.4%)
frame_001648,-1.0,1.3331,36.2883,0.084,37.7745,771,56.0, -> safe (56.0%)
frame_001649,-1.0,1.2698,36.4953,0.0813,37.9224,771,45.53, -> safe (45.5%)
frame_001650,-1.0,1.2986,35.5559,0.0815,37.0042,771,47.25, -> safe (47.3%)
frame_001651,-1.0,1.282,35.5965,0.084,37.0341,771,61.24, -> safe (61.2%)
frame_001652,-1.0,1.4456,36.1495,0.0901,37.7551,771,80.7, -> safe (80.7%)
frame_001653,-1.0,1.2231,35.4151,0.0865,36.7953,771,28.34, -> safe (28.3%)
frame_001654,-1.0,1.2277,35.5118,0.086,36.8959,771,37.5, -> safe (37.5%)
frame_001655,-1.0,1.2867,36.5234,0.0827,37.9623,771,33.86, -> safe (33.9%)
frame_001656,-1.0,1.4559,36.3737,0.0831,37.9816,771,31.09, -> safe (31.1%)
frame_001657,-1.0,1.2456,35.751,0.083,37.1508,480,28.07, -> cash machine (28.1%)
frame_001658,-1.0,1.2787,36.0963,0.083,37.5278,771,27.74, -> safe (27.7%)
frame_001659,-1.0,1.5475,40.1216,0.0818,41.8195,480,18.81, -> cash machine (18.8%)
frame_001660,-1.0,1.3175,35.4974,0.0827,36.9663,713,27.84, -> photocopier (27.8%)
frame_001661,-1.0,1.6233,36.4158,0.0814,38.19,771,35.69, -> safe (35.7%)
frame_001662,-1.0,1.29,35.3791,0.0819,36.8229,480,18.77, -> cash machine (18.8%)
frame_001663,-1.0,1.3433,36.1765,0.0837,37.6732,526,31.63, -> desk (31.6%)
frame_001664,-1.0,1.2306,36.0747,0.084,37.458,526,27.35, -> desk (27.4%)
frame_001665,-1.0,1.238,35.682,0.0821,37.0706,526,23.35, -> desk (23.4%)
frame_001666,-1.0,1.2881,35.5282,0.0824,36.9706,526,20.72, -> desk (20.7%)
frame_001667,-1.0,1.2531,35.6534,0.0825,37.0571,526,29.61, -> desk (29.6%)
frame_001668,-1.0,1.4429,36.2563,0.0835,37.8508,713,47.98, -> photocopier (48.0%)
frame_001669,-1.0,1.3037,36.2891,0.09,37.7519,771,31.04, -> safe (31.0%)
frame_001670,-1.0,1.3915,35.582,0.0839,37.127,771,29.45, -> safe (29.4%)
frame_001671,-1.0,1.2914,36.3006,0.0836,37.7452,480,22.0, -> cash machine (22.0%)
frame_001672,-1.0,1.2968,35.5253,0.0862,36.9786,771,59.02, -> safe (59.0%)
frame_001673,-1.0,1.4716,36.8838,0.0833,38.5121,771,31.86, -> safe (31.9%)
frame_001674,-1.0,1.3026,35.4848,0.0825,36.94,771,68.69, -> safe (68.7%)
frame_001675,-1.0,1.2873,35.8367,0.083,37.2742,771,54.99, -> safe (55.0%)
frame_001676,-1.0,1.3481,35.4359,0.0817,36.9326,771,53.63, -> safe (53.6%)
frame_001677,-1.0,1.2332,36.2363,0.0795,37.6166,771,40.76, -> safe (40.8%)
frame_001678,-1.0,1.2447,35.8162,0.0807,37.2093,771,35.16, -> safe (35.2%)
frame_001679,-1.0,1.3623,36.1494,0.0831,37.6629,894,34.08, -> wardrobe (34.1%)
frame_001680,-1.0,1.315,36.2006,0.0813,37.6633,894,54.5, -> wardrobe (54.5%)
frame_001681,-1.0,1.3303,36.0806,0.0821,37.5636,894,51.26, -> wardrobe (51.3%)
frame_001682,-1.0,1.4603,44.1454,0.0855,45.7615,771,40.46, -> safe (40.5%)
frame_001683,-1.0,1.322,35.5607,0.0835,37.034,894,59.16, -> wardrobe (59.2%)
frame_001684,-1.0,1.3184,35.7774,0.0873,37.2538,894,42.75, -> wardrobe (42.8%)
frame_001685,-1.0,1.3012,35.5465,0.0817,36.9988,894,56.45, -> wardrobe (56.4%)
frame_001686,-1.0,1.4932,36.5557,0.0876,38.2055,894,50.84, -> wardrobe (50.8%)
frame_001687,-1.0,1.4179,37.5312,0.0839,39.1049,894,41.37, -> wardrobe (41.4%)
frame_001688,-1.0,1.3161,36.0908,0.085,37.5629,771,51.88, -> safe (51.9%)
frame_001689,-1.0,1.2645,36.3606,0.0823,37.7819,771,37.96, -> safe (38.0%)
frame_001690,-1.0,1.2495,35.5866,0.0822,36.986,894,25.0, -> wardrobe (25.0%)
frame_001691,-1.0,1.3245,35.991,0.0838,37.4683,894,33.94, -> wardrobe (33.9%)
frame_001692,-1.0,1.2668,36.0418,0.0838,37.4617,894,36.76, -> wardrobe (36.8%)
frame_001693,-1.0,1.2534,36.4029,0.0902,37.816,894,38.17, -> wardrobe (38.2%)
frame_001694,-1.0,1.3132,36.612,0.0836,38.0774,894,38.52, -> wardrobe (38.5%)
frame_001695,-1.0,1.2427,35.7159,0.0808,37.1089,894,30.24, -> wardrobe (30.2%)
frame_001696,-1.0,1.303,35.7089,0.0826,37.1634,894,34.67, -> wardrobe (34.7%)
frame_001697,-1.0,1.4822,38.7475,0.084,40.3814,894,42.45, -> wardrobe (42.5%)
frame_001698,-1.0,1.4464,41.6217,0.082,43.2181,894,24.45, -> wardrobe (24.5%)
frame_001699,-1.0,1.2974,35.7727,0.083,37.2225,894,22.77, -> wardrobe (22.8%)
frame_001700,-1.0,1.2749,35.6461,0.0811,37.0697,480,14.23, -> cash machine (14.2%)
frame_001701,-1.0,1.2963,35.7427,0.0827,37.1899,799,33.91, -> sliding door (33.9%)
frame_001702,-1.0,1.611,38.0533,0.0838,39.8197,894,28.44, -> wardrobe (28.4%)
frame_001703,-1.0,1.2475,35.6747,0.0843,37.0771,480,24.77, -> cash machine (24.8%)
frame_001704,-1.0,1.2687,36.8296,0.0856,38.2525,894,40.11, -> wardrobe (40.1%)
frame_001705,-1.0,1.2023,35.6206,0.0853,36.9768,894,45.29, -> wardrobe (45.3%)
frame_001706,-1.0,1.3156,36.3764,0.0843,37.8444,894,40.96, -> wardrobe (41.0%)
frame_001707,-1.0,1.311,35.4357,0.0855,36.9019,480,28.04, -> cash machine (28.0%)
frame_001708,-1.0,1.3252,35.5281,0.0868,37.01,894,27.49, -> wardrobe (27.5%)
frame_001709,-1.0,1.2644,35.9228,0.0826,37.3447,877,22.25, -> turnstile (22.3%)
frame_001710,-1.0,1.1949,36.0525,0.0802,37.4023,851,36.43, -> television (36.4%)
frame_001711,-1.0,1.2812,36.8337,0.0833,38.2656,851,20.98, -> television (21.0%)
frame_001712,-1.0,1.4901,36.6618,0.0855,38.3065,851,28.03, -> television (28.0%)
frame_001713,-1.0,1.2544,35.4521,0.0848,36.8629,851,17.48, -> television (17.5%)
frame_001714,-1.0,1.3218,35.4432,0.0838,36.918,851,23.31, -> television (23.3%)
frame_001715,-1.0,1.2117,36.0572,0.0833,37.4219,851,11.35, -> television (11.3%)
frame_001716,-1.0,1.2349,35.6678,0.0867,37.0614,851,11.79, -> television (11.8%)
frame_001717,-1.0,1.2428,35.9264,0.0834,37.3204,894,21.05, -> wardrobe (21.1%)
frame_001718,-1.0,1.2233,36.6123,0.0845,37.9901,851,14.64, -> television (14.6%)
frame_001719,-1.0,1.258,35.7018,0.0823,37.1113,526,15.33, -> desk (15.3%)
frame_001720,-1.0,1.4343,40.6054,0.0853,42.193,851,18.72, -> television (18.7%)
frame_001721,-1.0,1.2216,36.1502,0.0872,37.5267,526,17.89, -> desk (17.9%)
frame_001722,-1.0,1.2178,35.9877,0.0891,37.3642,526,10.61, -> desk (10.6%)
frame_001723,-1.0,1.3172,36.2128,0.0821,37.6804,526,12.36, -> desk (12.4%)
frame_001724,-1.0,1.32,35.6936,0.081,37.1623,447,9.9, -> binoculars (9.9%)
frame_001725,-1.0,1.4211,36.9036,0.0849,38.4809,598,18.96, -> home theater (19.0%)
frame_001726,-1.0,1.2577,36.6223,0.0831,38.0319,747,13.29, -> punching bag (13.3%)
frame_001727,-1.0,1.2813,35.8323,0.0825,37.2642,423,23.53, -> barber chair (23.5%)
frame_001728,-1.0,1.3038,35.6595,0.0838,37.1163,423,36.11, -> barber chair (36.1%)
frame_001729,-1.0,1.3112,36.6322,0.0816,38.0983,423,22.93, -> barber chair (22.9%)
frame_001730,-1.0,1.2653,36.2873,0.0823,37.7027,422,20.24, -> barbell (20.2%)
frame_001731,-1.0,1.6031,39.3228,0.0661,41.0487,526,40.29, -> desk (40.3%)
frame_001732,-1.0,1.3118,36.0242,0.0723,37.4685,526,35.81, -> desk (35.8%)
frame_001733,-1.0,1.3016,35.7691,0.0704,37.2021,526,56.08, -> desk (56.1%)
frame_001734,-1.0,1.5106,42.3593,0.0696,44.0023,526,26.9, -> desk (26.9%)
frame_001735,-1.0,1.4489,39.5586,0.0705,41.1389,526,27.73, -> desk (27.7%)
frame_001736,-1.0,1.2836,35.5874,0.0702,37.002,526,16.89, -> desk (16.9%)
frame_001737,-1.0,1.379,35.5011,0.0738,37.016,526,20.85, -> desk (20.8%)
frame_001738,-1.0,1.2869,35.2548,0.071,36.6737,526,45.37, -> desk (45.4%)
frame_001739,-1.0,1.2742,35.8255,0.0713,37.2325,526,35.1, -> desk (35.1%)
frame_001740,-1.0,1.3405,35.2186,0.0712,36.6943,526,22.08, -> desk (22.1%)
frame_001741,-1.0,1.3843,35.7172,0.0718,37.2328,526,28.71, -> desk (28.7%)
frame_001742,-1.0,1.253,36.2951,0.0717,37.6812,526,43.0, -> desk (43.0%)
frame_001743,-1.0,1.3077,35.5586,0.0719,36.9986,526,25.52, -> desk (25.5%)
frame_001744,-1.0,1.4707,41.8291,0.0699,43.4299,526,28.57, -> desk (28.6%)
frame_001745,-1.0,1.317,35.68,0.0743,37.1361,526,34.09, -> desk (34.1%)
frame_001746,-1.0,1.3202,36.0175,0.071,37.4716,526,18.95, -> desk (18.9%)
frame_001747,-1.0,1.3234,36.6772,0.0729,38.133,526,16.66, -> desk (16.7%)
frame_001748,-1.0,1.3394,36.0162,0.0721,37.4879,882,8.46, -> vacuum (8.5%)
frame_001749,-1.0,1.5595,37.0886,0.0736,38.7839,895,18.01, -> warplane (18.0%)
frame_001750,-1.0,1.2909,36.0821,0.0699,37.5052,657,11.48, -> missile (11.5%)
frame_001751,-1.0,1.3655,37.4123,0.0771,38.9188,691,50.83, -> oxygen mask (50.8%)
frame_001752,-1.0,1.3475,36.0327,0.0688,37.508,818,6.28, -> spotlight (6.3%)
frame_001753,-1.0,1.2808,35.4606,0.0744,36.8774,535,16.11, -> disk brake (16.1%)
frame_001754,-1.0,1.3319,36.4061,0.0711,37.8696,571,5.03, -> gas pump (5.0%)
frame_001755,-1.0,1.2941,35.5443,0.0673,36.9663,535,24.3, -> disk brake (24.3%)
frame_001756,-1.0,1.2629,35.986,0.0712,37.3821,535,15.16, -> disk brake (15.2%)
frame_001757,-1.0,1.3625,37.3213,0.0729,38.8191,571,16.95, -> gas pump (16.9%)
frame_001758,-1.0,1.5995,38.9369,0.0716,40.6674,882,18.08, -> vacuum (18.1%)
frame_001759,-1.0,1.2911,35.7299,0.0752,37.1568,882,10.19, -> vacuum (10.2%)
frame_001760,-1.0,1.2904,37.172,0.0686,38.5918,811,7.79, -> space heater (7.8%)
frame_001761,-1.0,1.4087,39.0548,0.0765,40.6045,811,22.39, -> space heater (22.4%)
frame_001762,-1.0,1.311,36.5181,0.0692,37.9581,657,14.14, -> missile (14.1%)
frame_001763,-1.0,1.3327,37.4046,0.0694,38.8658,657,16.66, -> missile (16.7%)
frame_001764,-1.0,1.2942,35.9164,0.0732,37.3465,657,45.23, -> missile (45.2%)
frame_001765,-1.0,1.2461,36.4803,0.0696,37.854,657,16.83, -> missile (16.8%)
frame_001766,-1.0,1.334,35.987,0.072,37.4539,811,54.2, -> space heater (54.2%)
frame_001767,-1.0,1.3396,36.0519,0.0733,37.5289,742,21.74, -> printer (21.7%)
frame_001768,-1.0,1.3057,36.278,0.0725,37.7198,742,38.29, -> printer (38.3%)
frame_001769,-1.0,1.3091,35.897,0.0713,37.3377,553,28.19, -> file (28.2%)
frame_001770,-1.0,1.379,36.6134,0.0701,38.1226,877,42.19, -> turnstile (42.2%)
frame_001771,-1.0,1.3469,35.5728,0.0722,37.0529,877,76.0, -> turnstile (76.0%)
frame_001772,-1.0,1.3104,35.4915,0.0746,36.9376,877,67.91, -> turnstile (67.9%)
frame_001773,-1.0,1.3211,36.04,0.0712,37.4909,811,14.28, -> space heater (14.3%)
frame_001774,-1.0,1.4329,37.6771,0.0693,39.2393,553,23.12, -> file (23.1%)
frame_001775,-1.0,1.3459,35.5631,0.0725,37.0437,742,19.26, -> printer (19.3%)
frame_001776,-1.0,1.3547,36.1012,0.0689,37.5865,553,32.6, -> file (32.6%)
frame_001777,-1.0,1.3051,36.4035,0.0706,37.8398,877,23.67, -> turnstile (23.7%)
frame_001778,-1.0,1.3093,36.3527,0.0735,37.7968,877,19.54, -> turnstile (19.5%)
frame_001779,-1.0,1.3609,37.7464,0.0701,39.2369,526,29.04, -> desk (29.0%)
frame_001780,-1.0,1.5502,38.8326,0.0716,40.5144,526,15.97, -> desk (16.0%)
frame_001781,-1.0,1.3684,36.2729,0.0718,37.7753,830,10.04, -> stretcher (10.0%)
frame_001782,-1.0,1.3253,36.3853,0.0701,37.8412,422,12.76, -> barbell (12.8%)
frame_001783,-1.0,1.3659,36.4599,0.0692,37.9547,423,38.06, -> barber chair (38.1%)
frame_001784,-1.0,1.3132,36.4268,0.0683,37.8698,553,22.71, -> file (22.7%)
frame_001785,-1.0,1.3277,36.692,0.0709,38.1499,553,16.89, -> file (16.9%)
frame_001786,-1.0,1.2906,36.2146,0.0706,37.6349,526,28.3, -> desk (28.3%)
frame_001787,-1.0,1.4485,37.4648,0.0745,39.0476,882,36.47, -> vacuum (36.5%)
frame_001788,-1.0,1.4854,38.5892,0.0693,40.2034,882,53.58, -> vacuum (53.6%)
frame_001789,-1.0,1.2989,36.3569,0.068,37.7877,526,31.05, -> desk (31.1%)
frame_001790,-1.0,1.2627,35.5373,0.0713,36.9317,423,34.0, -> barber chair (34.0%)
frame_001791,-1.0,1.3274,36.2041,0.0685,37.6598,882,45.79, -> vacuum (45.8%)
frame_001792,-1.0,1.2934,35.8432,0.0738,37.2728,882,53.52, -> vacuum (53.5%)
frame_001793,-1.0,1.7487,37.9055,0.0697,39.7849,471,28.68, -> cannon (28.7%)
frame_001794,-1.0,1.302,35.7307,0.0696,37.1618,882,23.51, -> vacuum (23.5%)
frame_001795,-1.0,1.2895,36.4329,0.071,37.8534,471,18.12, -> cannon (18.1%)
frame_001796,-1.0,1.3587,35.7324,0.0702,37.2214,830,25.42, -> stretcher (25.4%)
frame_001797,-1.0,1.4962,36.7365,0.0707,38.3674,543,32.52, -> dumbbell (32.5%)
frame_001798,-1.0,1.3214,36.0772,0.0688,37.5267,543,37.8, -> dumbbell (37.8%)
frame_001799,-1.0,1.3609,37.3205,0.0698,38.8118,719,15.09, -> piggy bank (15.1%)
frame_001800,-1.0,1.5537,39.097,0.0711,40.7817,882,12.19, -> vacuum (12.2%)
frame_001801,-1.0,1.4693,37.9454,0.0742,39.5517,882,9.07, -> vacuum (9.1%)
frame_001802,-1.0,1.3016,35.6465,0.0705,37.0809,543,15.12, -> dumbbell (15.1%)
frame_001803,-1.0,1.3446,35.816,0.0709,37.2915,882,21.43, -> vacuum (21.4%)
frame_001804,-1.0,1.2779,35.8654,0.0698,37.2738,882,25.49, -> vacuum (25.5%)
frame_001805,-1.0,1.3752,36.5963,0.0716,38.1048,830,39.57, -> stretcher (39.6%)
frame_001806,-1.0,1.3152,35.7546,0.0721,37.2019,830,28.93, -> stretcher (28.9%)
frame_001807,-1.0,1.3809,37.0831,0.0705,38.5944,830,37.74, -> stretcher (37.7%)
frame_001808,-1.0,1.3274,36.497,0.0735,37.9572,830,46.34, -> stretcher (46.3%)
frame_001809,-1.0,1.3189,36.4423,0.0696,37.8927,830,46.67, -> stretcher (46.7%)
frame_001810,-1.0,1.5064,40.948,0.0707,42.585,830,38.07, -> stretcher (38.1%)
frame_001811,-1.0,1.6278,42.8572,0.0716,44.6156,830,27.91, -> stretcher (27.9%)
frame_001812,-1.0,1.3113,35.8763,0.0722,37.3235,882,38.35, -> vacuum (38.3%)
frame_001813,-1.0,1.4134,37.0864,0.0741,38.6389,543,52.7, -> dumbbell (52.7%)
frame_001814,-1.0,1.3014,35.642,0.0726,37.0788,543,51.41, -> dumbbell (51.4%)
frame_001815,-1.0,1.2966,37.4356,0.074,38.8684,543,72.54, -> dumbbell (72.5%)
frame_001816,-1.0,1.3004,35.8819,0.0714,37.3135,543,18.1, -> dumbbell (18.1%)
frame_001817,-1.0,1.327,36.6798,0.0734,38.1398,543,92.19, -> dumbbell (92.2%)
frame_001818,-1.0,1.3421,37.4044,0.0704,38.8788,543,21.94, -> dumbbell (21.9%)
frame_001819,-1.0,1.5158,37.6297,0.071,39.2784,543,16.76, -> dumbbell (16.8%)
frame_001820,-1.0,1.2817,36.1567,0.0696,37.5693,543,40.22, -> dumbbell (40.2%)
frame_001821,-1.0,1.2804,36.8944,0.0696,38.3069,543,73.31, -> dumbbell (73.3%)
frame_001822,-1.0,1.428,38.0685,0.0702,39.628,543,47.04, -> dumbbell (47.0%)
frame_001823,-1.0,1.2576,36.0356,0.0724,37.426,543,34.31, -> dumbbell (34.3%)
frame_001824,-1.0,1.365,35.8428,0.0741,37.3464,543,47.81, -> dumbbell (47.8%)
frame_001825,-1.0,1.3167,36.2235,0.0699,37.6696,543,47.58, -> dumbbell (47.6%)
frame_001826,-1.0,1.3792,37.3188,0.0744,38.8353,830,51.32, -> stretcher (51.3%)
frame_001827,-1.0,1.3348,37.3981,0.0706,38.866,830,46.41, -> stretcher (46.4%)
frame_001828,-1.0,1.3506,36.0935,0.0702,37.5769,543,30.95, -> dumbbell (31.0%)
frame_001829,-1.0,1.3332,37.1422,0.0718,38.6079,543,26.61, -> dumbbell (26.6%)
frame_001830,-1.0,1.4124,38.6334,0.0723,40.177,543,43.5, -> dumbbell (43.5%)
frame_001831,-1.0,1.3317,35.8019,0.0712,37.2662,543,25.14, -> dumbbell (25.1%)
frame_001832,-1.0,1.3617,35.8351,0.0698,37.3261,543,35.61, -> dumbbell (35.6%)
frame_001833,-1.0,1.3457,36.6228,0.0676,38.0978,543,26.37, -> dumbbell (26.4%)
frame_001834,-1.0,1.347,35.8688,0.0701,37.347,543,20.6, -> dumbbell (20.6%)
frame_001835,-1.0,1.3198,36.2822,0.0754,37.7405,543,29.84, -> dumbbell (29.8%)
frame_001836,-1.0,1.2853,36.0871,0.075,37.5081,543,31.73, -> dumbbell (31.7%)
frame_001837,-1.0,1.3435,36.3127,0.0693,37.7852,543,35.03, -> dumbbell (35.0%)
frame_001838,-1.0,1.443,38.193,0.0742,39.7733,543,29.58, -> dumbbell (29.6%)
frame_001839,-1.0,1.2575,36.7432,0.0706,38.13,543,39.12, -> dumbbell (39.1%)
frame_001840,-1.0,1.3162,35.8687,0.0693,37.3141,543,41.59, -> dumbbell (41.6%)
frame_001841,-1.0,1.6464,37.0739,0.0729,38.8571,543,43.92, -> dumbbell (43.9%)
frame_001842,-1.0,1.3232,35.8653,0.0745,37.3241,543,32.11, -> dumbbell (32.1%)
frame_001843,-1.0,1.3706,37.043,0.0708,38.5484,543,77.6, -> dumbbell (77.6%)
frame_001844,-1.0,1.5528,40.6496,0.0693,42.3326,543,73.53, -> dumbbell (73.5%)
frame_001845,-1.0,1.2969,35.822,0.0712,37.2501,543,37.41, -> dumbbell (37.4%)
frame_001846,-1.0,1.3659,36.0477,0.0734,37.5493,543,21.8, -> dumbbell (21.8%)
frame_001847,-1.0,1.3017,36.5749,0.0725,38.0117,543,23.09, -> dumbbell (23.1%)
frame_001848,-1.0,1.3633,38.8024,0.0744,40.3045,543,33.23, -> dumbbell (33.2%)
frame_001849,-1.0,1.2937,36.3155,0.0728,37.7433,543,35.07, -> dumbbell (35.1%)
frame_001850,-1.0,1.5476,37.6462,0.0747,39.3322,543,36.79, -> dumbbell (36.8%)
frame_001851,-1.0,1.3081,36.4638,0.0769,37.911,543,39.58, -> dumbbell (39.6%)
frame_001852,-1.0,1.3631,37.8431,0.0738,39.3431,543,31.81, -> dumbbell (31.8%)
frame_001853,-1.0,1.2873,35.9826,0.0731,37.4085,543,25.7, -> dumbbell (25.7%)
frame_001854,-1.0,1.6427,37.8878,0.0722,39.6663,543,21.4, -> dumbbell (21.4%)
frame_001855,-1.0,1.3243,35.8399,0.0692,37.2952,543,24.71, -> dumbbell (24.7%)
frame_001856,-1.0,1.5222,41.4709,0.0744,43.1303,543,25.09, -> dumbbell (25.1%)
frame_001857,-1.0,1.3455,35.9235,0.0702,37.402,543,28.65, -> dumbbell (28.7%)
frame_001858,-1.0,1.3351,36.1568,0.0739,37.6302,543,23.49, -> dumbbell (23.5%)
frame_001859,-1.0,1.2831,35.9396,0.0699,37.3527,543,28.29, -> dumbbell (28.3%)
frame_001860,-1.0,1.4924,39.5132,0.0722,41.1408,543,28.79, -> dumbbell (28.8%)
frame_001861,-1.0,1.3009,35.7442,0.0693,37.1732,543,27.78, -> dumbbell (27.8%)
frame_001862,-1.0,1.2834,35.9083,0.0708,37.3237,543,25.28, -> dumbbell (25.3%)
frame_001863,-1.0,1.5317,36.8079,0.0712,38.4715,543,27.32, -> dumbbell (27.3%)
frame_001864,-1.0,1.2878,35.9198,0.072,37.341,543,29.49, -> dumbbell (29.5%)
frame_001865,-1.0,1.3816,38.5661,0.0685,40.0755,543,27.09, -> dumbbell (27.1%)
frame_001866,-1.0,1.4949,35.8807,0.071,37.5069,543,26.26, -> dumbbell (26.3%)
frame_001867,-1.0,1.2904,35.8847,0.0692,37.3048,543,29.68, -> dumbbell (29.7%)
frame_001868,-1.0,1.3828,37.3242,0.0704,38.8386,543,29.5, -> dumbbell (29.5%)
frame_001869,-1.0,1.2677,35.7093,0.071,37.1116,543,32.57, -> dumbbell (32.6%)
frame_001870,-1.0,1.3077,36.288,0.0701,37.7274,543,26.86, -> dumbbell (26.9%)
frame_001871,-1.0,1.3012,35.7908,0.071,37.224,543,24.88, -> dumbbell (24.9%)
frame_001872,-1.0,1.3356,35.7476,0.0728,37.2157,543,28.4, -> dumbbell (28.4%)
frame_001873,-1.0,1.3003,35.7356,0.0741,37.1722,543,30.61, -> dumbbell (30.6%)
frame_001874,-1.0,1.3049,35.7003,0.0733,37.1434,543,63.96, -> dumbbell (64.0%)
frame_001875,-1.0,1.2795,35.8133,0.0702,37.2212,543,46.5, -> dumbbell (46.5%)
frame_001876,-1.0,1.2748,36.4259,0.074,37.8382,543,26.84, -> dumbbell (26.8%)
frame_001877,-1.0,1.3452,35.9386,0.0735,37.4211,543,21.93, -> dumbbell (21.9%)
frame_001878,-1.0,1.2794,36.1156,0.0702,37.5269,561,32.1, -> forklift (32.1%)
frame_001879,-1.0,1.3064,35.6506,0.0695,37.0863,543,37.63, -> dumbbell (37.6%)
frame_001880,-1.0,1.314,35.9263,0.0736,37.3787,543,35.45, -> dumbbell (35.4%)
frame_001881,-1.0,1.3205,36.4424,0.0722,37.899,471,19.14, -> cannon (19.1%)
frame_001882,-1.0,1.2899,36.4127,0.0746,37.8413,543,52.74, -> dumbbell (52.7%)
frame_001883,-1.0,1.2774,35.7161,0.0703,37.1271,561,31.33, -> forklift (31.3%)
frame_001884,-1.0,1.2913,35.6564,0.0697,37.0769,882,30.26, -> vacuum (30.3%)
frame_001885,-1.0,1.5239,36.1915,0.07,37.8466,561,21.63, -> forklift (21.6%)
frame_001886,-1.0,1.2322,36.2629,0.0708,37.6266,561,30.57, -> forklift (30.6%)
frame_001887,-1.0,1.4385,36.9354,0.0723,38.505,561,29.52, -> forklift (29.5%)
frame_001888,-1.0,1.336,36.1607,0.0723,37.6319,543,20.37, -> dumbbell (20.4%)
frame_001889,-1.0,1.3505,35.8555,0.0729,37.3402,882,25.01, -> vacuum (25.0%)
frame_001890,-1.0,1.2776,35.9921,0.0685,37.3992,561,17.89, -> forklift (17.9%)
frame_001891,-1.0,1.2877,36.0172,0.0748,37.4413,561,16.36, -> forklift (16.4%)
frame_001892,-1.0,1.4569,39.8326,0.0737,41.4268,882,16.03, -> vacuum (16.0%)
frame_001893,-1.0,1.2934,35.8245,0.0748,37.2545,882,19.99, -> vacuum (20.0%)
frame_001894,-1.0,1.322,35.9044,0.075,37.3634,882,16.51, -> vacuum (16.5%)
frame_001895,-1.0,1.298,35.7119,0.0701,37.1406,561,19.87, -> forklift (19.9%)
frame_001896,-1.0,1.3388,36.0232,0.0689,37.4933,561,20.28, -> forklift (20.3%)
frame_001897,-1.0,1.4698,42.4222,0.0729,44.0236,561,16.85, -> forklift (16.9%)
frame_001898,-1.0,1.2956,36.5216,0.0695,37.9476,882,20.66, -> vacuum (20.7%)
frame_001899,-1.0,1.5006,39.0447,0.07,40.6759,882,17.58, -> vacuum (17.6%)
frame_001900,-1.0,1.2526,35.6185,0.0717,37.0028,561,16.82, -> forklift (16.8%)
frame_001901,-1.0,1.318,35.9288,0.0729,37.3813,882,16.4, -> vacuum (16.4%)
frame_001902,-1.0,1.316,35.9196,0.0704,37.3684,882,17.28, -> vacuum (17.3%)
frame_001903,-1.0,1.3116,37.9015,0.0707,39.345,561,21.0, -> forklift (21.0%)
frame_001904,-1.0,1.2185,35.6926,0.0719,37.0437,561,17.67, -> forklift (17.7%)
frame_001905,-1.0,1.2917,36.0186,0.0688,37.441,561,17.48, -> forklift (17.5%)
frame_001906,-1.0,1.3446,35.9261,0.0713,37.4048,882,17.81, -> vacuum (17.8%)
frame_001907,-1.0,1.2556,36.4097,0.0698,37.798,561,18.74, -> forklift (18.7%)
frame_001908,-1.0,1.5249,37.3337,0.0708,38.9905,882,17.89, -> vacuum (17.9%)
frame_001909,-1.0,1.2918,35.7558,0.0695,37.1775,561,17.9, -> forklift (17.9%)
frame_001910,-1.0,1.4666,47.8061,0.0726,49.4063,561,21.46, -> forklift (21.5%)
frame_001911,-1.0,1.2714,36.2145,0.0714,37.6204,882,17.3, -> vacuum (17.3%)
frame_001912,-1.0,1.3228,36.2405,0.072,37.6939,561,17.79, -> forklift (17.8%)
frame_001913,-1.0,1.4696,39.9042,0.071,41.5046,561,18.42, -> forklift (18.4%)
frame_001914,-1.0,1.4785,36.7282,0.0699,38.3368,561,24.43, -> forklift (24.4%)
frame_001915,-1.0,1.293,36.1836,0.0709,37.6067,561,22.69, -> forklift (22.7%)
frame_001916,-1.0,1.3737,39.8336,0.073,41.344,561,18.08, -> forklift (18.1%)
frame_001917,-1.0,1.2902,36.0692,0.0713,37.4921,882,17.6, -> vacuum (17.6%)
frame_001918,-1.0,1.2809,36.4789,0.0714,37.8929,882,19.46, -> vacuum (19.5%)
frame_001919,-1.0,1.3766,36.0715,0.0707,37.5789,561,16.86, -> forklift (16.9%)
frame_001920,-1.0,1.494,37.6982,0.074,39.3271,882,15.96, -> vacuum (16.0%)
frame_001921,-1.0,1.2914,35.6944,0.0701,37.1159,561,19.65, -> forklift (19.6%)
frame_001922,-1.0,1.2567,35.6608,0.0731,37.051,882,19.2, -> vacuum (19.2%)
frame_001923,-1.0,1.3647,36.1847,0.0718,37.6824,882,24.62, -> vacuum (24.6%)
frame_001924,-1.0,1.2946,35.772,0.0714,37.1983,882,19.44, -> vacuum (19.4%)
frame_001925,-1.0,1.2823,36.0678,0.0745,37.4858,882,17.22, -> vacuum (17.2%)
frame_001926,-1.0,1.3983,36.1106,0.0715,37.6423,882,21.47, -> vacuum (21.5%)
frame_001927,-1.0,1.3033,35.632,0.0713,37.0671,882,14.83, -> vacuum (14.8%)
frame_001928,-1.0,1.3384,36.1489,0.0708,37.6204,882,20.65, -> vacuum (20.7%)
frame_001929,-1.0,1.2385,36.0379,0.076,37.4151,882,19.98, -> vacuum (20.0%)
frame_001930,-1.0,1.2429,36.1465,0.072,37.5214,882,17.57, -> vacuum (17.6%)
frame_001931,-1.0,1.2785,35.5838,0.0712,36.9927,882,16.23, -> vacuum (16.2%)
frame_001932,-1.0,1.4672,36.3582,0.0711,37.9564,882,14.91, -> vacuum (14.9%)
frame_001933,-1.0,1.3044,36.2233,0.0722,37.6623,561,15.58, -> forklift (15.6%)
frame_001934,-1.0,1.2617,36.3449,0.0702,37.7354,561,15.56, -> forklift (15.6%)
frame_001935,-1.0,1.3218,36.4637,0.0744,37.9216,882,20.24, -> vacuum (20.2%)
frame_001936,-1.0,1.3231,36.2025,0.0705,37.658,882,16.42, -> vacuum (16.4%)
frame_001937,-1.0,1.2651,35.6527,0.0732,37.0544,882,17.44, -> vacuum (17.4%)
frame_001938,-1.0,1.2549,36.2123,0.0711,37.5989,882,15.25, -> vacuum (15.2%)
frame_001939,-1.0,1.3218,35.6813,0.0736,37.1381,882,14.68, -> vacuum (14.7%)
frame_001940,-1.0,1.2376,35.9773,0.0709,37.3459,882,18.02, -> vacuum (18.0%)
frame_001941,-1.0,1.4556,40.4617,0.0756,42.056,882,14.6, -> vacuum (14.6%)
frame_001942,-1.0,1.2253,35.9465,0.0703,37.3006,882,17.5, -> vacuum (17.5%)
frame_001943,-1.0,1.3302,36.5144,0.0746,37.9829,561,15.92, -> forklift (15.9%)
frame_001944,-1.0,1.5316,36.1198,0.0692,37.7815,561,28.4, -> forklift (28.4%)
frame_001945,-1.0,1.2748,35.9997,0.071,37.4077,561,28.11, -> forklift (28.1%)
frame_001946,-1.0,1.2694,36.2167,0.0718,37.6217,561,20.72, -> forklift (20.7%)
frame_001947,-1.0,1.2274,35.7344,0.0748,37.0985,561,19.01, -> forklift (19.0%)
frame_001948,-1.0,1.5277,42.4196,0.0694,44.0761,561,18.9, -> forklift (18.9%)
frame_001949,-1.0,1.3874,36.0813,0.0706,37.5995,561,16.94, -> forklift (16.9%)
frame_001950,-1.0,1.4052,37.7004,0.0701,39.2372,882,21.06, -> vacuum (21.1%)
frame_001951,-1.0,1.2523,36.2059,0.0703,37.5885,882,13.81, -> vacuum (13.8%)
frame_001952,-1.0,1.244,35.7823,0.0737,37.162,882,22.39, -> vacuum (22.4%)
frame_001953,-1.0,1.434,40.3494,0.0737,41.9198,882,15.89, -> vacuum (15.9%)
frame_001954,-1.0,1.2519,35.5799,0.0704,36.9632,882,25.01, -> vacuum (25.0%)
frame_001955,-1.0,1.5319,39.6877,0.0692,41.3501,882,18.54, -> vacuum (18.5%)
frame_001956,-1.0,1.3381,36.5671,0.0711,38.0368,882,16.48, -> vacuum (16.5%)
frame_001957,-1.0,1.3275,36.0671,0.072,37.5259,561,18.68, -> forklift (18.7%)
frame_001958,-1.0,1.3344,35.5863,0.0715,37.0525,882,17.75, -> vacuum (17.7%)
frame_001959,-1.0,1.3483,38.2242,0.0709,39.7036,882,20.67, -> vacuum (20.7%)
frame_001960,-1.0,1.3006,35.6972,0.0728,37.1325,882,17.43, -> vacuum (17.4%)
frame_001961,-1.0,1.5273,49.4775,0.0733,51.1416,882,16.03, -> vacuum (16.0%)
frame_001962,-1.0,3.0895,61.9992,0.0832,65.2403,526,84.09, -> desk (84.1%)
frame_001963,-1.0,1.0718,37.8898,0.0831,39.112,526,82.65, -> desk (82.7%)
frame_001964,-1.0,1.0692,35.3205,0.0809,36.5391,526,81.26, -> desk (81.3%)
frame_001965,-1.0,1.5601,41.1944,0.0728,42.8902,526,80.88, -> desk (80.9%)
frame_001966,-1.0,1.3321,35.1709,0.0732,36.6364,526,78.85, -> desk (78.8%)
frame_001967,-1.0,1.338,35.3919,0.0747,36.8654,526,82.52, -> desk (82.5%)
frame_001968,-1.0,1.3229,35.185,0.0735,36.6409,526,81.23, -> desk (81.2%)
frame_001969,-1.0,1.2909,35.2269,0.0686,36.6432,526,80.69, -> desk (80.7%)
frame_001970,-1.0,1.3833,35.1702,0.0708,36.6843,526,84.61, -> desk (84.6%)
frame_001971,-1.0,1.2808,35.6077,0.0708,37.0199,526,82.71, -> desk (82.7%)
frame_001972,-1.0,1.3237,35.0784,0.0716,36.5373,526,83.21, -> desk (83.2%)
frame_001973,-1.0,1.2892,35.0756,0.0733,36.5006,526,84.19, -> desk (84.2%)
frame_001974,-1.0,1.2797,35.3247,0.0715,36.735,526,82.47, -> desk (82.5%)
frame_001975,-1.0,1.2494,35.0374,0.0718,36.4233,526,78.85, -> desk (78.8%)
frame_001976,-1.0,1.3181,35.2182,0.0743,36.6723,526,81.42, -> desk (81.4%)
frame_001977,-1.0,1.8086,35.1306,0.0717,37.0724,526,81.01, -> desk (81.0%)
frame_001978,-1.0,1.4388,37.4018,0.0831,38.9934,526,80.12, -> desk (80.1%)
frame_001979,-1.0,1.5947,36.8686,0.0817,38.6144,526,79.07, -> desk (79.1%)
frame_001980,-1.0,1.5892,37.6842,0.0823,39.4211,526,80.39, -> desk (80.4%)
frame_001981,-1.0,1.5184,35.904,0.0837,37.5755,526,82.22, -> desk (82.2%)
frame_001982,-1.0,1.5142,36.5323,0.0819,38.1948,526,81.06, -> desk (81.1%)
frame_001983,-1.0,1.3938,37.0129,0.0815,38.5582,526,85.01, -> desk (85.0%)
frame_001984,-1.0,1.5006,38.6145,0.0817,40.2643,526,82.95, -> desk (83.0%)
frame_001985,-1.0,1.5071,39.5079,0.0808,41.1627,526,85.27, -> desk (85.3%)
frame_001986,-1.0,1.4115,36.1314,0.0804,37.6886,526,84.69, -> desk (84.7%)
frame_001987,-1.0,1.623,38.5358,0.0834,40.3092,526,78.65, -> desk (78.6%)
frame_001988,-1.0,1.3676,36.0606,0.0835,37.5796,526,76.22, -> desk (76.2%)
frame_001989,-1.0,1.3785,36.9693,0.0803,38.4954,526,79.59, -> desk (79.6%)
frame_001990,-1.0,1.3696,35.979,0.0805,37.497,526,77.39, -> desk (77.4%)
frame_001991,-1.0,1.4747,38.5054,0.0817,40.1292,526,80.59, -> desk (80.6%)
frame_001992,-1.0,1.3932,35.719,0.082,37.2638,526,80.6, -> desk (80.6%)
frame_001993,-1.0,1.3831,35.7135,0.083,37.2467,526,80.95, -> desk (81.0%)
frame_001994,-1.0,1.4831,38.3202,0.0817,39.9521,526,79.58, -> desk (79.6%)
frame_001995,-1.0,1.4307,37.5822,0.084,39.166,526,79.55, -> desk (79.6%)
frame_001996,-1.0,1.3764,35.5915,0.081,37.1165,526,83.47, -> desk (83.5%)
frame_001997,-1.0,1.44,36.466,0.08,38.052,526,82.67, -> desk (82.7%)
frame_001998,-1.0,1.5659,40.2821,0.081,41.9953,526,82.4, -> desk (82.4%)
frame_001999,-1.0,1.3516,35.813,0.0798,37.31,526,82.4, -> desk (82.4%)
frame_002000,-1.0,1.5163,38.3435,0.0838,40.0102,526,82.87, -> desk (82.9%)
frame_002001,-1.0,1.5102,36.8724,0.081,38.5291,526,83.73, -> desk (83.7%)
frame_002002,-1.0,1.4243,35.7615,0.0809,37.3345,526,81.03, -> desk (81.0%)
frame_002003,-1.0,1.466,38.124,0.0816,39.7378,526,83.76, -> desk (83.8%)
frame_002004,-1.0,1.5225,37.9947,0.0844,39.6707,526,84.01, -> desk (84.0%)
frame_002005,-1.0,1.4552,37.1875,0.078,38.7878,526,83.25, -> desk (83.3%)
frame_002006,-1.0,1.4643,44.3863,0.0803,45.9973,526,82.84, -> desk (82.8%)
frame_002007,-1.0,1.5226,47.7726,0.0821,49.4421,526,81.46, -> desk (81.5%)
frame_002008,-1.0,1.4437,38.3842,0.0844,39.9813,526,81.69, -> desk (81.7%)
frame_002009,-1.0,1.5235,37.8668,0.0817,39.539,526,82.68, -> desk (82.7%)
frame_002010,-1.0,1.4436,35.8908,0.0863,37.4898,526,81.97, -> desk (82.0%)
frame_002011,-1.0,1.3699,37.0011,0.0817,38.5244,526,82.57, -> desk (82.6%)
frame_002012,-1.0,1.5745,36.6622,0.0827,38.3883,526,83.28, -> desk (83.3%)
frame_002013,-1.0,1.5637,39.1441,0.0805,40.8567,526,83.11, -> desk (83.1%)
frame_002014,-1.0,1.4434,38.8613,0.0806,40.4526,526,83.05, -> desk (83.1%)
frame_002015,-1.0,1.5351,41.5766,0.0803,43.2599,526,82.37, -> desk (82.4%)
frame_002016,-1.0,1.5088,38.7273,0.0778,40.3795,526,82.83, -> desk (82.8%)
frame_002017,-1.0,1.4217,36.1946,0.0819,37.7657,526,83.14, -> desk (83.1%)
frame_002018,-1.0,1.42,36.296,0.0823,37.865,526,82.06, -> desk (82.1%)
frame_002019,-1.0,1.5517,49.9089,0.083,51.6109,526,83.53, -> desk (83.5%)
frame_002020,-1.0,1.5493,42.8075,0.081,44.5059,526,82.42, -> desk (82.4%)
frame_002021,-1.0,1.3766,35.4702,0.0821,36.9948,526,82.63, -> desk (82.6%)
frame_002022,-1.0,1.5105,38.6525,0.0812,40.3107,526,80.68, -> desk (80.7%)
frame_002023,-1.0,1.4559,37.1765,0.0843,38.785,526,85.37, -> desk (85.4%)
frame_002024,-1.0,1.4922,37.023,0.0833,38.6721,526,85.98, -> desk (86.0%)
frame_002025,-1.0,1.3883,35.7216,0.0799,37.2572,526,83.56, -> desk (83.6%)
frame_002026,-1.0,1.4525,36.9026,0.0801,38.5047,526,83.18, -> desk (83.2%)
frame_002027,-1.0,1.4851,36.5072,0.0827,38.1432,526,82.9, -> desk (82.9%)
frame_002028,-1.0,1.5655,43.1578,0.081,44.8722,526,86.25, -> desk (86.3%)
frame_002029,-1.0,1.4915,38.8349,0.0799,40.4745,526,85.58, -> desk (85.6%)
frame_002030,-1.0,1.3966,36.6776,0.08,38.2212,526,85.91, -> desk (85.9%)
frame_002031,-1.0,1.5393,42.8474,0.082,44.5336,526,84.37, -> desk (84.4%)
frame_002032,-1.0,1.4663,37.7626,0.0814,39.3783,526,85.48, -> desk (85.5%)
frame_002033,-1.0,1.477,36.0248,0.0802,37.6487,526,85.25, -> desk (85.2%)
frame_002034,-1.0,1.4914,37.2375,0.084,38.8808,526,83.54, -> desk (83.5%)
frame_002035,-1.0,1.381,36.2571,0.0809,37.7859,526,83.58, -> desk (83.6%)
frame_002036,-1.0,1.4704,37.7265,0.0792,39.3431,526,83.44, -> desk (83.4%)
frame_002037,-1.0,1.4635,38.2508,0.0857,39.8671,526,84.0, -> desk (84.0%)
frame_002038,-1.0,1.491,37.0732,0.0827,38.7162,526,83.43, -> desk (83.4%)
frame_002039,-1.0,1.4712,37.3982,0.0802,39.0176,526,83.38, -> desk (83.4%)
frame_002040,-1.0,1.4712,38.5118,0.0827,40.1339,526,83.28, -> desk (83.3%)
frame_002041,-1.0,1.4838,36.2854,0.081,37.9213,526,81.79, -> desk (81.8%)
frame_002042,-1.0,1.5011,38.9833,0.0799,40.6336,526,83.46, -> desk (83.5%)
frame_002043,-1.0,1.3955,35.8169,0.0814,37.3626,526,82.95, -> desk (83.0%)
frame_002044,-1.0,1.5559,36.2197,0.0906,37.9379,526,83.42, -> desk (83.4%)
frame_002045,-1.0,1.5768,39.0619,0.0814,40.7863,526,84.04, -> desk (84.0%)
frame_002046,-1.0,1.4358,37.5731,0.0805,39.1581,526,82.89, -> desk (82.9%)
frame_002047,-1.0,1.5002,36.8136,0.0801,38.461,526,83.17, -> desk (83.2%)
frame_002048,-1.0,1.4154,35.9186,0.0852,37.4862,526,83.6, -> desk (83.6%)
frame_002049,-1.0,1.485,36.2913,0.0798,37.9246,526,79.02, -> desk (79.0%)
frame_002050,-1.0,1.3269,36.0751,0.08,37.5502,526,81.96, -> desk (82.0%)
frame_002051,-1.0,1.5977,37.2815,0.0844,39.0318,526,81.72, -> desk (81.7%)
frame_002052,-1.0,1.5127,37.401,0.0799,39.0624,526,86.7, -> desk (86.7%)
frame_002053,-1.0,1.339,35.8826,0.0821,37.3715,526,57.5, -> desk (57.5%)
frame_002054,-1.0,1.4551,36.7465,0.0823,38.3527,526,76.0, -> desk (76.0%)
frame_002055,-1.0,1.4591,37.3377,0.0876,38.9543,526,84.88, -> desk (84.9%)
frame_002056,-1.0,1.4182,38.8909,0.0813,40.4569,526,84.2, -> desk (84.2%)
frame_002057,-1.0,1.3846,36.8998,0.0807,38.4333,526,84.31, -> desk (84.3%)
frame_002058,-1.0,1.3406,35.6192,0.0795,37.1057,526,81.79, -> desk (81.8%)
frame_002059,-1.0,1.4304,37.0489,0.0807,38.6265,526,89.21, -> desk (89.2%)
frame_002060,-1.0,1.3773,36.5314,0.0843,38.0625,526,88.38, -> desk (88.4%)
frame_002061,-1.0,1.6097,43.2117,0.0821,44.9701,526,86.63, -> desk (86.6%)
frame_002062,-1.0,1.3537,36.2918,0.0796,37.7938,526,83.55, -> desk (83.5%)
frame_002063,-1.0,1.4364,37.6797,0.0802,39.2623,526,83.7, -> desk (83.7%)
frame_002064,-1.0,1.507,40.0622,0.079,41.7152,526,83.24, -> desk (83.2%)
frame_002065,-1.0,1.5551,39.3754,0.0786,41.0741,526,84.15, -> desk (84.1%)
frame_002066,-1.0,1.4554,38.5955,0.0809,40.1987,526,84.18, -> desk (84.2%)
frame_002067,-1.0,1.435,35.9075,0.0809,37.4894,526,83.35, -> desk (83.4%)
frame_002068,-1.0,1.3845,35.6872,0.0828,37.2237,526,76.03, -> desk (76.0%)
frame_002069,-1.0,1.4704,41.776,0.0861,43.4003,526,81.61, -> desk (81.6%)
frame_002070,-1.0,1.4607,36.9434,0.0805,38.5515,526,80.97, -> desk (81.0%)
frame_002071,-1.0,1.4605,39.78,0.0799,41.3862,526,78.6, -> desk (78.6%)
frame_002072,-1.0,1.4391,36.5358,0.0825,38.1257,526,62.73, -> desk (62.7%)
frame_002073,-1.0,1.3655,35.6469,0.0827,37.1616,526,65.49, -> desk (65.5%)
frame_002074,-1.0,1.4648,37.8696,0.0815,39.4841,526,69.9, -> desk (69.9%)
frame_002075,-1.0,1.4624,36.5452,0.0791,38.1534,526,62.26, -> desk (62.3%)
frame_002076,-1.0,1.4671,37.3535,0.0804,38.9676,526,53.11, -> desk (53.1%)
frame_002077,-1.0,1.4363,36.6133,0.0802,38.196,526,57.57, -> desk (57.6%)
frame_002078,-1.0,1.3855,36.2337,0.0824,37.7708,526,55.99, -> desk (56.0%)
frame_002079,-1.0,1.5948,44.7553,0.079,46.4954,526,66.18, -> desk (66.2%)
frame_002080,-1.0,1.4348,39.3542,0.0783,40.9347,526,59.22, -> desk (59.2%)
frame_002081,-1.0,1.3598,35.6966,0.0802,37.2042,526,68.71, -> desk (68.7%)
frame_002082,-1.0,1.5558,37.083,0.0815,38.7886,526,60.34, -> desk (60.3%)
frame_002083,-1.0,1.4403,39.7192,0.0825,41.3098,526,51.45, -> desk (51.5%)
frame_002084,-1.0,1.3153,35.1714,0.082,36.6386,526,72.26, -> desk (72.3%)
frame_002085,-1.0,1.2227,35.0145,0.0826,36.3901,526,67.99, -> desk (68.0%)
frame_002086,-1.0,1.287,35.7771,0.0841,37.2202,526,58.53, -> desk (58.5%)
frame_002087,-1.0,1.2402,35.1257,0.083,36.5224,526,67.73, -> desk (67.7%)
frame_002088,-1.0,1.236,35.1139,0.0802,36.503,526,71.65, -> desk (71.7%)
frame_002089,-1.0,1.5029,40.2325,0.0828,41.8856,526,74.11, -> desk (74.1%)
frame_002090,-1.0,1.2176,35.048,0.0825,36.4154,526,66.13, -> desk (66.1%)
frame_002091,-1.0,1.2433,34.8899,0.0801,36.2823,526,57.8, -> desk (57.8%)
frame_002092,-1.0,1.2116,35.3712,0.0828,36.7318,526,56.6, -> desk (56.6%)
frame_002093,-1.0,1.2097,35.5268,0.0831,36.8904,526,56.71, -> desk (56.7%)
frame_002094,-1.0,1.24,35.4442,0.0791,36.8297,526,54.69, -> desk (54.7%)
frame_002095,-1.0,1.2514,35.8841,0.0811,37.2832,526,64.75, -> desk (64.7%)
frame_002096,-1.0,1.2995,35.6525,0.081,37.1008,526,52.49, -> desk (52.5%)
frame_002097,-1.0,1.2495,35.1826,0.0799,36.5808,526,60.96, -> desk (61.0%)
frame_002098,-1.0,1.2661,35.0758,0.0794,36.4894,526,61.58, -> desk (61.6%)
frame_002099,-1.0,1.268,36.1479,0.0835,37.5681,526,39.99, -> desk (40.0%)
frame_002100,-1.0,1.3478,35.4353,0.0809,36.9358,526,56.15, -> desk (56.2%)
frame_002101,-1.0,1.255,35.3307,0.0809,36.7381,526,50.04, -> desk (50.0%)
frame_002102,-1.0,1.4025,35.6767,0.0807,37.226,526,56.97, -> desk (57.0%)
frame_002103,-1.0,1.2505,35.7452,0.0852,37.1472,526,62.7, -> desk (62.7%)
frame_002104,-1.0,1.2956,35.5408,0.0799,36.987,526,67.56, -> desk (67.6%)
frame_002105,-1.0,1.2443,35.4925,0.0794,36.8843,526,63.0, -> desk (63.0%)
frame_002106,-1.0,1.2597,36.0516,0.081,37.4582,526,57.3, -> desk (57.3%)
frame_002107,-1.0,1.2854,35.5407,0.0874,36.9808,526,64.18, -> desk (64.2%)
frame_002108,-1.0,1.338,36.7322,0.081,38.2202,526,50.86, -> desk (50.9%)
frame_002109,-1.0,1.272,35.0946,0.0814,36.514,526,63.17, -> desk (63.2%)
frame_002110,-1.0,1.2423,35.756,0.0817,37.1475,526,56.25, -> desk (56.3%)
frame_002111,-1.0,1.4923,40.2018,0.081,41.8426,526,65.74, -> desk (65.7%)
frame_002112,-1.0,1.2301,35.3049,0.0802,36.6855,526,51.96, -> desk (52.0%)
frame_002113,-1.0,1.2594,35.0182,0.0805,36.4256,526,52.02, -> desk (52.0%)
frame_002114,-1.0,1.2467,35.8031,0.0813,37.1983,526,33.02, -> desk (33.0%)
frame_002115,-1.0,1.2267,35.7565,0.08,37.1306,526,50.92, -> desk (50.9%)
frame_002116,-1.0,1.2026,35.2008,0.0846,36.5558,526,57.08, -> desk (57.1%)
frame_002117,-1.0,1.242,35.3007,0.0825,36.6989,526,36.16, -> desk (36.2%)
frame_002118,-1.0,1.2595,35.3626,0.0814,36.7706,526,31.53, -> desk (31.5%)
frame_002119,-1.0,1.343,35.532,0.0867,37.033,407,41.88, -> ambulance (41.9%)
frame_002120,-1.0,1.2411,35.1809,0.0844,36.5796,526,36.87, -> desk (36.9%)
frame_002121,-1.0,1.4837,39.5138,0.081,41.1459,526,30.28, -> desk (30.3%)
frame_002122,-1.0,1.2516,35.3774,0.0786,36.775,526,29.0, -> desk (29.0%)
frame_002123,-1.0,1.303,36.8561,0.0849,38.3132,526,33.86, -> desk (33.9%)
frame_002124,-1.0,1.3096,35.2519,0.0825,36.7118,526,41.35, -> desk (41.3%)
frame_002125,-1.0,1.2967,35.8653,0.0795,37.3084,526,40.59, -> desk (40.6%)
frame_002126,-1.0,1.4078,35.3103,0.0827,36.8688,526,53.65, -> desk (53.7%)
frame_002127,-1.0,1.2592,35.652,0.0834,37.0649,526,49.3, -> desk (49.3%)
frame_002128,-1.0,1.2149,35.4138,0.0857,36.7835,526,33.56, -> desk (33.6%)
frame_002129,-1.0,1.28,35.7775,0.0828,37.2072,526,41.77, -> desk (41.8%)
frame_002130,-1.0,1.3336,35.7449,0.0823,37.2282,526,47.37, -> desk (47.4%)
frame_002131,-1.0,1.2794,36.1185,0.0802,37.5447,526,46.28, -> desk (46.3%)
frame_002132,-1.0,1.3263,35.0092,0.0813,36.4856,526,46.02, -> desk (46.0%)
frame_002133,-1.0,1.2766,35.1803,0.0839,36.611,526,25.69, -> desk (25.7%)
frame_002134,-1.0,1.2682,34.9331,0.0819,36.3534,526,54.14, -> desk (54.1%)
frame_002135,-1.0,1.2705,34.9934,0.0808,36.4123,553,36.19, -> file (36.2%)
frame_002136,-1.0,1.3107,35.0233,0.0813,36.482,526,31.48, -> desk (31.5%)
frame_002137,-1.0,1.3151,35.5686,0.0802,37.0304,526,28.68, -> desk (28.7%)
frame_002138,-1.0,1.2593,34.8072,0.0826,36.2166,526,19.02, -> desk (19.0%)
frame_002139,-1.0,1.2962,34.8558,0.0814,36.3007,553,32.61, -> file (32.6%)
frame_002140,-1.0,1.2325,35.235,0.0811,36.6157,553,27.47, -> file (27.5%)
frame_002141,-1.0,1.5133,41.7292,0.0808,43.3916,526,34.18, -> desk (34.2%)
frame_002142,-1.0,1.2683,34.6633,0.0685,36.0568,553,39.22, -> file (39.2%)
frame_002143,-1.0,1.5227,34.2356,0.0699,35.8861,771,17.94, -> safe (17.9%)
frame_002144,-1.0,1.2534,34.3639,0.0696,35.7461,553,40.38, -> file (40.4%)
frame_002145,-1.0,1.5416,34.9777,0.0744,36.656,771,22.79, -> safe (22.8%)
frame_002146,-1.0,1.3418,34.5136,0.0691,35.986,526,29.95, -> desk (30.0%)
frame_002147,-1.0,1.3829,36.719,0.0725,38.2366,553,28.12, -> file (28.1%)
frame_002148,-1.0,1.2847,34.3663,0.0705,35.7817,553,12.66, -> file (12.7%)
frame_002149,-1.0,1.2387,34.6462,0.0691,36.0142,771,17.48, -> safe (17.5%)
frame_002150,-1.0,1.4194,36.825,0.072,38.3786,648,26.39, -> medicine chest (26.4%)
frame_002151,-1.0,1.3809,38.6178,0.0692,40.1293,771,21.0, -> safe (21.0%)
frame_002152,-1.0,1.2768,34.1641,0.0716,35.573,771,22.67, -> safe (22.7%)
frame_002153,-1.0,1.2637,34.6245,0.0713,36.0191,771,15.95, -> safe (16.0%)
frame_002154,-1.0,1.4849,39.7022,0.069,41.315,553,50.17, -> file (50.2%)
frame_002155,-1.0,1.2064,34.3008,0.0697,35.6385,553,32.53, -> file (32.5%)
frame_002156,-1.0,1.278,35.0508,0.0707,36.4594,771,34.89, -> safe (34.9%)
frame_002157,-1.0,1.3486,34.2107,0.0694,35.6888,771,39.18, -> safe (39.2%)
frame_002158,-1.0,1.4111,39.8333,0.0737,41.3799,771,27.12, -> safe (27.1%)
frame_002159,-1.0,1.5062,40.6535,0.0713,42.2941,771,33.28, -> safe (33.3%)
frame_002160,-1.0,1.2732,34.1768,0.0711,35.5797,526,19.08, -> desk (19.1%)
frame_002161,-1.0,1.2864,34.3195,0.078,35.7458,771,15.49, -> safe (15.5%)
frame_002162,-1.0,1.3347,35.2073,0.0679,36.6698,648,21.75, -> medicine chest (21.7%)
frame_002163,-1.0,1.4114,37.8201,0.074,39.3689,648,16.41, -> medicine chest (16.4%)
frame_002164,-1.0,1.5005,36.0831,0.0691,37.7122,648,19.87, -> medicine chest (19.9%)
frame_002165,-1.0,1.3271,34.4024,0.0754,35.8678,648,17.68, -> medicine chest (17.7%)
frame_002166,-1.0,1.2962,34.2517,0.0695,35.6756,648,20.37, -> medicine chest (20.4%)
frame_002167,-1.0,1.3211,34.5723,0.0686,36.0227,648,16.62, -> medicine chest (16.6%)
frame_002168,-1.0,1.3013,34.3521,0.0723,35.7848,771,16.01, -> safe (16.0%)
frame_002169,-1.0,1.264,34.0206,0.0741,35.4199,771,22.12, -> safe (22.1%)
frame_002170,-1.0,1.2864,34.7546,0.0688,36.1695,648,22.01, -> medicine chest (22.0%)
frame_002171,-1.0,1.2696,34.0396,0.0716,35.4448,771,18.54, -> safe (18.5%)
frame_002172,-1.0,1.2548,34.4566,0.0702,35.8441,648,21.31, -> medicine chest (21.3%)
frame_002173,-1.0,1.2626,34.2227,0.069,35.6122,648,22.43, -> medicine chest (22.4%)
frame_002174,-1.0,1.2687,34.4764,0.07,35.8749,648,22.91, -> medicine chest (22.9%)
frame_002175,-1.0,1.2978,34.3748,0.0723,35.8081,648,27.29, -> medicine chest (27.3%)
frame_002176,-1.0,1.5438,37.8282,0.0728,39.5079,648,17.88, -> medicine chest (17.9%)
frame_002177,-1.0,1.4944,36.5512,0.0719,38.1786,771,22.97, -> safe (23.0%)
frame_002178,-1.0,1.4841,37.1142,0.0685,38.7288,648,24.74, -> medicine chest (24.7%)
frame_002179,-1.0,1.2778,34.4368,0.0696,35.8447,771,20.17, -> safe (20.2%)
frame_002180,-1.0,1.275,35.0383,0.0709,36.444,771,16.12, -> safe (16.1%)
frame_002181,-1.0,1.3077,34.4354,0.0735,35.877,648,16.19, -> medicine chest (16.2%)
frame_002182,-1.0,1.2949,34.3733,0.0699,35.7977,771,17.64, -> safe (17.6%)
frame_002183,-1.0,1.2415,34.5989,0.0702,35.9703,771,20.95, -> safe (20.9%)
frame_002184,-1.0,1.3072,34.6691,0.0712,36.1077,771,20.4, -> safe (20.4%)
frame_002185,-1.0,1.3022,34.4981,0.071,35.9316,771,14.67, -> safe (14.7%)
frame_002186,-1.0,1.4807,36.5938,0.0749,38.2127,548,14.08, -> entertainment center (14.1%)
frame_002187,-1.0,1.4331,38.019,0.0696,39.5796,771,24.38, -> safe (24.4%)
frame_002188,-1.0,1.2479,34.3899,0.0681,35.7697,526,13.57, -> desk (13.6%)
frame_002189,-1.0,1.4881,34.7913,0.0694,36.4081,771,12.41, -> safe (12.4%)
frame_002190,-1.0,1.3016,34.4362,0.0701,35.8681,648,14.54, -> medicine chest (14.5%)
frame_002191,-1.0,1.4195,35.436,0.0701,36.988,648,16.71, -> medicine chest (16.7%)
frame_002192,-1.0,1.2884,34.3577,0.0687,35.7741,648,19.09, -> medicine chest (19.1%)
frame_002193,-1.0,1.3614,34.7009,0.0726,36.1952,648,24.79, -> medicine chest (24.8%)
frame_002194,-1.0,1.5008,35.1409,0.0701,36.7716,648,26.77, -> medicine chest (26.8%)
frame_002195,-1.0,1.2561,34.3057,0.0696,35.6914,648,33.45, -> medicine chest (33.5%)
frame_002196,-1.0,1.4537,34.2283,0.069,35.8092,648,34.77, -> medicine chest (34.8%)
frame_002197,-1.0,1.2875,34.7496,0.0704,36.1668,526,18.87, -> desk (18.9%)
frame_002198,-1.0,1.319,34.2862,0.0746,35.7394,771,23.05, -> safe (23.0%)
frame_002199,-1.0,1.4097,38.877,0.0737,40.4223,548,38.56, -> entertainment center (38.6%)
frame_002200,-1.0,1.4833,35.4186,0.0762,37.0387,548,41.84, -> entertainment center (41.8%)
frame_002201,-1.0,1.3044,34.3976,0.0727,35.8379,771,21.13, -> safe (21.1%)
frame_002202,-1.0,1.2852,34.4705,0.0742,35.8939,771,25.21, -> safe (25.2%)
frame_002203,-1.0,1.3488,35.3914,0.0719,36.8712,771,30.37, -> safe (30.4%)
frame_002204,-1.0,1.3671,36.2165,0.0692,37.7123,771,32.33, -> safe (32.3%)
frame_002205,-1.0,1.306,34.1962,0.0694,35.6333,771,35.4, -> safe (35.4%)
frame_002206,-1.0,1.2456,34.6459,0.0694,36.0202,771,36.67, -> safe (36.7%)
frame_002207,-1.0,1.4608,37.1275,0.0698,38.7178,771,35.81, -> safe (35.8%)
frame_002208,-1.0,1.26,34.4702,0.0715,35.8639,771,43.48, -> safe (43.5%)
frame_002209,-1.0,1.4798,36.153,0.0697,37.7632,548,18.18, -> entertainment center (18.2%)
frame_002210,-1.0,1.2715,34.2229,0.0722,35.6268,548,62.01, -> entertainment center (62.0%)
frame_002211,-1.0,1.3996,35.019,0.0724,36.5527,548,74.23, -> entertainment center (74.2%)
frame_002212,-1.0,1.2875,34.4246,0.0701,35.8424,548,47.72, -> entertainment center (47.7%)
frame_002213,-1.0,1.4654,37.6839,0.073,39.2809,771,14.68, -> safe (14.7%)
frame_002214,-1.0,1.256,35.1314,0.0703,36.5188,771,33.11, -> safe (33.1%)
frame_002215,-1.0,1.2588,34.4633,0.0698,35.8522,771,32.67, -> safe (32.7%)
frame_002216,-1.0,1.4054,37.0364,0.071,38.5729,771,18.75, -> safe (18.7%)
frame_002217,-1.0,1.2337,34.541,0.0724,35.9104,830,17.71, -> stretcher (17.7%)
frame_002218,-1.0,1.2905,34.3309,0.0701,35.7498,548,87.11, -> entertainment center (87.1%)
frame_002219,-1.0,1.2938,34.502,0.0721,35.9307,548,69.7, -> entertainment center (69.7%)
frame_002220,-1.0,1.3157,34.8044,0.0704,36.2503,548,26.62, -> entertainment center (26.6%)
frame_002221,-1.0,1.273,34.2993,0.0711,35.702,830,37.21, -> stretcher (37.2%)
frame_002222,-1.0,1.4992,37.7063,0.0674,39.3336,657,18.29, -> missile (18.3%)
frame_002223,-1.0,1.4069,38.287,0.0713,39.8258,657,31.03, -> missile (31.0%)
frame_002224,-1.0,1.4532,40.4473,0.0734,42.0388,771,19.56, -> safe (19.6%)
frame_002225,-1.0,1.3397,34.2334,0.0733,35.7094,657,13.94, -> missile (13.9%)
frame_002226,-1.0,1.2785,35.3996,0.0715,36.8125,657,26.65, -> missile (26.6%)
frame_002227,-1.0,1.2726,35.6363,0.0691,37.0378,657,18.45, -> missile (18.5%)
frame_002228,-1.0,1.2754,35.4404,0.0703,36.846,657,28.03, -> missile (28.0%)
frame_002229,-1.0,1.267,35.2114,0.0697,36.6074,771,16.88, -> safe (16.9%)
frame_002230,-1.0,1.315,35.3151,0.07,36.7612,471,28.21, -> cannon (28.2%)
frame_002231,-1.0,1.5251,41.3045,0.0713,42.9632,471,19.06, -> cannon (19.1%)
frame_002232,-1.0,1.3283,35.4741,0.0689,36.932,771,26.98, -> safe (27.0%)
frame_002233,-1.0,1.2634,34.9311,0.074,36.3311,771,26.81, -> safe (26.8%)
frame_002234,-1.0,1.4053,37.5007,0.0692,39.0372,771,24.56, -> safe (24.6%)
frame_002235,-1.0,1.3092,34.8485,0.0738,36.2942,471,30.57, -> cannon (30.6%)
frame_002236,-1.0,1.2843,34.9236,0.0738,36.3467,471,30.17, -> cannon (30.2%)
frame_002237,-1.0,1.3707,35.287,0.0698,36.7865,471,34.53, -> cannon (34.5%)
frame_002238,-1.0,1.3785,35.8439,0.0708,37.3525,471,23.94, -> cannon (23.9%)
frame_002239,-1.0,1.2918,35.0631,0.0682,36.4821,471,27.73, -> cannon (27.7%)
frame_002240,-1.0,1.3392,35.1457,0.07,36.6165,471,31.37, -> cannon (31.4%)
frame_002241,-1.0,1.456,39.7573,0.072,41.3484,471,29.02, -> cannon (29.0%)
frame_002242,-1.0,1.2853,35.542,0.0729,36.9624,471,27.03, -> cannon (27.0%)
frame_002243,-1.0,1.3102,34.9811,0.0729,36.4257,657,26.74, -> missile (26.7%)
frame_002244,-1.0,1.3138,34.8402,0.0706,36.2851,657,39.04, -> missile (39.0%)
frame_002245,-1.0,1.332,35.9221,0.0729,37.3878,657,45.1, -> missile (45.1%)
frame_002246,-1.0,1.3952,35.1496,0.0715,36.6785,882,18.19, -> vacuum (18.2%)
frame_002247,-1.0,1.4397,35.7329,0.0698,37.3018,548,47.45, -> entertainment center (47.5%)
frame_002248,-1.0,1.2951,34.7817,0.0699,36.2077,657,46.18, -> missile (46.2%)
frame_002249,-1.0,1.3962,35.7328,0.0706,37.2596,657,16.76, -> missile (16.8%)
frame_002250,-1.0,1.2988,35.0535,0.0701,36.4838,771,39.99, -> safe (40.0%)
frame_002251,-1.0,1.3641,35.1595,0.0725,36.6574,771,49.79, -> safe (49.8%)
frame_002252,-1.0,1.2864,35.2308,0.0678,36.645,771,51.23, -> safe (51.2%)
frame_002253,-1.0,1.3066,35.036,0.0695,36.4719,771,46.65, -> safe (46.7%)
frame_002254,-1.0,1.2995,35.5812,0.0692,37.0096,771,48.54, -> safe (48.5%)
frame_002255,-1.0,1.4599,44.2104,0.0706,45.803,771,45.97, -> safe (46.0%)
frame_002256,-1.0,1.2833,35.0993,0.0704,36.5135,771,48.69, -> safe (48.7%)
frame_002257,-1.0,1.2932,34.9978,0.0695,36.4185,771,45.38, -> safe (45.4%)
frame_002258,-1.0,1.2842,35.6889,0.0683,37.101,771,50.66, -> safe (50.7%)
frame_002259,-1.0,1.536,36.6143,0.0691,38.2797,771,40.23, -> safe (40.2%)
frame_002260,-1.0,1.2654,35.5243,0.0685,36.9199,771,45.68, -> safe (45.7%)
frame_002261,-1.0,1.3603,34.9676,0.0696,36.4557,771,44.26, -> safe (44.3%)
frame_002262,-1.0,1.3718,38.6783,0.0691,40.1796,771,54.13, -> safe (54.1%)
frame_002263,-1.0,1.3455,35.6178,0.0719,37.0945,882,44.16, -> vacuum (44.2%)
frame_002264,-1.0,1.2824,35.3764,0.0714,36.7924,548,12.26, -> entertainment center (12.3%)
frame_002265,-1.0,1.2842,35.404,0.0736,36.8249,771,22.03, -> safe (22.0%)
frame_002266,-1.0,1.2228,35.5076,0.0737,36.8674,548,15.86, -> entertainment center (15.9%)
frame_002267,-1.0,1.2827,35.1288,0.0692,36.5404,648,12.58, -> medicine chest (12.6%)
frame_002268,-1.0,1.3591,36.9733,0.0695,38.4616,771,54.97, -> safe (55.0%)
frame_002269,-1.0,1.4678,35.3305,0.0729,36.9315,771,47.14, -> safe (47.1%)
frame_002270,-1.0,1.3839,38.2983,0.0748,39.8191,771,51.58, -> safe (51.6%)
frame_002271,-1.0,1.2618,34.9438,0.0696,36.3361,771,40.88, -> safe (40.9%)
frame_002272,-1.0,1.3089,35.4162,0.0729,36.8605,771,41.21, -> safe (41.2%)
frame_002273,-1.0,1.3151,35.0089,0.0686,36.4509,771,27.1, -> safe (27.1%)
frame_002274,-1.0,1.2891,34.8985,0.0731,36.3253,771,30.01, -> safe (30.0%)
frame_002275,-1.0,1.2427,35.5214,0.0691,36.8928,771,42.74, -> safe (42.7%)
frame_002276,-1.0,1.3231,35.7378,0.0727,37.1946,771,49.89, -> safe (49.9%)
frame_002277,-1.0,1.522,39.7198,0.0727,41.3757,771,42.7, -> safe (42.7%)
frame_002278,-1.0,1.465,36.2276,0.0706,37.8223,771,71.26, -> safe (71.3%)
frame_002279,-1.0,1.2741,35.097,0.0712,36.5024,771,67.65, -> safe (67.6%)
frame_002280,-1.0,1.4702,35.6328,0.0733,37.2395,771,24.96, -> safe (25.0%)
frame_002281,-1.0,1.3787,35.1834,0.0693,36.6932,771,80.22, -> safe (80.2%)
frame_002282,-1.0,1.2372,35.057,0.0727,36.4309,771,81.92, -> safe (81.9%)
frame_002283,-1.0,1.3615,35.4134,0.0674,36.9031,771,76.75, -> safe (76.7%)
frame_002284,-1.0,1.2286,35.4098,0.0679,36.7676,771,83.93, -> safe (83.9%)
frame_002285,-1.0,1.2958,34.9643,0.0706,36.3901,771,91.91, -> safe (91.9%)
frame_002286,-1.0,1.3723,35.8562,0.0701,37.3575,771,81.54, -> safe (81.5%)
frame_002287,-1.0,1.2703,36.1328,0.072,37.5377,771,83.03, -> safe (83.0%)
frame_002288,-1.0,1.3852,35.4502,0.0688,36.9654,771,73.91, -> safe (73.9%)
frame_002289,-1.0,1.2712,35.3585,0.0709,36.7623,771,57.37, -> safe (57.4%)
frame_002290,-1.0,1.2557,35.1562,0.0726,36.545,771,57.57, -> safe (57.6%)
frame_002291,-1.0,1.2558,35.357,0.0726,36.7466,771,51.07, -> safe (51.1%)
frame_002292,-1.0,1.5379,38.6899,0.07,40.3572,675,13.6, -> moving van (13.6%)
frame_002293,-1.0,1.4517,47.2997,0.0694,48.8798,553,21.75, -> file (21.8%)
frame_002294,-1.0,1.3324,35.3526,0.0708,36.8219,548,20.23, -> entertainment center (20.2%)
frame_002295,-1.0,1.4895,38.5137,0.0736,40.137,771,57.64, -> safe (57.6%)
frame_002296,-1.0,1.2894,35.4795,0.0678,36.8942,553,22.79, -> file (22.8%)
frame_002297,-1.0,1.332,35.5634,0.0742,37.0332,553,23.91, -> file (23.9%)
frame_002298,-1.0,1.3373,35.4215,0.0691,36.8905,526,34.08, -> desk (34.1%)
frame_002299,-1.0,1.367,39.054,0.0732,40.5578,553,37.44, -> file (37.4%)
frame_002300,-1.0,1.2901,35.5467,0.0726,36.9709,526,55.08, -> desk (55.1%)
frame_002301,-1.0,1.2764,35.5309,0.0709,36.9375,771,42.85, -> safe (42.8%)
frame_002302,-1.0,1.2965,35.1562,0.0734,36.5866,526,35.16, -> desk (35.2%)
frame_002303,-1.0,1.3143,35.2818,0.0737,36.7303,526,36.39, -> desk (36.4%)
frame_002304,-1.0,1.3439,35.2837,0.0742,36.766,526,30.01, -> desk (30.0%)
frame_002305,-1.0,1.2419,35.9143,0.0694,37.2861,553,27.06, -> file (27.1%)
frame_002306,-1.0,1.2861,35.3639,0.0678,36.778,526,32.06, -> desk (32.1%)
frame_002307,-1.0,1.2643,35.4972,0.07,36.8912,526,32.76, -> desk (32.8%)
frame_002308,-1.0,1.3163,35.8011,0.0692,37.2469,526,46.44, -> desk (46.4%)
frame_002309,-1.0,1.2614,36.2048,0.0696,37.5963,526,30.15, -> desk (30.1%)
frame_002310,-1.0,1.2449,35.9236,0.0707,37.298,526,29.11, -> desk (29.1%)
frame_002311,-1.0,1.2929,35.4522,0.0718,36.879,526,67.71, -> desk (67.7%)
frame_002312,-1.0,1.3106,35.7775,0.0703,37.2179,526,39.19, -> desk (39.2%)
frame_002313,-1.0,1.2349,35.4643,0.0696,36.8286,526,60.94, -> desk (60.9%)
frame_002314,-1.0,1.2825,35.4752,0.0724,36.893,526,60.17, -> desk (60.2%)
frame_002315,-1.0,1.2602,35.4294,0.0702,36.8203,526,50.07, -> desk (50.1%)
frame_002316,-1.0,1.2887,35.5077,0.0692,36.9252,526,35.27, -> desk (35.3%)
frame_002317,-1.0,1.2895,36.0395,0.0695,37.4605,527,30.56, -> desktop computer (30.6%)
frame_002318,-1.0,1.2596,35.4416,0.0753,36.8395,527,29.46, -> desktop computer (29.5%)
frame_002319,-1.0,1.3442,38.1844,0.0699,39.6623,526,41.32, -> desk (41.3%)
frame_002320,-1.0,1.3066,36.0713,0.073,37.5132,527,22.01, -> desktop computer (22.0%)
frame_002321,-1.0,1.4589,44.1349,0.0702,45.7247,526,41.4, -> desk (41.4%)
frame_002322,-1.0,1.2826,36.0558,0.0693,37.4668,526,45.51, -> desk (45.5%)
frame_002323,-1.0,1.5223,36.575,0.0722,38.2289,526,30.39, -> desk (30.4%)
frame_002324,-1.0,1.2823,36.5688,0.0704,37.9845,526,33.07, -> desk (33.1%)
frame_002325,-1.0,1.2497,35.457,0.07,36.8372,526,25.77, -> desk (25.8%)
frame_002326,-1.0,1.3923,36.9674,0.0715,38.4917,527,25.97, -> desktop computer (26.0%)
frame_002327,-1.0,1.339,35.887,0.0724,37.3577,526,24.4, -> desk (24.4%)
frame_002328,-1.0,1.2501,35.8046,0.0751,37.1913,526,37.68, -> desk (37.7%)
frame_002329,-1.0,1.2945,35.4312,0.0703,36.8551,526,36.23, -> desk (36.2%)
frame_002330,-1.0,1.288,35.507,0.0683,36.9223,526,53.47, -> desk (53.5%)
frame_002331,-1.0,1.3417,35.4279,0.0693,36.9007,526,37.99, -> desk (38.0%)
frame_002332,-1.0,1.2834,35.2549,0.0685,36.6653,527,24.94, -> desktop computer (24.9%)
frame_002333,-1.0,1.3145,35.347,0.0711,36.7956,527,15.6, -> desktop computer (15.6%)
frame_002334,-1.0,1.2756,35.4163,0.0688,36.8219,754,25.53, -> radio (25.5%)
frame_002335,-1.0,1.4478,38.1918,0.0704,39.77,526,28.03, -> desk (28.0%)
frame_002336,-1.0,1.2289,35.7047,0.0702,37.0655,526,29.54, -> desk (29.5%)
frame_002337,-1.0,1.2922,35.283,0.0717,36.7083,527,32.43, -> desktop computer (32.4%)
frame_002338,-1.0,1.2633,35.3046,0.0709,36.6992,526,24.34, -> desk (24.3%)
frame_002339,-1.0,1.4673,42.7508,0.0695,44.3492,754,19.84, -> radio (19.8%)
frame_002340,-1.0,1.2498,35.4063,0.0714,36.7894,527,19.97, -> desktop computer (20.0%)
frame_002341,-1.0,1.3151,35.2527,0.0682,36.6945,527,23.92, -> desktop computer (23.9%)
frame_002342,-1.0,1.403,39.0464,0.0688,40.579,526,24.82, -> desk (24.8%)
frame_002343,-1.0,1.3323,35.8468,0.0739,37.3203,754,23.4, -> radio (23.4%)
frame_002344,-1.0,1.3208,35.4962,0.0702,36.9466,526,31.93, -> desk (31.9%)
frame_002345,-1.0,1.4758,39.8599,0.0703,41.4675,527,45.11, -> desktop computer (45.1%)
frame_002346,-1.0,1.2826,35.3986,0.0742,36.8188,526,39.61, -> desk (39.6%)
frame_002347,-1.0,1.7628,36.4341,0.0745,38.3372,526,43.63, -> desk (43.6%)
frame_002348,-1.0,1.6763,35.5875,0.0838,37.4188,526,46.22, -> desk (46.2%)
frame_002349,-1.0,1.5558,46.0012,0.0864,47.7148,526,25.83, -> desk (25.8%)
frame_002350,-1.0,1.2394,35.0966,0.0912,36.4993,526,32.48, -> desk (32.5%)
frame_002351,-1.0,1.3163,34.8691,0.0835,36.339,526,38.72, -> desk (38.7%)
frame_002352,-1.0,1.2586,35.0344,0.0829,36.4444,527,20.88, -> desktop computer (20.9%)
frame_002353,-1.0,1.4414,42.9729,0.0831,44.5696,526,43.71, -> desk (43.7%)
frame_002354,-1.0,1.3962,37.0336,0.0811,38.5793,526,46.71, -> desk (46.7%)
frame_002355,-1.0,1.2379,35.7692,0.0835,37.1593,526,38.2, -> desk (38.2%)
frame_002356,-1.0,1.2328,35.19,0.0846,36.5765,526,25.48, -> desk (25.5%)
frame_002357,-1.0,1.3119,35.3338,0.0826,36.7947,526,36.99, -> desk (37.0%)
frame_002358,-1.0,1.2991,35.1263,0.081,36.5732,526,38.09, -> desk (38.1%)
frame_002359,-1.0,1.5444,35.9731,0.0809,37.6646,526,22.74, -> desk (22.7%)
frame_002360,-1.0,1.2364,35.3286,0.0811,36.7192,526,53.64, -> desk (53.6%)
frame_002361,-1.0,1.3123,36.1723,0.0793,37.632,526,52.19, -> desk (52.2%)
frame_002362,-1.0,1.2512,35.5115,0.0812,36.9108,526,22.41, -> desk (22.4%)
frame_002363,-1.0,1.3533,36.6518,0.0815,38.1548,526,52.6, -> desk (52.6%)
frame_002364,-1.0,1.2491,36.0195,0.0807,37.4204,526,49.4, -> desk (49.4%)
frame_002365,-1.0,1.262,35.2322,0.0817,36.642,526,51.25, -> desk (51.3%)
frame_002366,-1.0,1.2918,37.2602,0.0825,38.7028,526,36.58, -> desk (36.6%)
frame_002367,-1.0,1.3026,35.4485,0.0863,36.908,526,43.64, -> desk (43.6%)
frame_002368,-1.0,1.338,35.3727,0.083,36.8623,526,58.11, -> desk (58.1%)
frame_002369,-1.0,1.3392,37.938,0.0839,39.4318,526,37.4, -> desk (37.4%)
frame_002370,-1.0,1.3459,36.2929,0.0854,37.7952,526,48.04, -> desk (48.0%)
frame_002371,-1.0,1.3429,36.5735,0.0811,38.0678,526,58.36, -> desk (58.4%)
frame_002372,-1.0,1.3462,36.7286,0.0812,38.2225,526,55.9, -> desk (55.9%)
frame_002373,-1.0,1.3249,35.8517,0.0809,37.3229,526,17.71, -> desk (17.7%)
frame_002374,-1.0,1.334,35.3829,0.0825,36.8673,754,10.31, -> radio (10.3%)
frame_002375,-1.0,1.3281,36.9109,0.0812,38.3885,742,15.55, -> printer (15.6%)
frame_002376,-1.0,1.303,36.3693,0.0802,37.8215,742,12.19, -> printer (12.2%)
frame_002377,-1.0,1.2561,37.3341,0.0811,38.7383,526,19.71, -> desk (19.7%)
frame_002378,-1.0,1.3549,35.5914,0.0811,37.0936,422,9.34, -> barbell (9.3%)
frame_002379,-1.0,1.295,35.2387,0.0799,36.6851,742,13.06, -> printer (13.1%)
frame_002380,-1.0,1.332,35.8415,0.0806,37.3216,422,17.48, -> barbell (17.5%)
frame_002381,-1.0,1.3318,37.383,0.0873,38.8703,786,10.51, -> sewing machine (10.5%)
frame_002382,-1.0,1.3347,37.6582,0.0819,39.1445,423,17.04, -> barber chair (17.0%)
frame_002383,-1.0,1.2838,35.6926,0.0805,37.1245,423,23.47, -> barber chair (23.5%)
frame_002384,-1.0,1.2691,35.8884,0.0812,37.3075,895,20.9, -> warplane (20.9%)
frame_002385,-1.0,1.2478,35.112,0.0857,36.5133,422,17.07, -> barbell (17.1%)
frame_002386,-1.0,1.3245,36.5767,0.081,38.0476,506,8.41, -> coil (8.4%)
frame_002387,-1.0,1.32,38.8918,0.0821,40.3645,657,17.46, -> missile (17.5%)
frame_002388,-1.0,1.301,34.9463,0.0814,36.3977,423,16.19, -> barber chair (16.2%)
frame_002389,-1.0,1.2945,36.0826,0.0836,37.5282,423,34.77, -> barber chair (34.8%)
frame_002390,-1.0,1.2286,35.3472,0.081,36.7253,423,48.22, -> barber chair (48.2%)
frame_002391,-1.0,1.3329,35.7581,0.0817,37.2394,423,18.63, -> barber chair (18.6%)
frame_002392,-1.0,1.2683,34.9018,0.0795,36.3155,423,21.72, -> barber chair (21.7%)
frame_002393,-1.0,1.3381,38.5152,0.0861,40.0082,423,51.28, -> barber chair (51.3%)
frame_002394,-1.0,1.6462,37.7888,0.0814,39.5818,895,9.81, -> warplane (9.8%)
frame_002395,-1.0,1.3144,35.2927,0.0817,36.7552,423,11.18, -> barber chair (11.2%)
frame_002396,-1.0,1.2638,35.2574,0.0822,36.6701,423,16.97, -> barber chair (17.0%)
frame_002397,-1.0,1.2176,34.9851,0.0826,36.3566,543,9.14, -> dumbbell (9.1%)
frame_002398,-1.0,1.476,41.5993,0.0795,43.2213,895,42.44, -> warplane (42.4%)
frame_002399,-1.0,1.248,34.9964,0.0836,36.395,423,7.33, -> barber chair (7.3%)
frame_002400,-1.0,1.343,35.2414,0.0799,36.7308,895,10.49, -> warplane (10.5%)
frame_002401,-1.0,1.341,35.1984,0.0806,36.6885,423,15.45, -> barber chair (15.5%)
frame_002402,-1.0,1.2314,34.9942,0.0833,36.3782,526,29.27, -> desk (29.3%)
frame_002403,-1.0,1.2805,35.083,0.0796,36.5097,423,14.95, -> barber chair (14.9%)
frame_002404,-1.0,1.3134,35.7362,0.0816,37.2014,526,24.42, -> desk (24.4%)
frame_002405,-1.0,1.2233,35.1059,0.0815,36.4787,471,19.4, -> cannon (19.4%)
frame_002406,-1.0,1.328,35.8051,0.0822,37.282,526,44.61, -> desk (44.6%)
frame_002407,-1.0,1.1919,35.6732,0.0846,37.02,632,11.87, -> loudspeaker (11.9%)
frame_002408,-1.0,1.4877,42.3006,0.0811,43.936,526,13.8, -> desk (13.8%)
frame_002409,-1.0,1.2948,35.3666,0.0814,36.811,632,13.38, -> loudspeaker (13.4%)
frame_002410,-1.0,1.3325,36.8926,0.0829,38.3761,851,12.49, -> television (12.5%)
frame_002411,-1.0,1.2891,35.4532,0.0884,36.9,526,16.76, -> desk (16.8%)
frame_002412,-1.0,1.3406,35.3781,0.0813,36.8675,526,31.3, -> desk (31.3%)
frame_002413,-1.0,1.2706,35.3123,0.0806,36.7323,526,31.7, -> desk (31.7%)
frame_002414,-1.0,1.2114,35.3886,0.0817,36.7489,877,25.64, -> turnstile (25.6%)
frame_002415,-1.0,1.2127,35.3384,0.0814,36.7008,877,19.49, -> turnstile (19.5%)
frame_002416,-1.0,1.3302,35.5571,0.0822,37.0377,553,10.06, -> file (10.1%)
frame_002417,-1.0,1.2327,35.282,0.081,36.6636,553,18.99, -> file (19.0%)
frame_002418,-1.0,1.1959,35.2193,0.0811,36.5636,894,18.93, -> wardrobe (18.9%)
frame_002419,-1.0,1.3361,35.2282,0.0819,36.7141,894,43.51, -> wardrobe (43.5%)
frame_002420,-1.0,1.4954,36.5718,0.0837,38.2193,894,49.67, -> wardrobe (49.7%)
frame_002421,-1.0,1.3159,35.9893,0.0798,37.4509,894,66.63, -> wardrobe (66.6%)
frame_002422,-1.0,1.2043,35.2482,0.0816,36.6019,894,65.14, -> wardrobe (65.1%)
frame_002423,-1.0,1.2165,35.6954,0.0814,37.061,894,58.69, -> wardrobe (58.7%)
frame_002424,-1.0,1.3255,35.835,0.0804,37.309,894,31.47, -> wardrobe (31.5%)
frame_002425,-1.0,1.2669,35.3327,0.0813,36.7454,894,60.61, -> wardrobe (60.6%)
frame_002426,-1.0,1.2778,36.141,0.0821,37.5695,894,53.33, -> wardrobe (53.3%)
frame_002427,-1.0,1.2365,35.2446,0.0815,36.6311,894,64.11, -> wardrobe (64.1%)
frame_002428,-1.0,1.2512,35.6513,0.0811,37.05,894,57.66, -> wardrobe (57.7%)
frame_002429,-1.0,1.2819,35.9261,0.087,37.3633,894,57.19, -> wardrobe (57.2%)
frame_002430,-1.0,1.2455,36.1185,0.0817,37.517,894,60.66, -> wardrobe (60.7%)
frame_002431,-1.0,1.2007,35.3998,0.0808,36.7476,894,43.55, -> wardrobe (43.5%)
frame_002432,-1.0,1.2334,35.1999,0.085,36.5853,894,58.31, -> wardrobe (58.3%)
frame_002433,-1.0,1.2806,35.3335,0.0821,36.7628,894,57.32, -> wardrobe (57.3%)
frame_002434,-1.0,1.2335,35.8965,0.0824,37.2796,894,66.23, -> wardrobe (66.2%)
frame_002435,-1.0,1.2249,35.2952,0.0789,36.665,894,39.25, -> wardrobe (39.2%)
frame_002436,-1.0,1.2059,36.2821,0.0824,37.636,894,57.4, -> wardrobe (57.4%)
frame_002437,-1.0,1.2622,35.358,0.0802,36.7678,894,61.59, -> wardrobe (61.6%)
frame_002438,-1.0,1.5095,38.9309,0.0811,40.588,894,74.29, -> wardrobe (74.3%)
frame_002439,-1.0,1.2743,35.3742,0.0797,36.7986,894,67.17, -> wardrobe (67.2%)
frame_002440,-1.0,1.2241,35.5174,0.0786,36.8891,894,62.66, -> wardrobe (62.7%)
frame_002441,-1.0,1.2382,36.1492,0.0809,37.5336,894,46.91, -> wardrobe (46.9%)
frame_002442,-1.0,1.2571,35.4144,0.0862,36.8253,894,68.95, -> wardrobe (68.9%)
frame_002443,-1.0,1.2548,35.0575,0.0837,36.4648,894,75.1, -> wardrobe (75.1%)
frame_002444,-1.0,1.4864,35.491,0.0822,37.1249,894,66.16, -> wardrobe (66.2%)
frame_002445,-1.0,1.3061,35.2362,0.0804,36.6892,894,71.74, -> wardrobe (71.7%)
frame_002446,-1.0,1.2453,35.4009,0.0809,36.7941,894,78.94, -> wardrobe (78.9%)
frame_002447,-1.0,1.2215,35.0366,0.0859,36.4129,894,54.82, -> wardrobe (54.8%)
frame_002448,-1.0,1.6138,39.7808,0.0855,41.554,771,64.23, -> safe (64.2%)
frame_002449,-1.0,1.4463,35.7598,0.0811,37.3559,894,50.93, -> wardrobe (50.9%)
frame_002450,-1.0,1.2159,35.0364,0.0825,36.4068,894,30.29, -> wardrobe (30.3%)
frame_002451,-1.0,1.3639,35.3225,0.0838,36.8377,894,47.26, -> wardrobe (47.3%)
frame_002452,-1.0,1.3802,35.0792,0.0809,36.6078,894,51.48, -> wardrobe (51.5%)
frame_002453,-1.0,1.2596,35.2218,0.0857,36.6349,894,64.05, -> wardrobe (64.1%)
frame_002454,-1.0,1.2945,35.0079,0.0806,36.4503,894,51.77, -> wardrobe (51.8%)
frame_002455,-1.0,1.244,35.0265,0.0797,36.4183,894,55.92, -> wardrobe (55.9%)
frame_002456,-1.0,1.2082,35.1025,0.0825,36.4622,894,41.93, -> wardrobe (41.9%)
frame_002457,-1.0,1.2891,35.2573,0.0811,36.6945,894,36.17, -> wardrobe (36.2%)
frame_002458,-1.0,1.297,34.8671,0.0798,36.3107,894,67.61, -> wardrobe (67.6%)
frame_002459,-1.0,1.2088,35.1864,0.0821,36.5464,894,48.67, -> wardrobe (48.7%)
frame_002460,-1.0,1.2244,35.226,0.083,36.6028,894,46.35, -> wardrobe (46.4%)
frame_002461,-1.0,1.2683,35.2703,0.0859,36.6925,771,38.46, -> safe (38.5%)
frame_002462,-1.0,1.2961,35.7637,0.0802,37.2066,894,40.19, -> wardrobe (40.2%)
frame_002463,-1.0,1.282,35.652,0.0834,37.0848,771,51.73, -> safe (51.7%)
frame_002464,-1.0,1.2243,35.0425,0.0811,36.4155,894,33.06, -> wardrobe (33.1%)
frame_002465,-1.0,1.2553,36.6708,0.0835,38.078,480,24.35, -> cash machine (24.4%)
frame_002466,-1.0,1.4931,43.5936,0.0814,45.2361,771,36.42, -> safe (36.4%)
frame_002467,-1.0,1.2406,35.1988,0.0843,36.5897,771,63.81, -> safe (63.8%)
frame_002468,-1.0,1.3597,36.5719,0.0822,38.082,771,51.38, -> safe (51.4%)
frame_002469,-1.0,1.3088,35.4762,0.0809,36.9349,771,53.79, -> safe (53.8%)
frame_002470,-1.0,1.2496,35.7089,0.0835,37.108,894,19.65, -> wardrobe (19.7%)
frame_002471,-1.0,1.249,35.0844,0.0819,36.4815,894,44.38, -> wardrobe (44.4%)
frame_002472,-1.0,1.3194,35.4754,0.082,36.9424,526,32.26, -> desk (32.3%)
frame_002473,-1.0,1.2174,35.4625,0.0818,36.8289,894,28.32, -> wardrobe (28.3%)
frame_002474,-1.0,1.2573,35.1467,0.0823,36.5547,526,29.11, -> desk (29.1%)
frame_002475,-1.0,1.3117,35.1211,0.081,36.5811,771,24.1, -> safe (24.1%)
frame_002476,-1.0,1.2604,35.3605,0.0823,36.7716,480,23.29, -> cash machine (23.3%)
frame_002477,-1.0,1.2519,35.2245,0.0806,36.6255,480,21.39, -> cash machine (21.4%)
frame_002478,-1.0,1.3324,35.8046,0.0824,37.2893,480,17.32, -> cash machine (17.3%)
frame_002479,-1.0,1.2722,35.3183,0.082,36.7402,526,36.47, -> desk (36.5%)
frame_002480,-1.0,1.2854,35.637,0.0806,37.0686,526,40.36, -> desk (40.4%)
frame_002481,-1.0,1.2658,35.7841,0.0802,37.198,526,19.45, -> desk (19.4%)
frame_002482,-1.0,1.3766,35.0784,0.0826,36.6041,771,22.85, -> safe (22.9%)
frame_002483,-1.0,1.2548,35.1345,0.0802,36.5392,771,55.21, -> safe (55.2%)
frame_002484,-1.0,1.3217,35.7026,0.0862,37.1799,771,29.28, -> safe (29.3%)
frame_002485,-1.0,1.2556,36.3543,0.0848,37.7661,894,20.51, -> wardrobe (20.5%)
frame_002486,-1.0,1.2941,35.6277,0.0832,37.0748,894,40.91, -> wardrobe (40.9%)
frame_002487,-1.0,1.3656,35.2677,0.0853,36.7873,894,23.57, -> wardrobe (23.6%)
frame_002488,-1.0,1.2993,35.7362,0.0868,37.1916,894,37.46, -> wardrobe (37.5%)
frame_002489,-1.0,1.5583,35.4631,0.0853,37.1772,526,21.84, -> desk (21.8%)
frame_002490,-1.0,1.2854,35.6984,0.0866,37.1441,480,29.09, -> cash machine (29.1%)
frame_002491,-1.0,1.2628,35.0431,0.0843,36.4602,480,41.36, -> cash machine (41.4%)
frame_002492,-1.0,1.3641,36.1563,0.0809,37.6697,480,30.51, -> cash machine (30.5%)
frame_002493,-1.0,1.284,35.4026,0.0847,36.8399,526,32.54, -> desk (32.5%)
frame_002494,-1.0,1.2428,35.2258,0.0836,36.6205,480,13.69, -> cash machine (13.7%)
frame_002495,-1.0,1.2562,35.2622,0.0831,36.6704,480,23.11, -> cash machine (23.1%)
frame_002496,-1.0,1.3387,35.9831,0.0836,37.4719,480,28.91, -> cash machine (28.9%)
frame_002497,-1.0,1.4414,42.9593,0.0844,44.5545,480,29.74, -> cash machine (29.7%)
frame_002498,-1.0,1.2107,35.0967,0.0852,36.4639,480,50.54, -> cash machine (50.5%)
frame_002499,-1.0,1.2678,35.3809,0.0879,36.8063,480,53.56, -> cash machine (53.6%)
frame_002500,-1.0,1.2231,35.195,0.0807,36.5671,480,37.33, -> cash machine (37.3%)
frame_002501,-1.0,1.221,35.8036,0.0827,37.1765,480,71.75, -> cash machine (71.8%)
frame_002502,-1.0,1.2156,35.1313,0.0832,36.5039,480,55.99, -> cash machine (56.0%)
frame_002503,-1.0,1.3187,37.02,0.0835,38.4938,480,53.07, -> cash machine (53.1%)
frame_002504,-1.0,1.2829,35.7386,0.0834,37.1762,480,66.61, -> cash machine (66.6%)
frame_002505,-1.0,1.3535,35.8479,0.0842,37.3537,480,74.52, -> cash machine (74.5%)
frame_002506,-1.0,1.2091,35.2136,0.0844,36.5754,480,83.31, -> cash machine (83.3%)
frame_002507,-1.0,1.2919,35.5068,0.0821,36.9494,480,33.41, -> cash machine (33.4%)
frame_002508,-1.0,1.276,35.3063,0.0844,36.7355,480,38.56, -> cash machine (38.6%)
frame_002509,-1.0,1.3719,37.2966,0.0861,38.8238,480,50.72, -> cash machine (50.7%)
frame_002510,-1.0,1.4365,39.1964,0.0829,40.7857,877,23.82, -> turnstile (23.8%)
frame_002511,-1.0,1.2448,35.6717,0.0867,37.0745,480,61.92, -> cash machine (61.9%)
frame_002512,-1.0,1.3208,35.9744,0.0839,37.451,480,42.16, -> cash machine (42.2%)
frame_002513,-1.0,1.2745,35.5712,0.0834,36.9973,480,64.1, -> cash machine (64.1%)
frame_002514,-1.0,1.4589,39.5562,0.0821,41.1684,480,45.72, -> cash machine (45.7%)
frame_002515,-1.0,1.2986,35.5547,0.0839,37.0053,480,33.07, -> cash machine (33.1%)
frame_002516,-1.0,1.2786,37.558,0.0844,38.9891,480,26.92, -> cash machine (26.9%)
frame_002517,-1.0,1.3026,35.4776,0.0845,36.9343,760,24.59, -> refrigerator (24.6%)
frame_002518,-1.0,1.2814,35.7485,0.0853,37.1865,760,23.65, -> refrigerator (23.6%)
frame_002519,-1.0,1.2931,35.6079,0.0855,37.057,760,45.93, -> refrigerator (45.9%)
frame_002520,-1.0,1.5147,39.6101,0.0841,41.2797,480,27.71, -> cash machine (27.7%)
frame_002521,-1.0,1.2526,35.4546,0.0814,36.8573,480,40.7, -> cash machine (40.7%)
frame_002522,-1.0,1.2835,36.4346,0.0825,37.8693,480,50.1, -> cash machine (50.1%)
frame_002523,-1.0,1.3585,35.39,0.0811,36.8999,480,36.06, -> cash machine (36.1%)
frame_002524,-1.0,1.2207,35.341,0.0825,36.7132,480,49.24, -> cash machine (49.2%)
frame_002525,-1.0,1.6031,36.947,0.085,38.7041,480,64.96, -> cash machine (65.0%)
frame_002526,-1.0,1.5669,44.655,0.0841,46.3739,480,34.6, -> cash machine (34.6%)
frame_002527,-1.0,1.4588,38.0864,0.0809,39.693,480,42.23, -> cash machine (42.2%)
frame_002528,-1.0,1.4849,37.326,0.0797,38.9585,480,47.75, -> cash machine (47.8%)
frame_002529,-1.0,1.3759,36.6342,0.0796,38.1565,480,26.09, -> cash machine (26.1%)
frame_002530,-1.0,1.3985,35.5845,0.0813,37.1325,480,65.3, -> cash machine (65.3%)
frame_002531,-1.0,1.4254,36.1007,0.081,37.6738,480,23.89, -> cash machine (23.9%)
frame_002532,-1.0,1.403,36.1811,0.0788,37.7308,480,54.43, -> cash machine (54.4%)
frame_002533,-1.0,1.4497,38.2941,0.082,39.891,480,48.87, -> cash machine (48.9%)
frame_002534,-1.0,1.5672,35.9273,0.0831,37.6455,771,15.24, -> safe (15.2%)
frame_002535,-1.0,1.4759,37.8658,0.0865,39.4965,480,29.91, -> cash machine (29.9%)
frame_002536,-1.0,1.3383,35.6875,0.0854,37.1806,480,42.71, -> cash machine (42.7%)
frame_002537,-1.0,1.5353,36.1809,0.0803,37.8656,480,44.61, -> cash machine (44.6%)
frame_002538,-1.0,1.4474,36.6742,0.0839,38.2733,480,41.52, -> cash machine (41.5%)
frame_002539,-1.0,1.3552,35.5197,0.0843,37.0283,480,36.58, -> cash machine (36.6%)
frame_002540,-1.0,1.499,36.1174,0.0842,37.7675,480,29.49, -> cash machine (29.5%)
frame_002541,-1.0,1.4634,36.7315,0.0806,38.3424,526,19.37, -> desk (19.4%)
frame_002542,-1.0,1.55,42.9121,0.0827,44.6132,526,17.72, -> desk (17.7%)
frame_002543,-1.0,1.5033,36.6167,0.0819,38.27,480,58.75, -> cash machine (58.7%)
frame_002544,-1.0,1.4004,36.4643,0.0819,38.0155,480,55.71, -> cash machine (55.7%)
frame_002545,-1.0,1.3609,36.3049,0.0809,37.8138,480,23.4, -> cash machine (23.4%)
frame_002546,-1.0,1.4677,43.9051,0.0848,45.5178,480,34.49, -> cash machine (34.5%)
frame_002547,-1.0,1.5174,38.6734,0.0809,40.3385,480,52.45, -> cash machine (52.5%)
frame_002548,-1.0,1.5948,48.6358,0.0804,50.3776,713,21.31, -> photocopier (21.3%)
frame_002549,-1.0,1.6142,36.3011,0.085,38.0705,480,54.51, -> cash machine (54.5%)
frame_002550,-1.0,1.4962,36.2402,0.0791,37.8821,480,46.81, -> cash machine (46.8%)
frame_002551,-1.0,1.4589,37.9204,0.08,39.5293,480,55.61, -> cash machine (55.6%)
frame_002552,-1.0,1.4906,38.2747,0.0814,39.9107,480,61.52, -> cash machine (61.5%)
frame_002553,-1.0,1.4654,38.5185,0.0825,40.1353,480,47.21, -> cash machine (47.2%)
frame_002554,-1.0,1.2654,36.309,0.0834,37.7268,480,55.11, -> cash machine (55.1%)
frame_002555,-1.0,1.3431,37.6862,0.0887,39.1895,480,50.11, -> cash machine (50.1%)
frame_002556,-1.0,1.5502,45.2668,0.0843,46.9706,480,29.73, -> cash machine (29.7%)
frame_002557,-1.0,1.2471,35.9314,0.0818,37.3289,480,38.87, -> cash machine (38.9%)
frame_002558,-1.0,1.4611,42.0459,0.0812,43.6572,480,21.08, -> cash machine (21.1%)
frame_002559,-1.0,1.2379,35.9606,0.0826,37.3489,526,33.77, -> desk (33.8%)
frame_002560,-1.0,1.2244,35.3402,0.0811,36.7128,480,33.38, -> cash machine (33.4%)
frame_002561,-1.0,1.2745,35.7871,0.0811,37.2119,480,49.4, -> cash machine (49.4%)
frame_002562,-1.0,1.2105,35.6348,0.0829,37.0015,480,41.96, -> cash machine (42.0%)
frame_002563,-1.0,1.2899,36.012,0.0817,37.4519,480,36.94, -> cash machine (36.9%)
frame_002564,-1.0,1.2044,35.2884,0.0862,36.6491,480,34.17, -> cash machine (34.2%)
frame_002565,-1.0,1.2499,35.265,0.0841,36.6669,526,19.95, -> desk (19.9%)
frame_002566,-1.0,1.3012,35.9006,0.0821,37.3523,480,24.03, -> cash machine (24.0%)
frame_002567,-1.0,1.2773,35.4912,0.0842,36.9213,480,19.18, -> cash machine (19.2%)
frame_002568,-1.0,1.2837,35.5257,0.0873,36.9671,480,51.64, -> cash machine (51.6%)
frame_002569,-1.0,1.5006,41.0407,0.0855,42.6981,480,53.93, -> cash machine (53.9%)
frame_002570,-1.0,1.2883,35.965,0.0819,37.4056,526,30.17, -> desk (30.2%)
frame_002571,-1.0,1.4465,43.394,0.0825,44.9919,480,53.97, -> cash machine (54.0%)
frame_002572,-1.0,1.5228,37.0846,0.0848,38.764,526,58.5, -> desk (58.5%)
frame_002573,-1.0,1.5079,36.6584,0.0836,38.3199,480,34.83, -> cash machine (34.8%)
frame_002574,-1.0,1.2437,35.4042,0.087,36.8045,526,41.6, -> desk (41.6%)
frame_002575,-1.0,1.2212,35.9089,0.0841,37.2821,480,64.24, -> cash machine (64.2%)
frame_002576,-1.0,1.2552,35.3057,0.0847,36.721,480,65.93, -> cash machine (65.9%)
frame_002577,-1.0,1.3386,36.0035,0.0859,37.4984,526,44.21, -> desk (44.2%)
frame_002578,-1.0,1.2644,35.444,0.0861,36.8627,480,48.11, -> cash machine (48.1%)
frame_002579,-1.0,1.5451,38.4823,0.0808,40.177,480,38.1, -> cash machine (38.1%)
frame_002580,-1.0,1.3857,35.9577,0.0827,37.4941,480,45.86, -> cash machine (45.9%)
frame_002581,-1.0,1.1974,35.5392,0.0822,36.8875,526,44.3, -> desk (44.3%)
frame_002582,-1.0,1.2303,35.3962,0.0802,36.7748,480,86.17, -> cash machine (86.2%)
frame_002583,-1.0,1.2811,35.6099,0.0851,37.0472,480,55.05, -> cash machine (55.0%)
frame_002584,-1.0,1.3909,35.7907,0.081,37.3314,480,23.3, -> cash machine (23.3%)
frame_002585,-1.0,1.3141,35.3147,0.0857,36.7826,771,53.81, -> safe (53.8%)
frame_002586,-1.0,1.2551,35.1925,0.0836,36.6002,771,36.64, -> safe (36.6%)
frame_002587,-1.0,1.3371,36.5746,0.0832,38.0652,480,68.98, -> cash machine (69.0%)
frame_002588,-1.0,1.4857,35.0598,0.0833,36.6974,480,47.39, -> cash machine (47.4%)
frame_002589,-1.0,1.249,35.3256,0.0823,36.7258,771,31.28, -> safe (31.3%)
frame_002590,-1.0,1.2737,35.086,0.0855,36.5205,480,32.1, -> cash machine (32.1%)
frame_002591,-1.0,1.2938,35.2984,0.0823,36.7407,480,42.67, -> cash machine (42.7%)
frame_002592,-1.0,1.3582,35.3342,0.082,36.8418,526,20.93, -> desk (20.9%)
frame_002593,-1.0,1.2618,34.9308,0.0835,36.3447,526,47.67, -> desk (47.7%)
frame_002594,-1.0,1.2709,35.1045,0.084,36.528,526,39.04, -> desk (39.0%)
frame_002595,-1.0,1.261,35.1643,0.0806,36.5761,526,39.4, -> desk (39.4%)
frame_002596,-1.0,1.3151,36.5914,0.0827,38.0579,526,46.91, -> desk (46.9%)
frame_002597,-1.0,1.4623,38.8804,0.0871,40.4988,526,44.3, -> desk (44.3%)
frame_002598,-1.0,1.3023,34.993,0.0827,36.4468,526,28.37, -> desk (28.4%)
frame_002599,-1.0,1.2257,35.8201,0.0834,37.1975,526,41.44, -> desk (41.4%)
frame_002600,-1.0,1.3185,35.2399,0.0865,36.7135,526,28.94, -> desk (28.9%)
frame_002601,-1.0,1.2822,35.0905,0.084,36.5245,480,26.79, -> cash machine (26.8%)
frame_002602,-1.0,1.2788,35.4174,0.0837,36.8484,526,39.69, -> desk (39.7%)
frame_002603,-1.0,1.4943,35.9617,0.0848,37.6114,526,46.9, -> desk (46.9%)
frame_002604,-1.0,1.2851,35.6315,0.0821,37.0683,526,45.47, -> desk (45.5%)
frame_002605,-1.0,1.355,38.1365,0.0853,39.6475,526,42.43, -> desk (42.4%)
frame_002606,-1.0,1.4159,34.9712,0.0838,36.5381,526,49.25, -> desk (49.3%)
frame_002607,-1.0,1.3279,35.935,0.0841,37.4168,771,43.85, -> safe (43.8%)
frame_002608,-1.0,1.3184,34.9011,0.0859,36.3779,526,36.07, -> desk (36.1%)
frame_002609,-1.0,1.3453,35.2836,0.0816,36.7813,526,24.3, -> desk (24.3%)
frame_002610,-1.0,1.46,36.1685,0.0862,37.7851,526,24.06, -> desk (24.1%)
frame_002611,-1.0,1.2621,35.0606,0.0865,36.4775,713,27.98, -> photocopier (28.0%)
frame_002612,-1.0,1.3261,35.3854,0.086,36.8657,480,24.03, -> cash machine (24.0%)
frame_002613,-1.0,1.2981,34.9794,0.0859,36.4341,713,38.17, -> photocopier (38.2%)
frame_002614,-1.0,1.5064,37.5107,0.0836,39.1743,713,31.1, -> photocopier (31.1%)
frame_002615,-1.0,1.291,35.0904,0.087,36.536,526,32.26, -> desk (32.3%)
frame_002616,-1.0,1.269,35.4461,0.0815,36.8653,480,40.76, -> cash machine (40.8%)
frame_002617,-1.0,1.2561,35.0682,0.0816,36.474,771,41.64, -> safe (41.6%)
frame_002618,-1.0,1.286,36.518,0.0818,37.955,771,32.07, -> safe (32.1%)
frame_002619,-1.0,1.2932,35.0373,0.0836,36.4805,526,34.77, -> desk (34.8%)
frame_002620,-1.0,1.3068,35.884,0.0827,37.3399,480,13.57, -> cash machine (13.6%)
frame_002621,-1.0,1.31,34.8873,0.0814,36.3463,713,26.17, -> photocopier (26.2%)
frame_002622,-1.0,1.259,35.9987,0.0821,37.4093,713,20.79, -> photocopier (20.8%)
frame_002623,-1.0,1.2477,35.2262,0.0878,36.6334,713,52.1, -> photocopier (52.1%)
frame_002624,-1.0,1.2774,35.5148,0.0804,36.9425,713,62.5, -> photocopier (62.5%)
frame_002625,-1.0,1.298,35.3363,0.0875,36.7913,713,61.7, -> photocopier (61.7%)
frame_002626,-1.0,1.2856,35.1108,0.0815,36.5439,713,66.58, -> photocopier (66.6%)
frame_002627,-1.0,1.2406,35.0173,0.0822,36.414,713,18.7, -> photocopier (18.7%)
frame_002628,-1.0,1.2596,35.1751,0.0807,36.5822,713,38.15, -> photocopier (38.1%)
frame_002629,-1.0,1.3073,34.9807,0.0843,36.4432,713,25.82, -> photocopier (25.8%)
frame_002630,-1.0,1.465,35.865,0.0828,37.4813,713,26.22, -> photocopier (26.2%)
frame_002631,-1.0,1.2228,35.2398,0.0863,36.6184,771,36.46, -> safe (36.5%)
frame_002632,-1.0,1.2406,35.384,0.0824,36.7739,771,42.52, -> safe (42.5%)
frame_002633,-1.0,1.2613,35.0511,0.0871,36.4677,713,25.72, -> photocopier (25.7%)
frame_002634,-1.0,1.3668,35.5751,0.0813,37.0907,771,30.07, -> safe (30.1%)
frame_002635,-1.0,1.2246,36.0348,0.0845,37.4118,713,58.72, -> photocopier (58.7%)
frame_002636,-1.0,1.4674,36.78,0.0834,38.3997,713,59.73, -> photocopier (59.7%)
frame_002637,-1.0,1.238,35.4654,0.0824,36.8534,713,75.14, -> photocopier (75.1%)
frame_002638,-1.0,1.2398,35.6073,0.0821,36.9991,713,68.18, -> photocopier (68.2%)
frame_002639,-1.0,1.2748,35.6698,0.0819,37.0933,713,60.25, -> photocopier (60.2%)
frame_002640,-1.0,1.2758,36.4937,0.087,37.9234,713,61.32, -> photocopier (61.3%)
frame_002641,-1.0,1.3025,36.1292,0.0822,37.5825,713,57.83, -> photocopier (57.8%)
frame_002642,-1.0,1.37,36.6328,0.0861,38.1575,713,72.32, -> photocopier (72.3%)
frame_002643,-1.0,1.2133,35.9074,0.0823,37.2721,713,54.84, -> photocopier (54.8%)
frame_002644,-1.0,1.3087,35.7933,0.086,37.2554,713,78.96, -> photocopier (79.0%)
frame_002645,-1.0,1.302,35.9605,0.0807,37.4103,713,27.57, -> photocopier (27.6%)
frame_002646,-1.0,1.2172,36.1672,0.0849,37.5458,713,39.95, -> photocopier (40.0%)
frame_002647,-1.0,1.2557,35.6915,0.0845,37.1031,713,52.84, -> photocopier (52.8%)
frame_002648,-1.0,1.2572,36.269,0.0882,37.6833,713,66.3, -> photocopier (66.3%)
frame_002649,-1.0,1.319,35.9123,0.0814,37.38,713,68.61, -> photocopier (68.6%)
frame_002650,-1.0,1.3499,36.1672,0.0906,37.6815,713,65.68, -> photocopier (65.7%)
frame_002651,-1.0,1.4595,37.9484,0.083,39.5593,713,76.8, -> photocopier (76.8%)
frame_002652,-1.0,1.3504,35.9477,0.0832,37.4505,713,36.64, -> photocopier (36.6%)
frame_002653,-1.0,1.2908,35.9006,0.082,37.3418,480,78.95, -> cash machine (79.0%)
frame_002654,-1.0,1.7389,38.9585,0.0811,40.8527,480,46.14, -> cash machine (46.1%)
frame_002655,-1.0,1.2845,35.8941,0.087,37.3336,480,74.03, -> cash machine (74.0%)
frame_002656,-1.0,1.2567,35.9638,0.0828,37.3718,480,69.74, -> cash machine (69.7%)
frame_002657,-1.0,1.3859,35.9999,0.0813,37.5327,811,38.13, -> space heater (38.1%)
frame_002658,-1.0,1.2585,35.5375,0.0825,36.9481,760,17.0, -> refrigerator (17.0%)
frame_002659,-1.0,1.242,35.9455,0.085,37.3415,804,10.83, -> soap dispenser (10.8%)
frame_002660,-1.0,1.2967,36.1194,0.0913,37.5767,480,18.65, -> cash machine (18.6%)
frame_002661,-1.0,1.2722,35.7239,0.0878,37.1521,894,14.59, -> wardrobe (14.6%)
frame_002662,-1.0,1.2698,35.465,0.0833,36.8853,851,14.98, -> television (15.0%)
frame_002663,-1.0,1.268,35.691,0.0842,37.1113,851,12.67, -> television (12.7%)
frame_002664,-1.0,1.2859,36.1479,0.0835,37.5849,423,15.62, -> barber chair (15.6%)
frame_002665,-1.0,1.2227,36.3126,0.083,37.6827,632,29.88, -> loudspeaker (29.9%)
frame_002666,-1.0,1.3746,36.7985,0.0834,38.3242,632,24.64, -> loudspeaker (24.6%)
frame_002667,-1.0,1.2916,36.0065,0.0826,37.4493,632,11.13, -> loudspeaker (11.1%)
frame_002668,-1.0,1.4805,37.3729,0.0815,39.0087,632,14.51, -> loudspeaker (14.5%)
frame_002669,-1.0,1.2577,36.1434,0.084,37.5527,422,35.12, -> barbell (35.1%)
frame_002670,-1.0,1.2792,35.5553,0.0826,36.9838,632,33.67, -> loudspeaker (33.7%)
frame_002671,-1.0,1.2797,35.7294,0.0839,37.1639,422,16.36, -> barbell (16.4%)
frame_002672,-1.0,1.5066,38.255,0.0825,39.9143,632,14.26, -> loudspeaker (14.3%)
frame_002673,-1.0,1.2928,35.5043,0.0836,36.9488,526,36.51, -> desk (36.5%)
frame_002674,-1.0,1.3152,35.4886,0.0832,36.9563,526,57.1, -> desk (57.1%)
frame_002675,-1.0,1.325,35.5072,0.0841,36.9849,526,62.31, -> desk (62.3%)
frame_002676,-1.0,1.2941,35.9371,0.0845,37.3858,526,50.74, -> desk (50.7%)
frame_002677,-1.0,1.2661,35.8517,0.0817,37.2687,526,77.9, -> desk (77.9%)
frame_002678,-1.0,1.264,35.1183,0.0819,36.5324,526,50.93, -> desk (50.9%)
frame_002679,-1.0,1.2218,35.3918,0.0852,36.7694,526,52.69, -> desk (52.7%)
frame_002680,-1.0,1.2711,35.24,0.0814,36.6613,526,56.97, -> desk (57.0%)
frame_002681,-1.0,1.2576,35.3368,0.0823,36.7438,526,56.8, -> desk (56.8%)
frame_002682,-1.0,1.3053,36.5876,0.0824,38.0452,526,37.52, -> desk (37.5%)
frame_002683,-1.0,1.2558,35.314,0.0854,36.7257,526,31.42, -> desk (31.4%)
frame_002684,-1.0,1.4826,37.1617,0.0818,38.7944,526,33.58, -> desk (33.6%)
frame_002685,-1.0,1.2397,35.6413,0.0833,37.0308,526,36.9, -> desk (36.9%)
frame_002686,-1.0,1.3335,35.6264,0.0828,37.1108,526,38.6, -> desk (38.6%)
frame_002687,-1.0,1.2338,35.4182,0.0822,36.802,632,26.16, -> loudspeaker (26.2%)
frame_002688,-1.0,1.2334,35.8468,0.0851,37.2344,526,39.94, -> desk (39.9%)
frame_002689,-1.0,1.2084,35.8641,0.0854,37.2283,526,44.65, -> desk (44.6%)
frame_002690,-1.0,1.2933,35.5458,0.0839,36.9904,526,38.92, -> desk (38.9%)
frame_002691,-1.0,1.3978,36.8721,0.083,38.4226,526,18.11, -> desk (18.1%)
frame_002692,-1.0,1.1923,36.0566,0.0828,37.4041,526,32.87, -> desk (32.9%)
frame_002693,-1.0,1.3144,35.4286,0.0823,36.8992,526,44.73, -> desk (44.7%)
frame_002694,-1.0,1.4422,41.0759,0.0836,42.6696,526,22.69, -> desk (22.7%)
frame_002695,-1.0,1.2816,35.229,0.0846,36.6666,526,21.53, -> desk (21.5%)
frame_002696,-1.0,1.3368,36.1283,0.0863,37.6247,526,26.54, -> desk (26.5%)
frame_002697,-1.0,1.2548,36.0462,0.0892,37.4594,526,42.49, -> desk (42.5%)
frame_002698,-1.0,1.2177,35.1674,0.085,36.5395,526,41.32, -> desk (41.3%)
frame_002699,-1.0,1.2495,35.5274,0.08,36.9263,526,36.36, -> desk (36.4%)
frame_002700,-1.0,1.3309,35.0601,0.084,36.5448,422,18.32, -> barbell (18.3%)
frame_002701,-1.0,1.2967,35.3271,0.0827,36.7753,526,19.94, -> desk (19.9%)
frame_002702,-1.0,1.4023,35.7518,0.0846,37.3143,526,56.69, -> desk (56.7%)
frame_002703,-1.0,1.2984,35.0973,0.0832,36.5474,526,69.44, -> desk (69.4%)
frame_002704,-1.0,1.3557,35.9456,0.0825,37.4527,526,73.61, -> desk (73.6%)
frame_002705,-1.0,1.2366,35.3339,0.0887,36.7268,526,73.9, -> desk (73.9%)
frame_002706,-1.0,1.3849,38.1769,0.0835,39.7155,526,52.56, -> desk (52.6%)
frame_002707,-1.0,1.3292,35.2027,0.0852,36.6883,526,59.42, -> desk (59.4%)
frame_002708,-1.0,1.2824,35.3639,0.0832,36.8001,471,23.62, -> cannon (23.6%)
frame_002709,-1.0,1.3234,35.9914,0.0843,37.4677,526,22.38, -> desk (22.4%)
frame_002710,-1.0,1.4131,36.1795,0.0851,37.7483,526,18.9, -> desk (18.9%)
frame_002711,-1.0,1.3115,35.57,0.0815,37.0336,526,51.61, -> desk (51.6%)
frame_002712,-1.0,1.4296,36.6539,0.0831,38.236,526,64.75, -> desk (64.7%)
frame_002713,-1.0,1.2226,35.4243,0.0826,36.7986,526,48.24, -> desk (48.2%)
frame_002714,-1.0,1.2847,35.25,0.0808,36.6851,526,32.21, -> desk (32.2%)
frame_002715,-1.0,1.2692,35.12,0.0808,36.5371,526,63.94, -> desk (63.9%)
frame_002716,-1.0,1.2686,35.1943,0.085,36.619,526,71.55, -> desk (71.5%)
frame_002717,-1.0,1.243,35.2371,0.0823,36.6312,526,72.08, -> desk (72.1%)
frame_002718,-1.0,1.4663,37.1418,0.0879,38.7635,526,75.92, -> desk (75.9%)
frame_002719,-1.0,1.1926,35.0942,0.0918,36.449,526,74.11, -> desk (74.1%)
frame_002720,-1.0,1.5776,37.4246,0.0835,39.1553,526,77.11, -> desk (77.1%)
frame_002721,-1.0,1.2881,35.2668,0.0802,36.7032,526,77.84, -> desk (77.8%)
frame_002722,-1.0,1.2583,35.351,0.0814,36.7607,526,76.98, -> desk (77.0%)
frame_002723,-1.0,1.3149,35.0131,0.0829,36.479,526,81.0, -> desk (81.0%)
frame_002724,-1.0,1.3708,36.3027,0.0909,37.836,526,77.76, -> desk (77.8%)
frame_002725,-1.0,1.2641,35.0787,0.0809,36.4904,526,71.37, -> desk (71.4%)
frame_002726,-1.0,1.4173,36.5221,0.0842,38.093,526,80.14, -> desk (80.1%)
frame_002727,-1.0,1.3252,35.3085,0.0847,36.7882,526,66.08, -> desk (66.1%)
frame_002728,-1.0,1.3111,35.3789,0.0813,36.8397,526,77.15, -> desk (77.1%)
frame_002729,-1.0,1.2288,35.1506,0.0883,36.5369,526,74.63, -> desk (74.6%)
frame_002730,-1.0,1.5172,36.3828,0.0816,38.0488,526,74.87, -> desk (74.9%)
frame_002731,-1.0,1.2571,35.2255,0.084,36.6347,526,73.1, -> desk (73.1%)
frame_002732,-1.0,1.2443,35.5388,0.0839,36.936,526,74.35, -> desk (74.4%)
frame_002733,-1.0,1.2132,35.2916,0.085,36.6605,526,83.49, -> desk (83.5%)
frame_002734,-1.0,1.32,36.2463,0.0819,37.7225,526,78.9, -> desk (78.9%)
frame_002735,-1.0,1.2858,35.5659,0.0818,37.002,526,70.7, -> desk (70.7%)
frame_002736,-1.0,1.2598,34.9549,0.0839,36.3677,526,64.93, -> desk (64.9%)
frame_002737,-1.0,1.3906,35.5825,0.0821,37.1232,526,55.98, -> desk (56.0%)
frame_002738,-1.0,1.298,35.2731,0.0837,36.7273,526,39.26, -> desk (39.3%)
frame_002739,-1.0,1.2688,35.0812,0.0912,36.5136,526,56.93, -> desk (56.9%)
frame_002740,-1.0,1.2814,35.5905,0.084,37.025,526,50.58, -> desk (50.6%)
frame_002741,-1.0,1.2397,35.4142,0.0841,36.8039,526,53.66, -> desk (53.7%)
frame_002742,-1.0,1.5316,40.6741,0.0843,42.3631,526,52.96, -> desk (53.0%)
frame_002743,-1.0,1.2267,35.4699,0.0843,36.851,526,59.13, -> desk (59.1%)
frame_002744,-1.0,1.575,36.5367,0.0844,38.2721,526,62.91, -> desk (62.9%)
frame_002745,-1.0,1.2464,35.3431,0.0837,36.7424,526,72.01, -> desk (72.0%)
frame_002746,-1.0,1.1886,35.164,0.0863,36.5059,526,66.13, -> desk (66.1%)
frame_002747,-1.0,1.318,35.3287,0.082,36.7956,526,50.37, -> desk (50.4%)
frame_002748,-1.0,1.2968,35.3758,0.084,36.8235,526,73.46, -> desk (73.5%)
frame_002749,-1.0,1.3683,36.1984,0.0853,37.7245,526,68.07, -> desk (68.1%)
frame_002750,-1.0,1.2472,35.2106,0.083,36.6096,526,79.69, -> desk (79.7%)
frame_002751,-1.0,1.37,35.2217,0.0834,36.7474,526,64.28, -> desk (64.3%)
frame_002752,-1.0,1.4158,35.6335,0.0814,37.2005,526,70.27, -> desk (70.3%)
frame_002753,-1.0,1.3334,36.1195,0.0831,37.6065,526,71.66, -> desk (71.7%)
frame_002754,-1.0,1.4617,41.6755,0.0842,43.2896,526,23.68, -> desk (23.7%)
frame_002755,-1.0,1.5197,41.3149,0.0839,42.9881,526,34.15, -> desk (34.2%)
frame_002756,-1.0,1.3222,36.7676,0.0838,38.2433,526,54.71, -> desk (54.7%)
frame_002757,-1.0,1.4524,39.7391,0.0825,41.3426,526,75.63, -> desk (75.6%)
frame_002758,-1.0,1.3085,35.4957,0.0833,36.9552,526,54.51, -> desk (54.5%)
frame_002759,-1.0,1.5281,39.8143,0.0817,41.4942,526,34.41, -> desk (34.4%)
frame_002760,-1.0,1.2623,36.0933,0.0882,37.5116,526,32.52, -> desk (32.5%)
frame_002761,-1.0,1.5191,37.0739,0.0818,38.7428,882,51.1, -> vacuum (51.1%)
frame_002762,-1.0,1.3414,36.121,0.0806,37.6142,882,24.39, -> vacuum (24.4%)
frame_002763,-1.0,1.3633,35.9287,0.0828,37.4438,882,60.9, -> vacuum (60.9%)
frame_002764,-1.0,1.3609,37.2362,0.0847,38.7525,526,27.9, -> desk (27.9%)
frame_002765,-1.0,1.4661,36.4643,0.0845,38.0852,882,56.7, -> vacuum (56.7%)
frame_002766,-1.0,1.469,40.1358,0.0829,41.7564,882,19.62, -> vacuum (19.6%)
frame_002767,-1.0,1.3692,37.824,0.0834,39.344,526,33.06, -> desk (33.1%)
frame_002768,-1.0,1.4499,43.4102,0.0812,45.0102,882,45.0, -> vacuum (45.0%)
frame_002769,-1.0,1.3032,35.8707,0.084,37.3253,882,48.64, -> vacuum (48.6%)
frame_002770,-1.0,1.4045,35.6197,0.0813,37.1743,882,64.47, -> vacuum (64.5%)
frame_002771,-1.0,1.577,38.1642,0.0824,39.8917,423,14.21, -> barber chair (14.2%)
frame_002772,-1.0,1.282,36.2936,0.0815,37.7265,882,19.29, -> vacuum (19.3%)
frame_002773,-1.0,1.4471,40.9982,0.0887,42.6032,882,24.75, -> vacuum (24.8%)
frame_002774,-1.0,1.2666,36.4219,0.0816,37.8392,882,21.09, -> vacuum (21.1%)
frame_002775,-1.0,1.4531,37.8066,0.0817,39.417,882,27.32, -> vacuum (27.3%)
frame_002776,-1.0,1.3751,37.3288,0.0833,38.8562,423,31.91, -> barber chair (31.9%)
frame_002777,-1.0,1.4824,38.978,0.0837,40.614,423,57.03, -> barber chair (57.0%)
frame_002778,-1.0,1.46,42.6745,0.0858,44.2884,526,41.28, -> desk (41.3%)
frame_002779,-1.0,1.2831,36.3864,0.0835,37.822,423,32.5, -> barber chair (32.5%)
frame_002780,-1.0,1.3011,35.5851,0.0821,37.038,423,44.18, -> barber chair (44.2%)
frame_002781,-1.0,1.6016,36.4872,0.0807,38.2386,423,45.62, -> barber chair (45.6%)
frame_002782,-1.0,1.4655,41.5594,0.0822,43.1757,882,70.57, -> vacuum (70.6%)
frame_002783,-1.0,1.3435,36.8958,0.0842,38.3932,882,50.98, -> vacuum (51.0%)
frame_002784,-1.0,1.215,35.585,0.0801,36.9494,882,61.65, -> vacuum (61.6%)
frame_002785,-1.0,1.4661,37.7413,0.0849,39.3642,526,37.07, -> desk (37.1%)
frame_002786,-1.0,1.4877,42.2101,0.0837,43.848,882,44.41, -> vacuum (44.4%)
frame_002787,-1.0,1.4574,36.7784,0.0818,38.3912,526,28.01, -> desk (28.0%)
frame_002788,-1.0,1.4545,37.5111,0.0813,39.1169,423,26.44, -> barber chair (26.4%)
frame_002789,-1.0,1.4055,36.5193,0.0867,38.0793,423,28.7, -> barber chair (28.7%)
frame_002790,-1.0,1.4555,36.778,0.0825,38.3908,526,25.74, -> desk (25.7%)
frame_002791,-1.0,1.2181,35.8961,0.0824,37.2669,526,56.06, -> desk (56.1%)
frame_002792,-1.0,1.2819,35.4117,0.0837,36.8469,526,39.56, -> desk (39.6%)
frame_002793,-1.0,1.3218,36.283,0.0822,37.7552,526,56.24, -> desk (56.2%)
frame_002794,-1.0,1.4518,38.9325,0.0824,40.5363,526,66.45, -> desk (66.4%)
frame_002795,-1.0,1.3661,36.6032,0.0871,38.1273,526,38.0, -> desk (38.0%)
frame_002796,-1.0,1.3677,35.5226,0.0853,37.0447,526,16.69, -> desk (16.7%)
frame_002797,-1.0,1.3722,36.6017,0.0827,38.126,526,37.83, -> desk (37.8%)
frame_002798,-1.0,1.34,36.844,0.0811,38.3326,526,54.85, -> desk (54.9%)
frame_002799,-1.0,1.3385,36.2874,0.0837,37.7793,526,47.52, -> desk (47.5%)
frame_002800,-1.0,1.3277,37.6298,0.0813,39.1074,526,74.46, -> desk (74.5%)
frame_002801,-1.0,1.3324,37.2743,0.083,38.7586,526,50.13, -> desk (50.1%)
frame_002802,-1.0,1.2949,37.2637,0.0838,38.7108,526,49.29, -> desk (49.3%)
frame_002803,-1.0,1.2439,36.3605,0.0809,37.7598,882,19.27, -> vacuum (19.3%)
frame_002804,-1.0,1.5388,37.0501,0.082,38.7378,526,29.27, -> desk (29.3%)
frame_002805,-1.0,1.4742,37.6524,0.0832,39.2773,526,31.62, -> desk (31.6%)
frame_002806,-1.0,1.2558,36.1226,0.0865,37.5333,526,22.47, -> desk (22.5%)
frame_002807,-1.0,1.3136,36.2578,0.0819,37.7232,526,15.7, -> desk (15.7%)
frame_002808,-1.0,1.2932,35.9523,0.0851,37.4003,882,22.38, -> vacuum (22.4%)
frame_002809,-1.0,1.2941,36.8516,0.0848,38.2983,830,24.05, -> stretcher (24.0%)
frame_002810,-1.0,1.3648,39.8912,0.0839,41.4089,830,42.32, -> stretcher (42.3%)
frame_002811,-1.0,1.3048,36.7389,0.0846,38.1982,543,14.61, -> dumbbell (14.6%)
frame_002812,-1.0,1.3795,36.0583,0.0822,37.5884,894,11.35, -> wardrobe (11.3%)
frame_002813,-1.0,1.3124,36.8778,0.0808,38.3398,894,13.35, -> wardrobe (13.4%)
frame_002814,-1.0,1.3245,38.3473,0.083,39.8243,894,13.13, -> wardrobe (13.1%)
frame_002815,-1.0,1.2614,35.8413,0.0827,37.2541,894,16.82, -> wardrobe (16.8%)
frame_002816,-1.0,1.3272,36.5035,0.0836,37.9869,579,73.74, -> grand piano (73.7%)
frame_002817,-1.0,1.2678,36.5159,0.0857,37.9385,882,31.54, -> vacuum (31.5%)
frame_002818,-1.0,1.3541,36.2513,0.0848,37.7595,579,70.12, -> grand piano (70.1%)
frame_002819,-1.0,1.2981,35.815,0.0834,37.2666,579,86.72, -> grand piano (86.7%)
frame_002820,-1.0,1.2613,35.8701,0.083,37.2843,579,71.4, -> grand piano (71.4%)
frame_002821,-1.0,1.4272,37.2401,0.0822,38.8174,579,27.08, -> grand piano (27.1%)
frame_002822,-1.0,1.2776,36.1771,0.0818,37.6038,579,59.3, -> grand piano (59.3%)
frame_002823,-1.0,1.3006,35.8884,0.0833,37.343,579,60.59, -> grand piano (60.6%)
frame_002824,-1.0,1.2641,35.9329,0.0836,37.3519,579,71.31, -> grand piano (71.3%)
frame_002825,-1.0,1.2906,35.738,0.0816,37.1791,579,86.2, -> grand piano (86.2%)
frame_002826,-1.0,1.3955,36.3033,0.0829,37.851,579,84.39, -> grand piano (84.4%)
frame_002827,-1.0,1.2723,35.6739,0.0818,37.0956,579,74.88, -> grand piano (74.9%)
frame_002828,-1.0,1.4914,37.4058,0.0875,39.0538,579,53.23, -> grand piano (53.2%)
frame_002829,-1.0,1.2549,35.9146,0.0825,37.3196,579,83.53, -> grand piano (83.5%)
frame_002830,-1.0,1.301,36.1883,0.0831,37.6406,579,63.28, -> grand piano (63.3%)
frame_002831,-1.0,1.2045,36.1952,0.082,37.5553,579,73.5, -> grand piano (73.5%)
frame_002832,-1.0,1.2329,36.3312,0.0814,37.7136,579,87.82, -> grand piano (87.8%)
frame_002833,-1.0,1.2266,35.7704,0.083,37.1469,579,75.05, -> grand piano (75.1%)
frame_002834,-1.0,1.4281,40.9473,0.0822,42.5263,579,81.62, -> grand piano (81.6%)
frame_002835,-1.0,1.2434,35.7751,0.0811,37.1675,579,47.45, -> grand piano (47.5%)
frame_002836,-1.0,1.3175,35.8291,0.0822,37.2979,579,67.87, -> grand piano (67.9%)
frame_002837,-1.0,1.2856,36.4031,0.0832,37.8408,579,75.62, -> grand piano (75.6%)
frame_002838,-1.0,1.2749,36.8517,0.0839,38.2808,579,82.1, -> grand piano (82.1%)
frame_002839,-1.0,1.2848,35.7772,0.0869,37.2191,579,82.18, -> grand piano (82.2%)
frame_002840,-1.0,1.2316,36.6142,0.0845,38.0002,579,60.72, -> grand piano (60.7%)
frame_002841,-1.0,1.5693,37.621,0.0841,39.3447,579,73.92, -> grand piano (73.9%)
frame_002842,-1.0,1.2109,36.4448,0.0839,37.8073,579,59.75, -> grand piano (59.7%)
frame_002843,-1.0,1.3003,35.5847,0.0827,37.0375,579,38.6, -> grand piano (38.6%)
frame_002844,-1.0,1.2573,36.0427,0.0807,37.4504,579,26.3, -> grand piano (26.3%)
frame_002845,-1.0,1.2242,35.5315,0.0856,36.9097,579,48.63, -> grand piano (48.6%)
frame_002846,-1.0,1.3921,43.5264,0.0813,45.0675,579,84.46, -> grand piano (84.5%)
frame_002847,-1.0,1.2065,35.3503,0.0803,36.7049,579,67.1, -> grand piano (67.1%)
frame_002848,-1.0,1.2665,36.0596,0.0825,37.4795,579,65.84, -> grand piano (65.8%)
frame_002849,-1.0,1.4496,41.0795,0.0861,42.6827,579,87.68, -> grand piano (87.7%)
frame_002850,-1.0,1.3167,35.5323,0.0857,37.0048,579,79.61, -> grand piano (79.6%)
frame_002851,-1.0,1.4758,36.072,0.0844,37.6992,579,83.54, -> grand piano (83.5%)
frame_002852,-1.0,1.3707,36.6551,0.0872,38.1861,579,80.12, -> grand piano (80.1%)
frame_002853,-1.0,1.6296,41.0765,0.0823,42.8565,579,82.22, -> grand piano (82.2%)
frame_002854,-1.0,1.3495,35.9651,0.0828,37.4658,579,71.09, -> grand piano (71.1%)
frame_002855,-1.0,1.183,35.9569,0.0837,37.2938,579,79.26, -> grand piano (79.3%)
frame_002856,-1.0,1.2516,35.658,0.083,37.0611,579,82.93, -> grand piano (82.9%)
frame_002857,-1.0,1.3352,35.8761,0.0815,37.3618,579,82.13, -> grand piano (82.1%)
frame_002858,-1.0,1.3053,38.4156,0.0817,39.8725,579,54.83, -> grand piano (54.8%)
frame_002859,-1.0,1.3001,37.2588,0.0815,38.7084,579,71.31, -> grand piano (71.3%)
frame_002860,-1.0,1.3291,37.2681,0.0851,38.7539,579,76.58, -> grand piano (76.6%)
frame_002861,-1.0,1.2332,35.7728,0.0869,37.1606,579,53.34, -> grand piano (53.3%)
frame_002862,-1.0,1.2899,37.0207,0.0822,38.4614,579,25.52, -> grand piano (25.5%)
frame_002863,-1.0,1.2506,36.1562,0.0816,37.557,579,35.23, -> grand piano (35.2%)
frame_002864,-1.0,1.2389,36.1574,0.0825,37.5463,579,79.09, -> grand piano (79.1%)
frame_002865,-1.0,1.2377,36.8966,0.0827,38.2842,579,50.75, -> grand piano (50.7%)
frame_002866,-1.0,1.2301,36.2424,0.0838,37.6303,579,50.1, -> grand piano (50.1%)
frame_002867,-1.0,1.2718,36.1172,0.0824,37.5408,579,58.86, -> grand piano (58.9%)
frame_002868,-1.0,1.2412,36.4472,0.0834,37.8431,579,58.09, -> grand piano (58.1%)
frame_002869,-1.0,1.3467,36.0418,0.0815,37.5382,579,68.2, -> grand piano (68.2%)
frame_002870,-1.0,1.3137,36.339,0.0844,37.8098,579,38.19, -> grand piano (38.2%)
frame_002871,-1.0,1.2162,36.057,0.0824,37.4301,579,40.08, -> grand piano (40.1%)
frame_002872,-1.0,1.2655,36.202,0.0855,37.6229,579,44.2, -> grand piano (44.2%)
frame_002873,-1.0,1.3131,36.5705,0.0824,38.0346,579,49.84, -> grand piano (49.8%)
frame_002874,-1.0,1.2579,35.8231,0.0858,37.237,579,53.61, -> grand piano (53.6%)
frame_002875,-1.0,1.2929,36.0882,0.0807,37.5307,579,37.66, -> grand piano (37.7%)
frame_002876,-1.0,1.5417,42.4404,0.0827,44.134,579,34.4, -> grand piano (34.4%)
frame_002877,-1.0,1.2687,35.8808,0.0837,37.302,579,32.38, -> grand piano (32.4%)
frame_002878,-1.0,1.2987,35.8957,0.0836,37.3469,579,67.57, -> grand piano (67.6%)
frame_002879,-1.0,1.33,36.3165,0.0809,37.7939,579,60.91, -> grand piano (60.9%)
frame_002880,-1.0,1.4038,39.9909,0.0833,41.5458,579,32.77, -> grand piano (32.8%)
frame_002881,-1.0,1.259,36.0563,0.0819,37.4658,579,39.37, -> grand piano (39.4%)
frame_002882,-1.0,1.23,36.0189,0.0858,37.4103,579,53.97, -> grand piano (54.0%)
frame_002883,-1.0,1.2983,35.8847,0.0863,37.3375,579,60.23, -> grand piano (60.2%)
frame_002884,-1.0,1.431,43.7541,0.0847,45.3386,579,31.92, -> grand piano (31.9%)
frame_002885,-1.0,1.2547,35.9607,0.0798,37.3664,579,67.71, -> grand piano (67.7%)
frame_002886,-1.0,1.3092,37.171,0.0863,38.6364,602,34.44, -> horizontal bar (34.4%)
frame_002887,-1.0,1.2672,35.8996,0.0813,37.3149,602,18.17, -> horizontal bar (18.2%)
frame_002888,-1.0,1.2911,36.1679,0.0839,37.6118,579,65.1, -> grand piano (65.1%)
frame_002889,-1.0,1.2388,35.7076,0.0817,37.0928,579,40.77, -> grand piano (40.8%)
frame_002890,-1.0,1.4219,38.0029,0.0823,39.5769,579,29.48, -> grand piano (29.5%)
frame_002891,-1.0,1.2455,35.5316,0.0844,36.9354,579,66.77, -> grand piano (66.8%)
frame_002892,-1.0,1.3258,36.2314,0.0829,37.7076,579,84.45, -> grand piano (84.5%)
frame_002893,-1.0,1.4196,37.8836,0.0837,39.4535,579,24.83, -> grand piano (24.8%)
frame_002894,-1.0,1.3735,36.1959,0.0817,37.7193,579,15.81, -> grand piano (15.8%)
frame_002895,-1.0,1.3095,39.3412,0.0833,40.8035,579,72.41, -> grand piano (72.4%)
frame_002896,-1.0,1.2725,35.6334,0.085,37.0619,579,36.13, -> grand piano (36.1%)
frame_002897,-1.0,1.2324,35.499,0.0893,36.8909,579,41.21, -> grand piano (41.2%)
frame_002898,-1.0,1.2811,35.5367,0.0822,36.9696,579,42.19, -> grand piano (42.2%)
frame_002899,-1.0,1.2534,36.6653,0.0861,38.0755,579,42.16, -> grand piano (42.2%)
frame_002900,-1.0,1.241,36.3853,0.0834,37.7791,579,27.56, -> grand piano (27.6%)
frame_002901,-1.0,1.415,37.9784,0.0806,39.5432,579,45.71, -> grand piano (45.7%)
frame_002902,-1.0,1.2595,37.0967,0.0852,38.5097,579,65.76, -> grand piano (65.8%)
frame_002903,-1.0,1.2756,37.5274,0.0828,38.953,506,16.1, -> coil (16.1%)
frame_002904,-1.0,1.2741,37.7936,0.0822,39.218,579,18.43, -> grand piano (18.4%)
frame_002905,-1.0,1.3451,35.5279,0.0857,37.0282,579,38.71, -> grand piano (38.7%)
frame_002906,-1.0,1.3283,36.7438,0.0818,38.2228,579,43.51, -> grand piano (43.5%)
frame_002907,-1.0,1.3152,35.7436,0.0812,37.2091,579,38.98, -> grand piano (39.0%)
frame_002908,-1.0,1.2499,36.7268,0.0861,38.1349,579,71.8, -> grand piano (71.8%)
frame_002909,-1.0,1.3086,36.6351,0.0837,38.0982,579,63.84, -> grand piano (63.8%)
frame_002910,-1.0,1.2376,35.9262,0.083,37.3156,506,21.73, -> coil (21.7%)
frame_002911,-1.0,1.2855,35.8122,0.0841,37.2501,579,17.76, -> grand piano (17.8%)
frame_002912,-1.0,1.5643,37.0545,0.0847,38.7742,579,74.91, -> grand piano (74.9%)
frame_002913,-1.0,1.2181,36.0886,0.0835,37.4576,579,58.38, -> grand piano (58.4%)
frame_002914,-1.0,1.3002,35.7956,0.0818,37.2503,579,73.82, -> grand piano (73.8%)
frame_002915,-1.0,1.2955,36.4994,0.0842,37.949,579,40.65, -> grand piano (40.7%)
frame_002916,-1.0,1.2526,35.9136,0.083,37.3192,579,43.26, -> grand piano (43.3%)
frame_002917,-1.0,1.2183,35.8703,0.0825,37.2388,579,63.39, -> grand piano (63.4%)
frame_002918,-1.0,1.2436,36.0942,0.0862,37.4926,579,62.39, -> grand piano (62.4%)
frame_002919,-1.0,1.3798,36.6811,0.086,38.2206,579,42.71, -> grand piano (42.7%)
frame_002920,-1.0,1.2095,35.9055,0.0848,37.2705,579,39.13, -> grand piano (39.1%)
frame_002921,-1.0,1.2485,36.5197,0.0871,37.9241,579,70.38, -> grand piano (70.4%)
frame_002922,-1.0,1.2205,36.364,0.0844,37.7371,579,33.6, -> grand piano (33.6%)
frame_002923,-1.0,1.3141,36.1507,0.0851,37.6213,579,47.56, -> grand piano (47.6%)
frame_002924,-1.0,1.2264,35.962,0.0875,37.3436,579,71.8, -> grand piano (71.8%)
frame_002925,-1.0,1.2398,35.7868,0.0821,37.1773,579,45.3, -> grand piano (45.3%)
frame_002926,-1.0,1.2719,35.982,0.0819,37.4048,579,38.21, -> grand piano (38.2%)
frame_002927,-1.0,1.2615,35.8286,0.085,37.245,579,56.48, -> grand piano (56.5%)
frame_002928,-1.0,1.2791,36.3306,0.08,37.7587,579,53.0, -> grand piano (53.0%)
frame_002929,-1.0,1.2771,35.6915,0.0828,37.1257,579,63.89, -> grand piano (63.9%)
frame_002930,-1.0,1.2649,37.3529,0.0813,38.7675,579,72.2, -> grand piano (72.2%)
frame_002931,-1.0,1.2451,36.7933,0.0818,38.1873,579,76.26, -> grand piano (76.3%)
frame_002932,-1.0,1.2566,35.7987,0.0825,37.2053,579,63.24, -> grand piano (63.2%)
frame_002933,-1.0,1.2833,36.055,0.0847,37.4938,579,58.08, -> grand piano (58.1%)
frame_002934,-1.0,1.2852,36.0871,0.0825,37.5263,579,40.12, -> grand piano (40.1%)
frame_002935,-1.0,1.2557,36.0611,0.0825,37.4679,579,18.98, -> grand piano (19.0%)
frame_002936,-1.0,1.2316,36.0864,0.0806,37.4698,526,67.41, -> desk (67.4%)
frame_002937,-1.0,1.2894,35.9253,0.0819,37.3653,526,31.33, -> desk (31.3%)
frame_002938,-1.0,1.2534,36.1181,0.0825,37.523,526,23.62, -> desk (23.6%)
frame_002939,-1.0,1.7154,39.1172,0.0828,40.9846,579,31.56, -> grand piano (31.6%)
frame_002940,-1.0,1.2766,36.6732,0.0687,38.075,579,76.23, -> grand piano (76.2%)
frame_002941,-1.0,1.4739,37.5074,0.0712,39.1117,550,25.42, -> espresso maker (25.4%)
frame_002942,-1.0,1.5275,36.8379,0.072,38.4955,550,72.28, -> espresso maker (72.3%)
frame_002943,-1.0,1.526,47.5474,0.0711,49.2064,550,33.45, -> espresso maker (33.4%)
frame_002944,-1.0,1.3371,35.6799,0.0698,37.1416,526,24.83, -> desk (24.8%)
frame_002945,-1.0,1.3756,35.9512,0.0727,37.4604,550,25.76, -> espresso maker (25.8%)
frame_002946,-1.0,1.4128,36.0282,0.0687,37.5696,526,38.26, -> desk (38.3%)
frame_002947,-1.0,1.2849,35.9429,0.0719,37.3602,830,25.63, -> stretcher (25.6%)
frame_002948,-1.0,1.2991,35.6574,0.0708,37.0869,526,23.58, -> desk (23.6%)
frame_002949,-1.0,1.317,36.2817,0.071,37.7273,526,40.54, -> desk (40.5%)
frame_002950,-1.0,1.4627,37.249,0.0695,38.8395,526,31.07, -> desk (31.1%)
frame_002951,-1.0,1.6557,38.3764,0.085,40.1846,526,43.71, -> desk (43.7%)
frame_002952,-1.0,1.2875,35.1862,0.0695,36.6003,526,30.61, -> desk (30.6%)
frame_002953,-1.0,1.3667,35.1041,0.0718,36.6051,894,16.86, -> wardrobe (16.9%)
frame_002954,-1.0,1.5999,38.5065,0.0715,40.239,526,34.25, -> desk (34.3%)
frame_002955,-1.0,1.3681,34.2803,0.0709,35.7807,894,23.99, -> wardrobe (24.0%)
frame_002956,-1.0,1.2976,34.3412,0.071,35.7695,526,23.57, -> desk (23.6%)
frame_002957,-1.0,1.2533,34.4747,0.0765,35.8684,894,37.46, -> wardrobe (37.5%)
frame_002958,-1.0,1.5343,40.6004,0.0695,42.2617,894,23.86, -> wardrobe (23.9%)
frame_002959,-1.0,1.3197,34.4691,0.0741,35.922,526,32.26, -> desk (32.3%)
frame_002960,-1.0,1.5054,35.883,0.07,37.5151,894,33.69, -> wardrobe (33.7%)
frame_002961,-1.0,1.5123,35.3516,0.0717,36.9971,526,26.39, -> desk (26.4%)
frame_002962,-1.0,1.4808,36.6301,0.0733,38.2435,550,27.95, -> espresso maker (27.9%)
frame_002963,-1.0,1.2875,34.3918,0.0726,35.8117,550,27.39, -> espresso maker (27.4%)
frame_002964,-1.0,1.2757,34.9828,0.0682,36.3859,894,20.91, -> wardrobe (20.9%)
frame_002965,-1.0,1.2715,36.7659,0.0698,38.1658,526,21.72, -> desk (21.7%)
frame_002966,-1.0,1.2629,34.2445,0.0722,35.6411,526,30.75, -> desk (30.8%)
frame_002967,-1.0,1.3472,34.852,0.0728,36.3286,894,32.77, -> wardrobe (32.8%)
frame_002968,-1.0,1.4774,34.4035,0.0695,36.0123,526,39.13, -> desk (39.1%)
frame_002969,-1.0,1.2476,34.5317,0.0759,35.9184,532,24.68, -> dining table (24.7%)
frame_002970,-1.0,1.5396,35.6671,0.0703,37.3383,532,9.22, -> dining table (9.2%)
frame_002971,-1.0,1.2591,34.6678,0.0702,36.0546,894,25.41, -> wardrobe (25.4%)
frame_002972,-1.0,1.2929,34.588,0.0688,36.0052,894,41.09, -> wardrobe (41.1%)
frame_002973,-1.0,1.343,34.4879,0.0767,35.966,877,29.12, -> turnstile (29.1%)
frame_002974,-1.0,1.2966,35.0391,0.0677,36.4615,877,33.48, -> turnstile (33.5%)
frame_002975,-1.0,1.3233,34.519,0.0721,35.9731,877,58.87, -> turnstile (58.9%)
frame_002976,-1.0,1.3018,34.7974,0.0715,36.2287,894,23.29, -> wardrobe (23.3%)
frame_002977,-1.0,1.3105,34.7966,0.0686,36.2333,894,70.8, -> wardrobe (70.8%)
frame_002978,-1.0,1.2733,34.6871,0.0738,36.0938,894,62.26, -> wardrobe (62.3%)
frame_002979,-1.0,1.2958,34.4767,0.0726,35.9075,894,45.35, -> wardrobe (45.4%)
frame_002980,-1.0,1.4379,34.6059,0.0701,36.1709,526,20.08, -> desk (20.1%)
frame_002981,-1.0,1.2807,34.6884,0.068,36.0943,851,35.18, -> television (35.2%)
frame_002982,-1.0,1.313,34.8165,0.0757,36.2658,830,30.09, -> stretcher (30.1%)
frame_002983,-1.0,1.2884,34.8001,0.0688,36.2166,884,18.55, -> vault (18.5%)
frame_002984,-1.0,1.2996,34.8346,0.0698,36.2623,894,32.56, -> wardrobe (32.6%)
frame_002985,-1.0,1.282,34.6407,0.0684,36.0464,894,14.15, -> wardrobe (14.1%)
frame_002986,-1.0,1.2713,34.9104,0.071,36.311,526,23.55, -> desk (23.6%)
frame_002987,-1.0,1.5079,37.3707,0.07,39.0057,526,49.96, -> desk (50.0%)
frame_002988,-1.0,1.2815,34.9374,0.0717,36.353,713,16.45, -> photocopier (16.4%)
frame_002989,-1.0,1.2718,34.8157,0.0734,36.2189,877,15.76, -> turnstile (15.8%)
frame_002990,-1.0,1.2729,35.2445,0.0726,36.6488,877,26.5, -> turnstile (26.5%)
frame_002991,-1.0,1.3176,35.2369,0.0683,36.6795,526,17.27, -> desk (17.3%)
frame_002992,-1.0,1.3072,34.6229,0.0685,36.0567,526,19.73, -> desk (19.7%)
frame_002993,-1.0,1.371,37.6908,0.0693,39.1849,526,24.43, -> desk (24.4%)
frame_002994,-1.0,1.3223,35.6157,0.0712,37.0682,526,29.09, -> desk (29.1%)
frame_002995,-1.0,1.3647,34.5717,0.0765,36.0729,526,30.68, -> desk (30.7%)
frame_002996,-1.0,1.4059,37.1843,0.0715,38.721,877,36.51, -> turnstile (36.5%)
frame_002997,-1.0,1.3408,34.7474,0.0668,36.2118,526,51.34, -> desk (51.3%)
frame_002998,-1.0,1.4157,35.6001,0.0692,37.1421,526,27.41, -> desk (27.4%)
frame_002999,-1.0,1.3005,34.87,0.0693,36.2995,526,17.96, -> desk (18.0%)
frame_003000,-1.0,1.3346,35.3428,0.069,36.8025,526,31.71, -> desk (31.7%)
frame_003001,-1.0,1.2806,35.0687,0.0691,36.4754,526,35.18, -> desk (35.2%)
frame_003002,-1.0,1.3199,34.8219,0.0696,36.2734,526,26.68, -> desk (26.7%)
frame_003003,-1.0,1.3441,34.4816,0.069,35.9506,526,52.59, -> desk (52.6%)
frame_003004,-1.0,1.3242,35.2371,0.0687,36.687,771,25.4, -> safe (25.4%)
frame_003005,-1.0,1.3053,34.595,0.0706,36.0298,526,37.61, -> desk (37.6%)
frame_003006,-1.0,1.2604,35.1419,0.0711,36.5281,526,62.7, -> desk (62.7%)
frame_003007,-1.0,1.4579,35.2802,0.0692,36.8644,526,66.25, -> desk (66.3%)
frame_003008,-1.0,1.4018,35.3782,0.073,36.9123,526,53.61, -> desk (53.6%)
frame_003009,-1.0,1.4496,37.1524,0.068,38.728,526,62.05, -> desk (62.0%)
frame_003010,-1.0,1.2669,34.8922,0.0737,36.2935,526,52.67, -> desk (52.7%)
frame_003011,-1.0,1.3793,34.603,0.0693,36.1098,526,53.76, -> desk (53.8%)
frame_003012,-1.0,1.4846,39.7733,0.0684,41.3851,526,49.85, -> desk (49.9%)
frame_003013,-1.0,1.2857,34.7199,0.0678,36.1323,526,59.89, -> desk (59.9%)
frame_003014,-1.0,1.2752,34.5955,0.0691,35.9976,526,50.42, -> desk (50.4%)
frame_003015,-1.0,1.3715,34.8891,0.0697,36.3901,526,50.25, -> desk (50.3%)
frame_003016,-1.0,1.2742,34.612,0.0693,36.0119,526,68.07, -> desk (68.1%)
frame_003017,-1.0,1.2731,34.491,0.0708,35.8915,526,64.97, -> desk (65.0%)
frame_003018,-1.0,1.298,34.7987,0.0703,36.2232,526,70.88, -> desk (70.9%)
frame_003019,-1.0,1.3289,35.0159,0.0715,36.4754,526,50.5, -> desk (50.5%)
frame_003020,-1.0,1.3026,34.4392,0.072,35.8734,526,47.6, -> desk (47.6%)
frame_003021,-1.0,1.3102,34.5412,0.0685,35.9765,526,48.25, -> desk (48.3%)
frame_003022,-1.0,1.2848,34.7357,0.0708,36.1523,526,31.47, -> desk (31.5%)
frame_003023,-1.0,1.2648,34.5428,0.0701,35.9318,526,52.05, -> desk (52.1%)
frame_003024,-1.0,1.3832,34.5366,0.0697,36.0477,526,53.35, -> desk (53.4%)
frame_003025,-1.0,1.2217,34.4051,0.0699,35.7532,526,57.94, -> desk (57.9%)
frame_003026,-1.0,1.4257,35.0748,0.0724,36.6338,526,48.09, -> desk (48.1%)
frame_003027,-1.0,1.2421,34.8748,0.0693,36.2444,526,54.79, -> desk (54.8%)
frame_003028,-1.0,1.2996,34.9742,0.0698,36.4011,526,55.47, -> desk (55.5%)
frame_003029,-1.0,1.2893,34.7295,0.069,36.1449,526,65.15, -> desk (65.2%)
frame_003030,-1.0,1.3523,35.5251,0.0697,37.0016,526,68.03, -> desk (68.0%)
frame_003031,-1.0,1.3706,38.2331,0.073,39.7351,526,65.3, -> desk (65.3%)
frame_003032,-1.0,1.309,34.7286,0.072,36.1667,526,65.77, -> desk (65.8%)
frame_003033,-1.0,1.2917,35.1003,0.0702,36.5179,526,42.8, -> desk (42.8%)
frame_003034,-1.0,1.2742,35.1278,0.0741,36.5355,526,41.95, -> desk (42.0%)
frame_003035,-1.0,1.2447,34.7762,0.0735,36.1566,526,54.77, -> desk (54.8%)
frame_003036,-1.0,1.4798,35.6265,0.0719,37.2353,526,59.55, -> desk (59.6%)
frame_003037,-1.0,1.3033,34.967,0.0702,36.3984,526,61.76, -> desk (61.8%)
frame_003038,-1.0,1.3121,35.0389,0.0694,36.4786,526,52.99, -> desk (53.0%)
frame_003039,-1.0,1.5852,35.1483,0.0725,36.8654,526,59.56, -> desk (59.6%)
frame_003040,-1.0,1.2508,34.8934,0.0687,36.2709,526,64.14, -> desk (64.1%)
frame_003041,-1.0,1.477,34.5911,0.0693,36.194,526,66.53, -> desk (66.5%)
frame_003042,-1.0,1.3051,34.659,0.068,36.0916,526,73.54, -> desk (73.5%)
frame_003043,-1.0,1.4927,35.9834,0.0698,37.6046,526,78.29, -> desk (78.3%)
frame_003044,-1.0,1.3902,36.4298,0.0681,37.9469,526,74.13, -> desk (74.1%)
frame_003045,-1.0,1.2446,34.5378,0.0702,35.9124,526,79.69, -> desk (79.7%)
frame_003046,-1.0,1.2981,34.6154,0.0732,36.0458,526,80.23, -> desk (80.2%)
frame_003047,-1.0,1.2946,35.3202,0.0706,36.7431,526,78.41, -> desk (78.4%)
frame_003048,-1.0,1.2489,35.0415,0.0691,36.4173,526,70.15, -> desk (70.2%)
frame_003049,-1.0,1.2924,34.5798,0.0726,36.0048,526,72.32, -> desk (72.3%)
frame_003050,-1.0,1.4271,39.0539,0.0721,40.6122,526,80.87, -> desk (80.9%)
frame_003051,-1.0,1.2576,34.5477,0.0706,35.9353,526,71.83, -> desk (71.8%)
frame_003052,-1.0,1.4066,40.0537,0.073,41.5921,526,78.4, -> desk (78.4%)
frame_003053,-1.0,1.309,34.7809,0.0702,36.2153,526,69.8, -> desk (69.8%)
frame_003054,-1.0,1.4271,35.2315,0.0742,36.7977,526,70.74, -> desk (70.7%)
frame_003055,-1.0,1.2988,34.6566,0.07,36.082,526,63.87, -> desk (63.9%)
frame_003056,-1.0,1.2804,34.9949,0.0714,36.4067,526,73.06, -> desk (73.1%)
frame_003057,-1.0,1.3887,35.5563,0.0692,37.0714,526,77.27, -> desk (77.3%)
frame_003058,-1.0,1.354,34.5155,0.0694,35.9974,526,70.6, -> desk (70.6%)
frame_003059,-1.0,1.298,34.5383,0.069,35.9608,526,72.06, -> desk (72.1%)
frame_003060,-1.0,1.2921,34.6163,0.0734,36.0434,526,57.59, -> desk (57.6%)
frame_003061,-1.0,1.3072,35.0822,0.0711,36.5168,526,59.95, -> desk (60.0%)
frame_003062,-1.0,1.3688,38.728,0.0713,40.2306,526,59.95, -> desk (60.0%)
frame_003063,-1.0,1.39,37.6425,0.0696,39.1639,526,59.71, -> desk (59.7%)
frame_003064,-1.0,1.4976,37.9278,0.0747,39.561,526,63.95, -> desk (64.0%)
frame_003065,-1.0,1.3118,34.6613,0.0724,36.1076,526,70.87, -> desk (70.9%)
frame_003066,-1.0,1.4909,38.6981,0.0714,40.3208,526,75.82, -> desk (75.8%)
frame_003067,-1.0,1.2938,34.6342,0.0693,36.0566,526,46.51, -> desk (46.5%)
frame_003068,-1.0,1.256,34.7776,0.0723,36.1678,526,62.59, -> desk (62.6%)
frame_003069,-1.0,1.3376,35.5259,0.0699,36.9928,526,64.04, -> desk (64.0%)
frame_003070,-1.0,1.296,34.9633,0.0692,36.3892,526,67.25, -> desk (67.2%)
frame_003071,-1.0,1.2829,34.9882,0.067,36.3979,526,52.46, -> desk (52.5%)
frame_003072,-1.0,1.5047,34.7729,0.0748,36.4153,526,56.4, -> desk (56.4%)
frame_003073,-1.0,1.3064,35.4386,0.0688,36.8723,526,53.06, -> desk (53.1%)
frame_003074,-1.0,1.4328,34.6904,0.07,36.2499,526,56.61, -> desk (56.6%)
frame_003075,-1.0,1.3689,36.61,0.0696,38.1067,526,68.02, -> desk (68.0%)
frame_003076,-1.0,1.295,35.0833,0.0701,36.5049,526,63.17, -> desk (63.2%)
frame_003077,-1.0,1.2612,34.9755,0.0679,36.3633,526,72.58, -> desk (72.6%)
frame_003078,-1.0,1.2651,34.7377,0.0705,36.1312,526,66.67, -> desk (66.7%)
frame_003079,-1.0,1.2669,34.6063,0.071,36.0023,526,68.18, -> desk (68.2%)
frame_003080,-1.0,1.2731,35.2818,0.0712,36.6864,526,67.65, -> desk (67.7%)
frame_003081,-1.0,1.3134,35.1517,0.0692,36.595,526,76.21, -> desk (76.2%)
frame_003082,-1.0,1.2679,34.7759,0.0741,36.1802,526,65.03, -> desk (65.0%)
frame_003083,-1.0,1.3613,34.9848,0.068,36.4721,526,66.35, -> desk (66.4%)
frame_003084,-1.0,1.3157,35.0461,0.0717,36.4943,526,66.01, -> desk (66.0%)
frame_003085,-1.0,1.2886,34.647,0.0711,36.0642,526,64.11, -> desk (64.1%)
frame_003086,-1.0,1.2449,34.7956,0.0694,36.1685,526,71.19, -> desk (71.2%)
frame_003087,-1.0,1.2711,35.1081,0.0712,36.5078,526,67.99, -> desk (68.0%)
frame_003088,-1.0,1.3732,36.4677,0.0684,37.9653,526,65.47, -> desk (65.5%)
frame_003089,-1.0,1.2546,34.9216,0.0694,36.3004,526,61.22, -> desk (61.2%)
frame_003090,-1.0,1.3244,34.507,0.0697,35.9587,526,61.96, -> desk (62.0%)
frame_003091,-1.0,1.3714,34.9298,0.0701,36.4285,526,62.86, -> desk (62.9%)
frame_003092,-1.0,1.3027,35.5008,0.0706,36.9314,526,56.1, -> desk (56.1%)
frame_003093,-1.0,1.3323,34.7833,0.069,36.2418,526,45.67, -> desk (45.7%)
frame_003094,-1.0,1.2595,35.0896,0.0696,36.4766,526,61.26, -> desk (61.3%)
frame_003095,-1.0,1.2999,34.9681,0.0748,36.4002,526,71.2, -> desk (71.2%)
frame_003096,-1.0,1.2624,35.2017,0.0685,36.5905,526,50.06, -> desk (50.1%)
frame_003097,-1.0,1.3581,35.2475,0.0723,36.7357,526,39.77, -> desk (39.8%)
frame_003098,-1.0,1.2998,34.8243,0.0716,36.2563,526,45.08, -> desk (45.1%)
frame_003099,-1.0,1.533,36.2429,0.0713,37.9049,713,29.45, -> photocopier (29.4%)
frame_003100,-1.0,1.243,34.9,0.0729,36.2788,526,38.61, -> desk (38.6%)
frame_003101,-1.0,1.3886,34.9033,0.0697,36.4189,526,49.23, -> desk (49.2%)
frame_003102,-1.0,1.3377,35.4212,0.0712,36.8862,526,46.67, -> desk (46.7%)
frame_003103,-1.0,1.2363,35.1242,0.078,36.4949,713,33.47, -> photocopier (33.5%)
frame_003104,-1.0,1.3064,34.9606,0.0723,36.4007,526,38.29, -> desk (38.3%)
frame_003105,-1.0,1.3789,35.3048,0.0717,36.8122,526,64.38, -> desk (64.4%)
frame_003106,-1.0,1.6146,36.6182,0.0817,38.3855,526,74.52, -> desk (74.5%)
frame_003107,-1.0,1.6018,37.221,0.0818,38.9739,526,66.82, -> desk (66.8%)
frame_003108,-1.0,1.4596,36.0291,0.0829,37.6364,713,33.05, -> photocopier (33.1%)
frame_003109,-1.0,1.5788,36.0548,0.0788,37.7792,526,29.92, -> desk (29.9%)
frame_003110,-1.0,1.5992,39.3502,0.0811,41.0938,526,32.13, -> desk (32.1%)
frame_003111,-1.0,1.2923,36.919,0.082,38.3671,526,36.04, -> desk (36.0%)
frame_003112,-1.0,1.2995,34.7909,0.0819,36.241,526,37.1, -> desk (37.1%)
frame_003113,-1.0,1.2989,34.714,0.0832,36.1631,526,46.09, -> desk (46.1%)
frame_003114,-1.0,1.4758,40.0894,0.0823,41.7167,713,34.98, -> photocopier (35.0%)
frame_003115,-1.0,1.4023,35.2422,0.0833,36.799,526,41.9, -> desk (41.9%)
frame_003116,-1.0,1.4557,38.1621,0.0818,39.7686,526,49.22, -> desk (49.2%)
frame_003117,-1.0,1.2798,34.881,0.0821,36.3119,526,43.84, -> desk (43.8%)
frame_003118,-1.0,1.3038,37.0813,0.081,38.539,526,43.16, -> desk (43.2%)
frame_003119,-1.0,1.3919,34.6999,0.0821,36.2426,526,44.89, -> desk (44.9%)
frame_003120,-1.0,1.3004,34.5831,0.0844,36.0376,526,42.97, -> desk (43.0%)
frame_003121,-1.0,1.2953,35.5547,0.0813,37.0007,526,43.14, -> desk (43.1%)
frame_003122,-1.0,1.2912,34.7468,0.0802,36.1868,526,37.79, -> desk (37.8%)
frame_003123,-1.0,1.3413,35.0286,0.0812,36.5196,713,45.14, -> photocopier (45.1%)
frame_003124,-1.0,1.3131,34.7222,0.0811,36.1848,526,50.13, -> desk (50.1%)
frame_003125,-1.0,1.4669,35.6511,0.0832,37.2694,526,58.55, -> desk (58.5%)
frame_003126,-1.0,1.2726,34.8002,0.0831,36.2233,526,39.72, -> desk (39.7%)
frame_003127,-1.0,1.361,34.8402,0.0874,36.3566,526,40.52, -> desk (40.5%)
frame_003128,-1.0,1.7683,36.091,0.0818,38.0111,526,54.38, -> desk (54.4%)
frame_003129,-1.0,1.2704,34.653,0.0833,36.0767,526,28.54, -> desk (28.5%)
frame_003130,-1.0,1.2712,34.78,0.0875,36.2083,526,49.34, -> desk (49.3%)
frame_003131,-1.0,1.2826,34.986,0.082,36.4193,526,67.62, -> desk (67.6%)
frame_003132,-1.0,1.304,34.8055,0.0818,36.2592,526,58.28, -> desk (58.3%)
frame_003133,-1.0,1.3887,35.0106,0.0796,36.5475,526,71.74, -> desk (71.7%)
frame_003134,-1.0,1.2707,34.7513,0.0817,36.1714,526,66.4, -> desk (66.4%)
frame_003135,-1.0,1.522,34.8772,0.086,36.554,713,34.53, -> photocopier (34.5%)
frame_003136,-1.0,1.2543,34.778,0.0816,36.1821,526,30.79, -> desk (30.8%)
frame_003137,-1.0,1.2445,35.684,0.0846,37.0816,526,42.85, -> desk (42.9%)
frame_003138,-1.0,1.2708,34.6663,0.0818,36.0902,526,38.88, -> desk (38.9%)
frame_003139,-1.0,1.252,34.6518,0.081,36.052,526,34.9, -> desk (34.9%)
frame_003140,-1.0,1.2731,34.6962,0.0808,36.1168,526,23.84, -> desk (23.8%)
frame_003141,-1.0,1.3003,34.795,0.08,36.243,526,31.27, -> desk (31.3%)
frame_003142,-1.0,1.2857,35.521,0.0846,36.959,526,36.13, -> desk (36.1%)
frame_003143,-1.0,1.2893,34.6542,0.084,36.0965,526,32.87, -> desk (32.9%)
frame_003144,-1.0,1.3004,34.5287,0.0809,35.9772,526,34.4, -> desk (34.4%)
frame_003145,-1.0,1.2866,35.1726,0.0831,36.6105,526,33.18, -> desk (33.2%)
frame_003146,-1.0,1.2926,34.6132,0.0827,36.0584,526,34.97, -> desk (35.0%)
frame_003147,-1.0,1.2496,34.8605,0.082,36.2602,526,31.58, -> desk (31.6%)
frame_003148,-1.0,1.6915,34.5935,0.0815,36.4342,526,34.15, -> desk (34.2%)
frame_003149,-1.0,1.2465,34.6611,0.0806,36.057,526,36.69, -> desk (36.7%)
frame_003150,-1.0,1.2607,35.8548,0.0814,37.2646,526,34.69, -> desk (34.7%)
frame_003151,-1.0,1.3159,35.0549,0.0823,36.5208,526,38.46, -> desk (38.5%)
frame_003152,-1.0,1.2427,34.8682,0.0838,36.2693,526,37.64, -> desk (37.6%)
frame_003153,-1.0,1.2436,36.1559,0.0813,37.5581,526,44.1, -> desk (44.1%)
frame_003154,-1.0,1.2622,34.9341,0.0807,36.3451,526,47.02, -> desk (47.0%)
frame_003155,-1.0,1.4326,35.6442,0.0854,37.2322,526,48.66, -> desk (48.7%)
frame_003156,-1.0,1.3578,34.5683,0.0815,36.0755,526,38.14, -> desk (38.1%)
frame_003157,-1.0,1.3719,34.9381,0.0837,36.4623,526,31.77, -> desk (31.8%)
frame_003158,-1.0,1.3044,35.0048,0.0858,36.4653,526,32.99, -> desk (33.0%)
frame_003159,-1.0,1.3688,34.9044,0.0821,36.4238,526,36.42, -> desk (36.4%)
frame_003160,-1.0,1.5513,39.9767,0.0799,41.6799,526,31.54, -> desk (31.5%)
frame_003161,-1.0,1.262,35.2709,0.0856,36.6873,526,32.86, -> desk (32.9%)
frame_003162,-1.0,1.4945,36.5701,0.0816,38.2145,526,29.95, -> desk (30.0%)
frame_003163,-1.0,1.3352,34.8034,0.0816,36.2892,526,36.54, -> desk (36.5%)
frame_003164,-1.0,1.337,36.6516,0.0819,38.139,526,35.28, -> desk (35.3%)
frame_003165,-1.0,1.2176,34.8667,0.0809,36.2328,526,33.09, -> desk (33.1%)
frame_003166,-1.0,1.3559,34.6156,0.0811,36.1206,526,36.42, -> desk (36.4%)
frame_003167,-1.0,1.3066,34.6143,0.0838,36.0764,526,34.14, -> desk (34.1%)
frame_003168,-1.0,1.3525,35.7743,0.0811,37.274,526,31.74, -> desk (31.7%)
frame_003169,-1.0,1.272,35.0759,0.0813,36.4958,713,36.86, -> photocopier (36.9%)
frame_003170,-1.0,1.2443,35.5887,0.0813,36.9819,526,35.49, -> desk (35.5%)
frame_003171,-1.0,1.3014,36.4664,0.081,37.9161,526,36.46, -> desk (36.5%)
frame_003172,-1.0,1.232,34.7966,0.082,36.1772,526,35.58, -> desk (35.6%)
frame_003173,-1.0,1.3015,34.7011,0.0806,36.1494,526,33.06, -> desk (33.1%)
frame_003174,-1.0,1.2879,35.1953,0.085,36.636,526,35.78, -> desk (35.8%)
frame_003175,-1.0,1.295,35.0726,0.0818,36.5181,526,37.54, -> desk (37.5%)
frame_003176,-1.0,1.2772,34.6103,0.0804,36.0327,526,34.76, -> desk (34.8%)
frame_003177,-1.0,1.2305,34.6413,0.0819,36.0241,526,35.79, -> desk (35.8%)
frame_003178,-1.0,1.2807,35.5466,0.0833,36.9782,526,29.24, -> desk (29.2%)
frame_003179,-1.0,1.3163,34.6753,0.0827,36.1475,526,33.9, -> desk (33.9%)
frame_003180,-1.0,1.2392,34.6874,0.0824,36.0777,526,29.93, -> desk (29.9%)
frame_003181,-1.0,1.4232,35.9371,0.0815,37.5092,526,31.93, -> desk (31.9%)
frame_003182,-1.0,1.26,34.6966,0.0833,36.1122,526,38.23, -> desk (38.2%)
frame_003183,-1.0,1.2279,35.0606,0.0838,36.4419,526,32.79, -> desk (32.8%)
frame_003184,-1.0,1.5878,36.1822,0.0792,37.9177,526,34.79, -> desk (34.8%)
frame_003185,-1.0,1.2882,34.8845,0.0811,36.3238,526,31.08, -> desk (31.1%)
frame_003186,-1.0,1.2721,34.636,0.0808,36.0541,526,30.91, -> desk (30.9%)
frame_003187,-1.0,1.3385,34.9146,0.0819,36.4024,526,30.92, -> desk (30.9%)
frame_003188,-1.0,1.3432,35.044,0.0818,36.5394,526,29.45, -> desk (29.5%)
frame_003189,-1.0,1.2516,35.1544,0.0795,36.5521,526,30.2, -> desk (30.2%)
frame_003190,-1.0,1.5225,35.5343,0.0828,37.2076,526,36.52, -> desk (36.5%)
frame_003191,-1.0,1.4617,35.742,0.0798,37.3495,526,35.72, -> desk (35.7%)
frame_003192,-1.0,1.2696,34.7892,0.0807,36.2075,526,30.28, -> desk (30.3%)
frame_003193,-1.0,1.2615,34.6791,0.0836,36.0934,526,34.4, -> desk (34.4%)
frame_003194,-1.0,1.3169,34.9652,0.081,36.4299,526,31.18, -> desk (31.2%)
frame_003195,-1.0,1.2683,34.7651,0.0826,36.1821,526,44.43, -> desk (44.4%)
frame_003196,-1.0,1.3801,35.4043,0.0838,36.9379,713,34.9, -> photocopier (34.9%)
frame_003197,-1.0,1.2577,34.6961,0.0814,36.1048,713,32.75, -> photocopier (32.8%)
frame_003198,-1.0,1.282,36.7172,0.0834,38.1511,713,33.55, -> photocopier (33.6%)
frame_003199,-1.0,1.3086,35.3311,0.0823,36.7933,526,30.97, -> desk (31.0%)
frame_003200,-1.0,1.3619,34.7305,0.0811,36.2424,526,68.74, -> desk (68.7%)
frame_003201,-1.0,1.2448,36.2494,0.082,37.6444,526,50.85, -> desk (50.8%)
frame_003202,-1.0,1.5135,41.7356,0.0805,43.3966,526,45.27, -> desk (45.3%)
frame_003203,-1.0,1.2392,34.5727,0.0831,35.9608,713,37.86, -> photocopier (37.9%)
frame_003204,-1.0,1.2538,34.7945,0.0821,36.1976,713,32.64, -> photocopier (32.6%)
frame_003205,-1.0,1.2276,35.0309,0.0834,36.4111,526,53.37, -> desk (53.4%)
frame_003206,-1.0,1.2441,34.6864,0.0824,36.0798,526,52.03, -> desk (52.0%)
frame_003207,-1.0,1.401,34.775,0.0823,36.3283,526,34.7, -> desk (34.7%)
frame_003208,-1.0,1.2895,35.02,0.0831,36.4594,713,30.91, -> photocopier (30.9%)
frame_003209,-1.0,1.2814,34.622,0.0809,36.0529,713,41.27, -> photocopier (41.3%)
frame_003210,-1.0,1.275,34.5161,0.0813,35.9395,526,55.63, -> desk (55.6%)
frame_003211,-1.0,1.3002,34.8352,0.0821,36.2855,713,36.62, -> photocopier (36.6%)
frame_003212,-1.0,1.3496,35.6424,0.08,37.1408,526,34.99, -> desk (35.0%)
frame_003213,-1.0,1.2789,34.8922,0.0816,36.3211,526,42.82, -> desk (42.8%)
frame_003214,-1.0,1.2601,35.0926,0.0821,36.5032,526,35.13, -> desk (35.1%)
frame_003215,-1.0,1.2967,36.6996,0.0812,38.1457,526,43.48, -> desk (43.5%)
frame_003216,-1.0,1.3154,34.6606,0.0807,36.1298,713,40.0, -> photocopier (40.0%)
frame_003217,-1.0,1.6905,37.0306,0.0827,38.871,713,53.85, -> photocopier (53.8%)
frame_003218,-1.0,1.234,34.6841,0.083,36.0688,526,42.67, -> desk (42.7%)
frame_003219,-1.0,1.2578,34.8476,0.081,36.255,713,37.63, -> photocopier (37.6%)
frame_003220,-1.0,1.2521,34.5151,0.0846,35.9226,526,34.49, -> desk (34.5%)
frame_003221,-1.0,1.2822,34.7691,0.0847,36.2039,526,31.15, -> desk (31.1%)
frame_003222,-1.0,1.3942,35.847,0.0825,37.3936,526,35.0, -> desk (35.0%)
frame_003223,-1.0,1.2637,34.8727,0.0833,36.2896,526,43.23, -> desk (43.2%)
frame_003224,-1.0,1.3077,34.9167,0.082,36.3743,526,53.52, -> desk (53.5%)
frame_003225,-1.0,1.3356,35.6691,0.0877,37.1616,526,28.64, -> desk (28.6%)
frame_003226,-1.0,1.2493,35.2564,0.0825,36.658,526,46.56, -> desk (46.6%)
frame_003227,-1.0,1.4895,35.556,0.0854,37.1982,771,31.2, -> safe (31.2%)
frame_003228,-1.0,1.3271,34.7139,0.0819,36.1953,771,22.19, -> safe (22.2%)
frame_003229,-1.0,1.2752,34.5493,0.0811,35.9725,526,35.77, -> desk (35.8%)
frame_003230,-1.0,1.3809,35.8033,0.0831,37.3385,526,47.69, -> desk (47.7%)
frame_003231,-1.0,1.2601,35.5433,0.0813,36.952,526,60.59, -> desk (60.6%)
frame_003232,-1.0,1.3243,35.1752,0.0834,36.6512,526,32.6, -> desk (32.6%)
frame_003233,-1.0,1.2445,34.6844,0.0818,36.0773,526,24.82, -> desk (24.8%)
frame_003234,-1.0,1.5161,35.6969,0.0817,37.3631,526,42.72, -> desk (42.7%)
frame_003235,-1.0,1.2311,35.1908,0.0807,36.5696,526,55.57, -> desk (55.6%)
frame_003236,-1.0,1.2621,35.3818,0.0825,36.7955,526,42.82, -> desk (42.8%)
frame_003237,-1.0,1.2855,34.8583,0.082,36.2943,526,39.76, -> desk (39.8%)
frame_003238,-1.0,1.3154,34.9323,0.0838,36.3991,526,45.29, -> desk (45.3%)
frame_003239,-1.0,1.3264,35.0798,0.0817,36.5546,526,48.66, -> desk (48.7%)
frame_003240,-1.0,1.2918,35.2951,0.0816,36.7391,526,49.74, -> desk (49.7%)
frame_003241,-1.0,1.2194,34.8944,0.0825,36.2683,526,42.75, -> desk (42.8%)
frame_003242,-1.0,1.5836,36.71,0.0804,38.442,526,33.68, -> desk (33.7%)
frame_003243,-1.0,1.2545,35.3134,0.0832,36.7188,526,33.86, -> desk (33.9%)
frame_003244,-1.0,1.2574,34.8463,0.0827,36.2559,526,32.31, -> desk (32.3%)
frame_003245,-1.0,1.2584,34.8924,0.0831,36.3037,526,39.13, -> desk (39.1%)
frame_003246,-1.0,1.278,35.0635,0.083,36.4922,526,47.8, -> desk (47.8%)
frame_003247,-1.0,1.4723,35.7786,0.083,37.4039,526,29.46, -> desk (29.5%)
frame_003248,-1.0,1.4632,41.2057,0.0808,42.8173,526,30.26, -> desk (30.3%)
frame_003249,-1.0,1.2891,35.0075,0.081,36.4435,526,19.23, -> desk (19.2%)
frame_003250,-1.0,1.2325,35.2391,0.0816,36.6192,526,25.13, -> desk (25.1%)
frame_003251,-1.0,1.2704,35.465,0.0825,36.8868,760,22.38, -> refrigerator (22.4%)
frame_003252,-1.0,1.3195,35.129,0.0808,36.5973,771,19.64, -> safe (19.6%)
frame_003253,-1.0,1.2769,34.8376,0.0833,36.2657,526,34.82, -> desk (34.8%)
frame_003254,-1.0,1.6042,36.2349,0.0825,37.989,526,17.61, -> desk (17.6%)
frame_003255,-1.0,1.251,35.4271,0.0824,36.8278,713,34.66, -> photocopier (34.7%)
frame_003256,-1.0,1.4165,35.7597,0.0852,37.3303,771,18.7, -> safe (18.7%)
frame_003257,-1.0,1.2715,34.6714,0.0808,36.0903,771,26.95, -> safe (26.9%)
frame_003258,-1.0,1.2803,36.2092,0.0987,37.6876,526,27.09, -> desk (27.1%)
frame_003259,-1.0,1.2911,35.564,0.0826,37.0074,526,31.58, -> desk (31.6%)
frame_003260,-1.0,1.2734,35.247,0.0819,36.6776,526,25.77, -> desk (25.8%)
frame_003261,-1.0,1.2816,35.2414,0.0854,36.677,713,22.3, -> photocopier (22.3%)
frame_003262,-1.0,1.2326,35.6809,0.079,37.0622,877,47.16, -> turnstile (47.2%)
frame_003263,-1.0,1.3441,35.1995,0.0814,36.694,760,17.19, -> refrigerator (17.2%)
frame_003264,-1.0,1.2532,34.8267,0.0824,36.2297,877,21.0, -> turnstile (21.0%)
frame_003265,-1.0,1.2842,35.1659,0.0817,36.5998,877,15.71, -> turnstile (15.7%)
frame_003266,-1.0,1.2821,34.9233,0.0822,36.3565,894,43.28, -> wardrobe (43.3%)
frame_003267,-1.0,1.3628,35.0568,0.0795,36.568,894,51.74, -> wardrobe (51.7%)
frame_003268,-1.0,1.2607,34.8736,0.0793,36.2829,894,70.46, -> wardrobe (70.5%)
frame_003269,-1.0,1.2797,35.0612,0.0817,36.495,894,36.55, -> wardrobe (36.5%)
frame_003270,-1.0,1.2342,35.1202,0.0823,36.5049,894,77.37, -> wardrobe (77.4%)
frame_003271,-1.0,1.2961,34.8034,0.0841,36.2517,894,78.43, -> wardrobe (78.4%)
frame_003272,-1.0,1.332,34.8173,0.0808,36.2975,894,67.45, -> wardrobe (67.5%)
frame_003273,-1.0,1.2916,35.6376,0.0795,37.0765,894,71.82, -> wardrobe (71.8%)
frame_003274,-1.0,1.2585,34.7946,0.0815,36.2029,894,64.59, -> wardrobe (64.6%)
frame_003275,-1.0,1.3135,35.5852,0.0816,37.0479,894,48.04, -> wardrobe (48.0%)
frame_003276,-1.0,1.4514,36.9082,0.0831,38.5112,894,19.16, -> wardrobe (19.2%)
frame_003277,-1.0,1.2767,35.3297,0.0835,36.7576,423,14.33, -> barber chair (14.3%)
frame_003278,-1.0,1.5913,39.3065,0.0839,41.0503,894,33.14, -> wardrobe (33.1%)
frame_003279,-1.0,1.2166,34.7359,0.0808,36.1013,894,21.2, -> wardrobe (21.2%)
frame_003280,-1.0,1.4742,43.5251,0.0816,45.147,423,57.78, -> barber chair (57.8%)
frame_003281,-1.0,1.3241,34.8678,0.083,36.3438,745,45.78, -> projector (45.8%)
frame_003282,-1.0,1.3401,35.0402,0.0801,36.53,423,43.09, -> barber chair (43.1%)
frame_003283,-1.0,1.2144,34.234,0.0834,35.6012,423,40.63, -> barber chair (40.6%)
frame_003284,-1.0,1.3086,36.1144,0.08,37.572,423,55.91, -> barber chair (55.9%)
frame_003285,-1.0,1.3348,35.0705,0.0796,36.555,423,41.48, -> barber chair (41.5%)
frame_003286,-1.0,1.4943,38.013,0.0839,39.6591,526,20.32, -> desk (20.3%)
frame_003287,-1.0,1.2888,34.8473,0.0821,36.2869,423,46.76, -> barber chair (46.8%)
frame_003288,-1.0,1.2819,34.7597,0.0846,36.1954,526,30.61, -> desk (30.6%)
frame_003289,-1.0,1.2903,35.0897,0.083,36.5329,526,33.98, -> desk (34.0%)
frame_003290,-1.0,1.3291,34.6628,0.0806,36.1386,526,36.26, -> desk (36.3%)
frame_003291,-1.0,1.2858,35.473,0.0807,36.9068,526,29.84, -> desk (29.8%)
frame_003292,-1.0,1.2592,34.3507,0.0825,35.764,526,40.67, -> desk (40.7%)
frame_003293,-1.0,1.558,36.1819,0.0784,37.8858,526,40.84, -> desk (40.8%)
frame_003294,-1.0,1.2491,34.511,0.0807,35.9081,526,52.72, -> desk (52.7%)
frame_003295,-1.0,1.2465,34.932,0.0818,36.3277,423,27.88, -> barber chair (27.9%)
frame_003296,-1.0,1.2431,34.7311,0.0806,36.1234,526,29.95, -> desk (30.0%)
frame_003297,-1.0,1.297,34.4428,0.087,35.8967,526,22.6, -> desk (22.6%)
frame_003298,-1.0,1.2628,34.3151,0.0802,35.7245,526,18.31, -> desk (18.3%)
frame_003299,-1.0,1.2668,34.2957,0.08,35.7094,526,26.44, -> desk (26.4%)
frame_003300,-1.0,1.2639,34.4145,0.0825,35.8281,526,16.16, -> desk (16.2%)
frame_003301,-1.0,1.3053,34.607,0.0808,36.0587,526,27.22, -> desk (27.2%)
frame_003302,-1.0,1.2851,34.6287,0.0799,36.0605,526,59.44, -> desk (59.4%)
frame_003303,-1.0,1.2946,34.7265,0.0822,36.1704,526,32.23, -> desk (32.2%)
frame_003304,-1.0,1.2419,35.3504,0.0825,36.7433,526,28.69, -> desk (28.7%)
frame_003305,-1.0,1.4382,34.8801,0.0798,36.4648,526,65.52, -> desk (65.5%)
frame_003306,-1.0,1.2551,34.5594,0.0808,35.963,526,78.52, -> desk (78.5%)
frame_003307,-1.0,1.3731,35.6927,0.0848,37.2185,526,54.31, -> desk (54.3%)
frame_003308,-1.0,1.195,34.8869,0.08,36.2299,526,69.95, -> desk (69.9%)
frame_003309,-1.0,1.2521,34.6641,0.083,36.0677,526,53.81, -> desk (53.8%)
frame_003310,-1.0,1.2763,38.7784,0.0827,40.2078,526,22.72, -> desk (22.7%)
frame_003311,-1.0,1.2696,34.7861,0.0807,36.2046,526,51.3, -> desk (51.3%)
frame_003312,-1.0,1.2686,34.7354,0.0821,36.1537,526,31.92, -> desk (31.9%)
frame_003313,-1.0,1.2613,35.121,0.0788,36.5275,526,33.61, -> desk (33.6%)
frame_003314,-1.0,1.2423,34.5743,0.0847,35.9698,526,33.82, -> desk (33.8%)
frame_003315,-1.0,1.3558,35.2271,0.0805,36.7305,526,67.85, -> desk (67.9%)
frame_003316,-1.0,1.3111,35.5613,0.0809,37.0214,526,61.69, -> desk (61.7%)
frame_003317,-1.0,1.3115,35.0314,0.0842,36.4934,526,71.18, -> desk (71.2%)
frame_003318,-1.0,1.2438,34.9397,0.0826,36.3349,526,68.91, -> desk (68.9%)
frame_003319,-1.0,1.5248,36.3525,0.081,38.0264,526,62.27, -> desk (62.3%)
frame_003320,-1.0,1.2319,34.3915,0.0815,35.7734,526,61.39, -> desk (61.4%)
frame_003321,-1.0,1.251,34.5376,0.0801,35.9406,526,60.03, -> desk (60.0%)
frame_003322,-1.0,1.1876,35.3341,0.0807,36.6706,526,60.51, -> desk (60.5%)
frame_003323,-1.0,1.3066,34.7183,0.0815,36.1738,526,67.03, -> desk (67.0%)
frame_003324,-1.0,1.284,34.8126,0.0805,36.2443,526,41.04, -> desk (41.0%)
frame_003325,-1.0,1.3051,35.4865,0.0829,36.9451,526,57.06, -> desk (57.1%)
frame_003326,-1.0,1.4476,38.3091,0.0803,39.9047,526,64.25, -> desk (64.2%)
frame_003327,-1.0,1.3265,34.5366,0.0842,36.0152,526,57.37, -> desk (57.4%)
frame_003328,-1.0,1.4376,37.6433,0.0801,39.2281,526,61.72, -> desk (61.7%)
frame_003329,-1.0,1.3196,34.6481,0.0818,36.1187,526,51.31, -> desk (51.3%)
frame_003330,-1.0,1.3719,36.1292,0.0794,37.6479,526,50.55, -> desk (50.5%)
frame_003331,-1.0,1.3293,34.8835,0.0807,36.36,526,49.72, -> desk (49.7%)
frame_003332,-1.0,1.3202,34.6429,0.0846,36.1174,526,71.69, -> desk (71.7%)
frame_003333,-1.0,1.3518,34.7523,0.0824,36.2548,526,53.61, -> desk (53.6%)
frame_003334,-1.0,1.4539,43.8544,0.081,45.4564,526,60.8, -> desk (60.8%)
frame_003335,-1.0,1.2316,34.7093,0.081,36.0888,526,52.91, -> desk (52.9%)
frame_003336,-1.0,1.4303,36.8816,0.0805,38.4595,526,55.65, -> desk (55.6%)
frame_003337,-1.0,1.2633,34.8041,0.0838,36.2204,526,46.09, -> desk (46.1%)
frame_003338,-1.0,1.283,34.8344,0.0805,36.2639,526,70.42, -> desk (70.4%)
frame_003339,-1.0,1.4318,35.5323,0.0814,37.1125,526,78.23, -> desk (78.2%)
frame_003340,-1.0,1.3023,36.2124,0.0865,37.6711,526,81.33, -> desk (81.3%)
frame_003341,-1.0,1.2546,34.4577,0.0807,35.8653,526,79.68, -> desk (79.7%)
frame_003342,-1.0,1.3233,34.4636,0.0832,35.9438,526,78.54, -> desk (78.5%)
frame_003343,-1.0,1.3606,35.2375,0.0808,36.7451,526,81.61, -> desk (81.6%)
frame_003344,-1.0,1.2664,34.4975,0.08,35.9132,526,76.78, -> desk (76.8%)
frame_003345,-1.0,1.2344,35.0844,0.0806,36.466,526,78.93, -> desk (78.9%)
frame_003346,-1.0,1.4683,38.1511,0.081,39.7684,526,80.24, -> desk (80.2%)
frame_003347,-1.0,1.2893,34.6779,0.0851,36.1206,526,72.31, -> desk (72.3%)
frame_003348,-1.0,1.2907,34.7781,0.0817,36.2194,526,74.46, -> desk (74.5%)
frame_003349,-1.0,1.3848,35.7929,0.0803,37.3266,526,76.37, -> desk (76.4%)
frame_003350,-1.0,1.2291,34.4432,0.087,35.8265,526,80.45, -> desk (80.5%)
frame_003351,-1.0,1.235,34.7223,0.0799,36.1042,526,78.85, -> desk (78.8%)
frame_003352,-1.0,1.2961,34.3356,0.0842,35.785,526,78.81, -> desk (78.8%)
frame_003353,-1.0,1.3037,34.6088,0.0811,36.0613,526,72.32, -> desk (72.3%)
frame_003354,-1.0,1.2585,36.365,0.0803,37.7719,526,69.33, -> desk (69.3%)
frame_003355,-1.0,1.3112,34.5976,0.0797,36.0615,526,72.55, -> desk (72.5%)
frame_003356,-1.0,1.4849,35.3958,0.0845,37.0328,526,68.63, -> desk (68.6%)
frame_003357,-1.0,1.4379,35.1952,0.0842,36.7883,526,65.6, -> desk (65.6%)
frame_003358,-1.0,1.439,35.8702,0.0821,37.459,526,69.61, -> desk (69.6%)
frame_003359,-1.0,1.356,37.9111,0.0859,39.4204,526,71.27, -> desk (71.3%)
frame_003360,-1.0,1.4349,39.2601,0.0799,40.8433,526,70.48, -> desk (70.5%)
frame_003361,-1.0,1.2647,35.0527,0.0821,36.466,526,72.68, -> desk (72.7%)
frame_003362,-1.0,1.5322,38.4982,0.0804,40.1793,526,73.35, -> desk (73.3%)
frame_003363,-1.0,1.4043,36.415,0.0811,37.9736,526,66.42, -> desk (66.4%)
frame_003364,-1.0,1.3128,34.9462,0.0811,36.4145,526,64.68, -> desk (64.7%)
frame_003365,-1.0,1.3026,35.3295,0.0876,36.7849,526,72.41, -> desk (72.4%)
frame_003366,-1.0,1.3576,34.5564,0.0837,36.0641,526,79.93, -> desk (79.9%)
frame_003367,-1.0,1.4759,37.2703,0.0845,38.9004,526,75.68, -> desk (75.7%)
frame_003368,-1.0,1.32,35.9605,0.0817,37.4296,526,66.77, -> desk (66.8%)
frame_003369,-1.0,1.4172,35.9568,0.0829,37.526,526,74.36, -> desk (74.4%)
frame_003370,-1.0,1.1905,34.9122,0.0857,36.2635,526,81.43, -> desk (81.4%)
frame_003371,-1.0,1.2407,34.847,0.0811,36.2382,526,82.74, -> desk (82.7%)
frame_003372,-1.0,1.3317,34.7373,0.0804,36.2181,526,47.02, -> desk (47.0%)
frame_003373,-1.0,1.2675,35.159,0.082,36.5759,526,34.35, -> desk (34.3%)
frame_003374,-1.0,1.4254,37.7978,0.0827,39.3711,526,27.67, -> desk (27.7%)
frame_003375,-1.0,1.4586,36.1801,0.0846,37.7916,526,33.36, -> desk (33.4%)
frame_003376,-1.0,1.2586,35.6794,0.0833,37.0889,526,46.41, -> desk (46.4%)
frame_003377,-1.0,1.2355,35.0762,0.0833,36.4616,526,52.24, -> desk (52.2%)
frame_003378,-1.0,1.3351,34.7679,0.081,36.2514,526,59.45, -> desk (59.5%)
frame_003379,-1.0,1.2592,34.7579,0.0807,36.1648,526,34.8, -> desk (34.8%)
frame_003380,-1.0,1.284,34.8901,0.0807,36.323,526,42.13, -> desk (42.1%)
frame_003381,-1.0,1.4881,35.8102,0.0816,37.4477,526,59.25, -> desk (59.3%)
frame_003382,-1.0,1.2338,34.8813,0.0871,36.2703,526,38.81, -> desk (38.8%)
frame_003383,-1.0,1.3155,34.8565,0.083,36.3217,526,43.77, -> desk (43.8%)
frame_003384,-1.0,1.265,35.2933,0.0809,36.7098,526,34.6, -> desk (34.6%)
frame_003385,-1.0,1.233,34.899,0.0812,36.2793,526,52.62, -> desk (52.6%)
frame_003386,-1.0,1.3144,34.8847,0.0819,36.3471,526,39.65, -> desk (39.7%)
frame_003387,-1.0,1.2702,34.9416,0.0815,36.3618,526,52.14, -> desk (52.1%)
frame_003388,-1.0,1.3483,35.415,0.0816,36.9111,526,28.21, -> desk (28.2%)
frame_003389,-1.0,1.3502,36.2865,0.0813,37.7881,553,23.74, -> file (23.7%)
frame_003390,-1.0,1.1984,35.134,0.0827,36.4826,553,30.73, -> file (30.7%)
frame_003391,-1.0,1.239,35.2106,0.0822,36.6005,553,29.86, -> file (29.9%)
frame_003392,-1.0,1.2392,35.0179,0.0883,36.4135,526,31.67, -> desk (31.7%)
frame_003393,-1.0,1.4279,38.5952,0.082,40.1735,553,40.98, -> file (41.0%)
frame_003394,-1.0,1.3224,35.5126,0.091,36.9951,553,44.39, -> file (44.4%)
frame_003395,-1.0,1.2311,35.7129,0.0816,37.0916,526,25.43, -> desk (25.4%)
frame_003396,-1.0,1.2517,34.9955,0.0874,36.4012,830,29.95, -> stretcher (29.9%)
frame_003397,-1.0,1.2028,35.4943,0.0822,36.8466,830,31.27, -> stretcher (31.3%)
frame_003398,-1.0,1.4815,35.6329,0.0808,37.2679,526,25.9, -> desk (25.9%)
frame_003399,-1.0,1.2837,35.1385,0.0853,36.5786,894,38.4, -> wardrobe (38.4%)
frame_003400,-1.0,1.2789,35.9159,0.0821,37.3454,894,35.55, -> wardrobe (35.5%)
frame_003401,-1.0,1.2644,35.188,0.0806,36.599,830,24.49, -> stretcher (24.5%)
frame_003402,-1.0,1.3887,35.5237,0.0852,37.0641,830,14.74, -> stretcher (14.7%)
frame_003403,-1.0,1.2484,35.0895,0.0822,36.4949,543,30.48, -> dumbbell (30.5%)
frame_003404,-1.0,1.4615,37.3099,0.0843,38.9235,526,36.38, -> desk (36.4%)
frame_003405,-1.0,1.2321,35.4488,0.0831,36.831,553,22.71, -> file (22.7%)
frame_003406,-1.0,1.4719,36.0886,0.0825,37.7104,553,31.58, -> file (31.6%)
frame_003407,-1.0,1.1919,35.3414,0.0862,36.6881,894,39.53, -> wardrobe (39.5%)
frame_003408,-1.0,1.2606,35.441,0.0923,36.8625,543,22.42, -> dumbbell (22.4%)
