filename,ros_data_age_ms,preprocessing_ms,inference_ms,postprocessing_ms,e2e_ms,class_id,confidence,info
frame_000000,-1.0,8.0959,27.8031,0.5879,36.6597,827,27.3, -> stove (27.3%)
frame_000001,-1.0,15.9257,23.8201,0.1837,40.0721,827,20.89, -> stove (20.9%)
frame_000002,-1.0,16.8944,23.7074,0.4518,41.2766,827,28.38, -> stove (28.4%)
frame_000003,-1.0,14.906,22.3687,0.2069,37.6146,827,21.79, -> stove (21.8%)
frame_000004,-1.0,13.6255,18.8985,0.1369,32.7499,827,29.35, -> stove (29.4%)
frame_000005,-1.0,12.3133,19.0723,0.1645,31.6709,827,26.21, -> stove (26.2%)
frame_000006,-1.0,10.7441,19.8702,0.1652,30.8902,827,45.28, -> stove (45.3%)
frame_000007,-1.0,10.5276,19.6814,0.1809,30.5054,827,31.72, -> stove (31.7%)
frame_000008,-1.0,10.4881,19.8134,0.1739,30.5931,827,27.63, -> stove (27.6%)
frame_000009,-1.0,12.1237,17.4834,0.14,29.8347,827,22.09, -> stove (22.1%)
frame_000010,-1.0,12.2356,17.4792,0.1314,29.9374,760,20.58, -> refrigerator (20.6%)
frame_000011,-1.0,40.0662,20.0099,0.1688,60.3595,827,27.99, -> stove (28.0%)
frame_000012,-1.0,22.8029,21.6915,0.1087,44.6784,827,19.24, -> stove (19.2%)
frame_000013,-1.0,15.0213,21.7162,0.1903,37.0557,412,18.44, -> ashcan (18.4%)
frame_000014,-1.0,13.9032,17.9557,0.1292,32.0768,827,30.79, -> stove (30.8%)
frame_000015,-1.0,10.6848,18.8035,0.1429,29.7307,827,33.67, -> stove (33.7%)
frame_000016,-1.0,16.4989,20.1358,0.2183,36.9908,827,20.59, -> stove (20.6%)
frame_000017,-1.0,17.0284,21.9928,0.1622,39.3211,827,16.66, -> stove (16.7%)
frame_000018,-1.0,14.2078,18.2099,0.1166,32.6272,827,16.83, -> stove (16.8%)
frame_000019,-1.0,11.767,20.5464,0.1461,32.5606,827,16.74, -> stove (16.7%)
frame_000020,-1.0,12.0381,17.331,0.1273,29.5826,827,38.17, -> stove (38.2%)
frame_000021,-1.0,12.1934,18.3539,0.1245,30.7644,827,47.53, -> stove (47.5%)
frame_000022,-1.0,12.2366,19.0412,0.1303,31.4971,827,43.85, -> stove (43.9%)
frame_000023,-1.0,10.7333,21.3677,0.1661,32.3782,827,33.71, -> stove (33.7%)
frame_000024,-1.0,10.4388,18.8085,0.1327,29.4819,827,30.41, -> stove (30.4%)
frame_000025,-1.0,11.176,17.1563,0.1194,28.5257,827,31.48, -> stove (31.5%)
frame_000026,-1.0,9.7313,21.0625,0.0975,30.9571,827,36.54, -> stove (36.5%)
frame_000027,-1.0,11.998,20.7542,0.2049,33.079,827,48.94, -> stove (48.9%)
frame_000028,-1.0,10.5999,19.5501,0.1136,30.3384,827,43.23, -> stove (43.2%)
frame_000029,-1.0,10.756,20.6209,0.1244,31.5899,598,22.24, -> home theater (22.2%)
frame_000030,-1.0,10.6044,22.9944,0.1473,33.8497,827,24.15, -> stove (24.2%)
frame_000031,-1.0,10.6636,19.0021,0.1099,29.8527,827,26.77, -> stove (26.8%)
frame_000032,-1.0,10.6323,17.8649,0.0995,28.669,827,25.93, -> stove (25.9%)
frame_000033,-1.0,10.4067,17.609,0.0961,28.1817,827,14.94, -> stove (14.9%)
frame_000034,-1.0,10.5495,18.4346,0.1081,29.1696,827,26.1, -> stove (26.1%)
frame_000035,-1.0,10.8275,17.5038,0.0953,28.5034,760,16.48, -> refrigerator (16.5%)
frame_000036,-1.0,10.3683,18.3022,0.1209,28.8698,556,15.28, -> fire screen (15.3%)
frame_000037,-1.0,15.7443,20.0038,0.1442,35.9922,851,47.88, -> television (47.9%)
frame_000038,-1.0,12.0643,20.8305,0.1347,33.1236,851,56.48, -> television (56.5%)
frame_000039,-1.0,10.5951,18.991,0.1072,29.769,851,56.38, -> television (56.4%)
frame_000040,-1.0,14.9526,18.6762,0.0977,33.8074,851,19.61, -> television (19.6%)
frame_000041,-1.0,15.037,20.3754,0.1318,35.6361,760,13.71, -> refrigerator (13.7%)
frame_000042,-1.0,13.4895,20.8349,0.2192,34.6872,897,26.68, -> washer (26.7%)
frame_000043,-1.0,12.5756,18.9186,0.1736,31.7918,760,40.76, -> refrigerator (40.8%)
frame_000044,-1.0,12.1539,18.4741,0.163,30.9065,897,20.12, -> washer (20.1%)
frame_000045,-1.0,10.6983,22.0196,0.1753,33.0176,760,26.28, -> refrigerator (26.3%)
frame_000046,-1.0,12.1607,19.0365,0.1574,31.4552,760,28.19, -> refrigerator (28.2%)
frame_000047,-1.0,10.7436,20.3482,0.1606,31.3638,897,29.09, -> washer (29.1%)
frame_000048,-1.0,10.9684,19.359,0.1355,30.5587,760,23.75, -> refrigerator (23.7%)
frame_000049,-1.0,10.6517,17.6221,0.1174,28.4718,760,26.31, -> refrigerator (26.3%)
frame_000050,-1.0,11.3051,37.0071,0.2684,48.8011,827,14.79, -> stove (14.8%)
frame_000051,-1.0,12.6839,19.04,0.1354,31.9565,760,28.23, -> refrigerator (28.2%)
frame_000052,-1.0,10.8259,18.9094,0.1521,29.9922,760,44.58, -> refrigerator (44.6%)
frame_000053,-1.0,16.6633,18.4955,0.0967,35.3193,760,43.52, -> refrigerator (43.5%)
frame_000054,-1.0,28.6094,18.9867,0.1088,47.777,760,33.61, -> refrigerator (33.6%)
frame_000055,-1.0,20.9761,17.4055,0.1059,38.5592,760,22.41, -> refrigerator (22.4%)
frame_000056,-1.0,10.1479,19.421,0.14,29.8066,760,33.2, -> refrigerator (33.2%)
frame_000057,-1.0,10.8685,23.7397,0.2184,34.9701,760,35.54, -> refrigerator (35.5%)
frame_000058,-1.0,20.0089,22.033,0.1672,42.3097,760,24.85, -> refrigerator (24.8%)
frame_000059,-1.0,14.414,23.5347,0.1804,38.253,760,53.82, -> refrigerator (53.8%)
frame_000060,-1.0,12.1664,21.8661,0.1956,34.353,760,49.4, -> refrigerator (49.4%)
frame_000061,-1.0,10.7115,20.5537,0.1934,31.5832,760,52.17, -> refrigerator (52.2%)
frame_000062,-1.0,17.2782,18.1614,0.1211,35.6449,760,54.12, -> refrigerator (54.1%)
frame_000063,-1.0,10.6072,22.6655,0.1875,33.5978,760,49.84, -> refrigerator (49.8%)
frame_000064,-1.0,10.6847,20.6154,0.1966,31.6209,760,44.03, -> refrigerator (44.0%)
frame_000065,-1.0,10.6547,19.9027,0.1633,30.8337,760,34.28, -> refrigerator (34.3%)
frame_000066,-1.0,10.5531,19.5062,0.2003,30.3814,760,23.69, -> refrigerator (23.7%)
frame_000067,-1.0,11.6095,18.7604,0.167,30.6571,897,39.29, -> washer (39.3%)
frame_000068,-1.0,18.3085,18.4576,0.1286,36.9771,760,34.99, -> refrigerator (35.0%)
frame_000069,-1.0,21.2172,23.6539,0.1364,45.1006,897,54.53, -> washer (54.5%)
frame_000070,-1.0,11.2191,17.8369,0.1376,29.2887,760,47.89, -> refrigerator (47.9%)
frame_000071,-1.0,12.1849,17.5702,0.1539,30.0121,760,43.29, -> refrigerator (43.3%)
frame_000072,-1.0,13.6404,17.5338,0.1578,31.4323,760,57.36, -> refrigerator (57.4%)
frame_000073,-1.0,13.223,23.9919,0.2862,37.7425,760,58.07, -> refrigerator (58.1%)
frame_000074,-1.0,19.8785,18.5202,0.2001,38.7346,760,49.81, -> refrigerator (49.8%)
frame_000075,-1.0,10.6198,19.5157,0.1301,30.3555,827,25.13, -> stove (25.1%)
frame_000076,-1.0,10.4916,21.826,0.1858,32.6239,412,26.8, -> ashcan (26.8%)
frame_000077,-1.0,10.7607,19.9287,0.1408,30.9288,884,10.46, -> vault (10.5%)
frame_000078,-1.0,10.851,22.9618,0.2057,34.1897,884,9.71, -> vault (9.7%)
frame_000079,-1.0,10.95,21.1111,0.1626,32.3356,884,28.11, -> vault (28.1%)
frame_000080,-1.0,11.3208,21.5021,0.2005,33.1418,884,19.63, -> vault (19.6%)
frame_000081,-1.0,16.6899,18.7336,0.1234,35.6275,646,58.19, -> maze (58.2%)
frame_000082,-1.0,12.4037,19.4931,0.1391,32.1499,884,36.3, -> vault (36.3%)
frame_000083,-1.0,22.6113,18.371,0.0947,41.1475,799,27.23, -> sliding door (27.2%)
frame_000084,-1.0,10.0695,22.7582,0.1821,33.1212,799,52.22, -> sliding door (52.2%)
frame_000085,-1.0,10.4397,21.3912,0.1545,32.1132,799,34.94, -> sliding door (34.9%)
frame_000086,-1.0,13.2987,18.8292,0.1297,32.3419,799,55.23, -> sliding door (55.2%)
frame_000087,-1.0,10.3763,19.3195,0.1447,29.9374,799,54.37, -> sliding door (54.4%)
frame_000088,-1.0,13.7826,19.5748,0.1388,33.5902,799,52.48, -> sliding door (52.5%)
frame_000089,-1.0,12.4,18.0748,0.1239,30.6815,894,19.13, -> wardrobe (19.1%)
frame_000090,-1.0,12.136,18.1157,0.1182,30.4601,799,16.77, -> sliding door (16.8%)
frame_000091,-1.0,13.6256,18.24,0.1105,32.0535,799,19.87, -> sliding door (19.9%)
frame_000092,-1.0,14.4368,21.2012,0.1515,35.894,532,13.71, -> dining table (13.7%)
frame_000093,-1.0,10.267,22.997,0.1717,33.5513,799,61.41, -> sliding door (61.4%)
frame_000094,-1.0,16.9993,19.8782,0.1987,37.1989,799,41.18, -> sliding door (41.2%)
frame_000095,-1.0,10.6145,26.343,0.2408,37.3392,799,42.68, -> sliding door (42.7%)
frame_000096,-1.0,10.5051,18.0485,0.1074,28.7369,799,49.45, -> sliding door (49.4%)
frame_000097,-1.0,32.0764,17.7564,0.1045,50.0074,799,36.4, -> sliding door (36.4%)
frame_000098,-1.0,9.3355,22.9393,0.1216,32.47,799,17.37, -> sliding door (17.4%)
frame_000099,-1.0,13.0682,19.1682,0.1533,32.4859,799,24.79, -> sliding door (24.8%)
frame_000100,-1.0,13.7427,18.1442,0.1,32.0656,799,28.62, -> sliding door (28.6%)
frame_000101,-1.0,10.5935,20.8608,0.1315,31.6742,799,21.84, -> sliding door (21.8%)
frame_000102,-1.0,10.4549,18.9007,0.1168,29.5542,799,27.54, -> sliding door (27.5%)
frame_000103,-1.0,10.3938,19.1344,0.1093,29.7284,799,16.19, -> sliding door (16.2%)
frame_000104,-1.0,10.589,18.7934,0.1348,29.6277,884,18.42, -> vault (18.4%)
frame_000105,-1.0,14.5833,18.3303,0.1976,33.2452,799,25.95, -> sliding door (25.9%)
frame_000106,-1.0,12.1268,18.9723,0.1528,31.3556,799,30.14, -> sliding door (30.1%)
frame_000107,-1.0,10.4281,21.6544,0.2187,32.4432,799,20.75, -> sliding door (20.8%)
frame_000108,-1.0,10.7861,18.1546,0.1836,29.2429,799,28.53, -> sliding door (28.5%)
frame_000109,-1.0,10.4651,18.1092,0.1513,28.8273,532,10.61, -> dining table (10.6%)
frame_000110,-1.0,10.63,19.6885,0.1433,30.561,799,21.85, -> sliding door (21.8%)
frame_000111,-1.0,12.7613,19.7163,0.1978,32.7988,799,23.6, -> sliding door (23.6%)
frame_000112,-1.0,25.761,19.8005,0.0955,45.7221,799,28.5, -> sliding door (28.5%)
frame_000113,-1.0,13.4964,17.4247,0.1631,31.203,894,29.15, -> wardrobe (29.1%)
frame_000114,-1.0,12.2945,19.8943,0.1573,32.4546,799,36.33, -> sliding door (36.3%)
frame_000115,-1.0,10.9441,17.4894,0.1376,28.6679,799,25.89, -> sliding door (25.9%)
frame_000116,-1.0,10.6939,18.9165,0.1481,29.8571,884,18.55, -> vault (18.6%)
frame_000117,-1.0,10.6735,19.6331,0.1652,30.5706,884,11.33, -> vault (11.3%)
frame_000118,-1.0,16.4414,18.3634,0.1398,35.0404,884,11.46, -> vault (11.5%)
frame_000119,-1.0,15.9439,19.099,0.1658,35.3213,532,14.86, -> dining table (14.9%)
frame_000120,-1.0,15.8455,17.9784,0.1191,34.0284,646,10.84, -> maze (10.8%)
frame_000121,-1.0,13.7248,18.2659,0.2651,32.3919,799,13.26, -> sliding door (13.3%)
frame_000122,-1.0,12.1864,18.9753,0.1356,31.3931,799,19.69, -> sliding door (19.7%)
frame_000123,-1.0,16.3741,19.8871,0.1799,36.5579,646,15.64, -> maze (15.6%)
frame_000124,-1.0,18.8863,19.3103,0.1821,38.4977,799,23.37, -> sliding door (23.4%)
frame_000125,-1.0,21.6097,19.212,0.1894,41.1516,799,35.6, -> sliding door (35.6%)
frame_000126,-1.0,28.4205,24.249,0.0912,52.8232,646,17.3, -> maze (17.3%)
frame_000127,-1.0,5.9503,23.526,0.1619,29.7378,799,33.28, -> sliding door (33.3%)
frame_000128,-1.0,18.5807,18.1663,0.1299,36.9688,799,31.83, -> sliding door (31.8%)
frame_000129,-1.0,14.3652,23.1966,0.219,37.908,799,32.73, -> sliding door (32.7%)
frame_000130,-1.0,12.8242,18.6772,0.1207,31.7045,799,22.04, -> sliding door (22.0%)
frame_000131,-1.0,12.5468,18.4703,0.1309,31.238,799,20.86, -> sliding door (20.9%)
frame_000132,-1.0,14.0197,19.4327,0.1469,33.6926,799,38.02, -> sliding door (38.0%)
frame_000133,-1.0,13.3657,20.7421,0.166,34.3862,646,47.85, -> maze (47.9%)
frame_000134,-1.0,13.5771,18.6022,0.1251,32.3931,799,18.84, -> sliding door (18.8%)
frame_000135,-1.0,10.339,19.3661,0.1495,29.9517,799,35.54, -> sliding door (35.5%)
frame_000136,-1.0,10.4584,22.3977,0.1891,33.1763,646,16.08, -> maze (16.1%)
frame_000137,-1.0,13.161,21.9511,0.1814,35.4146,646,60.5, -> maze (60.5%)
frame_000138,-1.0,10.6631,17.8736,0.1214,28.7521,646,23.92, -> maze (23.9%)
frame_000139,-1.0,10.9164,19.2141,0.1439,30.3786,831,15.71, -> studio couch (15.7%)
frame_000140,-1.0,24.6475,18.4128,0.1259,43.2603,598,12.81, -> home theater (12.8%)
frame_000141,-1.0,9.2537,19.3599,0.094,28.7728,750,23.26, -> quilt (23.3%)
frame_000142,-1.0,11.7251,19.2229,0.1465,31.1962,750,13.53, -> quilt (13.5%)
frame_000143,-1.0,10.1252,21.7164,0.3521,32.4379,884,7.49, -> vault (7.5%)
frame_000144,-1.0,10.7683,20.2632,0.1356,31.2624,750,9.82, -> quilt (9.8%)
frame_000145,-1.0,13.905,19.8805,0.1266,33.9791,799,4.44, -> sliding door (4.4%)
frame_000146,-1.0,13.6806,20.0431,0.1381,33.9503,884,7.02, -> vault (7.0%)
frame_000147,-1.0,15.6289,18.228,0.12,34.073,894,16.59, -> wardrobe (16.6%)
frame_000148,-1.0,10.7049,19.5815,0.213,30.6331,789,14.77, -> shoji (14.8%)
frame_000149,-1.0,10.4248,20.4641,0.1875,31.2035,894,33.97, -> wardrobe (34.0%)
frame_000150,-1.0,10.6617,17.8056,0.1316,28.6893,876,15.29, -> tub (15.3%)
frame_000151,-1.0,10.7671,18.7571,0.1589,29.7817,789,17.68, -> shoji (17.7%)
frame_000152,-1.0,10.5426,19.8231,0.1623,30.6447,789,14.78, -> shoji (14.8%)
frame_000153,-1.0,10.7424,19.8327,0.1644,30.8539,789,14.77, -> shoji (14.8%)
frame_000154,-1.0,11.1749,17.5954,0.1736,29.0755,894,8.15, -> wardrobe (8.1%)
frame_000155,-1.0,23.8206,18.9662,0.138,43.0051,894,30.62, -> wardrobe (30.6%)
frame_000156,-1.0,10.3628,18.612,0.135,29.2167,894,23.91, -> wardrobe (23.9%)
frame_000157,-1.0,10.5901,20.4859,0.2152,31.4553,894,14.46, -> wardrobe (14.5%)
frame_000158,-1.0,11.7116,17.7659,0.1768,29.7811,789,19.73, -> shoji (19.7%)
frame_000159,-1.0,13.1308,21.8433,0.2313,35.3481,894,26.58, -> wardrobe (26.6%)
frame_000160,-1.0,10.7904,18.6507,0.1428,29.6799,894,18.38, -> wardrobe (18.4%)
frame_000161,-1.0,10.5761,19.2693,0.1534,30.11,894,15.39, -> wardrobe (15.4%)
frame_000162,-1.0,10.6124,21.9135,0.1968,32.8519,894,16.12, -> wardrobe (16.1%)
frame_000163,-1.0,16.4068,18.1201,0.1263,34.739,894,19.04, -> wardrobe (19.0%)
frame_000164,-1.0,13.0762,25.3968,0.2377,38.9118,894,12.26, -> wardrobe (12.3%)
frame_000165,-1.0,17.144,21.1197,0.2545,38.6312,894,12.73, -> wardrobe (12.7%)
frame_000166,-1.0,16.5971,18.9917,0.1268,35.8016,789,23.61, -> shoji (23.6%)
frame_000167,-1.0,10.6037,19.2842,0.171,30.1629,894,12.3, -> wardrobe (12.3%)
frame_000168,-1.0,12.3722,21.2837,0.2035,34.0017,894,27.98, -> wardrobe (28.0%)
frame_000169,-1.0,45.365,20.9384,0.1949,66.7333,894,23.75, -> wardrobe (23.8%)
frame_000170,-1.0,12.8218,22.2603,0.1184,35.2854,894,28.57, -> wardrobe (28.6%)
frame_000171,-1.0,14.4833,19.238,0.1257,33.9335,894,26.39, -> wardrobe (26.4%)
frame_000172,-1.0,10.838,17.8374,0.127,28.8837,894,21.49, -> wardrobe (21.5%)
frame_000173,-1.0,7.7408,21.2078,0.2428,29.3811,894,47.56, -> wardrobe (47.6%)
frame_000174,-1.0,10.5532,21.2278,0.1896,32.1062,894,26.46, -> wardrobe (26.5%)
frame_000175,-1.0,10.5229,17.3841,0.1623,28.1806,894,28.15, -> wardrobe (28.1%)
frame_000176,-1.0,10.6055,18.5191,0.159,29.3902,894,39.86, -> wardrobe (39.9%)
frame_000177,-1.0,11.9489,23.6276,0.2135,35.9342,894,24.68, -> wardrobe (24.7%)
frame_000178,-1.0,10.67,18.8529,0.188,29.8462,894,20.66, -> wardrobe (20.7%)
frame_000179,-1.0,15.3557,18.1279,0.3109,33.982,894,12.72, -> wardrobe (12.7%)
frame_000180,-1.0,12.7691,18.5722,0.175,31.6352,894,16.2, -> wardrobe (16.2%)
frame_000181,-1.0,11.329,18.8768,0.1908,30.5346,532,9.14, -> dining table (9.1%)
frame_000182,-1.0,14.4366,18.0364,0.1645,32.7499,894,15.15, -> wardrobe (15.2%)
frame_000183,-1.0,18.8812,19.862,0.2541,39.3192,894,17.73, -> wardrobe (17.7%)
frame_000184,-1.0,13.5514,17.3666,0.0977,31.084,894,20.33, -> wardrobe (20.3%)
frame_000185,-1.0,9.9725,20.2022,0.1417,30.4148,421,6.47, -> bannister (6.5%)
frame_000186,-1.0,10.3862,18.3084,0.1137,28.8871,421,5.42, -> bannister (5.4%)
frame_000187,-1.0,10.7661,19.1554,0.1074,30.1046,421,8.75, -> bannister (8.7%)
frame_000188,-1.0,10.7299,19.2548,0.1107,30.1795,421,10.3, -> bannister (10.3%)
frame_000189,-1.0,10.4578,18.747,0.1097,29.3959,789,16.06, -> shoji (16.1%)
frame_000190,-1.0,10.5035,17.6477,0.1036,28.3242,789,18.04, -> shoji (18.0%)
frame_000191,-1.0,10.5048,17.9537,0.1023,28.6364,789,5.5, -> shoji (5.5%)
frame_000192,-1.0,10.4182,19.6726,0.1193,30.2915,789,19.85, -> shoji (19.9%)
frame_000193,-1.0,10.4901,19.1322,0.1103,29.812,789,23.85, -> shoji (23.8%)
frame_000194,-1.0,10.804,18.3862,0.1048,29.3681,789,15.52, -> shoji (15.5%)
frame_000195,-1.0,10.4886,17.6413,0.105,28.3107,421,13.91, -> bannister (13.9%)
frame_000196,-1.0,10.5145,20.6728,0.1215,31.4155,789,14.09, -> shoji (14.1%)
frame_000197,-1.0,10.7833,21.0372,0.1062,32.0007,789,10.61, -> shoji (10.6%)
frame_000198,-1.0,18.4154,18.3949,0.0963,36.9766,421,10.48, -> bannister (10.5%)
frame_000199,-1.0,10.0824,17.3336,0.1894,27.73,421,13.11, -> bannister (13.1%)
frame_000200,-1.0,13.7054,20.474,0.2134,34.5342,727,37.0, -> planetarium (37.0%)
frame_000201,-1.0,10.5042,18.9744,0.1102,29.6644,789,17.99, -> shoji (18.0%)
frame_000202,-1.0,10.7609,17.8146,0.0954,28.7406,727,22.73, -> planetarium (22.7%)
frame_000203,-1.0,10.7419,19.3422,0.1137,30.2996,727,21.7, -> planetarium (21.7%)
frame_000204,-1.0,10.4113,18.5113,0.1065,29.1026,421,7.12, -> bannister (7.1%)
frame_000205,-1.0,13.5074,19.6968,0.1148,33.4004,884,6.62, -> vault (6.6%)
frame_000206,-1.0,10.3864,19.5568,0.1141,30.1454,727,5.22, -> planetarium (5.2%)
frame_000207,-1.0,10.7037,19.4733,0.1273,30.387,538,11.61, -> dome (11.6%)
frame_000208,-1.0,10.0298,22.5984,0.1531,32.8789,727,8.07, -> planetarium (8.1%)
frame_000209,-1.0,10.5457,19.1341,0.101,29.8595,727,18.55, -> planetarium (18.6%)
frame_000210,-1.0,10.7082,22.0997,0.1414,33.049,556,23.71, -> fire screen (23.7%)
frame_000211,-1.0,10.9533,18.3941,0.1088,29.5318,556,8.96, -> fire screen (9.0%)
frame_000212,-1.0,19.5923,19.3664,0.1033,39.1485,799,13.63, -> sliding door (13.6%)
frame_000213,-1.0,10.0917,17.6378,0.1196,27.93,799,14.55, -> sliding door (14.5%)
frame_000214,-1.0,10.0347,18.6658,0.1442,28.9618,880,8.68, -> unicycle (8.7%)
frame_000215,-1.0,11.551,25.2775,0.2135,37.185,519,6.67, -> crate (6.7%)
frame_000216,-1.0,10.6253,21.0292,0.1302,31.8913,880,8.86, -> unicycle (8.9%)
frame_000217,-1.0,10.5329,21.0059,0.1317,31.7597,880,8.42, -> unicycle (8.4%)
frame_000218,-1.0,10.4872,18.451,0.1108,29.132,880,47.42, -> unicycle (47.4%)
frame_000219,-1.0,10.4827,19.3218,0.1201,30.0133,608,17.24, -> jean (17.2%)
frame_000220,-1.0,13.4122,18.6083,0.1304,32.23,880,31.51, -> unicycle (31.5%)
frame_000221,-1.0,10.576,18.4931,0.1093,29.252,880,30.66, -> unicycle (30.7%)
frame_000222,-1.0,10.5804,18.5865,0.1045,29.346,880,27.2, -> unicycle (27.2%)
frame_000223,-1.0,10.6158,17.5689,0.0947,28.3469,399,9.35, -> abaya (9.3%)
frame_000224,-1.0,10.3451,18.7512,0.138,29.3293,880,20.68, -> unicycle (20.7%)
frame_000225,-1.0,10.8658,18.5684,0.127,29.6492,880,71.26, -> unicycle (71.3%)
frame_000226,-1.0,24.5384,21.6548,0.1043,46.3769,880,31.13, -> unicycle (31.1%)
frame_000227,-1.0,8.1588,17.299,0.0972,25.6227,880,22.78, -> unicycle (22.8%)
frame_000228,-1.0,10.1106,26.1068,0.2388,36.5889,880,63.89, -> unicycle (63.9%)
frame_000229,-1.0,14.971,19.0921,0.1186,34.2646,880,73.49, -> unicycle (73.5%)
frame_000230,-1.0,11.1461,18.7376,0.1249,30.0966,880,74.95, -> unicycle (74.9%)
frame_000231,-1.0,10.3165,19.8142,0.1661,30.4025,880,59.94, -> unicycle (59.9%)
frame_000232,-1.0,10.2925,18.4028,0.1353,28.9212,880,62.27, -> unicycle (62.3%)
frame_000233,-1.0,10.6161,18.6155,0.1425,29.4682,880,19.76, -> unicycle (19.8%)
frame_000234,-1.0,10.5477,21.6548,0.1767,32.4952,880,8.95, -> unicycle (8.9%)
frame_000235,-1.0,11.4734,19.6058,0.1784,31.373,880,8.36, -> unicycle (8.4%)
frame_000236,-1.0,10.6924,18.3633,0.15,29.3044,421,13.27, -> bannister (13.3%)
frame_000237,-1.0,10.6368,20.1781,0.1617,31.0951,421,14.52, -> bannister (14.5%)
frame_000238,-1.0,10.4967,20.6563,0.2047,31.4762,799,32.37, -> sliding door (32.4%)
frame_000239,-1.0,10.4945,21.4174,0.1987,32.2381,799,18.02, -> sliding door (18.0%)
frame_000240,-1.0,10.9515,17.6417,0.1988,28.8947,884,12.18, -> vault (12.2%)
frame_000241,-1.0,10.278,19.9534,0.0991,30.3953,799,16.64, -> sliding door (16.6%)
frame_000242,-1.0,10.2103,20.3817,0.1798,30.8887,727,32.96, -> planetarium (33.0%)
frame_000243,-1.0,10.3865,19.6797,0.1458,30.3009,727,46.32, -> planetarium (46.3%)
frame_000244,-1.0,10.62,26.1151,0.2054,37.0708,727,47.41, -> planetarium (47.4%)
frame_000245,-1.0,10.5016,23.2128,0.1791,34.0141,727,44.33, -> planetarium (44.3%)
frame_000246,-1.0,10.608,19.3681,0.1398,30.2091,727,14.75, -> planetarium (14.7%)
frame_000247,-1.0,10.5482,20.929,0.1659,31.7592,556,75.1, -> fire screen (75.1%)
frame_000248,-1.0,10.7812,18.8628,0.1882,29.9698,556,45.94, -> fire screen (45.9%)
frame_000249,-1.0,11.7767,18.515,0.1773,30.5798,894,16.34, -> wardrobe (16.3%)
frame_000250,-1.0,11.1502,20.8882,0.2014,32.368,556,37.33, -> fire screen (37.3%)
frame_000251,-1.0,10.5278,18.7954,0.1594,29.596,556,48.85, -> fire screen (48.9%)
frame_000252,-1.0,10.7327,18.3222,0.1627,29.3301,556,36.62, -> fire screen (36.6%)
frame_000253,-1.0,10.9269,21.3648,0.201,32.6245,556,43.55, -> fire screen (43.6%)
frame_000254,-1.0,13.1161,23.23,0.2203,36.7093,727,23.31, -> planetarium (23.3%)
frame_000255,-1.0,41.8186,22.5672,0.1119,64.5566,727,25.01, -> planetarium (25.0%)
frame_000256,-1.0,10.6316,21.1183,0.1198,31.9509,727,16.18, -> planetarium (16.2%)
frame_000257,-1.0,10.5084,20.8696,0.1678,31.6558,894,27.35, -> wardrobe (27.4%)
frame_000258,-1.0,13.2749,19.7422,0.1366,33.2416,894,16.09, -> wardrobe (16.1%)
frame_000259,-1.0,10.7646,22.5121,0.203,33.5979,894,15.96, -> wardrobe (16.0%)
frame_000260,-1.0,10.7192,17.8042,0.122,28.7346,556,27.8, -> fire screen (27.8%)
frame_000261,-1.0,10.532,19.8325,0.1491,30.6175,556,34.01, -> fire screen (34.0%)
frame_000262,-1.0,10.5339,19.407,0.1468,30.1855,727,31.82, -> planetarium (31.8%)
frame_000263,-1.0,11.1208,22.2417,0.1966,33.7117,727,30.91, -> planetarium (30.9%)
frame_000264,-1.0,10.5366,19.6258,0.1471,30.4152,727,27.97, -> planetarium (28.0%)
frame_000265,-1.0,10.4257,22.8139,0.1788,33.5412,727,16.63, -> planetarium (16.6%)
frame_000266,-1.0,10.6861,19.7488,0.1963,30.7599,727,11.57, -> planetarium (11.6%)
frame_000267,-1.0,10.625,19.0204,0.2087,29.9891,727,16.93, -> planetarium (16.9%)
frame_000268,-1.0,13.3898,18.4616,0.1533,32.115,727,15.44, -> planetarium (15.4%)
frame_000269,-1.0,23.1967,20.7683,0.1005,44.1365,727,13.76, -> planetarium (13.8%)
frame_000270,-1.0,11.1367,18.205,0.0895,29.4972,727,10.32, -> planetarium (10.3%)
frame_000271,-1.0,14.4879,21.4463,0.1407,36.1675,727,13.99, -> planetarium (14.0%)
frame_000272,-1.0,10.6473,20.6942,0.158,31.5939,727,12.01, -> planetarium (12.0%)
frame_000273,-1.0,10.8463,20.0358,0.1657,31.1624,727,10.38, -> planetarium (10.4%)
frame_000274,-1.0,10.6067,22.1814,0.193,33.1091,727,14.86, -> planetarium (14.9%)
frame_000275,-1.0,10.7467,23.3207,0.1753,34.382,727,14.18, -> planetarium (14.2%)
frame_000276,-1.0,10.9019,20.5205,0.1652,31.7018,727,16.93, -> planetarium (16.9%)
frame_000277,-1.0,15.393,19.0466,0.1369,34.672,727,10.6, -> planetarium (10.6%)
frame_000278,-1.0,11.2166,19.3883,0.1489,30.8519,727,10.95, -> planetarium (10.9%)
frame_000279,-1.0,10.384,18.476,0.1374,29.0907,727,13.09, -> planetarium (13.1%)
frame_000280,-1.0,11.5924,17.4157,0.1284,29.2229,727,14.6, -> planetarium (14.6%)
frame_000281,-1.0,11.1253,18.839,0.1486,30.2108,894,20.53, -> wardrobe (20.5%)
frame_000282,-1.0,10.3987,18.6821,0.1487,29.3296,894,16.38, -> wardrobe (16.4%)
frame_000283,-1.0,10.3702,20.6457,0.1783,31.3093,894,17.88, -> wardrobe (17.9%)
frame_000284,-1.0,14.5741,19.048,0.1037,33.7934,894,25.38, -> wardrobe (25.4%)
frame_000285,-1.0,10.1189,18.747,0.1665,29.1449,727,16.64, -> planetarium (16.6%)
frame_000286,-1.0,10.4276,18.4459,0.1437,29.1165,727,24.61, -> planetarium (24.6%)
frame_000287,-1.0,11.1794,19.1221,0.1913,30.6358,894,17.4, -> wardrobe (17.4%)
frame_000288,-1.0,10.8169,20.8655,0.1671,31.9649,727,21.52, -> planetarium (21.5%)
frame_000289,-1.0,10.7208,18.3508,0.1923,29.4006,894,21.88, -> wardrobe (21.9%)
frame_000290,-1.0,11.1686,18.3432,0.165,29.8071,894,21.9, -> wardrobe (21.9%)
frame_000291,-1.0,10.367,18.4432,0.1857,29.1333,894,37.01, -> wardrobe (37.0%)
frame_000292,-1.0,13.1533,19.3555,0.1501,32.7729,894,38.47, -> wardrobe (38.5%)
frame_000293,-1.0,13.2606,20.7334,0.3918,34.5897,894,30.5, -> wardrobe (30.5%)
frame_000294,-1.0,11.8007,19.783,0.1283,31.8018,894,41.11, -> wardrobe (41.1%)
frame_000295,-1.0,10.5103,22.7881,0.2085,33.6486,894,46.61, -> wardrobe (46.6%)
frame_000296,-1.0,10.6594,17.6191,0.1724,28.5708,894,26.72, -> wardrobe (26.7%)
frame_000297,-1.0,10.404,21.9523,0.2448,32.7551,894,16.86, -> wardrobe (16.9%)
frame_000298,-1.0,21.4985,20.712,0.0918,42.3842,894,17.88, -> wardrobe (17.9%)
frame_000299,-1.0,9.9722,18.4605,0.1275,28.6633,727,28.08, -> planetarium (28.1%)
frame_000300,-1.0,10.4458,18.5116,0.1528,29.2149,727,21.64, -> planetarium (21.6%)
frame_000301,-1.0,10.4313,18.9366,0.1878,29.7224,727,19.52, -> planetarium (19.5%)
frame_000302,-1.0,10.5299,18.2995,0.1744,29.1299,727,22.38, -> planetarium (22.4%)
frame_000303,-1.0,10.4978,20.251,0.2176,31.1128,727,18.75, -> planetarium (18.8%)
frame_000304,-1.0,10.5795,19.4543,0.203,30.388,727,21.46, -> planetarium (21.5%)
frame_000305,-1.0,13.2819,22.7585,0.5458,36.7963,727,16.65, -> planetarium (16.7%)
frame_000306,-1.0,10.6643,17.6547,0.1597,28.5889,894,15.93, -> wardrobe (15.9%)
frame_000307,-1.0,11.1989,20.0355,0.1105,31.4247,727,17.06, -> planetarium (17.1%)
frame_000308,-1.0,10.6013,19.4826,0.1134,30.2784,727,24.6, -> planetarium (24.6%)
frame_000309,-1.0,10.6714,22.5637,0.1506,33.4899,727,30.49, -> planetarium (30.5%)
frame_000310,-1.0,10.3994,24.1664,0.1743,34.8589,727,25.56, -> planetarium (25.6%)
frame_000311,-1.0,10.5181,17.5262,0.1181,28.2462,727,24.91, -> planetarium (24.9%)
frame_000312,-1.0,25.3185,19.5195,0.0916,44.9975,727,33.41, -> planetarium (33.4%)
frame_000313,-1.0,5.58,23.0857,0.1377,28.8975,727,27.36, -> planetarium (27.4%)
frame_000314,-1.0,10.132,18.5808,0.1512,28.9574,727,31.04, -> planetarium (31.0%)
frame_000315,-1.0,10.062,17.9475,0.1239,28.2332,727,15.4, -> planetarium (15.4%)
frame_000316,-1.0,13.5645,33.2893,0.3948,47.4248,884,11.87, -> vault (11.9%)
frame_000317,-1.0,26.4588,21.1509,0.1552,47.8521,884,14.74, -> vault (14.7%)
frame_000318,-1.0,14.9385,21.6456,0.0945,36.7326,743,12.36, -> prison (12.4%)
frame_000319,-1.0,15.6884,18.5862,0.1104,34.4431,743,15.08, -> prison (15.1%)
frame_000320,-1.0,15.9953,21.179,0.1246,37.3667,421,16.5, -> bannister (16.5%)
frame_000321,-1.0,18.4995,19.8043,0.1126,38.48,421,17.05, -> bannister (17.1%)
frame_000322,-1.0,14.7489,19.6217,0.0968,34.5256,884,15.9, -> vault (15.9%)
frame_000323,-1.0,21.981,18.8709,0.1161,41.0268,884,17.74, -> vault (17.7%)
frame_000324,-1.0,8.7777,18.3903,0.0915,27.3122,884,14.7, -> vault (14.7%)
frame_000325,-1.0,14.916,20.8944,0.1119,35.9913,884,16.3, -> vault (16.3%)
frame_000326,-1.0,14.1149,18.7538,0.0946,33.0301,421,14.3, -> bannister (14.3%)
frame_000327,-1.0,17.2334,18.0628,0.1045,35.4562,743,15.05, -> prison (15.1%)
frame_000328,-1.0,12.7696,18.1707,0.0936,31.0969,884,17.15, -> vault (17.1%)
frame_000329,-1.0,16.0106,19.1954,0.1171,35.4145,884,14.2, -> vault (14.2%)
frame_000330,-1.0,14.6506,18.9424,0.0918,33.7405,884,20.94, -> vault (20.9%)
frame_000331,-1.0,13.7315,23.4837,0.1221,37.4158,884,17.45, -> vault (17.5%)
frame_000332,-1.0,21.9377,22.6138,0.0909,44.6977,884,20.75, -> vault (20.7%)
frame_000333,-1.0,15.6834,22.4047,0.1002,38.2499,884,15.88, -> vault (15.9%)
frame_000334,-1.0,16.2561,20.7919,0.0966,37.2072,884,15.09, -> vault (15.1%)
frame_000335,-1.0,16.945,17.9786,0.0936,35.0795,884,20.76, -> vault (20.8%)
frame_000336,-1.0,16.1009,19.7375,0.0991,35.9905,421,17.39, -> bannister (17.4%)
frame_000337,-1.0,14.8381,18.6274,0.0958,33.6287,884,14.58, -> vault (14.6%)
frame_000338,-1.0,15.9969,20.7105,0.1002,36.8676,743,20.05, -> prison (20.1%)
frame_000339,-1.0,15.5352,25.0445,0.1122,40.7543,743,25.91, -> prison (25.9%)
frame_000340,-1.0,19.2999,19.9399,0.1716,39.5018,743,15.79, -> prison (15.8%)
frame_000341,-1.0,12.7789,19.6542,0.9199,33.4032,743,48.37, -> prison (48.4%)
frame_000342,-1.0,14.8708,18.3427,0.0915,33.3631,743,20.21, -> prison (20.2%)
frame_000343,-1.0,13.5221,17.855,0.1027,31.5414,743,24.63, -> prison (24.6%)
frame_000344,-1.0,10.1831,17.3048,0.1245,27.6716,818,15.37, -> spotlight (15.4%)
frame_000345,-1.0,14.3355,20.1368,0.1026,34.641,743,27.55, -> prison (27.5%)
frame_000346,-1.0,22.7172,18.0749,0.092,40.9446,743,30.33, -> prison (30.3%)
frame_000347,-1.0,8.9906,20.5154,0.0946,29.6596,743,33.18, -> prison (33.2%)
frame_000348,-1.0,19.812,18.5288,0.0945,38.4891,743,30.01, -> prison (30.0%)
frame_000349,-1.0,11.4957,18.8045,0.1061,30.4622,743,18.66, -> prison (18.7%)
frame_000350,-1.0,19.0204,18.3287,0.1067,37.5286,743,31.62, -> prison (31.6%)
frame_000351,-1.0,14.1469,21.8094,0.1009,36.1141,743,26.68, -> prison (26.7%)
frame_000352,-1.0,15.1182,19.166,0.1286,34.4801,743,19.97, -> prison (20.0%)
frame_000353,-1.0,14.7122,19.0782,0.1469,34.0154,743,14.5, -> prison (14.5%)
frame_000354,-1.0,20.1591,18.1603,0.0899,38.4746,884,18.43, -> vault (18.4%)
frame_000355,-1.0,10.2853,19.8446,0.1065,30.2888,884,17.11, -> vault (17.1%)
frame_000356,-1.0,14.5065,19.3428,0.1097,34.0227,884,18.2, -> vault (18.2%)
frame_000357,-1.0,10.3883,20.9256,0.1419,31.5705,743,13.66, -> prison (13.7%)
frame_000358,-1.0,15.6083,19.02,0.1022,34.7872,743,23.02, -> prison (23.0%)
frame_000359,-1.0,18.9752,18.2186,0.1292,37.3888,421,16.4, -> bannister (16.4%)
frame_000360,-1.0,22.7042,17.9866,0.1036,40.849,743,18.2, -> prison (18.2%)
frame_000361,-1.0,14.5094,17.9203,0.1095,32.6026,421,25.15, -> bannister (25.2%)
frame_000362,-1.0,19.3721,20.5974,0.1091,40.1493,421,22.14, -> bannister (22.1%)
frame_000363,-1.0,14.1529,18.2866,0.1267,32.626,743,15.55, -> prison (15.6%)
frame_000364,-1.0,12.2267,18.1276,0.1108,30.5272,884,12.75, -> vault (12.7%)
frame_000365,-1.0,20.6792,19.8329,0.1008,40.6671,421,12.64, -> bannister (12.6%)
frame_000366,-1.0,17.5,18.3365,0.0965,35.9884,884,19.7, -> vault (19.7%)
frame_000367,-1.0,12.9015,20.2713,0.0929,33.3269,421,14.9, -> bannister (14.9%)
frame_000368,-1.0,18.2131,18.5136,0.3668,37.2739,743,15.91, -> prison (15.9%)
frame_000369,-1.0,19.2958,19.2063,0.0941,38.6662,743,22.45, -> prison (22.5%)
frame_000370,-1.0,19.1353,17.4749,0.0935,36.7665,884,25.95, -> vault (26.0%)
frame_000371,-1.0,12.0625,18.7613,0.0921,30.9821,884,26.97, -> vault (27.0%)
frame_000372,-1.0,10.2872,21.9498,0.2156,32.5959,884,18.91, -> vault (18.9%)
frame_000373,-1.0,10.6359,18.9163,0.1367,29.782,884,28.28, -> vault (28.3%)
frame_000374,-1.0,10.5353,18.3413,0.1247,29.092,884,35.51, -> vault (35.5%)
frame_000375,-1.0,10.3067,18.097,0.1361,28.639,884,24.62, -> vault (24.6%)
frame_000376,-1.0,10.4943,19.4488,0.1359,30.1942,884,32.02, -> vault (32.0%)
frame_000377,-1.0,10.3485,17.4226,0.1192,27.9731,818,19.25, -> spotlight (19.2%)
frame_000378,-1.0,10.7545,20.9003,0.1629,31.929,884,16.54, -> vault (16.5%)
frame_000379,-1.0,11.6662,18.3329,0.1213,30.2068,743,18.43, -> prison (18.4%)
frame_000380,-1.0,10.7194,18.8729,0.1309,29.8139,421,13.46, -> bannister (13.5%)
frame_000381,-1.0,10.2616,18.1688,0.1315,28.6547,743,14.6, -> prison (14.6%)
frame_000382,-1.0,10.7506,21.4608,0.1506,32.4653,743,11.65, -> prison (11.7%)
frame_000383,-1.0,10.4605,18.0488,0.1431,28.7508,579,17.4, -> grand piano (17.4%)
frame_000384,-1.0,23.7368,21.1005,0.1075,45.0162,884,13.75, -> vault (13.7%)
frame_000385,-1.0,11.5002,20.6723,0.0965,32.3341,884,18.13, -> vault (18.1%)
frame_000386,-1.0,10.3481,19.35,0.135,29.9162,884,14.13, -> vault (14.1%)
frame_000387,-1.0,10.1309,19.1798,0.1642,29.6021,896,13.11, -> washbasin (13.1%)
frame_000388,-1.0,10.9044,19.993,0.1821,31.1947,884,19.31, -> vault (19.3%)
frame_000389,-1.0,16.9601,20.469,0.1115,37.6139,884,18.14, -> vault (18.1%)
frame_000390,-1.0,10.6132,19.0909,0.1296,29.9239,884,19.15, -> vault (19.1%)
frame_000391,-1.0,10.8739,21.2363,0.2135,32.456,884,18.56, -> vault (18.6%)
frame_000392,-1.0,11.974,18.9423,0.1694,31.1903,421,21.63, -> bannister (21.6%)
frame_000393,-1.0,10.4295,18.5619,0.1282,29.2214,421,20.18, -> bannister (20.2%)
frame_000394,-1.0,12.7536,19.2106,0.1368,32.1954,421,19.18, -> bannister (19.2%)
frame_000395,-1.0,10.3484,19.8687,0.2368,30.5992,421,29.59, -> bannister (29.6%)
frame_000396,-1.0,10.5481,18.0341,0.1776,28.8824,421,14.61, -> bannister (14.6%)
frame_000397,-1.0,10.5438,20.0429,0.1569,30.8512,884,21.96, -> vault (22.0%)
frame_000398,-1.0,12.4195,19.3913,0.2077,32.1366,884,11.68, -> vault (11.7%)
frame_000399,-1.0,14.4895,17.1632,0.0914,31.8065,579,31.09, -> grand piano (31.1%)
frame_000400,-1.0,16.0975,20.3387,0.1426,36.678,421,15.53, -> bannister (15.5%)
frame_000401,-1.0,10.8594,19.0547,0.1605,30.1795,743,24.14, -> prison (24.1%)
frame_000402,-1.0,10.6488,20.177,0.1733,31.1187,743,25.99, -> prison (26.0%)
frame_000403,-1.0,10.7161,20.4661,0.1829,31.4922,435,20.54, -> bathtub (20.5%)
frame_000404,-1.0,10.6879,19.1782,0.1489,30.1356,884,17.36, -> vault (17.4%)
frame_000405,-1.0,11.3807,19.172,0.1438,30.7958,884,27.14, -> vault (27.1%)
frame_000406,-1.0,11.829,18.7575,0.137,30.8195,579,50.14, -> grand piano (50.1%)
frame_000407,-1.0,10.9117,21.7922,0.1859,33.017,579,41.37, -> grand piano (41.4%)
frame_000408,-1.0,10.5481,23.2904,0.2088,34.2305,743,13.8, -> prison (13.8%)
frame_000409,-1.0,10.5911,20.9543,0.1742,31.8358,579,30.23, -> grand piano (30.2%)
frame_000410,-1.0,10.5282,18.5834,0.1372,29.343,743,11.83, -> prison (11.8%)
frame_000411,-1.0,13.4221,18.9596,0.1339,32.6077,884,24.71, -> vault (24.7%)
frame_000412,-1.0,10.4897,18.6866,0.1345,29.4043,579,51.65, -> grand piano (51.6%)
frame_000413,-1.0,56.8463,20.1927,0.1196,77.2421,579,65.22, -> grand piano (65.2%)
frame_000414,-1.0,11.3808,19.3439,0.0983,30.89,579,32.42, -> grand piano (32.4%)
frame_000415,-1.0,10.5235,20.1196,0.1478,30.888,579,14.66, -> grand piano (14.7%)
frame_000416,-1.0,10.8422,22.2881,0.175,33.4236,579,52.42, -> grand piano (52.4%)
frame_000417,-1.0,10.5985,20.587,0.1705,31.4725,579,63.72, -> grand piano (63.7%)
frame_000418,-1.0,14.9747,17.7181,0.1097,32.8764,579,23.86, -> grand piano (23.9%)
frame_000419,-1.0,10.5003,17.8794,0.1466,28.6181,884,17.38, -> vault (17.4%)
frame_000420,-1.0,10.4692,21.2695,0.1637,32.0123,579,26.62, -> grand piano (26.6%)
frame_000421,-1.0,10.8628,21.0893,0.173,32.268,579,20.82, -> grand piano (20.8%)
frame_000422,-1.0,10.5461,24.2777,0.2543,35.2438,579,52.47, -> grand piano (52.5%)
frame_000423,-1.0,10.9322,18.7745,0.1284,29.926,579,39.71, -> grand piano (39.7%)
frame_000424,-1.0,10.7049,18.176,0.1294,29.1072,579,47.4, -> grand piano (47.4%)
frame_000425,-1.0,10.565,18.6863,0.1408,29.4871,884,15.87, -> vault (15.9%)
frame_000426,-1.0,11.4202,20.8483,0.1735,32.5685,579,19.59, -> grand piano (19.6%)
frame_000427,-1.0,30.7553,17.9208,0.1509,48.9101,884,31.46, -> vault (31.5%)
frame_000428,-1.0,15.0304,17.5352,0.1075,32.7472,884,50.38, -> vault (50.4%)
frame_000429,-1.0,10.1137,20.639,0.1617,31.0286,884,21.56, -> vault (21.6%)
frame_000430,-1.0,16.4145,18.9236,0.1194,35.5463,884,17.89, -> vault (17.9%)
frame_000431,-1.0,12.6931,18.9255,0.1295,31.8442,884,23.19, -> vault (23.2%)
frame_000432,-1.0,10.6584,21.006,0.186,31.9779,884,25.97, -> vault (26.0%)
frame_000433,-1.0,11.4032,23.9334,0.2001,35.6625,579,30.98, -> grand piano (31.0%)
frame_000434,-1.0,10.8515,18.1119,0.1139,29.1632,579,33.97, -> grand piano (34.0%)
frame_000435,-1.0,10.5696,21.2542,0.1617,32.1072,579,27.8, -> grand piano (27.8%)
frame_000436,-1.0,11.287,21.4086,0.1621,32.9681,579,22.41, -> grand piano (22.4%)
frame_000437,-1.0,11.3058,18.4693,0.1305,30.0099,579,21.98, -> grand piano (22.0%)
frame_000438,-1.0,11.4101,17.9125,0.1189,29.5255,579,40.37, -> grand piano (40.4%)
frame_000439,-1.0,10.5389,20.5909,0.1623,31.4097,579,30.14, -> grand piano (30.1%)
frame_000440,-1.0,10.5199,20.2069,0.1978,31.0481,579,58.38, -> grand piano (58.4%)
frame_000441,-1.0,10.8287,21.3401,0.1951,32.4485,579,48.31, -> grand piano (48.3%)
frame_000442,-1.0,15.2288,17.208,0.0992,32.6046,579,23.86, -> grand piano (23.9%)
frame_000443,-1.0,10.1323,24.2439,0.244,34.8029,579,40.46, -> grand piano (40.5%)
frame_000444,-1.0,12.1995,20.4619,0.1424,32.9044,579,45.45, -> grand piano (45.4%)
frame_000445,-1.0,12.1413,18.4512,0.1251,30.8215,884,11.36, -> vault (11.4%)
frame_000446,-1.0,12.7539,19.6589,0.1366,32.6417,579,42.33, -> grand piano (42.3%)
frame_000447,-1.0,10.8133,21.7422,0.1676,32.8411,579,14.53, -> grand piano (14.5%)
frame_000448,-1.0,10.4388,23.512,0.2199,34.3139,579,22.41, -> grand piano (22.4%)
frame_000449,-1.0,10.616,20.6568,0.1557,31.547,579,64.69, -> grand piano (64.7%)
frame_000450,-1.0,10.671,20.3163,0.1523,31.2445,579,15.39, -> grand piano (15.4%)
frame_000451,-1.0,13.2792,23.4527,0.188,37.0632,579,24.3, -> grand piano (24.3%)
frame_000452,-1.0,10.4495,17.7182,0.1193,28.3703,884,7.22, -> vault (7.2%)
frame_000453,-1.0,14.6255,25.5712,0.2058,40.5707,884,11.25, -> vault (11.2%)
frame_000454,-1.0,14.9309,19.1678,0.1241,34.3094,421,11.35, -> bannister (11.3%)
frame_000455,-1.0,10.5533,22.1157,0.1677,32.9702,789,15.24, -> shoji (15.2%)
frame_000456,-1.0,18.8204,19.2995,0.0997,38.2865,884,11.75, -> vault (11.8%)
frame_000457,-1.0,7.1896,20.944,0.1225,28.3376,579,24.62, -> grand piano (24.6%)
frame_000458,-1.0,10.2193,21.3717,0.1879,31.9064,579,15.86, -> grand piano (15.9%)
frame_000459,-1.0,10.6727,20.7432,0.1803,31.7187,884,11.11, -> vault (11.1%)
frame_000460,-1.0,10.7249,21.5347,0.1771,32.5751,743,18.69, -> prison (18.7%)
frame_000461,-1.0,10.6237,21.2716,0.1503,32.1428,884,10.75, -> vault (10.7%)
frame_000462,-1.0,10.5258,18.6967,0.1217,29.4264,743,13.42, -> prison (13.4%)
frame_000463,-1.0,10.5095,17.7911,0.1073,28.481,884,16.35, -> vault (16.4%)
frame_000464,-1.0,10.6448,20.3799,0.1347,31.2508,579,10.58, -> grand piano (10.6%)
frame_000465,-1.0,10.5462,19.9375,0.1271,30.6945,884,11.33, -> vault (11.3%)
frame_000466,-1.0,10.9703,20.1506,0.1427,31.351,745,7.37, -> projector (7.4%)
frame_000467,-1.0,10.6621,19.8876,0.1254,30.7573,421,11.02, -> bannister (11.0%)
frame_000468,-1.0,10.1978,21.2847,0.1547,31.7335,884,18.77, -> vault (18.8%)
frame_000469,-1.0,10.5259,19.506,0.1355,30.2537,789,11.58, -> shoji (11.6%)
frame_000470,-1.0,28.5192,17.7753,0.0965,46.4594,579,28.35, -> grand piano (28.4%)
frame_000471,-1.0,5.8636,21.0874,0.1246,27.1616,579,53.06, -> grand piano (53.1%)
frame_000472,-1.0,10.1928,17.5231,0.106,27.9051,579,40.26, -> grand piano (40.3%)
frame_000473,-1.0,10.5972,38.656,0.2755,49.7448,579,32.04, -> grand piano (32.0%)
frame_000474,-1.0,10.9138,26.424,0.2659,37.7628,579,35.38, -> grand piano (35.4%)
frame_000475,-1.0,10.639,18.5598,0.113,29.3885,579,19.38, -> grand piano (19.4%)
frame_000476,-1.0,13.1959,20.2877,0.1245,33.6964,884,24.64, -> vault (24.6%)
frame_000477,-1.0,10.7884,19.5143,0.1222,30.5195,579,20.75, -> grand piano (20.8%)
frame_000478,-1.0,10.5019,18.2969,0.1085,28.9811,884,29.4, -> vault (29.4%)
frame_000479,-1.0,10.5994,18.9289,0.1146,29.7211,884,23.27, -> vault (23.3%)
frame_000480,-1.0,10.3941,18.3704,0.1094,28.9525,579,34.22, -> grand piano (34.2%)
frame_000481,-1.0,10.6004,19.1262,0.1122,29.9135,579,41.3, -> grand piano (41.3%)
frame_000482,-1.0,11.241,20.423,0.1254,31.881,579,27.89, -> grand piano (27.9%)
frame_000483,-1.0,10.6456,18.243,0.0968,29.0554,579,48.53, -> grand piano (48.5%)
frame_000484,-1.0,10.4223,18.9632,0.203,29.7197,579,63.01, -> grand piano (63.0%)
frame_000485,-1.0,12.6281,19.8322,0.1221,32.6575,579,33.14, -> grand piano (33.1%)
frame_000486,-1.0,10.4817,20.7961,0.1229,31.4843,579,33.95, -> grand piano (33.9%)
frame_000487,-1.0,10.5592,18.5798,0.1145,29.3333,579,71.02, -> grand piano (71.0%)
frame_000488,-1.0,10.6226,19.5882,0.1213,30.4157,579,41.14, -> grand piano (41.1%)
frame_000489,-1.0,10.5852,19.2422,0.1155,30.0237,884,18.89, -> vault (18.9%)
frame_000490,-1.0,10.6695,21.3021,0.1318,32.1938,579,33.59, -> grand piano (33.6%)
frame_000491,-1.0,13.8822,18.6272,0.1045,32.687,579,31.37, -> grand piano (31.4%)
frame_000492,-1.0,10.742,18.5187,0.105,29.4421,884,17.12, -> vault (17.1%)
frame_000493,-1.0,10.4356,21.2667,0.1478,31.9395,579,29.73, -> grand piano (29.7%)
frame_000494,-1.0,10.8652,18.1443,0.1039,29.1857,579,12.88, -> grand piano (12.9%)
frame_000495,-1.0,10.4866,18.6296,0.117,29.3116,884,13.75, -> vault (13.7%)
frame_000496,-1.0,10.5932,23.5374,0.1713,34.4186,789,17.38, -> shoji (17.4%)
frame_000497,-1.0,11.0022,20.6535,0.1796,31.9597,884,17.28, -> vault (17.3%)
frame_000498,-1.0,11.1056,23.347,0.4206,35.0519,884,21.16, -> vault (21.2%)
frame_000499,-1.0,14.8767,18.165,0.0959,33.2018,884,28.31, -> vault (28.3%)
frame_000500,-1.0,10.1076,17.8149,0.0971,28.086,884,22.13, -> vault (22.1%)
frame_000501,-1.0,10.4201,23.3111,0.2109,34.0831,884,8.57, -> vault (8.6%)
frame_000502,-1.0,10.4708,24.6751,0.1985,35.4743,789,34.42, -> shoji (34.4%)
frame_000503,-1.0,10.6185,17.9603,0.1224,28.7902,789,28.46, -> shoji (28.5%)
frame_000504,-1.0,10.5551,20.283,0.1665,31.1133,789,13.5, -> shoji (13.5%)
frame_000505,-1.0,10.5007,18.8756,0.1159,29.5709,789,13.68, -> shoji (13.7%)
frame_000506,-1.0,16.4437,18.6482,0.0985,35.2647,789,14.3, -> shoji (14.3%)
frame_000507,-1.0,10.7904,20.655,0.1279,31.6643,884,12.38, -> vault (12.4%)
frame_000508,-1.0,10.4624,19.234,0.1178,29.8947,579,50.0, -> grand piano (50.0%)
frame_000509,-1.0,13.0912,18.6991,0.1089,31.9753,579,44.57, -> grand piano (44.6%)
frame_000510,-1.0,10.9337,22.3536,0.1574,33.5477,579,29.55, -> grand piano (29.5%)
frame_000511,-1.0,10.6656,20.4314,0.1286,31.3135,579,25.33, -> grand piano (25.3%)
frame_000512,-1.0,10.4622,20.9604,0.1442,31.6663,884,28.52, -> vault (28.5%)
frame_000513,-1.0,28.2033,18.8759,0.1072,47.2538,884,28.47, -> vault (28.5%)
frame_000514,-1.0,5.5483,19.8735,0.1092,25.6113,579,27.69, -> grand piano (27.7%)
frame_000515,-1.0,10.0795,20.538,0.1962,30.941,884,15.68, -> vault (15.7%)
frame_000516,-1.0,11.1875,18.1235,0.103,29.4869,789,11.6, -> shoji (11.6%)
frame_000517,-1.0,13.0811,18.8517,0.1069,32.117,884,9.42, -> vault (9.4%)
frame_000518,-1.0,10.5039,20.7153,0.1443,31.4565,884,11.44, -> vault (11.4%)
frame_000519,-1.0,16.4936,18.4117,0.1016,35.0906,884,19.04, -> vault (19.0%)
frame_000520,-1.0,13.2419,20.9196,0.1295,34.3848,884,19.61, -> vault (19.6%)
frame_000521,-1.0,10.8846,19.5832,0.1206,30.6701,884,14.61, -> vault (14.6%)
frame_000522,-1.0,10.4991,21.4945,0.1486,32.2421,789,36.99, -> shoji (37.0%)
frame_000523,-1.0,10.8047,20.0165,0.1232,31.0414,789,36.74, -> shoji (36.7%)
frame_000524,-1.0,10.558,20.2378,0.1254,31.0055,789,28.12, -> shoji (28.1%)
frame_000525,-1.0,10.4138,19.3924,0.1068,29.9845,789,37.46, -> shoji (37.5%)
frame_000526,-1.0,10.6378,18.5738,0.1202,29.41,789,25.18, -> shoji (25.2%)
frame_000527,-1.0,10.6139,20.1421,0.1009,30.927,884,25.56, -> vault (25.6%)
frame_000528,-1.0,42.6023,18.1617,0.0961,60.9355,884,42.08, -> vault (42.1%)
frame_000529,-1.0,10.575,19.4918,0.1209,30.2596,884,41.17, -> vault (41.2%)
frame_000530,-1.0,10.5153,20.3508,0.1567,31.1111,789,20.9, -> shoji (20.9%)
frame_000531,-1.0,10.5402,22.2564,0.1483,33.0422,789,42.81, -> shoji (42.8%)
frame_000532,-1.0,10.4101,19.3032,0.1257,29.9209,789,55.22, -> shoji (55.2%)
frame_000533,-1.0,11.007,19.8486,0.1323,31.0752,789,35.53, -> shoji (35.5%)
frame_000534,-1.0,10.7499,21.79,0.1545,32.7986,789,32.74, -> shoji (32.7%)
frame_000535,-1.0,10.5768,22.5105,0.1562,33.3537,789,40.7, -> shoji (40.7%)
frame_000536,-1.0,10.412,20.94,0.1406,31.5862,789,44.65, -> shoji (44.7%)
frame_000537,-1.0,10.6671,21.3449,0.1472,32.2594,789,48.9, -> shoji (48.9%)
frame_000538,-1.0,10.1778,18.0087,0.1113,28.3778,789,37.02, -> shoji (37.0%)
frame_000539,-1.0,13.18,17.5863,0.0957,30.9392,789,53.87, -> shoji (53.9%)
frame_000540,-1.0,10.9768,18.499,0.1154,29.6706,789,52.87, -> shoji (52.9%)
frame_000541,-1.0,10.7208,20.5611,0.1338,31.5055,789,30.96, -> shoji (31.0%)
frame_000542,-1.0,29.1574,19.3956,0.1,48.723,789,24.52, -> shoji (24.5%)
frame_000543,-1.0,9.4586,18.2849,0.107,27.9276,789,30.52, -> shoji (30.5%)
frame_000544,-1.0,10.2171,17.8548,0.1083,28.2545,789,22.31, -> shoji (22.3%)
frame_000545,-1.0,10.3428,19.3289,0.1196,29.8737,789,19.11, -> shoji (19.1%)
frame_000546,-1.0,10.4246,23.05,0.1814,33.7715,789,44.66, -> shoji (44.7%)
frame_000547,-1.0,10.2601,17.6434,0.1054,28.0843,789,48.47, -> shoji (48.5%)
frame_000548,-1.0,10.6872,19.0841,0.1123,29.9622,789,37.7, -> shoji (37.7%)
frame_000549,-1.0,10.3444,21.394,0.1435,31.9798,789,16.06, -> shoji (16.1%)
frame_000550,-1.0,10.5737,18.7682,0.1104,29.5309,789,27.95, -> shoji (28.0%)
frame_000551,-1.0,10.3446,18.3818,0.1085,28.911,789,19.86, -> shoji (19.9%)
frame_000552,-1.0,10.5675,19.6476,0.1238,30.4255,789,15.44, -> shoji (15.4%)
frame_000553,-1.0,12.6138,22.5387,0.1859,35.4581,789,24.41, -> shoji (24.4%)
frame_000554,-1.0,11.408,21.89,0.4791,34.0144,789,28.93, -> shoji (28.9%)
frame_000555,-1.0,10.6218,18.6239,0.153,29.5052,789,13.57, -> shoji (13.6%)
frame_000556,-1.0,22.9141,20.5949,0.1618,43.759,789,39.27, -> shoji (39.3%)
frame_000557,-1.0,14.3684,19.5292,0.0997,34.066,789,39.16, -> shoji (39.2%)
frame_000558,-1.0,10.1107,18.7659,0.1858,29.1834,789,53.06, -> shoji (53.1%)
frame_000559,-1.0,10.4804,17.6473,0.1511,28.3827,789,27.76, -> shoji (27.8%)
frame_000560,-1.0,10.8688,18.6603,0.1774,29.8417,789,33.0, -> shoji (33.0%)
frame_000561,-1.0,10.4556,19.6362,0.2215,30.4776,789,12.63, -> shoji (12.6%)
frame_000562,-1.0,10.5746,18.3103,0.1525,29.1429,789,15.14, -> shoji (15.1%)
frame_000563,-1.0,13.554,19.0328,0.1759,32.9103,789,22.63, -> shoji (22.6%)
frame_000564,-1.0,10.736,18.5369,0.1483,29.521,789,31.44, -> shoji (31.4%)
frame_000565,-1.0,10.5738,22.2841,0.2443,33.2662,789,32.99, -> shoji (33.0%)
frame_000566,-1.0,11.0344,19.2834,0.1792,30.6274,789,39.07, -> shoji (39.1%)
frame_000567,-1.0,10.7738,18.1045,0.1665,29.162,789,34.89, -> shoji (34.9%)
frame_000568,-1.0,10.346,20.1424,0.2205,30.8569,789,41.37, -> shoji (41.4%)
frame_000569,-1.0,11.1157,21.5365,0.4916,33.3467,789,16.96, -> shoji (17.0%)
frame_000570,-1.0,10.7162,18.5925,0.1524,29.5635,228,20.23, -> komondor (20.2%)
frame_000571,-1.0,10.5741,19.0384,0.1764,29.9129,884,9.02, -> vault (9.0%)
frame_000572,-1.0,10.574,19.7164,0.2031,30.6654,228,14.06, -> komondor (14.1%)
frame_000573,-1.0,10.8496,18.1601,0.1441,29.2527,789,53.12, -> shoji (53.1%)
frame_000574,-1.0,11.0275,17.664,0.1334,28.9188,646,32.46, -> maze (32.5%)
frame_000575,-1.0,10.5722,18.9634,0.172,29.8145,789,49.88, -> shoji (49.9%)
frame_000576,-1.0,11.1742,18.8379,0.1513,30.2737,789,24.17, -> shoji (24.2%)
frame_000577,-1.0,10.4485,19.8002,0.2118,30.5878,789,11.7, -> shoji (11.7%)
frame_000578,-1.0,10.4872,19.5687,0.174,30.355,421,17.91, -> bannister (17.9%)
frame_000579,-1.0,10.8287,19.3912,0.2107,30.5599,789,21.34, -> shoji (21.3%)
frame_000580,-1.0,10.5125,18.1041,0.1662,28.8955,789,31.84, -> shoji (31.8%)
frame_000581,-1.0,10.3845,18.3231,0.1764,29.0032,789,49.38, -> shoji (49.4%)
frame_000582,-1.0,10.5318,21.3919,0.1876,32.2475,789,33.66, -> shoji (33.7%)
frame_000583,-1.0,24.9246,18.2204,0.0942,43.3086,789,18.85, -> shoji (18.8%)
frame_000584,-1.0,16.3253,22.3378,0.1504,38.9173,789,21.29, -> shoji (21.3%)
frame_000585,-1.0,13.0854,17.3467,0.0952,30.596,884,15.75, -> vault (15.7%)
frame_000586,-1.0,12.1762,21.4689,0.1584,33.9125,789,12.22, -> shoji (12.2%)
frame_000587,-1.0,10.535,21.5315,0.1743,32.3674,884,12.58, -> vault (12.6%)
frame_000588,-1.0,10.629,18.1711,0.1086,28.9851,884,13.81, -> vault (13.8%)
frame_000589,-1.0,10.5157,18.4459,0.121,29.1669,884,20.05, -> vault (20.0%)
frame_000590,-1.0,10.6602,21.158,0.1455,32.1043,884,26.44, -> vault (26.4%)
frame_000591,-1.0,10.7405,18.5164,0.1184,29.4566,884,35.32, -> vault (35.3%)
frame_000592,-1.0,10.5924,19.1365,0.1875,30.0522,884,45.24, -> vault (45.2%)
frame_000593,-1.0,10.8556,20.8548,0.1668,31.9927,646,33.4, -> maze (33.4%)
frame_000594,-1.0,10.6093,21.8745,0.1729,32.7994,884,31.58, -> vault (31.6%)
frame_000595,-1.0,10.5949,18.8916,0.1362,29.7166,884,20.86, -> vault (20.9%)
frame_000596,-1.0,10.8471,21.3895,0.1615,32.516,884,19.61, -> vault (19.6%)
frame_000597,-1.0,10.7685,18.9697,0.136,29.9858,881,11.69, -> upright (11.7%)
frame_000598,-1.0,15.0997,19.776,0.1615,35.1482,579,69.87, -> grand piano (69.9%)
frame_000599,-1.0,28.2004,19.0849,0.3143,47.6995,579,68.91, -> grand piano (68.9%)
frame_000600,-1.0,8.2606,18.7661,0.1026,27.1964,579,32.35, -> grand piano (32.4%)
frame_000601,-1.0,10.1191,19.6226,0.1784,30.0625,579,7.93, -> grand piano (7.9%)
frame_000602,-1.0,10.9282,19.5271,0.1809,30.7475,579,49.53, -> grand piano (49.5%)
frame_000603,-1.0,10.5508,19.2311,0.185,30.0939,579,65.45, -> grand piano (65.4%)
frame_000604,-1.0,10.5778,18.4358,0.1506,29.2719,579,77.69, -> grand piano (77.7%)
frame_000605,-1.0,10.496,18.4539,0.148,29.2015,579,81.01, -> grand piano (81.0%)
frame_000606,-1.0,10.426,22.8355,0.2714,33.7367,579,75.32, -> grand piano (75.3%)
frame_000607,-1.0,10.5295,18.8848,0.1805,29.7125,579,75.57, -> grand piano (75.6%)
frame_000608,-1.0,10.4678,21.5238,0.206,32.3599,579,74.42, -> grand piano (74.4%)
frame_000609,-1.0,10.7388,21.3629,0.2122,32.4569,579,84.42, -> grand piano (84.4%)
frame_000610,-1.0,10.5411,19.6852,0.2271,30.5884,579,77.37, -> grand piano (77.4%)
frame_000611,-1.0,10.5104,18.8779,0.1636,29.6516,579,31.85, -> grand piano (31.9%)
frame_000612,-1.0,10.7317,20.5324,0.1975,31.5848,579,66.32, -> grand piano (66.3%)
frame_000613,-1.0,10.6862,20.6092,0.1885,31.6199,579,47.1, -> grand piano (47.1%)
frame_000614,-1.0,44.385,20.8251,0.1121,65.3935,579,61.39, -> grand piano (61.4%)
frame_000615,-1.0,10.3642,18.3283,0.133,28.9167,579,34.14, -> grand piano (34.1%)
frame_000616,-1.0,10.2137,21.5837,0.2134,32.1535,579,31.28, -> grand piano (31.3%)
frame_000617,-1.0,10.6842,19.2188,0.1631,30.1754,526,13.33, -> desk (13.3%)
frame_000618,-1.0,10.5387,22.3148,0.189,33.1792,579,38.69, -> grand piano (38.7%)
frame_000619,-1.0,25.8635,42.9578,0.1786,69.1022,579,67.81, -> grand piano (67.8%)
frame_000620,-1.0,10.971,19.3777,0.1437,30.592,526,28.01, -> desk (28.0%)
frame_000621,-1.0,10.5444,19.8701,0.162,30.6916,579,24.07, -> grand piano (24.1%)
frame_000622,-1.0,10.6138,19.5041,0.1545,30.384,526,27.71, -> desk (27.7%)
frame_000623,-1.0,10.704,18.884,0.1628,29.8617,526,36.6, -> desk (36.6%)
frame_000624,-1.0,10.5142,18.6851,0.1367,29.4352,579,32.66, -> grand piano (32.7%)
frame_000625,-1.0,10.4336,18.3573,0.1422,29.0331,579,73.87, -> grand piano (73.9%)
frame_000626,-1.0,10.8106,18.5345,0.137,29.5849,579,81.87, -> grand piano (81.9%)
frame_000627,-1.0,10.6386,19.4382,0.1576,30.3424,579,70.41, -> grand piano (70.4%)
frame_000628,-1.0,11.5199,20.9091,0.1029,32.6013,579,26.42, -> grand piano (26.4%)
frame_000629,-1.0,10.1715,18.9504,0.1085,29.3115,579,38.88, -> grand piano (38.9%)
frame_000630,-1.0,11.8406,17.8544,0.1264,29.9082,526,25.07, -> desk (25.1%)
frame_000631,-1.0,10.1077,18.8916,0.1367,29.2339,579,38.62, -> grand piano (38.6%)
frame_000632,-1.0,12.4074,21.6007,0.1626,34.2887,579,67.84, -> grand piano (67.8%)
frame_000633,-1.0,10.6361,17.6842,0.117,28.5185,579,51.83, -> grand piano (51.8%)
frame_000634,-1.0,14.3415,19.3707,0.1288,33.9324,579,40.23, -> grand piano (40.2%)
frame_000635,-1.0,10.8767,18.4425,0.1245,29.5309,579,44.68, -> grand piano (44.7%)
frame_000636,-1.0,10.7372,21.2573,0.187,32.3089,579,39.72, -> grand piano (39.7%)
frame_000637,-1.0,11.5819,20.8055,0.1756,32.6879,579,31.48, -> grand piano (31.5%)
frame_000638,-1.0,10.6761,23.3729,0.2334,34.4426,881,53.76, -> upright (53.8%)
frame_000639,-1.0,10.6527,18.6864,0.1317,29.5759,579,32.43, -> grand piano (32.4%)
frame_000640,-1.0,10.4446,19.3213,0.1409,29.9907,579,22.42, -> grand piano (22.4%)
frame_000641,-1.0,10.6059,18.5649,0.1433,29.4151,579,46.15, -> grand piano (46.1%)
frame_000642,-1.0,27.607,20.622,0.101,48.4256,579,50.16, -> grand piano (50.2%)
frame_000643,-1.0,11.8439,19.0487,0.1035,31.0869,579,59.37, -> grand piano (59.4%)
frame_000644,-1.0,13.1157,20.4926,0.1347,33.8365,579,18.17, -> grand piano (18.2%)
frame_000645,-1.0,12.9966,21.02,0.1163,34.2084,579,16.45, -> grand piano (16.4%)
frame_000646,-1.0,13.3915,18.3399,0.0934,31.893,579,12.23, -> grand piano (12.2%)
frame_000647,-1.0,10.3486,21.4246,0.1603,32.0329,851,17.0, -> television (17.0%)
frame_000648,-1.0,11.0961,23.2312,0.1186,34.53,827,13.2, -> stove (13.2%)
frame_000649,-1.0,10.6281,18.5135,0.1031,29.3199,579,19.55, -> grand piano (19.6%)
frame_000650,-1.0,11.0252,19.2191,0.1078,30.4331,579,16.29, -> grand piano (16.3%)
frame_000651,-1.0,10.3378,17.5693,0.1003,28.0786,884,16.41, -> vault (16.4%)
frame_000652,-1.0,10.6938,18.3714,0.1048,29.2439,884,39.05, -> vault (39.1%)
frame_000653,-1.0,10.4182,18.4382,0.1089,29.0391,598,17.86, -> home theater (17.9%)
frame_000654,-1.0,15.0143,19.7249,0.1086,34.9292,598,20.11, -> home theater (20.1%)
frame_000655,-1.0,10.7347,18.1546,0.1079,29.0676,598,19.4, -> home theater (19.4%)
frame_000656,-1.0,10.4549,22.0627,0.2047,32.8504,598,15.4, -> home theater (15.4%)
frame_000657,-1.0,14.4995,18.7854,0.0982,33.4495,632,15.64, -> loudspeaker (15.6%)
frame_000658,-1.0,10.0842,19.5939,0.1625,29.9715,598,20.65, -> home theater (20.7%)
frame_000659,-1.0,10.8665,19.7675,0.1713,30.9292,884,24.39, -> vault (24.4%)
frame_000660,-1.0,10.6188,21.9169,0.173,32.8324,884,37.23, -> vault (37.2%)
frame_000661,-1.0,10.7135,18.9734,0.1915,30.0257,884,40.9, -> vault (40.9%)
frame_000662,-1.0,10.6518,20.5256,0.2232,31.544,884,44.82, -> vault (44.8%)
frame_000663,-1.0,10.6886,20.3541,0.2005,31.3953,884,31.11, -> vault (31.1%)
frame_000664,-1.0,10.6769,19.2152,0.1871,30.2167,884,31.67, -> vault (31.7%)
frame_000665,-1.0,10.8142,18.9056,0.1788,30.0416,884,18.23, -> vault (18.2%)
frame_000666,-1.0,10.6984,20.5887,0.2715,31.7227,884,19.71, -> vault (19.7%)
frame_000667,-1.0,10.6993,19.5706,0.2137,30.6273,532,13.35, -> dining table (13.4%)
frame_000668,-1.0,11.1093,18.2314,0.1936,29.6606,884,19.2, -> vault (19.2%)
frame_000669,-1.0,10.618,19.9606,0.1749,30.887,598,26.06, -> home theater (26.1%)
frame_000670,-1.0,10.7229,17.7355,0.1439,28.702,598,17.2, -> home theater (17.2%)
frame_000671,-1.0,23.5572,18.1135,0.1234,41.8747,598,18.48, -> home theater (18.5%)
frame_000672,-1.0,6.7617,21.0168,0.1318,27.9978,598,26.01, -> home theater (26.0%)
frame_000673,-1.0,10.1648,20.9856,0.1896,31.4697,851,18.51, -> television (18.5%)
frame_000674,-1.0,10.4702,19.3591,0.136,30.082,851,15.06, -> television (15.1%)
frame_000675,-1.0,10.6056,18.524,0.1495,29.3737,598,16.37, -> home theater (16.4%)
frame_000676,-1.0,10.5908,19.3508,0.1533,30.208,851,15.33, -> television (15.3%)
frame_000677,-1.0,10.6481,19.9546,0.1672,30.8853,532,15.64, -> dining table (15.6%)
frame_000678,-1.0,10.991,18.9019,0.1568,30.1528,526,45.65, -> desk (45.6%)
frame_000679,-1.0,10.5731,19.9637,0.1659,30.8346,526,31.65, -> desk (31.6%)
frame_000680,-1.0,10.7143,18.6438,0.1464,29.6028,526,29.04, -> desk (29.0%)
frame_000681,-1.0,10.8912,20.0575,0.1787,31.2715,526,42.92, -> desk (42.9%)
frame_000682,-1.0,10.5108,19.2414,0.1582,30.0233,526,39.72, -> desk (39.7%)
frame_000683,-1.0,10.4063,18.2063,0.1242,28.8282,526,60.08, -> desk (60.1%)
frame_000684,-1.0,10.6946,18.8824,0.1362,29.8102,526,73.16, -> desk (73.2%)
frame_000685,-1.0,26.2839,22.6228,0.1185,49.1086,526,60.9, -> desk (60.9%)
frame_000686,-1.0,19.6878,18.3899,0.1048,38.2559,526,43.55, -> desk (43.6%)
frame_000687,-1.0,10.274,19.6057,0.119,30.0822,526,67.43, -> desk (67.4%)
frame_000688,-1.0,10.4372,18.2224,0.1378,28.8941,526,39.22, -> desk (39.2%)
frame_000689,-1.0,10.5597,22.5938,0.2056,33.5014,526,55.02, -> desk (55.0%)
frame_000690,-1.0,10.4648,18.25,0.1497,28.9678,526,67.21, -> desk (67.2%)
frame_000691,-1.0,11.054,19.0505,0.1576,30.3658,526,42.53, -> desk (42.5%)
frame_000692,-1.0,11.0497,21.1675,0.2024,32.539,526,51.09, -> desk (51.1%)
frame_000693,-1.0,10.6076,17.6095,0.1314,28.4431,526,24.06, -> desk (24.1%)
frame_000694,-1.0,10.6417,18.5989,0.1553,29.5011,598,18.64, -> home theater (18.6%)
frame_000695,-1.0,16.0249,17.9332,0.115,34.1596,526,11.12, -> desk (11.1%)
frame_000696,-1.0,10.5194,23.7156,0.1799,34.5314,736,11.7, -> pool table (11.7%)
frame_000697,-1.0,10.6719,19.4916,0.1672,30.4467,598,19.93, -> home theater (19.9%)
frame_000698,-1.0,11.2109,19.7035,0.1617,31.1855,598,19.85, -> home theater (19.8%)
frame_000699,-1.0,10.5789,19.83,0.2011,30.7343,598,15.32, -> home theater (15.3%)
frame_000700,-1.0,15.8474,18.1445,0.1281,34.2018,598,15.27, -> home theater (15.3%)
frame_000701,-1.0,10.1304,20.7263,0.1416,31.0995,526,17.71, -> desk (17.7%)
frame_000702,-1.0,10.4881,23.8584,0.1772,34.6407,632,32.53, -> loudspeaker (32.5%)
frame_000703,-1.0,10.7893,18.451,0.1127,29.4282,598,16.65, -> home theater (16.7%)
frame_000704,-1.0,10.5798,20.0073,0.179,30.9011,598,19.29, -> home theater (19.3%)
frame_000705,-1.0,13.1852,18.0615,0.1631,31.5234,526,15.98, -> desk (16.0%)
frame_000706,-1.0,11.0603,18.1258,0.1557,29.4474,851,14.35, -> television (14.4%)
frame_000707,-1.0,10.4367,23.667,0.2357,34.501,526,18.01, -> desk (18.0%)
frame_000708,-1.0,10.6094,21.4431,0.1867,32.3591,851,17.23, -> television (17.2%)
frame_000709,-1.0,14.6002,18.4378,0.1257,33.249,526,17.4, -> desk (17.4%)
frame_000710,-1.0,12.1431,17.9813,0.1421,30.3656,526,55.99, -> desk (56.0%)
frame_000711,-1.0,10.5812,21.501,0.1767,32.3888,526,44.71, -> desk (44.7%)
frame_000712,-1.0,10.8282,18.2869,0.1438,29.3567,526,14.7, -> desk (14.7%)
frame_000713,-1.0,10.6137,18.4712,0.1431,29.3261,526,23.65, -> desk (23.6%)
frame_000714,-1.0,16.937,19.6769,0.1017,36.7867,526,38.31, -> desk (38.3%)
frame_000715,-1.0,10.2341,17.369,0.1244,27.8106,526,68.51, -> desk (68.5%)
frame_000716,-1.0,11.3873,19.646,0.1355,31.2668,526,68.96, -> desk (69.0%)
frame_000717,-1.0,10.5312,20.8441,0.2222,31.7571,526,72.76, -> desk (72.8%)
frame_000718,-1.0,10.6291,18.2897,0.1512,29.1741,526,74.84, -> desk (74.8%)
frame_000719,-1.0,14.9706,17.9754,0.1053,33.1307,526,60.87, -> desk (60.9%)
frame_000720,-1.0,15.501,18.6735,0.1102,34.3642,526,63.8, -> desk (63.8%)
frame_000721,-1.0,10.7325,19.2054,0.1349,30.1665,526,73.99, -> desk (74.0%)
frame_000722,-1.0,11.0326,19.5431,0.1541,30.8401,526,83.39, -> desk (83.4%)
frame_000723,-1.0,10.7219,20.0926,0.1658,31.09,526,74.94, -> desk (74.9%)
frame_000724,-1.0,10.7938,19.3297,0.1601,30.3923,526,73.38, -> desk (73.4%)
frame_000725,-1.0,14.4299,17.2042,0.1165,31.8288,526,67.3, -> desk (67.3%)
frame_000726,-1.0,16.8262,18.3035,0.1193,35.3333,526,67.54, -> desk (67.5%)
frame_000727,-1.0,10.4085,21.1992,0.1725,31.9,526,66.89, -> desk (66.9%)
frame_000728,-1.0,29.1834,18.5453,0.1589,47.9883,526,69.53, -> desk (69.5%)
frame_000729,-1.0,23.4033,18.2655,0.107,41.846,526,75.01, -> desk (75.0%)
frame_000730,-1.0,10.3293,18.2038,0.131,28.7474,526,71.31, -> desk (71.3%)
frame_000731,-1.0,10.433,18.8612,0.1372,29.5427,526,68.67, -> desk (68.7%)
frame_000732,-1.0,10.4065,18.8206,0.136,29.456,526,67.06, -> desk (67.1%)
frame_000733,-1.0,10.3524,21.7045,0.1867,32.37,526,63.09, -> desk (63.1%)
frame_000734,-1.0,11.0803,17.2218,0.1284,28.5156,526,60.36, -> desk (60.4%)
frame_000735,-1.0,10.6733,18.9853,0.1379,29.8951,526,53.69, -> desk (53.7%)
frame_000736,-1.0,10.4618,20.2917,0.1602,31.0244,526,62.9, -> desk (62.9%)
frame_000737,-1.0,10.7662,19.3271,0.1375,30.3261,526,55.78, -> desk (55.8%)
frame_000738,-1.0,10.8307,19.5021,0.1429,30.5948,526,52.18, -> desk (52.2%)
frame_000739,-1.0,11.6259,17.7193,0.129,29.5603,526,59.76, -> desk (59.8%)
frame_000740,-1.0,12.5312,19.0292,0.128,31.7849,526,49.66, -> desk (49.7%)
frame_000741,-1.0,10.6212,19.7383,0.1443,30.6018,526,49.08, -> desk (49.1%)
frame_000742,-1.0,11.7234,20.056,0.1815,32.0681,526,45.78, -> desk (45.8%)
frame_000743,-1.0,9.7985,18.7384,0.1041,28.7162,526,46.69, -> desk (46.7%)
frame_000744,-1.0,10.0822,19.0811,0.1976,29.5066,526,50.13, -> desk (50.1%)
frame_000745,-1.0,10.5875,20.4274,0.2137,31.4029,526,60.27, -> desk (60.3%)
frame_000746,-1.0,10.782,22.4746,0.2424,33.6654,526,50.95, -> desk (51.0%)
frame_000747,-1.0,10.5928,22.9955,0.1697,33.8755,526,55.65, -> desk (55.7%)
frame_000748,-1.0,12.2598,17.8743,0.0969,30.3052,526,53.94, -> desk (53.9%)
frame_000749,-1.0,10.6349,19.8284,0.1194,30.68,526,45.55, -> desk (45.6%)
frame_000750,-1.0,9.9425,17.6884,0.1193,27.8277,526,47.86, -> desk (47.9%)
frame_000751,-1.0,10.6478,29.3622,0.2614,40.4441,526,58.38, -> desk (58.4%)
frame_000752,-1.0,10.601,19.8645,0.1271,30.6951,526,61.61, -> desk (61.6%)
frame_000753,-1.0,10.7044,20.2302,0.1349,31.1655,526,69.33, -> desk (69.3%)
frame_000754,-1.0,15.3754,19.749,0.1166,35.3192,526,69.93, -> desk (69.9%)
frame_000755,-1.0,10.6852,18.3117,0.1085,29.1787,526,62.77, -> desk (62.8%)
frame_000756,-1.0,10.6105,22.1844,0.1572,33.0572,526,56.51, -> desk (56.5%)
frame_000757,-1.0,50.9278,19.1352,0.0947,70.2094,526,59.37, -> desk (59.4%)
frame_000758,-1.0,10.4138,21.3728,0.126,31.9987,526,62.84, -> desk (62.8%)
frame_000759,-1.0,10.5577,19.9451,0.1467,30.7685,526,66.16, -> desk (66.2%)
frame_000760,-1.0,10.5186,18.456,0.137,29.2023,526,66.14, -> desk (66.1%)
frame_000761,-1.0,10.4612,23.4821,0.1913,34.2625,526,63.43, -> desk (63.4%)
frame_000762,-1.0,10.7485,18.4758,0.1346,29.4483,526,61.51, -> desk (61.5%)
frame_000763,-1.0,14.0305,17.4394,0.2103,31.8159,526,62.87, -> desk (62.9%)
frame_000764,-1.0,14.1859,21.0815,0.1359,35.4905,526,56.29, -> desk (56.3%)
frame_000765,-1.0,10.7,21.1097,0.1554,32.09,526,61.63, -> desk (61.6%)
frame_000766,-1.0,10.8123,19.7205,0.156,30.8101,526,62.17, -> desk (62.2%)
frame_000767,-1.0,10.7544,18.8545,0.1388,29.8405,526,64.22, -> desk (64.2%)
frame_000768,-1.0,13.781,20.1006,0.1948,34.2353,526,59.68, -> desk (59.7%)
frame_000769,-1.0,13.2845,20.033,0.1931,33.6488,526,64.32, -> desk (64.3%)
frame_000770,-1.0,11.3258,18.4517,0.1323,30.0116,526,62.83, -> desk (62.8%)
frame_000771,-1.0,23.7666,21.5323,0.1038,45.4719,526,58.62, -> desk (58.6%)
frame_000772,-1.0,10.993,18.9764,0.0895,30.1225,526,36.88, -> desk (36.9%)
frame_000773,-1.0,10.2073,19.4355,0.1246,29.8511,532,72.84, -> dining table (72.8%)
frame_000774,-1.0,10.8454,21.3279,0.1388,32.4088,532,61.15, -> dining table (61.2%)
frame_000775,-1.0,10.879,19.5898,0.1176,30.689,526,59.9, -> desk (59.9%)
frame_000776,-1.0,10.7692,19.0079,0.1163,29.9771,526,56.2, -> desk (56.2%)
frame_000777,-1.0,10.9908,20.0308,0.1234,31.2281,526,56.4, -> desk (56.4%)
frame_000778,-1.0,10.5667,18.5073,0.1146,29.2638,526,56.78, -> desk (56.8%)
frame_000779,-1.0,10.4144,20.2743,0.1336,30.9123,526,58.73, -> desk (58.7%)
frame_000780,-1.0,10.9625,18.951,0.1165,30.1076,526,60.66, -> desk (60.7%)
frame_000781,-1.0,10.4985,18.4277,0.1052,29.1037,526,57.09, -> desk (57.1%)
frame_000782,-1.0,10.609,18.9158,0.1179,29.7252,526,59.84, -> desk (59.8%)
frame_000783,-1.0,13.0269,20.6591,0.1426,33.922,526,62.22, -> desk (62.2%)
frame_000784,-1.0,10.7088,19.4182,0.1328,30.3442,526,57.65, -> desk (57.6%)
frame_000785,-1.0,17.4529,18.8794,0.1027,36.5064,526,56.63, -> desk (56.6%)
frame_000786,-1.0,25.3191,17.1159,0.0952,42.5981,532,50.44, -> dining table (50.4%)
frame_000787,-1.0,14.6297,19.3584,0.1129,34.1783,532,65.13, -> dining table (65.1%)
frame_000788,-1.0,10.6281,21.6122,0.1444,32.4782,532,73.57, -> dining table (73.6%)
frame_000789,-1.0,10.6715,19.2595,0.1284,30.1435,526,57.99, -> desk (58.0%)
frame_000790,-1.0,14.1292,21.6796,0.1592,36.063,526,63.01, -> desk (63.0%)
frame_000791,-1.0,10.7065,19.2037,0.1496,30.1655,526,61.47, -> desk (61.5%)
frame_000792,-1.0,10.7774,18.8578,0.1574,29.896,526,57.57, -> desk (57.6%)
frame_000793,-1.0,10.5152,20.5278,0.2095,31.3716,526,68.88, -> desk (68.9%)
frame_000794,-1.0,10.5612,17.9713,0.1432,28.7693,526,65.31, -> desk (65.3%)
frame_000795,-1.0,10.8261,18.6297,0.1591,29.7243,526,63.23, -> desk (63.2%)
frame_000796,-1.0,12.0201,18.1775,0.1422,30.4334,526,65.72, -> desk (65.7%)
frame_000797,-1.0,15.5653,21.9675,0.1616,37.8051,526,71.62, -> desk (71.6%)
frame_000798,-1.0,10.7656,20.1265,0.1772,31.1886,526,69.46, -> desk (69.5%)
frame_000799,-1.0,10.5328,20.0066,0.1494,30.777,526,67.3, -> desk (67.3%)
frame_000800,-1.0,10.7003,23.0487,0.2191,34.1116,526,72.69, -> desk (72.7%)
frame_000801,-1.0,10.5029,20.5457,0.1815,31.3886,526,69.24, -> desk (69.2%)
frame_000802,-1.0,11.2572,18.1557,0.1206,29.6218,526,70.4, -> desk (70.4%)
frame_000803,-1.0,10.4347,18.4366,0.1311,29.0939,526,66.05, -> desk (66.0%)
frame_000804,-1.0,10.6068,19.7019,0.1552,30.5623,526,66.73, -> desk (66.7%)
frame_000805,-1.0,10.7904,18.8974,0.1414,29.9234,526,69.93, -> desk (69.9%)
frame_000806,-1.0,10.5643,18.7066,0.1494,29.5143,526,75.62, -> desk (75.6%)
frame_000807,-1.0,14.5801,20.0216,0.2324,34.9952,526,67.07, -> desk (67.1%)
frame_000808,-1.0,10.8321,19.0476,0.1743,30.1872,526,69.27, -> desk (69.3%)
frame_000809,-1.0,10.6023,21.7196,0.2162,32.682,526,68.07, -> desk (68.1%)
frame_000810,-1.0,11.1172,20.2233,0.2151,31.7007,532,78.84, -> dining table (78.8%)
frame_000811,-1.0,11.8357,19.1291,0.1384,31.2073,532,84.72, -> dining table (84.7%)
frame_000812,-1.0,11.2763,20.146,0.2219,31.7866,532,82.6, -> dining table (82.6%)
frame_000813,-1.0,12.0839,18.2883,0.1614,30.6493,526,51.19, -> desk (51.2%)
frame_000814,-1.0,47.434,21.4779,0.0994,69.0802,526,64.55, -> desk (64.6%)
frame_000815,-1.0,9.6138,18.054,0.1089,27.8518,526,60.26, -> desk (60.3%)
frame_000816,-1.0,10.6041,17.9384,0.1164,28.7386,526,55.32, -> desk (55.3%)
frame_000817,-1.0,10.5191,18.2273,0.1507,28.9843,526,64.96, -> desk (65.0%)
frame_000818,-1.0,10.6166,17.5208,0.1374,28.3613,526,64.56, -> desk (64.6%)
frame_000819,-1.0,10.6017,19.333,0.1619,30.2289,526,65.86, -> desk (65.9%)
frame_000820,-1.0,12.3915,23.2541,0.2045,35.9913,526,61.76, -> desk (61.8%)
frame_000821,-1.0,14.3271,19.8942,0.1684,34.4936,526,66.26, -> desk (66.3%)
frame_000822,-1.0,10.753,19.7555,0.1875,30.8128,526,63.89, -> desk (63.9%)
frame_000823,-1.0,10.7633,19.9803,0.1624,31.0188,526,62.03, -> desk (62.0%)
frame_000824,-1.0,10.7438,19.9967,0.1613,31.0119,526,62.81, -> desk (62.8%)
frame_000825,-1.0,10.4226,18.2251,0.139,28.8862,526,63.16, -> desk (63.2%)
frame_000826,-1.0,10.4425,19.3302,0.1511,30.0372,526,61.69, -> desk (61.7%)
frame_000827,-1.0,11.2748,18.8091,0.1414,30.3297,526,66.38, -> desk (66.4%)
frame_000828,-1.0,18.5342,18.1033,0.108,36.8131,526,68.74, -> desk (68.7%)
frame_000829,-1.0,7.182,23.6112,0.1248,31.0013,526,71.68, -> desk (71.7%)
frame_000830,-1.0,9.6962,18.1853,0.13,28.1028,526,68.96, -> desk (69.0%)
frame_000831,-1.0,10.9013,21.317,0.1745,32.5179,526,59.07, -> desk (59.1%)
frame_000832,-1.0,10.4513,19.9526,0.1518,30.6613,526,54.94, -> desk (54.9%)
frame_000833,-1.0,10.6014,17.8583,0.1229,28.6749,526,61.23, -> desk (61.2%)
frame_000834,-1.0,10.6414,18.4971,0.1325,29.3606,526,60.91, -> desk (60.9%)
frame_000835,-1.0,10.3973,18.1758,0.1326,28.7979,526,65.38, -> desk (65.4%)
frame_000836,-1.0,10.8124,19.6239,0.1432,30.6788,526,57.36, -> desk (57.4%)
frame_000837,-1.0,10.6897,18.8964,0.1752,29.8968,526,51.42, -> desk (51.4%)
frame_000838,-1.0,10.6065,18.0607,0.1734,28.9627,526,67.94, -> desk (67.9%)
frame_000839,-1.0,11.5818,17.8781,0.1712,29.7417,526,30.74, -> desk (30.7%)
frame_000840,-1.0,10.6931,18.4767,0.1766,29.4727,881,55.43, -> upright (55.4%)
frame_000841,-1.0,10.7247,18.206,0.174,29.2298,423,16.09, -> barber chair (16.1%)
frame_000842,-1.0,10.643,19.71,0.1657,30.614,877,18.67, -> turnstile (18.7%)
frame_000843,-1.0,12.6576,18.1666,0.1041,30.9962,877,18.82, -> turnstile (18.8%)
frame_000844,-1.0,20.0724,23.7945,0.1425,44.1479,548,10.14, -> entertainment center (10.1%)
frame_000845,-1.0,10.7189,21.0555,0.197,32.1153,548,37.11, -> entertainment center (37.1%)
frame_000846,-1.0,11.6946,18.8163,0.1603,30.7826,526,20.55, -> desk (20.6%)
frame_000847,-1.0,10.6327,18.9191,0.1188,29.7538,548,23.21, -> entertainment center (23.2%)
frame_000848,-1.0,10.916,18.9141,0.1232,30.0402,548,21.55, -> entertainment center (21.5%)
frame_000849,-1.0,10.5727,19.3487,0.1402,30.1598,598,17.32, -> home theater (17.3%)
frame_000850,-1.0,10.7818,18.4444,0.1295,29.4589,598,25.29, -> home theater (25.3%)
frame_000851,-1.0,10.8344,21.145,0.1529,32.2395,598,42.67, -> home theater (42.7%)
frame_000852,-1.0,10.6073,18.94,0.13,29.7673,598,13.74, -> home theater (13.7%)
frame_000853,-1.0,14.1693,18.1038,0.1099,32.461,526,20.21, -> desk (20.2%)
frame_000854,-1.0,10.5131,19.1437,0.1339,29.8816,598,28.16, -> home theater (28.2%)
frame_000855,-1.0,10.3985,19.6835,0.1803,30.3737,598,35.45, -> home theater (35.4%)
frame_000856,-1.0,10.6205,19.6524,0.1511,30.5284,851,18.83, -> television (18.8%)
frame_000857,-1.0,16.8914,19.045,0.0948,36.1016,884,8.15, -> vault (8.2%)
frame_000858,-1.0,10.3415,18.0465,0.135,28.6235,876,12.98, -> tub (13.0%)
frame_000859,-1.0,12.2119,19.6167,0.1324,32.0419,851,14.08, -> television (14.1%)
frame_000860,-1.0,10.8654,19.8124,0.1151,30.8747,884,8.81, -> vault (8.8%)
frame_000861,-1.0,10.5973,19.8573,0.124,30.6734,884,38.42, -> vault (38.4%)
frame_000862,-1.0,12.3284,17.7541,0.1016,30.2566,884,13.41, -> vault (13.4%)
frame_000863,-1.0,10.6099,17.6219,0.0925,28.3925,532,6.95, -> dining table (6.9%)
frame_000864,-1.0,10.397,19.2649,0.1172,29.8611,799,9.7, -> sliding door (9.7%)
frame_000865,-1.0,10.7691,18.4724,0.1036,29.433,598,13.62, -> home theater (13.6%)
frame_000866,-1.0,10.4119,19.8907,0.1248,30.5134,598,13.47, -> home theater (13.5%)
frame_000867,-1.0,12.5106,25.2646,0.2245,38.1917,884,9.1, -> vault (9.1%)
frame_000868,-1.0,11.0117,19.5308,0.1074,30.7257,884,14.58, -> vault (14.6%)
frame_000869,-1.0,10.886,21.554,0.1687,32.7259,884,16.96, -> vault (17.0%)
frame_000870,-1.0,11.058,20.9639,0.1658,32.2978,884,22.76, -> vault (22.8%)
frame_000871,-1.0,22.0081,18.1506,0.1541,40.4156,884,30.5, -> vault (30.5%)
frame_000872,-1.0,5.5759,17.7507,0.0902,23.4811,884,35.18, -> vault (35.2%)
frame_000873,-1.0,10.2802,19.0493,0.1443,29.5929,532,26.35, -> dining table (26.4%)
frame_000874,-1.0,10.7822,23.047,0.1961,34.1582,532,23.94, -> dining table (23.9%)
frame_000875,-1.0,10.9868,18.794,0.1297,29.9997,532,15.03, -> dining table (15.0%)
frame_000876,-1.0,10.5592,18.2793,0.1341,29.0667,532,22.88, -> dining table (22.9%)
frame_000877,-1.0,10.6132,20.3057,0.1868,31.2307,532,17.66, -> dining table (17.7%)
frame_000878,-1.0,10.6988,18.3623,0.1559,29.3163,532,21.16, -> dining table (21.2%)
frame_000879,-1.0,10.5901,19.4052,0.1363,30.2245,884,19.47, -> vault (19.5%)
frame_000880,-1.0,10.7073,19.6882,0.1423,30.6377,884,34.79, -> vault (34.8%)
frame_000881,-1.0,13.3289,18.5195,0.1454,32.0797,884,36.0, -> vault (36.0%)
frame_000882,-1.0,13.9067,20.6505,0.1345,34.7772,532,28.77, -> dining table (28.8%)
frame_000883,-1.0,10.8477,22.4701,0.2434,33.8013,532,34.05, -> dining table (34.1%)
frame_000884,-1.0,10.5931,23.0988,0.2416,34.0941,884,26.68, -> vault (26.7%)
frame_000885,-1.0,10.7283,23.0971,0.1514,34.0581,884,26.18, -> vault (26.2%)
frame_000886,-1.0,9.2059,24.7887,0.1419,34.2298,884,51.6, -> vault (51.6%)
frame_000887,-1.0,11.6958,23.5192,0.2356,35.6055,884,42.6, -> vault (42.6%)
frame_000888,-1.0,10.7975,20.5704,0.1729,31.6583,884,20.3, -> vault (20.3%)
frame_000889,-1.0,13.2506,21.8144,0.1844,35.3842,884,31.89, -> vault (31.9%)
frame_000890,-1.0,10.6345,19.2044,0.1721,30.1156,884,17.51, -> vault (17.5%)
frame_000891,-1.0,12.8936,18.0473,0.1277,31.1583,799,15.08, -> sliding door (15.1%)
frame_000892,-1.0,10.5012,19.6748,0.1638,30.4576,884,11.17, -> vault (11.2%)
frame_000893,-1.0,10.9385,23.8285,0.2371,35.1807,884,15.66, -> vault (15.7%)
frame_000894,-1.0,11.3817,18.3057,0.1443,29.9449,884,12.99, -> vault (13.0%)
frame_000895,-1.0,10.7299,18.7722,0.1422,29.7501,876,16.54, -> tub (16.5%)
frame_000896,-1.0,10.8022,19.7245,0.1835,30.8285,884,29.69, -> vault (29.7%)
frame_000897,-1.0,10.2642,18.5475,0.3234,29.3907,884,11.58, -> vault (11.6%)
frame_000898,-1.0,13.4925,20.8004,0.144,34.5392,884,17.52, -> vault (17.5%)
frame_000899,-1.0,10.7191,22.7806,0.2198,33.8835,884,47.6, -> vault (47.6%)
frame_000900,-1.0,26.5746,18.501,0.0936,45.2337,884,31.89, -> vault (31.9%)
frame_000901,-1.0,10.0874,17.7425,0.125,28.0387,884,18.38, -> vault (18.4%)
frame_000902,-1.0,11.6287,18.2173,0.1778,30.144,884,16.98, -> vault (17.0%)
frame_000903,-1.0,12.4421,18.9525,0.1984,31.7213,884,24.05, -> vault (24.1%)
frame_000904,-1.0,10.749,20.172,0.2129,31.2863,876,19.84, -> tub (19.8%)
frame_000905,-1.0,10.8444,23.002,0.1861,34.1538,876,15.3, -> tub (15.3%)
frame_000906,-1.0,10.7087,19.7084,0.1999,30.7447,884,6.47, -> vault (6.5%)
frame_000907,-1.0,10.7737,20.5347,0.2699,31.744,884,9.8, -> vault (9.8%)
frame_000908,-1.0,10.5868,21.6458,0.2211,32.596,876,14.73, -> tub (14.7%)
frame_000909,-1.0,10.6178,18.8417,0.1869,29.7659,532,18.07, -> dining table (18.1%)
frame_000910,-1.0,10.6906,18.1887,0.1753,29.1753,884,11.68, -> vault (11.7%)
frame_000911,-1.0,10.7476,24.3863,0.207,35.487,435,9.78, -> bathtub (9.8%)
frame_000912,-1.0,10.1438,19.2853,0.1728,29.7199,435,11.38, -> bathtub (11.4%)
frame_000913,-1.0,10.6861,17.9894,0.1353,28.9056,876,34.45, -> tub (34.5%)
frame_000914,-1.0,16.5926,17.8321,0.1065,34.6548,884,8.31, -> vault (8.3%)
frame_000915,-1.0,11.9284,17.4179,0.0932,29.5057,435,15.8, -> bathtub (15.8%)
frame_000916,-1.0,10.2547,20.9645,0.1857,31.5546,435,12.27, -> bathtub (12.3%)
frame_000917,-1.0,12.2613,19.7775,0.152,32.2956,884,15.05, -> vault (15.0%)
frame_000918,-1.0,11.4231,19.5885,0.1815,31.3093,646,14.2, -> maze (14.2%)
frame_000919,-1.0,10.7983,20.5467,0.1798,31.6441,532,8.14, -> dining table (8.1%)
frame_000920,-1.0,13.8992,20.0205,0.1455,34.1901,884,9.01, -> vault (9.0%)
frame_000921,-1.0,11.7258,20.5951,0.1861,32.6256,884,7.85, -> vault (7.8%)
frame_000922,-1.0,10.5476,20.3487,0.1809,31.2014,789,7.62, -> shoji (7.6%)
frame_000923,-1.0,10.7048,19.2202,0.1992,30.2858,789,16.27, -> shoji (16.3%)
frame_000924,-1.0,10.5954,18.3372,0.1358,29.1652,532,32.95, -> dining table (32.9%)
frame_000925,-1.0,15.5851,19.191,0.1421,35.0131,532,23.05, -> dining table (23.1%)
frame_000926,-1.0,10.761,18.2243,0.1726,29.2643,876,9.01, -> tub (9.0%)
frame_000927,-1.0,10.6392,18.3214,0.1639,29.2313,532,10.98, -> dining table (11.0%)
frame_000928,-1.0,16.7939,20.3536,0.0992,37.3142,532,8.55, -> dining table (8.5%)
frame_000929,-1.0,14.6559,17.3221,0.1016,32.1515,799,8.99, -> sliding door (9.0%)
frame_000930,-1.0,10.1756,20.8033,0.1801,31.2825,789,7.99, -> shoji (8.0%)
frame_000931,-1.0,10.5213,20.0031,0.1854,30.8289,876,27.26, -> tub (27.3%)
frame_000932,-1.0,10.6331,19.7849,0.1556,30.6765,532,15.44, -> dining table (15.4%)
frame_000933,-1.0,13.7588,22.0071,0.1783,36.0749,435,13.79, -> bathtub (13.8%)
frame_000934,-1.0,10.6765,18.5768,0.1595,29.5211,532,21.13, -> dining table (21.1%)
frame_000935,-1.0,14.4703,19.0937,0.1355,33.7903,876,8.53, -> tub (8.5%)
frame_000936,-1.0,12.3447,24.4028,0.1976,37.0712,884,17.5, -> vault (17.5%)
frame_000937,-1.0,12.7817,20.3846,0.166,33.4476,884,19.4, -> vault (19.4%)
frame_000938,-1.0,10.6944,18.1123,0.1298,29.0222,435,24.67, -> bathtub (24.7%)
frame_000939,-1.0,15.0775,18.6418,0.1241,33.9275,435,12.57, -> bathtub (12.6%)
frame_000940,-1.0,12.0395,19.8184,0.1563,32.116,884,14.52, -> vault (14.5%)
frame_000941,-1.0,10.5842,18.8355,0.1361,29.6499,876,18.53, -> tub (18.5%)
frame_000942,-1.0,10.7169,19.6621,0.1612,30.6508,884,23.8, -> vault (23.8%)
frame_000943,-1.0,23.0355,25.0792,0.1401,48.366,532,10.76, -> dining table (10.8%)
frame_000944,-1.0,10.6738,17.867,0.0959,28.7044,884,22.85, -> vault (22.8%)
frame_000945,-1.0,10.6535,21.6363,0.1905,32.6077,884,11.68, -> vault (11.7%)
frame_000946,-1.0,10.6359,18.2472,0.1382,29.1197,799,14.69, -> sliding door (14.7%)
frame_000947,-1.0,10.8866,18.603,0.1423,29.7321,884,44.99, -> vault (45.0%)
frame_000948,-1.0,10.51,22.6197,0.2302,33.5202,884,16.01, -> vault (16.0%)
frame_000949,-1.0,12.4182,21.3386,0.1773,34.0579,884,28.1, -> vault (28.1%)
frame_000950,-1.0,10.8358,18.6956,0.1441,29.7738,884,16.26, -> vault (16.3%)
frame_000951,-1.0,13.2398,19.745,0.1499,33.2391,799,9.28, -> sliding door (9.3%)
frame_000952,-1.0,10.8627,19.8514,0.1616,30.9921,760,17.19, -> refrigerator (17.2%)
frame_000953,-1.0,10.646,24.4993,0.2458,35.5578,760,19.58, -> refrigerator (19.6%)
frame_000954,-1.0,10.7458,19.4371,0.1661,30.4582,760,20.49, -> refrigerator (20.5%)
frame_000955,-1.0,11.5756,19.2142,0.1745,31.0734,760,28.4, -> refrigerator (28.4%)
frame_000956,-1.0,10.5772,19.2561,0.1587,30.1005,760,22.87, -> refrigerator (22.9%)
frame_000957,-1.0,27.6956,20.5377,0.1028,48.4239,760,31.11, -> refrigerator (31.1%)
frame_000958,-1.0,5.5571,22.8637,0.117,28.6187,760,20.49, -> refrigerator (20.5%)
frame_000959,-1.0,10.3755,19.6023,0.2171,30.3381,760,24.47, -> refrigerator (24.5%)
frame_000960,-1.0,10.2918,18.0951,0.1632,28.6648,760,17.8, -> refrigerator (17.8%)
frame_000961,-1.0,10.6133,22.1135,0.2169,33.0888,897,28.32, -> washer (28.3%)
frame_000962,-1.0,10.8698,19.119,0.1537,30.249,827,19.22, -> stove (19.2%)
frame_000963,-1.0,11.0042,18.2059,0.1732,29.5086,827,15.61, -> stove (15.6%)
frame_000964,-1.0,9.9644,17.5939,0.3043,28.0821,827,23.28, -> stove (23.3%)
frame_000965,-1.0,10.6368,17.3195,0.135,28.187,827,30.08, -> stove (30.1%)
frame_000966,-1.0,17.031,18.2738,0.1433,35.5484,827,25.56, -> stove (25.6%)
frame_000967,-1.0,10.5761,23.3946,0.207,34.3194,412,11.66, -> ashcan (11.7%)
frame_000968,-1.0,13.3018,20.623,0.2033,34.2486,412,23.07, -> ashcan (23.1%)
frame_000969,-1.0,10.5544,17.967,0.167,28.8017,412,17.84, -> ashcan (17.8%)
frame_000970,-1.0,10.7965,18.5365,0.1815,29.6303,827,21.06, -> stove (21.1%)
frame_000971,-1.0,10.6293,19.0717,0.1326,29.9195,827,18.88, -> stove (18.9%)
frame_000972,-1.0,10.0472,17.4444,0.0987,27.6571,412,26.87, -> ashcan (26.9%)
frame_000973,-1.0,13.1688,20.9865,0.1857,34.4626,412,22.69, -> ashcan (22.7%)
frame_000974,-1.0,10.6345,18.8575,0.1464,29.7704,412,40.93, -> ashcan (40.9%)
frame_000975,-1.0,10.3876,17.8067,0.1517,28.4418,412,23.56, -> ashcan (23.6%)
frame_000976,-1.0,10.6485,20.7291,0.1659,31.679,526,13.03, -> desk (13.0%)
frame_000977,-1.0,10.4066,21.0043,0.1839,31.7137,651,12.63, -> microwave (12.6%)
frame_000978,-1.0,12.4878,18.7711,0.128,31.4743,662,29.24, -> modem (29.2%)
frame_000979,-1.0,10.9751,18.5551,0.1343,29.7577,526,17.41, -> desk (17.4%)
frame_000980,-1.0,10.6636,19.4122,0.1397,30.3113,651,29.58, -> microwave (29.6%)
frame_000981,-1.0,12.7893,18.5175,0.155,31.5532,651,23.51, -> microwave (23.5%)
frame_000982,-1.0,10.9074,17.9969,0.124,29.1116,651,24.95, -> microwave (25.0%)
frame_000983,-1.0,10.5438,19.2851,0.1564,30.0968,651,55.33, -> microwave (55.3%)
frame_000984,-1.0,10.8523,29.5204,0.3666,40.938,651,78.8, -> microwave (78.8%)
frame_000985,-1.0,10.717,17.8198,0.1405,28.7755,651,63.71, -> microwave (63.7%)
frame_000986,-1.0,20.0569,20.0955,0.0929,40.3106,651,46.03, -> microwave (46.0%)
frame_000987,-1.0,10.0855,22.4266,0.163,32.7914,651,46.89, -> microwave (46.9%)
frame_000988,-1.0,10.4929,21.3522,0.2087,32.1967,598,16.72, -> home theater (16.7%)
frame_000989,-1.0,10.6898,20.0205,0.1377,30.9401,526,17.03, -> desk (17.0%)
frame_000990,-1.0,10.4195,18.6937,0.1593,29.3717,526,12.75, -> desk (12.8%)
frame_000991,-1.0,10.5147,19.4323,0.1278,30.1619,526,17.1, -> desk (17.1%)
frame_000992,-1.0,10.7483,20.0433,0.1248,31.0033,598,29.57, -> home theater (29.6%)
frame_000993,-1.0,10.5024,18.8243,0.1205,29.53,598,9.56, -> home theater (9.6%)
frame_000994,-1.0,11.2211,19.7941,0.1141,31.2096,598,15.27, -> home theater (15.3%)
frame_000995,-1.0,10.4717,21.3204,0.147,32.0417,598,28.0, -> home theater (28.0%)
frame_000996,-1.0,10.6624,26.3779,0.2287,37.432,598,17.29, -> home theater (17.3%)
frame_000997,-1.0,10.7118,18.5783,0.115,29.4788,526,33.55, -> desk (33.5%)
frame_000998,-1.0,10.6763,21.6745,0.1354,32.5771,526,11.87, -> desk (11.9%)
frame_000999,-1.0,10.4303,24.5245,0.1866,35.2692,526,18.85, -> desk (18.9%)
frame_001000,-1.0,19.5463,19.4986,0.1053,39.2188,526,17.55, -> desk (17.5%)
frame_001001,-1.0,10.3167,17.4217,0.0925,27.8987,526,38.23, -> desk (38.2%)
frame_001002,-1.0,10.0438,25.2801,0.2459,35.7108,526,53.71, -> desk (53.7%)
frame_001003,-1.0,10.8261,20.7169,0.1379,31.7709,526,53.39, -> desk (53.4%)
frame_001004,-1.0,10.527,18.1097,0.1151,28.8282,526,42.27, -> desk (42.3%)
frame_001005,-1.0,10.8368,18.7643,0.1153,29.7929,526,49.8, -> desk (49.8%)
frame_001006,-1.0,10.6624,17.4777,0.108,28.3198,526,44.5, -> desk (44.5%)
frame_001007,-1.0,10.3691,19.192,0.1252,29.783,526,28.02, -> desk (28.0%)
frame_001008,-1.0,10.5929,18.9507,0.1416,29.7674,526,46.71, -> desk (46.7%)
frame_001009,-1.0,26.0431,20.764,0.1217,47.0283,526,32.88, -> desk (32.9%)
frame_001010,-1.0,10.5681,19.361,0.1026,30.1144,526,18.3, -> desk (18.3%)
frame_001011,-1.0,10.6418,18.3847,0.1081,29.2145,526,27.9, -> desk (27.9%)
frame_001012,-1.0,10.5244,22.8695,0.1589,33.6666,526,40.24, -> desk (40.2%)
frame_001013,-1.0,10.6404,20.6296,0.1344,31.4955,526,45.2, -> desk (45.2%)
frame_001014,-1.0,24.8195,20.7279,0.1059,45.7202,526,45.11, -> desk (45.1%)
frame_001015,-1.0,8.4244,22.2492,0.0999,30.8414,526,57.05, -> desk (57.1%)
frame_001016,-1.0,9.9754,19.3418,0.196,29.6439,526,75.03, -> desk (75.0%)
frame_001017,-1.0,10.344,18.7153,0.2178,29.4247,526,52.37, -> desk (52.4%)
frame_001018,-1.0,11.4058,21.5043,0.1466,33.1427,526,49.35, -> desk (49.3%)
frame_001019,-1.0,10.6422,20.7806,0.1246,31.6286,526,40.25, -> desk (40.2%)
frame_001020,-1.0,10.8813,21.1094,0.1592,32.259,632,28.3, -> loudspeaker (28.3%)
frame_001021,-1.0,11.7244,18.9542,0.1352,30.9053,526,45.5, -> desk (45.5%)
frame_001022,-1.0,11.0,18.8111,0.1353,30.0382,526,67.8, -> desk (67.8%)
frame_001023,-1.0,10.5328,19.8279,0.1519,30.6277,526,39.21, -> desk (39.2%)
frame_001024,-1.0,10.6338,19.438,0.1448,30.3098,526,47.89, -> desk (47.9%)
frame_001025,-1.0,10.9802,21.5303,0.1691,32.7944,526,51.53, -> desk (51.5%)
frame_001026,-1.0,11.2877,18.3005,0.1137,29.7725,526,52.08, -> desk (52.1%)
frame_001027,-1.0,13.0637,17.7683,0.0988,30.9993,526,42.35, -> desk (42.4%)
frame_001028,-1.0,10.5423,19.0062,0.2454,29.9398,526,62.41, -> desk (62.4%)
frame_001029,-1.0,21.7053,18.0437,0.0976,39.9137,526,53.76, -> desk (53.8%)
frame_001030,-1.0,10.2685,18.3648,0.1766,28.9313,526,38.86, -> desk (38.9%)
frame_001031,-1.0,10.372,18.7474,0.1136,29.3115,526,50.66, -> desk (50.7%)
frame_001032,-1.0,10.4266,21.1901,0.1435,31.8543,526,28.43, -> desk (28.4%)
frame_001033,-1.0,10.901,19.8076,0.1107,30.8991,526,46.81, -> desk (46.8%)
frame_001034,-1.0,10.634,20.6127,0.1279,31.4605,526,50.25, -> desk (50.3%)
frame_001035,-1.0,14.8077,20.8008,0.1316,35.8265,526,46.52, -> desk (46.5%)
frame_001036,-1.0,10.8594,19.7355,0.1232,30.801,526,32.63, -> desk (32.6%)
frame_001037,-1.0,10.3215,20.6294,0.1273,31.1624,526,28.82, -> desk (28.8%)
frame_001038,-1.0,15.3186,20.4245,0.1259,35.9532,526,40.67, -> desk (40.7%)
frame_001039,-1.0,12.7868,17.6832,0.1128,30.6588,742,32.13, -> printer (32.1%)
frame_001040,-1.0,10.515,18.3884,0.1624,29.2093,742,38.29, -> printer (38.3%)
frame_001041,-1.0,10.6396,19.6869,0.1632,30.605,742,51.63, -> printer (51.6%)
frame_001042,-1.0,10.6919,19.6396,0.1963,30.6823,526,31.34, -> desk (31.3%)
frame_001043,-1.0,40.8994,19.4948,0.1223,60.5952,526,28.72, -> desk (28.7%)
frame_001044,-1.0,7.1784,20.6076,0.1358,28.0117,526,25.15, -> desk (25.2%)
frame_001045,-1.0,10.3283,18.3448,0.1703,28.9837,526,26.19, -> desk (26.2%)
frame_001046,-1.0,10.7141,19.5962,0.1512,30.5595,526,25.89, -> desk (25.9%)
frame_001047,-1.0,12.1633,20.9638,0.2192,33.491,526,32.86, -> desk (32.9%)
frame_001048,-1.0,10.7143,18.1783,0.1725,29.1851,742,62.79, -> printer (62.8%)
frame_001049,-1.0,10.5424,18.6331,0.1486,29.4224,742,54.6, -> printer (54.6%)
frame_001050,-1.0,14.6801,21.1898,0.2034,36.2009,742,71.33, -> printer (71.3%)
frame_001051,-1.0,10.5617,19.8202,0.2106,30.7283,742,54.3, -> printer (54.3%)
frame_001052,-1.0,10.5433,17.3892,0.1535,28.1912,742,48.4, -> printer (48.4%)
frame_001053,-1.0,10.8194,20.9945,0.2126,32.1566,742,45.82, -> printer (45.8%)
frame_001054,-1.0,10.743,21.1977,0.1936,32.2621,742,40.11, -> printer (40.1%)
frame_001055,-1.0,10.7547,18.9976,0.1661,30.0286,742,39.64, -> printer (39.6%)
frame_001056,-1.0,10.6669,22.1079,0.2107,33.127,742,42.33, -> printer (42.3%)
frame_001057,-1.0,28.8485,23.194,0.0968,52.2102,742,40.76, -> printer (40.8%)
frame_001058,-1.0,12.7442,19.3941,0.1042,32.3128,742,33.61, -> printer (33.6%)
frame_001059,-1.0,10.0359,17.9532,0.154,28.2472,742,40.24, -> printer (40.2%)
frame_001060,-1.0,10.4539,22.0765,0.2208,32.8914,742,27.63, -> printer (27.6%)
frame_001061,-1.0,10.5367,23.0333,0.2122,33.9423,742,28.97, -> printer (29.0%)
frame_001062,-1.0,10.6452,18.7699,0.1747,29.7085,742,37.3, -> printer (37.3%)
frame_001063,-1.0,10.882,18.7895,0.1348,29.8955,742,28.83, -> printer (28.8%)
frame_001064,-1.0,10.4597,18.4188,0.1632,29.1407,742,31.96, -> printer (32.0%)
frame_001065,-1.0,11.0005,17.9798,0.1347,29.2255,742,27.92, -> printer (27.9%)
frame_001066,-1.0,10.6746,26.9143,0.2527,38.0075,742,23.57, -> printer (23.6%)
frame_001067,-1.0,10.4809,17.8738,0.1244,28.5678,742,22.27, -> printer (22.3%)
frame_001068,-1.0,12.4819,21.5351,0.1432,34.2698,742,38.61, -> printer (38.6%)
frame_001069,-1.0,10.5928,20.2856,0.1662,31.16,742,37.27, -> printer (37.3%)
frame_001070,-1.0,10.3242,20.2072,0.1972,30.8526,742,38.44, -> printer (38.4%)
frame_001071,-1.0,12.1861,18.7976,0.2193,31.3263,742,41.58, -> printer (41.6%)
frame_001072,-1.0,20.4625,19.3467,0.1461,40.0436,742,41.34, -> printer (41.3%)
frame_001073,-1.0,10.6692,18.1577,0.1318,29.0748,742,41.03, -> printer (41.0%)
frame_001074,-1.0,10.5076,18.843,0.1445,29.5921,742,39.0, -> printer (39.0%)
frame_001075,-1.0,10.7644,19.9815,0.1767,31.0383,742,42.62, -> printer (42.6%)
frame_001076,-1.0,10.6272,18.5256,0.1305,29.3916,742,43.03, -> printer (43.0%)
frame_001077,-1.0,10.5807,19.3945,0.1463,30.2194,742,32.96, -> printer (33.0%)
frame_001078,-1.0,10.3066,20.4557,0.1923,31.078,742,25.82, -> printer (25.8%)
frame_001079,-1.0,10.7398,20.0328,0.1772,31.0747,742,29.14, -> printer (29.1%)
frame_001080,-1.0,10.5361,17.9046,0.1308,28.6609,742,22.96, -> printer (23.0%)
frame_001081,-1.0,10.9771,19.4611,0.1497,30.7254,526,14.31, -> desk (14.3%)
frame_001082,-1.0,10.1326,19.5794,0.1679,29.9778,742,24.58, -> printer (24.6%)
frame_001083,-1.0,10.6622,18.76,0.1531,29.6703,742,18.26, -> printer (18.3%)
frame_001084,-1.0,11.3192,21.0151,0.1742,32.6273,742,32.91, -> printer (32.9%)
frame_001085,-1.0,10.7618,19.9643,0.2205,31.114,742,19.99, -> printer (20.0%)
frame_001086,-1.0,40.7385,21.7892,0.0951,62.6894,742,21.94, -> printer (21.9%)
frame_001087,-1.0,10.1831,18.5812,0.1117,28.9491,742,22.06, -> printer (22.1%)
frame_001088,-1.0,16.8023,20.3897,0.1417,37.4246,742,78.39, -> printer (78.4%)
frame_001089,-1.0,10.6042,25.2683,0.2105,36.2247,742,47.44, -> printer (47.4%)
frame_001090,-1.0,10.986,18.8256,0.1322,30.0337,526,48.53, -> desk (48.5%)
frame_001091,-1.0,11.0147,18.6535,0.1335,29.8916,742,33.2, -> printer (33.2%)
frame_001092,-1.0,10.5012,18.935,0.1382,29.6692,526,30.23, -> desk (30.2%)
frame_001093,-1.0,11.6537,19.3038,0.1297,31.1918,526,27.78, -> desk (27.8%)
frame_001094,-1.0,12.6191,18.9093,0.1297,31.7471,526,24.51, -> desk (24.5%)
frame_001095,-1.0,10.5013,19.0937,0.1351,29.8404,526,27.42, -> desk (27.4%)
frame_001096,-1.0,15.5596,17.3044,0.1204,33.0671,526,18.06, -> desk (18.1%)
frame_001097,-1.0,10.631,21.6896,0.1866,32.6351,526,18.07, -> desk (18.1%)
frame_001098,-1.0,10.4636,19.1803,0.1612,29.9177,548,25.88, -> entertainment center (25.9%)
frame_001099,-1.0,10.6772,22.5278,0.1851,33.5145,526,18.66, -> desk (18.7%)
frame_001100,-1.0,31.6491,19.9556,0.1084,51.7812,548,20.06, -> entertainment center (20.1%)
frame_001101,-1.0,5.5335,17.1495,0.1034,22.8586,548,25.33, -> entertainment center (25.3%)
frame_001102,-1.0,10.1848,19.0331,0.1256,29.4301,548,24.64, -> entertainment center (24.6%)
frame_001103,-1.0,10.4393,19.4889,0.1242,30.1381,548,26.59, -> entertainment center (26.6%)
frame_001104,-1.0,10.2617,18.158,0.112,28.6096,548,33.02, -> entertainment center (33.0%)
frame_001105,-1.0,10.5639,19.3036,0.1165,30.0656,548,36.54, -> entertainment center (36.5%)
frame_001106,-1.0,10.3292,19.4624,0.1281,30.0059,548,27.97, -> entertainment center (28.0%)
frame_001107,-1.0,10.6127,20.165,0.1358,31.0032,526,42.53, -> desk (42.5%)
frame_001108,-1.0,10.7158,17.5933,0.0967,28.4737,526,33.22, -> desk (33.2%)
frame_001109,-1.0,10.4329,19.8827,0.1463,30.5566,526,43.74, -> desk (43.7%)
frame_001110,-1.0,11.4824,19.4663,0.1715,31.2194,526,52.36, -> desk (52.4%)
frame_001111,-1.0,10.1814,19.0526,0.1365,29.465,526,60.94, -> desk (60.9%)
frame_001112,-1.0,10.8032,20.3553,0.1636,31.4204,526,40.4, -> desk (40.4%)
frame_001113,-1.0,10.4826,19.2809,0.1371,29.9944,526,16.09, -> desk (16.1%)
frame_001114,-1.0,45.4186,18.5566,0.0984,64.1341,526,32.08, -> desk (32.1%)
frame_001115,-1.0,25.0078,17.6887,0.0884,42.8458,526,46.93, -> desk (46.9%)
frame_001116,-1.0,10.4523,18.7722,0.1171,29.4226,526,60.0, -> desk (60.0%)
frame_001117,-1.0,10.3241,21.0864,0.1817,31.708,526,61.08, -> desk (61.1%)
frame_001118,-1.0,13.3052,21.1481,0.1611,34.7248,598,17.95, -> home theater (18.0%)
frame_001119,-1.0,10.6722,17.5606,0.1199,28.4369,827,25.01, -> stove (25.0%)
frame_001120,-1.0,10.4059,22.1682,0.2032,32.9047,548,15.36, -> entertainment center (15.4%)
frame_001121,-1.0,10.7566,18.2984,0.1306,29.2748,526,30.21, -> desk (30.2%)
frame_001122,-1.0,10.8616,18.5458,0.124,29.618,526,19.74, -> desk (19.7%)
frame_001123,-1.0,11.7125,19.8171,0.1425,31.7699,526,26.99, -> desk (27.0%)
frame_001124,-1.0,10.4856,20.5741,0.1594,31.3272,526,31.45, -> desk (31.4%)
frame_001125,-1.0,10.5651,18.977,0.1436,29.78,632,20.91, -> loudspeaker (20.9%)
frame_001126,-1.0,10.7717,18.3845,0.143,29.3928,632,18.47, -> loudspeaker (18.5%)
frame_001127,-1.0,10.8231,20.3519,0.1594,31.4441,526,21.54, -> desk (21.5%)
frame_001128,-1.0,10.6464,20.7939,0.1864,31.7347,526,19.18, -> desk (19.2%)
frame_001129,-1.0,50.6313,45.0097,0.2733,96.1231,526,30.75, -> desk (30.8%)
frame_001130,-1.0,12.18,18.9492,0.1503,31.3882,526,23.98, -> desk (24.0%)
frame_001131,-1.0,10.8789,19.9376,0.1294,31.0347,827,15.89, -> stove (15.9%)
frame_001132,-1.0,17.3266,17.6266,0.1009,35.1259,526,37.44, -> desk (37.4%)
frame_001133,-1.0,10.9163,19.9691,0.1523,31.1385,526,48.18, -> desk (48.2%)
frame_001134,-1.0,16.3838,21.5972,0.1727,38.2727,526,41.02, -> desk (41.0%)
frame_001135,-1.0,10.7202,18.5292,0.1253,29.4605,526,53.11, -> desk (53.1%)
frame_001136,-1.0,10.5913,20.3897,0.1357,31.2044,526,45.77, -> desk (45.8%)
frame_001137,-1.0,10.5067,18.2367,0.1011,28.9205,526,48.05, -> desk (48.0%)
frame_001138,-1.0,10.4935,22.2414,0.1551,32.9944,526,32.7, -> desk (32.7%)
frame_001139,-1.0,10.5762,20.8477,0.1258,31.6503,553,21.88, -> file (21.9%)
frame_001140,-1.0,10.4428,22.9018,0.1651,33.6191,526,19.76, -> desk (19.8%)
frame_001141,-1.0,22.21,23.3189,0.1071,45.7071,894,18.47, -> wardrobe (18.5%)
frame_001142,-1.0,10.7128,17.9167,0.0922,28.7913,553,18.4, -> file (18.4%)
frame_001143,-1.0,15.4837,17.8584,0.1106,33.5234,827,21.65, -> stove (21.7%)
frame_001144,-1.0,5.7136,17.4431,0.1034,23.3322,827,16.27, -> stove (16.3%)
frame_001145,-1.0,10.067,19.7963,0.1564,30.1118,827,30.72, -> stove (30.7%)
frame_001146,-1.0,10.4667,21.1178,0.1338,31.8075,827,19.77, -> stove (19.8%)
frame_001147,-1.0,10.538,18.391,0.105,29.1116,553,20.8, -> file (20.8%)
frame_001148,-1.0,10.4676,19.6234,0.1233,30.299,526,22.69, -> desk (22.7%)
frame_001149,-1.0,9.9731,24.8153,0.2361,35.1702,827,14.69, -> stove (14.7%)
frame_001150,-1.0,10.7356,20.0245,0.1198,30.9648,827,28.39, -> stove (28.4%)
frame_001151,-1.0,10.4845,19.2489,0.1198,29.9353,827,36.48, -> stove (36.5%)
frame_001152,-1.0,10.205,19.2511,0.1459,29.6888,827,22.38, -> stove (22.4%)
frame_001153,-1.0,10.4053,18.4526,0.1063,29.0365,827,27.69, -> stove (27.7%)
frame_001154,-1.0,10.8916,17.3256,0.0934,28.3829,827,30.77, -> stove (30.8%)
frame_001155,-1.0,10.4371,19.9703,0.1242,30.6321,827,37.68, -> stove (37.7%)
frame_001156,-1.0,10.6083,20.1326,0.1258,30.9523,827,31.37, -> stove (31.4%)
frame_001157,-1.0,36.4955,18.4122,0.0969,55.0731,827,31.92, -> stove (31.9%)
frame_001158,-1.0,23.4878,19.8086,0.1027,43.4702,827,36.56, -> stove (36.6%)
frame_001159,-1.0,10.4636,19.1648,0.134,29.8557,827,27.3, -> stove (27.3%)
frame_001160,-1.0,10.656,22.1824,0.197,33.16,827,20.89, -> stove (20.9%)
frame_001161,-1.0,10.4655,20.2556,0.1495,30.9749,827,28.38, -> stove (28.4%)
frame_001162,-1.0,10.4234,18.435,0.1199,29.0684,827,21.79, -> stove (21.8%)
frame_001163,-1.0,12.2919,20.8325,0.1594,33.3906,827,29.35, -> stove (29.4%)
frame_001164,-1.0,14.9731,18.4225,0.1225,33.5981,827,26.21, -> stove (26.2%)
frame_001165,-1.0,15.2866,19.7749,0.1347,35.2851,827,45.28, -> stove (45.3%)
frame_001166,-1.0,11.3221,18.1941,0.119,29.7178,827,31.72, -> stove (31.7%)
frame_001167,-1.0,10.6394,18.5669,0.1337,29.4308,827,27.63, -> stove (27.6%)
frame_001168,-1.0,10.6011,22.6636,0.2083,33.6149,827,22.09, -> stove (22.1%)
frame_001169,-1.0,10.5347,18.363,0.1442,29.142,760,20.58, -> refrigerator (20.6%)
frame_001170,-1.0,10.5599,18.3216,0.1847,29.2006,827,27.99, -> stove (28.0%)
frame_001171,-1.0,10.5825,22.6793,0.1338,33.4838,827,19.24, -> stove (19.2%)
frame_001172,-1.0,9.2514,20.0867,0.113,29.5186,412,18.44, -> ashcan (18.4%)
frame_001173,-1.0,10.0871,18.0488,0.1612,28.3951,827,30.79, -> stove (30.8%)
frame_001174,-1.0,10.2762,20.7342,0.186,31.3223,827,33.67, -> stove (33.7%)
frame_001175,-1.0,10.3874,22.1004,0.1529,32.7459,827,20.59, -> stove (20.6%)
frame_001176,-1.0,10.7385,18.5327,0.1081,29.4562,827,16.66, -> stove (16.7%)
frame_001177,-1.0,10.4873,19.1358,0.1114,29.8137,827,16.83, -> stove (16.8%)
frame_001178,-1.0,10.5241,24.108,0.1746,34.9257,827,16.74, -> stove (16.7%)
frame_001179,-1.0,10.8631,18.116,0.1028,29.1529,827,38.17, -> stove (38.2%)
frame_001180,-1.0,10.5302,18.5764,0.1049,29.285,827,47.53, -> stove (47.5%)
frame_001181,-1.0,10.6665,19.2338,0.106,30.0865,827,43.85, -> stove (43.9%)
frame_001182,-1.0,10.4927,25.217,0.1783,36.0144,827,33.71, -> stove (33.7%)
frame_001183,-1.0,10.7548,18.2697,0.1004,29.1968,827,30.41, -> stove (30.4%)
frame_001184,-1.0,10.6077,18.1067,0.0986,28.8881,827,31.48, -> stove (31.5%)
frame_001185,-1.0,10.5892,18.3402,0.1069,29.1107,827,36.54, -> stove (36.5%)
frame_001186,-1.0,16.744,18.4253,0.0923,35.3272,827,48.94, -> stove (48.9%)
frame_001187,-1.0,12.9824,22.5271,0.2135,35.8733,827,43.23, -> stove (43.2%)
frame_001188,-1.0,10.8543,19.7551,0.1162,30.8057,598,22.24, -> home theater (22.2%)
frame_001189,-1.0,10.3342,18.8865,0.1153,29.4304,827,24.15, -> stove (24.2%)
frame_001190,-1.0,10.5165,21.8027,0.1562,32.5685,827,26.77, -> stove (26.8%)
frame_001191,-1.0,10.4128,18.3025,0.1043,28.8972,827,25.93, -> stove (25.9%)
frame_001192,-1.0,10.5081,18.4701,0.1057,29.1591,827,14.94, -> stove (14.9%)
frame_001193,-1.0,30.47,18.9665,0.0885,49.5918,827,26.1, -> stove (26.1%)
frame_001194,-1.0,10.7428,17.4011,0.0929,28.2998,760,16.48, -> refrigerator (16.5%)
frame_001195,-1.0,10.3228,18.62,0.1081,29.1322,556,15.28, -> fire screen (15.3%)
frame_001196,-1.0,11.8403,22.5543,0.1443,34.6445,851,47.88, -> television (47.9%)
frame_001197,-1.0,10.5051,19.3572,0.1175,30.0635,851,56.48, -> television (56.5%)
frame_001198,-1.0,10.6274,18.1111,0.0986,28.9111,851,56.38, -> television (56.4%)
frame_001199,-1.0,10.5584,18.217,0.1109,28.9635,851,19.61, -> television (19.6%)
frame_001200,-1.0,28.641,20.8438,0.1054,49.6609,760,13.71, -> refrigerator (13.7%)
frame_001201,-1.0,6.104,20.2944,0.0874,26.551,897,26.68, -> washer (26.7%)
frame_001202,-1.0,19.434,18.8883,0.1083,38.5122,760,40.76, -> refrigerator (40.8%)
frame_001203,-1.0,10.8051,20.3388,0.1445,31.3857,897,20.12, -> washer (20.1%)
frame_001204,-1.0,10.9146,23.472,0.2102,34.7609,760,26.28, -> refrigerator (26.3%)
frame_001205,-1.0,10.7467,17.8634,0.1013,28.784,760,28.19, -> refrigerator (28.2%)
frame_001206,-1.0,10.5715,20.0748,0.1242,30.8577,897,29.09, -> washer (29.1%)
frame_001207,-1.0,10.5546,18.4958,0.1127,29.239,760,23.75, -> refrigerator (23.7%)
frame_001208,-1.0,11.8394,17.7295,0.1194,29.7661,760,26.31, -> refrigerator (26.3%)
frame_001209,-1.0,10.572,20.5997,0.1517,31.4576,827,14.79, -> stove (14.8%)
frame_001210,-1.0,10.7156,18.5935,0.124,29.5215,760,28.23, -> refrigerator (28.2%)
frame_001211,-1.0,10.1764,17.3417,0.1228,27.7232,760,44.58, -> refrigerator (44.6%)
frame_001212,-1.0,10.7446,25.2346,0.2433,36.3726,760,43.52, -> refrigerator (43.5%)
frame_001213,-1.0,10.5338,20.7033,0.1719,31.5133,760,33.61, -> refrigerator (33.6%)
frame_001214,-1.0,10.6371,18.6124,0.2037,29.5889,760,22.41, -> refrigerator (22.4%)
frame_001215,-1.0,17.7143,17.5221,0.0938,35.3945,760,33.2, -> refrigerator (33.2%)
frame_001216,-1.0,10.4618,20.8115,0.1508,31.5272,760,35.54, -> refrigerator (35.5%)
frame_001217,-1.0,10.6812,19.0135,0.1365,29.9244,760,24.85, -> refrigerator (24.8%)
frame_001218,-1.0,10.671,17.7546,0.124,28.6417,760,53.82, -> refrigerator (53.8%)
frame_001219,-1.0,10.766,19.1346,0.1369,30.1294,760,49.4, -> refrigerator (49.4%)
frame_001220,-1.0,10.7445,18.891,0.1316,29.8555,760,52.17, -> refrigerator (52.2%)
frame_001221,-1.0,10.5525,19.1194,0.1537,29.9193,760,54.12, -> refrigerator (54.1%)
frame_001222,-1.0,10.8403,24.8804,0.2411,36.1212,760,49.84, -> refrigerator (49.8%)
frame_001223,-1.0,10.6135,19.6108,0.1452,30.4635,760,44.03, -> refrigerator (44.0%)
frame_001224,-1.0,12.7491,19.5219,0.1538,32.5293,760,34.28, -> refrigerator (34.3%)
frame_001225,-1.0,10.5997,18.0596,0.1387,28.8911,760,23.69, -> refrigerator (23.7%)
frame_001226,-1.0,10.5896,18.8501,0.1475,29.6893,897,39.29, -> washer (39.3%)
frame_001227,-1.0,10.7767,18.4761,0.1513,29.5138,760,34.99, -> refrigerator (35.0%)
frame_001228,-1.0,10.7534,19.3918,0.146,30.3978,897,54.53, -> washer (54.5%)
frame_001229,-1.0,57.3257,19.2376,0.1081,76.7287,760,47.89, -> refrigerator (47.9%)
frame_001230,-1.0,11.9119,19.0935,0.111,31.1946,760,43.29, -> refrigerator (43.3%)
frame_001231,-1.0,10.7961,19.9411,0.155,30.9956,760,57.36, -> refrigerator (57.4%)
frame_001232,-1.0,10.6538,18.8046,0.192,29.7739,760,58.07, -> refrigerator (58.1%)
frame_001233,-1.0,11.7079,17.6848,0.1585,29.6569,760,49.81, -> refrigerator (49.8%)
frame_001234,-1.0,10.5632,18.1449,0.1556,28.9776,827,25.13, -> stove (25.1%)
frame_001235,-1.0,10.2087,20.2253,0.1934,30.7583,412,26.8, -> ashcan (26.8%)
frame_001236,-1.0,10.6968,18.2759,0.1389,29.2048,884,10.46, -> vault (10.5%)
frame_001237,-1.0,10.7255,18.8549,0.1623,29.8655,884,9.71, -> vault (9.7%)
frame_001238,-1.0,12.7578,19.4524,0.1432,32.4517,884,28.11, -> vault (28.1%)
frame_001239,-1.0,10.8997,18.3034,0.1622,29.4924,884,19.63, -> vault (19.6%)
frame_001240,-1.0,10.6491,19.0276,0.1803,29.9888,646,58.19, -> maze (58.2%)
frame_001241,-1.0,10.5968,19.7105,0.1955,30.6301,884,36.3, -> vault (36.3%)
frame_001242,-1.0,10.5692,19.2564,0.1526,30.0878,799,27.23, -> sliding door (27.2%)
frame_001243,-1.0,29.6999,20.7227,0.1311,50.6471,799,52.22, -> sliding door (52.2%)
frame_001244,-1.0,9.1343,18.0717,0.1009,27.3735,799,34.94, -> sliding door (34.9%)
frame_001245,-1.0,10.064,18.5112,0.1632,28.8776,799,55.23, -> sliding door (55.2%)
frame_001246,-1.0,10.4336,19.3343,0.1964,30.1016,799,54.37, -> sliding door (54.4%)
frame_001247,-1.0,10.5132,24.9338,0.244,35.8554,799,52.48, -> sliding door (52.5%)
frame_001248,-1.0,10.4184,18.035,0.144,28.6962,894,19.13, -> wardrobe (19.1%)
frame_001249,-1.0,10.7002,19.3839,0.1524,30.3556,799,16.77, -> sliding door (16.8%)
frame_001250,-1.0,12.7107,18.544,0.1366,31.4943,799,19.87, -> sliding door (19.9%)
frame_001251,-1.0,10.6171,19.1628,0.1418,30.0207,532,13.71, -> dining table (13.7%)
frame_001252,-1.0,13.378,18.5425,0.1615,32.1714,799,61.41, -> sliding door (61.4%)
frame_001253,-1.0,11.4759,17.8594,0.1032,29.5095,799,41.18, -> sliding door (41.2%)
frame_001254,-1.0,10.8038,20.5714,0.1669,31.6546,799,42.68, -> sliding door (42.7%)
frame_001255,-1.0,10.567,17.7514,0.1313,28.5376,799,49.45, -> sliding door (49.4%)
frame_001256,-1.0,10.6901,18.0986,0.1365,29.0189,799,36.4, -> sliding door (36.4%)
frame_001257,-1.0,10.3404,19.4584,0.2089,30.1416,799,17.37, -> sliding door (17.4%)
frame_001258,-1.0,23.3532,17.1489,0.1021,40.67,799,24.79, -> sliding door (24.8%)
frame_001259,-1.0,10.3538,18.1417,0.1259,28.7084,799,28.62, -> sliding door (28.6%)
frame_001260,-1.0,14.539,19.0439,0.1352,33.8173,799,21.84, -> sliding door (21.8%)
frame_001261,-1.0,12.3664,20.0232,0.1543,32.656,799,27.54, -> sliding door (27.5%)
frame_001262,-1.0,10.7479,19.3559,0.1509,30.359,799,16.19, -> sliding door (16.2%)
frame_001263,-1.0,10.5834,21.2402,0.1448,32.0671,884,18.42, -> vault (18.4%)
frame_001264,-1.0,10.6494,18.7167,0.1152,29.5616,799,25.95, -> sliding door (25.9%)
frame_001265,-1.0,10.7506,18.6516,0.1119,29.597,799,30.14, -> sliding door (30.1%)
frame_001266,-1.0,10.6621,20.8626,0.128,31.7459,799,20.75, -> sliding door (20.8%)
frame_001267,-1.0,10.7463,18.56,0.122,29.5042,799,28.53, -> sliding door (28.5%)
frame_001268,-1.0,10.3025,17.7783,0.102,28.2554,532,10.61, -> dining table (10.6%)
frame_001269,-1.0,10.5311,22.0969,0.156,32.8887,799,21.85, -> sliding door (21.8%)
frame_001270,-1.0,13.5814,20.5488,0.1242,34.3405,799,23.6, -> sliding door (23.6%)
frame_001271,-1.0,12.4395,18.7632,0.1048,31.3863,799,28.5, -> sliding door (28.5%)
frame_001272,-1.0,19.3513,18.2857,0.1044,37.8131,894,29.15, -> wardrobe (29.1%)
frame_001273,-1.0,13.6341,19.2365,0.1169,33.0651,799,36.33, -> sliding door (36.3%)
frame_001274,-1.0,10.044,24.2156,0.2861,34.7846,799,25.89, -> sliding door (25.9%)
frame_001275,-1.0,11.4072,18.5348,0.1195,30.1391,884,18.55, -> vault (18.6%)
frame_001276,-1.0,10.365,18.6184,0.1092,29.1664,884,11.33, -> vault (11.3%)
frame_001277,-1.0,10.5191,19.119,0.108,29.8264,884,11.46, -> vault (11.5%)
frame_001278,-1.0,10.2532,19.5389,0.1275,30.0061,532,14.86, -> dining table (14.9%)
frame_001279,-1.0,11.2823,18.0912,0.1066,29.5514,646,10.84, -> maze (10.8%)
frame_001280,-1.0,10.3523,18.7463,0.1151,29.3092,799,13.26, -> sliding door (13.3%)
frame_001281,-1.0,10.6189,18.2428,0.0996,29.0323,799,19.69, -> sliding door (19.7%)
frame_001282,-1.0,10.4341,17.7193,0.1047,28.3444,646,15.64, -> maze (15.6%)
frame_001283,-1.0,10.5711,18.497,0.1015,29.2428,799,23.37, -> sliding door (23.4%)
frame_001284,-1.0,14.2607,18.5294,0.1023,32.9642,799,35.6, -> sliding door (35.6%)
frame_001285,-1.0,12.0513,20.088,0.1409,32.3724,646,17.3, -> maze (17.3%)
frame_001286,-1.0,20.7387,20.3807,0.1152,41.3116,799,33.28, -> sliding door (33.3%)
frame_001287,-1.0,17.1917,20.9993,0.1073,38.3837,799,31.83, -> sliding door (31.8%)
frame_001288,-1.0,10.0623,18.428,0.1177,28.6882,799,32.73, -> sliding door (32.7%)
frame_001289,-1.0,13.5352,21.3186,0.1327,35.076,799,22.04, -> sliding door (22.0%)
frame_001290,-1.0,13.3936,18.9499,0.107,32.5269,799,20.86, -> sliding door (20.9%)
frame_001291,-1.0,10.6708,19.195,0.1132,30.0567,799,38.02, -> sliding door (38.0%)
frame_001292,-1.0,10.397,21.5535,0.1356,32.1793,646,47.85, -> maze (47.9%)
frame_001293,-1.0,10.8857,18.116,0.0978,29.1738,799,18.84, -> sliding door (18.8%)
frame_001294,-1.0,10.5713,18.4172,0.1081,29.1716,799,35.54, -> sliding door (35.5%)
frame_001295,-1.0,13.3482,18.4883,0.1123,32.0229,646,16.08, -> maze (16.1%)
frame_001296,-1.0,10.5453,22.8152,0.1594,33.6295,646,60.5, -> maze (60.5%)
frame_001297,-1.0,10.6125,18.2973,0.118,29.1022,646,23.92, -> maze (23.9%)
frame_001298,-1.0,10.4604,18.6816,0.1081,29.3263,831,15.71, -> studio couch (15.7%)
frame_001299,-1.0,10.5931,18.6738,0.1056,29.4462,598,12.81, -> home theater (12.8%)
frame_001300,-1.0,10.6702,19.3181,0.1317,30.227,750,23.26, -> quilt (23.3%)
frame_001301,-1.0,18.1381,20.9218,0.0993,39.2299,750,13.53, -> quilt (13.5%)
frame_001302,-1.0,10.0012,19.9119,0.1023,30.0828,884,7.49, -> vault (7.5%)
frame_001303,-1.0,10.7581,18.387,0.1066,29.3259,750,9.82, -> quilt (9.8%)
frame_001304,-1.0,9.016,19.5628,0.1723,28.8395,799,4.44, -> sliding door (4.4%)
frame_001305,-1.0,12.9601,19.7053,0.094,32.8118,884,7.02, -> vault (7.0%)
frame_001306,-1.0,11.2488,17.5639,0.0946,28.9751,894,16.59, -> wardrobe (16.6%)
frame_001307,-1.0,10.4869,20.6301,0.179,31.4227,789,14.77, -> shoji (14.8%)
frame_001308,-1.0,10.5303,19.2944,0.1209,30.0341,894,33.97, -> wardrobe (34.0%)
frame_001309,-1.0,10.5552,23.3221,0.1676,34.1634,876,15.29, -> tub (15.3%)
frame_001310,-1.0,15.0693,18.2406,0.106,33.4895,789,17.68, -> shoji (17.7%)
frame_001311,-1.0,11.1411,20.7497,0.1256,32.1106,789,14.78, -> shoji (14.8%)
frame_001312,-1.0,10.5653,19.6864,0.1215,30.4565,789,14.77, -> shoji (14.8%)
frame_001313,-1.0,10.7043,18.631,0.1101,29.521,894,8.15, -> wardrobe (8.1%)
frame_001314,-1.0,10.5481,21.5345,0.1377,32.3199,894,30.62, -> wardrobe (30.6%)
frame_001315,-1.0,48.9515,19.4955,0.0894,68.5896,894,23.91, -> wardrobe (23.9%)
frame_001316,-1.0,8.6259,18.9844,0.1455,27.8415,894,14.46, -> wardrobe (14.5%)
frame_001317,-1.0,10.38,20.5993,0.2137,31.3338,789,19.73, -> shoji (19.7%)
frame_001318,-1.0,11.7349,19.9627,0.117,31.8954,894,26.58, -> wardrobe (26.6%)
frame_001319,-1.0,10.6448,19.861,0.1154,30.7012,894,18.38, -> wardrobe (18.4%)
frame_001320,-1.0,15.6888,19.5875,0.1056,35.4558,894,15.39, -> wardrobe (15.4%)
frame_001321,-1.0,10.6765,18.815,0.1003,29.665,894,16.12, -> wardrobe (16.1%)
frame_001322,-1.0,17.7131,17.7051,0.0884,35.577,894,19.04, -> wardrobe (19.0%)
frame_001323,-1.0,10.5997,18.227,0.1026,29.0022,894,12.26, -> wardrobe (12.3%)
frame_001324,-1.0,10.5979,18.2086,0.1182,28.9981,894,12.73, -> wardrobe (12.7%)
frame_001325,-1.0,10.5022,19.0992,0.1112,29.7911,789,23.61, -> shoji (23.6%)
frame_001326,-1.0,10.5033,20.8581,0.1406,31.5946,894,12.3, -> wardrobe (12.3%)
frame_001327,-1.0,10.5624,20.355,0.154,31.1802,894,27.98, -> wardrobe (28.0%)
frame_001328,-1.0,10.5958,19.1983,0.1327,30.0235,894,23.75, -> wardrobe (23.8%)
frame_001329,-1.0,32.6028,18.7739,0.1341,51.6171,894,28.57, -> wardrobe (28.6%)
frame_001330,-1.0,8.2439,20.7602,0.093,29.1613,894,26.39, -> wardrobe (26.4%)
frame_001331,-1.0,10.3597,20.3887,0.1557,31.0125,894,21.49, -> wardrobe (21.5%)
frame_001332,-1.0,10.507,21.8719,0.1779,32.6954,894,47.56, -> wardrobe (47.6%)
frame_001333,-1.0,10.6138,20.0854,0.1501,30.9469,894,26.46, -> wardrobe (26.5%)
frame_001334,-1.0,10.3848,18.1332,0.1311,28.7387,894,28.15, -> wardrobe (28.1%)
frame_001335,-1.0,10.3986,19.3946,0.1377,30.0245,894,39.86, -> wardrobe (39.9%)
frame_001336,-1.0,10.8725,19.2027,0.1516,30.3206,894,24.68, -> wardrobe (24.7%)
frame_001337,-1.0,10.5987,19.8952,0.1654,30.758,894,20.66, -> wardrobe (20.7%)
frame_001338,-1.0,10.5352,19.2489,0.157,30.0542,894,12.72, -> wardrobe (12.7%)
frame_001339,-1.0,13.327,20.2297,0.1501,33.8066,894,16.2, -> wardrobe (16.2%)
frame_001340,-1.0,11.4298,18.052,0.122,29.6878,532,9.14, -> dining table (9.1%)
frame_001341,-1.0,10.777,23.1093,0.181,34.185,894,15.15, -> wardrobe (15.2%)
frame_001342,-1.0,13.2233,20.8884,0.1565,34.3766,894,17.73, -> wardrobe (17.7%)
frame_001343,-1.0,10.5631,18.1897,0.1573,28.9974,894,20.33, -> wardrobe (20.3%)
frame_001344,-1.0,41.6518,20.0195,0.1166,61.8587,421,6.47, -> bannister (6.5%)
frame_001345,-1.0,10.3162,17.8093,0.1051,28.2985,421,5.42, -> bannister (5.4%)
frame_001346,-1.0,10.6937,20.8656,0.17,31.8401,421,8.75, -> bannister (8.7%)
frame_001347,-1.0,14.5149,20.2509,0.1624,35.0385,421,10.3, -> bannister (10.3%)
frame_001348,-1.0,16.5006,19.2989,0.1407,36.0321,789,16.06, -> shoji (16.1%)
frame_001349,-1.0,12.1493,19.6538,0.1526,32.0781,789,18.04, -> shoji (18.0%)
frame_001350,-1.0,10.385,18.0308,0.1392,28.6604,789,5.5, -> shoji (5.5%)
frame_001351,-1.0,10.964,18.885,0.1499,30.0973,789,19.85, -> shoji (19.9%)
frame_001352,-1.0,14.5013,18.4577,0.1416,33.1945,789,23.85, -> shoji (23.8%)
frame_001353,-1.0,17.5124,20.1691,0.1411,37.932,789,15.52, -> shoji (15.5%)
frame_001354,-1.0,10.6897,18.376,0.1372,29.2953,421,13.91, -> bannister (13.9%)
frame_001355,-1.0,12.6927,17.1287,0.1236,30.0289,789,14.09, -> shoji (14.1%)
frame_001356,-1.0,13.5279,17.7826,0.1204,31.5099,789,10.61, -> shoji (10.6%)
frame_001357,-1.0,10.6087,18.1761,0.1247,28.9987,421,10.48, -> bannister (10.5%)
frame_001358,-1.0,13.5121,21.9298,0.1097,35.6231,421,13.11, -> bannister (13.1%)
frame_001359,-1.0,7.2277,21.8156,0.1365,29.2714,727,37.0, -> planetarium (37.0%)
frame_001360,-1.0,10.0611,19.6607,0.175,30.0218,789,17.99, -> shoji (18.0%)
frame_001361,-1.0,10.3967,25.5026,0.2761,36.3769,727,22.73, -> planetarium (22.7%)
frame_001362,-1.0,10.6375,21.1011,0.1722,32.0286,727,21.7, -> planetarium (21.7%)
frame_001363,-1.0,10.685,19.2177,0.162,30.1757,421,7.12, -> bannister (7.1%)
frame_001364,-1.0,11.7027,20.7569,0.1769,32.7534,884,6.62, -> vault (6.6%)
frame_001365,-1.0,10.6943,18.2775,0.1432,29.2116,727,5.22, -> planetarium (5.2%)
frame_001366,-1.0,10.6948,19.1095,0.1531,30.0602,538,11.61, -> dome (11.6%)
frame_001367,-1.0,15.9895,18.8709,0.1246,35.0785,727,8.07, -> planetarium (8.1%)
frame_001368,-1.0,10.6741,20.7752,0.1619,31.7457,727,18.55, -> planetarium (18.6%)
frame_001369,-1.0,10.6199,17.7898,0.1389,28.6412,556,23.71, -> fire screen (23.7%)
frame_001370,-1.0,10.1836,19.1165,0.1548,29.5574,556,8.96, -> fire screen (9.0%)
frame_001371,-1.0,10.4781,20.7327,0.2114,31.5441,799,13.63, -> sliding door (13.6%)
frame_001372,-1.0,27.3034,23.0148,0.1098,50.5038,799,14.55, -> sliding door (14.5%)
frame_001373,-1.0,9.5552,18.3859,0.1014,28.1146,880,8.68, -> unicycle (8.7%)
frame_001374,-1.0,10.4041,19.0105,0.153,29.6699,519,6.67, -> crate (6.7%)
frame_001375,-1.0,11.5382,18.9892,0.1509,30.7833,880,8.86, -> unicycle (8.9%)
frame_001376,-1.0,10.9146,19.8155,0.1633,31.0033,880,8.42, -> unicycle (8.4%)
frame_001377,-1.0,10.5857,19.7594,0.194,30.6637,880,47.42, -> unicycle (47.4%)
frame_001378,-1.0,10.2384,18.2377,0.1568,28.7347,608,17.24, -> jean (17.2%)
frame_001379,-1.0,11.0322,23.5654,0.2102,34.963,880,31.51, -> unicycle (31.5%)
frame_001380,-1.0,16.5526,25.237,0.0932,41.9464,880,30.66, -> unicycle (30.7%)
frame_001381,-1.0,10.4896,17.7773,0.1254,28.4796,880,27.2, -> unicycle (27.2%)
frame_001382,-1.0,10.7567,19.487,0.1273,30.4581,399,9.35, -> abaya (9.3%)
frame_001383,-1.0,10.5231,20.2439,0.1249,30.9795,880,20.68, -> unicycle (20.7%)
frame_001384,-1.0,10.7649,18.6579,0.1132,29.6152,880,71.26, -> unicycle (71.3%)
frame_001385,-1.0,10.5331,18.2002,0.1074,28.9187,880,31.13, -> unicycle (31.1%)
frame_001386,-1.0,11.1727,23.333,0.2066,34.8355,880,22.78, -> unicycle (22.8%)
frame_001387,-1.0,24.8243,17.1724,0.1053,42.1644,880,63.89, -> unicycle (63.9%)
frame_001388,-1.0,13.0291,18.9205,0.1164,32.1395,880,73.49, -> unicycle (73.5%)
frame_001389,-1.0,10.6315,19.6847,0.1351,30.5382,880,74.95, -> unicycle (74.9%)
frame_001390,-1.0,10.4755,18.6148,0.1066,29.2733,880,59.94, -> unicycle (59.9%)
frame_001391,-1.0,10.6776,19.3639,0.1361,30.26,880,62.27, -> unicycle (62.3%)
frame_001392,-1.0,10.5629,19.0921,0.11,29.8458,880,19.76, -> unicycle (19.8%)
frame_001393,-1.0,12.4001,18.2346,0.0973,30.8059,880,8.95, -> unicycle (8.9%)
frame_001394,-1.0,10.515,19.973,0.1281,30.7027,880,8.36, -> unicycle (8.4%)
frame_001395,-1.0,10.5087,20.0718,0.1189,30.7874,421,13.27, -> bannister (13.3%)
frame_001396,-1.0,10.6772,18.5418,0.1188,29.4174,421,14.52, -> bannister (14.5%)
frame_001397,-1.0,10.5891,19.134,0.1112,29.9133,799,32.37, -> sliding door (32.4%)
frame_001398,-1.0,10.4968,19.0354,0.1185,29.7312,799,18.02, -> sliding door (18.0%)
frame_001399,-1.0,10.6113,17.8373,0.1057,28.6272,884,12.18, -> vault (12.2%)
frame_001400,-1.0,10.5057,21.0058,0.1311,31.7319,799,16.64, -> sliding door (16.6%)
frame_001401,-1.0,14.6242,17.9018,0.0991,32.6948,727,32.96, -> planetarium (33.0%)
frame_001402,-1.0,10.2098,21.9866,0.183,32.5045,727,46.32, -> planetarium (46.3%)
frame_001403,-1.0,10.8885,18.2547,0.2045,29.4677,727,47.41, -> planetarium (47.4%)
frame_001404,-1.0,10.6743,18.5181,0.1797,29.4963,727,44.33, -> planetarium (44.3%)
frame_001405,-1.0,10.1379,20.5213,0.2466,31.0688,727,14.75, -> planetarium (14.7%)
frame_001406,-1.0,11.2843,21.0122,0.2155,32.6565,556,75.1, -> fire screen (75.1%)
frame_001407,-1.0,10.8051,20.9468,0.2401,32.1367,556,45.94, -> fire screen (45.9%)
frame_001408,-1.0,13.3518,18.0454,0.1299,31.6151,894,16.34, -> wardrobe (16.3%)
frame_001409,-1.0,13.4446,21.1437,0.2157,34.9459,556,37.33, -> fire screen (37.3%)
frame_001410,-1.0,10.7927,18.5617,0.1208,29.5581,556,48.85, -> fire screen (48.9%)
frame_001411,-1.0,11.2629,19.9774,0.141,31.4839,556,36.62, -> fire screen (36.6%)
frame_001412,-1.0,10.54,18.3897,0.1534,29.1989,556,43.55, -> fire screen (43.6%)
frame_001413,-1.0,10.7625,19.9811,0.1836,31.064,727,23.31, -> planetarium (23.3%)
frame_001414,-1.0,10.8387,18.1122,0.1758,29.2409,727,25.01, -> planetarium (25.0%)
frame_001415,-1.0,22.3801,22.3075,0.1329,44.9002,727,16.18, -> planetarium (16.2%)
frame_001416,-1.0,18.8699,17.5978,0.104,36.6428,894,27.35, -> wardrobe (27.4%)
frame_001417,-1.0,10.1857,20.3639,0.2152,30.8967,894,16.09, -> wardrobe (16.1%)
frame_001418,-1.0,10.7528,17.5037,0.1381,28.4866,894,15.96, -> wardrobe (16.0%)
frame_001419,-1.0,10.4926,18.2742,0.1447,29.0121,556,27.8, -> fire screen (27.8%)
frame_001420,-1.0,10.5193,19.0362,0.1514,29.8097,556,34.01, -> fire screen (34.0%)
frame_001421,-1.0,10.7512,22.6987,0.2242,33.8038,727,31.82, -> planetarium (31.8%)
frame_001422,-1.0,11.8179,18.8647,0.1377,30.9192,727,30.91, -> planetarium (30.9%)
frame_001423,-1.0,10.7204,19.5839,0.1629,30.5796,727,27.97, -> planetarium (28.0%)
frame_001424,-1.0,10.987,21.9358,0.1634,33.2045,727,16.63, -> planetarium (16.6%)
frame_001425,-1.0,10.9785,18.2663,0.1396,29.4799,727,11.57, -> planetarium (11.6%)
frame_001426,-1.0,10.4769,17.5803,0.1534,28.3068,727,16.93, -> planetarium (16.9%)
frame_001427,-1.0,10.7941,21.7241,0.1952,32.8426,727,15.44, -> planetarium (15.4%)
frame_001428,-1.0,22.1656,18.5369,0.1004,40.8708,727,13.76, -> planetarium (13.8%)
frame_001429,-1.0,11.6179,17.4194,0.1312,29.2505,727,10.32, -> planetarium (10.3%)
frame_001430,-1.0,14.0657,18.5879,0.1003,32.8212,727,13.99, -> planetarium (14.0%)
frame_001431,-1.0,10.0359,21.5435,0.1741,31.8707,727,12.01, -> planetarium (12.0%)
frame_001432,-1.0,10.2486,20.5261,0.1808,31.083,727,10.38, -> planetarium (10.4%)
frame_001433,-1.0,10.4626,21.3058,0.1944,32.0907,727,14.86, -> planetarium (14.9%)
frame_001434,-1.0,10.4399,18.7253,0.1459,29.4105,727,14.18, -> planetarium (14.2%)
frame_001435,-1.0,10.7125,20.0906,0.1672,31.0907,727,16.93, -> planetarium (16.9%)
frame_001436,-1.0,11.4178,19.9757,0.1629,31.6677,727,10.6, -> planetarium (10.6%)
frame_001437,-1.0,10.7169,19.9082,0.1609,30.9191,727,10.95, -> planetarium (10.9%)
frame_001438,-1.0,10.6277,19.2098,0.1676,30.1204,727,13.09, -> planetarium (13.1%)
frame_001439,-1.0,10.4958,20.0717,0.154,30.8457,727,14.6, -> planetarium (14.6%)
frame_001440,-1.0,10.4952,21.0452,0.1881,31.8809,894,20.53, -> wardrobe (20.5%)
frame_001441,-1.0,10.4531,18.7877,0.149,29.4931,894,16.38, -> wardrobe (16.4%)
frame_001442,-1.0,10.5684,18.7463,0.1573,29.5978,894,17.88, -> wardrobe (17.9%)
frame_001443,-1.0,10.8602,20.8841,0.1644,32.02,894,25.38, -> wardrobe (25.4%)
frame_001444,-1.0,17.9785,24.076,0.1003,42.2251,727,16.64, -> planetarium (16.6%)
frame_001445,-1.0,10.1834,17.2078,0.0925,27.552,727,24.61, -> planetarium (24.6%)
frame_001446,-1.0,10.4947,20.8784,0.2721,31.8081,894,17.4, -> wardrobe (17.4%)
frame_001447,-1.0,10.677,22.0019,0.2726,33.1478,727,21.52, -> planetarium (21.5%)
frame_001448,-1.0,10.6041,18.6038,0.1492,29.4505,894,21.88, -> wardrobe (21.9%)
frame_001449,-1.0,10.7379,20.874,0.1574,31.8802,894,21.9, -> wardrobe (21.9%)
frame_001450,-1.0,10.5887,17.7043,0.1211,28.5027,894,37.01, -> wardrobe (37.0%)
frame_001451,-1.0,10.7075,20.5973,0.1712,31.5838,894,38.47, -> wardrobe (38.5%)
frame_001452,-1.0,10.2167,22.8567,0.1675,33.3398,894,30.5, -> wardrobe (30.5%)
frame_001453,-1.0,13.5191,19.7722,0.1443,33.5349,894,41.11, -> wardrobe (41.1%)
frame_001454,-1.0,10.6714,18.8636,0.1526,29.808,894,46.61, -> wardrobe (46.6%)
frame_001455,-1.0,10.8337,19.845,0.1608,30.9508,894,26.72, -> wardrobe (26.7%)
frame_001456,-1.0,10.2184,18.4392,0.1248,28.8763,894,16.86, -> wardrobe (16.9%)
frame_001457,-1.0,10.5798,19.029,0.156,29.8605,894,17.88, -> wardrobe (17.9%)
frame_001458,-1.0,30.138,19.0329,0.1031,49.3488,727,28.08, -> planetarium (28.1%)
frame_001459,-1.0,28.0697,17.0201,0.0992,45.2545,727,21.64, -> planetarium (21.6%)
frame_001460,-1.0,10.4067,19.9792,0.1263,30.5983,727,19.52, -> planetarium (19.5%)
frame_001461,-1.0,12.2541,17.8482,0.0936,30.2618,727,22.38, -> planetarium (22.4%)
frame_001462,-1.0,10.2617,19.9936,0.1354,30.4829,727,18.75, -> planetarium (18.8%)
frame_001463,-1.0,11.667,18.3043,0.1244,30.182,727,21.46, -> planetarium (21.5%)
frame_001464,-1.0,10.2911,18.509,0.1787,29.0895,727,16.65, -> planetarium (16.7%)
frame_001465,-1.0,10.5311,18.4813,0.1554,29.2744,894,15.93, -> wardrobe (15.9%)
frame_001466,-1.0,10.552,20.2348,0.2151,31.1445,727,17.06, -> planetarium (17.1%)
frame_001467,-1.0,10.8371,21.8412,0.1897,33.0054,727,24.6, -> planetarium (24.6%)
frame_001468,-1.0,10.6302,18.8417,0.1466,29.7178,727,30.49, -> planetarium (30.5%)
frame_001469,-1.0,10.8606,20.6464,0.1737,31.8011,727,25.56, -> planetarium (25.6%)
frame_001470,-1.0,11.6518,18.9101,0.1418,30.8017,727,24.91, -> planetarium (24.9%)
frame_001471,-1.0,10.6817,19.1869,0.1413,30.1085,727,33.41, -> planetarium (33.4%)
frame_001472,-1.0,10.5734,19.8913,0.1499,30.7503,727,27.36, -> planetarium (27.4%)
frame_001473,-1.0,31.6479,17.9216,0.0935,49.7247,727,31.04, -> planetarium (31.0%)
frame_001474,-1.0,10.2842,18.2354,0.1266,28.7244,727,15.4, -> planetarium (15.4%)
frame_001475,-1.0,17.9979,34.8499,0.1565,53.0844,884,11.87, -> vault (11.9%)
frame_001476,-1.0,15.2901,18.8753,0.0929,34.3138,743,12.36, -> prison (12.4%)
frame_001477,-1.0,22.9152,21.1201,0.1101,44.2156,421,13.92, -> bannister (13.9%)
frame_001478,-1.0,21.043,19.214,0.2045,40.5503,421,16.5, -> bannister (16.5%)
frame_001479,-1.0,18.6016,19.5064,0.1152,38.2882,421,17.05, -> bannister (17.1%)
frame_001480,-1.0,18.2034,18.1896,1.0919,37.5727,884,15.9, -> vault (15.9%)
frame_001481,-1.0,22.4139,18.4706,0.1068,41.0777,884,13.76, -> vault (13.8%)
frame_001482,-1.0,17.0278,19.908,0.0907,37.0774,884,14.7, -> vault (14.7%)
frame_001483,-1.0,13.7104,18.8688,0.094,32.7234,421,14.3, -> bannister (14.3%)
frame_001484,-1.0,15.686,18.0641,0.1169,33.9343,743,15.05, -> prison (15.1%)
frame_001485,-1.0,11.3044,20.2515,0.1074,31.726,884,17.15, -> vault (17.1%)
frame_001486,-1.0,16.3386,19.7727,0.1064,36.28,884,14.2, -> vault (14.2%)
frame_001487,-1.0,11.9032,20.4555,0.134,32.566,884,20.94, -> vault (20.9%)
frame_001488,-1.0,20.2068,18.7207,0.1155,39.141,884,19.69, -> vault (19.7%)
frame_001489,-1.0,20.6418,18.7074,0.1125,39.5515,884,17.45, -> vault (17.5%)
frame_001490,-1.0,15.5164,19.9852,0.1057,35.6679,884,18.24, -> vault (18.2%)
frame_001491,-1.0,15.9739,21.8462,0.1415,38.038,884,15.88, -> vault (15.9%)
frame_001492,-1.0,19.0746,20.1447,0.0908,39.3585,884,15.09, -> vault (15.1%)
frame_001493,-1.0,11.8476,22.5878,0.0962,34.5828,421,17.39, -> bannister (17.4%)
frame_001494,-1.0,14.8858,19.6692,0.1004,34.7135,884,17.5, -> vault (17.5%)
frame_001495,-1.0,13.7978,18.1402,0.0924,32.0848,884,14.58, -> vault (14.6%)
frame_001496,-1.0,21.6923,21.3858,0.0958,43.2262,743,20.05, -> prison (20.1%)
frame_001497,-1.0,14.0772,26.0858,0.1138,40.345,743,15.79, -> prison (15.8%)
frame_001498,-1.0,18.7146,22.1014,0.1649,41.0609,743,48.37, -> prison (48.4%)
frame_001499,-1.0,14.1549,18.0168,0.0965,32.3353,743,20.21, -> prison (20.2%)
frame_001500,-1.0,13.2236,18.3498,0.0904,31.7245,743,24.63, -> prison (24.6%)
frame_001501,-1.0,17.6399,23.8274,0.1,41.6237,818,15.37, -> spotlight (15.4%)
frame_001502,-1.0,14.8244,21.4835,0.0901,36.4547,743,30.33, -> prison (30.3%)
frame_001503,-1.0,16.1562,26.2977,0.1547,42.6989,743,18.23, -> prison (18.2%)
frame_001504,-1.0,22.4531,25.9622,0.1268,48.6179,743,30.01, -> prison (30.0%)
frame_001505,-1.0,12.8141,17.0277,0.0956,29.995,743,18.66, -> prison (18.7%)
frame_001506,-1.0,18.8965,19.0867,0.1472,38.2153,743,31.62, -> prison (31.6%)
frame_001507,-1.0,7.4087,18.0077,0.1217,25.5885,884,26.01, -> vault (26.0%)
frame_001508,-1.0,9.9624,17.5735,0.0986,27.6892,743,19.97, -> prison (20.0%)
frame_001509,-1.0,9.6423,19.5148,0.0966,29.3082,743,14.5, -> prison (14.5%)
frame_001510,-1.0,15.1042,19.4867,0.1016,34.7539,884,18.43, -> vault (18.4%)
frame_001511,-1.0,16.5766,22.6862,0.0971,39.416,421,10.98, -> bannister (11.0%)
frame_001512,-1.0,15.6296,19.8148,0.1011,35.6048,884,18.2, -> vault (18.2%)
frame_001513,-1.0,18.2934,21.8611,0.0976,40.3114,743,13.66, -> prison (13.7%)
frame_001514,-1.0,21.3289,20.8407,0.1712,42.4306,421,16.4, -> bannister (16.4%)
frame_001515,-1.0,14.1146,21.9921,0.1234,36.2981,421,16.39, -> bannister (16.4%)
frame_001516,-1.0,16.2127,19.8773,0.1069,36.26,421,25.15, -> bannister (25.2%)
frame_001517,-1.0,13.139,18.0597,0.1068,31.3978,421,22.14, -> bannister (22.1%)
frame_001518,-1.0,15.9021,20.5152,0.1017,36.5891,421,13.8, -> bannister (13.8%)
frame_001519,-1.0,23.107,18.6132,0.1038,41.8833,743,15.55, -> prison (15.6%)
frame_001520,-1.0,11.9049,18.7837,0.118,30.867,421,12.64, -> bannister (12.6%)
frame_001521,-1.0,13.7596,18.7401,0.1422,32.7266,884,14.48, -> vault (14.5%)
frame_001522,-1.0,12.5877,19.624,0.1171,32.4082,884,19.7, -> vault (19.7%)
frame_001523,-1.0,10.7826,18.1178,0.1519,29.145,421,14.9, -> bannister (14.9%)
frame_001524,-1.0,10.4875,21.5443,0.219,32.394,743,15.91, -> prison (15.9%)
frame_001525,-1.0,10.4502,17.9743,0.1333,28.6458,743,22.45, -> prison (22.5%)
frame_001526,-1.0,10.3288,19.104,0.1312,29.6555,884,25.95, -> vault (26.0%)
frame_001527,-1.0,15.3968,22.0505,0.2047,37.7696,884,26.97, -> vault (27.0%)
frame_001528,-1.0,15.0322,19.7374,0.1143,34.974,884,18.91, -> vault (18.9%)
frame_001529,-1.0,10.2678,19.6935,0.1951,30.2934,884,28.28, -> vault (28.3%)
frame_001530,-1.0,10.4879,18.9687,0.1749,29.7566,884,35.51, -> vault (35.5%)
frame_001531,-1.0,10.5165,19.2752,0.4622,30.4602,884,24.62, -> vault (24.6%)
frame_001532,-1.0,10.6547,20.3556,0.168,31.2916,884,32.02, -> vault (32.0%)
frame_001533,-1.0,10.7773,19.9658,0.2167,31.1013,818,19.25, -> spotlight (19.2%)
frame_001534,-1.0,10.6348,20.1381,0.2427,31.1577,884,16.54, -> vault (16.5%)
frame_001535,-1.0,10.6066,18.8663,0.1654,29.7485,743,18.43, -> prison (18.4%)
frame_001536,-1.0,15.4224,18.2182,0.1477,33.8879,421,13.46, -> bannister (13.5%)
frame_001537,-1.0,10.7148,18.5436,0.1627,29.5251,743,14.6, -> prison (14.6%)
frame_001538,-1.0,10.6316,17.8918,0.1645,28.8084,743,11.65, -> prison (11.7%)
frame_001539,-1.0,12.5548,18.5942,0.156,31.4118,579,17.4, -> grand piano (17.4%)
frame_001540,-1.0,10.9712,19.5975,0.1559,30.8294,884,13.75, -> vault (13.7%)
frame_001541,-1.0,10.2965,24.1407,0.1455,34.6702,884,18.13, -> vault (18.1%)
frame_001542,-1.0,21.4014,20.9618,0.108,42.5414,884,14.13, -> vault (14.1%)
frame_001543,-1.0,10.2515,20.9249,0.1588,31.4389,896,13.11, -> washbasin (13.1%)
frame_001544,-1.0,10.5643,22.0416,0.2126,32.96,884,19.31, -> vault (19.3%)
frame_001545,-1.0,13.2981,19.2424,0.1194,32.7386,884,18.14, -> vault (18.1%)
frame_001546,-1.0,10.6891,19.6636,0.1523,30.5999,884,19.15, -> vault (19.1%)
frame_001547,-1.0,10.5279,21.7626,0.1633,32.5636,884,18.56, -> vault (18.6%)
frame_001548,-1.0,10.6824,17.5703,0.125,28.466,421,21.63, -> bannister (21.6%)
frame_001549,-1.0,10.7443,29.4208,0.2724,40.6569,421,20.18, -> bannister (20.2%)
frame_001550,-1.0,10.9042,21.468,0.1583,32.6351,421,19.18, -> bannister (19.2%)
frame_001551,-1.0,10.5023,17.6716,0.1516,28.42,421,29.59, -> bannister (29.6%)
frame_001552,-1.0,10.4924,18.1725,0.144,28.9074,421,14.61, -> bannister (14.6%)
frame_001553,-1.0,11.5825,19.2142,0.1531,31.078,884,21.96, -> vault (22.0%)
frame_001554,-1.0,10.6749,19.0444,0.1431,29.9671,884,11.68, -> vault (11.7%)
frame_001555,-1.0,10.7332,20.1122,0.177,31.1402,579,31.09, -> grand piano (31.1%)
frame_001556,-1.0,26.688,20.0625,0.1017,46.9166,421,15.53, -> bannister (15.5%)
frame_001557,-1.0,20.7199,19.3438,0.1477,40.3035,743,24.14, -> prison (24.1%)
frame_001558,-1.0,10.3002,21.0813,0.1636,31.6624,743,25.99, -> prison (26.0%)
frame_001559,-1.0,10.7602,19.2863,0.1695,30.3195,435,20.54, -> bathtub (20.5%)
frame_001560,-1.0,10.4037,21.5413,0.1966,32.2904,884,17.36, -> vault (17.4%)
frame_001561,-1.0,15.5125,19.4086,0.2057,35.26,884,27.14, -> vault (27.1%)
frame_001562,-1.0,11.3104,17.9071,0.1436,29.4566,579,50.14, -> grand piano (50.1%)
frame_001563,-1.0,11.1946,19.7998,0.178,31.3086,579,41.37, -> grand piano (41.4%)
frame_001564,-1.0,11.2539,18.6458,0.1526,30.1646,743,13.8, -> prison (13.8%)
frame_001565,-1.0,10.8083,22.2591,0.3932,33.6752,579,30.23, -> grand piano (30.2%)
frame_001566,-1.0,11.5723,18.8799,0.1647,30.7287,743,11.83, -> prison (11.8%)
frame_001567,-1.0,13.3836,18.3988,0.1601,32.0381,884,24.71, -> vault (24.7%)
frame_001568,-1.0,11.5605,20.8678,0.1531,32.6831,579,51.65, -> grand piano (51.6%)
frame_001569,-1.0,10.6815,22.363,0.2155,33.4023,579,65.22, -> grand piano (65.2%)
frame_001570,-1.0,18.7923,21.4313,0.1138,40.4039,579,32.42, -> grand piano (32.4%)
frame_001571,-1.0,9.6171,19.1426,0.1064,28.9271,579,14.66, -> grand piano (14.7%)
frame_001572,-1.0,10.3063,20.3586,0.1645,30.946,579,52.42, -> grand piano (52.4%)
frame_001573,-1.0,10.4884,19.7901,0.1376,30.538,579,63.72, -> grand piano (63.7%)
frame_001574,-1.0,10.6399,24.8706,0.2369,35.9103,579,23.86, -> grand piano (23.9%)
frame_001575,-1.0,10.6746,17.4194,0.1113,28.2893,884,17.38, -> vault (17.4%)
frame_001576,-1.0,10.531,20.1074,0.174,30.9215,579,26.62, -> grand piano (26.6%)
frame_001577,-1.0,11.6435,22.2703,0.1829,34.2499,579,20.82, -> grand piano (20.8%)
frame_001578,-1.0,10.8663,19.7928,0.1431,30.9005,579,52.47, -> grand piano (52.5%)
frame_001579,-1.0,14.5201,20.1944,0.1368,34.9421,579,39.71, -> grand piano (39.7%)
frame_001580,-1.0,12.5177,18.2313,0.1254,30.966,579,47.4, -> grand piano (47.4%)
frame_001581,-1.0,10.7211,20.1068,0.1415,31.0574,884,15.87, -> vault (15.9%)
frame_001582,-1.0,10.6953,19.6789,0.1428,30.6154,579,19.59, -> grand piano (19.6%)
frame_001583,-1.0,11.4585,18.6228,0.1331,30.3046,884,31.46, -> vault (31.5%)
frame_001584,-1.0,10.5037,22.7911,0.2183,33.6652,884,50.38, -> vault (50.4%)
frame_001585,-1.0,44.2022,17.595,0.0952,61.9459,884,21.56, -> vault (21.6%)
frame_001586,-1.0,11.7433,18.5879,0.0914,30.4932,884,17.89, -> vault (17.9%)
frame_001587,-1.0,10.9672,19.049,0.1566,30.2683,884,23.19, -> vault (23.2%)
frame_001588,-1.0,12.6615,20.6231,0.1573,33.5528,884,25.97, -> vault (26.0%)
frame_001589,-1.0,10.7116,18.3869,0.1303,29.316,579,30.98, -> grand piano (31.0%)
frame_001590,-1.0,10.4333,18.2733,0.1313,28.9294,579,33.97, -> grand piano (34.0%)
frame_001591,-1.0,11.1551,19.0879,0.1385,30.4758,579,27.8, -> grand piano (27.8%)
frame_001592,-1.0,10.6679,20.515,0.1532,31.4377,579,22.41, -> grand piano (22.4%)
frame_001593,-1.0,10.9851,25.1821,0.239,36.605,579,21.98, -> grand piano (22.0%)
frame_001594,-1.0,11.3471,19.5205,0.1476,31.1146,579,40.37, -> grand piano (40.4%)
frame_001595,-1.0,10.7118,19.5477,0.1393,30.5101,579,30.14, -> grand piano (30.1%)
frame_001596,-1.0,10.6141,19.2546,0.1587,30.1357,579,58.38, -> grand piano (58.4%)
frame_001597,-1.0,10.6068,20.0554,0.1674,30.9412,579,48.31, -> grand piano (48.3%)
frame_001598,-1.0,10.9807,19.5462,0.1484,30.7807,579,23.86, -> grand piano (23.9%)
frame_001599,-1.0,32.5356,18.8444,0.1056,51.5497,579,40.46, -> grand piano (40.5%)
frame_001600,-1.0,7.3357,17.4814,0.0945,24.9771,579,45.45, -> grand piano (45.4%)
frame_001601,-1.0,10.1843,18.6397,0.1478,29.07,884,11.36, -> vault (11.4%)
frame_001602,-1.0,11.2851,17.6359,0.15,29.1659,579,42.33, -> grand piano (42.3%)
frame_001603,-1.0,10.8425,19.7789,0.1639,30.9216,579,14.53, -> grand piano (14.5%)
frame_001604,-1.0,10.8391,17.7363,0.1439,28.817,579,22.41, -> grand piano (22.4%)
frame_001605,-1.0,10.7725,27.9955,0.3031,39.2852,579,64.69, -> grand piano (64.7%)
frame_001606,-1.0,15.1589,19.7946,0.1367,35.1832,579,15.39, -> grand piano (15.4%)
frame_001607,-1.0,10.6711,18.3725,0.1277,29.2584,579,24.3, -> grand piano (24.3%)
frame_001608,-1.0,10.6764,19.2177,0.1454,30.1381,884,7.22, -> vault (7.2%)
frame_001609,-1.0,10.7469,19.0967,0.1417,30.0714,884,11.25, -> vault (11.2%)
frame_001610,-1.0,10.5419,20.7654,0.1618,31.5778,421,11.35, -> bannister (11.3%)
frame_001611,-1.0,11.2572,19.9012,0.1378,31.3894,789,15.24, -> shoji (15.2%)
frame_001612,-1.0,38.9144,18.7668,0.1115,57.8578,884,11.75, -> vault (11.8%)
frame_001613,-1.0,10.6954,22.6057,0.1159,33.4936,579,24.62, -> grand piano (24.6%)
frame_001614,-1.0,5.9145,17.9136,0.0866,23.9764,579,15.86, -> grand piano (15.9%)
frame_001615,-1.0,10.2152,18.8656,0.1778,29.3662,884,11.11, -> vault (11.1%)
frame_001616,-1.0,10.4036,23.418,0.2087,34.1548,743,18.69, -> prison (18.7%)
frame_001617,-1.0,10.3624,19.8715,0.1721,30.5229,884,10.75, -> vault (10.7%)
frame_001618,-1.0,10.1767,17.3802,0.1312,27.7779,743,13.42, -> prison (13.4%)
frame_001619,-1.0,10.8924,22.2795,0.2219,33.5232,884,16.35, -> vault (16.4%)
frame_001620,-1.0,10.4541,20.255,0.1354,30.9458,579,10.58, -> grand piano (10.6%)
frame_001621,-1.0,10.5395,19.0465,0.1544,29.8433,884,11.33, -> vault (11.3%)
frame_001622,-1.0,10.6037,19.6333,0.137,30.4672,745,7.37, -> projector (7.4%)
frame_001623,-1.0,12.1564,50.9258,0.4763,63.8382,421,11.02, -> bannister (11.0%)
frame_001624,-1.0,10.9783,19.5187,0.124,30.7241,884,18.77, -> vault (18.8%)
frame_001625,-1.0,10.2719,19.0536,0.1745,29.617,789,11.58, -> shoji (11.6%)
frame_001626,-1.0,10.528,19.29,0.1538,30.0747,579,28.35, -> grand piano (28.4%)
frame_001627,-1.0,10.6926,20.4635,0.1752,31.4498,579,53.06, -> grand piano (53.1%)
frame_001628,-1.0,18.0808,19.0373,0.0946,37.28,579,40.26, -> grand piano (40.3%)
frame_001629,-1.0,10.0457,21.7824,0.208,32.1603,579,32.04, -> grand piano (32.0%)
frame_001630,-1.0,10.5519,18.7079,0.1532,29.5155,579,35.38, -> grand piano (35.4%)
frame_001631,-1.0,10.5769,19.3663,0.1559,30.2113,579,19.38, -> grand piano (19.4%)
frame_001632,-1.0,10.8371,20.3123,0.2,31.4761,884,24.64, -> vault (24.6%)
frame_001633,-1.0,11.1015,18.7469,0.1491,30.096,579,20.75, -> grand piano (20.8%)
frame_001634,-1.0,10.8305,19.4439,0.1646,30.5729,884,29.4, -> vault (29.4%)
frame_001635,-1.0,12.0246,18.5234,0.1482,30.8159,884,23.27, -> vault (23.3%)
frame_001636,-1.0,14.9561,18.2675,0.1417,33.4591,579,34.22, -> grand piano (34.2%)
frame_001637,-1.0,10.6217,18.9481,0.1662,29.8354,579,41.3, -> grand piano (41.3%)
frame_001638,-1.0,10.9224,22.2789,0.1926,33.5401,579,27.89, -> grand piano (27.9%)
frame_001639,-1.0,10.6523,19.3944,0.1543,30.3026,579,48.53, -> grand piano (48.5%)
frame_001640,-1.0,10.5963,18.0649,0.1616,28.921,579,63.01, -> grand piano (63.0%)
frame_001641,-1.0,10.4014,21.6781,0.1798,32.3765,579,33.14, -> grand piano (33.1%)
frame_001642,-1.0,22.6987,21.0944,0.1003,43.9596,579,33.95, -> grand piano (33.9%)
frame_001643,-1.0,8.4007,18.7214,0.1158,27.3207,579,71.02, -> grand piano (71.0%)
frame_001644,-1.0,10.9209,19.8519,0.1806,31.0617,579,41.14, -> grand piano (41.1%)
frame_001645,-1.0,18.1654,19.5547,0.1238,37.9305,884,18.89, -> vault (18.9%)
frame_001646,-1.0,10.919,18.9449,0.1302,30.0788,579,33.59, -> grand piano (33.6%)
frame_001647,-1.0,14.2592,19.7059,0.1811,34.281,579,31.37, -> grand piano (31.4%)
frame_001648,-1.0,10.7347,18.671,0.1667,29.6845,884,17.12, -> vault (17.1%)
frame_001649,-1.0,10.6428,17.6846,0.1485,28.5747,579,29.73, -> grand piano (29.7%)
frame_001650,-1.0,10.3657,19.1739,0.2035,29.8674,579,12.88, -> grand piano (12.9%)
frame_001651,-1.0,10.6399,18.395,0.1807,29.3383,884,13.75, -> vault (13.7%)
frame_001652,-1.0,10.8134,21.9493,0.2129,33.1149,789,17.38, -> shoji (17.4%)
frame_001653,-1.0,13.0482,18.7002,0.1897,32.0627,884,17.28, -> vault (17.3%)
frame_001654,-1.0,10.698,22.7993,0.2462,33.9474,884,21.16, -> vault (21.2%)
frame_001655,-1.0,10.8807,18.6145,0.1404,29.7433,884,28.31, -> vault (28.3%)
frame_001656,-1.0,22.1856,18.3922,0.0992,40.744,884,22.13, -> vault (22.1%)
frame_001657,-1.0,19.5881,20.4788,0.125,40.2747,884,8.57, -> vault (8.6%)
frame_001658,-1.0,10.4226,21.4391,0.1873,32.1688,789,34.42, -> shoji (34.4%)
frame_001659,-1.0,10.5355,17.908,0.1878,28.7489,789,28.46, -> shoji (28.5%)
frame_001660,-1.0,10.562,21.3606,0.15,32.1748,789,13.5, -> shoji (13.5%)
frame_001661,-1.0,10.689,19.4173,0.1371,30.3349,789,13.68, -> shoji (13.7%)
frame_001662,-1.0,11.4076,20.0667,0.1416,31.7163,789,14.3, -> shoji (14.3%)
frame_001663,-1.0,10.6536,20.6577,0.1811,31.6113,884,12.38, -> vault (12.4%)
frame_001664,-1.0,10.768,18.2749,0.1315,29.2658,579,50.0, -> grand piano (50.0%)
frame_001665,-1.0,10.4623,18.3486,0.1281,29.0261,579,44.57, -> grand piano (44.6%)
frame_001666,-1.0,10.5395,20.81,0.1618,31.642,579,29.55, -> grand piano (29.5%)
frame_001667,-1.0,11.3073,21.8078,0.1792,33.4121,579,25.33, -> grand piano (25.3%)
frame_001668,-1.0,10.9369,18.0832,0.1264,29.2328,884,28.52, -> vault (28.5%)
frame_001669,-1.0,13.5276,18.8212,0.1317,32.5748,884,28.47, -> vault (28.5%)
frame_001670,-1.0,10.6716,18.007,0.148,28.9199,579,27.69, -> grand piano (27.7%)
frame_001671,-1.0,41.2632,20.0539,0.0995,61.4832,884,15.68, -> vault (15.7%)
frame_001672,-1.0,10.3764,18.6565,0.0909,29.189,789,11.6, -> shoji (11.6%)
frame_001673,-1.0,10.4619,18.9872,0.1323,29.6711,884,9.42, -> vault (9.4%)
frame_001674,-1.0,10.5441,18.698,0.1501,29.4871,884,11.44, -> vault (11.4%)
frame_001675,-1.0,10.5346,18.3717,0.1254,29.1234,884,19.04, -> vault (19.0%)
frame_001676,-1.0,10.359,20.4682,0.1535,31.0834,884,19.61, -> vault (19.6%)
frame_001677,-1.0,10.6322,19.6211,0.147,30.4965,884,14.61, -> vault (14.6%)
frame_001678,-1.0,10.6538,19.6768,0.143,30.5885,789,36.99, -> shoji (37.0%)
frame_001679,-1.0,12.8822,19.3391,0.1531,32.467,789,36.74, -> shoji (36.7%)
frame_001680,-1.0,10.4595,19.449,0.1485,30.1776,789,28.12, -> shoji (28.1%)
frame_001681,-1.0,10.6198,18.8413,0.1379,29.6905,789,37.46, -> shoji (37.5%)
