filename,ros_data_age_ms,preprocessing_ms,inference_ms,postprocessing_ms,e2e_ms,class_id,confidence,info
frame_000000,-1.0,1.3575,6.352,4.4535,12.1639,-1,0.0, -> [background only]
frame_000001,-1.0,3.1775,6.1505,4.2923,13.6217,-1,0.0, -> [chair (Left): 1%]
frame_000002,-1.0,3.7925,6.6196,4.2089,14.6221,-1,0.0, -> [chair (Center): 1%]
frame_000003,-1.0,2.7372,6.1439,4.222,13.1039,-1,0.0, -> [chair (Center): 1%]
frame_000004,-1.0,3.8122,7.3275,4.1722,15.3133,-1,0.0, -> [chair (Left): 1%]
frame_000005,-1.0,3.6853,6.2039,4.2575,14.148,-1,0.0, -> [chair (Left): 1%]
frame_000006,-1.0,2.7532,6.5222,4.0565,13.3334,-1,0.0, -> [chair (Center): 1%]
frame_000007,-1.0,2.2112,6.7928,4.245,13.2503,-1,0.0, -> [chair (Left): 1%]
frame_000008,-1.0,1.7626,7.8198,4.23,13.8135,-1,0.0, -> [chair (Left): 1%]
frame_000009,-1.0,3.7595,6.8306,4.2999,14.8913,-1,0.0, -> [chair (Left): 1%]
frame_000010,-1.0,4.0263,6.9683,4.0515,15.0474,-1,0.0, -> [chair (Left): 1%]
frame_000011,-1.0,3.9126,6.8298,4.2563,15.0,-1,0.0, -> [chair (Left): 1%]
frame_000012,-1.0,4.0038,6.9216,4.1351,15.062,-1,0.0, -> [chair (Left): 1%]
frame_000013,-1.0,3.9962,6.8411,4.2831,15.122,-1,0.0, -> [chair (Left): 1%]
frame_000014,-1.0,2.9125,7.0491,4.0072,13.9699,-1,0.0, -> [chair (Left): 1%]
frame_000015,-1.0,3.5328,6.1343,3.9152,13.5836,-1,0.0, -> [background only]
frame_000016,-1.0,3.7116,6.2957,3.838,13.8466,-1,0.0, -> [background only]
frame_000017,-1.0,3.7243,6.3877,3.9091,14.0224,-1,0.0, -> [background only]
frame_000018,-1.0,3.9106,6.3691,3.8416,14.1227,-1,0.0, -> [background only]
frame_000019,-1.0,2.7935,7.0442,3.7986,13.6377,-1,0.0, -> [background only]
frame_000020,-1.0,3.9452,6.4974,3.904,14.3483,-1,0.0, -> [background only]
frame_000021,-1.0,2.9345,6.0591,3.9134,12.9081,-1,0.0, -> [background only]
frame_000022,-1.0,3.9992,6.4602,4.0813,14.5421,-1,0.0," -> [cat (Center): 2%, chair (Left): 1%]"
frame_000023,-1.0,3.9532,6.2951,3.879,14.1286,-1,0.0, -> [background only]
frame_000024,-1.0,3.9569,6.4589,3.7049,14.1221,-1,0.0, -> [background only]
frame_000025,-1.0,3.8479,10.9157,4.0199,18.7849,-1,0.0, -> [background only]
frame_000026,-1.0,2.7909,9.7216,3.9794,16.4934,-1,0.0, -> [chair (Left): 1%]
frame_000027,-1.0,3.3214,9.2206,4.0826,16.6257,-1,0.0, -> [chair (Left): 1%]
frame_000028,-1.0,3.0404,6.3812,3.8159,13.2387,-1,0.0, -> [chair (Left): 1%]
frame_000029,-1.0,3.8708,6.3552,3.8952,14.1224,-1,0.0, -> [background only]
frame_000030,-1.0,3.7216,7.985,4.0705,15.7784,-1,0.0, -> [chair (Left): 1%]
frame_000031,-1.0,3.8523,6.2126,3.9354,14.0019,-1,0.0, -> [chair (Left): 1%]
frame_000032,-1.0,3.9812,9.5158,4.0213,17.5198,-1,0.0, -> [chair (Left): 1%]
frame_000033,-1.0,4.0117,6.7517,4.0264,14.7911,-1,0.0, -> [chair (Left): 2%]
frame_000034,-1.0,2.7959,6.3971,4.0318,13.2262,-1,0.0, -> [chair (Left): 1%]
frame_000035,-1.0,1.8405,6.5732,3.9638,12.3789,-1,0.0, -> [chair (Left): 1%]
frame_000036,-1.0,2.3548,6.6324,3.9652,12.9538,-1,0.0, -> [chair (Left): 1%]
frame_000037,-1.0,3.8287,6.7448,4.0862,14.6611,-1,0.0, -> [chair (Left): 3%]
frame_000038,-1.0,4.0053,6.4678,4.0042,14.4786,-1,0.0, -> [chair (Center): 5%]
frame_000039,-1.0,2.7688,7.475,3.9411,14.1863,-1,0.0, -> [chair (Center): 5%]
frame_000040,-1.0,4.0521,6.4648,4.0555,14.5737,-1,0.0, -> [chair (Left): 4%]
frame_000041,-1.0,4.0672,6.4845,3.9768,14.5301,-1,0.0, -> [chair (Left): 4%]
frame_000042,-1.0,2.7738,6.4169,3.9958,13.1881,-1,0.0, -> [chair (Left): 3%]
frame_000043,-1.0,1.7971,6.3769,4.0237,12.1993,-1,0.0, -> [chair (Left): 5%]
frame_000044,-1.0,2.2228,7.6587,4.0051,13.8881,-1,0.0, -> [chair (Center): 6%]
frame_000045,-1.0,4.1675,6.6889,4.0275,14.8854,-1,0.0, -> [chair (Center): 7%]
frame_000046,-1.0,4.0415,10.5351,3.9766,18.5546,-1,0.0, -> [chair (Left): 7%]
frame_000047,-1.0,3.3397,6.6761,3.9679,13.985,-1,0.0, -> [chair (Left): 7%]
frame_000048,-1.0,3.177,6.4334,4.0654,13.6771,-1,0.0, -> [chair (Left): 7%]
frame_000049,-1.0,3.3363,6.5111,4.0736,13.9221,-1,0.0, -> [chair (Left): 6%]
frame_000050,-1.0,3.5932,6.329,4.046,13.9694,-1,0.0, -> [chair (Left): 6%]
frame_000051,-1.0,3.6758,6.6407,4.1707,14.4883,-1,0.0, -> [chair (Left): 6%]
frame_000052,-1.0,3.3381,10.0486,3.898,17.2858,-1,0.0, -> [chair (Left): 5%]
frame_000053,-1.0,3.5069,6.6236,3.9395,14.0709,-1,0.0, -> [chair (Left): 4%]
frame_000054,-1.0,3.5098,6.2908,4.0129,13.8145,-1,0.0, -> [chair (Left): 6%]
frame_000055,-1.0,3.5088,6.6226,4.002,14.1344,-1,0.0, -> [chair (Left): 4%]
frame_000056,-1.0,3.5581,6.439,4.0433,14.0418,-1,0.0, -> [chair (Left): 3%]
frame_000057,-1.0,3.807,6.5417,4.1006,14.4504,-1,0.0, -> [chair (Center): 5%]
frame_000058,-1.0,3.52,8.5892,4.0431,16.1535,-1,0.0, -> [chair (Center): 6%]
frame_000059,-1.0,3.5795,6.47,3.9957,14.0463,-1,0.0, -> [chair (Center): 6%]
frame_000060,-1.0,3.649,6.3253,3.8708,13.8461,-1,0.0, -> [chair (Center): 1%]
frame_000061,-1.0,3.525,6.4983,4.0528,14.0771,-1,0.0, -> [chair (Center): 7%]
frame_000062,-1.0,3.5143,6.4131,3.9194,13.848,-1,0.0, -> [chair (Center): 7%]
frame_000063,-1.0,3.7852,6.6196,3.8488,14.2548,-1,0.0, -> [background only]
frame_000064,-1.0,3.684,6.3003,4.0525,14.0377,-1,0.0, -> [background only]
frame_000065,-1.0,2.6215,6.4165,4.0509,13.09,-1,0.0, -> [chair (Center): 4%]
frame_000066,-1.0,2.0914,6.6075,4.0487,12.7489,-1,0.0, -> [chair (Center): 7%]
frame_000067,-1.0,1.6412,8.4826,4.0753,14.2002,-1,0.0, -> [chair (Center): 7%]
frame_000068,-1.0,3.6592,9.1149,4.0831,16.8586,-1,0.0, -> [chair (Center): 4%]
frame_000069,-1.0,3.6561,6.4434,4.0634,14.164,-1,0.0, -> [chair (Center): 6%]
frame_000070,-1.0,2.65,9.522,3.7487,15.922,-1,0.0, -> [background only]
frame_000071,-1.0,3.6411,6.4576,3.8529,13.9527,-1,0.0, -> [background only]
frame_000072,-1.0,3.613,8.5373,3.9576,16.1092,-1,0.0, -> [background only]
frame_000073,-1.0,2.7144,7.7133,3.9704,14.3994,-1,0.0, -> [background only]
frame_000074,-1.0,2.565,7.294,3.8206,13.6806,-1,0.0, -> [background only]
frame_000075,-1.0,3.7647,6.5222,3.8696,14.1575,-1,0.0, -> [background only]
frame_000076,-1.0,3.6168,6.2638,3.9021,13.7838,-1,0.0, -> [background only]
frame_000077,-1.0,3.883,6.4524,3.9757,14.3121,-1,0.0, -> [background only]
frame_000078,-1.0,2.633,11.6448,3.8845,18.1634,-1,0.0, -> [background only]
frame_000079,-1.0,2.6946,7.4214,3.9032,14.0202,-1,0.0, -> [chair (Left): 1%]
frame_000080,-1.0,3.7681,6.4007,3.9672,14.1371,-1,0.0, -> [chair (Left): 3%]
frame_000081,-1.0,4.2141,6.5327,4.0327,14.7804,-1,0.0, -> [chair (Center): 16%]
frame_000082,-1.0,2.6125,10.9225,4.0075,17.5435,-1,0.0, -> [chair (Center): 13%]
frame_000083,-1.0,2.5926,7.5228,3.8256,13.9419,-1,0.0, -> [chair (Left): 4%]
frame_000084,-1.0,3.5814,6.5319,3.846,13.9607,-1,0.0, -> [chair (Left): 3%]
frame_000085,-1.0,3.586,8.9767,3.9847,16.5486,-1,0.0, -> [chair (Left): 4%]
frame_000086,-1.0,3.803,6.4675,3.9923,14.2637,-1,0.0, -> [chair (Center): 6%]
frame_000087,-1.0,3.5838,6.4644,4.1707,14.22,-1,0.0, -> [chair (Center): 14%]
frame_000088,-1.0,3.701,6.4332,4.0162,14.1515,-1,0.0, -> [chair (Left): 5%]
frame_000089,-1.0,3.6259,10.671,3.8575,18.1554,-1,0.0, -> [chair (Left): 5%]
frame_000090,-1.0,3.8042,7.2016,4.0201,15.0269,-1,0.0, -> [chair (Left): 6%]
frame_000091,-1.0,3.8106,6.3802,4.0854,14.2772,-1,0.0, -> [chair (Left): 7%]
frame_000092,-1.0,3.9279,6.6558,4.081,14.6657,-1,0.0, -> [chair (Center): 7%]
frame_000093,-1.0,2.7564,7.4492,3.9149,14.1217,-1,0.0, -> [chair (Center): 9%]
frame_000094,-1.0,2.6847,7.5489,4.0729,14.3073,-1,0.0, -> [chair (Center): 6%]
frame_000095,-1.0,3.6239,6.2649,4.0097,13.8994,-1,0.0, -> [chair (Left): 5%]
frame_000096,-1.0,4.084,8.1416,4.0578,16.2845,-1,0.0, -> [chair (Left): 5%]
frame_000097,-1.0,3.7663,6.508,3.976,14.2514,-1,0.0, -> [chair (Center): 7%]
frame_000098,-1.0,3.7017,6.4422,4.0526,14.1975,-1,0.0, -> [chair (Center): 8%]
frame_000099,-1.0,3.8075,6.2277,4.0776,14.114,-1,0.0, -> [chair (Center): 7%]
frame_000100,-1.0,2.5937,7.5839,4.032,14.2106,-1,0.0, -> [chair (Center): 7%]
frame_000101,-1.0,3.2264,6.2992,3.9177,13.4444,-1,0.0, -> [chair (Center): 7%]
frame_000102,-1.0,3.7854,6.4875,4.0805,14.3543,-1,0.0," -> [chair (Center): 7%, pottedplant (Bottom-Left): 2%]"
frame_000103,-1.0,3.7012,6.2918,3.9864,13.9802,-1,0.0, -> [chair (Center): 8%]
frame_000104,-1.0,2.6936,6.2776,3.8959,12.8681,-1,0.0, -> [chair (Center): 8%]
frame_000105,-1.0,2.1455,6.4699,4.0364,12.6527,-1,0.0, -> [chair (Center): 8%]
frame_000106,-1.0,1.6519,13.422,4.0618,19.1367,-1,0.0, -> [chair (Center): 9%]
frame_000107,-1.0,3.8203,6.342,4.214,14.3773,-1,0.0," -> [chair (Center): 8%, pottedplant (Bottom-Left): 5%]"
frame_000108,-1.0,2.6937,8.2641,4.0616,15.0204,-1,0.0, -> [chair (Center): 8%]
frame_000109,-1.0,3.9524,9.0928,3.9932,17.0395,-1,0.0, -> [chair (Center): 8%]
frame_000110,-1.0,4.2534,6.5617,4.0599,14.876,-1,0.0, -> [chair (Center): 8%]
frame_000111,-1.0,3.7825,6.3163,3.9977,14.0976,-1,0.0, -> [chair (Center): 8%]
frame_000112,-1.0,3.9989,6.5663,4.0226,14.589,-1,0.0, -> [chair (Right): 9%]
frame_000113,-1.0,4.051,6.4149,4.0925,14.5594,-1,0.0, -> [chair (Right): 7%]
frame_000114,-1.0,4.4779,7.5469,4.0652,16.0911,-1,0.0, -> [chair (Right): 7%]
frame_000115,-1.0,1.9459,7.4034,4.2319,13.5825,-1,0.0, -> [chair (Right): 8%]
frame_000116,-1.0,3.1378,6.8212,3.8899,13.8502,-1,0.0, -> [chair (Right): 8%]
frame_000117,-1.0,3.4077,6.2498,4.0465,13.7054,-1,0.0, -> [chair (Right): 11%]
frame_000118,-1.0,3.4234,6.4732,3.9898,13.8875,-1,0.0, -> [chair (Right): 10%]
frame_000119,-1.0,3.8081,6.2665,3.9171,13.9928,-1,0.0, -> [chair (Right): 11%]
frame_000120,-1.0,3.5139,6.788,4.0055,14.3088,-1,0.0, -> [chair (Right): 13%]
frame_000121,-1.0,3.5034,6.5395,4.0574,14.1015,-1,0.0, -> [chair (Right): 8%]
frame_000122,-1.0,3.8641,7.3819,4.0169,15.2642,-1,0.0, -> [chair (Top-Right): 5%]
frame_000123,-1.0,3.3122,6.4664,4.0543,13.834,-1,0.0, -> [chair (Right): 6%]
frame_000124,-1.0,3.7904,6.5478,4.0132,14.3525,-1,0.0," -> [chair (Right): 5%, diningtable (Bottom): 2%]"
frame_000125,-1.0,3.4473,10.2012,4.0552,17.7046,-1,0.0," -> [chair (Right): 3%, diningtable (Bottom): 3%]"
frame_000126,-1.0,3.5089,11.3637,4.1999,19.0735,-1,0.0, -> [diningtable (Bottom): 3%]
frame_000127,-1.0,3.522,6.3475,4.0708,13.9414,-1,0.0," -> [chair (Right): 5%, diningtable (Bottom): 4%]"
frame_000128,-1.0,3.466,7.4267,4.0775,14.9711,-1,0.0, -> [diningtable (Bottom): 3%]
frame_000129,-1.0,3.4823,6.2155,3.981,13.6797,-1,0.0," -> [chair (Bottom-Right): 1%, diningtable (Bottom-Right): 7%]"
frame_000130,-1.0,3.5371,9.2792,4.0197,16.8369,-1,0.0," -> [chair (Bottom-Right): 1%, diningtable (Bottom-Right): 7%]"
frame_000131,-1.0,2.6143,6.3284,4.1602,13.1041,-1,0.0," -> [chair (Bottom-Right): 2%, diningtable (Bottom-Right): 6%]"
frame_000132,-1.0,2.1976,8.2878,4.0293,14.5157,-1,0.0, -> [diningtable (Bottom-Right): 7%]
frame_000133,-1.0,3.4954,6.5496,4.0793,14.1253,-1,0.0, -> [diningtable (Bottom-Right): 7%]
frame_000134,-1.0,3.6009,6.4167,3.9431,13.9617,-1,0.0, -> [diningtable (Bottom-Right): 7%]
frame_000135,-1.0,2.6139,6.2944,4.0486,12.9579,-1,0.0, -> [diningtable (Bottom-Right): 2%]
frame_000136,-1.0,2.1554,9.8311,3.9496,15.9372,-1,0.0, -> [diningtable (Bottom-Right): 1%]
frame_000137,-1.0,3.5713,6.3025,3.8451,13.7199,-1,0.0, -> [background only]
frame_000138,-1.0,3.4606,6.4726,3.8234,13.7577,-1,0.0, -> [background only]
frame_000139,-1.0,2.5247,7.1831,3.804,13.5127,-1,0.0, -> [diningtable (Bottom-Right): 1%]
frame_000140,-1.0,3.4986,6.4216,3.7553,13.6765,-1,0.0, -> [background only]
frame_000141,-1.0,3.4319,6.3104,3.9482,13.6915,-1,0.0, -> [background only]
frame_000142,-1.0,3.4318,6.5274,3.8487,13.8089,-1,0.0, -> [background only]
frame_000143,-1.0,3.6068,6.3041,3.8907,13.8025,-1,0.0, -> [background only]
frame_000144,-1.0,3.7646,6.469,3.9021,14.1369,-1,0.0, -> [background only]
frame_000145,-1.0,2.5708,7.5574,4.0213,14.1505,-1,0.0, -> [background only]
frame_000146,-1.0,3.8282,9.1424,3.9887,16.9605,-1,0.0, -> [background only]
frame_000147,-1.0,2.5152,7.2355,3.9406,13.6922,-1,0.0, -> [background only]
frame_000148,-1.0,3.5627,10.5764,3.7923,17.9326,-1,0.0, -> [background only]
frame_000149,-1.0,3.6826,6.3413,3.9226,13.9474,-1,0.0, -> [background only]
frame_000150,-1.0,3.647,6.5669,3.9147,14.1297,-1,0.0, -> [background only]
frame_000151,-1.0,3.4167,6.2689,3.8917,13.5782,-1,0.0, -> [background only]
frame_000152,-1.0,3.6582,6.7909,3.782,14.2321,-1,0.0, -> [background only]
frame_000153,-1.0,3.4152,6.2604,3.919,13.5958,-1,0.0, -> [background only]
frame_000154,-1.0,3.5678,6.4136,3.8545,13.8369,-1,0.0, -> [background only]
frame_000155,-1.0,3.5192,6.3007,3.8177,13.6385,-1,0.0, -> [background only]
frame_000156,-1.0,2.684,11.0775,3.7892,17.5517,-1,0.0, -> [background only]
frame_000157,-1.0,2.0087,7.1833,3.9295,13.1226,-1,0.0, -> [background only]
frame_000158,-1.0,2.5663,6.3796,3.7518,12.6989,-1,0.0, -> [background only]
frame_000159,-1.0,1.9417,7.5498,3.7254,13.2179,-1,0.0, -> [background only]
frame_000160,-1.0,3.553,7.814,3.94,15.308,-1,0.0, -> [background only]
frame_000161,-1.0,2.5676,6.4092,3.9796,12.9577,-1,0.0, -> [background only]
frame_000162,-1.0,1.9773,7.9423,3.741,13.6619,-1,0.0, -> [background only]
frame_000163,-1.0,3.5618,6.4465,3.8961,13.9056,-1,0.0, -> [background only]
frame_000164,-1.0,3.6003,6.4623,3.8363,13.9001,-1,0.0, -> [background only]
frame_000165,-1.0,2.5927,7.2892,4.0635,13.9463,-1,0.0, -> [background only]
frame_000166,-1.0,2.4656,6.2836,3.9257,12.676,-1,0.0, -> [background only]
frame_000167,-1.0,2.235,7.3709,3.7698,13.3769,-1,0.0, -> [background only]
frame_000168,-1.0,3.6118,6.4789,3.8635,13.9552,-1,0.0, -> [background only]
frame_000169,-1.0,3.446,6.2816,3.9206,13.6491,-1,0.0, -> [background only]
frame_000170,-1.0,2.5556,10.7001,3.8682,17.125,-1,0.0, -> [background only]
frame_000171,-1.0,3.3568,6.3516,3.9266,13.6363,-1,0.0, -> [background only]
frame_000172,-1.0,3.4507,7.989,3.8264,15.2674,-1,0.0, -> [background only]
frame_000173,-1.0,2.5463,7.2199,3.9233,13.6907,-1,0.0, -> [background only]
frame_000174,-1.0,3.7711,6.5002,3.8813,14.1538,-1,0.0, -> [background only]
frame_000175,-1.0,3.4769,6.2746,3.8061,13.5588,-1,0.0, -> [background only]
frame_000176,-1.0,3.4366,7.6867,3.8391,14.9636,-1,0.0, -> [background only]
frame_000177,-1.0,3.3447,6.4857,3.9406,13.772,-1,0.0, -> [background only]
frame_000178,-1.0,3.5162,6.9486,3.8351,14.3009,-1,0.0, -> [background only]
frame_000179,-1.0,2.5557,7.386,3.9418,13.8849,-1,0.0, -> [background only]
frame_000180,-1.0,3.5597,6.5017,3.8947,13.9573,-1,0.0, -> [background only]
frame_000181,-1.0,3.365,6.3464,3.8956,13.6081,-1,0.0, -> [background only]
frame_000182,-1.0,3.4426,6.5131,3.9312,13.8883,-1,0.0, -> [background only]
frame_000183,-1.0,3.3238,6.4182,3.9052,13.6482,-1,0.0, -> [background only]
frame_000184,-1.0,3.4029,7.5066,3.8146,14.7253,-1,0.0, -> [background only]
frame_000185,-1.0,3.3807,6.28,3.8647,13.5264,-1,0.0, -> [background only]
frame_000186,-1.0,3.5597,6.4687,3.7821,13.8116,-1,0.0, -> [background only]
frame_000187,-1.0,3.239,10.3456,3.958,17.5439,-1,0.0, -> [background only]
frame_000188,-1.0,3.4442,6.3801,3.7823,13.6077,-1,0.0, -> [background only]
frame_000189,-1.0,3.4868,6.3429,3.9324,13.7633,-1,0.0, -> [background only]
frame_000190,-1.0,3.457,6.4703,3.8334,13.7618,-1,0.0, -> [background only]
frame_000191,-1.0,3.3826,6.2931,3.9164,13.5932,-1,0.0, -> [background only]
frame_000192,-1.0,3.3705,6.4601,3.7875,13.619,-1,0.0, -> [background only]
frame_000193,-1.0,3.3933,6.3283,3.8865,13.6091,-1,0.0, -> [background only]
frame_000194,-1.0,3.3926,6.469,3.8727,13.7354,-1,0.0, -> [background only]
frame_000195,-1.0,3.3971,6.2986,3.9445,13.6413,-1,0.0, -> [chair (Left): 1%]
frame_000196,-1.0,3.6282,6.4376,3.9622,14.0293,-1,0.0, -> [background only]
frame_000197,-1.0,3.4985,6.336,3.7621,13.5977,-1,0.0, -> [background only]
frame_000198,-1.0,3.4033,6.5293,3.944,13.8775,-1,0.0, -> [background only]
frame_000199,-1.0,3.5443,6.3554,3.9171,13.8178,-1,0.0, -> [background only]
frame_000200,-1.0,3.314,6.4371,3.9319,13.6839,-1,0.0, -> [background only]
frame_000201,-1.0,2.5127,6.344,3.8554,12.7131,-1,0.0, -> [background only]
frame_000202,-1.0,1.6252,7.5941,3.861,13.0813,-1,0.0, -> [chair (Left): 3%]
frame_000203,-1.0,3.2981,6.301,3.9739,13.5742,-1,0.0, -> [chair (Left): 3%]
frame_000204,-1.0,3.6502,6.5281,4.1866,14.3661,-1,0.0, -> [chair (Left): 3%]
frame_000205,-1.0,2.5585,6.3871,4.0646,13.0116,-1,0.0, -> [chair (Left): 3%]
frame_000206,-1.0,1.6443,7.6989,3.9557,13.3003,-1,0.0, -> [chair (Left): 3%]
frame_000207,-1.0,3.4123,6.3148,3.9463,13.6748,-1,0.0, -> [chair (Left): 3%]
frame_000208,-1.0,3.4892,6.5654,4.0739,14.1297,-1,0.0, -> [chair (Left): 2%]
frame_000209,-1.0,2.5537,7.133,4.0577,13.7455,-1,0.0, -> [chair (Left): 4%]
frame_000210,-1.0,3.3164,8.6223,4.0736,16.0133,-1,0.0, -> [chair (Left): 3%]
frame_000211,-1.0,2.552,7.2806,4.0653,13.899,-1,0.0, -> [chair (Left): 2%]
frame_000212,-1.0,3.2552,6.5821,4.0305,13.869,-1,0.0, -> [chair (Left): 3%]
frame_000213,-1.0,3.4876,6.4293,4.326,14.2438,-1,0.0, -> [chair (Left): 3%]
frame_000214,-1.0,3.0063,6.6328,4.3515,13.9915,-1,0.0, -> [chair (Left): 3%]
frame_000215,-1.0,2.1703,7.209,4.3396,13.7202,-1,0.0, -> [chair (Left): 1%]
frame_000216,-1.0,3.2545,9.3539,3.9678,16.5771,-1,0.0, -> [background only]
frame_000217,-1.0,3.3786,6.663,4.1334,14.1762,-1,0.0, -> [chair (Left): 1%]
frame_000218,-1.0,2.8009,6.5015,4.0549,13.3585,-1,0.0, -> [background only]
frame_000219,-1.0,2.6857,6.4505,4.2921,13.4293,-1,0.0, -> [chair (Left): 1%]
frame_000220,-1.0,3.3567,6.297,4.0982,13.7529,-1,0.0, -> [chair (Left): 2%]
frame_000221,-1.0,3.7541,6.4126,4.229,14.3967,-1,0.0, -> [chair (Left): 1%]
frame_000222,-1.0,3.3718,6.3396,4.198,13.9106,-1,0.0, -> [background only]
frame_000223,-1.0,3.3358,6.4811,4.1534,13.9711,-1,0.0, -> [background only]
frame_000224,-1.0,3.3604,6.2872,4.1044,13.7531,-1,0.0, -> [background only]
frame_000225,-1.0,3.5247,6.4194,4.2579,14.2035,-1,0.0, -> [background only]
frame_000226,-1.0,3.4563,6.3523,4.2209,14.0305,-1,0.0, -> [background only]
frame_000227,-1.0,2.6335,7.3054,4.14,14.08,-1,0.0, -> [background only]
frame_000228,-1.0,2.615,7.2065,4.0398,13.8625,-1,0.0, -> [background only]
frame_000229,-1.0,3.7182,6.5612,4.1264,14.4068,-1,0.0, -> [background only]
frame_000230,-1.0,2.4557,7.1966,4.2782,13.9314,-1,0.0, -> [background only]
frame_000231,-1.0,3.4559,6.4772,4.0902,14.0243,-1,0.0, -> [background only]
frame_000232,-1.0,3.6493,6.3085,4.2763,14.2351,-1,0.0, -> [background only]
frame_000233,-1.0,3.4182,7.8491,4.0716,15.3399,-1,0.0, -> [background only]
frame_000234,-1.0,3.3962,6.3992,3.9438,13.7402,-1,0.0, -> [background only]
frame_000235,-1.0,3.4669,6.5719,4.1144,14.1543,-1,0.0, -> [background only]
frame_000236,-1.0,3.2947,6.4075,4.1077,13.8109,-1,0.0, -> [background only]
frame_000237,-1.0,3.3642,6.4225,3.9857,13.7735,-1,0.0, -> [background only]
frame_000238,-1.0,3.3059,6.2832,3.897,13.487,-1,0.0, -> [background only]
frame_000239,-1.0,3.5063,10.6437,4.1465,18.2975,-1,0.0, -> [background only]
frame_000240,-1.0,2.5072,6.2998,4.1581,12.9661,-1,0.0, -> [background only]
frame_000241,-1.0,2.101,7.6786,4.1665,13.9471,-1,0.0, -> [background only]
frame_000242,-1.0,3.396,6.3018,4.1376,13.8365,-1,0.0, -> [background only]
frame_000243,-1.0,3.529,6.3996,3.8864,13.8164,-1,0.0, -> [background only]
frame_000244,-1.0,2.5568,6.3308,4.2196,13.1084,-1,0.0, -> [background only]
frame_000245,-1.0,2.0879,7.6842,4.1045,13.878,-1,0.0, -> [background only]
frame_000246,-1.0,3.4557,6.3067,4.2211,13.9845,-1,0.0, -> [background only]
frame_000247,-1.0,3.4786,6.4789,4.0933,14.052,-1,0.0, -> [background only]
frame_000248,-1.0,2.6612,6.2803,3.853,12.7957,-1,0.0, -> [background only]
frame_000249,-1.0,2.3885,7.8828,4.1397,14.4122,-1,0.0, -> [background only]
frame_000250,-1.0,3.2633,6.3533,4.1435,13.7612,-1,0.0, -> [background only]
frame_000251,-1.0,3.6674,6.4318,4.2101,14.3105,-1,0.0, -> [background only]
frame_000252,-1.0,2.4746,6.2771,4.0337,12.7867,-1,0.0, -> [background only]
frame_000253,-1.0,1.7365,6.2505,4.0089,11.9969,-1,0.0, -> [background only]
frame_000254,-1.0,2.0858,7.4571,4.1971,13.7411,-1,0.0, -> [background only]
frame_000255,-1.0,3.7694,7.2589,4.2483,15.278,-1,0.0, -> [background only]
frame_000256,-1.0,3.5309,6.4227,4.1367,14.0914,-1,0.0, -> [background only]
frame_000257,-1.0,3.3731,6.4075,4.1397,13.9215,-1,0.0, -> [background only]
frame_000258,-1.0,2.5341,6.2875,4.0259,12.8488,-1,0.0, -> [background only]
frame_000259,-1.0,1.81,6.3386,3.966,12.1156,-1,0.0, -> [background only]
frame_000260,-1.0,2.1393,6.3264,4.1342,12.6014,-1,0.0, -> [background only]
frame_000261,-1.0,1.7034,7.6489,4.1503,13.5037,-1,0.0, -> [background only]
frame_000262,-1.0,2.5612,7.0625,4.2001,13.8246,-1,0.0, -> [background only]
frame_000263,-1.0,2.743,6.3682,4.1753,13.2875,-1,0.0, -> [background only]
frame_000264,-1.0,2.0629,6.2947,4.1176,12.4764,-1,0.0, -> [background only]
frame_000265,-1.0,1.8672,7.8493,4.2057,13.9231,-1,0.0, -> [background only]
frame_000266,-1.0,3.4768,6.3214,4.0797,13.879,-1,0.0, -> [background only]
frame_000267,-1.0,3.5557,6.3721,4.0033,13.9321,-1,0.0, -> [background only]
frame_000268,-1.0,3.4774,6.4743,4.2703,14.2232,-1,0.0, -> [background only]
frame_000269,-1.0,3.6179,7.3473,4.209,15.1753,-1,0.0, -> [background only]
frame_000270,-1.0,2.488,6.2679,3.9998,12.7571,-1,0.0, -> [background only]
frame_000271,-1.0,2.0525,6.3018,4.1384,12.4937,-1,0.0, -> [background only]
frame_000272,-1.0,1.8267,7.8345,4.1765,13.8388,-1,0.0, -> [background only]
frame_000273,-1.0,3.5709,6.3982,4.2675,14.2379,-1,0.0, -> [background only]
frame_000274,-1.0,2.4897,6.3949,4.098,12.9839,-1,0.0, -> [background only]
frame_000275,-1.0,1.8261,6.2952,4.0132,12.1361,-1,0.0, -> [background only]
frame_000276,-1.0,2.0093,7.9411,4.1402,14.0915,-1,0.0, -> [background only]
frame_000277,-1.0,2.503,7.1335,4.1593,13.7969,-1,0.0, -> [background only]
frame_000278,-1.0,3.5441,6.4465,4.1483,14.1399,-1,0.0, -> [background only]
frame_000279,-1.0,3.3572,6.3911,4.2084,13.9575,-1,0.0, -> [background only]
frame_000280,-1.0,2.4986,6.2798,4.1518,12.9311,-1,0.0, -> [background only]
frame_000281,-1.0,2.0497,7.6566,4.0867,13.794,-1,0.0, -> [background only]
frame_000282,-1.0,3.3616,6.3017,4.073,13.7372,-1,0.0, -> [background only]
frame_000283,-1.0,3.6142,6.4436,4.2259,14.2848,-1,0.0, -> [background only]
frame_000284,-1.0,3.4085,6.3017,4.0093,13.7207,-1,0.0, -> [background only]
frame_000285,-1.0,3.2333,7.2217,4.2016,14.6576,-1,0.0, -> [background only]
frame_000286,-1.0,3.2607,6.299,4.0384,13.5995,-1,0.0, -> [background only]
frame_000287,-1.0,3.4865,6.4558,4.2043,14.1478,-1,0.0, -> [background only]
frame_000288,-1.0,3.6456,6.3874,4.0572,14.0912,-1,0.0, -> [background only]
frame_000289,-1.0,3.3939,6.7659,3.8506,14.0116,-1,0.0, -> [background only]
frame_000290,-1.0,3.3149,6.311,4.2003,13.8273,-1,0.0, -> [background only]
frame_000291,-1.0,3.5918,6.446,4.2414,14.2802,-1,0.0, -> [background only]
frame_000292,-1.0,2.549,6.3411,3.9874,12.8788,-1,0.0, -> [background only]
frame_000293,-1.0,2.148,6.302,3.9886,12.4397,-1,0.0, -> [background only]
frame_000294,-1.0,1.7289,7.5036,3.8799,13.1134,-1,0.0, -> [background only]
frame_000295,-1.0,3.5695,6.551,4.1438,14.2655,-1,0.0, -> [background only]
frame_000296,-1.0,2.5137,7.1287,4.204,13.8475,-1,0.0, -> [background only]
frame_000297,-1.0,2.6086,6.367,4.2,13.1767,-1,0.0, -> [background only]
frame_000298,-1.0,2.1341,7.5317,4.2048,13.8721,-1,0.0, -> [background only]
frame_000299,-1.0,3.5784,6.4896,4.1397,14.2086,-1,0.0, -> [background only]
frame_000300,-1.0,2.4547,6.4096,3.9657,12.8313,-1,0.0, -> [background only]
frame_000301,-1.0,2.0481,6.2765,3.9808,12.3063,-1,0.0, -> [background only]
frame_000302,-1.0,1.7556,7.5226,4.1485,13.4279,-1,0.0, -> [background only]
frame_000303,-1.0,3.6506,6.4546,4.2765,14.3826,-1,0.0, -> [background only]
frame_000304,-1.0,3.335,6.4321,4.1165,13.8845,-1,0.0, -> [background only]
frame_000305,-1.0,2.4431,6.2584,4.1618,12.8643,-1,0.0, -> [background only]
frame_000306,-1.0,2.1011,6.2945,4.0287,12.4255,-1,0.0, -> [background only]
frame_000307,-1.0,1.7834,7.7231,4.2469,13.7543,-1,0.0, -> [background only]
frame_000308,-1.0,3.7151,6.5521,4.195,14.4634,-1,0.0, -> [background only]
frame_000309,-1.0,3.4679,6.3032,4.0781,13.8505,-1,0.0, -> [background only]
frame_000310,-1.0,3.4056,6.7492,4.0844,14.2403,-1,0.0, -> [background only]
frame_000311,-1.0,3.6883,6.2984,4.1611,14.1491,-1,0.0, -> [background only]
frame_000312,-1.0,2.5867,7.5509,4.1293,14.2679,-1,0.0, -> [background only]
frame_000313,-1.0,3.4282,6.2913,4.0385,13.7591,-1,0.0, -> [background only]
frame_000314,-1.0,3.5735,6.4235,4.1577,14.1559,-1,0.0, -> [background only]
frame_000315,-1.0,2.5065,11.3909,4.186,18.0845,-1,0.0, -> [background only]
frame_000316,-1.0,3.4838,9.5221,3.9561,16.9633,-1,0.0, -> [background only]
frame_000317,-1.0,3.4613,6.3966,4.1671,14.0263,-1,0.0, -> [background only]
frame_000318,-1.0,3.3541,6.3893,4.2189,13.9632,-1,0.0, -> [background only]
frame_000319,-1.0,3.4617,6.3892,4.1663,14.0182,-1,0.0, -> [background only]
frame_000320,-1.0,3.5215,6.4128,4.1825,14.118,-1,0.0, -> [background only]
frame_000321,-1.0,3.4835,6.2616,4.0611,13.8073,-1,0.0, -> [background only]
frame_000322,-1.0,3.5997,6.4801,3.9959,14.0769,-1,0.0, -> [background only]
frame_000323,-1.0,2.5959,7.0871,4.1358,13.8197,-1,0.0, -> [background only]
frame_000324,-1.0,3.3622,6.3603,4.0856,13.8091,-1,0.0, -> [background only]
frame_000325,-1.0,2.536,7.1244,4.0271,13.6885,-1,0.0, -> [background only]
frame_000326,-1.0,3.6534,6.5082,4.2149,14.3775,-1,0.0, -> [background only]
frame_000327,-1.0,3.3767,6.2047,4.0607,13.643,-1,0.0, -> [background only]
frame_000328,-1.0,3.5988,6.539,4.0241,14.1628,-1,0.0, -> [background only]
frame_000329,-1.0,3.3252,6.533,4.1489,14.0081,-1,0.0, -> [background only]
frame_000330,-1.0,3.3382,6.3813,4.0749,13.7955,-1,0.0, -> [background only]
frame_000331,-1.0,3.3933,6.3298,4.1843,13.9084,-1,0.0, -> [background only]
frame_000332,-1.0,3.3477,6.2471,4.0267,13.6225,-1,0.0, -> [background only]
frame_000333,-1.0,3.3935,6.5373,4.075,14.0068,-1,0.0, -> [background only]
frame_000334,-1.0,3.3441,6.4558,4.2071,14.0078,-1,0.0, -> [background only]
frame_000335,-1.0,3.7793,7.2433,4.1346,15.1583,-1,0.0, -> [background only]
frame_000336,-1.0,3.382,6.3223,4.0293,13.7346,-1,0.0, -> [background only]
frame_000337,-1.0,3.3674,6.3603,4.1662,13.8949,-1,0.0, -> [background only]
frame_000338,-1.0,2.4713,7.2503,3.9171,13.6396,-1,0.0, -> [background only]
frame_000339,-1.0,3.6481,6.4679,4.0892,14.2063,-1,0.0, -> [background only]
frame_000340,-1.0,3.1561,6.3739,4.0085,13.5396,-1,0.0, -> [background only]
frame_000341,-1.0,3.2472,6.3591,4.0485,13.656,-1,0.0, -> [background only]
frame_000342,-1.0,2.8557,6.3815,3.9024,13.1407,-1,0.0, -> [background only]
frame_000343,-1.0,3.2328,6.434,3.9116,13.5796,-1,0.0, -> [background only]
frame_000344,-1.0,3.1718,6.2777,3.9607,13.4113,-1,0.0, -> [background only]
frame_000345,-1.0,3.581,6.4005,3.9747,13.9576,-1,0.0, -> [background only]
frame_000346,-1.0,3.4861,6.2684,3.752,13.5077,-1,0.0, -> [background only]
frame_000347,-1.0,3.2927,6.495,3.9754,13.7643,-1,0.0, -> [background only]
frame_000348,-1.0,3.4416,6.3031,4.0294,13.7754,-1,0.0, -> [background only]
frame_000349,-1.0,3.48,6.5062,3.9689,13.9558,-1,0.0, -> [background only]
frame_000350,-1.0,3.2838,6.2635,3.9087,13.4572,-1,0.0, -> [background only]
frame_000351,-1.0,3.3774,6.4445,4.0307,13.8537,-1,0.0, -> [background only]
frame_000352,-1.0,3.5061,6.4173,3.8872,13.8116,-1,0.0, -> [background only]
frame_000353,-1.0,3.6966,7.0792,3.8656,14.6425,-1,0.0, -> [background only]
frame_000354,-1.0,3.3669,6.2534,4.0467,13.6682,-1,0.0, -> [background only]
frame_000355,-1.0,3.3447,6.5728,4.0225,13.9412,-1,0.0, -> [background only]
frame_000356,-1.0,3.4944,6.4018,4.0145,13.9118,-1,0.0, -> [background only]
frame_000357,-1.0,3.3777,6.4223,3.97,13.771,-1,0.0, -> [background only]
frame_000358,-1.0,3.6684,6.3155,3.9989,13.9837,-1,0.0, -> [background only]
frame_000359,-1.0,3.3136,6.3892,3.9923,13.696,-1,0.0, -> [background only]
frame_000360,-1.0,3.5161,6.2462,4.0548,13.8183,-1,0.0, -> [background only]
frame_000361,-1.0,3.5816,6.3525,4.0198,13.9548,-1,0.0, -> [background only]
frame_000362,-1.0,3.3799,7.2237,4.0204,14.625,-1,0.0, -> [background only]
frame_000363,-1.0,3.5084,6.5064,3.8591,13.8752,-1,0.0, -> [background only]
frame_000364,-1.0,3.5366,6.2793,4.0642,13.8811,-1,0.0, -> [background only]
frame_000365,-1.0,3.7383,10.803,4.1066,18.6491,-1,0.0, -> [background only]
frame_000366,-1.0,3.3911,6.345,4.1464,13.8839,-1,0.0, -> [background only]
frame_000367,-1.0,3.5781,11.1445,4.1374,18.8613,-1,0.0, -> [background only]
frame_000368,-1.0,3.5375,6.1495,4.0476,13.7356,-1,0.0, -> [background only]
frame_000369,-1.0,3.5722,6.3482,4.0164,13.9379,-1,0.0, -> [background only]
frame_000370,-1.0,3.56,6.4214,3.7942,13.7764,-1,0.0, -> [background only]
frame_000371,-1.0,3.5988,6.4701,4.011,14.0809,-1,0.0, -> [background only]
frame_000372,-1.0,3.2835,6.2432,4.0485,13.5761,-1,0.0, -> [background only]
frame_000373,-1.0,3.4816,10.7809,3.9971,18.2605,-1,0.0, -> [background only]
frame_000374,-1.0,3.5314,6.2505,4.0325,13.8153,-1,0.0, -> [background only]
frame_000375,-1.0,3.4303,6.4492,4.1044,13.985,-1,0.0, -> [background only]
frame_000376,-1.0,3.4475,6.255,3.9905,13.694,-1,0.0, -> [background only]
frame_000377,-1.0,3.32,6.3495,4.0613,13.732,-1,0.0, -> [background only]
frame_000378,-1.0,3.4858,6.4298,4.0948,14.0112,-1,0.0, -> [background only]
frame_000379,-1.0,3.4633,6.4728,3.8021,13.7393,-1,0.0, -> [background only]
frame_000380,-1.0,3.4151,6.4011,4.0007,13.8178,-1,0.0, -> [background only]
frame_000381,-1.0,3.5182,10.4028,4.0436,17.9657,-1,0.0, -> [background only]
frame_000382,-1.0,3.365,7.6622,3.9809,15.0092,-1,0.0, -> [background only]
frame_000383,-1.0,3.5156,10.6004,3.9481,18.0651,-1,0.0, -> [background only]
frame_000384,-1.0,3.3077,6.3474,3.9731,13.6291,-1,0.0, -> [background only]
frame_000385,-1.0,3.7202,11.0482,4.0253,18.7948,-1,0.0, -> [background only]
frame_000386,-1.0,3.3753,6.2902,4.0736,13.7404,-1,0.0, -> [background only]
frame_000387,-1.0,3.489,6.5,3.7768,13.7672,-1,0.0, -> [background only]
frame_000388,-1.0,3.5423,6.305,3.9462,13.7946,-1,0.0, -> [background only]
frame_000389,-1.0,3.6524,6.5908,3.9442,14.1885,-1,0.0, -> [background only]
frame_000390,-1.0,3.5286,6.3577,4.0743,13.9616,-1,0.0, -> [background only]
frame_000391,-1.0,3.5029,6.5529,3.9099,13.9668,-1,0.0, -> [background only]
frame_000392,-1.0,3.5658,6.4133,3.9874,13.9677,-1,0.0, -> [background only]
frame_000393,-1.0,3.304,6.6833,3.9287,13.917,-1,0.0, -> [background only]
frame_000394,-1.0,3.3893,6.3134,4.1453,13.8494,-1,0.0, -> [background only]
frame_000395,-1.0,3.6122,6.4236,4.0362,14.073,-1,0.0, -> [background only]
frame_000396,-1.0,3.2012,7.314,3.9827,14.4991,-1,0.0, -> [background only]
frame_000397,-1.0,3.66,6.4801,4.0517,14.1932,-1,0.0, -> [background only]
frame_000398,-1.0,3.3918,6.287,4.101,13.7809,-1,0.0, -> [background only]
frame_000399,-1.0,3.4269,6.711,4.0065,14.1453,-1,0.0, -> [background only]
frame_000400,-1.0,3.3809,6.2436,3.9667,13.5921,-1,0.0, -> [background only]
frame_000401,-1.0,3.6831,6.476,3.9544,14.1146,-1,0.0, -> [background only]
frame_000402,-1.0,3.4529,6.2568,3.9416,13.6527,-1,0.0, -> [background only]
frame_000403,-1.0,3.6732,6.583,4.0271,14.2846,-1,0.0, -> [background only]
frame_000404,-1.0,3.4774,6.572,4.0537,14.1044,-1,0.0, -> [background only]
frame_000405,-1.0,3.5385,9.0973,4.0214,16.6583,-1,0.0, -> [background only]
frame_000406,-1.0,3.553,6.5135,3.9602,14.028,-1,0.0, -> [background only]
frame_000407,-1.0,3.4746,6.429,3.9899,13.8946,-1,0.0, -> [background only]
frame_000408,-1.0,2.5009,7.4634,3.9067,13.8721,-1,0.0, -> [background only]
frame_000409,-1.0,2.6661,6.2814,4.0975,13.0462,-1,0.0, -> [background only]
frame_000410,-1.0,2.0791,8.1078,3.9982,14.1863,-1,0.0, -> [background only]
frame_000411,-1.0,3.3439,6.312,4.0103,13.6671,-1,0.0, -> [background only]
frame_000412,-1.0,3.7626,6.4135,3.9761,14.1535,-1,0.0, -> [background only]
frame_000413,-1.0,3.5677,6.3866,4.0706,14.0261,-1,0.0, -> [background only]
frame_000414,-1.0,3.4417,6.6267,4.058,14.1275,-1,0.0, -> [background only]
frame_000415,-1.0,3.4253,6.2756,4.0723,13.7744,-1,0.0, -> [background only]
frame_000416,-1.0,3.6027,6.4518,3.8883,13.9439,-1,0.0, -> [background only]
frame_000417,-1.0,3.086,10.8903,4.0683,18.0455,-1,0.0, -> [background only]
frame_000418,-1.0,2.6521,6.4652,3.9447,13.0631,-1,0.0, -> [background only]
frame_000419,-1.0,3.3151,6.3339,4.0082,13.6583,-1,0.0, -> [background only]
frame_000420,-1.0,3.3842,6.4573,4.029,13.8716,-1,0.0, -> [background only]
frame_000421,-1.0,1.9476,6.2797,3.984,12.2123,-1,0.0, -> [background only]
frame_000422,-1.0,2.1379,7.6826,4.0056,13.8272,-1,0.0, -> [background only]
frame_000423,-1.0,3.2974,6.2518,3.8987,13.449,-1,0.0, -> [background only]
frame_000424,-1.0,3.4706,6.2547,4.0848,13.811,-1,0.0, -> [background only]
frame_000425,-1.0,2.4504,6.319,3.9335,12.704,-1,0.0, -> [background only]
frame_000426,-1.0,2.1023,6.2949,4.0645,12.4627,-1,0.0, -> [background only]
frame_000427,-1.0,1.7093,6.2318,4.0646,12.0069,-1,0.0, -> [background only]
frame_000428,-1.0,2.0707,6.3563,4.0696,12.4975,-1,0.0, -> [background only]
frame_000429,-1.0,3.7642,10.1288,3.9257,17.8198,-1,0.0, -> [background only]
frame_000430,-1.0,3.4435,6.3393,4.0363,13.82,-1,0.0, -> [background only]
frame_000431,-1.0,3.6168,6.9972,3.9857,14.6008,-1,0.0, -> [background only]
frame_000432,-1.0,3.3825,6.3605,4.0267,13.7707,-1,0.0, -> [background only]
frame_000433,-1.0,3.7792,10.4418,4.0163,18.2384,-1,0.0, -> [background only]
frame_000434,-1.0,2.5799,6.2559,4.02,12.8569,-1,0.0, -> [background only]
frame_000435,-1.0,2.1224,7.8997,3.8943,13.9177,-1,0.0, -> [background only]
frame_000436,-1.0,2.4496,7.1604,4.145,13.7564,-1,0.0, -> [background only]
frame_000437,-1.0,3.5728,6.4386,4.0387,14.0512,-1,0.0, -> [background only]
frame_000438,-1.0,3.5207,6.23,4.0137,13.7657,-1,0.0, -> [chair (Top-Right): 1%]
frame_000439,-1.0,3.6738,6.4003,4.0924,14.1675,-1,0.0, -> [chair (Top-Right): 4%]
frame_000440,-1.0,2.5918,6.2817,4.1644,13.0391,-1,0.0, -> [chair (Right): 11%]
frame_000441,-1.0,2.0115,7.9035,4.1988,14.1149,-1,0.0, -> [chair (Top-Right): 6%]
frame_000442,-1.0,3.481,8.6087,4.2063,16.2971,-1,0.0, -> [chair (Top-Right): 8%]
frame_000443,-1.0,3.7472,6.3358,3.9936,14.0777,-1,0.0, -> [chair (Right): 13%]
frame_000444,-1.0,2.4942,6.3011,4.2355,13.032,-1,0.0, -> [chair (Right): 14%]
frame_000445,-1.0,2.144,7.7416,4.1448,14.0315,-1,0.0, -> [chair (Right): 19%]
frame_000446,-1.0,2.5164,6.3787,4.2335,13.1296,-1,0.0," -> [bicycle (Right): 3%, chair (Right): 12%]"
frame_000447,-1.0,2.1751,7.7663,4.165,14.1074,-1,0.0, -> [chair (Right): 17%]
frame_000448,-1.0,2.5729,6.3434,4.2062,13.1234,-1,0.0, -> [chair (Center): 19%]
frame_000449,-1.0,2.1587,7.6402,4.25,14.0498,-1,0.0, -> [chair (Center): 16%]
frame_000450,-1.0,3.2792,6.2868,4.0467,13.6138,-1,0.0, -> [chair (Center): 20%]
frame_000451,-1.0,3.4349,6.4076,4.1666,14.0099,-1,0.0, -> [chair (Center): 20%]
frame_000452,-1.0,3.5563,6.255,4.2114,14.0238,-1,0.0, -> [chair (Center): 21%]
frame_000453,-1.0,3.5255,7.838,4.1239,15.4884,-1,0.0, -> [chair (Center): 19%]
frame_000454,-1.0,2.6395,6.2791,4.1542,13.074,-1,0.0, -> [chair (Center): 19%]
frame_000455,-1.0,2.0424,8.1292,4.0403,14.2131,-1,0.0, -> [chair (Center): 18%]
frame_000456,-1.0,3.4581,6.2803,4.0778,13.8172,-1,0.0, -> [chair (Center): 19%]
frame_000457,-1.0,3.4039,6.4664,4.1253,13.9966,-1,0.0, -> [chair (Center): 16%]
frame_000458,-1.0,2.6604,6.3852,4.2261,13.2726,-1,0.0, -> [chair (Center): 16%]
frame_000459,-1.0,2.1526,6.4443,4.2672,12.865,-1,0.0, -> [chair (Center): 16%]
frame_000460,-1.0,1.8237,6.4617,4.0994,12.3859,-1,0.0, -> [chair (Center): 16%]
frame_000461,-1.0,1.7292,7.8489,3.9338,13.5129,-1,0.0, -> [chair (Center): 15%]
frame_000462,-1.0,3.2342,6.3054,4.1937,13.7345,-1,0.0, -> [chair (Center): 16%]
frame_000463,-1.0,3.4514,6.3682,4.1732,13.9936,-1,0.0, -> [chair (Center): 19%]
frame_000464,-1.0,3.4586,6.3522,4.2558,14.0676,-1,0.0, -> [chair (Center): 18%]
frame_000465,-1.0,3.4267,6.3882,4.1271,13.9428,-1,0.0, -> [chair (Center): 16%]
frame_000466,-1.0,3.4843,6.2717,4.1589,13.916,-1,0.0, -> [chair (Center): 23%]
frame_000467,-1.0,3.4899,10.04,4.1914,17.7224,-1,0.0, -> [chair (Center): 22%]
frame_000468,-1.0,3.5111,6.3063,4.1414,13.9597,-1,0.0, -> [chair (Center): 18%]
frame_000469,-1.0,3.4521,9.4113,4.1595,17.0237,-1,0.0, -> [chair (Center): 15%]
frame_000470,-1.0,2.6448,6.4387,4.074,13.1587,-1,0.0," -> [bicycle (Top-Right): 1%, chair (Center): 15%]"
frame_000471,-1.0,2.1558,7.8234,4.1745,14.1546,-1,0.0," -> [bicycle (Center): 3%, chair (Center): 14%]"
frame_000472,-1.0,3.2609,6.2496,4.2562,13.7678,-1,0.0," -> [bicycle (Center): 2%, chair (Center): 12%]"
frame_000473,-1.0,3.5002,6.4708,4.1968,14.1687,-1,0.0, -> [chair (Center): 17%]
frame_000474,-1.0,2.5594,6.3001,4.2657,13.1262,-1,0.0," -> [bicycle (Right): 2%, chair (Center): 18%]"
frame_000475,-1.0,2.1223,7.8597,4.0336,14.0166,-1,0.0," -> [bicycle (Right): 1%, chair (Center): 16%]"
frame_000476,-1.0,3.4233,6.3405,4.2864,14.0511,-1,0.0," -> [chair (Center): 19%, diningtable (Bottom-Left): 1%]"
frame_000477,-1.0,3.5111,6.5354,4.1834,14.231,-1,0.0," -> [chair (Center): 19%, diningtable (Bottom-Left): 1%]"
frame_000478,-1.0,3.4251,6.288,4.3036,14.0179,-1,0.0," -> [bicycle (Right): 1%, chair (Center): 19%]"
frame_000479,-1.0,3.6845,6.5739,4.3347,14.5944,-1,0.0," -> [bicycle (Right): 1%, chair (Center): 19%, diningtable (Bottom-Left): 1%]"
frame_000480,-1.0,3.4019,6.3709,4.3278,14.102,-1,0.0," -> [bicycle (Right): 1%, chair (Center): 16%, diningtable (Bottom-Left): 3%]"
frame_000481,-1.0,3.4598,6.3973,4.109,13.9671,-1,0.0," -> [bicycle (Center): 1%, chair (Center): 15%]"
frame_000482,-1.0,3.3001,6.3104,4.2241,13.836,-1,0.0," -> [bicycle (Center): 1%, chair (Center): 14%, diningtable (Bottom-Left): 1%]"
frame_000483,-1.0,3.6011,6.4187,4.2418,14.2629,-1,0.0," -> [bicycle (Center): 1%, chair (Center): 21%, diningtable (Bottom-Left): 1%]"
frame_000484,-1.0,2.5926,6.3275,4.2394,13.1606,-1,0.0, -> [chair (Center): 24%]
frame_000485,-1.0,2.0364,7.6507,4.219,13.9072,-1,0.0, -> [chair (Center): 16%]
frame_000486,-1.0,3.5154,6.3127,4.1303,13.9594,-1,0.0, -> [chair (Center): 24%]
frame_000487,-1.0,3.5546,6.5184,4.1636,14.2376,-1,0.0, -> [chair (Center): 22%]
frame_000488,-1.0,3.4838,6.2366,4.0226,13.7442,-1,0.0," -> [chair (Center): 21%, diningtable (Bottom-Left): 2%]"
frame_000489,-1.0,3.3719,9.3165,4.1506,16.8401,-1,0.0, -> [chair (Center): 19%]
frame_000490,-1.0,3.3895,6.5509,4.2347,14.1762,-1,0.0," -> [chair (Center): 18%, diningtable (Bottom-Left): 1%]"
frame_000491,-1.0,3.4306,6.3002,4.19,13.922,-1,0.0, -> [chair (Center): 16%]
frame_000492,-1.0,2.4866,6.3695,4.1352,12.9927,-1,0.0, -> [chair (Center): 16%]
frame_000493,-1.0,2.1271,10.0119,4.1946,16.3346,-1,0.0," -> [chair (Center): 18%, diningtable (Bottom-Left): 3%]"
frame_000494,-1.0,1.6913,7.7972,4.1282,13.6177,-1,0.0, -> [chair (Center): 16%]
frame_000495,-1.0,3.3961,6.2217,4.2384,13.8574,-1,0.0, -> [chair (Center): 19%]
frame_000496,-1.0,3.4112,6.433,4.2278,14.073,-1,0.0," -> [chair (Center): 20%, diningtable (Bottom-Left): 1%]"
frame_000497,-1.0,3.1388,10.2489,4.2219,17.6106,-1,0.0," -> [chair (Center): 16%, diningtable (Bottom-Left): 2%]"
frame_000498,-1.0,3.4634,6.3815,4.1164,13.9623,-1,0.0," -> [chair (Center): 16%, diningtable (Bottom-Left): 1%]"
frame_000499,-1.0,2.5526,6.2851,4.201,13.0399,-1,0.0, -> [chair (Center): 16%]
frame_000500,-1.0,2.1427,7.8232,4.1497,14.1166,-1,0.0," -> [chair (Center): 14%, diningtable (Bottom-Left): 3%]"
frame_000501,-1.0,3.4162,6.2173,4.1182,13.7526,-1,0.0," -> [chair (Center): 14%, diningtable (Bottom-Left): 3%]"
frame_000502,-1.0,3.4674,6.4088,4.2669,14.1441,-1,0.0," -> [chair (Center): 14%, diningtable (Bottom-Left): 4%]"
frame_000503,-1.0,3.383,6.2577,4.2487,13.8906,-1,0.0," -> [chair (Center): 15%, diningtable (Bottom-Left): 3%]"
frame_000504,-1.0,3.5322,6.3808,4.2294,14.1437,-1,0.0," -> [chair (Center): 15%, diningtable (Bottom-Left): 3%]"
frame_000505,-1.0,2.4818,9.8963,4.2113,16.5905,-1,0.0," -> [chair (Center): 15%, diningtable (Bottom-Left): 3%]"
frame_000506,-1.0,2.225,7.6397,4.2598,14.1256,-1,0.0," -> [chair (Center): 17%, diningtable (Bottom-Left): 4%]"
frame_000507,-1.0,2.6341,7.0664,4.2793,13.9809,-1,0.0," -> [chair (Center): 16%, diningtable (Bottom-Left): 4%]"
frame_000508,-1.0,3.6168,6.3786,4.2441,14.2406,-1,0.0," -> [chair (Center): 16%, diningtable (Bottom-Left): 4%]"
frame_000509,-1.0,2.5431,7.1352,4.1616,13.8409,-1,0.0," -> [chair (Center): 16%, diningtable (Bottom-Left): 4%]"
frame_000510,-1.0,3.5585,6.4591,4.2074,14.2261,-1,0.0," -> [chair (Center): 16%, diningtable (Bottom-Left): 3%]"
frame_000511,-1.0,2.5435,6.3508,4.2494,13.1447,-1,0.0," -> [chair (Center): 16%, diningtable (Bottom-Left): 4%]"
frame_000512,-1.0,2.1356,7.8548,4.275,14.2664,-1,0.0," -> [chair (Center): 15%, diningtable (Bottom-Left): 4%]"
frame_000513,-1.0,3.3845,6.3576,4.2743,14.0174,-1,0.0," -> [chair (Center): 14%, diningtable (Bottom-Left): 4%]"
frame_000514,-1.0,3.517,6.4635,4.2763,14.2577,-1,0.0," -> [chair (Center): 15%, diningtable (Bottom-Left): 4%]"
frame_000515,-1.0,3.5642,6.3517,4.0251,13.9421,-1,0.0," -> [chair (Center): 14%, diningtable (Bottom-Left): 4%]"
frame_000516,-1.0,3.4839,6.4461,4.349,14.2801,-1,0.0," -> [bicycle (Center): 1%, chair (Center): 14%, diningtable (Bottom-Left): 4%]"
frame_000517,-1.0,3.4252,6.4726,4.2247,14.1234,-1,0.0," -> [chair (Center): 15%, diningtable (Bottom-Left): 4%]"
frame_000518,-1.0,3.4569,6.5784,4.2312,14.2677,-1,0.0," -> [chair (Center): 15%, diningtable (Bottom-Left): 4%]"
frame_000519,-1.0,3.1368,6.3584,4.2655,13.7618,-1,0.0," -> [chair (Center): 16%, diningtable (Bottom-Left): 4%]"
frame_000520,-1.0,3.7938,6.4831,4.3063,14.5842,-1,0.0," -> [chair (Center): 15%, diningtable (Bottom-Left): 4%]"
frame_000521,-1.0,3.499,6.2746,4.1499,13.9245,-1,0.0," -> [chair (Center): 15%, diningtable (Bottom-Left): 4%]"
frame_000522,-1.0,3.5703,6.4663,4.1883,14.226,-1,0.0," -> [chair (Center): 16%, diningtable (Bottom-Left): 4%]"
frame_000523,-1.0,2.507,9.3189,4.2797,16.1066,-1,0.0," -> [chair (Center): 16%, diningtable (Bottom-Left): 4%]"
frame_000524,-1.0,2.0374,6.3409,4.167,12.5464,-1,0.0," -> [chair (Center): 16%, diningtable (Bottom-Left): 4%]"
frame_000525,-1.0,1.637,6.343,4.2331,12.2143,-1,0.0," -> [chair (Center): 16%, diningtable (Bottom-Left): 4%]"
frame_000526,-1.0,1.7961,8.006,4.3473,14.1505,-1,0.0," -> [chair (Center): 17%, diningtable (Bottom-Left): 4%]"
frame_000527,-1.0,2.6859,6.3668,4.1659,13.22,-1,0.0," -> [chair (Center): 16%, diningtable (Bottom-Left): 4%]"
frame_000528,-1.0,2.1577,8.2122,4.1665,14.5377,-1,0.0," -> [chair (Center): 17%, diningtable (Bottom-Left): 4%]"
frame_000529,-1.0,3.6736,6.402,4.2133,14.2901,-1,0.0," -> [chair (Center): 17%, diningtable (Bottom-Left): 4%]"
frame_000530,-1.0,3.6169,6.6687,4.2963,14.5831,-1,0.0," -> [chair (Center): 16%, diningtable (Bottom-Left): 4%]"
frame_000531,-1.0,2.4623,7.0768,4.2537,13.7936,-1,0.0," -> [chair (Center): 15%, diningtable (Bottom-Left): 4%]"
frame_000532,-1.0,2.1063,8.0065,4.2274,14.3413,-1,0.0," -> [chair (Center): 15%, diningtable (Bottom-Left): 2%]"
frame_000533,-1.0,3.6828,6.5701,4.2176,14.4714,-1,0.0," -> [chair (Center): 15%, diningtable (Bottom-Left): 2%]"
frame_000534,-1.0,3.8145,7.0748,4.0679,14.9582,-1,0.0, -> [chair (Center): 14%]
frame_000535,-1.0,3.6996,10.7632,4.1956,18.6595,-1,0.0, -> [chair (Center): 18%]
frame_000536,-1.0,3.512,6.5832,4.1138,14.2102,-1,0.0, -> [chair (Center): 15%]
frame_000537,-1.0,3.3045,7.6981,4.1678,15.1715,-1,0.0, -> [chair (Center): 17%]
frame_000538,-1.0,3.4336,6.4075,4.1229,13.9651,-1,0.0, -> [chair (Center): 18%]
frame_000539,-1.0,3.4862,6.6418,4.1398,14.2689,-1,0.0, -> [chair (Center): 19%]
frame_000540,-1.0,3.2727,6.3965,4.2671,13.9372,-1,0.0," -> [bicycle (Center): 1%, chair (Left): 20%]"
frame_000541,-1.0,3.6917,6.4356,3.8224,13.9508,-1,0.0, -> [chair (Center): 22%]
frame_000542,-1.0,3.5103,10.1132,4.2114,17.8361,-1,0.0, -> [chair (Left): 16%]
frame_000543,-1.0,3.7933,7.3415,4.1607,15.2966,-1,0.0, -> [chair (Left): 20%]
frame_000544,-1.0,3.4338,6.4731,4.2306,14.1385,-1,0.0, -> [chair (Left): 19%]
frame_000545,-1.0,3.6617,10.0174,4.1172,17.7973,-1,0.0, -> [chair (Left): 22%]
frame_000546,-1.0,3.3949,6.2099,4.2015,13.8073,-1,0.0, -> [chair (Left): 18%]
frame_000547,-1.0,3.5616,6.2622,4.0523,13.8772,-1,0.0, -> [chair (Left): 19%]
frame_000548,-1.0,3.5619,6.4098,4.1819,14.1548,-1,0.0, -> [chair (Left): 20%]
frame_000549,-1.0,3.6931,7.6258,4.0877,15.4078,-1,0.0, -> [chair (Left): 21%]
frame_000550,-1.0,2.6452,6.2802,4.1497,13.0762,-1,0.0, -> [chair (Left): 16%]
frame_000551,-1.0,2.124,7.7381,4.1956,14.0587,-1,0.0, -> [chair (Left): 18%]
frame_000552,-1.0,3.3952,6.3779,4.271,14.0451,-1,0.0, -> [chair (Left): 20%]
frame_000553,-1.0,2.4533,6.388,4.0379,12.8801,-1,0.0, -> [chair (Left): 11%]
frame_000554,-1.0,1.9813,7.5784,4.0347,13.5952,-1,0.0, -> [chair (Left): 17%]
frame_000555,-1.0,3.5054,6.3178,4.038,13.8621,-1,0.0, -> [chair (Left): 13%]
frame_000556,-1.0,3.4343,6.2052,4.094,13.7344,-1,0.0, -> [chair (Left): 16%]
frame_000557,-1.0,3.6364,6.6325,4.1563,14.4263,-1,0.0, -> [chair (Left): 9%]
frame_000558,-1.0,3.4592,6.2673,4.0693,13.7968,-1,0.0, -> [chair (Left): 13%]
frame_000559,-1.0,3.6783,6.6253,4.0072,14.3118,-1,0.0, -> [chair (Left): 1%]
frame_000560,-1.0,2.6967,6.3614,4.0216,13.0807,-1,0.0, -> [background only]
frame_000561,-1.0,2.2034,6.3016,3.7158,12.2218,-1,0.0, -> [background only]
frame_000562,-1.0,1.6802,6.3783,4.0343,12.0938,-1,0.0, -> [background only]
frame_000563,-1.0,1.7381,10.7093,4.0932,16.5416,-1,0.0, -> [background only]
frame_000564,-1.0,2.5011,6.2159,3.8917,12.6097,-1,0.0, -> [background only]
frame_000565,-1.0,2.1408,8.0529,3.6991,13.8938,-1,0.0, -> [background only]
frame_000566,-1.0,3.5081,6.317,4.0404,13.8665,-1,0.0, -> [background only]
frame_000567,-1.0,3.5608,6.4094,4.1235,14.0946,-1,0.0, -> [chair (Top-Right): 2%]
frame_000568,-1.0,2.5309,6.3041,4.1661,13.002,-1,0.0, -> [chair (Top-Right): 2%]
frame_000569,-1.0,2.0875,8.4255,4.0343,14.5486,-1,0.0, -> [background only]
frame_000570,-1.0,3.6359,6.4008,4.0226,14.0604,-1,0.0, -> [background only]
frame_000571,-1.0,3.6057,6.9782,3.9609,14.5456,-1,0.0, -> [background only]
frame_000572,-1.0,3.414,6.4402,3.9091,13.7645,-1,0.0, -> [background only]
frame_000573,-1.0,3.7454,6.4874,4.1601,14.3942,-1,0.0, -> [chair (Right): 3%]
frame_000574,-1.0,3.6248,6.3091,4.1192,14.0546,-1,0.0, -> [chair (Right): 4%]
frame_000575,-1.0,3.6471,7.625,3.9719,15.2453,-1,0.0, -> [background only]
frame_000576,-1.0,3.4472,6.2431,4.1478,13.8396,-1,0.0, -> [chair (Right): 1%]
frame_000577,-1.0,3.7149,8.293,3.9771,15.9862,-1,0.0, -> [background only]
frame_000578,-1.0,3.5507,6.313,4.2496,14.1144,-1,0.0, -> [chair (Center): 17%]
frame_000579,-1.0,3.7495,6.4164,4.1288,14.2959,-1,0.0, -> [chair (Center): 17%]
frame_000580,-1.0,3.5722,6.3564,3.911,13.8407,-1,0.0, -> [chair (Center): 24%]
frame_000581,-1.0,2.4728,6.4151,4.1027,12.9916,-1,0.0, -> [chair (Center): 10%]
frame_000582,-1.0,2.062,7.4842,4.2196,13.7668,-1,0.0, -> [chair (Center): 3%]
frame_000583,-1.0,3.5211,7.0601,3.8092,14.3913,-1,0.0, -> [chair (Center): 4%]
frame_000584,-1.0,3.6197,6.2827,3.9793,13.883,-1,0.0, -> [chair (Center): 2%]
frame_000585,-1.0,3.4924,6.3958,4.1256,14.015,-1,0.0, -> [chair (Left): 7%]
frame_000586,-1.0,3.6775,8.5088,4.2253,16.4126,-1,0.0, -> [chair (Center): 3%]
frame_000587,-1.0,3.7194,6.4835,3.7859,13.9896,-1,0.0, -> [background only]
frame_000588,-1.0,3.5169,6.2713,3.9062,13.6955,-1,0.0, -> [background only]
frame_000589,-1.0,3.7625,6.4339,4.1227,14.3202,-1,0.0, -> [chair (Left): 2%]
frame_000590,-1.0,2.6629,6.3731,4.2111,13.2481,-1,0.0, -> [chair (Left): 6%]
frame_000591,-1.0,2.0385,7.8263,4.1296,13.9956,-1,0.0, -> [chair (Left): 1%]
frame_000592,-1.0,3.5004,10.1789,3.7866,17.4669,-1,0.0, -> [chair (Left): 2%]
frame_000593,-1.0,3.5791,6.4003,4.0226,14.003,-1,0.0, -> [background only]
frame_000594,-1.0,3.3631,9.4789,4.0775,16.9204,-1,0.0, -> [background only]
frame_000595,-1.0,3.4761,6.3744,4.0939,13.9455,-1,0.0, -> [background only]
frame_000596,-1.0,3.607,6.4639,3.9656,14.0375,-1,0.0, -> [background only]
frame_000597,-1.0,3.7722,6.3826,3.7764,13.9322,-1,0.0, -> [train (Bottom-Right): 2%]
frame_000598,-1.0,3.6832,6.2769,3.9907,13.9519,-1,0.0, -> [background only]
frame_000599,-1.0,2.5195,6.2229,4.0215,12.765,-1,0.0, -> [background only]
frame_000600,-1.0,2.0753,7.7006,4.1098,13.8868,-1,0.0, -> [background only]
frame_000601,-1.0,3.4913,6.5057,3.9206,13.9187,-1,0.0, -> [background only]
frame_000602,-1.0,3.4541,10.3237,4.067,17.8458,-1,0.0, -> [background only]
frame_000603,-1.0,2.58,7.7254,4.1615,14.4679,-1,0.0, -> [train (Bottom-Left): 7%]
frame_000604,-1.0,3.6846,6.3697,4.1127,14.1679,-1,0.0, -> [train (Bottom): 19%]
frame_000605,-1.0,3.6944,6.5862,4.1494,14.4311,-1,0.0, -> [train (Bottom): 16%]
frame_000606,-1.0,3.4001,6.3427,4.0302,13.7741,-1,0.0, -> [train (Bottom): 1%]
frame_000607,-1.0,3.5391,6.4341,4.1726,14.1469,-1,0.0, -> [train (Bottom-Right): 7%]
frame_000608,-1.0,2.6184,7.238,4.0517,13.9092,-1,0.0, -> [train (Bottom): 8%]
frame_000609,-1.0,3.8109,6.413,4.104,14.3289,-1,0.0, -> [train (Bottom-Right): 11%]
frame_000610,-1.0,2.5084,7.3506,4.2239,14.0839,-1,0.0, -> [train (Bottom): 40%]
frame_000611,-1.0,3.7182,6.4029,4.2994,14.4215,-1,0.0," -> [bus (Left): 1%, train (Bottom): 44%]"
frame_000612,-1.0,3.2995,10.4461,4.2128,17.9592,-1,0.0," -> [bus (Bottom-Left): 3%, train (Bottom): 35%]"
frame_000613,-1.0,3.6471,6.4774,4.1766,14.3022,-1,0.0, -> [train (Bottom-Right): 18%]
frame_000614,-1.0,3.4122,6.2682,3.9216,13.6033,-1,0.0, -> [train (Center): 51%]
frame_000615,-1.0,3.5423,6.4395,4.1989,14.1816,-1,0.0, -> [train (Center): 44%]
frame_000616,-1.0,3.509,6.433,3.8474,13.7904,-1,0.0, -> [train (Center): 33%]
frame_000617,-1.0,2.6552,7.5582,4.2363,14.4507,-1,0.0, -> [train (Center): 49%]
frame_000618,-1.0,3.4294,6.2471,4.1388,13.8164,-1,0.0, -> [train (Center): 42%]
frame_000619,-1.0,3.6361,6.5734,4.357,14.568,-1,0.0, -> [train (Center): 42%]
frame_000620,-1.0,3.2465,6.4103,4.1231,13.7814,-1,0.0, -> [boat (Top): 1%]
frame_000621,-1.0,3.5074,6.4263,4.1405,14.0755,-1,0.0, -> [train (Center): 6%]
frame_000622,-1.0,3.4585,6.1575,4.0353,13.6527,-1,0.0, -> [person (Right): 2%]
frame_000623,-1.0,3.7426,6.5187,4.1306,14.3932,-1,0.0," -> [person (Right): 3%, train (Bottom-Left): 3%]"
frame_000624,-1.0,3.4417,6.3229,3.9421,13.7079,-1,0.0, -> [background only]
frame_000625,-1.0,3.8683,6.4551,3.95,14.2745,-1,0.0, -> [background only]
frame_000626,-1.0,3.5558,6.3604,3.9658,13.8831,-1,0.0, -> [background only]
frame_000627,-1.0,3.5783,7.9175,3.8097,15.3068,-1,0.0, -> [person (Right): 8%]
frame_000628,-1.0,3.5698,6.3653,4.0721,14.0086,-1,0.0, -> [person (Right): 8%]
frame_000629,-1.0,3.6476,8.9822,4.1123,16.7433,-1,0.0, -> [person (Right): 10%]
frame_000630,-1.0,3.466,6.3473,4.2689,14.0835,-1,0.0, -> [person (Right): 13%]
frame_000631,-1.0,3.6233,8.8169,4.0227,16.464,-1,0.0, -> [person (Right): 11%]
frame_000632,-1.0,3.3576,6.2727,4.1362,13.7675,-1,0.0, -> [person (Right): 10%]
frame_000633,-1.0,2.5674,7.4844,4.1645,14.2173,-1,0.0, -> [person (Right): 12%]
frame_000634,-1.0,2.6093,7.3188,4.2661,14.1954,-1,0.0, -> [person (Right): 16%]
frame_000635,-1.0,3.3568,6.5451,4.1574,14.0604,-1,0.0, -> [person (Right): 16%]
frame_000636,-1.0,3.3264,8.0285,3.9084,15.2642,-1,0.0, -> [person (Right): 17%]
frame_000637,-1.0,3.4583,6.5205,3.8052,13.7851,-1,0.0, -> [person (Right): 22%]
frame_000638,-1.0,3.506,6.2569,4.3219,14.0858,-1,0.0," -> [bicycle (Bottom-Right): 1%, person (Right): 20%]"
frame_000639,-1.0,3.49,9.0894,4.2862,16.8667,-1,0.0," -> [motorbike (Bottom-Right): 3%, person (Right): 21%]"
frame_000640,-1.0,3.4131,6.236,4.0384,13.6885,-1,0.0, -> [person (Right): 22%]
frame_000641,-1.0,3.6944,8.6213,3.8255,16.1425,-1,0.0, -> [person (Center): 24%]
frame_000642,-1.0,3.2026,6.3161,4.1359,13.6556,-1,0.0, -> [person (Center): 26%]
frame_000643,-1.0,3.6812,8.7249,4.1561,16.5633,-1,0.0, -> [person (Center): 29%]
frame_000644,-1.0,2.5719,7.2259,4.1972,13.996,-1,0.0, -> [person (Center): 27%]
frame_000645,-1.0,3.4999,6.5089,4.1358,14.1457,-1,0.0, -> [person (Center): 30%]
frame_000646,-1.0,2.4924,9.4444,4.1886,16.1264,-1,0.0, -> [person (Center): 33%]
frame_000647,-1.0,3.6135,6.4547,3.9506,14.0197,-1,0.0, -> [person (Center): 34%]
frame_000648,-1.0,3.523,9.6089,4.16,17.2929,-1,0.0, -> [person (Center): 35%]
frame_000649,-1.0,3.6102,7.1924,4.1523,14.956,-1,0.0, -> [person (Center): 33%]
frame_000650,-1.0,3.4397,6.4759,4.1082,14.0248,-1,0.0, -> [person (Center): 33%]
frame_000651,-1.0,3.498,11.2861,4.0458,18.8309,-1,0.0, -> [person (Center): 32%]
frame_000652,-1.0,3.5221,6.3062,4.0903,13.9195,-1,0.0, -> [person (Center): 34%]
frame_000653,-1.0,3.5532,6.6506,4.2581,14.463,-1,0.0, -> [person (Center): 34%]
frame_000654,-1.0,3.2905,6.2216,4.1124,13.6255,-1,0.0, -> [person (Center): 33%]
frame_000655,-1.0,3.4653,6.35,4.0567,13.873,-1,0.0, -> [person (Center): 33%]
frame_000656,-1.0,2.5598,6.4697,4.2152,13.2458,-1,0.0, -> [person (Center): 33%]
frame_000657,-1.0,2.0716,12.1624,4.1885,18.4235,-1,0.0, -> [person (Center): 33%]
frame_000658,-1.0,3.41,6.3889,4.1743,13.9742,-1,0.0, -> [person (Center): 33%]
frame_000659,-1.0,3.5781,8.8069,3.9466,16.3326,-1,0.0, -> [person (Center): 34%]
frame_000660,-1.0,3.4283,6.2415,4.0563,13.727,-1,0.0, -> [person (Center): 34%]
frame_000661,-1.0,3.4884,9.2777,4.1634,16.9305,-1,0.0, -> [person (Center): 34%]
frame_000662,-1.0,3.4708,6.2991,4.179,13.9499,-1,0.0, -> [person (Center): 34%]
frame_000663,-1.0,2.4824,8.0429,4.2102,14.7367,-1,0.0, -> [person (Center): 34%]
frame_000664,-1.0,3.4513,6.2433,3.9652,13.6609,-1,0.0, -> [person (Center): 34%]
frame_000665,-1.0,3.48,6.3346,4.0621,13.8778,-1,0.0, -> [person (Center): 34%]
frame_000666,-1.0,3.7729,6.2912,4.1625,14.2281,-1,0.0, -> [person (Center): 34%]
frame_000667,-1.0,3.5405,10.4467,4.1592,18.1476,-1,0.0, -> [person (Center): 34%]
frame_000668,-1.0,3.5446,6.3753,4.2942,14.2153,-1,0.0, -> [person (Center): 34%]
frame_000669,-1.0,3.5006,9.3359,4.0925,16.9303,-1,0.0, -> [person (Center): 34%]
frame_000670,-1.0,3.3933,6.2127,4.1212,13.7283,-1,0.0, -> [person (Center): 34%]
frame_000671,-1.0,3.4404,9.2268,4.1755,16.8439,-1,0.0, -> [person (Center): 34%]
frame_000672,-1.0,2.6109,6.3493,4.1325,13.0938,-1,0.0, -> [person (Center): 34%]
frame_000673,-1.0,2.1295,8.0412,4.2053,14.3771,-1,0.0, -> [person (Center): 34%]
frame_000674,-1.0,3.5441,6.2182,4.1667,13.9299,-1,0.0, -> [person (Center): 34%]
frame_000675,-1.0,3.6216,6.5527,4.1641,14.3393,-1,0.0, -> [person (Center): 34%]
frame_000676,-1.0,3.5118,6.3013,4.2142,14.0284,-1,0.0, -> [person (Center): 35%]
frame_000677,-1.0,3.6019,6.6398,4.2113,14.4541,-1,0.0, -> [person (Center): 35%]
frame_000678,-1.0,3.3474,6.3637,3.8473,13.5595,-1,0.0, -> [person (Center): 35%]
frame_000679,-1.0,3.5517,6.4871,4.1544,14.1941,-1,0.0, -> [person (Center): 35%]
frame_000680,-1.0,3.4149,6.2127,4.2157,13.8443,-1,0.0, -> [person (Center): 35%]
frame_000681,-1.0,3.6774,7.3315,4.2685,15.2784,-1,0.0, -> [person (Center): 34%]
frame_000682,-1.0,3.5752,6.3857,4.0415,14.0039,-1,0.0, -> [person (Center): 34%]
frame_000683,-1.0,3.6857,10.2829,4.1158,18.0858,-1,0.0, -> [person (Center): 34%]
frame_000684,-1.0,3.5041,6.2803,4.1805,13.9659,-1,0.0, -> [person (Center): 33%]
frame_000685,-1.0,3.5881,7.8101,4.2906,15.6898,-1,0.0, -> [person (Center): 33%]
frame_000686,-1.0,3.5568,6.3086,4.0827,13.9493,-1,0.0, -> [person (Center): 33%]
frame_000687,-1.0,3.5052,9.7514,4.1059,17.3635,-1,0.0, -> [person (Center): 33%]
frame_000688,-1.0,3.6255,7.7269,4.1455,15.4992,-1,0.0, -> [person (Center): 32%]
frame_000689,-1.0,3.5293,10.1251,4.1233,17.7788,-1,0.0, -> [person (Center): 32%]
frame_000690,-1.0,2.5283,7.0774,4.1626,13.7694,-1,0.0, -> [person (Center): 32%]
frame_000691,-1.0,3.667,6.6306,4.2594,14.558,-1,0.0, -> [person (Center): 32%]
frame_000692,-1.0,3.3856,6.2782,4.2017,13.8667,-1,0.0, -> [person (Center): 33%]
frame_000693,-1.0,3.5623,6.5329,4.052,14.1482,-1,0.0, -> [person (Center): 33%]
frame_000694,-1.0,3.3521,6.3218,4.1165,13.7912,-1,0.0, -> [person (Center): 33%]
frame_000695,-1.0,3.5368,6.8972,4.1423,14.5774,-1,0.0, -> [person (Center): 33%]
frame_000696,-1.0,3.41,6.3164,4.0823,13.8096,-1,0.0, -> [person (Center): 33%]
frame_000697,-1.0,3.6315,6.4507,4.1326,14.2157,-1,0.0, -> [person (Center): 33%]
frame_000698,-1.0,3.431,6.2993,4.2814,14.0126,-1,0.0, -> [person (Center): 33%]
frame_000699,-1.0,3.5429,6.5215,3.945,14.0105,-1,0.0, -> [person (Center): 33%]
frame_000700,-1.0,3.4412,6.3717,4.1585,13.9724,-1,0.0, -> [person (Center): 33%]
frame_000701,-1.0,3.6013,6.4956,4.169,14.2668,-1,0.0, -> [person (Center): 33%]
frame_000702,-1.0,3.532,6.3277,4.2449,14.1055,-1,0.0, -> [person (Center): 33%]
frame_000703,-1.0,3.5136,6.4682,4.1352,14.1179,-1,0.0, -> [person (Center): 33%]
frame_000704,-1.0,2.658,7.4225,4.184,14.2655,-1,0.0, -> [person (Center): 33%]
frame_000705,-1.0,3.4708,6.5495,4.0795,14.1007,-1,0.0, -> [person (Center): 33%]
frame_000706,-1.0,3.3962,6.2774,3.9494,13.6239,-1,0.0, -> [person (Center): 33%]
frame_000707,-1.0,3.5036,8.2762,4.2037,15.9845,-1,0.0, -> [person (Center): 33%]
frame_000708,-1.0,3.4036,6.25,4.1338,13.7886,-1,0.0, -> [person (Center): 33%]
frame_000709,-1.0,3.472,8.5403,4.1872,16.2005,-1,0.0, -> [person (Center): 31%]
frame_000710,-1.0,3.4419,7.1545,3.8596,14.4574,-1,0.0, -> [person (Center): 33%]
frame_000711,-1.0,3.4355,6.415,4.1612,14.0128,-1,0.0, -> [person (Center): 33%]
frame_000712,-1.0,3.3675,6.282,4.0529,13.7036,-1,0.0, -> [person (Center): 33%]
frame_000713,-1.0,3.5064,6.4493,4.2595,14.2164,-1,0.0, -> [person (Center): 33%]
frame_000714,-1.0,3.5231,6.3845,4.207,14.1158,-1,0.0, -> [person (Center): 32%]
frame_000715,-1.0,3.5607,6.4619,4.0743,14.0979,-1,0.0, -> [person (Center): 34%]
frame_000716,-1.0,2.495,8.1689,4.1994,14.8644,-1,0.0, -> [person (Center): 33%]
frame_000717,-1.0,3.4966,9.2184,4.0432,16.7592,-1,0.0, -> [person (Center): 35%]
frame_000718,-1.0,3.532,6.2552,4.247,14.0353,-1,0.0, -> [person (Center): 34%]
frame_000719,-1.0,3.4689,6.3087,4.1837,13.9621,-1,0.0, -> [person (Center): 35%]
frame_000720,-1.0,3.6427,6.3973,4.3484,14.3896,-1,0.0, -> [person (Center): 36%]
frame_000721,-1.0,3.0252,6.4215,4.1278,13.5753,-1,0.0, -> [person (Center): 35%]
frame_000722,-1.0,2.8113,6.3029,3.984,13.0994,-1,0.0, -> [person (Center): 35%]
frame_000723,-1.0,3.469,8.951,4.2897,16.7107,-1,0.0, -> [person (Center): 35%]
frame_000724,-1.0,3.5239,6.185,4.1846,13.8944,-1,0.0, -> [person (Center): 35%]
frame_000725,-1.0,3.4552,6.4101,4.1368,14.0032,-1,0.0, -> [person (Center): 34%]
frame_000726,-1.0,3.4095,6.2908,4.1318,13.833,-1,0.0, -> [person (Center): 35%]
frame_000727,-1.0,3.4668,7.4102,4.1485,15.0264,-1,0.0, -> [person (Center): 36%]
frame_000728,-1.0,3.4877,6.2782,3.8602,13.6271,-1,0.0, -> [person (Center): 33%]
frame_000729,-1.0,3.6786,6.395,4.0634,14.1381,-1,0.0, -> [person (Center): 33%]
frame_000730,-1.0,3.5646,6.3537,4.1808,14.1001,-1,0.0, -> [person (Center): 33%]
frame_000731,-1.0,2.6077,6.4335,3.8301,12.8725,-1,0.0, -> [person (Center): 32%]
frame_000732,-1.0,2.1355,7.5804,4.1122,13.829,-1,0.0, -> [person (Center): 32%]
frame_000733,-1.0,3.7833,8.2735,4.173,16.2309,-1,0.0, -> [person (Center): 31%]
frame_000734,-1.0,3.5996,6.2502,4.1206,13.9716,-1,0.0, -> [person (Center): 30%]
frame_000735,-1.0,3.6322,6.4224,4.0695,14.1251,-1,0.0, -> [person (Center): 31%]
frame_000736,-1.0,3.4279,6.2556,4.3055,13.9898,-1,0.0, -> [person (Center): 31%]
frame_000737,-1.0,2.5649,9.3549,3.8465,15.7675,-1,0.0, -> [person (Center): 30%]
frame_000738,-1.0,2.0872,7.5564,4.0535,13.6981,-1,0.0, -> [person (Center): 31%]
frame_000739,-1.0,3.4655,6.4869,4.1887,14.1421,-1,0.0, -> [person (Center): 30%]
frame_000740,-1.0,2.7963,6.2148,3.844,12.856,-1,0.0, -> [person (Center): 30%]
frame_000741,-1.0,2.3711,12.1305,4.3623,18.865,-1,0.0," -> [person (Center): 29%, sofa (Bottom-Right): 1%]"
frame_000742,-1.0,3.5736,6.3461,3.89,13.8106,-1,0.0," -> [person (Center): 28%, sofa (Bottom-Right): 1%]"
frame_000743,-1.0,3.6186,6.5035,4.1634,14.2864,-1,0.0, -> [person (Center): 28%]
frame_000744,-1.0,3.3623,6.3174,4.189,13.8696,-1,0.0," -> [person (Center): 28%, sofa (Bottom-Right): 1%]"
frame_000745,-1.0,3.6982,6.4203,4.3688,14.4883,-1,0.0," -> [person (Center): 28%, sofa (Bottom-Right): 1%]"
frame_000746,-1.0,3.5485,6.4091,4.0107,13.9694,-1,0.0," -> [person (Center): 27%, sofa (Bottom-Right): 1%]"
frame_000747,-1.0,3.5403,6.4415,4.1573,14.1402,-1,0.0, -> [person (Center): 29%]
frame_000748,-1.0,2.6236,6.3557,4.273,13.2532,-1,0.0, -> [person (Center): 28%]
frame_000749,-1.0,2.0029,8.0654,4.2445,14.3139,-1,0.0, -> [person (Center): 29%]
frame_000750,-1.0,3.6048,6.3525,4.0575,14.0158,-1,0.0, -> [person (Center): 30%]
frame_000751,-1.0,3.5112,6.3994,4.3,14.2115,-1,0.0, -> [person (Center): 29%]
frame_000752,-1.0,3.4988,6.3309,4.0987,13.9294,-1,0.0, -> [person (Center): 31%]
frame_000753,-1.0,3.6093,8.936,4.0927,16.6391,-1,0.0, -> [person (Center): 31%]
frame_000754,-1.0,3.5512,7.6683,4.1883,15.4087,-1,0.0, -> [person (Center): 25%]
frame_000755,-1.0,3.7016,6.5117,4.2465,14.4609,-1,0.0, -> [person (Center): 23%]
frame_000756,-1.0,3.4524,6.2865,4.2345,13.9746,-1,0.0, -> [person (Center): 28%]
frame_000757,-1.0,3.6925,10.4158,4.1125,18.2221,-1,0.0, -> [person (Center): 27%]
frame_000758,-1.0,3.7473,9.847,4.264,17.8594,-1,0.0, -> [person (Center): 26%]
frame_000759,-1.0,3.6419,6.5722,4.1751,14.3905,-1,0.0, -> [person (Center): 27%]
frame_000760,-1.0,3.3477,6.2894,3.9964,13.6344,-1,0.0, -> [person (Center): 26%]
frame_000761,-1.0,3.6897,6.4314,4.2284,14.3508,-1,0.0, -> [person (Center): 25%]
frame_000762,-1.0,2.6576,6.2613,4.1712,13.0912,-1,0.0, -> [person (Center): 32%]
frame_000763,-1.0,2.1484,8.0287,4.047,14.2253,-1,0.0, -> [person (Center): 37%]
frame_000764,-1.0,3.4923,6.3086,4.1248,13.9268,-1,0.0, -> [person (Center): 35%]
frame_000765,-1.0,3.6294,7.0335,4.155,14.8191,-1,0.0, -> [person (Center): 36%]
frame_000766,-1.0,3.5567,6.4708,4.2535,14.2821,-1,0.0, -> [person (Center): 32%]
frame_000767,-1.0,2.6259,7.295,4.0587,13.9807,-1,0.0, -> [person (Bottom): 36%]
frame_000768,-1.0,2.6132,6.2981,4.1188,13.0312,-1,0.0, -> [person (Bottom): 35%]
frame_000769,-1.0,2.0871,8.1593,3.8817,14.1294,-1,0.0, -> [person (Bottom): 36%]
frame_000770,-1.0,3.3817,6.4988,4.2116,14.0931,-1,0.0, -> [person (Bottom): 34%]
frame_000771,-1.0,3.4934,6.3968,4.1772,14.0684,-1,0.0, -> [person (Bottom): 33%]
frame_000772,-1.0,3.5758,6.4963,4.0687,14.1417,-1,0.0, -> [person (Bottom): 35%]
frame_000773,-1.0,3.3768,6.3129,4.0986,13.7926,-1,0.0, -> [person (Bottom): 32%]
frame_000774,-1.0,3.4432,6.4063,4.169,14.0194,-1,0.0, -> [person (Bottom): 34%]
frame_000775,-1.0,3.5592,6.3761,4.2564,14.1926,-1,0.0, -> [person (Bottom): 32%]
frame_000776,-1.0,3.5537,6.4473,4.0675,14.0695,-1,0.0, -> [person (Bottom): 33%]
frame_000777,-1.0,3.6688,6.578,4.141,14.3889,-1,0.0, -> [person (Bottom): 33%]
frame_000778,-1.0,3.4207,6.437,4.2182,14.0768,-1,0.0, -> [person (Bottom): 34%]
frame_000779,-1.0,2.566,7.681,4.1684,14.4164,-1,0.0, -> [person (Bottom): 33%]
frame_000780,-1.0,3.5082,6.3942,3.9583,13.8616,-1,0.0, -> [person (Bottom): 32%]
frame_000781,-1.0,3.8905,6.6575,4.1223,14.6714,-1,0.0, -> [person (Bottom): 31%]
frame_000782,-1.0,3.5183,6.2707,3.8374,13.6277,-1,0.0, -> [person (Bottom): 31%]
frame_000783,-1.0,3.4935,6.5055,4.286,14.2866,-1,0.0, -> [person (Bottom): 31%]
frame_000784,-1.0,3.6192,6.4505,4.2071,14.2778,-1,0.0, -> [person (Bottom): 31%]
frame_000785,-1.0,4.0214,7.3465,4.0484,15.4172,-1,0.0, -> [person (Bottom): 30%]
frame_000786,-1.0,3.4037,6.3829,4.1281,13.9157,-1,0.0, -> [person (Bottom): 30%]
frame_000787,-1.0,3.6183,6.4452,4.1831,14.2474,-1,0.0, -> [person (Bottom): 30%]
frame_000788,-1.0,3.6143,6.2544,4.2036,14.0735,-1,0.0, -> [person (Bottom): 30%]
frame_000789,-1.0,3.6489,6.4751,4.1262,14.2511,-1,0.0, -> [person (Bottom): 30%]
frame_000790,-1.0,3.6878,6.3198,4.1384,14.147,-1,0.0, -> [person (Bottom): 30%]
frame_000791,-1.0,3.419,6.4943,3.8529,13.7671,-1,0.0, -> [person (Bottom): 30%]
frame_000792,-1.0,3.6323,6.3758,4.1652,14.1743,-1,0.0, -> [person (Bottom): 30%]
frame_000793,-1.0,3.6847,6.4156,4.1838,14.2852,-1,0.0, -> [person (Bottom): 31%]
frame_000794,-1.0,3.5162,6.2875,4.1613,13.966,-1,0.0, -> [person (Bottom): 28%]
frame_000795,-1.0,3.4756,6.4502,4.1669,14.0937,-1,0.0, -> [person (Bottom): 29%]
frame_000796,-1.0,3.5643,6.5869,4.1554,14.3075,-1,0.0, -> [person (Bottom): 29%]
frame_000797,-1.0,3.4724,6.3842,4.1864,14.044,-1,0.0, -> [person (Bottom): 28%]
frame_000798,-1.0,2.5399,7.8753,4.1589,14.5749,-1,0.0, -> [person (Bottom): 28%]
frame_000799,-1.0,3.5265,6.6337,4.0546,14.2158,-1,0.0, -> [person (Bottom-Left): 29%]
frame_000800,-1.0,3.5307,6.5304,4.1096,14.1719,-1,0.0, -> [person (Bottom-Left): 28%]
frame_000801,-1.0,3.3902,7.0784,4.2311,14.7006,-1,0.0, -> [person (Bottom-Left): 26%]
frame_000802,-1.0,3.6865,7.0247,4.1967,14.909,-1,0.0, -> [person (Bottom-Left): 25%]
frame_000803,-1.0,3.7776,6.5271,4.1359,14.4419,-1,0.0, -> [person (Bottom-Left): 25%]
frame_000804,-1.0,3.7312,6.5675,3.9184,14.2183,-1,0.0, -> [person (Bottom-Left): 25%]
frame_000805,-1.0,3.5127,6.285,4.1981,13.997,-1,0.0, -> [person (Bottom-Left): 25%]
frame_000806,-1.0,2.6043,7.3338,4.0897,14.0288,-1,0.0," -> [person (Bottom-Left): 21%, sofa (Bottom): 3%]"
frame_000807,-1.0,3.6244,6.3621,4.2697,14.2575,-1,0.0," -> [person (Bottom-Left): 18%, sofa (Bottom): 3%]"
frame_000808,-1.0,2.6159,6.2938,4.021,12.9319,-1,0.0, -> [person (Bottom-Left): 22%]
frame_000809,-1.0,1.9598,9.6925,4.1797,15.8331,-1,0.0, -> [person (Bottom-Left): 21%]
frame_000810,-1.0,3.406,6.6099,4.0507,14.0676,-1,0.0, -> [person (Bottom-Left): 21%]
frame_000811,-1.0,3.5693,7.9241,4.2005,15.6949,-1,0.0, -> [person (Left): 19%]
frame_000812,-1.0,3.8293,7.1339,4.2489,15.2132,-1,0.0, -> [person (Left): 21%]
frame_000813,-1.0,3.4657,6.8385,4.1354,14.4405,-1,0.0, -> [person (Left): 21%]
frame_000814,-1.0,2.6134,7.2418,4.2133,14.0696,-1,0.0," -> [chair (Bottom-Left): 5%, person (Left): 17%]"
frame_000815,-1.0,2.6291,7.2731,3.9679,13.8712,-1,0.0, -> [person (Left): 21%]
frame_000816,-1.0,3.6059,6.5839,4.1748,14.366,-1,0.0, -> [person (Left): 20%]
frame_000817,-1.0,3.4463,6.3766,4.172,13.9958,-1,0.0, -> [person (Left): 20%]
frame_000818,-1.0,3.7803,8.2658,4.3871,16.4345,-1,0.0," -> [chair (Bottom-Left): 3%, person (Left): 15%, sofa (Bottom): 2%]"
frame_000819,-1.0,3.4345,7.3618,4.2286,15.0259,-1,0.0, -> [person (Left): 21%]
frame_000820,-1.0,3.6981,6.486,4.0359,14.221,-1,0.0, -> [person (Left): 21%]
frame_000821,-1.0,3.4601,6.3083,4.1158,13.8854,-1,0.0, -> [person (Left): 19%]
frame_000822,-1.0,3.377,6.5752,4.1129,14.0663,-1,0.0," -> [person (Left): 18%, sofa (Bottom-Left): 1%]"
frame_000823,-1.0,3.5635,7.8016,4.1691,15.5353,-1,0.0," -> [chair (Bottom-Left): 1%, person (Left): 17%]"
frame_000824,-1.0,3.64,7.1245,4.2754,15.041,-1,0.0," -> [chair (Left): 4%, person (Left): 14%]"
frame_000825,-1.0,3.5585,6.4551,4.1047,14.1196,-1,0.0," -> [chair (Left): 6%, person (Left): 14%]"
frame_000826,-1.0,3.5599,7.002,4.2561,14.8192,-1,0.0," -> [chair (Left): 5%, person (Left): 14%]"
frame_000827,-1.0,3.4326,6.4906,4.2041,14.1283,-1,0.0," -> [chair (Left): 7%, person (Top-Left): 12%]"
frame_000828,-1.0,2.5364,7.4375,4.2034,14.1784,-1,0.0," -> [chair (Left): 6%, person (Top-Left): 11%]"
frame_000829,-1.0,2.5767,7.362,4.2755,14.2153,-1,0.0," -> [chair (Left): 6%, person (Top-Left): 10%]"
frame_000830,-1.0,3.6387,6.6557,4.2235,14.5192,-1,0.0," -> [chair (Left): 4%, person (Top-Left): 11%]"
frame_000831,-1.0,2.6564,7.3514,4.1312,14.1401,-1,0.0," -> [chair (Left): 5%, person (Top-Left): 9%]"
frame_000832,-1.0,2.5609,7.5806,4.2037,14.346,-1,0.0," -> [chair (Left): 2%, person (Top-Left): 10%]"
frame_000833,-1.0,3.5445,6.4135,4.0828,14.0419,-1,0.0, -> [person (Top-Left): 12%]
frame_000834,-1.0,3.5456,7.2669,4.2855,15.099,-1,0.0," -> [chair (Left): 3%, person (Top-Left): 8%]"
frame_000835,-1.0,2.5292,7.2831,4.1401,13.9534,-1,0.0, -> [person (Top-Left): 8%]
frame_000836,-1.0,3.562,6.4699,3.9033,13.9363,-1,0.0, -> [person (Top-Left): 8%]
frame_000837,-1.0,3.74,9.6661,4.2232,17.6302,-1,0.0," -> [chair (Left): 2%, person (Top-Left): 7%]"
frame_000838,-1.0,3.2886,6.4057,4.1333,13.8284,-1,0.0, -> [person (Top-Left): 5%]
frame_000839,-1.0,2.6525,8.0043,4.1275,14.7853,-1,0.0, -> [person (Top-Left): 5%]
frame_000840,-1.0,3.4444,6.3954,4.0526,13.8934,-1,0.0, -> [person (Top-Left): 8%]
frame_000841,-1.0,2.6543,10.7823,4.1565,17.5942,-1,0.0, -> [person (Top-Left): 8%]
frame_000842,-1.0,2.5187,7.4668,4.3269,14.3134,-1,0.0," -> [chair (Top-Left): 1%, person (Top-Left): 4%]"
frame_000843,-1.0,3.7402,6.5198,4.115,14.376,-1,0.0, -> [person (Top-Left): 3%]
frame_000844,-1.0,2.5938,7.4233,4.0112,14.0294,-1,0.0, -> [person (Top-Left): 3%]
frame_000845,-1.0,3.6816,6.61,4.0078,14.3003,-1,0.0, -> [person (Top-Left): 3%]
frame_000846,-1.0,2.6173,7.2153,4.1093,13.9429,-1,0.0, -> [person (Top-Left): 2%]
frame_000847,-1.0,3.7025,8.4555,4.0933,16.2524,-1,0.0, -> [person (Top-Left): 2%]
frame_000848,-1.0,3.3579,6.2971,4.0537,13.7097,-1,0.0, -> [person (Top-Left): 2%]
frame_000849,-1.0,3.454,9.0335,4.083,16.5715,-1,0.0, -> [person (Top-Left): 2%]
frame_000850,-1.0,2.5863,7.2063,4.2603,14.0539,-1,0.0, -> [person (Left): 7%]
frame_000851,-1.0,3.5847,9.8419,4.0878,17.5157,-1,0.0, -> [person (Left): 4%]
frame_000852,-1.0,3.3854,6.5161,4.1662,14.0689,-1,0.0, -> [person (Left): 6%]
frame_000853,-1.0,2.5578,9.3954,4.0968,16.0511,-1,0.0, -> [person (Left): 7%]
frame_000854,-1.0,3.675,6.5959,4.0834,14.3555,-1,0.0, -> [person (Left): 5%]
frame_000855,-1.0,3.3904,6.6048,4.0904,14.0866,-1,0.0, -> [person (Left): 6%]
frame_000856,-1.0,3.5945,9.0058,4.0649,16.6663,-1,0.0, -> [person (Left): 7%]
frame_000857,-1.0,3.351,6.3229,4.021,13.6958,-1,0.0, -> [person (Left): 7%]
frame_000858,-1.0,2.6013,9.3779,4.1682,16.1485,-1,0.0, -> [person (Left): 6%]
frame_000859,-1.0,2.5908,11.5737,4.1534,18.3189,-1,0.0, -> [person (Left): 4%]
frame_000860,-1.0,3.4972,6.6576,4.1388,14.2949,-1,0.0, -> [person (Left): 2%]
frame_000861,-1.0,2.696,9.0607,4.1234,15.881,-1,0.0, -> [person (Left): 1%]
frame_000862,-1.0,2.1148,7.824,3.7704,13.7102,-1,0.0, -> [person (Left): 1%]
frame_000863,-1.0,3.3648,7.4012,4.1571,14.9242,-1,0.0, -> [person (Left): 1%]
frame_000864,-1.0,3.4172,6.3981,3.9207,13.737,-1,0.0, -> [person (Left): 2%]
frame_000865,-1.0,3.5585,6.3146,4.1779,14.0519,-1,0.0, -> [person (Left): 2%]
frame_000866,-1.0,3.7073,10.3339,3.7807,17.8229,-1,0.0, -> [person (Left): 2%]
frame_000867,-1.0,3.3579,9.4575,4.2051,17.0215,-1,0.0, -> [person (Left): 2%]
frame_000868,-1.0,3.4274,6.4348,4.1091,13.9721,-1,0.0, -> [person (Left): 3%]
frame_000869,-1.0,3.4662,7.4739,4.1094,15.0505,-1,0.0, -> [person (Left): 2%]
frame_000870,-1.0,3.7038,6.4257,4.0962,14.2265,-1,0.0, -> [person (Left): 2%]
frame_000871,-1.0,3.445,6.6269,4.1129,14.186,-1,0.0, -> [person (Left): 2%]
frame_000872,-1.0,3.6033,6.4062,4.1052,14.1158,-1,0.0, -> [person (Left): 2%]
frame_000873,-1.0,3.3966,8.7055,4.1023,16.2057,-1,0.0, -> [person (Left): 2%]
frame_000874,-1.0,3.6749,7.0004,4.0912,14.7675,-1,0.0, -> [person (Left): 1%]
frame_000875,-1.0,3.359,6.455,4.2147,14.0296,-1,0.0, -> [person (Left): 1%]
frame_000876,-1.0,3.3914,6.3567,4.0677,13.8166,-1,0.0, -> [person (Left): 1%]
frame_000877,-1.0,3.3949,6.2505,4.1831,13.8295,-1,0.0, -> [person (Left): 2%]
frame_000878,-1.0,2.5197,7.3274,4.0333,13.8813,-1,0.0, -> [person (Left): 2%]
frame_000879,-1.0,2.6332,8.7249,4.0977,15.4566,-1,0.0, -> [person (Left): 1%]
frame_000880,-1.0,2.1008,7.6969,4.041,13.8397,-1,0.0, -> [person (Top-Left): 1%]
frame_000881,-1.0,2.6584,8.0015,4.0876,14.7486,-1,0.0, -> [person (Left): 4%]
frame_000882,-1.0,3.3501,6.2556,4.0123,13.6189,-1,0.0, -> [person (Left): 5%]
frame_000883,-1.0,3.6916,6.4187,4.1262,14.2375,-1,0.0, -> [person (Left): 4%]
frame_000884,-1.0,2.6117,7.3248,4.1333,14.0707,-1,0.0, -> [person (Left): 5%]
frame_000885,-1.0,3.5528,6.4959,4.0423,14.0921,-1,0.0, -> [person (Left): 5%]
frame_000886,-1.0,3.6889,6.4311,4.2203,14.3414,-1,0.0, -> [person (Left): 5%]
frame_000887,-1.0,3.5721,6.7715,4.0769,14.4214,-1,0.0, -> [person (Left): 5%]
frame_000888,-1.0,3.3478,9.8022,4.1114,17.2625,-1,0.0, -> [person (Left): 4%]
frame_000889,-1.0,3.4453,6.4771,4.0991,14.0228,-1,0.0, -> [person (Left): 4%]
frame_000890,-1.0,3.4975,6.4765,4.0034,13.9783,-1,0.0, -> [person (Left): 2%]
frame_000891,-1.0,3.6701,7.2591,4.2389,15.1692,-1,0.0, -> [person (Left): 5%]
frame_000892,-1.0,3.3825,6.2784,4.0623,13.7239,-1,0.0, -> [person (Left): 4%]
frame_000893,-1.0,3.529,6.4812,4.1243,14.1355,-1,0.0, -> [person (Left): 3%]
frame_000894,-1.0,2.6097,7.3829,3.8855,13.8795,-1,0.0, -> [person (Left): 3%]
frame_000895,-1.0,2.5666,6.3278,4.0843,12.9797,-1,0.0, -> [background only]
frame_000896,-1.0,2.2091,7.722,3.8906,13.8231,-1,0.0, -> [background only]
frame_000897,-1.0,3.4892,7.1121,3.9717,14.5741,-1,0.0, -> [background only]
frame_000898,-1.0,3.461,6.2672,4.0348,13.7642,-1,0.0, -> [background only]
frame_000899,-1.0,3.5707,8.2947,4.0527,15.9192,-1,0.0, -> [background only]
frame_000900,-1.0,3.3575,8.2361,3.9729,15.5676,-1,0.0, -> [background only]
frame_000901,-1.0,3.7343,6.8521,3.9692,14.5568,-1,0.0, -> [background only]
frame_000902,-1.0,2.5074,7.4782,4.0845,14.0712,-1,0.0, -> [chair (Top-Left): 1%]
frame_000903,-1.0,3.5576,7.5757,3.8659,15.0002,-1,0.0, -> [background only]
frame_000904,-1.0,3.4319,6.3732,4.0275,13.8336,-1,0.0, -> [background only]
frame_000905,-1.0,2.7053,7.6224,4.0266,14.3554,-1,0.0, -> [background only]
frame_000906,-1.0,3.401,6.2747,3.9172,13.5939,-1,0.0, -> [background only]
frame_000907,-1.0,3.694,6.4688,4.0398,14.2035,-1,0.0, -> [background only]
frame_000908,-1.0,3.3558,6.3065,4.0296,13.693,-1,0.0, -> [background only]
frame_000909,-1.0,3.5439,6.5567,3.8894,13.9912,-1,0.0, -> [background only]
frame_000910,-1.0,3.483,9.2498,4.038,16.7717,-1,0.0, -> [background only]
frame_000911,-1.0,2.5634,7.222,3.6967,13.4831,-1,0.0, -> [background only]
frame_000912,-1.0,2.1291,7.8103,4.1401,14.0806,-1,0.0, -> [background only]
frame_000913,-1.0,3.5847,6.4735,3.9733,14.0324,-1,0.0, -> [background only]
frame_000914,-1.0,3.3739,6.3374,3.951,13.6632,-1,0.0, -> [background only]
frame_000915,-1.0,3.5701,6.3572,3.8756,13.804,-1,0.0, -> [background only]
frame_000916,-1.0,3.4762,6.2684,3.7997,13.5453,-1,0.0, -> [background only]
frame_000917,-1.0,3.7287,8.13,4.0982,15.9579,-1,0.0, -> [background only]
frame_000918,-1.0,3.4134,6.2964,3.9593,13.67,-1,0.0, -> [background only]
frame_000919,-1.0,3.7548,6.5494,3.9826,14.2877,-1,0.0, -> [background only]
frame_000920,-1.0,2.5959,8.8466,3.7207,15.1646,-1,0.0, -> [background only]
frame_000921,-1.0,3.5286,6.6071,3.9902,14.1269,-1,0.0, -> [background only]
frame_000922,-1.0,2.5622,6.3616,4.0711,12.9961,-1,0.0, -> [background only]
frame_000923,-1.0,1.9954,10.9911,3.9681,16.9557,-1,0.0, -> [background only]
frame_000924,-1.0,2.5279,7.313,4.0396,13.8815,-1,0.0, -> [background only]
frame_000925,-1.0,3.6653,6.3733,3.9723,14.012,-1,0.0, -> [background only]
frame_000926,-1.0,3.4333,6.9677,3.9561,14.3582,-1,0.0, -> [background only]
frame_000927,-1.0,2.58,9.431,4.0539,16.0659,-1,0.0, -> [background only]
frame_000928,-1.0,2.0924,7.6885,3.7253,13.5072,-1,0.0, -> [background only]
frame_000929,-1.0,2.7288,6.5205,3.9297,13.1802,-1,0.0, -> [background only]
frame_000930,-1.0,2.8619,7.5257,3.9221,14.3109,-1,0.0, -> [background only]
frame_000931,-1.0,2.5649,8.3813,3.8796,14.8266,-1,0.0, -> [background only]
frame_000932,-1.0,2.1047,7.5836,4.1021,13.7912,-1,0.0, -> [background only]
frame_000933,-1.0,2.6425,6.8674,3.784,13.295,-1,0.0, -> [background only]
frame_000934,-1.0,2.105,6.3989,3.9926,12.4976,-1,0.0, -> [background only]
frame_000935,-1.0,1.8464,8.1239,3.9775,13.9488,-1,0.0, -> [background only]
frame_000936,-1.0,3.481,6.2643,3.8826,13.6293,-1,0.0, -> [background only]
frame_000937,-1.0,3.6928,10.871,4.0627,18.6274,-1,0.0, -> [background only]
frame_000938,-1.0,3.5153,6.2879,4.0081,13.8124,-1,0.0, -> [background only]
frame_000939,-1.0,3.5871,6.4727,3.8815,13.9423,-1,0.0, -> [background only]
frame_000940,-1.0,3.6958,6.248,4.0598,14.0047,-1,0.0, -> [background only]
frame_000941,-1.0,3.5429,7.3916,3.9869,14.9224,-1,0.0, -> [background only]
frame_000942,-1.0,3.5304,6.2972,3.9675,13.7963,-1,0.0, -> [background only]
frame_000943,-1.0,3.546,8.5248,3.9474,16.0192,-1,0.0, -> [background only]
frame_000944,-1.0,3.4523,6.5846,3.9684,14.0064,-1,0.0, -> [background only]
frame_000945,-1.0,3.4482,6.3918,3.9208,13.7616,-1,0.0, -> [background only]
frame_000946,-1.0,3.4646,6.391,3.8648,13.7217,-1,0.0, -> [background only]
frame_000947,-1.0,2.544,7.378,4.0536,13.9767,-1,0.0, -> [background only]
frame_000948,-1.0,3.6794,6.5803,3.9158,14.1768,-1,0.0, -> [background only]
frame_000949,-1.0,3.1442,6.3492,3.8867,13.381,-1,0.0, -> [background only]
frame_000950,-1.0,2.6722,10.0493,4.0101,16.7326,-1,0.0, -> [background only]
frame_000951,-1.0,3.1414,8.1548,3.6642,14.9614,-1,0.0, -> [background only]
frame_000952,-1.0,3.4747,6.4185,3.9895,13.8835,-1,0.0, -> [background only]
frame_000953,-1.0,3.6114,8.6248,4.0062,16.2437,-1,0.0, -> [background only]
frame_000954,-1.0,2.5485,10.903,3.9675,17.4201,-1,0.0, -> [background only]
frame_000955,-1.0,2.043,7.4629,3.948,13.455,-1,0.0, -> [background only]
frame_000956,-1.0,3.0112,6.5126,4.0509,13.5761,-1,0.0, -> [background only]
frame_000957,-1.0,3.4753,6.3966,3.8692,13.7421,-1,0.0, -> [background only]
frame_000958,-1.0,3.5946,6.5774,4.0594,14.2324,-1,0.0, -> [background only]
frame_000959,-1.0,3.2877,6.3934,3.8035,13.4858,-1,0.0, -> [background only]
frame_000960,-1.0,3.6214,6.4267,4.1174,14.1668,-1,0.0, -> [background only]
frame_000961,-1.0,2.6931,9.9857,3.9973,16.6773,-1,0.0, -> [background only]
frame_000962,-1.0,3.5215,6.3441,3.9079,13.7747,-1,0.0, -> [background only]
frame_000963,-1.0,3.2881,7.7621,4.0679,15.1195,-1,0.0, -> [background only]
frame_000964,-1.0,3.6386,6.9328,4.078,14.6504,-1,0.0, -> [background only]
frame_000965,-1.0,3.4322,6.3637,4.0098,13.8069,-1,0.0, -> [background only]
frame_000966,-1.0,3.5091,6.2866,3.8821,13.679,-1,0.0, -> [background only]
frame_000967,-1.0,2.7161,10.2698,4.073,17.0599,-1,0.0, -> [background only]
frame_000968,-1.0,3.4518,6.6033,3.974,14.0303,-1,0.0, -> [background only]
frame_000969,-1.0,3.4481,7.3725,4.107,14.9286,-1,0.0, -> [background only]
frame_000970,-1.0,3.3466,6.3798,3.7879,13.5152,-1,0.0, -> [background only]
frame_000971,-1.0,2.756,6.2614,4.1159,13.1344,-1,0.0, -> [background only]
frame_000972,-1.0,2.0326,7.8756,4.0414,13.9506,-1,0.0, -> [background only]
frame_000973,-1.0,3.7104,7.7976,3.9296,15.4387,-1,0.0, -> [background only]
frame_000974,-1.0,3.7266,6.4072,4.0657,14.2006,-1,0.0, -> [background only]
frame_000975,-1.0,2.5835,6.7924,3.8047,13.1815,-1,0.0, -> [background only]
frame_000976,-1.0,2.1483,9.5152,4.0922,15.7567,-1,0.0, -> [background only]
frame_000977,-1.0,3.7476,8.3743,3.9694,16.0924,-1,0.0, -> [background only]
frame_000978,-1.0,3.4733,6.5118,3.8934,13.8794,-1,0.0, -> [background only]
frame_000979,-1.0,3.3506,6.2213,4.0103,13.5831,-1,0.0, -> [background only]
frame_000980,-1.0,3.5351,6.3612,4.0824,13.98,-1,0.0, -> [background only]
frame_000981,-1.0,3.3223,9.7107,4.0585,17.0926,-1,0.0, -> [background only]
frame_000982,-1.0,2.5108,6.3024,3.9364,12.7505,-1,0.0, -> [background only]
frame_000983,-1.0,2.097,8.9541,4.0313,15.0833,-1,0.0, -> [background only]
frame_000984,-1.0,1.7198,8.0124,4.0309,13.7641,-1,0.0, -> [background only]
frame_000985,-1.0,2.6326,6.2594,3.9761,12.8691,-1,0.0, -> [background only]
frame_000986,-1.0,2.0281,7.9566,3.9636,13.9492,-1,0.0, -> [background only]
frame_000987,-1.0,2.4254,6.3254,4.0224,12.7742,-1,0.0, -> [background only]
frame_000988,-1.0,2.1685,6.4248,4.0673,12.6617,-1,0.0, -> [background only]
frame_000989,-1.0,1.7062,9.9767,4.032,15.716,-1,0.0, -> [background only]
frame_000990,-1.0,1.7125,6.3077,3.9654,11.9866,-1,0.0, -> [background only]
frame_000991,-1.0,1.7299,8.4023,3.6924,13.8256,-1,0.0, -> [background only]
frame_000992,-1.0,1.7961,8.1513,4.1153,14.0639,-1,0.0, -> [background only]
frame_000993,-1.0,3.3759,9.9707,3.984,17.3317,-1,0.0, -> [background only]
frame_000994,-1.0,3.4004,6.3424,3.9035,13.6473,-1,0.0, -> [background only]
frame_000995,-1.0,3.4205,6.3085,3.9661,13.6963,-1,0.0, -> [background only]
frame_000996,-1.0,3.3522,6.4262,4.1223,13.9016,-1,0.0, -> [background only]
frame_000997,-1.0,3.4551,7.0653,4.0228,14.5442,-1,0.0, -> [background only]
frame_000998,-1.0,2.4959,7.4381,4.0267,13.9618,-1,0.0, -> [background only]
frame_000999,-1.0,2.6236,7.1852,4.0271,13.8369,-1,0.0, -> [background only]
frame_001000,-1.0,3.644,6.873,3.9035,14.4219,-1,0.0, -> [background only]
frame_001001,-1.0,3.2596,8.8266,3.6828,15.7701,-1,0.0, -> [background only]
frame_001002,-1.0,3.5931,6.4581,4.1235,14.1757,-1,0.0, -> [background only]
frame_001003,-1.0,2.6402,10.2689,3.934,16.8439,-1,0.0, -> [background only]
frame_001004,-1.0,2.0656,7.72,4.0845,13.8712,-1,0.0, -> [background only]
frame_001005,-1.0,2.6502,7.1549,3.8807,13.687,-1,0.0, -> [background only]
frame_001006,-1.0,3.6292,8.2323,3.9531,15.8156,-1,0.0, -> [background only]
frame_001007,-1.0,3.216,6.3582,3.8738,13.4491,-1,0.0, -> [background only]
frame_001008,-1.0,3.5347,9.3192,4.1321,16.9871,-1,0.0, -> [background only]
frame_001009,-1.0,3.3645,6.3581,3.7314,13.455,-1,0.0, -> [background only]
frame_001010,-1.0,3.4692,6.4434,3.948,13.8616,-1,0.0, -> [background only]
frame_001011,-1.0,3.2986,6.28,4.0806,13.6631,-1,0.0, -> [background only]
frame_001012,-1.0,3.4577,6.4134,4.0418,13.9137,-1,0.0, -> [background only]
frame_001013,-1.0,2.6561,7.3419,3.9698,13.969,-1,0.0, -> [background only]
frame_001014,-1.0,3.386,6.3811,4.0103,13.7783,-1,0.0, -> [background only]
frame_001015,-1.0,2.4648,7.1986,3.9633,13.6276,-1,0.0, -> [background only]
frame_001016,-1.0,3.5126,6.3995,3.9811,13.8941,-1,0.0, -> [background only]
frame_001017,-1.0,3.5138,6.3117,4.0967,13.9231,-1,0.0, -> [background only]
frame_001018,-1.0,3.5279,8.6324,4.0141,16.1754,-1,0.0, -> [background only]
frame_001019,-1.0,3.3851,6.3288,3.9557,13.6706,-1,0.0, -> [background only]
frame_001020,-1.0,2.4942,6.2815,3.9622,12.7389,-1,0.0, -> [background only]
frame_001021,-1.0,2.0716,7.6023,3.9905,13.6654,-1,0.0, -> [background only]
frame_001022,-1.0,3.3589,8.4647,3.9926,15.8172,-1,0.0, -> [background only]
frame_001023,-1.0,3.4434,6.39,4.0397,13.874,-1,0.0, -> [background only]
frame_001024,-1.0,3.1046,6.3733,3.9706,13.4495,-1,0.0, -> [background only]
frame_001025,-1.0,2.6151,7.1595,3.6829,13.4584,-1,0.0, -> [background only]
frame_001026,-1.0,3.5084,6.4302,3.9818,13.9214,-1,0.0, -> [background only]
frame_001027,-1.0,2.4961,7.123,4.0136,13.6336,-1,0.0, -> [background only]
frame_001028,-1.0,3.579,6.4429,4.0426,14.0653,-1,0.0, -> [background only]
frame_001029,-1.0,3.4714,6.3385,4.1403,13.9512,-1,0.0, -> [background only]
frame_001030,-1.0,2.6242,7.3343,3.9611,13.9205,-1,0.0, -> [background only]
frame_001031,-1.0,2.5447,7.1619,3.9647,13.6725,-1,0.0, -> [background only]
frame_001032,-1.0,2.5133,7.4267,3.9865,13.9275,-1,0.0, -> [background only]
frame_001033,-1.0,3.4729,6.2627,4.1209,13.8575,-1,0.0, -> [background only]
frame_001034,-1.0,3.5852,6.5365,4.0615,14.1845,-1,0.0, -> [background only]
frame_001035,-1.0,3.4801,6.2849,3.9461,13.7121,-1,0.0, -> [background only]
frame_001036,-1.0,3.4492,6.4689,3.968,13.8873,-1,0.0, -> [background only]
frame_001037,-1.0,3.4705,6.3037,4.0203,13.7954,-1,0.0, -> [background only]
frame_001038,-1.0,3.595,6.7349,4.0589,14.3899,-1,0.0, -> [background only]
frame_001039,-1.0,3.6156,6.344,4.0261,13.9868,-1,0.0, -> [background only]
frame_001040,-1.0,2.6014,11.2296,3.9688,17.8008,-1,0.0, -> [background only]
frame_001041,-1.0,2.4793,7.2306,3.9925,13.7034,-1,0.0, -> [background only]
frame_001042,-1.0,3.828,6.4122,4.0909,14.3323,-1,0.0, -> [background only]
frame_001043,-1.0,3.6375,6.3345,3.8549,13.8282,-1,0.0, -> [background only]
frame_001044,-1.0,3.5643,6.4087,4.0734,14.0475,-1,0.0, -> [background only]
frame_001045,-1.0,3.5741,6.2821,3.886,13.7433,-1,0.0, -> [background only]
frame_001046,-1.0,3.7106,8.6515,3.9395,16.3025,-1,0.0, -> [background only]
frame_001047,-1.0,2.7039,7.288,4.0486,14.0415,-1,0.0, -> [background only]
frame_001048,-1.0,3.4179,6.4041,4.141,13.9639,-1,0.0, -> [background only]
frame_001049,-1.0,3.5639,6.2694,3.8691,13.7037,-1,0.0, -> [background only]
frame_001050,-1.0,3.5988,6.4991,3.9154,14.0141,-1,0.0, -> [background only]
frame_001051,-1.0,3.37,6.2786,3.9582,13.6077,-1,0.0, -> [background only]
frame_001052,-1.0,3.5542,6.4687,4.0757,14.0999,-1,0.0, -> [background only]
frame_001053,-1.0,3.6146,6.2977,3.6491,13.5625,-1,0.0, -> [background only]
frame_001054,-1.0,3.6074,6.3048,3.9667,13.8799,-1,0.0, -> [background only]
frame_001055,-1.0,2.5601,7.2605,4.1387,13.9604,-1,0.0, -> [background only]
frame_001056,-1.0,3.5791,6.3908,3.9517,13.9228,-1,0.0, -> [background only]
frame_001057,-1.0,3.5735,6.3065,3.9274,13.8084,-1,0.0, -> [background only]
frame_001058,-1.0,3.6997,6.3452,3.6445,13.6905,-1,0.0, -> [background only]
frame_001059,-1.0,3.7594,6.2819,4.0051,14.0474,-1,0.0, -> [background only]
frame_001060,-1.0,3.6753,6.4079,3.9492,14.0334,-1,0.0, -> [background only]
frame_001061,-1.0,3.622,6.3362,4.1085,14.068,-1,0.0, -> [background only]
frame_001062,-1.0,3.7782,7.0301,3.8793,14.6886,-1,0.0, -> [background only]
frame_001063,-1.0,3.5053,6.4579,4.0036,13.9677,-1,0.0, -> [background only]
frame_001064,-1.0,3.6855,10.4811,3.9954,18.163,-1,0.0, -> [background only]
frame_001065,-1.0,3.5202,6.197,3.9856,13.7038,-1,0.0, -> [background only]
frame_001066,-1.0,2.6055,7.5334,4.0731,14.2132,-1,0.0, -> [background only]
frame_001067,-1.0,3.4155,6.3275,4.0232,13.7675,-1,0.0, -> [background only]
frame_001068,-1.0,3.5087,6.4159,3.9061,13.8318,-1,0.0, -> [background only]
frame_001069,-1.0,2.5601,7.2865,3.9225,13.7702,-1,0.0, -> [background only]
frame_001070,-1.0,3.6778,6.4781,4.0609,14.2178,-1,0.0, -> [background only]
frame_001071,-1.0,2.595,7.3029,4.0757,13.9746,-1,0.0, -> [background only]
frame_001072,-1.0,3.7043,6.5517,4.0055,14.2627,-1,0.0, -> [background only]
frame_001073,-1.0,3.5661,6.3092,3.9911,13.8675,-1,0.0, -> [background only]
frame_001074,-1.0,3.5269,6.3327,4.0068,13.8673,-1,0.0, -> [background only]
frame_001075,-1.0,3.542,6.3366,4.1036,13.9834,-1,0.0, -> [background only]
frame_001076,-1.0,3.678,6.4528,3.8883,14.0202,-1,0.0, -> [background only]
frame_001077,-1.0,3.4726,6.3392,3.9691,13.7818,-1,0.0, -> [background only]
frame_001078,-1.0,3.6234,7.0538,4.0329,14.7111,-1,0.0, -> [background only]
frame_001079,-1.0,3.2857,6.3933,3.9427,13.6226,-1,0.0, -> [background only]
frame_001080,-1.0,2.5726,6.2837,3.7023,12.5598,-1,0.0, -> [background only]
frame_001081,-1.0,2.1204,7.4928,3.9803,13.5947,-1,0.0, -> [background only]
frame_001082,-1.0,3.5161,6.5363,3.8789,13.9326,-1,0.0, -> [background only]
frame_001083,-1.0,3.4571,6.3445,3.9216,13.7241,-1,0.0, -> [background only]
frame_001084,-1.0,3.8117,7.074,3.9295,14.8162,-1,0.0, -> [background only]
frame_001085,-1.0,3.5024,6.4587,4.1362,14.0982,-1,0.0, -> [background only]
frame_001086,-1.0,3.5676,6.5854,3.9778,14.1317,-1,0.0, -> [background only]
frame_001087,-1.0,3.4061,6.3644,3.9297,13.7013,-1,0.0, -> [background only]
frame_001088,-1.0,3.6983,6.4756,3.9913,14.1664,-1,0.0, -> [background only]
frame_001089,-1.0,3.5356,6.2995,4.0708,13.9069,-1,0.0, -> [background only]
frame_001090,-1.0,3.6832,7.0161,4.0654,14.7658,-1,0.0, -> [background only]
frame_001091,-1.0,3.463,6.462,3.6746,13.6006,-1,0.0, -> [background only]
frame_001092,-1.0,3.543,6.4404,4.026,14.0103,-1,0.0, -> [background only]
frame_001093,-1.0,3.4142,6.363,3.9888,13.7669,-1,0.0, -> [background only]
frame_001094,-1.0,3.4547,6.3767,3.9492,13.7815,-1,0.0, -> [background only]
frame_001095,-1.0,3.6284,6.324,3.9775,13.9311,-1,0.0, -> [background only]
frame_001096,-1.0,3.6106,6.4075,3.9366,13.9556,-1,0.0, -> [background only]
frame_001097,-1.0,3.4837,6.2819,4.07,13.8367,-1,0.0, -> [background only]
frame_001098,-1.0,3.3884,6.3705,3.9152,13.6752,-1,0.0, -> [background only]
frame_001099,-1.0,3.5506,6.3222,3.965,13.8388,-1,0.0, -> [background only]
frame_001100,-1.0,3.7389,9.635,4.1048,17.48,-1,0.0, -> [background only]
frame_001101,-1.0,2.6432,7.2043,3.9328,13.7814,-1,0.0, -> [background only]
frame_001102,-1.0,3.5248,6.4441,3.7665,13.7364,-1,0.0, -> [background only]
frame_001103,-1.0,3.5706,6.4032,4.0828,14.0575,-1,0.0, -> [background only]
frame_001104,-1.0,3.5798,6.3578,3.9518,13.8907,-1,0.0, -> [background only]
frame_001105,-1.0,3.6286,6.3272,3.9605,13.9174,-1,0.0, -> [background only]
frame_001106,-1.0,3.6182,6.4581,3.9952,14.0726,-1,0.0, -> [background only]
frame_001107,-1.0,2.5315,7.2173,4.0207,13.7705,-1,0.0, -> [background only]
frame_001108,-1.0,3.5448,6.3878,3.9518,13.8857,-1,0.0, -> [background only]
frame_001109,-1.0,3.3718,6.3025,3.9275,13.6027,-1,0.0, -> [background only]
frame_001110,-1.0,3.4318,6.4546,3.9851,13.8725,-1,0.0, -> [background only]
frame_001111,-1.0,3.6841,6.3299,4.0499,14.0654,-1,0.0, -> [background only]
frame_001112,-1.0,3.7166,6.4826,3.9349,14.1352,-1,0.0, -> [background only]
frame_001113,-1.0,2.6175,6.4153,4.0016,13.0354,-1,0.0, -> [background only]
frame_001114,-1.0,2.1325,7.8364,3.9273,13.8973,-1,0.0, -> [background only]
frame_001115,-1.0,3.5626,6.2936,4.1052,13.9624,-1,0.0, -> [background only]
frame_001116,-1.0,3.4262,6.4424,3.9388,13.8085,-1,0.0, -> [background only]
frame_001117,-1.0,2.6392,7.2094,4.0348,13.8844,-1,0.0, -> [background only]
frame_001118,-1.0,3.7252,6.4457,3.9043,14.0763,-1,0.0, -> [background only]
frame_001119,-1.0,2.6153,6.4526,4.0064,13.0752,-1,0.0, -> [background only]
frame_001120,-1.0,2.1605,7.9027,3.7888,13.853,-1,0.0, -> [background only]
frame_001121,-1.0,3.4113,6.3206,3.943,13.676,-1,0.0, -> [background only]
frame_001122,-1.0,3.6899,6.4191,3.9571,14.0672,-1,0.0, -> [background only]
frame_001123,-1.0,3.4971,8.4524,4.0175,15.9682,-1,0.0, -> [background only]
frame_001124,-1.0,3.575,8.1979,3.9643,15.7384,-1,0.0, -> [background only]
frame_001125,-1.0,2.4739,6.3879,3.9562,12.8191,-1,0.0, -> [background only]
frame_001126,-1.0,2.1171,8.0604,4.0233,14.2018,-1,0.0, -> [background only]
frame_001127,-1.0,3.3806,6.292,3.9672,13.6411,-1,0.0, -> [background only]
frame_001128,-1.0,3.6366,6.4945,4.127,14.259,-1,0.0, -> [background only]
frame_001129,-1.0,3.6227,6.3179,4.0113,13.9532,-1,0.0, -> [background only]
frame_001130,-1.0,3.6572,10.9324,4.0584,18.6492,-1,0.0, -> [background only]
frame_001131,-1.0,2.652,6.259,4.032,12.9442,-1,0.0, -> [background only]
frame_001132,-1.0,2.0809,7.9724,4.131,14.1851,-1,0.0, -> [background only]
frame_001133,-1.0,3.5456,6.2819,3.8237,13.652,-1,0.0, -> [background only]
frame_001134,-1.0,3.5104,6.2978,3.9395,13.7485,-1,0.0, -> [background only]
frame_001135,-1.0,2.5317,7.1971,3.9886,13.7185,-1,0.0, -> [background only]
frame_001136,-1.0,3.5933,10.7455,4.0872,18.4271,-1,0.0, -> [background only]
frame_001137,-1.0,3.3216,9.1283,4.041,16.492,-1,0.0, -> [background only]
frame_001138,-1.0,2.5725,7.431,4.0274,14.0318,-1,0.0, -> [background only]
frame_001139,-1.0,2.5494,7.4381,4.0465,14.0351,-1,0.0, -> [background only]
frame_001140,-1.0,2.519,6.3617,4.0289,12.9104,-1,0.0, -> [background only]
frame_001141,-1.0,2.0774,6.9844,4.023,13.0856,-1,0.0, -> [background only]
frame_001142,-1.0,1.7005,7.6912,3.949,13.3417,-1,0.0, -> [background only]
frame_001143,-1.0,3.8545,7.2786,4.0752,15.2095,-1,0.0, -> [background only]
frame_001144,-1.0,3.3807,6.4439,3.9742,13.7997,-1,0.0, -> [background only]
frame_001145,-1.0,3.5202,6.4106,4.044,13.9758,-1,0.0, -> [background only]
frame_001146,-1.0,3.5246,6.2233,3.976,13.7249,-1,0.0, -> [background only]
frame_001147,-1.0,3.7944,7.2425,4.0591,15.0971,-1,0.0, -> [background only]
frame_001148,-1.0,3.3099,10.1873,3.6689,17.167,-1,0.0, -> [background only]
frame_001149,-1.0,3.8135,6.451,3.7721,14.0375,-1,0.0, -> [background only]
frame_001150,-1.0,2.4828,6.2893,3.959,12.732,-1,0.0, -> [background only]
frame_001151,-1.0,2.1528,8.0596,4.0028,14.2164,-1,0.0, -> [background only]
frame_001152,-1.0,3.5026,6.3714,3.8788,13.7539,-1,0.0, -> [background only]
frame_001153,-1.0,3.61,6.4348,4.02,14.0657,-1,0.0, -> [background only]
frame_001154,-1.0,2.576,6.2905,4.1235,12.9909,-1,0.0, -> [background only]
frame_001155,-1.0,2.0782,7.8754,3.9664,13.9209,-1,0.0, -> [background only]
frame_001156,-1.0,2.6363,6.3431,3.9922,12.9726,-1,0.0, -> [background only]
frame_001157,-1.0,2.1101,7.9094,4.0821,14.1027,-1,0.0, -> [background only]
frame_001158,-1.0,2.6585,7.0892,3.9668,13.7156,-1,0.0, -> [background only]
frame_001159,-1.0,2.4674,6.2612,3.9744,12.704,-1,0.0, -> [background only]
frame_001160,-1.0,2.0865,6.3386,3.9727,12.3987,-1,0.0, -> [background only]
frame_001161,-1.0,1.6546,7.9143,4.1408,13.7106,-1,0.0, -> [background only]
frame_001162,-1.0,2.712,6.259,4.0566,13.0285,-1,0.0, -> [background only]
frame_001163,-1.0,2.0993,7.8501,4.0087,13.9592,-1,0.0, -> [background only]
frame_001164,-1.0,3.4836,6.3938,4.0214,13.8997,-1,0.0, -> [background only]
frame_001165,-1.0,3.353,6.3175,4.0129,13.6844,-1,0.0, -> [background only]
frame_001166,-1.0,2.4575,7.1182,3.9635,13.5401,-1,0.0, -> [background only]
frame_001167,-1.0,2.0188,7.8395,4.0427,13.9019,-1,0.0, -> [background only]
frame_001168,-1.0,3.3536,6.3589,4.0329,13.7465,-1,0.0, -> [background only]
frame_001169,-1.0,3.4423,6.5289,4.0393,14.0116,-1,0.0, -> [background only]
frame_001170,-1.0,2.4253,6.3155,4.0344,12.7761,-1,0.0, -> [background only]
frame_001171,-1.0,2.0079,7.8957,3.9827,13.8873,-1,0.0, -> [background only]
frame_001172,-1.0,3.4099,6.2394,4.0296,13.6799,-1,0.0, -> [background only]
frame_001173,-1.0,3.4382,6.4455,3.8947,13.7796,-1,0.0, -> [background only]
frame_001174,-1.0,3.3203,7.6827,4.0379,15.0419,-1,0.0, -> [background only]
frame_001175,-1.0,3.3829,6.4059,4.0369,13.8266,-1,0.0, -> [background only]
frame_001176,-1.0,3.3375,6.3948,4.0126,13.7461,-1,0.0, -> [background only]
frame_001177,-1.0,2.5026,7.1642,4.1198,13.7879,-1,0.0, -> [background only]
frame_001178,-1.0,2.604,6.3067,3.9669,12.8789,-1,0.0, -> [background only]
frame_001179,-1.0,1.9852,7.4844,4.0839,13.5545,-1,0.0, -> [background only]
frame_001180,-1.0,3.426,6.3513,3.9509,13.7292,-1,0.0, -> [background only]
frame_001181,-1.0,3.2542,6.2329,3.9248,13.413,-1,0.0, -> [background only]
frame_001182,-1.0,3.3876,6.4533,3.9474,13.7892,-1,0.0, -> [background only]
frame_001183,-1.0,2.5831,6.2474,4.07,12.9016,-1,0.0, -> [background only]
frame_001184,-1.0,2.1013,7.7929,3.9502,13.8454,-1,0.0, -> [background only]
frame_001185,-1.0,3.3438,6.2253,4.0518,13.6218,-1,0.0, -> [background only]
frame_001186,-1.0,3.2586,7.5257,3.8835,14.6688,-1,0.0, -> [background only]
frame_001187,-1.0,3.4297,6.329,4.0384,13.798,-1,0.0, -> [background only]
frame_001188,-1.0,3.3065,6.9081,3.9139,14.1296,-1,0.0, -> [background only]
frame_001189,-1.0,3.2833,6.4502,4.0572,13.7917,-1,0.0, -> [background only]
frame_001190,-1.0,3.6174,7.357,3.9951,14.9704,-1,0.0, -> [background only]
frame_001191,-1.0,3.283,6.4057,3.7709,13.4604,-1,0.0, -> [background only]
frame_001192,-1.0,3.4846,6.8759,4.0258,14.3874,-1,0.0, -> [background only]
frame_001193,-1.0,3.4079,6.375,3.9975,13.7813,-1,0.0, -> [background only]
frame_001194,-1.0,3.1952,6.5367,3.9634,13.6965,-1,0.0, -> [background only]
frame_001195,-1.0,3.4428,6.3256,3.662,13.4315,-1,0.0, -> [background only]
frame_001196,-1.0,3.2661,6.3583,4.1234,13.749,-1,0.0, -> [background only]
frame_001197,-1.0,2.5324,7.0505,3.9264,13.5104,-1,0.0, -> [background only]
frame_001198,-1.0,2.5399,6.2523,3.9743,12.7673,-1,0.0, -> [background only]
frame_001199,-1.0,1.9608,7.5126,4.0721,13.5464,-1,0.0, -> [background only]
frame_001200,-1.0,2.4769,10.5493,3.9941,17.0211,-1,0.0, -> [background only]
frame_001201,-1.0,1.7503,6.3764,4.0157,12.1433,-1,0.0, -> [background only]
frame_001202,-1.0,2.0128,7.8523,3.6723,13.5383,-1,0.0, -> [background only]
frame_001203,-1.0,2.5634,8.0398,3.974,14.5782,-1,0.0, -> [background only]
frame_001204,-1.0,2.0905,12.0394,3.7843,17.9155,-1,0.0, -> [background only]
frame_001205,-1.0,2.5124,6.4182,4.0612,12.9928,-1,0.0, -> [background only]
frame_001206,-1.0,2.15,7.7224,4.0827,13.9561,-1,0.0, -> [background only]
frame_001207,-1.0,2.5041,7.0853,3.9619,13.5525,-1,0.0, -> [background only]
frame_001208,-1.0,2.5898,6.2368,3.9513,12.7792,-1,0.0, -> [background only]
frame_001209,-1.0,2.0663,6.335,3.9979,12.4002,-1,0.0, -> [background only]
frame_001210,-1.0,1.7201,7.9333,4.0056,13.6598,-1,0.0, -> [background only]
frame_001211,-1.0,3.5216,6.2378,3.7818,13.542,-1,0.0, -> [background only]
frame_001212,-1.0,3.4067,6.493,4.0702,13.9708,-1,0.0, -> [background only]
frame_001213,-1.0,2.5154,6.3039,4.0262,12.8465,-1,0.0, -> [background only]
frame_001214,-1.0,2.1902,7.9178,4.0958,14.2048,-1,0.0, -> [background only]
frame_001215,-1.0,2.5016,7.192,4.0168,13.7113,-1,0.0, -> [background only]
frame_001216,-1.0,2.6606,10.6308,4.0068,17.2991,-1,0.0, -> [background only]
frame_001217,-1.0,2.0623,6.3476,3.9396,12.3505,-1,0.0, -> [background only]
frame_001218,-1.0,1.6832,7.9233,4.0955,13.7033,-1,0.0, -> [background only]
frame_001219,-1.0,2.4347,6.3266,4.0364,12.7988,-1,0.0, -> [background only]
frame_001220,-1.0,2.0651,7.8149,3.9014,13.7826,-1,0.0, -> [background only]
frame_001221,-1.0,2.5622,6.2823,4.0549,12.9003,-1,0.0, -> [background only]
frame_001222,-1.0,2.0584,8.1041,4.0311,14.1948,-1,0.0, -> [background only]
frame_001223,-1.0,3.29,6.2171,4.0328,13.5407,-1,0.0, -> [background only]
frame_001224,-1.0,3.3649,6.3359,3.9509,13.6528,-1,0.0, -> [background only]
frame_001225,-1.0,2.6564,6.3982,3.9924,13.0483,-1,0.0, -> [background only]
frame_001226,-1.0,1.627,7.9992,4.0575,13.6845,-1,0.0, -> [background only]
frame_001227,-1.0,2.553,6.3226,3.8931,12.7699,-1,0.0, -> [background only]
frame_001228,-1.0,2.0543,7.8566,4.0825,13.9943,-1,0.0, -> [background only]
frame_001229,-1.0,2.533,6.2699,3.9381,12.7422,-1,0.0, -> [background only]
frame_001230,-1.0,2.1214,7.7728,4.0596,13.9546,-1,0.0, -> [background only]
frame_001231,-1.0,2.5273,6.2737,3.9207,12.7226,-1,0.0, -> [background only]
frame_001232,-1.0,2.0466,7.8589,4.0357,13.9422,-1,0.0, -> [background only]
frame_001233,-1.0,2.48,6.2737,3.9312,12.686,-1,0.0, -> [background only]
frame_001234,-1.0,2.1262,7.7742,3.9616,13.8631,-1,0.0, -> [background only]
frame_001235,-1.0,2.5972,6.6025,3.9763,13.1769,-1,0.0, -> [background only]
frame_001236,-1.0,2.1161,7.7139,3.9599,13.7911,-1,0.0, -> [background only]
frame_001237,-1.0,3.3852,6.2209,3.9848,13.592,-1,0.0, -> [background only]
frame_001238,-1.0,3.5029,8.6809,4.0164,16.2012,-1,0.0, -> [background only]
frame_001239,-1.0,2.5521,7.0432,4.012,13.6083,-1,0.0, -> [background only]
frame_001240,-1.0,2.5013,6.3849,3.9873,12.8748,-1,0.0, -> [background only]
frame_001241,-1.0,2.0579,6.3534,4.0237,12.4361,-1,0.0, -> [background only]
frame_001242,-1.0,1.7707,7.9087,4.0127,13.693,-1,0.0, -> [background only]
frame_001243,-1.0,2.4998,6.2675,4.1077,12.8763,-1,0.0, -> [background only]
frame_001244,-1.0,2.1108,7.7517,3.9799,13.8432,-1,0.0, -> [background only]
frame_001245,-1.0,3.3843,6.3055,4.0224,13.7132,-1,0.0, -> [background only]
frame_001246,-1.0,3.5864,6.5558,3.9112,14.0544,-1,0.0, -> [background only]
frame_001247,-1.0,2.4911,7.2018,4.0109,13.7048,-1,0.0, -> [background only]
frame_001248,-1.0,3.3544,6.3441,4.0956,13.7951,-1,0.0, -> [background only]
frame_001249,-1.0,3.2305,6.4117,3.9016,13.5448,-1,0.0, -> [background only]
frame_001250,-1.0,3.5552,9.5624,3.975,17.0937,-1,0.0, -> [background only]
frame_001251,-1.0,2.5722,7.2537,3.9504,13.7774,-1,0.0, -> [background only]
frame_001252,-1.0,3.406,6.399,4.0885,13.8948,-1,0.0, -> [background only]
frame_001253,-1.0,3.4326,6.2296,3.9866,13.6498,-1,0.0, -> [background only]
frame_001254,-1.0,3.2555,8.6772,3.975,15.9086,-1,0.0, -> [background only]
frame_001255,-1.0,3.3528,6.303,3.9467,13.6035,-1,0.0, -> [background only]
frame_001256,-1.0,3.442,6.394,4.1313,13.9681,-1,0.0, -> [background only]
frame_001257,-1.0,3.3234,6.3066,3.9523,13.5834,-1,0.0, -> [background only]
frame_001258,-1.0,3.34,6.5689,3.9104,13.8203,-1,0.0, -> [background only]
frame_001259,-1.0,3.4469,6.2521,4.0287,13.7288,-1,0.0, -> [background only]
frame_001260,-1.0,2.4415,11.2222,4.0252,17.6897,-1,0.0, -> [background only]
frame_001261,-1.0,3.2818,6.4309,3.9593,13.673,-1,0.0, -> [background only]
frame_001262,-1.0,3.4754,6.4016,4.0701,13.948,-1,0.0, -> [background only]
frame_001263,-1.0,2.5164,7.1849,4.0388,13.741,-1,0.0, -> [background only]
frame_001264,-1.0,3.3425,6.4404,3.9236,13.7076,-1,0.0, -> [background only]
frame_001265,-1.0,3.3214,6.2645,4.0392,13.6262,-1,0.0, -> [background only]
frame_001266,-1.0,3.4313,6.4922,4.0128,13.9374,-1,0.0, -> [background only]
frame_001267,-1.0,2.4487,7.2104,3.9256,13.5859,-1,0.0, -> [background only]
frame_001268,-1.0,3.4163,6.3486,4.0656,13.8317,-1,0.0, -> [background only]
frame_001269,-1.0,2.575,7.162,3.9796,13.7175,-1,0.0, -> [background only]
frame_001270,-1.0,3.3436,8.3811,4.0573,15.7831,-1,0.0, -> [background only]
frame_001271,-1.0,2.572,7.1508,3.7899,13.5138,-1,0.0, -> [background only]
frame_001272,-1.0,3.3822,6.9654,4.1532,14.502,-1,0.0, -> [tvmonitor (Top): 2%]
frame_001273,-1.0,3.3249,6.2543,4.0619,13.642,-1,0.0, -> [background only]
frame_001274,-1.0,3.4155,6.4583,3.9979,13.8725,-1,0.0, -> [background only]
frame_001275,-1.0,3.225,6.2551,3.9009,13.382,-1,0.0, -> [background only]
frame_001276,-1.0,3.3172,8.0674,4.0088,15.3944,-1,0.0, -> [background only]
frame_001277,-1.0,2.6434,7.0897,4.0806,13.8147,-1,0.0, -> [background only]
frame_001278,-1.0,3.3331,6.3897,3.912,13.6356,-1,0.0, -> [background only]
frame_001279,-1.0,3.5598,6.2117,4.0924,13.8651,-1,0.0, -> [background only]
frame_001280,-1.0,3.4456,6.3403,4.0398,13.8267,-1,0.0, -> [background only]
frame_001281,-1.0,3.3542,6.2111,3.9618,13.5282,-1,0.0, -> [background only]
frame_001282,-1.0,3.3978,6.7248,3.659,13.7827,-1,0.0, -> [background only]
frame_001283,-1.0,2.4524,7.0884,4.0256,13.5677,-1,0.0, -> [background only]
frame_001284,-1.0,3.3858,6.3813,4.088,13.8562,-1,0.0, -> [background only]
frame_001285,-1.0,3.2776,6.2616,3.9534,13.4935,-1,0.0, -> [background only]
frame_001286,-1.0,3.6117,6.6222,4.0303,14.2654,-1,0.0, -> [background only]
frame_001287,-1.0,3.3158,6.278,3.9272,13.5221,-1,0.0, -> [background only]
frame_001288,-1.0,3.5882,6.5195,4.007,14.1157,-1,0.0, -> [background only]
frame_001289,-1.0,2.5797,6.3217,4.0045,12.9074,-1,0.0, -> [background only]
frame_001290,-1.0,2.0762,10.5836,4.0986,16.7596,-1,0.0, -> [background only]
frame_001291,-1.0,3.3517,6.2744,3.8716,13.4988,-1,0.0, -> [background only]
frame_001292,-1.0,3.4814,6.9864,3.9938,14.4625,-1,0.0, -> [background only]
frame_001293,-1.0,3.2247,6.3687,3.9588,13.5533,-1,0.0, -> [background only]
frame_001294,-1.0,3.3804,7.2379,3.9962,14.6154,-1,0.0, -> [background only]
frame_001295,-1.0,3.3555,6.3573,4.0301,13.7438,-1,0.0, -> [background only]
frame_001296,-1.0,2.6593,7.2955,3.8936,13.8499,-1,0.0, -> [background only]
frame_001297,-1.0,3.3436,6.2899,3.8837,13.5184,-1,0.0, -> [background only]
frame_001298,-1.0,3.323,8.9143,4.0332,16.2713,-1,0.0, -> [chair (Right): 1%]
frame_001299,-1.0,3.381,6.3146,4.1602,13.8569,-1,0.0, -> [chair (Right): 3%]
frame_001300,-1.0,3.512,6.3868,4.1999,14.0997,-1,0.0, -> [chair (Right): 3%]
frame_001301,-1.0,3.4259,6.2431,4.1603,13.8304,-1,0.0, -> [chair (Right): 3%]
frame_001302,-1.0,3.4141,6.452,4.1576,14.0247,-1,0.0, -> [chair (Right): 3%]
frame_001303,-1.0,3.517,8.6093,3.9867,16.114,-1,0.0, -> [chair (Right): 3%]
frame_001304,-1.0,3.6083,6.5531,3.9411,14.1033,-1,0.0, -> [background only]
frame_001305,-1.0,3.213,6.1995,4.2013,13.6148,-1,0.0, -> [chair (Right): 6%]
frame_001306,-1.0,3.5118,11.0312,4.2132,18.7574,-1,0.0, -> [chair (Right): 6%]
frame_001307,-1.0,3.4177,9.8729,4.1609,17.4524,-1,0.0, -> [chair (Right): 9%]
frame_001308,-1.0,3.5035,6.36,4.134,13.9985,-1,0.0, -> [chair (Right): 9%]
frame_001309,-1.0,2.5056,7.0147,3.8916,13.4131,-1,0.0, -> [chair (Right): 9%]
frame_001310,-1.0,3.4035,8.4454,4.2482,16.0981,-1,0.0," -> [chair (Center): 9%, tvmonitor (Top-Right): 1%]"
frame_001311,-1.0,3.3382,6.3111,4.055,13.7053,-1,0.0, -> [chair (Center): 8%]
frame_001312,-1.0,3.516,6.4215,4.0671,14.0059,-1,0.0, -> [chair (Center): 7%]
frame_001313,-1.0,2.5341,7.1321,4.0589,13.7263,-1,0.0, -> [chair (Center): 8%]
frame_001314,-1.0,3.3392,7.3961,4.2372,14.9737,-1,0.0," -> [chair (Center): 10%, tvmonitor (Top-Right): 1%]"
frame_001315,-1.0,2.5486,7.1418,4.1247,13.8163,-1,0.0," -> [chair (Center): 8%, tvmonitor (Top): 2%]"
frame_001316,-1.0,3.3413,6.4478,4.1935,13.9836,-1,0.0," -> [chair (Center): 7%, tvmonitor (Top): 2%]"
frame_001317,-1.0,2.5268,7.074,4.1761,13.7781,-1,0.0," -> [chair (Left): 7%, tvmonitor (Top): 1%]"
frame_001318,-1.0,3.4588,8.2516,4.2168,15.9281,-1,0.0," -> [chair (Left): 8%, tvmonitor (Top): 1%]"
frame_001319,-1.0,2.4038,7.1055,4.1946,13.7049,-1,0.0," -> [chair (Left): 7%, person (Top-Right): 1%, tvmonitor (Top): 1%]"
frame_001320,-1.0,3.3461,6.5008,4.2348,14.0826,-1,0.0," -> [chair (Left): 6%, person (Top-Right): 2%, tvmonitor (Top): 1%]"
frame_001321,-1.0,3.4904,6.2824,4.2899,14.0639,-1,0.0," -> [chair (Left): 7%, person (Top-Right): 1%, tvmonitor (Top): 3%]"
frame_001322,-1.0,3.4723,6.5343,4.3464,14.3539,-1,0.0," -> [chair (Left): 4%, person (Top): 2%, tvmonitor (Top): 2%]"
frame_001323,-1.0,3.2889,6.3425,4.1704,13.803,-1,0.0," -> [chair (Left): 2%, tvmonitor (Top): 1%]"
frame_001324,-1.0,3.4163,6.4898,4.1308,14.0377,-1,0.0," -> [chair (Left): 2%, tvmonitor (Top): 2%]"
frame_001325,-1.0,2.546,7.1708,4.0616,13.7794,-1,0.0, -> [person (Top): 1%]
frame_001326,-1.0,3.5873,9.1494,4.102,16.8398,-1,0.0, -> [person (Top): 1%]
frame_001327,-1.0,2.6879,6.3273,4.0312,13.0474,-1,0.0, -> [person (Top): 2%]
frame_001328,-1.0,2.6631,8.8296,4.0225,15.5163,-1,0.0, -> [background only]
frame_001329,-1.0,2.5845,7.033,3.9954,13.6138,-1,0.0, -> [background only]
frame_001330,-1.0,3.4696,8.2066,4.0354,15.7126,-1,0.0, -> [background only]
frame_001331,-1.0,2.7316,7.087,3.985,13.8046,-1,0.0, -> [background only]
frame_001332,-1.0,3.5972,6.4458,4.0763,14.1205,-1,0.0, -> [person (Top-Left): 2%]
frame_001333,-1.0,2.7477,7.1476,4.1108,14.0073,-1,0.0, -> [person (Top-Left): 2%]
frame_001334,-1.0,3.4861,11.0538,4.0941,18.6352,-1,0.0, -> [person (Top-Left): 3%]
frame_001335,-1.0,3.2769,6.2148,4.1839,13.6765,-1,0.0," -> [car (Right): 1%, person (Top-Left): 3%]"
frame_001336,-1.0,3.4307,9.4204,4.2051,17.0572,-1,0.0," -> [car (Bottom-Right): 1%, person (Top-Left): 2%]"
frame_001337,-1.0,2.4523,11.5566,4.1097,18.1197,-1,0.0, -> [person (Top-Left): 1%]
frame_001338,-1.0,3.5235,6.4927,4.271,14.2883,-1,0.0," -> [car (Bottom-Right): 1%, person (Top-Left): 1%]"
frame_001339,-1.0,3.4644,6.288,4.1085,13.8617,-1,0.0," -> [car (Right): 1%, person (Top-Left): 1%]"
frame_001340,-1.0,3.4052,6.3094,4.0753,13.7908,-1,0.0, -> [car (Right): 1%]
frame_001341,-1.0,2.5826,7.2314,4.2155,14.0303,-1,0.0, -> [chair (Left): 3%]
frame_001342,-1.0,3.4556,6.2976,4.1644,13.9185,-1,0.0," -> [car (Right): 1%, chair (Left): 3%]"
frame_001343,-1.0,2.6103,7.4096,4.2045,14.2254,-1,0.0," -> [car (Right): 1%, chair (Left): 3%]"
frame_001344,-1.0,3.497,9.5236,4.2204,17.242,-1,0.0," -> [car (Right): 1%, chair (Left): 3%]"
frame_001345,-1.0,3.3929,6.4134,4.1445,13.9519,-1,0.0," -> [car (Right): 1%, chair (Left): 3%]"
frame_001346,-1.0,3.4939,7.0695,4.1841,14.7484,-1,0.0," -> [car (Right): 1%, chair (Left): 1%]"
frame_001347,-1.0,2.4819,7.3652,4.1179,13.966,-1,0.0," -> [car (Right): 1%, chair (Left): 2%]"
frame_001348,-1.0,3.4031,6.3472,4.3229,14.0742,-1,0.0," -> [car (Bottom-Right): 1%, chair (Left): 4%]"
frame_001349,-1.0,2.5286,7.3767,4.1699,14.0761,-1,0.0," -> [car (Bottom-Right): 1%, chair (Left): 4%]"
frame_001350,-1.0,3.4484,10.3467,4.1658,17.962,-1,0.0," -> [car (Bottom-Right): 1%, chair (Left): 4%]"
frame_001351,-1.0,2.5326,9.8503,4.1165,16.5005,-1,0.0," -> [car (Bottom-Right): 1%, chair (Left): 3%]"
frame_001352,-1.0,3.4786,6.378,4.1081,13.9656,-1,0.0," -> [car (Bottom-Right): 1%, chair (Left): 3%]"
frame_001353,-1.0,2.482,7.3057,4.2608,14.0496,-1,0.0," -> [car (Bottom-Right): 1%, chair (Left): 3%]"
frame_001354,-1.0,3.2916,10.4581,4.2354,17.986,-1,0.0," -> [car (Bottom-Right): 1%, chair (Left): 7%]"
frame_001355,-1.0,2.4441,10.8006,4.1773,17.4229,-1,0.0, -> [chair (Left): 8%]
frame_001356,-1.0,3.4416,6.531,4.0919,14.0658,-1,0.0," -> [car (Bottom-Right): 1%, chair (Left): 3%]"
frame_001357,-1.0,3.3444,6.2288,4.283,13.8573,-1,0.0," -> [car (Right): 1%, chair (Left): 5%]"
frame_001358,-1.0,3.6007,9.71,4.0879,17.3999,-1,0.0," -> [car (Right): 1%, chair (Left): 8%]"
frame_001359,-1.0,3.3406,10.5063,4.3102,18.1585,-1,0.0," -> [car (Right): 1%, chair (Left): 10%]"
frame_001360,-1.0,3.5509,6.4822,4.1755,14.2099,-1,0.0," -> [car (Right): 1%, chair (Left): 4%]"
frame_001361,-1.0,3.4985,6.2228,4.1723,13.8947,-1,0.0," -> [car (Right): 1%, chair (Left): 4%]"
frame_001362,-1.0,3.495,6.4113,3.7878,13.6954,-1,0.0, -> [chair (Left): 4%]
frame_001363,-1.0,2.5329,7.2064,4.2183,13.959,-1,0.0," -> [car (Right): 1%, chair (Left): 7%]"
frame_001364,-1.0,3.4626,7.959,4.3228,15.7455,-1,0.0," -> [car (Right): 1%, chair (Left): 6%]"
frame_001365,-1.0,2.5338,7.2021,4.0865,13.8234,-1,0.0," -> [car (Bottom-Right): 1%, chair (Left): 5%]"
frame_001366,-1.0,3.3732,8.3902,4.082,15.8463,-1,0.0," -> [car (Right): 1%, chair (Left): 4%]"
frame_001367,-1.0,3.4585,6.291,3.9555,13.7059,-1,0.0," -> [car (Bottom-Right): 1%, chair (Left): 4%, tvmonitor (Top): 1%]"
frame_001368,-1.0,3.3887,6.3874,4.1966,13.9737,-1,0.0," -> [car (Bottom-Right): 1%, chair (Left): 4%]"
frame_001369,-1.0,2.4965,7.685,4.1845,14.367,-1,0.0," -> [car (Bottom-Right): 1%, chair (Left): 4%]"
frame_001370,-1.0,3.6359,9.8291,4.1133,17.5792,-1,0.0," -> [car (Bottom-Right): 1%, chair (Left): 6%]"
frame_001371,-1.0,3.3725,6.3906,4.0724,13.8368,-1,0.0," -> [car (Bottom-Right): 1%, chair (Left): 5%]"
frame_001372,-1.0,3.526,6.3999,4.3739,14.3007,-1,0.0," -> [car (Bottom-Right): 1%, chair (Left): 5%, tvmonitor (Bottom-Left): 1%]"
frame_001373,-1.0,3.3011,9.6208,4.1267,17.0497,-1,0.0, -> [chair (Left): 5%]
frame_001374,-1.0,3.7022,6.4146,4.1579,14.2756,-1,0.0," -> [car (Bottom-Right): 1%, chair (Left): 5%]"
frame_001375,-1.0,3.511,6.3128,4.2128,14.0377,-1,0.0," -> [car (Bottom-Right): 1%, chair (Left): 5%]"
frame_001376,-1.0,3.6855,6.3616,4.2339,14.282,-1,0.0," -> [car (Bottom-Right): 1%, chair (Left): 6%]"
frame_001377,-1.0,3.3363,6.2984,4.1021,13.7379,-1,0.0," -> [car (Bottom-Right): 1%, chair (Left): 6%]"
frame_001378,-1.0,3.6753,6.4444,4.1183,14.239,-1,0.0, -> [chair (Left): 6%]
frame_001379,-1.0,2.5914,12.192,4.1176,18.9019,-1,0.0, -> [chair (Left): 6%]
frame_001380,-1.0,3.4375,6.3861,4.1145,13.9391,-1,0.0," -> [car (Bottom-Right): 1%, chair (Left): 7%]"
frame_001381,-1.0,3.3253,6.2852,4.228,13.8396,-1,0.0," -> [car (Bottom-Right): 1%, chair (Left): 6%]"
frame_001382,-1.0,3.5469,6.4669,4.084,14.0988,-1,0.0," -> [car (Bottom-Right): 1%, chair (Left): 7%]"
frame_001383,-1.0,3.3221,6.3643,4.254,13.9413,-1,0.0," -> [car (Bottom-Right): 1%, chair (Left): 8%]"
frame_001384,-1.0,3.5871,6.4549,4.1391,14.1823,-1,0.0, -> [chair (Left): 8%]
frame_001385,-1.0,2.1828,7.2904,4.0532,13.5273,-1,0.0, -> [chair (Left): 8%]
frame_001386,-1.0,3.4794,6.3626,4.2172,14.0601,-1,0.0," -> [car (Bottom-Right): 1%, chair (Left): 7%]"
frame_001387,-1.0,2.5216,10.6584,4.0985,17.2793,-1,0.0, -> [chair (Left): 10%]
frame_001388,-1.0,3.6031,6.4095,4.2193,14.2333,-1,0.0," -> [car (Bottom-Right): 2%, chair (Left): 10%]"
frame_001389,-1.0,3.3356,6.281,3.9011,13.5186,-1,0.0," -> [car (Bottom-Right): 2%, chair (Left): 11%]"
frame_001390,-1.0,3.5822,6.4022,3.8677,13.853,-1,0.0," -> [car (Bottom-Right): 2%, chair (Left): 11%]"
frame_001391,-1.0,3.3826,6.3339,4.2038,13.9213,-1,0.0," -> [car (Bottom-Right): 2%, chair (Left): 11%]"
frame_001392,-1.0,3.511,6.3738,4.2072,14.093,-1,0.0," -> [car (Bottom-Right): 2%, chair (Left): 11%]"
frame_001393,-1.0,3.4515,6.2778,4.1533,13.8838,-1,0.0," -> [car (Bottom-Right): 2%, chair (Left): 11%]"
frame_001394,-1.0,3.4716,6.7654,4.3027,14.5407,-1,0.0," -> [car (Bottom-Right): 2%, chair (Left): 12%]"
frame_001395,-1.0,2.5573,7.1544,4.2242,13.9369,-1,0.0," -> [car (Bottom): 2%, chair (Left): 11%]"
frame_001396,-1.0,3.3541,8.4518,4.0955,15.9023,-1,0.0," -> [car (Bottom): 2%, chair (Left): 10%]"
frame_001397,-1.0,3.3567,6.2947,4.1182,13.7708,-1,0.0," -> [car (Bottom): 2%, chair (Left): 11%]"
frame_001398,-1.0,3.5982,6.5805,4.1919,14.3718,-1,0.0," -> [car (Bottom): 2%, chair (Left): 11%]"
frame_001399,-1.0,3.2602,6.3029,4.0743,13.6383,-1,0.0, -> [chair (Left): 10%]
frame_001400,-1.0,3.3992,6.4541,4.3079,14.1621,-1,0.0," -> [car (Bottom): 1%, chair (Left): 9%]"
frame_001401,-1.0,3.4151,6.2847,4.166,13.8669,-1,0.0, -> [chair (Left): 7%]
frame_001402,-1.0,3.6013,6.4504,4.1414,14.1941,-1,0.0, -> [chair (Left): 7%]
frame_001403,-1.0,3.5347,6.4943,4.1494,14.1798,-1,0.0," -> [car (Bottom): 2%, chair (Left): 3%]"
frame_001404,-1.0,3.6801,7.0236,4.0601,14.765,-1,0.0, -> [chair (Bottom-Left): 1%]
frame_001405,-1.0,3.4262,6.277,4.0124,13.7168,-1,0.0, -> [background only]
frame_001406,-1.0,3.5513,6.3998,4.2082,14.1604,-1,0.0, -> [car (Bottom): 1%]
frame_001407,-1.0,3.3625,6.2965,4.0672,13.7274,-1,0.0, -> [car (Bottom): 4%]
frame_001408,-1.0,3.4772,8.3789,4.0983,15.9554,-1,0.0, -> [car (Bottom): 3%]
frame_001409,-1.0,3.3561,6.3593,4.1114,13.8278,-1,0.0," -> [car (Bottom-Left): 4%, chair (Right): 1%]"
frame_001410,-1.0,3.5148,6.4388,3.9927,13.9472,-1,0.0, -> [car (Bottom-Left): 3%]
frame_001411,-1.0,3.4906,6.2478,4.1225,13.8619,-1,0.0," -> [car (Bottom-Left): 2%, chair (Right): 1%]"
frame_001412,-1.0,3.5382,6.404,4.2289,14.1722,-1,0.0," -> [car (Bottom-Left): 1%, chair (Right): 1%]"
frame_001413,-1.0,3.4811,10.1304,4.224,17.8366,-1,0.0," -> [car (Bottom-Left): 3%, chair (Right): 2%]"
frame_001414,-1.0,3.3172,6.3158,4.1542,13.7884,-1,0.0," -> [car (Bottom-Left): 3%, chair (Right): 2%]"
frame_001415,-1.0,3.6892,9.0007,4.2181,16.9092,-1,0.0," -> [car (Bottom-Left): 1%, chair (Center): 1%]"
frame_001416,-1.0,3.3352,7.2419,4.2197,14.7978,-1,0.0," -> [car (Bottom-Left): 1%, chair (Center): 2%]"
frame_001417,-1.0,3.5955,6.4262,4.1934,14.2163,-1,0.0," -> [car (Bottom-Left): 1%, chair (Center): 1%]"
frame_001418,-1.0,3.4249,7.6154,4.0327,15.0741,-1,0.0, -> [chair (Center): 1%]
frame_001419,-1.0,3.6076,6.4431,4.1328,14.1846,-1,0.0, -> [chair (Center): 2%]
frame_001420,-1.0,3.3038,6.8732,4.1194,14.2974,-1,0.0, -> [chair (Center): 1%]
frame_001421,-1.0,3.4928,6.7544,4.1786,14.4268,-1,0.0, -> [chair (Center): 2%]
frame_001422,-1.0,3.4406,6.1805,4.1292,13.7514,-1,0.0, -> [chair (Center): 2%]
frame_001423,-1.0,3.61,6.5935,4.0075,14.2118,-1,0.0, -> [chair (Center): 2%]
frame_001424,-1.0,3.3562,6.2114,4.0542,13.6229,-1,0.0, -> [chair (Left): 2%]
frame_001425,-1.0,3.5047,6.3533,4.0631,13.9224,-1,0.0, -> [chair (Left): 1%]
frame_001426,-1.0,3.311,6.428,4.14,13.88,-1,0.0, -> [chair (Left): 2%]
frame_001427,-1.0,3.8088,6.6346,4.2628,14.7073,-1,0.0, -> [chair (Center): 5%]
frame_001428,-1.0,1.953,6.2441,4.0714,12.2696,-1,0.0, -> [chair (Center): 6%]
frame_001429,-1.0,2.0199,7.8117,4.1389,13.9714,-1,0.0, -> [chair (Center): 7%]
frame_001430,-1.0,2.5238,7.1527,4.087,13.7645,-1,0.0, -> [chair (Center): 7%]
frame_001431,-1.0,3.5694,6.3862,4.104,14.0605,-1,0.0, -> [chair (Center): 6%]
frame_001432,-1.0,3.3757,6.2918,4.1337,13.8024,-1,0.0, -> [chair (Center): 7%]
frame_001433,-1.0,3.4715,6.4148,4.1439,14.0314,-1,0.0, -> [chair (Center): 6%]
frame_001434,-1.0,2.5287,7.433,4.0847,14.0473,-1,0.0, -> [chair (Center): 7%]
frame_001435,-1.0,3.5183,6.3656,3.8357,13.7208,-1,0.0, -> [chair (Center): 5%]
frame_001436,-1.0,3.3571,6.2209,4.1486,13.7275,-1,0.0, -> [chair (Center): 4%]
frame_001437,-1.0,3.5166,6.2325,4.0221,13.7722,-1,0.0, -> [chair (Center): 6%]
frame_001438,-1.0,3.5006,6.3775,4.1601,14.0392,-1,0.0, -> [chair (Center): 6%]
frame_001439,-1.0,3.646,6.4453,4.2188,14.3111,-1,0.0, -> [chair (Center): 6%]
frame_001440,-1.0,3.3767,6.2665,4.2068,13.851,-1,0.0, -> [chair (Center): 5%]
frame_001441,-1.0,3.4325,6.4405,3.8802,13.7541,-1,0.0, -> [chair (Center): 5%]
frame_001442,-1.0,3.5089,6.2609,4.0543,13.8252,-1,0.0, -> [chair (Center): 7%]
frame_001443,-1.0,3.5542,6.5539,4.0171,14.1261,-1,0.0, -> [chair (Center): 7%]
frame_001444,-1.0,3.4861,6.3078,4.1696,13.9645,-1,0.0, -> [chair (Center): 8%]
frame_001445,-1.0,3.7086,8.4654,4.0716,16.2466,-1,0.0, -> [chair (Center): 8%]
frame_001446,-1.0,3.3812,6.2682,4.0799,13.7303,-1,0.0, -> [chair (Center): 8%]
frame_001447,-1.0,3.5494,10.1725,4.0621,17.785,-1,0.0, -> [chair (Center): 8%]
frame_001448,-1.0,3.4218,6.8065,4.2736,14.5029,-1,0.0, -> [chair (Center): 8%]
frame_001449,-1.0,3.568,11.2894,3.9362,18.7947,-1,0.0, -> [chair (Center): 8%]
frame_001450,-1.0,3.3834,6.2949,4.1289,13.8082,-1,0.0, -> [chair (Center): 8%]
frame_001451,-1.0,3.4937,6.4751,4.1051,14.0753,-1,0.0, -> [chair (Center): 7%]
frame_001452,-1.0,3.4202,6.3514,4.2185,13.9914,-1,0.0, -> [chair (Center): 8%]
frame_001453,-1.0,3.5666,6.4236,3.8175,13.8091,-1,0.0, -> [chair (Center): 9%]
frame_001454,-1.0,3.4599,6.2171,4.1094,13.7876,-1,0.0, -> [chair (Center): 6%]
frame_001455,-1.0,3.622,6.4417,4.1073,14.1721,-1,0.0, -> [chair (Center): 7%]
frame_001456,-1.0,3.4168,6.5711,4.1263,14.1154,-1,0.0, -> [chair (Center): 7%]
frame_001457,-1.0,3.5454,6.2489,4.2531,14.0485,-1,0.0, -> [chair (Center): 9%]
frame_001458,-1.0,3.5501,6.2917,4.2282,14.0711,-1,0.0, -> [chair (Center): 8%]
frame_001459,-1.0,3.3632,6.3064,4.1525,13.8231,-1,0.0, -> [chair (Center): 8%]
frame_001460,-1.0,3.5191,6.5599,4.0459,14.1261,-1,0.0, -> [chair (Center): 9%]
frame_001461,-1.0,3.5496,6.3205,4.1384,14.0097,-1,0.0, -> [chair (Center): 7%]
frame_001462,-1.0,3.6223,6.5022,4.1218,14.2476,-1,0.0, -> [chair (Left): 6%]
frame_001463,-1.0,3.3167,6.2781,4.2015,13.7975,-1,0.0, -> [chair (Left): 8%]
frame_001464,-1.0,3.6797,6.4407,4.0108,14.1321,-1,0.0, -> [chair (Left): 5%]
frame_001465,-1.0,3.4486,6.906,3.9085,14.2639,-1,0.0, -> [chair (Left): 6%]
frame_001466,-1.0,3.6131,6.529,4.1737,14.3166,-1,0.0, -> [chair (Left): 3%]
frame_001467,-1.0,3.3822,6.2122,4.0781,13.6735,-1,0.0, -> [chair (Left): 4%]
frame_001468,-1.0,3.5337,6.4269,4.033,13.9946,-1,0.0, -> [chair (Left): 3%]
frame_001469,-1.0,3.5254,9.7482,4.1454,17.4202,-1,0.0, -> [chair (Left): 3%]
frame_001470,-1.0,3.5223,6.4224,4.1538,14.0995,-1,0.0, -> [chair (Left): 4%]
frame_001471,-1.0,3.3725,6.1851,4.2229,13.7814,-1,0.0, -> [chair (Left): 6%]
frame_001472,-1.0,3.5311,6.5527,4.1887,14.2736,-1,0.0, -> [chair (Center): 9%]
frame_001473,-1.0,3.5044,6.2578,4.1289,13.8922,-1,0.0, -> [chair (Left): 4%]
frame_001474,-1.0,3.5981,6.3973,3.8887,13.8853,-1,0.0, -> [chair (Left): 4%]
frame_001475,-1.0,3.4261,6.1678,4.1701,13.7651,-1,0.0, -> [chair (Left): 4%]
frame_001476,-1.0,3.5715,6.4343,4.1472,14.1537,-1,0.0, -> [chair (Left): 2%]
frame_001477,-1.0,3.404,6.3004,4.1812,13.8864,-1,0.0, -> [chair (Center): 5%]
frame_001478,-1.0,3.5857,6.353,4.1521,14.0917,-1,0.0, -> [chair (Center): 8%]
frame_001479,-1.0,3.3655,6.274,4.1292,13.7698,-1,0.0, -> [chair (Left): 3%]
frame_001480,-1.0,3.5377,6.3467,4.1267,14.0121,-1,0.0, -> [chair (Left): 3%]
frame_001481,-1.0,3.3564,6.2927,4.1846,13.8348,-1,0.0, -> [chair (Left): 3%]
frame_001482,-1.0,3.5602,6.3801,3.8227,13.764,-1,0.0, -> [chair (Left): 3%]
frame_001483,-1.0,3.4266,6.291,4.0839,13.8026,-1,0.0, -> [chair (Left): 1%]
frame_001484,-1.0,3.5759,6.3339,4.2549,14.1656,-1,0.0, -> [chair (Left): 1%]
frame_001485,-1.0,3.2557,6.2662,4.0439,13.5667,-1,0.0, -> [chair (Left): 1%]
frame_001486,-1.0,3.598,6.3935,3.9749,13.9672,-1,0.0, -> [background only]
frame_001487,-1.0,3.5911,9.406,4.0225,17.0206,-1,0.0, -> [background only]
frame_001488,-1.0,3.4665,6.5044,4.1719,14.1437,-1,0.0, -> [chair (Left): 2%]
frame_001489,-1.0,3.3663,6.2797,4.0668,13.7137,-1,0.0, -> [chair (Left): 1%]
frame_001490,-1.0,3.4636,6.4757,4.0582,13.9986,-1,0.0, -> [background only]
frame_001491,-1.0,3.4287,6.3416,3.6782,13.4497,-1,0.0, -> [background only]
frame_001492,-1.0,3.5161,6.3815,4.0016,13.9001,-1,0.0, -> [background only]
frame_001493,-1.0,2.5552,6.2871,4.0154,12.8586,-1,0.0, -> [background only]
frame_001494,-1.0,2.1914,7.8718,4.0183,14.0824,-1,0.0, -> [background only]
frame_001495,-1.0,3.4949,6.2385,4.0989,13.8332,-1,0.0, -> [background only]
frame_001496,-1.0,3.4373,6.3697,4.0855,13.8935,-1,0.0, -> [chair (Left): 1%]
frame_001497,-1.0,2.5869,6.237,4.1131,12.938,-1,0.0, -> [chair (Left): 3%]
frame_001498,-1.0,2.1013,8.7879,4.0399,14.9301,-1,0.0, -> [chair (Left): 2%]
frame_001499,-1.0,3.5267,6.1548,3.8791,13.5616,-1,0.0, -> [chair (Left): 2%]
frame_001500,-1.0,3.4316,6.4282,4.1684,14.0295,-1,0.0, -> [chair (Left): 3%]
frame_001501,-1.0,3.6016,6.4094,4.2091,14.221,-1,0.0, -> [chair (Left): 2%]
frame_001502,-1.0,3.522,6.4147,4.0482,13.986,-1,0.0, -> [chair (Left): 6%]
frame_001503,-1.0,3.3986,9.4301,4.1876,17.0172,-1,0.0, -> [chair (Center): 9%]
frame_001504,-1.0,3.4055,6.4255,4.1356,13.9678,-1,0.0, -> [chair (Left): 2%]
frame_001505,-1.0,3.2757,6.2228,4.083,13.5827,-1,0.0, -> [chair (Left): 4%]
frame_001506,-1.0,3.6997,8.9851,4.1919,16.8776,-1,0.0, -> [chair (Left): 3%]
frame_001507,-1.0,3.3352,7.2251,4.1787,14.7399,-1,0.0, -> [chair (Left): 4%]
frame_001508,-1.0,3.5503,6.36,4.2143,14.1256,-1,0.0, -> [chair (Left): 4%]
frame_001509,-1.0,3.3289,6.2717,4.1726,13.7741,-1,0.0, -> [chair (Left): 4%]
frame_001510,-1.0,3.597,6.4819,4.1703,14.2502,-1,0.0, -> [chair (Left): 4%]
frame_001511,-1.0,3.5116,6.3153,4.0219,13.8498,-1,0.0, -> [chair (Left): 4%]
frame_001512,-1.0,3.5515,6.4659,4.1491,14.1675,-1,0.0, -> [chair (Left): 3%]
frame_001513,-1.0,3.3682,7.9205,4.1516,15.4413,-1,0.0, -> [chair (Left): 1%]
frame_001514,-1.0,3.4761,6.907,4.0963,14.4803,-1,0.0, -> [chair (Left): 2%]
frame_001515,-1.0,3.3014,6.1505,4.0888,13.5416,-1,0.0, -> [chair (Left): 2%]
frame_001516,-1.0,3.6641,6.5276,4.0476,14.2402,-1,0.0, -> [chair (Left): 3%]
frame_001517,-1.0,3.4224,6.3772,4.0959,13.8963,-1,0.0, -> [chair (Left): 3%]
frame_001518,-1.0,3.4881,6.4317,4.0895,14.0104,-1,0.0, -> [chair (Left): 2%]
frame_001519,-1.0,3.3433,6.2684,4.1637,13.7763,-1,0.0, -> [chair (Left): 1%]
frame_001520,-1.0,3.5716,6.3992,4.0276,13.9992,-1,0.0, -> [background only]
frame_001521,-1.0,3.3767,6.2678,4.0954,13.741,-1,0.0, -> [chair (Center): 3%]
frame_001522,-1.0,3.5593,6.3904,4.0008,13.9517,-1,0.0, -> [chair (Left): 2%]
frame_001523,-1.0,2.547,6.2678,4.044,12.8598,-1,0.0, -> [chair (Left): 3%]
frame_001524,-1.0,2.0472,7.8102,4.1516,14.01,-1,0.0, -> [chair (Center): 1%]
frame_001525,-1.0,3.5917,6.2445,4.0158,13.8528,-1,0.0, -> [background only]
frame_001526,-1.0,3.5086,6.3076,4.0256,13.8427,-1,0.0, -> [background only]
frame_001527,-1.0,2.5745,6.2988,4.0313,12.9055,-1,0.0, -> [background only]
frame_001528,-1.0,2.0493,7.8333,4.1218,14.0054,-1,0.0, -> [chair (Center): 7%]
frame_001529,-1.0,3.3442,6.1879,3.812,13.345,-1,0.0, -> [chair (Center): 4%]
frame_001530,-1.0,3.5691,7.9045,3.8783,15.353,-1,0.0, -> [chair (Center): 4%]
frame_001531,-1.0,3.5014,6.286,3.9093,13.6977,-1,0.0, -> [chair (Bottom): 3%]
frame_001532,-1.0,3.5351,6.3764,4.1347,14.0474,-1,0.0, -> [chair (Center): 2%]
frame_001533,-1.0,3.4073,6.3139,4.176,13.8983,-1,0.0, -> [chair (Center): 6%]
frame_001534,-1.0,3.6047,7.1366,4.1623,14.9045,-1,0.0, -> [chair (Center): 3%]
frame_001535,-1.0,3.4961,6.2471,4.0988,13.843,-1,0.0, -> [chair (Center): 12%]
frame_001536,-1.0,3.3996,6.4376,4.0346,13.8727,-1,0.0, -> [chair (Center): 21%]
frame_001537,-1.0,3.3503,6.3076,4.1237,13.7825,-1,0.0, -> [chair (Center): 19%]
frame_001538,-1.0,3.7131,6.5124,4.0741,14.3005,-1,0.0, -> [chair (Center): 21%]
frame_001539,-1.0,2.5546,6.1934,4.2232,12.9722,-1,0.0, -> [chair (Center): 17%]
frame_001540,-1.0,2.1022,7.9637,4.1972,14.264,-1,0.0, -> [chair (Center): 20%]
frame_001541,-1.0,3.5495,6.2437,4.1025,13.8968,-1,0.0, -> [chair (Center): 19%]
frame_001542,-1.0,3.5915,6.4258,4.1378,14.1561,-1,0.0, -> [chair (Center): 26%]
frame_001543,-1.0,3.3549,9.6433,4.1373,17.1366,-1,0.0, -> [chair (Right): 39%]
frame_001544,-1.0,3.5067,7.0246,4.1866,14.7188,-1,0.0, -> [chair (Center): 37%]
frame_001545,-1.0,3.5297,6.2836,4.1886,14.0029,-1,0.0, -> [chair (Center): 35%]
frame_001546,-1.0,3.5542,6.4053,4.1427,14.1032,-1,0.0, -> [chair (Center): 23%]
frame_001547,-1.0,3.5535,6.3138,4.152,14.0205,-1,0.0, -> [chair (Center): 20%]
frame_001548,-1.0,3.5062,6.5526,4.0981,14.1578,-1,0.0, -> [chair (Center): 23%]
frame_001549,-1.0,3.4808,6.2788,4.1692,13.9299,-1,0.0, -> [chair (Center): 31%]
frame_001550,-1.0,3.429,6.3674,4.1851,13.9825,-1,0.0, -> [chair (Center): 36%]
frame_001551,-1.0,3.4034,8.7742,4.2508,16.4295,-1,0.0, -> [chair (Center): 37%]
frame_001552,-1.0,3.5266,6.3794,4.2049,14.1118,-1,0.0, -> [chair (Center): 47%]
frame_001553,-1.0,3.4852,6.2634,4.1645,13.914,-1,0.0, -> [chair (Center): 34%]
frame_001554,-1.0,3.3403,6.4431,4.1937,13.9781,-1,0.0, -> [chair (Center): 53%]
frame_001555,-1.0,3.43,8.8279,4.0887,16.3477,-1,0.0, -> [chair (Center): 49%]
frame_001556,-1.0,3.6583,6.3941,4.07,14.1236,-1,0.0, -> [chair (Center): 43%]
frame_001557,-1.0,3.38,9.7349,4.2355,17.3514,-1,0.0, -> [chair (Center): 45%]
frame_001558,-1.0,3.5044,6.3443,4.1422,13.9918,-1,0.0, -> [chair (Center): 27%]
frame_001559,-1.0,2.5889,7.0463,4.1255,13.7617,-1,0.0, -> [chair (Center): 28%]
frame_001560,-1.0,2.1511,7.9926,4.187,14.3317,-1,0.0, -> [chair (Center): 21%]
frame_001561,-1.0,3.5163,6.5065,4.1588,14.1826,-1,0.0, -> [chair (Right): 25%]
frame_001562,-1.0,3.7145,6.3478,4.0838,14.1472,-1,0.0, -> [chair (Right): 31%]
frame_001563,-1.0,3.3563,7.5155,4.2127,15.0854,-1,0.0, -> [chair (Right): 32%]
frame_001564,-1.0,3.4364,6.3776,3.924,13.7391,-1,0.0, -> [chair (Right): 34%]
frame_001565,-1.0,3.623,6.4572,4.0939,14.1751,-1,0.0, -> [chair (Right): 33%]
frame_001566,-1.0,3.574,6.3348,4.1702,14.0803,-1,0.0, -> [chair (Right): 32%]
frame_001567,-1.0,3.3533,6.3516,4.2066,13.9125,-1,0.0, -> [chair (Center): 32%]
frame_001568,-1.0,3.4233,6.4099,4.0417,13.8759,-1,0.0, -> [chair (Center): 27%]
frame_001569,-1.0,3.4294,8.2411,4.2381,15.9098,-1,0.0, -> [chair (Center): 26%]
frame_001570,-1.0,3.5404,6.3751,4.2334,14.1498,-1,0.0, -> [chair (Center): 25%]
frame_001571,-1.0,3.2605,8.0062,4.0185,15.2863,-1,0.0, -> [chair (Center): 24%]
frame_001572,-1.0,3.4656,6.4956,3.9579,13.9201,-1,0.0, -> [chair (Center): 22%]
frame_001573,-1.0,3.5039,6.3049,4.0107,13.8205,-1,0.0, -> [chair (Center): 21%]
frame_001574,-1.0,3.3908,6.3625,4.1647,13.9189,-1,0.0, -> [chair (Center): 16%]
frame_001575,-1.0,2.4453,7.2281,4.2658,13.9401,-1,0.0, -> [chair (Left): 12%]
frame_001576,-1.0,3.5718,6.4778,4.219,14.2696,-1,0.0," -> [chair (Left): 11%, person (Right): 2%]"
frame_001577,-1.0,3.4655,6.2647,4.0855,13.8167,-1,0.0, -> [chair (Left): 10%]
frame_001578,-1.0,3.4912,6.3807,4.188,14.0609,-1,0.0, -> [chair (Center): 9%]
frame_001579,-1.0,3.3251,6.2811,4.165,13.7721,-1,0.0, -> [chair (Center): 11%]
frame_001580,-1.0,3.5907,6.4978,4.1293,14.2187,-1,0.0, -> [chair (Center): 10%]
frame_001581,-1.0,3.3402,6.3628,4.0929,13.7968,-1,0.0, -> [chair (Center): 11%]
frame_001582,-1.0,3.6741,6.5173,4.0804,14.2727,-1,0.0, -> [chair (Center): 9%]
frame_001583,-1.0,3.462,6.3111,4.0005,13.7746,-1,0.0, -> [chair (Center): 8%]
frame_001584,-1.0,3.5973,6.3142,4.1797,14.0921,-1,0.0, -> [chair (Center): 8%]
frame_001585,-1.0,3.3629,6.2405,3.9959,13.6001,-1,0.0, -> [chair (Center): 8%]
frame_001586,-1.0,3.4381,10.8343,4.3383,18.6118,-1,0.0, -> [chair (Center): 11%]
frame_001587,-1.0,2.5557,8.7941,4.0934,15.4443,-1,0.0, -> [chair (Center): 10%]
frame_001588,-1.0,3.5554,6.4682,4.0769,14.1016,-1,0.0, -> [chair (Center): 10%]
frame_001589,-1.0,3.4061,6.2512,4.0452,13.7034,-1,0.0, -> [chair (Center): 8%]
frame_001590,-1.0,3.3613,6.5634,4.1452,14.0711,-1,0.0, -> [chair (Center): 8%]
frame_001591,-1.0,3.333,6.3851,4.1354,13.8545,-1,0.0, -> [chair (Center): 9%]
frame_001592,-1.0,3.6273,6.3878,4.0567,14.0729,-1,0.0, -> [chair (Center): 9%]
frame_001593,-1.0,3.3919,6.255,4.1855,13.8334,-1,0.0, -> [chair (Center): 10%]
frame_001594,-1.0,3.5211,6.3984,4.0022,13.9227,-1,0.0, -> [chair (Right): 9%]
frame_001595,-1.0,3.3627,7.3055,4.2298,14.899,-1,0.0, -> [chair (Right): 8%]
frame_001596,-1.0,3.6329,6.376,4.1097,14.1197,-1,0.0, -> [chair (Right): 10%]
frame_001597,-1.0,2.6168,8.6687,4.0279,15.3143,-1,0.0, -> [chair (Right): 13%]
frame_001598,-1.0,3.7369,6.4956,4.0694,14.3029,-1,0.0, -> [chair (Right): 12%]
frame_001599,-1.0,3.5187,6.2461,4.2031,13.9691,-1,0.0, -> [chair (Right): 8%]
frame_001600,-1.0,3.5492,6.5342,4.1146,14.199,-1,0.0, -> [chair (Right): 12%]
frame_001601,-1.0,3.4202,6.3701,4.0749,13.8663,-1,0.0, -> [chair (Right): 13%]
frame_001602,-1.0,3.5332,6.3322,4.1377,14.0041,-1,0.0, -> [chair (Right): 13%]
frame_001603,-1.0,3.4635,6.29,3.84,13.5945,-1,0.0, -> [chair (Right): 12%]
frame_001604,-1.0,3.6305,6.5053,4.1114,14.2481,-1,0.0, -> [chair (Right): 12%]
frame_001605,-1.0,3.4301,6.202,4.1635,13.7966,-1,0.0, -> [chair (Right): 10%]
frame_001606,-1.0,3.5437,6.5049,4.1659,14.2155,-1,0.0, -> [chair (Right): 9%]
frame_001607,-1.0,2.4819,7.118,4.2152,13.8159,-1,0.0," -> [chair (Right): 12%, diningtable (Bottom): 1%]"
frame_001608,-1.0,3.6335,6.4522,4.193,14.2795,-1,0.0," -> [chair (Right): 12%, diningtable (Bottom): 1%]"
frame_001609,-1.0,2.5717,7.2031,4.186,13.9617,-1,0.0," -> [chair (Right): 12%, diningtable (Bottom): 2%]"
frame_001610,-1.0,3.733,7.5396,4.2142,15.4876,-1,0.0," -> [chair (Right): 12%, diningtable (Bottom): 2%]"
frame_001611,-1.0,3.3998,6.3173,4.171,13.8889,-1,0.0," -> [chair (Right): 13%, diningtable (Bottom): 2%]"
frame_001612,-1.0,3.5346,7.6497,4.2844,15.4699,-1,0.0," -> [chair (Right): 12%, diningtable (Bottom): 3%]"
frame_001613,-1.0,3.481,7.3123,4.216,15.0104,-1,0.0, -> [chair (Right): 11%]
frame_001614,-1.0,3.5126,6.3621,4.2014,14.077,-1,0.0," -> [chair (Right): 13%, diningtable (Bottom): 2%]"
frame_001615,-1.0,2.5122,7.1223,4.2724,13.908,-1,0.0," -> [chair (Right): 18%, diningtable (Bottom): 3%]"
frame_001616,-1.0,3.535,6.3713,4.0778,13.9852,-1,0.0," -> [chair (Right): 15%, diningtable (Bottom): 4%]"
frame_001617,-1.0,2.5652,8.4727,4.2886,15.3274,-1,0.0," -> [chair (Right): 15%, diningtable (Bottom): 5%]"
frame_001618,-1.0,3.6341,6.3758,4.2264,14.2372,-1,0.0," -> [chair (Right): 13%, diningtable (Bottom): 5%]"
frame_001619,-1.0,2.469,7.2327,4.2223,13.9249,-1,0.0," -> [chair (Right): 12%, diningtable (Bottom): 5%]"
frame_001620,-1.0,3.5099,6.4311,4.1472,14.089,-1,0.0," -> [chair (Right): 10%, diningtable (Bottom): 3%]"
frame_001621,-1.0,3.4089,7.4746,4.1017,14.986,-1,0.0," -> [chair (Right): 14%, diningtable (Bottom): 5%]"
frame_001622,-1.0,3.4975,6.3821,4.2598,14.1403,-1,0.0," -> [chair (Right): 15%, diningtable (Bottom): 5%]"
frame_001623,-1.0,2.5957,7.1711,4.2521,14.0199,-1,0.0," -> [chair (Right): 14%, diningtable (Bottom): 4%]"
frame_001624,-1.0,3.5783,9.1877,4.2431,17.0102,-1,0.0," -> [chair (Right): 13%, diningtable (Bottom): 5%]"
frame_001625,-1.0,3.4625,6.948,4.0968,14.5084,-1,0.0," -> [chair (Right): 13%, diningtable (Bottom): 5%]"
frame_001626,-1.0,3.5797,9.5944,4.2664,17.4415,-1,0.0," -> [chair (Right): 12%, diningtable (Bottom): 5%]"
frame_001627,-1.0,3.308,6.1445,4.1904,13.6439,-1,0.0," -> [chair (Right): 9%, diningtable (Bottom): 4%]"
frame_001628,-1.0,3.681,6.5018,4.2131,14.3971,-1,0.0," -> [chair (Right): 11%, diningtable (Bottom): 3%]"
frame_001629,-1.0,3.2983,6.4421,4.2077,13.9493,-1,0.0," -> [chair (Right): 13%, diningtable (Bottom-Left): 4%]"
frame_001630,-1.0,3.6488,6.6086,4.2283,14.4867,-1,0.0," -> [chair (Right): 12%, diningtable (Bottom-Left): 1%]"
frame_001631,-1.0,3.3834,6.2253,4.1775,13.7872,-1,0.0," -> [chair (Right): 10%, diningtable (Bottom-Left): 3%]"
frame_001632,-1.0,3.4717,9.3742,4.1014,16.9482,-1,0.0," -> [chair (Top-Right): 7%, diningtable (Bottom-Left): 1%]"
frame_001633,-1.0,3.5094,7.6991,4.194,15.4037,-1,0.0," -> [bicycle (Right): 1%, chair (Top-Right): 6%]"
frame_001634,-1.0,3.597,6.3691,4.1608,14.128,-1,0.0, -> [chair (Top-Right): 6%]
frame_001635,-1.0,2.5544,7.1209,4.134,13.8105,-1,0.0, -> [chair (Right): 10%]
frame_001636,-1.0,3.4818,9.1084,4.1074,16.6987,-1,0.0," -> [chair (Right): 9%, diningtable (Bottom-Left): 1%]"
frame_001637,-1.0,3.4292,6.163,4.1048,13.6982,-1,0.0," -> [chair (Right): 12%, diningtable (Bottom-Left): 2%]"
frame_001638,-1.0,3.6357,7.6404,4.1982,15.4755,-1,0.0, -> [chair (Right): 8%]
frame_001639,-1.0,3.4187,6.3081,4.2072,13.9353,-1,0.0, -> [chair (Top-Right): 8%]
frame_001640,-1.0,3.5743,6.366,4.1228,14.0643,-1,0.0, -> [chair (Top-Right): 8%]
frame_001641,-1.0,3.3632,7.6376,4.12,15.1218,-1,0.0, -> [chair (Top-Right): 8%]
frame_001642,-1.0,3.7036,6.4686,4.0651,14.2383,-1,0.0, -> [chair (Right): 12%]
frame_001643,-1.0,3.4753,7.0726,4.0225,14.5715,-1,0.0, -> [chair (Right): 16%]
frame_001644,-1.0,3.5056,7.5829,4.1962,15.2858,-1,0.0, -> [chair (Right): 10%]
frame_001645,-1.0,3.3664,6.2916,4.154,13.813,-1,0.0, -> [chair (Right): 12%]
frame_001646,-1.0,3.7059,7.8151,4.0878,15.6097,-1,0.0, -> [chair (Right): 15%]
frame_001647,-1.0,3.4474,7.7956,3.8963,15.1405,-1,0.0, -> [chair (Right): 13%]
frame_001648,-1.0,3.5539,6.6031,4.0809,14.2389,-1,0.0, -> [chair (Right): 13%]
frame_001649,-1.0,3.3873,6.2745,4.2444,13.9073,-1,0.0, -> [chair (Right): 13%]
frame_001650,-1.0,3.601,6.5228,4.1368,14.2616,-1,0.0, -> [chair (Right): 16%]
frame_001651,-1.0,3.3677,10.5623,4.1406,18.0716,-1,0.0, -> [chair (Right): 16%]
frame_001652,-1.0,3.6101,6.5545,4.0245,14.1899,-1,0.0, -> [chair (Right): 12%]
frame_001653,-1.0,3.2182,6.2865,4.152,13.6575,-1,0.0, -> [chair (Right): 14%]
frame_001654,-1.0,3.7071,6.3022,4.0412,14.0516,-1,0.0, -> [chair (Right): 16%]
frame_001655,-1.0,3.5757,6.2862,4.2284,14.0912,-1,0.0, -> [chair (Right): 16%]
frame_001656,-1.0,3.6356,7.2649,4.1262,15.0279,-1,0.0, -> [chair (Right): 11%]
frame_001657,-1.0,2.5531,7.1992,4.1403,13.8934,-1,0.0, -> [chair (Right): 15%]
frame_001658,-1.0,3.6131,6.3568,4.1789,14.1496,-1,0.0, -> [chair (Right): 15%]
frame_001659,-1.0,3.2584,6.1565,4.218,13.6337,-1,0.0, -> [chair (Right): 14%]
frame_001660,-1.0,3.3695,6.4167,3.7918,13.579,-1,0.0, -> [chair (Right): 9%]
frame_001661,-1.0,3.2151,8.3419,4.0543,15.6124,-1,0.0, -> [chair (Top-Right): 8%]
frame_001662,-1.0,3.5617,6.3902,4.1617,14.1147,-1,0.0, -> [chair (Top-Right): 8%]
frame_001663,-1.0,3.4639,6.2882,4.2256,13.9788,-1,0.0, -> [chair (Top-Right): 7%]
frame_001664,-1.0,3.5736,6.3598,4.1086,14.043,-1,0.0, -> [chair (Top-Right): 5%]
frame_001665,-1.0,3.3638,7.9817,4.1078,15.4543,-1,0.0, -> [chair (Top-Right): 3%]
frame_001666,-1.0,3.6272,6.4835,4.0014,14.113,-1,0.0, -> [background only]
frame_001667,-1.0,3.3255,6.5886,3.7653,13.6803,-1,0.0, -> [background only]
frame_001668,-1.0,3.5346,6.3529,3.8714,13.7598,-1,0.0, -> [background only]
frame_001669,-1.0,3.4027,6.4147,4.0427,13.8613,-1,0.0, -> [background only]
frame_001670,-1.0,3.5504,7.0,4.0939,14.6453,-1,0.0, -> [background only]
frame_001671,-1.0,3.3014,6.2312,4.01,13.5436,-1,0.0, -> [background only]
frame_001672,-1.0,3.544,7.0023,4.0078,14.5551,-1,0.0, -> [background only]
frame_001673,-1.0,3.3134,6.3628,3.7044,13.3818,-1,0.0, -> [background only]
frame_001674,-1.0,3.561,6.4325,3.9789,13.9733,-1,0.0, -> [background only]
frame_001675,-1.0,2.589,7.1436,4.0118,13.7452,-1,0.0, -> [background only]
frame_001676,-1.0,3.5902,6.4545,3.7643,13.8099,-1,0.0, -> [background only]
frame_001677,-1.0,3.2858,6.3996,3.8784,13.5648,-1,0.0, -> [background only]
frame_001678,-1.0,3.6273,6.3896,4.0269,14.0449,-1,0.0, -> [background only]
frame_001679,-1.0,3.3928,6.2557,3.9955,13.6451,-1,0.0, -> [background only]
frame_001680,-1.0,3.5037,8.0439,3.9912,15.5398,-1,0.0, -> [background only]
frame_001681,-1.0,3.401,6.2247,3.9822,13.6089,-1,0.0, -> [background only]
frame_001682,-1.0,3.6064,6.4422,3.9734,14.0231,-1,0.0, -> [background only]
frame_001683,-1.0,3.4109,6.3049,3.9602,13.6772,-1,0.0, -> [background only]
frame_001684,-1.0,3.4805,9.0044,4.0519,16.538,-1,0.0, -> [background only]
frame_001685,-1.0,3.5546,6.2187,3.9551,13.7296,-1,0.0, -> [background only]
frame_001686,-1.0,3.5999,8.3004,3.9497,15.8509,-1,0.0, -> [background only]
frame_001687,-1.0,2.5444,8.8983,4.1168,15.5606,-1,0.0, -> [person (Center): 1%]
frame_001688,-1.0,3.5204,6.36,3.9929,13.8742,-1,0.0, -> [person (Center): 1%]
frame_001689,-1.0,2.4444,7.2101,3.9454,13.6008,-1,0.0, -> [background only]
frame_001690,-1.0,3.6363,6.4005,4.1383,14.1762,-1,0.0, -> [person (Right): 1%]
frame_001691,-1.0,3.4338,6.2424,4.1449,13.8221,-1,0.0, -> [person (Right): 1%]
frame_001692,-1.0,3.4849,6.3846,4.0052,13.8756,-1,0.0, -> [background only]
frame_001693,-1.0,2.4385,7.1472,4.0512,13.6379,-1,0.0, -> [background only]
frame_001694,-1.0,3.5395,6.4187,4.0975,14.0567,-1,0.0, -> [car (Top-Left): 1%]
frame_001695,-1.0,3.3346,6.3894,4.0703,13.7954,-1,0.0, -> [car (Top-Left): 1%]
frame_001696,-1.0,3.6119,6.4431,4.114,14.1701,-1,0.0, -> [background only]
frame_001697,-1.0,3.3721,6.3331,4.2534,13.9599,-1,0.0," -> [car (Top-Left): 1%, person (Right): 1%]"
frame_001698,-1.0,3.5495,8.5485,3.9024,16.0013,-1,0.0, -> [car (Top-Left): 1%]
frame_001699,-1.0,2.6244,8.3288,4.0574,15.0118,-1,0.0, -> [background only]
frame_001700,-1.0,3.4753,6.7572,4.0449,14.2784,-1,0.0, -> [background only]
frame_001701,-1.0,3.3467,6.3607,4.1291,13.8375,-1,0.0, -> [person (Right): 1%]
frame_001702,-1.0,3.3611,6.437,4.1422,13.9414,-1,0.0, -> [car (Top-Left): 1%]
frame_001703,-1.0,3.3532,6.3812,4.059,13.7943,-1,0.0, -> [person (Right): 1%]
frame_001704,-1.0,3.6017,9.6798,3.9066,17.1892,-1,0.0, -> [background only]
frame_001705,-1.0,3.4014,6.3173,3.6653,13.3851,-1,0.0, -> [background only]
frame_001706,-1.0,3.4756,6.4665,4.1013,14.0443,-1,0.0, -> [background only]
frame_001707,-1.0,2.4987,7.1588,4.0233,13.6816,-1,0.0, -> [background only]
frame_001708,-1.0,3.3824,6.3267,3.9614,13.6713,-1,0.0, -> [background only]
frame_001709,-1.0,2.5981,7.1899,3.98,13.7689,-1,0.0, -> [background only]
frame_001710,-1.0,3.4495,6.4216,3.7142,13.5862,-1,0.0, -> [background only]
frame_001711,-1.0,3.3462,6.2627,4.0031,13.6128,-1,0.0, -> [background only]
frame_001712,-1.0,3.7466,10.5045,4.0385,18.2907,-1,0.0, -> [background only]
