filename,ros_data_age_ms,preprocessing_ms,inference_ms,postprocessing_ms,e2e_ms,class_id,confidence,info
frame_000000,-1.0,3.5724,7.4066,0.1325,11.1596,526,66.78, -> desk (66.8%)
frame_000001,-1.0,3.6593,7.8851,0.0546,11.6501,526,46.41, -> desk (46.4%)
frame_000002,-1.0,3.6154,7.8627,0.0538,11.5805,877,46.79, -> turnstile (46.8%)
frame_000003,-1.0,3.5969,7.706,0.0535,11.4043,526,32.12, -> desk (32.1%)
frame_000004,-1.0,3.3939,8.1081,0.0541,11.6303,526,75.24, -> desk (75.2%)
frame_000005,-1.0,2.9158,8.0447,0.0526,11.149,526,62.03, -> desk (62.0%)
frame_000006,-1.0,2.366,7.9626,0.0519,10.4256,526,70.8, -> desk (70.8%)
frame_000007,-1.0,1.8265,7.8672,0.0531,9.792,526,51.06, -> desk (51.1%)
frame_000008,-1.0,1.7985,7.6599,0.0524,9.5546,527,30.25, -> desktop computer (30.3%)
frame_000009,-1.0,3.5096,7.9279,0.0655,11.5599,526,22.25, -> desk (22.3%)
frame_000010,-1.0,4.4544,8.5274,0.0618,13.0999,877,48.52, -> turnstile (48.5%)
frame_000011,-1.0,2.9743,8.5929,0.0695,11.6957,526,41.33, -> desk (41.3%)
frame_000012,-1.0,2.2255,8.4106,0.0648,10.7591,526,23.39, -> desk (23.4%)
frame_000013,-1.0,2.2608,8.331,0.0533,10.6939,527,35.69, -> desktop computer (35.7%)
frame_000014,-1.0,2.4876,8.5694,0.0591,11.1703,527,40.12, -> desktop computer (40.1%)
frame_000015,-1.0,2.1156,8.4262,0.148,10.7507,877,26.2, -> turnstile (26.2%)
frame_000016,-1.0,2.706,8.6133,0.0579,11.432,877,16.72, -> turnstile (16.7%)
frame_000017,-1.0,2.6757,8.7408,0.0599,11.6169,527,30.47, -> desktop computer (30.5%)
frame_000018,-1.0,2.0752,8.4355,0.0585,10.6219,526,61.84, -> desk (61.8%)
frame_000019,-1.0,3.9503,8.3806,0.0573,12.4415,526,42.94, -> desk (42.9%)
frame_000020,-1.0,5.1866,8.3569,0.057,13.656,526,55.29, -> desk (55.3%)
frame_000021,-1.0,3.3383,8.4738,0.0638,11.9323,877,58.65, -> turnstile (58.6%)
frame_000022,-1.0,2.5288,8.4766,0.0518,11.1067,877,35.68, -> turnstile (35.7%)
frame_000023,-1.0,4.4057,8.4806,0.0572,12.9977,877,63.26, -> turnstile (63.3%)
frame_000024,-1.0,5.3964,8.612,0.0608,14.1263,877,82.09, -> turnstile (82.1%)
frame_000025,-1.0,4.6471,8.4936,0.0584,13.2572,527,35.11, -> desktop computer (35.1%)
frame_000026,-1.0,4.8891,8.5616,0.058,13.5665,527,21.91, -> desktop computer (21.9%)
frame_000027,-1.0,3.5387,8.7435,0.0588,12.3991,877,40.67, -> turnstile (40.7%)
frame_000028,-1.0,2.7032,9.0089,0.0587,11.8259,553,13.91, -> file (13.9%)
frame_000029,-1.0,2.1155,8.5912,0.0663,10.9133,877,71.53, -> turnstile (71.5%)
frame_000030,-1.0,2.1214,7.9255,0.0527,10.1525,877,43.1, -> turnstile (43.1%)
frame_000031,-1.0,2.6676,8.0998,0.0524,10.8678,527,33.11, -> desktop computer (33.1%)
frame_000032,-1.0,2.1672,7.9052,0.0547,10.1804,527,20.12, -> desktop computer (20.1%)
frame_000033,-1.0,2.5005,8.1482,0.0649,10.7701,526,22.93, -> desk (22.9%)
frame_000034,-1.0,4.3764,12.5879,0.057,17.0768,527,26.04, -> desktop computer (26.0%)
frame_000035,-1.0,4.7505,7.885,0.056,12.7482,877,44.6, -> turnstile (44.6%)
frame_000036,-1.0,4.5992,8.3177,0.0581,13.0313,877,78.05, -> turnstile (78.0%)
frame_000037,-1.0,5.2264,7.7356,0.0636,13.0806,877,77.98, -> turnstile (78.0%)
frame_000038,-1.0,3.3974,7.96,0.058,11.4737,526,28.19, -> desk (28.2%)
frame_000039,-1.0,4.53,7.8799,0.0613,12.5282,877,37.1, -> turnstile (37.1%)
frame_000040,-1.0,3.3834,7.7879,0.0553,11.2786,526,37.25, -> desk (37.2%)
frame_000041,-1.0,2.7235,9.3784,0.0594,12.2174,526,53.97, -> desk (54.0%)
frame_000042,-1.0,3.2861,9.2792,0.0913,12.7123,553,34.35, -> file (34.3%)
frame_000043,-1.0,4.544,8.0173,0.0614,12.6792,877,32.15, -> turnstile (32.2%)
frame_000044,-1.0,5.0637,9.3175,0.0657,14.5046,553,25.13, -> file (25.1%)
frame_000045,-1.0,3.0915,7.8544,0.0514,11.0472,526,34.86, -> desk (34.9%)
frame_000046,-1.0,3.1989,8.0065,0.0527,11.3105,553,24.16, -> file (24.2%)
frame_000047,-1.0,2.2891,7.8878,0.058,10.2898,553,23.81, -> file (23.8%)
frame_000048,-1.0,4.409,8.1435,0.0549,12.6636,553,38.28, -> file (38.3%)
frame_000049,-1.0,4.5739,8.3211,0.0581,13.0107,553,24.95, -> file (25.0%)
frame_000050,-1.0,4.6422,8.2235,0.0609,12.9836,553,39.35, -> file (39.4%)
frame_000051,-1.0,3.7399,8.215,0.0659,12.0787,553,42.44, -> file (42.4%)
frame_000052,-1.0,5.0351,7.7099,0.0609,12.8643,553,28.75, -> file (28.7%)
frame_000053,-1.0,4.5998,7.8243,0.0589,12.5425,548,49.67, -> entertainment center (49.7%)
frame_000054,-1.0,3.9075,8.2738,0.0705,12.3138,553,39.05, -> file (39.0%)
frame_000055,-1.0,1.9431,7.7384,0.0799,9.826,553,33.21, -> file (33.2%)
frame_000056,-1.0,2.7536,8.0784,0.0625,10.9535,553,27.52, -> file (27.5%)
frame_000057,-1.0,2.7034,8.0514,0.0558,10.8958,548,38.29, -> entertainment center (38.3%)
frame_000058,-1.0,2.9166,9.202,0.0606,12.2362,548,40.66, -> entertainment center (40.7%)
frame_000059,-1.0,2.8403,8.1673,0.0599,11.1221,548,41.55, -> entertainment center (41.6%)
frame_000060,-1.0,2.5949,7.9564,0.0619,10.6697,548,18.96, -> entertainment center (19.0%)
frame_000061,-1.0,2.3771,8.0732,0.0562,10.5574,526,21.51, -> desk (21.5%)
frame_000062,-1.0,5.0878,7.7226,0.0608,12.9247,553,45.75, -> file (45.8%)
frame_000063,-1.0,3.2533,7.6964,0.0575,11.0646,553,22.97, -> file (23.0%)
frame_000064,-1.0,2.6389,7.8793,0.0534,10.6222,583,16.76, -> guillotine (16.8%)
frame_000065,-1.0,4.8499,8.0963,0.0623,13.0685,771,25.25, -> safe (25.3%)
frame_000066,-1.0,4.6317,8.0849,0.0605,12.8345,548,36.74, -> entertainment center (36.7%)
frame_000067,-1.0,2.5618,7.8676,0.0523,10.53,526,38.39, -> desk (38.4%)
frame_000068,-1.0,2.9105,9.5338,0.0574,12.5582,526,30.05, -> desk (30.0%)
frame_000069,-1.0,2.7069,8.0388,0.0537,10.8509,526,27.04, -> desk (27.0%)
frame_000070,-1.0,2.4069,7.9198,0.0527,10.4296,526,34.32, -> desk (34.3%)
frame_000071,-1.0,2.7415,7.8009,0.0517,10.6436,548,35.23, -> entertainment center (35.2%)
frame_000072,-1.0,3.7482,9.1792,0.0587,13.0418,548,30.56, -> entertainment center (30.6%)
frame_000073,-1.0,4.6002,8.0155,0.0585,12.7304,766,20.11, -> rotisserie (20.1%)
frame_000074,-1.0,4.7121,8.1184,0.0556,12.9403,766,16.77, -> rotisserie (16.8%)
frame_000075,-1.0,2.9258,7.8301,0.0545,10.8597,548,19.92, -> entertainment center (19.9%)
frame_000076,-1.0,2.7152,7.9295,0.0525,10.7524,548,30.46, -> entertainment center (30.5%)
frame_000077,-1.0,3.2835,8.0659,0.0546,11.4598,548,25.98, -> entertainment center (26.0%)
frame_000078,-1.0,2.521,7.8061,0.0568,10.438,548,28.75, -> entertainment center (28.7%)
frame_000079,-1.0,3.6704,7.7738,0.0546,11.5558,548,17.91, -> entertainment center (17.9%)
frame_000080,-1.0,4.9912,8.1393,0.0584,13.2437,548,32.69, -> entertainment center (32.7%)
frame_000081,-1.0,3.0116,7.9563,0.0959,11.1203,548,28.09, -> entertainment center (28.1%)
frame_000082,-1.0,4.5932,7.8412,0.0557,12.547,548,34.03, -> entertainment center (34.0%)
frame_000083,-1.0,3.4382,7.8026,0.1281,11.4262,548,36.38, -> entertainment center (36.4%)
frame_000084,-1.0,4.4097,7.9837,0.0628,12.515,548,27.09, -> entertainment center (27.1%)
frame_000085,-1.0,5.5058,7.8532,0.0644,13.4829,548,31.59, -> entertainment center (31.6%)
frame_000086,-1.0,5.1101,7.9489,0.0596,13.1773,548,31.18, -> entertainment center (31.2%)
frame_000087,-1.0,4.8443,7.8131,0.0618,12.7756,548,32.48, -> entertainment center (32.5%)
frame_000088,-1.0,3.0572,7.6738,0.0596,10.8502,548,38.18, -> entertainment center (38.2%)
frame_000089,-1.0,2.4231,11.7731,0.0564,14.3094,548,48.54, -> entertainment center (48.5%)
frame_000090,-1.0,2.1005,7.7083,0.0578,9.9221,548,49.04, -> entertainment center (49.0%)
frame_000091,-1.0,4.783,10.0577,0.0585,14.9547,548,31.65, -> entertainment center (31.7%)
frame_000092,-1.0,4.7907,7.9607,0.084,12.8934,548,25.09, -> entertainment center (25.1%)
frame_000093,-1.0,3.3031,7.8523,0.0585,11.272,548,25.59, -> entertainment center (25.6%)
frame_000094,-1.0,4.2539,7.7687,0.0579,12.1375,548,23.88, -> entertainment center (23.9%)
frame_000095,-1.0,3.158,11.2053,0.0843,14.5045,548,28.07, -> entertainment center (28.1%)
frame_000096,-1.0,2.3111,8.0277,0.0763,10.4795,548,19.6, -> entertainment center (19.6%)
frame_000097,-1.0,3.4791,8.0012,0.0927,11.6327,548,28.77, -> entertainment center (28.8%)
frame_000098,-1.0,2.4972,10.7787,0.0568,13.3882,548,30.83, -> entertainment center (30.8%)
frame_000099,-1.0,2.8207,7.938,0.0589,10.8745,548,33.71, -> entertainment center (33.7%)
frame_000100,-1.0,2.8496,7.8753,0.0562,10.8353,548,31.32, -> entertainment center (31.3%)
frame_000101,-1.0,2.0687,7.8027,0.0577,9.9845,548,24.28, -> entertainment center (24.3%)
frame_000102,-1.0,2.287,7.932,0.0519,10.3182,766,23.5, -> rotisserie (23.5%)
frame_000103,-1.0,2.9637,7.8789,0.0624,10.9634,548,25.94, -> entertainment center (25.9%)
frame_000104,-1.0,2.3748,7.706,0.0611,10.1999,766,23.82, -> rotisserie (23.8%)
frame_000105,-1.0,2.7745,9.6378,0.061,12.5323,548,30.25, -> entertainment center (30.2%)
frame_000106,-1.0,2.9664,8.0172,0.0618,11.1247,526,32.4, -> desk (32.4%)
frame_000107,-1.0,2.6651,7.7324,0.1091,10.5648,526,29.16, -> desk (29.2%)
frame_000108,-1.0,2.855,10.4599,0.0636,13.4383,548,37.38, -> entertainment center (37.4%)
frame_000109,-1.0,2.8707,8.0518,0.0614,11.0395,548,25.79, -> entertainment center (25.8%)
frame_000110,-1.0,2.7271,8.4074,0.0648,11.2549,526,35.75, -> desk (35.8%)
frame_000111,-1.0,4.4573,7.9418,0.059,12.5171,526,34.34, -> desk (34.3%)
frame_000112,-1.0,4.7195,7.966,0.0639,12.8096,548,30.45, -> entertainment center (30.5%)
frame_000113,-1.0,2.7927,7.9841,0.0615,10.8914,548,44.23, -> entertainment center (44.2%)
frame_000114,-1.0,2.1163,8.1051,0.0575,10.3359,548,48.81, -> entertainment center (48.8%)
frame_000115,-1.0,2.1382,8.7723,0.0605,11.0271,548,41.26, -> entertainment center (41.3%)
frame_000116,-1.0,2.9296,9.1125,0.0669,12.169,548,41.55, -> entertainment center (41.5%)
frame_000117,-1.0,2.8544,8.0863,0.0616,11.0546,548,37.26, -> entertainment center (37.3%)
frame_000118,-1.0,5.0283,8.0177,0.0626,13.1657,526,30.9, -> desk (30.9%)
frame_000119,-1.0,3.2734,8.097,0.0871,11.5133,526,21.84, -> desk (21.8%)
frame_000120,-1.0,2.5906,7.9714,0.0589,10.6706,851,12.64, -> television (12.6%)
frame_000121,-1.0,3.1617,7.7788,0.0615,11.0611,548,29.47, -> entertainment center (29.5%)
frame_000122,-1.0,2.3262,7.8428,0.0584,10.2813,548,28.23, -> entertainment center (28.2%)
frame_000123,-1.0,2.3492,8.1853,0.0648,10.6549,548,30.31, -> entertainment center (30.3%)
frame_000124,-1.0,2.1457,8.083,0.0608,10.3365,771,13.09, -> safe (13.1%)
frame_000125,-1.0,1.9967,8.1159,0.065,10.2328,548,22.35, -> entertainment center (22.3%)
frame_000126,-1.0,2.0136,9.6689,0.0622,11.8009,548,37.61, -> entertainment center (37.6%)
frame_000127,-1.0,4.0863,7.8186,0.0621,12.0505,548,50.58, -> entertainment center (50.6%)
frame_000128,-1.0,2.5293,7.6786,0.0552,10.3128,851,44.11, -> television (44.1%)
frame_000129,-1.0,2.0359,8.4981,0.0568,10.6444,830,72.38, -> stretcher (72.4%)
frame_000130,-1.0,3.7775,7.6629,0.0557,11.552,830,60.13, -> stretcher (60.1%)
frame_000131,-1.0,3.0164,7.9869,0.0585,11.1171,830,54.08, -> stretcher (54.1%)
frame_000132,-1.0,4.7352,7.6747,0.058,12.5251,830,10.74, -> stretcher (10.7%)
frame_000133,-1.0,4.9301,7.8456,0.0614,12.8922,830,12.51, -> stretcher (12.5%)
frame_000134,-1.0,2.9937,7.7011,0.0539,10.7984,830,11.15, -> stretcher (11.2%)
frame_000135,-1.0,3.2156,7.9808,0.0565,11.3101,471,14.01, -> cannon (14.0%)
frame_000136,-1.0,2.1979,7.7822,0.0514,10.0801,548,16.56, -> entertainment center (16.6%)
frame_000137,-1.0,2.0878,7.9045,0.0585,10.105,719,11.43, -> piggy bank (11.4%)
frame_000138,-1.0,2.0542,10.8015,0.0565,12.9681,548,14.91, -> entertainment center (14.9%)
frame_000139,-1.0,2.7743,7.8939,0.0584,10.7797,471,13.18, -> cannon (13.2%)
frame_000140,-1.0,2.7174,7.8344,0.0531,10.655,471,15.62, -> cannon (15.6%)
frame_000141,-1.0,2.1893,7.8928,0.0521,10.1821,471,18.55, -> cannon (18.5%)
frame_000142,-1.0,2.1647,7.9272,0.0516,10.1918,471,12.18, -> cannon (12.2%)
frame_000143,-1.0,2.1988,7.7743,0.0488,10.0707,471,24.83, -> cannon (24.8%)
frame_000144,-1.0,4.6111,7.9276,0.0584,12.6485,471,16.77, -> cannon (16.8%)
frame_000145,-1.0,4.88,7.8467,0.0571,12.8383,471,25.32, -> cannon (25.3%)
frame_000146,-1.0,4.5529,7.7452,0.0561,12.4078,471,32.04, -> cannon (32.0%)
frame_000147,-1.0,3.9281,7.925,0.0554,11.964,471,26.53, -> cannon (26.5%)
frame_000148,-1.0,4.8981,7.9526,0.0653,12.975,471,25.73, -> cannon (25.7%)
frame_000149,-1.0,3.472,7.7667,0.0551,11.3501,471,32.34, -> cannon (32.3%)
frame_000150,-1.0,3.0841,7.8721,0.0615,11.0704,471,34.33, -> cannon (34.3%)
frame_000151,-1.0,2.799,7.8403,0.0551,10.746,471,27.88, -> cannon (27.9%)
frame_000152,-1.0,2.684,7.793,0.0519,10.5769,471,24.47, -> cannon (24.5%)
frame_000153,-1.0,2.1807,7.6319,0.0632,9.9285,471,32.88, -> cannon (32.9%)
frame_000154,-1.0,2.2328,7.8178,0.0752,10.178,830,17.02, -> stretcher (17.0%)
frame_000155,-1.0,1.8726,10.8318,0.0781,12.8481,553,11.23, -> file (11.2%)
frame_000156,-1.0,1.7389,8.0402,0.0696,9.9071,830,20.55, -> stretcher (20.5%)
frame_000157,-1.0,2.258,7.8634,0.0664,10.2453,851,25.54, -> television (25.5%)
frame_000158,-1.0,4.9854,7.7519,0.0642,12.8559,526,13.83, -> desk (13.8%)
frame_000159,-1.0,4.1668,8.0041,0.0628,12.2904,548,23.86, -> entertainment center (23.9%)
frame_000160,-1.0,3.2159,7.9724,0.061,11.3088,548,17.87, -> entertainment center (17.9%)
frame_000161,-1.0,2.582,7.6809,0.0554,10.371,526,17.02, -> desk (17.0%)
frame_000162,-1.0,4.0778,7.9384,0.0653,12.1391,548,20.37, -> entertainment center (20.4%)
frame_000163,-1.0,3.132,9.6316,0.0654,12.8883,548,30.5, -> entertainment center (30.5%)
frame_000164,-1.0,2.0586,7.6899,0.0595,9.8618,548,23.19, -> entertainment center (23.2%)
frame_000165,-1.0,2.9249,7.8356,0.0632,10.8826,548,16.53, -> entertainment center (16.5%)
frame_000166,-1.0,2.1238,7.7215,0.0562,9.9539,548,30.62, -> entertainment center (30.6%)
frame_000167,-1.0,2.0592,7.6261,0.0521,9.7896,548,20.93, -> entertainment center (20.9%)
frame_000168,-1.0,2.9176,7.7351,0.0612,10.7688,548,23.35, -> entertainment center (23.4%)
frame_000169,-1.0,3.936,7.7367,0.0859,11.8169,548,18.16, -> entertainment center (18.2%)
frame_000170,-1.0,2.7638,7.9637,0.0586,10.8422,548,17.34, -> entertainment center (17.3%)
frame_000171,-1.0,2.513,7.7082,0.0648,10.3436,548,51.4, -> entertainment center (51.4%)
frame_000172,-1.0,2.9736,7.7343,0.0604,10.8235,851,19.02, -> television (19.0%)
frame_000173,-1.0,2.5186,7.9667,0.0623,10.6057,548,24.63, -> entertainment center (24.6%)
frame_000174,-1.0,2.3087,7.8187,0.0606,10.2398,526,28.79, -> desk (28.8%)
frame_000175,-1.0,2.4783,8.5974,0.0588,11.1923,548,34.63, -> entertainment center (34.6%)
frame_000176,-1.0,2.5771,7.8704,0.0564,10.5552,548,42.3, -> entertainment center (42.3%)
frame_000177,-1.0,2.8666,8.0419,0.0591,11.0274,548,25.82, -> entertainment center (25.8%)
frame_000178,-1.0,2.5131,7.745,0.053,10.3606,548,23.37, -> entertainment center (23.4%)
frame_000179,-1.0,2.7381,7.5855,0.0515,10.4235,771,29.72, -> safe (29.7%)
frame_000180,-1.0,2.5695,7.7161,0.0509,10.381,548,24.01, -> entertainment center (24.0%)
frame_000181,-1.0,2.0401,7.8151,0.0574,9.9673,548,41.4, -> entertainment center (41.4%)
frame_000182,-1.0,4.4198,7.753,0.0581,12.2882,553,32.45, -> file (32.4%)
frame_000183,-1.0,2.92,7.9159,0.0598,10.9752,548,19.69, -> entertainment center (19.7%)
frame_000184,-1.0,3.7579,7.5555,0.0553,11.4234,548,47.94, -> entertainment center (47.9%)
frame_000185,-1.0,2.9013,7.8736,0.0595,10.8896,548,30.36, -> entertainment center (30.4%)
frame_000186,-1.0,2.5498,7.8509,0.0604,10.5162,771,17.51, -> safe (17.5%)
frame_000187,-1.0,3.527,12.5304,0.0947,16.2502,771,70.54, -> safe (70.5%)
frame_000188,-1.0,2.7032,8.0396,0.0648,10.8646,771,60.97, -> safe (61.0%)
frame_000189,-1.0,4.9851,7.7039,0.0642,12.8104,830,28.53, -> stretcher (28.5%)
frame_000190,-1.0,4.6256,7.6745,0.0615,12.4207,548,26.73, -> entertainment center (26.7%)
frame_000191,-1.0,4.438,11.9076,0.0628,16.4652,548,60.45, -> entertainment center (60.5%)
frame_000192,-1.0,4.4628,7.4193,0.0626,12.0033,548,64.3, -> entertainment center (64.3%)
frame_000193,-1.0,4.4318,7.7578,0.0585,12.3057,548,29.18, -> entertainment center (29.2%)
frame_000194,-1.0,3.6395,7.5566,0.0582,11.3086,766,30.28, -> rotisserie (30.3%)
frame_000195,-1.0,3.1149,7.8468,0.063,11.0823,771,53.19, -> safe (53.2%)
frame_000196,-1.0,2.4451,7.7026,0.0578,10.2562,771,29.7, -> safe (29.7%)
frame_000197,-1.0,2.5143,7.7762,0.0572,10.4008,771,36.66, -> safe (36.7%)
frame_000198,-1.0,2.1058,7.7552,0.0576,9.9692,526,30.46, -> desk (30.5%)
frame_000199,-1.0,2.1232,7.6894,0.0592,9.9214,548,36.17, -> entertainment center (36.2%)
frame_000200,-1.0,2.346,7.7153,0.0517,10.1584,583,39.11, -> guillotine (39.1%)
frame_000201,-1.0,4.5745,8.1821,0.0576,12.8693,553,22.09, -> file (22.1%)
frame_000202,-1.0,3.1402,7.9214,0.0613,11.1821,548,33.66, -> entertainment center (33.7%)
frame_000203,-1.0,2.0596,9.1526,0.0599,11.33,548,21.55, -> entertainment center (21.5%)
frame_000204,-1.0,2.1496,7.7884,0.0537,10.0421,526,17.74, -> desk (17.7%)
frame_000205,-1.0,2.4512,7.8768,0.0573,10.441,553,40.36, -> file (40.4%)
frame_000206,-1.0,2.3852,9.2275,0.0612,11.7318,553,62.75, -> file (62.8%)
frame_000207,-1.0,4.5164,7.925,0.0612,12.5569,553,58.08, -> file (58.1%)
frame_000208,-1.0,4.6252,7.6605,0.0599,12.4038,553,55.32, -> file (55.3%)
frame_000209,-1.0,3.0134,7.6758,0.0605,10.8084,553,47.4, -> file (47.4%)
frame_000210,-1.0,2.6243,7.7432,0.0731,10.584,526,42.97, -> desk (43.0%)
frame_000211,-1.0,4.1657,7.8301,0.0591,12.1124,553,82.27, -> file (82.3%)
frame_000212,-1.0,2.9549,7.4383,0.137,10.5878,526,40.36, -> desk (40.4%)
frame_000213,-1.0,2.5071,11.0418,0.0621,13.6693,423,48.84, -> barber chair (48.8%)
frame_000214,-1.0,2.1175,7.7573,0.0548,9.9847,423,31.87, -> barber chair (31.9%)
frame_000215,-1.0,2.9164,11.2175,0.0584,14.2485,423,19.96, -> barber chair (20.0%)
frame_000216,-1.0,2.8428,7.8158,0.0631,10.7784,526,38.61, -> desk (38.6%)
frame_000217,-1.0,2.7809,7.8267,0.0606,10.7214,526,64.75, -> desk (64.7%)
frame_000218,-1.0,2.047,7.7474,0.0566,9.8988,526,49.03, -> desk (49.0%)
frame_000219,-1.0,5.5934,7.8692,0.0604,13.5844,526,35.4, -> desk (35.4%)
frame_000220,-1.0,4.9326,7.7428,0.0595,12.7922,526,34.65, -> desk (34.6%)
frame_000221,-1.0,4.78,8.0542,0.0596,12.9515,526,38.29, -> desk (38.3%)
frame_000222,-1.0,4.5292,7.8112,0.0607,12.4603,553,30.1, -> file (30.1%)
frame_000223,-1.0,4.8852,7.7348,0.0581,12.7344,526,75.2, -> desk (75.2%)
frame_000224,-1.0,3.6453,7.9063,0.0635,11.6721,527,39.9, -> desktop computer (39.9%)
frame_000225,-1.0,2.5793,8.2706,0.0605,10.968,527,38.12, -> desktop computer (38.1%)
frame_000226,-1.0,4.5545,7.8207,0.0609,12.4931,527,41.99, -> desktop computer (42.0%)
frame_000227,-1.0,2.6734,7.7821,0.0543,10.5597,527,25.69, -> desktop computer (25.7%)
frame_000228,-1.0,2.6099,7.7153,0.0527,10.4271,742,15.51, -> printer (15.5%)
frame_000229,-1.0,2.2522,7.7348,0.0579,10.0984,877,19.45, -> turnstile (19.5%)
frame_000230,-1.0,2.8905,7.8736,0.0536,10.8694,526,33.34, -> desk (33.3%)
frame_000231,-1.0,2.5042,7.7386,0.0512,10.3429,527,36.17, -> desktop computer (36.2%)
frame_000232,-1.0,3.008,8.7477,0.0568,11.8646,527,40.16, -> desktop computer (40.2%)
frame_000233,-1.0,2.9793,7.7932,0.0542,10.8789,527,44.37, -> desktop computer (44.4%)
frame_000234,-1.0,2.9241,8.3252,0.0845,11.389,877,66.32, -> turnstile (66.3%)
frame_000235,-1.0,4.3675,8.8314,0.0581,13.3114,877,78.36, -> turnstile (78.4%)
frame_000236,-1.0,4.256,7.8423,0.0598,12.2129,877,84.89, -> turnstile (84.9%)
frame_000237,-1.0,4.3009,8.1251,0.0584,12.5398,527,65.35, -> desktop computer (65.4%)
frame_000238,-1.0,4.8442,9.3967,0.0588,14.3572,877,55.57, -> turnstile (55.6%)
frame_000239,-1.0,3.311,7.9196,0.0581,11.3447,877,44.72, -> turnstile (44.7%)
frame_000240,-1.0,4.0394,9.019,0.0587,13.1753,527,29.66, -> desktop computer (29.7%)
frame_000241,-1.0,5.1267,7.6781,0.0577,12.9186,877,88.36, -> turnstile (88.4%)
frame_000242,-1.0,3.4692,7.5268,0.0576,11.1077,877,88.79, -> turnstile (88.8%)
frame_000243,-1.0,3.089,7.8258,0.066,11.0407,877,63.82, -> turnstile (63.8%)
frame_000244,-1.0,3.4877,7.7061,0.06,11.312,527,51.95, -> desktop computer (51.9%)
frame_000245,-1.0,3.0585,7.8883,0.0596,11.0652,527,73.29, -> desktop computer (73.3%)
frame_000246,-1.0,2.8457,7.8947,0.0588,10.854,527,80.52, -> desktop computer (80.5%)
frame_000247,-1.0,3.0918,7.7833,0.0833,11.0139,877,52.0, -> turnstile (52.0%)
frame_000248,-1.0,4.2647,7.4379,0.0559,11.8363,877,75.46, -> turnstile (75.5%)
frame_000249,-1.0,4.9821,7.9297,0.0579,13.0263,877,76.27, -> turnstile (76.3%)
frame_000250,-1.0,5.0105,7.9462,0.0584,13.072,877,38.42, -> turnstile (38.4%)
frame_000251,-1.0,5.0109,7.8367,0.0566,12.9621,527,40.02, -> desktop computer (40.0%)
frame_000252,-1.0,4.9503,7.7471,0.0574,12.8102,527,33.34, -> desktop computer (33.3%)
frame_000253,-1.0,3.9367,7.7608,0.0542,11.8058,527,47.76, -> desktop computer (47.8%)
frame_000254,-1.0,3.0865,7.774,0.0579,10.9731,527,77.76, -> desktop computer (77.8%)
frame_000255,-1.0,2.7648,7.9902,0.0629,10.8769,526,32.35, -> desk (32.3%)
frame_000256,-1.0,2.8853,11.0057,0.0661,14.0207,527,31.54, -> desktop computer (31.5%)
frame_000257,-1.0,1.7919,7.8687,0.0738,9.7978,526,33.88, -> desk (33.9%)
frame_000258,-1.0,2.9949,7.934,0.0635,11.0477,742,25.89, -> printer (25.9%)
frame_000259,-1.0,2.3583,7.9493,0.0514,10.4083,526,34.12, -> desk (34.1%)
frame_000260,-1.0,2.6054,9.052,0.0582,11.7668,527,40.34, -> desktop computer (40.3%)
frame_000261,-1.0,2.9661,7.9222,0.0577,10.9981,527,41.21, -> desktop computer (41.2%)
frame_000262,-1.0,2.8452,7.8791,0.0557,10.8336,526,26.37, -> desk (26.4%)
frame_000263,-1.0,2.8674,7.893,0.0537,10.8625,526,22.86, -> desk (22.9%)
frame_000264,-1.0,2.827,7.9102,0.0524,10.8378,526,21.68, -> desk (21.7%)
frame_000265,-1.0,2.8409,10.4263,0.0577,13.3796,527,25.2, -> desktop computer (25.2%)
frame_000266,-1.0,2.224,7.7205,0.0501,10.0448,527,40.9, -> desktop computer (40.9%)
frame_000267,-1.0,2.1961,7.9613,0.0568,10.2689,527,24.11, -> desktop computer (24.1%)
frame_000268,-1.0,2.6487,7.7126,0.0522,10.4624,527,17.35, -> desktop computer (17.3%)
frame_000269,-1.0,2.1224,7.9718,0.0557,10.2027,527,26.6, -> desktop computer (26.6%)
frame_000270,-1.0,2.7593,7.8148,0.0585,10.6848,527,34.17, -> desktop computer (34.2%)
frame_000271,-1.0,2.1285,7.82,0.0589,10.0619,877,28.32, -> turnstile (28.3%)
frame_000272,-1.0,2.2327,7.8334,0.0533,10.1666,527,46.48, -> desktop computer (46.5%)
frame_000273,-1.0,1.6227,8.6176,0.0553,10.3488,527,56.05, -> desktop computer (56.1%)
frame_000274,-1.0,2.1757,7.972,0.0555,10.2581,527,36.44, -> desktop computer (36.4%)
frame_000275,-1.0,2.8741,10.6238,0.0574,13.6105,877,33.08, -> turnstile (33.1%)
frame_000276,-1.0,2.1086,7.9196,0.0564,10.1411,526,27.93, -> desk (27.9%)
frame_000277,-1.0,2.1963,12.1138,0.0574,14.4232,526,45.44, -> desk (45.4%)
frame_000278,-1.0,2.8586,7.9995,0.0578,10.9696,527,47.62, -> desktop computer (47.6%)
frame_000279,-1.0,3.6845,7.9081,0.0571,11.7044,526,49.81, -> desk (49.8%)
frame_000280,-1.0,2.9585,7.9177,0.0604,10.9931,526,41.63, -> desk (41.6%)
frame_000281,-1.0,2.3176,7.741,0.0588,10.1705,527,44.73, -> desktop computer (44.7%)
frame_000282,-1.0,2.0956,7.9076,0.1282,10.2011,877,17.97, -> turnstile (18.0%)
frame_000283,-1.0,4.5682,8.1521,0.057,12.8353,877,48.2, -> turnstile (48.2%)
frame_000284,-1.0,4.789,7.6495,0.0615,12.5628,877,43.96, -> turnstile (44.0%)
frame_000285,-1.0,4.4697,7.7413,0.059,12.3276,526,26.48, -> desk (26.5%)
frame_000286,-1.0,4.2931,8.0442,0.0612,12.4554,543,28.59, -> dumbbell (28.6%)
frame_000287,-1.0,4.7381,8.0765,0.0583,12.9329,543,26.17, -> dumbbell (26.2%)
frame_000288,-1.0,3.5148,7.5509,0.0614,11.1867,877,31.27, -> turnstile (31.3%)
frame_000289,-1.0,3.2283,7.8122,0.0621,11.1609,543,25.83, -> dumbbell (25.8%)
frame_000290,-1.0,2.7116,7.6017,0.0545,10.4199,543,18.37, -> dumbbell (18.4%)
frame_000291,-1.0,2.3065,8.2234,0.0662,10.7362,543,27.39, -> dumbbell (27.4%)
frame_000292,-1.0,2.1027,8.1938,0.0554,10.407,830,27.95, -> stretcher (28.0%)
frame_000293,-1.0,2.1665,7.8527,0.0527,10.1219,830,12.0, -> stretcher (12.0%)
frame_000294,-1.0,2.5192,7.7415,0.0532,10.3636,526,17.3, -> desk (17.3%)
frame_000295,-1.0,2.7726,7.7167,0.0536,10.5925,423,28.21, -> barber chair (28.2%)
frame_000296,-1.0,3.3343,11.2799,0.0577,14.7276,895,21.35, -> warplane (21.3%)
frame_000297,-1.0,2.8561,7.8076,0.0524,10.769,423,19.22, -> barber chair (19.2%)
frame_000298,-1.0,2.2806,7.8622,0.051,10.2412,423,16.09, -> barber chair (16.1%)
frame_000299,-1.0,2.2358,11.2956,0.0586,13.6448,526,18.45, -> desk (18.4%)
frame_000300,-1.0,2.2356,9.0666,0.0587,11.4175,708,8.18, -> pedestal (8.2%)
frame_000301,-1.0,3.4905,8.0241,0.0571,11.6309,764,19.23, -> rifle (19.2%)
frame_000302,-1.0,2.5647,7.8203,0.0521,10.4876,423,31.62, -> barber chair (31.6%)
frame_000303,-1.0,2.8431,8.015,0.0597,10.9744,423,28.98, -> barber chair (29.0%)
frame_000304,-1.0,3.3127,12.0488,0.0599,15.4803,423,29.66, -> barber chair (29.7%)
frame_000305,-1.0,3.3641,7.8924,0.0577,11.3704,423,28.9, -> barber chair (28.9%)
frame_000306,-1.0,3.033,7.761,0.0568,10.9379,423,25.13, -> barber chair (25.1%)
frame_000307,-1.0,2.7615,7.7217,0.0581,10.592,423,49.94, -> barber chair (49.9%)
frame_000308,-1.0,4.4462,7.6436,0.0667,12.212,423,26.8, -> barber chair (26.8%)
frame_000309,-1.0,3.4434,7.6698,0.0576,11.2274,423,22.87, -> barber chair (22.9%)
frame_000310,-1.0,3.8939,7.4271,0.0558,11.432,423,12.81, -> barber chair (12.8%)
frame_000311,-1.0,3.5024,7.8428,0.0553,11.4549,423,24.99, -> barber chair (25.0%)
frame_000312,-1.0,2.1861,7.6865,0.0538,9.9835,650,14.39, -> microphone (14.4%)
frame_000313,-1.0,2.7551,7.8082,0.0576,10.6732,526,40.8, -> desk (40.8%)
frame_000314,-1.0,2.8067,7.8802,0.0529,10.7932,526,32.64, -> desk (32.6%)
frame_000315,-1.0,2.4014,7.6422,0.0522,10.1434,526,42.69, -> desk (42.7%)
frame_000316,-1.0,2.2599,8.924,0.0586,11.2985,526,24.06, -> desk (24.1%)
frame_000317,-1.0,2.7507,7.8325,0.0567,10.6973,412,10.54, -> ashcan (10.5%)
frame_000318,-1.0,2.9574,7.8058,0.0551,10.8796,877,57.29, -> turnstile (57.3%)
frame_000319,-1.0,2.3259,7.7167,0.0538,10.1465,877,14.34, -> turnstile (14.3%)
frame_000320,-1.0,2.2508,7.7012,0.0512,10.0522,877,73.56, -> turnstile (73.6%)
frame_000321,-1.0,2.4723,7.9434,0.0559,10.5237,877,60.61, -> turnstile (60.6%)
frame_000322,-1.0,2.1899,7.7344,0.0539,10.0315,877,66.43, -> turnstile (66.4%)
frame_000323,-1.0,2.178,7.7584,0.0698,10.0637,632,19.35, -> loudspeaker (19.3%)
frame_000324,-1.0,2.8744,7.7853,0.0565,10.7721,894,12.46, -> wardrobe (12.5%)
frame_000325,-1.0,3.0961,7.4523,0.1455,10.7466,877,16.38, -> turnstile (16.4%)
frame_000326,-1.0,2.5772,7.8435,0.052,10.5239,760,52.17, -> refrigerator (52.2%)
frame_000327,-1.0,2.7841,7.7555,0.0585,10.6548,894,19.51, -> wardrobe (19.5%)
frame_000328,-1.0,2.322,7.8388,0.0506,10.2609,894,34.36, -> wardrobe (34.4%)
frame_000329,-1.0,4.032,7.8919,0.0572,12.0389,894,37.94, -> wardrobe (37.9%)
frame_000330,-1.0,4.9599,7.602,0.057,12.6767,894,52.47, -> wardrobe (52.5%)
frame_000331,-1.0,3.1182,7.7116,0.1239,11.033,894,51.91, -> wardrobe (51.9%)
frame_000332,-1.0,4.4436,7.9298,0.0597,12.4956,894,39.19, -> wardrobe (39.2%)
frame_000333,-1.0,5.074,7.9882,0.0679,13.1895,894,35.86, -> wardrobe (35.9%)
frame_000334,-1.0,5.1915,7.836,0.0607,13.1465,894,40.13, -> wardrobe (40.1%)
frame_000335,-1.0,3.5028,7.6691,0.0589,11.2872,894,49.28, -> wardrobe (49.3%)
frame_000336,-1.0,3.027,8.0937,0.0624,11.2424,894,19.36, -> wardrobe (19.4%)
frame_000337,-1.0,4.6757,7.8544,0.058,12.6457,894,19.99, -> wardrobe (20.0%)
frame_000338,-1.0,3.2331,7.7843,0.0645,11.1435,894,43.76, -> wardrobe (43.8%)
frame_000339,-1.0,2.7867,9.376,0.0582,12.2798,894,38.62, -> wardrobe (38.6%)
frame_000340,-1.0,3.0788,8.2607,0.0812,11.4956,894,45.5, -> wardrobe (45.5%)
frame_000341,-1.0,1.4084,7.7753,0.0586,9.2986,894,47.11, -> wardrobe (47.1%)
frame_000342,-1.0,2.3737,7.5912,0.0559,10.0709,894,45.24, -> wardrobe (45.2%)
frame_000343,-1.0,2.1628,8.1596,0.0554,10.4283,894,35.06, -> wardrobe (35.1%)
frame_000344,-1.0,2.7095,7.9654,0.0557,10.781,894,32.03, -> wardrobe (32.0%)
frame_000345,-1.0,2.739,7.8416,0.052,10.6805,894,58.09, -> wardrobe (58.1%)
frame_000346,-1.0,2.476,7.8918,0.0561,10.4782,894,51.78, -> wardrobe (51.8%)
frame_000347,-1.0,2.3134,8.4761,0.0558,10.8962,894,59.02, -> wardrobe (59.0%)
frame_000348,-1.0,2.3673,7.7004,0.0538,10.1738,894,58.08, -> wardrobe (58.1%)
frame_000349,-1.0,3.1938,8.6733,0.0586,11.9817,894,44.84, -> wardrobe (44.8%)
frame_000350,-1.0,4.2441,7.6568,0.0589,12.0177,894,22.3, -> wardrobe (22.3%)
frame_000351,-1.0,2.218,7.8192,0.0558,10.1452,894,52.27, -> wardrobe (52.3%)
frame_000352,-1.0,2.9116,7.9084,0.052,10.921,894,56.35, -> wardrobe (56.3%)
frame_000353,-1.0,2.4684,8.4706,0.056,11.0495,894,43.3, -> wardrobe (43.3%)
frame_000354,-1.0,3.6164,7.7799,0.0581,11.512,894,42.22, -> wardrobe (42.2%)
frame_000355,-1.0,2.2147,7.7821,0.054,10.1011,894,40.5, -> wardrobe (40.5%)
frame_000356,-1.0,2.5814,8.0228,0.0565,10.714,894,56.36, -> wardrobe (56.4%)
frame_000357,-1.0,2.3509,7.924,0.0699,10.418,894,62.03, -> wardrobe (62.0%)
frame_000358,-1.0,2.8698,7.6649,0.0771,10.6786,894,42.65, -> wardrobe (42.6%)
frame_000359,-1.0,3.056,8.4034,0.065,11.5815,894,34.45, -> wardrobe (34.5%)
frame_000360,-1.0,2.325,7.7329,0.0579,10.1658,894,45.28, -> wardrobe (45.3%)
frame_000361,-1.0,2.5253,7.8744,0.0602,10.5152,894,36.35, -> wardrobe (36.3%)
frame_000362,-1.0,2.4971,7.8755,0.0551,10.482,894,45.57, -> wardrobe (45.6%)
frame_000363,-1.0,2.9393,7.7276,0.0589,10.7821,894,67.32, -> wardrobe (67.3%)
frame_000364,-1.0,2.5853,8.0432,0.0604,10.7457,894,55.7, -> wardrobe (55.7%)
frame_000365,-1.0,2.433,7.6656,0.0531,10.2001,894,53.75, -> wardrobe (53.8%)
frame_000366,-1.0,4.1136,7.7564,0.0601,11.9873,894,48.33, -> wardrobe (48.3%)
frame_000367,-1.0,3.0274,7.9838,0.0988,11.1682,894,56.3, -> wardrobe (56.3%)
frame_000368,-1.0,2.3531,7.6391,0.0526,10.0917,894,44.0, -> wardrobe (44.0%)
frame_000369,-1.0,2.6797,7.7325,0.0601,10.5318,894,33.96, -> wardrobe (34.0%)
frame_000370,-1.0,2.4546,7.6769,0.059,10.2434,894,27.79, -> wardrobe (27.8%)
frame_000371,-1.0,4.2725,7.9507,0.0584,12.3377,894,29.4, -> wardrobe (29.4%)
frame_000372,-1.0,5.0319,7.9001,0.0593,13.0501,894,30.55, -> wardrobe (30.5%)
frame_000373,-1.0,4.3035,7.6833,0.0612,12.1051,894,22.15, -> wardrobe (22.1%)
frame_000374,-1.0,3.2997,7.8601,0.0603,11.2752,894,17.1, -> wardrobe (17.1%)
frame_000375,-1.0,2.9558,7.8188,0.0568,10.8871,480,30.5, -> cash machine (30.5%)
frame_000376,-1.0,2.9496,7.8096,0.0546,10.8665,480,27.32, -> cash machine (27.3%)
frame_000377,-1.0,2.2227,8.7799,0.0578,11.1165,771,25.04, -> safe (25.0%)
frame_000378,-1.0,5.0845,7.6679,0.0595,12.8695,894,28.58, -> wardrobe (28.6%)
frame_000379,-1.0,2.7819,10.7719,0.0584,13.6681,771,29.79, -> safe (29.8%)
frame_000380,-1.0,2.6031,7.7653,0.103,10.5298,526,31.45, -> desk (31.5%)
frame_000381,-1.0,2.7218,8.0545,0.0635,10.8957,526,36.2, -> desk (36.2%)
frame_000382,-1.0,2.3225,7.6642,0.0545,10.0964,526,56.4, -> desk (56.4%)
frame_000383,-1.0,2.7173,10.2288,0.0548,13.0546,526,40.88, -> desk (40.9%)
frame_000384,-1.0,2.2801,7.8801,0.0545,10.2666,526,42.13, -> desk (42.1%)
frame_000385,-1.0,3.1396,7.7743,0.0907,11.0599,526,44.4, -> desk (44.4%)
frame_000386,-1.0,2.2037,7.9734,0.0566,10.2875,526,35.66, -> desk (35.7%)
frame_000387,-1.0,2.3784,8.0112,0.0539,10.4964,526,30.6, -> desk (30.6%)
frame_000388,-1.0,2.9875,7.5479,0.0559,10.6496,526,27.18, -> desk (27.2%)
frame_000389,-1.0,2.7699,7.7181,0.0543,10.5967,526,22.38, -> desk (22.4%)
frame_000390,-1.0,3.6746,7.8023,0.0648,11.6009,526,20.75, -> desk (20.8%)
frame_000391,-1.0,2.9662,7.8228,0.0614,10.9043,480,35.86, -> cash machine (35.9%)
frame_000392,-1.0,2.8147,7.896,0.055,10.8147,526,33.24, -> desk (33.2%)
frame_000393,-1.0,2.9822,7.9532,0.0578,11.0466,526,16.0, -> desk (16.0%)
frame_000394,-1.0,2.4254,7.7347,0.0673,10.2864,526,34.02, -> desk (34.0%)
frame_000395,-1.0,2.8513,7.9447,0.0676,10.9201,526,40.84, -> desk (40.8%)
frame_000396,-1.0,2.3109,8.0953,0.0624,10.5266,526,40.79, -> desk (40.8%)
frame_000397,-1.0,2.2077,8.0375,0.0569,10.3528,526,44.0, -> desk (44.0%)
frame_000398,-1.0,2.6983,7.8689,0.0568,10.6733,526,19.62, -> desk (19.6%)
frame_000399,-1.0,2.6629,7.8472,0.0537,10.6136,480,34.91, -> cash machine (34.9%)
frame_000400,-1.0,2.8143,7.6943,0.0516,10.6076,480,61.86, -> cash machine (61.9%)
frame_000401,-1.0,2.2504,7.7323,0.0519,10.1452,480,43.47, -> cash machine (43.5%)
frame_000402,-1.0,2.2286,7.9147,0.0591,10.2578,526,26.31, -> desk (26.3%)
frame_000403,-1.0,2.4701,9.1121,0.0552,11.6866,480,19.98, -> cash machine (20.0%)
frame_000404,-1.0,2.8818,7.7898,0.0534,10.7763,480,45.48, -> cash machine (45.5%)
frame_000405,-1.0,2.6136,7.8264,0.0527,10.5409,480,18.82, -> cash machine (18.8%)
frame_000406,-1.0,2.3521,7.7934,0.0531,10.2454,480,57.01, -> cash machine (57.0%)
frame_000407,-1.0,2.1897,7.753,0.0573,10.0512,480,65.48, -> cash machine (65.5%)
frame_000408,-1.0,2.7896,7.5816,0.0575,10.4818,480,57.0, -> cash machine (57.0%)
frame_000409,-1.0,2.2838,7.6087,0.0601,10.0071,480,49.02, -> cash machine (49.0%)
frame_000410,-1.0,2.9301,7.8473,0.0577,10.8884,480,55.69, -> cash machine (55.7%)
frame_000411,-1.0,4.856,7.8047,0.0578,12.7738,480,64.2, -> cash machine (64.2%)
frame_000412,-1.0,3.5599,7.8157,0.0565,11.486,480,36.76, -> cash machine (36.8%)
frame_000413,-1.0,3.4004,10.8891,0.0645,14.4092,480,59.87, -> cash machine (59.9%)
frame_000414,-1.0,3.0815,7.6809,0.0637,10.8837,480,72.38, -> cash machine (72.4%)
frame_000415,-1.0,2.8701,7.7733,0.0595,10.762,480,65.73, -> cash machine (65.7%)
frame_000416,-1.0,3.0248,7.8178,0.0563,10.9513,480,44.67, -> cash machine (44.7%)
frame_000417,-1.0,2.2699,10.1987,0.0585,12.5823,480,42.22, -> cash machine (42.2%)
frame_000418,-1.0,2.4638,7.7206,0.0616,10.3023,480,38.74, -> cash machine (38.7%)
frame_000419,-1.0,2.9114,9.3851,0.0561,12.4066,480,30.6, -> cash machine (30.6%)
frame_000420,-1.0,2.4302,7.6912,0.0563,10.231,480,45.89, -> cash machine (45.9%)
frame_000421,-1.0,2.3883,7.7764,0.0567,10.2769,480,43.34, -> cash machine (43.3%)
frame_000422,-1.0,2.3385,7.7346,0.0531,10.1755,480,33.44, -> cash machine (33.4%)
frame_000423,-1.0,3.0659,9.5003,0.0578,12.6778,480,30.75, -> cash machine (30.8%)
frame_000424,-1.0,2.876,7.7393,0.0593,10.7269,480,58.66, -> cash machine (58.7%)
frame_000425,-1.0,2.8157,7.8253,0.0537,10.7421,480,66.06, -> cash machine (66.1%)
frame_000426,-1.0,3.9705,7.7444,0.0585,11.8317,480,53.9, -> cash machine (53.9%)
frame_000427,-1.0,3.0398,8.0239,0.0529,11.1694,480,39.53, -> cash machine (39.5%)
frame_000428,-1.0,3.0407,7.6176,0.051,10.7583,480,30.01, -> cash machine (30.0%)
frame_000429,-1.0,3.0059,7.839,0.0544,10.9499,713,36.21, -> photocopier (36.2%)
frame_000430,-1.0,3.0439,7.7875,0.0599,10.9461,480,66.18, -> cash machine (66.2%)
frame_000431,-1.0,2.5112,7.7575,0.053,10.3696,480,73.31, -> cash machine (73.3%)
frame_000432,-1.0,2.55,7.8805,0.0519,10.5312,480,88.8, -> cash machine (88.8%)
frame_000433,-1.0,3.0224,7.7589,0.0534,10.9121,480,78.37, -> cash machine (78.4%)
frame_000434,-1.0,5.9779,11.2788,0.0574,17.3704,480,85.16, -> cash machine (85.2%)
frame_000435,-1.0,3.6105,8.0767,0.0575,11.7995,480,61.7, -> cash machine (61.7%)
frame_000436,-1.0,3.4212,12.27,0.0951,15.8516,480,40.16, -> cash machine (40.2%)
frame_000437,-1.0,2.9557,7.7968,0.0541,10.855,480,79.63, -> cash machine (79.6%)
frame_000438,-1.0,3.4252,7.6547,0.0536,11.1855,480,62.54, -> cash machine (62.5%)
frame_000439,-1.0,4.5263,9.0006,0.0636,13.6461,480,75.09, -> cash machine (75.1%)
frame_000440,-1.0,2.5378,7.7434,0.0615,10.397,480,69.42, -> cash machine (69.4%)
frame_000441,-1.0,2.4838,7.733,0.0571,10.3247,480,81.1, -> cash machine (81.1%)
frame_000442,-1.0,2.9948,7.8779,0.056,10.9898,480,78.97, -> cash machine (79.0%)
frame_000443,-1.0,5.4338,10.8595,0.057,16.4066,480,63.36, -> cash machine (63.4%)
frame_000444,-1.0,2.9382,7.7995,0.0528,10.8412,480,39.19, -> cash machine (39.2%)
frame_000445,-1.0,3.083,7.6759,0.0506,10.8552,480,29.85, -> cash machine (29.8%)
frame_000446,-1.0,2.3689,7.7225,0.0507,10.1915,480,67.59, -> cash machine (67.6%)
frame_000447,-1.0,3.0046,7.7299,0.0483,10.8302,480,42.09, -> cash machine (42.1%)
frame_000448,-1.0,2.996,7.7963,0.0509,10.8902,480,69.19, -> cash machine (69.2%)
frame_000449,-1.0,2.4644,7.858,0.0517,10.4229,480,82.68, -> cash machine (82.7%)
frame_000450,-1.0,2.5694,7.7818,0.0564,10.4603,526,27.82, -> desk (27.8%)
frame_000451,-1.0,2.3863,7.932,0.0539,10.4204,480,54.3, -> cash machine (54.3%)
frame_000452,-1.0,4.7117,7.8868,0.0592,12.7133,480,27.38, -> cash machine (27.4%)
frame_000453,-1.0,2.3726,8.3364,0.0566,10.8221,480,44.15, -> cash machine (44.2%)
frame_000454,-1.0,2.5294,7.8617,0.0516,10.4935,480,39.96, -> cash machine (40.0%)
frame_000455,-1.0,2.533,7.8048,0.0518,10.4396,480,36.39, -> cash machine (36.4%)
frame_000456,-1.0,2.5966,7.9644,0.0545,10.6617,480,42.9, -> cash machine (42.9%)
frame_000457,-1.0,4.2265,8.0241,0.0582,12.3655,480,34.74, -> cash machine (34.7%)
frame_000458,-1.0,5.1395,8.0515,0.07,13.3252,480,75.76, -> cash machine (75.8%)
frame_000459,-1.0,1.9704,8.2464,0.0713,10.3505,480,69.97, -> cash machine (70.0%)
frame_000460,-1.0,5.1012,7.8523,0.0615,13.0738,480,37.76, -> cash machine (37.8%)
frame_000461,-1.0,4.966,8.1371,0.0616,13.2244,480,62.21, -> cash machine (62.2%)
frame_000462,-1.0,2.7566,12.2817,0.0575,15.154,480,50.32, -> cash machine (50.3%)
frame_000463,-1.0,2.8766,7.7023,0.0573,10.694,480,41.84, -> cash machine (41.8%)
frame_000464,-1.0,4.9325,12.0787,0.0586,17.1284,480,41.5, -> cash machine (41.5%)
frame_000465,-1.0,2.8024,7.7176,0.0572,10.6346,526,49.13, -> desk (49.1%)
frame_000466,-1.0,2.1778,11.6867,0.0577,13.9803,480,33.74, -> cash machine (33.7%)
frame_000467,-1.0,2.7054,7.7114,0.0502,10.5168,526,36.28, -> desk (36.3%)
frame_000468,-1.0,2.3385,7.9147,0.057,10.3682,526,36.02, -> desk (36.0%)
frame_000469,-1.0,2.9744,7.8516,0.0513,10.9288,526,34.92, -> desk (34.9%)
frame_000470,-1.0,2.5181,7.8383,0.0501,10.4543,480,38.08, -> cash machine (38.1%)
frame_000471,-1.0,4.5387,7.8096,0.0582,12.4616,480,71.07, -> cash machine (71.1%)
frame_000472,-1.0,2.0393,7.7419,0.0579,9.8964,480,47.48, -> cash machine (47.5%)
frame_000473,-1.0,2.4782,9.5489,0.0997,12.2133,480,35.46, -> cash machine (35.5%)
frame_000474,-1.0,2.6494,7.93,0.0556,10.6875,480,31.63, -> cash machine (31.6%)
frame_000475,-1.0,2.3547,8.1279,0.0552,10.5907,480,60.0, -> cash machine (60.0%)
frame_000476,-1.0,2.223,12.3975,0.0568,14.733,480,71.14, -> cash machine (71.1%)
frame_000477,-1.0,2.5359,7.7653,0.0565,10.4151,480,38.64, -> cash machine (38.6%)
frame_000478,-1.0,2.294,7.9436,0.0553,10.3459,480,68.73, -> cash machine (68.7%)
frame_000479,-1.0,2.4854,8.0582,0.0518,10.6459,480,72.59, -> cash machine (72.6%)
frame_000480,-1.0,2.4519,7.8142,0.0509,10.3665,480,60.02, -> cash machine (60.0%)
frame_000481,-1.0,2.3352,7.7705,0.0513,10.2072,526,40.58, -> desk (40.6%)
frame_000482,-1.0,2.3602,7.7033,0.0681,10.1885,480,60.73, -> cash machine (60.7%)
frame_000483,-1.0,2.2145,7.9315,0.0537,10.2475,480,57.9, -> cash machine (57.9%)
frame_000484,-1.0,2.2587,7.8736,0.0556,10.2394,480,77.33, -> cash machine (77.3%)
frame_000485,-1.0,2.2696,7.7909,0.0568,10.1674,480,65.94, -> cash machine (65.9%)
frame_000486,-1.0,2.2521,7.8774,0.0542,10.2334,480,51.42, -> cash machine (51.4%)
frame_000487,-1.0,2.2289,7.7906,0.059,10.1315,469,19.88, -> caldron (19.9%)
frame_000488,-1.0,2.1197,7.886,0.0588,10.1156,480,24.32, -> cash machine (24.3%)
frame_000489,-1.0,1.872,7.9553,0.0619,9.947,480,39.35, -> cash machine (39.3%)
frame_000490,-1.0,2.2565,7.6008,0.0636,9.9762,469,47.66, -> caldron (47.7%)
frame_000491,-1.0,2.7177,8.2624,0.0567,11.0885,480,63.83, -> cash machine (63.8%)
frame_000492,-1.0,2.2396,7.7437,0.0564,10.0933,480,51.2, -> cash machine (51.2%)
frame_000493,-1.0,5.5036,7.8603,0.0613,13.4806,480,63.11, -> cash machine (63.1%)
frame_000494,-1.0,3.2533,7.9497,0.1404,11.4003,526,18.94, -> desk (18.9%)
frame_000495,-1.0,2.7729,7.8373,0.0525,10.7149,480,36.39, -> cash machine (36.4%)
frame_000496,-1.0,4.1579,8.0343,0.0623,12.3124,480,91.0, -> cash machine (91.0%)
frame_000497,-1.0,4.9534,7.9304,0.0603,13.0032,480,38.31, -> cash machine (38.3%)
frame_000498,-1.0,4.8266,8.0263,0.0589,12.9682,480,62.83, -> cash machine (62.8%)
frame_000499,-1.0,5.2116,8.8993,0.0619,14.2316,480,77.5, -> cash machine (77.5%)
frame_000500,-1.0,3.5776,7.6142,0.0598,11.3098,480,51.34, -> cash machine (51.3%)
frame_000501,-1.0,2.1813,7.6838,0.0623,9.9867,526,44.76, -> desk (44.8%)
frame_000502,-1.0,2.7722,7.9624,0.057,10.8451,526,58.09, -> desk (58.1%)
frame_000503,-1.0,4.8658,7.8417,0.0582,12.8221,526,64.56, -> desk (64.6%)
frame_000504,-1.0,4.9481,7.82,0.0577,12.8814,526,53.09, -> desk (53.1%)
frame_000505,-1.0,4.6643,7.752,0.0607,12.5365,526,56.28, -> desk (56.3%)
frame_000506,-1.0,4.7449,7.9032,0.061,12.7675,526,61.47, -> desk (61.5%)
frame_000507,-1.0,3.467,7.6674,0.058,11.2513,526,53.75, -> desk (53.7%)
frame_000508,-1.0,2.8425,7.8689,0.0557,10.8181,526,52.96, -> desk (53.0%)
frame_000509,-1.0,2.7266,8.0125,0.0613,10.8595,526,45.17, -> desk (45.2%)
frame_000510,-1.0,4.5365,7.7654,0.0605,12.4198,526,35.55, -> desk (35.6%)
frame_000511,-1.0,3.2088,7.8431,0.0597,11.17,526,42.28, -> desk (42.3%)
frame_000512,-1.0,2.1509,7.7562,0.055,10.0128,526,33.74, -> desk (33.7%)
frame_000513,-1.0,2.7668,8.0382,0.0557,10.9137,526,53.3, -> desk (53.3%)
frame_000514,-1.0,2.2897,7.7937,0.0538,10.185,480,47.9, -> cash machine (47.9%)
frame_000515,-1.0,2.6971,7.7827,0.0513,10.5796,526,36.64, -> desk (36.6%)
frame_000516,-1.0,2.5116,7.8973,0.0556,10.5179,526,47.59, -> desk (47.6%)
frame_000517,-1.0,4.2203,7.7098,0.063,12.0508,526,47.94, -> desk (47.9%)
frame_000518,-1.0,4.8543,7.9123,0.0587,12.8823,526,48.0, -> desk (48.0%)
frame_000519,-1.0,2.9246,10.7445,0.058,13.7834,526,23.15, -> desk (23.1%)
frame_000520,-1.0,4.1919,7.5887,0.0624,11.9008,526,28.8, -> desk (28.8%)
frame_000521,-1.0,3.4867,7.7503,0.055,11.3453,480,37.96, -> cash machine (38.0%)
frame_000522,-1.0,2.7705,7.8101,0.0544,10.6858,526,34.47, -> desk (34.5%)
frame_000523,-1.0,3.9055,7.9898,0.0554,12.0062,526,42.67, -> desk (42.7%)
frame_000524,-1.0,3.0905,7.5822,0.0503,10.7729,480,32.76, -> cash machine (32.8%)
frame_000525,-1.0,1.2918,7.7599,0.0554,9.1616,480,63.76, -> cash machine (63.8%)
frame_000526,-1.0,3.124,11.9557,0.0585,15.1955,480,43.24, -> cash machine (43.2%)
frame_000527,-1.0,2.2224,7.951,0.0575,10.285,526,51.11, -> desk (51.1%)
frame_000528,-1.0,4.0842,7.6472,0.0584,11.843,526,49.61, -> desk (49.6%)
frame_000529,-1.0,2.7443,7.9569,0.0593,10.8181,526,25.94, -> desk (25.9%)
frame_000530,-1.0,2.2479,7.6318,0.0621,9.9968,526,41.33, -> desk (41.3%)
frame_000531,-1.0,2.1367,7.7271,0.0499,9.9611,480,33.33, -> cash machine (33.3%)
frame_000532,-1.0,2.2436,7.8092,0.0517,10.1548,480,49.7, -> cash machine (49.7%)
frame_000533,-1.0,2.2112,7.6233,0.0569,9.9439,713,37.61, -> photocopier (37.6%)
frame_000534,-1.0,2.7458,7.6256,0.05,10.4723,480,63.03, -> cash machine (63.0%)
frame_000535,-1.0,2.2529,7.6799,0.0497,10.0308,480,30.23, -> cash machine (30.2%)
frame_000536,-1.0,2.2317,7.686,0.0557,10.026,771,28.3, -> safe (28.3%)
frame_000537,-1.0,2.163,7.6549,0.0722,9.9471,771,35.75, -> safe (35.7%)
frame_000538,-1.0,3.3458,9.3777,0.0622,12.8412,771,50.17, -> safe (50.2%)
frame_000539,-1.0,4.7645,7.781,0.064,12.6693,771,27.03, -> safe (27.0%)
frame_000540,-1.0,3.3481,7.6715,0.0566,11.127,771,42.2, -> safe (42.2%)
frame_000541,-1.0,2.6617,7.6876,0.0521,10.4474,771,45.75, -> safe (45.8%)
frame_000542,-1.0,2.7904,7.8356,0.0515,10.7258,771,46.65, -> safe (46.6%)
frame_000543,-1.0,2.1115,7.708,0.0584,9.9261,771,58.82, -> safe (58.8%)
frame_000544,-1.0,4.3527,7.9055,0.0617,12.3736,771,36.89, -> safe (36.9%)
frame_000545,-1.0,2.6834,7.5629,0.0556,10.3532,771,43.5, -> safe (43.5%)
frame_000546,-1.0,2.1272,7.7577,0.0529,9.9856,771,30.18, -> safe (30.2%)
frame_000547,-1.0,4.2566,7.6946,0.0592,12.067,771,33.12, -> safe (33.1%)
frame_000548,-1.0,2.6465,7.7614,0.0598,10.5208,480,46.78, -> cash machine (46.8%)
frame_000549,-1.0,2.5854,7.7463,0.0592,10.4471,894,27.45, -> wardrobe (27.4%)
frame_000550,-1.0,2.0839,8.031,0.0549,10.2186,480,46.52, -> cash machine (46.5%)
frame_000551,-1.0,2.2001,8.0593,0.0614,10.3767,894,62.24, -> wardrobe (62.2%)
frame_000552,-1.0,2.2085,8.3601,0.062,10.6887,894,64.64, -> wardrobe (64.6%)
frame_000553,-1.0,2.0799,7.7521,0.0535,9.9343,480,20.86, -> cash machine (20.9%)
frame_000554,-1.0,2.8303,7.7974,0.1036,10.7895,894,41.96, -> wardrobe (42.0%)
frame_000555,-1.0,2.3197,7.7063,0.0589,10.1404,480,31.6, -> cash machine (31.6%)
frame_000556,-1.0,2.147,10.1872,0.0625,12.4522,894,55.34, -> wardrobe (55.3%)
frame_000557,-1.0,2.1314,7.7909,0.0532,10.0262,894,56.29, -> wardrobe (56.3%)
frame_000558,-1.0,2.1259,7.7492,0.0522,9.9773,894,54.77, -> wardrobe (54.8%)
frame_000559,-1.0,2.2431,8.2414,0.0736,10.6238,894,29.99, -> wardrobe (30.0%)
frame_000560,-1.0,1.6179,7.7441,0.0707,9.4945,480,30.05, -> cash machine (30.1%)
frame_000561,-1.0,2.2123,7.7347,0.0576,10.0547,480,37.72, -> cash machine (37.7%)
frame_000562,-1.0,2.0937,7.9461,0.0694,10.1698,480,59.49, -> cash machine (59.5%)
frame_000563,-1.0,3.8248,7.6587,0.0606,11.6018,480,52.61, -> cash machine (52.6%)
frame_000564,-1.0,2.4131,7.658,0.0559,10.1799,480,89.7, -> cash machine (89.7%)
frame_000565,-1.0,2.744,7.6504,0.0594,10.5058,480,90.69, -> cash machine (90.7%)
frame_000566,-1.0,4.5529,8.1647,0.0589,12.8398,480,95.23, -> cash machine (95.2%)
frame_000567,-1.0,3.694,7.8053,0.0545,11.6069,760,15.72, -> refrigerator (15.7%)
frame_000568,-1.0,2.1362,7.8204,0.0616,10.0756,804,21.12, -> soap dispenser (21.1%)
frame_000569,-1.0,3.0385,7.8196,0.0593,10.975,480,17.54, -> cash machine (17.5%)
frame_000570,-1.0,4.618,11.0272,0.0568,15.757,851,25.42, -> television (25.4%)
frame_000571,-1.0,4.6444,7.5459,0.0593,12.3083,894,13.67, -> wardrobe (13.7%)
frame_000572,-1.0,5.1263,7.9512,0.0635,13.2012,598,9.61, -> home theater (9.6%)
frame_000573,-1.0,5.5142,7.7384,0.0646,13.3763,851,9.48, -> television (9.5%)
frame_000574,-1.0,4.7981,12.3044,0.1028,17.3078,598,17.21, -> home theater (17.2%)
frame_000575,-1.0,3.0699,7.8766,0.0555,11.0549,598,27.22, -> home theater (27.2%)
frame_000576,-1.0,2.9143,7.6856,0.0627,10.7188,706,18.74, -> patio (18.7%)
frame_000577,-1.0,3.7968,7.941,0.0606,11.8552,598,25.29, -> home theater (25.3%)
frame_000578,-1.0,4.9368,7.8857,0.0645,12.947,706,14.32, -> patio (14.3%)
frame_000579,-1.0,4.7824,7.8468,0.0591,12.7462,556,26.82, -> fire screen (26.8%)
frame_000580,-1.0,4.4818,7.704,0.0612,12.3056,556,14.73, -> fire screen (14.7%)
frame_000581,-1.0,4.425,7.8573,0.0606,12.402,556,29.86, -> fire screen (29.9%)
frame_000582,-1.0,5.0657,12.4391,0.06,17.6224,556,26.56, -> fire screen (26.6%)
frame_000583,-1.0,3.4301,7.7427,0.0565,11.2819,526,26.91, -> desk (26.9%)
frame_000584,-1.0,2.4419,7.6348,0.053,10.1796,526,35.03, -> desk (35.0%)
frame_000585,-1.0,2.4887,7.7959,0.0588,10.4032,526,33.68, -> desk (33.7%)
frame_000586,-1.0,4.3502,7.8031,0.0587,12.2706,526,55.12, -> desk (55.1%)
frame_000587,-1.0,3.9134,7.757,0.0585,11.7866,526,22.41, -> desk (22.4%)
frame_000588,-1.0,3.0435,7.755,0.0604,10.9166,423,23.71, -> barber chair (23.7%)
frame_000589,-1.0,2.8001,7.8477,0.0559,10.7594,423,18.32, -> barber chair (18.3%)
frame_000590,-1.0,1.9731,7.7751,0.0562,9.8581,526,24.95, -> desk (25.0%)
frame_000591,-1.0,2.6099,7.6955,0.0535,10.4105,423,25.32, -> barber chair (25.3%)
frame_000592,-1.0,2.6314,7.7413,0.0527,10.4784,526,32.69, -> desk (32.7%)
frame_000593,-1.0,3.8616,7.7854,0.0558,11.761,526,40.1, -> desk (40.1%)
frame_000594,-1.0,2.9397,10.2951,0.0574,13.3508,526,15.46, -> desk (15.5%)
frame_000595,-1.0,2.5829,7.866,0.057,10.5618,526,24.87, -> desk (24.9%)
frame_000596,-1.0,2.9218,7.7612,0.0537,10.7868,526,20.26, -> desk (20.3%)
frame_000597,-1.0,4.457,7.7328,0.0598,12.304,423,31.16, -> barber chair (31.2%)
frame_000598,-1.0,2.5518,7.863,0.058,10.5285,526,26.09, -> desk (26.1%)
frame_000599,-1.0,2.1149,7.7932,0.0525,10.0112,526,22.79, -> desk (22.8%)
frame_000600,-1.0,2.4333,7.7553,0.0512,10.2919,423,24.29, -> barber chair (24.3%)
frame_000601,-1.0,3.4686,7.8334,0.0543,11.4303,526,35.75, -> desk (35.8%)
frame_000602,-1.0,2.0291,7.5925,0.0553,9.7285,423,33.32, -> barber chair (33.3%)
frame_000603,-1.0,4.1484,7.7264,0.0595,11.9922,526,28.46, -> desk (28.5%)
frame_000604,-1.0,5.5929,11.1589,0.0604,16.8686,526,30.72, -> desk (30.7%)
frame_000605,-1.0,4.8088,7.7895,0.0603,12.715,526,34.56, -> desk (34.6%)
frame_000606,-1.0,3.5071,7.6519,0.0693,11.2808,526,34.37, -> desk (34.4%)
frame_000607,-1.0,2.7016,7.8614,0.0583,10.6779,526,36.68, -> desk (36.7%)
frame_000608,-1.0,4.9267,7.7554,0.0574,12.795,526,41.88, -> desk (41.9%)
frame_000609,-1.0,4.9846,7.7467,0.0568,12.8453,526,47.65, -> desk (47.6%)
frame_000610,-1.0,3.4393,7.7943,0.0558,11.3818,526,19.08, -> desk (19.1%)
frame_000611,-1.0,2.8078,7.7869,0.0541,10.7011,526,55.86, -> desk (55.9%)
frame_000612,-1.0,3.6981,7.7874,0.0586,11.6032,526,59.53, -> desk (59.5%)
frame_000613,-1.0,3.1642,7.891,0.0558,11.1649,526,54.38, -> desk (54.4%)
frame_000614,-1.0,4.8542,7.8643,0.058,12.8338,526,51.06, -> desk (51.1%)
frame_000615,-1.0,4.1982,7.9238,0.0599,12.2377,526,66.43, -> desk (66.4%)
frame_000616,-1.0,4.583,7.6441,0.0609,12.3454,526,68.5, -> desk (68.5%)
frame_000617,-1.0,5.1671,7.8917,0.0594,13.1752,526,62.53, -> desk (62.5%)
frame_000618,-1.0,4.6308,7.7928,0.0637,12.5473,526,64.75, -> desk (64.7%)
frame_000619,-1.0,3.229,7.8727,0.0569,11.2139,526,52.18, -> desk (52.2%)
frame_000620,-1.0,2.7585,7.8717,0.0598,10.7496,526,48.52, -> desk (48.5%)
frame_000621,-1.0,2.1813,7.6992,0.0594,9.9958,526,42.46, -> desk (42.5%)
frame_000622,-1.0,2.3972,12.669,0.0596,15.1834,526,48.47, -> desk (48.5%)
frame_000623,-1.0,3.6416,7.8097,0.0579,11.5686,526,50.3, -> desk (50.3%)
frame_000624,-1.0,2.8004,7.6927,0.0581,10.6062,526,43.93, -> desk (43.9%)
frame_000625,-1.0,3.2916,7.816,0.0561,11.2183,526,65.81, -> desk (65.8%)
frame_000626,-1.0,2.9997,7.8072,0.1272,10.9959,526,67.69, -> desk (67.7%)
frame_000627,-1.0,2.2786,7.8064,0.0628,10.2051,526,69.78, -> desk (69.8%)
frame_000628,-1.0,2.2459,7.8589,0.0596,10.2204,526,54.0, -> desk (54.0%)
frame_000629,-1.0,2.2567,7.6355,0.055,9.9995,526,67.72, -> desk (67.7%)
frame_000630,-1.0,2.2561,7.9114,0.0615,10.2855,526,63.5, -> desk (63.5%)
frame_000631,-1.0,2.264,7.7607,0.0553,10.1333,526,55.42, -> desk (55.4%)
frame_000632,-1.0,2.9935,7.9779,0.0589,11.0893,526,58.78, -> desk (58.8%)
frame_000633,-1.0,2.3854,7.8877,0.0563,10.3872,526,64.01, -> desk (64.0%)
frame_000634,-1.0,2.3723,11.0746,0.0632,13.57,526,54.37, -> desk (54.4%)
frame_000635,-1.0,2.187,7.8875,0.0573,10.1868,526,56.75, -> desk (56.8%)
frame_000636,-1.0,4.0018,11.2205,0.0602,15.343,526,57.06, -> desk (57.1%)
frame_000637,-1.0,5.0086,7.8105,0.0598,12.9391,526,56.27, -> desk (56.3%)
frame_000638,-1.0,4.8353,7.9403,0.0641,12.9021,526,55.32, -> desk (55.3%)
frame_000639,-1.0,4.8878,8.1972,0.0643,13.2096,526,68.25, -> desk (68.3%)
frame_000640,-1.0,4.8159,7.9437,0.0685,12.8882,526,69.45, -> desk (69.5%)
frame_000641,-1.0,4.8344,7.7711,0.0659,12.7332,526,68.94, -> desk (68.9%)
frame_000642,-1.0,3.0827,7.8528,0.0638,11.0588,526,63.91, -> desk (63.9%)
frame_000643,-1.0,2.6677,7.9033,0.063,10.7203,526,75.79, -> desk (75.8%)
frame_000644,-1.0,2.2904,7.8165,0.0582,10.2223,526,66.42, -> desk (66.4%)
frame_000645,-1.0,2.2589,7.6504,0.0639,10.0317,526,64.97, -> desk (65.0%)
frame_000646,-1.0,2.3814,7.8078,0.0577,10.3028,526,70.63, -> desk (70.6%)
frame_000647,-1.0,4.4402,11.2,0.0601,15.7579,526,66.32, -> desk (66.3%)
frame_000648,-1.0,2.4105,7.8002,0.0567,10.3217,526,68.93, -> desk (68.9%)
frame_000649,-1.0,2.1724,7.6781,0.0532,9.9531,526,46.6, -> desk (46.6%)
frame_000650,-1.0,4.6113,11.8933,0.0582,16.6204,526,50.6, -> desk (50.6%)
frame_000651,-1.0,4.7432,7.7203,0.0581,12.5788,526,48.59, -> desk (48.6%)
frame_000652,-1.0,4.8952,8.05,0.0571,13.0578,526,62.05, -> desk (62.0%)
frame_000653,-1.0,4.6924,7.9063,0.0581,12.715,526,60.03, -> desk (60.0%)
frame_000654,-1.0,4.7023,7.7141,0.0633,12.5402,526,62.27, -> desk (62.3%)
frame_000655,-1.0,4.6251,7.5918,0.0634,12.3395,526,60.57, -> desk (60.6%)
frame_000656,-1.0,3.2634,9.1764,0.0636,12.5628,526,18.43, -> desk (18.4%)
frame_000657,-1.0,4.4502,7.9611,0.0636,12.534,526,42.17, -> desk (42.2%)
frame_000658,-1.0,3.0998,7.6819,0.0552,10.89,526,38.77, -> desk (38.8%)
frame_000659,-1.0,4.365,7.8234,0.0634,12.3119,526,79.32, -> desk (79.3%)
frame_000660,-1.0,2.7429,10.5757,0.0728,13.4564,526,40.7, -> desk (40.7%)
frame_000661,-1.0,2.8013,7.8455,0.0692,10.7818,526,53.53, -> desk (53.5%)
frame_000662,-1.0,4.8143,8.1018,0.0638,13.0391,526,52.31, -> desk (52.3%)
frame_000663,-1.0,3.4186,7.8119,0.0556,11.3411,526,10.57, -> desk (10.6%)
frame_000664,-1.0,2.882,11.6879,0.059,14.6859,526,30.59, -> desk (30.6%)
frame_000665,-1.0,2.8103,7.8822,0.0575,10.8066,526,28.34, -> desk (28.3%)
frame_000666,-1.0,2.1928,7.8234,0.0747,10.1522,526,66.24, -> desk (66.2%)
frame_000667,-1.0,2.2044,7.9067,0.0587,10.2224,526,40.07, -> desk (40.1%)
frame_000668,-1.0,2.7569,7.7148,0.0844,10.6111,526,23.79, -> desk (23.8%)
frame_000669,-1.0,2.1048,7.9599,0.0567,10.1712,613,9.04, -> joystick (9.0%)
frame_000670,-1.0,2.7192,7.7758,0.0558,10.6047,880,28.05, -> unicycle (28.0%)
frame_000671,-1.0,2.2224,7.6948,0.0519,10.0189,880,25.87, -> unicycle (25.9%)
frame_000672,-1.0,2.1053,7.7975,0.0521,10.0053,880,29.35, -> unicycle (29.4%)
frame_000673,-1.0,2.0585,7.9353,0.0591,10.1104,526,47.52, -> desk (47.5%)
frame_000674,-1.0,2.044,10.095,0.0574,12.2524,526,19.54, -> desk (19.5%)
frame_000675,-1.0,2.7253,7.887,0.0524,10.7177,613,17.94, -> joystick (17.9%)
frame_000676,-1.0,2.5558,10.8844,0.0557,13.5512,526,20.68, -> desk (20.7%)
frame_000677,-1.0,2.2741,7.6816,0.0552,10.0659,613,15.21, -> joystick (15.2%)
frame_000678,-1.0,4.4536,7.8134,0.0617,12.3854,613,13.33, -> joystick (13.3%)
frame_000679,-1.0,2.708,7.7727,0.056,10.592,613,19.84, -> joystick (19.8%)
frame_000680,-1.0,2.8834,7.6435,0.0562,10.6366,613,25.83, -> joystick (25.8%)
frame_000681,-1.0,2.1672,12.2203,0.0604,14.5052,613,15.26, -> joystick (15.3%)
frame_000682,-1.0,2.271,7.7721,0.0527,10.1493,613,21.92, -> joystick (21.9%)
frame_000683,-1.0,2.2002,9.5537,0.0602,11.8723,613,7.98, -> joystick (8.0%)
frame_000684,-1.0,3.2257,7.7424,0.0538,11.0719,423,12.08, -> barber chair (12.1%)
frame_000685,-1.0,2.564,7.7004,0.0498,10.3622,423,12.4, -> barber chair (12.4%)
frame_000686,-1.0,2.7061,11.537,0.0584,14.3579,423,25.48, -> barber chair (25.5%)
frame_000687,-1.0,2.6013,7.7634,0.0574,10.477,423,27.53, -> barber chair (27.5%)
frame_000688,-1.0,2.2371,7.8396,0.0572,10.1898,423,13.65, -> barber chair (13.6%)
frame_000689,-1.0,2.2994,7.7372,0.051,10.137,526,20.03, -> desk (20.0%)
frame_000690,-1.0,2.1976,10.5142,0.0571,12.8231,423,55.85, -> barber chair (55.8%)
frame_000691,-1.0,2.1275,7.8856,0.0592,10.1282,526,18.45, -> desk (18.5%)
frame_000692,-1.0,4.9297,8.0426,0.0557,13.0847,882,16.28, -> vacuum (16.3%)
frame_000693,-1.0,4.9629,7.8629,0.0584,12.9415,526,16.16, -> desk (16.2%)
frame_000694,-1.0,4.623,7.7222,0.0585,12.4614,526,24.22, -> desk (24.2%)
frame_000695,-1.0,3.5044,7.8606,0.0578,11.4809,882,27.11, -> vacuum (27.1%)
frame_000696,-1.0,3.4054,9.515,0.0601,13.0374,553,23.84, -> file (23.8%)
frame_000697,-1.0,3.066,7.663,0.0529,10.833,882,42.16, -> vacuum (42.2%)
frame_000698,-1.0,2.5131,7.904,0.0565,10.5307,882,42.3, -> vacuum (42.3%)
frame_000699,-1.0,2.6931,7.9499,0.0548,10.7513,526,31.57, -> desk (31.6%)
frame_000700,-1.0,3.0962,7.7975,0.0888,11.0422,553,33.17, -> file (33.2%)
frame_000701,-1.0,2.3918,7.77,0.0619,10.2817,553,31.77, -> file (31.8%)
frame_000702,-1.0,2.1498,7.8581,0.0512,10.1078,553,30.35, -> file (30.3%)
frame_000703,-1.0,2.1011,7.8476,0.0629,10.0673,526,30.35, -> desk (30.3%)
frame_000704,-1.0,2.3189,7.5363,0.0518,9.9557,553,62.37, -> file (62.4%)
frame_000705,-1.0,2.149,7.8192,0.0487,10.0644,553,42.27, -> file (42.3%)
frame_000706,-1.0,6.1578,7.807,0.061,14.0836,553,32.75, -> file (32.8%)
frame_000707,-1.0,3.3728,10.7446,0.0643,14.2408,553,33.1, -> file (33.1%)
frame_000708,-1.0,3.5603,7.812,0.0609,11.492,553,31.37, -> file (31.4%)
frame_000709,-1.0,2.4002,10.5248,0.0599,13.0429,526,27.46, -> desk (27.5%)
frame_000710,-1.0,2.1889,7.713,0.0542,10.0081,526,46.92, -> desk (46.9%)
frame_000711,-1.0,2.705,11.7609,0.0584,14.5822,526,16.58, -> desk (16.6%)
frame_000712,-1.0,2.3283,7.8591,0.0603,10.3001,526,17.91, -> desk (17.9%)
frame_000713,-1.0,5.2917,9.3412,0.0627,14.7527,526,20.8, -> desk (20.8%)
frame_000714,-1.0,2.7969,7.7357,0.0533,10.6379,526,19.19, -> desk (19.2%)
frame_000715,-1.0,2.2075,7.8361,0.0517,10.1469,526,13.94, -> desk (13.9%)
frame_000716,-1.0,2.7049,7.8958,0.0535,10.704,526,21.2, -> desk (21.2%)
frame_000717,-1.0,2.1569,7.7073,0.0528,9.9666,882,26.17, -> vacuum (26.2%)
frame_000718,-1.0,2.1795,7.8501,0.0578,10.1424,882,14.48, -> vacuum (14.5%)
frame_000719,-1.0,2.178,7.9742,0.058,10.2692,543,16.96, -> dumbbell (17.0%)
frame_000720,-1.0,2.1251,7.7249,0.0525,9.9547,851,17.08, -> television (17.1%)
frame_000721,-1.0,3.9231,7.8572,0.0662,11.9043,543,22.11, -> dumbbell (22.1%)
frame_000722,-1.0,2.8118,7.6509,0.0579,10.5797,894,7.33, -> wardrobe (7.3%)
frame_000723,-1.0,2.3569,7.7369,0.0625,10.2109,881,15.68, -> upright (15.7%)
frame_000724,-1.0,2.1043,8.0167,0.0589,10.2359,881,20.53, -> upright (20.5%)
frame_000725,-1.0,2.3519,7.7886,0.0628,10.263,579,33.76, -> grand piano (33.8%)
frame_000726,-1.0,2.7745,8.0534,0.062,10.9436,882,6.64, -> vacuum (6.6%)
frame_000727,-1.0,2.3794,7.9611,0.0665,10.4662,579,37.49, -> grand piano (37.5%)
frame_000728,-1.0,2.0762,7.7987,0.0584,10.0564,881,21.23, -> upright (21.2%)
frame_000729,-1.0,2.1718,7.7596,0.0553,10.0371,881,38.35, -> upright (38.4%)
frame_000730,-1.0,2.1857,7.7509,0.0526,10.0375,881,28.37, -> upright (28.4%)
frame_000731,-1.0,2.2114,7.7943,0.0576,10.1169,881,21.87, -> upright (21.9%)
frame_000732,-1.0,2.1337,7.8712,0.0594,10.1157,579,52.11, -> grand piano (52.1%)
frame_000733,-1.0,2.1365,7.7886,0.0535,10.0271,881,18.93, -> upright (18.9%)
frame_000734,-1.0,2.7517,7.734,0.0549,10.5892,579,35.99, -> grand piano (36.0%)
frame_000735,-1.0,2.1297,7.7397,0.0524,9.9716,579,14.49, -> grand piano (14.5%)
frame_000736,-1.0,2.2572,7.9066,0.0586,10.2774,579,16.44, -> grand piano (16.4%)
frame_000737,-1.0,4.0311,12.5018,0.066,16.6555,526,12.75, -> desk (12.8%)
frame_000738,-1.0,2.8283,7.7407,0.0626,10.6901,602,11.23, -> horizontal bar (11.2%)
frame_000739,-1.0,2.0394,7.7835,0.058,9.9361,526,17.39, -> desk (17.4%)
frame_000740,-1.0,2.5288,8.1405,0.0848,10.8099,526,10.94, -> desk (10.9%)
frame_000741,-1.0,2.1272,7.8606,0.0585,10.101,881,24.24, -> upright (24.2%)
frame_000742,-1.0,2.6555,8.0452,0.0584,10.8152,526,17.08, -> desk (17.1%)
frame_000743,-1.0,2.256,7.6574,0.0554,10.0233,526,13.54, -> desk (13.5%)
frame_000744,-1.0,3.0339,7.7184,0.058,10.8677,526,28.47, -> desk (28.5%)
frame_000745,-1.0,2.6222,7.8295,0.0596,10.5664,526,7.99, -> desk (8.0%)
frame_000746,-1.0,2.7475,12.5202,0.0627,15.3865,526,38.87, -> desk (38.9%)
frame_000747,-1.0,2.7106,10.8199,0.0606,13.649,526,61.07, -> desk (61.1%)
frame_000748,-1.0,2.1991,7.8614,0.059,10.1757,526,20.43, -> desk (20.4%)
frame_000749,-1.0,3.6562,7.7767,0.0591,11.5482,526,27.85, -> desk (27.9%)
frame_000750,-1.0,4.7241,7.8242,0.0571,12.6617,526,25.9, -> desk (25.9%)
frame_000751,-1.0,4.9731,7.9286,0.06,13.0173,526,51.78, -> desk (51.8%)
frame_000752,-1.0,4.748,7.5788,0.0556,12.4384,526,19.3, -> desk (19.3%)
frame_000753,-1.0,4.7525,11.7414,0.0569,16.6146,579,22.74, -> grand piano (22.7%)
frame_000754,-1.0,4.8811,7.7227,0.059,12.7193,526,21.04, -> desk (21.0%)
frame_000755,-1.0,4.6985,7.9327,0.0647,12.7541,579,62.35, -> grand piano (62.3%)
frame_000756,-1.0,4.7171,7.7725,0.0636,12.6195,579,23.19, -> grand piano (23.2%)
frame_000757,-1.0,4.8726,7.7906,0.0614,12.7841,881,38.69, -> upright (38.7%)
frame_000758,-1.0,4.6942,7.8558,0.0621,12.6694,881,41.81, -> upright (41.8%)
frame_000759,-1.0,4.8692,7.6548,0.0673,12.6513,579,56.89, -> grand piano (56.9%)
frame_000760,-1.0,4.7071,7.5152,0.0602,12.3413,579,59.64, -> grand piano (59.6%)
frame_000761,-1.0,4.2461,8.1067,0.0754,12.4965,579,49.43, -> grand piano (49.4%)
frame_000762,-1.0,2.7992,7.9928,0.0681,10.9226,579,82.93, -> grand piano (82.9%)
frame_000763,-1.0,4.5655,8.0122,0.062,12.6985,579,16.67, -> grand piano (16.7%)
frame_000764,-1.0,5.0069,7.8896,0.0616,13.0167,579,55.66, -> grand piano (55.7%)
frame_000765,-1.0,4.8991,10.4597,0.0622,15.4783,579,36.15, -> grand piano (36.2%)
frame_000766,-1.0,4.4958,7.8611,0.0616,12.4767,579,68.23, -> grand piano (68.2%)
frame_000767,-1.0,5.1442,9.4007,0.0585,14.6592,579,53.12, -> grand piano (53.1%)
frame_000768,-1.0,3.2399,7.9508,0.059,11.304,579,75.51, -> grand piano (75.5%)
frame_000769,-1.0,2.5011,7.7055,0.056,10.3433,579,81.45, -> grand piano (81.5%)
frame_000770,-1.0,2.6056,7.7724,0.0531,10.4803,881,36.85, -> upright (36.8%)
frame_000771,-1.0,2.6203,7.8774,0.0578,10.611,526,32.32, -> desk (32.3%)
frame_000772,-1.0,2.162,7.9351,0.0517,10.1997,526,23.67, -> desk (23.7%)
frame_000773,-1.0,5.0207,8.1254,0.0634,13.2661,881,56.5, -> upright (56.5%)
frame_000774,-1.0,4.7125,7.8999,0.0578,12.735,526,37.92, -> desk (37.9%)
frame_000775,-1.0,3.6654,7.662,0.0611,11.4457,881,32.32, -> upright (32.3%)
frame_000776,-1.0,4.3768,7.8079,0.0628,12.3063,526,24.95, -> desk (25.0%)
frame_000777,-1.0,4.7112,7.8988,0.0606,12.7279,579,31.61, -> grand piano (31.6%)
frame_000778,-1.0,4.513,7.7314,0.0779,12.3878,579,37.78, -> grand piano (37.8%)
frame_000779,-1.0,3.0846,8.0093,0.0593,11.2111,579,26.44, -> grand piano (26.4%)
frame_000780,-1.0,4.3504,7.6845,0.0653,12.1585,881,50.6, -> upright (50.6%)
frame_000781,-1.0,4.4881,7.7202,0.0563,12.3197,526,29.75, -> desk (29.8%)
frame_000782,-1.0,4.3287,8.0216,0.0618,12.4702,526,46.77, -> desk (46.8%)
frame_000783,-1.0,4.4729,7.747,0.0596,12.3369,579,28.59, -> grand piano (28.6%)
frame_000784,-1.0,4.4502,7.6284,0.0597,12.198,579,40.07, -> grand piano (40.1%)
frame_000785,-1.0,4.3485,7.808,0.0568,12.2693,579,51.56, -> grand piano (51.6%)
frame_000786,-1.0,4.6738,7.9462,0.06,12.738,579,41.7, -> grand piano (41.7%)
frame_000787,-1.0,4.517,8.8252,0.0636,13.4632,526,38.15, -> desk (38.2%)
frame_000788,-1.0,4.3666,7.9124,0.0655,12.4044,526,50.07, -> desk (50.1%)
frame_000789,-1.0,4.3091,7.9555,0.0788,12.4063,526,68.39, -> desk (68.4%)
frame_000790,-1.0,4.4774,12.0283,0.0611,16.6242,526,59.97, -> desk (60.0%)
frame_000791,-1.0,4.1343,10.7677,0.0604,15.0205,579,46.77, -> grand piano (46.8%)
frame_000792,-1.0,4.4725,8.0035,0.0597,12.5943,579,58.15, -> grand piano (58.2%)
frame_000793,-1.0,3.1454,7.9629,0.0797,11.248,579,62.86, -> grand piano (62.9%)
frame_000794,-1.0,2.4511,7.6838,0.0536,10.2397,579,55.53, -> grand piano (55.5%)
frame_000795,-1.0,2.0072,7.7789,0.0581,9.895,579,35.74, -> grand piano (35.7%)
frame_000796,-1.0,4.4653,7.7985,0.0593,12.3809,579,36.38, -> grand piano (36.4%)
frame_000797,-1.0,4.2665,7.8483,0.0605,12.2338,526,21.15, -> desk (21.2%)
frame_000798,-1.0,4.4862,8.2907,0.078,12.9285,579,25.47, -> grand piano (25.5%)
frame_000799,-1.0,4.4156,7.6725,0.0596,12.2036,526,45.3, -> desk (45.3%)
frame_000800,-1.0,4.4912,7.7608,0.0592,12.3688,526,40.49, -> desk (40.5%)
frame_000801,-1.0,4.5228,8.0558,0.0576,12.6936,579,27.51, -> grand piano (27.5%)
frame_000802,-1.0,4.4303,7.8923,0.0604,12.4417,526,51.07, -> desk (51.1%)
frame_000803,-1.0,4.6182,8.2333,0.0617,12.972,526,41.67, -> desk (41.7%)
frame_000804,-1.0,4.4895,7.9422,0.0593,12.5494,526,31.39, -> desk (31.4%)
frame_000805,-1.0,4.3961,7.8886,0.0622,12.4068,526,28.94, -> desk (28.9%)
frame_000806,-1.0,4.4341,7.9145,0.0569,12.4586,579,44.48, -> grand piano (44.5%)
frame_000807,-1.0,4.4785,8.3124,0.0571,12.9055,579,36.18, -> grand piano (36.2%)
frame_000808,-1.0,4.7462,8.7296,0.0566,13.5882,579,57.36, -> grand piano (57.4%)
frame_000809,-1.0,3.4752,7.8277,0.063,11.4428,526,57.67, -> desk (57.7%)
frame_000810,-1.0,3.9474,8.1164,0.0619,12.1845,526,50.03, -> desk (50.0%)
frame_000811,-1.0,2.933,8.8888,0.0577,11.9369,526,15.97, -> desk (16.0%)
frame_000812,-1.0,3.1453,7.7613,0.0572,11.0216,579,24.74, -> grand piano (24.7%)
frame_000813,-1.0,4.4781,11.2528,0.0658,15.8564,579,50.48, -> grand piano (50.5%)
frame_000814,-1.0,4.854,7.9155,0.0594,12.8863,526,19.81, -> desk (19.8%)
frame_000815,-1.0,3.2469,7.807,0.0594,11.1729,526,30.58, -> desk (30.6%)
frame_000816,-1.0,4.0351,7.8172,0.0583,11.9928,526,49.65, -> desk (49.7%)
frame_000817,-1.0,4.6677,7.757,0.0578,12.5418,526,28.45, -> desk (28.5%)
frame_000818,-1.0,4.2856,8.0314,0.0627,12.4364,579,22.03, -> grand piano (22.0%)
frame_000819,-1.0,4.4052,8.0006,0.0593,12.5222,579,35.8, -> grand piano (35.8%)
frame_000820,-1.0,3.5735,7.9689,0.0585,11.6589,579,30.89, -> grand piano (30.9%)
frame_000821,-1.0,4.3167,7.8817,0.0617,12.3153,526,26.99, -> desk (27.0%)
frame_000822,-1.0,2.9128,7.745,0.0584,10.77,579,13.76, -> grand piano (13.8%)
frame_000823,-1.0,2.4779,7.7236,0.0538,10.3057,733,11.25, -> pole (11.2%)
frame_000824,-1.0,2.02,7.5407,0.0583,9.6711,579,14.69, -> grand piano (14.7%)
frame_000825,-1.0,2.6178,7.8486,0.0589,10.5823,579,34.43, -> grand piano (34.4%)
frame_000826,-1.0,2.635,7.8843,0.0556,10.6259,579,25.98, -> grand piano (26.0%)
frame_000827,-1.0,2.0443,13.5992,0.0615,15.7627,579,31.89, -> grand piano (31.9%)
frame_000828,-1.0,4.7685,8.2487,0.0569,13.1318,830,38.36, -> stretcher (38.4%)
frame_000829,-1.0,4.2581,7.6549,0.0601,12.0298,579,29.18, -> grand piano (29.2%)
frame_000830,-1.0,4.4177,7.854,0.059,12.3879,579,17.56, -> grand piano (17.6%)
frame_000831,-1.0,4.8476,8.6065,0.0579,13.5692,579,27.1, -> grand piano (27.1%)
frame_000832,-1.0,4.7677,7.9343,0.0579,12.8185,526,56.54, -> desk (56.5%)
frame_000833,-1.0,4.757,8.065,0.0595,12.9372,579,65.85, -> grand piano (65.9%)
frame_000834,-1.0,2.1797,7.7736,0.0592,10.0703,579,46.95, -> grand piano (47.0%)
frame_000835,-1.0,4.4287,7.9609,0.064,12.5127,579,38.12, -> grand piano (38.1%)
frame_000836,-1.0,3.244,10.8444,0.0607,14.2081,579,32.41, -> grand piano (32.4%)
frame_000837,-1.0,3.738,8.0301,0.063,11.8915,579,45.88, -> grand piano (45.9%)
frame_000838,-1.0,2.5235,7.8266,0.0563,10.4954,579,31.61, -> grand piano (31.6%)
frame_000839,-1.0,4.4192,8.0873,0.0626,12.629,579,28.07, -> grand piano (28.1%)
frame_000840,-1.0,4.7467,9.1907,0.0629,14.0602,579,28.16, -> grand piano (28.2%)
frame_000841,-1.0,4.812,7.793,0.0595,12.7234,579,36.07, -> grand piano (36.1%)
frame_000842,-1.0,4.3577,8.3957,0.0599,12.8733,579,26.0, -> grand piano (26.0%)
frame_000843,-1.0,4.2646,7.7413,0.0627,12.1267,579,12.52, -> grand piano (12.5%)
frame_000844,-1.0,2.3472,7.6816,0.0602,10.1452,550,10.31, -> espresso maker (10.3%)
frame_000845,-1.0,4.387,8.015,0.0635,12.5239,579,78.67, -> grand piano (78.7%)
frame_000846,-1.0,4.3042,7.875,0.059,12.2966,579,71.14, -> grand piano (71.1%)
frame_000847,-1.0,4.3987,8.1266,0.0626,12.6458,579,84.58, -> grand piano (84.6%)
frame_000848,-1.0,3.0724,7.7254,0.0596,10.9138,579,80.27, -> grand piano (80.3%)
frame_000849,-1.0,3.1402,7.725,0.0597,10.9799,579,85.23, -> grand piano (85.2%)
frame_000850,-1.0,2.1021,7.6377,0.0534,9.8414,480,7.84, -> cash machine (7.8%)
frame_000851,-1.0,3.2187,7.9399,0.0605,11.2772,567,8.78, -> frying pan (8.8%)
frame_000852,-1.0,2.3191,7.9739,0.0635,10.4202,526,52.79, -> desk (52.8%)
frame_000853,-1.0,2.2116,7.8954,0.0606,10.2247,526,24.53, -> desk (24.5%)
frame_000854,-1.0,3.6141,7.6179,0.1437,11.4361,526,14.75, -> desk (14.8%)
frame_000855,-1.0,2.7903,7.6971,0.0559,10.5986,550,24.96, -> espresso maker (25.0%)
frame_000856,-1.0,3.9136,9.0434,0.0583,13.0734,567,15.92, -> frying pan (15.9%)
frame_000857,-1.0,4.4186,7.837,0.0624,12.3753,423,15.29, -> barber chair (15.3%)
frame_000858,-1.0,3.1025,7.7288,0.0635,10.9528,526,18.34, -> desk (18.3%)
frame_000859,-1.0,4.1579,7.4512,0.0582,11.7213,526,22.35, -> desk (22.4%)
frame_000860,-1.0,2.9285,7.7489,0.0597,10.7935,526,38.51, -> desk (38.5%)
frame_000861,-1.0,2.6577,7.7803,0.058,10.5535,891,45.39, -> waffle iron (45.4%)
frame_000862,-1.0,3.413,7.7507,0.063,11.2852,526,32.55, -> desk (32.6%)
frame_000863,-1.0,1.8371,8.0473,0.0651,10.0082,526,20.76, -> desk (20.8%)
frame_000864,-1.0,3.4073,7.8119,0.0592,11.3368,526,30.25, -> desk (30.2%)
frame_000865,-1.0,3.9812,7.976,0.0655,12.079,526,40.42, -> desk (40.4%)
frame_000866,-1.0,2.4913,8.031,0.0612,10.639,526,31.47, -> desk (31.5%)
frame_000867,-1.0,2.5604,7.8763,0.0555,10.5424,526,50.35, -> desk (50.3%)
frame_000868,-1.0,2.1778,7.8895,0.0604,10.1813,526,84.46, -> desk (84.5%)
frame_000869,-1.0,2.26,7.8543,0.0647,10.2339,423,46.34, -> barber chair (46.3%)
frame_000870,-1.0,2.1519,10.7166,0.0622,12.988,423,42.75, -> barber chair (42.8%)
frame_000871,-1.0,2.0849,7.9609,0.0696,10.1739,423,26.45, -> barber chair (26.5%)
frame_000872,-1.0,2.2038,8.0108,0.0578,10.3279,423,37.46, -> barber chair (37.5%)
frame_000873,-1.0,2.5711,7.7668,0.0519,10.4426,423,35.75, -> barber chair (35.8%)
frame_000874,-1.0,2.5943,7.9467,0.0555,10.6486,526,15.74, -> desk (15.7%)
frame_000875,-1.0,2.0642,7.686,0.0521,9.8517,423,56.19, -> barber chair (56.2%)
frame_000876,-1.0,2.0144,7.8215,0.0532,9.9398,598,8.2, -> home theater (8.2%)
frame_000877,-1.0,2.2363,7.7667,0.0578,10.112,532,12.99, -> dining table (13.0%)
frame_000878,-1.0,2.0545,7.9434,0.0591,10.1102,532,26.38, -> dining table (26.4%)
frame_000879,-1.0,2.4391,7.838,0.0558,10.3886,877,20.99, -> turnstile (21.0%)
frame_000880,-1.0,2.0485,7.9641,0.063,10.1292,877,35.83, -> turnstile (35.8%)
frame_000881,-1.0,2.6362,7.7149,0.0539,10.4544,877,45.82, -> turnstile (45.8%)
frame_000882,-1.0,1.9883,7.8035,0.0522,9.8944,877,44.57, -> turnstile (44.6%)
frame_000883,-1.0,2.6389,12.4075,0.0589,15.1622,877,40.08, -> turnstile (40.1%)
frame_000884,-1.0,4.8893,7.6703,0.0774,12.6979,877,38.54, -> turnstile (38.5%)
frame_000885,-1.0,3.6497,7.9805,0.0576,11.7441,877,62.29, -> turnstile (62.3%)
frame_000886,-1.0,2.5492,7.7958,0.0603,10.4624,830,46.06, -> stretcher (46.1%)
frame_000887,-1.0,2.6516,7.9276,0.0559,10.6895,894,25.32, -> wardrobe (25.3%)
frame_000888,-1.0,2.1362,7.6866,0.053,9.9258,894,14.14, -> wardrobe (14.1%)
frame_000889,-1.0,4.6113,7.6992,0.0592,12.4375,830,24.39, -> stretcher (24.4%)
frame_000890,-1.0,2.9096,7.8232,0.0614,10.8536,532,9.89, -> dining table (9.9%)
frame_000891,-1.0,2.6853,8.0248,0.0599,10.8289,830,28.02, -> stretcher (28.0%)
frame_000892,-1.0,4.2861,7.8099,0.0641,12.2146,884,34.7, -> vault (34.7%)
frame_000893,-1.0,2.9237,9.8072,0.0613,12.8501,884,37.55, -> vault (37.6%)
frame_000894,-1.0,3.0927,7.7589,0.0577,10.961,877,51.74, -> turnstile (51.7%)
frame_000895,-1.0,3.8881,7.8603,0.0634,11.8693,877,20.31, -> turnstile (20.3%)
frame_000896,-1.0,3.0682,7.8771,0.0632,11.0692,877,39.44, -> turnstile (39.4%)
frame_000897,-1.0,2.5842,7.8533,0.0612,10.5557,877,16.7, -> turnstile (16.7%)
frame_000898,-1.0,2.9768,7.8515,0.0617,10.9477,877,48.95, -> turnstile (48.9%)
frame_000899,-1.0,2.7166,7.7342,0.0561,10.5589,877,25.95, -> turnstile (26.0%)
frame_000900,-1.0,2.655,7.9102,0.0597,10.6806,526,52.31, -> desk (52.3%)
frame_000901,-1.0,2.742,7.8111,0.0608,10.6679,526,18.36, -> desk (18.4%)
frame_000902,-1.0,4.9916,7.817,0.0621,12.9272,877,18.91, -> turnstile (18.9%)
frame_000903,-1.0,4.452,11.1262,0.0611,15.6968,877,23.91, -> turnstile (23.9%)
frame_000904,-1.0,4.5043,7.8192,0.062,12.4459,877,53.98, -> turnstile (54.0%)
frame_000905,-1.0,5.1441,7.7194,0.0608,12.9835,526,23.49, -> desk (23.5%)
frame_000906,-1.0,4.4304,7.8568,0.0603,12.4061,526,38.28, -> desk (38.3%)
frame_000907,-1.0,4.5211,7.8348,0.0594,12.4714,526,54.44, -> desk (54.4%)
frame_000908,-1.0,4.314,7.9464,0.0621,12.3808,877,44.52, -> turnstile (44.5%)
frame_000909,-1.0,4.5209,7.8192,0.0586,12.4574,526,51.57, -> desk (51.6%)
frame_000910,-1.0,3.2036,7.7412,0.0573,11.0536,526,46.16, -> desk (46.2%)
frame_000911,-1.0,2.4204,7.8021,0.052,10.3246,526,36.58, -> desk (36.6%)
frame_000912,-1.0,3.2389,8.121,0.0619,11.4788,771,24.17, -> safe (24.2%)
frame_000913,-1.0,4.977,8.1854,0.0601,13.2793,830,28.11, -> stretcher (28.1%)
frame_000914,-1.0,4.9324,7.8743,0.0647,12.931,526,25.05, -> desk (25.0%)
frame_000915,-1.0,3.1009,7.7946,0.0569,11.0071,526,50.73, -> desk (50.7%)
frame_000916,-1.0,1.9986,7.8234,0.0543,9.9261,526,56.43, -> desk (56.4%)
frame_000917,-1.0,2.9531,11.7507,0.0579,14.8189,526,59.01, -> desk (59.0%)
frame_000918,-1.0,2.469,7.6583,0.056,10.2378,526,65.4, -> desk (65.4%)
frame_000919,-1.0,4.17,8.0949,0.0614,12.3881,526,70.72, -> desk (70.7%)
frame_000920,-1.0,4.5901,7.7483,0.0637,12.4586,526,48.31, -> desk (48.3%)
frame_000921,-1.0,3.2195,7.833,0.0538,11.1566,526,59.95, -> desk (60.0%)
frame_000922,-1.0,2.9388,7.7863,0.0549,10.8313,526,59.43, -> desk (59.4%)
frame_000923,-1.0,2.0219,7.7866,0.0636,9.9296,526,65.05, -> desk (65.0%)
frame_000924,-1.0,1.9737,7.7735,0.0519,9.8455,526,53.07, -> desk (53.1%)
frame_000925,-1.0,3.7429,7.86,0.0618,11.7208,526,70.06, -> desk (70.1%)
frame_000926,-1.0,2.8424,7.819,0.0543,10.7645,526,67.13, -> desk (67.1%)
frame_000927,-1.0,2.6756,8.5834,0.0533,11.3637,526,57.82, -> desk (57.8%)
frame_000928,-1.0,2.0582,7.6531,0.056,9.8211,526,32.57, -> desk (32.6%)
frame_000929,-1.0,3.2238,7.856,0.0512,11.2749,526,35.67, -> desk (35.7%)
frame_000930,-1.0,2.6276,7.8983,0.0579,10.6398,526,70.44, -> desk (70.4%)
frame_000931,-1.0,2.6815,7.7583,0.0537,10.5447,526,54.53, -> desk (54.5%)
frame_000932,-1.0,4.293,7.9164,0.0576,12.3222,526,70.2, -> desk (70.2%)
frame_000933,-1.0,4.2525,7.8894,0.0581,12.2579,526,62.58, -> desk (62.6%)
frame_000934,-1.0,2.9384,12.2566,0.0562,15.3083,526,73.76, -> desk (73.8%)
frame_000935,-1.0,3.0984,7.7725,0.0608,10.9882,526,45.08, -> desk (45.1%)
frame_000936,-1.0,2.4516,7.8033,0.0544,10.3614,526,77.08, -> desk (77.1%)
frame_000937,-1.0,4.9467,7.7266,0.0582,12.7875,526,68.29, -> desk (68.3%)
frame_000938,-1.0,2.9959,7.7848,0.0609,10.8979,526,44.74, -> desk (44.7%)
frame_000939,-1.0,2.0463,7.9507,0.0545,10.1036,526,66.9, -> desk (66.9%)
frame_000940,-1.0,2.0115,7.939,0.06,10.0668,526,55.51, -> desk (55.5%)
frame_000941,-1.0,3.0486,7.7738,0.0524,10.9259,526,70.2, -> desk (70.2%)
frame_000942,-1.0,2.5765,7.7159,0.0521,10.3933,526,43.06, -> desk (43.1%)
frame_000943,-1.0,2.7159,8.0758,0.058,10.9054,526,67.92, -> desk (67.9%)
frame_000944,-1.0,2.1286,7.7328,0.0705,9.9875,526,54.12, -> desk (54.1%)
frame_000945,-1.0,4.2766,7.7957,0.0632,12.1939,526,30.25, -> desk (30.2%)
frame_000946,-1.0,4.5401,9.1757,0.072,13.8649,526,72.01, -> desk (72.0%)
frame_000947,-1.0,3.2019,7.8995,0.0608,11.2215,526,68.19, -> desk (68.2%)
frame_000948,-1.0,2.5465,7.7439,0.0569,10.4013,526,79.85, -> desk (79.8%)
frame_000949,-1.0,2.6257,7.929,0.0589,10.6714,526,30.87, -> desk (30.9%)
frame_000950,-1.0,4.8187,8.1108,0.0615,13.0492,526,73.14, -> desk (73.1%)
frame_000951,-1.0,2.9419,7.7479,0.0573,10.8008,526,60.76, -> desk (60.8%)
frame_000952,-1.0,2.6513,7.8006,0.0555,10.5587,526,43.21, -> desk (43.2%)
frame_000953,-1.0,2.0245,8.0573,0.0535,10.1878,526,63.79, -> desk (63.8%)
frame_000954,-1.0,2.6705,7.7056,0.0527,10.4808,526,56.99, -> desk (57.0%)
frame_000955,-1.0,2.0673,7.833,0.0578,10.0111,526,62.16, -> desk (62.2%)
frame_000956,-1.0,2.3912,7.7744,0.055,10.2706,526,56.0, -> desk (56.0%)
frame_000957,-1.0,4.9197,7.7068,0.054,12.7353,526,41.18, -> desk (41.2%)
frame_000958,-1.0,4.4998,8.0924,0.0562,12.7064,526,71.16, -> desk (71.2%)
frame_000959,-1.0,2.9835,7.9083,0.0576,11.0065,526,72.09, -> desk (72.1%)
frame_000960,-1.0,2.4349,8.1789,0.0563,10.7257,526,77.04, -> desk (77.0%)
frame_000961,-1.0,4.2502,7.9248,0.058,12.2912,526,81.81, -> desk (81.8%)
frame_000962,-1.0,3.1677,7.9584,0.0585,11.241,526,77.8, -> desk (77.8%)
frame_000963,-1.0,2.7375,8.3031,0.0648,11.1671,526,73.28, -> desk (73.3%)
frame_000964,-1.0,2.127,9.5016,0.0618,11.7521,526,59.2, -> desk (59.2%)
frame_000965,-1.0,4.9032,7.7773,0.0659,12.8065,526,32.82, -> desk (32.8%)
frame_000966,-1.0,4.3856,8.0219,0.061,12.5278,526,73.52, -> desk (73.5%)
frame_000967,-1.0,5.0206,7.9078,0.058,13.0457,526,73.44, -> desk (73.4%)
frame_000968,-1.0,3.1989,7.8288,0.0547,11.1348,526,69.48, -> desk (69.5%)
frame_000969,-1.0,4.0059,7.967,0.0599,12.0908,526,53.05, -> desk (53.1%)
frame_000970,-1.0,3.5952,8.0456,0.0588,11.7556,526,42.76, -> desk (42.8%)
frame_000971,-1.0,3.1692,8.2112,0.062,11.5835,526,22.35, -> desk (22.3%)
frame_000972,-1.0,3.5745,7.9913,0.0645,11.6888,526,52.17, -> desk (52.2%)
frame_000973,-1.0,2.2606,9.9724,0.0707,12.3731,526,61.44, -> desk (61.4%)
frame_000974,-1.0,1.8129,7.7775,0.0611,9.7098,526,53.46, -> desk (53.5%)
frame_000975,-1.0,2.6221,9.2868,0.0594,12.0255,526,58.16, -> desk (58.2%)
frame_000976,-1.0,1.9791,7.7861,0.0645,9.8908,526,40.78, -> desk (40.8%)
frame_000977,-1.0,5.9291,8.0102,0.0617,14.0586,526,47.42, -> desk (47.4%)
frame_000978,-1.0,4.5409,7.7615,0.0605,12.4194,526,52.16, -> desk (52.2%)
frame_000979,-1.0,4.9637,7.7531,0.0565,12.8301,526,63.37, -> desk (63.4%)
frame_000980,-1.0,4.3743,12.6425,0.0614,17.1356,526,50.19, -> desk (50.2%)
frame_000981,-1.0,4.6266,7.8788,0.063,12.6269,526,42.49, -> desk (42.5%)
frame_000982,-1.0,3.236,9.1692,0.0604,12.5239,526,45.78, -> desk (45.8%)
frame_000983,-1.0,3.8545,8.1143,0.0644,12.0901,526,54.71, -> desk (54.7%)
frame_000984,-1.0,4.6343,11.4984,0.0627,16.25,526,65.18, -> desk (65.2%)
frame_000985,-1.0,2.9475,7.8471,0.0562,10.9155,526,37.75, -> desk (37.8%)
frame_000986,-1.0,4.989,11.0727,0.0599,16.1783,526,75.67, -> desk (75.7%)
frame_000987,-1.0,3.5531,8.1299,0.0642,11.8085,526,61.82, -> desk (61.8%)
frame_000988,-1.0,4.0778,12.3628,0.063,16.5619,526,76.76, -> desk (76.8%)
frame_000989,-1.0,4.5931,7.9589,0.0584,12.6687,526,73.61, -> desk (73.6%)
frame_000990,-1.0,4.4178,12.5403,0.0603,17.0762,526,77.11, -> desk (77.1%)
frame_000991,-1.0,5.1004,7.9154,0.0612,13.1349,526,64.58, -> desk (64.6%)
frame_000992,-1.0,2.97,7.9081,0.0611,10.9977,526,69.58, -> desk (69.6%)
frame_000993,-1.0,2.1131,9.6651,0.065,11.9031,526,75.43, -> desk (75.4%)
frame_000994,-1.0,3.3301,7.9271,0.0599,11.3732,526,78.13, -> desk (78.1%)
frame_000995,-1.0,2.5425,10.5204,0.0591,13.1797,526,83.39, -> desk (83.4%)
frame_000996,-1.0,2.5358,7.8897,0.0591,10.5456,526,75.41, -> desk (75.4%)
frame_000997,-1.0,4.6331,8.6018,0.0601,13.3545,526,56.51, -> desk (56.5%)
frame_000998,-1.0,3.0081,12.4911,0.0639,15.6228,526,60.9, -> desk (60.9%)
frame_000999,-1.0,4.8706,7.7789,0.0591,12.7664,526,63.38, -> desk (63.4%)
frame_001000,-1.0,3.3583,11.1392,0.0603,14.6164,526,66.21, -> desk (66.2%)
frame_001001,-1.0,3.3486,7.6509,0.0609,11.1182,526,65.64, -> desk (65.6%)
frame_001002,-1.0,4.4894,7.962,0.0618,12.5718,526,64.05, -> desk (64.1%)
frame_001003,-1.0,4.715,8.1508,0.0613,12.986,526,63.13, -> desk (63.1%)
frame_001004,-1.0,4.7459,8.9536,0.0596,13.8168,526,63.45, -> desk (63.4%)
frame_001005,-1.0,4.6625,7.8916,0.0572,12.669,526,67.2, -> desk (67.2%)
frame_001006,-1.0,4.7921,9.2174,0.0646,14.1354,526,72.88, -> desk (72.9%)
frame_001007,-1.0,4.4583,8.0416,0.0606,12.6171,526,54.69, -> desk (54.7%)
frame_001008,-1.0,4.6955,9.5204,0.0622,14.3348,526,77.76, -> desk (77.8%)
frame_001009,-1.0,4.7739,7.9581,0.0611,12.8554,526,80.97, -> desk (81.0%)
frame_001010,-1.0,3.3912,8.4789,0.0637,11.9944,526,73.53, -> desk (73.5%)
frame_001011,-1.0,4.6546,7.9946,0.0596,12.7678,526,63.33, -> desk (63.3%)
frame_001012,-1.0,3.3142,8.3392,0.0625,11.7745,526,61.86, -> desk (61.9%)
frame_001013,-1.0,2.5626,7.8458,0.0562,10.5177,526,48.05, -> desk (48.0%)
frame_001014,-1.0,2.7105,7.8584,0.0548,10.6757,526,71.26, -> desk (71.3%)
frame_001015,-1.0,2.0878,7.9859,0.0544,10.1779,526,43.38, -> desk (43.4%)
frame_001016,-1.0,2.4875,7.7323,0.0571,10.3286,526,52.58, -> desk (52.6%)
frame_001017,-1.0,2.6605,9.2968,0.0642,12.0817,526,58.64, -> desk (58.6%)
frame_001018,-1.0,2.1812,7.8074,0.0605,10.1022,526,43.22, -> desk (43.2%)
frame_001019,-1.0,2.2544,7.6866,0.0608,10.0589,526,57.17, -> desk (57.2%)
frame_001020,-1.0,2.2459,7.7419,0.0541,10.0969,526,60.94, -> desk (60.9%)
frame_001021,-1.0,2.9252,7.9777,0.0572,11.0129,526,52.17, -> desk (52.2%)
frame_001022,-1.0,2.4009,7.9573,0.0595,10.4713,526,55.31, -> desk (55.3%)
frame_001023,-1.0,3.9648,8.0531,0.0618,12.1356,526,58.13, -> desk (58.1%)
frame_001024,-1.0,3.2468,7.7587,0.1124,11.2057,526,52.85, -> desk (52.9%)
frame_001025,-1.0,2.2902,7.8073,0.0588,10.2104,526,53.92, -> desk (53.9%)
frame_001026,-1.0,5.0736,11.2658,0.0584,16.4532,526,56.81, -> desk (56.8%)
frame_001027,-1.0,2.564,8.0406,0.0575,10.7181,526,57.84, -> desk (57.8%)
frame_001028,-1.0,2.6079,7.8371,0.062,10.5636,526,56.93, -> desk (56.9%)
frame_001029,-1.0,4.6675,8.0474,0.0603,12.8306,526,57.04, -> desk (57.0%)
frame_001030,-1.0,3.3026,7.9161,0.061,11.336,526,63.47, -> desk (63.5%)
frame_001031,-1.0,4.6532,8.0395,0.0636,12.8137,526,58.91, -> desk (58.9%)
frame_001032,-1.0,4.8309,7.8973,0.0604,12.847,526,59.45, -> desk (59.4%)
frame_001033,-1.0,4.5365,7.8881,0.0701,12.5541,526,64.4, -> desk (64.4%)
frame_001034,-1.0,4.6796,10.5775,0.064,15.3797,526,71.7, -> desk (71.7%)
frame_001035,-1.0,2.7834,7.8195,0.0532,10.7038,526,59.89, -> desk (59.9%)
frame_001036,-1.0,5.1617,11.1351,0.0626,16.417,526,53.34, -> desk (53.3%)
frame_001037,-1.0,3.742,7.9528,0.0598,11.813,526,65.23, -> desk (65.2%)
frame_001038,-1.0,2.6757,7.9921,0.0557,10.7756,526,37.04, -> desk (37.0%)
frame_001039,-1.0,2.1083,7.9089,0.0669,10.141,526,37.3, -> desk (37.3%)
frame_001040,-1.0,2.6355,7.7758,0.0556,10.517,526,55.6, -> desk (55.6%)
frame_001041,-1.0,2.6179,7.7709,0.0665,10.5115,526,44.85, -> desk (44.8%)
frame_001042,-1.0,2.0758,7.7636,0.0557,9.9445,526,49.66, -> desk (49.7%)
frame_001043,-1.0,2.0936,8.5597,0.1115,10.8144,526,39.9, -> desk (39.9%)
frame_001044,-1.0,4.8275,10.9551,0.0575,15.8973,526,43.14, -> desk (43.1%)
frame_001045,-1.0,4.6459,7.9263,0.0641,12.6961,526,33.57, -> desk (33.6%)
frame_001046,-1.0,2.5881,7.7337,0.0529,10.4213,526,48.77, -> desk (48.8%)
frame_001047,-1.0,2.7273,8.3735,0.0609,11.2224,526,48.84, -> desk (48.8%)
frame_001048,-1.0,2.5929,7.9389,0.0633,10.6504,526,45.32, -> desk (45.3%)
frame_001049,-1.0,3.7577,7.9292,0.0592,11.8005,526,40.83, -> desk (40.8%)
frame_001050,-1.0,2.5446,7.8369,0.0603,10.4965,526,41.51, -> desk (41.5%)
frame_001051,-1.0,2.0702,7.7998,0.0584,9.9807,526,42.37, -> desk (42.4%)
frame_001052,-1.0,5.1961,8.0871,0.0599,13.4018,526,39.58, -> desk (39.6%)
frame_001053,-1.0,3.1576,7.9179,0.0548,11.1855,526,40.27, -> desk (40.3%)
frame_001054,-1.0,4.2061,7.8239,0.062,12.1484,526,42.45, -> desk (42.5%)
frame_001055,-1.0,3.0471,7.8463,0.0556,11.0015,526,45.26, -> desk (45.3%)
frame_001056,-1.0,1.9842,7.8772,0.0561,9.972,526,43.5, -> desk (43.5%)
frame_001057,-1.0,2.4827,7.8435,0.0524,10.4272,526,41.86, -> desk (41.9%)
frame_001058,-1.0,2.6373,7.7653,0.0547,10.5105,526,44.46, -> desk (44.5%)
frame_001059,-1.0,2.2857,7.7701,0.0504,10.1551,526,47.27, -> desk (47.3%)
frame_001060,-1.0,2.3755,7.951,0.0561,10.434,526,52.07, -> desk (52.1%)
frame_001061,-1.0,2.7034,7.7701,0.054,10.578,526,51.17, -> desk (51.2%)
frame_001062,-1.0,2.1481,7.9977,0.052,10.246,526,44.43, -> desk (44.4%)
frame_001063,-1.0,1.9631,7.7985,0.048,9.8592,526,54.99, -> desk (55.0%)
frame_001064,-1.0,2.2576,7.8396,0.0625,10.2191,526,57.7, -> desk (57.7%)
frame_001065,-1.0,2.1171,7.9306,0.0526,10.1499,526,51.73, -> desk (51.7%)
frame_001066,-1.0,3.4866,7.9228,0.0575,11.5224,526,47.45, -> desk (47.4%)
frame_001067,-1.0,2.0522,7.9011,0.0627,10.0694,526,50.72, -> desk (50.7%)
frame_001068,-1.0,2.7054,7.7654,0.0519,10.5715,526,52.44, -> desk (52.4%)
frame_001069,-1.0,4.229,8.1032,0.0624,12.4531,526,51.22, -> desk (51.2%)
frame_001070,-1.0,3.0627,7.9077,0.0616,11.0902,526,49.03, -> desk (49.0%)
frame_001071,-1.0,2.6323,7.921,0.0613,10.6744,526,46.56, -> desk (46.6%)
frame_001072,-1.0,2.6048,8.2811,0.0598,11.0014,526,53.45, -> desk (53.5%)
frame_001073,-1.0,2.598,8.1199,0.0686,10.8481,526,54.52, -> desk (54.5%)
frame_001074,-1.0,3.0907,7.8531,0.0617,11.0592,526,51.86, -> desk (51.9%)
frame_001075,-1.0,4.8842,7.8551,0.0647,12.8649,526,51.81, -> desk (51.8%)
frame_001076,-1.0,4.2846,8.0344,0.0632,12.4397,526,50.56, -> desk (50.6%)
frame_001077,-1.0,3.5469,7.9503,0.0556,11.6032,526,55.06, -> desk (55.1%)
frame_001078,-1.0,2.1327,7.8867,0.0622,10.1375,526,48.64, -> desk (48.6%)
frame_001079,-1.0,4.349,7.9654,0.0623,12.4324,526,49.9, -> desk (49.9%)
frame_001080,-1.0,3.0498,7.769,0.0545,10.9252,526,51.47, -> desk (51.5%)
frame_001081,-1.0,2.0131,7.6956,0.058,9.8204,526,49.34, -> desk (49.3%)
frame_001082,-1.0,3.456,7.9209,0.0601,11.4919,526,54.38, -> desk (54.4%)
frame_001083,-1.0,2.4423,7.8489,0.0755,10.4485,526,52.21, -> desk (52.2%)
frame_001084,-1.0,4.3277,7.7894,0.0582,12.2302,526,52.11, -> desk (52.1%)
frame_001085,-1.0,4.5896,8.0922,0.0626,12.8017,526,50.47, -> desk (50.5%)
frame_001086,-1.0,4.6191,7.9486,0.0605,12.6865,526,55.55, -> desk (55.6%)
frame_001087,-1.0,2.9946,8.1325,0.0581,11.2395,526,57.34, -> desk (57.3%)
frame_001088,-1.0,2.0042,7.8283,0.0534,9.9324,526,56.51, -> desk (56.5%)
frame_001089,-1.0,2.464,7.8337,0.0536,10.4015,526,54.88, -> desk (54.9%)
frame_001090,-1.0,2.471,7.7406,0.0564,10.3198,526,59.38, -> desk (59.4%)
frame_001091,-1.0,4.2836,7.7853,0.06,12.1852,526,56.19, -> desk (56.2%)
frame_001092,-1.0,3.1233,7.8547,0.058,11.0924,526,59.95, -> desk (60.0%)
frame_001093,-1.0,4.9479,7.7417,0.0512,12.8236,526,57.33, -> desk (57.3%)
frame_001094,-1.0,3.4833,7.8004,0.0624,11.4026,526,59.11, -> desk (59.1%)
frame_001095,-1.0,3.1296,7.9565,0.0616,11.201,526,58.37, -> desk (58.4%)
frame_001096,-1.0,2.5449,9.6442,0.0589,12.3042,526,45.65, -> desk (45.7%)
frame_001097,-1.0,2.0559,7.8492,0.0622,10.0225,526,45.77, -> desk (45.8%)
frame_001098,-1.0,3.1188,8.0415,0.0828,11.2991,526,50.72, -> desk (50.7%)
frame_001099,-1.0,2.5014,7.844,0.0592,10.4552,526,55.09, -> desk (55.1%)
frame_001100,-1.0,2.5676,7.751,0.0548,10.4269,526,52.71, -> desk (52.7%)
frame_001101,-1.0,2.6684,7.7341,0.0575,10.5156,526,48.66, -> desk (48.7%)
frame_001102,-1.0,4.5169,7.8518,0.0575,12.483,526,44.24, -> desk (44.2%)
frame_001103,-1.0,5.0237,7.7879,0.0591,12.927,526,46.4, -> desk (46.4%)
frame_001104,-1.0,3.1004,7.6961,0.0531,10.9337,526,49.09, -> desk (49.1%)
frame_001105,-1.0,2.729,7.6783,0.0547,10.5142,526,43.66, -> desk (43.7%)
frame_001106,-1.0,2.6283,7.864,0.0538,10.5936,526,43.93, -> desk (43.9%)
frame_001107,-1.0,2.0122,7.8826,0.0621,10.0135,526,53.37, -> desk (53.4%)
frame_001108,-1.0,2.6713,7.8592,0.0553,10.6367,526,28.97, -> desk (29.0%)
frame_001109,-1.0,5.2479,7.8974,0.0568,13.2568,526,36.99, -> desk (37.0%)
frame_001110,-1.0,3.5154,7.9322,0.0589,11.5624,526,20.56, -> desk (20.6%)
frame_001111,-1.0,2.3671,7.8326,0.0534,10.3043,526,36.11, -> desk (36.1%)
frame_001112,-1.0,4.4058,7.8924,0.0592,12.4153,526,40.25, -> desk (40.2%)
frame_001113,-1.0,2.6132,7.9137,0.0541,10.7255,526,41.4, -> desk (41.4%)
frame_001114,-1.0,1.9933,7.8429,0.0593,9.9526,526,58.14, -> desk (58.1%)
frame_001115,-1.0,2.1895,7.8636,0.052,10.1537,526,48.03, -> desk (48.0%)
frame_001116,-1.0,1.9558,9.5527,0.0568,11.6218,526,23.62, -> desk (23.6%)
frame_001117,-1.0,2.4719,7.9186,0.058,10.5048,526,28.58, -> desk (28.6%)
frame_001118,-1.0,2.6113,7.7178,0.0539,10.435,526,35.25, -> desk (35.3%)
frame_001119,-1.0,2.0838,7.8486,0.0549,10.037,526,43.97, -> desk (44.0%)
frame_001120,-1.0,2.0304,7.8272,0.0579,9.9702,526,51.58, -> desk (51.6%)
frame_001121,-1.0,2.6788,7.5818,0.0494,10.359,526,35.24, -> desk (35.2%)
frame_001122,-1.0,5.1707,7.7204,0.0586,13.0053,526,23.26, -> desk (23.3%)
frame_001123,-1.0,4.4352,7.8521,0.0578,12.4018,771,25.36, -> safe (25.4%)
frame_001124,-1.0,3.0761,7.7025,0.0581,10.8954,526,22.15, -> desk (22.2%)
frame_001125,-1.0,2.4628,7.9008,0.0595,10.4808,713,21.11, -> photocopier (21.1%)
frame_001126,-1.0,3.0826,7.7761,0.0536,10.9627,526,11.62, -> desk (11.6%)
frame_001127,-1.0,2.2122,7.9666,0.0555,10.2876,771,23.73, -> safe (23.7%)
frame_001128,-1.0,2.0259,7.848,0.0592,9.9865,771,20.17, -> safe (20.2%)
frame_001129,-1.0,2.6047,7.7717,0.0518,10.4773,877,16.02, -> turnstile (16.0%)
frame_001130,-1.0,1.9032,8.1902,0.0568,10.2058,526,18.72, -> desk (18.7%)
frame_001131,-1.0,2.5408,7.8658,0.0518,10.5104,771,25.18, -> safe (25.2%)
frame_001132,-1.0,3.1168,7.9945,0.0573,11.2248,713,30.3, -> photocopier (30.3%)
frame_001133,-1.0,2.6406,7.7664,0.0549,10.5126,713,27.44, -> photocopier (27.4%)
frame_001134,-1.0,1.9404,7.9272,0.0569,9.9844,713,33.15, -> photocopier (33.2%)
frame_001135,-1.0,2.566,7.6504,0.0518,10.3167,884,14.04, -> vault (14.0%)
frame_001136,-1.0,2.0334,8.5035,0.0584,10.648,771,40.72, -> safe (40.7%)
frame_001137,-1.0,2.7484,7.6697,0.0534,10.5226,771,46.56, -> safe (46.6%)
frame_001138,-1.0,2.6084,7.627,0.0511,10.3342,771,22.54, -> safe (22.5%)
frame_001139,-1.0,4.2264,7.9462,0.0921,12.3655,526,11.57, -> desk (11.6%)
frame_001140,-1.0,4.2866,7.7603,0.0528,12.1521,526,14.31, -> desk (14.3%)
frame_001141,-1.0,2.4847,7.9617,0.0558,10.5578,771,14.72, -> safe (14.7%)
frame_001142,-1.0,4.3103,8.5366,0.0588,12.9615,771,32.24, -> safe (32.2%)
frame_001143,-1.0,2.4803,7.8038,0.0528,10.3872,713,12.81, -> photocopier (12.8%)
frame_001144,-1.0,2.0492,8.0058,0.051,10.1565,771,20.75, -> safe (20.7%)
frame_001145,-1.0,2.0604,9.4878,0.061,11.6654,526,20.96, -> desk (21.0%)
frame_001146,-1.0,4.4791,12.1658,0.0589,16.7573,713,33.61, -> photocopier (33.6%)
frame_001147,-1.0,4.757,7.8625,0.0582,12.7347,713,30.09, -> photocopier (30.1%)
frame_001148,-1.0,4.7636,11.7683,0.0922,16.7225,713,41.73, -> photocopier (41.7%)
frame_001149,-1.0,3.2694,8.0583,0.0876,11.4711,526,15.68, -> desk (15.7%)
frame_001150,-1.0,2.4286,7.7576,0.0565,10.299,771,34.82, -> safe (34.8%)
frame_001151,-1.0,4.2594,7.9605,0.0647,12.3431,480,15.62, -> cash machine (15.6%)
frame_001152,-1.0,2.5349,8.0023,0.0532,10.6402,771,14.67, -> safe (14.7%)
frame_001153,-1.0,2.5184,8.2441,0.0545,10.8725,526,15.71, -> desk (15.7%)
frame_001154,-1.0,2.5862,7.8179,0.0547,10.514,526,35.05, -> desk (35.1%)
frame_001155,-1.0,2.0715,7.858,0.0529,10.0323,771,21.71, -> safe (21.7%)
frame_001156,-1.0,2.224,11.6092,0.0584,13.9491,480,34.07, -> cash machine (34.1%)
frame_001157,-1.0,2.2007,7.8802,0.0535,10.1858,480,25.91, -> cash machine (25.9%)
frame_001158,-1.0,2.116,7.8708,0.0527,10.0898,480,30.1, -> cash machine (30.1%)
frame_001159,-1.0,2.2811,7.7868,0.0574,10.1768,713,22.88, -> photocopier (22.9%)
frame_001160,-1.0,2.058,9.5038,0.0564,11.6717,480,14.5, -> cash machine (14.5%)
frame_001161,-1.0,2.0868,7.8918,0.0594,10.0921,480,21.38, -> cash machine (21.4%)
frame_001162,-1.0,3.8472,7.8105,0.1383,11.8542,480,23.35, -> cash machine (23.4%)
frame_001163,-1.0,3.0584,11.4925,0.0571,14.6636,480,44.24, -> cash machine (44.2%)
frame_001164,-1.0,2.8177,12.3588,0.0615,15.2941,480,36.91, -> cash machine (36.9%)
frame_001165,-1.0,2.7316,8.1769,0.0722,11.0459,480,29.75, -> cash machine (29.8%)
frame_001166,-1.0,3.0471,7.7022,0.077,10.8919,480,45.66, -> cash machine (45.7%)
frame_001167,-1.0,4.8319,7.9667,0.0657,12.9225,480,28.47, -> cash machine (28.5%)
frame_001168,-1.0,3.2269,7.8701,0.0561,11.2036,771,12.67, -> safe (12.7%)
frame_001169,-1.0,4.446,7.8401,0.0591,12.4009,480,28.6, -> cash machine (28.6%)
frame_001170,-1.0,2.7812,7.7325,0.0595,10.6281,480,23.89, -> cash machine (23.9%)
frame_001171,-1.0,2.6659,7.7942,0.0575,10.5693,480,45.46, -> cash machine (45.5%)
frame_001172,-1.0,2.0775,7.849,0.0526,10.0292,480,25.35, -> cash machine (25.3%)
frame_001173,-1.0,2.1518,7.6941,0.0566,9.9546,894,16.43, -> wardrobe (16.4%)
frame_001174,-1.0,2.3333,7.6658,0.0544,10.1019,877,38.88, -> turnstile (38.9%)
frame_001175,-1.0,3.3186,7.8748,0.0525,11.2967,877,25.95, -> turnstile (25.9%)
frame_001176,-1.0,2.5782,9.2939,0.0596,11.9885,877,45.65, -> turnstile (45.7%)
frame_001177,-1.0,4.1401,7.8555,0.0587,12.1093,894,35.71, -> wardrobe (35.7%)
frame_001178,-1.0,2.604,11.1672,0.0598,13.8881,894,31.41, -> wardrobe (31.4%)
frame_001179,-1.0,2.3295,7.7136,0.0526,10.146,894,59.32, -> wardrobe (59.3%)
frame_001180,-1.0,2.5924,11.2068,0.0575,13.9125,894,27.92, -> wardrobe (27.9%)
frame_001181,-1.0,2.1094,7.6564,0.0548,9.8721,894,61.74, -> wardrobe (61.7%)
frame_001182,-1.0,1.5691,7.7815,0.0579,9.4636,894,50.48, -> wardrobe (50.5%)
frame_001183,-1.0,2.0711,7.6981,0.0543,9.8758,894,17.44, -> wardrobe (17.4%)
frame_001184,-1.0,2.0339,7.7635,0.0564,9.9054,894,9.78, -> wardrobe (9.8%)
frame_001185,-1.0,3.1465,7.9582,0.136,11.2973,423,7.69, -> barber chair (7.7%)
frame_001186,-1.0,2.9743,8.6066,0.059,11.6969,423,18.53, -> barber chair (18.5%)
frame_001187,-1.0,2.1084,7.7641,0.066,9.9957,423,9.62, -> barber chair (9.6%)
frame_001188,-1.0,2.0277,11.699,0.0588,13.8424,650,21.92, -> microphone (21.9%)
frame_001189,-1.0,4.2606,8.9437,0.0625,13.3234,423,40.59, -> barber chair (40.6%)
frame_001190,-1.0,4.7046,10.2006,0.0587,15.0203,423,34.08, -> barber chair (34.1%)
frame_001191,-1.0,3.341,8.1177,0.061,11.5779,423,50.95, -> barber chair (50.9%)
frame_001192,-1.0,2.5856,7.9076,0.0599,10.6088,423,30.31, -> barber chair (30.3%)
frame_001193,-1.0,4.9143,7.7965,0.0595,12.828,423,50.55, -> barber chair (50.6%)
frame_001194,-1.0,3.1735,7.7661,0.1395,11.1373,423,30.89, -> barber chair (30.9%)
frame_001195,-1.0,1.6072,7.8103,0.0646,9.5398,423,20.91, -> barber chair (20.9%)
frame_001196,-1.0,2.3424,10.5181,0.0629,12.9853,423,20.92, -> barber chair (20.9%)
frame_001197,-1.0,2.734,7.8124,0.0575,10.656,423,25.61, -> barber chair (25.6%)
frame_001198,-1.0,2.2158,11.0206,0.0594,13.3524,526,30.3, -> desk (30.3%)
frame_001199,-1.0,4.0397,7.7329,0.0591,11.8906,526,55.72, -> desk (55.7%)
frame_001200,-1.0,3.3957,7.8209,0.0675,11.3629,526,55.39, -> desk (55.4%)
frame_001201,-1.0,2.149,7.7972,0.0589,10.0594,526,46.37, -> desk (46.4%)
frame_001202,-1.0,2.7856,10.7748,0.0588,13.675,526,43.3, -> desk (43.3%)
frame_001203,-1.0,5.0836,7.7596,0.0646,12.9659,526,52.86, -> desk (52.9%)
frame_001204,-1.0,2.9561,9.7372,0.0605,12.8103,526,47.31, -> desk (47.3%)
frame_001205,-1.0,4.328,7.8826,0.0623,12.3309,526,44.54, -> desk (44.5%)
frame_001206,-1.0,4.4972,7.8955,0.0648,12.5142,526,35.9, -> desk (35.9%)
frame_001207,-1.0,3.3249,7.9057,0.0629,11.3638,423,37.33, -> barber chair (37.3%)
frame_001208,-1.0,2.715,7.8881,0.0556,10.7151,423,42.99, -> barber chair (43.0%)
frame_001209,-1.0,2.9284,7.9733,0.06,11.0192,423,43.95, -> barber chair (44.0%)
frame_001210,-1.0,3.9101,7.6176,0.056,11.6368,423,38.11, -> barber chair (38.1%)
frame_001211,-1.0,2.3297,7.8467,0.0571,10.2856,526,47.48, -> desk (47.5%)
frame_001212,-1.0,4.5727,7.7476,0.0601,12.4374,526,58.51, -> desk (58.5%)
frame_001213,-1.0,2.8328,7.8863,0.0538,10.8246,526,63.0, -> desk (63.0%)
frame_001214,-1.0,2.6664,7.797,0.0566,10.5706,526,61.48, -> desk (61.5%)
frame_001215,-1.0,2.7137,7.7356,0.055,10.5544,526,59.57, -> desk (59.6%)
frame_001216,-1.0,2.4094,7.6278,0.0553,10.1434,526,44.58, -> desk (44.6%)
frame_001217,-1.0,2.3843,7.8274,0.0604,10.3256,526,36.09, -> desk (36.1%)
frame_001218,-1.0,2.23,7.7586,0.0617,10.1055,526,48.19, -> desk (48.2%)
frame_001219,-1.0,2.1882,7.811,0.0596,10.1136,526,32.57, -> desk (32.6%)
frame_001220,-1.0,5.2511,7.9237,0.0682,13.3101,526,36.36, -> desk (36.4%)
frame_001221,-1.0,3.4367,7.9384,0.0603,11.4917,526,47.54, -> desk (47.5%)
frame_001222,-1.0,2.7887,7.6298,0.0581,10.5288,526,45.51, -> desk (45.5%)
frame_001223,-1.0,2.9481,7.7513,0.0606,10.8165,526,32.6, -> desk (32.6%)
frame_001224,-1.0,2.1926,12.3128,0.0635,14.6257,526,59.06, -> desk (59.1%)
frame_001225,-1.0,4.4905,7.7014,0.06,12.308,526,65.88, -> desk (65.9%)
frame_001226,-1.0,4.7374,7.8706,0.0582,12.7223,526,69.38, -> desk (69.4%)
frame_001227,-1.0,4.4182,7.7448,0.0588,12.2758,526,72.69, -> desk (72.7%)
frame_001228,-1.0,3.3537,7.8568,0.0595,11.329,526,66.04, -> desk (66.0%)
frame_001229,-1.0,2.6049,7.8777,0.0576,10.5951,526,64.51, -> desk (64.5%)
frame_001230,-1.0,4.3827,7.8493,0.064,12.3538,526,57.88, -> desk (57.9%)
frame_001231,-1.0,3.198,7.6134,0.0595,10.9457,526,63.6, -> desk (63.6%)
frame_001232,-1.0,4.224,7.6708,0.0605,12.0113,526,50.29, -> desk (50.3%)
frame_001233,-1.0,4.9004,7.974,0.0661,12.9991,526,61.46, -> desk (61.5%)
frame_001234,-1.0,3.2359,12.764,0.0634,16.1226,526,57.5, -> desk (57.5%)
frame_001235,-1.0,2.2042,7.7477,0.0569,10.0605,526,72.15, -> desk (72.1%)
frame_001236,-1.0,5.1826,8.6012,0.0632,13.9058,526,63.73, -> desk (63.7%)
frame_001237,-1.0,2.8926,7.862,0.0589,10.8665,526,57.15, -> desk (57.1%)
frame_001238,-1.0,2.7954,7.4484,0.061,10.3629,526,47.32, -> desk (47.3%)
frame_001239,-1.0,3.154,7.8697,0.0579,11.1333,526,54.56, -> desk (54.6%)
frame_001240,-1.0,3.0538,11.386,0.103,14.6044,526,66.44, -> desk (66.4%)
frame_001241,-1.0,2.1532,7.7051,0.0626,9.9732,526,79.62, -> desk (79.6%)
frame_001242,-1.0,2.6412,7.88,0.0591,10.6386,526,47.53, -> desk (47.5%)
frame_001243,-1.0,2.1065,7.9605,0.0606,10.1855,526,56.19, -> desk (56.2%)
frame_001244,-1.0,2.1697,11.2718,0.0608,13.5586,526,70.88, -> desk (70.9%)
frame_001245,-1.0,2.1927,7.6818,0.066,9.999,526,66.99, -> desk (67.0%)
frame_001246,-1.0,2.1204,7.8387,0.0539,10.0647,526,62.68, -> desk (62.7%)
frame_001247,-1.0,2.0988,7.8137,0.0503,10.0119,526,64.71, -> desk (64.7%)
frame_001248,-1.0,2.0736,7.7336,0.0574,9.9193,526,63.91, -> desk (63.9%)
frame_001249,-1.0,4.4892,7.7797,0.0583,12.3807,526,59.87, -> desk (59.9%)
frame_001250,-1.0,4.5617,7.6518,0.0613,12.3328,526,51.45, -> desk (51.4%)
frame_001251,-1.0,3.4657,7.7774,0.0568,11.4582,526,64.19, -> desk (64.2%)
frame_001252,-1.0,2.6839,7.7504,0.0549,10.541,526,62.61, -> desk (62.6%)
frame_001253,-1.0,2.676,7.9097,0.0551,10.6917,526,51.21, -> desk (51.2%)
frame_001254,-1.0,2.0815,8.0458,0.062,10.2471,526,48.09, -> desk (48.1%)
frame_001255,-1.0,2.187,7.8003,0.0616,10.1037,526,46.32, -> desk (46.3%)
frame_001256,-1.0,2.5736,10.4636,0.0659,13.1604,526,45.76, -> desk (45.8%)
frame_001257,-1.0,2.1423,7.8127,0.0568,10.0623,526,46.41, -> desk (46.4%)
frame_001258,-1.0,2.0472,7.975,0.0516,10.1282,526,57.14, -> desk (57.1%)
frame_001259,-1.0,2.4607,7.9187,0.0596,10.4984,526,56.81, -> desk (56.8%)
frame_001260,-1.0,2.1625,7.8278,0.0637,10.1117,526,62.41, -> desk (62.4%)
frame_001261,-1.0,2.6078,7.7465,0.0536,10.4583,526,60.32, -> desk (60.3%)
frame_001262,-1.0,2.0575,7.8814,0.0553,10.0453,526,62.53, -> desk (62.5%)
frame_001263,-1.0,2.535,7.783,0.0535,10.4216,526,70.6, -> desk (70.6%)
frame_001264,-1.0,2.1062,7.7796,0.0562,9.992,526,64.86, -> desk (64.9%)
frame_001265,-1.0,2.0687,7.986,0.0561,10.1648,526,61.07, -> desk (61.1%)
frame_001266,-1.0,4.1468,7.9599,0.0696,12.2468,526,60.82, -> desk (60.8%)
frame_001267,-1.0,2.7186,7.8538,0.0715,10.7075,526,57.95, -> desk (57.9%)
frame_001268,-1.0,3.4368,7.8524,0.0614,11.4023,526,63.79, -> desk (63.8%)
frame_001269,-1.0,3.4858,7.8315,0.0552,11.424,526,73.03, -> desk (73.0%)
frame_001270,-1.0,2.6868,7.6286,0.056,10.4219,526,68.66, -> desk (68.7%)
frame_001271,-1.0,2.0941,7.8167,0.0527,10.0115,526,74.17, -> desk (74.2%)
frame_001272,-1.0,4.0628,7.8322,0.0616,12.0125,526,71.0, -> desk (71.0%)
frame_001273,-1.0,3.011,7.9324,0.0562,11.0563,526,67.46, -> desk (67.5%)
frame_001274,-1.0,2.077,7.8197,0.054,10.002,526,66.33, -> desk (66.3%)
frame_001275,-1.0,2.1931,7.6538,0.051,9.946,526,72.24, -> desk (72.2%)
frame_001276,-1.0,2.5788,7.8203,0.0506,10.4955,526,71.69, -> desk (71.7%)
frame_001277,-1.0,4.6799,7.9399,0.0619,12.7392,526,70.99, -> desk (71.0%)
frame_001278,-1.0,2.9122,7.7099,0.0527,10.7265,526,69.89, -> desk (69.9%)
frame_001279,-1.0,2.9201,7.7494,0.0523,10.77,526,71.1, -> desk (71.1%)
frame_001280,-1.0,2.0739,7.383,0.0521,9.5582,526,71.02, -> desk (71.0%)
frame_001281,-1.0,2.1717,7.7109,0.0497,9.981,526,56.05, -> desk (56.0%)
frame_001282,-1.0,2.306,7.7447,0.0509,10.1486,526,54.63, -> desk (54.6%)
frame_001283,-1.0,4.6927,7.8589,0.0595,12.6664,526,36.56, -> desk (36.6%)
frame_001284,-1.0,4.3699,7.6171,0.0524,12.0893,526,63.69, -> desk (63.7%)
frame_001285,-1.0,3.0789,7.8184,0.0571,11.0076,526,58.72, -> desk (58.7%)
frame_001286,-1.0,4.625,7.8879,0.0611,12.6286,526,69.68, -> desk (69.7%)
frame_001287,-1.0,4.5621,7.9908,0.0616,12.6723,526,56.5, -> desk (56.5%)
frame_001288,-1.0,3.027,11.2365,0.061,14.3808,526,58.58, -> desk (58.6%)
frame_001289,-1.0,3.1974,7.798,0.0715,11.1222,526,39.82, -> desk (39.8%)
frame_001290,-1.0,4.3301,7.7841,0.0665,12.2408,526,44.4, -> desk (44.4%)
frame_001291,-1.0,4.4533,7.7544,0.0631,12.3289,526,39.43, -> desk (39.4%)
frame_001292,-1.0,3.2726,7.696,0.0645,11.0918,526,43.21, -> desk (43.2%)
frame_001293,-1.0,2.4847,7.843,0.0631,10.447,526,44.46, -> desk (44.5%)
frame_001294,-1.0,4.7711,9.034,0.066,13.9317,526,43.33, -> desk (43.3%)
frame_001295,-1.0,2.9239,7.7634,0.0532,10.7928,526,44.46, -> desk (44.5%)
frame_001296,-1.0,1.9408,7.7628,0.0815,9.8527,526,39.34, -> desk (39.3%)
frame_001297,-1.0,1.8937,7.9259,0.0574,9.9299,526,36.82, -> desk (36.8%)
frame_001298,-1.0,2.4668,7.653,0.0604,10.2326,526,49.12, -> desk (49.1%)
frame_001299,-1.0,2.0531,7.832,0.0548,9.9894,526,47.95, -> desk (48.0%)
frame_001300,-1.0,2.4937,7.8075,0.0562,10.4089,526,33.74, -> desk (33.7%)
frame_001301,-1.0,2.0076,7.5736,0.0512,9.6795,526,36.65, -> desk (36.6%)
frame_001302,-1.0,2.4297,7.6803,0.0562,10.2188,894,38.04, -> wardrobe (38.0%)
frame_001303,-1.0,2.0137,7.8411,0.0583,9.9647,526,41.23, -> desk (41.2%)
frame_001304,-1.0,1.9234,10.9709,0.0573,13.0065,526,63.81, -> desk (63.8%)
frame_001305,-1.0,1.985,7.8851,0.0576,9.9829,526,52.63, -> desk (52.6%)
frame_001306,-1.0,3.7619,7.6883,0.062,11.5756,526,46.14, -> desk (46.1%)
frame_001307,-1.0,3.9542,7.7587,0.0596,11.8328,526,66.72, -> desk (66.7%)
frame_001308,-1.0,4.6743,8.4761,0.069,13.2822,526,50.62, -> desk (50.6%)
frame_001309,-1.0,4.4374,8.0356,0.0647,12.5981,526,45.51, -> desk (45.5%)
frame_001310,-1.0,4.7967,7.8615,0.0633,12.7795,526,49.53, -> desk (49.5%)
frame_001311,-1.0,3.1583,7.6891,0.0537,10.9518,526,41.57, -> desk (41.6%)
frame_001312,-1.0,2.472,7.7094,0.0574,10.2915,526,26.27, -> desk (26.3%)
frame_001313,-1.0,2.0798,9.5624,0.0629,11.762,894,51.16, -> wardrobe (51.2%)
frame_001314,-1.0,4.5539,8.0433,0.0633,12.718,894,32.03, -> wardrobe (32.0%)
frame_001315,-1.0,3.2805,9.1617,0.0601,12.5603,526,51.61, -> desk (51.6%)
frame_001316,-1.0,2.8135,9.1946,0.0626,12.1301,526,34.67, -> desk (34.7%)
frame_001317,-1.0,3.6185,7.7708,0.0562,11.4985,553,21.22, -> file (21.2%)
frame_001318,-1.0,3.6221,7.8668,0.0815,11.6466,553,47.24, -> file (47.2%)
frame_001319,-1.0,2.5018,7.8275,0.0522,10.4321,553,37.16, -> file (37.2%)
frame_001320,-1.0,2.7004,7.5659,0.0531,10.3674,894,12.92, -> wardrobe (12.9%)
frame_001321,-1.0,2.8084,7.7486,0.0537,10.6647,553,30.11, -> file (30.1%)
frame_001322,-1.0,2.4552,7.9418,0.0603,10.5126,894,14.9, -> wardrobe (14.9%)
frame_001323,-1.0,4.0962,7.9527,0.0595,12.1658,560,10.01, -> football helmet (10.0%)
frame_001324,-1.0,2.5776,11.6046,0.0619,14.3019,553,14.59, -> file (14.6%)
frame_001325,-1.0,4.3605,7.9631,0.065,12.4486,553,31.8, -> file (31.8%)
frame_001326,-1.0,4.9782,7.7105,0.0676,12.8238,526,31.8, -> desk (31.8%)
frame_001327,-1.0,2.9026,11.847,0.0605,14.8661,526,24.69, -> desk (24.7%)
frame_001328,-1.0,4.0898,7.7545,0.0559,12.0119,526,27.35, -> desk (27.4%)
frame_001329,-1.0,3.2377,8.125,0.0597,11.4809,526,22.57, -> desk (22.6%)
frame_001330,-1.0,4.264,7.7873,0.1458,12.2569,583,22.09, -> guillotine (22.1%)
frame_001331,-1.0,2.0323,7.9337,0.0578,10.0768,877,29.73, -> turnstile (29.7%)
frame_001332,-1.0,2.6871,7.7813,0.0553,10.5749,877,19.76, -> turnstile (19.8%)
frame_001333,-1.0,2.6997,7.8173,0.0587,10.6618,543,23.73, -> dumbbell (23.7%)
frame_001334,-1.0,4.0942,7.9722,0.0621,12.1851,407,26.29, -> ambulance (26.3%)
frame_001335,-1.0,2.7448,7.8441,0.0554,10.6958,830,26.15, -> stretcher (26.1%)
frame_001336,-1.0,3.9991,7.809,0.0767,11.9397,830,37.83, -> stretcher (37.8%)
frame_001337,-1.0,2.8929,7.8158,0.0517,10.8108,423,43.29, -> barber chair (43.3%)
frame_001338,-1.0,2.2317,7.718,0.0559,10.0605,830,38.3, -> stretcher (38.3%)
frame_001339,-1.0,2.3107,7.7195,0.0527,10.133,830,55.61, -> stretcher (55.6%)
frame_001340,-1.0,5.3353,7.701,0.0629,13.1583,830,32.54, -> stretcher (32.5%)
frame_001341,-1.0,4.8073,7.7923,0.06,12.7159,830,63.57, -> stretcher (63.6%)
frame_001342,-1.0,2.9968,11.0324,0.0615,14.1491,830,44.75, -> stretcher (44.7%)
frame_001343,-1.0,4.5354,7.8253,0.0635,12.4807,830,36.74, -> stretcher (36.7%)
frame_001344,-1.0,2.6983,7.5846,0.0595,10.3973,575,22.29, -> golfcart (22.3%)
frame_001345,-1.0,2.589,8.5176,0.1463,11.3141,877,21.28, -> turnstile (21.3%)
frame_001346,-1.0,3.5805,7.7662,0.0561,11.4557,575,43.63, -> golfcart (43.6%)
frame_001347,-1.0,2.0246,7.8882,0.062,10.0319,830,24.45, -> stretcher (24.4%)
frame_001348,-1.0,2.513,7.9625,0.0556,10.6171,575,35.71, -> golfcart (35.7%)
frame_001349,-1.0,4.4577,7.7636,0.0622,12.3387,575,25.78, -> golfcart (25.8%)
frame_001350,-1.0,2.5948,7.6312,0.0563,10.3347,407,25.48, -> ambulance (25.5%)
frame_001351,-1.0,2.0428,7.7725,0.0642,9.9352,575,17.84, -> golfcart (17.8%)
frame_001352,-1.0,2.5397,8.9263,0.0603,11.5836,877,22.41, -> turnstile (22.4%)
frame_001353,-1.0,2.0835,11.3838,0.0599,13.5845,877,51.41, -> turnstile (51.4%)
frame_001354,-1.0,2.1457,7.7963,0.0742,10.0913,877,35.89, -> turnstile (35.9%)
frame_001355,-1.0,2.5665,11.3629,0.0583,14.0433,602,19.26, -> horizontal bar (19.3%)
frame_001356,-1.0,4.5075,7.7355,0.0618,12.3638,877,12.47, -> turnstile (12.5%)
frame_001357,-1.0,1.9957,10.9182,0.0625,13.0341,877,13.45, -> turnstile (13.5%)
frame_001358,-1.0,2.027,7.8642,0.0537,9.9954,877,19.31, -> turnstile (19.3%)
frame_001359,-1.0,3.0113,7.8493,0.0535,10.9657,877,27.03, -> turnstile (27.0%)
frame_001360,-1.0,2.0291,7.7681,0.0665,9.9216,877,22.57, -> turnstile (22.6%)
frame_001361,-1.0,3.1348,7.7921,0.053,11.0307,733,24.79, -> pole (24.8%)
frame_001362,-1.0,2.5579,7.8445,0.0627,10.521,877,50.14, -> turnstile (50.1%)
frame_001363,-1.0,3.0374,7.7421,0.0541,10.8841,877,33.93, -> turnstile (33.9%)
frame_001364,-1.0,2.1003,11.5821,0.0638,13.805,877,40.98, -> turnstile (41.0%)
frame_001365,-1.0,2.9403,7.9024,0.0607,10.9615,829,53.68, -> streetcar (53.7%)
frame_001366,-1.0,4.2559,7.8302,0.0841,12.2331,829,75.15, -> streetcar (75.2%)
frame_001367,-1.0,3.2939,7.7618,0.0745,11.2059,829,24.34, -> streetcar (24.3%)
frame_001368,-1.0,1.899,7.9921,0.0707,10.0235,877,11.76, -> turnstile (11.8%)
frame_001369,-1.0,2.1531,7.8489,0.0591,10.1144,877,23.98, -> turnstile (24.0%)
frame_001370,-1.0,4.6713,7.9601,0.0666,12.7577,733,20.58, -> pole (20.6%)
frame_001371,-1.0,5.2371,7.9629,0.0641,13.3241,829,23.29, -> streetcar (23.3%)
frame_001372,-1.0,3.2266,7.9232,0.062,11.2693,877,39.02, -> turnstile (39.0%)
frame_001373,-1.0,2.7802,7.9108,0.0629,10.8102,877,50.43, -> turnstile (50.4%)
frame_001374,-1.0,4.698,7.7756,0.0833,12.6177,788,25.38, -> shoe shop (25.4%)
frame_001375,-1.0,5.3746,7.9166,0.0614,13.4112,788,21.15, -> shoe shop (21.1%)
frame_001376,-1.0,2.7288,7.767,0.0565,10.6037,788,56.37, -> shoe shop (56.4%)
frame_001377,-1.0,2.7119,7.7977,0.0594,10.625,788,62.19, -> shoe shop (62.2%)
frame_001378,-1.0,2.1712,7.9329,0.0547,10.2102,788,74.89, -> shoe shop (74.9%)
frame_001379,-1.0,2.0817,7.7493,0.053,9.9375,733,12.52, -> pole (12.5%)
frame_001380,-1.0,5.6114,7.9371,0.0587,13.6636,788,58.11, -> shoe shop (58.1%)
frame_001381,-1.0,4.5988,7.9594,0.0694,12.6877,880,14.05, -> unicycle (14.1%)
frame_001382,-1.0,4.8879,8.3609,0.0691,13.3803,788,62.03, -> shoe shop (62.0%)
frame_001383,-1.0,3.0464,7.6796,0.0598,10.8398,788,13.9, -> shoe shop (13.9%)
frame_001384,-1.0,2.5982,9.1159,0.0642,11.8382,880,10.49, -> unicycle (10.5%)
frame_001385,-1.0,2.4606,7.7307,0.0558,10.2997,788,71.58, -> shoe shop (71.6%)
frame_001386,-1.0,2.0466,7.882,0.063,10.0464,788,20.24, -> shoe shop (20.2%)
frame_001387,-1.0,3.775,7.8513,0.0625,11.7469,788,28.69, -> shoe shop (28.7%)
frame_001388,-1.0,3.7114,7.7385,0.0635,11.5714,788,39.27, -> shoe shop (39.3%)
frame_001389,-1.0,4.6373,7.7169,0.0625,12.4743,788,56.94, -> shoe shop (56.9%)
frame_001390,-1.0,5.3761,8.0638,0.0622,13.5606,788,19.93, -> shoe shop (19.9%)
frame_001391,-1.0,5.0177,7.8419,0.0813,13.0003,788,32.11, -> shoe shop (32.1%)
frame_001392,-1.0,3.086,10.2826,0.0612,13.4875,788,23.23, -> shoe shop (23.2%)
frame_001393,-1.0,2.5838,7.8391,0.0575,10.5312,788,32.28, -> shoe shop (32.3%)
frame_001394,-1.0,2.656,7.8785,0.0637,10.6564,834,25.94, -> suit (25.9%)
frame_001395,-1.0,3.1005,7.8693,0.0651,11.0938,834,20.46, -> suit (20.5%)
frame_001396,-1.0,2.0307,7.8311,0.0602,9.9727,630,20.61, -> Loafer (20.6%)
frame_001397,-1.0,4.3252,9.6582,0.0659,14.1092,834,20.0, -> suit (20.0%)
frame_001398,-1.0,4.4986,7.9104,0.0627,12.5292,834,22.46, -> suit (22.5%)
frame_001399,-1.0,4.8025,7.9555,0.0593,12.8705,630,24.51, -> Loafer (24.5%)
frame_001400,-1.0,3.0766,7.8335,0.0566,11.0174,834,41.12, -> suit (41.1%)
frame_001401,-1.0,2.5584,10.224,0.0622,12.9012,834,15.46, -> suit (15.5%)
frame_001402,-1.0,3.0305,7.8333,0.0573,10.9725,423,40.81, -> barber chair (40.8%)
frame_001403,-1.0,4.4441,7.7688,0.1137,12.3854,423,22.29, -> barber chair (22.3%)
frame_001404,-1.0,2.773,7.779,0.058,10.6624,834,33.53, -> suit (33.5%)
frame_001405,-1.0,2.0122,7.6613,0.06,9.7863,834,34.08, -> suit (34.1%)
frame_001406,-1.0,2.6401,7.7225,0.0557,10.4697,834,19.42, -> suit (19.4%)
frame_001407,-1.0,2.098,7.8737,0.0583,10.0828,834,29.75, -> suit (29.8%)
frame_001408,-1.0,1.987,7.7082,0.0606,9.8091,834,26.04, -> suit (26.0%)
frame_001409,-1.0,4.1975,7.8247,0.0608,12.1384,834,20.41, -> suit (20.4%)
frame_001410,-1.0,3.0418,7.8008,0.0567,10.9477,423,21.33, -> barber chair (21.3%)
frame_001411,-1.0,2.5129,7.89,0.0561,10.5086,834,22.89, -> suit (22.9%)
frame_001412,-1.0,2.5682,7.6862,0.0613,10.3691,834,23.24, -> suit (23.2%)
frame_001413,-1.0,2.048,7.7444,0.0537,9.8956,834,21.55, -> suit (21.5%)
frame_001414,-1.0,2.0209,7.9913,0.0554,10.1188,834,22.89, -> suit (22.9%)
frame_001415,-1.0,4.8422,7.7766,0.0577,12.7614,834,26.81, -> suit (26.8%)
frame_001416,-1.0,4.2743,7.7052,0.0614,12.0976,834,24.64, -> suit (24.6%)
frame_001417,-1.0,4.7781,7.6543,0.0588,12.5468,834,34.13, -> suit (34.1%)
frame_001418,-1.0,4.5495,9.2207,0.0587,13.885,834,31.19, -> suit (31.2%)
frame_001419,-1.0,4.6231,7.8927,0.067,12.6407,834,31.22, -> suit (31.2%)
frame_001420,-1.0,4.707,8.0857,0.0665,12.9206,834,32.77, -> suit (32.8%)
frame_001421,-1.0,4.5474,7.9025,0.062,12.5696,834,33.17, -> suit (33.2%)
frame_001422,-1.0,3.034,7.8729,0.0599,11.0223,834,27.46, -> suit (27.5%)
frame_001423,-1.0,2.5808,7.7211,0.0566,10.4126,834,26.59, -> suit (26.6%)
frame_001424,-1.0,2.5707,9.4215,0.0607,12.1099,834,26.55, -> suit (26.5%)
frame_001425,-1.0,2.1219,7.7956,0.0546,10.0247,834,28.16, -> suit (28.2%)
frame_001426,-1.0,2.0084,7.8702,0.0634,9.9982,834,34.71, -> suit (34.7%)
frame_001427,-1.0,2.0309,7.6486,0.0529,9.7865,834,40.9, -> suit (40.9%)
frame_001428,-1.0,2.5443,7.6116,0.0557,10.2633,834,46.87, -> suit (46.9%)
frame_001429,-1.0,1.9938,7.8245,0.0532,9.9216,834,36.69, -> suit (36.7%)
frame_001430,-1.0,2.0011,7.7253,0.0633,9.8485,834,37.4, -> suit (37.4%)
frame_001431,-1.0,2.8638,7.8382,0.0544,10.8058,834,19.47, -> suit (19.5%)
frame_001432,-1.0,1.949,7.7297,0.0531,9.8717,652,9.08, -> military uniform (9.1%)
frame_001433,-1.0,1.9901,7.7172,0.0588,9.8215,652,15.66, -> military uniform (15.7%)
frame_001434,-1.0,2.113,7.7091,0.0564,9.9305,652,22.41, -> military uniform (22.4%)
frame_001435,-1.0,2.0472,7.9144,0.0542,10.0707,652,20.44, -> military uniform (20.4%)
frame_001436,-1.0,2.0748,7.8236,0.0635,10.0183,630,18.14, -> Loafer (18.1%)
frame_001437,-1.0,2.4568,7.8805,0.0578,10.4473,630,23.14, -> Loafer (23.1%)
frame_001438,-1.0,2.0337,7.7266,0.0595,9.8748,630,36.76, -> Loafer (36.8%)
frame_001439,-1.0,2.0397,7.8966,0.0586,10.0449,630,31.28, -> Loafer (31.3%)
frame_001440,-1.0,6.3792,7.8261,0.0616,14.323,630,28.83, -> Loafer (28.8%)
frame_001441,-1.0,4.7188,7.8868,0.0648,12.732,630,23.9, -> Loafer (23.9%)
frame_001442,-1.0,4.11,8.8942,0.0621,13.1245,630,28.5, -> Loafer (28.5%)
frame_001443,-1.0,4.7967,7.9755,0.0666,12.8971,630,24.84, -> Loafer (24.8%)
frame_001444,-1.0,3.4192,8.1074,0.0651,11.6503,630,23.59, -> Loafer (23.6%)
frame_001445,-1.0,4.6274,7.9852,0.0665,12.7361,834,24.81, -> suit (24.8%)
frame_001446,-1.0,4.731,7.8028,0.064,12.6572,834,24.6, -> suit (24.6%)
frame_001447,-1.0,4.2233,7.9409,0.064,12.2862,834,24.95, -> suit (25.0%)
frame_001448,-1.0,2.5862,7.9197,0.0591,10.6182,834,26.69, -> suit (26.7%)
frame_001449,-1.0,2.132,7.9046,0.0613,10.1527,630,25.99, -> Loafer (26.0%)
frame_001450,-1.0,2.563,8.0107,0.0573,10.6859,630,26.99, -> Loafer (27.0%)
frame_001451,-1.0,2.0358,7.7373,0.0584,9.8842,630,25.71, -> Loafer (25.7%)
frame_001452,-1.0,3.2362,9.1373,0.0605,12.4915,834,24.23, -> suit (24.2%)
frame_001453,-1.0,2.1074,7.7972,0.0657,10.0306,834,25.37, -> suit (25.4%)
frame_001454,-1.0,4.2815,7.771,0.0607,12.172,834,20.8, -> suit (20.8%)
frame_001455,-1.0,4.7094,7.8866,0.0646,12.7189,630,25.34, -> Loafer (25.3%)
frame_001456,-1.0,4.6286,7.8104,0.0923,12.6157,630,35.14, -> Loafer (35.1%)
frame_001457,-1.0,4.2024,8.3687,0.0648,12.6935,630,34.98, -> Loafer (35.0%)
frame_001458,-1.0,3.1733,7.7048,0.0588,10.9895,630,14.94, -> Loafer (14.9%)
frame_001459,-1.0,2.5586,8.0057,0.0552,10.6726,834,12.02, -> suit (12.0%)
frame_001460,-1.0,3.6033,7.7746,0.0547,11.4834,630,18.23, -> Loafer (18.2%)
frame_001461,-1.0,2.9678,10.5862,0.0605,13.6724,630,13.35, -> Loafer (13.4%)
frame_001462,-1.0,2.5956,7.6314,0.0583,10.3389,630,12.18, -> Loafer (12.2%)
frame_001463,-1.0,4.3233,8.2849,0.0662,12.7274,834,14.16, -> suit (14.2%)
frame_001464,-1.0,4.6043,7.7917,0.0667,12.5265,834,17.17, -> suit (17.2%)
frame_001465,-1.0,5.2377,8.0102,0.0657,13.3704,630,11.85, -> Loafer (11.8%)
frame_001466,-1.0,4.7567,8.2107,0.0652,13.0933,834,23.47, -> suit (23.5%)
frame_001467,-1.0,3.0532,8.3116,0.056,11.5503,834,24.12, -> suit (24.1%)
frame_001468,-1.0,2.6645,8.1942,0.0749,10.9976,834,22.22, -> suit (22.2%)
frame_001469,-1.0,3.5012,8.0389,0.0695,11.6702,834,31.18, -> suit (31.2%)
frame_001470,-1.0,5.1267,8.074,0.0649,13.3255,834,29.07, -> suit (29.1%)
frame_001471,-1.0,4.8477,7.8965,0.0632,12.8657,423,22.54, -> barber chair (22.5%)
frame_001472,-1.0,4.7975,7.9169,0.0602,12.8333,630,26.66, -> Loafer (26.7%)
frame_001473,-1.0,4.4263,8.0283,0.0643,12.577,630,42.28, -> Loafer (42.3%)
frame_001474,-1.0,5.2996,7.7523,0.0616,13.1701,834,14.04, -> suit (14.0%)
frame_001475,-1.0,3.1955,7.9248,0.0655,11.2737,401,19.65, -> accordion (19.7%)
frame_001476,-1.0,2.8942,7.8595,0.0593,10.8675,834,33.75, -> suit (33.8%)
frame_001477,-1.0,4.3752,8.8808,0.0595,13.3713,834,33.07, -> suit (33.1%)
frame_001478,-1.0,3.6468,8.0173,0.0595,11.7795,834,15.09, -> suit (15.1%)
frame_001479,-1.0,2.7898,7.8998,0.0555,10.7955,834,20.97, -> suit (21.0%)
frame_001480,-1.0,2.0542,7.7651,0.0542,9.9261,834,17.57, -> suit (17.6%)
frame_001481,-1.0,4.3252,7.803,0.0617,12.2459,834,18.31, -> suit (18.3%)
frame_001482,-1.0,5.2531,8.1332,0.0597,13.5041,834,20.57, -> suit (20.6%)
frame_001483,-1.0,4.8083,10.7666,0.06,15.6935,834,32.55, -> suit (32.5%)
frame_001484,-1.0,3.3752,8.0685,0.0548,11.5479,834,57.15, -> suit (57.1%)
frame_001485,-1.0,2.6525,7.7103,0.0544,10.4674,851,22.9, -> television (22.9%)
frame_001486,-1.0,2.7487,7.774,0.0548,10.6328,851,30.98, -> television (31.0%)
frame_001487,-1.0,3.6872,11.2804,0.0598,15.0819,851,27.38, -> television (27.4%)
frame_001488,-1.0,2.0463,8.0464,0.1079,10.2557,851,31.69, -> television (31.7%)
frame_001489,-1.0,2.8262,7.9784,0.0715,10.9359,851,23.18, -> television (23.2%)
frame_001490,-1.0,5.37,7.7852,0.065,13.277,851,19.6, -> television (19.6%)
frame_001491,-1.0,4.8287,7.9371,0.0612,12.8837,652,16.43, -> military uniform (16.4%)
frame_001492,-1.0,4.9831,7.771,0.0605,12.8744,652,17.78, -> military uniform (17.8%)
frame_001493,-1.0,4.2437,7.8573,0.0638,12.2245,652,17.79, -> military uniform (17.8%)
frame_001494,-1.0,4.2972,9.2346,0.0596,13.649,834,15.34, -> suit (15.3%)
frame_001495,-1.0,3.7565,7.92,0.0592,11.7924,834,17.82, -> suit (17.8%)
frame_001496,-1.0,4.4312,10.0432,0.0649,14.5968,834,18.21, -> suit (18.2%)
frame_001497,-1.0,3.2726,7.7672,0.0801,11.2081,652,21.94, -> military uniform (21.9%)
frame_001498,-1.0,3.0229,7.9932,0.0605,11.134,851,13.83, -> television (13.8%)
frame_001499,-1.0,1.9789,7.85,0.0633,9.9503,834,17.29, -> suit (17.3%)
frame_001500,-1.0,5.5827,7.8799,0.0615,13.5814,834,18.03, -> suit (18.0%)
frame_001501,-1.0,4.4098,7.7941,0.0616,12.3224,465,9.43, -> bulletproof vest (9.4%)
frame_001502,-1.0,4.625,7.7568,0.0597,12.4989,851,23.1, -> television (23.1%)
frame_001503,-1.0,4.2554,7.9806,0.0601,12.3524,851,29.02, -> television (29.0%)
frame_001504,-1.0,2.9737,7.7785,0.0619,10.8748,834,22.78, -> suit (22.8%)
frame_001505,-1.0,4.4603,8.1057,0.0829,12.7153,851,20.41, -> television (20.4%)
frame_001506,-1.0,4.3852,7.8767,0.0637,12.3828,851,18.12, -> television (18.1%)
frame_001507,-1.0,3.0834,7.6653,0.0532,10.8516,834,17.59, -> suit (17.6%)
frame_001508,-1.0,2.5715,7.7005,0.0631,10.39,630,23.59, -> Loafer (23.6%)
frame_001509,-1.0,4.568,7.9717,0.0633,12.658,630,31.99, -> Loafer (32.0%)
frame_001510,-1.0,5.1141,7.9517,0.0614,13.1857,851,31.22, -> television (31.2%)
frame_001511,-1.0,2.9752,7.6688,0.0546,10.7519,465,17.32, -> bulletproof vest (17.3%)
frame_001512,-1.0,2.4368,7.7808,0.0607,10.3329,834,36.05, -> suit (36.1%)
frame_001513,-1.0,3.0331,7.7778,0.0615,10.9267,652,27.95, -> military uniform (28.0%)
frame_001514,-1.0,4.483,8.0346,0.0625,12.6384,851,53.97, -> television (54.0%)
frame_001515,-1.0,3.1378,11.4343,0.0613,14.6905,851,32.21, -> television (32.2%)
frame_001516,-1.0,4.3912,7.9566,0.0671,12.4755,465,42.24, -> bulletproof vest (42.2%)
frame_001517,-1.0,3.1854,7.7731,0.0625,11.0782,465,40.14, -> bulletproof vest (40.1%)
frame_001518,-1.0,2.6669,7.993,0.0582,10.7702,465,72.43, -> bulletproof vest (72.4%)
frame_001519,-1.0,2.5204,7.9018,0.146,10.6263,465,51.02, -> bulletproof vest (51.0%)
frame_001520,-1.0,2.0251,7.8931,0.0554,10.026,465,45.03, -> bulletproof vest (45.0%)
frame_001521,-1.0,4.6199,7.8583,0.0633,12.6015,465,61.19, -> bulletproof vest (61.2%)
frame_001522,-1.0,3.6194,7.8069,0.0723,11.6289,465,63.42, -> bulletproof vest (63.4%)
frame_001523,-1.0,4.4633,7.9309,0.0596,12.5121,465,42.61, -> bulletproof vest (42.6%)
frame_001524,-1.0,2.9567,10.8581,0.0594,13.9334,465,58.58, -> bulletproof vest (58.6%)
frame_001525,-1.0,2.0384,7.7651,0.0543,9.9092,465,17.66, -> bulletproof vest (17.7%)
frame_001526,-1.0,1.972,10.7225,0.0593,12.8118,465,22.43, -> bulletproof vest (22.4%)
frame_001527,-1.0,2.5246,7.8394,0.0554,10.4702,465,10.98, -> bulletproof vest (11.0%)
frame_001528,-1.0,2.6459,9.4828,0.0626,12.252,465,41.39, -> bulletproof vest (41.4%)
frame_001529,-1.0,2.6822,7.855,0.0565,10.6463,465,24.83, -> bulletproof vest (24.8%)
frame_001530,-1.0,2.6487,7.7985,0.0564,10.5563,465,70.29, -> bulletproof vest (70.3%)
frame_001531,-1.0,4.8533,8.014,0.0694,12.9954,465,68.04, -> bulletproof vest (68.0%)
frame_001532,-1.0,3.1006,7.6708,0.0585,10.8849,465,51.38, -> bulletproof vest (51.4%)
frame_001533,-1.0,2.5507,7.9329,0.0564,10.594,465,49.2, -> bulletproof vest (49.2%)
frame_001534,-1.0,3.8914,7.8455,0.0833,11.8771,465,42.3, -> bulletproof vest (42.3%)
frame_001535,-1.0,2.6662,7.8132,0.0549,10.5918,465,32.17, -> bulletproof vest (32.2%)
frame_001536,-1.0,2.5928,7.8184,0.0932,10.5857,652,14.89, -> military uniform (14.9%)
frame_001537,-1.0,2.1707,7.8698,0.0617,10.1581,465,23.62, -> bulletproof vest (23.6%)
frame_001538,-1.0,2.7949,11.0248,0.0579,13.9346,465,11.78, -> bulletproof vest (11.8%)
frame_001539,-1.0,2.0145,7.9044,0.0634,10.0367,465,20.86, -> bulletproof vest (20.9%)
frame_001540,-1.0,4.2653,7.8767,0.0581,12.2577,652,16.26, -> military uniform (16.3%)
frame_001541,-1.0,2.5548,7.8373,0.0552,10.4999,465,13.96, -> bulletproof vest (14.0%)
frame_001542,-1.0,2.0157,7.7151,0.0549,9.8361,465,23.21, -> bulletproof vest (23.2%)
frame_001543,-1.0,2.7643,7.796,0.0541,10.6647,465,65.43, -> bulletproof vest (65.4%)
frame_001544,-1.0,2.5179,8.0417,0.0544,10.6685,465,49.95, -> bulletproof vest (49.9%)
frame_001545,-1.0,1.9478,7.8097,0.0528,9.8582,465,56.11, -> bulletproof vest (56.1%)
frame_001546,-1.0,4.561,8.0035,0.0608,12.683,465,58.77, -> bulletproof vest (58.8%)
frame_001547,-1.0,4.6772,7.9459,0.0628,12.7434,465,62.9, -> bulletproof vest (62.9%)
frame_001548,-1.0,5.0338,8.8998,0.0593,14.0509,465,52.13, -> bulletproof vest (52.1%)
frame_001549,-1.0,3.742,7.8268,0.091,11.72,465,21.73, -> bulletproof vest (21.7%)
frame_001550,-1.0,3.0232,7.7854,0.0568,10.9183,465,51.23, -> bulletproof vest (51.2%)
frame_001551,-1.0,2.0392,7.9941,0.0556,10.1417,465,51.77, -> bulletproof vest (51.8%)
frame_001552,-1.0,1.978,9.1814,0.058,11.2736,465,42.32, -> bulletproof vest (42.3%)
frame_001553,-1.0,2.0357,7.7312,0.0636,9.8866,465,55.27, -> bulletproof vest (55.3%)
frame_001554,-1.0,2.1446,8.1109,0.0658,10.3787,465,38.75, -> bulletproof vest (38.8%)
frame_001555,-1.0,2.0893,7.9845,0.0982,10.2292,465,57.59, -> bulletproof vest (57.6%)
frame_001556,-1.0,2.7997,7.6887,0.057,10.5981,465,49.29, -> bulletproof vest (49.3%)
frame_001557,-1.0,2.6502,7.9025,0.0585,10.668,465,21.45, -> bulletproof vest (21.5%)
frame_001558,-1.0,2.0423,10.797,0.0661,12.9642,465,49.92, -> bulletproof vest (49.9%)
frame_001559,-1.0,1.8446,7.8612,0.0684,9.834,465,47.35, -> bulletproof vest (47.3%)
frame_001560,-1.0,2.0171,8.0755,0.0566,10.2012,465,42.27, -> bulletproof vest (42.3%)
frame_001561,-1.0,2.6175,7.7975,0.0548,10.5204,465,19.75, -> bulletproof vest (19.7%)
frame_001562,-1.0,1.9839,9.4425,0.062,11.5446,465,67.18, -> bulletproof vest (67.2%)
frame_001563,-1.0,2.0506,7.9072,0.0651,10.0804,465,60.68, -> bulletproof vest (60.7%)
frame_001564,-1.0,2.6515,7.7108,0.0597,10.4777,465,39.87, -> bulletproof vest (39.9%)
frame_001565,-1.0,2.0652,7.7038,0.0555,9.8767,465,44.83, -> bulletproof vest (44.8%)
frame_001566,-1.0,2.6038,7.8101,0.0523,10.5174,465,38.36, -> bulletproof vest (38.4%)
frame_001567,-1.0,2.4707,7.731,0.0491,10.3006,423,27.68, -> barber chair (27.7%)
frame_001568,-1.0,5.3434,7.7965,0.0576,13.2543,423,23.99, -> barber chair (24.0%)
frame_001569,-1.0,3.0371,7.8451,0.0941,11.0438,465,54.1, -> bulletproof vest (54.1%)
frame_001570,-1.0,2.1601,7.857,0.0546,10.121,465,43.41, -> bulletproof vest (43.4%)
frame_001571,-1.0,4.193,7.9597,0.0596,12.2698,480,30.54, -> cash machine (30.5%)
frame_001572,-1.0,3.0588,7.8303,0.0548,10.9917,480,43.48, -> cash machine (43.5%)
frame_001573,-1.0,3.9946,7.9539,0.0576,12.0767,480,31.78, -> cash machine (31.8%)
frame_001574,-1.0,4.3691,8.0118,0.0595,12.4976,465,17.47, -> bulletproof vest (17.5%)
frame_001575,-1.0,4.4059,7.9398,0.0582,12.4591,465,46.44, -> bulletproof vest (46.4%)
frame_001576,-1.0,2.9575,7.9176,0.0581,10.99,465,24.98, -> bulletproof vest (25.0%)
frame_001577,-1.0,2.984,7.8515,0.0561,10.9436,480,61.71, -> cash machine (61.7%)
frame_001578,-1.0,4.9643,10.5964,0.0616,15.6805,480,62.07, -> cash machine (62.1%)
frame_001579,-1.0,3.216,7.9237,0.0599,11.2583,480,44.92, -> cash machine (44.9%)
frame_001580,-1.0,2.0418,7.8258,0.0629,9.989,480,47.66, -> cash machine (47.7%)
frame_001581,-1.0,2.6219,10.6466,0.0578,13.3839,480,63.32, -> cash machine (63.3%)
frame_001582,-1.0,2.1675,12.2054,0.0572,14.4876,480,50.16, -> cash machine (50.2%)
frame_001583,-1.0,4.1514,9.1021,0.0723,13.3852,480,75.92, -> cash machine (75.9%)
frame_001584,-1.0,4.4861,7.843,0.0597,12.447,480,70.23, -> cash machine (70.2%)
frame_001585,-1.0,3.0588,7.846,0.0621,11.0255,480,81.54, -> cash machine (81.5%)
frame_001586,-1.0,2.391,7.8677,0.0536,10.3626,480,84.7, -> cash machine (84.7%)
frame_001587,-1.0,3.1206,7.8554,0.0547,11.1742,480,83.79, -> cash machine (83.8%)
frame_001588,-1.0,2.5601,12.3495,0.0591,15.0254,480,79.56, -> cash machine (79.6%)
frame_001589,-1.0,2.0304,7.7808,0.0678,9.9421,480,82.92, -> cash machine (82.9%)
frame_001590,-1.0,2.5781,7.665,0.0579,10.3568,480,76.26, -> cash machine (76.3%)
frame_001591,-1.0,2.1947,7.944,0.0576,10.2479,480,79.79, -> cash machine (79.8%)
frame_001592,-1.0,2.2012,9.5979,0.0637,11.9233,480,30.36, -> cash machine (30.4%)
frame_001593,-1.0,2.1953,7.9913,0.0598,10.2974,480,33.1, -> cash machine (33.1%)
frame_001594,-1.0,2.6914,10.936,0.0621,13.7493,480,74.29, -> cash machine (74.3%)
frame_001595,-1.0,1.984,7.8438,0.0622,9.9475,480,69.84, -> cash machine (69.8%)
frame_001596,-1.0,2.6343,7.9548,0.0521,10.6931,480,64.26, -> cash machine (64.3%)
frame_001597,-1.0,4.9496,7.9283,0.0617,12.9973,480,86.63, -> cash machine (86.6%)
frame_001598,-1.0,3.4048,7.7588,0.0596,11.2778,480,78.07, -> cash machine (78.1%)
frame_001599,-1.0,2.5536,7.9159,0.0582,10.5862,480,25.28, -> cash machine (25.3%)
frame_001600,-1.0,2.6766,10.3851,0.0592,13.1758,480,75.17, -> cash machine (75.2%)
frame_001601,-1.0,5.5391,7.8304,0.0594,13.4851,480,59.41, -> cash machine (59.4%)
frame_001602,-1.0,3.527,7.7029,0.0554,11.3372,480,64.33, -> cash machine (64.3%)
frame_001603,-1.0,2.4355,7.8316,0.0563,10.3755,480,75.8, -> cash machine (75.8%)
frame_001604,-1.0,4.4521,7.7542,0.0604,12.3219,480,31.96, -> cash machine (32.0%)
frame_001605,-1.0,3.2452,8.9369,0.0604,12.2985,480,46.53, -> cash machine (46.5%)
frame_001606,-1.0,2.7253,7.7063,0.0667,10.5576,480,58.11, -> cash machine (58.1%)
frame_001607,-1.0,2.0143,11.7956,0.0619,13.9289,480,52.02, -> cash machine (52.0%)
frame_001608,-1.0,2.0102,12.3441,0.063,14.4741,480,46.67, -> cash machine (46.7%)
frame_001609,-1.0,2.3454,7.8649,0.0561,10.32,480,32.53, -> cash machine (32.5%)
frame_001610,-1.0,2.7073,7.5457,0.0552,10.3589,526,30.94, -> desk (30.9%)
frame_001611,-1.0,2.6169,7.7536,0.0551,10.4759,526,30.04, -> desk (30.0%)
frame_001612,-1.0,4.1399,11.4688,0.0593,15.7249,526,34.37, -> desk (34.4%)
frame_001613,-1.0,2.4325,7.6959,0.0556,10.2337,526,31.08, -> desk (31.1%)
frame_001614,-1.0,4.2734,7.736,0.0633,12.1302,480,29.33, -> cash machine (29.3%)
frame_001615,-1.0,4.823,7.7943,0.0626,12.7365,480,38.05, -> cash machine (38.1%)
frame_001616,-1.0,3.6674,7.7926,0.0649,11.5828,480,46.76, -> cash machine (46.8%)
frame_001617,-1.0,4.241,7.8207,0.0593,12.1781,480,45.76, -> cash machine (45.8%)
frame_001618,-1.0,4.4232,10.2285,0.0622,14.7722,480,30.6, -> cash machine (30.6%)
frame_001619,-1.0,5.0088,7.7764,0.0597,12.9046,480,36.07, -> cash machine (36.1%)
frame_001620,-1.0,4.4538,8.1303,0.0606,12.7015,526,29.7, -> desk (29.7%)
frame_001621,-1.0,4.5982,7.9777,0.0622,12.696,480,30.48, -> cash machine (30.5%)
frame_001622,-1.0,4.4901,7.971,0.061,12.5804,480,34.44, -> cash machine (34.4%)
frame_001623,-1.0,4.7584,7.8307,0.0587,12.7067,480,34.48, -> cash machine (34.5%)
frame_001624,-1.0,4.4789,8.1315,0.0613,12.7278,526,31.26, -> desk (31.3%)
frame_001625,-1.0,4.7195,7.7972,0.0613,12.6449,480,43.11, -> cash machine (43.1%)
frame_001626,-1.0,3.1766,7.8639,0.058,11.1778,480,59.24, -> cash machine (59.2%)
frame_001627,-1.0,4.2941,7.9742,0.0619,12.3857,480,50.8, -> cash machine (50.8%)
frame_001628,-1.0,2.9965,7.9704,0.0617,11.0858,480,54.42, -> cash machine (54.4%)
frame_001629,-1.0,2.156,7.7303,0.0636,10.0077,480,66.51, -> cash machine (66.5%)
frame_001630,-1.0,2.5425,7.7905,0.0546,10.4388,480,50.97, -> cash machine (51.0%)
frame_001631,-1.0,2.0695,7.8061,0.0538,9.9771,480,47.26, -> cash machine (47.3%)
frame_001632,-1.0,3.8303,7.9769,0.0585,11.9225,480,25.16, -> cash machine (25.2%)
frame_001633,-1.0,4.7514,7.9481,0.0558,12.811,480,55.67, -> cash machine (55.7%)
frame_001634,-1.0,5.05,8.257,0.0589,13.4221,480,50.9, -> cash machine (50.9%)
frame_001635,-1.0,4.605,7.5636,0.0585,12.284,480,87.52, -> cash machine (87.5%)
frame_001636,-1.0,4.5025,7.9404,0.0616,12.5618,526,50.08, -> desk (50.1%)
frame_001637,-1.0,4.6652,7.8009,0.0595,12.5819,526,50.72, -> desk (50.7%)
frame_001638,-1.0,4.9542,7.836,0.0586,12.9041,526,52.84, -> desk (52.8%)
frame_001639,-1.0,4.5035,7.6617,0.0579,12.2784,526,45.84, -> desk (45.8%)
frame_001640,-1.0,4.5894,7.7849,0.0586,12.4891,480,35.12, -> cash machine (35.1%)
frame_001641,-1.0,4.2702,9.5202,0.0578,13.907,526,32.58, -> desk (32.6%)
frame_001642,-1.0,5.0899,7.9312,0.0602,13.1369,480,53.14, -> cash machine (53.1%)
frame_001643,-1.0,4.4553,7.9548,0.061,12.5285,526,60.48, -> desk (60.5%)
frame_001644,-1.0,5.3322,7.8184,0.0585,13.2668,526,62.15, -> desk (62.1%)
frame_001645,-1.0,3.6754,7.8496,0.0601,11.6412,526,50.39, -> desk (50.4%)
frame_001646,-1.0,4.2363,7.9644,0.064,12.3224,526,57.87, -> desk (57.9%)
frame_001647,-1.0,2.933,7.8394,0.0539,10.8804,526,47.77, -> desk (47.8%)
frame_001648,-1.0,2.5085,7.8193,0.0555,10.4371,526,58.37, -> desk (58.4%)
frame_001649,-1.0,2.6838,9.9223,0.063,12.7253,526,55.62, -> desk (55.6%)
frame_001650,-1.0,5.0458,7.7332,0.0603,12.8976,526,56.26, -> desk (56.3%)
frame_001651,-1.0,4.6148,7.9224,0.0591,12.6543,526,53.49, -> desk (53.5%)
frame_001652,-1.0,4.7645,7.7412,0.0661,12.6274,526,57.72, -> desk (57.7%)
frame_001653,-1.0,3.1226,7.8324,0.059,11.0703,526,66.35, -> desk (66.4%)
frame_001654,-1.0,2.4106,7.866,0.0603,10.395,526,70.09, -> desk (70.1%)
frame_001655,-1.0,4.5156,7.7829,0.0604,12.4174,526,61.07, -> desk (61.1%)
frame_001656,-1.0,3.2422,7.85,0.077,11.2292,526,34.5, -> desk (34.5%)
frame_001657,-1.0,2.0182,7.8618,0.0529,9.9849,526,24.39, -> desk (24.4%)
frame_001658,-1.0,2.0756,8.0374,0.0582,10.2287,526,22.49, -> desk (22.5%)
frame_001659,-1.0,2.0294,7.8484,0.0555,9.9815,526,30.61, -> desk (30.6%)
frame_001660,-1.0,3.0049,7.9618,0.0594,11.0819,480,32.6, -> cash machine (32.6%)
frame_001661,-1.0,3.1307,7.7809,0.058,11.0262,480,26.78, -> cash machine (26.8%)
frame_001662,-1.0,5.0567,7.903,0.0661,13.0828,526,31.6, -> desk (31.6%)
frame_001663,-1.0,3.6801,7.7612,0.0608,11.5609,526,20.75, -> desk (20.8%)
frame_001664,-1.0,4.3641,7.9168,0.0622,12.3991,480,27.5, -> cash machine (27.5%)
frame_001665,-1.0,3.0124,7.8748,0.0606,11.0056,526,23.94, -> desk (23.9%)
frame_001666,-1.0,2.0252,9.245,0.0827,11.4291,480,63.73, -> cash machine (63.7%)
frame_001667,-1.0,4.4888,7.7413,0.0595,12.3474,526,25.06, -> desk (25.1%)
frame_001668,-1.0,4.8932,7.8075,0.0595,12.8173,480,30.05, -> cash machine (30.1%)
frame_001669,-1.0,4.6354,7.7767,0.0599,12.5309,480,27.17, -> cash machine (27.2%)
frame_001670,-1.0,4.4337,7.9795,0.0688,12.5471,480,50.77, -> cash machine (50.8%)
frame_001671,-1.0,5.1842,8.0324,0.0589,13.3321,480,55.29, -> cash machine (55.3%)
frame_001672,-1.0,4.8542,7.9028,0.0588,12.8718,480,47.56, -> cash machine (47.6%)
frame_001673,-1.0,4.69,7.7565,0.0538,12.6092,480,48.72, -> cash machine (48.7%)
frame_001674,-1.0,3.0519,7.768,0.0587,10.9344,480,42.06, -> cash machine (42.1%)
frame_001675,-1.0,2.4381,7.9535,0.0587,10.508,480,24.61, -> cash machine (24.6%)
frame_001676,-1.0,2.5908,7.9225,0.0618,10.6309,526,22.06, -> desk (22.1%)
frame_001677,-1.0,2.8372,9.7762,0.0615,12.7299,480,51.88, -> cash machine (51.9%)
frame_001678,-1.0,4.7406,7.8546,0.0581,12.7106,480,74.69, -> cash machine (74.7%)
frame_001679,-1.0,4.6455,7.6844,0.0544,12.4363,480,65.2, -> cash machine (65.2%)
frame_001680,-1.0,3.1353,7.8754,0.0529,11.1141,480,45.31, -> cash machine (45.3%)
frame_001681,-1.0,2.3918,7.848,0.0524,10.3437,480,86.75, -> cash machine (86.8%)
frame_001682,-1.0,3.0983,7.7528,0.0579,10.9637,480,24.35, -> cash machine (24.4%)
frame_001683,-1.0,2.5905,7.8381,0.0649,10.5519,480,87.1, -> cash machine (87.1%)
frame_001684,-1.0,2.0008,7.7492,0.0528,9.8492,480,31.84, -> cash machine (31.8%)
frame_001685,-1.0,1.9498,7.8155,0.0562,9.8723,786,33.44, -> sewing machine (33.4%)
frame_001686,-1.0,2.578,7.8011,0.0784,10.5225,480,37.35, -> cash machine (37.3%)
frame_001687,-1.0,3.6025,7.8596,0.0537,11.5652,480,41.94, -> cash machine (41.9%)
frame_001688,-1.0,2.4721,10.2219,0.06,12.8097,480,71.24, -> cash machine (71.2%)
frame_001689,-1.0,2.5716,7.9501,0.0599,10.637,480,45.7, -> cash machine (45.7%)
frame_001690,-1.0,2.5119,7.7268,0.0692,10.3682,480,76.78, -> cash machine (76.8%)
frame_001691,-1.0,2.6538,7.6898,0.0543,10.448,480,55.96, -> cash machine (56.0%)
frame_001692,-1.0,2.6202,7.6707,0.0556,10.3982,480,67.95, -> cash machine (67.9%)
frame_001693,-1.0,2.6047,10.0885,0.0587,12.8087,480,36.51, -> cash machine (36.5%)
frame_001694,-1.0,2.6237,7.7873,0.0555,10.5166,480,16.84, -> cash machine (16.8%)
frame_001695,-1.0,2.0285,7.9069,0.0673,10.0658,480,52.35, -> cash machine (52.4%)
frame_001696,-1.0,4.9996,7.9099,0.0591,13.024,480,22.32, -> cash machine (22.3%)
frame_001697,-1.0,4.479,7.7845,0.0639,12.3859,480,42.07, -> cash machine (42.1%)
frame_001698,-1.0,4.6607,7.8052,0.0783,12.6066,526,29.18, -> desk (29.2%)
frame_001699,-1.0,5.0786,7.9414,0.0635,13.1415,480,39.78, -> cash machine (39.8%)
frame_001700,-1.0,3.0264,7.9097,0.0624,11.0555,480,44.35, -> cash machine (44.3%)
frame_001701,-1.0,3.1846,7.9374,0.0585,11.2336,480,34.86, -> cash machine (34.9%)
frame_001702,-1.0,4.4996,8.0813,0.0632,12.704,480,48.92, -> cash machine (48.9%)
frame_001703,-1.0,4.9342,7.8804,0.0637,12.9362,480,22.66, -> cash machine (22.7%)
frame_001704,-1.0,4.5001,7.7361,0.0589,12.3499,786,56.27, -> sewing machine (56.3%)
frame_001705,-1.0,4.5443,7.8273,0.061,12.4897,480,26.87, -> cash machine (26.9%)
frame_001706,-1.0,4.501,7.911,0.0611,12.5283,480,27.24, -> cash machine (27.2%)
frame_001707,-1.0,4.5227,11.9556,0.0594,16.5937,480,41.3, -> cash machine (41.3%)
frame_001708,-1.0,4.3243,7.7061,0.0613,12.1511,480,30.59, -> cash machine (30.6%)
frame_001709,-1.0,4.2165,7.8395,0.0605,12.1745,412,24.04, -> ashcan (24.0%)
frame_001710,-1.0,5.1035,7.6372,0.0583,12.8528,480,43.36, -> cash machine (43.4%)
frame_001711,-1.0,3.213,7.8739,0.055,11.2544,480,27.17, -> cash machine (27.2%)
frame_001712,-1.0,2.5012,8.4095,0.0574,11.0222,480,42.57, -> cash machine (42.6%)
