filename,ros_data_age_ms,preprocessing_ms,inference_ms,postprocessing_ms,e2e_ms,class_id,confidence,info
frame_000000,-1.0,14.6761,107.0747,9.9497,131.7043,-1,0.0, -> [chair (Left): 15%]
frame_000001,-1.0,7.258,85.1452,17.0278,109.435,-1,0.0, -> [chair (Left): 16%]
frame_000002,-1.0,20.6793,91.6018,16.4127,128.6987,-1,0.0, -> [chair (Left): 16%]
frame_000003,-1.0,11.1069,91.5273,18.5923,121.2308,-1,0.0, -> [chair (Left): 16%]
frame_000004,-1.0,10.8916,86.9036,18.0146,115.8157,-1,0.0, -> [chair (Left): 12%]
frame_000005,-1.0,17.4263,79.2966,19.8755,116.6041,-1,0.0, -> [chair (Center): 6%]
frame_000006,-1.0,21.2933,79.4523,15.5023,116.2529,-1,0.0," -> [chair (Center): 8%, tvmonitor (Top): 1%]"
frame_000007,-1.0,14.0917,75.2982,17.2005,106.5948,-1,0.0, -> [chair (Center): 8%]
frame_000008,-1.0,20.4822,79.4145,16.5405,116.4424,-1,0.0, -> [chair (Center): 7%]
frame_000009,-1.0,12.9187,80.241,15.6248,108.7888,-1,0.0, -> [chair (Center): 10%]
frame_000010,-1.0,12.3072,78.4401,16.8358,107.5879,-1,0.0," -> [chair (Center): 8%, tvmonitor (Top): 1%]"
frame_000011,-1.0,14.2426,86.6232,18.8172,119.6881,-1,0.0," -> [chair (Center): 9%, tvmonitor (Top): 1%]"
frame_000012,-1.0,8.9665,82.8188,26.6574,118.4472,-1,0.0, -> [chair (Center): 10%]
frame_000013,-1.0,12.0681,80.4759,15.6518,108.2002,-1,0.0, -> [chair (Center): 9%]
frame_000014,-1.0,12.4325,77.9432,17.9723,108.3533,-1,0.0, -> [chair (Center): 10%]
frame_000015,-1.0,9.6484,78.3531,15.674,103.6804,-1,0.0, -> [chair (Center): 10%]
frame_000016,-1.0,13.0712,79.0028,17.9094,109.9889,-1,0.0," -> [chair (Center): 9%, tvmonitor (Top): 2%]"
frame_000017,-1.0,10.2283,81.8517,16.3611,108.4465,-1,0.0, -> [chair (Center): 8%]
frame_000018,-1.0,20.6373,77.7937,14.9712,113.406,-1,0.0, -> [chair (Center): 8%]
frame_000019,-1.0,13.316,78.0034,17.8505,109.1751,-1,0.0, -> [chair (Center): 10%]
frame_000020,-1.0,16.3374,89.5838,18.3365,124.2625,-1,0.0, -> [chair (Center): 9%]
frame_000021,-1.0,17.4333,80.1764,16.7588,114.3734,-1,0.0, -> [chair (Center): 9%]
frame_000022,-1.0,10.3986,80.6792,17.076,108.1731,-1,0.0, -> [chair (Center): 9%]
frame_000023,-1.0,16.4499,86.2802,17.2705,120.0061,-1,0.0, -> [chair (Center): 10%]
frame_000024,-1.0,16.8839,81.7691,17.312,115.9762,-1,0.0, -> [chair (Center): 9%]
frame_000025,-1.0,12.3485,80.5538,19.5072,112.4144,-1,0.0, -> [chair (Center): 9%]
frame_000026,-1.0,14.1057,75.1464,15.6664,104.9232,-1,0.0, -> [chair (Center): 9%]
frame_000027,-1.0,13.3429,84.4988,17.3992,115.2455,-1,0.0, -> [chair (Center): 8%]
frame_000028,-1.0,12.6429,78.1572,16.8195,107.6246,-1,0.0," -> [chair (Center): 10%, tvmonitor (Top): 2%]"
frame_000029,-1.0,14.8205,82.0801,16.826,113.7314,-1,0.0," -> [chair (Center): 11%, tvmonitor (Top): 3%]"
frame_000030,-1.0,10.89,83.4652,18.8519,113.2116,-1,0.0," -> [chair (Center): 6%, tvmonitor (Top): 4%]"
frame_000031,-1.0,18.9597,82.9444,18.4917,120.4007,-1,0.0," -> [chair (Center): 6%, tvmonitor (Top): 3%]"
frame_000032,-1.0,20.7761,85.9515,15.6196,122.3531,-1,0.0," -> [chair (Center): 5%, tvmonitor (Top): 4%]"
frame_000033,-1.0,14.4266,82.1042,24.8279,121.3636,-1,0.0," -> [chair (Center): 5%, tvmonitor (Top): 3%]"
frame_000034,-1.0,12.1338,79.1187,15.6317,106.8889,-1,0.0," -> [chair (Center): 5%, tvmonitor (Top): 3%]"
frame_000035,-1.0,14.6979,80.3377,17.6396,112.6799,-1,0.0," -> [chair (Center): 5%, tvmonitor (Top): 3%]"
frame_000036,-1.0,10.5763,84.6236,16.2624,111.4671,-1,0.0," -> [chair (Bottom): 7%, tvmonitor (Top): 3%]"
frame_000037,-1.0,19.6074,80.4549,16.0492,116.1164,-1,0.0," -> [chair (Bottom): 8%, tvmonitor (Center): 3%]"
frame_000038,-1.0,16.2698,86.6749,20.0317,122.9815,-1,0.0," -> [chair (Bottom): 9%, tvmonitor (Center): 3%]"
frame_000039,-1.0,10.4956,74.8299,18.5448,103.8754,-1,0.0," -> [chair (Bottom): 4%, tvmonitor (Center): 3%]"
frame_000040,-1.0,17.9455,77.8051,16.9909,112.7457,-1,0.0," -> [chair (Bottom): 5%, tvmonitor (Center): 3%]"
frame_000041,-1.0,9.7685,85.8745,18.052,113.6996,-1,0.0," -> [chair (Bottom): 4%, tvmonitor (Center): 3%]"
frame_000042,-1.0,12.6515,78.8137,15.3296,106.8003,-1,0.0," -> [chair (Bottom): 5%, tvmonitor (Center): 3%]"
frame_000043,-1.0,13.0935,86.5746,19.6129,119.2854,-1,0.0," -> [chair (Bottom): 5%, tvmonitor (Center): 3%]"
frame_000044,-1.0,11.0124,84.6695,17.8844,113.5713,-1,0.0," -> [chair (Bottom): 5%, tvmonitor (Center): 4%]"
frame_000045,-1.0,17.8005,78.4195,15.4372,111.662,-1,0.0," -> [chair (Bottom): 5%, tvmonitor (Center): 3%]"
frame_000046,-1.0,14.9073,82.0683,15.5646,112.545,-1,0.0," -> [chair (Bottom): 5%, tvmonitor (Center): 4%]"
frame_000047,-1.0,10.4389,79.6436,17.642,107.7294,-1,0.0," -> [chair (Bottom): 5%, tvmonitor (Center): 3%]"
frame_000048,-1.0,14.201,81.1572,15.901,111.2646,-1,0.0," -> [chair (Bottom): 5%, tvmonitor (Center): 4%]"
frame_000049,-1.0,10.8467,80.1237,16.7597,107.7354,-1,0.0," -> [chair (Bottom): 6%, tvmonitor (Center): 3%]"
frame_000050,-1.0,15.5673,77.6767,15.6447,108.8942,-1,0.0," -> [chair (Bottom): 6%, tvmonitor (Center): 4%]"
frame_000051,-1.0,13.2265,77.8692,17.585,108.6856,-1,0.0," -> [chair (Bottom): 8%, tvmonitor (Center): 4%]"
frame_000052,-1.0,9.7348,77.812,17.304,104.8555,-1,0.0," -> [chair (Center): 8%, tvmonitor (Top): 3%]"
frame_000053,-1.0,13.3982,77.8002,21.6844,112.8877,-1,0.0," -> [chair (Center): 9%, tvmonitor (Top): 3%]"
frame_000054,-1.0,10.3302,77.9139,17.1433,105.3921,-1,0.0," -> [chair (Center): 7%, tvmonitor (Top): 2%]"
frame_000055,-1.0,14.7798,77.0396,17.0171,108.8411,-1,0.0," -> [chair (Center): 8%, tvmonitor (Top): 2%]"
frame_000056,-1.0,10.2222,86.5532,18.7903,115.5705,-1,0.0," -> [chair (Center): 7%, tvmonitor (Top): 2%]"
frame_000057,-1.0,11.2007,83.3376,15.4259,109.9691,-1,0.0," -> [chair (Center): 8%, tvmonitor (Top): 2%]"
frame_000058,-1.0,13.9301,82.2092,16.8313,112.9754,-1,0.0," -> [chair (Center): 8%, tvmonitor (Top): 2%]"
frame_000059,-1.0,10.848,86.34,19.9771,117.1699,-1,0.0," -> [chair (Center): 9%, tvmonitor (Top): 2%]"
frame_000060,-1.0,17.6115,76.1355,17.281,111.0328,-1,0.0," -> [chair (Center): 9%, tvmonitor (Top): 2%]"
frame_000061,-1.0,11.8166,79.5529,17.0449,108.4194,-1,0.0," -> [chair (Center): 8%, tvmonitor (Top): 2%]"
frame_000062,-1.0,16.2995,80.4515,16.5162,113.2721,-1,0.0," -> [chair (Center): 7%, tvmonitor (Top): 2%]"
frame_000063,-1.0,14.8681,84.6026,25.4623,124.9369,-1,0.0," -> [chair (Center): 7%, tvmonitor (Top): 2%]"
frame_000064,-1.0,8.1283,86.8488,8.5785,103.5588,-1,0.0," -> [chair (Center): 9%, tvmonitor (Top): 3%]"
frame_000065,-1.0,8.5563,88.4268,14.8655,111.8525,-1,0.0, -> [chair (Center): 9%]
frame_000066,-1.0,12.241,87.7777,17.8905,117.9146,-1,0.0, -> [chair (Center): 5%]
frame_000067,-1.0,10.7478,84.2425,16.9173,111.9125,-1,0.0, -> [chair (Center): 8%]
frame_000068,-1.0,20.2627,75.7205,15.145,111.1338,-1,0.0, -> [chair (Center): 9%]
frame_000069,-1.0,13.2903,84.7346,18.2739,116.3037,-1,0.0, -> [chair (Center): 2%]
frame_000070,-1.0,10.8759,81.4787,15.214,107.5738,-1,0.0, -> [chair (Left): 2%]
frame_000071,-1.0,11.2307,82.6577,17.7188,111.6128,-1,0.0, -> [background only]
frame_000072,-1.0,9.9844,76.6019,16.4782,103.0697,-1,0.0, -> [background only]
frame_000073,-1.0,14.1625,82.3901,18.2632,114.821,-1,0.0, -> [background only]
frame_000074,-1.0,10.5231,83.7356,25.1639,119.4277,-1,0.0, -> [background only]
frame_000075,-1.0,10.4658,81.6862,17.5275,109.6844,-1,0.0, -> [background only]
frame_000076,-1.0,20.0025,86.0487,16.2452,122.3016,-1,0.0, -> [background only]
frame_000077,-1.0,11.814,82.8659,15.7394,110.4243,-1,0.0, -> [background only]
frame_000078,-1.0,11.7792,79.3618,14.9471,106.093,-1,0.0, -> [background only]
frame_000079,-1.0,13.8835,89.1124,7.653,110.6533,-1,0.0, -> [background only]
frame_000080,-1.0,6.4252,82.4962,14.783,103.7087,-1,0.0, -> [background only]
frame_000081,-1.0,17.0776,81.4228,14.8125,113.3184,-1,0.0, -> [background only]
frame_000082,-1.0,13.2259,76.9812,16.9709,107.1829,-1,0.0, -> [background only]
frame_000083,-1.0,20.7564,77.2812,16.1662,114.2084,-1,0.0, -> [background only]
frame_000084,-1.0,14.1561,82.4275,16.9633,113.552,-1,0.0, -> [background only]
frame_000085,-1.0,10.7569,82.844,16.9153,110.5214,-1,0.0, -> [background only]
frame_000086,-1.0,21.5295,80.9326,14.6484,117.1157,-1,0.0, -> [background only]
frame_000087,-1.0,14.2072,83.589,18.3139,116.1155,-1,0.0, -> [background only]
frame_000088,-1.0,12.1833,75.9328,16.0546,104.1752,-1,0.0, -> [background only]
frame_000089,-1.0,15.0149,78.7826,17.5192,111.322,-1,0.0, -> [background only]
frame_000090,-1.0,11.9643,77.8799,14.7604,104.6103,-1,0.0, -> [background only]
frame_000091,-1.0,13.4633,78.3983,16.2464,108.1125,-1,0.0, -> [background only]
frame_000092,-1.0,11.9666,80.1304,16.2292,108.3312,-1,0.0, -> [background only]
frame_000093,-1.0,19.8881,82.3995,14.6398,116.9328,-1,0.0, -> [background only]
frame_000094,-1.0,16.4068,85.0205,16.1609,117.5933,-1,0.0, -> [background only]
frame_000095,-1.0,12.2194,84.459,15.6177,112.3013,-1,0.0, -> [background only]
frame_000096,-1.0,14.2553,78.7935,15.1634,108.2173,-1,0.0, -> [background only]
frame_000097,-1.0,12.0789,79.7895,16.3848,108.2582,-1,0.0, -> [background only]
frame_000098,-1.0,17.2123,83.2655,15.1104,115.5933,-1,0.0, -> [background only]
frame_000099,-1.0,16.2809,79.5497,16.2667,112.1019,-1,0.0, -> [background only]
frame_000100,-1.0,14.2297,83.1973,17.2189,114.6512,-1,0.0, -> [background only]
frame_000101,-1.0,15.1402,76.4904,16.2581,107.8937,-1,0.0, -> [background only]
frame_000102,-1.0,13.4389,78.588,19.4451,111.4769,-1,0.0, -> [background only]
frame_000103,-1.0,12.4145,75.2379,15.0857,102.7431,-1,0.0, -> [background only]
frame_000104,-1.0,12.5266,84.0522,18.7772,115.3609,-1,0.0, -> [background only]
frame_000105,-1.0,13.1681,75.7245,16.8014,105.6994,-1,0.0, -> [background only]
frame_000106,-1.0,18.6759,81.1784,16.2469,116.1059,-1,0.0, -> [background only]
frame_000107,-1.0,10.6711,83.5915,20.0418,114.3093,-1,0.0, -> [background only]
frame_000108,-1.0,13.2329,82.144,16.6011,111.9827,-1,0.0, -> [background only]
frame_000109,-1.0,16.5013,78.5352,15.941,110.9822,-1,0.0, -> [background only]
frame_000110,-1.0,12.9367,79.4491,17.6002,109.9914,-1,0.0, -> [background only]
frame_000111,-1.0,16.8879,81.6589,14.7356,113.2874,-1,0.0, -> [background only]
frame_000112,-1.0,10.5792,99.7656,6.5493,116.8979,-1,0.0, -> [background only]
frame_000113,-1.0,6.3995,77.6204,15.8988,99.9233,-1,0.0, -> [background only]
frame_000114,-1.0,13.4911,79.9693,16.5544,110.0205,-1,0.0, -> [background only]
frame_000115,-1.0,14.6572,81.2672,17.2272,113.1566,-1,0.0, -> [background only]
frame_000116,-1.0,22.5254,85.1035,16.5358,124.1707,-1,0.0, -> [background only]
frame_000117,-1.0,18.2777,79.7592,15.6889,113.7303,-1,0.0, -> [background only]
frame_000118,-1.0,14.1549,83.2729,19.3024,116.7357,-1,0.0, -> [background only]
frame_000119,-1.0,15.2732,80.0251,16.2226,111.5258,-1,0.0, -> [background only]
frame_000120,-1.0,17.9527,74.1168,18.5673,110.6421,-1,0.0, -> [background only]
frame_000121,-1.0,12.9324,76.1772,16.6003,105.7153,-1,0.0, -> [background only]
frame_000122,-1.0,15.5638,76.7375,16.1677,108.4738,-1,0.0, -> [background only]
frame_000123,-1.0,13.6335,75.9089,17.1378,106.6855,-1,0.0, -> [background only]
frame_000124,-1.0,18.5949,77.5203,14.6425,110.7621,-1,0.0, -> [background only]
frame_000125,-1.0,10.5926,79.506,20.741,110.8443,-1,0.0, -> [background only]
frame_000126,-1.0,11.1089,84.9266,16.7714,112.8114,-1,0.0, -> [background only]
frame_000127,-1.0,20.9403,87.9964,16.2295,125.1713,-1,0.0, -> [background only]
frame_000128,-1.0,13.8717,80.4754,17.4197,111.7713,-1,0.0, -> [background only]
frame_000129,-1.0,11.4457,84.4381,14.8063,110.6945,-1,0.0, -> [background only]
frame_000130,-1.0,19.0666,82.4955,14.9422,116.5092,-1,0.0, -> [background only]
frame_000131,-1.0,10.8906,73.7926,16.0016,100.6896,-1,0.0, -> [background only]
frame_000132,-1.0,19.5606,77.6572,14.8622,112.0849,-1,0.0, -> [background only]
frame_000133,-1.0,16.7255,78.8036,16.6441,112.1784,-1,0.0, -> [background only]
frame_000134,-1.0,17.2087,83.8029,16.1939,117.2109,-1,0.0, -> [background only]
frame_000135,-1.0,17.5779,80.5373,16.0538,114.1738,-1,0.0, -> [background only]
frame_000136,-1.0,12.1702,84.3206,16.0462,112.542,-1,0.0, -> [background only]
frame_000137,-1.0,15.4184,81.3935,16.5832,113.4001,-1,0.0, -> [background only]
frame_000138,-1.0,19.2156,83.389,19.0739,121.6832,-1,0.0, -> [background only]
frame_000139,-1.0,11.6033,77.6786,18.1355,107.4223,-1,0.0, -> [background only]
frame_000140,-1.0,18.1341,76.916,14.8144,109.8694,-1,0.0, -> [background only]
frame_000141,-1.0,11.169,91.5904,17.5877,120.3523,-1,0.0, -> [background only]
frame_000142,-1.0,9.6924,85.5836,16.1976,111.4783,-1,0.0, -> [background only]
frame_000143,-1.0,11.4402,79.6122,15.5992,106.6572,-1,0.0, -> [background only]
frame_000144,-1.0,12.3614,89.3142,18.5873,120.2688,-1,0.0, -> [background only]
frame_000145,-1.0,10.2206,78.0801,14.6771,102.9826,-1,0.0, -> [background only]
frame_000146,-1.0,13.1224,84.7366,14.8319,112.6956,-1,0.0, -> [background only]
frame_000147,-1.0,10.9211,81.7486,17.6745,110.3492,-1,0.0, -> [background only]
frame_000148,-1.0,17.0265,76.8759,18.4806,112.3885,-1,0.0, -> [background only]
frame_000149,-1.0,15.7427,76.6545,15.4151,107.817,-1,0.0, -> [background only]
frame_000150,-1.0,11.903,75.6909,16.2192,103.818,-1,0.0, -> [background only]
frame_000151,-1.0,15.5297,85.2299,14.8667,115.631,-1,0.0, -> [background only]
frame_000152,-1.0,10.8376,80.734,14.829,106.4056,-1,0.0, -> [background only]
frame_000153,-1.0,18.9618,81.4964,14.5756,115.039,-1,0.0, -> [background only]
frame_000154,-1.0,13.3296,81.4871,17.4101,112.3982,-1,0.0, -> [background only]
frame_000155,-1.0,12.6937,76.4699,14.9127,104.0818,-1,0.0, -> [background only]
frame_000156,-1.0,16.6628,80.4663,14.9138,112.048,-1,0.0, -> [background only]
frame_000157,-1.0,13.3413,82.5751,16.8188,112.7403,-1,0.0, -> [background only]
frame_000158,-1.0,19.6692,82.0331,16.4518,118.1592,-1,0.0, -> [background only]
frame_000159,-1.0,10.3328,78.1888,16.8032,105.3303,-1,0.0, -> [background only]
frame_000160,-1.0,11.9602,77.8086,14.8585,104.6324,-1,0.0, -> [background only]
frame_000161,-1.0,15.4006,78.0323,16.0816,109.5193,-1,0.0, -> [background only]
frame_000162,-1.0,10.4276,79.5336,16.4786,106.4448,-1,0.0, -> [background only]
frame_000163,-1.0,17.0064,81.7433,16.2477,115.0027,-1,0.0, -> [background only]
frame_000164,-1.0,13.6827,85.514,17.394,116.5959,-1,0.0, -> [background only]
frame_000165,-1.0,13.903,81.4733,16.2504,111.6318,-1,0.0, -> [background only]
frame_000166,-1.0,15.3191,83.2377,15.646,114.2076,-1,0.0, -> [background only]
frame_000167,-1.0,12.4619,82.4099,16.7995,111.6762,-1,0.0, -> [background only]
frame_000168,-1.0,19.7372,78.3272,14.9351,113.0044,-1,0.0, -> [background only]
frame_000169,-1.0,12.7458,79.2722,21.5746,113.5977,-1,0.0, -> [background only]
frame_000170,-1.0,10.943,81.3416,14.762,107.0518,-1,0.0, -> [background only]
frame_000171,-1.0,17.1534,83.7291,18.1727,119.0601,-1,0.0, -> [background only]
frame_000172,-1.0,11.0918,76.8891,15.3348,103.3204,-1,0.0, -> [background only]
frame_000173,-1.0,20.4909,80.9452,16.0774,117.5178,-1,0.0, -> [background only]
frame_000174,-1.0,12.4883,92.258,17.7684,122.5195,-1,0.0, -> [background only]
frame_000175,-1.0,16.5742,78.5692,17.6133,112.7621,-1,0.0, -> [background only]
frame_000176,-1.0,18.871,80.7088,7.22,106.8039,-1,0.0, -> [background only]
frame_000177,-1.0,7.1062,87.0542,11.0963,105.26,-1,0.0, -> [background only]
frame_000178,-1.0,6.3683,79.7793,16.2492,102.4012,-1,0.0, -> [background only]
frame_000179,-1.0,16.62,79.5853,16.27,112.4809,-1,0.0, -> [background only]
frame_000180,-1.0,14.4434,78.0959,14.7583,107.3025,-1,0.0, -> [background only]
frame_000181,-1.0,14.3294,81.3726,16.7731,112.4801,-1,0.0, -> [background only]
frame_000182,-1.0,11.2668,84.696,16.2467,112.2144,-1,0.0, -> [background only]
frame_000183,-1.0,14.3767,82.5215,14.8167,111.7202,-1,0.0, -> [background only]
frame_000184,-1.0,14.1737,80.6649,16.998,111.8417,-1,0.0, -> [background only]
frame_000185,-1.0,10.801,81.6445,16.7698,109.2206,-1,0.0, -> [background only]
frame_000186,-1.0,17.4811,85.3964,14.6982,117.5808,-1,0.0, -> [background only]
frame_000187,-1.0,12.0179,79.4138,16.781,108.2178,-1,0.0, -> [background only]
frame_000188,-1.0,17.7386,79.6853,15.9904,113.4191,-1,0.0, -> [background only]
frame_000189,-1.0,10.851,79.29,16.6376,106.7843,-1,0.0, -> [background only]
frame_000190,-1.0,12.6038,74.3212,16.4961,103.4264,-1,0.0, -> [background only]
frame_000191,-1.0,13.1325,87.1726,16.7109,117.0208,-1,0.0, -> [background only]
frame_000192,-1.0,10.9238,81.1932,17.2139,109.3364,-1,0.0, -> [tvmonitor (Top-Left): 3%]
frame_000193,-1.0,17.154,84.748,15.1108,117.018,-1,0.0, -> [tvmonitor (Top): 6%]
frame_000194,-1.0,12.6663,80.4377,17.6881,110.7973,-1,0.0, -> [tvmonitor (Top): 8%]
frame_000195,-1.0,12.9699,80.9288,14.9991,108.9029,-1,0.0, -> [background only]
frame_000196,-1.0,13.8641,78.4809,17.3039,109.6542,-1,0.0, -> [tvmonitor (Top): 6%]
frame_000197,-1.0,13.2326,78.6031,17.7244,109.5649,-1,0.0, -> [tvmonitor (Top): 7%]
frame_000198,-1.0,14.9669,77.6472,16.3336,108.9524,-1,0.0, -> [tvmonitor (Top): 7%]
frame_000199,-1.0,11.2118,87.8121,20.4677,119.496,-1,0.0, -> [tvmonitor (Top): 12%]
frame_000200,-1.0,11.5068,82.0507,18.2126,111.7749,-1,0.0, -> [tvmonitor (Top): 15%]
frame_000201,-1.0,16.9481,75.9012,17.0882,109.9426,-1,0.0, -> [tvmonitor (Top): 13%]
frame_000202,-1.0,10.8912,79.5711,16.9027,107.3692,-1,0.0, -> [tvmonitor (Top): 12%]
frame_000203,-1.0,23.4625,79.5927,15.229,118.2893,-1,0.0, -> [tvmonitor (Top): 12%]
frame_000204,-1.0,14.4698,88.5616,19.4108,122.4477,-1,0.0, -> [tvmonitor (Top): 12%]
frame_000205,-1.0,12.1725,78.8649,18.0232,109.0653,-1,0.0, -> [tvmonitor (Top): 12%]
frame_000206,-1.0,17.3155,75.9179,15.3528,108.5913,-1,0.0, -> [tvmonitor (Top): 12%]
frame_000207,-1.0,13.5902,80.2997,21.899,115.794,-1,0.0, -> [tvmonitor (Top): 12%]
frame_000208,-1.0,10.4732,77.2647,16.8431,104.5861,-1,0.0, -> [tvmonitor (Top): 12%]
frame_000209,-1.0,16.0458,81.3137,19.3607,116.7254,-1,0.0, -> [tvmonitor (Top): 12%]
frame_000210,-1.0,10.7978,74.4754,16.902,102.1803,-1,0.0, -> [tvmonitor (Top): 13%]
frame_000211,-1.0,14.5034,75.9115,16.3869,106.8068,-1,0.0, -> [tvmonitor (Top): 13%]
frame_000212,-1.0,10.3782,75.4195,17.4021,103.205,-1,0.0, -> [tvmonitor (Top): 12%]
frame_000213,-1.0,17.8907,76.7398,17.1307,111.7658,-1,0.0, -> [tvmonitor (Top): 12%]
frame_000214,-1.0,14.2192,80.9782,18.2316,113.4342,-1,0.0, -> [tvmonitor (Top): 12%]
frame_000215,-1.0,18.4197,79.3776,15.6838,113.4863,-1,0.0, -> [tvmonitor (Top): 12%]
frame_000216,-1.0,17.2436,80.4896,17.642,115.3806,-1,0.0, -> [tvmonitor (Top): 13%]
frame_000217,-1.0,10.2313,85.6419,21.9231,117.8013,-1,0.0, -> [tvmonitor (Top): 12%]
frame_000218,-1.0,13.257,86.467,19.2501,118.9789,-1,0.0, -> [tvmonitor (Top): 12%]
frame_000219,-1.0,23.8819,83.0027,18.377,125.2666,-1,0.0, -> [tvmonitor (Top): 12%]
frame_000220,-1.0,10.5736,91.2655,18.5089,120.3531,-1,0.0, -> [tvmonitor (Top): 11%]
frame_000221,-1.0,11.48,93.2664,16.2198,120.9709,-1,0.0, -> [tvmonitor (Top): 12%]
frame_000222,-1.0,15.6835,88.4886,15.6555,119.8328,-1,0.0, -> [tvmonitor (Top): 12%]
frame_000223,-1.0,13.416,87.1162,16.1486,116.6855,-1,0.0, -> [tvmonitor (Top): 12%]
frame_000224,-1.0,11.2649,81.5758,17.7489,110.5943,-1,0.0, -> [tvmonitor (Top): 11%]
frame_000225,-1.0,17.1138,75.6215,16.6221,109.3618,-1,0.0, -> [tvmonitor (Top): 9%]
frame_000226,-1.0,14.1487,79.428,20.4617,114.0443,-1,0.0, -> [tvmonitor (Top): 4%]
frame_000227,-1.0,14.4719,77.4173,14.8753,106.7692,-1,0.0, -> [tvmonitor (Top): 1%]
frame_000228,-1.0,17.6961,79.7265,16.043,113.4699,-1,0.0, -> [background only]
frame_000229,-1.0,14.9257,85.5974,22.1965,122.7246,-1,0.0, -> [tvmonitor (Top): 3%]
frame_000230,-1.0,12.9318,84.9406,14.96,112.8378,-1,0.0, -> [background only]
frame_000231,-1.0,17.4796,78.194,16.3559,112.0341,-1,0.0, -> [background only]
frame_000232,-1.0,15.1635,80.9323,17.2824,113.3837,-1,0.0, -> [background only]
frame_000233,-1.0,19.5524,74.8817,15.5382,109.9889,-1,0.0, -> [tvmonitor (Top): 1%]
frame_000234,-1.0,14.4186,78.926,21.2935,114.6435,-1,0.0, -> [tvmonitor (Top): 3%]
frame_000235,-1.0,12.18,81.2078,16.6552,110.0473,-1,0.0, -> [tvmonitor (Top): 1%]
frame_000236,-1.0,25.2779,83.2045,15.9422,124.4295,-1,0.0, -> [background only]
frame_000237,-1.0,11.9336,84.8885,16.7551,113.5824,-1,0.0, -> [background only]
frame_000238,-1.0,10.3178,83.9561,17.7182,111.9975,-1,0.0, -> [background only]
frame_000239,-1.0,20.6334,80.6004,14.7723,116.0106,-1,0.0, -> [background only]
frame_000240,-1.0,10.3069,72.574,17.5295,100.4159,-1,0.0, -> [background only]
frame_000241,-1.0,16.3105,83.8025,16.2483,116.3662,-1,0.0, -> [background only]
frame_000242,-1.0,15.7884,84.1887,16.1534,116.1361,-1,0.0, -> [background only]
frame_000243,-1.0,10.2495,80.7623,15.3841,106.4007,-1,0.0, -> [background only]
frame_000244,-1.0,17.6601,77.1079,16.8568,111.6295,-1,0.0, -> [background only]
frame_000245,-1.0,9.7696,90.0043,8.9424,108.7199,-1,0.0, -> [background only]
frame_000246,-1.0,10.0664,77.9924,14.8991,102.9614,-1,0.0, -> [background only]
frame_000247,-1.0,9.1615,80.5908,16.4882,106.2452,-1,0.0, -> [background only]
frame_000248,-1.0,16.0452,76.0826,16.0384,108.1707,-1,0.0, -> [background only]
frame_000249,-1.0,9.3495,81.4095,17.9539,108.7179,-1,0.0, -> [background only]
frame_000250,-1.0,17.0304,79.7854,14.701,111.5273,-1,0.0, -> [background only]
frame_000251,-1.0,18.0159,79.3616,16.5112,113.8943,-1,0.0, -> [background only]
frame_000252,-1.0,11.052,78.6164,17.273,106.9471,-1,0.0, -> [background only]
frame_000253,-1.0,20.6232,80.4918,16.5125,117.6332,-1,0.0, -> [background only]
frame_000254,-1.0,10.3788,81.1528,16.3,107.8367,-1,0.0, -> [background only]
frame_000255,-1.0,17.7714,75.7798,16.3661,109.9223,-1,0.0, -> [background only]
frame_000256,-1.0,13.1043,79.5178,16.2727,108.9,-1,0.0, -> [background only]
frame_000257,-1.0,10.9682,79.3755,15.5116,105.8607,-1,0.0, -> [background only]
frame_000258,-1.0,17.4593,90.8268,15.8261,124.1175,-1,0.0, -> [background only]
frame_000259,-1.0,11.0327,86.1831,22.4295,119.6502,-1,0.0, -> [background only]
frame_000260,-1.0,14.0196,79.2028,15.1982,108.4259,-1,0.0, -> [background only]
frame_000261,-1.0,14.7005,84.9134,17.7469,117.3656,-1,0.0, -> [background only]
frame_000262,-1.0,13.7015,86.8693,9.4317,110.0062,-1,0.0, -> [background only]
frame_000263,-1.0,7.7849,80.0126,16.0139,103.8156,-1,0.0, -> [background only]
frame_000264,-1.0,14.5113,81.5183,17.6917,113.7265,-1,0.0, -> [background only]
frame_000265,-1.0,12.5699,79.3268,16.5191,108.4204,-1,0.0, -> [background only]
frame_000266,-1.0,17.5016,77.033,15.9164,110.456,-1,0.0, -> [background only]
frame_000267,-1.0,11.3135,87.7088,17.0612,116.0883,-1,0.0, -> [background only]
frame_000268,-1.0,17.3391,84.5195,16.6963,118.5596,-1,0.0, -> [background only]
frame_000269,-1.0,14.3763,87.7185,6.7043,108.8024,-1,0.0, -> [background only]
frame_000270,-1.0,7.0965,80.5606,14.705,102.3831,-1,0.0, -> [background only]
frame_000271,-1.0,14.1321,82.0918,16.7163,112.9453,-1,0.0, -> [background only]
frame_000272,-1.0,12.2046,86.9472,19.7616,118.9184,-1,0.0, -> [background only]
frame_000273,-1.0,18.1872,80.1752,15.9711,114.3388,-1,0.0, -> [background only]
frame_000274,-1.0,19.4584,82.9433,14.8631,117.2696,-1,0.0, -> [background only]
frame_000275,-1.0,10.9262,80.5631,17.4187,108.9128,-1,0.0, -> [background only]
frame_000276,-1.0,22.0509,75.8865,16.4233,114.3659,-1,0.0, -> [background only]
frame_000277,-1.0,12.3168,79.9572,16.9766,109.2559,-1,0.0, -> [background only]
frame_000278,-1.0,11.4975,78.0193,18.6858,108.2074,-1,0.0, -> [background only]
frame_000279,-1.0,20.4153,80.9505,14.89,116.2611,-1,0.0, -> [background only]
frame_000280,-1.0,10.4999,84.413,24.4731,119.3909,-1,0.0, -> [background only]
frame_000281,-1.0,15.5608,85.8563,15.4957,116.9175,-1,0.0, -> [background only]
frame_000282,-1.0,22.6693,84.8957,16.212,123.7815,-1,0.0, -> [background only]
frame_000283,-1.0,18.345,83.1345,17.7865,119.2712,-1,0.0, -> [background only]
frame_000284,-1.0,13.6035,82.5115,17.132,113.2522,-1,0.0, -> [background only]
frame_000285,-1.0,19.4329,80.0433,16.2158,115.697,-1,0.0, -> [background only]
frame_000286,-1.0,18.4458,80.4445,16.3888,115.2893,-1,0.0, -> [background only]
frame_000287,-1.0,10.8992,86.6163,15.6401,113.1655,-1,0.0, -> [background only]
frame_000288,-1.0,17.9297,89.4478,16.1044,123.4871,-1,0.0, -> [background only]
frame_000289,-1.0,13.5524,82.7004,16.3978,112.6556,-1,0.0, -> [background only]
frame_000290,-1.0,10.1324,87.3972,20.0362,117.5707,-1,0.0, -> [background only]
frame_000291,-1.0,15.7767,80.6481,16.4252,112.8544,-1,0.0, -> [background only]
frame_000292,-1.0,20.1177,85.1201,18.8749,124.1176,-1,0.0, -> [background only]
frame_000293,-1.0,12.9491,80.1465,19.4091,112.5092,-1,0.0, -> [background only]
frame_000294,-1.0,12.7955,77.7617,14.9419,105.504,-1,0.0, -> [background only]
frame_000295,-1.0,13.3688,76.4721,15.6422,105.4874,-1,0.0, -> [tvmonitor (Center): 5%]
frame_000296,-1.0,5.6898,76.6034,18.7555,101.053,-1,0.0, -> [background only]
frame_000297,-1.0,17.5271,80.8476,18.1157,116.4956,-1,0.0, -> [background only]
frame_000298,-1.0,12.8926,76.4443,16.1257,105.4676,-1,0.0, -> [background only]
frame_000299,-1.0,15.213,81.0503,14.5951,110.8633,-1,0.0, -> [background only]
frame_000300,-1.0,12.5097,75.3415,17.4645,105.3212,-1,0.0, -> [background only]
frame_000301,-1.0,15.7927,78.5213,15.8144,110.1334,-1,0.0, -> [background only]
frame_000302,-1.0,9.421,78.2195,17.5453,105.1908,-1,0.0, -> [background only]
frame_000303,-1.0,18.7709,87.1415,16.4772,122.3948,-1,0.0, -> [background only]
frame_000304,-1.0,13.5702,80.245,14.8396,108.6595,-1,0.0, -> [background only]
frame_000305,-1.0,10.8458,82.7036,15.8853,109.4399,-1,0.0, -> [background only]
frame_000306,-1.0,17.8902,87.122,16.3373,121.3546,-1,0.0, -> [background only]
frame_000307,-1.0,17.9094,87.9096,16.5353,122.3601,-1,0.0, -> [background only]
frame_000308,-1.0,11.0876,85.3912,26.8478,123.3315,-1,0.0, -> [background only]
frame_000309,-1.0,12.3709,86.6291,17.0127,116.0177,-1,0.0, -> [background only]
frame_000310,-1.0,18.9943,81.2605,14.724,114.9841,-1,0.0, -> [background only]
frame_000311,-1.0,12.9921,79.0616,19.9051,111.9638,-1,0.0, -> [background only]
frame_000312,-1.0,12.5226,84.9789,16.8703,114.3766,-1,0.0, -> [background only]
frame_000313,-1.0,17.4718,81.6182,16.0259,115.1212,-1,0.0, -> [background only]
frame_000314,-1.0,12.06,84.1379,9.0378,105.2401,-1,0.0, -> [background only]
frame_000315,-1.0,7.7586,81.3768,14.7522,103.8919,-1,0.0, -> [background only]
frame_000316,-1.0,10.9927,74.9878,17.6029,103.5889,-1,0.0, -> [background only]
frame_000317,-1.0,13.739,84.121,16.2049,114.07,-1,0.0, -> [background only]
frame_000318,-1.0,14.4945,77.6776,16.6394,108.8169,-1,0.0, -> [background only]
frame_000319,-1.0,12.9422,82.6621,15.1928,110.8024,-1,0.0, -> [background only]
frame_000320,-1.0,17.0735,83.739,16.094,116.9115,-1,0.0, -> [background only]
frame_000321,-1.0,12.5734,79.0144,16.9694,108.5621,-1,0.0, -> [background only]
frame_000322,-1.0,19.0061,80.2462,15.4096,114.6665,-1,0.0, -> [background only]
frame_000323,-1.0,13.2772,87.9294,16.0663,117.2781,-1,0.0, -> [background only]
frame_000324,-1.0,14.6261,83.1276,17.3231,115.0818,-1,0.0, -> [background only]
frame_000325,-1.0,16.575,77.3842,15.0522,109.0168,-1,0.0, -> [background only]
frame_000326,-1.0,15.1648,84.5497,15.1294,114.8494,-1,0.0, -> [background only]
frame_000327,-1.0,13.8798,79.6396,16.3939,109.9177,-1,0.0, -> [background only]
frame_000328,-1.0,17.1736,81.8405,16.429,115.4487,-1,0.0, -> [background only]
frame_000329,-1.0,13.9433,76.5554,16.4163,106.9199,-1,0.0, -> [background only]
frame_000330,-1.0,12.2962,88.0043,15.9596,116.2652,-1,0.0, -> [background only]
frame_000331,-1.0,21.931,87.5208,16.2041,125.6605,-1,0.0, -> [background only]
frame_000332,-1.0,13.3942,79.2434,18.7966,111.4392,-1,0.0, -> [background only]
frame_000333,-1.0,13.3998,75.4068,15.0222,103.8334,-1,0.0, -> [background only]
frame_000334,-1.0,16.94,87.2766,15.6146,119.8356,-1,0.0, -> [background only]
frame_000335,-1.0,12.6273,86.249,20.5786,119.4599,-1,0.0, -> [background only]
frame_000336,-1.0,14.7996,80.5317,17.2653,112.6069,-1,0.0, -> [background only]
frame_000337,-1.0,16.3904,83.0213,17.8595,117.2815,-1,0.0, -> [background only]
frame_000338,-1.0,14.3185,81.1055,18.712,114.1412,-1,0.0, -> [background only]
frame_000339,-1.0,15.4514,79.3917,16.384,111.2319,-1,0.0, -> [background only]
frame_000340,-1.0,18.4382,84.913,16.1175,119.4733,-1,0.0, -> [background only]
frame_000341,-1.0,11.8647,75.0699,16.547,103.4867,-1,0.0, -> [background only]
frame_000342,-1.0,15.6581,81.7484,16.1681,113.5799,-1,0.0, -> [background only]
frame_000343,-1.0,15.3847,83.8607,9.2878,108.5376,-1,0.0, -> [background only]
frame_000344,-1.0,7.889,78.5941,16.2945,102.7821,-1,0.0, -> [background only]
frame_000345,-1.0,17.9715,85.736,15.0654,118.7784,-1,0.0, -> [background only]
frame_000346,-1.0,12.3407,79.4962,16.6245,108.4673,-1,0.0, -> [background only]
frame_000347,-1.0,21.0114,77.5567,14.8617,113.4348,-1,0.0, -> [background only]
frame_000348,-1.0,10.6298,82.4811,16.4458,109.562,-1,0.0, -> [background only]
frame_000349,-1.0,11.5588,84.3209,15.0469,110.9317,-1,0.0, -> [background only]
frame_000350,-1.0,14.2944,78.0929,16.9007,109.2933,-1,0.0, -> [background only]
frame_000351,-1.0,10.1677,82.3765,20.8513,113.4004,-1,0.0, -> [background only]
frame_000352,-1.0,20.6108,80.1554,16.422,117.1934,-1,0.0, -> [background only]
frame_000353,-1.0,14.9066,93.1466,15.7046,123.763,-1,0.0, -> [background only]
frame_000354,-1.0,15.6876,83.1147,17.6279,116.4356,-1,0.0, -> [diningtable (Center): 97%]
frame_000355,-1.0,17.0713,77.0263,16.132,110.2344,-1,0.0, -> [background only]
frame_000356,-1.0,10.1201,81.8828,17.2825,109.2905,-1,0.0, -> [background only]
frame_000357,-1.0,18.3583,88.0262,19.8648,126.2548,-1,0.0, -> [background only]
frame_000358,-1.0,15.9619,85.3099,17.8785,119.1548,-1,0.0, -> [background only]
frame_000359,-1.0,19.6428,79.2325,15.7956,114.6755,-1,0.0, -> [background only]
frame_000360,-1.0,13.6085,79.7705,15.9649,109.3491,-1,0.0, -> [background only]
frame_000361,-1.0,12.44,76.5916,15.1286,104.1653,-1,0.0, -> [background only]
frame_000362,-1.0,11.3524,94.762,20.5393,126.6584,-1,0.0, -> [background only]
frame_000363,-1.0,13.2091,86.355,16.9868,116.5553,-1,0.0, -> [background only]
frame_000364,-1.0,14.3201,72.8434,16.4587,103.6269,-1,0.0, -> [background only]
frame_000365,-1.0,13.098,74.1305,16.5508,103.7852,-1,0.0, -> [background only]
frame_000366,-1.0,18.1277,75.9233,16.4092,110.4651,-1,0.0, -> [background only]
frame_000367,-1.0,16.4661,85.1554,16.2538,117.8802,-1,0.0, -> [background only]
frame_000368,-1.0,10.5725,77.4721,18.9088,106.9588,-1,0.0, -> [background only]
frame_000369,-1.0,20.1015,77.4697,16.6426,114.2188,-1,0.0, -> [background only]
frame_000370,-1.0,12.4563,84.9655,17.0571,114.4838,-1,0.0, -> [background only]
frame_000371,-1.0,18.2317,85.2922,15.6722,119.2016,-1,0.0, -> [background only]
frame_000372,-1.0,16.0248,80.079,14.696,110.8053,-1,0.0, -> [background only]
frame_000373,-1.0,10.4028,83.3348,15.4599,109.2026,-1,0.0, -> [background only]
frame_000374,-1.0,12.8072,85.4022,16.1281,114.343,-1,0.0, -> [background only]
frame_000375,-1.0,14.0001,81.2129,16.8071,112.025,-1,0.0, -> [background only]
frame_000376,-1.0,10.4064,80.9524,17.2885,108.6521,-1,0.0, -> [background only]
frame_000377,-1.0,21.3672,76.9286,14.9869,113.2876,-1,0.0, -> [background only]
frame_000378,-1.0,16.7672,77.7831,25.8562,120.4114,-1,0.0, -> [background only]
frame_000379,-1.0,17.2803,80.3114,15.9765,113.5731,-1,0.0, -> [background only]
frame_000380,-1.0,19.5854,89.5611,15.9515,125.1035,-1,0.0, -> [background only]
frame_000381,-1.0,14.8874,81.3842,18.9442,115.2208,-1,0.0, -> [background only]
frame_000382,-1.0,12.6581,78.0682,17.6168,108.3485,-1,0.0, -> [background only]
frame_000383,-1.0,16.8562,77.1015,14.749,108.7119,-1,0.0, -> [background only]
frame_000384,-1.0,15.5818,79.0645,15.9406,110.5924,-1,0.0, -> [background only]
frame_000385,-1.0,10.7097,79.7404,16.1049,106.5599,-1,0.0, -> [background only]
frame_000386,-1.0,12.9283,81.0662,18.5959,112.5959,-1,0.0, -> [background only]
frame_000387,-1.0,9.8157,79.8222,19.1814,108.8241,-1,0.0, -> [background only]
frame_000388,-1.0,21.8711,82.9168,14.8483,119.6461,-1,0.0, -> [background only]
frame_000389,-1.0,17.9005,79.1356,17.3819,114.4237,-1,0.0, -> [background only]
frame_000390,-1.0,12.386,89.4918,22.0051,123.8883,-1,0.0, -> [background only]
frame_000391,-1.0,14.2326,75.9154,14.783,104.9361,-1,0.0, -> [background only]
frame_000392,-1.0,16.6077,84.948,16.1304,117.6918,-1,0.0, -> [background only]
frame_000393,-1.0,11.1248,80.588,17.658,109.3758,-1,0.0, -> [background only]
frame_000394,-1.0,24.726,90.4296,16.6513,131.8121,-1,0.0, -> [background only]
frame_000395,-1.0,14.7373,92.2118,14.3604,121.3149,-1,0.0, -> [background only]
frame_000396,-1.0,10.608,82.6173,17.1127,110.3434,-1,0.0, -> [background only]
frame_000397,-1.0,18.4239,82.5205,16.0917,117.0412,-1,0.0, -> [background only]
frame_000398,-1.0,12.6867,83.2415,14.5566,110.4981,-1,0.0, -> [background only]
frame_000399,-1.0,12.0388,81.5723,16.4433,110.0595,-1,0.0, -> [background only]
frame_000400,-1.0,19.0975,80.4641,16.3464,115.914,-1,0.0, -> [background only]
frame_000401,-1.0,12.5687,75.7621,16.5746,104.91,-1,0.0, -> [background only]
frame_000402,-1.0,16.7726,76.0465,15.6054,108.4294,-1,0.0, -> [person (Right): 5%]
frame_000403,-1.0,12.534,86.4955,17.2677,116.302,-1,0.0, -> [person (Right): 16%]
frame_000404,-1.0,10.3948,81.2287,17.6921,109.3206,-1,0.0, -> [person (Right): 19%]
frame_000405,-1.0,17.5952,82.4493,15.7156,115.7646,-1,0.0, -> [person (Right): 18%]
frame_000406,-1.0,13.1319,80.3133,17.9907,111.4406,-1,0.0, -> [person (Center): 21%]
frame_000407,-1.0,10.5171,79.5823,15.5388,105.6426,-1,0.0, -> [person (Center): 21%]
frame_000408,-1.0,14.3789,77.1413,17.4831,109.008,-1,0.0, -> [person (Center): 22%]
frame_000409,-1.0,10.4154,81.7933,17.0984,109.3124,-1,0.0, -> [person (Left): 20%]
frame_000410,-1.0,16.267,82.7453,16.7275,115.7443,-1,0.0, -> [person (Left): 23%]
frame_000411,-1.0,13.8549,85.7425,20.1298,119.7326,-1,0.0, -> [person (Left): 9%]
frame_000412,-1.0,14.0013,79.5734,16.5604,110.1402,-1,0.0, -> [background only]
frame_000413,-1.0,15.6956,88.0557,15.1086,118.8651,-1,0.0, -> [background only]
frame_000414,-1.0,12.4349,87.2125,16.2154,115.8681,-1,0.0, -> [background only]
frame_000415,-1.0,14.4472,81.634,15.7348,111.8211,-1,0.0, -> [background only]
frame_000416,-1.0,16.4011,80.6443,16.4156,113.4671,-1,0.0, -> [background only]
frame_000417,-1.0,18.7704,83.9594,17.2156,119.9513,-1,0.0, -> [background only]
frame_000418,-1.0,13.5896,78.9154,15.617,108.1271,-1,0.0, -> [background only]
frame_000419,-1.0,16.5566,78.4698,16.2517,111.2831,-1,0.0, -> [background only]
frame_000420,-1.0,10.2529,74.4131,15.2145,99.8855,-1,0.0, -> [background only]
frame_000421,-1.0,15.258,76.7875,14.7919,106.8421,-1,0.0, -> [background only]
frame_000422,-1.0,10.4454,77.2215,15.7233,103.3945,-1,0.0, -> [background only]
frame_000423,-1.0,18.0872,77.0345,14.6136,109.7399,-1,0.0, -> [background only]
frame_000424,-1.0,7.5073,89.0826,9.0981,105.6919,-1,0.0, -> [background only]
frame_000425,-1.0,9.974,80.3765,16.738,107.0926,-1,0.0, -> [background only]
frame_000426,-1.0,13.8275,85.0125,20.1163,118.9615,-1,0.0, -> [background only]
frame_000427,-1.0,12.9673,84.2009,17.3258,114.4992,-1,0.0, -> [background only]
frame_000428,-1.0,18.6853,84.0337,16.9459,119.6705,-1,0.0, -> [background only]
frame_000429,-1.0,12.7359,77.9607,16.824,107.5253,-1,0.0, -> [background only]
frame_000430,-1.0,14.1294,77.4973,14.773,106.4048,-1,0.0, -> [background only]
frame_000431,-1.0,12.5443,74.7885,17.1856,104.5233,-1,0.0, -> [background only]
frame_000432,-1.0,10.7375,81.4898,16.5734,108.8055,-1,0.0, -> [background only]
frame_000433,-1.0,22.7177,76.9374,14.5436,114.2036,-1,0.0, -> [background only]
frame_000434,-1.0,14.4232,84.7461,21.1445,120.3188,-1,0.0, -> [background only]
frame_000435,-1.0,13.819,82.8687,15.2704,111.9643,-1,0.0, -> [background only]
frame_000436,-1.0,17.1538,84.2736,14.7214,116.1541,-1,0.0, -> [background only]
frame_000437,-1.0,13.852,85.3122,10.9346,110.1034,-1,0.0, -> [background only]
frame_000438,-1.0,6.3756,76.9451,17.5788,100.904,-1,0.0, -> [background only]
frame_000439,-1.0,9.8917,83.2565,17.1407,110.2936,-1,0.0, -> [background only]
frame_000440,-1.0,15.4546,81.3355,15.2532,112.0485,-1,0.0, -> [background only]
frame_000441,-1.0,14.4465,82.6107,23.9161,120.9781,-1,0.0, -> [background only]
frame_000442,-1.0,12.286,80.7707,20.8009,113.8627,-1,0.0, -> [background only]
frame_000443,-1.0,14.5331,78.4073,16.071,109.0161,-1,0.0, -> [background only]
frame_000444,-1.0,19.8421,77.6933,16.6156,114.1565,-1,0.0, -> [background only]
frame_000445,-1.0,15.1184,78.6059,15.8095,109.5392,-1,0.0, -> [background only]
frame_000446,-1.0,23.3169,89.7546,8.5511,121.627,-1,0.0, -> [background only]
frame_000447,-1.0,7.6753,80.452,19.3981,107.5292,-1,0.0, -> [background only]
frame_000448,-1.0,12.0775,79.7727,14.6884,106.5432,-1,0.0, -> [background only]
frame_000449,-1.0,14.9913,86.4684,16.613,118.0779,-1,0.0, -> [background only]
frame_000450,-1.0,10.8292,77.0003,16.9511,104.7857,-1,0.0, -> [background only]
frame_000451,-1.0,37.3711,76.7275,14.7423,128.8455,-1,0.0, -> [background only]
frame_000452,-1.0,18.6396,80.4597,16.0676,115.1722,-1,0.0, -> [background only]
frame_000453,-1.0,12.0343,81.3808,16.6081,110.028,-1,0.0, -> [background only]
frame_000454,-1.0,18.766,84.513,18.5773,121.8616,-1,0.0, -> [background only]
frame_000455,-1.0,15.2568,83.0563,18.2338,116.5704,-1,0.0, -> [background only]
frame_000456,-1.0,12.4318,85.8829,26.2585,124.5784,-1,0.0, -> [background only]
frame_000457,-1.0,17.064,77.1912,15.4089,109.6689,-1,0.0, -> [background only]
frame_000458,-1.0,23.4253,76.1416,14.6727,114.2449,-1,0.0, -> [background only]
frame_000459,-1.0,14.183,79.3392,17.4533,110.9808,-1,0.0, -> [background only]
frame_000460,-1.0,13.2231,85.2914,14.2862,112.8055,-1,0.0, -> [background only]
frame_000461,-1.0,13.3947,77.3865,16.2066,106.9924,-1,0.0, -> [background only]
frame_000462,-1.0,10.0396,119.8826,19.6087,149.5356,-1,0.0, -> [background only]
frame_000463,-1.0,16.0948,84.843,17.4868,118.4299,-1,0.0, -> [background only]
frame_000464,-1.0,18.3828,79.6032,18.3876,116.3788,-1,0.0, -> [background only]
frame_000465,-1.0,20.6533,84.2541,16.7022,121.6148,-1,0.0, -> [background only]
frame_000466,-1.0,44.311,81.3244,17.7799,143.4204,-1,0.0, -> [background only]
frame_000467,-1.0,16.8137,79.2966,17.6702,113.7857,-1,0.0, -> [background only]
frame_000468,-1.0,14.8293,107.4609,18.1201,140.416,-1,0.0, -> [background only]
frame_000469,-1.0,15.5651,77.9308,16.6615,110.162,-1,0.0, -> [background only]
frame_000470,-1.0,22.7206,90.3104,20.1876,133.2238,-1,0.0, -> [background only]
frame_000471,-1.0,13.0377,82.6283,16.9461,112.6171,-1,0.0, -> [background only]
frame_000472,-1.0,20.9751,74.9158,19.6703,115.5669,-1,0.0, -> [background only]
frame_000473,-1.0,20.2701,79.9268,16.0755,116.2777,-1,0.0, -> [background only]
frame_000474,-1.0,18.138,76.4457,18.0346,112.6241,-1,0.0, -> [background only]
frame_000475,-1.0,15.262,79.5693,16.41,111.2458,-1,0.0, -> [background only]
frame_000476,-1.0,17.1508,81.494,16.206,114.8556,-1,0.0, -> [background only]
frame_000477,-1.0,16.0402,79.3475,16.1637,111.5559,-1,0.0, -> [background only]
frame_000478,-1.0,11.6107,82.1002,15.9149,109.6308,-1,0.0, -> [background only]
frame_000479,-1.0,16.8058,81.3667,16.8952,115.0731,-1,0.0, -> [background only]
frame_000480,-1.0,17.9449,77.4059,16.8816,112.2379,-1,0.0, -> [background only]
frame_000481,-1.0,13.2498,78.2073,15.3144,106.7762,-1,0.0, -> [background only]
frame_000482,-1.0,19.2937,88.4377,7.5111,115.2467,-1,0.0, -> [background only]
frame_000483,-1.0,5.5463,81.1717,17.5001,104.2223,-1,0.0, -> [background only]
frame_000484,-1.0,17.4324,72.3036,14.8908,104.6314,-1,0.0, -> [background only]
frame_000485,-1.0,13.6318,77.0892,17.6414,108.3673,-1,0.0, -> [background only]
frame_000486,-1.0,16.447,73.5005,16.577,106.5297,-1,0.0, -> [background only]
frame_000487,-1.0,14.6759,83.9962,17.2752,115.9524,-1,0.0, -> [background only]
frame_000488,-1.0,13.515,76.9823,16.2175,106.7194,-1,0.0, -> [background only]
frame_000489,-1.0,12.0991,89.0292,17.1994,118.3321,-1,0.0, -> [background only]
frame_000490,-1.0,10.591,83.8087,17.9328,112.3382,-1,0.0, -> [background only]
frame_000491,-1.0,17.1137,80.536,15.0204,112.6753,-1,0.0, -> [background only]
frame_000492,-1.0,19.752,79.4292,16.3953,115.5819,-1,0.0, -> [background only]
frame_000493,-1.0,10.4035,91.3347,21.6004,123.344,-1,0.0, -> [background only]
frame_000494,-1.0,15.155,77.7803,14.9183,107.8591,-1,0.0, -> [background only]
frame_000495,-1.0,19.4725,84.6797,15.3915,119.5485,-1,0.0, -> [background only]
frame_000496,-1.0,12.6125,77.7614,16.8821,107.2611,-1,0.0, -> [background only]
frame_000497,-1.0,22.6866,84.0132,15.7848,122.4902,-1,0.0, -> [background only]
frame_000498,-1.0,17.2749,91.2251,16.2785,124.7838,-1,0.0, -> [background only]
frame_000499,-1.0,11.053,81.8036,19.4454,112.3071,-1,0.0, -> [background only]
frame_000500,-1.0,15.6618,74.386,14.7547,104.8074,-1,0.0, -> [background only]
frame_000501,-1.0,16.925,77.5211,15.9385,110.3896,-1,0.0, -> [background only]
frame_000502,-1.0,15.4002,79.303,14.8359,109.5443,-1,0.0, -> [background only]
frame_000503,-1.0,18.7525,79.8687,14.9703,113.5969,-1,0.0, -> [background only]
frame_000504,-1.0,14.1035,79.5634,16.6611,110.3328,-1,0.0, -> [background only]
frame_000505,-1.0,19.1833,88.6679,14.6155,122.4721,-1,0.0, -> [background only]
frame_000506,-1.0,21.9734,82.5591,15.1845,119.7223,-1,0.0, -> [background only]
frame_000507,-1.0,10.6696,76.4858,17.4187,104.5786,-1,0.0, -> [background only]
frame_000508,-1.0,19.4138,83.3473,15.9082,118.6746,-1,0.0, -> [background only]
frame_000509,-1.0,17.1962,79.6245,16.6377,113.4633,-1,0.0, -> [background only]
frame_000510,-1.0,10.6622,78.7097,20.7378,110.1145,-1,0.0, -> [background only]
frame_000511,-1.0,20.1664,83.3173,15.0146,118.5028,-1,0.0, -> [background only]
frame_000512,-1.0,12.554,89.5774,16.9659,119.1019,-1,0.0, -> [background only]
frame_000513,-1.0,10.4151,77.9921,16.4811,104.8938,-1,0.0, -> [background only]
frame_000514,-1.0,14.2848,79.4953,16.474,110.2592,-1,0.0, -> [background only]
frame_000515,-1.0,14.901,79.0039,21.4248,115.3352,-1,0.0, -> [background only]
frame_000516,-1.0,13.0817,81.4494,16.316,110.8517,-1,0.0, -> [background only]
frame_000517,-1.0,17.4314,80.0141,15.1457,112.5962,-1,0.0, -> [background only]
frame_000518,-1.0,10.2079,84.06,16.6659,110.9391,-1,0.0, -> [background only]
frame_000519,-1.0,17.0049,76.5973,15.2246,108.8317,-1,0.0, -> [background only]
frame_000520,-1.0,10.2193,73.3581,17.6638,101.2464,-1,0.0, -> [background only]
frame_000521,-1.0,16.168,80.7194,15.0627,111.9549,-1,0.0, -> [background only]
frame_000522,-1.0,14.8584,76.0232,22.6143,113.5006,-1,0.0, -> [background only]
frame_000523,-1.0,12.6172,78.1589,15.1253,105.9063,-1,0.0, -> [background only]
frame_000524,-1.0,18.0064,78.5958,17.2929,113.9002,-1,0.0, -> [background only]
frame_000525,-1.0,10.2411,87.8303,19.7427,117.8197,-1,0.0, -> [background only]
frame_000526,-1.0,13.6615,77.6553,14.9121,106.2345,-1,0.0, -> [background only]
frame_000527,-1.0,15.4658,79.0265,17.5384,112.0362,-1,0.0, -> [background only]
frame_000528,-1.0,10.1022,77.3516,16.5472,104.0061,-1,0.0, -> [background only]
frame_000529,-1.0,14.34,79.2238,17.9889,111.5574,-1,0.0, -> [background only]
frame_000530,-1.0,11.9411,79.2229,16.1275,107.2968,-1,0.0, -> [background only]
frame_000531,-1.0,20.0921,79.7617,15.0193,114.8777,-1,0.0, -> [background only]
frame_000532,-1.0,16.019,74.3969,19.6135,110.0346,-1,0.0, -> [background only]
frame_000533,-1.0,11.009,74.9178,14.8704,100.8016,-1,0.0, -> [background only]
frame_000534,-1.0,13.0894,80.9208,16.7002,110.7151,-1,0.0, -> [background only]
frame_000535,-1.0,13.9108,90.343,16.8423,121.1011,-1,0.0, -> [background only]
frame_000536,-1.0,22.2734,87.1299,16.3587,125.7677,-1,0.0, -> [background only]
frame_000537,-1.0,14.6938,86.8587,15.1205,116.6777,-1,0.0, -> [background only]
frame_000538,-1.0,10.0361,84.8689,17.1097,112.0195,-1,0.0, -> [background only]
frame_000539,-1.0,18.3273,72.6675,16.2409,107.2407,-1,0.0, -> [background only]
frame_000540,-1.0,13.829,84.7898,17.8648,116.4883,-1,0.0, -> [background only]
frame_000541,-1.0,10.8848,75.9233,16.4668,103.2791,-1,0.0, -> [background only]
frame_000542,-1.0,19.2614,102.7679,14.9095,136.9443,-1,0.0, -> [background only]
frame_000543,-1.0,15.9468,83.1982,17.0126,116.162,-1,0.0, -> [background only]
frame_000544,-1.0,14.808,87.2209,16.3415,118.3759,-1,0.0, -> [background only]
frame_000545,-1.0,13.9807,78.614,15.4238,108.0239,-1,0.0, -> [background only]
frame_000546,-1.0,17.2736,78.3365,28.9533,124.568,-1,0.0, -> [background only]
frame_000547,-1.0,12.6468,88.5497,16.7921,117.9937,-1,0.0, -> [background only]
frame_000548,-1.0,12.5036,84.8185,16.5561,113.8831,-1,0.0, -> [background only]
frame_000549,-1.0,18.794,85.9911,15.0851,119.8751,-1,0.0, -> [background only]
frame_000550,-1.0,10.9342,86.3714,16.0224,113.333,-1,0.0, -> [background only]
frame_000551,-1.0,12.1569,79.1637,17.0605,108.386,-1,0.0, -> [background only]
frame_000552,-1.0,14.8503,82.3419,15.8748,113.0715,-1,0.0, -> [background only]
frame_000553,-1.0,10.3284,84.1763,21.023,115.5329,-1,0.0, -> [background only]
frame_000554,-1.0,11.3747,80.4616,14.7313,106.5727,-1,0.0, -> [background only]
frame_000555,-1.0,14.5868,77.7194,16.9713,109.2825,-1,0.0, -> [background only]
frame_000556,-1.0,10.3701,83.5738,16.6442,110.5931,-1,0.0, -> [background only]
frame_000557,-1.0,14.282,82.9436,16.3775,113.608,-1,0.0, -> [background only]
frame_000558,-1.0,10.5623,81.2912,17.4196,109.2781,-1,0.0, -> [background only]
frame_000559,-1.0,19.4187,81.1948,15.2769,115.8966,-1,0.0, -> [background only]
frame_000560,-1.0,14.9225,84.3423,15.3832,114.653,-1,0.0, -> [background only]
frame_000561,-1.0,10.8645,82.7039,16.2485,109.822,-1,0.0, -> [background only]
frame_000562,-1.0,19.5477,76.9994,16.5206,113.0727,-1,0.0, -> [background only]
frame_000563,-1.0,10.2596,79.4372,19.5099,109.2116,-1,0.0, -> [background only]
frame_000564,-1.0,13.6611,76.7034,16.1871,106.556,-1,0.0, -> [background only]
frame_000565,-1.0,14.1317,85.9472,17.7754,117.8593,-1,0.0, -> [background only]
frame_000566,-1.0,15.9063,84.4941,21.0254,121.4364,-1,0.0, -> [background only]
frame_000567,-1.0,17.1576,81.474,15.6576,114.2946,-1,0.0, -> [background only]
frame_000568,-1.0,24.6121,83.7243,15.861,124.2023,-1,0.0, -> [background only]
frame_000569,-1.0,14.1059,83.0098,15.9704,113.0911,-1,0.0, -> [background only]
frame_000570,-1.0,10.409,80.1377,19.8822,110.4341,-1,0.0, -> [background only]
frame_000571,-1.0,16.7701,77.3562,14.6796,108.8111,-1,0.0, -> [background only]
frame_000572,-1.0,12.6171,77.2404,16.0323,105.8953,-1,0.0, -> [background only]
frame_000573,-1.0,22.6904,83.0625,17.7707,123.5289,-1,0.0, -> [background only]
frame_000574,-1.0,15.1476,83.5618,10.0334,108.7471,-1,0.0, -> [background only]
frame_000575,-1.0,6.7079,83.8739,17.7516,108.3379,-1,0.0, -> [background only]
frame_000576,-1.0,22.0006,76.3214,16.4086,114.737,-1,0.0, -> [background only]
frame_000577,-1.0,11.4802,81.4746,20.265,113.2244,-1,0.0, -> [background only]
frame_000578,-1.0,9.8603,75.7428,16.4294,102.037,-1,0.0, -> [background only]
frame_000579,-1.0,12.7425,79.991,20.8401,113.5782,-1,0.0, -> [background only]
frame_000580,-1.0,14.3622,78.4641,16.1648,108.9966,-1,0.0, -> [background only]
frame_000581,-1.0,17.6133,84.5217,14.9004,117.04,-1,0.0, -> [background only]
frame_000582,-1.0,10.7573,79.5618,17.3685,107.6929,-1,0.0, -> [background only]
frame_000583,-1.0,17.096,78.6786,14.8394,110.6188,-1,0.0, -> [background only]
frame_000584,-1.0,9.9918,84.1155,16.2357,110.3476,-1,0.0, -> [background only]
frame_000585,-1.0,15.4648,83.5294,16.2277,115.2274,-1,0.0, -> [background only]
frame_000586,-1.0,17.0099,79.541,16.4806,113.0365,-1,0.0, -> [background only]
frame_000587,-1.0,9.9893,85.2157,9.9317,105.1408,-1,0.0, -> [background only]
frame_000588,-1.0,6.4317,77.8768,14.3628,98.6752,-1,0.0, -> [background only]
frame_000589,-1.0,9.3619,86.4084,16.9592,112.7396,-1,0.0, -> [background only]
frame_000590,-1.0,18.0673,78.4611,16.526,113.0592,-1,0.0, -> [background only]
frame_000591,-1.0,12.9543,75.5163,16.7424,105.2187,-1,0.0, -> [background only]
frame_000592,-1.0,10.2774,75.4655,15.0727,100.8205,-1,0.0, -> [background only]
frame_000593,-1.0,16.7588,78.0066,17.5982,112.3686,-1,0.0, -> [background only]
frame_000594,-1.0,9.8137,79.478,16.9756,106.272,-1,0.0, -> [background only]
frame_000595,-1.0,14.1288,79.5346,19.3071,112.9758,-1,0.0, -> [background only]
frame_000596,-1.0,10.306,76.1983,14.8936,101.4135,-1,0.0, -> [background only]
frame_000597,-1.0,12.7201,83.7012,16.4797,112.9057,-1,0.0, -> [background only]
frame_000598,-1.0,11.9836,79.2444,16.4235,107.6567,-1,0.0, -> [background only]
frame_000599,-1.0,17.3835,83.1985,14.7615,115.3491,-1,0.0, -> [background only]
frame_000600,-1.0,16.4618,82.2803,15.3591,114.1113,-1,0.0, -> [background only]
frame_000601,-1.0,15.2836,80.8424,16.8028,112.9336,-1,0.0, -> [background only]
frame_000602,-1.0,20.1768,84.797,16.2335,121.2127,-1,0.0, -> [background only]
frame_000603,-1.0,19.9857,83.7045,7.0399,110.7344,-1,0.0, -> [background only]
frame_000604,-1.0,7.0736,85.187,17.4047,109.6692,-1,0.0, -> [background only]
frame_000605,-1.0,22.2759,83.281,16.045,121.6073,-1,0.0, -> [background only]
frame_000606,-1.0,11.5142,82.0581,16.3556,109.933,-1,0.0, -> [background only]
frame_000607,-1.0,12.2689,77.4006,15.6259,105.3004,-1,0.0, -> [background only]
frame_000608,-1.0,22.0723,76.7285,16.2603,115.0669,-1,0.0, -> [background only]
frame_000609,-1.0,9.9342,83.6132,16.7698,110.3226,-1,0.0, -> [background only]
frame_000610,-1.0,16.6227,79.445,15.2539,111.3265,-1,0.0, -> [background only]
frame_000611,-1.0,11.1414,79.458,15.7187,106.3231,-1,0.0, -> [background only]
frame_000612,-1.0,16.5951,76.5136,16.4028,109.5175,-1,0.0, -> [background only]
frame_000613,-1.0,13.7922,81.643,16.6843,112.1241,-1,0.0, -> [background only]
frame_000614,-1.0,10.3755,85.8263,16.024,112.2302,-1,0.0, -> [background only]
frame_000615,-1.0,18.0336,79.7354,14.6689,112.4432,-1,0.0, -> [background only]
frame_000616,-1.0,16.8498,81.1782,16.7346,114.7674,-1,0.0, -> [background only]
frame_000617,-1.0,10.1787,77.6286,16.1164,103.9292,-1,0.0, -> [background only]
frame_000618,-1.0,14.3811,83.9205,25.0829,123.3887,-1,0.0, -> [background only]
frame_000619,-1.0,11.0564,84.6908,19.9907,115.7433,-1,0.0, -> [background only]
frame_000620,-1.0,11.5872,80.5947,16.4135,108.6007,-1,0.0, -> [background only]
frame_000621,-1.0,14.084,88.1167,17.3873,119.5937,-1,0.0, -> [background only]
frame_000622,-1.0,10.7166,83.1381,20.8811,114.7412,-1,0.0, -> [background only]
frame_000623,-1.0,11.5456,77.5097,15.1055,104.1662,-1,0.0, -> [chair (Left): 1%]
frame_000624,-1.0,13.6475,81.9041,16.061,111.6182,-1,0.0, -> [background only]
frame_000625,-1.0,17.2587,76.2017,16.6436,110.1099,-1,0.0, -> [background only]
frame_000626,-1.0,16.7146,80.7461,15.8317,113.2977,-1,0.0, -> [background only]
frame_000627,-1.0,8.766,82.284,16.8218,107.889,-1,0.0, -> [background only]
frame_000628,-1.0,46.6721,80.7453,17.3503,144.7738,-1,0.0, -> [background only]
frame_000629,-1.0,22.6129,74.6917,16.2567,113.5662,-1,0.0, -> [background only]
frame_000630,-1.0,7.9549,82.3133,21.3709,111.643,-1,0.0, -> [chair (Left): 3%]
frame_000631,-1.0,13.4965,76.876,15.8721,106.25,-1,0.0, -> [background only]
frame_000632,-1.0,17.2886,83.3774,21.1847,121.8559,-1,0.0, -> [background only]
frame_000633,-1.0,18.7852,79.9689,17.4765,116.2355,-1,0.0, -> [chair (Left): 1%]
frame_000634,-1.0,13.6921,84.6832,16.3257,114.7157,-1,0.0, -> [background only]
frame_000635,-1.0,19.5152,77.5284,14.8173,111.8658,-1,0.0, -> [background only]
frame_000636,-1.0,11.7439,84.7884,9.5666,106.1038,-1,0.0, -> [background only]
frame_000637,-1.0,6.0929,79.144,16.4724,101.7132,-1,0.0, -> [background only]
frame_000638,-1.0,10.6345,79.72,15.6952,106.0547,-1,0.0, -> [background only]
frame_000639,-1.0,13.7227,80.0315,18.3105,112.0698,-1,0.0, -> [background only]
frame_000640,-1.0,17.979,76.7213,16.2942,111.0,-1,0.0, -> [background only]
frame_000641,-1.0,12.0227,78.9269,15.3919,106.3464,-1,0.0, -> [background only]
frame_000642,-1.0,14.4669,80.6406,16.4777,111.5905,-1,0.0, -> [background only]
frame_000643,-1.0,12.3526,81.8356,16.2689,110.4625,-1,0.0, -> [background only]
frame_000644,-1.0,15.8986,78.7713,15.9642,110.6397,-1,0.0, -> [background only]
frame_000645,-1.0,18.493,83.0388,16.24,117.7763,-1,0.0, -> [background only]
frame_000646,-1.0,10.3945,78.3518,17.6317,106.3832,-1,0.0, -> [background only]
frame_000647,-1.0,21.3022,80.7347,14.6871,116.7283,-1,0.0, -> [background only]
frame_000648,-1.0,11.6968,79.8426,18.5725,110.1171,-1,0.0, -> [background only]
frame_000649,-1.0,13.0856,78.8808,16.5655,108.5372,-1,0.0, -> [background only]
frame_000650,-1.0,17.5205,81.7483,15.9853,115.2583,-1,0.0, -> [background only]
frame_000651,-1.0,10.6415,81.6209,15.5717,107.8389,-1,0.0, -> [background only]
frame_000652,-1.0,19.7163,79.4361,15.9996,115.157,-1,0.0, -> [background only]
frame_000653,-1.0,11.6374,77.9756,17.3799,106.9983,-1,0.0, -> [background only]
frame_000654,-1.0,18.126,84.6919,16.1899,119.0131,-1,0.0, -> [background only]
frame_000655,-1.0,18.2185,78.7074,16.1316,113.0625,-1,0.0, -> [background only]
frame_000656,-1.0,11.0935,78.321,21.8935,111.3131,-1,0.0, -> [background only]
frame_000657,-1.0,10.0456,83.7024,16.3278,110.0804,-1,0.0, -> [background only]
frame_000658,-1.0,14.5811,76.0958,16.476,107.1584,-1,0.0, -> [background only]
frame_000659,-1.0,12.8395,77.0221,16.451,106.3174,-1,0.0, -> [background only]
frame_000660,-1.0,11.9706,77.665,17.0291,106.6696,-1,0.0, -> [background only]
frame_000661,-1.0,10.5976,83.9713,9.5038,104.0768,-1,0.0, -> [background only]
frame_000662,-1.0,6.8247,79.1601,15.6717,101.6607,-1,0.0, -> [background only]
frame_000663,-1.0,10.3168,78.7461,15.8297,104.8978,-1,0.0, -> [background only]
frame_000664,-1.0,15.1485,76.3683,17.0623,108.5844,-1,0.0, -> [background only]
frame_000665,-1.0,10.6887,73.5406,16.9855,101.2199,-1,0.0, -> [background only]
frame_000666,-1.0,16.5565,79.2342,16.4335,112.2292,-1,0.0, -> [background only]
frame_000667,-1.0,12.229,86.3815,9.1909,107.8056,-1,0.0, -> [background only]
frame_000668,-1.0,11.5825,87.8707,14.9216,114.3794,-1,0.0, -> [background only]
frame_000669,-1.0,18.7376,84.5103,17.1048,120.3586,-1,0.0, -> [background only]
frame_000670,-1.0,14.5342,77.5968,16.3067,108.4427,-1,0.0, -> [sofa (Left): 1%]
frame_000671,-1.0,19.0404,81.8064,17.1837,118.036,-1,0.0," -> [chair (Left): 1%, sofa (Left): 1%]"
frame_000672,-1.0,14.6339,78.7061,17.5346,110.8795,-1,0.0, -> [sofa (Left): 2%]
frame_000673,-1.0,15.9317,80.6874,17.2024,113.827,-1,0.0," -> [chair (Left): 1%, sofa (Left): 1%]"
frame_000674,-1.0,20.8057,77.9563,14.4211,113.1882,-1,0.0, -> [background only]
frame_000675,-1.0,12.2331,75.2523,16.9354,104.4314,-1,0.0, -> [background only]
frame_000676,-1.0,18.3839,76.9418,16.0966,111.4275,-1,0.0, -> [background only]
frame_000677,-1.0,17.6439,79.6289,20.1451,117.4236,-1,0.0, -> [background only]
frame_000678,-1.0,14.2626,79.5609,17.1377,110.966,-1,0.0, -> [background only]
frame_000679,-1.0,20.005,86.1434,14.8264,120.9807,-1,0.0, -> [background only]
frame_000680,-1.0,13.8733,81.8759,16.3199,112.0739,-1,0.0, -> [background only]
frame_000681,-1.0,10.7558,83.5006,14.6915,108.9528,-1,0.0, -> [background only]
frame_000682,-1.0,13.5255,82.4849,14.9965,111.0173,-1,0.0, -> [background only]
frame_000683,-1.0,10.1191,83.6519,18.2622,112.0437,-1,0.0, -> [background only]
frame_000684,-1.0,45.304,77.0935,21.0272,143.4294,-1,0.0, -> [background only]
frame_000685,-1.0,10.4308,84.2988,17.2584,111.993,-1,0.0, -> [background only]
frame_000686,-1.0,14.6933,86.9713,15.7075,117.3774,-1,0.0, -> [background only]
frame_000687,-1.0,13.4195,77.6954,16.1469,107.2671,-1,0.0, -> [background only]
frame_000688,-1.0,15.7439,76.5841,16.4639,108.7972,-1,0.0, -> [background only]
frame_000689,-1.0,10.2828,80.7888,16.0461,107.1229,-1,0.0, -> [background only]
frame_000690,-1.0,19.7415,80.124,14.8848,114.755,-1,0.0, -> [background only]
frame_000691,-1.0,12.7777,77.9517,16.8249,107.5592,-1,0.0," -> [chair (Left): 1%, tvmonitor (Top-Left): 1%]"
frame_000692,-1.0,11.2028,77.495,15.4553,104.1578,-1,0.0, -> [chair (Left): 2%]
frame_000693,-1.0,12.5623,71.5262,16.2018,100.2953,-1,0.0, -> [chair (Left): 2%]
frame_000694,-1.0,11.4052,82.1327,17.2433,110.7863,-1,0.0," -> [chair (Left): 3%, tvmonitor (Top-Left): 2%]"
frame_000695,-1.0,14.1321,79.1185,19.8404,113.0956,-1,0.0," -> [chair (Left): 5%, tvmonitor (Top-Left): 2%]"
frame_000696,-1.0,12.1143,85.1902,20.0773,117.3872,-1,0.0," -> [chair (Left): 5%, tvmonitor (Top-Left): 1%]"
frame_000697,-1.0,10.6111,80.0759,15.2257,105.9171,-1,0.0, -> [chair (Left): 9%]
frame_000698,-1.0,13.6933,89.2464,9.8758,112.8192,-1,0.0, -> [chair (Left): 10%]
frame_000699,-1.0,5.8095,84.2964,18.0799,108.1898,-1,0.0, -> [chair (Left): 15%]
frame_000700,-1.0,17.3497,80.4958,15.216,113.0663,-1,0.0, -> [chair (Left): 16%]
frame_000701,-1.0,13.6657,80.3955,16.8176,110.8833,-1,0.0, -> [chair (Left): 16%]
frame_000702,-1.0,17.5286,81.8928,17.1755,116.6019,-1,0.0, -> [chair (Left): 12%]
frame_000703,-1.0,18.294,85.236,14.9559,118.491,-1,0.0, -> [chair (Left): 9%]
frame_000704,-1.0,17.9783,80.9084,17.7631,116.6544,-1,0.0, -> [chair (Center): 6%]
frame_000705,-1.0,14.1191,79.6511,15.4309,109.2058,-1,0.0," -> [chair (Center): 8%, tvmonitor (Top): 1%]"
frame_000706,-1.0,14.2555,82.3401,16.9916,113.5919,-1,0.0," -> [chair (Center): 9%, tvmonitor (Top): 1%]"
frame_000707,-1.0,10.4527,86.9497,17.6224,115.0296,-1,0.0, -> [chair (Center): 7%]
frame_000708,-1.0,13.2526,86.5996,15.5966,115.4544,-1,0.0, -> [chair (Center): 7%]
frame_000709,-1.0,17.2588,85.7024,28.6235,131.5902,-1,0.0," -> [chair (Center): 8%, tvmonitor (Top): 1%]"
frame_000710,-1.0,19.7961,78.2443,18.4766,116.5221,-1,0.0," -> [chair (Center): 9%, tvmonitor (Top): 1%]"
frame_000711,-1.0,11.1953,82.9355,16.4771,110.6129,-1,0.0, -> [chair (Center): 10%]
frame_000712,-1.0,15.521,83.032,15.5576,114.1157,-1,0.0, -> [chair (Center): 10%]
frame_000713,-1.0,10.5648,91.794,18.0846,120.448,-1,0.0, -> [chair (Center): 10%]
frame_000714,-1.0,12.5529,78.4189,15.4934,106.4704,-1,0.0, -> [chair (Center): 10%]
frame_000715,-1.0,20.1896,80.8452,15.6295,116.67,-1,0.0," -> [chair (Center): 9%, tvmonitor (Top): 2%]"
frame_000716,-1.0,10.4898,80.9966,16.4845,107.976,-1,0.0, -> [chair (Center): 8%]
frame_000717,-1.0,16.7364,83.6079,16.8762,117.2257,-1,0.0, -> [chair (Center): 8%]
frame_000718,-1.0,15.5682,84.9498,16.8907,117.4135,-1,0.0, -> [chair (Center): 10%]
frame_000719,-1.0,10.1232,74.6454,16.6614,101.4354,-1,0.0, -> [chair (Center): 10%]
frame_000720,-1.0,13.6713,88.6783,15.2126,117.5669,-1,0.0, -> [chair (Center): 9%]
frame_000721,-1.0,10.6365,81.7817,20.7976,113.2213,-1,0.0, -> [chair (Center): 9%]
frame_000722,-1.0,11.6233,81.807,15.6414,109.0768,-1,0.0, -> [chair (Center): 10%]
frame_000723,-1.0,13.9265,86.8448,25.2667,126.0431,-1,0.0, -> [chair (Center): 9%]
frame_000724,-1.0,8.7689,84.4668,16.4459,109.6861,-1,0.0, -> [chair (Center): 9%]
frame_000725,-1.0,13.6722,82.7917,16.9248,113.3934,-1,0.0, -> [chair (Center): 9%]
frame_000726,-1.0,14.3364,78.0311,16.809,109.1813,-1,0.0, -> [chair (Center): 8%]
frame_000727,-1.0,10.6842,84.8628,18.0661,113.6178,-1,0.0," -> [chair (Center): 10%, tvmonitor (Top): 2%]"
frame_000728,-1.0,14.5426,83.2427,15.288,113.0784,-1,0.0," -> [chair (Center): 11%, tvmonitor (Top): 3%]"
frame_000729,-1.0,10.6996,84.2111,20.4592,115.3749,-1,0.0," -> [chair (Center): 6%, tvmonitor (Top): 4%]"
frame_000730,-1.0,13.2383,83.3233,17.354,113.9212,-1,0.0," -> [chair (Center): 6%, tvmonitor (Top): 3%]"
frame_000731,-1.0,18.3262,87.4927,16.8343,122.6588,-1,0.0," -> [chair (Center): 5%, tvmonitor (Top): 4%]"
frame_000732,-1.0,10.7793,78.8434,16.8612,106.4889,-1,0.0," -> [chair (Center): 5%, tvmonitor (Top): 3%]"
frame_000733,-1.0,11.0468,78.5265,17.257,106.8358,-1,0.0," -> [chair (Center): 5%, tvmonitor (Top): 3%]"
frame_000734,-1.0,10.6909,76.534,18.6948,105.9245,-1,0.0," -> [chair (Center): 5%, tvmonitor (Top): 3%]"
frame_000735,-1.0,11.0291,78.2856,16.8287,106.1482,-1,0.0," -> [chair (Bottom): 7%, tvmonitor (Top): 3%]"
frame_000736,-1.0,15.7972,77.0373,16.8248,109.6645,-1,0.0," -> [chair (Bottom): 8%, tvmonitor (Center): 3%]"
frame_000737,-1.0,13.036,78.4954,16.555,108.0909,-1,0.0," -> [chair (Bottom): 9%, tvmonitor (Center): 3%]"
frame_000738,-1.0,17.0913,89.1984,17.5913,123.8858,-1,0.0," -> [chair (Bottom): 5%, tvmonitor (Center): 3%]"
frame_000739,-1.0,13.629,86.43,17.3143,117.3779,-1,0.0," -> [chair (Bottom): 5%, tvmonitor (Center): 3%]"
frame_000740,-1.0,12.476,81.3868,17.6833,111.5506,-1,0.0," -> [chair (Bottom): 4%, tvmonitor (Center): 3%]"
frame_000741,-1.0,17.5297,79.3301,15.687,112.5524,-1,0.0," -> [chair (Bottom): 5%, tvmonitor (Center): 3%]"
frame_000742,-1.0,10.3006,73.4651,17.8241,101.5944,-1,0.0," -> [chair (Bottom): 5%, tvmonitor (Center): 3%]"
frame_000743,-1.0,19.0331,82.0345,16.9949,118.0676,-1,0.0," -> [chair (Bottom): 5%, tvmonitor (Center): 4%]"
frame_000744,-1.0,13.6678,79.6919,18.0162,111.3807,-1,0.0," -> [chair (Bottom): 5%, tvmonitor (Center): 3%]"
frame_000745,-1.0,10.3138,74.2392,15.9213,100.4792,-1,0.0," -> [chair (Bottom): 5%, tvmonitor (Center): 4%]"
frame_000746,-1.0,13.2984,77.2844,15.5375,106.1244,-1,0.0," -> [chair (Bottom): 6%, tvmonitor (Center): 3%]"
frame_000747,-1.0,10.4014,79.6311,18.3763,108.4138,-1,0.0," -> [chair (Bottom): 5%, tvmonitor (Center): 4%]"
frame_000748,-1.0,14.9964,82.8223,17.1543,114.9774,-1,0.0," -> [chair (Bottom): 5%, tvmonitor (Center): 3%]"
frame_000749,-1.0,10.5437,78.2319,16.6988,105.4794,-1,0.0," -> [chair (Bottom): 6%, tvmonitor (Center): 4%]"
frame_000750,-1.0,16.9798,84.2663,16.2322,117.4834,-1,0.0," -> [chair (Bottom): 7%, tvmonitor (Center): 3%]"
frame_000751,-1.0,14.26,83.2236,17.869,115.358,-1,0.0," -> [chair (Center): 10%, tvmonitor (Center): 2%]"
frame_000752,-1.0,10.455,76.8186,15.6774,102.9555,-1,0.0," -> [chair (Center): 9%, tvmonitor (Top): 3%]"
frame_000753,-1.0,14.1001,82.3979,17.2328,113.7353,-1,0.0," -> [chair (Center): 7%, tvmonitor (Top): 3%]"
frame_000754,-1.0,12.9563,81.8812,18.5274,113.3696,-1,0.0," -> [chair (Center): 8%, tvmonitor (Top): 2%]"
frame_000755,-1.0,14.2559,87.5808,18.2388,120.0804,-1,0.0," -> [chair (Center): 7%, tvmonitor (Top): 2%]"
frame_000756,-1.0,17.2637,87.0275,16.5942,120.8908,-1,0.0," -> [chair (Center): 8%, tvmonitor (Top): 2%]"
frame_000757,-1.0,10.8123,88.9538,11.9686,111.7392,-1,0.0," -> [chair (Center): 8%, tvmonitor (Top): 2%]"
frame_000758,-1.0,5.9531,91.7931,9.1728,106.9222,-1,0.0," -> [chair (Center): 8%, tvmonitor (Top): 2%]"
frame_000759,-1.0,6.7587,94.7365,18.9889,120.4882,-1,0.0," -> [chair (Center): 9%, tvmonitor (Top): 2%]"
frame_000760,-1.0,11.0473,76.6355,19.1967,106.8844,-1,0.0," -> [chair (Center): 8%, tvmonitor (Top): 2%]"
frame_000761,-1.0,16.8523,77.3465,15.9352,110.1396,-1,0.0," -> [chair (Center): 7%, tvmonitor (Top): 2%]"
frame_000762,-1.0,10.6138,78.4229,17.4539,106.4958,-1,0.0," -> [chair (Center): 7%, tvmonitor (Top): 2%]"
frame_000763,-1.0,18.9854,82.01,16.5695,117.5703,-1,0.0," -> [chair (Center): 6%, tvmonitor (Top): 2%]"
frame_000764,-1.0,17.2226,84.0469,17.0438,118.3178,-1,0.0, -> [chair (Center): 9%]
frame_000765,-1.0,12.8063,79.2949,17.0475,109.1536,-1,0.0, -> [chair (Center): 5%]
frame_000766,-1.0,18.4392,74.7369,15.1904,108.3725,-1,0.0, -> [chair (Center): 8%]
frame_000767,-1.0,14.666,86.2042,16.8787,117.7538,-1,0.0, -> [chair (Center): 9%]
frame_000768,-1.0,10.4065,80.8855,17.728,109.0247,-1,0.0, -> [chair (Center): 2%]
frame_000769,-1.0,20.1217,89.0188,15.1827,124.3281,-1,0.0, -> [chair (Left): 9%]
frame_000770,-1.0,14.51,88.5999,15.6933,118.8082,-1,0.0, -> [background only]
frame_000771,-1.0,12.5357,81.0502,16.1117,109.7025,-1,0.0, -> [background only]
frame_000772,-1.0,19.4416,75.9537,16.1632,111.5632,-1,0.0, -> [background only]
frame_000773,-1.0,15.4715,80.452,18.1011,114.0295,-1,0.0, -> [background only]
frame_000774,-1.0,13.8911,78.8859,14.7872,107.5692,-1,0.0, -> [background only]
frame_000775,-1.0,20.648,84.9575,24.8717,130.4825,-1,0.0, -> [background only]
frame_000776,-1.0,21.3492,81.1663,16.0447,118.5652,-1,0.0, -> [background only]
frame_000777,-1.0,14.5487,77.4618,17.207,109.2227,-1,0.0, -> [background only]
frame_000778,-1.0,18.8985,77.7708,16.3231,112.9976,-1,0.0, -> [background only]
frame_000779,-1.0,12.1091,78.6546,16.3645,107.1328,-1,0.0, -> [background only]
frame_000780,-1.0,22.3445,87.4653,17.2311,127.0456,-1,0.0, -> [background only]
frame_000781,-1.0,20.1855,76.7529,16.1088,113.07,-1,0.0, -> [background only]
frame_000782,-1.0,10.9317,81.5795,22.2176,114.7335,-1,0.0, -> [background only]
frame_000783,-1.0,11.5114,80.2118,16.5432,108.2716,-1,0.0, -> [background only]
frame_000784,-1.0,14.5378,78.9107,17.3822,110.836,-1,0.0, -> [background only]
frame_000785,-1.0,10.595,78.1427,14.8268,103.5695,-1,0.0, -> [background only]
frame_000786,-1.0,14.3896,78.2413,15.9039,108.5398,-1,0.0, -> [background only]
frame_000787,-1.0,10.8248,83.8208,15.619,110.2696,-1,0.0, -> [background only]
frame_000788,-1.0,14.5354,84.1496,15.0616,113.752,-1,0.0, -> [background only]
frame_000789,-1.0,13.0372,89.4094,8.4832,110.9343,-1,0.0, -> [background only]
frame_000790,-1.0,5.4404,86.1921,15.5595,107.1957,-1,0.0, -> [background only]
frame_000791,-1.0,14.4751,86.4889,16.3535,117.3225,-1,0.0, -> [background only]
frame_000792,-1.0,10.7681,83.0174,15.4464,109.2368,-1,0.0, -> [background only]
frame_000793,-1.0,19.4637,84.9571,15.1047,119.5309,-1,0.0, -> [background only]
frame_000794,-1.0,16.1808,76.8588,16.8649,109.9095,-1,0.0, -> [background only]
frame_000795,-1.0,11.2609,83.1674,16.9113,111.3445,-1,0.0, -> [background only]
frame_000796,-1.0,20.0514,81.5608,14.8713,116.4891,-1,0.0, -> [background only]
frame_000797,-1.0,17.4263,80.7644,16.0326,114.2292,-1,0.0, -> [background only]
frame_000798,-1.0,14.2367,83.4235,16.2385,113.9038,-1,0.0, -> [background only]
frame_000799,-1.0,19.222,78.0301,15.9292,113.1866,-1,0.0, -> [background only]
frame_000800,-1.0,11.6224,76.7336,20.4096,108.7709,-1,0.0, -> [background only]
frame_000801,-1.0,11.1488,84.1671,16.546,111.8668,-1,0.0, -> [background only]
frame_000802,-1.0,14.5188,77.9266,16.4873,108.9386,-1,0.0, -> [background only]
frame_000803,-1.0,13.1003,77.9991,16.5478,107.6527,-1,0.0, -> [background only]
frame_000804,-1.0,18.0363,78.858,16.0595,112.959,-1,0.0, -> [background only]
frame_000805,-1.0,11.9695,79.7421,17.397,109.114,-1,0.0, -> [background only]
frame_000806,-1.0,18.3289,75.9493,16.2366,110.5202,-1,0.0, -> [background only]
frame_000807,-1.0,14.9928,86.9375,16.9132,118.8484,-1,0.0, -> [background only]
frame_000808,-1.0,12.973,78.5245,16.5744,108.077,-1,0.0, -> [background only]
frame_000809,-1.0,16.5945,83.0313,14.7267,114.3574,-1,0.0, -> [background only]
frame_000810,-1.0,10.3659,81.6348,19.977,111.9825,-1,0.0, -> [background only]
frame_000811,-1.0,13.6587,81.2099,15.0445,109.9179,-1,0.0, -> [background only]
frame_000812,-1.0,14.2926,79.1373,17.1781,110.613,-1,0.0, -> [background only]
frame_000813,-1.0,15.1819,83.3978,22.5437,121.1284,-1,0.0, -> [background only]
frame_000814,-1.0,10.2077,77.3223,16.2024,103.7373,-1,0.0, -> [background only]
frame_000815,-1.0,13.8393,86.6124,19.1602,119.6163,-1,0.0, -> [background only]
frame_000816,-1.0,10.5847,80.2998,20.0896,110.979,-1,0.0, -> [background only]
frame_000817,-1.0,19.1293,77.1057,19.2899,115.5296,-1,0.0, -> [background only]
frame_000818,-1.0,13.1998,78.0117,19.7181,110.9343,-1,0.0, -> [background only]
frame_000819,-1.0,13.9509,79.1806,15.7759,108.9126,-1,0.0, -> [background only]
frame_000820,-1.0,14.6446,85.2088,14.4266,114.2854,-1,0.0, -> [background only]
frame_000821,-1.0,12.8004,82.2944,20.192,115.2917,-1,0.0, -> [background only]
frame_000822,-1.0,10.5459,84.5629,15.0318,110.1456,-1,0.0, -> [background only]
frame_000823,-1.0,14.2198,83.6095,18.9063,116.7408,-1,0.0, -> [background only]
frame_000824,-1.0,10.5783,82.2785,16.0656,108.927,-1,0.0, -> [background only]
frame_000825,-1.0,16.173,76.6406,16.2386,109.0567,-1,0.0, -> [background only]
frame_000826,-1.0,10.9215,84.8158,16.0122,111.7542,-1,0.0, -> [background only]
frame_000827,-1.0,19.0614,87.0586,16.6571,122.783,-1,0.0, -> [background only]
frame_000828,-1.0,18.7908,78.8123,16.2641,113.8719,-1,0.0, -> [background only]
frame_000829,-1.0,15.4733,84.9805,9.7618,110.2202,-1,0.0, -> [background only]
frame_000830,-1.0,5.7555,81.1201,14.7105,101.5898,-1,0.0, -> [background only]
frame_000831,-1.0,12.5732,79.2726,17.0018,108.8528,-1,0.0, -> [background only]
frame_000832,-1.0,10.7656,81.0855,16.5963,108.4525,-1,0.0, -> [background only]
frame_000833,-1.0,12.8828,81.8082,17.408,112.1035,-1,0.0, -> [background only]
frame_000834,-1.0,11.9786,76.3438,15.8624,104.1902,-1,0.0, -> [background only]
frame_000835,-1.0,17.3139,82.7533,17.6799,117.7522,-1,0.0, -> [background only]
frame_000836,-1.0,15.47,80.5944,17.3946,113.4643,-1,0.0, -> [background only]
frame_000837,-1.0,10.8555,77.1388,15.0935,103.0933,-1,0.0, -> [background only]
frame_000838,-1.0,13.8405,76.8038,18.568,109.2175,-1,0.0, -> [background only]
frame_000839,-1.0,10.8637,77.7663,16.9698,105.605,-1,0.0, -> [background only]
frame_000840,-1.0,24.139,74.218,16.376,114.7377,-1,0.0, -> [background only]
frame_000841,-1.0,13.438,75.536,17.352,106.3308,-1,0.0, -> [background only]
frame_000842,-1.0,15.9968,89.4176,16.4947,121.9151,-1,0.0, -> [background only]
frame_000843,-1.0,18.883,81.8599,14.7273,115.4751,-1,0.0, -> [background only]
frame_000844,-1.0,12.4129,82.8291,14.8628,110.1095,-1,0.0, -> [background only]
frame_000845,-1.0,15.8219,82.7267,15.9488,114.502,-1,0.0, -> [background only]
frame_000846,-1.0,13.2795,83.8526,17.185,114.3228,-1,0.0, -> [background only]
frame_000847,-1.0,11.0082,84.4457,16.0339,111.4926,-1,0.0, -> [background only]
frame_000848,-1.0,16.5955,80.1743,14.7287,111.5041,-1,0.0, -> [background only]
frame_000849,-1.0,11.2876,80.1472,18.7954,110.2356,-1,0.0, -> [background only]
frame_000850,-1.0,12.7727,76.2541,16.4056,105.4376,-1,0.0, -> [background only]
frame_000851,-1.0,13.2801,75.2712,20.7868,109.3437,-1,0.0, -> [background only]
frame_000852,-1.0,10.2847,88.4048,8.6822,107.376,-1,0.0, -> [background only]
frame_000853,-1.0,8.3424,89.4724,18.2454,116.0643,-1,0.0, -> [background only]
frame_000854,-1.0,11.2381,86.5992,18.9368,116.7787,-1,0.0, -> [background only]
frame_000855,-1.0,11.0733,80.0434,15.1009,106.2224,-1,0.0, -> [background only]
frame_000856,-1.0,15.7303,78.3445,21.995,116.0746,-1,0.0, -> [background only]
frame_000857,-1.0,15.081,79.703,14.8227,109.6117,-1,0.0, -> [background only]
frame_000858,-1.0,18.8543,77.3611,16.3138,112.5342,-1,0.0, -> [background only]
frame_000859,-1.0,14.8253,76.7555,17.4872,109.0725,-1,0.0, -> [background only]
frame_000860,-1.0,15.6782,77.4388,14.5127,107.6347,-1,0.0, -> [background only]
frame_000861,-1.0,20.5209,82.0505,15.8393,118.416,-1,0.0, -> [background only]
frame_000862,-1.0,14.1671,92.5977,16.3368,123.1065,-1,0.0, -> [background only]
frame_000863,-1.0,16.2996,76.5516,16.3157,109.1723,-1,0.0, -> [background only]
frame_000864,-1.0,18.6328,78.1314,15.9372,112.7064,-1,0.0, -> [background only]
frame_000865,-1.0,15.7759,80.3483,17.1206,113.2498,-1,0.0, -> [background only]
frame_000866,-1.0,18.8445,72.8456,14.7711,106.4659,-1,0.0, -> [background only]
frame_000867,-1.0,12.155,84.2289,16.5895,112.978,-1,0.0, -> [background only]
frame_000868,-1.0,11.3636,81.5219,14.9757,107.8666,-1,0.0, -> [background only]
frame_000869,-1.0,20.2,80.0289,16.2621,116.4964,-1,0.0, -> [background only]
frame_000870,-1.0,16.0689,80.0211,17.2213,113.3171,-1,0.0, -> [background only]
frame_000871,-1.0,15.2547,77.8409,14.7623,107.8629,-1,0.0, -> [background only]
frame_000872,-1.0,12.2013,85.7692,16.962,114.9376,-1,0.0, -> [background only]
frame_000873,-1.0,14.362,81.563,15.1276,111.0575,-1,0.0, -> [background only]
frame_000874,-1.0,17.2481,78.2585,16.3633,111.8755,-1,0.0, -> [background only]
frame_000875,-1.0,10.9223,81.8429,24.6382,117.4086,-1,0.0, -> [background only]
frame_000876,-1.0,10.878,81.5329,17.6134,110.0294,-1,0.0, -> [background only]
frame_000877,-1.0,24.4716,75.4472,14.7256,114.649,-1,0.0, -> [background only]
frame_000878,-1.0,10.5713,81.0204,14.7559,106.3528,-1,0.0, -> [background only]
frame_000879,-1.0,17.4812,87.8225,16.0631,121.3722,-1,0.0, -> [background only]
frame_000880,-1.0,19.18,89.2534,24.8997,133.3382,-1,0.0, -> [background only]
frame_000881,-1.0,29.3149,77.945,15.6496,122.9137,-1,0.0, -> [background only]
frame_000882,-1.0,10.5374,81.863,15.7723,108.1773,-1,0.0, -> [background only]
frame_000883,-1.0,18.5428,81.4132,16.5069,116.468,-1,0.0, -> [background only]
frame_000884,-1.0,15.6899,80.1097,19.1392,114.9441,-1,0.0, -> [background only]
frame_000885,-1.0,10.4226,81.2506,15.0924,106.7703,-1,0.0, -> [background only]
frame_000886,-1.0,12.0015,90.6068,18.3113,120.9242,-1,0.0, -> [background only]
frame_000887,-1.0,10.4623,85.627,17.3164,113.4102,-1,0.0, -> [background only]
frame_000888,-1.0,16.1061,79.0148,16.6112,111.7377,-1,0.0, -> [background only]
frame_000889,-1.0,13.3981,85.0288,8.7728,107.2041,-1,0.0, -> [background only]
frame_000890,-1.0,5.5765,77.1632,16.2873,99.0352,-1,0.0, -> [tvmonitor (Top-Left): 3%]
frame_000891,-1.0,13.6744,76.1823,18.4246,108.2864,-1,0.0, -> [tvmonitor (Top): 6%]
frame_000892,-1.0,10.0198,76.319,15.6704,102.014,-1,0.0, -> [tvmonitor (Top): 8%]
frame_000893,-1.0,13.3203,80.1092,17.2702,110.7046,-1,0.0, -> [tvmonitor (Top): 12%]
frame_000894,-1.0,13.4574,79.0459,16.2912,108.7993,-1,0.0, -> [background only]
frame_000895,-1.0,19.7071,78.0321,16.9767,114.7209,-1,0.0, -> [tvmonitor (Top): 9%]
frame_000896,-1.0,11.2445,88.6762,16.4987,116.4245,-1,0.0, -> [tvmonitor (Top): 7%]
frame_000897,-1.0,11.133,89.2683,16.6514,117.0579,-1,0.0, -> [tvmonitor (Top): 12%]
frame_000898,-1.0,20.5767,91.1085,16.1383,127.8283,-1,0.0, -> [tvmonitor (Top): 15%]
frame_000899,-1.0,14.6252,82.1336,17.2181,113.9821,-1,0.0, -> [tvmonitor (Top): 13%]
frame_000900,-1.0,10.8919,82.1018,18.032,111.0311,-1,0.0, -> [tvmonitor (Top): 12%]
frame_000901,-1.0,16.2877,85.8815,16.8259,118.9998,-1,0.0, -> [tvmonitor (Top): 12%]
frame_000902,-1.0,14.3558,85.5707,15.6222,115.5538,-1,0.0, -> [tvmonitor (Top): 12%]
frame_000903,-1.0,10.6443,81.9926,16.64,109.2819,-1,0.0, -> [tvmonitor (Top): 12%]
frame_000904,-1.0,17.0863,80.9535,15.4886,113.5333,-1,0.0, -> [tvmonitor (Top): 12%]
frame_000905,-1.0,10.9161,86.2014,17.9774,115.0994,-1,0.0, -> [tvmonitor (Top): 12%]
frame_000906,-1.0,10.837,79.8819,17.6074,108.3313,-1,0.0, -> [tvmonitor (Top): 12%]
frame_000907,-1.0,17.3309,82.6199,15.9204,115.8769,-1,0.0, -> [tvmonitor (Top): 12%]
frame_000908,-1.0,12.6868,83.8073,9.3742,105.8728,-1,0.0, -> [tvmonitor (Top): 13%]
frame_000909,-1.0,7.6337,77.1866,16.825,101.6489,-1,0.0, -> [tvmonitor (Top): 13%]
frame_000910,-1.0,10.3031,77.5692,16.6675,104.5448,-1,0.0, -> [tvmonitor (Top): 12%]
frame_000911,-1.0,16.4363,77.6295,14.9956,109.0663,-1,0.0, -> [tvmonitor (Top): 12%]
frame_000912,-1.0,10.3054,72.9272,15.327,98.5647,-1,0.0, -> [tvmonitor (Top): 12%]
frame_000913,-1.0,12.3121,82.7324,19.6811,114.7304,-1,0.0, -> [tvmonitor (Top): 12%]
frame_000914,-1.0,11.5148,74.7278,18.3774,104.6249,-1,0.0, -> [tvmonitor (Top): 13%]
frame_000915,-1.0,18.1778,81.6747,15.183,115.0409,-1,0.0, -> [tvmonitor (Top): 13%]
frame_000916,-1.0,12.8527,80.6847,17.2133,110.7605,-1,0.0, -> [tvmonitor (Top): 12%]
frame_000917,-1.0,12.3666,80.3832,15.1643,107.9186,-1,0.0, -> [tvmonitor (Top): 12%]
frame_000918,-1.0,12.6759,91.8172,16.5444,121.0426,-1,0.0, -> [tvmonitor (Top): 12%]
frame_000919,-1.0,17.2426,87.256,16.7869,121.2906,-1,0.0, -> [tvmonitor (Top): 12%]
frame_000920,-1.0,10.7704,90.4155,17.18,118.371,-1,0.0, -> [tvmonitor (Top): 12%]
frame_000921,-1.0,24.7084,77.5994,16.7405,119.0534,-1,0.0, -> [tvmonitor (Top): 12%]
frame_000922,-1.0,13.3672,87.2751,17.0914,117.7384,-1,0.0, -> [tvmonitor (Top): 13%]
frame_000923,-1.0,10.6475,77.4148,16.1866,104.2538,-1,0.0, -> [tvmonitor (Top): 9%]
frame_000924,-1.0,19.813,83.5528,15.0352,118.4057,-1,0.0, -> [tvmonitor (Top): 8%]
frame_000925,-1.0,13.0212,83.0045,18.9303,114.9616,-1,0.0, -> [tvmonitor (Top): 1%]
frame_000926,-1.0,15.6522,87.6033,16.7634,120.0242,-1,0.0, -> [background only]
frame_000927,-1.0,16.8614,74.0157,15.4206,106.3029,-1,0.0, -> [tvmonitor (Top): 1%]
frame_000928,-1.0,15.3535,79.982,16.2892,111.6296,-1,0.0, -> [background only]
frame_000929,-1.0,14.7569,80.4477,17.0578,112.2678,-1,0.0, -> [background only]
frame_000930,-1.0,15.1746,82.4116,16.7525,114.344,-1,0.0, -> [background only]
frame_000931,-1.0,16.1596,85.2177,21.2547,122.6372,-1,0.0, -> [tvmonitor (Top): 1%]
frame_000932,-1.0,12.212,85.0731,15.8649,113.1551,-1,0.0, -> [tvmonitor (Top): 3%]
frame_000933,-1.0,17.3402,80.1254,16.7174,114.1879,-1,0.0, -> [tvmonitor (Top): 3%]
frame_000934,-1.0,10.6638,84.701,17.3321,112.7021,-1,0.0, -> [background only]
frame_000935,-1.0,18.925,78.9141,16.152,113.997,-1,0.0, -> [background only]
frame_000936,-1.0,15.4386,90.9573,16.6264,123.0272,-1,0.0, -> [background only]
frame_000937,-1.0,12.724,83.8198,17.2296,113.7782,-1,0.0, -> [background only]
frame_000938,-1.0,17.9063,75.0916,16.4036,109.407,-1,0.0, -> [background only]
frame_000939,-1.0,15.7769,81.0783,16.5499,113.4104,-1,0.0, -> [background only]
frame_000940,-1.0,11.1366,74.5377,15.0937,100.7729,-1,0.0, -> [background only]
frame_000941,-1.0,14.8751,77.2642,17.1698,109.3148,-1,0.0, -> [background only]
frame_000942,-1.0,9.8425,79.696,17.4835,107.0274,-1,0.0, -> [background only]
frame_000943,-1.0,21.3763,78.0466,16.157,115.5849,-1,0.0, -> [background only]
frame_000944,-1.0,15.7941,77.8167,25.9168,119.533,-1,0.0, -> [background only]
frame_000945,-1.0,13.1358,75.6996,16.0965,104.9369,-1,0.0, -> [background only]
frame_000946,-1.0,17.1856,74.3597,17.1765,108.7272,-1,0.0, -> [background only]
frame_000947,-1.0,12.5649,85.5783,17.0978,115.2465,-1,0.0, -> [background only]
frame_000948,-1.0,21.3865,77.4342,14.9781,113.8044,-1,0.0, -> [background only]
frame_000949,-1.0,15.1719,86.2924,16.5064,117.9758,-1,0.0, -> [background only]
frame_000950,-1.0,16.7512,83.0165,17.4685,117.242,-1,0.0, -> [background only]
frame_000951,-1.0,19.8825,77.4584,16.0968,113.4426,-1,0.0, -> [background only]
frame_000952,-1.0,14.15,74.217,16.4644,104.8369,-1,0.0, -> [background only]
frame_000953,-1.0,13.1539,78.7481,16.2438,108.1512,-1,0.0, -> [background only]
frame_000954,-1.0,12.1628,77.4583,20.0954,109.7217,-1,0.0, -> [background only]
frame_000955,-1.0,12.2328,75.781,16.4587,104.4772,-1,0.0, -> [background only]
frame_000956,-1.0,17.0151,84.5201,15.0387,116.5792,-1,0.0, -> [background only]
frame_000957,-1.0,10.5023,79.7253,9.1745,99.4066,-1,0.0, -> [background only]
frame_000958,-1.0,6.3869,81.3744,17.0971,104.8628,-1,0.0, -> [background only]
frame_000959,-1.0,13.5559,84.3564,16.7918,114.709,-1,0.0, -> [background only]
frame_000960,-1.0,19.4547,83.4637,14.5494,117.4725,-1,0.0, -> [background only]
frame_000961,-1.0,10.8451,82.7319,17.5836,111.1657,-1,0.0, -> [background only]
frame_000962,-1.0,19.5335,80.0441,16.1793,115.7621,-1,0.0, -> [background only]
frame_000963,-1.0,17.0361,77.8814,14.6947,109.6161,-1,0.0, -> [background only]
frame_000964,-1.0,10.8369,77.0209,16.1988,104.0617,-1,0.0, -> [background only]
frame_000965,-1.0,25.1864,79.5267,15.9422,120.6605,-1,0.0, -> [background only]
frame_000966,-1.0,15.9409,81.5605,15.9175,113.424,-1,0.0, -> [background only]
frame_000967,-1.0,12.2305,87.0604,15.4285,114.7246,-1,0.0, -> [background only]
frame_000968,-1.0,21.5145,84.2311,15.5794,121.3394,-1,0.0, -> [background only]
frame_000969,-1.0,16.9553,110.0958,8.904,135.9707,-1,0.0, -> [background only]
frame_000970,-1.0,6.4457,85.4272,8.3232,100.199,-1,0.0, -> [background only]
frame_000971,-1.0,6.9459,80.91,16.3212,104.1809,-1,0.0, -> [background only]
frame_000972,-1.0,20.475,80.2609,15.0722,115.8138,-1,0.0, -> [background only]
frame_000973,-1.0,14.3529,80.9997,17.2021,112.56,-1,0.0, -> [background only]
frame_000974,-1.0,17.8893,74.3786,14.8954,107.1687,-1,0.0, -> [background only]
frame_000975,-1.0,10.145,75.8338,16.1003,102.0838,-1,0.0, -> [background only]
frame_000976,-1.0,17.0399,80.4151,18.7089,116.1688,-1,0.0, -> [background only]
frame_000977,-1.0,11.1552,74.5381,16.8152,102.5138,-1,0.0, -> [background only]
frame_000978,-1.0,12.2243,77.7392,16.3746,106.3429,-1,0.0, -> [background only]
frame_000979,-1.0,13.4598,87.3151,20.361,121.1462,-1,0.0, -> [background only]
frame_000980,-1.0,11.2246,85.5315,18.0444,114.8056,-1,0.0, -> [background only]
frame_000981,-1.0,13.5337,81.6871,14.8875,110.1132,-1,0.0, -> [background only]
frame_000982,-1.0,12.7931,80.4083,15.7783,108.9908,-1,0.0, -> [background only]
frame_000983,-1.0,22.6612,79.7761,16.2055,118.6478,-1,0.0, -> [background only]
frame_000984,-1.0,13.3531,80.7592,16.0652,110.1825,-1,0.0, -> [background only]
frame_000985,-1.0,13.2392,83.2691,20.6519,117.1655,-1,0.0, -> [background only]
frame_000986,-1.0,13.5047,85.3715,16.3711,115.2523,-1,0.0, -> [background only]
frame_000987,-1.0,22.6135,79.9469,16.0413,118.6065,-1,0.0, -> [background only]
frame_000988,-1.0,15.6598,78.3589,17.3671,111.3915,-1,0.0, -> [background only]
frame_000989,-1.0,14.5913,86.1729,15.121,115.8902,-1,0.0, -> [background only]
frame_000990,-1.0,21.0062,80.4889,16.4604,117.961,-1,0.0, -> [background only]
frame_000991,-1.0,10.6561,80.1068,17.2466,108.0148,-1,0.0, -> [background only]
frame_000992,-1.0,18.2048,81.4288,16.4289,116.0686,-1,0.0, -> [background only]
frame_000993,-1.0,18.4112,79.5521,14.6451,112.6129,-1,0.0, -> [background only]
frame_000994,-1.0,12.5154,79.8721,16.2929,108.6856,-1,0.0, -> [background only]
frame_000995,-1.0,20.3786,79.8043,15.2031,115.3919,-1,0.0, -> [background only]
frame_000996,-1.0,16.1963,83.0002,17.1436,116.3454,-1,0.0, -> [background only]
frame_000997,-1.0,14.8215,80.4199,16.442,111.6881,-1,0.0, -> [background only]
frame_000998,-1.0,19.921,84.2954,16.2438,120.4651,-1,0.0, -> [background only]
frame_000999,-1.0,13.1725,76.7786,16.0025,105.9589,-1,0.0, -> [background only]
frame_001000,-1.0,19.8068,76.813,17.1068,113.7315,-1,0.0, -> [background only]
frame_001001,-1.0,19.7865,79.2041,14.2212,113.2166,-1,0.0, -> [background only]
frame_001002,-1.0,10.3801,92.0341,9.6225,112.041,-1,0.0, -> [background only]
frame_001003,-1.0,6.9516,78.3978,16.3482,101.701,-1,0.0, -> [background only]
frame_001004,-1.0,18.3242,79.0285,16.9218,114.3129,-1,0.0, -> [background only]
frame_001005,-1.0,12.6313,110.7701,17.2135,140.6197,-1,0.0, -> [background only]
frame_001006,-1.0,16.5499,88.9762,16.1611,121.6926,-1,0.0, -> [background only]
frame_001007,-1.0,21.5686,74.3142,14.6979,110.5858,-1,0.0, -> [background only]
frame_001008,-1.0,18.2446,91.2009,6.8808,116.3297,-1,0.0, -> [background only]
frame_001009,-1.0,7.8889,76.51,16.1898,100.5923,-1,0.0, -> [background only]
frame_001010,-1.0,18.7654,83.0238,17.7474,119.5415,-1,0.0, -> [background only]
frame_001011,-1.0,12.4637,85.8487,16.5601,114.8772,-1,0.0, -> [background only]
frame_001012,-1.0,12.6197,81.0127,16.6236,110.2621,-1,0.0, -> [background only]
frame_001013,-1.0,13.3726,86.3258,16.0037,115.707,-1,0.0, -> [background only]
frame_001014,-1.0,14.0216,86.1967,16.1021,116.3256,-1,0.0, -> [background only]
frame_001015,-1.0,17.0057,77.8141,14.8248,109.6492,-1,0.0, -> [background only]
frame_001016,-1.0,12.4152,83.2927,17.8862,113.5993,-1,0.0, -> [background only]
frame_001017,-1.0,12.6172,85.3204,16.2555,114.1979,-1,0.0, -> [background only]
frame_001018,-1.0,19.0466,77.4784,14.6454,111.1754,-1,0.0, -> [background only]
frame_001019,-1.0,12.3284,77.5288,17.029,106.8912,-1,0.0, -> [background only]
frame_001020,-1.0,19.9305,84.8256,16.1471,120.9082,-1,0.0, -> [background only]
frame_001021,-1.0,19.2785,84.069,14.8785,118.2308,-1,0.0, -> [background only]
frame_001022,-1.0,10.2307,82.8588,19.8951,112.9897,-1,0.0, -> [background only]
frame_001023,-1.0,12.7962,77.5879,15.139,105.5276,-1,0.0, -> [background only]
frame_001024,-1.0,11.1654,83.8338,17.1184,112.1227,-1,0.0, -> [background only]
frame_001025,-1.0,11.4675,75.6024,16.1069,103.1815,-1,0.0, -> [background only]
frame_001026,-1.0,14.2235,81.4543,15.179,110.8616,-1,0.0, -> [background only]
frame_001027,-1.0,10.5798,76.5857,16.2519,103.4222,-1,0.0, -> [background only]
frame_001028,-1.0,20.6423,81.485,15.8167,117.9494,-1,0.0, -> [background only]
frame_001029,-1.0,14.3301,86.3178,15.4669,116.1255,-1,0.0, -> [background only]
frame_001030,-1.0,13.2277,81.4526,17.1878,111.8732,-1,0.0, -> [background only]
frame_001031,-1.0,18.2903,83.6244,14.5262,116.4457,-1,0.0, -> [background only]
frame_001032,-1.0,14.2681,84.0537,17.268,115.6012,-1,0.0, -> [background only]
frame_001033,-1.0,13.7181,83.7508,15.6664,113.141,-1,0.0, -> [background only]
frame_001034,-1.0,20.2665,79.5013,14.6222,114.3959,-1,0.0, -> [background only]
frame_001035,-1.0,13.4689,77.1781,16.4889,107.1407,-1,0.0, -> [background only]
frame_001036,-1.0,22.6976,83.0741,19.7276,125.5053,-1,0.0, -> [background only]
frame_001037,-1.0,20.3774,86.7168,15.6709,122.77,-1,0.0, -> [background only]
frame_001038,-1.0,13.8658,86.4335,16.4003,116.705,-1,0.0, -> [background only]
frame_001039,-1.0,11.0915,84.2071,16.5478,111.8508,-1,0.0, -> [background only]
frame_001040,-1.0,18.157,77.1864,16.1371,111.4855,-1,0.0, -> [background only]
frame_001041,-1.0,18.4202,80.1374,16.53,115.0928,-1,0.0, -> [background only]
frame_001042,-1.0,12.5427,75.2267,16.4152,104.1899,-1,0.0, -> [background only]
frame_001043,-1.0,18.0741,73.2149,15.8781,107.1725,-1,0.0, -> [background only]
frame_001044,-1.0,14.1628,75.1988,16.2261,105.5928,-1,0.0, -> [background only]
frame_001045,-1.0,22.4568,85.884,15.8657,124.2112,-1,0.0, -> [background only]
frame_001046,-1.0,14.3949,87.1639,18.3227,119.8945,-1,0.0, -> [background only]
frame_001047,-1.0,10.8328,83.1006,16.6169,110.5555,-1,0.0, -> [background only]
frame_001048,-1.0,21.9588,84.9916,14.9427,121.8981,-1,0.0, -> [background only]
frame_001049,-1.0,17.9562,81.6712,17.2903,116.9224,-1,0.0, -> [background only]
frame_001050,-1.0,15.3044,81.3387,15.6813,112.3289,-1,0.0, -> [background only]
frame_001051,-1.0,21.6236,80.6604,16.1397,118.4289,-1,0.0, -> [background only]
frame_001052,-1.0,19.2239,84.2682,18.2067,121.7037,-1,0.0, -> [diningtable (Center): 97%]
frame_001053,-1.0,12.5609,83.3701,15.8854,111.8213,-1,0.0, -> [background only]
frame_001054,-1.0,10.4017,80.8768,14.6518,105.9347,-1,0.0, -> [background only]
frame_001055,-1.0,17.4868,79.8934,17.896,115.2814,-1,0.0, -> [background only]
frame_001056,-1.0,12.4235,88.0987,16.7919,117.3191,-1,0.0, -> [background only]
frame_001057,-1.0,19.3484,76.3362,16.3096,111.9996,-1,0.0, -> [background only]
frame_001058,-1.0,12.6843,77.8322,15.6427,106.1642,-1,0.0, -> [background only]
frame_001059,-1.0,22.054,80.812,15.3266,118.1985,-1,0.0, -> [background only]
frame_001060,-1.0,20.4717,77.8429,16.1825,114.502,-1,0.0, -> [background only]
frame_001061,-1.0,12.2532,80.779,17.4475,110.4846,-1,0.0, -> [background only]
frame_001062,-1.0,19.4625,77.8362,15.1486,112.4528,-1,0.0, -> [background only]
frame_001063,-1.0,17.5837,84.1995,17.0674,118.8559,-1,0.0, -> [background only]
frame_001064,-1.0,13.4417,82.6971,23.797,119.9413,-1,0.0, -> [background only]
frame_001065,-1.0,12.9386,74.9636,16.0345,103.9411,-1,0.0, -> [background only]
frame_001066,-1.0,16.3865,82.2429,17.1475,115.7821,-1,0.0, -> [background only]
frame_001067,-1.0,12.0569,79.6669,14.8936,106.6219,-1,0.0, -> [background only]
frame_001068,-1.0,12.3217,79.4665,20.5026,112.2958,-1,0.0, -> [background only]
frame_001069,-1.0,13.8459,83.568,17.2149,114.6344,-1,0.0, -> [background only]
frame_001070,-1.0,17.0608,82.4649,16.3929,115.9234,-1,0.0, -> [background only]
frame_001071,-1.0,17.175,83.0551,14.8279,115.0632,-1,0.0, -> [background only]
frame_001072,-1.0,14.0609,80.0306,16.7678,110.8641,-1,0.0, -> [background only]
frame_001073,-1.0,18.1301,80.0235,15.9826,114.1414,-1,0.0, -> [background only]
frame_001074,-1.0,12.8899,78.516,23.7751,115.1862,-1,0.0, -> [background only]
frame_001075,-1.0,14.0389,87.1678,15.9807,117.1927,-1,0.0, -> [background only]
frame_001076,-1.0,18.8782,80.2769,14.5363,113.697,-1,0.0, -> [background only]
frame_001077,-1.0,16.2112,83.2035,16.627,116.0468,-1,0.0, -> [background only]
frame_001078,-1.0,12.4408,83.7117,15.4616,111.619,-1,0.0, -> [background only]
frame_001079,-1.0,21.5793,82.5498,14.9545,119.089,-1,0.0, -> [background only]
frame_001080,-1.0,13.8407,85.1964,15.1036,114.1452,-1,0.0, -> [background only]
frame_001081,-1.0,12.3837,82.8759,15.5387,110.8135,-1,0.0, -> [background only]
frame_001082,-1.0,18.5425,90.9128,14.6285,124.0887,-1,0.0, -> [background only]
frame_001083,-1.0,14.554,86.034,15.8612,116.4538,-1,0.0, -> [background only]
frame_001084,-1.0,14.0421,79.304,17.4397,110.7912,-1,0.0, -> [background only]
frame_001085,-1.0,19.4673,83.4359,14.81,117.7185,-1,0.0, -> [background only]
frame_001086,-1.0,14.539,85.6851,15.2554,115.4837,-1,0.0, -> [background only]
frame_001087,-1.0,16.0972,85.2854,20.5282,121.9146,-1,0.0, -> [background only]
frame_001088,-1.0,13.9213,73.2811,16.0802,103.2873,-1,0.0, -> [background only]
frame_001089,-1.0,10.8727,85.8925,18.0901,114.8601,-1,0.0, -> [background only]
frame_001090,-1.0,11.5652,82.9893,14.9171,109.4769,-1,0.0, -> [background only]
frame_001091,-1.0,14.0099,81.7405,16.5364,112.2915,-1,0.0, -> [background only]
frame_001092,-1.0,11.9773,86.4072,22.0468,120.4361,-1,0.0, -> [background only]
frame_001093,-1.0,14.6502,82.6402,15.3328,112.628,-1,0.0, -> [background only]
frame_001094,-1.0,14.7208,86.3912,16.9667,118.0837,-1,0.0, -> [background only]
frame_001095,-1.0,13.3187,86.0481,9.4843,108.8555,-1,0.0, -> [background only]
frame_001096,-1.0,9.6842,80.8773,14.6847,105.2503,-1,0.0, -> [background only]
frame_001097,-1.0,12.5639,75.7785,17.3327,105.6801,-1,0.0, -> [background only]
frame_001098,-1.0,13.4841,86.1458,16.6355,116.2706,-1,0.0, -> [background only]
frame_001099,-1.0,12.1559,73.0196,17.0828,102.2633,-1,0.0, -> [background only]
frame_001100,-1.0,9.871,83.2539,16.5972,109.7272,-1,0.0, -> [person (Right): 11%]
frame_001101,-1.0,14.4505,75.7108,15.6255,105.7917,-1,0.0, -> [person (Right): 16%]
frame_001102,-1.0,9.7579,81.4518,17.2639,108.4786,-1,0.0, -> [person (Right): 19%]
frame_001103,-1.0,18.0315,79.8292,14.9334,112.7988,-1,0.0, -> [person (Right): 18%]
frame_001104,-1.0,10.4124,84.6959,21.7184,116.8314,-1,0.0, -> [person (Center): 21%]
frame_001105,-1.0,10.8313,82.0969,17.2054,110.1384,-1,0.0, -> [person (Center): 21%]
frame_001106,-1.0,14.3524,82.4409,16.1283,112.927,-1,0.0, -> [person (Center): 22%]
frame_001107,-1.0,10.3102,82.5234,19.3423,112.1805,-1,0.0, -> [person (Left): 20%]
frame_001108,-1.0,17.6249,83.255,15.2345,116.1192,-1,0.0, -> [person (Left): 23%]
frame_001109,-1.0,13.041,88.6407,17.5054,119.1923,-1,0.0, -> [person (Left): 9%]
frame_001110,-1.0,10.6456,76.3001,16.123,103.0742,-1,0.0, -> [background only]
frame_001111,-1.0,17.4929,82.8801,16.3008,116.7059,-1,0.0, -> [background only]
frame_001112,-1.0,12.9179,77.5827,16.3022,106.8079,-1,0.0, -> [background only]
frame_001113,-1.0,11.3056,81.9657,15.0341,108.3106,-1,0.0, -> [background only]
frame_001114,-1.0,13.3807,77.4713,16.0717,106.9292,-1,0.0, -> [background only]
frame_001115,-1.0,11.924,80.0903,16.583,108.6022,-1,0.0, -> [background only]
frame_001116,-1.0,14.2925,83.2468,16.2155,113.7599,-1,0.0, -> [background only]
frame_001117,-1.0,9.1776,77.4666,16.3537,103.0029,-1,0.0, -> [background only]
frame_001118,-1.0,17.9271,80.8997,16.4832,115.3617,-1,0.0, -> [background only]
frame_001119,-1.0,17.9012,83.3441,9.5903,110.8401,-1,0.0, -> [background only]
frame_001120,-1.0,6.557,80.4908,16.4977,103.5496,-1,0.0, -> [background only]
frame_001121,-1.0,15.9937,81.7179,17.3701,115.0874,-1,0.0, -> [background only]
frame_001122,-1.0,13.7776,93.8088,17.4983,125.0893,-1,0.0, -> [background only]
frame_001123,-1.0,12.6325,78.1338,16.8003,107.5715,-1,0.0, -> [background only]
frame_001124,-1.0,18.5335,87.0443,14.8507,120.4337,-1,0.0, -> [background only]
frame_001125,-1.0,9.6667,85.2074,16.0198,110.8991,-1,0.0, -> [background only]
frame_001126,-1.0,16.5715,81.1801,14.8152,112.5717,-1,0.0, -> [background only]
frame_001127,-1.0,13.1527,83.0911,17.2016,113.4507,-1,0.0, -> [background only]
frame_001128,-1.0,10.4348,82.2611,15.8095,108.5112,-1,0.0, -> [background only]
frame_001129,-1.0,15.0984,75.7669,16.5033,107.3741,-1,0.0, -> [background only]
frame_001130,-1.0,9.9025,78.3033,17.5177,105.7334,-1,0.0, -> [background only]
frame_001131,-1.0,18.7269,75.3325,16.0527,110.1235,-1,0.0, -> [background only]
frame_001132,-1.0,16.629,79.336,9.183,105.152,-1,0.0, -> [background only]
frame_001133,-1.0,7.9136,77.8454,14.5014,100.264,-1,0.0, -> [background only]
frame_001134,-1.0,10.3416,87.7157,20.7621,118.8237,-1,0.0, -> [background only]
frame_001135,-1.0,14.0624,79.221,14.8735,108.1622,-1,0.0, -> [background only]
frame_001136,-1.0,17.8899,80.0802,14.8929,112.8692,-1,0.0, -> [background only]
frame_001137,-1.0,12.2069,79.3594,16.4364,108.0079,-1,0.0, -> [background only]
frame_001138,-1.0,21.6931,77.9431,15.8288,115.4705,-1,0.0, -> [background only]
frame_001139,-1.0,17.2212,79.6489,16.7118,113.5866,-1,0.0, -> [background only]
frame_001140,-1.0,13.0064,84.9325,9.1134,107.0566,-1,0.0, -> [background only]
frame_001141,-1.0,6.697,83.384,16.3558,106.4407,-1,0.0, -> [background only]
frame_001142,-1.0,10.43,80.0699,18.0616,108.5664,-1,0.0, -> [background only]
frame_001143,-1.0,19.1375,77.1603,14.8457,111.1483,-1,0.0, -> [background only]
frame_001144,-1.0,10.1382,85.1774,16.3498,111.6701,-1,0.0, -> [background only]
frame_001145,-1.0,11.3793,87.5316,16.7371,115.6533,-1,0.0, -> [background only]
frame_001146,-1.0,20.2782,87.3162,16.4263,124.0262,-1,0.0, -> [background only]
frame_001147,-1.0,19.8469,86.9794,15.1227,121.9539,-1,0.0, -> [background only]
frame_001148,-1.0,11.9615,81.8187,15.8758,109.6606,-1,0.0, -> [background only]
frame_001149,-1.0,17.899,81.1017,15.008,114.0137,-1,0.0, -> [background only]
frame_001150,-1.0,11.7797,74.5882,16.4869,102.86,-1,0.0, -> [background only]
frame_001151,-1.0,10.5284,81.0545,15.1306,106.7184,-1,0.0, -> [background only]
frame_001152,-1.0,15.0901,80.2477,15.9792,111.3225,-1,0.0, -> [background only]
frame_001153,-1.0,18.287,85.8218,16.1217,120.2355,-1,0.0, -> [background only]
frame_001154,-1.0,14.351,78.5766,17.255,110.1877,-1,0.0, -> [background only]
frame_001155,-1.0,10.7565,86.4634,15.7808,113.0056,-1,0.0, -> [background only]
frame_001156,-1.0,10.6216,82.1092,16.2083,108.944,-1,0.0, -> [background only]
frame_001157,-1.0,16.0946,81.4411,17.7535,115.2941,-1,0.0, -> [background only]
frame_001158,-1.0,10.3973,80.8702,17.919,109.1918,-1,0.0, -> [background only]
frame_001159,-1.0,18.0644,86.7954,8.7908,113.6547,-1,0.0, -> [background only]
frame_001160,-1.0,5.582,84.2884,9.0279,98.9012,-1,0.0, -> [background only]
frame_001161,-1.0,9.8322,121.242,9.544,140.6227,-1,0.0, -> [background only]
frame_001162,-1.0,8.628,93.6714,18.9144,121.2185,-1,0.0, -> [background only]
frame_001163,-1.0,20.1074,78.3554,20.443,118.9105,-1,0.0, -> [background only]
frame_001164,-1.0,14.1245,85.2877,17.9443,117.3615,-1,0.0, -> [background only]
frame_001165,-1.0,21.0988,85.1276,18.2281,124.4599,-1,0.0, -> [background only]
frame_001166,-1.0,25.2719,80.5227,17.5544,123.3545,-1,0.0, -> [background only]
frame_001167,-1.0,20.762,87.9367,16.6368,125.3407,-1,0.0, -> [background only]
frame_001168,-1.0,22.3397,84.8213,16.0815,123.2484,-1,0.0, -> [background only]
frame_001169,-1.0,20.2809,78.8892,21.2976,120.4732,-1,0.0, -> [background only]
frame_001170,-1.0,15.1033,87.6884,16.386,119.183,-1,0.0, -> [background only]
frame_001171,-1.0,20.3943,80.2217,18.8328,119.4545,-1,0.0, -> [background only]
frame_001172,-1.0,21.1084,81.0058,21.8269,123.9463,-1,0.0, -> [background only]
frame_001173,-1.0,17.8489,81.755,18.0456,117.6549,-1,0.0, -> [background only]
frame_001174,-1.0,22.2176,81.561,17.0418,120.8262,-1,0.0, -> [background only]
frame_001175,-1.0,17.3833,77.4849,16.2501,111.1237,-1,0.0, -> [background only]
frame_001176,-1.0,22.1366,78.1871,16.1792,116.5084,-1,0.0, -> [background only]
frame_001177,-1.0,17.3491,88.5964,16.0582,122.0087,-1,0.0, -> [background only]
frame_001178,-1.0,15.7828,83.8336,20.9736,120.5956,-1,0.0, -> [background only]
frame_001179,-1.0,15.1198,79.3529,15.6808,110.1582,-1,0.0, -> [background only]
frame_001180,-1.0,19.1681,79.3531,15.5605,114.0864,-1,0.0, -> [background only]
frame_001181,-1.0,13.7789,81.2992,17.7359,112.8191,-1,0.0, -> [background only]
frame_001182,-1.0,16.1278,79.6029,15.1622,110.8979,-1,0.0, -> [background only]
frame_001183,-1.0,14.5542,76.6937,16.0829,107.3359,-1,0.0, -> [background only]
frame_001184,-1.0,14.7551,81.8451,15.9875,112.593,-1,0.0, -> [background only]
frame_001185,-1.0,16.8996,79.2051,14.8586,110.9686,-1,0.0, -> [background only]
frame_001186,-1.0,10.2273,81.8631,17.4944,109.5899,-1,0.0, -> [background only]
frame_001187,-1.0,19.4726,90.4325,10.0166,119.9263,-1,0.0, -> [background only]
frame_001188,-1.0,7.3917,80.2646,8.1861,95.8464,-1,0.0, -> [background only]
frame_001189,-1.0,14.3041,82.1886,15.0963,111.5944,-1,0.0, -> [background only]
frame_001190,-1.0,17.4929,84.1677,15.1157,116.7814,-1,0.0, -> [background only]
frame_001191,-1.0,13.3387,77.6964,16.5005,107.5405,-1,0.0, -> [background only]
frame_001192,-1.0,14.0541,83.0037,15.8935,112.9566,-1,0.0, -> [background only]
frame_001193,-1.0,15.8798,82.746,15.5222,114.1538,-1,0.0, -> [background only]
frame_001194,-1.0,10.6327,81.9547,16.8054,109.398,-1,0.0, -> [background only]
frame_001195,-1.0,19.7208,84.4956,16.0521,120.2735,-1,0.0, -> [background only]
frame_001196,-1.0,17.4531,80.7846,15.9568,114.1994,-1,0.0, -> [background only]
frame_001197,-1.0,10.806,77.5081,16.8732,105.1926,-1,0.0, -> [background only]
frame_001198,-1.0,17.1046,77.2199,16.3768,110.7065,-1,0.0, -> [background only]
frame_001199,-1.0,10.7299,83.7423,18.1211,112.5986,-1,0.0, -> [background only]
frame_001200,-1.0,15.3255,75.3886,16.1143,106.8334,-1,0.0, -> [background only]
frame_001201,-1.0,11.6055,84.6796,16.7332,113.0233,-1,0.0, -> [background only]
frame_001202,-1.0,10.3919,81.1721,16.3974,107.9659,-1,0.0, -> [background only]
frame_001203,-1.0,12.5177,84.261,16.135,112.9191,-1,0.0, -> [background only]
frame_001204,-1.0,10.3697,82.9132,16.103,109.391,-1,0.0, -> [background only]
frame_001205,-1.0,16.3349,84.8424,16.387,117.5694,-1,0.0, -> [background only]
frame_001206,-1.0,13.2573,89.1751,19.3058,121.7491,-1,0.0, -> [background only]
frame_001207,-1.0,10.1138,84.1809,24.1973,118.497,-1,0.0, -> [background only]
frame_001208,-1.0,13.7106,85.0204,16.9305,115.6662,-1,0.0, -> [background only]
frame_001209,-1.0,21.2996,82.1922,14.4766,117.973,-1,0.0, -> [background only]
frame_001210,-1.0,10.4567,79.4699,17.5305,107.4626,-1,0.0, -> [background only]
frame_001211,-1.0,15.4706,77.6356,15.235,108.3464,-1,0.0, -> [background only]
frame_001212,-1.0,16.8078,78.9953,17.8762,113.6851,-1,0.0, -> [background only]
frame_001213,-1.0,14.2122,76.1348,15.1007,105.4525,-1,0.0, -> [background only]
frame_001214,-1.0,18.3365,78.0965,15.0108,111.4487,-1,0.0, -> [background only]
frame_001215,-1.0,9.3482,77.2157,16.6591,103.2276,-1,0.0, -> [background only]
frame_001216,-1.0,13.1126,84.5046,18.0002,115.6222,-1,0.0, -> [background only]
frame_001217,-1.0,12.8198,81.5742,15.6972,110.0962,-1,0.0, -> [background only]
frame_001218,-1.0,19.4028,81.2675,14.6168,115.2931,-1,0.0, -> [background only]
frame_001219,-1.0,16.5936,82.7733,19.9686,119.3408,-1,0.0, -> [background only]
frame_001220,-1.0,13.3591,84.6042,16.7213,114.6902,-1,0.0, -> [background only]
frame_001221,-1.0,15.5933,78.4346,17.1119,111.1454,-1,0.0, -> [background only]
frame_001222,-1.0,22.7317,79.7472,15.886,118.3701,-1,0.0, -> [background only]
frame_001223,-1.0,14.222,88.687,15.7271,118.6416,-1,0.0, -> [background only]
frame_001224,-1.0,11.2458,76.6522,14.9973,102.9005,-1,0.0, -> [background only]
frame_001225,-1.0,15.39,82.5572,17.2387,115.1913,-1,0.0, -> [background only]
frame_001226,-1.0,12.6462,82.8914,17.5788,113.1214,-1,0.0, -> [background only]
frame_001227,-1.0,17.8556,82.4317,15.7477,116.04,-1,0.0, -> [background only]
frame_001228,-1.0,16.1769,82.244,14.9851,113.4219,-1,0.0, -> [background only]
frame_001229,-1.0,10.7039,78.7766,14.9475,104.4331,-1,0.0, -> [background only]
frame_001230,-1.0,14.6002,75.5527,14.7622,104.9201,-1,0.0, -> [background only]
frame_001231,-1.0,13.7651,76.8352,16.3126,106.9182,-1,0.0, -> [background only]
frame_001232,-1.0,22.084,77.9766,16.1481,116.2135,-1,0.0, -> [background only]
frame_001233,-1.0,15.4076,86.0688,15.5965,117.0778,-1,0.0, -> [background only]
frame_001234,-1.0,12.8009,77.2506,16.9695,107.0263,-1,0.0, -> [background only]
frame_001235,-1.0,20.1931,87.4644,14.8516,122.5145,-1,0.0, -> [background only]
frame_001236,-1.0,15.7399,77.609,21.1949,114.5499,-1,0.0, -> [background only]
frame_001237,-1.0,9.8905,82.5294,16.9018,109.327,-1,0.0, -> [background only]
frame_001238,-1.0,14.1441,84.0206,15.0995,113.27,-1,0.0, -> [background only]
frame_001239,-1.0,13.8595,80.1969,17.1469,111.209,-1,0.0, -> [background only]
frame_001240,-1.0,16.7434,80.5491,16.0011,113.299,-1,0.0, -> [background only]
frame_001241,-1.0,12.3934,81.0003,17.0669,110.4657,-1,0.0, -> [background only]
frame_001242,-1.0,10.415,84.7524,16.4218,111.6002,-1,0.0, -> [background only]
frame_001243,-1.0,17.4632,82.6539,16.2582,116.3804,-1,0.0, -> [background only]
frame_001244,-1.0,12.7209,85.1678,16.2613,114.1549,-1,0.0, -> [background only]
frame_001245,-1.0,12.3287,82.1475,16.3773,110.8585,-1,0.0, -> [background only]
frame_001246,-1.0,18.9376,82.1442,16.1759,117.2629,-1,0.0, -> [background only]
frame_001247,-1.0,12.5362,81.7158,21.5638,115.8208,-1,0.0, -> [background only]
frame_001248,-1.0,13.9223,81.3293,16.251,111.5077,-1,0.0, -> [background only]
frame_001249,-1.0,16.9726,79.8638,16.4768,113.3183,-1,0.0, -> [background only]
frame_001250,-1.0,12.2039,84.2238,22.9454,119.3779,-1,0.0, -> [background only]
frame_001251,-1.0,15.6347,78.5059,15.5868,109.732,-1,0.0, -> [background only]
frame_001252,-1.0,16.8201,81.1239,16.2621,114.211,-1,0.0, -> [background only]
frame_001253,-1.0,12.3435,77.259,16.5293,106.137,-1,0.0, -> [background only]
frame_001254,-1.0,13.9135,74.7903,15.2977,104.0065,-1,0.0, -> [background only]
frame_001255,-1.0,13.1576,79.4686,19.9055,112.537,-1,0.0, -> [background only]
frame_001256,-1.0,12.1932,79.3062,16.0795,107.5839,-1,0.0, -> [background only]
frame_001257,-1.0,16.5619,83.9269,19.925,120.419,-1,0.0, -> [background only]
frame_001258,-1.0,13.734,81.2898,17.3865,112.415,-1,0.0, -> [background only]
frame_001259,-1.0,9.5372,81.865,15.961,107.3679,-1,0.0, -> [background only]
frame_001260,-1.0,14.4502,87.7196,16.454,118.6286,-1,0.0, -> [background only]
frame_001261,-1.0,10.2086,84.9181,16.0571,111.1889,-1,0.0, -> [background only]
frame_001262,-1.0,17.3767,78.2661,14.6901,110.3381,-1,0.0, -> [background only]
frame_001263,-1.0,11.0226,80.5614,17.0343,108.6235,-1,0.0, -> [background only]
frame_001264,-1.0,12.9453,75.5485,16.1173,104.6154,-1,0.0, -> [background only]
frame_001265,-1.0,11.7317,81.6841,16.7728,110.1943,-1,0.0, -> [background only]
frame_001266,-1.0,13.4696,82.0375,16.363,111.8756,-1,0.0, -> [background only]
frame_001267,-1.0,14.0718,80.6472,17.2643,111.9887,-1,0.0, -> [background only]
frame_001268,-1.0,11.2292,75.6718,19.8983,106.8049,-1,0.0, -> [background only]
frame_001269,-1.0,15.8715,84.9578,14.7221,115.5569,-1,0.0, -> [background only]
frame_001270,-1.0,21.9633,80.4832,16.2202,118.6732,-1,0.0, -> [background only]
frame_001271,-1.0,13.5999,80.6818,16.4173,110.7041,-1,0.0, -> [background only]
frame_001272,-1.0,14.2435,78.893,16.2168,109.3583,-1,0.0, -> [background only]
frame_001273,-1.0,10.7486,84.6507,20.1178,115.5216,-1,0.0, -> [background only]
frame_001274,-1.0,14.676,74.2799,16.701,105.663,-1,0.0, -> [background only]
frame_001275,-1.0,14.4833,82.8336,14.8475,112.1692,-1,0.0, -> [background only]
frame_001276,-1.0,16.1678,81.4891,23.2262,120.8879,-1,0.0, -> [background only]
frame_001277,-1.0,11.2711,76.7903,16.1691,104.2356,-1,0.0, -> [background only]
frame_001278,-1.0,16.8961,84.4614,16.6304,117.9932,-1,0.0, -> [background only]
frame_001279,-1.0,12.4908,81.7171,16.5283,110.7415,-1,0.0, -> [background only]
frame_001280,-1.0,18.3388,83.7246,14.7363,116.8048,-1,0.0, -> [background only]
frame_001281,-1.0,16.6986,79.3079,17.2949,113.3063,-1,0.0, -> [background only]
frame_001282,-1.0,10.6826,79.3415,18.5724,108.6014,-1,0.0, -> [background only]
frame_001283,-1.0,19.4447,80.1344,15.8611,115.4455,-1,0.0, -> [background only]
frame_001284,-1.0,12.1516,81.9771,19.9299,114.0636,-1,0.0, -> [background only]
frame_001285,-1.0,14.6818,78.6269,16.431,109.7445,-1,0.0, -> [background only]
frame_001286,-1.0,15.9797,75.4416,16.8862,108.3125,-1,0.0, -> [background only]
frame_001287,-1.0,12.3253,82.9339,16.5837,111.8479,-1,0.0, -> [background only]
frame_001288,-1.0,15.6165,81.3537,14.7838,111.759,-1,0.0, -> [background only]
frame_001289,-1.0,10.198,85.6925,26.3683,122.2639,-1,0.0, -> [background only]
frame_001290,-1.0,11.7175,81.4847,15.6939,108.9017,-1,0.0, -> [background only]
frame_001291,-1.0,14.3325,84.4492,16.3077,115.0946,-1,0.0, -> [background only]
frame_001292,-1.0,14.0308,86.0387,17.75,117.825,-1,0.0, -> [background only]
frame_001293,-1.0,10.9631,79.7055,16.5751,107.2479,-1,0.0, -> [background only]
frame_001294,-1.0,24.4956,78.0583,15.836,118.3947,-1,0.0, -> [background only]
frame_001295,-1.0,14.6184,91.1034,16.8216,122.5483,-1,0.0, -> [background only]
frame_001296,-1.0,10.5199,84.0964,16.3647,110.9865,-1,0.0, -> [background only]
frame_001297,-1.0,20.519,84.8244,14.7955,120.144,-1,0.0, -> [background only]
frame_001298,-1.0,12.0246,84.0539,17.1482,113.2323,-1,0.0, -> [background only]
frame_001299,-1.0,11.2545,79.9923,16.7601,108.012,-1,0.0, -> [background only]
frame_001300,-1.0,16.1491,79.1809,14.9235,110.2585,-1,0.0, -> [background only]
frame_001301,-1.0,12.2951,75.6478,15.2742,103.2221,-1,0.0, -> [background only]
frame_001302,-1.0,22.0703,79.8173,15.9746,117.8679,-1,0.0, -> [background only]
frame_001303,-1.0,14.4217,75.5617,16.3726,106.361,-1,0.0, -> [background only]
frame_001304,-1.0,10.8424,76.0978,14.9353,101.8807,-1,0.0, -> [background only]
frame_001305,-1.0,19.3086,82.4343,15.2496,116.9974,-1,0.0, -> [background only]
frame_001306,-1.0,14.1636,78.1706,16.2953,108.6351,-1,0.0, -> [background only]
frame_001307,-1.0,20.9605,76.9195,14.9547,112.8398,-1,0.0, -> [background only]
frame_001308,-1.0,10.3025,83.6342,15.8799,109.8215,-1,0.0, -> [background only]
frame_001309,-1.0,13.8644,80.6463,15.0664,109.5818,-1,0.0, -> [background only]
frame_001310,-1.0,13.6513,82.9813,17.2546,113.892,-1,0.0, -> [background only]
frame_001311,-1.0,12.147,77.4518,16.6699,106.2737,-1,0.0, -> [background only]
frame_001312,-1.0,17.3734,77.5701,16.4219,111.3702,-1,0.0, -> [background only]
frame_001313,-1.0,16.7577,77.1792,20.0937,114.0362,-1,0.0, -> [background only]
frame_001314,-1.0,23.5631,77.6919,16.4111,117.6708,-1,0.0, -> [background only]
frame_001315,-1.0,16.3098,83.541,14.8838,114.7395,-1,0.0, -> [background only]
frame_001316,-1.0,14.8737,86.2641,9.4722,110.6146,-1,0.0, -> [background only]
frame_001317,-1.0,7.0965,78.165,14.6977,99.9636,-1,0.0, -> [background only]
frame_001318,-1.0,12.4928,78.2836,18.8841,109.666,-1,0.0, -> [background only]
frame_001319,-1.0,12.9659,78.0483,16.6642,107.6832,-1,0.0, -> [background only]
frame_001320,-1.0,13.0388,76.1551,17.8446,107.0435,-1,0.0, -> [background only]
frame_001321,-1.0,10.2171,80.3685,15.1993,105.7894,-1,0.0, -> [background only]
frame_001322,-1.0,13.4144,82.8013,17.2133,113.4338,-1,0.0, -> [background only]
frame_001323,-1.0,10.4522,76.5407,15.9903,102.9879,-1,0.0, -> [background only]
frame_001324,-1.0,20.9713,73.7525,16.3006,111.0293,-1,0.0, -> [background only]
frame_001325,-1.0,10.265,75.4339,15.669,101.373,-1,0.0, -> [background only]
frame_001326,-1.0,21.6559,77.1545,16.4877,115.3025,-1,0.0, -> [background only]
frame_001327,-1.0,10.8496,80.7809,15.6077,107.2432,-1,0.0, -> [background only]
frame_001328,-1.0,22.3186,83.1414,16.981,122.4466,-1,0.0, -> [chair (Left): 2%]
frame_001329,-1.0,16.9892,86.4833,16.2446,119.7228,-1,0.0, -> [background only]
frame_001330,-1.0,16.2717,87.2323,17.321,120.83,-1,0.0, -> [background only]
frame_001331,-1.0,10.5924,81.6876,16.5713,108.8557,-1,0.0, -> [chair (Left): 1%]
frame_001332,-1.0,24.4267,77.4343,14.8918,116.7576,-1,0.0, -> [background only]
frame_001333,-1.0,14.4221,79.9789,17.391,111.7968,-1,0.0, -> [background only]
frame_001334,-1.0,14.1742,76.9547,16.3091,107.4434,-1,0.0, -> [background only]
frame_001335,-1.0,16.9806,86.3308,14.6531,117.9694,-1,0.0, -> [background only]
frame_001336,-1.0,13.7352,87.936,19.1684,120.8453,-1,0.0, -> [background only]
frame_001337,-1.0,16.3534,83.213,17.2114,116.7821,-1,0.0, -> [background only]
frame_001338,-1.0,18.5861,78.5384,16.2614,113.391,-1,0.0, -> [background only]
frame_001339,-1.0,13.8789,75.4948,21.3132,110.6916,-1,0.0, -> [background only]
frame_001340,-1.0,13.9519,82.7366,14.819,111.5125,-1,0.0, -> [background only]
frame_001341,-1.0,20.8056,77.2308,15.872,113.9134,-1,0.0, -> [background only]
frame_001342,-1.0,11.4969,77.1573,17.2258,105.8848,-1,0.0, -> [background only]
frame_001343,-1.0,15.5518,84.3581,15.8961,115.8114,-1,0.0, -> [background only]
frame_001344,-1.0,16.6841,83.7962,15.6661,116.1522,-1,0.0, -> [background only]
frame_001345,-1.0,10.8726,79.4789,15.6661,106.0227,-1,0.0, -> [background only]
frame_001346,-1.0,20.4016,84.091,18.4039,122.9024,-1,0.0, -> [background only]
frame_001347,-1.0,15.7096,85.3951,11.2758,112.385,-1,0.0, -> [background only]
frame_001348,-1.0,5.5683,73.7963,14.6842,94.0525,-1,0.0, -> [background only]
frame_001349,-1.0,12.601,79.2028,19.9759,111.7845,-1,0.0, -> [background only]
frame_001350,-1.0,10.4096,81.0083,14.9459,106.3686,-1,0.0, -> [background only]
frame_001351,-1.0,16.9117,79.6792,17.1716,113.7677,-1,0.0, -> [background only]
frame_001352,-1.0,10.953,82.4103,15.3479,108.7166,-1,0.0, -> [background only]
frame_001353,-1.0,16.8893,78.5096,14.6985,110.1028,-1,0.0, -> [background only]
frame_001354,-1.0,10.9659,78.6153,15.9563,105.5424,-1,0.0, -> [background only]
frame_001355,-1.0,18.0229,80.2446,14.8241,113.0964,-1,0.0, -> [background only]
frame_001356,-1.0,14.5618,85.7876,9.0464,109.4005,-1,0.0, -> [background only]
frame_001357,-1.0,5.6134,79.3402,16.0762,101.0338,-1,0.0, -> [background only]
frame_001358,-1.0,14.8318,85.1939,16.869,116.9,-1,0.0, -> [background only]
frame_001359,-1.0,9.84,81.1979,20.3748,111.418,-1,0.0, -> [background only]
frame_001360,-1.0,14.8308,81.0304,16.2425,112.1086,-1,0.0, -> [background only]
frame_001361,-1.0,17.4327,76.9343,16.7494,111.1225,-1,0.0, -> [background only]
frame_001362,-1.0,10.6627,82.1781,15.9523,108.7979,-1,0.0, -> [background only]
frame_001363,-1.0,14.905,76.8431,15.1518,106.9055,-1,0.0, -> [background only]
frame_001364,-1.0,11.0287,83.794,16.9426,111.7708,-1,0.0, -> [background only]
frame_001365,-1.0,17.7775,76.7388,16.1859,110.7073,-1,0.0, -> [background only]
frame_001366,-1.0,14.3031,81.3821,17.5884,113.2794,-1,0.0, -> [background only]
frame_001367,-1.0,14.814,86.8365,15.2154,116.8706,-1,0.0, -> [background only]
frame_001368,-1.0,19.2244,79.2264,16.9515,115.4073,-1,0.0, -> [sofa (Left): 1%]
frame_001369,-1.0,12.7989,87.7045,17.4083,117.9169,-1,0.0, -> [background only]
frame_001370,-1.0,11.273,80.7873,17.211,109.2762,-1,0.0," -> [chair (Left): 1%, sofa (Left): 1%]"
frame_001371,-1.0,14.4899,82.7463,18.0792,115.3209,-1,0.0, -> [sofa (Left): 1%]
frame_001372,-1.0,9.8504,87.629,18.6732,116.1577,-1,0.0, -> [background only]
frame_001373,-1.0,14.7734,81.9135,16.9147,113.6065,-1,0.0, -> [background only]
frame_001374,-1.0,14.3166,81.6004,16.3559,112.2779,-1,0.0, -> [background only]
frame_001375,-1.0,10.3226,86.6243,16.1079,113.0594,-1,0.0, -> [background only]
frame_001376,-1.0,46.4125,81.3784,16.3621,144.1578,-1,0.0, -> [background only]
frame_001377,-1.0,15.8769,76.2259,16.7598,108.8683,-1,0.0, -> [background only]
frame_001378,-1.0,13.0543,81.5832,17.0742,111.7175,-1,0.0, -> [background only]
frame_001379,-1.0,12.0047,77.9046,14.8942,104.8076,-1,0.0, -> [background only]
frame_001380,-1.0,11.0339,74.8765,16.1895,102.105,-1,0.0, -> [background only]
frame_001381,-1.0,11.6207,74.9482,16.4618,103.0355,-1,0.0, -> [background only]
frame_001382,-1.0,18.0734,79.547,14.9183,112.5438,-1,0.0, -> [background only]
frame_001383,-1.0,12.6327,79.8227,17.0406,109.5006,-1,0.0, -> [background only]
frame_001384,-1.0,18.7006,83.1225,16.2737,118.102,-1,0.0, -> [background only]
frame_001385,-1.0,13.0933,85.5982,16.9357,115.6322,-1,0.0, -> [background only]
frame_001386,-1.0,11.0104,79.8016,16.9483,107.7652,-1,0.0, -> [background only]
frame_001387,-1.0,14.977,82.9373,16.3031,114.2228,-1,0.0, -> [background only]
frame_001388,-1.0,10.2661,78.3759,16.6477,105.2951,-1,0.0, -> [background only]
frame_001389,-1.0,15.3035,73.2594,19.1297,107.6975,-1,0.0," -> [chair (Left): 1%, tvmonitor (Top-Left): 1%]"
frame_001390,-1.0,12.7046,81.3326,21.8483,115.8905,-1,0.0, -> [chair (Left): 2%]
frame_001391,-1.0,15.2606,76.8872,17.3384,109.4915,-1,0.0," -> [chair (Left): 3%, tvmonitor (Top-Left): 2%]"
frame_001392,-1.0,21.2908,84.6334,16.8756,122.8048,-1,0.0," -> [chair (Left): 4%, tvmonitor (Top-Left): 2%]"
frame_001393,-1.0,15.5475,81.8637,17.4626,114.8786,-1,0.0, -> [chair (Left): 5%]
frame_001394,-1.0,12.3758,81.5276,17.2432,111.1515,-1,0.0, -> [chair (Left): 6%]
frame_001395,-1.0,14.9411,86.5976,17.8571,119.4009,-1,0.0, -> [chair (Left): 9%]
frame_001396,-1.0,11.3989,81.9393,17.2535,110.597,-1,0.0, -> [chair (Left): 13%]
frame_001397,-1.0,15.5336,82.8732,16.1153,114.5269,-1,0.0, -> [chair (Left): 15%]
frame_001398,-1.0,16.1276,80.3706,16.7,113.2027,-1,0.0," -> [chair (Left): 16%, tvmonitor (Top-Left): 2%]"
frame_001399,-1.0,10.5795,82.0963,17.9112,110.5918,-1,0.0, -> [chair (Left): 12%]
frame_001400,-1.0,21.8896,88.6674,16.2511,126.8128,-1,0.0, -> [chair (Left): 16%]
frame_001401,-1.0,20.3361,82.881,15.1987,118.4206,-1,0.0, -> [chair (Left): 12%]
frame_001402,-1.0,14.9359,80.6311,18.2988,113.8706,-1,0.0," -> [chair (Center): 8%, tvmonitor (Top): 2%]"
frame_001403,-1.0,11.2498,82.3345,15.979,109.5683,-1,0.0," -> [chair (Center): 9%, tvmonitor (Top): 1%]"
frame_001404,-1.0,17.1648,84.3587,15.6639,117.1924,-1,0.0, -> [chair (Center): 8%]
frame_001405,-1.0,14.2199,82.8378,17.0847,114.1476,-1,0.0, -> [chair (Center): 7%]
frame_001406,-1.0,15.474,84.3809,16.4883,116.3481,-1,0.0, -> [chair (Center): 10%]
frame_001407,-1.0,13.7589,77.2414,17.4378,108.4435,-1,0.0," -> [chair (Center): 9%, tvmonitor (Top): 1%]"
frame_001408,-1.0,12.1422,78.5442,15.7246,106.4167,-1,0.0, -> [chair (Center): 9%]
frame_001409,-1.0,12.9375,83.2779,16.3943,112.6144,-1,0.0, -> [chair (Center): 10%]
frame_001410,-1.0,14.325,84.749,17.3995,116.4788,-1,0.0, -> [chair (Center): 9%]
frame_001411,-1.0,15.9222,79.1499,17.301,112.3786,-1,0.0, -> [chair (Center): 9%]
frame_001412,-1.0,18.2947,77.9606,16.6771,112.9369,-1,0.0, -> [chair (Center): 10%]
frame_001413,-1.0,14.3962,82.1501,20.356,116.9079,-1,0.0, -> [chair (Center): 8%]
frame_001414,-1.0,13.0962,76.7794,16.9035,106.7836,-1,0.0, -> [chair (Center): 8%]
frame_001415,-1.0,17.4494,87.1843,15.57,120.209,-1,0.0, -> [chair (Center): 9%]
frame_001416,-1.0,14.1282,82.5938,19.572,116.2988,-1,0.0, -> [chair (Center): 9%]
frame_001417,-1.0,14.132,80.1155,15.542,109.795,-1,0.0, -> [chair (Center): 10%]
frame_001418,-1.0,12.6083,85.4204,20.237,118.2702,-1,0.0, -> [chair (Center): 9%]
frame_001419,-1.0,12.7285,81.3284,16.3251,110.387,-1,0.0, -> [chair (Center): 9%]
frame_001420,-1.0,16.456,77.6368,16.9892,111.087,-1,0.0," -> [chair (Center): 10%, tvmonitor (Top): 1%]"
frame_001421,-1.0,10.5719,78.1296,16.6683,105.3749,-1,0.0," -> [chair (Center): 9%, tvmonitor (Top): 1%]"
frame_001422,-1.0,17.4675,83.3056,15.4439,116.2221,-1,0.0, -> [chair (Center): 9%]
frame_001423,-1.0,13.0473,79.1098,17.958,110.12,-1,0.0, -> [chair (Center): 10%]
frame_001424,-1.0,10.8735,75.3982,16.4952,102.7721,-1,0.0," -> [chair (Center): 10%, tvmonitor (Top): 2%]"
frame_001425,-1.0,16.2343,85.2549,16.9699,118.4637,-1,0.0," -> [chair (Center): 10%, tvmonitor (Top): 2%]"
frame_001426,-1.0,10.345,86.2235,17.5434,114.1171,-1,0.0," -> [chair (Center): 6%, tvmonitor (Top): 3%]"
frame_001427,-1.0,14.4537,80.4859,16.9845,111.9291,-1,0.0," -> [chair (Center): 6%, tvmonitor (Top): 4%]"
frame_001428,-1.0,16.1763,82.1638,15.9864,114.3319,-1,0.0," -> [chair (Center): 6%, tvmonitor (Top): 3%]"
frame_001429,-1.0,12.9156,80.3239,16.8226,110.0669,-1,0.0," -> [chair (Center): 5%, tvmonitor (Top): 3%]"
frame_001430,-1.0,14.5231,76.9794,16.99,108.4979,-1,0.0," -> [chair (Center): 5%, tvmonitor (Top): 3%]"
frame_001431,-1.0,10.4658,76.959,17.9157,105.3454,-1,0.0," -> [chair (Center): 5%, tvmonitor (Top): 3%]"
frame_001432,-1.0,19.802,79.0659,15.6571,114.5303,-1,0.0," -> [chair (Center): 5%, tvmonitor (Top): 3%]"
frame_001433,-1.0,16.2348,82.7199,19.0956,118.0659,-1,0.0," -> [chair (Bottom): 7%, tvmonitor (Top): 3%]"
frame_001434,-1.0,14.2088,77.2251,18.788,110.2271,-1,0.0," -> [chair (Bottom): 6%, tvmonitor (Center): 4%]"
frame_001435,-1.0,21.1992,87.8121,17.8351,126.8518,-1,0.0," -> [chair (Bottom): 9%, tvmonitor (Center): 3%]"
frame_001436,-1.0,19.0108,94.8108,15.6322,129.459,-1,0.0," -> [chair (Bottom): 4%, tvmonitor (Center): 3%]"
frame_001437,-1.0,17.6737,82.278,18.5703,118.5266,-1,0.0," -> [chair (Bottom): 4%, tvmonitor (Center): 3%]"
frame_001438,-1.0,13.9766,79.5961,16.7153,110.2931,-1,0.0," -> [chair (Bottom): 5%, tvmonitor (Center): 3%]"
frame_001439,-1.0,16.4946,83.638,16.9874,117.1251,-1,0.0," -> [chair (Bottom): 5%, tvmonitor (Center): 3%]"
frame_001440,-1.0,12.2691,75.2729,17.1588,104.7061,-1,0.0," -> [chair (Bottom): 5%, tvmonitor (Center): 4%]"
frame_001441,-1.0,16.4631,85.7758,16.104,118.3483,-1,0.0," -> [chair (Bottom): 5%, tvmonitor (Center): 4%]"
frame_001442,-1.0,14.375,87.0033,17.3882,118.7716,-1,0.0," -> [chair (Bottom): 5%, tvmonitor (Center): 4%]"
frame_001443,-1.0,11.9323,83.7831,21.222,116.9424,-1,0.0," -> [chair (Bottom): 6%, tvmonitor (Center): 3%]"
frame_001444,-1.0,12.1048,75.203,16.9646,104.2775,-1,0.0," -> [chair (Bottom): 5%, tvmonitor (Center): 3%]"
frame_001445,-1.0,12.1772,80.3803,17.6497,110.2119,-1,0.0," -> [chair (Bottom): 5%, tvmonitor (Center): 3%]"
frame_001446,-1.0,10.7651,83.0958,16.2831,110.1487,-1,0.0," -> [chair (Bottom): 6%, tvmonitor (Center): 4%]"
frame_001447,-1.0,20.7191,78.2918,17.1382,116.1539,-1,0.0," -> [chair (Bottom): 7%, tvmonitor (Center): 3%]"
frame_001448,-1.0,10.4178,78.1172,18.0785,106.6182,-1,0.0," -> [chair (Center): 10%, tvmonitor (Center): 2%]"
frame_001449,-1.0,14.1054,77.3747,20.4994,111.9846,-1,0.0," -> [chair (Center): 8%, tvmonitor (Top): 3%]"
frame_001450,-1.0,14.4521,75.5229,19.4608,109.4455,-1,0.0," -> [chair (Center): 7%, tvmonitor (Top): 3%]"
frame_001451,-1.0,12.9022,75.1305,18.4727,106.5103,-1,0.0," -> [chair (Center): 8%, tvmonitor (Top): 2%]"
frame_001452,-1.0,17.67,87.6051,17.2109,122.4966,-1,0.0," -> [chair (Center): 7%, tvmonitor (Top): 2%]"
frame_001453,-1.0,10.4946,87.3846,21.2812,119.1661,-1,0.0," -> [chair (Center): 8%, tvmonitor (Top): 2%]"
frame_001454,-1.0,15.3148,83.7911,15.3113,114.422,-1,0.0," -> [chair (Center): 8%, tvmonitor (Top): 2%]"
frame_001455,-1.0,16.1652,77.4891,15.8608,109.5199,-1,0.0," -> [chair (Center): 8%, tvmonitor (Top): 2%]"
frame_001456,-1.0,11.8451,79.3048,16.3044,107.4597,-1,0.0," -> [chair (Center): 9%, tvmonitor (Top): 2%]"
frame_001457,-1.0,15.4001,81.0942,18.8771,115.377,-1,0.0," -> [chair (Center): 8%, tvmonitor (Top): 2%]"
frame_001458,-1.0,11.7826,80.0377,18.6597,110.4847,-1,0.0," -> [chair (Center): 7%, tvmonitor (Top): 2%]"
frame_001459,-1.0,10.9145,79.7341,17.2143,107.8678,-1,0.0," -> [chair (Center): 7%, tvmonitor (Top): 2%]"
frame_001460,-1.0,16.9346,87.5991,15.9642,120.5031,-1,0.0," -> [chair (Center): 6%, tvmonitor (Top): 2%]"
frame_001461,-1.0,10.5932,82.3437,17.9159,110.8578,-1,0.0, -> [chair (Center): 9%]
frame_001462,-1.0,15.9478,83.6387,16.7953,116.3976,-1,0.0, -> [chair (Center): 8%]
frame_001463,-1.0,19.7575,80.9077,16.5658,117.2357,-1,0.0, -> [chair (Center): 8%]
frame_001464,-1.0,12.123,80.3188,16.135,108.5816,-1,0.0, -> [chair (Center): 9%]
frame_001465,-1.0,16.2491,78.4743,16.7315,111.4596,-1,0.0, -> [chair (Center): 6%]
frame_001466,-1.0,10.7988,80.1225,19.7017,110.6276,-1,0.0, -> [chair (Left): 9%]
frame_001467,-1.0,11.0148,80.0504,15.9584,107.0279,-1,0.0, -> [background only]
frame_001468,-1.0,16.343,83.9148,17.4203,117.6829,-1,0.0, -> [chair (Left): 8%]
frame_001469,-1.0,10.3686,92.562,24.0728,127.0082,-1,0.0, -> [background only]
frame_001470,-1.0,14.2966,80.7662,17.2564,112.3301,-1,0.0, -> [background only]
frame_001471,-1.0,20.7399,83.6327,16.2309,120.6082,-1,0.0, -> [background only]
frame_001472,-1.0,13.9645,76.72,16.0704,106.7608,-1,0.0, -> [background only]
frame_001473,-1.0,19.5676,74.2477,16.6112,110.4319,-1,0.0, -> [background only]
frame_001474,-1.0,17.4265,75.3222,16.8585,109.6125,-1,0.0, -> [background only]
frame_001475,-1.0,12.4503,78.7594,15.6863,106.9011,-1,0.0, -> [background only]
frame_001476,-1.0,15.4874,82.5348,18.1785,116.2056,-1,0.0, -> [background only]
frame_001477,-1.0,8.5126,79.3145,17.0525,104.8846,-1,0.0, -> [background only]
frame_001478,-1.0,22.218,79.0346,16.4191,117.6774,-1,0.0, -> [background only]
frame_001479,-1.0,16.0018,82.6888,16.0677,114.7628,-1,0.0, -> [background only]
frame_001480,-1.0,15.5113,78.6948,17.3744,111.5857,-1,0.0, -> [background only]
frame_001481,-1.0,20.0499,80.703,15.979,116.737,-1,0.0, -> [background only]
frame_001482,-1.0,16.2938,83.3676,16.5467,116.2532,-1,0.0, -> [background only]
frame_001483,-1.0,12.0572,76.7504,15.2758,104.0885,-1,0.0, -> [background only]
frame_001484,-1.0,14.6753,79.1773,16.4202,110.2777,-1,0.0, -> [background only]
frame_001485,-1.0,13.0296,76.692,16.2256,105.9527,-1,0.0, -> [background only]
frame_001486,-1.0,21.5724,76.8864,16.1052,114.5688,-1,0.0, -> [background only]
frame_001487,-1.0,18.9681,93.4496,15.968,128.3917,-1,0.0, -> [background only]
frame_001488,-1.0,14.6937,83.2972,16.0217,114.0176,-1,0.0, -> [background only]
frame_001489,-1.0,14.0559,87.8027,19.0844,120.9473,-1,0.0, -> [background only]
frame_001490,-1.0,22.6209,77.1655,16.4488,116.2406,-1,0.0, -> [background only]
frame_001491,-1.0,13.0234,80.3944,16.3537,109.7761,-1,0.0, -> [background only]
frame_001492,-1.0,15.396,79.1134,15.0053,109.5201,-1,0.0, -> [background only]
frame_001493,-1.0,20.2467,79.7996,17.9073,117.9583,-1,0.0, -> [background only]
frame_001494,-1.0,11.7194,76.9879,16.6913,105.4037,-1,0.0, -> [background only]
frame_001495,-1.0,20.0619,79.6925,15.9846,115.7443,-1,0.0, -> [background only]
frame_001496,-1.0,15.3238,85.5603,21.7045,122.5943,-1,0.0, -> [background only]
frame_001497,-1.0,11.2375,78.8298,16.0632,106.1361,-1,0.0, -> [background only]
frame_001498,-1.0,14.5511,80.6294,16.1014,111.2869,-1,0.0, -> [background only]
frame_001499,-1.0,10.4397,76.2281,15.4109,102.0841,-1,0.0, -> [background only]
frame_001500,-1.0,13.6876,76.8176,16.3795,106.8902,-1,0.0, -> [background only]
frame_001501,-1.0,11.3025,80.3915,15.9071,107.6066,-1,0.0, -> [background only]
frame_001502,-1.0,19.2897,76.9403,16.0223,112.2576,-1,0.0, -> [background only]
frame_001503,-1.0,17.0449,83.7256,17.1502,117.9253,-1,0.0, -> [background only]
frame_001504,-1.0,13.8021,82.8312,15.2691,111.907,-1,0.0, -> [background only]
frame_001505,-1.0,23.8284,88.1859,14.7467,126.766,-1,0.0, -> [background only]
frame_001506,-1.0,13.8343,87.8822,19.159,120.8804,-1,0.0, -> [background only]
frame_001507,-1.0,9.225,84.2422,15.7607,109.2327,-1,0.0, -> [background only]
frame_001508,-1.0,20.7341,76.5827,17.6728,114.9949,-1,0.0, -> [background only]
frame_001509,-1.0,25.6376,76.6052,15.1189,117.3672,-1,0.0, -> [background only]
frame_001510,-1.0,15.9188,79.4392,19.5927,114.9557,-1,0.0, -> [background only]
frame_001511,-1.0,21.0692,81.2157,15.4266,117.7167,-1,0.0, -> [background only]
frame_001512,-1.0,20.495,87.1132,15.8377,123.4504,-1,0.0, -> [background only]
frame_001513,-1.0,11.447,91.9422,15.3256,118.7197,-1,0.0, -> [background only]
frame_001514,-1.0,14.602,76.8479,15.8677,107.3221,-1,0.0, -> [background only]
frame_001515,-1.0,13.4753,106.6381,7.5917,127.7094,-1,0.0, -> [background only]
frame_001516,-1.0,6.5843,80.6108,19.1828,106.3821,-1,0.0, -> [background only]
frame_001517,-1.0,11.3997,82.3624,15.1608,108.9281,-1,0.0, -> [background only]
frame_001518,-1.0,17.7091,79.5875,15.928,113.2292,-1,0.0, -> [background only]
frame_001519,-1.0,12.6891,81.9415,21.8527,116.4883,-1,0.0, -> [background only]
frame_001520,-1.0,14.4334,80.484,16.5488,111.4717,-1,0.0, -> [background only]
frame_001521,-1.0,19.1999,84.0934,14.487,117.7852,-1,0.0, -> [background only]
frame_001522,-1.0,13.9515,83.6804,16.0456,113.6827,-1,0.0, -> [background only]
frame_001523,-1.0,16.907,82.2311,16.2383,115.3817,-1,0.0, -> [background only]
frame_001524,-1.0,16.3785,82.671,16.5819,115.6368,-1,0.0, -> [background only]
frame_001525,-1.0,14.9923,82.7192,15.8084,113.5258,-1,0.0, -> [background only]
frame_001526,-1.0,20.9773,81.1197,16.5353,118.6386,-1,0.0, -> [background only]
frame_001527,-1.0,17.209,82.4481,16.0569,115.7194,-1,0.0, -> [background only]
frame_001528,-1.0,12.1856,85.978,19.1271,117.2959,-1,0.0, -> [background only]
frame_001529,-1.0,21.6747,84.0376,14.4747,120.1922,-1,0.0, -> [background only]
frame_001530,-1.0,23.4862,78.3261,16.3461,118.1639,-1,0.0, -> [background only]
frame_001531,-1.0,15.2632,82.4341,17.7994,115.5022,-1,0.0, -> [background only]
frame_001532,-1.0,12.7397,84.6195,15.5105,112.8742,-1,0.0, -> [background only]
frame_001533,-1.0,15.2462,85.6504,17.2006,118.1025,-1,0.0, -> [background only]
frame_001534,-1.0,18.9252,85.2519,16.6319,120.8139,-1,0.0, -> [background only]
frame_001535,-1.0,14.4354,82.0808,15.4823,112.0043,-1,0.0, -> [background only]
frame_001536,-1.0,14.237,73.3432,16.0506,103.6356,-1,0.0, -> [background only]
frame_001537,-1.0,12.4818,77.8989,16.2742,106.6596,-1,0.0, -> [background only]
frame_001538,-1.0,22.6344,78.1885,14.7823,115.6096,-1,0.0, -> [background only]
frame_001539,-1.0,12.766,77.257,20.3371,110.3655,-1,0.0, -> [background only]
frame_001540,-1.0,11.7198,77.8271,16.5011,106.0527,-1,0.0, -> [background only]
frame_001541,-1.0,14.6638,86.8466,17.719,119.2337,-1,0.0, -> [background only]
frame_001542,-1.0,12.5668,83.6434,15.9455,112.1608,-1,0.0, -> [background only]
frame_001543,-1.0,18.9188,79.8886,14.8931,113.7066,-1,0.0, -> [background only]
frame_001544,-1.0,16.9478,81.5908,15.0336,113.5777,-1,0.0, -> [background only]
frame_001545,-1.0,12.7687,76.4938,15.6348,104.9029,-1,0.0, -> [background only]
frame_001546,-1.0,21.5875,80.329,16.4918,118.4137,-1,0.0, -> [background only]
frame_001547,-1.0,10.7096,79.1371,15.6298,105.4817,-1,0.0, -> [background only]
frame_001548,-1.0,16.468,78.8037,16.4589,111.7354,-1,0.0, -> [background only]
frame_001549,-1.0,17.2835,78.1796,17.1004,112.5689,-1,0.0, -> [background only]
frame_001550,-1.0,13.0071,80.0133,17.5303,110.5556,-1,0.0, -> [background only]
frame_001551,-1.0,22.9623,90.2081,14.6838,127.8592,-1,0.0, -> [background only]
frame_001552,-1.0,13.1482,85.1681,17.7405,116.0612,-1,0.0, -> [background only]
frame_001553,-1.0,12.0708,79.6028,16.8201,108.4992,-1,0.0, -> [background only]
frame_001554,-1.0,18.3509,76.4554,15.9762,110.7874,-1,0.0, -> [background only]
frame_001555,-1.0,14.8127,83.4307,16.2463,114.4947,-1,0.0, -> [background only]
frame_001556,-1.0,12.5383,77.5758,15.4075,105.5267,-1,0.0, -> [background only]
frame_001557,-1.0,19.7183,78.9409,16.6018,115.2659,-1,0.0, -> [background only]
frame_001558,-1.0,10.41,76.8265,17.538,104.7797,-1,0.0, -> [background only]
frame_001559,-1.0,15.2672,84.7702,16.1034,116.1453,-1,0.0, -> [background only]
frame_001560,-1.0,11.1479,87.3177,16.17,114.6416,-1,0.0, -> [background only]
frame_001561,-1.0,10.4791,79.7167,17.1136,107.3142,-1,0.0, -> [background only]
frame_001562,-1.0,19.0182,83.6388,16.2846,118.9468,-1,0.0, -> [background only]
frame_001563,-1.0,11.699,78.5037,16.5227,106.7301,-1,0.0, -> [background only]
frame_001564,-1.0,20.1585,87.9499,15.6055,123.7327,-1,0.0, -> [background only]
frame_001565,-1.0,19.7432,78.6672,16.5096,114.9253,-1,0.0, -> [background only]
frame_001566,-1.0,12.1798,77.5516,17.0357,106.7822,-1,0.0, -> [background only]
frame_001567,-1.0,16.9796,88.6871,14.4147,120.0869,-1,0.0, -> [background only]
frame_001568,-1.0,14.1654,85.2667,20.7862,120.2233,-1,0.0, -> [background only]
frame_001569,-1.0,13.1564,79.7602,17.476,110.3981,-1,0.0, -> [background only]
frame_001570,-1.0,19.6806,83.8277,16.4326,119.9459,-1,0.0, -> [background only]
frame_001571,-1.0,18.4815,87.4787,15.2597,121.2252,-1,0.0, -> [background only]
frame_001572,-1.0,11.2343,77.4195,15.6457,104.3044,-1,0.0, -> [background only]
frame_001573,-1.0,15.0428,75.8217,16.2517,107.1212,-1,0.0, -> [background only]
frame_001574,-1.0,12.6229,72.3849,15.9812,100.9946,-1,0.0, -> [background only]
frame_001575,-1.0,21.3117,77.6719,15.1388,114.1271,-1,0.0, -> [background only]
frame_001576,-1.0,11.3577,79.0387,15.7417,106.1432,-1,0.0, -> [background only]
frame_001577,-1.0,11.4618,81.429,15.9096,108.8056,-1,0.0, -> [background only]
frame_001578,-1.0,20.4437,89.5729,15.4781,125.4996,-1,0.0, -> [background only]
frame_001579,-1.0,11.2241,77.4439,20.4754,109.1494,-1,0.0, -> [background only]
frame_001580,-1.0,11.5681,82.2124,14.9003,108.686,-1,0.0, -> [background only]
frame_001581,-1.0,15.455,82.41,17.3494,115.2195,-1,0.0, -> [background only]
frame_001582,-1.0,10.856,88.7845,15.8819,115.5272,-1,0.0, -> [background only]
frame_001583,-1.0,20.6326,76.8387,16.481,113.958,-1,0.0, -> [background only]
frame_001584,-1.0,13.8919,81.1937,15.9317,111.0227,-1,0.0, -> [background only]
frame_001585,-1.0,14.2174,80.0594,14.9483,109.2297,-1,0.0, -> [background only]
frame_001586,-1.0,14.2633,80.4079,14.9098,109.5859,-1,0.0, -> [background only]
frame_001587,-1.0,10.8185,81.8462,17.5777,110.2474,-1,0.0, -> [tvmonitor (Top): 6%]
frame_001588,-1.0,22.1454,81.5429,15.1254,118.8185,-1,0.0, -> [tvmonitor (Top): 7%]
frame_001589,-1.0,13.3712,79.5139,17.3692,110.2597,-1,0.0, -> [tvmonitor (Top): 12%]
frame_001590,-1.0,10.3268,77.443,16.3575,104.1325,-1,0.0, -> [tvmonitor (Top): 6%]
frame_001591,-1.0,13.6491,83.8016,16.8158,114.2722,-1,0.0, -> [tvmonitor (Top): 9%]
frame_001592,-1.0,10.4224,79.0614,16.325,105.8147,-1,0.0, -> [tvmonitor (Top): 7%]
frame_001593,-1.0,16.4843,74.4655,15.7165,106.6716,-1,0.0, -> [tvmonitor (Top): 9%]
frame_001594,-1.0,10.8813,78.5413,17.789,107.2166,-1,0.0, -> [tvmonitor (Top): 15%]
frame_001595,-1.0,14.3834,83.8541,16.3545,114.5977,-1,0.0, -> [tvmonitor (Top): 13%]
frame_001596,-1.0,10.8751,81.3899,16.4866,108.7565,-1,0.0, -> [tvmonitor (Top): 12%]
frame_001597,-1.0,10.8036,87.0101,17.9032,115.7216,-1,0.0, -> [tvmonitor (Top): 12%]
frame_001598,-1.0,18.7593,82.4483,16.5304,117.7429,-1,0.0, -> [tvmonitor (Top): 12%]
frame_001599,-1.0,14.7164,83.2598,16.5122,114.4935,-1,0.0, -> [tvmonitor (Top): 12%]
frame_001600,-1.0,12.7229,80.0692,17.2139,110.011,-1,0.0, -> [tvmonitor (Top): 12%]
frame_001601,-1.0,18.2365,86.5103,16.6697,121.422,-1,0.0, -> [tvmonitor (Top): 12%]
frame_001602,-1.0,13.1069,78.1039,20.2111,111.4269,-1,0.0, -> [tvmonitor (Top): 12%]
frame_001603,-1.0,22.5568,80.726,14.8169,118.1049,-1,0.0, -> [tvmonitor (Top): 12%]
frame_001604,-1.0,20.6056,76.8763,16.6378,114.1244,-1,0.0, -> [tvmonitor (Top): 13%]
frame_001605,-1.0,14.2906,87.3098,19.9747,121.5795,-1,0.0, -> [tvmonitor (Top): 13%]
frame_001606,-1.0,10.6107,88.3206,17.9666,116.9026,-1,0.0, -> [tvmonitor (Top): 12%]
frame_001607,-1.0,23.4458,76.4132,15.3769,115.2411,-1,0.0, -> [tvmonitor (Top): 12%]
frame_001608,-1.0,15.462,75.9046,17.3331,108.7046,-1,0.0, -> [tvmonitor (Top): 12%]
frame_001609,-1.0,21.0186,77.2169,18.2226,116.4634,-1,0.0, -> [tvmonitor (Top): 12%]
frame_001610,-1.0,26.0435,81.5119,14.9087,122.4685,-1,0.0, -> [tvmonitor (Top): 13%]
frame_001611,-1.0,10.2716,77.3716,16.6491,104.297,-1,0.0, -> [tvmonitor (Top): 12%]
frame_001612,-1.0,15.4343,85.9498,15.0542,116.4433,-1,0.0, -> [tvmonitor (Top): 12%]
frame_001613,-1.0,18.2751,83.4503,17.1507,118.881,-1,0.0, -> [tvmonitor (Top): 12%]
frame_001614,-1.0,12.171,81.2769,18.079,111.5318,-1,0.0, -> [tvmonitor (Top): 12%]
frame_001615,-1.0,14.9758,76.41,15.6435,107.0343,-1,0.0, -> [tvmonitor (Top): 12%]
frame_001616,-1.0,15.8515,79.2201,19.3213,114.3983,-1,0.0, -> [tvmonitor (Top): 12%]
frame_001617,-1.0,12.0106,85.0034,16.4456,113.4643,-1,0.0, -> [tvmonitor (Top): 12%]
frame_001618,-1.0,18.3202,81.6952,16.5872,116.6129,-1,0.0, -> [tvmonitor (Top): 13%]
frame_001619,-1.0,12.881,81.4858,16.2743,110.6465,-1,0.0, -> [tvmonitor (Top): 9%]
frame_001620,-1.0,13.7655,83.0105,15.291,112.0721,-1,0.0, -> [tvmonitor (Top): 8%]
frame_001621,-1.0,14.7775,82.2581,16.686,113.7266,-1,0.0, -> [tvmonitor (Top): 1%]
frame_001622,-1.0,9.9985,92.4857,9.6648,112.1533,-1,0.0, -> [background only]
frame_001623,-1.0,7.4929,85.5875,15.629,108.7136,-1,0.0, -> [tvmonitor (Top): 1%]
frame_001624,-1.0,10.6142,80.5886,21.1363,112.3444,-1,0.0, -> [background only]
frame_001625,-1.0,16.561,85.9295,16.9063,119.4014,-1,0.0, -> [background only]
frame_001626,-1.0,21.94,80.5181,16.4241,118.8873,-1,0.0, -> [background only]
frame_001627,-1.0,14.1137,86.5048,17.315,117.939,-1,0.0, -> [tvmonitor (Top): 1%]
frame_001628,-1.0,13.1025,81.4399,17.1901,111.7372,-1,0.0, -> [tvmonitor (Top): 3%]
frame_001629,-1.0,18.5085,84.01,16.1915,118.7146,-1,0.0, -> [tvmonitor (Top): 3%]
frame_001630,-1.0,14.2177,79.9816,16.733,110.9378,-1,0.0, -> [background only]
frame_001631,-1.0,10.4796,82.5975,17.4808,110.5628,-1,0.0, -> [background only]
frame_001632,-1.0,18.3389,87.1107,14.7574,120.2119,-1,0.0, -> [background only]
frame_001633,-1.0,10.8354,77.8931,21.2633,109.997,-1,0.0, -> [background only]
frame_001634,-1.0,14.1375,80.8006,15.2097,110.153,-1,0.0, -> [background only]
frame_001635,-1.0,14.6105,78.1735,17.7236,110.5236,-1,0.0, -> [background only]
frame_001636,-1.0,16.0532,85.6311,15.5843,117.2739,-1,0.0, -> [background only]
frame_001637,-1.0,22.6496,82.1974,15.0144,119.8676,-1,0.0, -> [background only]
frame_001638,-1.0,19.0275,77.1022,14.6191,110.7542,-1,0.0, -> [background only]
frame_001639,-1.0,11.1656,79.6858,15.7997,106.6559,-1,0.0, -> [background only]
frame_001640,-1.0,18.1825,77.4898,18.1489,113.8266,-1,0.0, -> [background only]
frame_001641,-1.0,11.5219,82.4408,9.294,103.2606,-1,0.0, -> [background only]
frame_001642,-1.0,7.316,81.4706,14.7703,103.5611,-1,0.0, -> [background only]
frame_001643,-1.0,10.6713,78.9094,20.5144,110.0999,-1,0.0, -> [background only]
frame_001644,-1.0,18.383,84.422,16.1534,118.9637,-1,0.0, -> [background only]
frame_001645,-1.0,13.8972,79.3272,17.43,110.6597,-1,0.0, -> [background only]
frame_001646,-1.0,15.8432,84.4329,15.4667,115.7479,-1,0.0, -> [background only]
frame_001647,-1.0,20.549,88.762,14.8704,124.1865,-1,0.0, -> [background only]
frame_001648,-1.0,17.269,77.8863,16.6788,111.8396,-1,0.0, -> [background only]
frame_001649,-1.0,10.7316,76.9882,16.901,104.626,-1,0.0, -> [background only]
frame_001650,-1.0,14.3841,79.7002,14.7489,108.8383,-1,0.0, -> [background only]
frame_001651,-1.0,10.5549,78.2989,17.8597,106.7181,-1,0.0, -> [background only]
frame_001652,-1.0,18.8548,82.1817,16.2371,117.2786,-1,0.0, -> [background only]
frame_001653,-1.0,14.8045,78.8717,17.0271,110.709,-1,0.0, -> [background only]
frame_001654,-1.0,10.418,85.1057,15.2834,110.8123,-1,0.0, -> [background only]
frame_001655,-1.0,13.4996,83.0688,15.9223,112.4964,-1,0.0, -> [background only]
frame_001656,-1.0,10.1305,82.2183,16.7727,109.1269,-1,0.0, -> [background only]
frame_001657,-1.0,16.2652,86.0843,16.0898,118.4441,-1,0.0, -> [background only]
frame_001658,-1.0,18.0371,84.6194,14.9669,117.6288,-1,0.0, -> [background only]
frame_001659,-1.0,12.436,83.5238,16.4149,112.3796,-1,0.0, -> [background only]
frame_001660,-1.0,17.0544,86.351,16.4269,119.8379,-1,0.0, -> [background only]
frame_001661,-1.0,14.0477,76.2178,16.1127,106.3835,-1,0.0, -> [background only]
frame_001662,-1.0,14.4618,79.4004,15.9336,109.8007,-1,0.0, -> [background only]
frame_001663,-1.0,21.1879,87.7109,14.6485,123.5523,-1,0.0, -> [background only]
frame_001664,-1.0,20.7235,89.2479,16.1753,126.1518,-1,0.0, -> [background only]
frame_001665,-1.0,13.0284,83.0917,16.7326,112.8572,-1,0.0, -> [background only]
frame_001666,-1.0,12.6447,79.3466,16.8359,108.833,-1,0.0, -> [background only]
frame_001667,-1.0,19.513,78.3377,16.5941,114.4497,-1,0.0, -> [background only]
frame_001668,-1.0,10.6419,84.1442,16.7936,111.5846,-1,0.0, -> [background only]
frame_001669,-1.0,17.9917,76.2177,14.6165,108.8309,-1,0.0, -> [background only]
frame_001670,-1.0,10.7946,88.1321,17.8992,116.8308,-1,0.0, -> [background only]
frame_001671,-1.0,11.1686,84.7999,15.9838,111.9578,-1,0.0, -> [background only]
frame_001672,-1.0,17.1295,84.5761,16.0978,117.8083,-1,0.0, -> [background only]
frame_001673,-1.0,11.6668,79.7399,20.1655,111.5774,-1,0.0, -> [background only]
frame_001674,-1.0,14.5027,76.9433,15.2467,106.6981,-1,0.0, -> [background only]
frame_001675,-1.0,13.3436,80.9839,17.2635,111.5965,-1,0.0, -> [background only]
frame_001676,-1.0,10.8356,85.3298,17.3516,113.5224,-1,0.0, -> [background only]
frame_001677,-1.0,19.2788,78.9887,14.8096,113.0823,-1,0.0, -> [background only]
frame_001678,-1.0,10.2599,82.5568,17.8121,110.6338,-1,0.0, -> [background only]
frame_001679,-1.0,10.3504,74.7422,14.8357,99.9328,-1,0.0, -> [background only]
frame_001680,-1.0,15.2483,81.9543,9.0568,106.2636,-1,0.0, -> [background only]
frame_001681,-1.0,5.9063,77.3537,15.1159,98.3803,-1,0.0, -> [background only]
frame_001682,-1.0,18.3226,85.5005,14.9815,118.8104,-1,0.0, -> [background only]
frame_001683,-1.0,10.7043,86.3541,16.2525,113.3168,-1,0.0, -> [background only]
frame_001684,-1.0,17.5346,83.0963,16.3224,116.9591,-1,0.0, -> [background only]
frame_001685,-1.0,13.2739,76.8326,19.8906,110.003,-1,0.0, -> [background only]
frame_001686,-1.0,14.6178,83.5175,15.3469,113.4878,-1,0.0, -> [background only]
frame_001687,-1.0,14.2301,86.6862,14.9103,115.8317,-1,0.0, -> [background only]
frame_001688,-1.0,12.1272,77.0196,20.427,109.5787,-1,0.0, -> [background only]
frame_001689,-1.0,11.2159,76.9947,16.414,104.6292,-1,0.0, -> [tvmonitor (Center): 5%]
frame_001690,-1.0,16.4945,73.094,17.6013,107.1948,-1,0.0, -> [background only]
frame_001691,-1.0,15.0217,80.6674,16.4505,112.1446,-1,0.0, -> [background only]
frame_001692,-1.0,16.7029,79.5413,16.4973,112.7463,-1,0.0, -> [background only]
frame_001693,-1.0,14.119,85.1063,18.9596,118.1897,-1,0.0, -> [background only]
frame_001694,-1.0,12.5115,81.7302,14.4466,108.6932,-1,0.0, -> [background only]
frame_001695,-1.0,17.2081,85.1868,15.8318,118.2316,-1,0.0, -> [background only]
frame_001696,-1.0,10.7012,83.0146,17.5426,111.2637,-1,0.0, -> [background only]
frame_001697,-1.0,18.2643,79.9208,15.9721,114.1627,-1,0.0, -> [background only]
frame_001698,-1.0,17.2542,77.7157,16.2983,111.2779,-1,0.0, -> [background only]
frame_001699,-1.0,10.748,78.2386,14.937,103.9283,-1,0.0, -> [background only]
frame_001700,-1.0,14.2664,80.2997,19.1925,113.7632,-1,0.0, -> [background only]
frame_001701,-1.0,13.8521,83.779,20.8363,118.4718,-1,0.0, -> [background only]
frame_001702,-1.0,16.9798,81.5009,15.1599,113.6465,-1,0.0, -> [background only]
frame_001703,-1.0,19.8648,80.8662,14.786,115.5214,-1,0.0, -> [background only]
frame_001704,-1.0,15.2493,80.6728,15.8262,111.7535,-1,0.0, -> [background only]
frame_001705,-1.0,17.8258,79.0037,15.0269,111.8614,-1,0.0, -> [background only]
frame_001706,-1.0,19.7628,82.7216,16.3865,118.8768,-1,0.0, -> [background only]
frame_001707,-1.0,11.6725,75.3117,15.3558,102.3451,-1,0.0, -> [background only]
frame_001708,-1.0,19.9105,77.6999,18.8142,116.4296,-1,0.0, -> [background only]
frame_001709,-1.0,17.1076,79.8183,16.8247,113.7562,-1,0.0, -> [background only]
frame_001710,-1.0,17.211,81.5639,15.234,114.0146,-1,0.0, -> [background only]
frame_001711,-1.0,24.1259,78.5382,16.3965,119.0655,-1,0.0, -> [background only]
frame_001712,-1.0,14.1623,83.7717,16.4169,114.3561,-1,0.0, -> [background only]
frame_001713,-1.0,14.6555,77.1612,17.0901,108.9112,-1,0.0, -> [background only]
frame_001714,-1.0,25.3816,83.9532,16.6993,126.0389,-1,0.0, -> [background only]
frame_001715,-1.0,13.333,75.729,16.5229,105.5896,-1,0.0, -> [background only]
frame_001716,-1.0,17.5788,79.3486,15.9811,112.9136,-1,0.0, -> [background only]
frame_001717,-1.0,13.9767,79.6847,16.5846,110.2514,-1,0.0, -> [background only]
frame_001718,-1.0,13.926,74.9392,14.8906,103.7605,-1,0.0, -> [background only]
frame_001719,-1.0,14.8299,80.3542,15.2352,110.4245,-1,0.0, -> [background only]
frame_001720,-1.0,12.1156,85.5775,17.1682,114.8658,-1,0.0, -> [background only]
frame_001721,-1.0,16.8639,83.6246,16.4498,116.9435,-1,0.0, -> [background only]
frame_001722,-1.0,15.6807,82.3234,15.8897,113.8996,-1,0.0, -> [background only]
frame_001723,-1.0,15.4967,81.6853,16.5583,113.7452,-1,0.0, -> [background only]
frame_001724,-1.0,18.8491,77.4072,16.2045,112.4661,-1,0.0, -> [background only]
frame_001725,-1.0,18.3706,88.9972,16.4126,123.7855,-1,0.0, -> [background only]
frame_001726,-1.0,14.3724,78.5656,15.7872,108.7302,-1,0.0, -> [background only]
frame_001727,-1.0,19.4663,81.7391,14.8485,116.0588,-1,0.0, -> [background only]
frame_001728,-1.0,14.4143,85.9448,17.0747,117.4389,-1,0.0, -> [background only]
frame_001729,-1.0,14.0917,84.0923,21.0905,119.2803,-1,0.0, -> [background only]
frame_001730,-1.0,11.0317,78.4647,16.4472,105.9489,-1,0.0, -> [background only]
frame_001731,-1.0,14.4571,76.9823,20.1258,111.5708,-1,0.0, -> [background only]
frame_001732,-1.0,12.4536,83.8395,16.668,112.9669,-1,0.0, -> [background only]
frame_001733,-1.0,14.1161,78.0428,18.8459,111.0095,-1,0.0, -> [background only]
frame_001734,-1.0,12.7869,80.7194,20.8968,114.4215,-1,0.0, -> [background only]
frame_001735,-1.0,17.2665,77.6211,15.0644,109.9567,-1,0.0, -> [background only]
frame_001736,-1.0,19.7939,86.0025,16.5357,122.3368,-1,0.0, -> [background only]
frame_001737,-1.0,11.8527,83.7288,17.3808,112.9672,-1,0.0, -> [background only]
frame_001738,-1.0,16.7378,78.0505,15.9268,110.7206,-1,0.0, -> [background only]
frame_001739,-1.0,16.4658,83.809,15.4656,115.7451,-1,0.0, -> [background only]
frame_001740,-1.0,14.2503,81.1061,17.438,112.7994,-1,0.0, -> [background only]
frame_001741,-1.0,17.7766,77.0802,15.0604,109.9223,-1,0.0, -> [background only]
frame_001742,-1.0,10.9383,75.2371,17.6555,103.8356,-1,0.0, -> [background only]
frame_001743,-1.0,10.4161,80.1615,14.9652,105.5476,-1,0.0, -> [background only]
frame_001744,-1.0,12.2996,77.7171,16.4204,106.4421,-1,0.0, -> [background only]
frame_001745,-1.0,10.9721,80.3756,16.5319,107.8854,-1,0.0, -> [background only]
frame_001746,-1.0,14.9412,79.9239,17.8292,112.6989,-1,0.0, -> [background only]
frame_001747,-1.0,12.6515,85.2522,17.1488,115.0576,-1,0.0, -> [background only]
frame_001748,-1.0,20.8067,78.2161,17.1295,116.1573,-1,0.0, -> [diningtable (Center): 61%]
frame_001749,-1.0,12.5415,90.1197,16.6493,119.3154,-1,0.0, -> [background only]
frame_001750,-1.0,10.7939,84.8513,16.0342,111.6847,-1,0.0, -> [background only]
frame_001751,-1.0,15.9971,87.0529,16.9415,119.9974,-1,0.0, -> [background only]
frame_001752,-1.0,13.4499,83.21,24.998,121.6632,-1,0.0, -> [background only]
frame_001753,-1.0,14.6631,80.0486,8.9181,103.6336,-1,0.0, -> [background only]
frame_001754,-1.0,6.2004,82.7929,16.6323,105.6296,-1,0.0, -> [background only]
frame_001755,-1.0,10.5168,83.1175,17.1803,110.8191,-1,0.0, -> [background only]
frame_001756,-1.0,11.5387,83.5811,15.3691,110.4942,-1,0.0, -> [background only]
frame_001757,-1.0,14.2087,84.1162,16.1508,114.4804,-1,0.0, -> [background only]
frame_001758,-1.0,10.21,78.856,16.213,105.2841,-1,0.0, -> [background only]
frame_001759,-1.0,16.1614,80.2978,14.3057,110.7702,-1,0.0, -> [background only]
frame_001760,-1.0,10.5403,80.4872,17.6401,108.6727,-1,0.0, -> [background only]
frame_001761,-1.0,12.7524,73.4803,17.0511,103.2888,-1,0.0, -> [background only]
frame_001762,-1.0,11.8415,78.4838,17.1739,107.5043,-1,0.0, -> [background only]
frame_001763,-1.0,15.4099,80.089,17.6195,113.1238,-1,0.0, -> [background only]
frame_001764,-1.0,18.7811,76.2551,17.3596,112.4007,-1,0.0, -> [background only]
frame_001765,-1.0,11.8457,85.7559,23.0277,120.6339,-1,0.0, -> [background only]
frame_001766,-1.0,13.5799,87.8749,16.9561,118.4157,-1,0.0, -> [background only]
frame_001767,-1.0,15.6647,84.9235,16.1033,116.6961,-1,0.0, -> [background only]
frame_001768,-1.0,14.0975,85.4597,9.2162,108.7777,-1,0.0, -> [background only]
frame_001769,-1.0,5.3796,80.3445,14.6338,100.3624,-1,0.0, -> [background only]
frame_001770,-1.0,10.721,80.8026,17.9439,109.4771,-1,0.0, -> [background only]
frame_001771,-1.0,12.1552,78.6277,15.3882,106.1762,-1,0.0, -> [background only]
frame_001772,-1.0,13.2747,76.9339,16.0468,106.2606,-1,0.0, -> [background only]
frame_001773,-1.0,12.7059,81.7883,17.1239,111.6234,-1,0.0, -> [background only]
frame_001774,-1.0,19.8762,82.2064,15.9695,118.0572,-1,0.0, -> [background only]
frame_001775,-1.0,14.3281,83.434,15.9203,113.6931,-1,0.0, -> [background only]
frame_001776,-1.0,16.9691,80.1325,16.9225,114.0299,-1,0.0, -> [background only]
frame_001777,-1.0,24.4871,78.1333,16.2554,118.8811,-1,0.0, -> [background only]
frame_001778,-1.0,18.5391,79.8174,16.1491,114.5226,-1,0.0, -> [background only]
frame_001779,-1.0,12.1921,78.203,16.5396,106.9394,-1,0.0, -> [background only]
frame_001780,-1.0,13.1803,82.0341,18.247,113.4664,-1,0.0, -> [background only]
frame_001781,-1.0,12.0024,78.5924,16.8741,107.474,-1,0.0, -> [background only]
frame_001782,-1.0,20.4156,85.3734,15.1158,120.91,-1,0.0, -> [background only]
frame_001783,-1.0,13.4407,76.8154,17.9709,108.2322,-1,0.0, -> [background only]
frame_001784,-1.0,10.1947,83.6032,15.2874,109.0902,-1,0.0, -> [background only]
frame_001785,-1.0,14.8988,81.0201,15.822,111.7459,-1,0.0, -> [background only]
frame_001786,-1.0,10.2482,81.2832,21.1679,112.7045,-1,0.0, -> [background only]
frame_001787,-1.0,11.2773,85.7157,14.3732,111.3712,-1,0.0, -> [background only]
frame_001788,-1.0,14.3897,83.1279,15.2601,112.7827,-1,0.0, -> [background only]
frame_001789,-1.0,11.1124,79.2453,16.5443,106.907,-1,0.0, -> [background only]
frame_001790,-1.0,14.1807,76.7957,16.4654,107.4466,-1,0.0, -> [background only]
frame_001791,-1.0,10.8249,85.4495,16.4224,112.7016,-1,0.0, -> [background only]
frame_001792,-1.0,13.4434,76.3916,18.441,108.2818,-1,0.0, -> [background only]
frame_001793,-1.0,19.1006,79.5065,16.1877,114.7999,-1,0.0, -> [background only]
frame_001794,-1.0,12.5184,83.2692,17.3986,113.1912,-1,0.0, -> [background only]
frame_001795,-1.0,17.7495,80.0735,15.0024,112.8304,-1,0.0, -> [background only]
frame_001796,-1.0,14.1236,85.1657,17.1545,116.4489,-1,0.0, -> [background only]
frame_001797,-1.0,12.6078,78.0032,16.3195,106.9353,-1,0.0, -> [person (Right): 11%]
frame_001798,-1.0,23.1152,80.9152,16.473,120.5081,-1,0.0, -> [person (Right): 16%]
frame_001799,-1.0,12.9761,83.3909,16.1419,112.5142,-1,0.0, -> [person (Right): 19%]
frame_001800,-1.0,17.3846,90.1117,17.9958,125.4976,-1,0.0, -> [person (Center): 19%]
frame_001801,-1.0,15.7524,76.9223,16.8096,109.4892,-1,0.0, -> [person (Center): 21%]
frame_001802,-1.0,18.5071,90.7116,17.7856,127.0089,-1,0.0, -> [person (Center): 21%]
frame_001803,-1.0,10.5439,82.4646,16.8851,109.8984,-1,0.0, -> [person (Left): 21%]
frame_001804,-1.0,14.5361,77.9257,16.229,108.6958,-1,0.0, -> [person (Left): 20%]
frame_001805,-1.0,16.3187,76.3029,18.6818,111.308,-1,0.0, -> [person (Left): 18%]
frame_001806,-1.0,12.8113,85.1616,15.7889,113.7668,-1,0.0, -> [background only]
frame_001807,-1.0,17.3397,82.1246,15.0036,114.4726,-1,0.0, -> [background only]
frame_001808,-1.0,12.4885,80.9856,17.5711,111.0508,-1,0.0, -> [background only]
frame_001809,-1.0,15.3642,81.1996,16.2389,112.8076,-1,0.0, -> [background only]
frame_001810,-1.0,13.4806,92.6749,6.7398,112.8995,-1,0.0, -> [background only]
frame_001811,-1.0,5.6167,80.0271,15.7577,101.4053,-1,0.0, -> [background only]
frame_001812,-1.0,18.9889,79.4688,15.8906,114.3524,-1,0.0, -> [background only]
frame_001813,-1.0,14.4992,88.8541,15.7895,119.1481,-1,0.0, -> [background only]
frame_001814,-1.0,15.2193,83.2381,15.5027,113.9654,-1,0.0, -> [background only]
frame_001815,-1.0,17.5084,82.4574,18.135,118.1054,-1,0.0, -> [background only]
frame_001816,-1.0,11.3637,77.0783,17.1039,105.5509,-1,0.0, -> [background only]
frame_001817,-1.0,18.5076,75.6569,16.3091,110.4783,-1,0.0, -> [background only]
frame_001818,-1.0,10.5856,77.3073,15.3084,103.2062,-1,0.0, -> [background only]
frame_001819,-1.0,18.9241,80.271,15.9322,115.1322,-1,0.0, -> [background only]
frame_001820,-1.0,17.2033,87.6496,15.8132,120.6708,-1,0.0, -> [background only]
frame_001821,-1.0,12.9372,78.5602,19.8433,111.3463,-1,0.0, -> [background only]
frame_001822,-1.0,11.3443,81.5924,14.9284,107.8701,-1,0.0, -> [background only]
frame_001823,-1.0,13.7536,87.7841,15.621,117.1641,-1,0.0, -> [background only]
frame_001824,-1.0,12.6913,84.0246,19.0536,115.7744,-1,0.0, -> [background only]
frame_001825,-1.0,12.4016,78.9676,14.913,106.2869,-1,0.0, -> [background only]
frame_001826,-1.0,12.754,79.2743,16.5571,108.5906,-1,0.0, -> [background only]
frame_001827,-1.0,17.6708,77.4669,15.5146,110.6578,-1,0.0, -> [background only]
frame_001828,-1.0,15.461,78.8211,16.2942,110.5816,-1,0.0, -> [background only]
frame_001829,-1.0,10.248,84.543,15.5464,110.3421,-1,0.0, -> [background only]
frame_001830,-1.0,20.9324,85.1264,14.9104,120.975,-1,0.0, -> [background only]
frame_001831,-1.0,12.7377,80.7088,17.2304,110.682,-1,0.0, -> [background only]
frame_001832,-1.0,10.2324,75.3421,15.094,100.6733,-1,0.0, -> [background only]
frame_001833,-1.0,15.1296,85.3884,15.8552,116.3777,-1,0.0, -> [background only]
frame_001834,-1.0,13.4544,78.9859,16.5403,108.9852,-1,0.0, -> [background only]
frame_001835,-1.0,18.444,76.4251,16.5383,111.4125,-1,0.0, -> [background only]
frame_001836,-1.0,12.0969,77.0001,18.3453,107.4472,-1,0.0, -> [background only]
frame_001837,-1.0,12.8124,76.5636,14.9057,104.2863,-1,0.0, -> [background only]
frame_001838,-1.0,12.2075,90.0642,24.8762,127.1523,-1,0.0, -> [background only]
frame_001839,-1.0,11.2457,80.29,20.81,112.3505,-1,0.0, -> [background only]
frame_001840,-1.0,9.7361,83.6461,15.2396,108.6267,-1,0.0, -> [background only]
frame_001841,-1.0,14.6332,83.0139,19.102,116.7541,-1,0.0, -> [background only]
frame_001842,-1.0,12.3062,75.9501,15.6797,103.9412,-1,0.0, -> [background only]
frame_001843,-1.0,15.218,89.471,15.1484,119.8424,-1,0.0, -> [background only]
frame_001844,-1.0,12.3839,82.5557,19.3953,114.3396,-1,0.0, -> [background only]
frame_001845,-1.0,11.452,71.8645,14.7896,98.1111,-1,0.0, -> [background only]
frame_001846,-1.0,12.059,78.6653,16.7557,107.485,-1,0.0, -> [background only]
frame_001847,-1.0,11.2796,81.3058,16.5231,109.1138,-1,0.0, -> [background only]
frame_001848,-1.0,14.4334,84.1958,15.0786,113.7124,-1,0.0, -> [background only]
frame_001849,-1.0,12.2662,85.7335,16.0154,114.0199,-1,0.0, -> [background only]
frame_001850,-1.0,17.7275,85.0891,16.3614,119.1829,-1,0.0, -> [background only]
frame_001851,-1.0,16.0841,80.2877,15.1314,111.5087,-1,0.0, -> [background only]
frame_001852,-1.0,13.9541,77.6265,15.5889,107.1743,-1,0.0, -> [background only]
frame_001853,-1.0,14.266,73.5378,14.8996,102.7082,-1,0.0, -> [background only]
frame_001854,-1.0,14.7113,82.4288,17.2956,114.4418,-1,0.0, -> [background only]
frame_001855,-1.0,13.1803,80.8447,14.897,108.9271,-1,0.0, -> [background only]
frame_001856,-1.0,12.2365,74.1434,16.555,102.9399,-1,0.0, -> [background only]
frame_001857,-1.0,23.1332,393.718,17.2882,434.1448,-1,0.0, -> [background only]
frame_001858,-1.0,20.0624,210.5062,21.9155,252.4894,-1,0.0, -> [background only]
frame_001859,-1.0,24.0276,167.3084,16.1845,207.5257,-1,0.0, -> [background only]
frame_001860,-1.0,17.4767,108.3581,17.633,143.4726,-1,0.0, -> [background only]
frame_001861,-1.0,13.6815,128.8323,16.4261,158.9453,-1,0.0, -> [background only]
frame_001862,-1.0,22.4267,141.1222,22.2339,185.7887,-1,0.0, -> [background only]
frame_001863,-1.0,16.385,90.2883,16.856,123.5344,-1,0.0, -> [background only]
frame_001864,-1.0,20.5977,78.7027,19.0909,118.3961,-1,0.0, -> [background only]
frame_001865,-1.0,18.9408,81.7408,16.6001,117.2872,-1,0.0, -> [background only]
frame_001866,-1.0,16.0444,84.3503,15.711,116.1108,-1,0.0, -> [background only]
frame_001867,-1.0,13.2836,74.7736,19.6505,107.7128,-1,0.0, -> [background only]
frame_001868,-1.0,19.2747,77.7062,17.5246,114.5109,-1,0.0, -> [background only]
frame_001869,-1.0,13.0105,78.6125,16.3139,107.9428,-1,0.0, -> [background only]
frame_001870,-1.0,11.5993,74.7964,14.86,101.2607,-1,0.0, -> [background only]
frame_001871,-1.0,17.7637,87.6525,17.6819,123.104,-1,0.0, -> [background only]
frame_001872,-1.0,15.3726,82.1351,18.1566,115.6693,-1,0.0, -> [background only]
frame_001873,-1.0,17.9586,85.904,15.578,119.4462,-1,0.0, -> [background only]
frame_001874,-1.0,21.676,75.4451,14.9102,112.036,-1,0.0, -> [background only]
frame_001875,-1.0,15.5707,82.3898,17.2026,115.1686,-1,0.0, -> [background only]
frame_001876,-1.0,17.0327,76.8839,16.2115,110.1331,-1,0.0, -> [background only]
frame_001877,-1.0,17.3996,79.2879,21.2572,117.9501,-1,0.0, -> [background only]
frame_001878,-1.0,10.426,76.4166,17.5411,104.3944,-1,0.0, -> [background only]
frame_001879,-1.0,18.2175,76.6702,16.4363,111.3348,-1,0.0, -> [background only]
frame_001880,-1.0,10.6905,77.0244,16.5021,104.2217,-1,0.0, -> [background only]
frame_001881,-1.0,17.7532,77.6392,15.1442,110.5415,-1,0.0, -> [background only]
frame_001882,-1.0,12.0826,78.0814,16.9385,107.1077,-1,0.0, -> [background only]
frame_001883,-1.0,13.0418,78.22,17.1245,108.3916,-1,0.0, -> [background only]
frame_001884,-1.0,14.6591,74.9226,16.6089,106.1964,-1,0.0, -> [background only]
frame_001885,-1.0,10.7823,78.8258,14.9788,104.5917,-1,0.0, -> [background only]
frame_001886,-1.0,13.8559,84.445,15.3537,113.6599,-1,0.0, -> [background only]
frame_001887,-1.0,11.7995,77.9095,16.91,106.6238,-1,0.0, -> [background only]
frame_001888,-1.0,14.1732,78.9934,14.9722,108.1432,-1,0.0, -> [background only]
frame_001889,-1.0,8.7202,75.6656,17.5777,101.9688,-1,0.0, -> [background only]
frame_001890,-1.0,17.5002,81.7192,16.1734,115.398,-1,0.0, -> [background only]
frame_001891,-1.0,12.0804,74.7179,19.3577,106.1619,-1,0.0, -> [background only]
frame_001892,-1.0,9.4415,78.0064,15.2755,102.7279,-1,0.0, -> [background only]
frame_001893,-1.0,14.6645,75.5787,15.5321,105.7803,-1,0.0, -> [background only]
frame_001894,-1.0,14.777,79.2748,14.8765,108.9331,-1,0.0, -> [background only]
frame_001895,-1.0,10.7394,79.719,17.0611,107.5242,-1,0.0, -> [background only]
frame_001896,-1.0,14.5687,85.9902,17.6821,118.2462,-1,0.0, -> [background only]
frame_001897,-1.0,16.8759,78.1928,16.2007,111.274,-1,0.0, -> [background only]
frame_001898,-1.0,16.9989,85.6578,9.0671,111.7285,-1,0.0, -> [background only]
frame_001899,-1.0,5.8273,84.5086,16.4657,106.8051,-1,0.0, -> [background only]
frame_001900,-1.0,16.5384,80.9808,17.0573,114.5815,-1,0.0, -> [background only]
frame_001901,-1.0,13.9761,77.7276,17.5105,109.2195,-1,0.0, -> [background only]
frame_001902,-1.0,15.3589,76.5063,17.1446,109.0153,-1,0.0, -> [background only]
frame_001903,-1.0,14.2988,76.9264,18.0715,109.3019,-1,0.0, -> [background only]
frame_001904,-1.0,16.9405,88.8954,9.6921,115.5494,-1,0.0, -> [background only]
frame_001905,-1.0,7.6671,76.1074,20.4876,104.2668,-1,0.0, -> [background only]
frame_001906,-1.0,14.4835,75.0642,14.926,104.4783,-1,0.0, -> [background only]
frame_001907,-1.0,13.3445,77.2946,16.2019,106.8456,-1,0.0, -> [background only]
frame_001908,-1.0,12.9194,82.7764,16.3028,112.004,-1,0.0, -> [background only]
frame_001909,-1.0,13.5521,83.6284,16.2405,113.4259,-1,0.0, -> [background only]
frame_001910,-1.0,12.0383,80.9979,19.7478,112.8014,-1,0.0, -> [background only]
frame_001911,-1.0,14.9073,75.5735,16.4543,106.9397,-1,0.0, -> [background only]
frame_001912,-1.0,15.8044,83.4301,15.0947,114.3339,-1,0.0, -> [background only]
frame_001913,-1.0,11.0391,81.7921,16.6123,109.4486,-1,0.0, -> [background only]
frame_001914,-1.0,19.2812,78.4577,15.8814,113.626,-1,0.0, -> [background only]
frame_001915,-1.0,11.4943,75.5935,18.1902,105.2835,-1,0.0, -> [background only]
frame_001916,-1.0,12.3097,82.3662,16.1178,110.7997,-1,0.0, -> [background only]
frame_001917,-1.0,17.397,86.3592,15.5827,119.3446,-1,0.0, -> [background only]
frame_001918,-1.0,14.0613,83.9199,16.0009,113.9876,-1,0.0, -> [background only]
frame_001919,-1.0,17.1473,77.6602,16.4173,111.2303,-1,0.0, -> [background only]
frame_001920,-1.0,14.6404,79.6312,15.9695,110.2461,-1,0.0, -> [background only]
frame_001921,-1.0,10.6868,85.4993,18.3326,114.5238,-1,0.0, -> [background only]
frame_001922,-1.0,17.4165,91.0845,14.5925,123.0986,-1,0.0, -> [background only]
frame_001923,-1.0,18.2565,81.3556,14.7148,114.3319,-1,0.0, -> [background only]
frame_001924,-1.0,12.8465,80.3586,16.6063,109.8165,-1,0.0, -> [background only]
frame_001925,-1.0,18.1852,77.2881,14.663,110.1412,-1,0.0, -> [background only]
frame_001926,-1.0,14.3484,85.8628,16.2906,116.5065,-1,0.0, -> [background only]
frame_001927,-1.0,12.2364,83.8654,15.9269,112.0338,-1,0.0, -> [background only]
frame_001928,-1.0,14.4681,83.0158,18.9355,116.4247,-1,0.0, -> [background only]
frame_001929,-1.0,11.9331,106.2531,14.8231,133.0133,-1,0.0, -> [background only]
frame_001930,-1.0,10.7903,75.739,15.3401,101.8748,-1,0.0, -> [background only]
frame_001931,-1.0,14.4084,81.0842,15.024,110.5216,-1,0.0, -> [background only]
frame_001932,-1.0,10.5749,78.6434,17.0975,106.321,-1,0.0, -> [background only]
frame_001933,-1.0,16.6852,87.7095,14.4584,118.8587,-1,0.0, -> [background only]
frame_001934,-1.0,19.3421,86.2511,14.9544,120.5529,-1,0.0, -> [background only]
frame_001935,-1.0,11.7214,77.4529,17.2272,106.4067,-1,0.0, -> [background only]
frame_001936,-1.0,15.7438,79.7268,16.4378,111.9134,-1,0.0, -> [background only]
frame_001937,-1.0,18.2367,79.1813,18.4974,115.9205,-1,0.0, -> [background only]
frame_001938,-1.0,12.0208,78.7672,16.9555,107.7485,-1,0.0, -> [background only]
frame_001939,-1.0,17.8339,80.2305,16.6112,114.6809,-1,0.0, -> [background only]
frame_001940,-1.0,11.6275,74.4458,17.0671,103.1451,-1,0.0, -> [background only]
frame_001941,-1.0,20.1671,79.9861,14.8429,115.0014,-1,0.0, -> [background only]
frame_001942,-1.0,16.6933,87.9798,15.763,120.4414,-1,0.0, -> [background only]
frame_001943,-1.0,12.5952,82.7971,16.1864,111.5833,-1,0.0, -> [background only]
frame_001944,-1.0,18.3451,82.2859,16.2429,116.8787,-1,0.0, -> [background only]
frame_001945,-1.0,18.0454,82.2153,16.2882,116.5542,-1,0.0, -> [background only]
frame_001946,-1.0,10.3794,76.422,15.1589,101.9791,-1,0.0, -> [background only]
frame_001947,-1.0,18.7822,87.456,16.6239,122.8669,-1,0.0, -> [background only]
frame_001948,-1.0,10.571,80.0515,21.0589,111.6866,-1,0.0, -> [background only]
frame_001949,-1.0,12.4417,79.5977,16.4983,108.5427,-1,0.0, -> [background only]
frame_001950,-1.0,17.5095,85.0813,14.4164,117.0119,-1,0.0, -> [background only]
frame_001951,-1.0,10.1285,76.0447,16.8608,103.039,-1,0.0, -> [background only]
frame_001952,-1.0,14.8017,78.2115,16.2436,109.2617,-1,0.0, -> [background only]
frame_001953,-1.0,10.6613,81.9122,17.423,110.0014,-1,0.0, -> [background only]
frame_001954,-1.0,21.9337,80.7047,18.0169,120.6609,-1,0.0, -> [background only]
frame_001955,-1.0,22.6882,82.425,16.5944,121.7134,-1,0.0, -> [background only]
frame_001956,-1.0,14.664,79.1454,20.4807,114.2953,-1,0.0, -> [background only]
frame_001957,-1.0,11.5931,87.6143,17.5506,116.7628,-1,0.0, -> [background only]
frame_001958,-1.0,17.3832,85.0986,14.7433,117.23,-1,0.0, -> [background only]
frame_001959,-1.0,13.2102,82.0252,10.8517,106.0913,-1,0.0, -> [background only]
frame_001960,-1.0,6.1423,79.3309,16.5257,102.003,-1,0.0, -> [background only]
frame_001961,-1.0,15.0568,77.5796,17.1673,109.8091,-1,0.0, -> [background only]
frame_001962,-1.0,15.0083,79.8532,16.3847,111.2514,-1,0.0, -> [background only]
frame_001963,-1.0,23.0434,84.7819,16.25,124.0802,-1,0.0, -> [background only]
frame_001964,-1.0,14.7019,87.2733,17.1457,119.1261,-1,0.0, -> [background only]
frame_001965,-1.0,15.1026,85.7362,16.2851,117.1296,-1,0.0, -> [background only]
frame_001966,-1.0,19.1352,81.2095,14.9313,115.281,-1,0.0, -> [background only]
frame_001967,-1.0,17.4155,88.6376,16.4732,122.5307,-1,0.0, -> [background only]
frame_001968,-1.0,10.4769,84.3684,19.5377,114.388,-1,0.0, -> [background only]
frame_001969,-1.0,16.6718,78.1618,15.3728,110.211,-1,0.0, -> [background only]
frame_001970,-1.0,18.7709,81.8692,16.9938,117.6392,-1,0.0, -> [background only]
frame_001971,-1.0,11.1034,80.5277,15.988,107.6243,-1,0.0, -> [background only]
frame_001972,-1.0,18.5452,86.3384,16.2741,121.163,-1,0.0, -> [background only]
frame_001973,-1.0,14.3873,86.878,15.1719,116.4418,-1,0.0, -> [background only]
frame_001974,-1.0,10.3445,81.2395,17.0548,108.6438,-1,0.0, -> [background only]
frame_001975,-1.0,16.874,81.6735,14.8352,113.3882,-1,0.0, -> [background only]
frame_001976,-1.0,13.6084,88.4116,9.5313,111.5552,-1,0.0, -> [background only]
frame_001977,-1.0,6.7039,83.7001,15.0165,105.4244,-1,0.0, -> [background only]
frame_001978,-1.0,14.322,87.7132,16.6,118.641,-1,0.0, -> [background only]
frame_001979,-1.0,12.1557,80.6658,15.8156,108.6425,-1,0.0, -> [background only]
frame_001980,-1.0,22.5552,80.1355,16.2459,118.9432,-1,0.0, -> [background only]
frame_001981,-1.0,16.1366,74.6565,16.0279,106.826,-1,0.0, -> [background only]
frame_001982,-1.0,12.2799,75.3363,16.5541,104.175,-1,0.0, -> [background only]
frame_001983,-1.0,17.1104,77.3387,18.5525,113.0066,-1,0.0, -> [background only]
frame_001984,-1.0,13.359,82.8449,17.2987,113.5076,-1,0.0, -> [background only]
frame_001985,-1.0,19.4419,78.5152,14.9769,112.9405,-1,0.0, -> [background only]
frame_001986,-1.0,12.9026,83.2058,16.603,112.7162,-1,0.0, -> [background only]
frame_001987,-1.0,13.7194,82.8788,17.5243,114.1277,-1,0.0, -> [background only]
frame_001988,-1.0,19.238,76.0367,16.4246,111.7042,-1,0.0, -> [background only]
frame_001989,-1.0,11.4928,77.7926,21.6068,110.8973,-1,0.0, -> [background only]
frame_001990,-1.0,15.8428,81.9842,14.7815,112.6131,-1,0.0, -> [background only]
frame_001991,-1.0,17.9255,75.384,16.0272,109.3419,-1,0.0, -> [background only]
frame_001992,-1.0,10.3676,80.0374,16.7129,107.1233,-1,0.0, -> [background only]
frame_001993,-1.0,17.7548,80.4877,18.1636,116.4112,-1,0.0, -> [background only]
frame_001994,-1.0,10.3753,77.9854,15.2073,103.5736,-1,0.0, -> [background only]
frame_001995,-1.0,18.2065,86.7848,16.964,121.9607,-1,0.0, -> [background only]
frame_001996,-1.0,19.442,80.2345,16.0558,115.7379,-1,0.0, -> [background only]
frame_001997,-1.0,13.0207,78.521,24.7944,116.3412,-1,0.0, -> [background only]
frame_001998,-1.0,13.7291,75.0965,14.7723,103.6035,-1,0.0, -> [background only]
frame_001999,-1.0,15.961,81.294,15.8571,113.1171,-1,0.0, -> [background only]
frame_002000,-1.0,12.0063,84.5508,15.7762,112.339,-1,0.0, -> [background only]
frame_002001,-1.0,20.5641,87.6035,16.0658,124.2385,-1,0.0, -> [background only]
frame_002002,-1.0,16.4096,88.6459,14.5022,119.5624,-1,0.0, -> [background only]
frame_002003,-1.0,10.2913,84.2802,17.1869,111.764,-1,0.0, -> [background only]
frame_002004,-1.0,17.1188,82.6841,15.7252,115.5332,-1,0.0, -> [background only]
frame_002005,-1.0,25.3266,82.4899,16.0921,123.914,-1,0.0, -> [background only]
frame_002006,-1.0,14.8386,81.289,16.1149,112.2474,-1,0.0, -> [background only]
frame_002007,-1.0,17.9219,77.2886,16.0177,111.2336,-1,0.0, -> [background only]
frame_002008,-1.0,13.6688,78.0414,16.1594,107.875,-1,0.0, -> [background only]
frame_002009,-1.0,14.4647,79.7988,16.7086,110.9769,-1,0.0, -> [background only]
frame_002010,-1.0,21.1614,78.8475,14.6982,114.7132,-1,0.0, -> [background only]
frame_002011,-1.0,16.7895,82.6893,17.0576,116.5428,-1,0.0, -> [background only]
frame_002012,-1.0,13.5273,85.6651,17.3989,116.5961,-1,0.0, -> [background only]
frame_002013,-1.0,21.7954,82.9857,14.9883,119.7803,-1,0.0, -> [background only]
frame_002014,-1.0,20.135,81.5258,16.4636,118.1297,-1,0.0, -> [background only]
frame_002015,-1.0,13.9303,81.2226,17.1359,112.2939,-1,0.0, -> [background only]
frame_002016,-1.0,17.874,84.1739,16.5113,118.5642,-1,0.0, -> [background only]
frame_002017,-1.0,21.2721,86.206,15.5965,123.0793,-1,0.0, -> [chair (Left): 1%]
frame_002018,-1.0,13.6985,81.2192,18.4993,113.4216,-1,0.0, -> [chair (Left): 2%]
frame_002019,-1.0,21.1114,78.5573,16.609,116.2828,-1,0.0, -> [chair (Left): 3%]
frame_002020,-1.0,14.4385,99.6637,17.9514,132.0586,-1,0.0, -> [background only]
frame_002021,-1.0,23.2478,83.656,16.4853,123.3945,-1,0.0, -> [background only]
frame_002022,-1.0,13.8384,80.8492,19.9506,114.6439,-1,0.0, -> [background only]
frame_002023,-1.0,13.2655,86.5363,15.8035,115.6103,-1,0.0, -> [background only]
frame_002024,-1.0,16.6804,79.8397,14.8941,111.4193,-1,0.0, -> [background only]
frame_002025,-1.0,13.7083,87.4693,17.2444,118.4268,-1,0.0, -> [background only]
frame_002026,-1.0,17.1774,80.0027,15.1746,112.3603,-1,0.0, -> [background only]
frame_002027,-1.0,10.3833,83.1854,27.9068,121.48,-1,0.0, -> [background only]
frame_002028,-1.0,11.2046,72.9065,16.2748,100.3909,-1,0.0, -> [background only]
