filename,ros_data_age_ms,preprocessing_ms,inference_ms,postprocessing_ms,e2e_ms,class_id,confidence,info
frame_000000,-1.0,1.8587,89.2329,4.2691,95.3623,-1,0.0, -> [background only]
frame_000001,-1.0,0.8769,88.6581,4.1377,93.6741,-1,0.0, -> [background only]
frame_000002,-1.0,0.9749,88.4633,3.8989,93.3385,-1,0.0, -> [background only]
frame_000003,-1.0,0.9662,89.2977,4.1254,94.3906,-1,0.0, -> [background only]
frame_000004,-1.0,0.9614,88.9689,4.0921,94.0234,-1,0.0, -> [background only]
frame_000005,-1.0,0.9547,88.1569,4.0698,93.1824,-1,0.0, -> [background only]
frame_000006,-1.0,1.0268,89.2536,4.1036,94.3854,-1,0.0, -> [background only]
frame_000007,-1.0,0.9437,88.8103,4.1083,93.8638,-1,0.0, -> [background only]
frame_000008,-1.0,0.9223,88.4511,4.0873,93.4623,-1,0.0, -> [background only]
frame_000009,-1.0,0.9026,89.0116,4.108,94.0235,-1,0.0, -> [background only]
frame_000010,-1.0,0.881,88.6479,4.0991,93.6295,-1,0.0, -> [background only]
frame_000011,-1.0,0.9297,89.7653,3.8875,94.584,-1,0.0, -> [background only]
frame_000012,-1.0,0.9304,89.6907,4.0931,94.7161,-1,0.0, -> [background only]
frame_000013,-1.0,0.9226,88.0416,4.0322,92.998,-1,0.0, -> [background only]
frame_000014,-1.0,0.8866,88.6557,5.5112,95.0554,-1,0.0, -> [background only]
frame_000015,-1.0,1.5714,85.8039,4.1897,91.5665,-1,0.0, -> [background only]
frame_000016,-1.0,0.8356,85.0902,4.2968,90.224,-1,0.0, -> [background only]
frame_000017,-1.0,0.9686,85.219,4.5301,90.7193,-1,0.0, -> [background only]
frame_000018,-1.0,0.8996,85.277,4.5827,90.7609,-1,0.0, -> [background only]
frame_000019,-1.0,0.8723,84.1081,4.4718,89.4537,-1,0.0, -> [background only]
frame_000020,-1.0,0.8436,84.2749,4.2361,89.3555,-1,0.0, -> [background only]
frame_000021,-1.0,0.893,83.9543,4.3448,89.1934,-1,0.0, -> [background only]
frame_000022,-1.0,0.8327,84.666,4.1584,89.6582,-1,0.0, -> [background only]
frame_000023,-1.0,0.8921,84.1421,4.5293,89.5651,-1,0.0, -> [background only]
frame_000024,-1.0,0.8633,84.664,4.307,89.8355,-1,0.0, -> [background only]
frame_000025,-1.0,0.9251,85.2249,4.4778,90.629,-1,0.0, -> [background only]
frame_000026,-1.0,0.8509,85.3512,4.502,90.7055,-1,0.0, -> [background only]
frame_000027,-1.0,0.8341,85.1928,4.543,90.571,-1,0.0, -> [background only]
frame_000028,-1.0,1.0721,85.8478,4.5673,91.4892,-1,0.0, -> [background only]
frame_000029,-1.0,0.9645,85.2437,4.4617,90.6714,-1,0.0, -> [background only]
frame_000030,-1.0,0.9971,85.8586,4.6078,91.4655,-1,0.0, -> [background only]
frame_000031,-1.0,1.0831,85.8965,4.6473,91.6287,-1,0.0, -> [background only]
frame_000032,-1.0,0.9306,85.528,4.5723,91.0327,-1,0.0, -> [background only]
frame_000033,-1.0,0.9264,85.5624,4.2983,90.7887,-1,0.0, -> [background only]
frame_000034,-1.0,0.9587,86.1561,4.4705,91.5871,-1,0.0, -> [background only]
frame_000035,-1.0,0.9209,85.0005,4.5651,90.4882,-1,0.0, -> [background only]
frame_000036,-1.0,0.9217,85.9071,4.5036,91.3338,-1,0.0, -> [background only]
frame_000037,-1.0,0.9353,86.0864,4.4617,91.4848,-1,0.0, -> [background only]
frame_000038,-1.0,0.9709,86.1284,4.573,91.674,-1,0.0, -> [background only]
frame_000039,-1.0,0.9713,84.8962,4.3507,90.2196,-1,0.0, -> [background only]
frame_000040,-1.0,0.9017,86.0356,4.5206,91.4591,-1,0.0, -> [background only]
frame_000041,-1.0,0.9146,86.3648,4.6284,91.9092,-1,0.0, -> [background only]
frame_000042,-1.0,0.9294,84.9438,4.4606,90.3355,-1,0.0, -> [background only]
frame_000043,-1.0,0.9015,85.9939,4.5281,91.425,-1,0.0, -> [background only]
frame_000044,-1.0,2.3237,85.3111,4.6721,92.3087,-1,0.0, -> [background only]
frame_000045,-1.0,0.9321,86.2009,4.5358,91.6703,-1,0.0, -> [background only]
frame_000046,-1.0,0.9252,84.7352,5.7624,91.4243,-1,0.0, -> [background only]
frame_000047,-1.0,1.0769,85.4469,4.5663,91.0914,-1,0.0, -> [bicycle (Right): 7%]
frame_000048,-1.0,0.9417,85.7244,4.6277,91.2953,-1,0.0, -> [bicycle (Right): 10%]
frame_000049,-1.0,0.9796,85.7078,4.5598,91.249,-1,0.0, -> [chair (Right): 10%]
frame_000050,-1.0,0.8666,85.5011,4.7907,91.16,-1,0.0, -> [chair (Right): 8%]
frame_000051,-1.0,0.9028,85.5577,4.6119,91.0741,-1,0.0, -> [chair (Right): 17%]
frame_000052,-1.0,0.956,85.4594,4.7915,91.2081,-1,0.0, -> [chair (Right): 18%]
frame_000053,-1.0,0.9166,85.8237,4.6491,91.3908,-1,0.0, -> [chair (Center): 8%]
frame_000054,-1.0,0.9282,86.2795,4.8137,92.0234,-1,0.0, -> [chair (Center): 24%]
frame_000055,-1.0,0.9094,85.9843,4.5718,91.4676,-1,0.0, -> [chair (Top): 21%]
frame_000056,-1.0,0.9178,85.6892,4.6374,91.2458,-1,0.0, -> [chair (Top): 21%]
frame_000057,-1.0,0.9613,85.5971,4.5517,91.1119,-1,0.0, -> [background only]
frame_000058,-1.0,0.9146,85.2354,4.8749,91.0265,-1,0.0, -> [chair (Top): 24%]
frame_000059,-1.0,0.964,85.0264,6.225,92.2171,-1,0.0, -> [chair (Top): 40%]
frame_000060,-1.0,1.0546,86.4678,4.5927,92.1169,-1,0.0, -> [chair (Top): 9%]
frame_000061,-1.0,0.9036,84.748,4.1823,89.8351,-1,0.0, -> [aeroplane (Top): 5%]
frame_000062,-1.0,0.942,85.8384,4.5313,91.3133,-1,0.0, -> [background only]
frame_000063,-1.0,0.9539,86.2978,4.5029,91.7562,-1,0.0, -> [background only]
frame_000064,-1.0,0.9257,85.295,4.101,90.3234,-1,0.0, -> [background only]
frame_000065,-1.0,0.9018,84.1201,4.4943,89.5179,-1,0.0, -> [bicycle (Top): 12%]
frame_000066,-1.0,0.9424,84.6417,4.779,90.3646,-1,0.0," -> [bicycle (Top): 3%, chair (Bottom-Right): 1%]"
frame_000067,-1.0,1.0097,85.7489,4.4984,91.2588,-1,0.0, -> [bicycle (Top): 39%]
frame_000068,-1.0,0.9483,85.6842,4.8323,91.4662,-1,0.0, -> [bicycle (Top-Left): 24%]
frame_000069,-1.0,0.9651,84.6602,5.0878,90.7151,-1,0.0, -> [background only]
frame_000070,-1.0,1.0977,85.8477,4.8137,91.7609,-1,0.0, -> [chair (Center): 31%]
frame_000071,-1.0,0.9348,84.3869,4.5907,89.9142,-1,0.0, -> [chair (Center): 58%]
frame_000072,-1.0,0.9162,85.4502,4.8008,91.1688,-1,0.0, -> [background only]
frame_000073,-1.0,0.9539,85.3489,4.4185,90.7228,-1,0.0, -> [background only]
frame_000074,-1.0,0.8989,85.3959,4.286,90.5828,-1,0.0, -> [background only]
frame_000075,-1.0,0.9873,86.0503,4.7149,91.7544,-1,0.0, -> [background only]
frame_000076,-1.0,0.9673,86.3578,4.4623,91.7888,-1,0.0, -> [background only]
frame_000077,-1.0,0.9029,85.5096,4.8293,91.2434,-1,0.0, -> [chair (Center): 15%]
frame_000078,-1.0,0.9732,86.1338,4.5995,91.7083,-1,0.0, -> [chair (Center): 17%]
frame_000079,-1.0,0.9189,84.8112,5.0014,90.7336,-1,0.0, -> [chair (Right): 17%]
frame_000080,-1.0,1.1681,85.9085,4.3825,91.4611,-1,0.0, -> [chair (Right): 16%]
frame_000081,-1.0,1.0058,85.2939,4.7154,91.0166,-1,0.0," -> [chair (Right): 21%, person (Top-Left): 1%]"
frame_000082,-1.0,0.8722,85.2444,4.7135,90.8317,-1,0.0, -> [chair (Right): 27%]
frame_000083,-1.0,0.9764,85.564,4.7254,91.267,-1,0.0, -> [chair (Right): 25%]
frame_000084,-1.0,0.9627,85.1048,4.6806,90.7499,-1,0.0, -> [chair (Right): 27%]
frame_000085,-1.0,0.8959,85.3607,4.3741,90.632,-1,0.0, -> [chair (Center): 26%]
frame_000086,-1.0,0.9545,85.3531,4.6717,90.9805,-1,0.0, -> [chair (Center): 27%]
frame_000087,-1.0,0.9316,85.1378,4.7671,90.838,-1,0.0, -> [chair (Center): 15%]
frame_000088,-1.0,0.9508,85.9029,4.5894,91.4449,-1,0.0, -> [chair (Center): 20%]
frame_000089,-1.0,0.9054,85.8084,4.5653,91.2809,-1,0.0, -> [chair (Center): 20%]
frame_000090,-1.0,1.0067,85.9111,4.6189,91.5386,-1,0.0, -> [chair (Left): 12%]
frame_000091,-1.0,0.932,85.4365,4.6534,91.0236,-1,0.0, -> [chair (Left): 16%]
frame_000092,-1.0,0.954,85.4743,4.6626,91.0922,-1,0.0, -> [chair (Left): 16%]
frame_000093,-1.0,0.9441,86.7442,4.65,92.34,-1,0.0, -> [chair (Left): 14%]
frame_000094,-1.0,0.9373,85.7793,4.4469,91.1654,-1,0.0, -> [chair (Left): 4%]
frame_000095,-1.0,0.972,85.6112,4.3381,90.9228,-1,0.0, -> [background only]
frame_000096,-1.0,0.9132,86.2747,4.4753,91.6646,-1,0.0, -> [bicycle (Bottom): 2%]
frame_000097,-1.0,0.9282,85.001,4.5971,90.5281,-1,0.0, -> [background only]
frame_000098,-1.0,0.9097,84.9959,4.4354,90.3428,-1,0.0, -> [background only]
frame_000099,-1.0,0.9385,85.8669,4.4359,91.2429,-1,0.0, -> [background only]
frame_000100,-1.0,1.719,86.0897,4.6653,92.476,-1,0.0, -> [background only]
frame_000101,-1.0,0.9901,85.5367,4.5565,91.0852,-1,0.0, -> [background only]
frame_000102,-1.0,0.888,86.8363,4.3647,92.0903,-1,0.0, -> [background only]
frame_000103,-1.0,1.0613,85.2741,4.6966,91.0335,-1,0.0, -> [background only]
frame_000104,-1.0,0.9069,85.1618,4.3847,90.4555,-1,0.0, -> [background only]
frame_000105,-1.0,0.915,85.5953,4.3443,90.8564,-1,0.0, -> [background only]
frame_000106,-1.0,1.0099,85.878,4.4958,91.3852,-1,0.0, -> [background only]
frame_000107,-1.0,0.9722,86.1434,4.5962,91.7132,-1,0.0, -> [background only]
frame_000108,-1.0,0.9246,85.9779,4.5206,91.4245,-1,0.0, -> [motorbike (Bottom): 1%]
frame_000109,-1.0,1.0019,85.626,4.5755,91.2051,-1,0.0, -> [background only]
frame_000110,-1.0,0.91,85.4881,4.5914,90.9918,-1,0.0, -> [motorbike (Bottom): 2%]
frame_000111,-1.0,0.8976,86.1569,4.4298,91.4861,-1,0.0, -> [background only]
frame_000112,-1.0,0.9666,87.0508,4.6982,92.7175,-1,0.0, -> [motorbike (Bottom): 5%]
frame_000113,-1.0,1.0452,87.1198,4.5036,92.6707,-1,0.0, -> [background only]
frame_000114,-1.0,0.904,85.2303,4.6781,90.814,-1,0.0, -> [background only]
frame_000115,-1.0,0.9305,86.5021,4.5483,91.9827,-1,0.0, -> [background only]
frame_000116,-1.0,0.8659,85.4476,4.8819,91.1972,-1,0.0, -> [tvmonitor (Top-Left): 1%]
frame_000117,-1.0,0.8995,85.5477,4.3362,90.7853,-1,0.0, -> [motorbike (Bottom): 2%]
frame_000118,-1.0,0.9919,87.1459,4.712,92.8514,-1,0.0, -> [background only]
frame_000119,-1.0,1.0642,85.7129,4.769,91.5479,-1,0.0, -> [motorbike (Bottom): 1%]
frame_000120,-1.0,0.8767,85.7012,4.6776,91.2576,-1,0.0, -> [background only]
frame_000121,-1.0,0.9089,85.3414,4.4966,90.7485,-1,0.0, -> [background only]
frame_000122,-1.0,2.5987,85.8179,4.5812,92.9998,-1,0.0, -> [background only]
frame_000123,-1.0,0.9041,85.9136,4.3534,91.1728,-1,0.0, -> [tvmonitor (Top-Left): 1%]
frame_000124,-1.0,0.9422,85.5037,4.5964,91.0441,-1,0.0, -> [background only]
frame_000125,-1.0,3.5661,86.3822,4.5418,94.4925,-1,0.0, -> [background only]
frame_000126,-1.0,0.9677,85.2472,4.479,90.6957,-1,0.0, -> [background only]
frame_000127,-1.0,0.8967,86.1201,4.502,91.5206,-1,0.0, -> [background only]
frame_000128,-1.0,0.9643,86.1643,4.4805,91.6107,-1,0.0, -> [background only]
frame_000129,-1.0,0.9263,86.9158,4.6039,92.4477,-1,0.0, -> [background only]
frame_000130,-1.0,1.0441,85.328,4.6097,90.9833,-1,0.0, -> [background only]
frame_000131,-1.0,0.9484,86.1891,4.4165,91.5555,-1,0.0, -> [background only]
frame_000132,-1.0,0.9188,86.1606,4.5959,91.6768,-1,0.0, -> [background only]
frame_000133,-1.0,0.9248,86.4507,4.5452,91.9221,-1,0.0, -> [background only]
frame_000134,-1.0,1.0371,86.1327,4.561,91.7322,-1,0.0, -> [background only]
frame_000135,-1.0,0.9573,87.116,4.5514,92.6262,-1,0.0, -> [background only]
frame_000136,-1.0,0.9458,86.0666,4.4925,91.5064,-1,0.0, -> [background only]
frame_000137,-1.0,0.8582,85.055,4.7656,90.6805,-1,0.0, -> [background only]
frame_000138,-1.0,0.9912,85.295,4.2263,90.5143,-1,0.0, -> [background only]
frame_000139,-1.0,0.9737,85.6546,4.5466,91.1763,-1,0.0, -> [background only]
frame_000140,-1.0,0.9284,85.9783,4.5143,91.4226,-1,0.0, -> [background only]
frame_000141,-1.0,0.9244,86.9881,4.4906,92.4046,-1,0.0, -> [background only]
frame_000142,-1.0,0.8594,85.9065,4.6353,91.4026,-1,0.0, -> [tvmonitor (Top-Left): 1%]
frame_000143,-1.0,0.9013,85.9018,4.4318,91.2365,-1,0.0, -> [background only]
frame_000144,-1.0,0.9266,86.8943,4.3461,92.1688,-1,0.0, -> [background only]
frame_000145,-1.0,0.9103,85.6853,4.5382,91.1356,-1,0.0, -> [background only]
frame_000146,-1.0,0.9162,85.4925,4.329,90.7396,-1,0.0, -> [background only]
frame_000147,-1.0,0.9774,85.8736,4.4929,91.3456,-1,0.0, -> [background only]
frame_000148,-1.0,0.9754,85.7705,4.5764,91.3239,-1,0.0, -> [background only]
frame_000149,-1.0,0.9088,85.3781,4.4504,90.7386,-1,0.0, -> [background only]
frame_000150,-1.0,0.9811,87.0088,4.3885,92.3801,-1,0.0, -> [background only]
frame_000151,-1.0,1.0177,85.2506,4.4094,90.6793,-1,0.0, -> [background only]
frame_000152,-1.0,0.9219,85.9855,4.6917,91.6005,-1,0.0, -> [background only]
frame_000153,-1.0,0.8739,86.0524,4.7182,91.6468,-1,0.0, -> [background only]
frame_000154,-1.0,1.0296,85.8574,4.2993,91.1877,-1,0.0, -> [background only]
frame_000155,-1.0,0.9435,86.0526,4.4587,91.4565,-1,0.0, -> [background only]
frame_000156,-1.0,0.9711,85.9063,4.5934,91.4724,-1,0.0, -> [background only]
frame_000157,-1.0,1.0058,86.5601,4.4993,92.0668,-1,0.0, -> [background only]
frame_000158,-1.0,1.0202,86.1481,4.317,91.4871,-1,0.0, -> [background only]
frame_000159,-1.0,0.9629,85.5653,4.6314,91.1614,-1,0.0, -> [motorbike (Bottom-Left): 1%]
frame_000160,-1.0,0.9697,86.9038,4.6093,92.4841,-1,0.0, -> [background only]
frame_000161,-1.0,0.9461,85.2523,4.5744,90.7743,-1,0.0, -> [motorbike (Bottom): 2%]
frame_000162,-1.0,0.9425,85.6934,4.5783,91.2156,-1,0.0, -> [motorbike (Bottom): 5%]
frame_000163,-1.0,0.9362,85.903,4.4208,91.2614,-1,0.0, -> [background only]
frame_000164,-1.0,0.9371,85.2298,4.5149,90.6834,-1,0.0, -> [chair (Left): 1%]
frame_000165,-1.0,0.9402,86.3563,4.2976,91.5959,-1,0.0, -> [background only]
frame_000166,-1.0,0.9206,87.2523,4.5249,92.6992,-1,0.0, -> [background only]
frame_000167,-1.0,1.0306,85.8823,4.5907,91.5053,-1,0.0, -> [background only]
frame_000168,-1.0,1.0126,86.7863,4.4338,92.2341,-1,0.0, -> [background only]
frame_000169,-1.0,0.9136,85.7154,6.0625,92.6933,-1,0.0, -> [background only]
frame_000170,-1.0,1.1914,85.7394,4.5937,91.5262,-1,0.0, -> [cow (Bottom-Right): 6%]
frame_000171,-1.0,0.9213,85.7697,4.724,91.4163,-1,0.0, -> [cow (Bottom): 7%]
frame_000172,-1.0,0.9489,85.5212,4.5839,91.0554,-1,0.0, -> [cow (Bottom): 7%]
frame_000173,-1.0,1.0115,85.8446,4.5496,91.4073,-1,0.0, -> [cow (Bottom): 7%]
frame_000174,-1.0,0.9126,85.6112,4.5971,91.1227,-1,0.0, -> [cow (Bottom): 7%]
frame_000175,-1.0,0.9908,86.535,4.4113,91.9385,-1,0.0, -> [cow (Bottom): 6%]
frame_000176,-1.0,0.9356,85.6799,4.7823,91.3998,-1,0.0, -> [cow (Bottom): 7%]
frame_000177,-1.0,0.8966,85.4711,4.5313,90.9011,-1,0.0, -> [cow (Bottom): 8%]
frame_000178,-1.0,0.8768,84.7762,4.6378,90.2926,-1,0.0, -> [cow (Bottom): 8%]
frame_000179,-1.0,0.919,86.353,4.7561,92.03,-1,0.0, -> [cow (Bottom): 8%]
frame_000180,-1.0,0.9225,87.1386,4.6503,92.7132,-1,0.0, -> [cow (Bottom): 7%]
frame_000181,-1.0,0.9897,86.4893,4.3535,91.8362,-1,0.0, -> [cow (Bottom): 7%]
frame_000182,-1.0,1.0439,86.7999,4.6265,92.4719,-1,0.0, -> [cow (Bottom): 8%]
frame_000183,-1.0,1.0155,86.5737,4.6036,92.1945,-1,0.0, -> [cow (Bottom): 7%]
frame_000184,-1.0,1.0623,86.0256,4.5704,91.6602,-1,0.0, -> [cow (Bottom-Right): 6%]
frame_000185,-1.0,0.9377,86.3589,4.7752,92.0731,-1,0.0, -> [cow (Bottom): 6%]
frame_000186,-1.0,0.9527,85.1499,4.4748,90.5791,-1,0.0, -> [cow (Bottom-Right): 6%]
frame_000187,-1.0,0.9531,85.763,4.8476,91.5654,-1,0.0, -> [cow (Bottom): 7%]
frame_000188,-1.0,0.9007,87.3942,4.6664,92.9632,-1,0.0, -> [cow (Bottom): 6%]
frame_000189,-1.0,1.0711,86.1666,4.6991,91.9384,-1,0.0, -> [cow (Bottom): 9%]
frame_000190,-1.0,0.9953,86.0068,4.7251,91.7292,-1,0.0, -> [cow (Bottom): 10%]
frame_000191,-1.0,0.8767,85.6117,6.6968,93.1875,-1,0.0, -> [cow (Bottom): 9%]
frame_000192,-1.0,1.183,86.1848,4.4742,91.8444,-1,0.0, -> [cow (Bottom): 7%]
frame_000193,-1.0,1.0196,86.0528,4.6143,91.6885,-1,0.0, -> [cow (Bottom): 6%]
frame_000194,-1.0,0.885,85.9945,4.4615,91.3428,-1,0.0, -> [cow (Bottom): 8%]
frame_000195,-1.0,0.9914,86.7651,4.5365,92.2951,-1,0.0, -> [cow (Bottom): 9%]
frame_000196,-1.0,0.9102,86.9252,4.6544,92.4918,-1,0.0, -> [cow (Bottom): 8%]
frame_000197,-1.0,0.9126,85.7267,4.6016,91.2428,-1,0.0, -> [cow (Bottom): 8%]
frame_000198,-1.0,1.0217,85.7881,4.6196,91.4311,-1,0.0, -> [cow (Bottom): 8%]
frame_000199,-1.0,0.9098,85.5463,4.1938,90.6518,-1,0.0, -> [cow (Bottom): 9%]
frame_000200,-1.0,0.9136,86.8388,4.6152,92.3695,-1,0.0, -> [cow (Bottom): 7%]
frame_000201,-1.0,0.9023,86.3646,4.6366,91.9047,-1,0.0, -> [cow (Bottom): 8%]
frame_000202,-1.0,0.9945,85.1825,4.7148,90.8936,-1,0.0, -> [cow (Bottom): 8%]
frame_000203,-1.0,0.9067,86.3781,4.4727,91.7592,-1,0.0, -> [cow (Bottom): 8%]
frame_000204,-1.0,0.905,85.4924,4.81,91.2092,-1,0.0, -> [cow (Bottom): 8%]
frame_000205,-1.0,1.0373,86.0666,4.5678,91.6732,-1,0.0, -> [cow (Bottom): 6%]
frame_000206,-1.0,0.8927,85.9073,4.5536,91.3559,-1,0.0, -> [cow (Bottom): 7%]
frame_000207,-1.0,0.9084,86.0596,5.8871,92.8572,-1,0.0, -> [cow (Bottom): 6%]
frame_000208,-1.0,1.0599,86.2801,4.6573,91.9993,-1,0.0, -> [cow (Bottom-Right): 6%]
frame_000209,-1.0,0.9073,85.4687,4.747,91.1247,-1,0.0, -> [cow (Bottom): 7%]
frame_000210,-1.0,0.9806,85.8322,4.2576,91.0722,-1,0.0, -> [cow (Bottom): 6%]
frame_000211,-1.0,0.8951,85.5543,4.4889,90.94,-1,0.0, -> [cow (Bottom): 6%]
frame_000212,-1.0,0.979,87.1894,4.4426,92.6128,-1,0.0, -> [cow (Bottom): 7%]
frame_000213,-1.0,0.9608,85.9745,4.3826,91.3195,-1,0.0, -> [cow (Bottom-Right): 5%]
frame_000214,-1.0,0.9529,85.4582,4.2645,90.6775,-1,0.0, -> [cow (Bottom-Right): 5%]
frame_000215,-1.0,0.9223,86.5304,4.7758,92.2301,-1,0.0, -> [cow (Bottom-Right): 3%]
frame_000216,-1.0,0.9525,85.6137,4.3185,90.8862,-1,0.0, -> [cow (Bottom-Right): 4%]
frame_000217,-1.0,0.9116,85.6816,4.6631,91.2577,-1,0.0, -> [cow (Bottom-Right): 3%]
frame_000218,-1.0,0.9409,85.9872,4.6945,91.624,-1,0.0, -> [cow (Bottom-Right): 4%]
frame_000219,-1.0,0.9219,85.9116,4.7978,91.6327,-1,0.0, -> [cow (Bottom-Right): 4%]
frame_000220,-1.0,0.9381,85.7664,4.5274,91.2334,-1,0.0, -> [cow (Bottom-Right): 4%]
frame_000221,-1.0,1.0148,85.3471,4.2215,90.5847,-1,0.0, -> [cow (Bottom-Right): 4%]
frame_000222,-1.0,0.9336,85.205,4.4634,90.6034,-1,0.0, -> [cow (Bottom-Right): 4%]
frame_000223,-1.0,0.923,86.3859,4.7522,92.0628,-1,0.0, -> [cow (Bottom-Right): 4%]
frame_000224,-1.0,1.1495,86.2268,4.7517,92.13,-1,0.0, -> [cow (Bottom-Right): 4%]
frame_000225,-1.0,3.0813,90.8999,4.2927,98.2762,-1,0.0, -> [chair (Top-Right): 10%]
frame_000226,-1.0,1.0558,89.463,4.3072,94.8275,-1,0.0, -> [chair (Top-Right): 10%]
frame_000227,-1.0,0.9769,88.8513,4.3527,94.1826,-1,0.0, -> [chair (Top-Right): 10%]
frame_000228,-1.0,1.0746,89.5273,4.3319,94.9352,-1,0.0, -> [chair (Top-Right): 9%]
frame_000229,-1.0,0.9896,89.1806,5.1171,95.2886,-1,0.0, -> [chair (Top-Right): 10%]
frame_000230,-1.0,1.1428,88.9819,4.3868,94.5133,-1,0.0, -> [chair (Top-Right): 10%]
frame_000231,-1.0,1.071,89.3392,4.3708,94.7827,-1,0.0, -> [chair (Top-Right): 10%]
frame_000232,-1.0,1.075,89.4455,4.2454,94.7679,-1,0.0, -> [chair (Top-Right): 10%]
frame_000233,-1.0,0.9618,90.031,4.1565,95.1512,-1,0.0, -> [chair (Top-Right): 10%]
frame_000234,-1.0,0.928,89.1799,4.3771,94.4874,-1,0.0, -> [chair (Top-Right): 10%]
frame_000235,-1.0,0.9792,89.5218,4.3591,94.8614,-1,0.0, -> [chair (Top-Right): 10%]
frame_000236,-1.0,1.0532,89.3809,4.3654,94.8013,-1,0.0, -> [chair (Top-Right): 10%]
frame_000237,-1.0,1.0771,89.9689,4.3766,95.4242,-1,0.0, -> [chair (Top-Right): 10%]
frame_000238,-1.0,1.0245,90.1933,4.2681,95.4878,-1,0.0, -> [chair (Top-Right): 10%]
frame_000239,-1.0,1.0428,89.7735,4.361,95.1787,-1,0.0, -> [chair (Top-Right): 9%]
frame_000240,-1.0,0.9993,89.8934,4.4693,95.3636,-1,0.0, -> [chair (Top-Right): 9%]
frame_000241,-1.0,1.0997,90.2984,4.4424,95.8422,-1,0.0, -> [chair (Top-Right): 9%]
frame_000242,-1.0,0.9898,89.0662,4.1789,94.2368,-1,0.0, -> [chair (Top-Right): 10%]
frame_000243,-1.0,0.9948,91.0842,4.3786,96.459,-1,0.0, -> [chair (Top-Right): 10%]
frame_000244,-1.0,1.1735,89.5722,4.1916,94.9389,-1,0.0, -> [chair (Top-Right): 9%]
frame_000245,-1.0,0.9907,89.2778,4.341,94.6112,-1,0.0, -> [chair (Top-Right): 10%]
frame_000246,-1.0,1.0589,89.1496,4.3717,94.5819,-1,0.0, -> [chair (Top-Right): 10%]
frame_000247,-1.0,0.99,89.5699,4.3718,94.9332,-1,0.0, -> [chair (Top-Right): 10%]
frame_000248,-1.0,1.025,90.4785,4.2622,95.7674,-1,0.0, -> [chair (Top-Right): 10%]
frame_000249,-1.0,1.0581,89.4207,4.4187,94.8993,-1,0.0, -> [chair (Top-Right): 10%]
frame_000250,-1.0,1.0428,89.5758,4.2101,94.8304,-1,0.0, -> [chair (Top-Right): 10%]
frame_000251,-1.0,1.0538,89.5182,5.9906,96.564,-1,0.0, -> [chair (Top-Right): 10%]
frame_000252,-1.0,1.2719,90.5073,4.4493,96.2302,-1,0.0, -> [chair (Top-Right): 10%]
frame_000253,-1.0,1.1375,90.0265,4.2986,95.4644,-1,0.0, -> [chair (Top-Right): 10%]
frame_000254,-1.0,0.993,89.462,5.8137,96.27,-1,0.0, -> [chair (Top-Right): 10%]
frame_000255,-1.0,1.1136,90.1952,4.2476,95.5581,-1,0.0, -> [chair (Top-Right): 10%]
frame_000256,-1.0,0.986,89.8258,4.4257,95.2391,-1,0.0, -> [chair (Top-Right): 10%]
frame_000257,-1.0,1.0377,90.3519,4.2892,95.6803,-1,0.0, -> [chair (Top-Right): 10%]
frame_000258,-1.0,0.9999,89.6295,4.4174,95.0484,-1,0.0, -> [chair (Top-Right): 10%]
frame_000259,-1.0,0.9682,89.8448,4.2084,95.0227,-1,0.0, -> [chair (Top-Right): 10%]
frame_000260,-1.0,1.0983,89.7214,4.4057,95.2266,-1,0.0, -> [chair (Top-Right): 10%]
frame_000261,-1.0,1.0112,89.3702,3.947,94.3299,-1,0.0, -> [chair (Top-Right): 10%]
frame_000262,-1.0,0.989,90.1769,4.3848,95.552,-1,0.0, -> [chair (Top-Right): 9%]
frame_000263,-1.0,1.0896,89.8179,4.2008,95.1097,-1,0.0, -> [chair (Top-Right): 9%]
frame_000264,-1.0,0.9831,89.4292,4.3968,94.8105,-1,0.0, -> [chair (Top-Right): 9%]
frame_000265,-1.0,1.0085,89.3389,4.3065,94.6551,-1,0.0, -> [chair (Top-Right): 10%]
frame_000266,-1.0,1.0275,90.0287,4.4167,95.4748,-1,0.0, -> [chair (Top-Right): 10%]
frame_000267,-1.0,0.9728,91.1629,4.425,96.5623,-1,0.0, -> [chair (Top-Right): 10%]
frame_000268,-1.0,1.0071,90.1213,4.3039,95.4337,-1,0.0, -> [chair (Top-Right): 10%]
frame_000269,-1.0,1.057,90.7374,4.2709,96.0668,-1,0.0, -> [chair (Top-Right): 9%]
frame_000270,-1.0,1.0377,90.009,4.2296,95.278,-1,0.0, -> [chair (Top-Right): 9%]
frame_000271,-1.0,1.7664,90.187,4.2966,96.252,-1,0.0, -> [chair (Top-Right): 10%]
frame_000272,-1.0,1.0486,90.302,4.321,95.6732,-1,0.0, -> [chair (Top-Right): 9%]
frame_000273,-1.0,1.0681,89.9833,3.7991,94.852,-1,0.0, -> [chair (Top-Right): 9%]
frame_000274,-1.0,1.0681,90.1166,4.2011,95.3873,-1,0.0, -> [chair (Top-Right): 9%]
frame_000275,-1.0,1.0805,90.1047,4.3683,95.5552,-1,0.0, -> [chair (Top-Right): 9%]
frame_000276,-1.0,1.0717,89.9044,4.3261,95.3042,-1,0.0, -> [chair (Top-Right): 9%]
frame_000277,-1.0,1.0254,89.9814,4.3527,95.3619,-1,0.0, -> [chair (Top-Right): 9%]
frame_000278,-1.0,1.0061,90.2199,4.3046,95.5325,-1,0.0, -> [chair (Top-Right): 9%]
frame_000279,-1.0,3.2241,90.0324,4.4203,97.6789,-1,0.0, -> [chair (Top-Right): 8%]
frame_000280,-1.0,1.0136,91.1003,4.009,96.1246,-1,0.0, -> [chair (Top-Right): 9%]
frame_000281,-1.0,0.9995,91.1778,4.4256,96.6044,-1,0.0, -> [chair (Top-Right): 9%]
frame_000282,-1.0,1.0409,90.7188,4.2524,96.0139,-1,0.0, -> [chair (Top-Right): 8%]
frame_000283,-1.0,1.09,91.542,4.3707,97.0047,-1,0.0, -> [chair (Top-Right): 9%]
frame_000284,-1.0,1.0657,89.6277,4.3122,95.0075,-1,0.0, -> [chair (Top-Right): 9%]
frame_000285,-1.0,1.0177,90.2811,4.3272,95.6278,-1,0.0, -> [chair (Top-Right): 8%]
frame_000286,-1.0,1.0277,89.9859,4.3425,95.3578,-1,0.0, -> [chair (Top-Right): 10%]
frame_000287,-1.0,1.064,89.9894,4.4511,95.5061,-1,0.0, -> [chair (Top-Right): 10%]
frame_000288,-1.0,1.0576,91.1592,4.2343,96.4529,-1,0.0, -> [chair (Top-Right): 9%]
frame_000289,-1.0,1.0427,90.1014,4.3615,95.5071,-1,0.0, -> [chair (Top-Right): 10%]
frame_000290,-1.0,1.0105,89.3397,4.3498,94.7019,-1,0.0, -> [chair (Top-Right): 4%]
frame_000291,-1.0,1.0283,89.6025,4.4,95.0331,-1,0.0, -> [chair (Top-Right): 6%]
frame_000292,-1.0,0.9651,89.7546,4.1063,94.828,-1,0.0, -> [chair (Top-Right): 7%]
frame_000293,-1.0,1.0401,90.8199,4.4166,96.2785,-1,0.0, -> [chair (Top): 6%]
frame_000294,-1.0,1.0402,90.203,4.2277,95.4724,-1,0.0, -> [chair (Top): 3%]
frame_000295,-1.0,1.0227,91.0626,4.4183,96.5057,-1,0.0, -> [chair (Top): 2%]
frame_000296,-1.0,1.0542,90.4369,4.3992,95.8918,-1,0.0, -> [chair (Top): 3%]
frame_000297,-1.0,1.0069,90.8456,5.4839,97.3379,-1,0.0, -> [chair (Top): 1%]
frame_000298,-1.0,1.4438,91.0557,4.3325,96.8337,-1,0.0, -> [chair (Top): 3%]
frame_000299,-1.0,1.0153,90.3129,4.1027,95.4323,-1,0.0, -> [chair (Top): 3%]
frame_000300,-1.0,1.0418,89.9567,4.0223,95.0225,-1,0.0, -> [background only]
frame_000301,-1.0,0.9915,90.7577,4.1531,95.9038,-1,0.0, -> [chair (Top): 6%]
frame_000302,-1.0,0.9878,89.9695,4.4043,95.3631,-1,0.0, -> [chair (Top): 5%]
frame_000303,-1.0,1.0533,90.3686,4.1703,95.5937,-1,0.0, -> [chair (Top): 1%]
frame_000304,-1.0,1.0114,89.8888,4.2476,95.1496,-1,0.0, -> [chair (Top): 1%]
frame_000305,-1.0,0.9841,91.3728,4.3543,96.7124,-1,0.0, -> [chair (Top): 5%]
frame_000306,-1.0,1.1437,90.4876,4.2348,95.8678,-1,0.0, -> [chair (Top): 4%]
frame_000307,-1.0,0.9643,90.1677,4.3935,95.527,-1,0.0, -> [chair (Top): 5%]
frame_000308,-1.0,1.0653,90.5294,4.0775,95.6736,-1,0.0, -> [chair (Top): 5%]
frame_000309,-1.0,0.9767,91.2682,4.4071,96.6534,-1,0.0, -> [chair (Top): 3%]
frame_000310,-1.0,0.9678,91.2761,4.1898,96.435,-1,0.0, -> [chair (Top-Left): 5%]
frame_000311,-1.0,1.004,91.4655,4.4325,96.9034,-1,0.0, -> [chair (Top-Left): 5%]
frame_000312,-1.0,0.9911,90.1523,4.1468,95.2917,-1,0.0, -> [background only]
frame_000313,-1.0,0.9695,90.8443,4.2044,96.0198,-1,0.0, -> [chair (Top-Left): 4%]
frame_000314,-1.0,1.1423,91.4501,4.1676,96.7615,-1,0.0, -> [chair (Top-Left): 4%]
frame_000315,-1.0,1.0586,91.2207,4.2339,96.5146,-1,0.0, -> [chair (Top-Left): 3%]
frame_000316,-1.0,0.9903,90.0492,4.3962,95.437,-1,0.0," -> [chair (Top-Left): 3%, tvmonitor (Top-Right): 1%]"
frame_000317,-1.0,1.0182,91.3518,4.4605,96.8321,-1,0.0," -> [chair (Top-Left): 1%, tvmonitor (Top-Right): 1%]"
frame_000318,-1.0,1.015,91.1717,4.1414,96.3297,-1,0.0, -> [tvmonitor (Top-Right): 2%]
frame_000319,-1.0,1.0908,91.2454,4.3749,96.7126,-1,0.0, -> [chair (Top-Left): 1%]
frame_000320,-1.0,1.0053,90.8742,4.3264,96.2077,-1,0.0, -> [chair (Top-Left): 2%]
frame_000321,-1.0,1.0684,92.3638,4.2391,97.6729,-1,0.0, -> [chair (Top-Left): 1%]
frame_000322,-1.0,1.0038,91.1482,4.3203,96.4743,-1,0.0, -> [background only]
frame_000323,-1.0,1.0176,90.6046,4.3132,95.9374,-1,0.0, -> [tvmonitor (Top-Right): 3%]
frame_000324,-1.0,1.0192,91.0533,4.3655,96.4396,-1,0.0, -> [background only]
frame_000325,-1.0,1.0036,91.5501,4.2846,96.84,-1,0.0, -> [chair (Top-Left): 1%]
frame_000326,-1.0,1.0042,90.9309,4.5061,96.4431,-1,0.0," -> [chair (Center): 6%, tvmonitor (Top-Right): 5%]"
frame_000327,-1.0,2.6933,90.4199,4.5479,97.663,-1,0.0," -> [chair (Top-Right): 4%, tvmonitor (Top-Right): 4%]"
frame_000328,-1.0,1.0736,90.241,4.4891,95.8051,-1,0.0," -> [chair (Right): 7%, tvmonitor (Top-Right): 4%]"
frame_000329,-1.0,1.0489,91.532,4.3427,96.9248,-1,0.0," -> [chair (Right): 8%, tvmonitor (Top-Right): 4%]"
frame_000330,-1.0,1.0191,90.5575,4.4781,96.0559,-1,0.0," -> [chair (Right): 10%, tvmonitor (Top-Right): 5%]"
frame_000331,-1.0,1.0235,90.8424,4.3559,96.2234,-1,0.0," -> [chair (Right): 10%, tvmonitor (Top-Right): 5%]"
frame_000332,-1.0,1.0692,91.1481,4.5073,96.726,-1,0.0," -> [chair (Right): 10%, tvmonitor (Top-Right): 4%]"
frame_000333,-1.0,1.0107,90.7802,4.5989,96.3913,-1,0.0," -> [chair (Right): 12%, tvmonitor (Top-Right): 4%]"
frame_000334,-1.0,1.0755,90.9539,4.4337,96.4647,-1,0.0," -> [chair (Right): 10%, tvmonitor (Top): 2%]"
frame_000335,-1.0,1.0735,90.7709,4.389,96.2352,-1,0.0," -> [chair (Right): 14%, tvmonitor (Top): 5%]"
frame_000336,-1.0,0.9887,91.8075,4.4176,97.2154,-1,0.0," -> [chair (Right): 10%, tvmonitor (Top): 5%]"
frame_000337,-1.0,1.011,91.1433,4.5214,96.677,-1,0.0," -> [chair (Right): 10%, tvmonitor (Top): 2%]"
frame_000338,-1.0,1.0078,90.7618,4.0677,95.839,-1,0.0," -> [chair (Right): 13%, tvmonitor (Top): 3%]"
frame_000339,-1.0,0.9977,91.296,4.552,96.8474,-1,0.0," -> [chair (Right): 14%, tvmonitor (Top-Right): 5%]"
frame_000340,-1.0,1.1266,91.2301,4.2248,96.5832,-1,0.0," -> [chair (Center): 10%, tvmonitor (Top-Right): 12%]"
frame_000341,-1.0,0.9862,91.0262,4.5372,96.5516,-1,0.0," -> [chair (Center): 11%, tvmonitor (Top-Right): 12%]"
frame_000342,-1.0,1.0397,92.2707,4.7179,98.0296,-1,0.0," -> [chair (Center): 10%, tvmonitor (Top-Right): 14%]"
frame_000343,-1.0,1.0846,91.5386,4.5338,97.1583,-1,0.0," -> [chair (Center): 15%, tvmonitor (Top-Right): 14%]"
frame_000344,-1.0,1.0898,92.0985,4.4535,97.6433,-1,0.0," -> [chair (Center): 15%, tvmonitor (Top-Right): 13%]"
frame_000345,-1.0,2.9488,91.697,4.5017,99.1494,-1,0.0," -> [chair (Center): 14%, tvmonitor (Top): 11%]"
frame_000346,-1.0,0.967,91.0888,4.3818,96.4395,-1,0.0," -> [chair (Center): 12%, tvmonitor (Top): 5%]"
frame_000347,-1.0,1.0223,92.0694,4.5577,97.6508,-1,0.0," -> [chair (Center): 12%, tvmonitor (Top): 4%]"
frame_000348,-1.0,1.0163,91.6626,4.4167,97.0976,-1,0.0," -> [chair (Center): 19%, tvmonitor (Top-Left): 1%]"
frame_000349,-1.0,1.0122,91.5794,4.5336,97.1271,-1,0.0," -> [chair (Left): 18%, tvmonitor (Top-Left): 3%]"
frame_000350,-1.0,1.0269,90.999,4.4966,96.5241,-1,0.0," -> [chair (Left): 17%, tvmonitor (Top): 5%]"
frame_000351,-1.0,1.0035,90.9296,4.4959,96.4307,-1,0.0," -> [chair (Left): 10%, tvmonitor (Top): 11%]"
frame_000352,-1.0,0.9894,90.8858,6.1493,98.0262,-1,0.0," -> [chair (Left): 9%, tvmonitor (Top): 12%]"
frame_000353,-1.0,1.1253,91.6831,4.4786,97.2888,-1,0.0, -> [chair (Left): 14%]
frame_000354,-1.0,1.0548,91.6744,4.41,97.1406,-1,0.0, -> [chair (Left): 14%]
frame_000355,-1.0,0.9952,91.2148,4.3951,96.6068,-1,0.0, -> [chair (Left): 11%]
frame_000356,-1.0,1.0236,91.6526,4.4694,97.1472,-1,0.0," -> [chair (Left): 8%, tvmonitor (Top-Left): 2%]"
frame_000357,-1.0,1.0636,91.2985,4.3075,96.6713,-1,0.0," -> [chair (Left): 7%, tvmonitor (Top): 8%]"
frame_000358,-1.0,3.0793,91.662,4.2853,99.0289,-1,0.0," -> [chair (Top-Left): 4%, tvmonitor (Top-Left): 2%]"
frame_000359,-1.0,0.9967,91.5399,4.3665,96.9058,-1,0.0," -> [chair (Top-Left): 3%, tvmonitor (Top-Left): 4%]"
frame_000360,-1.0,1.0238,92.5653,4.4494,98.0404,-1,0.0," -> [chair (Top-Left): 3%, tvmonitor (Center): 8%]"
frame_000361,-1.0,0.9953,92.0286,4.3186,97.3445,-1,0.0," -> [chair (Top-Left): 3%, tvmonitor (Top): 10%]"
frame_000362,-1.0,1.0297,91.0416,4.3683,96.4414,-1,0.0," -> [chair (Top-Left): 3%, tvmonitor (Center): 12%]"
frame_000363,-1.0,0.986,92.0474,4.1606,97.196,-1,0.0," -> [chair (Left): 3%, tvmonitor (Center): 11%]"
frame_000364,-1.0,1.0472,91.1449,4.1634,96.3573,-1,0.0," -> [chair (Left): 1%, tvmonitor (Center): 6%]"
frame_000365,-1.0,1.0837,92.8916,4.3585,98.3355,-1,0.0," -> [chair (Left): 1%, tvmonitor (Center): 5%]"
frame_000366,-1.0,1.0523,92.0289,4.5036,97.5865,-1,0.0," -> [chair (Left): 2%, tvmonitor (Center): 10%]"
frame_000367,-1.0,1.026,91.8507,4.2839,97.1629,-1,0.0," -> [chair (Left): 3%, tvmonitor (Center): 10%]"
frame_000368,-1.0,0.9904,92.119,4.365,97.4763,-1,0.0," -> [chair (Left): 2%, tvmonitor (Center): 11%]"
frame_000369,-1.0,1.0224,91.4515,4.1494,96.6252,-1,0.0," -> [chair (Left): 2%, tvmonitor (Center): 9%]"
frame_000370,-1.0,1.0611,91.614,4.2474,96.9238,-1,0.0," -> [chair (Left): 2%, tvmonitor (Center): 8%]"
frame_000371,-1.0,1.0455,91.8314,4.2549,97.1333,-1,0.0," -> [chair (Left): 2%, tvmonitor (Center): 11%]"
frame_000372,-1.0,1.0333,91.6557,3.9908,96.6814,-1,0.0," -> [chair (Left): 2%, tvmonitor (Center): 11%]"
frame_000373,-1.0,1.0318,91.9398,4.247,97.2205,-1,0.0," -> [chair (Left): 2%, tvmonitor (Center): 13%]"
frame_000374,-1.0,1.0009,92.8669,4.331,98.2004,-1,0.0," -> [chair (Left): 2%, tvmonitor (Center): 10%]"
frame_000375,-1.0,0.99,91.1341,4.5301,96.6558,-1,0.0," -> [chair (Left): 2%, tvmonitor (Center): 11%]"
frame_000376,-1.0,1.1831,92.0042,4.5584,97.7471,-1,0.0," -> [chair (Left): 2%, tvmonitor (Center): 12%]"
frame_000377,-1.0,0.9841,91.6839,4.4685,97.1383,-1,0.0," -> [chair (Left): 2%, tvmonitor (Center): 12%]"
frame_000378,-1.0,1.0347,91.8252,4.482,97.344,-1,0.0," -> [chair (Left): 2%, tvmonitor (Center): 12%]"
frame_000379,-1.0,1.0506,92.4947,4.3315,97.8784,-1,0.0," -> [chair (Left): 2%, tvmonitor (Center): 11%]"
frame_000380,-1.0,1.0083,92.3475,5.8711,99.2288,-1,0.0," -> [chair (Left): 2%, tvmonitor (Center): 11%]"
frame_000381,-1.0,1.0594,87.8758,4.3047,93.2417,-1,0.0," -> [chair (Left): 2%, tvmonitor (Center): 13%]"
frame_000382,-1.0,0.9089,86.2329,4.4042,91.5476,-1,0.0," -> [chair (Left): 2%, tvmonitor (Center): 13%]"
frame_000383,-1.0,0.9002,87.0678,6.0637,94.0335,-1,0.0," -> [chair (Left): 2%, tvmonitor (Center): 12%]"
frame_000384,-1.0,1.0232,87.4104,4.3363,92.7719,-1,0.0," -> [chair (Left): 2%, tvmonitor (Center): 14%]"
frame_000385,-1.0,0.9427,87.5359,4.5573,93.0378,-1,0.0," -> [chair (Left): 2%, tvmonitor (Center): 13%]"
frame_000386,-1.0,0.9549,87.0583,6.3798,94.3948,-1,0.0," -> [chair (Left): 2%, tvmonitor (Center): 12%]"
frame_000387,-1.0,1.0612,87.0063,4.621,92.6902,-1,0.0," -> [chair (Left): 2%, tvmonitor (Center): 13%]"
frame_000388,-1.0,0.9531,87.1516,4.5221,92.6281,-1,0.0," -> [chair (Left): 2%, tvmonitor (Center): 11%]"
frame_000389,-1.0,0.9364,86.9954,4.7007,92.6339,-1,0.0," -> [chair (Left): 2%, tvmonitor (Center): 12%]"
frame_000390,-1.0,0.9136,88.0657,4.6,93.5812,-1,0.0," -> [chair (Left): 2%, tvmonitor (Center): 12%]"
frame_000391,-1.0,0.9481,86.841,4.6243,92.4148,-1,0.0," -> [chair (Left): 1%, tvmonitor (Center): 11%]"
frame_000392,-1.0,0.8995,86.9072,4.5376,92.3461,-1,0.0," -> [chair (Top-Left): 1%, tvmonitor (Center): 9%]"
frame_000393,-1.0,1.0333,87.6588,4.6897,93.3834,-1,0.0," -> [chair (Top-Left): 1%, tvmonitor (Center): 10%]"
frame_000394,-1.0,0.9133,87.2614,4.6341,92.8101,-1,0.0," -> [chair (Top-Left): 1%, tvmonitor (Center): 11%]"
frame_000395,-1.0,0.9381,87.3951,4.5844,92.9189,-1,0.0," -> [chair (Top-Left): 1%, tvmonitor (Center): 13%]"
frame_000396,-1.0,0.9232,86.313,4.7817,92.0196,-1,0.0," -> [chair (Top-Left): 1%, tvmonitor (Center): 13%]"
frame_000397,-1.0,1.0465,87.1225,4.6031,92.7737,-1,0.0," -> [chair (Top-Left): 2%, tvmonitor (Center): 21%]"
frame_000398,-1.0,0.9729,87.2839,4.565,92.8234,-1,0.0," -> [chair (Top-Left): 1%, tvmonitor (Center): 13%]"
frame_000399,-1.0,0.919,86.7228,4.6296,92.2728,-1,0.0," -> [chair (Left): 2%, tvmonitor (Center): 8%]"
frame_000400,-1.0,0.9108,86.8647,4.5123,92.2893,-1,0.0," -> [chair (Left): 2%, tvmonitor (Top): 10%]"
frame_000401,-1.0,0.909,87.1524,4.5375,92.6004,-1,0.0," -> [chair (Left): 2%, tvmonitor (Top): 11%]"
frame_000402,-1.0,0.9143,86.3516,4.5227,91.7901,-1,0.0," -> [chair (Left): 2%, tvmonitor (Top): 9%]"
frame_000403,-1.0,0.9801,87.1514,4.5893,92.7224,-1,0.0," -> [chair (Left): 2%, tvmonitor (Top): 9%]"
frame_000404,-1.0,0.9559,87.1575,5.0817,93.1967,-1,0.0," -> [chair (Top-Left): 2%, dog (Bottom): 1%, tvmonitor (Center): 21%]"
frame_000405,-1.0,0.9398,87.773,4.5798,93.2936,-1,0.0, -> [tvmonitor (Center): 27%]
frame_000406,-1.0,0.9377,87.2154,4.6505,92.8052,-1,0.0," -> [chair (Top-Left): 1%, tvmonitor (Top): 19%]"
frame_000407,-1.0,0.9329,87.3645,4.4511,92.75,-1,0.0," -> [chair (Top-Left): 1%, tvmonitor (Top): 11%]"
frame_000408,-1.0,0.8902,87.4016,4.3801,92.6733,-1,0.0," -> [chair (Top-Left): 1%, tvmonitor (Top): 12%]"
frame_000409,-1.0,0.9721,87.0557,4.6969,92.7263,-1,0.0," -> [chair (Top-Left): 1%, tvmonitor (Top): 12%]"
frame_000410,-1.0,0.905,87.7152,4.5955,93.2173,-1,0.0," -> [chair (Top-Left): 1%, tvmonitor (Top): 13%]"
frame_000411,-1.0,0.9082,86.7976,4.7035,92.4109,-1,0.0," -> [chair (Top-Left): 1%, dog (Bottom): 5%, tvmonitor (Top): 24%]"
frame_000412,-1.0,0.9315,87.2335,4.7551,92.9218,-1,0.0," -> [chair (Top-Left): 1%, dog (Bottom): 4%, tvmonitor (Top): 14%]"
frame_000413,-1.0,0.9681,87.2559,4.5199,92.7456,-1,0.0," -> [chair (Top-Left): 1%, dog (Bottom): 3%, tvmonitor (Top): 14%]"
frame_000414,-1.0,0.9631,86.5502,4.5664,92.0821,-1,0.0," -> [chair (Top-Left): 1%, tvmonitor (Top-Left): 1%]"
frame_000415,-1.0,1.1256,87.4629,4.5315,93.1219,-1,0.0, -> [chair (Top-Left): 1%]
frame_000416,-1.0,0.9345,87.9693,4.5151,93.4208,-1,0.0, -> [chair (Top-Left): 1%]
frame_000417,-1.0,0.9238,88.0277,4.5765,93.5293,-1,0.0, -> [chair (Top-Left): 1%]
frame_000418,-1.0,1.014,87.9383,4.5042,93.4583,-1,0.0, -> [chair (Top-Left): 2%]
frame_000419,-1.0,0.9665,88.5362,4.3139,93.8183,-1,0.0, -> [chair (Top-Left): 2%]
frame_000420,-1.0,0.9008,89.0918,4.5277,94.5219,-1,0.0, -> [chair (Top-Left): 2%]
frame_000421,-1.0,0.9576,87.8504,4.477,93.2866,-1,0.0, -> [chair (Top-Left): 3%]
frame_000422,-1.0,0.8875,87.6785,4.5837,93.1512,-1,0.0, -> [chair (Top-Left): 3%]
frame_000423,-1.0,0.9209,87.3152,4.452,92.6894,-1,0.0, -> [chair (Top-Left): 3%]
frame_000424,-1.0,0.9659,86.9619,4.5298,92.4593,-1,0.0, -> [chair (Top-Left): 3%]
frame_000425,-1.0,0.9398,86.5216,4.4365,91.8993,-1,0.0, -> [chair (Top-Left): 3%]
frame_000426,-1.0,0.9245,87.3297,5.6848,93.9408,-1,0.0, -> [chair (Top-Left): 3%]
frame_000427,-1.0,1.0536,88.1859,4.6069,93.8482,-1,0.0, -> [chair (Top-Left): 3%]
frame_000428,-1.0,0.8502,87.2565,4.5189,92.6273,-1,0.0, -> [chair (Top-Left): 3%]
frame_000429,-1.0,0.9011,87.2309,4.6166,92.752,-1,0.0, -> [chair (Top-Left): 3%]
frame_000430,-1.0,0.9328,87.795,4.2817,93.0111,-1,0.0, -> [chair (Top-Left): 4%]
frame_000431,-1.0,0.9693,89.5971,4.6652,95.2338,-1,0.0, -> [chair (Top-Left): 3%]
frame_000432,-1.0,1.0525,88.0016,4.6569,93.7126,-1,0.0," -> [chair (Top-Left): 4%, tvmonitor (Top): 8%]"
frame_000433,-1.0,0.8882,88.2462,4.7116,93.8476,-1,0.0," -> [chair (Top-Left): 3%, tvmonitor (Top): 22%]"
frame_000434,-1.0,0.9014,86.5372,4.4689,91.9091,-1,0.0," -> [chair (Top-Left): 3%, tvmonitor (Top): 13%]"
frame_000435,-1.0,0.9764,87.9024,4.5065,93.387,-1,0.0," -> [chair (Top-Left): 2%, tvmonitor (Top): 8%]"
frame_000436,-1.0,0.8846,87.9192,4.5061,93.3116,-1,0.0," -> [chair (Top-Left): 3%, tvmonitor (Top): 9%]"
frame_000437,-1.0,0.9435,88.1276,4.5927,93.6653,-1,0.0," -> [chair (Top-Left): 2%, tvmonitor (Top): 11%]"
frame_000438,-1.0,0.952,88.0991,4.596,93.6485,-1,0.0," -> [chair (Top-Left): 3%, tvmonitor (Top): 12%]"
frame_000439,-1.0,0.8873,87.6492,4.4378,92.9758,-1,0.0," -> [chair (Top-Left): 3%, tvmonitor (Top): 10%]"
frame_000440,-1.0,0.928,87.4048,4.4497,92.7842,-1,0.0," -> [chair (Top-Left): 3%, tvmonitor (Top): 10%]"
frame_000441,-1.0,0.9054,88.2676,4.5688,93.7435,-1,0.0," -> [chair (Top-Left): 3%, tvmonitor (Top): 9%]"
frame_000442,-1.0,0.9787,86.9301,4.585,92.4955,-1,0.0," -> [chair (Top-Left): 3%, tvmonitor (Top): 10%]"
frame_000443,-1.0,0.9418,87.3362,4.6028,92.8825,-1,0.0," -> [chair (Top-Left): 3%, tvmonitor (Top): 10%]"
frame_000444,-1.0,0.887,87.835,4.6774,93.4013,-1,0.0," -> [chair (Top-Left): 4%, tvmonitor (Top): 16%]"
frame_000445,-1.0,1.0129,87.0229,4.572,92.6096,-1,0.0," -> [chair (Top-Left): 2%, tvmonitor (Top): 10%]"
frame_000446,-1.0,0.9756,86.7116,4.5988,92.2878,-1,0.0," -> [chair (Left): 2%, tvmonitor (Top): 11%]"
frame_000447,-1.0,0.995,86.8625,4.4056,92.2652,-1,0.0," -> [chair (Left): 2%, tvmonitor (Top): 13%]"
frame_000448,-1.0,0.9932,87.8231,4.6422,93.4605,-1,0.0," -> [chair (Left): 2%, tvmonitor (Top-Left): 1%]"
frame_000449,-1.0,0.9148,87.4059,4.329,92.6515,-1,0.0," -> [chair (Left): 1%, tvmonitor (Center): 9%]"
frame_000450,-1.0,0.8716,87.9252,4.3423,93.1408,-1,0.0, -> [chair (Left): 2%]
frame_000451,-1.0,0.9023,86.9902,4.4998,92.3943,-1,0.0, -> [chair (Left): 2%]
frame_000452,-1.0,0.8672,86.861,4.4976,92.2274,-1,0.0," -> [chair (Top-Left): 1%, tvmonitor (Top): 5%]"
frame_000453,-1.0,0.974,88.0449,4.3787,93.3992,-1,0.0, -> [tvmonitor (Top): 2%]
frame_000454,-1.0,0.9717,87.9014,4.7242,93.5993,-1,0.0, -> [tvmonitor (Top-Left): 1%]
frame_000455,-1.0,0.9304,87.8044,4.4272,93.1635,-1,0.0, -> [tvmonitor (Top-Left): 2%]
frame_000456,-1.0,0.8906,89.2675,4.6294,94.7892,-1,0.0," -> [chair (Left): 1%, tvmonitor (Top-Left): 5%]"
frame_000457,-1.0,0.9393,89.0042,4.302,94.2471,-1,0.0, -> [background only]
frame_000458,-1.0,0.9039,87.7417,4.5975,93.2449,-1,0.0, -> [tvmonitor (Top-Left): 7%]
frame_000459,-1.0,0.9328,89.2666,4.3987,94.5995,-1,0.0, -> [tvmonitor (Top-Left): 5%]
frame_000460,-1.0,0.9269,89.6741,4.5173,95.1197,-1,0.0, -> [tvmonitor (Top-Left): 2%]
frame_000461,-1.0,0.9952,88.1259,4.6006,93.723,-1,0.0, -> [tvmonitor (Top-Left): 4%]
frame_000462,-1.0,0.958,88.2005,4.616,93.7758,-1,0.0, -> [tvmonitor (Left): 13%]
frame_000463,-1.0,0.975,88.0815,4.5908,93.6488,-1,0.0, -> [tvmonitor (Left): 18%]
frame_000464,-1.0,0.9637,88.3115,4.6136,93.8901,-1,0.0, -> [tvmonitor (Left): 12%]
frame_000465,-1.0,1.0073,89.2485,4.4987,94.7566,-1,0.0, -> [tvmonitor (Center): 15%]
frame_000466,-1.0,0.9223,88.6658,4.542,94.1321,-1,0.0, -> [chair (Top-Left): 1%]
frame_000467,-1.0,0.899,88.8273,5.4726,95.2006,-1,0.0, -> [chair (Left): 4%]
frame_000468,-1.0,1.2609,88.6174,4.679,94.5589,-1,0.0," -> [chair (Left): 5%, tvmonitor (Center): 17%]"
frame_000469,-1.0,1.0508,88.2107,4.673,93.9363,-1,0.0," -> [chair (Left): 8%, tvmonitor (Top): 7%]"
frame_000470,-1.0,0.9979,87.4273,4.6264,93.0534,-1,0.0," -> [chair (Left): 12%, tvmonitor (Top): 5%]"
frame_000471,-1.0,1.0272,87.7481,4.5266,93.3038,-1,0.0, -> [chair (Left): 15%]
frame_000472,-1.0,0.8968,87.7533,4.5837,93.2352,-1,0.0," -> [chair (Left): 17%, tvmonitor (Top): 1%]"
frame_000473,-1.0,0.8888,87.4651,4.8967,93.2526,-1,0.0," -> [chair (Left): 21%, tvmonitor (Top): 1%]"
frame_000474,-1.0,0.9982,87.2816,4.7603,93.0417,-1,0.0, -> [chair (Left): 20%]
frame_000475,-1.0,0.8776,87.6765,4.2954,92.8508,-1,0.0," -> [chair (Left): 25%, tvmonitor (Top): 3%]"
frame_000476,-1.0,0.9187,87.6131,4.9351,93.4684,-1,0.0," -> [chair (Left): 30%, tvmonitor (Top-Right): 6%]"
frame_000477,-1.0,1.0195,86.5759,4.4455,92.0422,-1,0.0, -> [chair (Left): 27%]
frame_000478,-1.0,0.9093,87.5538,4.521,92.9857,-1,0.0, -> [chair (Left): 27%]
frame_000479,-1.0,0.9576,86.6363,4.7062,92.3016,-1,0.0, -> [chair (Left): 31%]
frame_000480,-1.0,0.8986,88.1538,4.4753,93.5293,-1,0.0, -> [chair (Center): 27%]
frame_000481,-1.0,0.8913,87.0924,4.6572,92.6426,-1,0.0," -> [chair (Center): 34%, tvmonitor (Top-Right): 5%]"
frame_000482,-1.0,0.9573,88.0175,4.6995,93.676,-1,0.0," -> [chair (Center): 36%, tvmonitor (Right): 11%]"
frame_000483,-1.0,0.9223,87.5589,4.5362,93.0192,-1,0.0," -> [chair (Center): 24%, tvmonitor (Right): 11%]"
frame_000484,-1.0,0.8783,87.6709,4.6295,93.1804,-1,0.0," -> [chair (Center): 25%, tvmonitor (Right): 8%]"
frame_000485,-1.0,0.9121,86.5813,4.7048,92.1996,-1,0.0," -> [chair (Center): 25%, tvmonitor (Right): 7%]"
frame_000486,-1.0,2.193,88.1393,4.3971,94.7314,-1,0.0," -> [chair (Center): 29%, tvmonitor (Top-Right): 4%]"
frame_000487,-1.0,0.9496,87.0882,4.6116,92.6512,-1,0.0, -> [chair (Center): 31%]
frame_000488,-1.0,0.9431,87.133,4.5165,92.5942,-1,0.0, -> [chair (Right): 14%]
frame_000489,-1.0,0.9148,87.2177,4.0739,92.2076,-1,0.0, -> [chair (Top): 20%]
frame_000490,-1.0,0.8937,87.3616,4.4529,92.7098,-1,0.0, -> [chair (Top-Right): 18%]
frame_000491,-1.0,0.9027,87.6669,4.3874,92.9588,-1,0.0, -> [chair (Right): 25%]
frame_000492,-1.0,0.951,87.8542,4.5752,93.3821,-1,0.0, -> [chair (Right): 22%]
frame_000493,-1.0,0.9244,87.8857,4.4902,93.3019,-1,0.0, -> [chair (Right): 14%]
frame_000494,-1.0,1.0448,87.7961,4.2853,93.128,-1,0.0, -> [chair (Top-Right): 12%]
frame_000495,-1.0,1.0302,88.2103,4.6202,93.8627,-1,0.0, -> [chair (Top-Right): 13%]
frame_000496,-1.0,0.912,88.1002,4.4624,93.476,-1,0.0, -> [chair (Top-Right): 7%]
frame_000497,-1.0,0.8388,87.7627,4.2329,92.836,-1,0.0, -> [chair (Top-Right): 7%]
frame_000498,-1.0,0.8999,88.4285,4.3949,93.7249,-1,0.0, -> [background only]
frame_000499,-1.0,0.9429,87.9095,4.3344,93.1883,-1,0.0, -> [background only]
frame_000500,-1.0,0.9449,89.2221,4.4281,94.597,-1,0.0, -> [chair (Top-Left): 1%]
frame_000501,-1.0,0.9144,88.2868,4.4869,93.69,-1,0.0, -> [chair (Top-Left): 1%]
frame_000502,-1.0,0.9288,87.589,4.2105,92.73,-1,0.0, -> [chair (Top-Left): 2%]
frame_000503,-1.0,0.9035,87.906,4.3828,93.194,-1,0.0, -> [background only]
frame_000504,-1.0,0.9175,88.7912,4.3182,94.0286,-1,0.0, -> [background only]
frame_000505,-1.0,0.9201,89.5884,4.3305,94.8409,-1,0.0, -> [background only]
frame_000506,-1.0,0.9796,88.3194,4.6297,93.9306,-1,0.0, -> [chair (Top-Left): 3%]
frame_000507,-1.0,0.8847,89.6453,4.4551,94.9864,-1,0.0, -> [chair (Top-Left): 4%]
frame_000508,-1.0,0.9181,87.7251,4.5328,93.1777,-1,0.0, -> [chair (Top-Left): 3%]
frame_000509,-1.0,0.8816,88.5435,5.4479,94.875,-1,0.0, -> [chair (Top-Left): 4%]
frame_000510,-1.0,1.0504,88.5376,4.3556,93.9454,-1,0.0, -> [chair (Top-Left): 1%]
frame_000511,-1.0,0.978,87.6848,4.473,93.1374,-1,0.0, -> [chair (Top-Left): 2%]
frame_000512,-1.0,0.9904,88.3388,4.2373,93.5683,-1,0.0, -> [chair (Top-Left): 4%]
frame_000513,-1.0,0.8848,88.7882,4.4372,94.1116,-1,0.0, -> [chair (Top-Left): 4%]
frame_000514,-1.0,0.905,87.3618,4.5332,92.8021,-1,0.0, -> [chair (Top-Left): 4%]
frame_000515,-1.0,1.0007,88.3538,4.719,94.0752,-1,0.0, -> [chair (Top-Left): 1%]
frame_000516,-1.0,0.8599,87.9107,4.0711,92.8437,-1,0.0, -> [background only]
frame_000517,-1.0,0.9077,88.4359,4.5651,93.9102,-1,0.0, -> [chair (Top-Left): 5%]
frame_000518,-1.0,0.9807,88.1313,4.6872,93.801,-1,0.0, -> [chair (Top-Left): 5%]
frame_000519,-1.0,1.2656,88.6744,4.509,94.4509,-1,0.0, -> [chair (Top-Left): 2%]
frame_000520,-1.0,1.0066,88.7581,4.4846,94.2511,-1,0.0, -> [chair (Top-Left): 4%]
frame_000521,-1.0,0.972,88.5034,4.2841,93.761,-1,0.0, -> [chair (Top-Left): 3%]
frame_000522,-1.0,1.0634,88.2111,4.4864,93.7626,-1,0.0, -> [background only]
frame_000523,-1.0,0.9053,89.0946,4.3861,94.3878,-1,0.0, -> [chair (Top-Left): 4%]
frame_000524,-1.0,0.9517,88.2861,4.6174,93.8567,-1,0.0, -> [chair (Top-Left): 4%]
frame_000525,-1.0,0.998,89.3479,4.4501,94.7977,-1,0.0, -> [chair (Top-Left): 5%]
frame_000526,-1.0,0.9438,89.027,4.3528,94.3256,-1,0.0, -> [chair (Top-Left): 4%]
frame_000527,-1.0,0.9292,89.2539,4.3518,94.5367,-1,0.0, -> [chair (Top-Left): 3%]
frame_000528,-1.0,0.9707,88.6325,4.4206,94.0256,-1,0.0, -> [chair (Top-Left): 4%]
frame_000529,-1.0,0.9232,88.2973,4.3365,93.559,-1,0.0, -> [chair (Top-Left): 9%]
frame_000530,-1.0,0.9172,88.4701,4.4482,93.8373,-1,0.0, -> [chair (Top-Left): 8%]
frame_000531,-1.0,0.9296,88.8084,4.4519,94.1921,-1,0.0, -> [bicycle (Bottom): 24%]
frame_000532,-1.0,1.0167,88.3036,4.5389,93.8614,-1,0.0, -> [chair (Top-Left): 8%]
frame_000533,-1.0,0.9829,88.8852,4.5291,94.3992,-1,0.0," -> [bicycle (Bottom-Left): 3%, chair (Top-Left): 6%]"
frame_000534,-1.0,1.0829,89.7442,4.6319,95.4609,-1,0.0, -> [chair (Top-Left): 5%]
frame_000535,-1.0,0.9781,88.4669,4.5637,94.0107,-1,0.0, -> [bicycle (Bottom): 9%]
frame_000536,-1.0,3.0938,88.5315,4.5563,96.1836,-1,0.0," -> [bicycle (Bottom): 3%, chair (Top): 10%]"
frame_000537,-1.0,0.9835,88.2648,4.1913,93.4419,-1,0.0, -> [background only]
frame_000538,-1.0,0.9309,89.4292,4.599,94.9605,-1,0.0, -> [chair (Top): 3%]
frame_000539,-1.0,1.0367,89.0946,4.511,94.6439,-1,0.0," -> [bicycle (Center): 3%, chair (Top): 10%]"
frame_000540,-1.0,0.9324,88.8495,4.545,94.3286,-1,0.0," -> [bicycle (Right): 15%, chair (Top): 8%]"
frame_000541,-1.0,0.9446,89.8999,4.5089,95.3549,-1,0.0," -> [bicycle (Center): 12%, chair (Top): 9%]"
frame_000542,-1.0,0.9372,88.9143,4.4817,94.3348,-1,0.0," -> [bicycle (Right): 18%, chair (Top): 5%]"
frame_000543,-1.0,0.9659,89.1526,4.5003,94.6203,-1,0.0, -> [bicycle (Right): 37%]
frame_000544,-1.0,0.9064,89.4594,4.3707,94.7375,-1,0.0, -> [bicycle (Right): 32%]
frame_000545,-1.0,0.9429,87.9817,4.4762,93.4024,-1,0.0, -> [bicycle (Right): 27%]
frame_000546,-1.0,0.9095,88.1849,4.4217,93.5176,-1,0.0, -> [bicycle (Right): 27%]
frame_000547,-1.0,0.9389,89.0128,4.4658,94.4195,-1,0.0, -> [bicycle (Right): 21%]
frame_000548,-1.0,0.9309,88.4729,4.3456,93.7511,-1,0.0, -> [bicycle (Right): 17%]
frame_000549,-1.0,0.8997,87.9655,4.4344,93.3011,-1,0.0, -> [bicycle (Right): 14%]
frame_000550,-1.0,0.9068,88.7322,4.5587,94.1989,-1,0.0," -> [bicycle (Right): 5%, chair (Top-Right): 1%]"
frame_000551,-1.0,0.9127,88.7989,4.3761,94.0894,-1,0.0, -> [background only]
frame_000552,-1.0,0.9119,88.0405,4.4617,93.4157,-1,0.0, -> [background only]
frame_000553,-1.0,0.9036,88.5652,4.069,93.5395,-1,0.0, -> [background only]
frame_000554,-1.0,0.9094,88.156,4.2892,93.3562,-1,0.0, -> [background only]
frame_000555,-1.0,0.9361,88.105,4.2269,93.2696,-1,0.0, -> [background only]
frame_000556,-1.0,0.9318,89.4704,4.4276,94.8315,-1,0.0, -> [background only]
frame_000557,-1.0,0.8993,89.169,4.4332,94.5033,-1,0.0, -> [background only]
frame_000558,-1.0,0.9818,88.294,6.4819,95.7595,-1,0.0, -> [background only]
frame_000559,-1.0,1.0247,88.1548,4.3327,93.514,-1,0.0, -> [background only]
frame_000560,-1.0,0.9636,89.2784,4.2287,94.4721,-1,0.0, -> [background only]
frame_000561,-1.0,0.8851,88.6408,4.4727,94.0003,-1,0.0, -> [background only]
frame_000562,-1.0,1.002,88.974,4.3552,94.3327,-1,0.0, -> [background only]
frame_000563,-1.0,0.9168,89.1351,4.121,94.1742,-1,0.0, -> [background only]
frame_000564,-1.0,0.9417,89.2719,4.2123,94.4272,-1,0.0, -> [background only]
frame_000565,-1.0,0.9193,89.2183,4.3577,94.4967,-1,0.0, -> [background only]
frame_000566,-1.0,0.8573,88.1762,4.0498,93.0847,-1,0.0, -> [background only]
frame_000567,-1.0,0.9583,88.1498,4.4555,93.565,-1,0.0, -> [background only]
frame_000568,-1.0,0.9447,87.6948,4.4783,93.1195,-1,0.0, -> [background only]
frame_000569,-1.0,0.9255,88.0409,4.5614,93.5296,-1,0.0, -> [background only]
frame_000570,-1.0,0.9827,88.754,4.377,94.1154,-1,0.0, -> [background only]
frame_000571,-1.0,0.9664,88.7115,4.3935,94.0731,-1,0.0, -> [background only]
frame_000572,-1.0,0.9357,88.4442,4.2446,93.626,-1,0.0, -> [background only]
frame_000573,-1.0,0.9472,88.6391,4.5022,94.0899,-1,0.0, -> [background only]
frame_000574,-1.0,0.9245,88.9082,4.4573,94.2916,-1,0.0, -> [background only]
frame_000575,-1.0,0.9121,88.1401,4.1153,93.1696,-1,0.0, -> [background only]
frame_000576,-1.0,0.9507,89.0795,4.3725,94.4041,-1,0.0, -> [background only]
frame_000577,-1.0,0.9157,89.2886,4.2309,94.4368,-1,0.0, -> [background only]
frame_000578,-1.0,0.9343,88.292,4.2682,93.4959,-1,0.0, -> [background only]
frame_000579,-1.0,0.9042,87.5132,4.4272,92.8461,-1,0.0, -> [background only]
frame_000580,-1.0,0.9046,87.815,4.2889,93.01,-1,0.0, -> [background only]
frame_000581,-1.0,0.9047,87.2168,4.491,92.6139,-1,0.0, -> [background only]
frame_000582,-1.0,0.9258,89.5556,4.4462,94.9291,-1,0.0, -> [background only]
frame_000583,-1.0,0.9213,87.1181,4.4761,92.5169,-1,0.0, -> [background only]
frame_000584,-1.0,0.9383,86.8966,4.4213,92.2576,-1,0.0, -> [background only]
frame_000585,-1.0,0.9055,87.7589,4.1745,92.8405,-1,0.0, -> [background only]
frame_000586,-1.0,0.8968,87.2468,4.4416,92.5868,-1,0.0, -> [background only]
frame_000587,-1.0,0.8961,86.9715,4.2482,92.1174,-1,0.0, -> [background only]
frame_000588,-1.0,0.896,88.4652,4.2731,93.6357,-1,0.0, -> [background only]
frame_000589,-1.0,0.9204,87.8686,4.3794,93.17,-1,0.0, -> [background only]
frame_000590,-1.0,0.9135,87.3476,4.4367,92.6995,-1,0.0, -> [background only]
frame_000591,-1.0,0.9095,87.8784,4.2954,93.0849,-1,0.0, -> [background only]
frame_000592,-1.0,0.9257,88.8416,4.2694,94.0385,-1,0.0, -> [background only]
frame_000593,-1.0,0.9011,87.4257,4.3542,92.6826,-1,0.0, -> [background only]
frame_000594,-1.0,0.9005,87.3658,4.4902,92.7578,-1,0.0, -> [background only]
frame_000595,-1.0,0.9271,87.2591,4.2691,92.457,-1,0.0, -> [background only]
frame_000596,-1.0,0.9428,87.4279,4.2886,92.6613,-1,0.0, -> [background only]
frame_000597,-1.0,0.9741,87.1569,4.4721,92.6046,-1,0.0, -> [background only]
frame_000598,-1.0,1.0481,88.214,4.4789,93.7428,-1,0.0, -> [background only]
frame_000599,-1.0,0.9555,88.3455,4.4198,93.7224,-1,0.0, -> [background only]
frame_000600,-1.0,0.9582,87.9813,4.5562,93.4974,-1,0.0, -> [background only]
frame_000601,-1.0,0.8383,86.9013,4.298,92.039,-1,0.0, -> [background only]
frame_000602,-1.0,0.9019,87.6292,4.3207,92.8532,-1,0.0, -> [background only]
frame_000603,-1.0,0.9555,87.2995,4.3052,92.5618,-1,0.0, -> [background only]
frame_000604,-1.0,0.9339,87.3703,4.5386,92.8442,-1,0.0, -> [background only]
frame_000605,-1.0,0.9165,86.9771,4.5071,92.402,-1,0.0, -> [background only]
frame_000606,-1.0,0.9265,88.0328,4.3713,93.3321,-1,0.0, -> [background only]
frame_000607,-1.0,0.9109,87.9402,4.4504,93.3033,-1,0.0, -> [background only]
frame_000608,-1.0,0.8977,86.6802,4.4427,92.0226,-1,0.0, -> [background only]
frame_000609,-1.0,0.9146,87.4326,4.3899,92.7389,-1,0.0, -> [background only]
frame_000610,-1.0,0.8756,87.2245,4.4559,92.5577,-1,0.0, -> [background only]
frame_000611,-1.0,0.9183,87.3062,4.3797,92.6058,-1,0.0, -> [background only]
frame_000612,-1.0,0.9403,87.8782,4.4325,93.2527,-1,0.0, -> [background only]
frame_000613,-1.0,0.8924,88.3306,4.4683,93.6932,-1,0.0, -> [background only]
frame_000614,-1.0,0.9021,87.6359,4.424,92.9639,-1,0.0, -> [background only]
frame_000615,-1.0,0.8972,87.9074,4.5037,93.3106,-1,0.0, -> [background only]
frame_000616,-1.0,0.9099,87.9011,4.2707,93.0831,-1,0.0, -> [background only]
frame_000617,-1.0,0.8949,87.3395,4.3485,92.5854,-1,0.0, -> [background only]
frame_000618,-1.0,0.895,87.6143,4.2422,92.7535,-1,0.0, -> [background only]
frame_000619,-1.0,0.966,87.3258,4.2661,92.5598,-1,0.0, -> [background only]
frame_000620,-1.0,0.9028,87.9511,4.4153,93.2708,-1,0.0, -> [background only]
frame_000621,-1.0,0.9556,87.2733,4.4609,92.6917,-1,0.0, -> [background only]
frame_000622,-1.0,0.8919,89.2346,4.2811,94.4094,-1,0.0, -> [background only]
frame_000623,-1.0,0.9243,88.4125,4.3748,93.7134,-1,0.0, -> [background only]
frame_000624,-1.0,2.7958,89.0347,4.1995,96.032,-1,0.0, -> [background only]
frame_000625,-1.0,0.9689,88.531,4.2835,93.7853,-1,0.0, -> [background only]
frame_000626,-1.0,0.9133,88.1758,4.4672,93.558,-1,0.0, -> [background only]
frame_000627,-1.0,1.0789,88.522,4.5819,94.1844,-1,0.0, -> [background only]
frame_000628,-1.0,0.9579,88.9724,4.4074,94.3391,-1,0.0, -> [background only]
frame_000629,-1.0,0.929,89.472,4.5861,94.9884,-1,0.0, -> [background only]
frame_000630,-1.0,0.9467,88.4998,4.3923,93.8404,-1,0.0, -> [background only]
frame_000631,-1.0,0.9703,89.176,4.4657,94.6136,-1,0.0, -> [background only]
frame_000632,-1.0,0.9902,87.8837,4.3349,93.2103,-1,0.0, -> [background only]
frame_000633,-1.0,0.9374,89.3922,4.2613,94.5925,-1,0.0, -> [background only]
frame_000634,-1.0,0.9455,88.3582,4.379,93.6844,-1,0.0, -> [background only]
frame_000635,-1.0,0.9267,87.6168,4.2591,92.8039,-1,0.0, -> [background only]
frame_000636,-1.0,0.9634,87.4497,4.3771,92.7916,-1,0.0, -> [background only]
frame_000637,-1.0,0.9113,87.2991,4.401,92.613,-1,0.0, -> [background only]
frame_000638,-1.0,0.9696,87.4773,4.3252,92.7737,-1,0.0, -> [background only]
frame_000639,-1.0,0.9086,87.7098,4.2335,92.8531,-1,0.0, -> [background only]
frame_000640,-1.0,0.9265,87.1824,4.2404,92.3511,-1,0.0, -> [background only]
frame_000641,-1.0,0.9382,88.3377,4.5262,93.8036,-1,0.0, -> [background only]
frame_000642,-1.0,0.9067,86.9277,4.5178,92.3538,-1,0.0, -> [background only]
frame_000643,-1.0,0.9538,87.5196,4.3318,92.8071,-1,0.0, -> [background only]
frame_000644,-1.0,0.905,88.4188,4.2737,93.5989,-1,0.0, -> [background only]
frame_000645,-1.0,0.9224,87.7335,4.3193,92.9768,-1,0.0, -> [background only]
frame_000646,-1.0,0.9154,86.8258,4.55,92.2931,-1,0.0, -> [background only]
frame_000647,-1.0,0.9337,88.7184,4.3679,94.0212,-1,0.0, -> [background only]
frame_000648,-1.0,0.9562,87.1148,4.3761,92.449,-1,0.0, -> [background only]
frame_000649,-1.0,0.9294,88.9289,4.3266,94.1867,-1,0.0, -> [background only]
frame_000650,-1.0,0.9517,88.085,4.4618,93.5003,-1,0.0, -> [background only]
frame_000651,-1.0,0.9874,89.0402,4.3684,94.3978,-1,0.0, -> [background only]
frame_000652,-1.0,0.9343,87.5249,4.5091,92.97,-1,0.0, -> [background only]
frame_000653,-1.0,0.9448,88.0066,4.2896,93.2426,-1,0.0, -> [background only]
frame_000654,-1.0,0.9924,89.4538,4.4652,94.9128,-1,0.0, -> [background only]
frame_000655,-1.0,0.9474,89.1492,4.2004,94.2984,-1,0.0, -> [background only]
frame_000656,-1.0,0.9812,88.7668,4.4717,94.2213,-1,0.0, -> [background only]
frame_000657,-1.0,1.0189,90.0183,4.3704,95.4094,-1,0.0, -> [background only]
frame_000658,-1.0,0.9613,89.1518,4.3787,94.4932,-1,0.0, -> [background only]
frame_000659,-1.0,1.0122,88.2711,4.4992,93.7844,-1,0.0, -> [background only]
frame_000660,-1.0,0.9134,88.8731,4.3919,94.1803,-1,0.0, -> [background only]
frame_000661,-1.0,0.9948,88.8243,4.5266,94.3476,-1,0.0, -> [background only]
frame_000662,-1.0,2.2823,89.7252,4.5537,96.5632,-1,0.0, -> [background only]
frame_000663,-1.0,1.0056,87.4076,4.2358,92.6506,-1,0.0, -> [background only]
frame_000664,-1.0,0.9233,89.4004,4.466,94.7913,-1,0.0, -> [background only]
frame_000665,-1.0,1.0327,88.5522,4.4465,94.0329,-1,0.0, -> [background only]
frame_000666,-1.0,0.9155,89.1008,4.2543,94.2719,-1,0.0, -> [background only]
frame_000667,-1.0,0.9235,89.8195,4.558,95.3025,-1,0.0, -> [background only]
frame_000668,-1.0,0.9304,87.8257,4.3365,93.0943,-1,0.0, -> [background only]
frame_000669,-1.0,0.9346,88.4153,4.4129,93.7645,-1,0.0, -> [background only]
frame_000670,-1.0,0.8901,89.3259,4.3055,94.5228,-1,0.0, -> [background only]
frame_000671,-1.0,0.9335,88.5293,4.2368,93.7011,-1,0.0, -> [background only]
frame_000672,-1.0,0.9831,88.4051,4.3846,93.7745,-1,0.0, -> [background only]
frame_000673,-1.0,1.0041,89.7213,4.401,95.1283,-1,0.0, -> [background only]
frame_000674,-1.0,0.9237,89.1189,4.3611,94.4051,-1,0.0, -> [background only]
frame_000675,-1.0,0.8994,88.1587,4.4072,93.4672,-1,0.0, -> [background only]
frame_000676,-1.0,0.8988,88.153,4.3764,93.4297,-1,0.0, -> [background only]
frame_000677,-1.0,0.9455,89.0663,4.3274,94.3409,-1,0.0, -> [background only]
frame_000678,-1.0,0.8766,88.3813,4.2736,93.533,-1,0.0, -> [background only]
frame_000679,-1.0,0.9472,89.3468,4.2289,94.5243,-1,0.0, -> [background only]
frame_000680,-1.0,0.9061,88.129,4.3737,93.411,-1,0.0, -> [background only]
frame_000681,-1.0,0.9223,89.295,4.4441,94.6631,-1,0.0, -> [background only]
frame_000682,-1.0,1.0411,87.8781,4.4415,93.3621,-1,0.0, -> [background only]
frame_000683,-1.0,0.9377,89.0245,4.2734,94.237,-1,0.0, -> [background only]
frame_000684,-1.0,0.8888,89.7483,4.5263,95.1649,-1,0.0, -> [background only]
frame_000685,-1.0,1.0481,88.6557,4.3403,94.0454,-1,0.0, -> [background only]
frame_000686,-1.0,0.9651,87.9862,4.4307,93.3831,-1,0.0, -> [background only]
frame_000687,-1.0,1.0181,89.536,4.2722,94.8276,-1,0.0, -> [background only]
frame_000688,-1.0,1.0009,87.1104,4.2718,92.3849,-1,0.0, -> [background only]
frame_000689,-1.0,0.9353,86.6379,4.3873,91.9621,-1,0.0, -> [background only]
frame_000690,-1.0,0.9365,87.2508,4.3853,92.5744,-1,0.0, -> [background only]
frame_000691,-1.0,0.9022,87.8255,4.3881,93.1173,-1,0.0, -> [background only]
frame_000692,-1.0,0.899,87.6791,4.4386,93.0182,-1,0.0, -> [background only]
frame_000693,-1.0,0.9034,88.2058,4.5494,93.6599,-1,0.0, -> [background only]
frame_000694,-1.0,0.9528,87.1366,4.2922,92.3834,-1,0.0, -> [background only]
frame_000695,-1.0,0.9174,87.4504,4.1729,92.5422,-1,0.0, -> [background only]
frame_000696,-1.0,0.8719,88.3968,4.3369,93.6072,-1,0.0, -> [background only]
frame_000697,-1.0,1.0123,88.144,4.3614,93.5194,-1,0.0, -> [background only]
frame_000698,-1.0,0.9115,87.4152,4.2338,92.5624,-1,0.0, -> [background only]
frame_000699,-1.0,0.944,88.5848,4.4622,93.9927,-1,0.0, -> [background only]
frame_000700,-1.0,0.9132,87.4767,4.363,92.7544,-1,0.0, -> [background only]
frame_000701,-1.0,0.8973,88.7878,4.3937,94.0807,-1,0.0, -> [background only]
frame_000702,-1.0,0.9008,87.8669,4.286,93.0551,-1,0.0, -> [background only]
frame_000703,-1.0,0.8849,87.6661,4.531,93.0837,-1,0.0, -> [background only]
frame_000704,-1.0,0.9086,87.4906,4.3902,92.7909,-1,0.0, -> [background only]
frame_000705,-1.0,0.8766,87.378,4.4693,92.7256,-1,0.0, -> [background only]
frame_000706,-1.0,0.9443,87.9159,4.3627,93.2245,-1,0.0, -> [background only]
frame_000707,-1.0,0.9652,87.7861,4.1884,92.9415,-1,0.0, -> [background only]
frame_000708,-1.0,0.9254,88.6024,4.0358,93.5654,-1,0.0, -> [background only]
frame_000709,-1.0,0.9086,87.7639,4.0878,92.7621,-1,0.0, -> [background only]
frame_000710,-1.0,0.9453,87.5993,4.4514,92.9977,-1,0.0, -> [background only]
frame_000711,-1.0,0.9296,87.4555,4.499,92.8856,-1,0.0, -> [background only]
frame_000712,-1.0,0.9648,87.0814,4.4099,92.458,-1,0.0, -> [background only]
frame_000713,-1.0,0.9235,87.459,4.3333,92.7177,-1,0.0, -> [background only]
frame_000714,-1.0,0.9,87.6095,4.3243,92.8354,-1,0.0, -> [background only]
frame_000715,-1.0,1.0726,87.5089,4.2726,92.8559,-1,0.0, -> [background only]
frame_000716,-1.0,0.9065,87.1202,4.3215,92.3499,-1,0.0, -> [background only]
frame_000717,-1.0,0.9413,87.6477,4.2732,92.8637,-1,0.0, -> [background only]
frame_000718,-1.0,1.0408,88.2042,4.4397,93.6862,-1,0.0, -> [background only]
frame_000719,-1.0,0.9017,87.7747,4.4537,93.1315,-1,0.0, -> [background only]
frame_000720,-1.0,0.9053,88.3274,4.4323,93.6666,-1,0.0, -> [background only]
frame_000721,-1.0,1.006,88.1519,4.3621,93.5213,-1,0.0, -> [background only]
frame_000722,-1.0,0.8947,88.4573,4.3588,93.7126,-1,0.0, -> [background only]
frame_000723,-1.0,0.9003,88.7897,4.508,94.1993,-1,0.0, -> [background only]
frame_000724,-1.0,0.9931,87.9282,4.2477,93.1702,-1,0.0, -> [background only]
frame_000725,-1.0,0.9395,88.1778,4.5079,93.6266,-1,0.0, -> [background only]
frame_000726,-1.0,0.9423,87.9897,4.3771,93.3105,-1,0.0, -> [background only]
frame_000727,-1.0,0.9563,87.3691,4.4549,92.7817,-1,0.0, -> [background only]
frame_000728,-1.0,0.9011,87.4852,4.0993,92.4869,-1,0.0, -> [background only]
frame_000729,-1.0,0.8991,87.8434,4.4655,93.2096,-1,0.0, -> [background only]
frame_000730,-1.0,0.9939,89.6112,4.3419,94.949,-1,0.0, -> [background only]
frame_000731,-1.0,0.9363,88.1613,4.4017,93.5007,-1,0.0, -> [background only]
frame_000732,-1.0,0.9541,89.2741,4.3269,94.5568,-1,0.0, -> [background only]
frame_000733,-1.0,1.0085,89.699,4.4225,95.1312,-1,0.0, -> [background only]
frame_000734,-1.0,0.922,88.5863,4.3694,93.8792,-1,0.0, -> [background only]
frame_000735,-1.0,0.9402,88.469,4.1702,93.5811,-1,0.0, -> [background only]
frame_000736,-1.0,0.9237,88.2374,4.1169,93.2798,-1,0.0, -> [background only]
frame_000737,-1.0,0.917,89.2158,4.3563,94.4909,-1,0.0, -> [background only]
frame_000738,-1.0,0.9647,88.8566,4.3234,94.147,-1,0.0, -> [background only]
frame_000739,-1.0,0.9034,88.9593,4.5362,94.4007,-1,0.0, -> [background only]
frame_000740,-1.0,0.9142,88.3458,4.2929,93.5549,-1,0.0, -> [background only]
frame_000741,-1.0,1.0127,88.7792,4.5216,94.3153,-1,0.0, -> [background only]
frame_000742,-1.0,0.9974,88.4909,4.3961,93.8859,-1,0.0, -> [background only]
frame_000743,-1.0,0.9343,87.766,4.3351,93.0371,-1,0.0, -> [background only]
frame_000744,-1.0,1.0693,87.5623,4.3694,93.003,-1,0.0, -> [background only]
frame_000745,-1.0,0.9515,88.7626,4.4422,94.158,-1,0.0, -> [background only]
frame_000746,-1.0,0.9736,88.9819,4.4661,94.423,-1,0.0, -> [background only]
frame_000747,-1.0,1.0038,89.3443,4.1269,94.4764,-1,0.0, -> [background only]
frame_000748,-1.0,0.9112,88.0352,4.28,93.2281,-1,0.0, -> [background only]
frame_000749,-1.0,0.9208,87.5736,4.2073,92.7031,-1,0.0, -> [background only]
frame_000750,-1.0,0.9364,87.6295,4.366,92.9331,-1,0.0, -> [background only]
frame_000751,-1.0,0.961,88.2119,4.4877,93.6622,-1,0.0, -> [background only]
frame_000752,-1.0,0.9315,88.5545,4.442,93.9297,-1,0.0, -> [background only]
frame_000753,-1.0,0.9954,87.8925,4.6038,93.4933,-1,0.0, -> [chair (Right): 1%]
frame_000754,-1.0,0.8995,88.143,4.5079,93.5515,-1,0.0, -> [chair (Right): 1%]
frame_000755,-1.0,0.9196,88.1683,4.3201,93.4093,-1,0.0, -> [chair (Right): 2%]
frame_000756,-1.0,0.9521,88.1637,4.5744,93.6918,-1,0.0, -> [chair (Right): 4%]
frame_000757,-1.0,0.9485,87.8567,4.3613,93.1677,-1,0.0, -> [chair (Right): 5%]
frame_000758,-1.0,1.0073,88.6583,4.4595,94.1265,-1,0.0, -> [chair (Right): 5%]
frame_000759,-1.0,0.9185,88.5499,4.4781,93.9479,-1,0.0, -> [chair (Right): 5%]
frame_000760,-1.0,0.9199,88.7663,4.608,94.2957,-1,0.0, -> [chair (Right): 6%]
frame_000761,-1.0,0.9441,88.256,4.4981,93.6992,-1,0.0, -> [chair (Right): 7%]
frame_000762,-1.0,0.8892,88.6876,4.605,94.1835,-1,0.0, -> [chair (Right): 8%]
frame_000763,-1.0,0.9698,88.7492,4.4453,94.1662,-1,0.0, -> [chair (Right): 8%]
frame_000764,-1.0,0.9434,88.5226,4.6552,94.1231,-1,0.0, -> [chair (Right): 9%]
frame_000765,-1.0,1.0637,88.8023,4.464,94.3314,-1,0.0, -> [chair (Right): 10%]
frame_000766,-1.0,1.003,89.559,4.4664,95.0303,-1,0.0, -> [chair (Right): 11%]
frame_000767,-1.0,0.943,87.5369,4.4505,92.9322,-1,0.0, -> [chair (Right): 12%]
frame_000768,-1.0,0.9063,88.1608,4.6133,93.682,-1,0.0, -> [chair (Right): 12%]
frame_000769,-1.0,0.9853,88.6702,4.389,94.0465,-1,0.0, -> [chair (Right): 13%]
frame_000770,-1.0,0.9838,88.3531,4.591,93.9301,-1,0.0, -> [chair (Right): 14%]
frame_000771,-1.0,0.9939,88.5272,4.5728,94.0958,-1,0.0, -> [chair (Right): 15%]
frame_000772,-1.0,0.9516,88.4475,5.9275,95.3287,-1,0.0, -> [chair (Right): 14%]
frame_000773,-1.0,1.0252,88.6947,4.6037,94.3252,-1,0.0, -> [chair (Right): 15%]
frame_000774,-1.0,0.9281,88.7285,4.5338,94.1923,-1,0.0, -> [chair (Right): 16%]
frame_000775,-1.0,0.9378,89.2136,4.5666,94.7196,-1,0.0, -> [chair (Right): 15%]
frame_000776,-1.0,0.9597,87.9958,4.5294,93.4866,-1,0.0, -> [chair (Right): 17%]
frame_000777,-1.0,0.9712,87.9473,4.5666,93.4868,-1,0.0, -> [chair (Right): 16%]
frame_000778,-1.0,0.928,88.4053,4.6092,93.9437,-1,0.0, -> [chair (Right): 15%]
frame_000779,-1.0,0.9919,88.0037,4.5821,93.5797,-1,0.0, -> [chair (Right): 21%]
frame_000780,-1.0,0.9519,88.4087,4.5275,93.8898,-1,0.0, -> [chair (Right): 14%]
frame_000781,-1.0,0.9201,89.318,4.6175,94.8573,-1,0.0, -> [chair (Right): 18%]
frame_000782,-1.0,0.9198,88.7789,4.4343,94.1347,-1,0.0, -> [chair (Right): 15%]
frame_000783,-1.0,0.905,89.2261,4.5673,94.7001,-1,0.0, -> [chair (Right): 13%]
frame_000784,-1.0,0.9575,88.476,4.6629,94.0981,-1,0.0, -> [chair (Right): 17%]
frame_000785,-1.0,0.9265,88.6216,4.349,93.8989,-1,0.0, -> [chair (Center): 13%]
frame_000786,-1.0,0.9355,89.2185,4.5358,94.6914,-1,0.0, -> [chair (Center): 13%]
frame_000787,-1.0,0.9212,88.9647,4.4203,94.3077,-1,0.0, -> [chair (Center): 12%]
frame_000788,-1.0,0.9702,89.6292,4.6016,95.2024,-1,0.0, -> [chair (Center): 12%]
frame_000789,-1.0,0.8945,87.7435,4.5295,93.1688,-1,0.0, -> [chair (Center): 13%]
frame_000790,-1.0,0.9399,88.2474,4.5581,93.7473,-1,0.0, -> [chair (Center): 14%]
frame_000791,-1.0,0.927,89.0488,4.5628,94.5404,-1,0.0," -> [chair (Center): 13%, tvmonitor (Top-Right): 1%]"
frame_000792,-1.0,0.9473,87.5782,4.782,93.3093,-1,0.0, -> [chair (Center): 12%]
frame_000793,-1.0,1.0712,88.0082,4.5974,93.6783,-1,0.0," -> [chair (Center): 11%, tvmonitor (Top-Right): 2%]"
frame_000794,-1.0,0.9143,88.0321,4.5177,93.4657,-1,0.0," -> [chair (Center): 10%, tvmonitor (Top-Right): 2%]"
frame_000795,-1.0,0.9085,89.4619,4.7133,95.085,-1,0.0," -> [chair (Center): 12%, tvmonitor (Top-Right): 4%]"
frame_000796,-1.0,0.9781,87.8215,4.2821,93.0833,-1,0.0," -> [chair (Center): 13%, tvmonitor (Top-Right): 6%]"
frame_000797,-1.0,0.8844,88.1281,4.5745,93.5884,-1,0.0," -> [chair (Center): 13%, tvmonitor (Top-Right): 6%]"
frame_000798,-1.0,0.9131,87.5624,4.9048,93.3815,-1,0.0," -> [chair (Center): 14%, tvmonitor (Top-Right): 6%]"
frame_000799,-1.0,1.0059,88.0532,4.4861,93.5466,-1,0.0, -> [chair (Center): 11%]
frame_000800,-1.0,0.9207,88.9684,4.6804,94.5707,-1,0.0," -> [chair (Center): 14%, tvmonitor (Top-Right): 3%]"
frame_000801,-1.0,0.9211,87.9099,4.4518,93.2844,-1,0.0, -> [chair (Center): 12%]
frame_000802,-1.0,0.9771,88.8219,4.6153,94.4158,-1,0.0," -> [chair (Center): 14%, tvmonitor (Top-Right): 3%]"
frame_000803,-1.0,0.9586,88.5129,4.6366,94.1093,-1,0.0," -> [chair (Center): 13%, tvmonitor (Top-Right): 6%]"
frame_000804,-1.0,0.8942,87.6522,4.9855,93.5334,-1,0.0, -> [chair (Center): 13%]
frame_000805,-1.0,0.9894,89.0667,4.6244,94.682,-1,0.0, -> [chair (Left): 8%]
frame_000806,-1.0,0.8618,87.9254,4.54,93.3288,-1,0.0, -> [chair (Left): 10%]
frame_000807,-1.0,0.9596,89.0277,4.5736,94.5622,-1,0.0, -> [chair (Left): 10%]
frame_000808,-1.0,0.9231,89.1954,4.523,94.6436,-1,0.0, -> [chair (Left): 12%]
frame_000809,-1.0,0.9066,88.8187,4.5764,94.3032,-1,0.0, -> [chair (Left): 10%]
frame_000810,-1.0,0.9547,89.3624,4.5516,94.8704,-1,0.0, -> [chair (Left): 13%]
frame_000811,-1.0,0.895,88.3825,4.587,93.866,-1,0.0, -> [chair (Left): 8%]
frame_000812,-1.0,0.8793,88.877,4.6109,94.3687,-1,0.0," -> [chair (Left): 9%, tvmonitor (Top): 1%]"
frame_000813,-1.0,0.9767,88.839,4.2002,94.0173,-1,0.0, -> [chair (Left): 7%]
frame_000814,-1.0,0.9131,87.6328,4.6802,93.228,-1,0.0," -> [bicycle (Right): 7%, chair (Left): 3%]"
frame_000815,-1.0,0.9023,88.2173,5.6383,94.7594,-1,0.0, -> [chair (Left): 4%]
frame_000816,-1.0,1.0274,87.1964,4.7192,92.9445,-1,0.0, -> [bicycle (Right): 18%]
frame_000817,-1.0,0.9078,87.5428,4.298,92.75,-1,0.0, -> [bicycle (Right): 19%]
frame_000818,-1.0,0.9418,86.4665,4.5386,91.9482,-1,0.0, -> [bicycle (Center): 5%]
frame_000819,-1.0,0.9149,87.0915,4.6072,92.6152,-1,0.0, -> [bicycle (Center): 15%]
frame_000820,-1.0,0.9666,87.3521,4.2947,92.6149,-1,0.0, -> [bicycle (Center): 17%]
frame_000821,-1.0,0.9049,86.8421,4.4226,92.171,-1,0.0, -> [bicycle (Center): 23%]
frame_000822,-1.0,0.8981,87.6286,4.5034,93.0318,-1,0.0, -> [bicycle (Center): 31%]
frame_000823,-1.0,0.9165,87.2505,4.4025,92.5712,-1,0.0, -> [bicycle (Center): 4%]
frame_000824,-1.0,0.9269,87.6251,4.5422,93.0964,-1,0.0, -> [bicycle (Center): 21%]
frame_000825,-1.0,0.8919,87.2697,4.6588,92.8219,-1,0.0, -> [bicycle (Center): 19%]
frame_000826,-1.0,0.9181,87.5526,4.6067,93.079,-1,0.0," -> [bicycle (Center): 19%, motorbike (Top): 8%]"
frame_000827,-1.0,0.9308,88.6822,4.614,94.2284,-1,0.0," -> [bicycle (Bottom): 18%, motorbike (Top-Left): 6%]"
frame_000828,-1.0,0.8923,88.2372,4.5784,93.7093,-1,0.0, -> [bicycle (Center): 23%]
frame_000829,-1.0,0.962,88.2923,4.397,93.6526,-1,0.0, -> [bicycle (Center): 8%]
frame_000830,-1.0,0.927,87.894,4.4871,93.3097,-1,0.0, -> [bicycle (Center): 11%]
frame_000831,-1.0,0.9069,87.5331,4.5472,92.9887,-1,0.0, -> [bicycle (Bottom): 7%]
frame_000832,-1.0,0.9284,87.253,4.5017,92.6849,-1,0.0, -> [bicycle (Center): 4%]
frame_000833,-1.0,0.9029,87.1958,4.4774,92.5777,-1,0.0, -> [person (Top-Left): 1%]
frame_000834,-1.0,0.9685,87.7662,4.5856,93.3218,-1,0.0," -> [chair (Right): 4%, person (Top-Left): 1%]"
frame_000835,-1.0,0.9062,86.8413,4.4773,92.2261,-1,0.0, -> [chair (Center): 4%]
frame_000836,-1.0,0.9478,87.1613,4.3202,92.4312,-1,0.0, -> [background only]
frame_000837,-1.0,0.9174,87.4785,4.3865,92.7838,-1,0.0, -> [background only]
frame_000838,-1.0,0.9623,87.3123,4.4949,92.771,-1,0.0, -> [chair (Left): 13%]
frame_000839,-1.0,0.9028,88.6128,4.6902,94.2073,-1,0.0, -> [chair (Center): 11%]
frame_000840,-1.0,0.8834,87.8255,4.6466,93.3572,-1,0.0, -> [chair (Left): 16%]
frame_000841,-1.0,0.9813,88.1918,4.5999,93.7742,-1,0.0, -> [chair (Center): 9%]
frame_000842,-1.0,0.888,87.2684,4.6542,92.8117,-1,0.0," -> [chair (Left): 6%, tvmonitor (Left): 4%]"
frame_000843,-1.0,1.0339,88.2333,4.702,93.9709,-1,0.0," -> [chair (Left): 6%, tvmonitor (Left): 2%]"
frame_000844,-1.0,0.9937,86.9363,4.6432,92.5746,-1,0.0, -> [chair (Left): 10%]
frame_000845,-1.0,0.9571,87.7777,4.4524,93.1888,-1,0.0, -> [chair (Left): 12%]
frame_000846,-1.0,0.9835,87.6875,4.4798,93.1523,-1,0.0, -> [chair (Left): 14%]
frame_000847,-1.0,0.9532,88.987,4.483,94.4244,-1,0.0, -> [chair (Left): 6%]
frame_000848,-1.0,0.9012,88.1868,4.5117,93.6013,-1,0.0, -> [chair (Left): 5%]
frame_000849,-1.0,0.9343,88.0718,4.5052,93.5127,-1,0.0, -> [chair (Left): 5%]
frame_000850,-1.0,0.9567,88.4984,4.5718,94.0284,-1,0.0, -> [chair (Left): 2%]
frame_000851,-1.0,0.8845,86.9864,4.2722,92.1445,-1,0.0, -> [background only]
frame_000852,-1.0,0.9249,87.7,4.4198,93.0461,-1,0.0, -> [background only]
frame_000853,-1.0,0.9452,87.5495,4.6067,93.1031,-1,0.0, -> [car (Bottom-Left): 1%]
frame_000854,-1.0,0.9138,87.3045,4.4166,92.6369,-1,0.0, -> [chair (Right): 1%]
frame_000855,-1.0,0.9164,87.3729,4.3519,92.6429,-1,0.0, -> [background only]
frame_000856,-1.0,0.9293,87.3307,4.4604,92.722,-1,0.0, -> [background only]
frame_000857,-1.0,0.9091,86.8841,4.4302,92.2254,-1,0.0, -> [car (Bottom-Left): 1%]
frame_000858,-1.0,0.9359,87.7836,4.4263,93.1481,-1,0.0, -> [car (Bottom-Left): 1%]
frame_000859,-1.0,0.9471,87.5839,4.5819,93.1148,-1,0.0, -> [background only]
frame_000860,-1.0,0.9665,86.861,4.3662,92.1956,-1,0.0, -> [background only]
frame_000861,-1.0,0.9404,86.9882,4.454,92.3843,-1,0.0, -> [person (Right): 2%]
frame_000862,-1.0,0.8909,87.051,4.2926,92.2362,-1,0.0, -> [person (Right): 2%]
frame_000863,-1.0,0.9557,87.1409,4.4776,92.5762,-1,0.0, -> [person (Right): 2%]
frame_000864,-1.0,0.8649,88.4719,4.4974,93.8358,-1,0.0, -> [person (Right): 1%]
frame_000865,-1.0,0.9934,87.2458,4.4735,92.7142,-1,0.0, -> [person (Right): 3%]
frame_000866,-1.0,0.8712,87.257,4.4645,92.5948,-1,0.0, -> [person (Right): 3%]
frame_000867,-1.0,0.9453,87.2099,4.4019,92.559,-1,0.0, -> [background only]
frame_000868,-1.0,0.9268,88.1698,4.4807,93.5792,-1,0.0, -> [person (Center): 2%]
frame_000869,-1.0,0.9074,87.482,4.5871,92.978,-1,0.0, -> [chair (Left): 1%]
frame_000870,-1.0,0.8846,86.7915,4.3126,91.9906,-1,0.0, -> [chair (Left): 1%]
frame_000871,-1.0,0.9136,87.1952,4.5719,92.6824,-1,0.0, -> [person (Center): 1%]
frame_000872,-1.0,0.952,87.0112,4.2204,92.1855,-1,0.0, -> [dog (Center): 1%]
frame_000873,-1.0,0.9,88.5733,4.5502,94.0248,-1,0.0, -> [background only]
frame_000874,-1.0,0.9578,87.8248,4.4699,93.254,-1,0.0, -> [person (Center): 1%]
frame_000875,-1.0,0.9087,87.6763,4.4301,93.0166,-1,0.0, -> [dog (Center): 1%]
frame_000876,-1.0,0.9134,87.2173,4.1802,92.3123,-1,0.0, -> [background only]
frame_000877,-1.0,0.8913,86.5575,4.1574,91.6076,-1,0.0, -> [person (Center): 2%]
frame_000878,-1.0,0.9471,88.5629,4.6219,94.1332,-1,0.0, -> [person (Center): 3%]
frame_000879,-1.0,0.8783,88.8656,4.5679,94.3134,-1,0.0," -> [chair (Left): 1%, person (Center): 2%]"
frame_000880,-1.0,0.9643,88.6066,4.577,94.1496,-1,0.0, -> [person (Center): 1%]
frame_000881,-1.0,0.9032,88.3539,4.4804,93.7394,-1,0.0, -> [person (Center): 1%]
frame_000882,-1.0,0.9232,88.5452,4.5581,94.0279,-1,0.0, -> [chair (Left): 1%]
frame_000883,-1.0,0.9286,89.5646,4.7594,95.2543,-1,0.0," -> [chair (Left): 1%, person (Center): 1%]"
frame_000884,-1.0,0.9919,88.8215,4.3045,94.1197,-1,0.0, -> [background only]
frame_000885,-1.0,0.9218,88.2752,4.6003,93.7989,-1,0.0, -> [chair (Left): 1%]
frame_000886,-1.0,0.9365,88.5341,4.2858,93.758,-1,0.0, -> [dog (Center): 3%]
frame_000887,-1.0,0.938,87.7309,4.452,93.1223,-1,0.0, -> [chair (Left): 1%]
frame_000888,-1.0,0.957,87.7201,4.6319,93.3106,-1,0.0," -> [chair (Left): 1%, dog (Center): 2%]"
frame_000889,-1.0,0.9135,87.8177,4.2724,93.0053,-1,0.0, -> [dog (Center): 2%]
frame_000890,-1.0,0.9845,88.1505,4.4776,93.6142,-1,0.0, -> [dog (Center): 2%]
frame_000891,-1.0,0.9199,88.9513,4.4825,94.3551,-1,0.0, -> [cat (Center): 3%]
frame_000892,-1.0,1.0116,87.8162,4.3864,93.2156,-1,0.0, -> [dog (Center): 2%]
frame_000893,-1.0,0.9746,89.1603,4.5139,94.6504,-1,0.0, -> [dog (Center): 2%]
frame_000894,-1.0,0.9159,88.4107,4.3667,93.6945,-1,0.0, -> [background only]
frame_000895,-1.0,0.945,88.624,4.29,93.8606,-1,0.0, -> [dog (Center): 1%]
frame_000896,-1.0,0.9048,88.1472,4.5019,93.5551,-1,0.0, -> [background only]
frame_000897,-1.0,0.9273,88.827,4.3579,94.1137,-1,0.0, -> [dog (Center): 2%]
frame_000898,-1.0,0.9473,88.59,4.2994,93.8383,-1,0.0, -> [dog (Center): 1%]
frame_000899,-1.0,0.9749,87.8382,4.5023,93.3169,-1,0.0, -> [background only]
frame_000900,-1.0,0.9963,88.471,4.2434,93.7124,-1,0.0, -> [background only]
frame_000901,-1.0,0.9658,89.2193,4.4078,94.5946,-1,0.0, -> [dog (Center): 2%]
frame_000902,-1.0,0.9892,88.5087,4.3396,93.8384,-1,0.0, -> [background only]
frame_000903,-1.0,0.9556,87.9513,4.3226,93.2311,-1,0.0, -> [background only]
frame_000904,-1.0,0.9798,88.523,4.5075,94.012,-1,0.0, -> [background only]
frame_000905,-1.0,0.9607,88.0356,4.5073,93.5049,-1,0.0, -> [chair (Left): 1%]
frame_000906,-1.0,0.9369,88.2784,4.5515,93.7686,-1,0.0, -> [chair (Left): 1%]
frame_000907,-1.0,0.9533,87.7977,4.3389,93.0912,-1,0.0, -> [chair (Left): 1%]
frame_000908,-1.0,0.9893,88.0349,4.5955,93.6211,-1,0.0, -> [chair (Left): 3%]
frame_000909,-1.0,0.9427,87.9831,4.6071,93.5346,-1,0.0, -> [chair (Left): 2%]
frame_000910,-1.0,0.9721,88.2483,4.422,93.644,-1,0.0, -> [chair (Left): 2%]
frame_000911,-1.0,0.9491,89.8966,4.5925,95.4396,-1,0.0, -> [chair (Left): 2%]
frame_000912,-1.0,0.9841,90.2397,4.5072,95.7328,-1,0.0, -> [chair (Left): 1%]
frame_000913,-1.0,0.9595,89.2143,4.5435,94.7187,-1,0.0, -> [chair (Left): 1%]
frame_000914,-1.0,0.9296,90.1633,4.4482,95.5428,-1,0.0, -> [background only]
frame_000915,-1.0,0.9918,89.8964,4.5809,95.471,-1,0.0, -> [chair (Left): 1%]
frame_000916,-1.0,0.9144,89.5685,4.6504,95.1352,-1,0.0, -> [chair (Left): 1%]
frame_000917,-1.0,1.0566,90.0189,4.3009,95.3779,-1,0.0, -> [background only]
frame_000918,-1.0,0.9239,89.8329,4.3482,95.1067,-1,0.0, -> [background only]
frame_000919,-1.0,0.9459,88.9605,4.4782,94.3863,-1,0.0, -> [background only]
frame_000920,-1.0,0.9427,89.7082,4.117,94.77,-1,0.0, -> [background only]
frame_000921,-1.0,0.9572,89.0511,4.4256,94.4356,-1,0.0, -> [background only]
frame_000922,-1.0,0.8945,89.6402,4.4334,94.9697,-1,0.0, -> [background only]
frame_000923,-1.0,0.8805,89.5073,4.38,94.7694,-1,0.0, -> [background only]
frame_000924,-1.0,0.9126,88.5984,4.3558,93.8681,-1,0.0, -> [background only]
frame_000925,-1.0,0.9164,89.1201,4.3749,94.4129,-1,0.0, -> [background only]
frame_000926,-1.0,0.9007,88.5573,4.4245,93.8841,-1,0.0, -> [background only]
frame_000927,-1.0,0.9527,89.1391,4.3351,94.4286,-1,0.0, -> [background only]
frame_000928,-1.0,0.902,89.4304,4.4818,94.8159,-1,0.0, -> [background only]
frame_000929,-1.0,0.8914,89.0374,4.4672,94.3975,-1,0.0, -> [background only]
frame_000930,-1.0,0.9044,88.9096,5.9003,95.7158,-1,0.0, -> [background only]
frame_000931,-1.0,1.2219,89.2236,4.2156,94.663,-1,0.0, -> [background only]
frame_000932,-1.0,0.9181,88.8361,4.389,94.1446,-1,0.0, -> [background only]
frame_000933,-1.0,0.9315,89.1229,4.5339,94.5895,-1,0.0, -> [background only]
frame_000934,-1.0,0.9297,88.7781,4.5927,94.3023,-1,0.0, -> [chair (Top): 12%]
frame_000935,-1.0,0.9176,89.1138,4.4859,94.519,-1,0.0, -> [chair (Center): 6%]
frame_000936,-1.0,0.9478,88.9888,4.6198,94.5577,-1,0.0, -> [chair (Center): 5%]
frame_000937,-1.0,0.9002,88.9271,4.6254,94.4544,-1,0.0, -> [chair (Left): 1%]
frame_000938,-1.0,0.9025,89.5403,4.4529,94.8972,-1,0.0, -> [background only]
frame_000939,-1.0,0.9192,89.4724,4.2216,94.615,-1,0.0, -> [background only]
frame_000940,-1.0,0.9568,89.5725,4.5741,95.1052,-1,0.0, -> [chair (Left): 2%]
frame_000941,-1.0,0.9059,88.9114,4.3673,94.1864,-1,0.0, -> [chair (Left): 4%]
frame_000942,-1.0,0.8748,89.7835,4.6004,95.2604,-1,0.0, -> [chair (Left): 4%]
frame_000943,-1.0,0.9322,89.5608,4.5017,94.9966,-1,0.0, -> [chair (Left): 2%]
frame_000944,-1.0,1.0406,89.546,4.3655,94.9541,-1,0.0, -> [background only]
frame_000945,-1.0,1.0867,89.3276,4.5259,94.9421,-1,0.0, -> [chair (Top-Left): 1%]
frame_000946,-1.0,0.9154,88.8547,4.4757,94.248,-1,0.0, -> [chair (Center): 10%]
frame_000947,-1.0,0.9056,88.6049,4.5818,94.0945,-1,0.0, -> [chair (Center): 9%]
frame_000948,-1.0,0.9084,88.9041,4.5647,94.379,-1,0.0, -> [chair (Center): 6%]
frame_000949,-1.0,0.8945,88.9806,4.706,94.5831,-1,0.0, -> [chair (Center): 6%]
frame_000950,-1.0,0.9274,89.355,4.3491,94.6333,-1,0.0, -> [chair (Center): 6%]
frame_000951,-1.0,0.9554,89.1519,4.643,94.7522,-1,0.0, -> [chair (Center): 8%]
frame_000952,-1.0,0.9474,89.1248,4.4963,94.5702,-1,0.0, -> [chair (Center): 8%]
frame_000953,-1.0,1.0377,89.9013,4.6363,95.5769,-1,0.0, -> [chair (Center): 8%]
frame_000954,-1.0,1.0232,89.3042,4.5056,94.8348,-1,0.0, -> [chair (Center): 8%]
frame_000955,-1.0,0.9692,88.9195,4.5913,94.4816,-1,0.0, -> [chair (Center): 6%]
frame_000956,-1.0,0.9244,89.5211,4.6244,95.0717,-1,0.0, -> [chair (Center): 7%]
frame_000957,-1.0,0.9511,89.2957,4.5465,94.7949,-1,0.0, -> [chair (Right): 10%]
frame_000958,-1.0,0.9902,90.5981,4.6658,96.256,-1,0.0, -> [chair (Right): 8%]
frame_000959,-1.0,1.2136,90.9549,4.6944,96.8642,-1,0.0, -> [chair (Right): 11%]
frame_000960,-1.0,0.8484,88.5195,4.6011,93.9704,-1,0.0, -> [chair (Right): 9%]
frame_000961,-1.0,0.9035,89.7628,4.6095,95.2771,-1,0.0, -> [chair (Right): 11%]
frame_000962,-1.0,0.9556,89.1211,4.3467,94.425,-1,0.0, -> [chair (Right): 14%]
frame_000963,-1.0,0.8951,88.7529,4.5276,94.1771,-1,0.0, -> [chair (Right): 13%]
frame_000964,-1.0,0.9262,88.4718,4.5398,93.9392,-1,0.0, -> [chair (Right): 10%]
frame_000965,-1.0,0.9772,89.1948,4.3872,94.5608,-1,0.0," -> [bicycle (Right): 1%, chair (Top-Right): 4%]"
frame_000966,-1.0,0.8881,88.5713,4.8111,94.2719,-1,0.0," -> [bicycle (Right): 2%, chair (Top-Right): 2%]"
frame_000967,-1.0,0.8951,88.6913,4.2526,93.8405,-1,0.0, -> [bicycle (Right): 8%]
frame_000968,-1.0,0.9078,88.9108,4.2472,94.0677,-1,0.0, -> [bicycle (Right): 3%]
frame_000969,-1.0,0.9055,89.0371,5.5296,95.4738,-1,0.0, -> [chair (Top-Right): 2%]
frame_000970,-1.0,1.6806,89.1531,4.3219,95.1574,-1,0.0, -> [chair (Top-Right): 1%]
frame_000971,-1.0,0.9691,89.1703,4.5478,94.6891,-1,0.0, -> [diningtable (Bottom-Right): 3%]
frame_000972,-1.0,0.8946,90.7178,4.499,96.1131,-1,0.0, -> [diningtable (Bottom-Right): 5%]
frame_000973,-1.0,0.9997,88.83,4.673,94.5043,-1,0.0, -> [diningtable (Bottom-Right): 6%]
frame_000974,-1.0,0.9122,88.8934,4.4777,94.285,-1,0.0, -> [diningtable (Bottom-Right): 3%]
frame_000975,-1.0,0.8899,89.2133,4.5898,94.6946,-1,0.0, -> [diningtable (Bottom-Right): 1%]
frame_000976,-1.0,0.9971,89.6914,4.3235,95.0135,-1,0.0, -> [background only]
frame_000977,-1.0,0.9372,89.7746,4.719,95.4326,-1,0.0, -> [diningtable (Bottom-Right): 5%]
frame_000978,-1.0,0.9491,89.5159,4.3727,94.8391,-1,0.0, -> [diningtable (Bottom-Right): 4%]
frame_000979,-1.0,0.9611,89.9056,4.4428,95.3111,-1,0.0, -> [background only]
frame_000980,-1.0,0.8816,89.275,4.1683,94.3267,-1,0.0, -> [background only]
frame_000981,-1.0,1.02,89.7558,4.1409,94.918,-1,0.0, -> [background only]
frame_000982,-1.0,0.9195,89.7003,4.338,94.9592,-1,0.0, -> [background only]
frame_000983,-1.0,0.9163,89.5184,4.3177,94.7543,-1,0.0, -> [background only]
frame_000984,-1.0,1.1651,89.9102,4.5361,95.6128,-1,0.0, -> [background only]
frame_000985,-1.0,0.9234,90.2726,4.3037,95.5013,-1,0.0, -> [background only]
frame_000986,-1.0,0.9923,89.9409,4.4696,95.4041,-1,0.0, -> [background only]
frame_000987,-1.0,0.9693,90.3965,4.4558,95.8235,-1,0.0, -> [background only]
frame_000988,-1.0,0.9531,90.0489,4.3977,95.4011,-1,0.0, -> [background only]
frame_000989,-1.0,0.8966,89.7834,4.4689,95.1505,-1,0.0, -> [background only]
frame_000990,-1.0,0.913,89.6735,4.233,94.8206,-1,0.0, -> [background only]
frame_000991,-1.0,0.926,89.5922,4.4397,94.9599,-1,0.0, -> [background only]
frame_000992,-1.0,1.1828,91.5238,4.3078,97.016,-1,0.0, -> [background only]
frame_000993,-1.0,0.9281,89.2486,4.3777,94.5556,-1,0.0, -> [background only]
frame_000994,-1.0,1.0483,90.2101,4.6301,95.8895,-1,0.0, -> [background only]
frame_000995,-1.0,0.9838,89.7906,4.2674,95.0431,-1,0.0, -> [background only]
frame_000996,-1.0,0.93,89.101,4.435,94.4675,-1,0.0, -> [background only]
frame_000997,-1.0,0.925,89.1181,4.3822,94.4266,-1,0.0, -> [background only]
frame_000998,-1.0,0.9056,88.7652,4.4245,94.0971,-1,0.0, -> [background only]
frame_000999,-1.0,0.9256,88.5863,4.2404,93.7535,-1,0.0, -> [background only]
frame_001000,-1.0,0.9185,89.1883,4.4375,94.546,-1,0.0, -> [background only]
frame_001001,-1.0,0.9287,89.0357,4.5147,94.4808,-1,0.0, -> [background only]
frame_001002,-1.0,0.9722,88.6669,4.4409,94.0812,-1,0.0, -> [background only]
frame_001003,-1.0,0.9177,88.819,4.3668,94.1051,-1,0.0, -> [background only]
frame_001004,-1.0,0.9258,89.0257,4.622,94.5753,-1,0.0, -> [background only]
frame_001005,-1.0,0.9375,89.0011,4.4774,94.4185,-1,0.0, -> [background only]
frame_001006,-1.0,2.4319,88.8228,4.4693,95.7259,-1,0.0, -> [background only]
frame_001007,-1.0,0.8859,88.6845,4.3286,93.9008,-1,0.0, -> [background only]
frame_001008,-1.0,0.9003,88.7616,4.4415,94.1053,-1,0.0, -> [background only]
frame_001009,-1.0,1.0053,88.681,4.6461,94.334,-1,0.0, -> [tvmonitor (Top-Left): 2%]
frame_001010,-1.0,0.9043,88.5107,4.4401,93.857,-1,0.0, -> [background only]
frame_001011,-1.0,0.9378,88.9167,5.3203,95.1765,-1,0.0, -> [background only]
frame_001012,-1.0,1.5,89.4474,4.5324,95.4817,-1,0.0, -> [background only]
frame_001013,-1.0,0.8919,88.772,4.4982,94.1634,-1,0.0, -> [background only]
frame_001014,-1.0,0.8695,88.8476,4.5335,94.252,-1,0.0, -> [background only]
frame_001015,-1.0,0.9464,89.1847,4.3811,94.5136,-1,0.0, -> [background only]
frame_001016,-1.0,0.9216,88.6635,4.3721,93.9589,-1,0.0, -> [background only]
frame_001017,-1.0,0.8719,89.4151,4.3974,94.6863,-1,0.0, -> [background only]
frame_001018,-1.0,0.9094,88.6208,4.3929,93.9251,-1,0.0, -> [background only]
frame_001019,-1.0,0.9247,88.4407,4.3873,93.7544,-1,0.0, -> [background only]
frame_001020,-1.0,0.9383,89.7231,4.3745,95.0378,-1,0.0, -> [background only]
frame_001021,-1.0,0.9709,89.1101,4.4724,94.5554,-1,0.0, -> [background only]
frame_001022,-1.0,0.962,88.7178,4.3055,93.9869,-1,0.0, -> [background only]
frame_001023,-1.0,0.8946,90.0718,4.4391,95.4071,-1,0.0, -> [background only]
frame_001024,-1.0,0.9422,88.9865,4.4035,94.3339,-1,0.0, -> [background only]
frame_001025,-1.0,0.913,88.5557,5.0991,94.5698,-1,0.0, -> [background only]
frame_001026,-1.0,1.0535,89.4708,4.5765,95.1026,-1,0.0, -> [background only]
frame_001027,-1.0,0.9234,89.8906,4.3241,95.1399,-1,0.0, -> [background only]
frame_001028,-1.0,0.9488,90.3133,4.5465,95.8104,-1,0.0, -> [background only]
frame_001029,-1.0,0.9606,90.68,4.3368,95.9794,-1,0.0, -> [background only]
frame_001030,-1.0,0.8897,89.5496,4.4182,94.8596,-1,0.0, -> [chair (Left): 1%]
frame_001031,-1.0,0.89,89.9283,4.6914,95.5116,-1,0.0, -> [chair (Left): 2%]
frame_001032,-1.0,0.9284,90.3989,4.4106,95.7398,-1,0.0, -> [chair (Left): 1%]
frame_001033,-1.0,1.0443,89.1285,4.7921,94.9674,-1,0.0, -> [background only]
frame_001034,-1.0,1.0732,89.3981,4.5539,95.0273,-1,0.0, -> [background only]
frame_001035,-1.0,0.9455,89.7561,4.3696,95.0729,-1,0.0, -> [background only]
frame_001036,-1.0,0.9182,90.0898,4.4296,95.4391,-1,0.0, -> [background only]
frame_001037,-1.0,0.9723,89.9288,4.4853,95.3878,-1,0.0, -> [background only]
frame_001038,-1.0,0.9008,89.4069,4.333,94.6418,-1,0.0, -> [background only]
frame_001039,-1.0,0.8965,90.5807,4.4803,95.9591,-1,0.0, -> [background only]
frame_001040,-1.0,0.9138,90.1713,4.2682,95.3547,-1,0.0, -> [background only]
frame_001041,-1.0,0.9614,89.7329,4.4324,95.1285,-1,0.0, -> [background only]
frame_001042,-1.0,0.9704,89.9178,4.3568,95.2466,-1,0.0, -> [background only]
frame_001043,-1.0,0.9328,89.3724,4.5477,94.8545,-1,0.0, -> [background only]
frame_001044,-1.0,0.947,89.3447,4.569,94.8626,-1,0.0, -> [background only]
frame_001045,-1.0,1.285,88.9334,4.52,94.74,-1,0.0, -> [chair (Right): 2%]
frame_001046,-1.0,0.9714,89.5023,4.3646,94.8398,-1,0.0, -> [background only]
frame_001047,-1.0,0.8865,90.2054,4.425,95.5182,-1,0.0, -> [background only]
frame_001048,-1.0,0.9784,89.773,4.4127,95.1655,-1,0.0, -> [background only]
frame_001049,-1.0,0.9593,89.7884,4.3885,95.1378,-1,0.0, -> [background only]
frame_001050,-1.0,0.9337,90.4563,4.4597,95.8533,-1,0.0, -> [background only]
frame_001051,-1.0,0.9433,89.9166,4.2683,95.1301,-1,0.0, -> [background only]
frame_001052,-1.0,0.9473,90.0757,4.3907,95.4152,-1,0.0, -> [background only]
frame_001053,-1.0,0.9132,89.7749,4.4021,95.0918,-1,0.0, -> [background only]
frame_001054,-1.0,0.9835,89.9533,4.3972,95.3354,-1,0.0, -> [background only]
frame_001055,-1.0,0.9358,90.4329,4.3502,95.7202,-1,0.0, -> [background only]
frame_001056,-1.0,1.0317,89.7955,4.2777,95.1066,-1,0.0, -> [background only]
frame_001057,-1.0,0.9483,90.3138,4.4134,95.6773,-1,0.0, -> [background only]
frame_001058,-1.0,0.9238,89.5185,4.4212,94.8648,-1,0.0, -> [background only]
frame_001059,-1.0,0.9026,90.3539,4.3602,95.6184,-1,0.0, -> [background only]
frame_001060,-1.0,0.9553,89.7781,4.3949,95.1303,-1,0.0, -> [background only]
frame_001061,-1.0,0.9542,90.4829,4.3937,95.8324,-1,0.0, -> [background only]
frame_001062,-1.0,0.9384,90.5617,4.3473,95.8488,-1,0.0, -> [background only]
frame_001063,-1.0,0.9018,89.645,4.4447,94.9934,-1,0.0, -> [background only]
frame_001064,-1.0,0.9187,89.9192,4.3147,95.1544,-1,0.0, -> [background only]
frame_001065,-1.0,0.9938,88.9208,4.5034,94.4198,-1,0.0, -> [background only]
frame_001066,-1.0,0.9182,89.553,4.454,94.927,-1,0.0, -> [background only]
frame_001067,-1.0,1.215,89.5816,4.5644,95.3628,-1,0.0, -> [background only]
frame_001068,-1.0,0.9505,89.4519,4.3324,94.7362,-1,0.0, -> [background only]
frame_001069,-1.0,0.9167,88.7204,4.3033,93.9423,-1,0.0, -> [background only]
frame_001070,-1.0,3.0989,90.0786,4.479,97.6587,-1,0.0, -> [background only]
frame_001071,-1.0,0.9896,89.6032,4.2296,94.8241,-1,0.0, -> [background only]
frame_001072,-1.0,0.9244,89.8889,4.3479,95.1631,-1,0.0, -> [background only]
frame_001073,-1.0,0.8908,89.2482,4.3323,94.4729,-1,0.0, -> [background only]
frame_001074,-1.0,0.9673,90.1524,4.4792,95.6009,-1,0.0, -> [background only]
frame_001075,-1.0,1.1086,89.5098,4.4055,95.0253,-1,0.0, -> [background only]
frame_001076,-1.0,0.9424,89.5196,4.3923,94.8558,-1,0.0, -> [background only]
frame_001077,-1.0,0.9098,89.0937,4.4483,94.4528,-1,0.0, -> [background only]
frame_001078,-1.0,0.9701,89.2092,4.5142,94.6951,-1,0.0, -> [background only]
frame_001079,-1.0,0.9374,88.5584,4.4126,93.91,-1,0.0, -> [background only]
frame_001080,-1.0,0.8861,88.7919,4.3833,94.0629,-1,0.0, -> [background only]
frame_001081,-1.0,0.9126,89.5948,4.2834,94.7926,-1,0.0, -> [background only]
frame_001082,-1.0,0.9058,88.3217,4.271,93.5,-1,0.0, -> [background only]
frame_001083,-1.0,0.9127,89.2391,4.2765,94.4295,-1,0.0, -> [background only]
frame_001084,-1.0,0.9594,88.8535,4.3468,94.1613,-1,0.0, -> [background only]
frame_001085,-1.0,0.9846,88.9817,4.2189,94.1868,-1,0.0, -> [background only]
frame_001086,-1.0,0.8748,89.4451,4.3538,94.6752,-1,0.0, -> [background only]
frame_001087,-1.0,0.9261,89.0974,4.2506,94.2756,-1,0.0, -> [background only]
frame_001088,-1.0,0.8957,88.9245,4.3351,94.157,-1,0.0, -> [background only]
frame_001089,-1.0,0.8974,89.2645,4.3524,94.516,-1,0.0, -> [background only]
frame_001090,-1.0,0.902,88.6019,4.5944,94.0996,-1,0.0, -> [background only]
frame_001091,-1.0,0.8982,88.845,4.5692,94.3142,-1,0.0, -> [background only]
frame_001092,-1.0,2.8843,88.4845,4.3801,95.7507,-1,0.0, -> [background only]
frame_001093,-1.0,0.9654,88.9321,4.3665,94.2656,-1,0.0, -> [background only]
frame_001094,-1.0,0.8828,89.0382,4.5191,94.4414,-1,0.0, -> [background only]
frame_001095,-1.0,0.9468,88.9244,4.4442,94.3171,-1,0.0, -> [background only]
frame_001096,-1.0,0.9449,89.295,4.3768,94.6188,-1,0.0, -> [background only]
frame_001097,-1.0,0.9318,88.8564,4.5453,94.3348,-1,0.0, -> [background only]
frame_001098,-1.0,0.9067,88.7908,4.3879,94.087,-1,0.0, -> [background only]
frame_001099,-1.0,0.9636,88.7385,4.327,94.0309,-1,0.0, -> [background only]
frame_001100,-1.0,0.9338,88.8213,4.2547,94.0115,-1,0.0, -> [background only]
frame_001101,-1.0,0.9625,89.6003,4.4572,95.0218,-1,0.0, -> [background only]
frame_001102,-1.0,0.9213,88.378,4.4182,93.7191,-1,0.0, -> [background only]
frame_001103,-1.0,0.9292,89.5749,4.345,94.8513,-1,0.0, -> [background only]
frame_001104,-1.0,0.9153,88.6135,4.3075,93.8378,-1,0.0, -> [background only]
frame_001105,-1.0,0.904,88.9854,4.2973,94.1886,-1,0.0, -> [background only]
frame_001106,-1.0,0.9624,89.6163,4.6104,95.1909,-1,0.0, -> [background only]
frame_001107,-1.0,1.0417,90.0283,4.304,95.376,-1,0.0, -> [background only]
frame_001108,-1.0,0.8682,88.9944,4.5271,94.3913,-1,0.0, -> [background only]
frame_001109,-1.0,1.052,89.0189,4.2847,94.358,-1,0.0, -> [background only]
frame_001110,-1.0,0.9688,88.9228,4.4517,94.3453,-1,0.0, -> [background only]
frame_001111,-1.0,0.9316,88.8831,4.4053,94.2218,-1,0.0, -> [background only]
frame_001112,-1.0,0.9605,88.9445,4.5796,94.4865,-1,0.0, -> [background only]
frame_001113,-1.0,0.8705,88.9205,4.2756,94.0687,-1,0.0, -> [background only]
frame_001114,-1.0,0.9727,89.1843,4.3378,94.4966,-1,0.0, -> [background only]
frame_001115,-1.0,0.9354,89.1604,4.5402,94.6377,-1,0.0, -> [background only]
frame_001116,-1.0,0.9315,88.3787,4.4285,93.74,-1,0.0, -> [background only]
frame_001117,-1.0,0.9078,88.9288,4.3805,94.2186,-1,0.0, -> [background only]
frame_001118,-1.0,0.9228,88.3861,4.3844,93.6949,-1,0.0, -> [background only]
frame_001119,-1.0,0.9285,89.1239,4.4028,94.4575,-1,0.0, -> [background only]
frame_001120,-1.0,0.9991,89.3182,4.458,94.7769,-1,0.0, -> [background only]
frame_001121,-1.0,0.9088,88.3649,4.2894,93.5649,-1,0.0, -> [background only]
frame_001122,-1.0,0.959,88.8467,4.7523,94.5597,-1,0.0, -> [background only]
frame_001123,-1.0,1.0689,88.6814,4.3976,94.15,-1,0.0, -> [background only]
frame_001124,-1.0,0.9007,89.0782,4.3561,94.3367,-1,0.0, -> [background only]
frame_001125,-1.0,0.9097,89.0465,4.4908,94.4481,-1,0.0, -> [background only]
frame_001126,-1.0,0.9467,90.161,4.367,95.4762,-1,0.0, -> [background only]
frame_001127,-1.0,0.9425,88.9955,4.394,94.3331,-1,0.0, -> [background only]
frame_001128,-1.0,0.9718,89.9263,4.3906,95.2899,-1,0.0, -> [background only]
frame_001129,-1.0,0.9398,90.1427,4.4434,95.5272,-1,0.0, -> [background only]
frame_001130,-1.0,0.9307,89.644,4.3549,94.9307,-1,0.0, -> [background only]
frame_001131,-1.0,0.9728,90.4122,4.3215,95.7079,-1,0.0, -> [background only]
frame_001132,-1.0,0.9448,88.9404,4.2578,94.144,-1,0.0, -> [background only]
frame_001133,-1.0,0.969,89.8838,4.3576,95.2116,-1,0.0, -> [background only]
frame_001134,-1.0,0.9039,89.9349,4.4173,95.2574,-1,0.0, -> [background only]
frame_001135,-1.0,0.9302,88.5617,4.4833,93.9769,-1,0.0, -> [background only]
frame_001136,-1.0,0.8851,89.3047,5.9027,96.0941,-1,0.0, -> [background only]
frame_001137,-1.0,1.0805,89.5375,4.4065,95.0263,-1,0.0, -> [background only]
frame_001138,-1.0,1.0508,89.5782,4.3121,94.9428,-1,0.0, -> [background only]
frame_001139,-1.0,0.9498,89.4348,4.2635,94.6494,-1,0.0, -> [background only]
frame_001140,-1.0,0.98,89.758,4.2232,94.9625,-1,0.0, -> [background only]
frame_001141,-1.0,0.9195,89.3659,4.5004,94.7872,-1,0.0, -> [background only]
frame_001142,-1.0,0.9098,89.9564,4.4132,95.2806,-1,0.0, -> [background only]
frame_001143,-1.0,0.9983,89.4632,4.3416,94.8045,-1,0.0, -> [background only]
frame_001144,-1.0,0.9079,89.9304,4.2541,95.094,-1,0.0, -> [background only]
frame_001145,-1.0,0.9551,91.0256,4.2387,96.2208,-1,0.0, -> [background only]
frame_001146,-1.0,0.9434,90.1808,4.3185,95.4441,-1,0.0, -> [background only]
frame_001147,-1.0,0.9199,89.9788,4.3379,95.2383,-1,0.0, -> [background only]
frame_001148,-1.0,1.283,89.208,4.4473,94.9396,-1,0.0, -> [background only]
frame_001149,-1.0,0.8901,88.9802,4.3524,94.2241,-1,0.0, -> [background only]
frame_001150,-1.0,0.9661,89.5201,4.377,94.8642,-1,0.0, -> [background only]
frame_001151,-1.0,0.901,90.5004,4.1513,95.554,-1,0.0, -> [background only]
frame_001152,-1.0,0.9127,88.7176,4.3512,93.9833,-1,0.0, -> [background only]
frame_001153,-1.0,0.9194,89.7523,4.3909,95.0643,-1,0.0, -> [background only]
frame_001154,-1.0,0.9097,89.3738,4.2775,94.5621,-1,0.0, -> [background only]
frame_001155,-1.0,1.0161,89.7135,4.3087,95.0398,-1,0.0, -> [background only]
frame_001156,-1.0,0.9039,90.9671,4.4677,96.3399,-1,0.0, -> [background only]
frame_001157,-1.0,0.9427,89.8438,4.2727,95.0603,-1,0.0, -> [background only]
frame_001158,-1.0,0.9099,89.4005,4.4701,94.7819,-1,0.0, -> [background only]
frame_001159,-1.0,2.6252,88.8076,4.3678,95.8023,-1,0.0, -> [background only]
frame_001160,-1.0,0.9305,89.7825,4.3878,95.1022,-1,0.0, -> [background only]
frame_001161,-1.0,0.9171,90.1848,4.5956,95.6988,-1,0.0, -> [background only]
frame_001162,-1.0,1.0203,89.4342,4.4914,94.9471,-1,0.0, -> [background only]
frame_001163,-1.0,0.9493,89.1874,4.3701,94.5079,-1,0.0, -> [background only]
frame_001164,-1.0,0.9152,90.5557,4.3677,95.8402,-1,0.0, -> [background only]
frame_001165,-1.0,1.0146,89.4261,4.4308,94.8727,-1,0.0, -> [background only]
frame_001166,-1.0,0.9159,89.2227,4.3214,94.4614,-1,0.0, -> [background only]
frame_001167,-1.0,0.901,89.5095,4.4038,94.816,-1,0.0, -> [background only]
frame_001168,-1.0,0.9333,89.5635,4.1903,94.6886,-1,0.0, -> [background only]
frame_001169,-1.0,0.9264,89.4328,5.3823,95.7437,-1,0.0, -> [background only]
frame_001170,-1.0,1.4073,89.0668,4.3382,94.8141,-1,0.0, -> [background only]
frame_001171,-1.0,0.9662,89.4317,4.3481,94.7479,-1,0.0, -> [background only]
frame_001172,-1.0,0.982,88.8695,4.5212,94.3744,-1,0.0, -> [background only]
frame_001173,-1.0,1.0256,89.244,4.3945,94.6659,-1,0.0, -> [background only]
frame_001174,-1.0,0.9061,88.7477,4.2755,93.9308,-1,0.0, -> [background only]
frame_001175,-1.0,0.8947,89.4,4.4025,94.6983,-1,0.0, -> [background only]
frame_001176,-1.0,0.9583,89.2859,4.3436,94.5896,-1,0.0, -> [background only]
frame_001177,-1.0,0.9759,89.1252,4.5561,94.6589,-1,0.0, -> [background only]
frame_001178,-1.0,0.918,89.3086,4.362,94.5905,-1,0.0, -> [background only]
frame_001179,-1.0,0.892,89.4342,4.296,94.624,-1,0.0, -> [background only]
frame_001180,-1.0,0.9175,89.3969,4.4859,94.8019,-1,0.0, -> [background only]
frame_001181,-1.0,0.9798,90.7023,4.4324,96.1163,-1,0.0, -> [background only]
frame_001182,-1.0,0.8621,89.3132,4.2791,94.4565,-1,0.0, -> [background only]
frame_001183,-1.0,0.9006,89.2515,4.4508,94.6052,-1,0.0, -> [background only]
frame_001184,-1.0,2.1122,89.055,4.453,95.6226,-1,0.0, -> [background only]
frame_001185,-1.0,0.9283,89.1291,4.4272,94.4867,-1,0.0, -> [background only]
frame_001186,-1.0,0.9996,90.0002,4.4883,95.4896,-1,0.0, -> [background only]
frame_001187,-1.0,0.9868,89.4515,4.2945,94.7346,-1,0.0, -> [background only]
frame_001188,-1.0,0.9392,88.6438,4.5606,94.1453,-1,0.0, -> [background only]
frame_001189,-1.0,0.9417,89.4979,4.5204,94.9616,-1,0.0, -> [background only]
frame_001190,-1.0,0.9613,89.8039,4.4189,95.1858,-1,0.0, -> [background only]
frame_001191,-1.0,0.9187,88.9511,4.4969,94.3685,-1,0.0, -> [background only]
frame_001192,-1.0,0.92,90.5031,4.3775,95.8029,-1,0.0, -> [background only]
frame_001193,-1.0,0.9927,90.5832,4.4941,96.0719,-1,0.0, -> [background only]
frame_001194,-1.0,0.935,89.8725,4.4562,95.2657,-1,0.0, -> [background only]
frame_001195,-1.0,2.6222,89.7664,4.4082,96.7988,-1,0.0, -> [background only]
frame_001196,-1.0,0.972,89.1166,4.3644,94.4548,-1,0.0, -> [background only]
frame_001197,-1.0,0.8962,89.3795,4.4411,94.718,-1,0.0, -> [background only]
frame_001198,-1.0,0.9592,90.0766,4.5593,95.5967,-1,0.0, -> [chair (Top-Right): 8%]
frame_001199,-1.0,0.9303,89.4335,4.4788,94.8442,-1,0.0, -> [chair (Top-Right): 7%]
frame_001200,-1.0,0.923,89.8097,4.5607,95.2951,-1,0.0, -> [chair (Top-Right): 6%]
frame_001201,-1.0,0.9025,89.8048,4.5344,95.243,-1,0.0," -> [bicycle (Right): 2%, chair (Top-Right): 10%]"
frame_001202,-1.0,0.9943,89.6212,4.6983,95.3155,-1,0.0," -> [bicycle (Right): 8%, chair (Top): 4%]"
frame_001203,-1.0,1.0333,90.034,4.6943,95.7629,-1,0.0," -> [bicycle (Right): 15%, chair (Top): 2%]"
frame_001204,-1.0,0.9308,90.0465,4.5721,95.551,-1,0.0," -> [bicycle (Right): 8%, chair (Top): 6%]"
frame_001205,-1.0,0.8746,89.0256,5.0899,94.9923,-1,0.0, -> [chair (Center): 17%]
frame_001206,-1.0,1.059,89.0502,4.6389,94.7499,-1,0.0," -> [bicycle (Center): 2%, chair (Center): 14%]"
frame_001207,-1.0,0.9486,89.011,4.6295,94.5908,-1,0.0," -> [bicycle (Right): 2%, chair (Center): 17%]"
frame_001208,-1.0,0.9518,89.4279,4.7938,95.1777,-1,0.0," -> [bicycle (Center): 3%, chair (Center): 15%]"
frame_001209,-1.0,1.0373,89.6082,4.6166,95.264,-1,0.0," -> [bicycle (Center): 5%, chair (Center): 13%]"
frame_001210,-1.0,0.9586,89.4079,4.6171,94.9852,-1,0.0," -> [bicycle (Center): 5%, chair (Center): 11%]"
frame_001211,-1.0,0.9273,89.0892,4.4924,94.5108,-1,0.0, -> [chair (Center): 16%]
frame_001212,-1.0,0.9193,89.4993,4.5056,94.9258,-1,0.0, -> [chair (Center): 18%]
frame_001213,-1.0,0.8699,89.6713,4.5554,95.0981,-1,0.0, -> [chair (Center): 18%]
frame_001214,-1.0,0.9775,88.9184,4.4456,94.343,-1,0.0, -> [chair (Center): 19%]
frame_001215,-1.0,0.956,89.5371,4.6158,95.1104,-1,0.0, -> [chair (Center): 19%]
frame_001216,-1.0,1.0445,89.5529,4.4773,95.076,-1,0.0, -> [chair (Center): 17%]
frame_001217,-1.0,1.0051,90.4126,4.6011,96.0201,-1,0.0," -> [bicycle (Center): 3%, chair (Center): 13%]"
frame_001218,-1.0,1.0006,89.1189,4.6827,94.8031,-1,0.0," -> [bicycle (Center): 6%, chair (Center): 12%]"
frame_001219,-1.0,0.9378,89.1644,4.5328,94.6362,-1,0.0, -> [chair (Center): 21%]
frame_001220,-1.0,0.9992,89.9128,4.4243,95.3378,-1,0.0," -> [bicycle (Center): 7%, chair (Center): 9%]"
frame_001221,-1.0,0.8907,89.0802,4.626,94.5981,-1,0.0," -> [bicycle (Center): 9%, chair (Center): 5%]"
frame_001222,-1.0,0.9077,88.9977,4.5842,94.491,-1,0.0," -> [bicycle (Center): 1%, chair (Center): 15%]"
frame_001223,-1.0,0.902,89.9167,4.6975,95.5175,-1,0.0," -> [bicycle (Center): 7%, chair (Center): 9%]"
frame_001224,-1.0,0.9622,89.1468,4.6939,94.8041,-1,0.0," -> [bicycle (Center): 2%, chair (Center): 13%]"
frame_001225,-1.0,1.0401,89.5257,4.6575,95.2247,-1,0.0, -> [chair (Center): 17%]
frame_001226,-1.0,0.9668,90.1999,4.4651,95.6333,-1,0.0," -> [bicycle (Center): 1%, chair (Center): 17%]"
frame_001227,-1.0,0.9508,89.2298,4.6452,94.8272,-1,0.0," -> [bicycle (Center): 6%, chair (Center): 10%]"
frame_001228,-1.0,2.3205,89.4816,4.5757,96.3792,-1,0.0," -> [bicycle (Center): 7%, chair (Center): 7%]"
frame_001229,-1.0,0.8967,88.6219,4.6958,94.216,-1,0.0," -> [bicycle (Center): 7%, chair (Top): 5%]"
frame_001230,-1.0,0.911,89.5736,4.7958,95.2817,-1,0.0," -> [bicycle (Center): 1%, chair (Center): 16%]"
frame_001231,-1.0,0.9867,89.0859,4.6866,94.761,-1,0.0," -> [bicycle (Center): 2%, chair (Center): 13%]"
frame_001232,-1.0,0.9568,89.304,4.6004,94.8628,-1,0.0, -> [chair (Center): 19%]
frame_001233,-1.0,0.9005,89.3349,4.6497,94.8867,-1,0.0, -> [chair (Center): 20%]
frame_001234,-1.0,0.9467,88.9707,4.663,94.5818,-1,0.0," -> [bicycle (Center): 1%, chair (Center): 15%]"
frame_001235,-1.0,0.9558,89.67,4.6255,95.2527,-1,0.0, -> [chair (Center): 18%]
frame_001236,-1.0,0.9263,89.7325,4.4505,95.1103,-1,0.0, -> [chair (Center): 17%]
frame_001237,-1.0,0.9138,89.0569,4.7235,94.6955,-1,0.0," -> [bicycle (Center): 1%, chair (Center): 14%]"
frame_001238,-1.0,0.9195,89.4965,4.4234,94.8405,-1,0.0," -> [bicycle (Center): 5%, chair (Center): 10%]"
frame_001239,-1.0,0.9533,89.546,4.579,95.0792,-1,0.0," -> [bicycle (Center): 4%, chair (Center): 10%]"
frame_001240,-1.0,0.9614,89.4198,4.5465,94.9287,-1,0.0," -> [bicycle (Center): 2%, chair (Center): 13%]"
frame_001241,-1.0,1.0135,88.8257,4.6022,94.4428,-1,0.0," -> [bicycle (Center): 2%, chair (Center): 14%]"
frame_001242,-1.0,0.9532,89.3038,4.5114,94.7697,-1,0.0, -> [chair (Center): 18%]
frame_001243,-1.0,0.9437,89.1582,4.4962,94.5998,-1,0.0, -> [chair (Center): 20%]
frame_001244,-1.0,0.9636,90.0372,4.4942,95.4966,-1,0.0, -> [chair (Center): 19%]
frame_001245,-1.0,0.9724,90.14,4.5664,95.6804,-1,0.0, -> [chair (Center): 19%]
frame_001246,-1.0,0.9554,89.5012,4.5397,94.9979,-1,0.0, -> [chair (Center): 19%]
frame_001247,-1.0,0.9475,89.8321,4.7299,95.5111,-1,0.0, -> [chair (Center): 20%]
frame_001248,-1.0,0.98,89.263,4.3746,94.619,-1,0.0, -> [chair (Center): 21%]
frame_001249,-1.0,0.9354,88.9934,4.5881,94.5184,-1,0.0, -> [chair (Center): 20%]
frame_001250,-1.0,0.9821,89.5975,4.4806,95.0615,-1,0.0, -> [chair (Center): 20%]
frame_001251,-1.0,0.9622,89.304,4.5955,94.866,-1,0.0, -> [chair (Center): 20%]
frame_001252,-1.0,0.9199,88.7123,4.709,94.3428,-1,0.0, -> [chair (Center): 19%]
frame_001253,-1.0,1.0506,89.3379,4.515,94.9048,-1,0.0, -> [chair (Center): 20%]
frame_001254,-1.0,0.9336,89.7573,4.4895,95.1814,-1,0.0, -> [chair (Center): 20%]
frame_001255,-1.0,0.8999,92.2798,4.6422,97.8233,-1,0.0, -> [chair (Center): 19%]
frame_001256,-1.0,1.0971,89.5762,4.4636,95.1382,-1,0.0, -> [chair (Center): 19%]
frame_001257,-1.0,0.9817,89.6664,4.5615,95.2109,-1,0.0, -> [chair (Center): 17%]
frame_001258,-1.0,0.9516,89.8649,4.5123,95.3304,-1,0.0, -> [chair (Center): 17%]
frame_001259,-1.0,0.9435,89.2439,4.4351,94.6242,-1,0.0, -> [chair (Center): 20%]
frame_001260,-1.0,0.8905,89.3778,4.5119,94.7816,-1,0.0, -> [chair (Center): 19%]
frame_001261,-1.0,0.9949,89.5401,4.6499,95.1863,-1,0.0, -> [chair (Center): 19%]
frame_001262,-1.0,0.904,89.5355,4.3436,94.7846,-1,0.0, -> [chair (Center): 20%]
frame_001263,-1.0,0.8884,89.3982,4.4297,94.7175,-1,0.0, -> [chair (Center): 21%]
frame_001264,-1.0,0.9249,89.4622,4.5317,94.9202,-1,0.0, -> [chair (Center): 21%]
frame_001265,-1.0,0.9321,88.8438,4.5262,94.3037,-1,0.0, -> [chair (Center): 20%]
frame_001266,-1.0,0.9155,89.4122,4.7539,95.0832,-1,0.0," -> [bicycle (Center): 3%, chair (Center): 12%]"
frame_001267,-1.0,1.0166,89.6161,4.6331,95.267,-1,0.0," -> [bicycle (Center): 7%, chair (Center): 5%]"
frame_001268,-1.0,0.927,89.1169,4.6292,94.6747,-1,0.0," -> [bicycle (Center): 4%, chair (Center): 10%]"
frame_001269,-1.0,0.9134,89.1973,4.6433,94.7553,-1,0.0," -> [bicycle (Center): 3%, chair (Center): 12%]"
frame_001270,-1.0,0.928,89.2791,4.4881,94.6967,-1,0.0," -> [bicycle (Center): 8%, chair (Center): 5%]"
frame_001271,-1.0,1.0642,89.0962,4.4723,94.6348,-1,0.0," -> [bicycle (Center): 4%, chair (Center): 10%]"
frame_001272,-1.0,0.9224,90.226,4.5917,95.7415,-1,0.0," -> [bicycle (Center): 3%, chair (Center): 12%]"
frame_001273,-1.0,0.9811,88.9939,4.6107,94.5872,-1,0.0," -> [bicycle (Center): 6%, chair (Left): 7%]"
frame_001274,-1.0,0.9125,88.8723,6.127,95.9137,-1,0.0," -> [bicycle (Center): 6%, chair (Left): 8%]"
frame_001275,-1.0,1.2389,91.3802,4.376,96.997,-1,0.0," -> [bicycle (Center): 4%, chair (Left): 10%]"
frame_001276,-1.0,1.0688,91.6532,4.3451,97.0691,-1,0.0," -> [bicycle (Center): 7%, chair (Left): 7%]"
frame_001277,-1.0,1.0045,92.3704,4.5007,97.8776,-1,0.0," -> [bicycle (Center): 8%, chair (Left): 7%]"
frame_001278,-1.0,1.0926,91.4246,4.4599,96.9793,-1,0.0," -> [bicycle (Left): 4%, chair (Left): 10%]"
frame_001279,-1.0,0.9679,91.2223,4.3141,96.5058,-1,0.0," -> [bicycle (Left): 8%, chair (Left): 4%]"
frame_001280,-1.0,0.928,91.3642,4.4334,96.7279,-1,0.0," -> [bicycle (Left): 9%, chair (Top-Left): 3%]"
frame_001281,-1.0,0.9853,91.3092,4.4383,96.7345,-1,0.0," -> [bicycle (Left): 9%, chair (Top-Left): 2%]"
frame_001282,-1.0,1.0258,91.4963,4.3067,96.8305,-1,0.0," -> [bicycle (Left): 10%, chair (Left): 2%]"
frame_001283,-1.0,0.9685,92.1124,4.0807,97.1629,-1,0.0, -> [chair (Left): 15%]
frame_001284,-1.0,1.062,91.9605,4.4074,97.4312,-1,0.0, -> [chair (Left): 12%]
frame_001285,-1.0,1.0371,91.3821,4.3096,96.7302,-1,0.0," -> [bicycle (Left): 3%, chair (Left): 5%]"
frame_001286,-1.0,1.0299,91.2202,4.1854,96.4372,-1,0.0, -> [bicycle (Left): 1%]
frame_001287,-1.0,1.0448,91.8119,4.3706,97.2291,-1,0.0, -> [background only]
frame_001288,-1.0,1.1311,91.6554,4.2162,97.0041,-1,0.0, -> [background only]
frame_001289,-1.0,0.9788,91.486,4.2484,96.7149,-1,0.0, -> [background only]
frame_001290,-1.0,1.0253,91.1684,4.2614,96.4562,-1,0.0, -> [background only]
frame_001291,-1.0,0.9684,91.9397,4.3695,97.2794,-1,0.0, -> [chair (Right): 4%]
frame_001292,-1.0,1.0739,92.4015,5.4278,98.9045,-1,0.0, -> [chair (Right): 5%]
frame_001293,-1.0,1.1795,92.5268,4.3139,98.0219,-1,0.0, -> [chair (Top-Right): 2%]
frame_001294,-1.0,0.9352,91.4994,4.3313,96.7673,-1,0.0, -> [chair (Right): 13%]
frame_001295,-1.0,1.0158,92.116,4.2445,97.3779,-1,0.0, -> [chair (Right): 17%]
frame_001296,-1.0,1.0522,91.7246,4.3476,97.1258,-1,0.0, -> [chair (Right): 25%]
frame_001297,-1.0,0.9554,92.196,6.1488,99.3021,-1,0.0, -> [chair (Right): 23%]
frame_001298,-1.0,1.1234,91.8361,4.5318,97.4932,-1,0.0, -> [chair (Right): 33%]
frame_001299,-1.0,0.9973,91.4413,4.3613,96.8021,-1,0.0, -> [chair (Right): 40%]
frame_001300,-1.0,0.9855,92.2766,4.3609,97.6249,-1,0.0, -> [chair (Right): 44%]
frame_001301,-1.0,1.1526,91.4345,4.4906,97.0795,-1,0.0, -> [chair (Center): 54%]
frame_001302,-1.0,0.9866,90.7792,4.3008,96.0679,-1,0.0, -> [chair (Center): 59%]
frame_001303,-1.0,1.01,91.8181,4.2448,97.0744,-1,0.0, -> [chair (Center): 26%]
frame_001304,-1.0,0.9996,91.7443,4.2254,96.9711,-1,0.0, -> [background only]
frame_001305,-1.0,0.9957,91.7559,4.3242,97.0775,-1,0.0, -> [chair (Center): 35%]
frame_001306,-1.0,1.0737,91.5678,4.4032,97.0463,-1,0.0, -> [chair (Left): 1%]
frame_001307,-1.0,1.0594,91.0645,4.2039,96.3296,-1,0.0, -> [background only]
frame_001308,-1.0,1.0117,92.248,4.3532,97.6147,-1,0.0, -> [chair (Left): 10%]
frame_001309,-1.0,1.0728,92.0696,4.4821,97.626,-1,0.0, -> [chair (Left): 1%]
frame_001310,-1.0,1.0124,91.2642,6.5622,98.8403,-1,0.0, -> [chair (Left): 11%]
frame_001311,-1.0,1.1463,91.1571,4.1509,96.456,-1,0.0, -> [background only]
frame_001312,-1.0,0.9913,91.6409,4.0766,96.7103,-1,0.0, -> [background only]
frame_001313,-1.0,1.0317,91.5563,4.1072,96.697,-1,0.0, -> [background only]
frame_001314,-1.0,0.9955,91.2289,4.0414,96.2673,-1,0.0, -> [background only]
frame_001315,-1.0,0.9775,90.5542,3.9567,95.4899,-1,0.0, -> [background only]
frame_001316,-1.0,1.0706,92.5596,4.2791,97.9111,-1,0.0, -> [background only]
frame_001317,-1.0,1.0381,91.3451,4.2109,96.5956,-1,0.0, -> [bus (Center): 6%]
frame_001318,-1.0,1.0419,91.7225,5.3526,98.1189,-1,0.0, -> [train (Bottom): 42%]
frame_001319,-1.0,1.199,91.8181,4.2207,97.2399,-1,0.0, -> [background only]
frame_001320,-1.0,1.0992,91.4308,4.2386,96.7704,-1,0.0, -> [background only]
frame_001321,-1.0,0.9927,91.7607,4.5036,97.2586,-1,0.0, -> [boat (Bottom-Right): 1%]
frame_001322,-1.0,1.0361,91.1142,4.5033,96.6549,-1,0.0, -> [train (Bottom): 30%]
frame_001323,-1.0,0.9816,91.0083,6.0922,98.0836,-1,0.0, -> [train (Right): 24%]
frame_001324,-1.0,1.172,92.4861,4.4707,98.1304,-1,0.0, -> [train (Right): 7%]
frame_001325,-1.0,0.9841,91.0785,4.4418,96.5058,-1,0.0, -> [train (Center): 40%]
frame_001326,-1.0,1.0586,91.5296,4.2497,96.8396,-1,0.0, -> [train (Center): 32%]
frame_001327,-1.0,0.9892,91.4081,4.6093,97.0081,-1,0.0, -> [train (Center): 100%]
frame_001328,-1.0,0.9961,92.5943,4.558,98.1502,-1,0.0, -> [train (Center): 100%]
frame_001329,-1.0,1.0672,91.8228,4.5582,97.4497,-1,0.0, -> [train (Center): 100%]
frame_001330,-1.0,1.0637,91.7719,4.3745,97.2118,-1,0.0, -> [train (Center): 49%]
frame_001331,-1.0,1.0683,92.0111,4.3148,97.3958,-1,0.0, -> [person (Bottom-Right): 1%]
frame_001332,-1.0,1.1722,91.9172,4.1713,97.2625,-1,0.0, -> [background only]
frame_001333,-1.0,1.0707,91.2145,4.3088,96.5956,-1,0.0, -> [background only]
frame_001334,-1.0,1.0514,91.9461,4.276,97.2753,-1,0.0, -> [background only]
frame_001335,-1.0,1.0263,91.3903,4.4489,96.8674,-1,0.0, -> [person (Right): 9%]
frame_001336,-1.0,0.9969,91.2072,5.6596,97.8654,-1,0.0, -> [person (Right): 12%]
frame_001337,-1.0,1.086,91.4388,4.3117,96.8385,-1,0.0, -> [person (Right): 15%]
frame_001338,-1.0,1.0547,90.8531,4.5239,96.4332,-1,0.0, -> [person (Right): 15%]
frame_001339,-1.0,0.9816,92.3916,4.2003,97.5751,-1,0.0, -> [person (Right): 12%]
frame_001340,-1.0,1.0343,90.9188,4.4419,96.3962,-1,0.0, -> [person (Right): 18%]
frame_001341,-1.0,0.9944,91.4503,5.2561,97.7028,-1,0.0, -> [person (Right): 19%]
frame_001342,-1.0,1.1625,91.2197,4.2097,96.5934,-1,0.0," -> [bicycle (Bottom-Right): 8%, person (Center): 16%]"
frame_001343,-1.0,0.9826,91.2459,4.5333,96.7633,-1,0.0," -> [bicycle (Bottom-Right): 4%, person (Center): 11%]"
frame_001344,-1.0,1.0352,92.6536,4.4395,98.1299,-1,0.0," -> [bicycle (Bottom-Right): 1%, person (Center): 18%]"
frame_001345,-1.0,1.0352,91.1651,4.5951,96.7971,-1,0.0, -> [person (Center): 19%]
frame_001346,-1.0,1.0067,90.9369,4.4944,96.4395,-1,0.0, -> [person (Center): 24%]
frame_001347,-1.0,1.0624,91.2747,4.3848,96.7237,-1,0.0, -> [person (Center): 30%]
frame_001348,-1.0,1.0297,91.3342,4.3615,96.7272,-1,0.0, -> [person (Center): 34%]
frame_001349,-1.0,0.9768,91.6599,4.3377,96.9761,-1,0.0, -> [person (Center): 33%]
frame_001350,-1.0,0.9805,91.9333,4.4832,97.3985,-1,0.0, -> [person (Center): 33%]
frame_001351,-1.0,0.9649,91.1909,4.5238,96.6809,-1,0.0, -> [person (Center): 32%]
frame_001352,-1.0,0.9777,91.299,4.3652,96.6436,-1,0.0, -> [person (Center): 32%]
frame_001353,-1.0,0.9785,91.0921,4.4858,96.5583,-1,0.0, -> [person (Center): 32%]
frame_001354,-1.0,0.9798,91.4925,4.4259,96.9,-1,0.0, -> [person (Center): 34%]
frame_001355,-1.0,1.0402,91.8927,4.3691,97.3036,-1,0.0, -> [person (Center): 33%]
frame_001356,-1.0,0.9872,91.0885,4.3548,96.4323,-1,0.0, -> [person (Center): 33%]
frame_001357,-1.0,1.0079,91.5648,4.3099,96.8843,-1,0.0, -> [person (Center): 33%]
frame_001358,-1.0,0.9733,92.4881,4.4948,97.9579,-1,0.0, -> [person (Center): 34%]
frame_001359,-1.0,0.9991,91.9995,5.7636,98.7639,-1,0.0, -> [person (Center): 34%]
frame_001360,-1.0,1.1556,92.4032,4.4187,97.979,-1,0.0, -> [person (Center): 34%]
frame_001361,-1.0,0.9895,91.1704,4.3505,96.512,-1,0.0, -> [person (Center): 34%]
frame_001362,-1.0,0.9743,90.9481,4.614,96.5378,-1,0.0, -> [person (Center): 34%]
frame_001363,-1.0,1.0053,92.0949,4.3926,97.4946,-1,0.0, -> [person (Center): 34%]
frame_001364,-1.0,1.0391,92.1311,4.3477,97.5194,-1,0.0, -> [person (Center): 34%]
frame_001365,-1.0,1.0409,91.8895,4.461,97.3932,-1,0.0, -> [person (Center): 34%]
frame_001366,-1.0,0.9941,91.6578,4.4654,97.1186,-1,0.0, -> [person (Center): 34%]
frame_001367,-1.0,1.062,92.821,4.4165,98.3009,-1,0.0, -> [person (Center): 34%]
frame_001368,-1.0,0.9995,92.1115,4.1668,97.279,-1,0.0, -> [person (Center): 34%]
frame_001369,-1.0,1.0521,93.012,4.3898,98.4551,-1,0.0, -> [person (Center): 34%]
frame_001370,-1.0,1.0665,92.1792,4.3209,97.5681,-1,0.0, -> [person (Center): 34%]
frame_001371,-1.0,0.9803,92.6648,4.2245,97.8713,-1,0.0, -> [person (Center): 35%]
frame_001372,-1.0,0.988,92.2185,4.4593,97.667,-1,0.0, -> [person (Center): 35%]
frame_001373,-1.0,1.0804,92.2349,4.3776,97.6944,-1,0.0, -> [person (Center): 34%]
frame_001374,-1.0,1.0052,91.7214,4.5151,97.2431,-1,0.0, -> [person (Center): 34%]
frame_001375,-1.0,1.1018,91.195,4.3289,96.6271,-1,0.0, -> [person (Center): 34%]
frame_001376,-1.0,1.006,91.462,4.4261,96.8951,-1,0.0, -> [person (Center): 34%]
frame_001377,-1.0,1.0673,91.5158,4.3633,96.9473,-1,0.0, -> [person (Center): 35%]
frame_001378,-1.0,0.9952,91.8748,4.3434,97.2148,-1,0.0, -> [person (Center): 33%]
frame_001379,-1.0,1.0293,91.1152,4.0798,96.2254,-1,0.0, -> [person (Center): 32%]
frame_001380,-1.0,1.0624,92.1103,4.2682,97.442,-1,0.0, -> [person (Center): 33%]
frame_001381,-1.0,0.9542,91.204,4.2243,96.3838,-1,0.0, -> [person (Center): 34%]
frame_001382,-1.0,1.0178,91.0773,4.314,96.4105,-1,0.0, -> [person (Center): 33%]
frame_001383,-1.0,0.9816,91.2471,4.5211,96.751,-1,0.0, -> [person (Center): 34%]
frame_001384,-1.0,1.0064,91.5989,4.5229,97.1294,-1,0.0, -> [person (Center): 34%]
frame_001385,-1.0,0.9951,91.5459,4.5459,97.0881,-1,0.0, -> [person (Center): 34%]
frame_001386,-1.0,0.9828,91.2875,4.3685,96.64,-1,0.0, -> [person (Center): 34%]
frame_001387,-1.0,1.0375,91.622,4.2345,96.8954,-1,0.0, -> [person (Center): 34%]
frame_001388,-1.0,0.9989,91.1516,4.4248,96.5774,-1,0.0, -> [person (Center): 34%]
frame_001389,-1.0,1.0454,92.1402,4.3751,97.5622,-1,0.0, -> [person (Center): 34%]
frame_001390,-1.0,0.9967,92.1674,4.5881,97.7538,-1,0.0, -> [person (Center): 34%]
frame_001391,-1.0,0.9865,91.1214,4.4409,96.5502,-1,0.0, -> [person (Center): 34%]
frame_001392,-1.0,0.9831,91.1638,5.5509,97.6993,-1,0.0, -> [person (Center): 34%]
frame_001393,-1.0,1.095,91.2606,4.3622,96.7195,-1,0.0, -> [person (Center): 34%]
frame_001394,-1.0,1.077,91.7407,4.2914,97.111,-1,0.0, -> [person (Center): 35%]
frame_001395,-1.0,0.9767,91.4064,4.3124,96.697,-1,0.0, -> [person (Center): 35%]
frame_001396,-1.0,1.0198,91.1785,4.3161,96.5159,-1,0.0, -> [person (Center): 35%]
frame_001397,-1.0,1.009,91.2929,4.5251,96.8283,-1,0.0, -> [person (Center): 34%]
frame_001398,-1.0,1.0129,91.4861,4.1969,96.6971,-1,0.0, -> [person (Center): 35%]
frame_001399,-1.0,1.0323,91.8823,4.3574,97.2735,-1,0.0, -> [person (Center): 34%]
frame_001400,-1.0,0.9563,92.6743,4.3189,97.9507,-1,0.0, -> [person (Center): 34%]
frame_001401,-1.0,1.197,91.9828,4.3161,97.4981,-1,0.0, -> [person (Center): 36%]
frame_001402,-1.0,0.9855,91.3975,4.5612,96.946,-1,0.0, -> [person (Center): 35%]
frame_001403,-1.0,1.0325,91.5289,4.3579,96.9211,-1,0.0, -> [person (Center): 35%]
frame_001404,-1.0,1.0448,91.245,4.4522,96.7439,-1,0.0, -> [person (Center): 36%]
frame_001405,-1.0,0.9772,92.0286,4.3804,97.3874,-1,0.0, -> [person (Center): 35%]
frame_001406,-1.0,1.0592,91.1659,4.1464,96.3731,-1,0.0, -> [person (Center): 34%]
frame_001407,-1.0,1.0066,91.0189,4.3399,96.367,-1,0.0, -> [person (Center): 33%]
frame_001408,-1.0,0.9982,91.646,4.465,97.1106,-1,0.0, -> [person (Center): 31%]
frame_001409,-1.0,1.0164,91.9935,4.4259,97.4376,-1,0.0, -> [person (Center): 31%]
frame_001410,-1.0,1.045,91.6683,4.507,97.2217,-1,0.0, -> [person (Center): 31%]
frame_001411,-1.0,1.0801,91.521,4.3517,96.9542,-1,0.0, -> [person (Center): 31%]
frame_001412,-1.0,0.9961,91.2794,4.435,96.712,-1,0.0, -> [person (Center): 29%]
frame_001413,-1.0,1.0492,91.9571,4.4704,97.4778,-1,0.0, -> [person (Center): 30%]
frame_001414,-1.0,1.1994,91.6074,4.2408,97.0491,-1,0.0, -> [person (Center): 30%]
frame_001415,-1.0,1.1177,92.08,4.3485,97.5479,-1,0.0, -> [person (Center): 29%]
frame_001416,-1.0,1.1274,92.0849,4.5335,97.7472,-1,0.0, -> [person (Center): 29%]
frame_001417,-1.0,0.9823,91.4919,4.2106,96.6864,-1,0.0, -> [person (Center): 29%]
frame_001418,-1.0,0.9851,91.0586,4.3358,96.381,-1,0.0, -> [person (Center): 27%]
frame_001419,-1.0,0.9754,91.1769,4.29,96.4437,-1,0.0, -> [person (Center): 27%]
frame_001420,-1.0,1.0316,91.4632,4.2008,96.6972,-1,0.0, -> [person (Center): 27%]
frame_001421,-1.0,1.087,92.6635,4.4227,98.175,-1,0.0, -> [person (Center): 27%]
frame_001422,-1.0,1.0346,90.9862,4.3962,96.4187,-1,0.0, -> [person (Center): 29%]
frame_001423,-1.0,1.0032,92.0285,4.3504,97.3837,-1,0.0, -> [person (Center): 29%]
frame_001424,-1.0,0.9883,91.0338,4.3609,96.3847,-1,0.0, -> [person (Center): 31%]
frame_001425,-1.0,1.0044,90.7042,4.4059,96.1162,-1,0.0, -> [person (Center): 32%]
frame_001426,-1.0,1.0517,91.2913,4.3213,96.6659,-1,0.0, -> [person (Center): 31%]
frame_001427,-1.0,1.0099,91.4976,4.3868,96.8957,-1,0.0, -> [person (Center): 28%]
frame_001428,-1.0,1.0136,91.5626,4.4803,97.0577,-1,0.0, -> [person (Center): 29%]
frame_001429,-1.0,1.0987,91.3568,4.362,96.8193,-1,0.0, -> [person (Center): 28%]
frame_001430,-1.0,1.0187,90.9732,4.4866,96.4805,-1,0.0, -> [person (Center): 28%]
frame_001431,-1.0,1.0811,91.142,4.4569,96.6818,-1,0.0, -> [person (Center): 28%]
frame_001432,-1.0,1.0029,91.383,4.3814,96.7689,-1,0.0, -> [person (Center): 29%]
frame_001433,-1.0,1.0001,91.6214,4.38,97.0038,-1,0.0, -> [person (Center): 30%]
frame_001434,-1.0,1.0293,91.9864,4.3754,97.3929,-1,0.0, -> [person (Center): 35%]
frame_001435,-1.0,1.0244,91.3576,4.471,96.855,-1,0.0, -> [person (Bottom): 34%]
frame_001436,-1.0,1.0168,91.2141,4.4412,96.6735,-1,0.0, -> [person (Center): 29%]
frame_001437,-1.0,0.9916,91.4163,4.4917,96.9012,-1,0.0, -> [person (Bottom): 33%]
frame_001438,-1.0,1.0118,91.3132,4.2177,96.5443,-1,0.0, -> [person (Bottom): 33%]
frame_001439,-1.0,1.0265,91.7054,4.381,97.1146,-1,0.0, -> [person (Bottom): 34%]
frame_001440,-1.0,1.0287,91.0222,4.3844,96.4369,-1,0.0, -> [person (Bottom): 35%]
frame_001441,-1.0,0.993,91.0216,4.3721,96.389,-1,0.0, -> [person (Bottom): 33%]
frame_001442,-1.0,1.0858,91.4249,4.3098,96.8225,-1,0.0, -> [person (Bottom): 35%]
frame_001443,-1.0,1.0348,91.083,4.1648,96.2847,-1,0.0, -> [person (Bottom): 35%]
frame_001444,-1.0,1.0781,91.9644,4.5945,97.6387,-1,0.0, -> [person (Bottom): 35%]
frame_001445,-1.0,1.1132,91.2879,4.4178,96.8212,-1,0.0, -> [person (Center): 33%]
frame_001446,-1.0,1.0485,91.7543,5.3773,98.1821,-1,0.0, -> [person (Bottom): 32%]
frame_001447,-1.0,1.0688,89.2105,4.6225,94.9039,-1,0.0, -> [person (Bottom): 32%]
frame_001448,-1.0,0.9526,89.539,4.3711,94.8647,-1,0.0, -> [person (Bottom): 31%]
frame_001449,-1.0,0.8811,88.396,4.6544,93.9333,-1,0.0, -> [person (Bottom): 31%]
frame_001450,-1.0,0.9645,88.5453,4.63,94.1414,-1,0.0, -> [person (Center): 32%]
frame_001451,-1.0,0.9684,88.8449,4.5835,94.3987,-1,0.0, -> [person (Bottom): 31%]
frame_001452,-1.0,0.9116,89.3229,4.5121,94.748,-1,0.0, -> [person (Bottom): 30%]
frame_001453,-1.0,0.9303,88.795,4.6732,94.4003,-1,0.0, -> [person (Bottom): 32%]
frame_001454,-1.0,0.9208,88.8203,4.5847,94.3273,-1,0.0, -> [person (Bottom): 32%]
frame_001455,-1.0,0.9113,89.3991,4.4863,94.7985,-1,0.0, -> [person (Bottom): 31%]
frame_001456,-1.0,0.9171,89.3377,4.5443,94.8007,-1,0.0, -> [person (Bottom-Left): 31%]
frame_001457,-1.0,0.9633,88.8206,4.4173,94.2029,-1,0.0, -> [person (Bottom-Left): 30%]
frame_001458,-1.0,0.9972,88.8687,4.631,94.4987,-1,0.0, -> [person (Bottom-Left): 31%]
frame_001459,-1.0,0.9155,88.211,4.4538,93.582,-1,0.0, -> [person (Bottom-Left): 29%]
frame_001460,-1.0,0.9166,89.0623,4.6636,94.6445,-1,0.0, -> [person (Bottom-Left): 26%]
frame_001461,-1.0,2.793,88.6445,4.5704,96.0096,-1,0.0, -> [person (Bottom-Left): 24%]
frame_001462,-1.0,0.9144,88.6643,4.5865,94.1667,-1,0.0, -> [person (Bottom-Left): 26%]
frame_001463,-1.0,0.9122,88.0749,5.9479,94.9369,-1,0.0, -> [person (Bottom-Left): 25%]
frame_001464,-1.0,1.0506,88.8149,4.602,94.4692,-1,0.0, -> [person (Bottom-Left): 23%]
frame_001465,-1.0,0.9272,89.7578,4.6389,95.3252,-1,0.0, -> [person (Bottom-Left): 22%]
frame_001466,-1.0,0.9172,90.1581,4.5907,95.6673,-1,0.0, -> [person (Bottom-Left): 21%]
frame_001467,-1.0,0.9052,88.7961,4.6254,94.3286,-1,0.0, -> [person (Left): 20%]
frame_001468,-1.0,0.9775,88.8488,4.5584,94.3859,-1,0.0, -> [person (Left): 21%]
frame_001469,-1.0,0.9202,90.5308,4.5361,95.9888,-1,0.0, -> [person (Left): 21%]
frame_001470,-1.0,0.9205,89.1971,4.4654,94.5845,-1,0.0, -> [person (Left): 21%]
frame_001471,-1.0,0.9332,89.3963,6.2734,96.6047,-1,0.0, -> [person (Left): 22%]
frame_001472,-1.0,1.0598,89.0987,4.5697,94.7301,-1,0.0, -> [person (Left): 21%]
frame_001473,-1.0,0.913,88.8382,4.5362,94.2889,-1,0.0, -> [person (Left): 22%]
frame_001474,-1.0,0.9247,91.4447,4.5535,96.9243,-1,0.0, -> [person (Left): 23%]
frame_001475,-1.0,1.0061,90.0137,4.4137,95.4355,-1,0.0, -> [person (Left): 21%]
frame_001476,-1.0,0.923,89.173,4.4499,94.5477,-1,0.0, -> [person (Left): 21%]
frame_001477,-1.0,0.9499,90.2283,4.4206,95.6004,-1,0.0, -> [person (Left): 19%]
frame_001478,-1.0,0.9433,89.9917,4.535,95.472,-1,0.0," -> [chair (Left): 2%, person (Left): 19%]"
frame_001479,-1.0,0.9913,90.0812,4.6417,95.7158,-1,0.0," -> [chair (Left): 3%, person (Left): 18%]"
frame_001480,-1.0,0.9719,90.4508,4.402,95.8267,-1,0.0," -> [chair (Left): 1%, person (Left): 18%]"
frame_001481,-1.0,0.9373,89.2431,4.5244,94.7065,-1,0.0, -> [person (Left): 17%]
frame_001482,-1.0,0.9714,89.7002,4.5504,95.2238,-1,0.0, -> [person (Left): 16%]
frame_001483,-1.0,0.9065,88.915,4.4117,94.2348,-1,0.0, -> [person (Left): 16%]
frame_001484,-1.0,0.9147,89.3597,4.6019,94.8778,-1,0.0, -> [person (Left): 14%]
frame_001485,-1.0,0.9029,88.9888,4.4488,94.342,-1,0.0, -> [person (Left): 14%]
frame_001486,-1.0,0.9341,89.2225,4.4926,94.651,-1,0.0, -> [person (Left): 13%]
frame_001487,-1.0,0.8898,89.5304,4.2647,94.6865,-1,0.0, -> [person (Left): 12%]
frame_001488,-1.0,0.9262,89.2254,4.5848,94.7381,-1,0.0, -> [person (Left): 12%]
frame_001489,-1.0,0.9003,88.355,4.516,93.7726,-1,0.0, -> [person (Left): 12%]
frame_001490,-1.0,0.9046,88.9246,4.5243,94.3553,-1,0.0, -> [person (Left): 11%]
frame_001491,-1.0,0.9335,88.5973,4.5459,94.0779,-1,0.0, -> [person (Left): 10%]
frame_001492,-1.0,0.9252,88.5896,4.4946,94.0107,-1,0.0, -> [person (Left): 10%]
frame_001493,-1.0,0.9136,88.1514,4.6417,93.7082,-1,0.0, -> [person (Left): 9%]
frame_001494,-1.0,0.9905,88.8019,4.6948,94.4885,-1,0.0, -> [person (Left): 9%]
frame_001495,-1.0,0.8906,88.6125,4.4321,93.9371,-1,0.0, -> [person (Left): 8%]
frame_001496,-1.0,0.9149,88.4421,5.973,95.3317,-1,0.0, -> [person (Left): 7%]
frame_001497,-1.0,1.0438,88.8558,4.3593,94.2607,-1,0.0, -> [person (Left): 7%]
frame_001498,-1.0,0.9166,89.4452,4.5087,94.8719,-1,0.0, -> [person (Left): 7%]
frame_001499,-1.0,0.9567,88.8267,4.5408,94.3261,-1,0.0, -> [person (Left): 8%]
frame_001500,-1.0,0.9205,89.7659,4.5053,95.1929,-1,0.0, -> [person (Left): 8%]
frame_001501,-1.0,0.9022,89.5596,4.4815,94.945,-1,0.0, -> [person (Left): 7%]
frame_001502,-1.0,0.9732,89.5842,4.2849,94.8435,-1,0.0, -> [person (Left): 6%]
frame_001503,-1.0,0.93,89.2387,4.5849,94.7551,-1,0.0, -> [person (Left): 3%]
frame_001504,-1.0,0.9085,89.2916,4.5144,94.7159,-1,0.0, -> [person (Left): 2%]
frame_001505,-1.0,0.9362,89.6079,4.6635,95.209,-1,0.0, -> [person (Left): 2%]
frame_001506,-1.0,0.9135,89.9778,4.5477,95.4407,-1,0.0, -> [person (Left): 4%]
frame_001507,-1.0,0.9509,89.2689,4.5512,94.7729,-1,0.0, -> [person (Left): 3%]
frame_001508,-1.0,2.4445,89.392,4.5563,96.3949,-1,0.0, -> [person (Left): 5%]
frame_001509,-1.0,0.9657,88.551,4.5028,94.0212,-1,0.0, -> [person (Left): 5%]
frame_001510,-1.0,0.9069,90.1232,4.5926,95.6241,-1,0.0, -> [person (Left): 5%]
frame_001511,-1.0,1.0079,89.1802,4.5959,94.7862,-1,0.0, -> [person (Left): 5%]
frame_001512,-1.0,0.9288,89.7335,4.5786,95.2423,-1,0.0, -> [person (Left): 5%]
frame_001513,-1.0,0.9741,89.9121,4.4948,95.3828,-1,0.0, -> [person (Left): 3%]
frame_001514,-1.0,0.9794,89.9993,4.5065,95.487,-1,0.0, -> [person (Left): 4%]
frame_001515,-1.0,0.9259,89.1633,4.3666,94.4575,-1,0.0, -> [background only]
frame_001516,-1.0,0.8733,90.0083,4.644,95.5268,-1,0.0, -> [person (Left): 3%]
frame_001517,-1.0,0.9136,89.9929,4.3582,95.2666,-1,0.0, -> [person (Left): 5%]
frame_001518,-1.0,0.9241,90.1153,4.55,95.5917,-1,0.0, -> [person (Left): 5%]
frame_001519,-1.0,2.8959,89.6711,4.4073,96.9767,-1,0.0, -> [person (Left): 2%]
frame_001520,-1.0,0.9154,90.1993,4.3285,95.4451,-1,0.0, -> [background only]
frame_001521,-1.0,0.9176,90.5823,4.5238,96.0261,-1,0.0, -> [person (Left): 2%]
frame_001522,-1.0,1.0519,89.8699,4.3747,95.2983,-1,0.0, -> [person (Left): 2%]
frame_001523,-1.0,1.0153,90.0056,4.3743,95.397,-1,0.0, -> [person (Left): 3%]
frame_001524,-1.0,0.9167,89.8743,4.5921,95.3853,-1,0.0, -> [chair (Top-Left): 1%]
frame_001525,-1.0,0.988,89.0662,4.5341,94.5901,-1,0.0, -> [chair (Top-Left): 2%]
frame_001526,-1.0,0.9699,89.3206,4.338,94.6303,-1,0.0, -> [background only]
frame_001527,-1.0,0.9873,89.8003,4.6257,95.4152,-1,0.0, -> [chair (Top-Left): 3%]
frame_001528,-1.0,0.9075,89.7103,4.6239,95.2432,-1,0.0, -> [chair (Top-Left): 2%]
frame_001529,-1.0,0.8787,89.6519,4.8432,95.3758,-1,0.0, -> [chair (Top-Left): 2%]
frame_001530,-1.0,1.1214,91.3931,4.3483,96.8646,-1,0.0, -> [chair (Top-Left): 2%]
frame_001531,-1.0,0.9991,90.9957,4.4331,96.4295,-1,0.0, -> [chair (Top-Left): 2%]
frame_001532,-1.0,1.0169,91.5113,4.3042,96.8341,-1,0.0, -> [chair (Top-Left): 2%]
frame_001533,-1.0,1.0526,91.1728,4.3064,96.5333,-1,0.0, -> [chair (Top-Left): 2%]
frame_001534,-1.0,0.9845,90.7774,4.2895,96.0533,-1,0.0, -> [chair (Top-Left): 3%]
frame_001535,-1.0,1.0053,91.5546,4.3585,96.9205,-1,0.0, -> [chair (Top-Left): 2%]
frame_001536,-1.0,1.0118,91.7099,4.4855,97.209,-1,0.0, -> [chair (Top-Left): 2%]
frame_001537,-1.0,1.0578,91.1985,4.556,96.8139,-1,0.0, -> [chair (Top-Left): 2%]
frame_001538,-1.0,1.2445,91.269,4.3353,96.8502,-1,0.0, -> [chair (Top-Left): 2%]
frame_001539,-1.0,1.0088,92.5744,4.4017,97.9863,-1,0.0, -> [chair (Top-Left): 1%]
frame_001540,-1.0,0.9846,91.6121,4.281,96.879,-1,0.0, -> [chair (Top-Left): 1%]
frame_001541,-1.0,0.9765,91.7577,4.332,97.0676,-1,0.0, -> [chair (Top-Left): 1%]
frame_001542,-1.0,0.9672,91.6141,4.33,96.9124,-1,0.0, -> [chair (Top-Left): 1%]
frame_001543,-1.0,1.0692,91.2021,4.3178,96.5907,-1,0.0, -> [chair (Top-Left): 1%]
frame_001544,-1.0,0.9637,90.8847,4.1165,95.9664,-1,0.0, -> [background only]
frame_001545,-1.0,0.9706,91.5513,4.1566,96.6798,-1,0.0, -> [background only]
frame_001546,-1.0,0.9792,91.4636,4.2553,96.6992,-1,0.0, -> [background only]
frame_001547,-1.0,0.9765,91.1496,4.4239,96.5515,-1,0.0, -> [background only]
frame_001548,-1.0,3.5232,92.3525,4.3745,100.2522,-1,0.0, -> [background only]
frame_001549,-1.0,1.064,91.736,4.0985,96.9,-1,0.0, -> [background only]
frame_001550,-1.0,1.0522,91.8496,4.0091,96.9123,-1,0.0, -> [background only]
frame_001551,-1.0,0.9387,91.3668,4.0372,96.3441,-1,0.0, -> [background only]
frame_001552,-1.0,0.9124,91.4866,4.2414,96.6417,-1,0.0, -> [background only]
frame_001553,-1.0,0.9957,91.6226,4.2257,96.8455,-1,0.0, -> [background only]
frame_001554,-1.0,1.0061,91.4003,4.216,96.6237,-1,0.0, -> [background only]
frame_001555,-1.0,0.9604,91.1668,4.2747,96.403,-1,0.0, -> [background only]
frame_001556,-1.0,1.0469,91.5553,4.2164,96.8199,-1,0.0, -> [background only]
frame_001557,-1.0,0.9473,91.409,4.3432,96.7004,-1,0.0, -> [background only]
frame_001558,-1.0,1.0352,91.2133,4.1779,96.4279,-1,0.0, -> [background only]
frame_001559,-1.0,0.9924,91.5301,4.2215,96.7452,-1,0.0, -> [background only]
frame_001560,-1.0,0.9998,91.2243,4.2543,96.4798,-1,0.0, -> [background only]
frame_001561,-1.0,1.0653,92.1384,4.2245,97.4294,-1,0.0, -> [background only]
frame_001562,-1.0,1.0235,92.345,4.2176,97.5876,-1,0.0, -> [background only]
frame_001563,-1.0,1.0189,91.2428,4.4396,96.7027,-1,0.0, -> [background only]
frame_001564,-1.0,0.9779,91.1756,4.2103,96.3652,-1,0.0, -> [background only]
frame_001565,-1.0,0.9768,91.1303,4.1846,96.2928,-1,0.0, -> [background only]
frame_001566,-1.0,0.9626,91.3669,4.2325,96.5634,-1,0.0, -> [background only]
frame_001567,-1.0,1.0183,91.9906,4.1993,97.2095,-1,0.0, -> [background only]
frame_001568,-1.0,0.9563,92.1132,3.936,97.0069,-1,0.0, -> [background only]
frame_001569,-1.0,0.9829,92.1728,4.1694,97.3268,-1,0.0, -> [background only]
frame_001570,-1.0,0.9713,91.355,4.0908,96.4187,-1,0.0, -> [background only]
frame_001571,-1.0,0.947,91.5916,4.206,96.746,-1,0.0, -> [background only]
frame_001572,-1.0,0.9816,90.9332,4.2141,96.1308,-1,0.0, -> [background only]
frame_001573,-1.0,0.9803,91.4008,4.9075,97.29,-1,0.0, -> [background only]
frame_001574,-1.0,1.0905,91.5101,4.1116,96.7136,-1,0.0, -> [background only]
frame_001575,-1.0,1.0586,91.3446,4.2697,96.6741,-1,0.0, -> [background only]
frame_001576,-1.0,0.9786,91.8655,4.2314,97.0768,-1,0.0, -> [background only]
frame_001577,-1.0,0.9611,91.8991,4.2083,97.07,-1,0.0, -> [background only]
frame_001578,-1.0,0.9928,91.4478,4.3196,96.7614,-1,0.0, -> [background only]
frame_001579,-1.0,1.0405,91.1418,4.2647,96.4482,-1,0.0, -> [background only]
frame_001580,-1.0,0.9434,90.8788,3.9369,95.7609,-1,0.0, -> [background only]
frame_001581,-1.0,1.0176,90.8477,4.3732,96.2399,-1,0.0, -> [background only]
frame_001582,-1.0,0.9541,91.0247,4.1758,96.1556,-1,0.0, -> [background only]
frame_001583,-1.0,0.9693,91.0879,4.062,96.1209,-1,0.0, -> [background only]
frame_001584,-1.0,0.9607,91.1981,4.2815,96.4416,-1,0.0, -> [background only]
frame_001585,-1.0,1.0072,91.5398,4.0738,96.622,-1,0.0, -> [background only]
frame_001586,-1.0,0.9636,91.3701,4.2774,96.6124,-1,0.0, -> [background only]
frame_001587,-1.0,1.0884,91.5393,4.1565,96.7854,-1,0.0, -> [background only]
frame_001588,-1.0,0.9567,91.3276,4.0082,96.294,-1,0.0, -> [background only]
frame_001589,-1.0,0.9882,92.1174,4.3582,97.4651,-1,0.0, -> [background only]
frame_001590,-1.0,0.9741,90.8229,4.1268,95.9251,-1,0.0, -> [background only]
frame_001591,-1.0,0.9848,91.1122,4.2927,96.391,-1,0.0, -> [background only]
frame_001592,-1.0,1.085,91.1979,4.2634,96.5478,-1,0.0, -> [background only]
frame_001593,-1.0,0.9542,90.9601,4.2829,96.1988,-1,0.0, -> [background only]
frame_001594,-1.0,0.979,91.4833,4.1699,96.6339,-1,0.0, -> [background only]
frame_001595,-1.0,1.0436,91.7045,4.1396,96.889,-1,0.0, -> [background only]
frame_001596,-1.0,0.924,90.7558,4.2422,95.9239,-1,0.0, -> [background only]
frame_001597,-1.0,1.0223,91.2761,4.1589,96.4587,-1,0.0, -> [background only]
frame_001598,-1.0,1.0249,90.9748,4.1787,96.1802,-1,0.0, -> [background only]
frame_001599,-1.0,0.9563,91.507,4.3098,96.7746,-1,0.0, -> [background only]
frame_001600,-1.0,1.145,91.1342,4.1646,96.4455,-1,0.0, -> [background only]
frame_001601,-1.0,0.9843,91.7331,4.0479,96.767,-1,0.0, -> [background only]
frame_001602,-1.0,1.0512,91.5071,4.203,96.7628,-1,0.0, -> [background only]
frame_001603,-1.0,1.064,92.0072,3.9698,97.0425,-1,0.0, -> [background only]
frame_001604,-1.0,1.1574,93.8221,4.1823,99.1631,-1,0.0, -> [background only]
frame_001605,-1.0,1.0914,92.0482,4.4088,97.55,-1,0.0, -> [background only]
frame_001606,-1.0,1.0186,91.3566,4.1846,96.5615,-1,0.0, -> [background only]
frame_001607,-1.0,0.9724,91.3369,4.0978,96.4086,-1,0.0, -> [background only]
frame_001608,-1.0,1.0664,90.9762,4.1239,96.1681,-1,0.0, -> [background only]
frame_001609,-1.0,0.96,91.0759,4.3017,96.3389,-1,0.0, -> [background only]
frame_001610,-1.0,1.0269,91.3969,4.1863,96.6118,-1,0.0, -> [background only]
frame_001611,-1.0,0.9597,91.5482,4.2838,96.7931,-1,0.0, -> [background only]
frame_001612,-1.0,0.9581,91.8987,4.2643,97.1231,-1,0.0, -> [background only]
frame_001613,-1.0,0.9698,92.056,4.2329,97.2602,-1,0.0, -> [background only]
frame_001614,-1.0,1.011,91.4138,4.1584,96.5846,-1,0.0, -> [background only]
frame_001615,-1.0,0.9471,91.4676,4.179,96.5954,-1,0.0, -> [background only]
frame_001616,-1.0,1.0382,91.2348,4.186,96.4602,-1,0.0, -> [background only]
frame_001617,-1.0,0.977,91.3884,5.6277,97.9945,-1,0.0, -> [background only]
frame_001618,-1.0,1.0965,92.0518,4.1119,97.2618,-1,0.0, -> [background only]
frame_001619,-1.0,1.0129,91.0136,4.3863,96.4139,-1,0.0, -> [background only]
frame_001620,-1.0,0.9863,92.0199,4.3495,97.357,-1,0.0, -> [background only]
frame_001621,-1.0,1.0613,92.2705,3.991,97.3244,-1,0.0, -> [background only]
frame_001622,-1.0,1.0096,91.1223,4.2135,96.347,-1,0.0, -> [background only]
frame_001623,-1.0,1.0688,91.9865,4.2151,97.2719,-1,0.0, -> [background only]
frame_001624,-1.0,0.9783,91.0817,4.1153,96.1772,-1,0.0, -> [background only]
frame_001625,-1.0,1.0418,91.8604,4.2565,97.1601,-1,0.0, -> [background only]
frame_001626,-1.0,0.9854,91.0107,4.1325,96.1297,-1,0.0, -> [background only]
frame_001627,-1.0,0.9714,91.7046,4.2393,96.9169,-1,0.0, -> [background only]
frame_001628,-1.0,0.9674,91.7543,4.074,96.7971,-1,0.0, -> [background only]
frame_001629,-1.0,0.968,90.9534,4.1326,96.0554,-1,0.0, -> [background only]
frame_001630,-1.0,1.0333,91.2281,4.2939,96.5568,-1,0.0, -> [background only]
frame_001631,-1.0,0.9826,91.3824,4.206,96.5724,-1,0.0, -> [background only]
frame_001632,-1.0,1.0278,91.1154,4.2299,96.3743,-1,0.0, -> [background only]
frame_001633,-1.0,1.0063,91.5678,4.2708,96.8464,-1,0.0, -> [background only]
frame_001634,-1.0,0.9764,91.5025,4.1364,96.6166,-1,0.0, -> [background only]
frame_001635,-1.0,0.9727,91.6742,4.2975,96.9458,-1,0.0, -> [background only]
frame_001636,-1.0,1.124,91.4351,4.043,96.6034,-1,0.0, -> [background only]
frame_001637,-1.0,0.9934,90.9401,4.2948,96.2296,-1,0.0, -> [background only]
frame_001638,-1.0,1.0006,92.2816,4.2534,97.537,-1,0.0, -> [background only]
frame_001639,-1.0,0.9731,91.2251,4.2491,96.4485,-1,0.0, -> [background only]
frame_001640,-1.0,0.9838,90.7142,4.193,95.8925,-1,0.0, -> [background only]
frame_001641,-1.0,0.9592,91.3286,4.0665,96.3557,-1,0.0, -> [background only]
frame_001642,-1.0,1.0083,91.4085,4.2682,96.6861,-1,0.0, -> [background only]
frame_001643,-1.0,0.9885,91.5992,4.1085,96.6974,-1,0.0, -> [background only]
frame_001644,-1.0,1.0501,92.0326,4.4075,97.4914,-1,0.0, -> [background only]
frame_001645,-1.0,0.9566,91.1081,4.1804,96.2462,-1,0.0, -> [background only]
frame_001646,-1.0,0.9837,91.6927,4.2901,96.9678,-1,0.0, -> [background only]
frame_001647,-1.0,0.9738,91.4626,4.3252,96.7631,-1,0.0, -> [background only]
frame_001648,-1.0,1.005,91.5811,4.2129,96.8003,-1,0.0, -> [background only]
frame_001649,-1.0,0.9816,91.237,4.1531,96.373,-1,0.0, -> [background only]
frame_001650,-1.0,1.0439,90.8203,4.066,95.9319,-1,0.0, -> [background only]
frame_001651,-1.0,0.9539,91.604,3.9719,96.5311,-1,0.0, -> [background only]
frame_001652,-1.0,0.9974,91.6887,4.192,96.8793,-1,0.0, -> [background only]
frame_001653,-1.0,1.053,92.1379,4.1536,97.3458,-1,0.0, -> [background only]
frame_001654,-1.0,1.1148,92.5545,4.2736,97.9444,-1,0.0, -> [background only]
frame_001655,-1.0,0.9797,92.1536,4.22,97.3546,-1,0.0, -> [background only]
frame_001656,-1.0,1.002,91.9976,4.1761,97.1771,-1,0.0, -> [background only]
frame_001657,-1.0,0.9912,91.7792,4.3373,97.1093,-1,0.0, -> [background only]
frame_001658,-1.0,0.9847,90.7729,4.3494,96.109,-1,0.0, -> [background only]
frame_001659,-1.0,2.1235,91.2856,4.2313,97.6421,-1,0.0, -> [background only]
frame_001660,-1.0,1.0426,90.4001,4.284,95.7284,-1,0.0, -> [background only]
frame_001661,-1.0,1.056,92.3017,4.1781,97.5371,-1,0.0, -> [background only]
frame_001662,-1.0,1.1448,91.5757,4.2864,97.0084,-1,0.0, -> [background only]
frame_001663,-1.0,1.066,91.6798,4.1885,96.9355,-1,0.0, -> [background only]
frame_001664,-1.0,1.1156,91.803,4.229,97.149,-1,0.0, -> [background only]
frame_001665,-1.0,1.0209,91.0927,4.1762,96.2911,-1,0.0, -> [background only]
frame_001666,-1.0,0.9949,91.3625,4.0992,96.4579,-1,0.0, -> [background only]
frame_001667,-1.0,3.6164,90.6868,4.3375,98.6424,-1,0.0, -> [background only]
frame_001668,-1.0,1.0312,91.0974,4.2551,96.3851,-1,0.0, -> [background only]
frame_001669,-1.0,1.0567,91.5679,4.2096,96.8356,-1,0.0, -> [background only]
frame_001670,-1.0,0.9913,91.0254,4.0302,96.0483,-1,0.0, -> [background only]
frame_001671,-1.0,0.9976,91.0423,5.443,97.4844,-1,0.0, -> [background only]
frame_001672,-1.0,1.1219,91.4804,4.2774,96.8811,-1,0.0, -> [background only]
frame_001673,-1.0,0.9699,91.2016,4.2639,96.4369,-1,0.0, -> [background only]
frame_001674,-1.0,0.9991,91.7318,4.1798,96.912,-1,0.0, -> [background only]
frame_001675,-1.0,1.0261,91.5113,4.1282,96.6668,-1,0.0, -> [background only]
frame_001676,-1.0,0.9447,91.2982,4.1907,96.4348,-1,0.0, -> [background only]
frame_001677,-1.0,1.0613,91.6338,4.2947,96.9911,-1,0.0, -> [background only]
frame_001678,-1.0,0.9686,91.6754,4.3131,96.9586,-1,0.0, -> [background only]
frame_001679,-1.0,1.0019,91.374,4.31,96.687,-1,0.0, -> [background only]
frame_001680,-1.0,1.0151,92.2621,4.4281,97.7066,-1,0.0, -> [background only]
frame_001681,-1.0,0.9956,92.1884,4.141,97.3267,-1,0.0, -> [background only]
frame_001682,-1.0,0.9889,92.1697,4.1441,97.3041,-1,0.0, -> [background only]
frame_001683,-1.0,1.0507,91.5352,4.187,96.7744,-1,0.0, -> [background only]
frame_001684,-1.0,1.0292,91.0537,4.2275,96.3117,-1,0.0, -> [background only]
frame_001685,-1.0,1.0156,91.4767,4.2802,96.7743,-1,0.0, -> [background only]
frame_001686,-1.0,1.0584,91.3417,4.3342,96.7362,-1,0.0, -> [background only]
frame_001687,-1.0,1.028,91.0236,4.121,96.1744,-1,0.0, -> [background only]
frame_001688,-1.0,0.9678,91.2281,4.1587,96.3563,-1,0.0, -> [background only]
frame_001689,-1.0,1.013,91.3336,4.1655,96.5139,-1,0.0, -> [background only]
frame_001690,-1.0,2.4545,91.08,4.1522,97.6887,-1,0.0, -> [background only]
frame_001691,-1.0,0.9619,91.6978,4.1076,96.769,-1,0.0, -> [background only]
frame_001692,-1.0,0.9942,91.4842,4.3073,96.7874,-1,0.0, -> [background only]
frame_001693,-1.0,0.9699,91.4501,4.3033,96.725,-1,0.0, -> [background only]
frame_001694,-1.0,1.0344,92.0601,4.1835,97.28,-1,0.0, -> [background only]
frame_001695,-1.0,1.0248,91.3934,4.2124,96.632,-1,0.0, -> [background only]
frame_001696,-1.0,0.9855,90.9648,4.2791,96.2313,-1,0.0, -> [background only]
frame_001697,-1.0,0.9493,92.6771,4.1915,97.8193,-1,0.0, -> [background only]
frame_001698,-1.0,1.0564,91.2164,4.0757,96.3498,-1,0.0, -> [background only]
frame_001699,-1.0,0.9793,91.55,4.2034,96.7342,-1,0.0, -> [background only]
frame_001700,-1.0,0.9618,91.7886,4.0481,96.7999,-1,0.0, -> [background only]
frame_001701,-1.0,1.0289,91.4442,4.1225,96.597,-1,0.0, -> [background only]
frame_001702,-1.0,0.9864,91.5171,4.455,96.9601,-1,0.0, -> [background only]
frame_001703,-1.0,1.0782,91.2356,4.172,96.4869,-1,0.0, -> [background only]
frame_001704,-1.0,1.0886,91.7216,4.2093,97.0208,-1,0.0, -> [background only]
frame_001705,-1.0,1.0018,91.2083,4.3087,96.5202,-1,0.0, -> [background only]
frame_001706,-1.0,0.9686,91.4537,4.0946,96.5182,-1,0.0, -> [background only]
frame_001707,-1.0,0.9867,91.0646,4.3355,96.3878,-1,0.0, -> [background only]
frame_001708,-1.0,1.0369,91.6939,4.136,96.8682,-1,0.0, -> [background only]
frame_001709,-1.0,1.0152,91.6847,4.2857,96.987,-1,0.0, -> [background only]
frame_001710,-1.0,1.0173,91.5976,4.3252,96.9415,-1,0.0, -> [background only]
frame_001711,-1.0,1.0466,92.964,4.096,98.1079,-1,0.0, -> [background only]
frame_001712,-1.0,1.0112,91.2745,4.1594,96.4467,-1,0.0, -> [background only]
frame_001713,-1.0,0.995,92.0636,4.2507,97.3108,-1,0.0, -> [background only]
frame_001714,-1.0,1.0718,90.7276,4.2321,96.033,-1,0.0, -> [background only]
frame_001715,-1.0,0.9745,91.5631,4.274,96.813,-1,0.0, -> [background only]
frame_001716,-1.0,1.0438,91.0933,4.115,96.2537,-1,0.0, -> [background only]
frame_001717,-1.0,1.0113,90.8805,4.0907,95.9845,-1,0.0, -> [background only]
frame_001718,-1.0,0.9502,91.5606,4.1893,96.7017,-1,0.0, -> [background only]
frame_001719,-1.0,1.0431,91.4944,4.1304,96.6692,-1,0.0, -> [background only]
frame_001720,-1.0,0.9707,91.0128,4.3037,96.2886,-1,0.0, -> [background only]
frame_001721,-1.0,0.9995,91.2297,4.3083,96.5391,-1,0.0, -> [background only]
frame_001722,-1.0,1.0445,91.1145,4.2115,96.3717,-1,0.0, -> [background only]
frame_001723,-1.0,1.0503,92.3335,3.9701,97.3553,-1,0.0, -> [background only]
frame_001724,-1.0,1.0262,91.4416,4.1574,96.6263,-1,0.0, -> [background only]
frame_001725,-1.0,0.982,91.572,4.3416,96.897,-1,0.0, -> [background only]
frame_001726,-1.0,0.9526,91.5021,4.2901,96.746,-1,0.0, -> [background only]
frame_001727,-1.0,0.9455,90.9398,4.2535,96.1401,-1,0.0, -> [background only]
frame_001728,-1.0,0.9827,91.0385,5.8513,97.8741,-1,0.0, -> [background only]
frame_001729,-1.0,1.1141,91.4411,4.2461,96.8028,-1,0.0, -> [background only]
frame_001730,-1.0,0.933,90.8924,4.1165,95.943,-1,0.0, -> [background only]
frame_001731,-1.0,1.0435,91.5066,4.1997,96.7513,-1,0.0, -> [background only]
frame_001732,-1.0,0.9681,90.9644,4.2024,96.1361,-1,0.0, -> [background only]
frame_001733,-1.0,0.9485,92.2268,6.2097,99.3865,-1,0.0, -> [background only]
frame_001734,-1.0,1.108,90.9505,4.4685,96.5286,-1,0.0, -> [background only]
frame_001735,-1.0,0.9842,91.1973,4.2287,96.4116,-1,0.0, -> [background only]
frame_001736,-1.0,0.932,90.9947,4.1195,96.0477,-1,0.0, -> [background only]
frame_001737,-1.0,1.0399,90.8164,4.4034,96.261,-1,0.0, -> [background only]
frame_001738,-1.0,0.9623,91.0647,4.2773,96.3058,-1,0.0, -> [background only]
frame_001739,-1.0,0.9705,91.5779,4.2231,96.7728,-1,0.0, -> [background only]
frame_001740,-1.0,0.9898,91.1994,4.268,96.4587,-1,0.0, -> [background only]
frame_001741,-1.0,1.0318,91.469,4.2004,96.703,-1,0.0, -> [background only]
frame_001742,-1.0,0.9513,91.5978,4.3522,96.9023,-1,0.0, -> [background only]
frame_001743,-1.0,0.9683,91.5786,4.1726,96.721,-1,0.0, -> [background only]
frame_001744,-1.0,0.9769,91.1982,4.2036,96.3802,-1,0.0, -> [background only]
frame_001745,-1.0,0.9641,91.7797,4.1621,96.9072,-1,0.0, -> [background only]
frame_001746,-1.0,1.0126,91.3278,4.4989,96.8406,-1,0.0, -> [background only]
frame_001747,-1.0,1.1077,90.8369,4.1932,96.1397,-1,0.0, -> [background only]
frame_001748,-1.0,1.0158,90.795,4.2789,96.0911,-1,0.0, -> [background only]
frame_001749,-1.0,0.9662,91.0647,4.147,96.1795,-1,0.0, -> [background only]
frame_001750,-1.0,1.015,91.0508,4.0685,96.1357,-1,0.0, -> [background only]
frame_001751,-1.0,0.9681,90.7719,4.3014,96.0427,-1,0.0, -> [background only]
frame_001752,-1.0,1.0273,91.681,4.2561,96.9657,-1,0.0, -> [background only]
frame_001753,-1.0,0.9558,91.1033,4.3032,96.3637,-1,0.0, -> [background only]
frame_001754,-1.0,0.9593,91.6042,4.2229,96.7877,-1,0.0, -> [background only]
frame_001755,-1.0,1.0535,91.3726,4.3342,96.7618,-1,0.0, -> [background only]
frame_001756,-1.0,0.9625,91.4126,4.1835,96.5598,-1,0.0, -> [background only]
frame_001757,-1.0,0.9518,91.6006,4.3551,96.9087,-1,0.0, -> [background only]
frame_001758,-1.0,1.0001,91.4784,4.1706,96.6506,-1,0.0, -> [background only]
frame_001759,-1.0,1.0016,90.9558,5.3782,97.3374,-1,0.0, -> [background only]
frame_001760,-1.0,1.0755,88.9692,4.3515,94.3979,-1,0.0, -> [background only]
frame_001761,-1.0,0.9292,88.9022,4.2917,94.1249,-1,0.0, -> [background only]
frame_001762,-1.0,0.9651,89.367,4.4205,94.7539,-1,0.0, -> [background only]
frame_001763,-1.0,0.9042,88.9689,4.2962,94.1714,-1,0.0, -> [background only]
frame_001764,-1.0,0.9115,88.0649,4.2195,93.198,-1,0.0, -> [background only]
frame_001765,-1.0,0.9629,90.0123,4.4096,95.3867,-1,0.0, -> [background only]
frame_001766,-1.0,0.9884,90.2867,4.4632,95.7405,-1,0.0, -> [background only]
frame_001767,-1.0,1.0475,89.3678,4.2619,94.6793,-1,0.0, -> [background only]
frame_001768,-1.0,0.8999,88.8628,4.42,94.1848,-1,0.0, -> [background only]
frame_001769,-1.0,0.8977,89.0184,4.3514,94.2689,-1,0.0, -> [background only]
frame_001770,-1.0,0.8965,88.4314,4.2123,93.5425,-1,0.0, -> [background only]
frame_001771,-1.0,2.1476,89.8397,4.4018,96.3906,-1,0.0, -> [background only]
frame_001772,-1.0,0.9003,89.736,4.4013,95.0394,-1,0.0, -> [background only]
frame_001773,-1.0,0.9662,88.9523,4.2284,94.1482,-1,0.0, -> [background only]
frame_001774,-1.0,0.9382,88.6789,4.5153,94.1341,-1,0.0, -> [background only]
frame_001775,-1.0,0.9045,89.2181,4.3446,94.4689,-1,0.0, -> [background only]
frame_001776,-1.0,0.8754,89.408,4.3955,94.6803,-1,0.0, -> [background only]
frame_001777,-1.0,1.017,89.3862,4.3178,94.7224,-1,0.0, -> [background only]
frame_001778,-1.0,0.9445,89.2357,4.492,94.6737,-1,0.0, -> [background only]
frame_001779,-1.0,0.8354,89.027,4.5361,94.4004,-1,0.0, -> [background only]
frame_001780,-1.0,0.9215,89.3567,4.2068,94.4865,-1,0.0, -> [background only]
frame_001781,-1.0,0.8789,89.5458,4.3133,94.7398,-1,0.0, -> [background only]
frame_001782,-1.0,0.9104,89.7054,4.4318,95.0495,-1,0.0, -> [background only]
frame_001783,-1.0,0.9028,89.1138,4.1819,94.1999,-1,0.0, -> [background only]
frame_001784,-1.0,0.8666,88.6205,4.2997,93.7883,-1,0.0, -> [background only]
frame_001785,-1.0,0.9464,89.1017,4.382,94.4315,-1,0.0, -> [background only]
frame_001786,-1.0,0.8884,88.4073,4.3611,93.6584,-1,0.0, -> [background only]
frame_001787,-1.0,0.8713,89.4454,4.3512,94.6697,-1,0.0, -> [background only]
frame_001788,-1.0,0.9127,89.4461,4.2874,94.6479,-1,0.0, -> [background only]
frame_001789,-1.0,0.8956,88.6871,4.2921,93.8765,-1,0.0, -> [background only]
frame_001790,-1.0,0.8807,89.0388,4.4301,94.351,-1,0.0, -> [background only]
frame_001791,-1.0,1.0299,88.984,4.4315,94.4468,-1,0.0, -> [background only]
frame_001792,-1.0,0.8852,88.3969,4.4083,93.6919,-1,0.0, -> [background only]
frame_001793,-1.0,0.9272,88.8092,4.5116,94.2497,-1,0.0, -> [background only]
frame_001794,-1.0,1.0233,88.5037,4.5748,94.1033,-1,0.0, -> [tvmonitor (Right): 17%]
frame_001795,-1.0,0.915,88.582,4.572,94.0703,-1,0.0, -> [tvmonitor (Right): 35%]
frame_001796,-1.0,0.8969,89.4113,4.3748,94.6847,-1,0.0, -> [tvmonitor (Right): 44%]
frame_001797,-1.0,0.9591,88.9035,4.4961,94.3601,-1,0.0, -> [tvmonitor (Right): 4%]
frame_001798,-1.0,0.8951,89.1826,4.4387,94.5177,-1,0.0, -> [background only]
frame_001799,-1.0,0.8983,89.2462,4.0612,94.2068,-1,0.0, -> [background only]
frame_001800,-1.0,0.9783,89.6019,4.3851,94.9666,-1,0.0, -> [background only]
frame_001801,-1.0,0.9602,89.2072,4.653,94.8223,-1,0.0, -> [tvmonitor (Center): 1%]
frame_001802,-1.0,0.9346,89.6063,4.5498,95.0925,-1,0.0, -> [tvmonitor (Center): 83%]
frame_001803,-1.0,0.9921,89.6435,4.4145,95.0516,-1,0.0, -> [background only]
frame_001804,-1.0,0.9205,88.3057,4.5207,93.7483,-1,0.0, -> [background only]
frame_001805,-1.0,0.9286,89.1888,4.1762,94.2952,-1,0.0, -> [background only]
frame_001806,-1.0,0.9314,88.5165,4.5251,93.9745,-1,0.0, -> [background only]
frame_001807,-1.0,0.894,88.7199,4.303,93.9182,-1,0.0, -> [background only]
frame_001808,-1.0,0.9553,88.9972,4.2533,94.2074,-1,0.0, -> [background only]
frame_001809,-1.0,0.8913,88.7085,4.4026,94.0041,-1,0.0, -> [background only]
frame_001810,-1.0,0.8712,90.1923,4.3894,95.4545,-1,0.0, -> [background only]
frame_001811,-1.0,1.0117,89.289,4.6724,94.9748,-1,0.0, -> [train (Center): 99%]
frame_001812,-1.0,0.9043,88.6143,4.5342,94.0549,-1,0.0, -> [train (Center): 95%]
frame_001813,-1.0,0.883,89.018,4.3002,94.2029,-1,0.0, -> [background only]
frame_001814,-1.0,0.9769,88.1768,4.3829,93.5382,-1,0.0, -> [background only]
frame_001815,-1.0,0.8915,88.896,4.4717,94.2609,-1,0.0, -> [background only]
frame_001816,-1.0,0.8775,89.1407,4.2659,94.2851,-1,0.0, -> [background only]
frame_001817,-1.0,0.9693,88.8546,4.5509,94.3763,-1,0.0, -> [background only]
frame_001818,-1.0,0.8657,88.46,4.4779,93.8051,-1,0.0, -> [background only]
frame_001819,-1.0,0.8545,88.3196,4.2908,93.4663,-1,0.0, -> [background only]
frame_001820,-1.0,0.8973,89.6052,4.3573,94.8615,-1,0.0, -> [background only]
frame_001821,-1.0,0.9609,89.3252,4.4827,94.7699,-1,0.0, -> [chair (Right): 1%]
frame_001822,-1.0,1.0779,89.998,4.6368,95.7143,-1,0.0, -> [chair (Right): 3%]
frame_001823,-1.0,1.0042,89.9821,4.5594,95.5471,-1,0.0, -> [chair (Right): 4%]
frame_001824,-1.0,0.9666,89.9398,4.5472,95.4548,-1,0.0, -> [chair (Right): 4%]
frame_001825,-1.0,0.9332,89.28,4.4486,94.663,-1,0.0, -> [chair (Right): 1%]
frame_001826,-1.0,0.9611,89.5252,4.6388,95.1267,-1,0.0, -> [chair (Right): 12%]
frame_001827,-1.0,0.9778,89.7466,4.5123,95.2377,-1,0.0, -> [chair (Right): 12%]
frame_001828,-1.0,0.9442,89.2567,4.5269,94.7292,-1,0.0, -> [chair (Right): 12%]
frame_001829,-1.0,1.0162,88.8357,4.6372,94.4907,-1,0.0, -> [chair (Right): 11%]
frame_001830,-1.0,0.951,90.2256,4.3666,95.5446,-1,0.0, -> [chair (Center): 10%]
frame_001831,-1.0,0.9534,89.3827,4.3481,94.6856,-1,0.0, -> [chair (Center): 9%]
frame_001832,-1.0,0.8918,89.5665,4.6465,95.1063,-1,0.0, -> [chair (Center): 9%]
frame_001833,-1.0,0.9824,89.9333,4.3763,95.2936,-1,0.0, -> [chair (Center): 9%]
frame_001834,-1.0,0.9219,89.4084,4.3726,94.7047,-1,0.0," -> [chair (Center): 8%, tvmonitor (Top): 1%]"
frame_001835,-1.0,0.9076,88.9493,5.1196,94.9785,-1,0.0," -> [chair (Left): 9%, tvmonitor (Top): 1%]"
frame_001836,-1.0,1.0825,89.6725,4.662,95.4188,-1,0.0," -> [chair (Left): 7%, tvmonitor (Top): 2%]"
frame_001837,-1.0,0.9297,89.9863,4.6584,95.5763,-1,0.0," -> [chair (Left): 8%, tvmonitor (Top): 2%]"
frame_001838,-1.0,0.9749,90.3374,4.3613,95.6751,-1,0.0," -> [chair (Left): 10%, tvmonitor (Top): 3%]"
frame_001839,-1.0,0.9191,90.0469,4.4623,95.43,-1,0.0," -> [chair (Left): 6%, tvmonitor (Top): 1%]"
frame_001840,-1.0,0.9113,89.766,4.5717,95.2508,-1,0.0, -> [chair (Left): 4%]
frame_001841,-1.0,0.9555,91.2684,4.4847,96.7102,-1,0.0, -> [chair (Left): 5%]
frame_001842,-1.0,0.9699,90.4996,4.41,95.8816,-1,0.0, -> [background only]
frame_001843,-1.0,0.9402,89.1,4.3064,94.3481,-1,0.0, -> [background only]
frame_001844,-1.0,0.9991,89.9236,4.4096,95.3339,-1,0.0, -> [background only]
frame_001845,-1.0,0.9435,89.315,4.3145,94.5748,-1,0.0, -> [background only]
frame_001846,-1.0,0.8718,89.4916,4.4156,94.7801,-1,0.0, -> [background only]
frame_001847,-1.0,0.9418,89.4852,4.4306,94.8593,-1,0.0," -> [car (Right): 1%, person (Top-Left): 1%]"
frame_001848,-1.0,0.9104,88.8664,4.6147,94.3935,-1,0.0, -> [car (Right): 1%]
frame_001849,-1.0,0.8819,89.5823,4.341,94.8068,-1,0.0, -> [background only]
frame_001850,-1.0,0.9487,89.3362,4.6511,94.9374,-1,0.0," -> [chair (Left): 1%, person (Top-Left): 1%]"
frame_001851,-1.0,0.9945,89.5428,4.3583,94.8974,-1,0.0, -> [background only]
frame_001852,-1.0,0.8965,90.6665,4.3536,95.9185,-1,0.0, -> [chair (Left): 5%]
frame_001853,-1.0,0.93,89.5442,4.2945,94.7705,-1,0.0, -> [chair (Left): 1%]
frame_001854,-1.0,0.9361,89.3076,4.1988,94.4448,-1,0.0, -> [background only]
frame_001855,-1.0,0.9062,89.6557,4.2686,94.8325,-1,0.0, -> [background only]
frame_001856,-1.0,0.9441,90.1474,4.3442,95.4373,-1,0.0, -> [background only]
frame_001857,-1.0,0.9274,89.6959,6.2988,96.9245,-1,0.0, -> [chair (Left): 1%]
frame_001858,-1.0,1.0491,89.5282,4.5288,95.1084,-1,0.0, -> [chair (Left): 4%]
frame_001859,-1.0,0.9568,89.7224,4.6001,95.2812,-1,0.0, -> [chair (Left): 2%]
frame_001860,-1.0,0.9371,89.6701,4.5497,95.1584,-1,0.0, -> [chair (Left): 2%]
frame_001861,-1.0,0.99,89.9277,4.4731,95.3929,-1,0.0, -> [chair (Left): 4%]
frame_001862,-1.0,0.907,89.6158,4.6715,95.1962,-1,0.0, -> [chair (Left): 9%]
frame_001863,-1.0,0.9652,89.8388,4.4969,95.3026,-1,0.0, -> [chair (Left): 10%]
frame_001864,-1.0,0.9585,89.5178,4.6135,95.0915,-1,0.0, -> [chair (Left): 11%]
frame_001865,-1.0,0.9335,89.6482,4.6021,95.1855,-1,0.0, -> [chair (Left): 14%]
frame_001866,-1.0,0.9844,90.2261,4.6288,95.8407,-1,0.0," -> [car (Right): 1%, chair (Left): 11%]"
frame_001867,-1.0,0.9175,89.5818,4.4742,94.9749,-1,0.0, -> [chair (Left): 3%]
frame_001868,-1.0,0.9862,90.2583,4.4676,95.7137,-1,0.0, -> [chair (Left): 4%]
frame_001869,-1.0,0.9951,89.3581,4.458,94.8128,-1,0.0, -> [chair (Left): 8%]
frame_001870,-1.0,0.9342,89.0296,4.6837,94.649,-1,0.0, -> [chair (Left): 9%]
frame_001871,-1.0,0.9195,89.3756,4.7677,95.0643,-1,0.0, -> [chair (Left): 4%]
frame_001872,-1.0,0.8983,89.405,4.5201,94.8248,-1,0.0," -> [chair (Left): 3%, tvmonitor (Left): 3%]"
frame_001873,-1.0,0.9163,89.0225,4.699,94.6395,-1,0.0," -> [chair (Left): 2%, tvmonitor (Left): 2%]"
frame_001874,-1.0,0.9781,89.5497,4.5806,95.1101,-1,0.0," -> [chair (Left): 4%, tvmonitor (Bottom-Left): 1%]"
frame_001875,-1.0,0.902,89.4703,4.6054,94.9793,-1,0.0," -> [chair (Left): 4%, tvmonitor (Bottom-Left): 1%]"
frame_001876,-1.0,0.9683,89.1521,4.6357,94.7577,-1,0.0," -> [chair (Left): 3%, tvmonitor (Left): 2%]"
frame_001877,-1.0,0.9068,89.3796,4.5681,94.8559,-1,0.0," -> [chair (Left): 4%, tvmonitor (Left): 2%]"
frame_001878,-1.0,0.9203,88.9532,4.7318,94.6066,-1,0.0, -> [chair (Left): 5%]
frame_001879,-1.0,0.9049,89.4334,4.785,95.1253,-1,0.0," -> [chair (Left): 5%, tvmonitor (Left): 1%]"
frame_001880,-1.0,1.0464,88.7786,4.3738,94.2001,-1,0.0, -> [chair (Left): 5%]
frame_001881,-1.0,0.9075,88.9457,4.513,94.3678,-1,0.0, -> [chair (Left): 6%]
frame_001882,-1.0,0.9763,89.6805,4.5431,95.2011,-1,0.0, -> [chair (Left): 4%]
frame_001883,-1.0,0.9848,88.7907,4.5269,94.304,-1,0.0, -> [chair (Left): 6%]
frame_001884,-1.0,0.9832,89.4597,4.5514,94.9954,-1,0.0, -> [chair (Left): 6%]
frame_001885,-1.0,1.0001,89.4721,4.4947,94.968,-1,0.0, -> [chair (Left): 6%]
frame_001886,-1.0,1.007,89.3261,4.4519,94.7864,-1,0.0, -> [chair (Left): 9%]
frame_001887,-1.0,0.9265,89.1988,4.7582,94.8852,-1,0.0, -> [chair (Left): 10%]
frame_001888,-1.0,0.9016,89.0194,4.7216,94.6441,-1,0.0, -> [chair (Left): 8%]
frame_001889,-1.0,0.9771,89.0297,4.6095,94.6177,-1,0.0, -> [chair (Left): 9%]
frame_001890,-1.0,0.9046,88.9718,4.3672,94.2451,-1,0.0, -> [chair (Left): 10%]
frame_001891,-1.0,0.9192,89.4234,4.4403,94.7846,-1,0.0, -> [chair (Left): 10%]
frame_001892,-1.0,0.919,88.7816,4.7253,94.4276,-1,0.0, -> [chair (Left): 10%]
frame_001893,-1.0,0.921,88.4117,4.3556,93.6902,-1,0.0, -> [chair (Left): 9%]
frame_001894,-1.0,0.9112,89.4206,4.6018,94.935,-1,0.0, -> [chair (Left): 10%]
frame_001895,-1.0,0.9464,89.2015,4.5413,94.6913,-1,0.0, -> [chair (Left): 10%]
frame_001896,-1.0,0.8838,91.0615,4.4433,96.3899,-1,0.0, -> [chair (Left): 10%]
frame_001897,-1.0,1.0686,89.4431,4.4878,95.0012,-1,0.0, -> [chair (Left): 6%]
frame_001898,-1.0,0.9131,88.8558,4.4424,94.2128,-1,0.0, -> [chair (Left): 4%]
frame_001899,-1.0,0.8983,89.4666,4.4689,94.8358,-1,0.0, -> [background only]
frame_001900,-1.0,1.0342,89.4662,4.3259,94.8281,-1,0.0, -> [background only]
frame_001901,-1.0,0.9064,88.6627,4.5526,94.1232,-1,0.0, -> [car (Bottom): 3%]
frame_001902,-1.0,0.9408,88.9438,4.5186,94.4048,-1,0.0, -> [car (Bottom): 3%]
frame_001903,-1.0,0.9152,88.9593,4.437,94.3133,-1,0.0, -> [car (Bottom-Left): 4%]
frame_001904,-1.0,0.928,88.9493,4.5449,94.4238,-1,0.0, -> [chair (Right): 1%]
frame_001905,-1.0,1.0029,88.426,4.6738,94.104,-1,0.0, -> [chair (Right): 1%]
frame_001906,-1.0,0.8968,88.5213,4.5495,93.9691,-1,0.0, -> [chair (Right): 1%]
frame_001907,-1.0,0.9544,88.6005,5.998,95.5544,-1,0.0, -> [chair (Center): 1%]
frame_001908,-1.0,1.0273,88.7688,4.3423,94.1401,-1,0.0, -> [chair (Center): 1%]
frame_001909,-1.0,0.9207,88.8362,4.4807,94.2392,-1,0.0, -> [background only]
frame_001910,-1.0,0.9082,89.5298,4.1768,94.6162,-1,0.0, -> [background only]
frame_001911,-1.0,0.9968,88.836,4.4433,94.2777,-1,0.0, -> [chair (Center): 1%]
frame_001912,-1.0,0.9795,88.64,4.5201,94.141,-1,0.0," -> [chair (Center): 1%, person (Right): 1%]"
frame_001913,-1.0,0.9515,89.8161,4.5597,95.3289,-1,0.0, -> [chair (Left): 1%]
frame_001914,-1.0,0.9652,88.9743,4.8036,94.7443,-1,0.0," -> [chair (Left): 1%, person (Center): 1%]"
frame_001915,-1.0,0.9193,90.4106,4.745,96.0762,-1,0.0, -> [chair (Left): 1%]
frame_001916,-1.0,1.0626,89.2162,4.5849,94.8652,-1,0.0, -> [chair (Left): 1%]
frame_001917,-1.0,0.9032,89.4429,4.5017,94.8489,-1,0.0, -> [chair (Center): 4%]
frame_001918,-1.0,0.9575,89.6882,4.5453,95.1922,-1,0.0, -> [chair (Center): 4%]
frame_001919,-1.0,0.9612,89.5144,4.4964,94.9733,-1,0.0, -> [chair (Center): 3%]
frame_001920,-1.0,0.9528,89.2208,4.4573,94.6327,-1,0.0, -> [chair (Center): 4%]
frame_001921,-1.0,0.9497,89.2583,4.533,94.7424,-1,0.0, -> [chair (Center): 5%]
frame_001922,-1.0,0.9457,89.528,4.5533,95.0288,-1,0.0, -> [chair (Left): 2%]
frame_001923,-1.0,0.919,89.6485,4.5376,95.1067,-1,0.0, -> [chair (Center): 6%]
frame_001924,-1.0,0.9439,88.8988,4.9581,94.8029,-1,0.0, -> [chair (Center): 7%]
frame_001925,-1.0,1.0482,88.8968,4.4902,94.437,-1,0.0, -> [chair (Center): 3%]
frame_001926,-1.0,0.9699,89.0497,4.6351,94.6562,-1,0.0, -> [chair (Left): 3%]
frame_001927,-1.0,0.9127,89.3283,4.4869,94.7296,-1,0.0, -> [chair (Center): 4%]
frame_001928,-1.0,0.9202,89.3582,4.4725,94.7529,-1,0.0, -> [chair (Center): 6%]
frame_001929,-1.0,0.929,89.315,4.4197,94.666,-1,0.0, -> [chair (Center): 5%]
frame_001930,-1.0,0.911,89.8798,4.4877,95.2805,-1,0.0, -> [chair (Center): 7%]
frame_001931,-1.0,0.9046,89.6158,4.7052,95.2281,-1,0.0," -> [chair (Center): 7%, pottedplant (Bottom-Left): 1%]"
frame_001932,-1.0,0.9558,89.4155,4.4601,94.8333,-1,0.0, -> [chair (Center): 5%]
frame_001933,-1.0,1.0117,89.8896,4.5785,95.4816,-1,0.0, -> [chair (Left): 3%]
frame_001934,-1.0,0.891,89.1492,4.5379,94.58,-1,0.0, -> [chair (Center): 5%]
frame_001935,-1.0,0.9235,89.4316,4.5834,94.9404,-1,0.0, -> [chair (Center): 5%]
frame_001936,-1.0,1.0497,88.8042,4.4561,94.3122,-1,0.0, -> [chair (Left): 3%]
frame_001937,-1.0,0.9066,88.6506,4.472,94.0313,-1,0.0, -> [chair (Left): 5%]
frame_001938,-1.0,0.9511,89.5966,4.3816,94.9314,-1,0.0, -> [chair (Left): 7%]
frame_001939,-1.0,0.9121,89.7919,4.3947,95.1003,-1,0.0, -> [chair (Left): 5%]
frame_001940,-1.0,1.0309,88.7966,4.7053,94.5346,-1,0.0, -> [chair (Center): 8%]
frame_001941,-1.0,0.9626,90.5287,4.6144,96.1071,-1,0.0, -> [chair (Center): 7%]
frame_001942,-1.0,0.9248,89.4096,4.6518,94.9878,-1,0.0, -> [chair (Left): 4%]
frame_001943,-1.0,0.9677,89.488,4.4492,94.9063,-1,0.0, -> [chair (Left): 4%]
frame_001944,-1.0,0.9384,89.6389,4.6512,95.2297,-1,0.0, -> [chair (Left): 3%]
frame_001945,-1.0,0.8964,89.4119,4.6412,94.9509,-1,0.0, -> [chair (Left): 3%]
frame_001946,-1.0,0.9765,89.0682,5.5734,95.6201,-1,0.0, -> [chair (Left): 3%]
frame_001947,-1.0,1.1187,89.4022,4.6394,95.1615,-1,0.0, -> [chair (Left): 3%]
frame_001948,-1.0,1.0123,89.0069,4.4231,94.4443,-1,0.0, -> [chair (Left): 2%]
frame_001949,-1.0,0.957,89.5581,4.6008,95.1176,-1,0.0, -> [chair (Left): 3%]
frame_001950,-1.0,0.9675,89.1447,4.4966,94.6107,-1,0.0, -> [chair (Left): 3%]
frame_001951,-1.0,0.9047,89.4448,4.4702,94.8216,-1,0.0, -> [chair (Left): 3%]
frame_001952,-1.0,0.9283,89.4666,4.4773,94.8738,-1,0.0, -> [chair (Left): 1%]
frame_001953,-1.0,0.981,88.6492,4.5323,94.1642,-1,0.0, -> [chair (Left): 1%]
frame_001954,-1.0,0.9023,88.5273,4.4479,93.8794,-1,0.0, -> [chair (Left): 1%]
frame_001955,-1.0,0.9456,89.3404,4.5644,94.8517,-1,0.0, -> [chair (Left): 1%]
frame_001956,-1.0,0.9166,89.7257,4.7005,95.3444,-1,0.0, -> [chair (Left): 1%]
frame_001957,-1.0,0.9189,90.3436,4.4412,95.7056,-1,0.0, -> [background only]
frame_001958,-1.0,1.0364,89.4328,4.5118,94.9825,-1,0.0, -> [background only]
frame_001959,-1.0,0.9205,89.3654,4.4191,94.7063,-1,0.0, -> [background only]
frame_001960,-1.0,0.8763,90.9293,4.4178,96.225,-1,0.0, -> [background only]
frame_001961,-1.0,0.9497,89.9861,4.5252,95.4626,-1,0.0, -> [background only]
frame_001962,-1.0,0.9024,89.3236,4.5116,94.739,-1,0.0, -> [background only]
frame_001963,-1.0,0.8851,90.2124,4.2106,95.3097,-1,0.0, -> [background only]
frame_001964,-1.0,0.9269,88.8441,4.6059,94.3784,-1,0.0, -> [chair (Center): 1%]
frame_001965,-1.0,0.9389,89.7977,4.4317,95.1699,-1,0.0, -> [background only]
frame_001966,-1.0,0.8808,90.7167,4.4088,96.0079,-1,0.0, -> [background only]
frame_001967,-1.0,0.924,89.7259,4.3698,95.0212,-1,0.0, -> [background only]
frame_001968,-1.0,0.9072,88.5286,4.7071,94.1446,-1,0.0, -> [chair (Left): 1%]
frame_001969,-1.0,2.5658,90.409,4.6053,97.582,-1,0.0, -> [chair (Center): 8%]
frame_001970,-1.0,1.0092,88.9466,4.2302,94.1877,-1,0.0, -> [chair (Left): 2%]
frame_001971,-1.0,0.925,88.9309,4.5816,94.4389,-1,0.0, -> [chair (Center): 7%]
frame_001972,-1.0,0.8891,91.5201,4.3648,96.7755,-1,0.0, -> [chair (Center): 7%]
frame_001973,-1.0,0.9457,89.0069,4.2015,94.1556,-1,0.0, -> [chair (Left): 2%]
frame_001974,-1.0,0.9072,89.5405,4.5319,94.9813,-1,0.0, -> [chair (Left): 2%]
frame_001975,-1.0,0.8861,89.0247,4.7153,94.6274,-1,0.0, -> [chair (Left): 5%]
frame_001976,-1.0,0.9243,89.0549,4.3961,94.3765,-1,0.0, -> [chair (Left): 2%]
frame_001977,-1.0,0.9654,89.6742,4.5022,95.1433,-1,0.0, -> [chair (Left): 2%]
frame_001978,-1.0,0.9153,89.4595,4.4768,94.8535,-1,0.0, -> [background only]
frame_001979,-1.0,0.9008,89.4902,4.0941,94.4863,-1,0.0, -> [background only]
frame_001980,-1.0,0.9222,90.2491,4.4323,95.6053,-1,0.0, -> [background only]
frame_001981,-1.0,0.8882,88.4431,4.5022,93.8352,-1,0.0, -> [chair (Center): 4%]
frame_001982,-1.0,0.8923,89.8815,4.4234,95.1994,-1,0.0, -> [chair (Center): 7%]
frame_001983,-1.0,1.0284,89.6557,4.1988,94.8846,-1,0.0, -> [background only]
frame_001984,-1.0,0.9497,88.8509,4.4736,94.2758,-1,0.0, -> [background only]
frame_001985,-1.0,0.9394,88.6082,4.435,93.9842,-1,0.0, -> [background only]
frame_001986,-1.0,1.0174,89.8522,4.5043,95.3759,-1,0.0, -> [chair (Center): 6%]
frame_001987,-1.0,0.9428,88.8273,4.5802,94.3522,-1,0.0, -> [chair (Center): 4%]
frame_001988,-1.0,0.9016,90.3883,4.3921,95.6836,-1,0.0, -> [background only]
frame_001989,-1.0,0.9346,88.9248,4.3508,94.212,-1,0.0, -> [background only]
frame_001990,-1.0,0.9048,89.1013,4.3531,94.3607,-1,0.0, -> [background only]
frame_001991,-1.0,0.9039,91.1408,4.3503,96.3966,-1,0.0, -> [background only]
frame_001992,-1.0,0.8976,89.22,4.1925,94.3116,-1,0.0, -> [background only]
frame_001993,-1.0,0.9031,90.2626,4.4618,95.6293,-1,0.0, -> [background only]
frame_001994,-1.0,1.0246,89.6096,4.283,94.9185,-1,0.0, -> [background only]
frame_001995,-1.0,0.8954,89.276,4.5774,94.7502,-1,0.0, -> [chair (Center): 1%]
frame_001996,-1.0,0.9347,89.3698,4.3698,94.6755,-1,0.0, -> [chair (Center): 3%]
frame_001997,-1.0,0.9831,89.5712,4.4808,95.0366,-1,0.0, -> [background only]
frame_001998,-1.0,0.8759,89.2659,4.5978,94.7411,-1,0.0, -> [background only]
frame_001999,-1.0,0.9726,89.4068,4.4142,94.7953,-1,0.0, -> [chair (Center): 2%]
frame_002000,-1.0,0.958,89.742,4.5038,95.2049,-1,0.0, -> [chair (Center): 7%]
frame_002001,-1.0,0.9279,88.5119,4.5796,94.0209,-1,0.0, -> [chair (Center): 15%]
frame_002002,-1.0,0.9171,91.387,4.5067,96.8127,-1,0.0, -> [chair (Center): 19%]
frame_002003,-1.0,1.0484,90.1826,4.6709,95.9038,-1,0.0, -> [chair (Center): 11%]
frame_002004,-1.0,0.967,89.2227,4.6256,94.8173,-1,0.0, -> [chair (Center): 13%]
frame_002005,-1.0,2.0138,89.7007,4.3659,96.0825,-1,0.0, -> [chair (Center): 9%]
frame_002006,-1.0,0.966,88.9199,4.6091,94.4971,-1,0.0, -> [chair (Center): 37%]
frame_002007,-1.0,0.9021,89.5939,4.4439,94.9422,-1,0.0, -> [chair (Center): 23%]
frame_002008,-1.0,1.0028,89.8477,4.5657,95.4181,-1,0.0, -> [chair (Center): 49%]
frame_002009,-1.0,0.9534,90.2113,4.4794,95.6461,-1,0.0, -> [chair (Center): 45%]
frame_002010,-1.0,1.0085,90.1625,4.5905,95.7634,-1,0.0, -> [chair (Center): 53%]
frame_002011,-1.0,1.0016,89.8395,4.6324,95.4759,-1,0.0, -> [chair (Right): 49%]
frame_002012,-1.0,0.9713,90.2953,4.3968,95.6651,-1,0.0, -> [chair (Center): 20%]
frame_002013,-1.0,0.8431,90.5294,4.5712,95.9455,-1,0.0, -> [chair (Right): 44%]
frame_002014,-1.0,0.909,89.7292,4.5325,95.1726,-1,0.0, -> [chair (Right): 36%]
frame_002015,-1.0,0.9769,89.668,6.0282,96.675,-1,0.0, -> [chair (Right): 40%]
frame_002016,-1.0,1.0737,89.2484,4.5339,94.8582,-1,0.0, -> [chair (Right): 39%]
frame_002017,-1.0,0.9727,89.0452,4.5377,94.5572,-1,0.0, -> [chair (Right): 37%]
frame_002018,-1.0,0.8478,90.1665,4.5576,95.5733,-1,0.0, -> [chair (Right): 34%]
frame_002019,-1.0,0.9209,90.0947,4.4446,95.4617,-1,0.0, -> [chair (Center): 28%]
frame_002020,-1.0,0.9766,88.8428,4.568,94.3894,-1,0.0, -> [chair (Right): 27%]
frame_002021,-1.0,0.8734,89.2064,4.5989,94.6809,-1,0.0, -> [chair (Center): 21%]
frame_002022,-1.0,0.9534,89.918,4.5215,95.3946,-1,0.0, -> [chair (Center): 22%]
frame_002023,-1.0,0.8899,89.517,4.3843,94.7932,-1,0.0, -> [chair (Center): 20%]
frame_002024,-1.0,0.9077,89.7756,4.5844,95.2693,-1,0.0, -> [chair (Center): 18%]
frame_002025,-1.0,0.8974,89.4932,4.5346,94.9271,-1,0.0, -> [chair (Left): 9%]
frame_002026,-1.0,0.9368,89.0582,4.29,94.2864,-1,0.0, -> [chair (Center): 10%]
frame_002027,-1.0,0.8685,90.042,4.5975,95.5095,-1,0.0, -> [chair (Center): 10%]
frame_002028,-1.0,0.9899,90.6361,4.4932,96.1206,-1,0.0, -> [chair (Center): 12%]
frame_002029,-1.0,0.9307,89.9027,4.538,95.3729,-1,0.0, -> [chair (Center): 12%]
frame_002030,-1.0,1.1305,90.195,4.5262,95.8536,-1,0.0, -> [chair (Center): 9%]
frame_002031,-1.0,0.9873,89.1808,4.3942,94.5635,-1,0.0, -> [chair (Center): 12%]
frame_002032,-1.0,0.9598,90.4722,4.0347,95.4681,-1,0.0, -> [chair (Center): 11%]
frame_002033,-1.0,1.0162,89.5169,4.6871,95.2216,-1,0.0, -> [chair (Center): 12%]
frame_002034,-1.0,0.9321,89.5044,4.3339,94.7716,-1,0.0, -> [chair (Center): 11%]
frame_002035,-1.0,0.8753,91.088,4.5291,96.4938,-1,0.0, -> [chair (Center): 12%]
frame_002036,-1.0,0.9039,88.7462,4.4747,94.1266,-1,0.0, -> [chair (Center): 14%]
frame_002037,-1.0,0.876,89.732,4.4483,95.0583,-1,0.0, -> [chair (Center): 11%]
frame_002038,-1.0,0.9166,90.3881,4.4831,95.7895,-1,0.0, -> [chair (Center): 12%]
frame_002039,-1.0,0.9114,90.1881,4.3887,95.4904,-1,0.0, -> [chair (Right): 12%]
frame_002040,-1.0,0.8904,89.281,4.5196,94.6926,-1,0.0, -> [chair (Right): 11%]
frame_002041,-1.0,0.9754,89.453,4.4547,94.8848,-1,0.0, -> [chair (Right): 13%]
frame_002042,-1.0,0.8986,89.6899,4.436,95.0262,-1,0.0, -> [chair (Right): 12%]
frame_002043,-1.0,0.8779,90.1261,4.5892,95.5949,-1,0.0, -> [chair (Right): 12%]
frame_002044,-1.0,1.015,89.1021,4.5776,94.6964,-1,0.0, -> [chair (Right): 12%]
frame_002045,-1.0,0.9023,89.0388,4.5731,94.516,-1,0.0, -> [chair (Right): 12%]
frame_002046,-1.0,0.9983,91.0219,4.632,96.6538,-1,0.0, -> [chair (Right): 10%]
frame_002047,-1.0,0.9493,89.3061,4.6017,94.8585,-1,0.0, -> [chair (Right): 8%]
frame_002048,-1.0,0.9358,89.6832,4.4955,95.1163,-1,0.0, -> [chair (Right): 9%]
frame_002049,-1.0,3.0237,89.2451,4.5906,96.8615,-1,0.0, -> [chair (Right): 11%]
frame_002050,-1.0,0.9158,90.4039,4.3859,95.7072,-1,0.0, -> [chair (Right): 11%]
frame_002051,-1.0,0.9302,90.8692,4.2888,96.0899,-1,0.0, -> [chair (Right): 9%]
frame_002052,-1.0,0.9732,89.0596,4.7957,94.8302,-1,0.0, -> [chair (Right): 7%]
frame_002053,-1.0,0.9454,89.9186,4.4977,95.3629,-1,0.0, -> [chair (Right): 12%]
frame_002054,-1.0,0.9989,89.9645,4.4248,95.3898,-1,0.0, -> [chair (Right): 12%]
frame_002055,-1.0,1.0772,90.1721,4.2681,95.5188,-1,0.0, -> [chair (Right): 11%]
frame_002056,-1.0,0.9829,89.2118,4.6816,94.8778,-1,0.0, -> [chair (Right): 12%]
frame_002057,-1.0,1.072,90.4416,4.4519,95.9672,-1,0.0, -> [chair (Right): 10%]
frame_002058,-1.0,1.0752,89.8571,4.3867,95.3207,-1,0.0, -> [chair (Right): 13%]
frame_002059,-1.0,1.0602,91.5482,4.4157,97.0256,-1,0.0, -> [chair (Right): 15%]
frame_002060,-1.0,1.1075,89.6341,4.7765,95.5199,-1,0.0," -> [bicycle (Right): 3%, chair (Right): 5%]"
frame_002061,-1.0,0.9291,89.894,4.6563,95.481,-1,0.0," -> [bicycle (Right): 1%, chair (Right): 9%]"
frame_002062,-1.0,0.982,90.044,4.7546,95.7819,-1,0.0," -> [bicycle (Right): 4%, chair (Top-Right): 3%]"
frame_002063,-1.0,0.9681,89.7145,4.6841,95.3681,-1,0.0," -> [bicycle (Right): 5%, chair (Top-Right): 4%]"
frame_002064,-1.0,0.9944,89.0842,4.6447,94.725,-1,0.0," -> [bicycle (Right): 4%, chair (Right): 5%]"
frame_002065,-1.0,0.8689,90.2226,4.4653,95.5583,-1,0.0," -> [bicycle (Right): 12%, chair (Top-Right): 1%]"
frame_002066,-1.0,0.8448,89.1927,4.6469,94.6857,-1,0.0, -> [bicycle (Right): 23%]
frame_002067,-1.0,0.8814,88.6973,4.8788,94.459,-1,0.0, -> [bicycle (Right): 25%]
frame_002068,-1.0,1.0976,89.5615,4.4351,95.0959,-1,0.0, -> [bicycle (Right): 21%]
frame_002069,-1.0,0.9087,89.1101,4.5627,94.583,-1,0.0, -> [bicycle (Right): 22%]
frame_002070,-1.0,0.8952,89.5193,4.5465,94.9624,-1,0.0, -> [bicycle (Right): 21%]
frame_002071,-1.0,0.9329,88.9431,4.4487,94.3265,-1,0.0, -> [bicycle (Right): 19%]
frame_002072,-1.0,0.9013,89.8558,4.5521,95.311,-1,0.0, -> [bicycle (Right): 18%]
frame_002073,-1.0,0.9265,89.3413,4.6518,94.9213,-1,0.0, -> [bicycle (Right): 15%]
frame_002074,-1.0,0.9302,89.0539,4.5923,94.5778,-1,0.0," -> [bicycle (Right): 10%, chair (Right): 3%]"
frame_002075,-1.0,0.9334,89.1406,4.445,94.521,-1,0.0, -> [bicycle (Right): 19%]
frame_002076,-1.0,0.9681,89.9789,4.5047,95.4532,-1,0.0," -> [bicycle (Right): 9%, chair (Top-Right): 2%]"
frame_002077,-1.0,0.9049,89.7874,4.4937,95.188,-1,0.0," -> [bicycle (Right): 12%, chair (Top-Right): 1%]"
frame_002078,-1.0,0.8848,89.1519,4.8432,94.8834,-1,0.0," -> [bicycle (Right): 9%, chair (Top-Right): 3%]"
frame_002079,-1.0,1.0354,89.775,4.4365,95.2489,-1,0.0, -> [bicycle (Right): 18%]
frame_002080,-1.0,0.9045,88.7331,4.6011,94.2402,-1,0.0," -> [bicycle (Right): 11%, chair (Top-Right): 2%]"
frame_002081,-1.0,0.8916,89.5553,4.7007,95.149,-1,0.0," -> [bicycle (Right): 8%, chair (Top-Right): 4%]"
frame_002082,-1.0,3.1304,88.7428,4.5432,96.4181,-1,0.0," -> [bicycle (Right): 7%, chair (Top-Right): 5%]"
frame_002083,-1.0,0.8995,88.4772,4.52,93.8981,-1,0.0," -> [bicycle (Right): 12%, chair (Top-Right): 3%]"
frame_002084,-1.0,0.9085,88.8608,4.5966,94.3673,-1,0.0, -> [bicycle (Right): 18%]
frame_002085,-1.0,0.9766,89.0443,4.6357,94.658,-1,0.0," -> [bicycle (Right): 2%, chair (Right): 12%]"
frame_002086,-1.0,0.9602,88.8274,4.4597,94.2487,-1,0.0," -> [bicycle (Right): 8%, chair (Top-Right): 5%]"
frame_002087,-1.0,0.9465,90.4386,4.6845,96.071,-1,0.0," -> [bicycle (Right): 5%, chair (Right): 7%]"
frame_002088,-1.0,0.9335,88.7666,4.6338,94.3355,-1,0.0," -> [bicycle (Top-Right): 3%, chair (Right): 10%]"
frame_002089,-1.0,0.8975,89.4498,4.5844,94.9335,-1,0.0, -> [chair (Right): 13%]
frame_002090,-1.0,1.0576,89.3575,4.6484,95.0649,-1,0.0," -> [bicycle (Right): 3%, chair (Right): 4%]"
frame_002091,-1.0,0.9634,88.4741,4.3486,93.7879,-1,0.0, -> [chair (Top-Right): 2%]
frame_002092,-1.0,0.8947,88.7588,4.461,94.1165,-1,0.0, -> [background only]
frame_002093,-1.0,1.3326,89.186,4.3292,94.8498,-1,0.0, -> [background only]
frame_002094,-1.0,0.9427,88.3808,4.4509,93.7764,-1,0.0, -> [background only]
frame_002095,-1.0,0.9838,88.8728,4.5704,94.4287,-1,0.0, -> [background only]
frame_002096,-1.0,1.026,89.7345,4.3791,95.1413,-1,0.0, -> [background only]
frame_002097,-1.0,0.9393,88.8347,4.4261,94.2013,-1,0.0, -> [background only]
frame_002098,-1.0,0.89,89.5675,4.3279,94.7869,-1,0.0, -> [background only]
frame_002099,-1.0,0.9752,89.0605,4.3568,94.3944,-1,0.0, -> [background only]
frame_002100,-1.0,0.8897,89.2546,4.2753,94.4217,-1,0.0, -> [background only]
frame_002101,-1.0,0.9401,90.2808,4.4511,95.6739,-1,0.0, -> [background only]
frame_002102,-1.0,0.8913,89.2875,4.2433,94.4238,-1,0.0, -> [background only]
frame_002103,-1.0,0.9406,89.5951,4.4782,95.0159,-1,0.0, -> [background only]
frame_002104,-1.0,1.3101,90.4696,4.3736,96.1553,-1,0.0, -> [background only]
frame_002105,-1.0,0.9044,89.2297,4.4884,94.6243,-1,0.0, -> [background only]
frame_002106,-1.0,0.8855,88.9752,4.4559,94.3187,-1,0.0, -> [background only]
frame_002107,-1.0,1.2111,90.9867,4.4392,96.6395,-1,0.0, -> [background only]
frame_002108,-1.0,0.9066,89.1867,4.1402,94.2357,-1,0.0, -> [background only]
frame_002109,-1.0,0.9438,88.8625,4.2324,94.04,-1,0.0, -> [background only]
frame_002110,-1.0,0.9017,89.9701,4.494,95.3674,-1,0.0, -> [background only]
frame_002111,-1.0,0.9105,89.7151,4.4613,95.0887,-1,0.0, -> [background only]
frame_002112,-1.0,0.8929,89.4741,4.5084,94.8769,-1,0.0, -> [background only]
frame_002113,-1.0,0.8887,88.9187,4.3761,94.1854,-1,0.0, -> [background only]
frame_002114,-1.0,0.9714,88.9042,4.2996,94.1768,-1,0.0, -> [background only]
frame_002115,-1.0,0.9715,90.4807,4.3718,95.8254,-1,0.0, -> [background only]
frame_002116,-1.0,0.9422,89.299,4.435,94.6776,-1,0.0, -> [background only]
frame_002117,-1.0,0.905,89.6545,4.5522,95.1133,-1,0.0, -> [background only]
frame_002118,-1.0,1.028,90.294,4.4156,95.7391,-1,0.0, -> [background only]
frame_002119,-1.0,0.9677,89.6748,4.2552,94.8991,-1,0.0, -> [background only]
frame_002120,-1.0,0.8439,88.9016,6.0717,95.8189,-1,0.0, -> [background only]
frame_002121,-1.0,1.0212,88.7564,4.4428,94.222,-1,0.0, -> [background only]
frame_002122,-1.0,0.9148,88.94,4.1613,94.0179,-1,0.0, -> [background only]
frame_002123,-1.0,0.9,89.9103,4.2795,95.0914,-1,0.0, -> [background only]
frame_002124,-1.0,0.9136,89.2686,4.5107,94.6945,-1,0.0, -> [background only]
frame_002125,-1.0,0.8724,88.8758,4.4371,94.1866,-1,0.0, -> [background only]
frame_002126,-1.0,0.9219,90.906,4.4779,96.3075,-1,0.0, -> [background only]
frame_002127,-1.0,0.9711,90.3636,4.3823,95.7186,-1,0.0, -> [background only]
frame_002128,-1.0,0.9277,89.7835,4.4808,95.1936,-1,0.0, -> [background only]
frame_002129,-1.0,0.874,90.3191,4.2684,95.4632,-1,0.0, -> [background only]
frame_002130,-1.0,0.8575,89.4623,4.4588,94.7804,-1,0.0, -> [background only]
frame_002131,-1.0,0.9067,88.6647,5.7762,95.3498,-1,0.0, -> [background only]
frame_002132,-1.0,1.1717,89.5368,4.4428,95.1532,-1,0.0, -> [background only]
frame_002133,-1.0,0.9594,89.6096,4.1921,94.7631,-1,0.0, -> [background only]
frame_002134,-1.0,0.9054,89.5348,4.3251,94.767,-1,0.0, -> [background only]
frame_002135,-1.0,1.109,89.8606,4.3494,95.3207,-1,0.0, -> [background only]
frame_002136,-1.0,0.9995,90.1558,4.4923,95.6491,-1,0.0, -> [background only]
frame_002137,-1.0,0.9256,90.3876,4.5542,95.8693,-1,0.0, -> [background only]
frame_002138,-1.0,0.8772,89.646,4.5788,95.1038,-1,0.0, -> [background only]
frame_002139,-1.0,0.9009,88.9977,4.3298,94.23,-1,0.0, -> [background only]
frame_002140,-1.0,0.9419,91.1747,4.4107,96.529,-1,0.0, -> [background only]
frame_002141,-1.0,0.8807,89.2606,4.4579,94.6008,-1,0.0, -> [background only]
frame_002142,-1.0,0.9447,89.6664,4.569,95.1816,-1,0.0, -> [background only]
frame_002143,-1.0,0.9924,90.3516,4.3691,95.7149,-1,0.0, -> [background only]
frame_002144,-1.0,0.9099,90.1408,4.509,95.5609,-1,0.0, -> [background only]
frame_002145,-1.0,0.9183,89.5278,4.4194,94.8678,-1,0.0, -> [background only]
frame_002146,-1.0,1.0513,88.9355,4.5434,94.5319,-1,0.0, -> [background only]
frame_002147,-1.0,0.8951,88.7446,4.3061,93.9472,-1,0.0, -> [background only]
frame_002148,-1.0,0.9694,89.7115,4.2841,94.9661,-1,0.0, -> [background only]
frame_002149,-1.0,0.9514,89.7725,4.5374,95.2628,-1,0.0, -> [tvmonitor (Top): 1%]
frame_002150,-1.0,0.9081,88.7835,4.4355,94.1287,-1,0.0, -> [tvmonitor (Top): 3%]
frame_002151,-1.0,0.943,89.8851,4.4372,95.2667,-1,0.0, -> [tvmonitor (Top): 5%]
frame_002152,-1.0,0.9361,90.6524,4.6337,96.224,-1,0.0, -> [tvmonitor (Top-Right): 20%]
frame_002153,-1.0,0.9081,89.4504,4.5495,94.9095,-1,0.0," -> [chair (Left): 5%, tvmonitor (Top-Right): 1%]"
frame_002154,-1.0,0.9105,90.7438,4.6574,96.3133,-1,0.0, -> [chair (Left): 13%]
frame_002155,-1.0,0.9111,89.352,4.5827,94.8472,-1,0.0, -> [chair (Left): 21%]
frame_002156,-1.0,0.9704,89.0664,4.455,94.493,-1,0.0, -> [chair (Left): 18%]
frame_002157,-1.0,0.9822,89.7085,4.6199,95.312,-1,0.0, -> [chair (Left): 21%]
frame_002158,-1.0,0.8975,88.9388,4.4223,94.2597,-1,0.0, -> [chair (Left): 24%]
frame_002159,-1.0,0.8938,89.2615,5.3577,95.5146,-1,0.0, -> [chair (Left): 19%]
frame_002160,-1.0,1.0397,89.9051,4.5164,95.4633,-1,0.0, -> [chair (Center): 27%]
frame_002161,-1.0,0.9297,90.1746,4.5415,95.6472,-1,0.0, -> [chair (Center): 30%]
frame_002162,-1.0,0.9466,89.2202,4.4685,94.6366,-1,0.0, -> [chair (Center): 30%]
frame_002163,-1.0,0.9342,89.0153,4.6344,94.5854,-1,0.0, -> [chair (Center): 28%]
frame_002164,-1.0,0.951,88.5171,4.6746,94.1441,-1,0.0, -> [chair (Center): 26%]
frame_002165,-1.0,0.8923,89.5316,4.5639,94.9899,-1,0.0, -> [chair (Center): 29%]
frame_002166,-1.0,0.9176,90.2383,4.6766,95.8341,-1,0.0, -> [chair (Center): 30%]
frame_002167,-1.0,0.9567,88.9883,4.3765,94.3233,-1,0.0, -> [chair (Center): 27%]
frame_002168,-1.0,0.8805,90.2843,4.4523,95.6187,-1,0.0, -> [chair (Right): 34%]
frame_002169,-1.0,0.9333,89.7367,4.5047,95.1763,-1,0.0, -> [chair (Right): 27%]
frame_002170,-1.0,0.8964,89.5359,6.0323,96.4663,-1,0.0, -> [chair (Right): 25%]
frame_002171,-1.0,1.0824,89.0449,4.6117,94.7411,-1,0.0, -> [chair (Right): 22%]
frame_002172,-1.0,0.9637,89.4093,4.4721,94.8468,-1,0.0, -> [chair (Right): 21%]
frame_002173,-1.0,0.9194,88.627,5.0044,94.5527,-1,0.0, -> [chair (Right): 20%]
frame_002174,-1.0,1.0533,89.8032,4.5721,95.4306,-1,0.0, -> [chair (Right): 26%]
frame_002175,-1.0,0.938,88.8916,4.5558,94.3869,-1,0.0, -> [chair (Right): 19%]
frame_002176,-1.0,0.9507,89.6525,4.572,95.177,-1,0.0, -> [chair (Right): 9%]
frame_002177,-1.0,0.9229,88.9585,4.5056,94.3888,-1,0.0, -> [chair (Top-Right): 2%]
frame_002178,-1.0,0.9555,90.5633,4.6715,96.1923,-1,0.0, -> [chair (Top): 2%]
frame_002179,-1.0,0.906,89.2089,4.6058,94.7219,-1,0.0, -> [tvmonitor (Top): 1%]
frame_002180,-1.0,0.9516,89.9939,4.6101,95.5577,-1,0.0, -> [chair (Top-Left): 2%]
frame_002181,-1.0,0.9095,89.4321,4.4791,94.8223,-1,0.0, -> [chair (Center): 3%]
frame_002182,-1.0,1.0439,89.7699,4.4543,95.2702,-1,0.0, -> [chair (Center): 3%]
frame_002183,-1.0,0.9394,89.2567,4.4513,94.6492,-1,0.0, -> [chair (Top): 1%]
frame_002184,-1.0,0.9371,89.3531,4.5154,94.8077,-1,0.0, -> [background only]
frame_002185,-1.0,1.0329,90.4099,4.5191,95.9635,-1,0.0, -> [chair (Top): 2%]
frame_002186,-1.0,0.9197,88.8174,4.5308,94.2695,-1,0.0, -> [chair (Top): 2%]
frame_002187,-1.0,0.9033,88.83,4.5467,94.2815,-1,0.0, -> [chair (Top): 2%]
frame_002188,-1.0,0.9629,88.7476,4.6984,94.4103,-1,0.0, -> [chair (Top): 2%]
frame_002189,-1.0,0.964,88.634,4.3439,93.9437,-1,0.0, -> [background only]
frame_002190,-1.0,0.9737,89.0691,4.5146,94.5588,-1,0.0, -> [chair (Top-Right): 1%]
frame_002191,-1.0,0.9369,89.3341,4.133,94.4056,-1,0.0, -> [background only]
frame_002192,-1.0,0.9546,88.7636,4.4986,94.2182,-1,0.0, -> [chair (Top-Right): 1%]
frame_002193,-1.0,0.9116,89.0412,4.4968,94.4514,-1,0.0, -> [background only]
frame_002194,-1.0,0.9234,88.501,4.4043,93.8306,-1,0.0, -> [background only]
frame_002195,-1.0,0.8979,89.1538,4.5476,94.6011,-1,0.0, -> [background only]
frame_002196,-1.0,0.896,88.8258,4.5926,94.3157,-1,0.0, -> [aeroplane (Right): 4%]
frame_002197,-1.0,0.9609,89.2133,4.4713,94.6471,-1,0.0, -> [aeroplane (Right): 2%]
frame_002198,-1.0,0.9951,88.8988,5.9428,95.8384,-1,0.0, -> [aeroplane (Right): 1%]
frame_002199,-1.0,1.073,89.0406,4.22,94.3355,-1,0.0, -> [background only]
frame_002200,-1.0,0.9425,88.735,4.3912,94.0707,-1,0.0, -> [background only]
frame_002201,-1.0,0.9358,89.3346,5.2457,95.5183,-1,0.0, -> [background only]
frame_002202,-1.0,1.0753,88.7953,4.2295,94.1017,-1,0.0, -> [background only]
frame_002203,-1.0,1.007,89.7355,4.4552,95.1991,-1,0.0, -> [background only]
frame_002204,-1.0,0.9232,89.8339,4.4604,95.2188,-1,0.0, -> [background only]
frame_002205,-1.0,0.9649,89.5906,4.3617,94.9187,-1,0.0, -> [background only]
frame_002206,-1.0,0.9293,89.0346,4.4653,94.4307,-1,0.0, -> [background only]
frame_002207,-1.0,0.953,89.6215,4.373,94.9489,-1,0.0, -> [background only]
frame_002208,-1.0,0.8676,88.7423,4.2518,93.8634,-1,0.0, -> [background only]
frame_002209,-1.0,0.9848,89.568,4.3841,94.9385,-1,0.0, -> [background only]
frame_002210,-1.0,0.9854,90.5425,4.3241,95.8535,-1,0.0, -> [background only]
frame_002211,-1.0,0.917,89.4972,4.5198,94.9357,-1,0.0, -> [background only]
frame_002212,-1.0,0.9078,89.3346,4.3773,94.6213,-1,0.0, -> [background only]
frame_002213,-1.0,1.0143,89.1419,4.3414,94.499,-1,0.0, -> [background only]
frame_002214,-1.0,0.8903,89.0944,4.4402,94.4267,-1,0.0, -> [background only]
frame_002215,-1.0,0.9149,89.0866,4.5417,94.5448,-1,0.0, -> [background only]
frame_002216,-1.0,0.9623,89.6786,3.9534,94.5959,-1,0.0, -> [background only]
frame_002217,-1.0,0.8789,88.6051,4.3877,93.8734,-1,0.0, -> [background only]
frame_002218,-1.0,0.9684,90.0007,4.3569,95.3273,-1,0.0, -> [background only]
frame_002219,-1.0,0.9948,89.423,4.2763,94.6956,-1,0.0, -> [background only]
frame_002220,-1.0,0.9467,88.8461,4.3878,94.1823,-1,0.0, -> [background only]
frame_002221,-1.0,0.9266,90.4611,4.291,95.6803,-1,0.0, -> [background only]
frame_002222,-1.0,0.9541,89.8699,4.4728,95.2985,-1,0.0, -> [background only]
frame_002223,-1.0,0.9146,88.4803,4.3316,93.7289,-1,0.0, -> [background only]
frame_002224,-1.0,3.1987,89.333,4.4545,96.988,-1,0.0, -> [background only]
frame_002225,-1.0,0.9779,89.3855,4.5005,94.8654,-1,0.0, -> [background only]
frame_002226,-1.0,0.896,89.8292,4.3526,95.0791,-1,0.0, -> [background only]
frame_002227,-1.0,0.9568,89.9676,4.463,95.389,-1,0.0, -> [background only]
frame_002228,-1.0,0.8976,88.5367,4.3944,93.8301,-1,0.0, -> [background only]
frame_002229,-1.0,0.9111,89.2666,4.3827,94.5618,-1,0.0, -> [background only]
frame_002230,-1.0,0.8958,90.3989,4.2096,95.5058,-1,0.0, -> [background only]
frame_002231,-1.0,0.9033,89.5997,4.283,94.7874,-1,0.0, -> [background only]
frame_002232,-1.0,0.8988,90.386,4.224,95.5103,-1,0.0, -> [background only]
frame_002233,-1.0,0.8889,89.5687,4.2198,94.6786,-1,0.0, -> [background only]
frame_002234,-1.0,0.944,89.3951,4.3633,94.7039,-1,0.0, -> [background only]
frame_002235,-1.0,0.8949,89.8741,4.4484,95.2188,-1,0.0, -> [background only]
frame_002236,-1.0,0.925,88.7838,4.3595,94.0699,-1,0.0, -> [background only]
frame_002237,-1.0,0.9877,89.8635,4.9259,95.779,-1,0.0, -> [background only]
frame_002238,-1.0,1.0466,89.4609,4.1456,94.6546,-1,0.0, -> [background only]
frame_002239,-1.0,0.8977,89.4627,4.2372,94.5993,-1,0.0, -> [background only]
frame_002240,-1.0,0.974,88.7519,4.3746,94.1018,-1,0.0, -> [background only]
frame_002241,-1.0,0.9228,88.7455,4.1858,93.8557,-1,0.0, -> [background only]
frame_002242,-1.0,0.9187,88.7781,4.3868,94.0852,-1,0.0, -> [background only]
frame_002243,-1.0,0.9114,89.7451,4.4365,95.0948,-1,0.0, -> [background only]
frame_002244,-1.0,0.9419,88.7788,4.2558,93.9783,-1,0.0, -> [background only]
frame_002245,-1.0,0.8849,89.1017,4.4309,94.4189,-1,0.0, -> [background only]
frame_002246,-1.0,0.9667,89.233,4.4084,94.6094,-1,0.0, -> [background only]
frame_002247,-1.0,0.922,88.6338,4.5015,94.0588,-1,0.0, -> [background only]
frame_002248,-1.0,0.95,88.5074,4.2112,93.6701,-1,0.0, -> [background only]
frame_002249,-1.0,0.8833,89.6871,4.3859,94.9578,-1,0.0, -> [background only]
frame_002250,-1.0,0.9282,89.7519,4.5235,95.2052,-1,0.0, -> [background only]
frame_002251,-1.0,0.9461,89.053,6.1746,96.1755,-1,0.0, -> [background only]
frame_002252,-1.0,1.0842,89.1047,4.406,94.5964,-1,0.0, -> [background only]
frame_002253,-1.0,0.914,89.1448,4.3935,94.4539,-1,0.0, -> [background only]
frame_002254,-1.0,0.9395,89.1519,4.2552,94.3484,-1,0.0, -> [background only]
frame_002255,-1.0,1.0524,88.9358,4.5194,94.5093,-1,0.0, -> [background only]
frame_002256,-1.0,0.9421,88.7323,4.3818,94.0576,-1,0.0, -> [background only]
frame_002257,-1.0,0.9319,89.5206,4.534,94.9877,-1,0.0, -> [background only]
frame_002258,-1.0,0.9545,89.442,4.419,94.8173,-1,0.0, -> [background only]
frame_002259,-1.0,0.9653,89.0923,4.4094,94.4687,-1,0.0, -> [background only]
frame_002260,-1.0,0.9058,89.7579,4.4888,95.1542,-1,0.0, -> [background only]
frame_002261,-1.0,0.9186,89.4012,4.4708,94.7923,-1,0.0, -> [background only]
frame_002262,-1.0,0.9411,88.8274,4.5147,94.285,-1,0.0, -> [background only]
frame_002263,-1.0,2.9332,89.6139,4.3564,96.9055,-1,0.0, -> [background only]
frame_002264,-1.0,0.8948,89.3882,4.5326,94.8175,-1,0.0, -> [background only]
frame_002265,-1.0,0.9288,89.7239,4.2032,94.858,-1,0.0, -> [background only]
frame_002266,-1.0,1.0725,89.4005,4.5511,95.026,-1,0.0, -> [background only]
frame_002267,-1.0,0.9255,89.8769,4.2479,95.0525,-1,0.0, -> [background only]
frame_002268,-1.0,0.9403,91.3671,4.1642,96.4732,-1,0.0, -> [background only]
frame_002269,-1.0,1.0282,90.2399,4.4606,95.7305,-1,0.0, -> [background only]
frame_002270,-1.0,0.9217,89.5408,4.4838,94.9482,-1,0.0, -> [background only]
frame_002271,-1.0,0.9528,89.9473,4.1073,95.0092,-1,0.0, -> [background only]
frame_002272,-1.0,0.8981,89.7339,4.4754,95.1091,-1,0.0, -> [background only]
frame_002273,-1.0,0.9137,89.5218,4.4128,94.8496,-1,0.0, -> [background only]
frame_002274,-1.0,1.036,89.6695,4.3297,95.0365,-1,0.0, -> [background only]
frame_002275,-1.0,0.9182,89.2064,4.4894,94.6152,-1,0.0, -> [background only]
frame_002276,-1.0,0.9711,88.8315,4.2912,94.0953,-1,0.0, -> [background only]
frame_002277,-1.0,0.9654,90.2473,4.4311,95.6456,-1,0.0, -> [background only]
frame_002278,-1.0,1.0305,89.2689,4.3617,94.6629,-1,0.0, -> [background only]
frame_002279,-1.0,0.9647,91.0714,4.2342,96.2717,-1,0.0, -> [background only]
frame_002280,-1.0,1.0329,90.1856,4.3143,95.5348,-1,0.0, -> [background only]
frame_002281,-1.0,0.9277,89.0378,4.394,94.3612,-1,0.0, -> [background only]
frame_002282,-1.0,0.9364,91.1209,4.3503,96.4091,-1,0.0, -> [background only]
frame_002283,-1.0,0.872,89.1869,4.4263,94.4869,-1,0.0, -> [background only]
frame_002284,-1.0,0.9196,89.4252,4.3934,94.7401,-1,0.0, -> [background only]
frame_002285,-1.0,2.9874,90.2262,4.3337,97.5496,-1,0.0, -> [background only]
frame_002286,-1.0,1.0153,89.383,4.3956,94.7954,-1,0.0, -> [background only]
frame_002287,-1.0,1.041,89.62,4.404,95.0664,-1,0.0, -> [background only]
frame_002288,-1.0,1.0633,89.7657,4.4982,95.3287,-1,0.0, -> [background only]
frame_002289,-1.0,0.936,89.6736,4.4913,95.1024,-1,0.0, -> [background only]
frame_002290,-1.0,1.0433,90.2389,4.336,95.62,-1,0.0, -> [background only]
frame_002291,-1.0,0.9106,89.6843,4.2415,94.8382,-1,0.0, -> [background only]
frame_002292,-1.0,0.9088,89.19,4.4604,94.5607,-1,0.0, -> [background only]
frame_002293,-1.0,0.8349,89.6453,4.4309,94.9124,-1,0.0, -> [background only]
frame_002294,-1.0,0.8995,90.0175,4.4658,95.3843,-1,0.0, -> [background only]
frame_002295,-1.0,0.9239,88.7944,5.4083,95.1284,-1,0.0, -> [background only]
frame_002296,-1.0,1.0444,88.7298,4.3173,94.0932,-1,0.0, -> [background only]
frame_002297,-1.0,0.881,89.2364,4.6311,94.7501,-1,0.0, -> [background only]
frame_002298,-1.0,0.8995,89.6072,4.7655,95.2734,-1,0.0, -> [background only]
frame_002299,-1.0,0.9742,89.1876,4.4338,94.5972,-1,0.0, -> [background only]
frame_002300,-1.0,0.9241,88.9412,4.2729,94.1397,-1,0.0, -> [background only]
frame_002301,-1.0,0.8865,89.2783,5.6932,95.8601,-1,0.0, -> [background only]
frame_002302,-1.0,0.9906,89.7755,4.4255,95.1932,-1,0.0, -> [background only]
frame_002303,-1.0,0.9426,88.9276,4.4267,94.2987,-1,0.0, -> [background only]
frame_002304,-1.0,0.8984,89.8364,4.1961,94.9324,-1,0.0, -> [background only]
frame_002305,-1.0,0.8974,89.0229,4.1997,94.1217,-1,0.0, -> [background only]
frame_002306,-1.0,0.9037,90.0698,5.7263,96.7017,-1,0.0, -> [background only]
frame_002307,-1.0,1.0717,89.1498,4.5676,94.7908,-1,0.0, -> [background only]
frame_002308,-1.0,0.9202,88.7846,4.2453,93.9513,-1,0.0, -> [background only]
frame_002309,-1.0,0.9354,89.423,4.28,94.64,-1,0.0, -> [background only]
frame_002310,-1.0,1.0467,89.1298,4.634,94.8121,-1,0.0, -> [background only]
frame_002311,-1.0,0.9505,89.703,4.2326,94.8881,-1,0.0, -> [background only]
frame_002312,-1.0,0.8882,90.7542,4.442,96.0858,-1,0.0, -> [background only]
frame_002313,-1.0,1.0242,89.3674,4.4678,94.8611,-1,0.0, -> [background only]
frame_002314,-1.0,0.9249,89.2123,4.3711,94.5102,-1,0.0, -> [background only]
frame_002315,-1.0,0.9555,90.0241,4.1687,95.1499,-1,0.0, -> [background only]
frame_002316,-1.0,0.8525,89.6429,4.4253,94.9223,-1,0.0, -> [background only]
frame_002317,-1.0,0.8904,88.5246,4.4253,93.8417,-1,0.0, -> [background only]
frame_002318,-1.0,0.9544,90.1913,4.292,95.4392,-1,0.0, -> [background only]
frame_002319,-1.0,0.9522,89.3554,4.4455,94.7547,-1,0.0, -> [background only]
frame_002320,-1.0,0.8679,89.1754,4.4096,94.4544,-1,0.0, -> [background only]
frame_002321,-1.0,1.0477,90.237,4.3468,95.633,-1,0.0, -> [background only]
frame_002322,-1.0,0.8602,89.2811,4.4774,94.6202,-1,0.0, -> [background only]
frame_002323,-1.0,0.9641,89.9663,4.3103,95.2428,-1,0.0, -> [background only]
frame_002324,-1.0,1.0917,89.4857,4.5154,95.0944,-1,0.0, -> [background only]
frame_002325,-1.0,1.0238,89.1572,4.5228,94.7056,-1,0.0, -> [background only]
frame_002326,-1.0,1.0087,89.601,4.1842,94.7955,-1,0.0, -> [background only]
frame_002327,-1.0,0.8959,90.104,4.2296,95.2307,-1,0.0, -> [background only]
frame_002328,-1.0,0.9505,90.2422,4.3845,95.5787,-1,0.0, -> [background only]
frame_002329,-1.0,1.0562,89.7851,4.4344,95.2776,-1,0.0, -> [background only]
frame_002330,-1.0,1.025,89.5653,4.433,95.0248,-1,0.0, -> [background only]
frame_002331,-1.0,0.9123,88.8762,4.3805,94.1706,-1,0.0, -> [background only]
frame_002332,-1.0,1.1034,90.258,4.3551,95.7179,-1,0.0, -> [background only]
frame_002333,-1.0,0.8919,89.3205,4.4331,94.6472,-1,0.0, -> [background only]
frame_002334,-1.0,0.9174,88.9638,5.1915,95.0743,-1,0.0, -> [background only]
frame_002335,-1.0,1.0799,89.9055,4.3672,95.3545,-1,0.0, -> [background only]
frame_002336,-1.0,0.9835,89.2889,4.3194,94.5937,-1,0.0, -> [background only]
frame_002337,-1.0,0.9108,90.582,4.2238,95.7185,-1,0.0, -> [background only]
frame_002338,-1.0,0.8729,89.7726,4.4074,95.0547,-1,0.0, -> [background only]
frame_002339,-1.0,0.9408,89.3854,4.2556,94.5835,-1,0.0, -> [background only]
frame_002340,-1.0,0.9085,89.781,4.3641,95.0553,-1,0.0, -> [background only]
frame_002341,-1.0,1.0197,89.0306,4.3551,94.4072,-1,0.0, -> [background only]
frame_002342,-1.0,0.8442,88.6467,4.4716,93.9646,-1,0.0, -> [background only]
frame_002343,-1.0,2.7193,89.3027,4.468,96.4918,-1,0.0, -> [background only]
frame_002344,-1.0,0.95,88.8919,4.3287,94.1724,-1,0.0, -> [background only]
frame_002345,-1.0,0.9326,89.5821,4.4571,94.9735,-1,0.0, -> [background only]
frame_002346,-1.0,1.1193,90.3982,4.3879,95.9069,-1,0.0, -> [background only]
frame_002347,-1.0,1.0032,89.5654,4.4224,94.9927,-1,0.0, -> [background only]
frame_002348,-1.0,0.8739,89.9767,4.4721,95.3245,-1,0.0, -> [background only]
frame_002349,-1.0,0.9337,89.327,4.3676,94.63,-1,0.0, -> [background only]
frame_002350,-1.0,1.0534,89.7289,4.4773,95.2614,-1,0.0, -> [background only]
frame_002351,-1.0,0.9005,90.3714,4.4138,95.6876,-1,0.0, -> [background only]
frame_002352,-1.0,0.867,89.584,4.4495,94.9022,-1,0.0, -> [background only]
frame_002353,-1.0,0.9429,89.9097,4.3442,95.1985,-1,0.0, -> [background only]
frame_002354,-1.0,0.9277,88.995,4.4811,94.4055,-1,0.0, -> [background only]
frame_002355,-1.0,0.9119,89.2364,4.2743,94.4244,-1,0.0, -> [background only]
frame_002356,-1.0,0.9666,89.4349,4.2879,94.691,-1,0.0, -> [background only]
frame_002357,-1.0,0.9085,89.621,4.4464,94.9774,-1,0.0, -> [background only]
frame_002358,-1.0,0.9454,89.1616,4.6326,94.741,-1,0.0, -> [background only]
frame_002359,-1.0,0.9103,89.9368,4.2827,95.1309,-1,0.0, -> [background only]
frame_002360,-1.0,0.9623,89.7394,4.4895,95.193,-1,0.0, -> [background only]
frame_002361,-1.0,0.8934,88.9368,4.4105,94.2422,-1,0.0, -> [background only]
frame_002362,-1.0,0.935,89.7852,4.3421,95.0638,-1,0.0, -> [background only]
frame_002363,-1.0,0.8936,90.0456,4.2846,95.2254,-1,0.0, -> [background only]
frame_002364,-1.0,0.9492,88.8759,4.4185,94.2452,-1,0.0, -> [background only]
frame_002365,-1.0,1.0536,89.2626,4.3972,94.7151,-1,0.0, -> [background only]
frame_002366,-1.0,0.9286,88.9831,4.3183,94.2317,-1,0.0, -> [background only]
frame_002367,-1.0,0.9213,89.4248,4.5435,94.8915,-1,0.0, -> [background only]
frame_002368,-1.0,1.0587,89.7679,4.3776,95.206,-1,0.0, -> [background only]
frame_002369,-1.0,0.9094,88.6944,4.4279,94.0333,-1,0.0, -> [background only]
frame_002370,-1.0,0.9707,90.1953,4.3482,95.5157,-1,0.0, -> [background only]
frame_002371,-1.0,0.9611,89.693,4.3373,94.9934,-1,0.0, -> [background only]
frame_002372,-1.0,0.9328,89.5391,4.2739,94.7476,-1,0.0, -> [background only]
frame_002373,-1.0,0.886,89.2317,4.2431,94.3625,-1,0.0, -> [background only]
frame_002374,-1.0,0.8857,89.506,4.4902,94.8838,-1,0.0, -> [background only]
frame_002375,-1.0,0.973,89.3944,4.4428,94.8119,-1,0.0, -> [background only]
frame_002376,-1.0,0.9859,89.7673,4.378,95.133,-1,0.0, -> [background only]
frame_002377,-1.0,0.889,88.8228,4.5492,94.2627,-1,0.0, -> [background only]
frame_002378,-1.0,0.8977,89.4618,4.3299,94.6906,-1,0.0, -> [background only]
frame_002379,-1.0,0.8772,90.7298,4.4098,96.0182,-1,0.0, -> [background only]
frame_002380,-1.0,0.9113,88.6635,4.3238,93.9002,-1,0.0, -> [background only]
frame_002381,-1.0,0.9057,88.62,5.7289,95.2563,-1,0.0, -> [background only]
frame_002382,-1.0,1.5608,89.4287,4.4829,95.474,-1,0.0, -> [background only]
frame_002383,-1.0,0.9279,89.1555,4.4043,94.4893,-1,0.0, -> [background only]
frame_002384,-1.0,0.9682,88.9989,4.5355,94.5038,-1,0.0, -> [background only]
frame_002385,-1.0,0.9271,89.27,4.2005,94.3991,-1,0.0, -> [background only]
frame_002386,-1.0,0.9066,89.3073,4.3556,94.5711,-1,0.0, -> [background only]
frame_002387,-1.0,0.9114,90.2061,4.3887,95.5076,-1,0.0, -> [background only]
frame_002388,-1.0,1.0118,90.792,4.461,96.2664,-1,0.0, -> [background only]
frame_002389,-1.0,0.9602,89.0035,4.491,94.4561,-1,0.0, -> [background only]
frame_002390,-1.0,0.89,90.4034,4.2929,95.588,-1,0.0, -> [background only]
frame_002391,-1.0,0.9323,89.5576,4.4119,94.9036,-1,0.0, -> [background only]
frame_002392,-1.0,0.8393,89.3586,4.3057,94.5053,-1,0.0, -> [background only]
frame_002393,-1.0,1.0233,89.8442,4.2879,95.1568,-1,0.0, -> [background only]
frame_002394,-1.0,0.9189,88.7529,4.3358,94.0093,-1,0.0, -> [background only]
frame_002395,-1.0,0.9559,89.486,5.817,96.2612,-1,0.0, -> [background only]
frame_002396,-1.0,1.063,89.984,4.4322,95.4816,-1,0.0, -> [background only]
frame_002397,-1.0,0.9862,89.5402,4.371,94.8989,-1,0.0, -> [background only]
frame_002398,-1.0,0.9311,89.8624,4.3691,95.1645,-1,0.0, -> [background only]
frame_002399,-1.0,1.0613,89.1258,4.4743,94.6632,-1,0.0, -> [background only]
frame_002400,-1.0,1.0135,90.2022,4.2436,95.4612,-1,0.0, -> [background only]
frame_002401,-1.0,1.0426,90.6699,4.3992,96.1131,-1,0.0, -> [background only]
frame_002402,-1.0,0.9519,89.3177,4.2926,94.5641,-1,0.0, -> [background only]
frame_002403,-1.0,0.9466,89.7149,5.5266,96.1902,-1,0.0, -> [background only]
frame_002404,-1.0,1.4965,89.9759,4.413,95.8869,-1,0.0, -> [background only]
frame_002405,-1.0,0.9265,88.9461,4.4527,94.3271,-1,0.0, -> [background only]
frame_002406,-1.0,0.9429,89.8316,4.457,95.2329,-1,0.0, -> [background only]
frame_002407,-1.0,0.9935,89.0187,4.3529,94.3667,-1,0.0, -> [background only]
frame_002408,-1.0,0.9265,89.6692,4.3068,94.904,-1,0.0, -> [background only]
frame_002409,-1.0,1.0049,90.447,4.4806,95.9344,-1,0.0, -> [background only]
frame_002410,-1.0,0.9291,89.1872,4.2463,94.3642,-1,0.0, -> [background only]
frame_002411,-1.0,0.9143,88.2851,4.555,93.7559,-1,0.0, -> [background only]
frame_002412,-1.0,0.9316,89.4709,4.421,94.8249,-1,0.0, -> [background only]
frame_002413,-1.0,0.8974,89.7953,4.4352,95.1297,-1,0.0, -> [background only]
frame_002414,-1.0,0.9556,89.3704,4.4714,94.7988,-1,0.0, -> [background only]
frame_002415,-1.0,0.9044,90.4164,4.4058,95.7281,-1,0.0, -> [background only]
frame_002416,-1.0,0.946,89.5337,4.0742,94.5557,-1,0.0, -> [background only]
frame_002417,-1.0,0.9681,91.4843,4.3525,96.8062,-1,0.0, -> [background only]
frame_002418,-1.0,0.9935,89.7576,4.2252,94.9781,-1,0.0, -> [background only]
frame_002419,-1.0,0.9212,89.1841,4.3795,94.4868,-1,0.0, -> [background only]
frame_002420,-1.0,0.8855,89.7301,4.3557,94.9729,-1,0.0, -> [background only]
frame_002421,-1.0,0.9701,89.774,4.4325,95.1783,-1,0.0, -> [background only]
frame_002422,-1.0,0.885,88.9406,4.4234,94.2507,-1,0.0, -> [background only]
frame_002423,-1.0,0.8447,89.4258,4.3133,94.5859,-1,0.0, -> [background only]
frame_002424,-1.0,0.9251,89.1157,4.3365,94.379,-1,0.0, -> [background only]
frame_002425,-1.0,0.9825,89.3227,4.3248,94.6322,-1,0.0, -> [background only]
frame_002426,-1.0,1.0267,91.2311,4.2088,96.4687,-1,0.0, -> [background only]
frame_002427,-1.0,1.0087,89.5102,4.2966,94.8175,-1,0.0, -> [background only]
frame_002428,-1.0,0.9216,89.7971,4.3728,95.0931,-1,0.0, -> [background only]
frame_002429,-1.0,0.9512,89.6854,4.2272,94.8657,-1,0.0, -> [background only]
frame_002430,-1.0,0.9343,89.6277,4.2202,94.7839,-1,0.0, -> [background only]
frame_002431,-1.0,0.9028,89.52,5.1875,95.612,-1,0.0, -> [background only]
frame_002432,-1.0,1.2789,89.2725,4.4891,95.0421,-1,0.0, -> [background only]
frame_002433,-1.0,0.8835,89.3774,4.4584,94.7211,-1,0.0, -> [background only]
frame_002434,-1.0,0.839,89.986,4.4789,95.3058,-1,0.0, -> [background only]
frame_002435,-1.0,0.8851,88.7078,4.5219,94.1166,-1,0.0, -> [background only]
frame_002436,-1.0,0.9457,88.8154,4.5344,94.2974,-1,0.0, -> [background only]
frame_002437,-1.0,0.9766,90.3022,4.4564,95.7372,-1,0.0, -> [background only]
frame_002438,-1.0,0.9385,88.8232,4.5,94.2633,-1,0.0, -> [background only]
frame_002439,-1.0,0.9136,88.5544,4.6388,94.1085,-1,0.0, -> [background only]
frame_002440,-1.0,1.1413,90.0129,4.55,95.706,-1,0.0, -> [background only]
frame_002441,-1.0,0.9012,89.1093,4.3215,94.3337,-1,0.0, -> [background only]
frame_002442,-1.0,0.9268,89.4956,4.3298,94.7533,-1,0.0, -> [background only]
frame_002443,-1.0,0.954,89.8126,4.4617,95.2297,-1,0.0, -> [background only]
frame_002444,-1.0,0.9153,89.4797,4.4542,94.8509,-1,0.0, -> [background only]
frame_002445,-1.0,0.9031,89.7249,4.3144,94.944,-1,0.0, -> [background only]
frame_002446,-1.0,0.913,89.3242,4.4412,94.6797,-1,0.0, -> [background only]
frame_002447,-1.0,0.909,89.855,4.4913,95.2571,-1,0.0, -> [background only]
frame_002448,-1.0,1.0811,89.9011,4.2819,95.2658,-1,0.0, -> [background only]
frame_002449,-1.0,0.881,89.0772,4.3172,94.2773,-1,0.0, -> [background only]
frame_002450,-1.0,0.8815,89.8539,4.4257,95.1624,-1,0.0, -> [background only]
frame_002451,-1.0,0.9537,90.9317,4.3778,96.2648,-1,0.0, -> [background only]
frame_002452,-1.0,0.9275,89.7019,4.6023,95.2333,-1,0.0, -> [background only]
frame_002453,-1.0,0.9107,89.4311,4.3181,94.6611,-1,0.0, -> [background only]
frame_002454,-1.0,0.908,89.1241,4.4566,94.4903,-1,0.0, -> [background only]
frame_002455,-1.0,0.8972,90.0354,4.1236,95.0583,-1,0.0, -> [background only]
frame_002456,-1.0,0.9159,88.7849,4.3319,94.0342,-1,0.0, -> [background only]
frame_002457,-1.0,1.0091,90.1751,4.4228,95.6089,-1,0.0, -> [background only]
frame_002458,-1.0,0.9212,89.2198,4.2429,94.3858,-1,0.0, -> [background only]
frame_002459,-1.0,0.92,89.521,4.3126,94.755,-1,0.0, -> [background only]
frame_002460,-1.0,0.9045,89.1934,4.2229,94.3225,-1,0.0, -> [background only]
frame_002461,-1.0,0.9291,89.7616,4.4129,95.105,-1,0.0, -> [background only]
frame_002462,-1.0,0.9187,89.9851,4.4362,95.3413,-1,0.0, -> [background only]
frame_002463,-1.0,0.8839,88.9658,4.5955,94.4471,-1,0.0, -> [bicycle (Right): 12%]
frame_002464,-1.0,0.962,89.1146,4.5779,94.6559,-1,0.0, -> [bicycle (Right): 7%]
frame_002465,-1.0,1.0373,90.2471,4.5389,95.8247,-1,0.0, -> [chair (Right): 10%]
frame_002466,-1.0,0.954,89.0249,4.591,94.5712,-1,0.0, -> [chair (Right): 8%]
frame_002467,-1.0,0.9172,88.8952,4.3575,94.1716,-1,0.0, -> [chair (Right): 13%]
frame_002468,-1.0,0.933,89.1775,4.5431,94.6549,-1,0.0, -> [chair (Right): 18%]
frame_002469,-1.0,0.9822,90.4301,4.4385,95.8522,-1,0.0, -> [chair (Center): 8%]
frame_002470,-1.0,0.9282,90.7176,4.3799,96.0272,-1,0.0, -> [chair (Top): 9%]
frame_002471,-1.0,0.9488,89.0814,4.3586,94.3907,-1,0.0, -> [chair (Top): 21%]
frame_002472,-1.0,0.9295,89.3972,4.5192,94.8479,-1,0.0, -> [chair (Top): 21%]
frame_002473,-1.0,1.0422,90.0731,4.4094,95.5263,-1,0.0, -> [chair (Top): 13%]
frame_002474,-1.0,0.912,89.2716,4.5794,94.7643,-1,0.0, -> [chair (Top): 24%]
frame_002475,-1.0,0.9284,89.4844,4.7853,95.1999,-1,0.0, -> [chair (Top): 40%]
frame_002476,-1.0,1.041,88.7247,4.6309,94.3979,-1,0.0, -> [chair (Top): 9%]
frame_002477,-1.0,0.9398,88.7973,4.5694,94.3077,-1,0.0, -> [aeroplane (Top): 5%]
frame_002478,-1.0,0.9209,89.4743,4.4837,94.8798,-1,0.0, -> [background only]
frame_002479,-1.0,0.9839,88.9991,4.3572,94.3418,-1,0.0, -> [background only]
frame_002480,-1.0,0.8971,89.2583,4.5403,94.697,-1,0.0, -> [background only]
frame_002481,-1.0,0.9016,90.2351,4.5292,95.6673,-1,0.0, -> [bicycle (Top): 12%]
frame_002482,-1.0,0.9668,89.0461,4.564,94.5783,-1,0.0, -> [bicycle (Top): 18%]
frame_002483,-1.0,0.9191,89.6787,4.4188,95.0181,-1,0.0, -> [bicycle (Top): 39%]
frame_002484,-1.0,0.9498,91.1231,4.3737,96.4481,-1,0.0, -> [bicycle (Top-Left): 24%]
frame_002485,-1.0,0.9327,89.0184,4.6872,94.64,-1,0.0," -> [bicycle (Top-Left): 8%, chair (Center): 35%]"
frame_002486,-1.0,0.9404,89.0954,4.5396,94.5768,-1,0.0, -> [chair (Center): 31%]
frame_002487,-1.0,1.0223,90.7806,4.4552,96.2597,-1,0.0, -> [chair (Center): 58%]
frame_002488,-1.0,0.9457,89.1938,4.6562,94.7978,-1,0.0, -> [background only]
frame_002489,-1.0,0.9269,88.971,4.4622,94.3619,-1,0.0, -> [background only]
frame_002490,-1.0,1.1073,89.3169,4.3524,94.7785,-1,0.0, -> [background only]
frame_002491,-1.0,0.9585,88.7992,4.461,94.2202,-1,0.0, -> [background only]
frame_002492,-1.0,0.9025,90.3113,4.3131,95.528,-1,0.0, -> [background only]
frame_002493,-1.0,0.9691,89.0246,4.4276,94.4231,-1,0.0, -> [chair (Center): 17%]
frame_002494,-1.0,0.9304,89.2641,4.4214,94.6176,-1,0.0, -> [chair (Right): 17%]
frame_002495,-1.0,0.9351,91.0403,4.4656,96.4426,-1,0.0, -> [chair (Right): 9%]
frame_002496,-1.0,0.936,90.2435,4.7638,95.9449,-1,0.0," -> [chair (Right): 21%, person (Top-Left): 1%]"
frame_002497,-1.0,1.0039,89.39,4.2825,94.6781,-1,0.0, -> [chair (Right): 27%]
frame_002498,-1.0,0.9302,89.2956,4.5013,94.7286,-1,0.0, -> [chair (Right): 25%]
frame_002499,-1.0,0.9322,88.6873,4.5421,94.1634,-1,0.0, -> [chair (Right): 27%]
frame_002500,-1.0,0.9257,89.6874,5.9073,96.5224,-1,0.0, -> [chair (Center): 26%]
frame_002501,-1.0,1.1993,91.3551,4.6534,97.2091,-1,0.0, -> [chair (Center): 27%]
frame_002502,-1.0,0.9103,89.118,4.431,94.461,-1,0.0, -> [chair (Center): 15%]
frame_002503,-1.0,0.9488,89.7321,4.6425,95.3247,-1,0.0, -> [chair (Center): 20%]
frame_002504,-1.0,1.0549,89.685,4.5325,95.2737,-1,0.0," -> [bicycle (Bottom-Right): 2%, chair (Left): 8%]"
frame_002505,-1.0,1.0086,89.9214,4.616,95.5477,-1,0.0, -> [chair (Left): 12%]
frame_002506,-1.0,1.0328,90.3584,4.6067,95.9997,-1,0.0, -> [chair (Left): 16%]
frame_002507,-1.0,0.945,89.3025,4.7592,95.0084,-1,0.0, -> [chair (Left): 14%]
frame_002508,-1.0,0.9333,88.856,4.7308,94.5218,-1,0.0, -> [chair (Left): 13%]
frame_002509,-1.0,1.0494,89.8166,4.5701,95.4382,-1,0.0, -> [chair (Left): 4%]
