filename,ros_data_age_ms,preprocessing_ms,inference_ms,postprocessing_ms,e2e_ms,class_id,confidence,info
frame_000000,-1.0,2.7709,66.3566,4.4069,73.5361,-1,0.0, -> [background only]
frame_000001,-1.0,2.65,64.2459,4.1339,71.0309,-1,0.0, -> [tvmonitor (Top-Right): 1%]
frame_000002,-1.0,2.1626,63.6497,3.9365,69.7497,-1,0.0, -> [background only]
frame_000003,-1.0,1.5023,62.5613,4.1151,68.1799,-1,0.0, -> [chair (Top-Left): 2%]
frame_000004,-1.0,1.1306,63.4779,3.9333,68.5428,-1,0.0, -> [background only]
frame_000005,-1.0,1.1331,64.0899,3.9038,69.128,-1,0.0, -> [background only]
frame_000006,-1.0,1.1165,63.936,4.0291,69.0834,-1,0.0, -> [background only]
frame_000007,-1.0,1.3901,63.3509,3.9512,68.6934,-1,0.0, -> [background only]
frame_000008,-1.0,3.2073,64.5386,3.9583,71.7053,-1,0.0, -> [background only]
frame_000009,-1.0,2.4323,64.6827,3.8962,71.0124,-1,0.0, -> [background only]
frame_000010,-1.0,2.5853,65.6973,3.9428,72.2263,-1,0.0, -> [background only]
frame_000011,-1.0,2.5127,64.8255,3.9031,71.2424,-1,0.0, -> [background only]
frame_000012,-1.0,1.914,65.6678,3.9377,71.5205,-1,0.0, -> [background only]
frame_000013,-1.0,2.5329,64.4325,3.9547,70.9212,-1,0.0, -> [background only]
frame_000014,-1.0,2.2343,65.0992,3.8658,71.2004,-1,0.0, -> [background only]
frame_000015,-1.0,1.4434,65.4603,4.0702,70.9754,-1,0.0, -> [tvmonitor (Top-Right): 1%]
frame_000016,-1.0,1.9669,63.6388,4.12,69.7271,-1,0.0, -> [tvmonitor (Top-Right): 1%]
frame_000017,-1.0,1.9621,63.7703,3.9573,69.6909,-1,0.0, -> [background only]
frame_000018,-1.0,1.9368,64.2246,4.179,70.3419,-1,0.0," -> [chair (Top-Right): 1%, tvmonitor (Top-Right): 3%]"
frame_000019,-1.0,2.2884,67.7589,4.192,74.2409,-1,0.0, -> [tvmonitor (Top-Right): 1%]
frame_000020,-1.0,2.5698,65.8432,4.061,72.4751,-1,0.0, -> [tvmonitor (Top-Right): 2%]
frame_000021,-1.0,1.4713,62.4805,4.1194,68.0726,-1,0.0, -> [tvmonitor (Top-Right): 1%]
frame_000022,-1.0,1.3113,61.8324,4.1813,67.3266,-1,0.0, -> [tvmonitor (Top-Right): 1%]
frame_000023,-1.0,1.4238,61.3032,3.8725,66.6009,-1,0.0, -> [background only]
frame_000024,-1.0,1.1028,63.3833,4.219,68.7066,-1,0.0," -> [chair (Right): 1%, tvmonitor (Top-Right): 2%]"
frame_000025,-1.0,2.1324,65.4078,4.1601,71.7015,-1,0.0," -> [chair (Bottom-Right): 1%, tvmonitor (Top-Right): 1%]"
frame_000026,-1.0,1.9352,63.225,4.4138,69.5752,-1,0.0," -> [chair (Right): 6%, tvmonitor (Top): 3%]"
frame_000027,-1.0,1.8383,62.843,3.9915,68.6747,-1,0.0, -> [background only]
frame_000028,-1.0,1.1155,62.7672,4.1574,68.0416,-1,0.0," -> [chair (Right): 2%, tvmonitor (Top): 2%]"
frame_000029,-1.0,1.9108,64.5866,4.137,70.6358,-1,0.0," -> [chair (Top-Right): 1%, tvmonitor (Top): 4%]"
frame_000030,-1.0,2.4087,63.2164,4.1925,69.8189,-1,0.0, -> [chair (Right): 3%]
frame_000031,-1.0,1.7803,64.2214,4.2937,70.2976,-1,0.0," -> [chair (Right): 6%, tvmonitor (Top): 1%]"
frame_000032,-1.0,2.4826,65.1019,4.1878,71.7737,-1,0.0," -> [chair (Right): 2%, tvmonitor (Top): 2%]"
frame_000033,-1.0,1.9719,63.8366,4.2533,70.0635,-1,0.0," -> [chair (Center): 2%, tvmonitor (Top-Right): 6%]"
frame_000034,-1.0,1.8392,64.0416,4.5399,70.422,-1,0.0," -> [chair (Center): 1%, tvmonitor (Top-Right): 11%]"
frame_000035,-1.0,2.5291,63.6321,4.0656,70.2288,-1,0.0, -> [tvmonitor (Top-Right): 12%]
frame_000036,-1.0,2.4334,64.4429,4.1609,71.0388,-1,0.0," -> [chair (Top): 1%, tvmonitor (Top-Right): 14%]"
frame_000037,-1.0,2.0077,67.766,4.351,74.1269,-1,0.0," -> [chair (Center): 5%, tvmonitor (Top-Right): 9%]"
frame_000038,-1.0,2.7493,64.4562,4.0467,71.2534,-1,0.0," -> [chair (Center): 4%, tvmonitor (Top): 10%]"
frame_000039,-1.0,1.9923,64.6561,4.2287,70.8781,-1,0.0," -> [chair (Center): 2%, tvmonitor (Top): 6%]"
frame_000040,-1.0,2.4108,63.9761,4.1265,70.5145,-1,0.0," -> [chair (Center): 2%, tvmonitor (Top): 9%]"
frame_000041,-1.0,2.025,67.6593,4.1655,73.8507,-1,0.0," -> [chair (Center): 1%, tvmonitor (Top): 8%]"
frame_000042,-1.0,2.2337,65.4647,4.1586,71.8582,-1,0.0," -> [chair (Center): 2%, tvmonitor (Top): 8%]"
frame_000043,-1.0,2.0839,65.1602,4.1654,71.4107,-1,0.0," -> [chair (Center): 4%, tvmonitor (Top): 12%]"
frame_000044,-1.0,2.3231,66.4834,4.4564,73.2643,-1,0.0," -> [chair (Center): 8%, tvmonitor (Top-Left): 2%]"
frame_000045,-1.0,2.4059,64.1397,4.2323,70.7791,-1,0.0," -> [chair (Left): 6%, tvmonitor (Top-Left): 3%]"
frame_000046,-1.0,1.9378,65.1375,4.205,71.2813,-1,0.0," -> [chair (Left): 10%, tvmonitor (Top-Left): 3%]"
frame_000047,-1.0,1.4546,65.5241,4.1625,71.1426,-1,0.0," -> [chair (Left): 5%, tvmonitor (Top-Left): 6%]"
frame_000048,-1.0,2.1819,68.0159,4.0741,74.2731,-1,0.0," -> [chair (Left): 8%, tvmonitor (Top): 8%]"
frame_000049,-1.0,2.312,65.6552,4.1797,72.148,-1,0.0," -> [chair (Left): 7%, tvmonitor (Right): 1%]"
frame_000050,-1.0,1.8649,64.9879,4.203,71.0571,-1,0.0," -> [chair (Left): 7%, tvmonitor (Top): 5%]"
frame_000051,-1.0,1.922,63.5761,4.0408,69.5402,-1,0.0, -> [chair (Left): 11%]
frame_000052,-1.0,1.4761,62.356,4.0876,67.9211,-1,0.0, -> [chair (Left): 12%]
frame_000053,-1.0,1.087,65.7113,4.281,71.0807,-1,0.0, -> [chair (Left): 10%]
frame_000054,-1.0,2.8429,65.3744,4.3924,72.6115,-1,0.0," -> [chair (Left): 10%, tvmonitor (Top): 3%]"
frame_000055,-1.0,2.1887,65.8659,4.1025,72.1585,-1,0.0, -> [chair (Left): 8%]
frame_000056,-1.0,2.0059,67.1631,4.1754,73.3457,-1,0.0, -> [chair (Left): 7%]
frame_000057,-1.0,2.3634,65.5306,3.966,71.8613,-1,0.0, -> [chair (Left): 6%]
frame_000058,-1.0,1.8449,67.367,4.103,73.3162,-1,0.0, -> [chair (Left): 6%]
frame_000059,-1.0,4.6656,64.7274,4.3485,73.7441,-1,0.0, -> [chair (Left): 5%]
frame_000060,-1.0,3.0768,64.4382,4.4004,71.917,-1,0.0," -> [chair (Left): 5%, tvmonitor (Center): 7%]"
frame_000061,-1.0,3.1004,64.847,4.2466,72.1952,-1,0.0," -> [chair (Left): 4%, tvmonitor (Center): 8%]"
frame_000062,-1.0,2.9726,67.4371,4.1934,74.6043,-1,0.0," -> [chair (Left): 5%, tvmonitor (Center): 9%]"
frame_000063,-1.0,2.9003,65.4279,4.2086,72.5381,-1,0.0," -> [chair (Left): 4%, tvmonitor (Top): 3%]"
frame_000064,-1.0,2.7199,63.9152,4.2511,70.8876,-1,0.0, -> [chair (Left): 3%]
frame_000065,-1.0,2.689,64.522,4.2318,71.4441,-1,0.0," -> [chair (Left): 2%, tvmonitor (Top): 1%]"
frame_000066,-1.0,1.4898,62.3669,4.2089,68.0667,-1,0.0, -> [tvmonitor (Top): 3%]
frame_000067,-1.0,1.2279,63.1291,4.1221,68.4803,-1,0.0, -> [tvmonitor (Center): 9%]
frame_000068,-1.0,1.0633,62.9811,4.1676,68.2129,-1,0.0, -> [tvmonitor (Top): 6%]
frame_000069,-1.0,1.0697,61.7101,4.2124,66.9931,-1,0.0, -> [tvmonitor (Top): 4%]
frame_000070,-1.0,1.3086,62.9667,4.4011,68.6776,-1,0.0, -> [tvmonitor (Center): 8%]
frame_000071,-1.0,1.0822,58.7126,6.0655,65.8617,-1,0.0," -> [chair (Left): 1%, tvmonitor (Center): 11%]"
frame_000072,-1.0,3.7711,65.2361,5.1361,74.1451,-1,0.0," -> [chair (Left): 2%, tvmonitor (Center): 9%]"
frame_000073,-1.0,2.8073,65.3773,4.3442,72.5299,-1,0.0," -> [chair (Left): 2%, tvmonitor (Center): 9%]"
frame_000074,-1.0,2.5954,65.0177,4.299,71.9129,-1,0.0," -> [chair (Left): 2%, tvmonitor (Top): 8%]"
frame_000075,-1.0,2.0015,63.6008,4.1911,69.7942,-1,0.0," -> [chair (Left): 2%, tvmonitor (Top): 8%]"
frame_000076,-1.0,2.1562,64.7522,4.2539,71.1635,-1,0.0," -> [chair (Left): 2%, tvmonitor (Top): 7%]"
frame_000077,-1.0,2.863,64.8811,4.1483,71.8937,-1,0.0," -> [chair (Left): 1%, tvmonitor (Center): 10%]"
frame_000078,-1.0,2.2302,63.6555,4.4698,70.3572,-1,0.0," -> [chair (Left): 2%, tvmonitor (Top): 7%]"
frame_000079,-1.0,2.7781,65.148,4.1157,72.0441,-1,0.0," -> [chair (Left): 2%, tvmonitor (Top): 8%]"
frame_000080,-1.0,2.3207,64.5302,4.1578,71.0099,-1,0.0," -> [chair (Left): 1%, tvmonitor (Top): 9%]"
frame_000081,-1.0,1.9559,65.0922,4.2056,71.2549,-1,0.0," -> [chair (Left): 2%, tvmonitor (Center): 10%]"
frame_000082,-1.0,1.9172,63.3689,4.3008,69.5887,-1,0.0," -> [chair (Left): 1%, tvmonitor (Center): 9%]"
frame_000083,-1.0,2.0648,63.4776,4.3056,69.8493,-1,0.0," -> [chair (Left): 1%, tvmonitor (Top): 8%]"
frame_000084,-1.0,2.1399,64.3096,4.2091,70.6599,-1,0.0," -> [chair (Left): 1%, tvmonitor (Center): 9%]"
frame_000085,-1.0,1.9856,66.7721,4.2291,72.9884,-1,0.0," -> [chair (Left): 2%, tvmonitor (Center): 9%]"
frame_000086,-1.0,1.2377,63.1681,4.2193,68.6264,-1,0.0," -> [chair (Left): 2%, tvmonitor (Center): 9%]"
frame_000087,-1.0,1.0621,65.0905,4.1424,70.2959,-1,0.0," -> [chair (Left): 2%, tvmonitor (Center): 10%]"
frame_000088,-1.0,1.909,63.7811,4.4634,70.155,-1,0.0," -> [chair (Left): 1%, tvmonitor (Center): 10%]"
frame_000089,-1.0,2.1158,65.2562,4.2037,71.5769,-1,0.0," -> [chair (Left): 1%, tvmonitor (Center): 10%]"
frame_000090,-1.0,2.2014,65.664,4.3808,72.2472,-1,0.0," -> [chair (Left): 1%, tvmonitor (Center): 10%]"
frame_000091,-1.0,2.1678,65.7656,4.1971,72.1319,-1,0.0," -> [chair (Left): 2%, tvmonitor (Center): 11%]"
frame_000092,-1.0,2.1745,65.9351,4.3182,72.429,-1,0.0," -> [chair (Left): 2%, tvmonitor (Center): 11%]"
frame_000093,-1.0,2.0115,66.075,4.338,72.4259,-1,0.0," -> [chair (Left): 2%, tvmonitor (Center): 10%]"
frame_000094,-1.0,2.2526,64.0622,3.9849,70.3011,-1,0.0," -> [chair (Left): 2%, tvmonitor (Center): 11%]"
frame_000095,-1.0,2.6469,65.4198,4.069,72.1372,-1,0.0," -> [chair (Left): 2%, tvmonitor (Center): 11%]"
frame_000096,-1.0,2.1753,63.6316,4.436,70.245,-1,0.0," -> [chair (Left): 2%, tvmonitor (Center): 11%]"
frame_000097,-1.0,2.4389,66.654,4.1228,73.2177,-1,0.0," -> [chair (Left): 2%, tvmonitor (Center): 10%]"
frame_000098,-1.0,2.1248,66.8008,4.0862,73.0138,-1,0.0," -> [chair (Left): 1%, tvmonitor (Center): 10%]"
frame_000099,-1.0,2.3826,65.9171,4.3893,72.6905,-1,0.0," -> [chair (Left): 1%, tvmonitor (Center): 10%]"
frame_000100,-1.0,2.0489,64.8109,4.3868,71.2483,-1,0.0," -> [chair (Left): 2%, tvmonitor (Top): 9%]"
frame_000101,-1.0,2.3369,63.6587,4.2683,70.2659,-1,0.0," -> [chair (Left): 2%, tvmonitor (Top): 9%]"
frame_000102,-1.0,2.0789,66.4171,4.2968,72.7956,-1,0.0," -> [chair (Left): 1%, tvmonitor (Top): 8%]"
frame_000103,-1.0,2.5544,66.6722,4.1016,73.3297,-1,0.0, -> [tvmonitor (Center): 8%]
frame_000104,-1.0,1.8404,66.8339,4.3489,73.0246,-1,0.0," -> [chair (Left): 1%, tvmonitor (Top): 6%]"
frame_000105,-1.0,2.7675,66.688,4.0759,73.5333,-1,0.0, -> [tvmonitor (Top): 6%]
frame_000106,-1.0,1.3373,65.0682,4.3519,70.7588,-1,0.0," -> [chair (Left): 1%, tvmonitor (Top): 5%]"
frame_000107,-1.0,2.4426,63.6062,4.0752,70.1255,-1,0.0, -> [tvmonitor (Top): 5%]
frame_000108,-1.0,1.9871,67.0918,4.2348,73.3157,-1,0.0, -> [tvmonitor (Top): 7%]
frame_000109,-1.0,1.4505,63.258,4.2209,68.9306,-1,0.0," -> [dog (Bottom-Right): 1%, tvmonitor (Center): 9%]"
frame_000110,-1.0,1.0982,64.7017,4.52,70.3211,-1,0.0," -> [chair (Top-Left): 1%, tvmonitor (Center): 16%]"
frame_000111,-1.0,1.3672,63.8213,4.2001,69.3898,-1,0.0, -> [tvmonitor (Top): 8%]
frame_000112,-1.0,1.1522,64.2017,4.4309,69.7871,-1,0.0," -> [chair (Top-Left): 1%, tvmonitor (Top): 6%]"
frame_000113,-1.0,1.2189,65.8926,4.166,71.2789,-1,0.0," -> [chair (Top-Left): 1%, tvmonitor (Top): 7%]"
frame_000114,-1.0,4.941,65.9601,4.2718,75.1744,-1,0.0, -> [tvmonitor (Top): 6%]
frame_000115,-1.0,2.5611,63.9318,4.1476,70.642,-1,0.0, -> [tvmonitor (Top): 6%]
frame_000116,-1.0,1.3195,66.7228,4.2168,72.2606,-1,0.0, -> [tvmonitor (Top): 6%]
frame_000117,-1.0,1.7643,65.4743,4.1182,71.3583,-1,0.0, -> [tvmonitor (Top): 6%]
frame_000118,-1.0,3.2482,64.6186,4.0901,71.9587,-1,0.0, -> [tvmonitor (Top): 7%]
frame_000119,-1.0,1.5482,62.3454,4.4312,68.3289,-1,0.0," -> [chair (Top-Left): 1%, tvmonitor (Top): 20%]"
frame_000120,-1.0,3.8384,64.8858,4.3053,73.0311,-1,0.0," -> [chair (Top-Left): 2%, tvmonitor (Top): 16%]"
frame_000121,-1.0,3.1407,67.9519,4.1002,75.1945,-1,0.0, -> [tvmonitor (Top): 21%]
frame_000122,-1.0,1.8786,65.4838,4.025,71.3889,-1,0.0, -> [tvmonitor (Top): 8%]
frame_000123,-1.0,1.5515,65.9352,4.42,71.9088,-1,0.0," -> [chair (Top-Left): 1%, tvmonitor (Top): 9%]"
frame_000124,-1.0,2.1227,64.4215,4.1049,70.6506,-1,0.0, -> [tvmonitor (Top): 9%]
frame_000125,-1.0,1.9612,65.9139,4.2214,72.0988,-1,0.0," -> [chair (Top-Left): 1%, tvmonitor (Top): 9%]"
frame_000126,-1.0,2.0827,64.5798,4.3151,70.9789,-1,0.0," -> [chair (Top-Left): 1%, tvmonitor (Top): 10%]"
frame_000127,-1.0,2.1909,66.1358,4.4647,72.7934,-1,0.0," -> [chair (Top-Left): 2%, dog (Bottom): 2%, tvmonitor (Top): 17%]"
frame_000128,-1.0,1.6765,65.9513,4.1108,71.7397,-1,0.0," -> [chair (Top-Left): 1%, tvmonitor (Top): 16%]"
frame_000129,-1.0,1.9832,64.7676,4.2094,70.9616,-1,0.0," -> [chair (Top-Left): 1%, tvmonitor (Top): 16%]"
frame_000130,-1.0,2.3622,65.4171,4.2547,72.0354,-1,0.0," -> [chair (Top-Left): 1%, dog (Bottom): 3%, tvmonitor (Top): 12%]"
frame_000131,-1.0,2.3384,64.0511,4.2111,70.602,-1,0.0," -> [dog (Right): 1%, tvmonitor (Top): 9%]"
frame_000132,-1.0,2.3221,65.6832,4.1066,72.1131,-1,0.0, -> [tvmonitor (Top): 5%]
frame_000133,-1.0,1.2271,67.3603,4.1472,72.736,-1,0.0, -> [tvmonitor (Top): 7%]
frame_000134,-1.0,2.3185,66.9759,4.158,73.4536,-1,0.0, -> [tvmonitor (Top): 8%]
frame_000135,-1.0,2.4563,65.02,3.993,71.4706,-1,0.0, -> [tvmonitor (Top): 8%]
frame_000136,-1.0,1.9941,65.8788,4.0508,71.9252,-1,0.0, -> [tvmonitor (Top): 8%]
frame_000137,-1.0,2.4446,65.6525,4.0927,72.1908,-1,0.0, -> [tvmonitor (Top): 2%]
frame_000138,-1.0,2.4377,63.8833,4.4403,70.7625,-1,0.0, -> [tvmonitor (Top): 7%]
frame_000139,-1.0,2.2226,65.8662,3.8957,71.9859,-1,0.0, -> [tvmonitor (Top): 8%]
frame_000140,-1.0,1.9624,65.3267,4.0831,71.3732,-1,0.0, -> [tvmonitor (Top): 8%]
frame_000141,-1.0,2.4384,65.3866,4.155,71.9813,-1,0.0, -> [tvmonitor (Top): 6%]
frame_000142,-1.0,2.2698,63.0235,4.273,69.5676,-1,0.0, -> [tvmonitor (Top): 6%]
frame_000143,-1.0,2.3517,65.0113,4.2064,71.5708,-1,0.0, -> [tvmonitor (Top): 4%]
frame_000144,-1.0,2.5618,65.7055,3.9282,72.1965,-1,0.0, -> [tvmonitor (Top): 2%]
frame_000145,-1.0,2.1975,65.8351,4.2701,72.3045,-1,0.0, -> [tvmonitor (Top): 3%]
frame_000146,-1.0,2.1904,66.386,4.0774,72.6549,-1,0.0, -> [tvmonitor (Top): 3%]
frame_000147,-1.0,2.4312,66.7484,4.0308,73.212,-1,0.0, -> [tvmonitor (Top): 1%]
frame_000148,-1.0,1.9667,68.3038,4.1145,74.3861,-1,0.0, -> [tvmonitor (Top): 2%]
frame_000149,-1.0,2.3662,64.744,4.0625,71.1738,-1,0.0, -> [tvmonitor (Top): 3%]
frame_000150,-1.0,1.7987,64.0472,3.9995,69.8462,-1,0.0, -> [tvmonitor (Top): 4%]
frame_000151,-1.0,3.1212,65.4946,4.1646,72.7815,-1,0.0, -> [tvmonitor (Top): 4%]
frame_000152,-1.0,1.9904,64.964,4.2554,71.211,-1,0.0, -> [tvmonitor (Top): 2%]
frame_000153,-1.0,2.5289,61.9028,3.9157,68.3484,-1,0.0, -> [background only]
frame_000154,-1.0,2.1045,65.8586,4.5211,72.4852,-1,0.0," -> [chair (Top-Left): 2%, tvmonitor (Top): 4%]"
frame_000155,-1.0,1.3568,62.152,4.1556,67.6656,-1,0.0," -> [chair (Top-Left): 1%, tvmonitor (Top): 17%]"
frame_000156,-1.0,1.3202,63.623,4.4483,69.3932,-1,0.0," -> [chair (Top-Left): 2%, tvmonitor (Top): 21%]"
frame_000157,-1.0,1.5733,68.3697,4.2344,74.1788,-1,0.0," -> [chair (Top-Left): 1%, tvmonitor (Top): 14%]"
frame_000158,-1.0,1.5054,63.5008,4.3483,69.3556,-1,0.0," -> [chair (Top-Left): 2%, tvmonitor (Top): 10%]"
frame_000159,-1.0,1.2357,62.0088,4.1256,67.3719,-1,0.0," -> [chair (Top-Left): 2%, tvmonitor (Top): 10%]"
frame_000160,-1.0,1.0507,61.6417,4.1828,66.8764,-1,0.0," -> [chair (Top-Left): 2%, tvmonitor (Top): 10%]"
frame_000161,-1.0,1.1468,67.6771,4.2028,73.0279,-1,0.0," -> [chair (Top-Left): 1%, tvmonitor (Top): 11%]"
frame_000162,-1.0,1.8225,64.5489,4.1797,70.5524,-1,0.0, -> [tvmonitor (Top): 11%]
frame_000163,-1.0,1.821,63.6992,4.189,69.7105,-1,0.0," -> [chair (Top-Left): 1%, tvmonitor (Top): 12%]"
frame_000164,-1.0,2.0032,65.3001,4.1821,71.4865,-1,0.0," -> [chair (Top-Left): 1%, tvmonitor (Top): 11%]"
frame_000165,-1.0,2.234,64.1176,4.3009,70.6536,-1,0.0," -> [chair (Top-Left): 2%, tvmonitor (Top): 11%]"
frame_000166,-1.0,2.1848,65.6844,4.2954,72.1661,-1,0.0," -> [chair (Top-Left): 2%, tvmonitor (Top): 11%]"
frame_000167,-1.0,2.0724,65.1996,4.3384,71.6124,-1,0.0," -> [chair (Top-Left): 2%, tvmonitor (Top): 10%]"
frame_000168,-1.0,2.1624,65.1174,4.2364,71.5173,-1,0.0," -> [chair (Top-Left): 2%, tvmonitor (Top): 11%]"
frame_000169,-1.0,1.8445,64.5393,4.0777,70.463,-1,0.0," -> [chair (Top-Left): 2%, tvmonitor (Top): 12%]"
frame_000170,-1.0,2.3048,65.5229,3.9823,71.8115,-1,0.0," -> [chair (Top-Left): 2%, tvmonitor (Top): 8%]"
frame_000171,-1.0,2.2774,64.7745,4.1379,71.1911,-1,0.0," -> [chair (Top-Left): 2%, tvmonitor (Center): 24%]"
frame_000172,-1.0,1.9581,65.8244,4.1538,71.9375,-1,0.0," -> [chair (Left): 1%, tvmonitor (Top): 8%]"
frame_000173,-1.0,2.1249,65.3189,4.2184,71.6637,-1,0.0," -> [chair (Top-Left): 1%, tvmonitor (Top): 7%]"
frame_000174,-1.0,2.3474,64.5672,4.1285,71.0444,-1,0.0, -> [chair (Left): 1%]
frame_000175,-1.0,2.1355,66.3756,4.2165,72.7289,-1,0.0," -> [chair (Left): 1%, tvmonitor (Top): 8%]"
frame_000176,-1.0,2.275,64.1618,4.2703,70.709,-1,0.0," -> [chair (Left): 1%, tvmonitor (Top): 7%]"
frame_000177,-1.0,2.0654,65.3131,4.3914,71.771,-1,0.0," -> [chair (Left): 1%, tvmonitor (Center): 11%]"
frame_000178,-1.0,2.7877,65.7246,4.096,72.6096,-1,0.0," -> [chair (Left): 2%, tvmonitor (Top): 9%]"
frame_000179,-1.0,1.5176,65.7692,4.3566,71.6453,-1,0.0," -> [chair (Left): 2%, tvmonitor (Top): 7%]"
frame_000180,-1.0,2.2684,64.6702,4.2923,71.2325,-1,0.0," -> [chair (Left): 2%, tvmonitor (Top): 3%]"
frame_000181,-1.0,2.1895,66.4192,4.3354,72.9463,-1,0.0," -> [chair (Left): 1%, tvmonitor (Top): 6%]"
frame_000182,-1.0,2.3978,65.6541,4.2692,72.3224,-1,0.0, -> [tvmonitor (Top): 12%]
frame_000183,-1.0,2.4429,63.7052,4.1391,70.289,-1,0.0, -> [tvmonitor (Top): 4%]
frame_000184,-1.0,2.3152,65.8415,4.0954,72.2534,-1,0.0, -> [tvmonitor (Top-Left): 4%]
frame_000185,-1.0,2.2499,66.1824,4.2323,72.6662,-1,0.0," -> [person (Top-Left): 1%, tvmonitor (Top): 15%]"
frame_000186,-1.0,2.2958,66.6845,4.2701,73.2518,-1,0.0, -> [tvmonitor (Top): 12%]
frame_000187,-1.0,3.3428,66.0324,4.1995,73.5764,-1,0.0, -> [tvmonitor (Top): 8%]
frame_000188,-1.0,4.2747,69.5026,4.1876,77.966,-1,0.0, -> [tvmonitor (Top): 2%]
frame_000189,-1.0,2.4191,65.6455,4.084,72.1495,-1,0.0, -> [tvmonitor (Top-Left): 3%]
frame_000190,-1.0,1.984,64.5141,4.0989,70.598,-1,0.0, -> [tvmonitor (Top): 6%]
frame_000191,-1.0,1.9684,64.3108,4.0267,70.3072,-1,0.0, -> [tvmonitor (Top-Left): 1%]
frame_000192,-1.0,2.1258,65.5933,4.1465,71.8667,-1,0.0, -> [tvmonitor (Left): 5%]
frame_000193,-1.0,1.9392,65.7267,4.09,71.7574,-1,0.0, -> [tvmonitor (Top-Left): 11%]
frame_000194,-1.0,1.9539,64.5989,5.3655,71.9205,-1,0.0, -> [tvmonitor (Top): 15%]
frame_000195,-1.0,2.6834,63.7031,4.2376,70.6258,-1,0.0, -> [tvmonitor (Top-Left): 5%]
frame_000196,-1.0,3.4021,64.7964,4.2556,72.4553,-1,0.0, -> [tvmonitor (Top-Left): 12%]
frame_000197,-1.0,1.9526,64.8049,4.0795,70.8381,-1,0.0, -> [tvmonitor (Center): 17%]
frame_000198,-1.0,1.7163,64.9365,4.0111,70.665,-1,0.0, -> [background only]
frame_000199,-1.0,2.0857,64.696,3.9147,70.6974,-1,0.0, -> [background only]
frame_000200,-1.0,2.425,66.1998,4.0342,72.66,-1,0.0, -> [background only]
frame_000201,-1.0,2.942,64.2759,4.1306,71.3499,-1,0.0, -> [tvmonitor (Top): 16%]
frame_000202,-1.0,1.9632,63.8362,4.3142,70.1151,-1,0.0," -> [chair (Left): 3%, tvmonitor (Top): 4%]"
frame_000203,-1.0,1.8274,64.6583,4.143,70.6302,-1,0.0, -> [chair (Left): 6%]
frame_000204,-1.0,2.296,65.9085,4.2244,72.4298,-1,0.0, -> [chair (Left): 7%]
frame_000205,-1.0,1.9771,65.0139,4.1517,71.1439,-1,0.0, -> [chair (Left): 8%]
frame_000206,-1.0,2.2364,65.5265,4.3436,72.1082,-1,0.0, -> [chair (Left): 11%]
frame_000207,-1.0,2.5552,66.1665,4.1499,72.8734,-1,0.0, -> [chair (Left): 16%]
frame_000208,-1.0,2.2324,64.0443,4.1758,70.4537,-1,0.0, -> [chair (Left): 16%]
frame_000209,-1.0,2.3917,66.2844,4.1416,72.8193,-1,0.0, -> [chair (Left): 17%]
frame_000210,-1.0,2.052,64.6703,4.1605,70.8842,-1,0.0, -> [chair (Left): 18%]
frame_000211,-1.0,1.939,63.6734,4.0987,69.7125,-1,0.0, -> [chair (Left): 21%]
frame_000212,-1.0,2.3382,64.8035,4.3055,71.4493,-1,0.0, -> [chair (Left): 28%]
frame_000213,-1.0,2.4657,66.1828,4.0646,72.7147,-1,0.0, -> [chair (Left): 28%]
frame_000214,-1.0,2.2547,65.9439,4.1411,72.3408,-1,0.0, -> [chair (Left): 16%]
frame_000215,-1.0,2.6159,68.3647,4.1702,75.1517,-1,0.0," -> [chair (Center): 14%, tvmonitor (Top-Right): 8%]"
frame_000216,-1.0,1.9917,63.373,4.2927,69.6591,-1,0.0," -> [chair (Left): 20%, tvmonitor (Right): 3%]"
frame_000217,-1.0,2.123,65.3817,4.1518,71.658,-1,0.0, -> [chair (Top): 17%]
frame_000218,-1.0,2.0729,65.231,4.1916,71.4967,-1,0.0, -> [chair (Top): 16%]
frame_000219,-1.0,2.3781,65.9984,4.1447,72.5221,-1,0.0, -> [chair (Center): 17%]
frame_000220,-1.0,2.4977,65.8053,4.1571,72.4613,-1,0.0, -> [chair (Center): 18%]
frame_000221,-1.0,2.2139,68.9251,4.2893,75.4294,-1,0.0," -> [chair (Center): 3%, tvmonitor (Top-Right): 8%]"
frame_000222,-1.0,2.8512,67.0307,4.7901,74.6736,-1,0.0," -> [chair (Top): 8%, tvmonitor (Top-Right): 6%]"
frame_000223,-1.0,2.6313,64.5795,4.2641,71.4771,-1,0.0," -> [chair (Top): 3%, tvmonitor (Top-Right): 4%]"
frame_000224,-1.0,2.838,64.5238,4.1734,71.5365,-1,0.0, -> [chair (Top): 5%]
frame_000225,-1.0,3.1044,66.0829,4.1898,73.3784,-1,0.0, -> [chair (Top): 5%]
frame_000226,-1.0,2.7015,63.4797,4.1876,70.3702,-1,0.0, -> [chair (Right): 8%]
frame_000227,-1.0,1.316,66.6768,4.2243,72.2184,-1,0.0, -> [chair (Top-Right): 3%]
frame_000228,-1.0,2.3793,64.6207,4.0409,71.0422,-1,0.0, -> [chair (Right): 3%]
frame_000229,-1.0,2.3615,63.839,4.4773,70.6793,-1,0.0, -> [chair (Right): 1%]
frame_000230,-1.0,2.529,63.1805,4.1134,69.8247,-1,0.0, -> [chair (Top-Right): 1%]
frame_000231,-1.0,1.8016,64.5151,4.0769,70.3949,-1,0.0, -> [chair (Right): 2%]
frame_000232,-1.0,2.357,65.3049,4.091,71.7541,-1,0.0, -> [chair (Right): 1%]
frame_000233,-1.0,1.8477,64.6759,4.0572,70.5823,-1,0.0, -> [background only]
frame_000234,-1.0,2.5136,66.4763,3.9615,72.953,-1,0.0, -> [background only]
frame_000235,-1.0,2.3632,65.6011,4.0217,71.9873,-1,0.0, -> [background only]
frame_000236,-1.0,2.1454,64.408,4.0599,70.6149,-1,0.0, -> [background only]
frame_000237,-1.0,2.072,65.3299,3.9631,71.3662,-1,0.0, -> [background only]
frame_000238,-1.0,2.3641,64.1679,4.0341,70.5671,-1,0.0, -> [background only]
frame_000239,-1.0,1.5448,64.5013,3.8395,69.8868,-1,0.0, -> [background only]
frame_000240,-1.0,1.9918,64.7545,4.0022,70.7495,-1,0.0, -> [background only]
frame_000241,-1.0,1.9421,64.6221,4.0575,70.623,-1,0.0, -> [background only]
frame_000242,-1.0,1.9748,65.5956,3.9466,71.5179,-1,0.0, -> [background only]
frame_000243,-1.0,1.5054,65.3411,3.8752,70.7233,-1,0.0, -> [background only]
frame_000244,-1.0,1.7854,65.236,4.082,71.1056,-1,0.0, -> [background only]
frame_000245,-1.0,2.2732,65.665,4.0057,71.9453,-1,0.0, -> [background only]
frame_000246,-1.0,1.9799,64.6229,3.9176,70.5222,-1,0.0, -> [background only]
frame_000247,-1.0,2.5003,65.9925,4.0804,72.575,-1,0.0, -> [background only]
frame_000248,-1.0,2.2985,67.3771,4.2043,73.8815,-1,0.0, -> [chair (Left): 1%]
frame_000249,-1.0,2.7021,65.8618,4.1144,72.6798,-1,0.0, -> [person (Top-Right): 1%]
frame_000250,-1.0,2.0095,64.4091,3.9535,70.3735,-1,0.0, -> [background only]
frame_000251,-1.0,1.9623,64.9252,4.2734,71.1624,-1,0.0, -> [person (Top-Right): 1%]
frame_000252,-1.0,2.1994,65.7033,4.2603,72.1645,-1,0.0," -> [chair (Top-Left): 3%, person (Top-Right): 1%]"
frame_000253,-1.0,1.8746,65.6166,4.0632,71.5556,-1,0.0, -> [person (Top-Right): 1%]
frame_000254,-1.0,1.9414,64.0962,4.0978,70.1368,-1,0.0, -> [person (Top-Right): 1%]
frame_000255,-1.0,1.9941,65.1272,4.2864,71.4091,-1,0.0," -> [chair (Bottom-Left): 1%, person (Top-Right): 1%]"
frame_000256,-1.0,2.1336,65.4468,3.8545,71.4361,-1,0.0, -> [background only]
frame_000257,-1.0,2.3557,66.3166,3.9731,72.6469,-1,0.0, -> [background only]
frame_000258,-1.0,2.0102,65.2304,3.9313,71.1731,-1,0.0, -> [background only]
frame_000259,-1.0,2.0069,66.1163,3.9794,72.1038,-1,0.0, -> [background only]
frame_000260,-1.0,2.2994,67.1034,3.9797,73.3838,-1,0.0, -> [background only]
frame_000261,-1.0,2.0014,64.6835,4.0276,70.7135,-1,0.0, -> [background only]
frame_000262,-1.0,2.0,66.8938,3.8937,72.7892,-1,0.0, -> [background only]
frame_000263,-1.0,2.4816,69.6093,4.1134,76.2065,-1,0.0, -> [background only]
frame_000264,-1.0,2.466,67.1079,4.1333,73.7092,-1,0.0, -> [background only]
frame_000265,-1.0,4.555,67.3473,4.1587,76.0625,-1,0.0, -> [person (Top-Right): 1%]
frame_000266,-1.0,2.8373,65.8146,4.0523,72.7051,-1,0.0, -> [background only]
frame_000267,-1.0,2.2844,64.4893,3.9374,70.7124,-1,0.0, -> [background only]
frame_000268,-1.0,2.167,65.6509,4.2795,72.0986,-1,0.0, -> [person (Top-Right): 1%]
frame_000269,-1.0,2.4426,64.9643,3.7716,71.18,-1,0.0, -> [background only]
frame_000270,-1.0,2.269,66.8336,4.1372,73.2409,-1,0.0, -> [chair (Left): 1%]
frame_000271,-1.0,1.8999,67.7124,4.2121,73.8271,-1,0.0, -> [person (Top-Right): 1%]
frame_000272,-1.0,2.6958,65.1077,4.0606,71.866,-1,0.0, -> [background only]
frame_000273,-1.0,2.4782,66.4735,4.1482,73.1018,-1,0.0, -> [chair (Top-Left): 1%]
frame_000274,-1.0,2.5018,64.4223,4.0517,70.9773,-1,0.0, -> [background only]
frame_000275,-1.0,1.903,66.2352,3.9232,72.0629,-1,0.0, -> [background only]
frame_000276,-1.0,1.9347,67.515,4.2869,73.7383,-1,0.0, -> [person (Top-Right): 1%]
frame_000277,-1.0,2.7302,66.5244,3.9313,73.1874,-1,0.0, -> [background only]
frame_000278,-1.0,2.1558,66.1284,4.0216,72.3072,-1,0.0, -> [chair (Top-Left): 1%]
frame_000279,-1.0,1.4872,65.563,4.0777,71.1298,-1,0.0, -> [chair (Top-Left): 4%]
frame_000280,-1.0,1.707,62.9054,4.1938,68.8072,-1,0.0," -> [chair (Top-Left): 3%, person (Top-Right): 1%]"
frame_000281,-1.0,1.0712,66.0441,4.044,71.1604,-1,0.0, -> [chair (Top-Left): 6%]
frame_000282,-1.0,2.4568,64.6284,4.2268,71.3134,-1,0.0, -> [chair (Top-Left): 8%]
frame_000283,-1.0,1.6032,66.5486,3.9021,72.0555,-1,0.0, -> [chair (Left): 14%]
frame_000284,-1.0,2.3535,65.5865,4.1686,72.1099,-1,0.0, -> [chair (Left): 10%]
frame_000285,-1.0,2.4067,65.2948,4.0502,71.7532,-1,0.0, -> [chair (Bottom-Left): 2%]
frame_000286,-1.0,2.0682,65.6811,4.1641,71.915,-1,0.0, -> [motorbike (Bottom-Left): 2%]
frame_000287,-1.0,2.326,67.9023,4.0519,74.282,-1,0.0, -> [chair (Top-Left): 1%]
frame_000288,-1.0,2.5407,67.217,4.1567,73.916,-1,0.0, -> [chair (Left): 11%]
frame_000289,-1.0,2.1832,68.4274,5.0062,75.6197,-1,0.0," -> [bicycle (Left): 1%, chair (Top-Left): 1%]"
frame_000290,-1.0,2.9573,68.4453,4.1361,75.5406,-1,0.0, -> [chair (Top): 7%]
frame_000291,-1.0,2.9426,67.2851,4.0513,74.2805,-1,0.0, -> [chair (Top): 12%]
frame_000292,-1.0,2.4916,63.9009,4.2056,70.5997,-1,0.0, -> [chair (Top): 11%]
frame_000293,-1.0,2.3587,64.5872,4.1833,71.1306,-1,0.0, -> [chair (Center): 1%]
frame_000294,-1.0,1.297,64.966,4.1528,70.4173,-1,0.0," -> [bicycle (Center): 2%, chair (Top): 2%]"
frame_000295,-1.0,1.96,64.4691,4.1825,70.6127,-1,0.0," -> [bicycle (Right): 5%, chair (Top): 4%]"
frame_000296,-1.0,2.2566,65.2247,4.2611,71.7442,-1,0.0," -> [bicycle (Right): 4%, chair (Top): 2%]"
frame_000297,-1.0,2.6249,66.2161,4.0508,72.8929,-1,0.0, -> [bicycle (Right): 2%]
frame_000298,-1.0,3.1192,66.8677,4.0656,74.0545,-1,0.0, -> [bicycle (Right): 1%]
frame_000299,-1.0,2.2222,64.4644,4.0822,70.7703,-1,0.0, -> [bicycle (Top-Right): 1%]
frame_000300,-1.0,2.0007,65.3498,4.3792,71.7308,-1,0.0," -> [bicycle (Right): 9%, chair (Top-Right): 3%, motorbike (Bottom-Right): 3%]"
frame_000301,-1.0,2.0058,65.5187,3.9623,71.4879,-1,0.0, -> [background only]
frame_000302,-1.0,2.1988,65.1324,4.3328,71.6654,-1,0.0," -> [chair (Top-Right): 1%, motorbike (Bottom-Right): 1%]"
frame_000303,-1.0,2.3231,68.3109,4.207,74.8433,-1,0.0, -> [chair (Top-Right): 1%]
frame_000304,-1.0,2.8524,66.0605,4.0123,72.9267,-1,0.0, -> [background only]
frame_000305,-1.0,2.6451,67.4624,4.1375,74.2471,-1,0.0, -> [background only]
frame_000306,-1.0,2.1624,66.3163,3.8779,72.3579,-1,0.0, -> [background only]
frame_000307,-1.0,2.364,65.372,3.9524,71.6897,-1,0.0, -> [background only]
frame_000308,-1.0,2.0205,67.9858,4.1688,74.1769,-1,0.0, -> [chair (Top-Right): 2%]
frame_000309,-1.0,2.5054,68.0828,4.0572,74.6474,-1,0.0, -> [chair (Top-Right): 2%]
frame_000310,-1.0,2.9916,65.9361,3.9679,72.8975,-1,0.0, -> [background only]
frame_000311,-1.0,3.8865,67.3885,3.6853,74.9621,-1,0.0, -> [background only]
frame_000312,-1.0,2.7819,66.4503,4.0359,73.2691,-1,0.0, -> [background only]
frame_000313,-1.0,2.7136,64.5631,3.9914,71.2694,-1,0.0, -> [background only]
frame_000314,-1.0,2.3254,65.4232,3.9506,71.701,-1,0.0, -> [background only]
frame_000315,-1.0,2.3937,64.3539,4.1107,70.8597,-1,0.0, -> [background only]
frame_000316,-1.0,2.179,63.9464,4.0801,70.207,-1,0.0, -> [background only]
frame_000317,-1.0,1.7836,62.3042,4.0481,68.1376,-1,0.0, -> [background only]
frame_000318,-1.0,1.0959,68.774,4.0316,73.9035,-1,0.0, -> [background only]
frame_000319,-1.0,2.2595,67.201,3.9556,73.418,-1,0.0, -> [background only]
frame_000320,-1.0,1.9339,65.5332,3.9846,71.4531,-1,0.0, -> [background only]
frame_000321,-1.0,1.9705,65.4191,4.0252,71.4163,-1,0.0, -> [background only]
frame_000322,-1.0,2.4491,65.3572,3.9511,71.7592,-1,0.0, -> [background only]
frame_000323,-1.0,2.2417,64.4149,4.1035,70.7617,-1,0.0, -> [background only]
frame_000324,-1.0,1.8882,64.1489,3.9352,69.9735,-1,0.0, -> [background only]
frame_000325,-1.0,1.0504,63.306,4.0208,68.3787,-1,0.0, -> [background only]
frame_000326,-1.0,1.0593,63.9138,4.0034,68.9777,-1,0.0, -> [background only]
frame_000327,-1.0,1.4503,62.4808,4.0511,67.9838,-1,0.0, -> [background only]
frame_000328,-1.0,1.0706,62.9185,3.8663,67.8567,-1,0.0, -> [background only]
frame_000329,-1.0,2.1611,64.9764,3.9568,71.0954,-1,0.0, -> [background only]
frame_000330,-1.0,1.9544,66.5284,3.9968,72.4808,-1,0.0, -> [background only]
frame_000331,-1.0,2.3253,68.1007,4.1993,74.6274,-1,0.0, -> [background only]
frame_000332,-1.0,2.2891,65.6406,4.0553,71.9868,-1,0.0, -> [background only]
frame_000333,-1.0,2.446,65.7256,4.135,72.3078,-1,0.0, -> [background only]
frame_000334,-1.0,2.014,66.2143,3.8325,72.0621,-1,0.0, -> [background only]
frame_000335,-1.0,1.7838,65.2677,3.8852,70.9384,-1,0.0, -> [background only]
frame_000336,-1.0,1.0459,64.0965,4.0905,69.2353,-1,0.0, -> [background only]
frame_000337,-1.0,2.4386,64.3807,3.9258,70.7471,-1,0.0, -> [background only]
frame_000338,-1.0,2.0205,65.8658,4.0286,71.9164,-1,0.0, -> [background only]
frame_000339,-1.0,2.1133,66.6001,4.0665,72.7817,-1,0.0, -> [background only]
frame_000340,-1.0,2.9117,66.4705,3.9857,73.3695,-1,0.0, -> [background only]
frame_000341,-1.0,2.2787,69.42,4.0153,75.7155,-1,0.0, -> [background only]
frame_000342,-1.0,2.0109,66.8526,4.8306,73.6962,-1,0.0, -> [background only]
frame_000343,-1.0,2.7573,65.7035,4.6259,73.0886,-1,0.0, -> [background only]
frame_000344,-1.0,2.7143,67.9651,3.9319,74.6127,-1,0.0, -> [background only]
frame_000345,-1.0,1.7184,64.9968,4.3514,71.0677,-1,0.0, -> [background only]
frame_000346,-1.0,1.3397,66.39,3.8757,71.6066,-1,0.0, -> [background only]
frame_000347,-1.0,1.2833,63.9618,3.9309,69.1771,-1,0.0, -> [background only]
frame_000348,-1.0,1.0648,66.6757,4.1621,71.9039,-1,0.0, -> [background only]
frame_000349,-1.0,2.9033,64.9216,4.0119,71.8383,-1,0.0, -> [background only]
frame_000350,-1.0,2.4678,66.7725,4.0145,73.2563,-1,0.0, -> [background only]
frame_000351,-1.0,2.6459,66.4349,3.9964,73.0781,-1,0.0, -> [background only]
frame_000352,-1.0,2.053,65.9752,3.9099,71.9395,-1,0.0, -> [background only]
frame_000353,-1.0,1.8263,67.1465,3.9827,72.957,-1,0.0, -> [background only]
frame_000354,-1.0,2.0979,67.3142,3.915,73.3288,-1,0.0, -> [background only]
frame_000355,-1.0,2.3048,65.8273,3.9426,72.0758,-1,0.0, -> [background only]
frame_000356,-1.0,2.0651,66.3419,4.0686,72.4774,-1,0.0, -> [background only]
frame_000357,-1.0,2.2682,64.0389,4.1101,70.4188,-1,0.0, -> [background only]
frame_000358,-1.0,2.1736,66.4961,4.3123,72.9843,-1,0.0, -> [background only]
frame_000359,-1.0,1.4894,63.7505,3.9559,69.1971,-1,0.0, -> [background only]
frame_000360,-1.0,2.3378,65.6097,3.9114,71.8602,-1,0.0, -> [background only]
frame_000361,-1.0,2.191,65.1306,3.9761,71.2986,-1,0.0, -> [background only]
frame_000362,-1.0,2.367,65.2079,3.9527,71.5287,-1,0.0, -> [background only]
frame_000363,-1.0,2.459,66.0262,3.9619,72.4481,-1,0.0, -> [background only]
frame_000364,-1.0,2.6603,65.6874,3.9022,72.2512,-1,0.0, -> [background only]
frame_000365,-1.0,1.9864,65.4019,4.0067,71.3959,-1,0.0, -> [background only]
frame_000366,-1.0,2.1521,67.9099,4.0443,74.1078,-1,0.0, -> [background only]
frame_000367,-1.0,2.7878,67.8451,4.1346,74.7693,-1,0.0, -> [background only]
frame_000368,-1.0,2.8116,69.1999,4.7109,76.7241,-1,0.0, -> [background only]
frame_000369,-1.0,2.6424,65.1688,4.0349,71.8481,-1,0.0, -> [background only]
frame_000370,-1.0,3.1106,65.4155,4.145,72.6725,-1,0.0, -> [background only]
frame_000371,-1.0,3.0159,65.8437,3.9002,72.7615,-1,0.0, -> [background only]
frame_000372,-1.0,2.0156,65.823,3.948,71.7878,-1,0.0, -> [background only]
frame_000373,-1.0,2.3618,66.0796,3.9697,72.4121,-1,0.0, -> [background only]
frame_000374,-1.0,2.0557,64.6961,4.0964,70.8498,-1,0.0, -> [background only]
frame_000375,-1.0,2.2088,65.5861,4.008,71.8043,-1,0.0, -> [background only]
frame_000376,-1.0,1.9204,65.7365,3.9861,71.6443,-1,0.0, -> [background only]
frame_000377,-1.0,1.9571,67.0468,3.9434,72.9485,-1,0.0, -> [background only]
frame_000378,-1.0,2.4925,66.4217,3.9386,72.854,-1,0.0, -> [background only]
frame_000379,-1.0,2.157,67.5695,3.9675,73.6954,-1,0.0, -> [background only]
frame_000380,-1.0,1.4157,67.481,4.0467,72.9446,-1,0.0, -> [background only]
frame_000381,-1.0,2.6863,69.1141,3.9453,75.7469,-1,0.0, -> [background only]
frame_000382,-1.0,2.385,66.7764,3.9791,73.1417,-1,0.0, -> [background only]
frame_000383,-1.0,2.2901,65.3591,4.0798,71.7303,-1,0.0, -> [background only]
frame_000384,-1.0,2.5876,66.6584,4.0795,73.3273,-1,0.0, -> [background only]
frame_000385,-1.0,2.592,68.0436,4.0009,74.6388,-1,0.0, -> [background only]
frame_000386,-1.0,2.7232,68.0004,4.0115,74.7361,-1,0.0, -> [background only]
frame_000387,-1.0,2.2759,68.1162,3.8876,74.2811,-1,0.0, -> [background only]
frame_000388,-1.0,2.3486,72.852,4.2459,79.4479,-1,0.0, -> [background only]
frame_000389,-1.0,2.8808,68.7336,4.0775,75.6934,-1,0.0, -> [background only]
frame_000390,-1.0,2.647,65.563,3.8627,72.0742,-1,0.0, -> [background only]
frame_000391,-1.0,2.4485,66.078,3.8766,72.4045,-1,0.0, -> [background only]
frame_000392,-1.0,2.065,64.5778,4.0895,70.7335,-1,0.0, -> [background only]
frame_000393,-1.0,2.009,63.821,4.0444,69.8754,-1,0.0, -> [background only]
frame_000394,-1.0,1.9036,64.3344,3.9186,70.1579,-1,0.0, -> [background only]
frame_000395,-1.0,1.9997,65.2961,3.9394,71.2362,-1,0.0, -> [background only]
frame_000396,-1.0,1.9375,65.8501,4.0522,71.8409,-1,0.0, -> [background only]
frame_000397,-1.0,1.9725,65.2952,4.0758,71.3442,-1,0.0, -> [background only]
frame_000398,-1.0,1.9704,64.9508,4.0139,70.9362,-1,0.0, -> [background only]
frame_000399,-1.0,1.5089,64.8472,3.8899,70.2472,-1,0.0, -> [background only]
frame_000400,-1.0,1.0791,67.6787,3.9095,72.6686,-1,0.0, -> [background only]
frame_000401,-1.0,2.0191,66.549,3.9742,72.5433,-1,0.0, -> [background only]
frame_000402,-1.0,2.2768,66.968,4.0393,73.2865,-1,0.0, -> [background only]
frame_000403,-1.0,2.4158,65.586,3.9953,71.9981,-1,0.0, -> [background only]
frame_000404,-1.0,2.0262,65.6479,3.9725,71.6484,-1,0.0, -> [background only]
frame_000405,-1.0,2.1046,66.8737,3.7899,72.7693,-1,0.0, -> [background only]
frame_000406,-1.0,2.1021,65.4639,3.8636,71.4309,-1,0.0, -> [background only]
frame_000407,-1.0,2.1094,66.8235,4.0596,72.994,-1,0.0, -> [background only]
frame_000408,-1.0,2.2446,67.1172,3.9356,73.299,-1,0.0, -> [background only]
frame_000409,-1.0,2.0813,66.5701,4.0007,72.6533,-1,0.0, -> [background only]
frame_000410,-1.0,2.0232,64.6556,4.0037,70.6838,-1,0.0, -> [background only]
frame_000411,-1.0,1.9479,65.2751,3.9972,71.2213,-1,0.0, -> [background only]
frame_000412,-1.0,1.5199,65.2955,4.0818,70.8982,-1,0.0, -> [background only]
frame_000413,-1.0,1.1132,66.0944,4.0619,71.2708,-1,0.0, -> [background only]
frame_000414,-1.0,2.7059,65.7125,3.9522,72.3716,-1,0.0, -> [background only]
frame_000415,-1.0,2.0129,66.9781,3.9739,72.966,-1,0.0, -> [background only]
frame_000416,-1.0,2.2513,69.8781,4.7809,76.9125,-1,0.0, -> [background only]
frame_000417,-1.0,3.5715,65.5192,3.9892,73.0812,-1,0.0, -> [background only]
frame_000418,-1.0,2.664,67.1701,4.1016,73.9366,-1,0.0, -> [background only]
frame_000419,-1.0,1.8362,65.4601,3.892,71.1895,-1,0.0, -> [background only]
frame_000420,-1.0,1.1059,64.1418,5.7778,71.0269,-1,0.0, -> [background only]
frame_000421,-1.0,2.1441,66.4053,3.9322,72.4829,-1,0.0, -> [background only]
frame_000422,-1.0,1.953,64.5094,4.0159,70.4794,-1,0.0, -> [background only]
frame_000423,-1.0,2.3454,66.6927,3.8903,72.9296,-1,0.0, -> [background only]
frame_000424,-1.0,2.3717,67.0482,3.8889,73.31,-1,0.0, -> [background only]
frame_000425,-1.0,1.9161,64.7989,4.0475,70.7636,-1,0.0, -> [background only]
frame_000426,-1.0,1.8077,64.9738,4.0693,70.852,-1,0.0, -> [background only]
frame_000427,-1.0,2.2076,69.4837,3.9586,75.6509,-1,0.0, -> [background only]
frame_000428,-1.0,2.1847,66.2923,3.9609,72.4391,-1,0.0, -> [background only]
frame_000429,-1.0,2.2928,68.222,3.9732,74.489,-1,0.0, -> [background only]
frame_000430,-1.0,2.4529,68.6742,4.0472,75.1753,-1,0.0, -> [background only]
frame_000431,-1.0,2.4073,66.6741,3.955,73.0375,-1,0.0, -> [background only]
frame_000432,-1.0,2.2162,66.3771,4.0094,72.6036,-1,0.0, -> [background only]
frame_000433,-1.0,1.8526,64.7947,4.1677,70.8164,-1,0.0, -> [background only]
frame_000434,-1.0,2.0662,66.7751,3.9305,72.7731,-1,0.0, -> [background only]
frame_000435,-1.0,1.0386,63.8484,3.9919,68.8801,-1,0.0, -> [background only]
frame_000436,-1.0,1.0127,67.1578,3.917,72.0886,-1,0.0, -> [background only]
frame_000437,-1.0,1.0903,64.2285,3.927,69.2469,-1,0.0, -> [background only]
frame_000438,-1.0,1.0687,70.5734,3.8148,75.4582,-1,0.0, -> [background only]
frame_000439,-1.0,2.3136,65.7716,3.9177,72.004,-1,0.0, -> [background only]
frame_000440,-1.0,2.5147,69.2532,3.9108,75.6801,-1,0.0, -> [background only]
frame_000441,-1.0,2.8194,66.1403,4.3444,73.3054,-1,0.0, -> [background only]
frame_000442,-1.0,2.7216,66.6615,3.8115,73.1956,-1,0.0, -> [background only]
frame_000443,-1.0,2.4383,66.3285,3.919,72.6871,-1,0.0, -> [background only]
frame_000444,-1.0,2.3143,67.1362,3.9321,73.3836,-1,0.0, -> [background only]
frame_000445,-1.0,1.5184,67.0047,3.9981,72.5225,-1,0.0, -> [background only]
frame_000446,-1.0,2.3675,66.214,4.1144,72.6969,-1,0.0, -> [background only]
frame_000447,-1.0,2.0281,65.079,3.9782,71.0862,-1,0.0, -> [background only]
frame_000448,-1.0,1.987,65.6565,3.9106,71.5551,-1,0.0, -> [background only]
frame_000449,-1.0,1.9371,67.3684,3.9856,73.2925,-1,0.0, -> [background only]
frame_000450,-1.0,2.3313,66.4655,3.9514,72.7495,-1,0.0, -> [background only]
frame_000451,-1.0,1.4858,64.4667,4.0463,70.0005,-1,0.0, -> [background only]
frame_000452,-1.0,1.069,62.7079,3.8883,67.6667,-1,0.0, -> [background only]
frame_000453,-1.0,2.1175,66.7365,4.0652,72.9211,-1,0.0, -> [background only]
frame_000454,-1.0,2.1544,65.2299,4.0199,71.4057,-1,0.0, -> [background only]
frame_000455,-1.0,2.4978,68.0489,4.1201,74.6679,-1,0.0, -> [background only]
frame_000456,-1.0,2.2991,65.1866,4.0913,71.5783,-1,0.0, -> [background only]
frame_000457,-1.0,2.6936,66.5136,3.937,73.1453,-1,0.0, -> [background only]
frame_000458,-1.0,1.8226,67.9002,3.9626,73.6866,-1,0.0, -> [background only]
frame_000459,-1.0,2.4478,66.7746,3.9512,73.1747,-1,0.0, -> [background only]
frame_000460,-1.0,2.4411,66.3619,4.0657,72.8707,-1,0.0, -> [background only]
frame_000461,-1.0,2.2027,65.4608,3.9414,71.6066,-1,0.0, -> [background only]
frame_000462,-1.0,2.0398,65.0283,4.0119,71.081,-1,0.0, -> [background only]
frame_000463,-1.0,1.955,66.7952,4.0344,72.7866,-1,0.0, -> [background only]
frame_000464,-1.0,2.4183,68.9588,5.2102,76.5888,-1,0.0, -> [background only]
frame_000465,-1.0,2.6247,66.3476,4.2653,73.2392,-1,0.0, -> [background only]
frame_000466,-1.0,2.3204,66.0817,3.9242,72.3274,-1,0.0, -> [background only]
frame_000467,-1.0,2.8113,64.948,3.9959,71.756,-1,0.0, -> [background only]
frame_000468,-1.0,2.3748,65.4337,4.0042,71.8136,-1,0.0, -> [background only]
frame_000469,-1.0,1.9647,63.9572,3.897,69.8201,-1,0.0, -> [background only]
frame_000470,-1.0,2.8444,65.4262,3.887,72.1587,-1,0.0, -> [background only]
frame_000471,-1.0,1.8167,65.0608,4.0966,70.9753,-1,0.0, -> [background only]
frame_000472,-1.0,1.947,65.5954,4.1122,71.6556,-1,0.0, -> [background only]
frame_000473,-1.0,2.2246,64.1843,3.7876,70.1975,-1,0.0, -> [background only]
frame_000474,-1.0,1.253,66.1259,3.9467,71.3268,-1,0.0, -> [background only]
frame_000475,-1.0,1.9589,65.4273,4.3799,71.7678,-1,0.0, -> [background only]
frame_000476,-1.0,2.8254,63.5577,3.8903,70.2747,-1,0.0, -> [background only]
frame_000477,-1.0,1.4729,63.0237,4.0126,68.5105,-1,0.0, -> [background only]
frame_000478,-1.0,1.0352,63.6553,4.1093,68.8008,-1,0.0, -> [background only]
frame_000479,-1.0,1.0267,63.2508,4.0832,68.3617,-1,0.0, -> [background only]
frame_000480,-1.0,1.0461,64.4036,3.7548,69.2057,-1,0.0, -> [background only]
frame_000481,-1.0,1.0151,67.372,4.0412,72.4293,-1,0.0, -> [background only]
frame_000482,-1.0,1.9918,65.8588,3.9299,71.782,-1,0.0, -> [background only]
frame_000483,-1.0,2.5718,67.082,4.0544,73.7094,-1,0.0, -> [background only]
frame_000484,-1.0,2.1833,64.4846,3.8705,70.5397,-1,0.0, -> [background only]
frame_000485,-1.0,2.4352,64.0093,3.8654,70.3111,-1,0.0, -> [background only]
frame_000486,-1.0,2.4082,65.9881,3.9284,72.3259,-1,0.0, -> [background only]
frame_000487,-1.0,2.4302,65.587,3.9065,71.9249,-1,0.0, -> [background only]
frame_000488,-1.0,1.9884,66.0875,3.9438,72.0209,-1,0.0, -> [background only]
frame_000489,-1.0,2.3288,64.3104,4.0172,70.6576,-1,0.0, -> [background only]
frame_000490,-1.0,1.5503,67.1025,3.9321,72.5858,-1,0.0, -> [background only]
frame_000491,-1.0,2.7293,65.4903,3.9881,72.209,-1,0.0, -> [background only]
frame_000492,-1.0,2.2391,66.0609,3.9996,72.301,-1,0.0, -> [background only]
frame_000493,-1.0,2.4072,65.1185,4.0029,71.5308,-1,0.0, -> [background only]
frame_000494,-1.0,2.1752,64.3854,4.0145,70.5768,-1,0.0, -> [background only]
frame_000495,-1.0,2.1942,64.902,3.9146,71.0119,-1,0.0, -> [background only]
frame_000496,-1.0,1.9726,66.5013,4.2963,72.7715,-1,0.0, -> [background only]
frame_000497,-1.0,1.2981,66.7821,3.9704,72.053,-1,0.0, -> [background only]
frame_000498,-1.0,1.5195,65.3624,3.6481,70.5311,-1,0.0, -> [background only]
frame_000499,-1.0,1.0542,64.3075,4.0136,69.3775,-1,0.0, -> [background only]
frame_000500,-1.0,1.3432,66.8263,3.9887,72.1596,-1,0.0, -> [background only]
frame_000501,-1.0,1.1221,65.0322,3.9284,70.0838,-1,0.0, -> [background only]
frame_000502,-1.0,1.1343,62.0986,3.9377,67.1717,-1,0.0, -> [background only]
frame_000503,-1.0,2.298,66.5803,3.9785,72.8579,-1,0.0, -> [background only]
frame_000504,-1.0,2.4911,66.6851,3.9983,73.1756,-1,0.0, -> [background only]
frame_000505,-1.0,1.8508,65.8904,4.0403,71.783,-1,0.0, -> [background only]
frame_000506,-1.0,3.0213,64.0635,3.7625,70.8488,-1,0.0, -> [background only]
frame_000507,-1.0,3.5324,65.366,4.8815,73.7815,-1,0.0, -> [background only]
frame_000508,-1.0,2.5066,64.8378,4.0959,71.4417,-1,0.0, -> [background only]
frame_000509,-1.0,1.9838,64.3092,4.1228,70.4177,-1,0.0, -> [background only]
frame_000510,-1.0,1.4135,64.583,4.0615,70.0592,-1,0.0, -> [background only]
frame_000511,-1.0,2.1495,66.3629,4.0077,72.5214,-1,0.0, -> [background only]
frame_000512,-1.0,2.3724,67.2508,4.0047,73.6291,-1,0.0, -> [background only]
frame_000513,-1.0,1.9845,66.9383,4.1747,73.0992,-1,0.0, -> [background only]
frame_000514,-1.0,2.2057,66.0931,3.954,72.2542,-1,0.0, -> [background only]
frame_000515,-1.0,2.2412,66.0778,3.9198,72.24,-1,0.0, -> [background only]
frame_000516,-1.0,2.0159,68.7312,3.9135,74.6621,-1,0.0, -> [background only]
frame_000517,-1.0,2.2181,65.7641,4.034,72.0179,-1,0.0, -> [background only]
frame_000518,-1.0,2.0174,64.3473,3.9875,70.3535,-1,0.0, -> [background only]
frame_000519,-1.0,2.1874,65.7117,4.1324,72.0326,-1,0.0, -> [background only]
frame_000520,-1.0,2.2067,65.5079,3.7543,71.4705,-1,0.0, -> [background only]
frame_000521,-1.0,2.226,66.0815,4.0372,72.3462,-1,0.0, -> [background only]
frame_000522,-1.0,1.8415,66.0903,3.8878,71.821,-1,0.0, -> [background only]
frame_000523,-1.0,1.9945,67.2942,4.0092,73.2994,-1,0.0, -> [background only]
frame_000524,-1.0,2.699,66.7547,4.0892,73.5449,-1,0.0, -> [background only]
frame_000525,-1.0,2.5388,67.9457,3.9118,74.3975,-1,0.0, -> [background only]
frame_000526,-1.0,2.3497,65.6648,3.8752,71.8909,-1,0.0, -> [background only]
frame_000527,-1.0,1.2817,65.3006,4.1692,70.7526,-1,0.0, -> [background only]
frame_000528,-1.0,1.0486,63.5667,3.9212,68.5379,-1,0.0, -> [background only]
frame_000529,-1.0,1.0003,65.13,3.8791,70.011,-1,0.0, -> [background only]
frame_000530,-1.0,1.0406,64.4162,4.1487,69.6069,-1,0.0, -> [background only]
frame_000531,-1.0,1.0401,64.4794,4.0579,69.5788,-1,0.0, -> [background only]
frame_000532,-1.0,1.1097,69.0708,4.2022,74.384,-1,0.0, -> [background only]
frame_000533,-1.0,2.1208,68.4638,4.1846,74.7718,-1,0.0, -> [background only]
frame_000534,-1.0,3.8083,67.1835,4.0554,75.0504,-1,0.0, -> [background only]
frame_000535,-1.0,3.1021,66.2162,3.8701,73.1895,-1,0.0, -> [background only]
frame_000536,-1.0,1.9874,65.4118,3.8893,71.2893,-1,0.0, -> [background only]
frame_000537,-1.0,2.5177,66.9239,4.062,73.5045,-1,0.0, -> [background only]
frame_000538,-1.0,2.4422,67.6958,4.0917,74.2312,-1,0.0, -> [background only]
frame_000539,-1.0,3.5827,68.508,3.9758,76.0675,-1,0.0, -> [background only]
frame_000540,-1.0,2.2449,67.2527,3.9259,73.4246,-1,0.0, -> [background only]
frame_000541,-1.0,1.5157,67.7888,4.2427,73.5484,-1,0.0, -> [background only]
frame_000542,-1.0,2.0045,65.5656,3.9951,71.5664,-1,0.0, -> [background only]
frame_000543,-1.0,2.0125,64.5065,3.9394,70.4598,-1,0.0, -> [background only]
frame_000544,-1.0,2.024,67.2954,4.0291,73.3499,-1,0.0, -> [background only]
frame_000545,-1.0,2.0397,68.7772,3.8647,74.6833,-1,0.0, -> [background only]
frame_000546,-1.0,1.7763,63.8673,3.8557,69.5007,-1,0.0, -> [background only]
frame_000547,-1.0,1.0913,66.7009,4.0037,71.7974,-1,0.0, -> [background only]
frame_000548,-1.0,2.2397,64.7637,3.9681,70.9725,-1,0.0, -> [background only]
frame_000549,-1.0,2.4512,65.9645,3.9129,72.33,-1,0.0, -> [background only]
frame_000550,-1.0,2.3366,66.5501,3.9781,72.8661,-1,0.0, -> [background only]
frame_000551,-1.0,1.5098,64.7686,3.9475,70.2273,-1,0.0, -> [background only]
frame_000552,-1.0,1.0979,65.9333,3.9867,71.0194,-1,0.0, -> [background only]
frame_000553,-1.0,2.5881,66.053,4.0729,72.7158,-1,0.0, -> [background only]
frame_000554,-1.0,1.9658,66.9617,3.9794,72.9081,-1,0.0, -> [background only]
frame_000555,-1.0,2.5836,67.4512,4.147,74.1831,-1,0.0, -> [background only]
frame_000556,-1.0,2.9902,70.6516,4.03,77.6725,-1,0.0, -> [background only]
frame_000557,-1.0,2.4458,64.9091,4.1036,71.4594,-1,0.0, -> [background only]
frame_000558,-1.0,2.4279,66.128,3.7798,72.3365,-1,0.0, -> [background only]
frame_000559,-1.0,1.8071,65.3928,4.1612,71.3622,-1,0.0, -> [background only]
frame_000560,-1.0,2.5674,64.3119,3.9364,70.8171,-1,0.0, -> [background only]
frame_000561,-1.0,2.4729,66.1453,3.984,72.6036,-1,0.0, -> [background only]
frame_000562,-1.0,2.1762,67.7883,3.7988,73.7646,-1,0.0, -> [background only]
frame_000563,-1.0,2.2215,66.7384,4.0542,73.0152,-1,0.0, -> [background only]
frame_000564,-1.0,1.886,65.2049,3.9265,71.0189,-1,0.0, -> [background only]
frame_000565,-1.0,2.6886,67.5944,3.8404,74.1247,-1,0.0, -> [background only]
frame_000566,-1.0,2.0346,65.0335,3.6872,70.7567,-1,0.0, -> [background only]
frame_000567,-1.0,2.5084,65.1295,3.8429,71.4821,-1,0.0, -> [background only]
frame_000568,-1.0,1.539,64.4511,4.0962,70.087,-1,0.0, -> [background only]
frame_000569,-1.0,1.0628,62.8942,3.989,67.9474,-1,0.0, -> [background only]
frame_000570,-1.0,1.0852,63.3157,3.9204,68.3231,-1,0.0, -> [background only]
frame_000571,-1.0,1.0745,63.8928,3.8497,68.8183,-1,0.0, -> [background only]
frame_000572,-1.0,1.0868,63.8159,3.9778,68.8817,-1,0.0, -> [background only]
frame_000573,-1.0,1.1243,62.2662,4.135,67.5263,-1,0.0, -> [chair (Right): 1%]
frame_000574,-1.0,3.2239,67.5203,4.1667,74.9133,-1,0.0, -> [background only]
frame_000575,-1.0,2.3602,65.8589,3.9483,72.1685,-1,0.0, -> [background only]
frame_000576,-1.0,2.3442,69.2093,4.2928,75.8485,-1,0.0, -> [chair (Right): 1%]
frame_000577,-1.0,2.6039,66.106,4.0976,72.8086,-1,0.0, -> [chair (Right): 1%]
frame_000578,-1.0,2.2144,67.2421,4.1486,73.6063,-1,0.0, -> [chair (Right): 2%]
frame_000579,-1.0,2.294,69.4956,4.105,75.896,-1,0.0, -> [background only]
frame_000580,-1.0,2.2947,64.8728,4.087,71.2559,-1,0.0, -> [chair (Right): 1%]
frame_000581,-1.0,1.9906,66.883,4.1785,73.0537,-1,0.0, -> [chair (Right): 1%]
frame_000582,-1.0,2.473,67.0135,4.2045,73.6922,-1,0.0, -> [chair (Right): 6%]
frame_000583,-1.0,2.3372,67.2676,4.2144,73.8203,-1,0.0, -> [chair (Right): 6%]
frame_000584,-1.0,1.5148,68.3359,4.2085,74.0602,-1,0.0, -> [chair (Right): 8%]
frame_000585,-1.0,3.8799,66.4242,4.0272,74.3324,-1,0.0, -> [chair (Top-Right): 1%]
frame_000586,-1.0,2.1118,65.6984,4.1971,72.0082,-1,0.0, -> [chair (Right): 8%]
frame_000587,-1.0,1.9976,65.114,4.0874,71.1999,-1,0.0, -> [chair (Right): 9%]
frame_000588,-1.0,1.9397,65.0822,4.0746,71.0973,-1,0.0, -> [chair (Right): 12%]
frame_000589,-1.0,2.0105,65.4124,4.16,71.5843,-1,0.0, -> [chair (Right): 12%]
frame_000590,-1.0,2.7414,65.674,4.227,72.6436,-1,0.0, -> [chair (Right): 12%]
frame_000591,-1.0,1.9635,65.2959,4.3117,71.5728,-1,0.0, -> [chair (Right): 13%]
frame_000592,-1.0,2.4163,65.6071,3.9995,72.0241,-1,0.0, -> [chair (Right): 11%]
frame_000593,-1.0,1.999,64.8938,4.0814,70.9756,-1,0.0, -> [chair (Right): 12%]
frame_000594,-1.0,1.9611,66.7564,4.2301,72.949,-1,0.0, -> [chair (Right): 12%]
frame_000595,-1.0,2.2448,65.5866,4.1056,71.9386,-1,0.0, -> [chair (Right): 14%]
frame_000596,-1.0,1.9769,66.7647,4.0814,72.8242,-1,0.0, -> [chair (Right): 16%]
frame_000597,-1.0,2.3377,66.2912,4.1201,72.7502,-1,0.0, -> [chair (Right): 17%]
frame_000598,-1.0,2.3525,66.3949,4.2836,73.0321,-1,0.0, -> [chair (Right): 17%]
frame_000599,-1.0,2.793,67.3871,4.2466,74.4283,-1,0.0, -> [chair (Right): 9%]
frame_000600,-1.0,1.975,66.0048,4.0625,72.0434,-1,0.0, -> [chair (Right): 15%]
frame_000601,-1.0,2.2597,64.9258,4.18,71.3668,-1,0.0, -> [chair (Right): 9%]
frame_000602,-1.0,2.5665,66.0584,4.1902,72.8166,-1,0.0, -> [chair (Right): 16%]
frame_000603,-1.0,1.9618,68.4021,4.0416,74.4069,-1,0.0, -> [chair (Right): 17%]
frame_000604,-1.0,2.1771,68.5957,4.1886,74.9626,-1,0.0, -> [chair (Right): 18%]
frame_000605,-1.0,2.4687,67.3435,4.3104,74.1241,-1,0.0, -> [chair (Right): 11%]
frame_000606,-1.0,2.4885,69.1149,4.145,75.7497,-1,0.0, -> [chair (Right): 14%]
frame_000607,-1.0,2.5437,66.5004,4.0526,73.0975,-1,0.0, -> [chair (Center): 5%]
frame_000608,-1.0,2.9463,67.1932,4.1329,74.2732,-1,0.0, -> [chair (Center): 9%]
frame_000609,-1.0,2.2901,67.6277,4.0848,74.004,-1,0.0, -> [chair (Center): 14%]
frame_000610,-1.0,1.9155,65.0681,4.0928,71.0775,-1,0.0, -> [chair (Center): 16%]
frame_000611,-1.0,2.3758,66.9437,3.8076,73.1282,-1,0.0, -> [chair (Center): 12%]
frame_000612,-1.0,1.9044,66.1175,4.2804,72.3038,-1,0.0, -> [chair (Center): 15%]
frame_000613,-1.0,2.3378,64.722,4.2008,71.2622,-1,0.0, -> [chair (Center): 17%]
frame_000614,-1.0,2.5995,65.705,4.0871,72.3927,-1,0.0, -> [chair (Center): 13%]
frame_000615,-1.0,2.0145,65.2998,4.0386,71.354,-1,0.0, -> [chair (Center): 15%]
frame_000616,-1.0,1.9206,64.7977,4.1945,70.9138,-1,0.0, -> [chair (Center): 12%]
frame_000617,-1.0,2.4698,67.819,4.2053,74.4964,-1,0.0, -> [chair (Center): 11%]
frame_000618,-1.0,2.1288,66.2977,4.058,72.4858,-1,0.0, -> [chair (Center): 13%]
frame_000619,-1.0,2.0075,69.492,3.8886,75.3895,-1,0.0, -> [chair (Center): 13%]
frame_000620,-1.0,2.4893,65.7248,4.1021,72.3178,-1,0.0, -> [chair (Center): 15%]
frame_000621,-1.0,1.8746,66.6585,3.9371,72.4717,-1,0.0, -> [chair (Center): 16%]
frame_000622,-1.0,2.382,67.737,4.1094,74.2298,-1,0.0, -> [chair (Center): 15%]
frame_000623,-1.0,2.4265,67.7386,4.1467,74.3135,-1,0.0, -> [chair (Center): 17%]
frame_000624,-1.0,2.4,66.8704,4.0203,73.2916,-1,0.0, -> [chair (Center): 12%]
frame_000625,-1.0,2.824,68.1927,4.8803,75.8987,-1,0.0, -> [chair (Center): 15%]
frame_000626,-1.0,2.6358,65.8193,6.556,75.0128,-1,0.0, -> [chair (Center): 14%]
frame_000627,-1.0,2.9401,64.6326,4.7549,72.3293,-1,0.0, -> [chair (Center): 13%]
frame_000628,-1.0,2.7585,65.3742,4.8257,72.9602,-1,0.0," -> [chair (Center): 16%, tvmonitor (Top-Right): 3%]"
frame_000629,-1.0,3.0021,65.3492,4.2224,72.5748,-1,0.0," -> [chair (Center): 14%, tvmonitor (Top-Right): 2%]"
frame_000630,-1.0,2.1464,65.1014,4.0611,71.3099,-1,0.0, -> [chair (Center): 15%]
frame_000631,-1.0,1.9717,64.4392,4.0845,70.4964,-1,0.0, -> [chair (Center): 11%]
frame_000632,-1.0,2.2868,64.3851,4.2954,70.9687,-1,0.0, -> [chair (Center): 16%]
frame_000633,-1.0,2.4488,65.5494,4.2212,72.2208,-1,0.0, -> [chair (Center): 10%]
frame_000634,-1.0,2.0927,66.5098,4.0255,72.629,-1,0.0, -> [chair (Center): 13%]
frame_000635,-1.0,2.3795,66.2827,4.1192,72.7824,-1,0.0, -> [chair (Left): 13%]
frame_000636,-1.0,2.0429,66.1385,4.1208,72.3035,-1,0.0, -> [chair (Left): 12%]
frame_000637,-1.0,2.2877,65.2679,3.9684,71.5254,-1,0.0, -> [chair (Left): 14%]
frame_000638,-1.0,1.9812,65.5793,4.3034,71.8648,-1,0.0, -> [chair (Left): 8%]
frame_000639,-1.0,1.9736,64.761,4.0723,70.8081,-1,0.0, -> [chair (Left): 10%]
frame_000640,-1.0,2.0682,66.7039,4.0335,72.8071,-1,0.0, -> [chair (Left): 13%]
frame_000641,-1.0,2.0175,67.3113,4.2801,73.61,-1,0.0, -> [chair (Left): 14%]
frame_000642,-1.0,2.3278,67.1934,4.3064,73.8296,-1,0.0, -> [chair (Left): 10%]
frame_000643,-1.0,2.2485,63.84,4.1604,70.2502,-1,0.0, -> [chair (Left): 8%]
frame_000644,-1.0,1.8316,68.0875,4.1458,74.066,-1,0.0, -> [chair (Left): 5%]
frame_000645,-1.0,1.4927,65.135,4.1784,70.8072,-1,0.0, -> [chair (Left): 10%]
frame_000646,-1.0,1.1186,63.7533,5.3274,70.2005,-1,0.0, -> [chair (Left): 8%]
frame_000647,-1.0,2.2041,67.5206,4.223,73.9496,-1,0.0," -> [chair (Left): 4%, motorbike (Right): 1%]"
frame_000648,-1.0,2.2112,65.9705,4.2102,72.393,-1,0.0," -> [chair (Left): 3%, motorbike (Right): 1%]"
frame_000649,-1.0,2.491,66.3469,4.3509,73.1897,-1,0.0," -> [chair (Left): 1%, motorbike (Right): 4%]"
frame_000650,-1.0,2.3003,68.401,4.1989,74.9018,-1,0.0," -> [bicycle (Right): 2%, motorbike (Center): 1%]"
frame_000651,-1.0,2.2183,69.4733,4.5973,76.2899,-1,0.0," -> [bicycle (Right): 4%, motorbike (Center): 1%]"
frame_000652,-1.0,2.7727,64.2869,6.6502,73.7116,-1,0.0," -> [bicycle (Right): 4%, chair (Bottom-Right): 7%, person (Top-Right): 3%]"
frame_000653,-1.0,3.1796,73.7874,4.2065,81.1748,-1,0.0," -> [bicycle (Center): 4%, chair (Bottom-Right): 7%]"
frame_000654,-1.0,1.5699,67.0855,4.3976,73.0541,-1,0.0," -> [bicycle (Center): 5%, chair (Bottom-Right): 4%]"
frame_000655,-1.0,1.9594,65.2024,4.4393,71.6025,-1,0.0," -> [bicycle (Center): 6%, chair (Bottom-Right): 5%, motorbike (Center): 1%]"
frame_000656,-1.0,2.43,67.0779,4.249,73.7586,-1,0.0," -> [bicycle (Center): 3%, chair (Bottom-Right): 2%, tvmonitor (Bottom-Right): 1%]"
frame_000657,-1.0,1.3789,67.6536,4.3781,73.4118,-1,0.0," -> [bicycle (Center): 3%, tvmonitor (Bottom-Right): 5%]"
frame_000658,-1.0,2.7044,67.5693,4.2709,74.5455,-1,0.0," -> [bicycle (Center): 2%, tvmonitor (Right): 4%]"
frame_000659,-1.0,2.2905,66.0671,4.1968,72.5553,-1,0.0, -> [bicycle (Center): 2%]
frame_000660,-1.0,2.0154,66.7789,4.1947,72.9912,-1,0.0, -> [bicycle (Center): 3%]
frame_000661,-1.0,2.6088,66.4302,4.0243,73.0644,-1,0.0, -> [bicycle (Center): 4%]
frame_000662,-1.0,3.0849,65.6277,4.2113,72.9249,-1,0.0, -> [bicycle (Center): 7%]
frame_000663,-1.0,2.474,64.8657,4.236,71.5776,-1,0.0," -> [bicycle (Center): 4%, motorbike (Top-Left): 1%]"
frame_000664,-1.0,2.4977,67.8591,4.0971,74.456,-1,0.0, -> [bicycle (Left): 3%]
frame_000665,-1.0,2.4151,67.579,4.1396,74.1357,-1,0.0, -> [bicycle (Left): 5%]
frame_000666,-1.0,2.4781,67.1533,4.2852,73.9183,-1,0.0, -> [bicycle (Left): 4%]
frame_000667,-1.0,2.4837,69.079,4.1147,75.6798,-1,0.0, -> [bicycle (Left): 3%]
frame_000668,-1.0,2.6889,65.4672,4.831,72.9891,-1,0.0, -> [bicycle (Left): 2%]
frame_000669,-1.0,3.4041,66.9444,4.4831,74.8328,-1,0.0," -> [bicycle (Left): 3%, chair (Right): 2%]"
frame_000670,-1.0,2.8572,67.5653,4.1044,74.5279,-1,0.0, -> [bicycle (Left): 1%]
frame_000671,-1.0,2.3384,65.9298,3.9725,72.2418,-1,0.0, -> [chair (Right): 2%]
frame_000672,-1.0,2.3511,64.8542,4.2753,71.4817,-1,0.0, -> [chair (Right): 2%]
frame_000673,-1.0,2.0253,65.9762,4.169,72.172,-1,0.0, -> [background only]
frame_000674,-1.0,2.3574,65.8164,4.2196,72.3945,-1,0.0," -> [chair (Right): 1%, tvmonitor (Left): 2%]"
frame_000675,-1.0,2.0635,65.0116,4.223,71.2993,-1,0.0, -> [chair (Right): 5%]
frame_000676,-1.0,2.2348,66.1751,4.1468,72.558,-1,0.0," -> [chair (Center): 1%, tvmonitor (Bottom-Left): 11%]"
frame_000677,-1.0,1.9886,65.6227,4.2485,71.8609,-1,0.0," -> [chair (Center): 1%, tvmonitor (Bottom-Left): 1%]"
frame_000678,-1.0,1.8152,65.5049,4.0436,71.365,-1,0.0, -> [chair (Center): 2%]
frame_000679,-1.0,2.3112,64.5487,4.3152,71.1765,-1,0.0," -> [chair (Center): 1%, tvmonitor (Left): 1%]"
frame_000680,-1.0,1.9931,66.3359,4.2139,72.544,-1,0.0," -> [chair (Center): 2%, tvmonitor (Left): 1%]"
frame_000681,-1.0,2.1038,67.0469,4.3733,73.5254,-1,0.0," -> [car (Bottom-Right): 1%, chair (Center): 4%, tvmonitor (Left): 1%]"
frame_000682,-1.0,1.5117,63.0793,4.3784,68.9709,-1,0.0," -> [car (Bottom-Right): 1%, chair (Center): 4%, tvmonitor (Bottom-Left): 7%]"
frame_000683,-1.0,1.391,63.0382,4.2144,68.645,-1,0.0," -> [chair (Center): 3%, tvmonitor (Bottom-Left): 6%]"
frame_000684,-1.0,1.0663,64.321,4.2942,69.6826,-1,0.0," -> [chair (Center): 8%, tvmonitor (Bottom-Left): 4%]"
frame_000685,-1.0,1.0705,64.6257,4.2788,69.9762,-1,0.0," -> [chair (Center): 6%, tvmonitor (Bottom-Left): 2%]"
frame_000686,-1.0,1.0659,63.0263,4.1532,68.2469,-1,0.0, -> [chair (Left): 5%]
frame_000687,-1.0,2.7012,65.3573,4.0728,72.1326,-1,0.0, -> [chair (Left): 6%]
frame_000688,-1.0,2.0009,67.3485,4.2382,73.5894,-1,0.0, -> [chair (Left): 6%]
frame_000689,-1.0,1.6779,63.6576,4.0473,69.3839,-1,0.0, -> [chair (Left): 2%]
frame_000690,-1.0,1.4852,64.042,4.0952,69.6236,-1,0.0, -> [chair (Left): 6%]
frame_000691,-1.0,1.0792,62.4178,4.2968,67.7961,-1,0.0, -> [chair (Left): 4%]
frame_000692,-1.0,1.5861,67.9585,3.9579,73.5043,-1,0.0, -> [chair (Left): 3%]
frame_000693,-1.0,2.5711,66.0858,4.2025,72.8605,-1,0.0," -> [car (Bottom): 1%, chair (Left): 1%]"
frame_000694,-1.0,2.3634,66.1761,4.093,72.6338,-1,0.0, -> [chair (Left): 3%]
frame_000695,-1.0,2.3347,65.4167,4.0179,71.7705,-1,0.0, -> [chair (Center): 1%]
frame_000696,-1.0,1.9857,67.5471,4.0476,73.5816,-1,0.0, -> [background only]
frame_000697,-1.0,2.6066,64.8622,4.1008,71.5707,-1,0.0, -> [background only]
frame_000698,-1.0,2.4277,66.4567,4.1299,73.0153,-1,0.0, -> [car (Bottom-Left): 1%]
frame_000699,-1.0,1.8791,69.48,4.2415,75.6024,-1,0.0, -> [car (Bottom-Left): 1%]
frame_000700,-1.0,2.614,68.1544,4.1651,74.9345,-1,0.0, -> [car (Bottom-Left): 2%]
frame_000701,-1.0,2.8896,65.8862,4.3332,73.1102,-1,0.0," -> [car (Bottom-Left): 1%, chair (Right): 1%]"
frame_000702,-1.0,2.2151,66.0916,3.9476,72.2554,-1,0.0, -> [background only]
frame_000703,-1.0,2.353,66.3348,4.0092,72.6981,-1,0.0, -> [background only]
frame_000704,-1.0,2.2333,64.7823,4.1167,71.1335,-1,0.0, -> [car (Bottom-Left): 1%]
frame_000705,-1.0,2.3189,66.8871,3.8872,73.0942,-1,0.0, -> [background only]
frame_000706,-1.0,2.0179,64.6784,4.0116,70.709,-1,0.0, -> [background only]
frame_000707,-1.0,2.5207,67.6496,4.0493,74.2206,-1,0.0, -> [background only]
frame_000708,-1.0,2.2439,66.6973,4.055,72.9975,-1,0.0, -> [background only]
frame_000709,-1.0,2.7044,67.5749,4.068,74.3485,-1,0.0, -> [background only]
frame_000710,-1.0,2.0378,63.9295,4.0726,70.0418,-1,0.0, -> [background only]
frame_000711,-1.0,2.2061,66.625,4.0233,72.856,-1,0.0, -> [background only]
frame_000712,-1.0,2.0692,66.449,4.0222,72.5424,-1,0.0, -> [background only]
frame_000713,-1.0,2.669,67.1337,4.0503,73.8547,-1,0.0, -> [background only]
frame_000714,-1.0,2.5212,66.6197,4.3694,73.5117,-1,0.0, -> [person (Right): 1%]
frame_000715,-1.0,2.7846,66.018,4.0056,72.8094,-1,0.0, -> [background only]
frame_000716,-1.0,2.4758,66.2459,3.9807,72.704,-1,0.0, -> [background only]
frame_000717,-1.0,2.1611,67.3107,4.1718,73.6455,-1,0.0, -> [background only]
frame_000718,-1.0,2.3707,65.221,4.1598,71.7526,-1,0.0, -> [chair (Left): 1%]
frame_000719,-1.0,2.3314,66.1097,3.9027,72.3449,-1,0.0, -> [background only]
frame_000720,-1.0,2.3008,66.1388,4.0995,72.5406,-1,0.0, -> [background only]
frame_000721,-1.0,2.8124,67.5761,4.2939,74.6838,-1,0.0, -> [chair (Left): 1%]
frame_000722,-1.0,3.0614,64.8938,4.408,72.3652,-1,0.0, -> [background only]
frame_000723,-1.0,3.489,66.3616,4.0536,73.9055,-1,0.0, -> [chair (Left): 1%]
frame_000724,-1.0,3.5365,66.2103,3.9845,73.7322,-1,0.0, -> [background only]
frame_000725,-1.0,2.1091,65.6913,4.0012,71.8026,-1,0.0, -> [background only]
frame_000726,-1.0,1.9804,65.2817,3.933,71.1964,-1,0.0, -> [background only]
frame_000727,-1.0,2.1314,66.5961,4.0973,72.8259,-1,0.0, -> [chair (Left): 1%]
frame_000728,-1.0,2.272,66.4553,4.1648,72.8932,-1,0.0, -> [chair (Left): 1%]
frame_000729,-1.0,2.4749,69.2438,4.139,75.859,-1,0.0, -> [chair (Left): 1%]
frame_000730,-1.0,2.1392,66.4925,4.1747,72.8077,-1,0.0, -> [background only]
frame_000731,-1.0,2.0517,66.9736,4.0989,73.1263,-1,0.0, -> [background only]
frame_000732,-1.0,2.898,67.0423,4.0184,73.9597,-1,0.0, -> [background only]
frame_000733,-1.0,2.0193,65.932,4.2091,72.1617,-1,0.0, -> [chair (Left): 1%]
frame_000734,-1.0,2.1889,67.9786,4.1161,74.285,-1,0.0, -> [chair (Left): 1%]
frame_000735,-1.0,2.1633,66.2305,4.0088,72.4035,-1,0.0, -> [chair (Left): 1%]
frame_000736,-1.0,2.4492,66.9822,4.1405,73.5735,-1,0.0, -> [chair (Left): 1%]
frame_000737,-1.0,2.0295,66.5895,4.3022,72.9226,-1,0.0, -> [chair (Left): 1%]
frame_000738,-1.0,2.2236,66.9189,4.2284,73.372,-1,0.0, -> [chair (Left): 1%]
frame_000739,-1.0,2.4374,67.4667,4.0447,73.9497,-1,0.0, -> [chair (Left): 1%]
frame_000740,-1.0,2.3813,66.4711,4.1964,73.0499,-1,0.0, -> [chair (Left): 2%]
frame_000741,-1.0,1.5606,63.5753,4.0879,69.2254,-1,0.0, -> [background only]
frame_000742,-1.0,1.1344,65.2409,4.0995,70.4767,-1,0.0, -> [background only]
frame_000743,-1.0,3.7151,66.6397,4.098,74.4543,-1,0.0, -> [chair (Left): 1%]
frame_000744,-1.0,2.1917,67.2198,4.2005,73.613,-1,0.0, -> [chair (Left): 2%]
frame_000745,-1.0,2.0113,64.9763,3.9532,70.9418,-1,0.0, -> [background only]
frame_000746,-1.0,2.0315,66.1492,3.8659,72.0474,-1,0.0, -> [background only]
frame_000747,-1.0,2.246,66.4275,3.9607,72.6352,-1,0.0, -> [background only]
frame_000748,-1.0,2.0783,65.9213,3.9575,71.9583,-1,0.0, -> [background only]
frame_000749,-1.0,1.9749,64.725,4.0459,70.7467,-1,0.0, -> [background only]
frame_000750,-1.0,1.7924,64.6018,3.948,70.3435,-1,0.0, -> [background only]
frame_000751,-1.0,2.2343,64.7975,4.0039,71.0369,-1,0.0, -> [background only]
frame_000752,-1.0,2.0063,66.5237,4.0974,72.6292,-1,0.0, -> [background only]
frame_000753,-1.0,2.3361,66.0741,3.9485,72.3597,-1,0.0, -> [background only]
frame_000754,-1.0,2.2666,66.6732,3.9496,72.8907,-1,0.0, -> [background only]
frame_000755,-1.0,2.2181,65.6573,4.0346,71.9114,-1,0.0, -> [background only]
frame_000756,-1.0,2.5421,68.0193,4.2278,74.7901,-1,0.0, -> [background only]
frame_000757,-1.0,2.4854,64.3019,4.1931,70.9818,-1,0.0, -> [background only]
frame_000758,-1.0,2.3845,67.1747,4.1597,73.7208,-1,0.0, -> [background only]
frame_000759,-1.0,2.3669,66.6606,3.9179,72.9466,-1,0.0, -> [background only]
frame_000760,-1.0,2.5057,66.0062,3.6928,72.2059,-1,0.0, -> [background only]
frame_000761,-1.0,2.049,66.2686,4.1718,72.4908,-1,0.0, -> [background only]
frame_000762,-1.0,2.2984,65.9439,3.9089,72.1524,-1,0.0, -> [background only]
frame_000763,-1.0,2.4196,67.8489,4.0009,74.2705,-1,0.0, -> [background only]
frame_000764,-1.0,2.3813,67.6183,4.2309,74.2316,-1,0.0, -> [background only]
frame_000765,-1.0,2.4821,64.081,4.0642,70.6287,-1,0.0, -> [background only]
frame_000766,-1.0,2.0517,64.0999,3.9939,70.1471,-1,0.0, -> [background only]
frame_000767,-1.0,2.4251,65.3268,3.9653,71.7183,-1,0.0, -> [background only]
frame_000768,-1.0,2.4623,66.2329,4.1596,72.8558,-1,0.0, -> [background only]
frame_000769,-1.0,2.2259,65.9676,3.9011,72.0956,-1,0.0, -> [background only]
frame_000770,-1.0,1.9609,64.3531,4.4,70.7163,-1,0.0, -> [background only]
frame_000771,-1.0,2.7961,65.6614,4.0244,72.4832,-1,0.0, -> [background only]
frame_000772,-1.0,2.3815,65.6482,4.08,72.1113,-1,0.0, -> [background only]
frame_000773,-1.0,2.3558,66.2031,3.973,72.5335,-1,0.0, -> [background only]
frame_000774,-1.0,1.9153,65.6869,3.9385,71.5418,-1,0.0, -> [background only]
frame_000775,-1.0,1.9896,67.361,4.0351,73.3872,-1,0.0, -> [background only]
frame_000776,-1.0,2.5597,65.3239,3.9302,71.8152,-1,0.0, -> [background only]
frame_000777,-1.0,2.3667,66.2244,4.0923,72.6852,-1,0.0, -> [background only]
frame_000778,-1.0,2.3556,64.3326,3.9961,70.685,-1,0.0, -> [background only]
frame_000779,-1.0,2.2321,65.3572,4.0519,71.6426,-1,0.0, -> [background only]
frame_000780,-1.0,1.9916,65.5123,4.069,71.5742,-1,0.0, -> [background only]
frame_000781,-1.0,2.6269,65.4232,4.1171,72.1689,-1,0.0, -> [background only]
frame_000782,-1.0,1.9637,67.7818,4.0296,73.7764,-1,0.0, -> [background only]
frame_000783,-1.0,2.3481,65.5099,4.1399,71.9997,-1,0.0, -> [background only]
frame_000784,-1.0,3.8218,69.2392,4.058,77.1203,-1,0.0, -> [background only]
frame_000785,-1.0,2.3689,65.3302,4.0715,71.7719,-1,0.0, -> [background only]
frame_000786,-1.0,1.8079,66.0253,4.0655,71.8998,-1,0.0, -> [background only]
frame_000787,-1.0,2.0187,65.9087,3.9528,71.8817,-1,0.0, -> [background only]
frame_000788,-1.0,2.0693,67.048,4.1447,73.2634,-1,0.0, -> [background only]
frame_000789,-1.0,2.678,64.524,4.0199,71.2228,-1,0.0, -> [background only]
frame_000790,-1.0,2.5364,66.0171,4.2313,72.7858,-1,0.0, -> [background only]
frame_000791,-1.0,2.4681,64.9521,4.0656,71.4866,-1,0.0, -> [background only]
frame_000792,-1.0,2.9792,66.9441,3.9324,73.8566,-1,0.0, -> [background only]
frame_000793,-1.0,2.5325,66.2746,4.0054,72.8137,-1,0.0, -> [background only]
frame_000794,-1.0,2.0519,63.5365,3.7845,69.3742,-1,0.0, -> [background only]
frame_000795,-1.0,1.9519,65.84,4.0859,71.8793,-1,0.0, -> [background only]
frame_000796,-1.0,2.7028,65.439,3.9992,72.1426,-1,0.0, -> [background only]
frame_000797,-1.0,2.4161,66.1245,4.0328,72.5746,-1,0.0, -> [background only]
frame_000798,-1.0,2.8929,67.0343,3.9683,73.8974,-1,0.0, -> [background only]
frame_000799,-1.0,1.9768,64.5479,3.9264,70.4526,-1,0.0, -> [background only]
frame_000800,-1.0,2.0613,65.7413,3.9719,71.7757,-1,0.0, -> [background only]
frame_000801,-1.0,2.033,65.1234,4.0326,71.1904,-1,0.0, -> [background only]
frame_000802,-1.0,2.3371,66.079,4.2324,72.6502,-1,0.0, -> [chair (Center): 2%]
frame_000803,-1.0,2.5554,65.9355,3.9802,72.4724,-1,0.0, -> [background only]
frame_000804,-1.0,1.934,65.5537,3.9598,71.4497,-1,0.0, -> [background only]
frame_000805,-1.0,2.4936,67.6246,4.0551,74.1744,-1,0.0, -> [background only]
frame_000806,-1.0,2.8477,66.3447,4.101,73.2948,-1,0.0, -> [background only]
frame_000807,-1.0,1.9041,64.3687,4.2374,70.5117,-1,0.0," -> [aeroplane (Top): 1%, chair (Left): 1%]"
frame_000808,-1.0,1.2173,64.4575,3.905,69.581,-1,0.0, -> [background only]
frame_000809,-1.0,1.1077,66.2391,3.9413,71.2892,-1,0.0, -> [background only]
frame_000810,-1.0,1.1453,67.8041,4.2021,73.1531,-1,0.0, -> [chair (Right): 4%]
frame_000811,-1.0,2.0457,67.1631,4.1553,73.3655,-1,0.0, -> [chair (Center): 7%]
frame_000812,-1.0,2.4832,66.8406,4.1556,73.481,-1,0.0, -> [chair (Right): 5%]
frame_000813,-1.0,2.0227,66.9318,4.2421,73.1977,-1,0.0, -> [chair (Right): 4%]
frame_000814,-1.0,2.2742,67.5972,3.788,73.6608,-1,0.0, -> [chair (Center): 8%]
frame_000815,-1.0,2.0113,66.1345,4.1712,72.3181,-1,0.0, -> [chair (Right): 8%]
frame_000816,-1.0,4.6151,64.3464,5.1768,74.1399,-1,0.0, -> [chair (Right): 12%]
frame_000817,-1.0,2.7318,64.699,3.9977,71.43,-1,0.0, -> [background only]
frame_000818,-1.0,2.4082,63.79,4.3025,70.502,-1,0.0, -> [chair (Right): 1%]
frame_000819,-1.0,3.0945,67.0818,4.1658,74.3433,-1,0.0, -> [chair (Right): 3%]
frame_000820,-1.0,2.2862,67.4335,4.0699,73.7907,-1,0.0, -> [chair (Right): 4%]
frame_000821,-1.0,2.4688,66.3756,4.2307,73.0765,-1,0.0, -> [background only]
frame_000822,-1.0,2.7298,63.7,3.8868,70.318,-1,0.0, -> [background only]
frame_000823,-1.0,2.007,65.7902,4.0879,71.8863,-1,0.0, -> [background only]
frame_000824,-1.0,1.6099,63.5311,4.0464,69.1889,-1,0.0, -> [background only]
frame_000825,-1.0,1.0661,63.4892,4.2727,68.8296,-1,0.0, -> [chair (Top): 1%]
frame_000826,-1.0,1.0675,65.8984,3.873,70.8405,-1,0.0, -> [background only]
frame_000827,-1.0,1.8345,66.4952,3.9531,72.2842,-1,0.0, -> [background only]
frame_000828,-1.0,2.2376,67.3699,4.0915,73.7011,-1,0.0, -> [background only]
frame_000829,-1.0,2.5762,64.4723,3.9119,70.9616,-1,0.0, -> [background only]
frame_000830,-1.0,2.0189,65.8975,4.0664,71.9843,-1,0.0, -> [pottedplant (Bottom-Left): 1%]
frame_000831,-1.0,2.0707,66.7691,4.2771,73.1191,-1,0.0, -> [chair (Top): 1%]
frame_000832,-1.0,2.4372,66.6681,3.9109,73.0183,-1,0.0, -> [background only]
frame_000833,-1.0,1.9513,65.1192,3.9827,71.0545,-1,0.0, -> [background only]
frame_000834,-1.0,2.0023,65.7764,4.0202,71.8001,-1,0.0, -> [chair (Center): 4%]
frame_000835,-1.0,2.1959,67.1632,4.037,73.3974,-1,0.0, -> [chair (Right): 5%]
frame_000836,-1.0,1.9959,68.6566,4.254,74.9077,-1,0.0, -> [chair (Right): 7%]
frame_000837,-1.0,2.439,64.824,4.0955,71.3599,-1,0.0, -> [chair (Right): 7%]
frame_000838,-1.0,2.0737,66.6891,4.1508,72.9153,-1,0.0, -> [chair (Right): 7%]
frame_000839,-1.0,1.9991,68.3762,4.347,74.7241,-1,0.0, -> [chair (Right): 5%]
frame_000840,-1.0,2.6436,65.7644,4.3381,72.7474,-1,0.0, -> [chair (Right): 8%]
frame_000841,-1.0,2.5976,69.7095,4.5892,76.8981,-1,0.0, -> [chair (Right): 10%]
frame_000842,-1.0,3.0234,67.1824,4.2242,74.4314,-1,0.0, -> [chair (Right): 5%]
frame_000843,-1.0,1.6557,63.8857,3.9574,69.4996,-1,0.0, -> [background only]
frame_000844,-1.0,1.1538,67.325,4.0351,72.5148,-1,0.0, -> [background only]
frame_000845,-1.0,2.3928,68.1876,4.1914,74.7726,-1,0.0, -> [chair (Top-Right): 3%]
frame_000846,-1.0,2.8993,66.3123,4.0736,73.2865,-1,0.0, -> [chair (Top-Right): 3%]
frame_000847,-1.0,1.8071,64.3206,4.1398,70.2688,-1,0.0, -> [chair (Top-Right): 2%]
frame_000848,-1.0,2.1967,64.8897,4.2143,71.3025,-1,0.0, -> [background only]
frame_000849,-1.0,3.132,67.4187,3.9212,74.4736,-1,0.0, -> [background only]
frame_000850,-1.0,2.3983,67.1755,3.972,73.5478,-1,0.0, -> [background only]
frame_000851,-1.0,2.0272,65.4931,4.1854,71.7068,-1,0.0, -> [diningtable (Bottom-Right): 1%]
frame_000852,-1.0,1.9725,67.1487,4.0983,73.2209,-1,0.0, -> [diningtable (Bottom-Right): 6%]
frame_000853,-1.0,2.3048,66.9046,4.1045,73.3154,-1,0.0, -> [diningtable (Bottom-Right): 5%]
frame_000854,-1.0,2.309,64.9666,4.2317,71.5089,-1,0.0, -> [diningtable (Bottom-Right): 7%]
frame_000855,-1.0,2.7315,67.7078,4.1227,74.5635,-1,0.0, -> [diningtable (Bottom-Right): 8%]
frame_000856,-1.0,2.4885,66.6542,4.19,73.334,-1,0.0, -> [diningtable (Bottom-Right): 1%]
frame_000857,-1.0,2.4992,65.6741,3.9936,72.1682,-1,0.0, -> [background only]
frame_000858,-1.0,2.5134,65.5037,4.016,72.0345,-1,0.0, -> [background only]
frame_000859,-1.0,2.704,65.3808,3.9967,72.0834,-1,0.0, -> [background only]
frame_000860,-1.0,2.0694,66.9264,3.9988,72.9961,-1,0.0, -> [background only]
frame_000861,-1.0,2.233,65.3312,4.033,71.5985,-1,0.0, -> [background only]
frame_000862,-1.0,2.5605,65.4606,3.995,72.0175,-1,0.0, -> [background only]
frame_000863,-1.0,2.0715,69.1515,3.9742,75.1985,-1,0.0, -> [background only]
frame_000864,-1.0,2.8027,64.7536,4.0587,71.6167,-1,0.0, -> [background only]
frame_000865,-1.0,2.9165,64.6834,4.0277,71.6287,-1,0.0, -> [background only]
frame_000866,-1.0,2.7344,66.4232,4.0228,73.1816,-1,0.0, -> [background only]
frame_000867,-1.0,2.6771,65.6552,4.0788,72.4122,-1,0.0, -> [background only]
frame_000868,-1.0,2.3478,64.8923,3.949,71.1904,-1,0.0, -> [background only]
frame_000869,-1.0,1.9692,64.6501,4.0037,70.6245,-1,0.0, -> [background only]
frame_000870,-1.0,2.037,65.4917,3.9842,71.514,-1,0.0, -> [background only]
frame_000871,-1.0,1.9624,65.0272,3.9285,70.9193,-1,0.0, -> [background only]
frame_000872,-1.0,1.2383,65.4655,4.0846,70.7896,-1,0.0, -> [background only]
frame_000873,-1.0,2.5316,66.2221,3.9922,72.7473,-1,0.0, -> [background only]
frame_000874,-1.0,2.0259,65.587,4.0995,71.7138,-1,0.0, -> [background only]
frame_000875,-1.0,2.0429,65.6949,4.039,71.7779,-1,0.0, -> [background only]
frame_000876,-1.0,2.3769,67.0136,3.9498,73.3414,-1,0.0, -> [background only]
frame_000877,-1.0,2.522,66.8679,4.0039,73.3951,-1,0.0, -> [background only]
frame_000878,-1.0,2.5677,66.5067,4.0143,73.0903,-1,0.0, -> [background only]
frame_000879,-1.0,2.3937,65.8303,4.1484,72.3739,-1,0.0, -> [background only]
frame_000880,-1.0,2.7238,64.3633,4.0509,71.1393,-1,0.0, -> [background only]
frame_000881,-1.0,1.9599,64.2497,4.0026,70.2137,-1,0.0, -> [background only]
frame_000882,-1.0,2.2843,65.0416,4.0012,71.3291,-1,0.0, -> [background only]
frame_000883,-1.0,2.3583,65.2512,3.9931,71.6041,-1,0.0, -> [background only]
frame_000884,-1.0,2.3269,65.989,4.0856,72.4028,-1,0.0, -> [background only]
frame_000885,-1.0,2.2031,70.2386,3.9883,76.4312,-1,0.0, -> [background only]
frame_000886,-1.0,2.4692,66.986,3.9154,73.3721,-1,0.0, -> [background only]
frame_000887,-1.0,2.4616,64.109,3.9459,70.5178,-1,0.0, -> [background only]
frame_000888,-1.0,1.9731,66.4438,3.8967,72.3146,-1,0.0, -> [background only]
frame_000889,-1.0,2.0421,67.8393,3.987,73.8693,-1,0.0, -> [background only]
frame_000890,-1.0,2.7159,69.4955,4.0054,76.2183,-1,0.0, -> [background only]
frame_000891,-1.0,2.4481,63.8495,4.2169,70.5159,-1,0.0, -> [background only]
frame_000892,-1.0,3.0753,65.7238,4.0534,72.8541,-1,0.0, -> [background only]
frame_000893,-1.0,2.8574,66.7981,4.1812,73.8377,-1,0.0, -> [background only]
frame_000894,-1.0,2.8699,66.2193,3.9829,73.0731,-1,0.0, -> [background only]
frame_000895,-1.0,1.9223,64.737,4.0689,70.7293,-1,0.0, -> [background only]
frame_000896,-1.0,2.2879,66.2383,4.1423,72.6695,-1,0.0, -> [background only]
frame_000897,-1.0,2.187,65.9049,4.098,72.1911,-1,0.0, -> [background only]
frame_000898,-1.0,1.4832,62.8583,4.0314,68.3743,-1,0.0, -> [background only]
frame_000899,-1.0,2.205,64.7421,3.966,70.9144,-1,0.0, -> [background only]
frame_000900,-1.0,1.5184,65.0168,3.9691,70.5054,-1,0.0, -> [background only]
frame_000901,-1.0,1.4886,64.129,3.9876,69.6064,-1,0.0, -> [background only]
frame_000902,-1.0,1.1273,64.776,5.565,71.4696,-1,0.0, -> [background only]
frame_000903,-1.0,2.3643,66.586,3.9551,72.9064,-1,0.0, -> [background only]
frame_000904,-1.0,1.9617,64.2561,3.902,70.1209,-1,0.0, -> [background only]
frame_000905,-1.0,1.7924,65.481,3.9719,71.2465,-1,0.0, -> [background only]
frame_000906,-1.0,1.9621,64.8982,3.9497,70.8112,-1,0.0, -> [background only]
frame_000907,-1.0,2.3307,66.0784,4.0459,72.4561,-1,0.0, -> [background only]
frame_000908,-1.0,1.5409,64.6116,3.9143,70.0678,-1,0.0, -> [background only]
frame_000909,-1.0,1.1776,65.4055,4.0686,70.6532,-1,0.0, -> [background only]
frame_000910,-1.0,2.3124,65.951,3.9778,72.2424,-1,0.0, -> [background only]
frame_000911,-1.0,2.1807,66.9566,4.1307,73.2698,-1,0.0, -> [background only]
frame_000912,-1.0,2.3422,67.4372,3.9966,73.7774,-1,0.0, -> [background only]
frame_000913,-1.0,3.0498,65.4886,3.9907,72.5304,-1,0.0, -> [background only]
frame_000914,-1.0,1.2659,65.6533,3.9931,70.9137,-1,0.0, -> [background only]
frame_000915,-1.0,2.3281,66.1981,4.019,72.5466,-1,0.0, -> [background only]
frame_000916,-1.0,2.0406,65.7968,4.002,71.8407,-1,0.0, -> [background only]
frame_000917,-1.0,1.9879,65.2634,3.9594,71.2122,-1,0.0, -> [background only]
frame_000918,-1.0,2.047,65.6706,3.8864,71.6053,-1,0.0, -> [background only]
frame_000919,-1.0,2.529,68.1756,3.9775,74.6832,-1,0.0, -> [background only]
frame_000920,-1.0,1.8178,69.7671,4.028,75.6146,-1,0.0, -> [background only]
frame_000921,-1.0,4.4258,66.1825,4.1081,74.7175,-1,0.0, -> [chair (Left): 1%]
frame_000922,-1.0,1.9946,67.7462,4.1819,73.9235,-1,0.0, -> [chair (Left): 2%]
frame_000923,-1.0,2.3052,66.5542,4.2189,73.0791,-1,0.0, -> [background only]
frame_000924,-1.0,2.5327,63.978,4.2894,70.8009,-1,0.0, -> [chair (Left): 2%]
frame_000925,-1.0,2.3565,66.9825,4.0974,73.4376,-1,0.0, -> [chair (Left): 3%]
frame_000926,-1.0,1.8437,66.0016,4.2292,72.0755,-1,0.0, -> [chair (Left): 1%]
frame_000927,-1.0,2.3389,66.2208,3.8513,72.4123,-1,0.0, -> [background only]
frame_000928,-1.0,2.315,66.3291,4.0484,72.6935,-1,0.0, -> [chair (Left): 1%]
frame_000929,-1.0,2.3618,65.296,4.0627,71.7214,-1,0.0, -> [chair (Left): 2%]
frame_000930,-1.0,2.3032,65.7297,4.3726,72.4071,-1,0.0, -> [chair (Left): 3%]
frame_000931,-1.0,2.3517,65.8873,4.118,72.3579,-1,0.0, -> [chair (Left): 2%]
frame_000932,-1.0,1.9079,66.3297,4.0568,72.2954,-1,0.0, -> [chair (Left): 2%]
frame_000933,-1.0,2.0694,65.2493,4.1564,71.4767,-1,0.0, -> [chair (Left): 1%]
frame_000934,-1.0,2.1478,66.7646,3.9368,72.8502,-1,0.0, -> [background only]
frame_000935,-1.0,2.5251,66.2349,4.187,72.9488,-1,0.0, -> [background only]
frame_000936,-1.0,2.9209,64.8242,3.9567,71.7033,-1,0.0, -> [background only]
frame_000937,-1.0,2.4342,65.4328,4.2702,72.1388,-1,0.0, -> [chair (Left): 1%]
frame_000938,-1.0,2.7171,67.4133,4.0223,74.1541,-1,0.0, -> [chair (Left): 1%]
frame_000939,-1.0,2.4369,66.9251,4.0047,73.3679,-1,0.0, -> [background only]
frame_000940,-1.0,2.2845,66.2518,4.1047,72.6425,-1,0.0, -> [background only]
frame_000941,-1.0,1.9968,67.5418,3.9206,73.4608,-1,0.0, -> [background only]
frame_000942,-1.0,2.2732,68.7589,3.956,74.9899,-1,0.0, -> [background only]
frame_000943,-1.0,4.1005,66.8076,4.077,74.9863,-1,0.0, -> [background only]
frame_000944,-1.0,2.502,66.9626,4.233,73.6991,-1,0.0, -> [background only]
frame_000945,-1.0,2.6991,67.5241,3.9656,74.19,-1,0.0, -> [background only]
frame_000946,-1.0,2.1295,66.2367,3.9406,72.3079,-1,0.0, -> [background only]
frame_000947,-1.0,1.9358,65.1415,3.9806,71.0593,-1,0.0, -> [background only]
frame_000948,-1.0,2.4538,66.1819,3.9692,72.6061,-1,0.0, -> [background only]
frame_000949,-1.0,2.498,67.9733,3.6885,74.1608,-1,0.0, -> [background only]
frame_000950,-1.0,2.4993,67.6192,3.8989,74.0185,-1,0.0, -> [background only]
frame_000951,-1.0,2.3537,67.2216,3.995,73.5718,-1,0.0, -> [background only]
frame_000952,-1.0,2.4483,66.6101,4.0876,73.1475,-1,0.0, -> [background only]
frame_000953,-1.0,3.1779,65.944,3.8345,72.9578,-1,0.0, -> [background only]
frame_000954,-1.0,2.3443,64.9411,4.17,71.457,-1,0.0, -> [background only]
frame_000955,-1.0,3.2982,66.2902,3.9775,73.5675,-1,0.0, -> [background only]
frame_000956,-1.0,2.083,65.1996,3.9986,71.2825,-1,0.0, -> [background only]
frame_000957,-1.0,2.024,64.9971,4.0057,71.028,-1,0.0, -> [background only]
frame_000958,-1.0,2.0134,67.061,4.0907,73.1668,-1,0.0, -> [background only]
frame_000959,-1.0,2.8177,65.1334,3.9432,71.8958,-1,0.0, -> [background only]
frame_000960,-1.0,2.4308,65.4325,3.9865,71.8511,-1,0.0, -> [background only]
frame_000961,-1.0,1.9683,65.9711,3.9082,71.8489,-1,0.0, -> [background only]
frame_000962,-1.0,1.8411,70.4583,4.8639,77.1651,-1,0.0, -> [background only]
frame_000963,-1.0,3.4191,70.66,4.1335,78.2142,-1,0.0, -> [background only]
frame_000964,-1.0,3.0524,66.2424,3.9376,73.2338,-1,0.0, -> [background only]
frame_000965,-1.0,2.3107,66.9515,3.9574,73.2206,-1,0.0, -> [background only]
frame_000966,-1.0,2.2993,65.2606,4.0081,71.5692,-1,0.0, -> [background only]
frame_000967,-1.0,1.9825,65.5481,3.9598,71.4915,-1,0.0, -> [background only]
frame_000968,-1.0,2.5132,67.1212,4.0786,73.7142,-1,0.0, -> [background only]
frame_000969,-1.0,2.357,66.4048,3.9227,72.6861,-1,0.0, -> [background only]
frame_000970,-1.0,2.0515,67.9299,3.7883,73.7706,-1,0.0, -> [background only]
frame_000971,-1.0,2.4585,68.1036,3.9793,74.5424,-1,0.0, -> [background only]
frame_000972,-1.0,1.7623,66.4575,4.034,72.2548,-1,0.0, -> [background only]
frame_000973,-1.0,2.4299,65.931,3.9498,72.3121,-1,0.0, -> [background only]
frame_000974,-1.0,2.0218,65.468,4.036,71.5274,-1,0.0, -> [background only]
frame_000975,-1.0,2.0874,66.3848,3.7098,72.1831,-1,0.0, -> [background only]
frame_000976,-1.0,2.5017,67.3085,4.0019,73.8131,-1,0.0, -> [background only]
frame_000977,-1.0,1.9963,67.1222,4.1482,73.2678,-1,0.0, -> [background only]
frame_000978,-1.0,2.3089,64.9492,4.0262,71.2857,-1,0.0, -> [background only]
frame_000979,-1.0,2.314,65.3611,3.9926,71.6696,-1,0.0, -> [background only]
frame_000980,-1.0,2.0139,66.4534,4.0459,72.5147,-1,0.0, -> [background only]
frame_000981,-1.0,2.0003,65.7436,4.0532,71.7983,-1,0.0, -> [background only]
frame_000982,-1.0,2.3348,66.5854,3.9904,72.9119,-1,0.0, -> [background only]
frame_000983,-1.0,2.455,68.1172,4.3551,74.9293,-1,0.0, -> [background only]
frame_000984,-1.0,2.9638,65.8595,6.9452,75.7701,-1,0.0, -> [background only]
frame_000985,-1.0,2.7945,67.7856,3.7653,74.3464,-1,0.0, -> [background only]
frame_000986,-1.0,1.4964,67.0404,3.9526,72.4908,-1,0.0, -> [background only]
frame_000987,-1.0,1.819,64.7202,3.8938,70.4346,-1,0.0, -> [background only]
frame_000988,-1.0,2.5353,66.2484,3.9497,72.7349,-1,0.0, -> [background only]
frame_000989,-1.0,2.5567,66.5926,3.9765,73.1275,-1,0.0, -> [background only]
frame_000990,-1.0,2.213,67.1183,3.9474,73.2803,-1,0.0, -> [background only]
frame_000991,-1.0,2.8244,67.7147,4.0583,74.5985,-1,0.0, -> [background only]
frame_000992,-1.0,1.9861,67.0726,4.0462,73.1067,-1,0.0, -> [background only]
frame_000993,-1.0,2.4552,66.2668,3.9743,72.6976,-1,0.0, -> [background only]
frame_000994,-1.0,2.4837,67.4081,3.9785,73.8713,-1,0.0, -> [background only]
frame_000995,-1.0,2.2412,68.19,3.8763,74.3088,-1,0.0, -> [background only]
frame_000996,-1.0,1.4853,66.4362,4.0605,71.9835,-1,0.0, -> [background only]
frame_000997,-1.0,2.0994,65.2189,3.8583,71.1782,-1,0.0, -> [background only]
frame_000998,-1.0,2.0056,65.639,4.0106,71.6566,-1,0.0, -> [background only]
frame_000999,-1.0,2.0294,66.1154,4.0364,72.1825,-1,0.0, -> [background only]
frame_001000,-1.0,1.8308,66.4084,3.8884,72.129,-1,0.0, -> [background only]
frame_001001,-1.0,2.43,66.9607,4.0276,73.4205,-1,0.0, -> [background only]
frame_001002,-1.0,2.9233,70.8072,3.8791,77.6118,-1,0.0, -> [background only]
frame_001003,-1.0,2.4267,67.7839,4.043,74.2553,-1,0.0, -> [background only]
frame_001004,-1.0,2.9825,67.3125,4.0079,74.3036,-1,0.0, -> [background only]
frame_001005,-1.0,1.5488,67.2122,3.9652,72.7272,-1,0.0, -> [background only]
frame_001006,-1.0,2.2153,65.5577,3.9285,71.7022,-1,0.0, -> [background only]
frame_001007,-1.0,2.0579,66.9507,3.8512,72.8608,-1,0.0, -> [background only]
frame_001008,-1.0,2.2915,69.8254,4.0234,76.1426,-1,0.0, -> [background only]
frame_001009,-1.0,2.6851,67.1022,4.0284,73.8181,-1,0.0, -> [background only]
frame_001010,-1.0,2.1236,66.8329,3.7927,72.7505,-1,0.0, -> [background only]
frame_001011,-1.0,2.3194,65.7738,4.0462,72.1409,-1,0.0, -> [background only]
frame_001012,-1.0,1.9945,65.9028,3.9839,71.8825,-1,0.0, -> [background only]
frame_001013,-1.0,2.6952,66.1162,3.9324,72.745,-1,0.0, -> [background only]
frame_001014,-1.0,1.8472,65.4629,4.1528,71.4646,-1,0.0, -> [background only]
frame_001015,-1.0,2.2345,66.6222,3.9774,72.8354,-1,0.0, -> [background only]
frame_001016,-1.0,2.4055,66.0605,4.1256,72.5928,-1,0.0, -> [background only]
frame_001017,-1.0,2.4406,64.6484,3.9193,71.0096,-1,0.0, -> [background only]
frame_001018,-1.0,2.2025,63.9511,4.0158,70.1717,-1,0.0, -> [background only]
frame_001019,-1.0,2.3394,66.5025,3.9619,72.8049,-1,0.0, -> [background only]
frame_001020,-1.0,2.051,66.903,4.0985,73.0542,-1,0.0, -> [background only]
frame_001021,-1.0,2.5872,66.6615,4.0019,73.2521,-1,0.0, -> [background only]
frame_001022,-1.0,1.8952,66.4592,4.0033,72.3592,-1,0.0, -> [background only]
frame_001023,-1.0,2.0427,69.3861,4.0051,75.4352,-1,0.0, -> [background only]
frame_001024,-1.0,3.6354,66.4538,4.0118,74.1022,-1,0.0, -> [background only]
frame_001025,-1.0,2.934,64.7631,4.182,71.8803,-1,0.0, -> [background only]
frame_001026,-1.0,2.6561,67.0413,3.9866,73.6851,-1,0.0, -> [background only]
frame_001027,-1.0,2.8679,66.167,3.9953,73.0311,-1,0.0, -> [background only]
frame_001028,-1.0,1.2994,64.0602,4.0382,69.3987,-1,0.0, -> [background only]
frame_001029,-1.0,1.1256,65.4867,3.9898,70.6028,-1,0.0, -> [background only]
frame_001030,-1.0,1.1101,65.6507,3.9342,70.6959,-1,0.0, -> [background only]
frame_001031,-1.0,1.0855,68.7546,3.8421,73.6832,-1,0.0, -> [background only]
frame_001032,-1.0,2.0408,67.6418,4.0183,73.7022,-1,0.0, -> [background only]
frame_001033,-1.0,2.4772,67.7691,3.897,74.144,-1,0.0, -> [background only]
frame_001034,-1.0,1.8185,65.5397,3.8931,71.2524,-1,0.0, -> [background only]
frame_001035,-1.0,1.9762,65.2701,4.0146,71.2622,-1,0.0, -> [background only]
frame_001036,-1.0,2.598,67.0875,3.9634,73.6502,-1,0.0, -> [background only]
frame_001037,-1.0,2.3287,66.5828,3.9721,72.8853,-1,0.0, -> [background only]
frame_001038,-1.0,2.3291,63.8323,3.9655,70.1281,-1,0.0, -> [background only]
frame_001039,-1.0,2.3302,66.3427,3.917,72.5915,-1,0.0, -> [background only]
frame_001040,-1.0,2.6043,65.0506,3.8846,71.5405,-1,0.0, -> [background only]
frame_001041,-1.0,2.2752,65.5488,4.1878,72.0136,-1,0.0, -> [background only]
frame_001042,-1.0,2.5913,65.9382,4.0864,72.6175,-1,0.0, -> [background only]
frame_001043,-1.0,2.1673,64.2838,3.9019,70.3542,-1,0.0, -> [background only]
frame_001044,-1.0,1.9474,64.47,4.064,70.4828,-1,0.0, -> [background only]
frame_001045,-1.0,2.4021,65.5944,3.9743,71.972,-1,0.0, -> [background only]
frame_001046,-1.0,1.9679,65.7035,4.0403,71.713,-1,0.0, -> [background only]
frame_001047,-1.0,2.0028,65.4941,3.888,71.3862,-1,0.0, -> [background only]
frame_001048,-1.0,1.5038,65.6235,3.8554,70.9838,-1,0.0, -> [background only]
frame_001049,-1.0,1.1223,63.7478,4.0879,68.9594,-1,0.0, -> [background only]
frame_001050,-1.0,1.4147,64.7418,4.0586,70.2167,-1,0.0, -> [background only]
frame_001051,-1.0,3.0309,67.1134,4.0731,74.2185,-1,0.0, -> [background only]
frame_001052,-1.0,2.6612,66.9764,3.9717,73.6103,-1,0.0, -> [background only]
frame_001053,-1.0,2.3409,67.6472,3.9808,73.9703,-1,0.0, -> [background only]
frame_001054,-1.0,2.4721,69.8004,4.0187,76.2926,-1,0.0, -> [background only]
frame_001055,-1.0,3.4876,65.1669,4.073,72.7295,-1,0.0, -> [background only]
frame_001056,-1.0,1.566,66.5938,4.0255,72.1863,-1,0.0, -> [background only]
frame_001057,-1.0,1.9902,64.8752,4.0556,70.9224,-1,0.0, -> [background only]
frame_001058,-1.0,2.3057,65.243,3.9877,71.5375,-1,0.0, -> [background only]
frame_001059,-1.0,2.1037,64.8725,3.9523,70.9297,-1,0.0, -> [background only]
frame_001060,-1.0,1.9736,64.3926,4.0572,70.4248,-1,0.0, -> [background only]
frame_001061,-1.0,2.2161,67.2432,3.9678,73.4287,-1,0.0, -> [background only]
frame_001062,-1.0,2.4107,67.8639,4.2213,74.4978,-1,0.0, -> [background only]
frame_001063,-1.0,2.2233,65.2483,3.9889,71.4618,-1,0.0, -> [background only]
frame_001064,-1.0,1.5142,66.8364,4.017,72.3689,-1,0.0, -> [background only]
frame_001065,-1.0,1.1035,64.7225,4.0266,69.8537,-1,0.0, -> [background only]
frame_001066,-1.0,1.0324,64.5215,4.0336,69.5885,-1,0.0, -> [background only]
frame_001067,-1.0,2.2972,65.1772,3.8872,71.363,-1,0.0, -> [background only]
frame_001068,-1.0,2.4219,66.873,3.9381,73.2343,-1,0.0, -> [background only]
frame_001069,-1.0,2.0044,64.7396,4.0647,70.8102,-1,0.0, -> [background only]
frame_001070,-1.0,1.9221,64.7149,3.9528,70.5912,-1,0.0, -> [background only]
frame_001071,-1.0,1.12,66.8812,4.1409,72.1432,-1,0.0, -> [background only]
frame_001072,-1.0,2.0788,65.5762,3.8875,71.5441,-1,0.0, -> [background only]
frame_001073,-1.0,2.8087,65.4926,3.9957,72.2982,-1,0.0, -> [background only]
frame_001074,-1.0,2.0313,65.109,3.9428,71.0849,-1,0.0, -> [background only]
frame_001075,-1.0,2.8059,65.4626,4.0173,72.2876,-1,0.0, -> [background only]
frame_001076,-1.0,2.701,66.983,3.9661,73.6514,-1,0.0, -> [background only]
frame_001077,-1.0,1.9153,67.0216,4.1832,73.1218,-1,0.0, -> [background only]
frame_001078,-1.0,2.2653,66.7915,4.0589,73.1175,-1,0.0, -> [background only]
frame_001079,-1.0,2.4918,66.5342,4.1627,73.1917,-1,0.0, -> [background only]
frame_001080,-1.0,2.6447,66.8818,3.9404,73.4685,-1,0.0, -> [background only]
frame_001081,-1.0,2.9755,68.6235,4.0649,75.6649,-1,0.0, -> [background only]
frame_001082,-1.0,2.6205,66.2148,3.9924,72.829,-1,0.0, -> [background only]
frame_001083,-1.0,1.9783,65.9834,3.7381,71.7009,-1,0.0, -> [background only]
frame_001084,-1.0,1.8434,64.1302,4.1108,70.0856,-1,0.0, -> [background only]
frame_001085,-1.0,2.2412,66.4688,4.0178,72.7294,-1,0.0, -> [background only]
frame_001086,-1.0,2.2365,66.1711,3.9418,72.3514,-1,0.0, -> [background only]
frame_001087,-1.0,1.9916,66.458,3.9148,72.3657,-1,0.0, -> [background only]
frame_001088,-1.0,1.992,67.3907,3.9185,73.3022,-1,0.0, -> [background only]
frame_001089,-1.0,1.796,66.0107,4.0567,71.8646,-1,0.0, -> [background only]
frame_001090,-1.0,2.2944,66.0538,4.0448,72.3945,-1,0.0, -> [background only]
frame_001091,-1.0,2.3193,66.5907,4.121,73.0323,-1,0.0, -> [background only]
frame_001092,-1.0,1.8246,66.7737,4.1209,72.7207,-1,0.0, -> [background only]
frame_001093,-1.0,1.5035,64.2688,4.0019,69.7754,-1,0.0, -> [background only]
frame_001094,-1.0,1.0516,63.9144,4.1639,69.1313,-1,0.0, -> [background only]
frame_001095,-1.0,1.0433,66.5934,3.7982,71.4374,-1,0.0, -> [background only]
frame_001096,-1.0,1.1488,64.2361,3.8927,69.2788,-1,0.0, -> [background only]
frame_001097,-1.0,1.2743,64.7897,4.038,70.1036,-1,0.0, -> [background only]
frame_001098,-1.0,1.6367,65.6899,4.0158,71.3441,-1,0.0, -> [background only]
frame_001099,-1.0,2.3034,65.1687,3.9952,71.4689,-1,0.0, -> [background only]
frame_001100,-1.0,2.3275,64.2542,3.9577,70.541,-1,0.0, -> [background only]
frame_001101,-1.0,2.859,66.1182,4.0471,73.0256,-1,0.0, -> [background only]
frame_001102,-1.0,2.1363,65.0058,4.0145,71.1581,-1,0.0, -> [background only]
frame_001103,-1.0,1.5584,68.9658,3.8027,74.3284,-1,0.0, -> [background only]
frame_001104,-1.0,2.5156,66.323,3.9925,72.8326,-1,0.0, -> [background only]
frame_001105,-1.0,2.0637,66.5891,4.1278,72.7822,-1,0.0, -> [background only]
frame_001106,-1.0,1.512,66.2729,3.8864,71.6727,-1,0.0, -> [background only]
frame_001107,-1.0,2.8712,67.7857,3.7257,74.3838,-1,0.0, -> [background only]
frame_001108,-1.0,4.5886,64.7414,4.0426,73.3746,-1,0.0, -> [background only]
frame_001109,-1.0,2.8447,66.7718,4.1161,73.7335,-1,0.0, -> [background only]
frame_001110,-1.0,3.2869,66.3482,4.091,73.7269,-1,0.0, -> [background only]
frame_001111,-1.0,3.2247,66.4447,4.0181,73.6885,-1,0.0, -> [background only]
frame_001112,-1.0,1.9794,65.4326,3.9468,71.3597,-1,0.0, -> [background only]
frame_001113,-1.0,2.6984,65.592,3.9861,72.2777,-1,0.0, -> [background only]
frame_001114,-1.0,2.4289,67.6525,3.951,74.0338,-1,0.0, -> [background only]
frame_001115,-1.0,1.9939,65.5109,3.9884,71.4945,-1,0.0, -> [background only]
frame_001116,-1.0,1.9721,65.4292,4.1437,71.5466,-1,0.0, -> [background only]
frame_001117,-1.0,2.1505,67.1767,3.8821,73.2104,-1,0.0, -> [background only]
frame_001118,-1.0,2.2924,68.5351,4.1032,74.9318,-1,0.0, -> [background only]
frame_001119,-1.0,2.3224,64.2492,3.9232,70.4963,-1,0.0, -> [background only]
frame_001120,-1.0,2.0581,66.8207,4.0404,72.9204,-1,0.0, -> [background only]
frame_001121,-1.0,2.62,65.8235,3.9685,72.413,-1,0.0, -> [background only]
frame_001122,-1.0,1.8719,65.5544,4.0528,71.4803,-1,0.0, -> [background only]
frame_001123,-1.0,2.4612,65.0421,3.8701,71.3749,-1,0.0, -> [background only]
frame_001124,-1.0,2.2227,64.5942,4.149,70.9674,-1,0.0, -> [background only]
frame_001125,-1.0,2.1779,65.2762,3.8822,71.3374,-1,0.0, -> [background only]
frame_001126,-1.0,1.9947,66.4891,3.9356,72.421,-1,0.0, -> [background only]
frame_001127,-1.0,2.0215,65.5049,4.056,71.5839,-1,0.0, -> [background only]
frame_001128,-1.0,2.1711,66.501,3.9535,72.6271,-1,0.0, -> [background only]
frame_001129,-1.0,1.5061,65.161,4.032,70.7002,-1,0.0, -> [background only]
frame_001130,-1.0,1.0701,68.5073,4.0555,73.6347,-1,0.0, -> [background only]
frame_001131,-1.0,2.6778,67.3657,4.0321,74.077,-1,0.0, -> [background only]
frame_001132,-1.0,4.3647,65.591,3.9783,73.9357,-1,0.0, -> [background only]
frame_001133,-1.0,2.6278,65.2906,4.0648,71.9853,-1,0.0, -> [background only]
frame_001134,-1.0,2.8474,65.7752,4.161,72.7851,-1,0.0, -> [background only]
frame_001135,-1.0,3.0314,67.7002,4.116,74.8484,-1,0.0, -> [background only]
frame_001136,-1.0,1.9803,66.9925,4.2482,73.2218,-1,0.0, -> [background only]
frame_001137,-1.0,2.8871,64.894,3.9802,71.7625,-1,0.0, -> [background only]
frame_001138,-1.0,1.9745,65.8511,3.9414,71.7681,-1,0.0, -> [background only]
frame_001139,-1.0,1.9602,64.4492,3.986,70.3964,-1,0.0, -> [background only]
frame_001140,-1.0,2.1788,64.7991,3.9528,70.9316,-1,0.0, -> [background only]
frame_001141,-1.0,2.3166,66.9174,3.8665,73.1015,-1,0.0, -> [background only]
frame_001142,-1.0,1.7788,66.8638,4.0031,72.6468,-1,0.0, -> [background only]
frame_001143,-1.0,2.4571,66.869,3.9809,73.3082,-1,0.0, -> [background only]
frame_001144,-1.0,2.3559,68.0549,4.0182,74.4303,-1,0.0, -> [background only]
frame_001145,-1.0,2.4459,66.4442,3.9964,72.8876,-1,0.0, -> [background only]
frame_001146,-1.0,2.4049,66.9024,4.0002,73.3094,-1,0.0, -> [background only]
frame_001147,-1.0,2.0224,66.6551,4.1942,72.8729,-1,0.0, -> [chair (Top-Right): 2%]
frame_001148,-1.0,2.0003,65.3937,4.0625,71.4574,-1,0.0, -> [chair (Top-Right): 3%]
frame_001149,-1.0,1.994,64.5465,4.1186,70.6604,-1,0.0," -> [chair (Top-Right): 3%, diningtable (Bottom-Left): 1%]"
frame_001150,-1.0,2.0321,66.1047,4.2307,72.3691,-1,0.0," -> [chair (Top-Right): 5%, diningtable (Bottom-Left): 2%]"
frame_001151,-1.0,2.2891,65.8263,4.2766,72.3933,-1,0.0," -> [chair (Top-Right): 3%, diningtable (Bottom-Left): 1%]"
frame_001152,-1.0,2.4258,68.2487,4.5295,75.2057,-1,0.0," -> [bicycle (Right): 4%, chair (Top-Right): 4%, diningtable (Bottom-Left): 1%]"
frame_001153,-1.0,2.6787,65.5385,4.2022,72.4205,-1,0.0," -> [bicycle (Right): 7%, chair (Top-Right): 4%]"
frame_001154,-1.0,2.3782,67.0118,4.1739,73.565,-1,0.0," -> [bicycle (Right): 9%, chair (Top): 4%]"
frame_001155,-1.0,2.8224,64.8428,4.3029,71.9695,-1,0.0," -> [bicycle (Right): 11%, chair (Center): 4%]"
frame_001156,-1.0,4.2702,68.1349,5.1254,77.5319,-1,0.0," -> [bicycle (Right): 12%, chair (Top): 2%]"
frame_001157,-1.0,2.5667,65.557,4.2543,72.379,-1,0.0," -> [bicycle (Center): 12%, chair (Top): 3%]"
frame_001158,-1.0,2.6012,64.4453,4.2421,71.2895,-1,0.0," -> [bicycle (Center): 11%, chair (Top): 4%]"
frame_001159,-1.0,2.4504,66.2214,4.21,72.8827,-1,0.0," -> [bicycle (Center): 10%, chair (Top): 5%]"
frame_001160,-1.0,2.0016,66.618,4.1869,72.8073,-1,0.0," -> [bicycle (Center): 9%, chair (Top): 6%]"
frame_001161,-1.0,1.2767,67.8582,4.3167,73.4529,-1,0.0," -> [bicycle (Center): 10%, chair (Top): 5%]"
frame_001162,-1.0,2.2257,64.0703,4.0092,70.3062,-1,0.0," -> [bicycle (Center): 8%, chair (Top): 6%]"
frame_001163,-1.0,1.9787,65.6397,4.3504,71.97,-1,0.0," -> [bicycle (Center): 9%, chair (Top): 6%]"
frame_001164,-1.0,1.9913,64.7833,4.1438,70.9196,-1,0.0," -> [bicycle (Center): 10%, chair (Top): 6%]"
frame_001165,-1.0,2.468,66.5429,4.1594,73.1716,-1,0.0," -> [bicycle (Center): 9%, chair (Top): 6%]"
frame_001166,-1.0,2.0231,66.2866,4.3465,72.6575,-1,0.0," -> [bicycle (Center): 7%, chair (Top): 7%]"
frame_001167,-1.0,1.4715,63.4541,4.1533,69.0805,-1,0.0," -> [bicycle (Center): 8%, chair (Top): 3%]"
frame_001168,-1.0,1.2938,63.5974,4.2409,69.1331,-1,0.0," -> [bicycle (Center): 10%, chair (Top): 2%]"
frame_001169,-1.0,1.1494,63.5927,4.2031,68.9464,-1,0.0," -> [bicycle (Center): 8%, chair (Top): 4%]"
frame_001170,-1.0,1.1121,66.2793,4.3111,71.7047,-1,0.0," -> [bicycle (Center): 8%, chair (Center): 5%]"
frame_001171,-1.0,1.3199,64.8505,4.3117,70.4837,-1,0.0," -> [bicycle (Center): 8%, chair (Center): 7%]"
frame_001172,-1.0,1.1161,65.0805,4.4321,70.6307,-1,0.0," -> [bicycle (Center): 9%, chair (Center): 6%]"
frame_001173,-1.0,1.5404,63.5293,4.1595,69.2306,-1,0.0," -> [bicycle (Center): 8%, chair (Center): 7%]"
frame_001174,-1.0,1.14,68.604,4.1791,73.9245,-1,0.0," -> [bicycle (Center): 8%, chair (Center): 5%]"
frame_001175,-1.0,1.0861,67.7654,4.208,73.0606,-1,0.0," -> [bicycle (Center): 7%, chair (Center): 8%]"
frame_001176,-1.0,1.5468,64.1962,4.1736,69.9177,-1,0.0," -> [bicycle (Center): 9%, chair (Center): 6%]"
frame_001177,-1.0,2.1167,66.4572,4.2376,72.813,-1,0.0," -> [bicycle (Center): 8%, chair (Center): 6%]"
frame_001178,-1.0,1.8248,67.8909,4.2036,73.9205,-1,0.0," -> [bicycle (Center): 9%, chair (Top): 4%]"
frame_001179,-1.0,2.6018,65.9349,4.3725,72.9103,-1,0.0," -> [bicycle (Center): 8%, chair (Center): 6%]"
frame_001180,-1.0,1.9124,66.6819,4.1183,72.714,-1,0.0," -> [bicycle (Center): 9%, chair (Center): 7%]"
frame_001181,-1.0,2.3843,66.498,4.3317,73.2152,-1,0.0," -> [bicycle (Center): 6%, chair (Center): 8%]"
frame_001182,-1.0,2.4117,66.6794,4.1952,73.2877,-1,0.0," -> [bicycle (Center): 7%, chair (Center): 6%]"
frame_001183,-1.0,2.0924,67.0925,3.9754,73.1625,-1,0.0," -> [bicycle (Center): 8%, chair (Center): 5%]"
frame_001184,-1.0,2.2359,67.8143,4.2703,74.3218,-1,0.0," -> [bicycle (Center): 8%, chair (Center): 6%]"
frame_001185,-1.0,4.2944,65.3355,3.9735,73.6046,-1,0.0," -> [bicycle (Center): 7%, chair (Center): 7%]"
frame_001186,-1.0,2.6438,65.6888,4.2938,72.6284,-1,0.0," -> [bicycle (Center): 8%, chair (Center): 7%]"
frame_001187,-1.0,2.8707,66.5066,4.1455,73.5238,-1,0.0," -> [bicycle (Center): 7%, chair (Center): 8%]"
frame_001188,-1.0,1.9441,64.314,4.237,70.4959,-1,0.0," -> [bicycle (Center): 8%, chair (Center): 6%]"
frame_001189,-1.0,1.2817,65.7166,4.3148,71.3149,-1,0.0," -> [bicycle (Center): 8%, chair (Center): 5%]"
frame_001190,-1.0,1.4545,68.2316,4.1404,73.8274,-1,0.0," -> [bicycle (Center): 8%, chair (Center): 8%]"
frame_001191,-1.0,2.3811,66.5673,4.3523,73.3027,-1,0.0," -> [bicycle (Center): 8%, chair (Center): 8%]"
frame_001192,-1.0,2.3969,66.2467,4.1632,72.808,-1,0.0," -> [bicycle (Center): 8%, chair (Center): 6%]"
frame_001193,-1.0,1.8156,65.9095,4.2772,72.0032,-1,0.0," -> [bicycle (Center): 6%, chair (Center): 7%]"
frame_001194,-1.0,2.5715,66.6807,4.2912,73.5449,-1,0.0," -> [bicycle (Center): 6%, chair (Center): 8%]"
frame_001195,-1.0,2.0751,66.9837,4.3802,73.4402,-1,0.0," -> [bicycle (Center): 7%, chair (Center): 7%]"
frame_001196,-1.0,2.4657,64.7445,4.3193,71.5307,-1,0.0," -> [bicycle (Center): 7%, chair (Center): 7%]"
frame_001197,-1.0,2.6098,66.2562,4.2544,73.1217,-1,0.0," -> [bicycle (Center): 7%, chair (Center): 7%]"
frame_001198,-1.0,2.0135,66.9274,4.1435,73.0856,-1,0.0," -> [bicycle (Center): 7%, chair (Center): 7%]"
frame_001199,-1.0,2.3568,66.8404,4.5956,73.7941,-1,0.0," -> [bicycle (Center): 7%, chair (Center): 9%]"
frame_001200,-1.0,2.9706,65.9375,4.2782,73.1886,-1,0.0," -> [bicycle (Center): 7%, chair (Center): 6%]"
frame_001201,-1.0,2.0344,68.8021,4.2636,75.1016,-1,0.0," -> [bicycle (Center): 7%, chair (Center): 6%]"
frame_001202,-1.0,2.5316,67.7516,4.3242,74.6086,-1,0.0," -> [bicycle (Center): 7%, chair (Center): 5%]"
frame_001203,-1.0,2.8731,67.6306,4.2617,74.7671,-1,0.0," -> [bicycle (Center): 6%, chair (Center): 6%]"
frame_001204,-1.0,2.0109,69.6342,4.4249,76.0712,-1,0.0," -> [bicycle (Center): 7%, chair (Center): 8%]"
frame_001205,-1.0,3.0382,64.5282,4.3643,71.9324,-1,0.0," -> [bicycle (Center): 8%, chair (Center): 7%]"
frame_001206,-1.0,2.8574,67.5613,4.0236,74.4439,-1,0.0," -> [bicycle (Center): 7%, chair (Center): 6%]"
frame_001207,-1.0,1.8472,67.4379,3.9232,73.2094,-1,0.0," -> [bicycle (Center): 7%, chair (Center): 7%]"
frame_001208,-1.0,2.3998,69.314,4.1501,75.8651,-1,0.0," -> [bicycle (Center): 7%, chair (Center): 7%]"
frame_001209,-1.0,2.4481,67.6509,4.1393,74.2393,-1,0.0," -> [bicycle (Center): 7%, chair (Center): 7%]"
frame_001210,-1.0,1.7899,66.211,4.2352,72.2375,-1,0.0," -> [bicycle (Center): 7%, chair (Center): 7%]"
frame_001211,-1.0,2.2975,68.2859,4.1314,74.7159,-1,0.0," -> [bicycle (Center): 7%, chair (Center): 7%]"
frame_001212,-1.0,2.3453,66.3718,4.2841,73.0022,-1,0.0," -> [bicycle (Center): 6%, chair (Center): 7%]"
frame_001213,-1.0,2.2116,67.375,4.3073,73.8959,-1,0.0," -> [bicycle (Center): 7%, chair (Center): 7%]"
frame_001214,-1.0,2.6694,66.614,4.299,73.5847,-1,0.0," -> [bicycle (Center): 7%, chair (Center): 7%]"
frame_001215,-1.0,2.2978,65.4186,4.2488,71.9667,-1,0.0," -> [bicycle (Center): 7%, chair (Center): 6%]"
frame_001216,-1.0,2.1793,65.2858,4.2772,71.7439,-1,0.0," -> [bicycle (Center): 7%, chair (Center): 7%]"
frame_001217,-1.0,2.3837,65.2683,4.2973,71.9507,-1,0.0," -> [bicycle (Center): 6%, chair (Center): 8%]"
frame_001218,-1.0,2.2189,67.1866,4.2856,73.6933,-1,0.0," -> [bicycle (Center): 7%, chair (Center): 8%]"
frame_001219,-1.0,2.4479,65.8852,4.1245,72.4593,-1,0.0," -> [bicycle (Center): 7%, chair (Center): 6%]"
frame_001220,-1.0,2.4552,65.8168,4.0282,72.3017,-1,0.0," -> [bicycle (Center): 7%, chair (Center): 7%]"
frame_001221,-1.0,1.9852,70.4457,4.2802,76.7133,-1,0.0," -> [bicycle (Center): 7%, chair (Center): 7%]"
frame_001222,-1.0,3.142,65.151,4.458,72.7529,-1,0.0," -> [bicycle (Center): 7%, chair (Center): 8%]"
frame_001223,-1.0,3.3836,68.3182,4.5368,76.2399,-1,0.0," -> [bicycle (Center): 7%, chair (Center): 7%]"
frame_001224,-1.0,2.2667,64.0394,4.2393,70.5462,-1,0.0," -> [bicycle (Center): 7%, chair (Center): 7%]"
frame_001225,-1.0,2.4291,65.56,4.2808,72.271,-1,0.0," -> [bicycle (Center): 7%, chair (Center): 8%]"
frame_001226,-1.0,2.3951,68.327,4.1247,74.8478,-1,0.0," -> [bicycle (Center): 7%, chair (Center): 8%]"
frame_001227,-1.0,2.5927,68.1853,4.1636,74.9429,-1,0.0," -> [bicycle (Center): 6%, chair (Center): 9%]"
frame_001228,-1.0,2.3631,65.0351,4.266,71.6664,-1,0.0," -> [bicycle (Center): 6%, chair (Center): 9%]"
frame_001229,-1.0,2.3902,64.6263,4.2823,71.3,-1,0.0," -> [bicycle (Center): 7%, chair (Center): 8%]"
frame_001230,-1.0,1.8432,64.3933,4.2443,70.4822,-1,0.0," -> [bicycle (Center): 6%, chair (Center): 9%]"
frame_001231,-1.0,2.0076,65.054,4.2748,71.3375,-1,0.0," -> [bicycle (Center): 6%, chair (Center): 8%]"
frame_001232,-1.0,1.5263,64.5238,4.1742,70.2261,-1,0.0," -> [bicycle (Center): 6%, chair (Center): 8%]"
frame_001233,-1.0,1.0719,69.5617,4.3342,74.9692,-1,0.0," -> [bicycle (Center): 5%, chair (Center): 10%]"
frame_001234,-1.0,2.0499,66.6145,4.3243,72.9899,-1,0.0," -> [bicycle (Center): 6%, chair (Center): 10%]"
frame_001235,-1.0,2.054,66.6821,4.19,72.9274,-1,0.0," -> [bicycle (Center): 6%, chair (Center): 10%]"
frame_001236,-1.0,2.2861,67.8829,4.2282,74.3995,-1,0.0," -> [bicycle (Center): 6%, chair (Center): 7%]"
frame_001237,-1.0,2.3409,66.1875,4.2756,72.8052,-1,0.0," -> [bicycle (Center): 6%, chair (Center): 7%]"
frame_001238,-1.0,1.4116,66.2521,4.1766,71.8417,-1,0.0," -> [bicycle (Center): 7%, chair (Center): 6%]"
frame_001239,-1.0,2.6773,71.6966,4.2349,78.6108,-1,0.0," -> [bicycle (Center): 7%, chair (Center): 8%]"
frame_001240,-1.0,2.4261,65.7652,4.2093,72.4018,-1,0.0," -> [bicycle (Center): 6%, chair (Center): 8%]"
frame_001241,-1.0,2.4906,67.0086,4.0327,73.5337,-1,0.0," -> [bicycle (Center): 7%, chair (Center): 8%]"
frame_001242,-1.0,4.156,65.6503,5.8598,75.668,-1,0.0," -> [bicycle (Center): 6%, chair (Left): 8%]"
frame_001243,-1.0,2.8291,68.0175,4.3167,75.1641,-1,0.0," -> [bicycle (Center): 6%, chair (Center): 5%]"
frame_001244,-1.0,2.8601,64.8134,4.2828,71.9573,-1,0.0," -> [bicycle (Center): 7%, chair (Bottom-Left): 4%]"
frame_001245,-1.0,2.4432,66.894,4.6014,73.9396,-1,0.0," -> [bicycle (Center): 7%, chair (Bottom-Left): 4%]"
frame_001246,-1.0,3.3902,65.3581,4.1899,72.9397,-1,0.0," -> [bicycle (Center): 5%, chair (Bottom-Left): 11%]"
frame_001247,-1.0,2.3501,66.5728,4.2862,73.2101,-1,0.0," -> [bicycle (Center): 8%, chair (Bottom-Left): 7%]"
frame_001248,-1.0,1.9954,66.219,4.3122,72.5278,-1,0.0," -> [bicycle (Center): 6%, chair (Left): 10%]"
frame_001249,-1.0,2.0114,65.3753,4.3776,71.7657,-1,0.0," -> [bicycle (Center): 6%, chair (Bottom-Left): 8%]"
frame_001250,-1.0,2.3652,66.5389,4.2585,73.1636,-1,0.0," -> [bicycle (Center): 4%, chair (Left): 9%]"
frame_001251,-1.0,2.4488,68.226,4.2486,74.9249,-1,0.0," -> [bicycle (Center): 6%, chair (Bottom-Left): 6%]"
frame_001252,-1.0,2.3646,66.8648,4.5136,73.7441,-1,0.0," -> [bicycle (Left): 8%, chair (Bottom-Left): 7%]"
frame_001253,-1.0,2.4348,66.5059,4.2594,73.2012,-1,0.0," -> [bicycle (Left): 6%, chair (Bottom-Left): 9%]"
frame_001254,-1.0,2.1097,64.4779,4.3219,70.9105,-1,0.0," -> [bicycle (Left): 8%, chair (Bottom-Left): 6%]"
frame_001255,-1.0,2.0094,66.6102,4.2062,72.827,-1,0.0," -> [bicycle (Left): 9%, chair (Bottom-Left): 5%]"
frame_001256,-1.0,2.0268,65.6285,4.4268,72.0836,-1,0.0," -> [bicycle (Left): 9%, chair (Bottom-Left): 6%]"
frame_001257,-1.0,2.4315,65.3489,4.1786,71.9602,-1,0.0," -> [bicycle (Left): 8%, chair (Bottom-Left): 6%]"
frame_001258,-1.0,2.0427,66.6599,4.1488,72.8524,-1,0.0," -> [bicycle (Left): 9%, chair (Bottom-Left): 4%]"
frame_001259,-1.0,2.0339,67.6279,4.5148,74.1777,-1,0.0," -> [bicycle (Left): 7%, chair (Bottom-Left): 4%]"
frame_001260,-1.0,3.1942,66.0042,4.3041,73.5046,-1,0.0," -> [bicycle (Left): 4%, chair (Left): 6%]"
frame_001261,-1.0,2.5327,69.4997,5.9768,78.0108,-1,0.0," -> [bicycle (Left): 4%, chair (Bottom-Left): 3%]"
frame_001262,-1.0,1.9511,64.5422,4.3231,70.8179,-1,0.0," -> [bicycle (Left): 6%, chair (Bottom-Left): 3%]"
frame_001263,-1.0,1.1062,63.6899,4.0566,68.8542,-1,0.0, -> [background only]
frame_001264,-1.0,1.1422,66.0891,3.9952,71.2275,-1,0.0, -> [background only]
frame_001265,-1.0,1.9843,66.5079,4.0862,72.5793,-1,0.0, -> [background only]
frame_001266,-1.0,2.3747,66.3469,3.994,72.7169,-1,0.0, -> [background only]
frame_001267,-1.0,2.8968,68.7714,4.2978,75.9672,-1,0.0, -> [background only]
frame_001268,-1.0,1.5559,63.53,3.9691,69.0564,-1,0.0, -> [background only]
frame_001269,-1.0,1.0919,64.1091,4.1336,69.3357,-1,0.0, -> [background only]
frame_001270,-1.0,1.0554,63.6375,4.1415,68.8357,-1,0.0, -> [chair (Top-Right): 1%]
frame_001271,-1.0,1.5966,64.4312,4.125,70.1537,-1,0.0, -> [chair (Right): 3%]
frame_001272,-1.0,1.117,62.4803,4.0085,67.6067,-1,0.0, -> [background only]
frame_001273,-1.0,1.13,64.4466,4.0809,69.6585,-1,0.0, -> [background only]
frame_001274,-1.0,2.2752,67.7305,4.0304,74.0372,-1,0.0, -> [background only]
frame_001275,-1.0,1.8318,66.3439,4.0354,72.2122,-1,0.0, -> [chair (Right): 3%]
frame_001276,-1.0,1.9828,68.3321,4.1449,74.4617,-1,0.0, -> [chair (Right): 6%]
frame_001277,-1.0,2.1619,64.7086,4.1219,70.9936,-1,0.0, -> [chair (Right): 11%]
frame_001278,-1.0,1.5114,66.2637,4.268,72.0445,-1,0.0, -> [chair (Top-Right): 2%]
frame_001279,-1.0,1.5657,64.1671,3.9495,69.6839,-1,0.0, -> [chair (Right): 18%]
frame_001280,-1.0,1.1432,63.9364,4.205,69.2858,-1,0.0, -> [chair (Top-Right): 8%]
frame_001281,-1.0,1.1309,67.5613,4.211,72.9054,-1,0.0, -> [chair (Top-Right): 2%]
frame_001282,-1.0,2.5862,68.771,4.2423,75.6014,-1,0.0, -> [chair (Right): 8%]
frame_001283,-1.0,2.4314,69.1376,4.1529,75.724,-1,0.0, -> [chair (Center): 3%]
frame_001284,-1.0,2.013,66.9431,4.0274,72.9848,-1,0.0, -> [chair (Center): 8%]
frame_001285,-1.0,2.489,67.0726,4.2275,73.791,-1,0.0, -> [background only]
frame_001286,-1.0,2.2412,65.3027,4.0884,71.6335,-1,0.0, -> [background only]
frame_001287,-1.0,2.3585,68.2849,4.1325,74.7773,-1,0.0, -> [chair (Center): 1%]
frame_001288,-1.0,2.5005,68.1993,4.0767,74.7782,-1,0.0, -> [background only]
frame_001289,-1.0,2.7485,67.9925,4.1299,74.8724,-1,0.0, -> [chair (Left): 1%]
frame_001290,-1.0,3.7853,64.0505,5.0841,72.9216,-1,0.0, -> [background only]
frame_001291,-1.0,1.1327,68.0366,4.0593,73.2295,-1,0.0, -> [background only]
frame_001292,-1.0,2.6616,65.3194,4.1652,72.1469,-1,0.0, -> [chair (Left): 3%]
frame_001293,-1.0,1.8197,67.0888,4.1782,73.0875,-1,0.0, -> [chair (Left): 2%]
frame_001294,-1.0,2.4706,67.4408,4.1452,74.0573,-1,0.0, -> [train (Bottom-Right): 1%]
frame_001295,-1.0,2.4849,64.5691,4.0067,71.0618,-1,0.0, -> [background only]
frame_001296,-1.0,1.6648,63.5787,3.9947,69.2395,-1,0.0, -> [background only]
frame_001297,-1.0,1.1308,63.7551,3.8977,68.7849,-1,0.0, -> [background only]
frame_001298,-1.0,1.0391,68.0105,3.9517,73.0025,-1,0.0, -> [background only]
frame_001299,-1.0,2.6166,66.1166,4.0508,72.785,-1,0.0, -> [train (Bottom-Right): 2%]
frame_001300,-1.0,1.5549,62.4608,4.0252,68.0423,-1,0.0, -> [background only]
frame_001301,-1.0,2.6537,65.9031,3.9625,72.5207,-1,0.0, -> [background only]
frame_001302,-1.0,1.9898,64.0389,3.8743,69.904,-1,0.0, -> [background only]
frame_001303,-1.0,1.871,64.4317,3.9466,70.2508,-1,0.0, -> [background only]
frame_001304,-1.0,2.3435,67.0604,4.1714,73.5769,-1,0.0, -> [background only]
frame_001305,-1.0,2.5347,66.4097,3.9839,72.9294,-1,0.0, -> [background only]
frame_001306,-1.0,2.0036,68.7851,3.9496,74.7397,-1,0.0, -> [train (Left): 2%]
frame_001307,-1.0,2.3115,68.404,4.0997,74.8172,-1,0.0, -> [train (Left): 9%]
frame_001308,-1.0,1.8297,67.1487,4.013,72.9927,-1,0.0, -> [background only]
frame_001309,-1.0,2.3358,65.715,4.1117,72.1638,-1,0.0, -> [train (Left): 1%]
frame_001310,-1.0,2.3134,65.5666,3.8987,71.7803,-1,0.0, -> [background only]
frame_001311,-1.0,2.526,67.1008,4.1501,73.7793,-1,0.0, -> [background only]
frame_001312,-1.0,2.7623,67.2889,4.0521,74.1047,-1,0.0, -> [train (Right): 12%]
frame_001313,-1.0,2.5199,66.2311,4.2124,72.9651,-1,0.0, -> [train (Bottom-Right): 13%]
frame_001314,-1.0,1.8307,65.4098,4.1134,71.3553,-1,0.0, -> [train (Bottom-Right): 2%]
frame_001315,-1.0,2.0514,66.8273,3.9621,72.842,-1,0.0, -> [background only]
frame_001316,-1.0,2.4731,66.0299,3.9703,72.4748,-1,0.0, -> [background only]
frame_001317,-1.0,2.6595,66.8293,4.1054,73.5954,-1,0.0, -> [train (Bottom): 3%]
frame_001318,-1.0,2.5259,69.2182,4.2213,75.967,-1,0.0, -> [train (Bottom): 4%]
frame_001319,-1.0,2.4186,68.3917,4.2743,75.0858,-1,0.0, -> [train (Bottom): 11%]
frame_001320,-1.0,2.9347,68.1097,4.2331,75.2786,-1,0.0, -> [train (Bottom): 20%]
frame_001321,-1.0,2.6823,66.6172,4.0351,73.3354,-1,0.0, -> [background only]
frame_001322,-1.0,1.9713,66.7162,3.8672,72.5562,-1,0.0, -> [background only]
frame_001323,-1.0,2.3515,67.177,4.1009,73.6306,-1,0.0, -> [person (Right): 2%]
frame_001324,-1.0,2.3886,68.2354,4.2102,74.8363,-1,0.0," -> [person (Right): 4%, train (Bottom-Left): 2%]"
frame_001325,-1.0,2.5769,67.856,3.9712,74.4051,-1,0.0, -> [person (Right): 4%]
frame_001326,-1.0,2.526,65.8939,4.0978,72.5189,-1,0.0, -> [person (Bottom-Right): 2%]
frame_001327,-1.0,2.0271,64.7162,4.1862,70.9309,-1,0.0, -> [background only]
frame_001328,-1.0,2.7915,65.6046,4.1675,72.5653,-1,0.0, -> [person (Right): 6%]
frame_001329,-1.0,2.4601,66.6667,3.9897,73.118,-1,0.0, -> [person (Right): 6%]
frame_001330,-1.0,2.044,64.5957,4.114,70.7553,-1,0.0, -> [person (Right): 11%]
frame_001331,-1.0,2.2243,67.7511,4.2034,74.1813,-1,0.0, -> [person (Right): 12%]
frame_001332,-1.0,2.1917,65.2933,4.2329,71.7193,-1,0.0, -> [person (Right): 15%]
frame_001333,-1.0,2.0196,67.8171,4.1255,73.9638,-1,0.0, -> [person (Right): 9%]
frame_001334,-1.0,2.2213,69.4759,4.3242,76.023,-1,0.0, -> [person (Right): 12%]
frame_001335,-1.0,2.8809,66.9253,4.0775,73.8853,-1,0.0, -> [person (Right): 17%]
frame_001336,-1.0,4.3864,65.497,5.4354,75.3204,-1,0.0, -> [person (Right): 17%]
frame_001337,-1.0,2.7331,64.4711,5.4512,72.6568,-1,0.0, -> [person (Right): 19%]
frame_001338,-1.0,3.2019,64.9397,4.4337,72.5767,-1,0.0," -> [bicycle (Bottom-Right): 2%, person (Right): 20%]"
frame_001339,-1.0,2.8949,67.4686,4.3155,74.6799,-1,0.0, -> [person (Right): 22%]
frame_001340,-1.0,2.1365,64.3791,4.1574,70.6739,-1,0.0, -> [person (Right): 21%]
frame_001341,-1.0,2.4557,66.1153,4.172,72.744,-1,0.0, -> [person (Right): 26%]
frame_001342,-1.0,2.2909,65.0336,4.1779,71.5033,-1,0.0, -> [person (Center): 26%]
frame_001343,-1.0,2.2672,66.5185,4.2569,73.0437,-1,0.0, -> [person (Center): 29%]
frame_001344,-1.0,2.0077,65.0804,4.0712,71.1603,-1,0.0, -> [person (Center): 33%]
frame_001345,-1.0,1.9457,65.0712,4.0665,71.0845,-1,0.0, -> [person (Center): 32%]
frame_001346,-1.0,1.764,64.9362,4.1909,70.8922,-1,0.0, -> [person (Center): 34%]
frame_001347,-1.0,1.931,67.1192,4.1559,73.2075,-1,0.0, -> [person (Center): 33%]
frame_001348,-1.0,1.1996,66.2477,4.1687,71.617,-1,0.0, -> [person (Center): 32%]
frame_001349,-1.0,2.036,65.0012,4.1936,71.2321,-1,0.0, -> [person (Center): 31%]
frame_001350,-1.0,2.2767,67.0831,4.2726,73.6339,-1,0.0, -> [person (Center): 33%]
frame_001351,-1.0,2.7868,68.756,4.3301,75.8752,-1,0.0, -> [person (Center): 32%]
frame_001352,-1.0,2.3187,67.3191,4.0695,73.709,-1,0.0, -> [person (Center): 34%]
frame_001353,-1.0,1.9864,66.2007,4.219,72.4075,-1,0.0, -> [person (Center): 33%]
frame_001354,-1.0,2.301,65.7517,4.1375,72.1911,-1,0.0, -> [person (Center): 34%]
frame_001355,-1.0,1.9924,65.625,4.0431,71.662,-1,0.0, -> [person (Center): 34%]
frame_001356,-1.0,1.2413,63.6438,4.172,69.0589,-1,0.0, -> [person (Center): 33%]
frame_001357,-1.0,1.3272,66.4261,4.0886,71.8433,-1,0.0, -> [person (Center): 33%]
frame_001358,-1.0,2.3766,68.3672,4.1071,74.8522,-1,0.0, -> [person (Center): 33%]
frame_001359,-1.0,2.3656,68.9549,4.1568,75.479,-1,0.0, -> [person (Center): 33%]
frame_001360,-1.0,2.2524,64.4902,4.0565,70.8003,-1,0.0, -> [person (Center): 32%]
frame_001361,-1.0,2.519,68.4999,4.3528,75.373,-1,0.0, -> [person (Center): 32%]
frame_001362,-1.0,3.0008,65.3276,4.1802,72.5099,-1,0.0, -> [person (Center): 32%]
frame_001363,-1.0,2.8973,66.4613,4.0931,73.4531,-1,0.0, -> [person (Center): 32%]
frame_001364,-1.0,2.0488,65.3993,4.1441,71.5933,-1,0.0, -> [person (Center): 32%]
frame_001365,-1.0,2.1423,66.6559,4.1299,72.9292,-1,0.0, -> [person (Center): 32%]
frame_001366,-1.0,2.4786,65.7816,4.1518,72.4136,-1,0.0, -> [person (Center): 32%]
frame_001367,-1.0,2.0139,67.8015,4.0601,73.8774,-1,0.0, -> [person (Center): 32%]
frame_001368,-1.0,1.8799,67.3143,3.9661,73.1618,-1,0.0, -> [person (Center): 32%]
frame_001369,-1.0,2.7228,67.5963,4.195,74.5155,-1,0.0, -> [person (Center): 32%]
frame_001370,-1.0,2.2335,67.8416,4.0567,74.1331,-1,0.0, -> [person (Center): 32%]
frame_001371,-1.0,2.3178,68.6793,4.1303,75.1287,-1,0.0, -> [person (Center): 32%]
frame_001372,-1.0,2.2205,64.2503,4.0569,70.5291,-1,0.0, -> [person (Center): 32%]
frame_001373,-1.0,2.4204,67.5209,4.1372,74.0797,-1,0.0, -> [person (Center): 32%]
frame_001374,-1.0,1.8497,67.0082,4.1884,73.048,-1,0.0, -> [person (Center): 32%]
frame_001375,-1.0,2.2911,65.0477,4.0667,71.4068,-1,0.0, -> [person (Center): 33%]
frame_001376,-1.0,1.8167,66.9513,4.2168,72.9868,-1,0.0, -> [person (Center): 33%]
frame_001377,-1.0,2.3967,69.3216,3.9092,75.6288,-1,0.0, -> [person (Center): 32%]
frame_001378,-1.0,2.2597,68.9407,4.2272,75.4291,-1,0.0, -> [person (Center): 33%]
frame_001379,-1.0,3.7607,65.2582,4.2026,73.2228,-1,0.0, -> [person (Center): 33%]
frame_001380,-1.0,3.6109,66.1972,4.223,74.0323,-1,0.0, -> [person (Center): 33%]
frame_001381,-1.0,2.9616,65.6893,4.1219,72.7737,-1,0.0, -> [person (Center): 34%]
frame_001382,-1.0,1.8502,64.9147,4.223,70.989,-1,0.0, -> [person (Center): 32%]
frame_001383,-1.0,2.1185,66.1649,4.2266,72.5111,-1,0.0, -> [person (Center): 32%]
frame_001384,-1.0,1.9601,65.4683,4.1569,71.5864,-1,0.0, -> [person (Center): 32%]
frame_001385,-1.0,2.06,65.534,4.0918,71.6868,-1,0.0, -> [person (Center): 32%]
frame_001386,-1.0,1.9677,65.7596,4.2348,71.9632,-1,0.0, -> [person (Center): 32%]
frame_001387,-1.0,3.0073,66.7144,4.1735,73.8965,-1,0.0, -> [person (Center): 26%]
frame_001388,-1.0,1.5365,65.5151,4.1813,71.2342,-1,0.0, -> [person (Center): 27%]
frame_001389,-1.0,2.4026,65.3466,4.0576,71.8079,-1,0.0, -> [person (Center): 30%]
frame_001390,-1.0,2.445,67.2891,4.2957,74.0319,-1,0.0, -> [person (Center): 29%]
frame_001391,-1.0,2.7581,67.041,4.1337,73.9339,-1,0.0, -> [person (Center): 30%]
frame_001392,-1.0,2.3826,68.8627,3.9712,75.2179,-1,0.0, -> [person (Center): 30%]
frame_001393,-1.0,2.4481,67.3663,4.0244,73.84,-1,0.0, -> [person (Center): 30%]
frame_001394,-1.0,1.8657,65.9922,4.3087,72.1678,-1,0.0, -> [person (Center): 30%]
frame_001395,-1.0,2.3484,67.2838,4.3327,73.9666,-1,0.0, -> [person (Center): 30%]
frame_001396,-1.0,2.3559,66.8911,4.1661,73.4145,-1,0.0, -> [person (Center): 31%]
frame_001397,-1.0,2.5147,66.339,4.1207,72.9754,-1,0.0, -> [person (Center): 30%]
frame_001398,-1.0,1.8488,68.7986,4.2947,74.944,-1,0.0, -> [person (Center): 31%]
frame_001399,-1.0,3.502,65.5848,4.197,73.2854,-1,0.0, -> [person (Center): 31%]
frame_001400,-1.0,1.3109,66.3086,4.1713,71.7923,-1,0.0, -> [person (Center): 30%]
frame_001401,-1.0,1.1833,66.6885,4.0867,71.9594,-1,0.0, -> [person (Center): 31%]
frame_001402,-1.0,1.343,62.8072,4.3174,68.4693,-1,0.0, -> [person (Center): 30%]
frame_001403,-1.0,1.5719,69.4003,3.9326,74.9062,-1,0.0, -> [person (Center): 30%]
frame_001404,-1.0,1.3241,64.0357,4.2798,69.6411,-1,0.0, -> [person (Center): 31%]
frame_001405,-1.0,1.1452,69.0896,4.2997,74.5363,-1,0.0, -> [person (Center): 29%]
frame_001406,-1.0,2.4442,66.0915,4.0278,72.5658,-1,0.0, -> [person (Center): 19%]
frame_001407,-1.0,2.1688,65.8697,4.2197,72.26,-1,0.0, -> [person (Center): 28%]
frame_001408,-1.0,2.7777,68.1409,4.2136,75.1332,-1,0.0, -> [person (Center): 31%]
frame_001409,-1.0,1.7888,67.1825,4.1891,73.1619,-1,0.0, -> [person (Center): 31%]
frame_001410,-1.0,2.1789,65.1958,4.2004,71.5763,-1,0.0, -> [person (Center): 31%]
frame_001411,-1.0,2.7603,66.684,4.4701,73.9166,-1,0.0, -> [person (Center): 33%]
frame_001412,-1.0,2.4875,68.031,4.2868,74.8069,-1,0.0, -> [person (Center): 34%]
frame_001413,-1.0,1.5596,67.0733,4.2742,72.9083,-1,0.0, -> [person (Center): 34%]
frame_001414,-1.0,1.0951,65.137,4.1843,70.4174,-1,0.0, -> [person (Center): 35%]
frame_001415,-1.0,1.0573,70.8232,3.9528,75.8346,-1,0.0, -> [person (Center): 35%]
frame_001416,-1.0,1.9809,67.4387,4.0472,73.4681,-1,0.0, -> [person (Center): 36%]
frame_001417,-1.0,2.4672,67.2419,4.0486,73.7592,-1,0.0, -> [person (Center): 35%]
frame_001418,-1.0,2.0722,66.5639,4.2413,72.8789,-1,0.0, -> [person (Center): 35%]
frame_001419,-1.0,2.4335,67.6739,4.2104,74.3195,-1,0.0, -> [person (Center): 35%]
frame_001420,-1.0,2.543,69.8804,4.2395,76.6641,-1,0.0, -> [person (Center): 35%]
frame_001421,-1.0,2.7475,67.5963,4.2957,74.6409,-1,0.0, -> [person (Center): 35%]
frame_001422,-1.0,3.0309,65.8494,4.1544,73.0356,-1,0.0, -> [person (Center): 35%]
frame_001423,-1.0,1.9719,67.3264,4.2435,73.5428,-1,0.0, -> [person (Center): 33%]
frame_001424,-1.0,2.4617,64.6117,4.1537,71.2283,-1,0.0, -> [person (Center): 34%]
frame_001425,-1.0,2.0176,64.4939,4.2952,70.8082,-1,0.0, -> [person (Center): 33%]
frame_001426,-1.0,2.0319,68.488,4.1693,74.6904,-1,0.0, -> [person (Center): 33%]
frame_001427,-1.0,2.2706,68.3149,4.1057,74.6922,-1,0.0, -> [person (Center): 33%]
frame_001428,-1.0,2.2715,65.9682,4.2374,72.4782,-1,0.0, -> [person (Center): 33%]
frame_001429,-1.0,2.4506,68.4055,4.2001,75.0571,-1,0.0," -> [chair (Bottom): 1%, person (Center): 33%]"
frame_001430,-1.0,2.2544,67.7333,4.3312,74.3202,-1,0.0," -> [chair (Bottom): 1%, person (Center): 32%]"
frame_001431,-1.0,2.2175,64.4106,4.0836,70.7128,-1,0.0, -> [person (Center): 32%]
frame_001432,-1.0,2.0049,67.0487,4.0486,73.1032,-1,0.0, -> [person (Center): 32%]
frame_001433,-1.0,2.5096,66.6504,4.0863,73.2475,-1,0.0, -> [person (Center): 31%]
frame_001434,-1.0,2.0251,68.9238,4.1347,75.0849,-1,0.0, -> [person (Center): 31%]
frame_001435,-1.0,2.2975,67.603,4.175,74.0764,-1,0.0, -> [person (Center): 31%]
frame_001436,-1.0,2.3938,68.7162,4.2394,75.3508,-1,0.0, -> [person (Center): 31%]
frame_001437,-1.0,2.9391,67.1719,4.2375,74.3506,-1,0.0, -> [person (Center): 31%]
frame_001438,-1.0,2.4549,70.1671,4.3158,76.9387,-1,0.0, -> [person (Center): 31%]
frame_001439,-1.0,3.0215,65.4576,4.2984,72.7786,-1,0.0, -> [person (Center): 31%]
frame_001440,-1.0,2.2281,68.1871,4.1402,74.5566,-1,0.0, -> [person (Center): 31%]
frame_001441,-1.0,2.4167,66.7313,4.1843,73.3333,-1,0.0, -> [person (Center): 31%]
frame_001442,-1.0,2.5621,67.8284,4.1898,74.5822,-1,0.0, -> [person (Center): 31%]
frame_001443,-1.0,2.7914,66.5384,4.351,73.6817,-1,0.0, -> [person (Center): 31%]
frame_001444,-1.0,1.9943,66.3233,4.2744,72.5931,-1,0.0, -> [person (Center): 30%]
frame_001445,-1.0,2.1719,65.7973,4.1669,72.1372,-1,0.0, -> [person (Center): 30%]
frame_001446,-1.0,2.2717,66.5629,4.2194,73.0552,-1,0.0, -> [person (Center): 30%]
frame_001447,-1.0,2.7968,66.4338,4.0545,73.2873,-1,0.0, -> [person (Center): 32%]
frame_001448,-1.0,1.8859,66.3461,4.281,72.5145,-1,0.0, -> [person (Center): 34%]
frame_001449,-1.0,2.9257,65.6436,3.9905,72.5614,-1,0.0, -> [person (Center): 33%]
frame_001450,-1.0,2.2247,67.9549,4.2754,74.4563,-1,0.0, -> [person (Center): 35%]
frame_001451,-1.0,1.7789,66.3267,4.3184,72.4259,-1,0.0, -> [person (Center): 35%]
frame_001452,-1.0,2.6984,66.8635,4.2395,73.8028,-1,0.0, -> [person (Center): 34%]
frame_001453,-1.0,2.3838,68.3956,4.2989,75.0799,-1,0.0, -> [person (Center): 34%]
frame_001454,-1.0,3.79,66.8324,4.4263,75.0508,-1,0.0, -> [person (Center): 34%]
frame_001455,-1.0,4.2088,67.735,4.1535,76.0984,-1,0.0, -> [person (Center): 34%]
frame_001456,-1.0,2.488,65.7987,4.1878,72.4757,-1,0.0, -> [person (Center): 39%]
frame_001457,-1.0,3.0581,66.4039,4.2481,73.7114,-1,0.0, -> [person (Center): 37%]
frame_001458,-1.0,2.453,68.7002,4.1944,75.3487,-1,0.0, -> [person (Bottom): 36%]
frame_001459,-1.0,2.2273,65.8418,4.3576,72.4275,-1,0.0, -> [person (Center): 36%]
frame_001460,-1.0,2.9837,69.4992,4.1757,76.6602,-1,0.0, -> [person (Bottom): 36%]
frame_001461,-1.0,2.454,67.2955,4.1027,73.8534,-1,0.0, -> [person (Bottom): 36%]
frame_001462,-1.0,2.4035,66.021,4.1683,72.5939,-1,0.0, -> [person (Bottom): 35%]
frame_001463,-1.0,2.1014,66.4262,4.2611,72.7895,-1,0.0, -> [person (Bottom): 34%]
frame_001464,-1.0,3.0815,66.6203,4.122,73.8253,-1,0.0, -> [person (Bottom): 33%]
frame_001465,-1.0,2.0094,64.2399,4.2484,70.499,-1,0.0, -> [person (Bottom): 33%]
frame_001466,-1.0,2.3738,66.8519,4.2553,73.4828,-1,0.0, -> [person (Bottom): 33%]
frame_001467,-1.0,2.2505,65.1233,4.2674,71.6423,-1,0.0, -> [person (Bottom): 31%]
frame_001468,-1.0,3.1002,69.9243,4.2122,77.2381,-1,0.0, -> [person (Bottom): 34%]
frame_001469,-1.0,2.3184,68.8883,4.1349,75.3428,-1,0.0, -> [person (Bottom): 32%]
frame_001470,-1.0,2.3852,68.0693,4.1709,74.6271,-1,0.0, -> [person (Bottom): 33%]
frame_001471,-1.0,2.787,64.6276,4.9408,72.357,-1,0.0, -> [person (Center): 30%]
frame_001472,-1.0,3.2283,67.3542,4.1068,74.6905,-1,0.0, -> [person (Center): 29%]
frame_001473,-1.0,2.7686,65.9826,5.023,73.7767,-1,0.0, -> [person (Bottom): 32%]
frame_001474,-1.0,1.5723,66.7994,4.2109,72.5837,-1,0.0, -> [person (Center): 29%]
frame_001475,-1.0,2.3071,64.9932,4.3824,71.6836,-1,0.0," -> [chair (Bottom): 1%, person (Center): 26%]"
frame_001476,-1.0,2.7372,66.0003,4.078,72.8166,-1,0.0, -> [person (Center): 29%]
frame_001477,-1.0,2.2907,68.5562,4.0156,74.8639,-1,0.0," -> [chair (Bottom): 2%, person (Center): 23%]"
frame_001478,-1.0,2.0017,67.9846,4.2026,74.19,-1,0.0," -> [chair (Bottom): 2%, person (Center): 24%]"
frame_001479,-1.0,2.5395,65.6688,4.2354,72.4447,-1,0.0, -> [person (Center): 30%]
frame_001480,-1.0,2.5205,66.7463,4.2607,73.5285,-1,0.0, -> [person (Center): 27%]
frame_001481,-1.0,2.4793,64.4684,4.3516,71.3007,-1,0.0," -> [chair (Bottom): 1%, person (Center): 25%]"
frame_001482,-1.0,2.5617,65.7236,4.186,72.4726,-1,0.0, -> [person (Bottom): 30%]
frame_001483,-1.0,2.3218,66.4766,4.2671,73.0667,-1,0.0, -> [person (Bottom): 29%]
frame_001484,-1.0,2.7664,63.6706,4.2165,70.6548,-1,0.0, -> [person (Bottom): 30%]
frame_001485,-1.0,2.255,67.1495,4.2417,73.6474,-1,0.0, -> [person (Bottom): 29%]
frame_001486,-1.0,2.4134,65.6009,4.0491,72.0646,-1,0.0, -> [person (Bottom): 29%]
frame_001487,-1.0,2.3467,63.9404,4.2555,70.5439,-1,0.0, -> [person (Bottom): 27%]
frame_001488,-1.0,1.9648,67.0327,4.2578,73.2571,-1,0.0, -> [person (Bottom): 28%]
frame_001489,-1.0,2.8245,66.2138,4.1334,73.1729,-1,0.0, -> [person (Bottom): 27%]
frame_001490,-1.0,1.4909,65.543,4.1604,71.1953,-1,0.0, -> [person (Bottom): 27%]
frame_001491,-1.0,1.5806,65.508,4.3365,71.4263,-1,0.0, -> [person (Bottom): 27%]
frame_001492,-1.0,2.1143,68.0282,4.8907,75.0344,-1,0.0, -> [person (Bottom): 28%]
frame_001493,-1.0,2.866,66.2986,4.2747,73.4406,-1,0.0, -> [person (Bottom-Left): 26%]
frame_001494,-1.0,2.6942,67.6183,4.2093,74.523,-1,0.0, -> [person (Bottom-Left): 25%]
frame_001495,-1.0,2.9055,66.6504,4.3324,73.8898,-1,0.0, -> [person (Bottom-Left): 22%]
frame_001496,-1.0,3.1054,63.9177,4.3571,71.3815,-1,0.0," -> [person (Bottom-Left): 18%, sofa (Bottom): 3%]"
frame_001497,-1.0,2.0347,65.5992,4.1596,71.7945,-1,0.0," -> [person (Bottom-Left): 21%, sofa (Bottom): 1%]"
frame_001498,-1.0,2.2484,66.4727,4.2167,72.9391,-1,0.0," -> [person (Bottom-Left): 18%, sofa (Bottom): 4%]"
frame_001499,-1.0,2.4831,65.9604,4.1584,72.6031,-1,0.0, -> [person (Bottom-Left): 19%]
frame_001500,-1.0,2.0135,66.6228,4.3097,72.9476,-1,0.0," -> [chair (Bottom): 2%, person (Bottom-Left): 17%]"
frame_001501,-1.0,2.1034,64.4747,4.2432,70.8225,-1,0.0," -> [chair (Bottom-Left): 4%, person (Left): 16%]"
frame_001502,-1.0,1.9477,65.3467,4.2314,71.5271,-1,0.0," -> [chair (Bottom-Left): 4%, person (Left): 15%]"
frame_001503,-1.0,2.0399,66.137,4.3289,72.5069,-1,0.0," -> [chair (Bottom-Left): 1%, person (Left): 15%]"
frame_001504,-1.0,2.291,65.2828,4.2453,71.8204,-1,0.0," -> [chair (Bottom): 4%, person (Left): 14%]"
frame_001505,-1.0,2.3662,66.0977,4.3958,72.8608,-1,0.0," -> [chair (Bottom): 1%, person (Left): 15%]"
frame_001506,-1.0,2.4385,64.9992,4.1079,71.5469,-1,0.0, -> [person (Left): 17%]
frame_001507,-1.0,2.7694,68.0855,4.3829,75.2391,-1,0.0," -> [chair (Center): 1%, person (Left): 14%, sofa (Bottom): 1%]"
frame_001508,-1.0,1.8671,65.4278,4.3036,71.5999,-1,0.0," -> [person (Left): 14%, sofa (Bottom): 1%]"
frame_001509,-1.0,2.7387,68.3847,4.4082,75.5334,-1,0.0," -> [chair (Bottom): 1%, person (Left): 14%]"
frame_001510,-1.0,3.023,69.2216,4.1927,76.4389,-1,0.0," -> [chair (Bottom): 2%, person (Left): 14%]"
frame_001511,-1.0,2.8594,66.9885,4.3388,74.1884,-1,0.0," -> [chair (Bottom): 3%, person (Left): 14%]"
frame_001512,-1.0,2.2787,69.1247,4.3695,75.7741,-1,0.0," -> [chair (Center): 1%, person (Left): 14%]"
frame_001513,-1.0,2.776,66.784,4.1903,73.7519,-1,0.0, -> [person (Left): 16%]
frame_001514,-1.0,1.6586,70.2091,4.4421,76.3107,-1,0.0, -> [person (Left): 18%]
frame_001515,-1.0,1.0165,64.9262,4.281,70.2249,-1,0.0," -> [chair (Left): 3%, person (Left): 14%]"
frame_001516,-1.0,2.354,66.4459,4.253,73.0541,-1,0.0," -> [chair (Bottom-Left): 1%, person (Left): 20%]"
frame_001517,-1.0,1.9735,64.8315,4.194,70.9999,-1,0.0," -> [chair (Left): 4%, person (Left): 16%]"
frame_001518,-1.0,2.1373,65.2534,4.2455,71.6376,-1,0.0," -> [chair (Left): 7%, person (Top-Left): 12%]"
frame_001519,-1.0,1.8597,65.9699,4.3586,72.1899,-1,0.0," -> [chair (Left): 6%, person (Top-Left): 12%]"
frame_001520,-1.0,2.1696,67.3733,4.2673,73.8115,-1,0.0," -> [chair (Left): 3%, person (Top-Left): 10%]"
frame_001521,-1.0,2.2761,65.6151,4.2774,72.1702,-1,0.0," -> [chair (Left): 2%, person (Top-Left): 9%]"
frame_001522,-1.0,2.4456,67.192,4.2756,73.915,-1,0.0," -> [chair (Left): 4%, person (Top-Left): 9%]"
frame_001523,-1.0,2.3767,67.6396,4.1419,74.1592,-1,0.0, -> [person (Top-Left): 9%]
frame_001524,-1.0,1.9853,65.7718,4.2888,72.0471,-1,0.0," -> [chair (Left): 3%, person (Top-Left): 10%]"
frame_001525,-1.0,2.8023,67.1864,4.2613,74.2511,-1,0.0," -> [chair (Left): 3%, person (Top-Left): 8%]"
frame_001526,-1.0,2.0184,67.417,4.3299,73.7672,-1,0.0," -> [chair (Top-Left): 2%, person (Left): 12%]"
frame_001527,-1.0,2.4479,67.2798,4.2903,74.0193,-1,0.0, -> [person (Left): 11%]
frame_001528,-1.0,2.7047,67.5744,4.2851,74.5664,-1,0.0, -> [person (Left): 11%]
frame_001529,-1.0,2.9637,66.3038,4.0971,73.366,-1,0.0, -> [person (Left): 10%]
frame_001530,-1.0,1.8757,68.1871,4.29,74.3542,-1,0.0, -> [person (Top-Left): 7%]
frame_001531,-1.0,3.8427,67.5767,4.1644,75.5849,-1,0.0, -> [person (Top-Left): 6%]
frame_001532,-1.0,2.7245,68.3072,4.2431,75.276,-1,0.0, -> [person (Top-Left): 4%]
frame_001533,-1.0,2.2246,65.2058,4.2326,71.664,-1,0.0, -> [person (Top-Left): 4%]
frame_001534,-1.0,2.5095,65.8885,4.1529,72.5519,-1,0.0, -> [person (Top-Left): 3%]
frame_001535,-1.0,2.0607,66.5446,4.1242,72.7308,-1,0.0, -> [person (Top-Left): 3%]
frame_001536,-1.0,2.1111,66.8332,4.1864,73.1321,-1,0.0, -> [person (Top-Left): 4%]
frame_001537,-1.0,2.3607,68.99,4.2347,75.5866,-1,0.0, -> [person (Top-Left): 2%]
frame_001538,-1.0,1.5733,63.8739,4.3792,69.8279,-1,0.0, -> [person (Top-Left): 2%]
frame_001539,-1.0,1.5825,64.4379,4.0311,70.0525,-1,0.0, -> [person (Left): 5%]
frame_001540,-1.0,1.074,66.5599,4.2949,71.9298,-1,0.0, -> [person (Left): 6%]
frame_001541,-1.0,1.6923,64.502,4.1697,70.3658,-1,0.0, -> [person (Left): 5%]
frame_001542,-1.0,1.7585,69.1535,4.091,75.0047,-1,0.0, -> [person (Left): 4%]
frame_001543,-1.0,1.5023,65.0856,4.022,70.611,-1,0.0, -> [person (Left): 4%]
frame_001544,-1.0,1.3438,65.2301,4.237,70.8128,-1,0.0, -> [person (Left): 6%]
frame_001545,-1.0,1.4637,64.7059,4.2838,70.455,-1,0.0, -> [person (Left): 5%]
frame_001546,-1.0,1.4805,65.0252,4.112,70.6192,-1,0.0, -> [person (Left): 7%]
frame_001547,-1.0,1.0727,66.9744,4.2741,72.3222,-1,0.0, -> [person (Left): 5%]
frame_001548,-1.0,2.6755,65.2423,4.3855,72.3053,-1,0.0, -> [person (Left): 5%]
frame_001549,-1.0,2.6817,67.4472,4.3084,74.4386,-1,0.0, -> [person (Left): 5%]
frame_001550,-1.0,2.6946,67.2086,4.1498,74.0543,-1,0.0, -> [person (Left): 5%]
frame_001551,-1.0,2.7835,68.5262,4.076,75.387,-1,0.0, -> [person (Left): 4%]
frame_001552,-1.0,1.8895,70.0836,4.3597,76.334,-1,0.0, -> [person (Left): 4%]
frame_001553,-1.0,3.2218,66.5888,4.1261,73.9377,-1,0.0, -> [person (Left): 5%]
frame_001554,-1.0,2.9199,66.8762,4.0306,73.8276,-1,0.0, -> [person (Left): 4%]
frame_001555,-1.0,2.0994,66.1825,4.3123,72.5952,-1,0.0, -> [person (Left): 5%]
frame_001556,-1.0,2.9111,65.8361,4.1158,72.864,-1,0.0, -> [person (Left): 5%]
frame_001557,-1.0,1.919,66.2191,4.1566,72.2957,-1,0.0, -> [person (Left): 5%]
frame_001558,-1.0,1.9926,65.5626,4.0254,71.5816,-1,0.0, -> [person (Left): 4%]
frame_001559,-1.0,2.2071,68.095,4.2527,74.556,-1,0.0, -> [person (Left): 4%]
frame_001560,-1.0,2.6599,64.9458,4.1021,71.7095,-1,0.0, -> [person (Left): 5%]
frame_001561,-1.0,2.0077,64.339,4.2659,70.6143,-1,0.0, -> [person (Left): 4%]
frame_001562,-1.0,2.4207,69.3876,4.1993,76.0093,-1,0.0, -> [person (Left): 4%]
frame_001563,-1.0,2.8255,67.997,4.1101,74.935,-1,0.0, -> [person (Left): 4%]
frame_001564,-1.0,2.3177,66.3894,4.1789,72.8876,-1,0.0, -> [person (Left): 4%]
frame_001565,-1.0,2.5852,67.7511,3.9877,74.3256,-1,0.0, -> [person (Left): 4%]
frame_001566,-1.0,2.3409,66.7594,4.1592,73.2609,-1,0.0, -> [person (Left): 4%]
frame_001567,-1.0,2.4059,68.2022,4.0512,74.6603,-1,0.0, -> [person (Left): 4%]
frame_001568,-1.0,2.3264,66.6108,4.1226,73.0609,-1,0.0, -> [person (Left): 3%]
frame_001569,-1.0,2.0194,65.2724,4.114,71.4067,-1,0.0, -> [person (Left): 5%]
frame_001570,-1.0,1.989,66.4505,4.2764,72.7173,-1,0.0, -> [person (Left): 3%]
frame_001571,-1.0,2.8824,65.9559,4.1684,73.0082,-1,0.0, -> [person (Left): 4%]
frame_001572,-1.0,3.7134,68.0098,4.1908,75.9151,-1,0.0, -> [person (Left): 1%]
frame_001573,-1.0,2.4761,66.0208,4.1581,72.6562,-1,0.0, -> [person (Left): 5%]
frame_001574,-1.0,2.9247,66.0274,4.2439,73.1973,-1,0.0, -> [person (Left): 4%]
frame_001575,-1.0,1.9666,66.6156,4.168,72.7511,-1,0.0, -> [person (Left): 5%]
frame_001576,-1.0,2.7371,66.9557,4.0759,73.7702,-1,0.0, -> [background only]
frame_001577,-1.0,2.4663,65.3536,4.0721,71.8929,-1,0.0, -> [background only]
frame_001578,-1.0,2.6937,66.267,3.9936,72.9553,-1,0.0, -> [background only]
frame_001579,-1.0,1.9653,65.5261,4.0761,71.569,-1,0.0, -> [background only]
frame_001580,-1.0,3.2396,68.6635,4.0418,75.9463,-1,0.0, -> [background only]
frame_001581,-1.0,2.1131,67.2067,4.1446,73.4658,-1,0.0, -> [background only]
frame_001582,-1.0,1.9745,66.1978,4.0462,72.2196,-1,0.0, -> [background only]
frame_001583,-1.0,2.1009,65.4493,4.0514,71.6027,-1,0.0, -> [background only]
frame_001584,-1.0,2.3087,66.7731,4.0109,73.0939,-1,0.0, -> [background only]
frame_001585,-1.0,2.6051,66.0385,4.1065,72.7513,-1,0.0, -> [background only]
frame_001586,-1.0,1.9995,70.3585,4.0242,76.3838,-1,0.0, -> [background only]
frame_001587,-1.0,2.8534,66.7742,3.872,73.504,-1,0.0, -> [background only]
frame_001588,-1.0,2.0051,70.4536,4.008,76.4691,-1,0.0, -> [background only]
frame_001589,-1.0,4.1927,68.7462,4.01,76.9505,-1,0.0, -> [background only]
frame_001590,-1.0,2.5544,67.3868,4.0882,74.0308,-1,0.0, -> [background only]
frame_001591,-1.0,1.6478,63.8901,3.9289,69.4677,-1,0.0, -> [background only]
frame_001592,-1.0,1.1554,63.9878,4.0679,69.2122,-1,0.0, -> [background only]
frame_001593,-1.0,1.6257,65.0759,4.0105,70.7132,-1,0.0, -> [background only]
frame_001594,-1.0,1.574,62.8176,4.2187,68.6117,-1,0.0, -> [background only]
frame_001595,-1.0,1.7471,68.7213,3.9796,74.4489,-1,0.0, -> [background only]
frame_001596,-1.0,2.1776,65.1305,4.0486,71.3579,-1,0.0, -> [background only]
frame_001597,-1.0,2.2392,65.5623,3.98,71.7831,-1,0.0, -> [background only]
frame_001598,-1.0,1.9689,64.8605,3.7839,70.6145,-1,0.0, -> [background only]
frame_001599,-1.0,2.1219,67.6194,4.0058,73.7488,-1,0.0, -> [background only]
frame_001600,-1.0,2.2564,66.3731,4.0528,72.6842,-1,0.0, -> [background only]
frame_001601,-1.0,2.3211,65.6137,3.7538,71.6897,-1,0.0, -> [background only]
frame_001602,-1.0,2.4452,67.2353,3.9814,73.6631,-1,0.0, -> [background only]
frame_001603,-1.0,1.5068,71.1201,3.8234,76.4521,-1,0.0, -> [background only]
frame_001604,-1.0,2.7371,69.5941,4.0089,76.3417,-1,0.0, -> [background only]
frame_001605,-1.0,2.3415,64.9645,4.0718,71.3795,-1,0.0, -> [background only]
frame_001606,-1.0,2.8793,66.5836,4.0551,73.5194,-1,0.0, -> [background only]
frame_001607,-1.0,2.2353,67.7422,4.1225,74.1017,-1,0.0, -> [background only]
frame_001608,-1.0,2.7067,69.7457,4.0771,76.5308,-1,0.0, -> [background only]
frame_001609,-1.0,2.369,66.9936,4.0181,73.3818,-1,0.0, -> [background only]
frame_001610,-1.0,4.7511,68.1422,4.0251,76.9199,-1,0.0, -> [background only]
frame_001611,-1.0,2.8228,64.9034,3.9433,71.671,-1,0.0, -> [background only]
frame_001612,-1.0,3.0887,65.6285,4.0177,72.736,-1,0.0, -> [background only]
frame_001613,-1.0,1.9941,64.4638,3.9873,70.4463,-1,0.0, -> [background only]
frame_001614,-1.0,2.0044,65.7364,4.0116,71.7535,-1,0.0, -> [background only]
frame_001615,-1.0,1.9434,65.3631,4.0644,71.372,-1,0.0, -> [background only]
frame_001616,-1.0,3.1112,67.6018,4.0207,74.7347,-1,0.0, -> [background only]
frame_001617,-1.0,2.2054,66.8831,4.0911,73.1808,-1,0.0, -> [background only]
frame_001618,-1.0,1.4878,65.6024,3.9931,71.0845,-1,0.0, -> [background only]
frame_001619,-1.0,1.0283,66.0414,4.0491,71.1199,-1,0.0, -> [background only]
frame_001620,-1.0,2.6411,63.6477,3.991,70.2807,-1,0.0, -> [background only]
frame_001621,-1.0,2.0102,65.4308,4.0536,71.4958,-1,0.0, -> [background only]
frame_001622,-1.0,3.0028,66.9704,3.9722,73.9465,-1,0.0, -> [background only]
frame_001623,-1.0,3.0774,68.6846,4.1171,75.8799,-1,0.0, -> [background only]
frame_001624,-1.0,2.4979,66.064,3.9724,72.5352,-1,0.0, -> [background only]
frame_001625,-1.0,2.0562,65.8101,4.0757,71.9435,-1,0.0, -> [background only]
frame_001626,-1.0,2.4758,66.0707,3.9629,72.5104,-1,0.0, -> [background only]
frame_001627,-1.0,2.5378,68.5396,3.8785,74.957,-1,0.0, -> [background only]
frame_001628,-1.0,1.8439,64.8612,4.1157,70.8219,-1,0.0, -> [background only]
frame_001629,-1.0,2.842,67.4081,4.0214,74.2731,-1,0.0, -> [background only]
frame_001630,-1.0,2.6224,65.7924,4.0972,72.5131,-1,0.0, -> [background only]
frame_001631,-1.0,2.2963,66.2417,3.9109,72.45,-1,0.0, -> [background only]
frame_001632,-1.0,2.022,68.1399,4.2189,74.3821,-1,0.0, -> [background only]
frame_001633,-1.0,3.4259,67.0103,3.8815,74.3192,-1,0.0, -> [background only]
frame_001634,-1.0,2.4066,65.701,4.0676,72.1761,-1,0.0, -> [background only]
frame_001635,-1.0,1.8556,64.5062,4.0678,70.4314,-1,0.0, -> [background only]
frame_001636,-1.0,2.2336,66.5131,4.1006,72.8485,-1,0.0, -> [background only]
frame_001637,-1.0,2.345,66.3443,4.1021,72.7928,-1,0.0, -> [background only]
frame_001638,-1.0,2.3813,66.2102,4.0276,72.6199,-1,0.0, -> [background only]
frame_001639,-1.0,2.4285,66.2322,4.0692,72.7313,-1,0.0, -> [background only]
frame_001640,-1.0,2.5511,65.6443,3.9322,72.129,-1,0.0, -> [background only]
frame_001641,-1.0,1.8039,67.0285,4.0741,72.9081,-1,0.0, -> [background only]
frame_001642,-1.0,2.1136,67.0791,4.039,73.233,-1,0.0, -> [background only]
frame_001643,-1.0,1.8593,64.4877,4.137,70.4854,-1,0.0, -> [background only]
frame_001644,-1.0,1.4804,63.2816,4.1434,68.9073,-1,0.0, -> [background only]
frame_001645,-1.0,1.4883,63.9795,4.004,69.4735,-1,0.0, -> [background only]
frame_001646,-1.0,1.338,63.197,4.0812,68.6175,-1,0.0, -> [background only]
frame_001647,-1.0,2.9698,65.2688,3.7389,71.9792,-1,0.0, -> [background only]
frame_001648,-1.0,2.7397,67.9148,4.0398,74.6958,-1,0.0, -> [background only]
frame_001649,-1.0,2.8946,64.8964,3.8998,71.6921,-1,0.0, -> [background only]
frame_001650,-1.0,2.02,66.0302,3.8545,71.9059,-1,0.0, -> [background only]
frame_001651,-1.0,2.0431,66.8646,4.0361,72.9449,-1,0.0, -> [background only]
frame_001652,-1.0,2.5864,67.2916,4.133,74.0122,-1,0.0, -> [background only]
frame_001653,-1.0,2.8437,67.5504,4.0337,74.4289,-1,0.0, -> [background only]
frame_001654,-1.0,2.5837,67.8864,3.9685,74.4408,-1,0.0, -> [background only]
frame_001655,-1.0,2.4939,68.6937,4.0065,75.196,-1,0.0, -> [background only]
frame_001656,-1.0,4.5081,65.9591,4.0962,74.5645,-1,0.0, -> [background only]
frame_001657,-1.0,2.8758,65.7599,3.9336,72.5703,-1,0.0, -> [background only]
frame_001658,-1.0,2.9759,64.0018,3.9589,70.9377,-1,0.0, -> [background only]
frame_001659,-1.0,2.1782,66.5945,3.9535,72.7277,-1,0.0, -> [background only]
frame_001660,-1.0,1.9385,65.9144,3.9768,71.8309,-1,0.0, -> [background only]
frame_001661,-1.0,2.2967,66.379,4.09,72.7669,-1,0.0, -> [background only]
frame_001662,-1.0,2.6434,67.5765,4.0458,74.2677,-1,0.0, -> [background only]
frame_001663,-1.0,2.5449,68.3487,3.9235,74.8184,-1,0.0, -> [background only]
frame_001664,-1.0,2.473,66.1831,4.1785,72.8357,-1,0.0, -> [background only]
frame_001665,-1.0,1.6478,63.6009,3.9634,69.2137,-1,0.0, -> [background only]
frame_001666,-1.0,2.5617,68.4854,3.9911,75.0398,-1,0.0, -> [background only]
frame_001667,-1.0,2.6537,68.4074,4.1593,75.2223,-1,0.0, -> [background only]
frame_001668,-1.0,2.7548,69.4124,4.0004,76.1697,-1,0.0, -> [background only]
frame_001669,-1.0,3.0072,65.8731,3.7701,72.6518,-1,0.0, -> [background only]
frame_001670,-1.0,2.2012,67.7771,4.045,74.0247,-1,0.0, -> [background only]
frame_001671,-1.0,2.3037,66.8407,3.9551,73.1011,-1,0.0, -> [background only]
frame_001672,-1.0,2.4654,68.8517,4.0279,75.3459,-1,0.0, -> [background only]
frame_001673,-1.0,2.9458,65.6081,4.2306,72.7863,-1,0.0, -> [background only]
frame_001674,-1.0,2.7529,66.2085,4.1673,73.1299,-1,0.0, -> [background only]
frame_001675,-1.0,3.5515,66.756,4.0241,74.3329,-1,0.0, -> [background only]
frame_001676,-1.0,1.9793,65.6833,3.9268,71.5909,-1,0.0, -> [background only]
frame_001677,-1.0,2.137,66.7174,4.0648,72.9201,-1,0.0, -> [background only]
frame_001678,-1.0,2.0027,64.8525,4.0173,70.8737,-1,0.0, -> [background only]
frame_001679,-1.0,2.2221,65.2681,4.1787,71.6703,-1,0.0, -> [background only]
frame_001680,-1.0,2.4442,66.5031,4.0796,73.0281,-1,0.0, -> [background only]
frame_001681,-1.0,2.3102,66.9745,3.8252,73.1113,-1,0.0, -> [background only]
frame_001682,-1.0,2.14,68.3321,4.0961,74.5705,-1,0.0, -> [background only]
frame_001683,-1.0,2.3037,65.8055,4.0355,72.1463,-1,0.0, -> [background only]
frame_001684,-1.0,1.9784,66.4742,3.9093,72.3632,-1,0.0, -> [background only]
frame_001685,-1.0,1.5479,68.8288,4.1727,74.5512,-1,0.0, -> [background only]
frame_001686,-1.0,2.3335,65.6014,4.1443,72.0812,-1,0.0, -> [background only]
frame_001687,-1.0,2.6705,68.2933,3.9764,74.9421,-1,0.0, -> [background only]
frame_001688,-1.0,1.9838,64.6538,4.1345,70.7739,-1,0.0, -> [background only]
frame_001689,-1.0,2.7313,66.8953,3.8575,73.4862,-1,0.0, -> [background only]
frame_001690,-1.0,2.4375,68.0351,4.0871,74.5612,-1,0.0, -> [background only]
frame_001691,-1.0,2.7589,69.589,3.8682,76.2172,-1,0.0, -> [background only]
frame_001692,-1.0,2.2386,68.1154,4.1829,74.5385,-1,0.0, -> [background only]
frame_001693,-1.0,4.1029,66.6988,3.992,74.7949,-1,0.0, -> [background only]
frame_001694,-1.0,3.307,67.1616,3.8584,74.3279,-1,0.0, -> [background only]
frame_001695,-1.0,2.2583,63.8865,4.0458,70.1919,-1,0.0, -> [background only]
frame_001696,-1.0,1.963,65.3974,3.9222,71.2838,-1,0.0, -> [background only]
frame_001697,-1.0,1.7802,64.7474,3.9235,70.4527,-1,0.0, -> [background only]
frame_001698,-1.0,2.1628,65.3547,3.9517,71.4706,-1,0.0, -> [background only]
frame_001699,-1.0,3.0692,67.8125,4.1735,75.057,-1,0.0, -> [background only]
frame_001700,-1.0,2.7021,65.2884,4.1298,72.1216,-1,0.0, -> [background only]
frame_001701,-1.0,2.3811,64.9976,4.1648,71.545,-1,0.0, -> [background only]
frame_001702,-1.0,2.4081,67.1073,4.0051,73.522,-1,0.0, -> [background only]
frame_001703,-1.0,2.3766,67.2978,4.0598,73.736,-1,0.0, -> [background only]
frame_001704,-1.0,2.338,66.2739,3.6959,72.3093,-1,0.0, -> [background only]
frame_001705,-1.0,1.5345,69.6473,3.7996,74.9826,-1,0.0, -> [background only]
frame_001706,-1.0,2.7082,65.8381,3.9896,72.537,-1,0.0, -> [background only]
frame_001707,-1.0,2.1216,65.752,4.0145,71.8894,-1,0.0, -> [background only]
frame_001708,-1.0,2.2339,65.2906,4.0965,71.6223,-1,0.0, -> [background only]
frame_001709,-1.0,2.4832,64.7225,4.1517,71.3592,-1,0.0, -> [background only]
frame_001710,-1.0,2.8334,68.9985,3.894,75.7278,-1,0.0, -> [background only]
frame_001711,-1.0,2.7466,66.0252,4.0491,72.8225,-1,0.0, -> [background only]
frame_001712,-1.0,2.178,67.9722,4.0802,74.2315,-1,0.0, -> [background only]
frame_001713,-1.0,3.9602,66.9963,4.0459,75.0043,-1,0.0, -> [background only]
frame_001714,-1.0,2.8966,65.14,4.1477,72.1857,-1,0.0, -> [background only]
frame_001715,-1.0,2.9204,66.4979,3.9407,73.3603,-1,0.0, -> [background only]
frame_001716,-1.0,2.4802,65.5893,4.0853,72.1563,-1,0.0, -> [background only]
frame_001717,-1.0,2.3372,66.9223,4.0957,73.3565,-1,0.0, -> [background only]
frame_001718,-1.0,2.138,66.9612,3.9167,73.0171,-1,0.0, -> [background only]
frame_001719,-1.0,2.1293,64.9284,4.061,71.1199,-1,0.0, -> [background only]
frame_001720,-1.0,2.3703,65.1454,3.9789,71.4956,-1,0.0, -> [background only]
frame_001721,-1.0,1.8295,63.436,3.9704,69.2368,-1,0.0, -> [background only]
frame_001722,-1.0,1.44,64.3693,4.0392,69.8496,-1,0.0, -> [background only]
frame_001723,-1.0,1.1389,64.525,4.1427,69.8077,-1,0.0, -> [background only]
frame_001724,-1.0,3.1204,66.3752,4.0503,73.5486,-1,0.0, -> [background only]
frame_001725,-1.0,2.8313,65.8121,4.1198,72.7646,-1,0.0, -> [background only]
frame_001726,-1.0,2.3179,67.9506,3.8928,74.1623,-1,0.0, -> [background only]
frame_001727,-1.0,2.3656,66.7704,3.9975,73.1347,-1,0.0, -> [background only]
frame_001728,-1.0,2.206,69.3585,4.0869,75.653,-1,0.0, -> [background only]
frame_001729,-1.0,3.005,67.0339,4.0264,74.0672,-1,0.0, -> [background only]
frame_001730,-1.0,2.2658,66.9819,4.0612,73.3103,-1,0.0, -> [background only]
frame_001731,-1.0,2.3482,66.9921,4.0662,73.4082,-1,0.0, -> [background only]
frame_001732,-1.0,2.4536,65.2029,3.9719,71.6306,-1,0.0, -> [background only]
frame_001733,-1.0,2.3384,66.2769,4.2135,72.8305,-1,0.0, -> [background only]
frame_001734,-1.0,2.4189,68.1938,3.9781,74.5921,-1,0.0, -> [background only]
frame_001735,-1.0,3.4487,66.7187,3.7474,73.9162,-1,0.0, -> [background only]
frame_001736,-1.0,2.3034,66.605,4.0,72.9096,-1,0.0, -> [background only]
frame_001737,-1.0,3.2717,65.8162,4.0868,73.1756,-1,0.0, -> [background only]
frame_001738,-1.0,1.9058,64.8681,3.9014,70.6762,-1,0.0, -> [background only]
frame_001739,-1.0,2.5104,66.7181,4.1797,73.4099,-1,0.0, -> [background only]
frame_001740,-1.0,2.7746,68.9783,3.9277,75.682,-1,0.0, -> [background only]
frame_001741,-1.0,2.2611,67.8213,4.163,74.2478,-1,0.0, -> [background only]
frame_001742,-1.0,2.2553,67.4242,3.9952,73.6758,-1,0.0, -> [background only]
frame_001743,-1.0,2.0427,66.1714,3.9504,72.1656,-1,0.0, -> [background only]
frame_001744,-1.0,3.0888,66.0046,4.0906,73.1853,-1,0.0, -> [background only]
frame_001745,-1.0,2.8061,66.7757,4.0504,73.6332,-1,0.0, -> [background only]
frame_001746,-1.0,2.6916,64.6981,4.0693,71.4609,-1,0.0, -> [background only]
frame_001747,-1.0,2.1348,66.6431,4.023,72.802,-1,0.0, -> [background only]
frame_001748,-1.0,2.3625,66.6338,3.9054,72.9027,-1,0.0, -> [background only]
frame_001749,-1.0,1.7932,66.8702,4.1864,72.8516,-1,0.0, -> [background only]
frame_001750,-1.0,2.1543,65.9654,4.0873,72.2084,-1,0.0, -> [background only]
frame_001751,-1.0,2.6609,68.2958,4.0039,74.9618,-1,0.0, -> [background only]
frame_001752,-1.0,2.2249,65.782,4.0839,72.0921,-1,0.0, -> [background only]
frame_001753,-1.0,1.9918,67.4483,4.018,73.4596,-1,0.0, -> [background only]
frame_001754,-1.0,1.3586,61.7057,6.4285,69.4945,-1,0.0, -> [background only]
frame_001755,-1.0,3.0434,66.1563,4.0534,73.2546,-1,0.0, -> [background only]
frame_001756,-1.0,2.5052,66.2359,3.975,72.7174,-1,0.0, -> [background only]
frame_001757,-1.0,2.2899,65.2697,3.9517,71.5123,-1,0.0, -> [background only]
frame_001758,-1.0,1.9862,65.5533,4.0036,71.5446,-1,0.0, -> [background only]
frame_001759,-1.0,2.3102,64.6593,3.9867,70.9571,-1,0.0, -> [background only]
frame_001760,-1.0,2.0265,66.5915,3.8904,72.5096,-1,0.0, -> [background only]
frame_001761,-1.0,2.4819,66.6492,4.0816,73.214,-1,0.0, -> [background only]
frame_001762,-1.0,2.2032,67.2749,4.0511,73.5308,-1,0.0, -> [background only]
frame_001763,-1.0,2.3654,65.3346,4.162,71.8631,-1,0.0, -> [background only]
frame_001764,-1.0,2.3348,68.2829,3.9582,74.5767,-1,0.0, -> [background only]
frame_001765,-1.0,1.5267,64.1563,4.1523,69.8367,-1,0.0, -> [background only]
frame_001766,-1.0,1.471,68.2161,4.0986,73.7872,-1,0.0, -> [background only]
frame_001767,-1.0,2.9197,66.2646,3.9905,73.1762,-1,0.0, -> [background only]
frame_001768,-1.0,2.0105,66.3682,3.9203,72.3011,-1,0.0, -> [background only]
frame_001769,-1.0,1.889,63.0887,3.9579,68.9368,-1,0.0, -> [background only]
frame_001770,-1.0,1.0778,64.0093,6.7824,71.8711,-1,0.0, -> [background only]
frame_001771,-1.0,2.3198,64.2118,3.964,70.4965,-1,0.0, -> [background only]
frame_001772,-1.0,2.6816,69.6318,3.9402,76.255,-1,0.0, -> [background only]
frame_001773,-1.0,2.384,65.1674,3.8003,71.3533,-1,0.0, -> [background only]
frame_001774,-1.0,2.7037,65.9132,4.069,72.6872,-1,0.0, -> [background only]
frame_001775,-1.0,2.4281,68.5032,3.9545,74.8876,-1,0.0, -> [background only]
frame_001776,-1.0,2.4159,66.4612,3.8737,72.7518,-1,0.0, -> [background only]
frame_001777,-1.0,2.0821,66.5431,4.0858,72.713,-1,0.0, -> [background only]
frame_001778,-1.0,2.6248,68.1221,4.2412,74.9894,-1,0.0, -> [background only]
frame_001779,-1.0,3.2383,67.1421,4.0249,74.4063,-1,0.0, -> [background only]
frame_001780,-1.0,1.3747,64.822,3.8974,70.0954,-1,0.0, -> [background only]
frame_001781,-1.0,1.0913,64.3914,3.9167,69.4006,-1,0.0, -> [background only]
frame_001782,-1.0,1.1354,67.1183,4.0261,72.2813,-1,0.0, -> [background only]
frame_001783,-1.0,2.2076,65.7762,4.0991,72.0845,-1,0.0, -> [background only]
frame_001784,-1.0,2.7644,65.8776,3.9702,72.6137,-1,0.0, -> [background only]
frame_001785,-1.0,2.2332,66.1109,3.9562,72.3015,-1,0.0, -> [background only]
frame_001786,-1.0,2.1817,67.684,4.0007,73.8679,-1,0.0, -> [background only]
frame_001787,-1.0,2.3913,69.1009,3.968,75.4613,-1,0.0, -> [background only]
frame_001788,-1.0,1.9542,66.8194,3.8585,72.6331,-1,0.0, -> [background only]
frame_001789,-1.0,2.3018,65.7769,4.1171,72.198,-1,0.0, -> [background only]
frame_001790,-1.0,2.1677,69.2082,4.0402,75.4176,-1,0.0, -> [background only]
frame_001791,-1.0,2.3502,65.0701,4.0903,71.5118,-1,0.0, -> [background only]
frame_001792,-1.0,2.2898,65.8381,4.0745,72.2035,-1,0.0, -> [background only]
frame_001793,-1.0,2.8585,67.1075,4.0216,73.9893,-1,0.0, -> [background only]
frame_001794,-1.0,2.6489,65.2787,4.0082,71.937,-1,0.0, -> [background only]
frame_001795,-1.0,2.1753,68.8634,3.888,74.9278,-1,0.0, -> [background only]
frame_001796,-1.0,2.2776,69.6636,4.1316,76.0742,-1,0.0, -> [background only]
frame_001797,-1.0,2.0357,65.672,4.0018,71.7113,-1,0.0, -> [background only]
frame_001798,-1.0,1.3417,66.9768,6.7168,75.0364,-1,0.0, -> [background only]
frame_001799,-1.0,3.099,65.45,3.9705,72.521,-1,0.0, -> [background only]
frame_001800,-1.0,2.9225,65.1882,3.9557,72.0676,-1,0.0, -> [background only]
frame_001801,-1.0,1.8756,66.3635,4.1113,72.352,-1,0.0, -> [background only]
frame_001802,-1.0,2.6851,65.6755,3.9427,72.3045,-1,0.0, -> [background only]
frame_001803,-1.0,2.1443,66.7581,4.009,72.9122,-1,0.0, -> [background only]
frame_001804,-1.0,2.0422,64.7472,4.0023,70.7926,-1,0.0, -> [background only]
frame_001805,-1.0,2.0386,64.4049,3.9787,70.4234,-1,0.0, -> [background only]
frame_001806,-1.0,2.257,66.1241,4.0219,72.4041,-1,0.0, -> [background only]
frame_001807,-1.0,2.5967,68.8053,4.0794,75.4836,-1,0.0, -> [background only]
frame_001808,-1.0,3.1073,67.3282,3.912,74.3491,-1,0.0, -> [background only]
frame_001809,-1.0,2.3158,67.3592,4.1121,73.7886,-1,0.0, -> [background only]
frame_001810,-1.0,2.5496,66.3537,4.1342,73.0397,-1,0.0, -> [background only]
frame_001811,-1.0,2.5254,66.9011,3.9994,73.4281,-1,0.0, -> [background only]
frame_001812,-1.0,2.0282,66.0382,4.0123,72.0802,-1,0.0, -> [background only]
frame_001813,-1.0,2.026,65.9603,4.0516,72.0388,-1,0.0, -> [background only]
frame_001814,-1.0,2.2822,65.6899,4.0473,72.0205,-1,0.0, -> [background only]
frame_001815,-1.0,1.8931,67.3127,4.0818,73.2894,-1,0.0, -> [background only]
frame_001816,-1.0,1.3478,68.4229,3.9982,73.7704,-1,0.0, -> [background only]
frame_001817,-1.0,3.461,68.3601,4.0406,75.863,-1,0.0, -> [background only]
frame_001818,-1.0,3.2261,66.4725,3.966,73.6658,-1,0.0, -> [background only]
frame_001819,-1.0,1.9873,63.9826,4.0424,70.0138,-1,0.0, -> [background only]
frame_001820,-1.0,1.9951,64.7572,4.0227,70.7768,-1,0.0, -> [background only]
frame_001821,-1.0,2.4067,65.7855,3.9423,72.1358,-1,0.0, -> [background only]
frame_001822,-1.0,1.9892,65.1977,4.0007,71.1891,-1,0.0, -> [background only]
frame_001823,-1.0,2.1766,64.6033,4.0143,70.7954,-1,0.0, -> [background only]
frame_001824,-1.0,2.3157,65.5632,4.1067,71.9871,-1,0.0, -> [background only]
frame_001825,-1.0,2.4499,64.9862,3.9619,71.3992,-1,0.0, -> [background only]
frame_001826,-1.0,2.3957,66.9145,3.8902,73.2018,-1,0.0, -> [background only]
frame_001827,-1.0,1.9473,67.1974,4.1094,73.2552,-1,0.0, -> [background only]
frame_001828,-1.0,2.6521,67.1243,3.9849,73.7623,-1,0.0, -> [background only]
frame_001829,-1.0,2.4304,64.4592,4.2017,71.0929,-1,0.0, -> [background only]
frame_001830,-1.0,2.6005,68.7256,4.0681,75.3954,-1,0.0, -> [background only]
frame_001831,-1.0,2.9171,65.0098,4.1063,72.0349,-1,0.0, -> [background only]
frame_001832,-1.0,2.6224,65.3696,4.0156,72.0086,-1,0.0, -> [background only]
frame_001833,-1.0,2.2358,65.9787,4.0497,72.2659,-1,0.0, -> [background only]
frame_001834,-1.0,2.5424,67.5199,3.9611,74.0254,-1,0.0, -> [background only]
frame_001835,-1.0,2.1527,69.9283,4.1416,76.2246,-1,0.0, -> [background only]
frame_001836,-1.0,2.7895,68.3786,4.0206,75.1911,-1,0.0, -> [background only]
frame_001837,-1.0,1.996,67.2948,5.2336,74.5262,-1,0.0, -> [background only]
frame_001838,-1.0,3.0991,63.6011,3.9372,70.639,-1,0.0, -> [background only]
frame_001839,-1.0,2.7136,65.4372,3.844,71.9964,-1,0.0, -> [background only]
frame_001840,-1.0,2.4846,64.575,4.0799,71.1409,-1,0.0, -> [background only]
frame_001841,-1.0,1.973,65.309,4.0363,71.3195,-1,0.0, -> [background only]
frame_001842,-1.0,2.4699,64.2986,3.9756,70.7454,-1,0.0, -> [background only]
frame_001843,-1.0,1.9577,66.0693,4.244,72.2726,-1,0.0, -> [background only]
frame_001844,-1.0,2.3395,63.9231,3.9856,70.2497,-1,0.0, -> [background only]
frame_001845,-1.0,2.6867,65.9787,3.992,72.6588,-1,0.0, -> [background only]
frame_001846,-1.0,2.4492,66.2459,4.0321,72.7288,-1,0.0, -> [background only]
frame_001847,-1.0,2.7266,64.1877,3.9958,70.9115,-1,0.0, -> [background only]
frame_001848,-1.0,2.0297,65.3354,4.0257,71.392,-1,0.0, -> [background only]
frame_001849,-1.0,2.6437,71.706,4.064,78.4162,-1,0.0, -> [background only]
frame_001850,-1.0,1.9551,66.7694,3.9943,72.7202,-1,0.0, -> [background only]
frame_001851,-1.0,2.6807,66.6076,4.0828,73.3726,-1,0.0, -> [background only]
frame_001852,-1.0,2.2546,65.4477,4.0,71.7034,-1,0.0, -> [background only]
frame_001853,-1.0,2.4688,65.9462,4.0619,72.478,-1,0.0, -> [background only]
frame_001854,-1.0,1.7975,65.0098,4.0657,70.8743,-1,0.0, -> [background only]
frame_001855,-1.0,1.8729,66.714,4.0205,72.6086,-1,0.0, -> [background only]
frame_001856,-1.0,2.4321,66.9496,4.0652,73.4483,-1,0.0, -> [background only]
frame_001857,-1.0,2.5529,67.3562,3.9562,73.8668,-1,0.0, -> [background only]
frame_001858,-1.0,2.3856,68.1317,4.037,74.5561,-1,0.0, -> [background only]
frame_001859,-1.0,4.8556,67.4761,4.0804,76.4141,-1,0.0, -> [background only]
frame_001860,-1.0,2.9588,67.4508,4.0611,74.4715,-1,0.0, -> [background only]
frame_001861,-1.0,2.9707,63.9789,4.2139,71.1645,-1,0.0, -> [background only]
frame_001862,-1.0,2.6789,66.6212,4.044,73.3458,-1,0.0, -> [background only]
frame_001863,-1.0,2.4464,65.9358,4.2284,72.6119,-1,0.0, -> [background only]
frame_001864,-1.0,1.6595,68.8418,3.9264,74.4288,-1,0.0, -> [background only]
frame_001865,-1.0,2.1279,67.8084,3.8847,73.8224,-1,0.0, -> [background only]
frame_001866,-1.0,1.5086,63.4209,3.8898,68.8208,-1,0.0, -> [background only]
frame_001867,-1.0,1.1064,64.953,4.056,70.1173,-1,0.0, -> [background only]
frame_001868,-1.0,1.6088,65.4428,3.9443,70.9977,-1,0.0, -> [background only]
frame_001869,-1.0,1.0123,62.6296,7.3853,71.0287,-1,0.0, -> [background only]
frame_001870,-1.0,2.9952,68.8931,3.8028,75.693,-1,0.0, -> [background only]
frame_001871,-1.0,2.6099,67.1776,3.9067,73.6958,-1,0.0, -> [background only]
frame_001872,-1.0,2.3831,65.1643,3.9711,71.5196,-1,0.0, -> [background only]
frame_001873,-1.0,2.0256,66.2879,4.0595,72.3747,-1,0.0, -> [background only]
frame_001874,-1.0,2.3018,64.5568,4.0297,70.8895,-1,0.0, -> [background only]
frame_001875,-1.0,1.8776,65.2262,3.9066,71.0116,-1,0.0, -> [background only]
frame_001876,-1.0,1.0168,63.7815,4.0005,68.8007,-1,0.0, -> [background only]
frame_001877,-1.0,1.0703,64.2961,3.9907,69.3583,-1,0.0, -> [background only]
frame_001878,-1.0,2.635,64.7136,4.016,71.3662,-1,0.0, -> [background only]
frame_001879,-1.0,2.5678,65.9525,3.9588,72.4805,-1,0.0, -> [background only]
frame_001880,-1.0,3.0282,68.6999,4.0125,75.7429,-1,0.0, -> [background only]
frame_001881,-1.0,2.7274,66.4007,4.2194,73.3488,-1,0.0, -> [background only]
frame_001882,-1.0,2.5958,67.3274,4.0744,73.9992,-1,0.0, -> [background only]
frame_001883,-1.0,4.5603,67.5407,4.0384,76.141,-1,0.0, -> [background only]
frame_001884,-1.0,3.1752,67.9352,3.8646,74.9762,-1,0.0, -> [background only]
frame_001885,-1.0,2.5063,65.3615,3.9281,71.7969,-1,0.0, -> [background only]
frame_001886,-1.0,2.3753,65.5888,4.0426,72.0079,-1,0.0, -> [background only]
frame_001887,-1.0,1.9976,66.8895,3.7613,72.6497,-1,0.0, -> [background only]
frame_001888,-1.0,1.2482,63.2143,3.9134,68.3776,-1,0.0, -> [background only]
frame_001889,-1.0,1.1106,66.8991,4.1042,72.1156,-1,0.0, -> [background only]
frame_001890,-1.0,2.8876,67.743,4.1108,74.7434,-1,0.0, -> [background only]
frame_001891,-1.0,2.2561,66.1491,3.9342,72.3406,-1,0.0, -> [background only]
frame_001892,-1.0,2.0581,65.3522,4.1379,71.5497,-1,0.0, -> [background only]
frame_001893,-1.0,2.0084,65.8426,3.9847,71.837,-1,0.0, -> [background only]
frame_001894,-1.0,3.0064,66.9465,3.9724,73.9266,-1,0.0, -> [background only]
frame_001895,-1.0,2.0133,66.9564,4.1176,73.0888,-1,0.0, -> [background only]
frame_001896,-1.0,2.7248,65.2457,4.0504,72.0231,-1,0.0, -> [background only]
frame_001897,-1.0,2.3449,66.523,4.0617,72.9313,-1,0.0, -> [background only]
frame_001898,-1.0,2.2902,67.6042,4.133,74.0291,-1,0.0, -> [background only]
frame_001899,-1.0,2.7307,69.5324,4.0453,76.3102,-1,0.0, -> [background only]
frame_001900,-1.0,2.5716,66.2209,4.0232,72.8176,-1,0.0, -> [background only]
frame_001901,-1.0,2.5508,68.9044,4.0249,75.4818,-1,0.0, -> [background only]
frame_001902,-1.0,2.3891,66.3538,4.1027,72.8473,-1,0.0, -> [background only]
frame_001903,-1.0,2.7632,63.494,3.9713,70.2299,-1,0.0, -> [background only]
frame_001904,-1.0,2.793,65.3613,4.0411,72.1965,-1,0.0, -> [background only]
frame_001905,-1.0,3.0375,66.5861,4.0091,73.6335,-1,0.0, -> [background only]
frame_001906,-1.0,2.967,65.2136,4.0006,72.1823,-1,0.0, -> [background only]
frame_001907,-1.0,2.3328,65.9566,3.9997,72.2902,-1,0.0, -> [background only]
frame_001908,-1.0,2.5837,66.4067,3.9315,72.9227,-1,0.0, -> [background only]
frame_001909,-1.0,1.8691,66.7536,4.101,72.7248,-1,0.0, -> [background only]
frame_001910,-1.0,2.6262,64.5994,4.1227,71.3495,-1,0.0, -> [background only]
frame_001911,-1.0,2.0417,65.7097,3.888,71.6409,-1,0.0, -> [background only]
frame_001912,-1.0,1.9599,65.2273,3.9554,71.1439,-1,0.0, -> [background only]
frame_001913,-1.0,2.2834,65.7356,3.9418,71.9622,-1,0.0, -> [background only]
frame_001914,-1.0,2.0213,66.2487,4.0226,72.294,-1,0.0, -> [background only]
frame_001915,-1.0,1.9641,66.0809,3.732,71.7789,-1,0.0, -> [background only]
frame_001916,-1.0,1.4198,68.3142,3.8798,73.615,-1,0.0, -> [background only]
frame_001917,-1.0,2.2467,67.5768,3.969,73.7938,-1,0.0, -> [background only]
frame_001918,-1.0,2.4171,67.4791,3.9912,73.889,-1,0.0, -> [background only]
frame_001919,-1.0,2.452,65.1674,4.0854,71.7062,-1,0.0, -> [background only]
frame_001920,-1.0,2.0141,64.8866,3.9662,70.8682,-1,0.0, -> [background only]
frame_001921,-1.0,2.0575,65.5706,3.9552,71.5855,-1,0.0, -> [background only]
frame_001922,-1.0,2.3433,66.6925,4.0205,73.0589,-1,0.0, -> [background only]
frame_001923,-1.0,2.3425,67.6541,3.9793,73.9769,-1,0.0, -> [background only]
frame_001924,-1.0,1.8324,67.4961,3.9747,73.3044,-1,0.0, -> [background only]
frame_001925,-1.0,2.4633,67.4984,3.9822,73.9453,-1,0.0, -> [background only]
frame_001926,-1.0,2.8385,68.3724,4.0823,75.2947,-1,0.0, -> [background only]
frame_001927,-1.0,1.4016,63.795,4.0874,69.2859,-1,0.0, -> [background only]
frame_001928,-1.0,3.0713,66.0465,3.9802,73.0991,-1,0.0, -> [background only]
frame_001929,-1.0,2.0172,64.692,3.9986,70.7087,-1,0.0, -> [background only]
frame_001930,-1.0,1.8242,65.6261,3.966,71.4176,-1,0.0, -> [background only]
frame_001931,-1.0,1.902,65.8623,3.9286,71.694,-1,0.0, -> [background only]
frame_001932,-1.0,2.4062,67.3534,4.0861,73.8474,-1,0.0, -> [background only]
frame_001933,-1.0,2.352,66.5638,4.1048,73.0216,-1,0.0, -> [background only]
frame_001934,-1.0,2.4106,64.7656,4.0818,71.2596,-1,0.0, -> [background only]
frame_001935,-1.0,2.2112,66.2651,4.0324,72.5103,-1,0.0, -> [background only]
frame_001936,-1.0,2.1778,66.1674,4.0183,72.3648,-1,0.0, -> [background only]
frame_001937,-1.0,2.4184,65.8248,3.8142,72.0591,-1,0.0, -> [background only]
frame_001938,-1.0,2.4388,65.2774,4.0302,71.7479,-1,0.0, -> [background only]
frame_001939,-1.0,2.0438,65.3029,4.6162,71.9643,-1,0.0, -> [background only]
frame_001940,-1.0,3.0613,66.018,4.0696,73.1503,-1,0.0, -> [background only]
frame_001941,-1.0,2.4245,68.3537,4.1342,74.9146,-1,0.0, -> [tvmonitor (Top): 5%]
frame_001942,-1.0,2.7199,64.7464,4.0244,71.4924,-1,0.0, -> [background only]
frame_001943,-1.0,2.2712,69.211,4.1838,75.6677,-1,0.0, -> [tvmonitor (Top): 3%]
frame_001944,-1.0,2.3373,67.8821,4.0834,74.3045,-1,0.0, -> [background only]
frame_001945,-1.0,2.0987,63.9123,3.9908,70.0034,-1,0.0, -> [background only]
frame_001946,-1.0,1.9678,67.5042,4.1503,73.6243,-1,0.0, -> [background only]
frame_001947,-1.0,2.4189,66.3124,4.0582,72.7909,-1,0.0, -> [background only]
frame_001948,-1.0,2.3534,66.8926,3.9385,73.1856,-1,0.0, -> [background only]
frame_001949,-1.0,3.7676,68.7185,3.9249,76.4124,-1,0.0, -> [background only]
frame_001950,-1.0,2.9207,64.6021,4.1236,71.648,-1,0.0, -> [background only]
frame_001951,-1.0,2.5661,65.2435,3.9444,71.7551,-1,0.0, -> [background only]
frame_001952,-1.0,2.1535,66.2648,4.032,72.4512,-1,0.0, -> [background only]
frame_001953,-1.0,2.1053,63.8499,3.9747,69.931,-1,0.0, -> [background only]
frame_001954,-1.0,1.9784,65.5197,3.9592,71.4583,-1,0.0, -> [background only]
frame_001955,-1.0,2.355,66.6229,4.1214,73.1007,-1,0.0, -> [background only]
frame_001956,-1.0,2.5653,67.8176,3.9255,74.3096,-1,0.0, -> [background only]
frame_001957,-1.0,2.4083,68.1073,3.9918,74.5087,-1,0.0, -> [background only]
frame_001958,-1.0,2.0499,65.481,3.8587,71.3911,-1,0.0, -> [background only]
frame_001959,-1.0,2.5095,67.2808,3.9766,73.7682,-1,0.0, -> [background only]
frame_001960,-1.0,2.4095,66.4217,3.9227,72.7549,-1,0.0, -> [background only]
frame_001961,-1.0,2.0116,67.4989,4.085,73.5971,-1,0.0, -> [background only]
frame_001962,-1.0,2.388,66.6903,4.0765,73.1564,-1,0.0, -> [background only]
frame_001963,-1.0,2.4786,66.0887,4.0677,72.6364,-1,0.0, -> [background only]
frame_001964,-1.0,2.8387,68.1387,4.0006,74.9796,-1,0.0, -> [background only]
frame_001965,-1.0,2.4758,66.4503,4.0428,72.97,-1,0.0, -> [background only]
frame_001966,-1.0,1.874,66.8549,4.1199,72.8504,-1,0.0, -> [background only]
frame_001967,-1.0,2.832,66.0526,3.9344,72.82,-1,0.0, -> [background only]
frame_001968,-1.0,1.9989,66.4637,3.9158,72.3797,-1,0.0, -> [background only]
frame_001969,-1.0,4.8547,67.9119,5.1363,77.9056,-1,0.0, -> [chair (Right): 2%]
frame_001970,-1.0,2.9866,66.4766,4.0756,73.5399,-1,0.0, -> [chair (Right): 2%]
frame_001971,-1.0,2.8398,66.0666,4.4103,73.3183,-1,0.0, -> [chair (Right): 2%]
frame_001972,-1.0,3.0419,65.5656,4.1738,72.7826,-1,0.0, -> [chair (Right): 3%]
frame_001973,-1.0,2.5171,67.157,4.0983,73.7739,-1,0.0, -> [chair (Right): 1%]
frame_001974,-1.0,2.2159,66.8468,4.2356,73.2996,-1,0.0, -> [chair (Right): 8%]
frame_001975,-1.0,2.4099,67.9138,4.2786,74.6041,-1,0.0, -> [chair (Right): 8%]
frame_001976,-1.0,2.7509,68.1855,3.9424,74.8804,-1,0.0, -> [chair (Right): 9%]
frame_001977,-1.0,2.4171,65.5087,4.294,72.2222,-1,0.0, -> [chair (Right): 12%]
frame_001978,-1.0,2.3534,66.1926,4.1978,72.7451,-1,0.0, -> [chair (Right): 12%]
frame_001979,-1.0,2.659,65.1284,4.2676,72.0565,-1,0.0, -> [chair (Center): 10%]
frame_001980,-1.0,2.2158,65.6153,4.1765,72.0093,-1,0.0, -> [chair (Center): 9%]
frame_001981,-1.0,2.3405,67.1755,4.1512,73.6682,-1,0.0, -> [chair (Center): 9%]
frame_001982,-1.0,1.9895,66.1816,4.3513,72.5244,-1,0.0," -> [chair (Center): 9%, tvmonitor (Top-Right): 2%]"
frame_001983,-1.0,2.3422,65.6818,4.2683,72.294,-1,0.0," -> [chair (Center): 11%, tvmonitor (Top-Right): 1%]"
frame_001984,-1.0,2.0651,68.4289,4.2088,74.7042,-1,0.0, -> [chair (Center): 8%]
frame_001985,-1.0,2.3704,66.5508,4.2921,73.2143,-1,0.0, -> [chair (Center): 8%]
frame_001986,-1.0,2.4658,68.9037,4.2434,75.6141,-1,0.0, -> [chair (Center): 9%]
frame_001987,-1.0,4.3638,66.945,4.118,75.4277,-1,0.0, -> [chair (Left): 9%]
frame_001988,-1.0,3.1833,65.3974,4.0706,72.6521,-1,0.0, -> [chair (Left): 6%]
frame_001989,-1.0,2.6426,64.4268,4.2878,71.3581,-1,0.0," -> [chair (Left): 6%, tvmonitor (Top): 2%]"
frame_001990,-1.0,2.0212,65.2052,3.99,71.2172,-1,0.0, -> [chair (Left): 3%]
frame_001991,-1.0,2.3159,65.6134,4.5322,72.463,-1,0.0, -> [chair (Left): 2%]
frame_001992,-1.0,3.5144,66.6244,4.0942,74.2342,-1,0.0, -> [chair (Left): 2%]
frame_001993,-1.0,2.2537,66.2617,3.8966,72.4133,-1,0.0, -> [background only]
frame_001994,-1.0,1.9005,66.3619,4.2562,72.5202,-1,0.0, -> [chair (Left): 2%]
frame_001995,-1.0,2.3917,63.8515,3.9483,70.1931,-1,0.0, -> [background only]
frame_001996,-1.0,1.9906,65.1887,4.0156,71.1964,-1,0.0, -> [background only]
frame_001997,-1.0,1.9691,67.568,4.0837,73.6223,-1,0.0, -> [background only]
frame_001998,-1.0,2.4758,66.1171,4.1278,72.722,-1,0.0, -> [background only]
frame_001999,-1.0,2.5459,68.3749,3.8677,74.7899,-1,0.0, -> [background only]
frame_002000,-1.0,2.3581,67.4528,4.0112,73.8237,-1,0.0, -> [background only]
frame_002001,-1.0,2.732,65.5528,4.0874,72.3733,-1,0.0, -> [background only]
frame_002002,-1.0,2.4293,65.3883,4.0061,71.8256,-1,0.0, -> [background only]
frame_002003,-1.0,2.1031,64.7515,4.1012,70.9571,-1,0.0, -> [car (Bottom-Right): 1%]
frame_002004,-1.0,2.3923,65.2754,4.1622,71.8318,-1,0.0, -> [background only]
frame_002005,-1.0,2.5079,67.4483,4.0121,73.9703,-1,0.0, -> [background only]
frame_002006,-1.0,2.4738,67.6368,4.1552,74.2671,-1,0.0, -> [background only]
frame_002007,-1.0,2.5287,65.3503,4.0839,71.9641,-1,0.0, -> [car (Bottom-Right): 1%]
frame_002008,-1.0,2.1851,65.9219,4.2024,72.3105,-1,0.0," -> [car (Right): 1%, chair (Center): 1%]"
frame_002009,-1.0,4.0882,65.6635,4.1091,73.8624,-1,0.0," -> [car (Right): 1%, chair (Center): 1%]"
frame_002010,-1.0,2.0191,69.1732,4.3073,75.5008,-1,0.0, -> [car (Bottom-Right): 1%]
frame_002011,-1.0,3.1088,67.3509,4.4607,74.922,-1,0.0," -> [car (Right): 1%, chair (Center): 1%]"
frame_002012,-1.0,2.9242,64.5475,4.1787,71.6518,-1,0.0," -> [car (Right): 1%, chair (Center): 1%]"
frame_002013,-1.0,1.9553,66.0761,4.1306,72.1633,-1,0.0," -> [car (Right): 1%, chair (Center): 2%]"
frame_002014,-1.0,2.0071,64.6445,4.2707,70.9235,-1,0.0," -> [car (Bottom-Right): 1%, chair (Center): 2%]"
frame_002015,-1.0,2.1974,65.4851,4.2282,71.9115,-1,0.0, -> [chair (Left): 2%]
frame_002016,-1.0,2.3759,67.2162,4.2999,73.8939,-1,0.0," -> [car (Bottom-Right): 1%, chair (Left): 1%]"
frame_002017,-1.0,2.6338,66.785,4.1542,73.5744,-1,0.0," -> [car (Bottom-Right): 1%, chair (Left): 2%]"
frame_002018,-1.0,2.8952,67.4114,4.2111,74.5194,-1,0.0," -> [car (Bottom-Right): 1%, chair (Left): 2%]"
frame_002019,-1.0,1.9924,66.0012,4.2581,72.253,-1,0.0, -> [chair (Left): 3%]
frame_002020,-1.0,2.8148,66.2683,4.5161,73.6006,-1,0.0," -> [car (Bottom-Right): 1%, chair (Left): 1%]"
frame_002021,-1.0,2.8095,67.3318,4.2944,74.4371,-1,0.0," -> [car (Bottom-Right): 1%, chair (Left): 2%]"
frame_002022,-1.0,2.0173,67.153,4.1838,73.356,-1,0.0, -> [chair (Left): 2%]
frame_002023,-1.0,1.6827,63.1536,4.3512,69.1888,-1,0.0," -> [car (Bottom-Right): 1%, chair (Left): 2%]"
frame_002024,-1.0,1.3949,67.3942,4.3293,73.1198,-1,0.0," -> [car (Bottom-Right): 1%, chair (Left): 2%]"
frame_002025,-1.0,2.425,65.6656,4.4492,72.5413,-1,0.0," -> [car (Right): 1%, chair (Left): 3%]"
frame_002026,-1.0,2.7198,65.4653,4.2422,72.4295,-1,0.0," -> [car (Right): 1%, chair (Left): 2%]"
frame_002027,-1.0,2.2255,68.2317,4.3101,74.7695,-1,0.0," -> [car (Right): 1%, chair (Left): 2%]"
frame_002028,-1.0,2.7175,68.6061,4.2156,75.5412,-1,0.0, -> [chair (Left): 2%]
frame_002029,-1.0,3.877,66.0608,4.2208,74.16,-1,0.0, -> [chair (Left): 2%]
frame_002030,-1.0,2.839,66.1971,4.2943,73.332,-1,0.0," -> [car (Bottom-Right): 1%, chair (Left): 2%]"
frame_002031,-1.0,2.6903,67.3457,4.0341,74.0716,-1,0.0, -> [car (Bottom-Right): 1%]
frame_002032,-1.0,2.1034,65.1453,4.3586,71.6088,-1,0.0, -> [chair (Left): 2%]
frame_002033,-1.0,3.0718,65.9459,4.2052,73.2242,-1,0.0," -> [car (Bottom-Right): 1%, chair (Left): 1%]"
frame_002034,-1.0,2.3527,65.7895,4.1137,72.257,-1,0.0, -> [chair (Left): 2%]
frame_002035,-1.0,2.0801,66.3099,4.2572,72.6483,-1,0.0, -> [chair (Left): 2%]
frame_002036,-1.0,2.2652,67.2483,4.3683,73.8826,-1,0.0," -> [car (Bottom-Right): 1%, chair (Left): 2%]"
frame_002037,-1.0,2.4469,67.7092,4.3062,74.4632,-1,0.0," -> [car (Bottom-Right): 1%, chair (Left): 3%]"
frame_002038,-1.0,2.8368,66.1379,4.3104,73.2866,-1,0.0," -> [car (Bottom-Right): 1%, chair (Left): 3%]"
frame_002039,-1.0,2.2349,68.1523,4.2408,74.6299,-1,0.0, -> [chair (Left): 3%]
frame_002040,-1.0,2.2761,65.2062,4.1982,71.6816,-1,0.0, -> [car (Bottom-Right): 1%]
frame_002041,-1.0,3.0066,67.6973,4.0181,74.7233,-1,0.0, -> [background only]
frame_002042,-1.0,2.4498,67.0837,4.0255,73.5611,-1,0.0, -> [background only]
frame_002043,-1.0,2.5159,64.8028,4.2157,71.5354,-1,0.0, -> [chair (Left): 3%]
frame_002044,-1.0,2.8547,66.7057,4.3012,73.8628,-1,0.0, -> [chair (Left): 4%]
frame_002045,-1.0,3.2064,66.5047,4.1633,73.8764,-1,0.0, -> [chair (Left): 5%]
frame_002046,-1.0,2.0908,67.6349,4.106,73.8327,-1,0.0, -> [chair (Left): 2%]
frame_002047,-1.0,2.7997,66.9772,4.3397,74.1186,-1,0.0," -> [car (Bottom-Right): 1%, chair (Left): 3%]"
frame_002048,-1.0,3.1013,66.7338,4.1596,73.9964,-1,0.0, -> [chair (Left): 7%]
frame_002049,-1.0,2.5546,64.5121,4.1014,71.169,-1,0.0, -> [chair (Left): 4%]
frame_002050,-1.0,1.9947,65.86,4.0396,71.8956,-1,0.0, -> [chair (Left): 4%]
frame_002051,-1.0,2.4152,66.3206,4.3741,73.1113,-1,0.0," -> [chair (Left): 3%, tvmonitor (Top): 1%]"
frame_002052,-1.0,1.8707,66.5448,4.287,72.7041,-1,0.0," -> [chair (Left): 5%, tvmonitor (Top-Left): 1%]"
frame_002053,-1.0,2.0942,65.1108,4.2178,71.424,-1,0.0," -> [chair (Left): 6%, tvmonitor (Top-Left): 1%]"
frame_002054,-1.0,2.0264,65.1822,4.2986,71.5082,-1,0.0," -> [chair (Left): 4%, tvmonitor (Top-Left): 1%]"
frame_002055,-1.0,1.5158,64.8438,4.2023,70.5629,-1,0.0," -> [chair (Left): 7%, tvmonitor (Top-Left): 1%]"
frame_002056,-1.0,1.6946,64.0828,4.1734,69.9521,-1,0.0," -> [chair (Left): 6%, tvmonitor (Top-Left): 1%]"
frame_002057,-1.0,1.033,70.2846,4.2637,75.5824,-1,0.0," -> [chair (Left): 8%, tvmonitor (Top-Left): 1%]"
frame_002058,-1.0,2.2981,65.8964,4.2506,72.4462,-1,0.0, -> [chair (Left): 7%]
frame_002059,-1.0,2.7956,66.4472,4.1781,73.4222,-1,0.0, -> [chair (Left): 9%]
frame_002060,-1.0,1.8325,66.0993,4.1631,72.096,-1,0.0, -> [chair (Left): 9%]
frame_002061,-1.0,1.0441,69.1258,4.2649,74.4357,-1,0.0, -> [chair (Left): 7%]
frame_002062,-1.0,2.5494,66.0505,4.0807,72.6816,-1,0.0, -> [chair (Left): 9%]
frame_002063,-1.0,2.6213,65.8892,4.2362,72.7481,-1,0.0," -> [chair (Left): 9%, tvmonitor (Top-Left): 1%]"
frame_002064,-1.0,2.8079,67.7721,4.3044,74.8863,-1,0.0, -> [chair (Left): 6%]
frame_002065,-1.0,2.6503,69.369,4.1812,76.2025,-1,0.0, -> [chair (Left): 3%]
frame_002066,-1.0,2.4159,67.9948,4.1746,74.5872,-1,0.0," -> [chair (Left): 3%, person (Left): 1%]"
frame_002067,-1.0,2.0331,69.5843,4.1908,75.8094,-1,0.0, -> [chair (Left): 3%]
frame_002068,-1.0,3.1524,67.0759,3.901,74.1304,-1,0.0, -> [background only]
frame_002069,-1.0,2.0093,64.8608,4.0803,70.9517,-1,0.0, -> [background only]
frame_002070,-1.0,2.7682,65.9739,3.9506,72.694,-1,0.0, -> [background only]
frame_002071,-1.0,2.0413,64.3433,3.9517,70.3375,-1,0.0, -> [background only]
frame_002072,-1.0,2.4092,66.6478,3.9161,72.9743,-1,0.0, -> [background only]
frame_002073,-1.0,2.005,65.8019,4.0752,71.8835,-1,0.0, -> [car (Bottom-Left): 3%]
frame_002074,-1.0,2.3657,66.1768,4.1224,72.6663,-1,0.0, -> [car (Bottom-Left): 2%]
frame_002075,-1.0,2.2515,66.8944,4.0757,73.2231,-1,0.0, -> [background only]
frame_002076,-1.0,1.5877,65.2878,4.1058,70.9825,-1,0.0, -> [background only]
frame_002077,-1.0,1.4116,67.7311,4.0344,73.1794,-1,0.0, -> [background only]
frame_002078,-1.0,2.0486,67.2422,3.9471,73.2388,-1,0.0, -> [background only]
frame_002079,-1.0,2.5083,67.2885,4.0186,73.8174,-1,0.0, -> [background only]
frame_002080,-1.0,2.7325,69.386,3.9869,76.1066,-1,0.0, -> [background only]
frame_002081,-1.0,2.4987,67.6498,4.0644,74.2144,-1,0.0, -> [background only]
frame_002082,-1.0,2.4049,66.6067,3.8783,72.8911,-1,0.0, -> [background only]
frame_002083,-1.0,2.349,66.4817,3.9614,72.7936,-1,0.0, -> [background only]
frame_002084,-1.0,1.5437,66.2202,3.9295,71.6946,-1,0.0, -> [background only]
frame_002085,-1.0,1.1189,65.8767,4.1825,71.1792,-1,0.0, -> [background only]
frame_002086,-1.0,1.5022,67.1101,3.9451,72.5586,-1,0.0, -> [background only]
frame_002087,-1.0,1.0992,69.0513,4.0614,74.2138,-1,0.0, -> [background only]
frame_002088,-1.0,4.0785,66.218,4.1109,74.4087,-1,0.0, -> [background only]
frame_002089,-1.0,2.3696,65.784,4.1041,72.2589,-1,0.0, -> [background only]
frame_002090,-1.0,2.6829,65.5674,3.9946,72.2461,-1,0.0, -> [background only]
frame_002091,-1.0,3.0038,64.1081,4.1783,71.2917,-1,0.0, -> [background only]
frame_002092,-1.0,2.3686,63.329,3.9189,69.6175,-1,0.0, -> [background only]
frame_002093,-1.0,1.9945,64.8721,4.1577,71.0256,-1,0.0, -> [background only]
frame_002094,-1.0,2.1961,66.0002,3.9656,72.1632,-1,0.0, -> [background only]
frame_002095,-1.0,2.9566,67.1392,3.9854,74.0824,-1,0.0, -> [background only]
frame_002096,-1.0,1.9986,66.4529,4.0472,72.4996,-1,0.0, -> [background only]
frame_002097,-1.0,2.37,65.5872,3.9123,71.8709,-1,0.0, -> [background only]
frame_002098,-1.0,2.6268,67.4609,4.0632,74.1526,-1,0.0, -> [background only]
frame_002099,-1.0,2.7257,68.8057,3.9654,75.4982,-1,0.0, -> [background only]
frame_002100,-1.0,1.9679,64.5584,4.1003,70.6281,-1,0.0, -> [background only]
frame_002101,-1.0,2.3783,65.6885,4.3187,72.3871,-1,0.0, -> [chair (Left): 1%]
frame_002102,-1.0,2.5526,66.7841,4.0912,73.4301,-1,0.0, -> [background only]
frame_002103,-1.0,2.6895,64.6171,3.9999,71.3083,-1,0.0, -> [background only]
frame_002104,-1.0,2.2346,66.1526,4.1671,72.5559,-1,0.0, -> [chair (Center): 1%]
frame_002105,-1.0,2.3895,66.4816,4.1937,73.0664,-1,0.0, -> [chair (Center): 1%]
frame_002106,-1.0,2.144,66.5092,4.3214,72.9759,-1,0.0, -> [chair (Center): 2%]
frame_002107,-1.0,2.6813,69.85,3.9529,76.485,-1,0.0, -> [background only]
frame_002108,-1.0,4.0586,68.4489,4.0494,76.5581,-1,0.0, -> [background only]
frame_002109,-1.0,2.5506,66.7202,4.2294,73.5012,-1,0.0, -> [chair (Center): 3%]
frame_002110,-1.0,2.3623,65.0704,4.0886,71.5226,-1,0.0, -> [chair (Center): 4%]
frame_002111,-1.0,2.2251,65.7633,4.047,72.0364,-1,0.0, -> [chair (Center): 1%]
frame_002112,-1.0,2.0615,65.9906,3.8454,71.8986,-1,0.0, -> [background only]
frame_002113,-1.0,1.2654,62.6138,4.0196,67.9001,-1,0.0, -> [chair (Center): 1%]
frame_002114,-1.0,1.0524,65.9579,4.1076,71.1192,-1,0.0, -> [chair (Center): 4%]
frame_002115,-1.0,2.2022,65.4123,3.9629,71.579,-1,0.0, -> [background only]
frame_002116,-1.0,2.9974,66.6054,4.1652,73.7695,-1,0.0, -> [chair (Center): 3%]
frame_002117,-1.0,2.2512,65.6124,4.2775,72.142,-1,0.0, -> [chair (Center): 4%]
frame_002118,-1.0,2.6296,68.3025,4.2118,75.1452,-1,0.0, -> [chair (Left): 1%]
frame_002119,-1.0,2.0262,63.5241,4.2344,69.7857,-1,0.0, -> [chair (Center): 4%]
frame_002120,-1.0,2.5525,64.6257,4.1787,71.3584,-1,0.0, -> [chair (Center): 3%]
frame_002121,-1.0,2.0845,66.5736,4.1782,72.838,-1,0.0, -> [chair (Left): 2%]
frame_002122,-1.0,2.3863,65.4852,4.2094,72.0821,-1,0.0, -> [chair (Left): 3%]
frame_002123,-1.0,2.2818,67.1249,4.2244,73.6322,-1,0.0, -> [chair (Left): 3%]
frame_002124,-1.0,2.5347,65.4156,4.1434,72.0949,-1,0.0, -> [chair (Left): 2%]
frame_002125,-1.0,2.6251,65.6524,4.0488,72.3275,-1,0.0, -> [chair (Left): 1%]
frame_002126,-1.0,2.0939,66.7603,4.1926,73.048,-1,0.0, -> [chair (Center): 4%]
frame_002127,-1.0,2.0415,67.6818,3.9989,73.7229,-1,0.0, -> [chair (Center): 2%]
frame_002128,-1.0,2.3244,66.127,4.2434,72.6962,-1,0.0, -> [chair (Center): 2%]
frame_002129,-1.0,2.4092,68.0873,4.0624,74.5605,-1,0.0, -> [chair (Left): 1%]
frame_002130,-1.0,2.7688,68.6256,4.2659,75.6617,-1,0.0, -> [chair (Left): 1%]
frame_002131,-1.0,3.8381,67.431,3.9754,75.2459,-1,0.0, -> [background only]
frame_002132,-1.0,2.7146,65.5229,4.292,72.5305,-1,0.0, -> [chair (Center): 7%]
frame_002133,-1.0,2.3065,64.5485,4.2969,71.1531,-1,0.0, -> [chair (Center): 8%]
frame_002134,-1.0,2.9782,63.3235,4.1257,70.4284,-1,0.0, -> [chair (Center): 6%]
frame_002135,-1.0,1.9679,65.7579,4.241,71.9678,-1,0.0, -> [chair (Left): 3%]
frame_002136,-1.0,2.3763,66.9952,4.3934,73.7664,-1,0.0, -> [chair (Center): 4%]
frame_002137,-1.0,2.4232,67.5877,4.2353,74.2472,-1,0.0, -> [chair (Center): 2%]
frame_002138,-1.0,2.8434,65.3866,4.0245,72.2554,-1,0.0, -> [chair (Left): 1%]
frame_002139,-1.0,1.5448,67.1779,4.0726,72.7964,-1,0.0, -> [chair (Center): 3%]
frame_002140,-1.0,1.9102,64.8013,4.3472,71.06,-1,0.0, -> [chair (Center): 2%]
frame_002141,-1.0,2.1336,67.3054,4.1994,73.6404,-1,0.0, -> [chair (Center): 5%]
frame_002142,-1.0,2.2684,65.029,4.1544,71.4532,-1,0.0, -> [chair (Left): 1%]
frame_002143,-1.0,2.014,66.1283,4.128,72.2717,-1,0.0, -> [background only]
frame_002144,-1.0,2.6511,65.4344,3.9053,71.9919,-1,0.0, -> [background only]
frame_002145,-1.0,1.9842,64.0142,4.1225,70.1221,-1,0.0, -> [chair (Center): 4%]
frame_002146,-1.0,1.864,66.8202,4.0676,72.7533,-1,0.0, -> [chair (Center): 7%]
frame_002147,-1.0,2.3889,66.4806,4.3039,73.1753,-1,0.0, -> [chair (Center): 5%]
frame_002148,-1.0,2.7637,66.0673,3.9303,72.7627,-1,0.0, -> [chair (Center): 6%]
frame_002149,-1.0,2.5355,66.9367,3.9865,73.46,-1,0.0, -> [chair (Center): 4%]
frame_002150,-1.0,2.4116,69.0469,4.223,75.6829,-1,0.0, -> [chair (Center): 4%]
frame_002151,-1.0,2.9947,65.5674,4.0959,72.6596,-1,0.0, -> [background only]
frame_002152,-1.0,1.9578,66.399,4.06,72.4185,-1,0.0, -> [background only]
frame_002153,-1.0,3.7395,64.5219,5.3575,73.6206,-1,0.0, -> [chair (Center): 4%]
frame_002154,-1.0,3.43,64.9751,4.1451,72.5515,-1,0.0, -> [chair (Center): 4%]
frame_002155,-1.0,2.7639,67.2316,4.2122,74.2088,-1,0.0, -> [chair (Center): 5%]
frame_002156,-1.0,2.684,65.0629,4.1562,71.9043,-1,0.0, -> [chair (Center): 6%]
frame_002157,-1.0,2.8012,63.5966,3.9599,70.3588,-1,0.0, -> [background only]
frame_002158,-1.0,2.0282,66.997,4.1439,73.1701,-1,0.0, -> [background only]
frame_002159,-1.0,2.844,63.2563,4.1791,70.2805,-1,0.0, -> [chair (Center): 5%]
frame_002160,-1.0,2.339,64.7876,4.4431,71.5712,-1,0.0, -> [chair (Center): 8%]
frame_002161,-1.0,1.8597,63.5294,4.1239,69.5145,-1,0.0, -> [chair (Center): 3%]
frame_002162,-1.0,1.0214,63.1193,4.1457,68.2877,-1,0.0, -> [chair (Center): 7%]
frame_002163,-1.0,1.187,65.4427,4.0588,70.6895,-1,0.0, -> [chair (Center): 8%]
frame_002164,-1.0,1.1577,66.6078,4.0935,71.8599,-1,0.0, -> [aeroplane (Top): 1%]
frame_002165,-1.0,1.0971,65.0183,4.026,70.1427,-1,0.0, -> [background only]
frame_002166,-1.0,1.0606,64.3678,4.1504,69.5802,-1,0.0, -> [background only]
frame_002167,-1.0,1.4319,67.1609,4.248,72.842,-1,0.0, -> [chair (Center): 4%]
frame_002168,-1.0,2.2982,65.2927,4.2203,71.8121,-1,0.0, -> [chair (Center): 6%]
frame_002169,-1.0,2.385,65.4113,4.0893,71.8869,-1,0.0, -> [chair (Center): 6%]
frame_002170,-1.0,1.9636,65.2259,4.2269,71.4176,-1,0.0," -> [aeroplane (Top): 1%, chair (Center): 8%]"
frame_002171,-1.0,2.3858,66.9585,4.213,73.5598,-1,0.0, -> [chair (Bottom): 2%]
frame_002172,-1.0,2.6408,65.7273,4.1695,72.5389,-1,0.0, -> [chair (Bottom): 3%]
frame_002173,-1.0,2.2122,67.1457,4.2133,73.5724,-1,0.0, -> [chair (Center): 1%]
frame_002174,-1.0,2.2948,68.395,4.264,74.9551,-1,0.0, -> [chair (Center): 2%]
frame_002175,-1.0,2.6707,67.8152,4.2796,74.7674,-1,0.0, -> [chair (Center): 4%]
frame_002176,-1.0,2.1447,65.5387,4.1248,71.8096,-1,0.0, -> [chair (Center): 10%]
frame_002177,-1.0,1.6964,67.9048,4.0878,73.6908,-1,0.0, -> [chair (Center): 11%]
frame_002178,-1.0,2.2983,67.2096,4.3018,73.811,-1,0.0, -> [chair (Center): 9%]
frame_002179,-1.0,2.7992,70.2147,4.1336,77.1492,-1,0.0, -> [chair (Center): 12%]
frame_002180,-1.0,2.7499,68.4312,4.0724,75.2548,-1,0.0, -> [chair (Center): 14%]
frame_002181,-1.0,2.8785,66.5763,4.1712,73.6268,-1,0.0, -> [chair (Center): 15%]
frame_002182,-1.0,2.6806,66.0223,4.1172,72.8209,-1,0.0, -> [chair (Center): 13%]
frame_002183,-1.0,2.3063,65.1205,4.1556,71.5837,-1,0.0, -> [chair (Center): 11%]
frame_002184,-1.0,2.2402,65.1187,4.104,71.4642,-1,0.0, -> [chair (Center): 16%]
frame_002185,-1.0,1.9602,64.9563,4.272,71.1898,-1,0.0, -> [chair (Center): 13%]
frame_002186,-1.0,2.2816,67.5579,4.0704,73.9112,-1,0.0, -> [chair (Center): 16%]
frame_002187,-1.0,2.284,66.3329,4.295,72.913,-1,0.0, -> [chair (Center): 16%]
frame_002188,-1.0,2.6272,67.8755,4.1896,74.6937,-1,0.0, -> [chair (Center): 17%]
frame_002189,-1.0,2.2631,69.8747,4.2262,76.3666,-1,0.0, -> [chair (Center): 17%]
frame_002190,-1.0,2.8122,67.7612,4.0125,74.587,-1,0.0, -> [chair (Center): 11%]
frame_002191,-1.0,2.2267,65.0606,4.217,71.5062,-1,0.0, -> [chair (Center): 18%]
frame_002192,-1.0,2.3736,66.1236,4.1103,72.6087,-1,0.0, -> [chair (Center): 17%]
frame_002193,-1.0,2.2529,68.1759,4.2158,74.6466,-1,0.0, -> [chair (Center): 13%]
frame_002194,-1.0,3.2967,66.286,4.1908,73.7748,-1,0.0, -> [chair (Center): 15%]
frame_002195,-1.0,2.2312,67.76,4.2458,74.2395,-1,0.0, -> [chair (Center): 21%]
frame_002196,-1.0,2.7146,67.6459,4.251,74.6133,-1,0.0, -> [chair (Center): 19%]
frame_002197,-1.0,2.7684,68.1212,4.2185,75.1092,-1,0.0, -> [chair (Center): 19%]
frame_002198,-1.0,2.6424,66.2605,4.757,73.661,-1,0.0, -> [chair (Center): 23%]
frame_002199,-1.0,2.5988,65.1904,4.1302,71.9203,-1,0.0, -> [chair (Center): 21%]
frame_002200,-1.0,1.9736,66.2713,4.2148,72.4605,-1,0.0," -> [aeroplane (Top-Right): 1%, chair (Center): 18%]"
frame_002201,-1.0,1.9917,68.3449,4.1203,74.4582,-1,0.0, -> [chair (Center): 24%]
frame_002202,-1.0,2.8109,65.722,4.0935,72.6275,-1,0.0, -> [chair (Center): 24%]
frame_002203,-1.0,1.9611,67.4926,4.0605,73.5154,-1,0.0, -> [chair (Center): 19%]
frame_002204,-1.0,2.2822,68.6453,4.2347,75.1638,-1,0.0, -> [chair (Center): 23%]
frame_002205,-1.0,2.1191,66.305,4.1055,72.5305,-1,0.0, -> [chair (Center): 23%]
frame_002206,-1.0,2.2046,65.1273,4.1831,71.5163,-1,0.0, -> [chair (Center): 23%]
frame_002207,-1.0,2.3504,66.3428,4.1708,72.8653,-1,0.0, -> [chair (Center): 25%]
frame_002208,-1.0,2.3574,68.5694,4.1305,75.0591,-1,0.0, -> [chair (Center): 27%]
frame_002209,-1.0,1.9741,66.2499,4.2073,72.4329,-1,0.0, -> [chair (Center): 26%]
frame_002210,-1.0,2.2005,66.7477,4.1309,73.0802,-1,0.0, -> [chair (Center): 25%]
frame_002211,-1.0,2.5788,67.5789,4.2178,74.3767,-1,0.0, -> [chair (Center): 29%]
frame_002212,-1.0,1.8657,67.6172,4.2148,73.6995,-1,0.0, -> [chair (Center): 29%]
frame_002213,-1.0,2.8496,69.5555,4.2418,76.648,-1,0.0, -> [chair (Center): 25%]
frame_002214,-1.0,2.4312,66.6774,4.2,73.31,-1,0.0, -> [chair (Center): 26%]
frame_002215,-1.0,2.8014,67.7832,4.25,74.8361,-1,0.0, -> [chair (Center): 29%]
frame_002216,-1.0,2.9417,65.5757,4.2135,72.7322,-1,0.0, -> [chair (Center): 23%]
frame_002217,-1.0,2.6545,66.2234,4.1904,73.0694,-1,0.0, -> [chair (Center): 24%]
frame_002218,-1.0,2.9664,68.4279,4.1012,75.4965,-1,0.0, -> [chair (Right): 23%]
frame_002219,-1.0,2.1762,66.3362,4.0838,72.597,-1,0.0, -> [chair (Right): 27%]
frame_002220,-1.0,1.99,65.1874,4.2335,71.4119,-1,0.0, -> [chair (Right): 27%]
frame_002221,-1.0,2.4825,66.4183,4.0357,72.9374,-1,0.0, -> [chair (Right): 28%]
frame_002222,-1.0,1.9876,64.9569,4.305,71.2512,-1,0.0, -> [chair (Right): 24%]
frame_002223,-1.0,2.6476,65.527,4.1692,72.3451,-1,0.0, -> [chair (Right): 25%]
frame_002224,-1.0,1.9733,65.5384,4.0358,71.5488,-1,0.0, -> [chair (Right): 21%]
frame_002225,-1.0,2.0145,65.5875,4.2116,71.8154,-1,0.0, -> [chair (Right): 18%]
frame_002226,-1.0,2.8537,67.7803,4.0725,74.7073,-1,0.0, -> [chair (Right): 16%]
frame_002227,-1.0,2.1963,66.1134,4.2413,72.5528,-1,0.0, -> [chair (Right): 11%]
frame_002228,-1.0,2.4087,67.8589,4.2504,74.5193,-1,0.0, -> [chair (Right): 14%]
frame_002229,-1.0,2.6338,66.1526,4.2597,73.0476,-1,0.0, -> [chair (Right): 7%]
frame_002230,-1.0,2.6319,66.259,4.1934,73.0855,-1,0.0, -> [chair (Right): 8%]
frame_002231,-1.0,2.2638,64.9597,4.1909,71.4155,-1,0.0, -> [chair (Center): 1%]
frame_002232,-1.0,2.4354,69.9766,4.2248,76.6391,-1,0.0, -> [chair (Center): 2%]
frame_002233,-1.0,2.1761,66.7835,4.0073,72.9681,-1,0.0, -> [background only]
frame_002234,-1.0,2.7009,67.157,4.0624,73.9222,-1,0.0, -> [chair (Top-Right): 3%]
frame_002235,-1.0,2.3386,69.3136,4.1824,75.836,-1,0.0, -> [chair (Left): 3%]
frame_002236,-1.0,3.3542,66.945,4.0616,74.3624,-1,0.0, -> [chair (Left): 3%]
frame_002237,-1.0,3.1209,67.8041,4.2006,75.127,-1,0.0, -> [chair (Left): 2%]
frame_002238,-1.0,1.8407,64.8983,4.146,70.8867,-1,0.0, -> [chair (Center): 4%]
frame_002239,-1.0,2.4411,64.2492,4.1511,70.8429,-1,0.0, -> [chair (Center): 6%]
frame_002240,-1.0,2.412,66.8219,4.275,73.51,-1,0.0, -> [chair (Center): 3%]
frame_002241,-1.0,1.78,64.0454,4.2236,70.0505,-1,0.0, -> [chair (Center): 5%]
frame_002242,-1.0,2.3036,65.795,4.2239,72.3241,-1,0.0, -> [chair (Center): 3%]
frame_002243,-1.0,1.9421,63.6798,4.0411,69.664,-1,0.0, -> [chair (Center): 2%]
frame_002244,-1.0,2.3884,67.0228,3.9903,73.4027,-1,0.0, -> [background only]
frame_002245,-1.0,2.3337,66.8387,4.1635,73.3376,-1,0.0, -> [chair (Center): 6%]
frame_002246,-1.0,2.7062,67.3636,4.0585,74.1305,-1,0.0, -> [chair (Center): 1%]
frame_002247,-1.0,2.3171,67.9917,4.2384,74.549,-1,0.0, -> [chair (Top): 1%]
frame_002248,-1.0,1.8761,66.8929,4.2399,73.0103,-1,0.0, -> [chair (Center): 4%]
frame_002249,-1.0,2.4167,66.3943,4.2054,73.018,-1,0.0, -> [chair (Center): 6%]
frame_002250,-1.0,2.3465,67.6302,4.1931,74.172,-1,0.0, -> [chair (Right): 8%]
frame_002251,-1.0,2.7263,67.1337,4.2311,74.0926,-1,0.0, -> [chair (Right): 7%]
frame_002252,-1.0,2.4275,67.8708,4.1151,74.4147,-1,0.0, -> [chair (Right): 9%]
frame_002253,-1.0,1.8224,67.3413,4.2788,73.4434,-1,0.0," -> [chair (Right): 9%, diningtable (Bottom-Left): 1%]"
frame_002254,-1.0,1.9709,66.3518,4.1018,72.4259,-1,0.0, -> [chair (Right): 11%]
frame_002255,-1.0,2.1052,65.6958,4.2131,72.016,-1,0.0, -> [chair (Right): 9%]
frame_002256,-1.0,4.1629,66.302,4.2182,74.6849,-1,0.0, -> [chair (Right): 10%]
frame_002257,-1.0,2.948,67.018,4.053,74.0199,-1,0.0, -> [chair (Right): 8%]
frame_002258,-1.0,2.5367,65.2602,4.0624,71.8601,-1,0.0, -> [chair (Right): 9%]
frame_002259,-1.0,2.2848,65.9815,4.1279,72.3951,-1,0.0, -> [chair (Right): 4%]
frame_002260,-1.0,2.3121,65.163,3.9899,71.4661,-1,0.0, -> [chair (Right): 2%]
frame_002261,-1.0,2.289,65.7836,4.2501,72.3239,-1,0.0, -> [chair (Right): 2%]
frame_002262,-1.0,2.2972,65.0107,4.2476,71.5565,-1,0.0, -> [chair (Right): 9%]
frame_002263,-1.0,2.415,66.013,4.249,72.6787,-1,0.0, -> [chair (Right): 9%]
frame_002264,-1.0,2.385,66.4087,4.272,73.0665,-1,0.0, -> [chair (Right): 10%]
frame_002265,-1.0,2.7265,68.2064,4.297,75.2315,-1,0.0, -> [chair (Right): 7%]
frame_002266,-1.0,2.7029,65.9489,4.1965,72.8495,-1,0.0, -> [chair (Right): 5%]
frame_002267,-1.0,2.3909,65.198,4.2402,71.8301,-1,0.0, -> [chair (Top-Right): 4%]
frame_002268,-1.0,2.22,64.4174,4.1646,70.803,-1,0.0, -> [chair (Top-Right): 2%]
frame_002269,-1.0,2.3125,65.4483,4.0752,71.8372,-1,0.0, -> [chair (Right): 8%]
frame_002270,-1.0,2.228,66.319,4.1972,72.7454,-1,0.0, -> [chair (Right): 8%]
frame_002271,-1.0,2.8959,68.365,4.2441,75.5061,-1,0.0, -> [chair (Right): 11%]
frame_002272,-1.0,2.2281,66.797,4.1635,73.1895,-1,0.0, -> [chair (Right): 7%]
frame_002273,-1.0,2.2721,66.4966,4.352,73.1221,-1,0.0, -> [chair (Right): 6%]
frame_002274,-1.0,2.1781,68.1367,4.1302,74.4461,-1,0.0, -> [chair (Right): 6%]
frame_002275,-1.0,2.0982,68.3888,4.2248,74.7133,-1,0.0, -> [chair (Right): 5%]
frame_002276,-1.0,3.585,66.2417,4.2586,74.0868,-1,0.0, -> [chair (Right): 6%]
frame_002277,-1.0,2.6632,63.8356,4.5864,71.0862,-1,0.0," -> [bicycle (Right): 2%, chair (Right): 11%, diningtable (Bottom): 1%]"
frame_002278,-1.0,3.4647,63.9124,4.1979,71.5761,-1,0.0," -> [bicycle (Right): 1%, chair (Right): 6%]"
frame_002279,-1.0,2.4798,66.4965,4.2267,73.2043,-1,0.0," -> [chair (Right): 10%, diningtable (Bottom): 1%]"
frame_002280,-1.0,2.1138,66.8645,4.2144,73.1938,-1,0.0," -> [chair (Right): 6%, diningtable (Bottom): 1%]"
frame_002281,-1.0,2.4397,65.8619,4.1949,72.4974,-1,0.0," -> [chair (Right): 8%, diningtable (Bottom-Left): 1%]"
frame_002282,-1.0,2.4392,65.9846,4.0085,72.4337,-1,0.0, -> [chair (Right): 9%]
frame_002283,-1.0,2.7309,67.2762,4.3156,74.3245,-1,0.0," -> [chair (Right): 12%, diningtable (Bottom): 4%]"
frame_002284,-1.0,1.9406,65.9851,4.2194,72.1464,-1,0.0," -> [bicycle (Right): 1%, chair (Right): 10%, diningtable (Bottom-Left): 1%]"
frame_002285,-1.0,1.7751,67.5624,4.2311,73.5697,-1,0.0," -> [chair (Right): 7%, diningtable (Bottom-Left): 2%]"
frame_002286,-1.0,3.1246,67.5428,4.2912,74.9605,-1,0.0," -> [chair (Top-Right): 6%, diningtable (Bottom-Left): 1%]"
frame_002287,-1.0,2.7854,68.9114,4.2711,75.9692,-1,0.0," -> [bicycle (Right): 2%, chair (Top-Right): 3%, diningtable (Bottom-Left): 2%]"
frame_002288,-1.0,1.8064,64.9911,4.4012,71.2002,-1,0.0," -> [bicycle (Right): 1%, chair (Right): 5%, diningtable (Bottom-Left): 4%]"
frame_002289,-1.0,2.2675,67.827,4.2199,74.3155,-1,0.0," -> [chair (Right): 11%, diningtable (Bottom-Left): 2%]"
frame_002290,-1.0,2.2158,67.3392,4.3046,73.8614,-1,0.0," -> [chair (Right): 8%, diningtable (Bottom-Left): 2%]"
frame_002291,-1.0,2.2992,67.7607,4.0879,74.1491,-1,0.0," -> [chair (Top-Right): 7%, diningtable (Bottom-Left): 1%]"
frame_002292,-1.0,2.014,66.066,4.2952,72.3769,-1,0.0," -> [bicycle (Right): 1%, chair (Top-Right): 5%]"
frame_002293,-1.0,2.3309,67.1515,4.2043,73.688,-1,0.0," -> [bicycle (Right): 2%, chair (Top-Right): 3%]"
frame_002294,-1.0,2.5006,67.8372,4.2185,74.5575,-1,0.0," -> [bicycle (Right): 2%, chair (Top-Right): 3%]"
frame_002295,-1.0,3.5775,68.3954,4.1896,76.1638,-1,0.0," -> [bicycle (Right): 1%, chair (Top-Right): 6%]"
frame_002296,-1.0,2.297,65.7546,4.2113,72.264,-1,0.0," -> [bicycle (Right): 1%, chair (Right): 8%]"
frame_002297,-1.0,2.0236,64.7845,4.1932,71.0027,-1,0.0," -> [bicycle (Right): 1%, chair (Top-Right): 6%]"
frame_002298,-1.0,1.828,65.8054,4.2836,71.918,-1,0.0," -> [bicycle (Top-Right): 1%, chair (Top-Right): 5%]"
frame_002299,-1.0,1.5932,65.3965,4.2772,71.2682,-1,0.0," -> [bicycle (Top-Right): 2%, chair (Top-Right): 5%]"
frame_002300,-1.0,2.1486,65.7797,4.3553,72.2846,-1,0.0," -> [bicycle (Top-Right): 1%, chair (Right): 6%]"
frame_002301,-1.0,2.9583,67.1386,4.2868,74.3851,-1,0.0," -> [bicycle (Top-Right): 3%, chair (Top-Right): 4%]"
frame_002302,-1.0,2.2677,66.3565,4.2666,72.8918,-1,0.0," -> [bicycle (Top-Right): 3%, chair (Top-Right): 5%]"
frame_002303,-1.0,2.3073,67.5386,4.1587,74.0058,-1,0.0," -> [bicycle (Right): 2%, chair (Top-Right): 6%]"
frame_002304,-1.0,1.6692,66.7948,4.1642,72.6293,-1,0.0," -> [bicycle (Top-Right): 2%, chair (Top-Right): 5%]"
frame_002305,-1.0,1.9611,65.4292,4.1786,71.5699,-1,0.0," -> [bicycle (Right): 2%, chair (Right): 7%]"
frame_002306,-1.0,2.1784,67.2902,4.2604,73.73,-1,0.0," -> [bicycle (Top-Right): 1%, chair (Top-Right): 8%]"
frame_002307,-1.0,2.738,65.511,4.1361,72.3867,-1,0.0, -> [chair (Top-Right): 9%]
frame_002308,-1.0,1.7391,65.4056,4.0883,71.2339,-1,0.0," -> [bicycle (Top-Right): 3%, chair (Top-Right): 4%]"
frame_002309,-1.0,1.0781,66.8261,4.1667,72.0719,-1,0.0," -> [bicycle (Top-Right): 2%, chair (Top-Right): 7%]"
frame_002310,-1.0,2.7966,65.8925,4.313,73.0035,-1,0.0," -> [bicycle (Right): 3%, chair (Top-Right): 5%]"
frame_002311,-1.0,2.9306,67.6956,4.2961,74.924,-1,0.0," -> [bicycle (Right): 3%, chair (Top-Right): 5%]"
frame_002312,-1.0,2.7359,67.4648,4.2111,74.4126,-1,0.0," -> [bicycle (Top-Right): 2%, chair (Top-Right): 6%]"
frame_002313,-1.0,2.4619,66.9903,4.2088,73.6628,-1,0.0," -> [bicycle (Right): 3%, chair (Top-Right): 4%]"
frame_002314,-1.0,2.3713,67.1884,4.4595,74.0207,-1,0.0," -> [bicycle (Top-Right): 1%, chair (Top-Right): 6%]"
frame_002315,-1.0,3.8861,69.2981,4.23,77.4155,-1,0.0," -> [bicycle (Top-Right): 2%, chair (Top-Right): 4%]"
frame_002316,-1.0,3.0928,64.8293,4.0783,72.0016,-1,0.0, -> [chair (Top-Right): 4%]
frame_002317,-1.0,1.9454,65.6306,4.1921,71.77,-1,0.0, -> [chair (Top-Right): 2%]
frame_002318,-1.0,2.5384,66.4221,3.9569,72.9186,-1,0.0, -> [background only]
frame_002319,-1.0,1.8596,64.5067,4.023,70.3905,-1,0.0, -> [background only]
frame_002320,-1.0,2.9571,67.0771,4.063,74.099,-1,0.0, -> [background only]
frame_002321,-1.0,3.1481,66.9462,4.1879,74.2833,-1,0.0, -> [background only]
frame_002322,-1.0,2.9271,66.9555,3.9795,73.8634,-1,0.0, -> [background only]
frame_002323,-1.0,2.0659,65.9986,4.1279,72.1938,-1,0.0, -> [background only]
frame_002324,-1.0,2.1897,67.7346,4.0158,73.9414,-1,0.0, -> [background only]
frame_002325,-1.0,2.783,65.3299,4.0524,72.1663,-1,0.0, -> [background only]
frame_002326,-1.0,2.5037,65.921,3.9922,72.418,-1,0.0, -> [background only]
frame_002327,-1.0,2.2736,66.3001,3.9721,72.5478,-1,0.0, -> [background only]
frame_002328,-1.0,1.8336,68.9955,3.9622,74.7928,-1,0.0, -> [background only]
frame_002329,-1.0,2.9342,68.1365,3.8585,74.9305,-1,0.0, -> [background only]
frame_002330,-1.0,2.4635,68.411,4.0756,74.9523,-1,0.0, -> [background only]
frame_002331,-1.0,2.336,69.4345,3.929,75.7008,-1,0.0, -> [background only]
frame_002332,-1.0,2.9994,67.1033,4.0599,74.1639,-1,0.0, -> [background only]
frame_002333,-1.0,3.2921,68.6376,3.8723,75.803,-1,0.0, -> [background only]
frame_002334,-1.0,2.4471,65.5932,3.9777,72.0192,-1,0.0, -> [background only]
frame_002335,-1.0,2.4426,66.2211,4.0094,72.6745,-1,0.0, -> [background only]
frame_002336,-1.0,2.8073,65.1675,3.88,71.8557,-1,0.0, -> [background only]
frame_002337,-1.0,1.9556,67.5052,4.0498,73.5116,-1,0.0, -> [background only]
frame_002338,-1.0,2.3709,66.2706,4.0196,72.6621,-1,0.0, -> [background only]
frame_002339,-1.0,2.2488,65.9087,3.8477,72.0066,-1,0.0, -> [background only]
frame_002340,-1.0,2.4117,65.9363,4.0628,72.4122,-1,0.0, -> [background only]
frame_002341,-1.0,2.3319,67.2625,3.9712,73.5669,-1,0.0, -> [background only]
frame_002342,-1.0,2.7788,66.9315,3.9841,73.6955,-1,0.0, -> [background only]
frame_002343,-1.0,2.4264,66.1947,4.1518,72.7746,-1,0.0, -> [background only]
frame_002344,-1.0,2.3998,67.1586,3.9178,73.4775,-1,0.0, -> [background only]
frame_002345,-1.0,2.3667,71.0422,3.871,77.2815,-1,0.0, -> [background only]
frame_002346,-1.0,2.9071,68.1897,3.897,74.9948,-1,0.0, -> [background only]
frame_002347,-1.0,2.0247,70.8629,3.8955,76.7841,-1,0.0, -> [background only]
frame_002348,-1.0,2.6046,68.9432,4.0791,75.6286,-1,0.0, -> [background only]
frame_002349,-1.0,2.8776,66.6094,3.9316,73.4196,-1,0.0, -> [background only]
frame_002350,-1.0,1.2785,66.9682,4.147,72.3948,-1,0.0, -> [person (Right): 1%]
frame_002351,-1.0,2.3318,66.1921,3.9526,72.4775,-1,0.0, -> [background only]
frame_002352,-1.0,2.0828,67.0839,3.9033,73.071,-1,0.0, -> [background only]
frame_002353,-1.0,2.0155,64.559,3.9481,70.5237,-1,0.0, -> [background only]
frame_002354,-1.0,2.3566,66.4878,3.7965,72.642,-1,0.0, -> [background only]
frame_002355,-1.0,1.4891,63.2572,4.061,68.8095,-1,0.0, -> [background only]
frame_002356,-1.0,1.3496,63.8688,5.2297,70.4493,-1,0.0, -> [background only]
frame_002357,-1.0,1.9167,65.8553,3.9545,71.7275,-1,0.0, -> [background only]
frame_002358,-1.0,2.1949,65.6523,3.9291,71.7774,-1,0.0, -> [background only]
frame_002359,-1.0,1.7464,64.5308,3.9275,70.2057,-1,0.0, -> [background only]
frame_002360,-1.0,2.2519,65.653,3.9914,71.8975,-1,0.0, -> [background only]
frame_002361,-1.0,1.9362,66.1086,3.7605,71.8062,-1,0.0, -> [background only]
frame_002362,-1.0,2.5749,67.9979,4.0813,74.6557,-1,0.0, -> [background only]
frame_002363,-1.0,2.6841,69.207,4.0014,75.8937,-1,0.0, -> [background only]
frame_002364,-1.0,2.2054,67.3395,4.0931,73.6395,-1,0.0, -> [background only]
frame_002365,-1.0,2.9242,66.5551,4.0364,73.5171,-1,0.0, -> [background only]
frame_002366,-1.0,2.3303,67.7521,4.1065,74.1903,-1,0.0, -> [background only]
frame_002367,-1.0,2.6172,65.8088,3.9538,72.3812,-1,0.0, -> [background only]
frame_002368,-1.0,2.1527,67.9269,4.1307,74.2119,-1,0.0, -> [background only]
frame_002369,-1.0,2.929,68.0421,4.3276,75.3005,-1,0.0," -> [bus (Bottom-Left): 2%, person (Right): 1%]"
frame_002370,-1.0,2.3035,66.6021,4.0883,72.9955,-1,0.0, -> [background only]
frame_002371,-1.0,2.4047,67.2091,4.2433,73.8588,-1,0.0, -> [background only]
frame_002372,-1.0,2.7524,68.1516,4.0274,74.9327,-1,0.0, -> [background only]
frame_002373,-1.0,2.6888,68.0796,3.9334,74.703,-1,0.0, -> [background only]
frame_002374,-1.0,2.6561,65.1974,3.9956,71.8502,-1,0.0, -> [bus (Bottom-Left): 1%]
frame_002375,-1.0,2.1906,65.5849,3.9029,71.6792,-1,0.0, -> [background only]
frame_002376,-1.0,2.1212,68.0113,3.9315,74.0651,-1,0.0, -> [background only]
frame_002377,-1.0,2.409,68.3367,4.007,74.7541,-1,0.0, -> [background only]
frame_002378,-1.0,2.1688,65.5217,3.9497,71.6415,-1,0.0, -> [background only]
frame_002379,-1.0,1.9406,65.4501,4.0874,71.4793,-1,0.0, -> [background only]
frame_002380,-1.0,2.6593,66.5131,3.9773,73.1509,-1,0.0, -> [background only]
frame_002381,-1.0,2.4497,66.8586,3.9787,73.288,-1,0.0, -> [background only]
frame_002382,-1.0,2.3372,65.7997,3.9304,72.0681,-1,0.0, -> [background only]
frame_002383,-1.0,2.6906,68.1431,3.7109,74.5461,-1,0.0, -> [background only]
frame_002384,-1.0,2.0092,66.7913,3.9341,72.7359,-1,0.0, -> [background only]
frame_002385,-1.0,1.9714,68.4207,4.1534,74.5471,-1,0.0, -> [background only]
frame_002386,-1.0,2.7742,68.7876,4.1017,75.6645,-1,0.0, -> [background only]
frame_002387,-1.0,2.3182,67.0655,3.8924,73.2774,-1,0.0, -> [background only]
frame_002388,-1.0,2.3119,65.9862,4.027,72.3268,-1,0.0, -> [background only]
frame_002389,-1.0,2.6295,68.657,3.936,75.2242,-1,0.0, -> [background only]
frame_002390,-1.0,2.5337,67.3702,4.0544,73.9605,-1,0.0, -> [background only]
frame_002391,-1.0,5.209,66.3547,4.0634,75.6288,-1,0.0, -> [background only]
frame_002392,-1.0,2.4518,65.8519,4.0708,72.3758,-1,0.0, -> [background only]
frame_002393,-1.0,3.167,64.5722,3.9064,71.6467,-1,0.0, -> [background only]
frame_002394,-1.0,1.7974,64.775,3.9507,70.5242,-1,0.0, -> [background only]
frame_002395,-1.0,1.9384,65.4989,3.9986,71.4371,-1,0.0, -> [background only]
frame_002396,-1.0,1.5367,64.7047,3.8279,70.0707,-1,0.0, -> [background only]
frame_002397,-1.0,1.3795,66.5845,3.8112,71.7761,-1,0.0, -> [background only]
frame_002398,-1.0,2.285,67.038,4.0004,73.3246,-1,0.0, -> [background only]
frame_002399,-1.0,1.9917,65.8202,4.003,71.816,-1,0.0, -> [background only]
frame_002400,-1.0,2.4816,64.3316,3.9497,70.7642,-1,0.0, -> [tvmonitor (Top-Right): 1%]
frame_002401,-1.0,2.0423,66.9632,4.0869,73.0936,-1,0.0, -> [tvmonitor (Top-Right): 4%]
frame_002402,-1.0,2.5516,67.0998,4.081,73.7338,-1,0.0, -> [tvmonitor (Right): 7%]
frame_002403,-1.0,2.2441,66.9796,4.0297,73.2543,-1,0.0, -> [background only]
frame_002404,-1.0,1.8298,66.622,4.0791,72.5325,-1,0.0, -> [background only]
frame_002405,-1.0,2.4245,68.4588,3.9446,74.8291,-1,0.0, -> [background only]
frame_002406,-1.0,1.8845,65.6867,3.9781,71.5506,-1,0.0, -> [background only]
frame_002407,-1.0,2.4095,66.6324,4.0161,73.0592,-1,0.0, -> [chair (Top): 2%]
frame_002408,-1.0,2.3468,66.7829,4.0292,73.1602,-1,0.0, -> [chair (Top-Left): 7%]
frame_002409,-1.0,1.4874,64.1657,4.2054,69.8595,-1,0.0, -> [chair (Top): 11%]
frame_002410,-1.0,1.4031,65.9951,4.0842,71.4834,-1,0.0, -> [chair (Top): 9%]
frame_002411,-1.0,2.4315,66.7707,4.1957,73.3991,-1,0.0, -> [chair (Top): 11%]
frame_002412,-1.0,2.7373,66.4696,4.1306,73.3388,-1,0.0, -> [chair (Top): 10%]
frame_002413,-1.0,1.8,65.707,4.172,71.6801,-1,0.0, -> [chair (Top): 9%]
frame_002414,-1.0,2.2241,67.4805,4.2393,73.9454,-1,0.0, -> [chair (Top): 12%]
frame_002415,-1.0,2.6676,66.8614,4.1943,73.7247,-1,0.0, -> [chair (Center): 14%]
frame_002416,-1.0,2.3926,66.9918,4.3278,73.7132,-1,0.0, -> [chair (Top): 7%]
frame_002417,-1.0,4.3868,64.9329,4.5098,73.8311,-1,0.0, -> [chair (Top): 7%]
frame_002418,-1.0,3.6587,65.506,4.666,73.8332,-1,0.0, -> [chair (Top-Right): 9%]
frame_002419,-1.0,2.7077,67.176,4.1418,74.0266,-1,0.0," -> [chair (Top-Right): 11%, tvmonitor (Top-Left): 1%]"
frame_002420,-1.0,2.2474,66.5142,4.2987,73.0613,-1,0.0, -> [chair (Top-Right): 14%]
frame_002421,-1.0,2.7241,64.0747,4.2042,71.0042,-1,0.0, -> [chair (Top-Right): 12%]
frame_002422,-1.0,2.2219,66.3102,4.1223,72.6558,-1,0.0, -> [chair (Top-Right): 11%]
frame_002423,-1.0,2.4621,65.2272,4.33,72.0205,-1,0.0," -> [chair (Top-Right): 8%, diningtable (Right): 1%]"
frame_002424,-1.0,2.6714,66.296,4.2698,73.2383,-1,0.0," -> [chair (Right): 7%, diningtable (Right): 1%]"
frame_002425,-1.0,2.404,69.5283,4.0278,75.9612,-1,0.0, -> [chair (Right): 5%]
frame_002426,-1.0,2.2342,67.4381,4.2676,73.9416,-1,0.0," -> [chair (Right): 13%, diningtable (Right): 1%]"
frame_002427,-1.0,1.9874,66.7213,4.048,72.7577,-1,0.0, -> [chair (Top-Right): 3%]
frame_002428,-1.0,2.108,67.375,4.1802,73.6644,-1,0.0, -> [chair (Top-Right): 4%]
frame_002429,-1.0,2.3085,68.9947,4.0779,75.382,-1,0.0, -> [chair (Right): 3%]
frame_002430,-1.0,1.2309,65.5244,4.2098,70.9663,-1,0.0, -> [chair (Top-Right): 1%]
frame_002431,-1.0,3.2511,66.6801,4.1017,74.0342,-1,0.0, -> [background only]
frame_002432,-1.0,2.2371,64.8368,3.9519,71.0268,-1,0.0, -> [background only]
frame_002433,-1.0,3.1218,66.7957,3.9654,73.8843,-1,0.0, -> [background only]
frame_002434,-1.0,2.071,67.8829,4.0306,73.9856,-1,0.0, -> [background only]
frame_002435,-1.0,2.4116,68.2105,4.0395,74.6634,-1,0.0, -> [background only]
frame_002436,-1.0,2.5552,71.8902,3.9833,78.4302,-1,0.0, -> [background only]
frame_002437,-1.0,4.539,65.3974,3.9402,73.8786,-1,0.0, -> [background only]
frame_002438,-1.0,3.3855,65.7561,4.012,73.1546,-1,0.0, -> [background only]
frame_002439,-1.0,2.4662,66.5406,3.9737,72.9818,-1,0.0, -> [background only]
frame_002440,-1.0,1.8058,66.4769,3.9574,72.2412,-1,0.0, -> [background only]
frame_002441,-1.0,2.448,64.721,3.966,71.136,-1,0.0, -> [background only]
frame_002442,-1.0,2.211,64.8154,3.9325,70.9603,-1,0.0, -> [background only]
frame_002443,-1.0,2.2138,66.1555,4.1298,72.5009,-1,0.0, -> [chair (Top): 1%]
frame_002444,-1.0,2.7723,66.5107,4.0174,73.3014,-1,0.0, -> [background only]
frame_002445,-1.0,2.5283,67.3887,4.1765,74.0946,-1,0.0, -> [chair (Top-Right): 3%]
frame_002446,-1.0,2.1204,65.4561,3.9337,71.5112,-1,0.0, -> [background only]
frame_002447,-1.0,1.9958,66.6379,4.0893,72.7243,-1,0.0, -> [background only]
frame_002448,-1.0,1.4452,64.0851,4.1304,69.6619,-1,0.0, -> [chair (Top-Right): 2%]
frame_002449,-1.0,3.1162,66.0508,4.2476,73.4155,-1,0.0, -> [chair (Right): 4%]
frame_002450,-1.0,2.8539,65.5744,4.2237,72.6531,-1,0.0, -> [chair (Top-Right): 2%]
frame_002451,-1.0,1.6117,64.5339,4.1395,70.2863,-1,0.0, -> [chair (Top-Right): 3%]
frame_002452,-1.0,1.087,68.0018,4.2154,73.3053,-1,0.0, -> [chair (Top-Right): 2%]
frame_002453,-1.0,2.3582,68.9408,4.059,75.3594,-1,0.0, -> [chair (Top-Right): 1%]
frame_002454,-1.0,2.3376,67.3859,4.3598,74.0851,-1,0.0, -> [chair (Top-Right): 1%]
frame_002455,-1.0,2.6859,67.5354,4.0561,74.2783,-1,0.0, -> [background only]
frame_002456,-1.0,2.3702,67.0262,4.1157,73.514,-1,0.0, -> [background only]
frame_002457,-1.0,2.1948,66.7699,4.1032,73.0691,-1,0.0, -> [background only]
frame_002458,-1.0,3.3153,64.0647,4.1053,71.4867,-1,0.0, -> [background only]
frame_002459,-1.0,2.6502,66.533,4.0848,73.2695,-1,0.0, -> [background only]
frame_002460,-1.0,2.2871,64.2684,3.9524,70.509,-1,0.0, -> [background only]
frame_002461,-1.0,1.7789,64.495,3.9572,70.2324,-1,0.0, -> [background only]
frame_002462,-1.0,2.0373,65.0588,4.1566,71.2547,-1,0.0, -> [background only]
frame_002463,-1.0,1.7468,64.7083,3.9352,70.3914,-1,0.0, -> [background only]
frame_002464,-1.0,2.4282,67.9785,4.0495,74.4579,-1,0.0, -> [background only]
frame_002465,-1.0,2.0367,66.0749,3.9487,72.0614,-1,0.0, -> [background only]
frame_002466,-1.0,2.2987,65.8699,3.6661,71.836,-1,0.0, -> [background only]
frame_002467,-1.0,2.1576,66.8595,3.8978,72.916,-1,0.0, -> [background only]
frame_002468,-1.0,2.041,66.9965,4.0282,73.0671,-1,0.0, -> [background only]
frame_002469,-1.0,2.4375,65.1879,4.1501,71.7769,-1,0.0, -> [background only]
frame_002470,-1.0,1.914,67.3051,4.1953,73.4162,-1,0.0, -> [background only]
frame_002471,-1.0,1.8689,65.4517,3.9329,71.2553,-1,0.0, -> [background only]
frame_002472,-1.0,1.5138,64.334,4.0926,69.942,-1,0.0, -> [background only]
frame_002473,-1.0,1.9219,65.5215,4.1433,71.5887,-1,0.0, -> [background only]
frame_002474,-1.0,2.5801,70.6497,4.0597,77.2921,-1,0.0, -> [background only]
frame_002475,-1.0,2.2605,65.139,4.0884,71.4894,-1,0.0, -> [background only]
frame_002476,-1.0,2.3289,69.826,3.821,75.9773,-1,0.0, -> [background only]
frame_002477,-1.0,2.7266,66.5943,4.0074,73.3298,-1,0.0, -> [background only]
frame_002478,-1.0,3.5166,69.7975,3.9119,77.2273,-1,0.0, -> [background only]
frame_002479,-1.0,2.4222,67.3647,4.0303,73.8182,-1,0.0, -> [background only]
frame_002480,-1.0,2.003,65.2308,3.9895,71.2246,-1,0.0, -> [background only]
frame_002481,-1.0,2.2923,66.6322,3.9119,72.8377,-1,0.0, -> [background only]
frame_002482,-1.0,2.0029,67.2746,4.0391,73.3179,-1,0.0, -> [background only]
frame_002483,-1.0,2.5045,64.7731,3.9708,71.2495,-1,0.0, -> [background only]
frame_002484,-1.0,1.9181,66.1876,4.0904,72.1972,-1,0.0, -> [background only]
frame_002485,-1.0,2.9915,67.304,4.0998,74.3971,-1,0.0, -> [background only]
frame_002486,-1.0,2.1979,65.9112,3.942,72.053,-1,0.0, -> [background only]
frame_002487,-1.0,2.4621,65.5756,4.1017,72.1406,-1,0.0, -> [background only]
frame_002488,-1.0,2.6484,66.3932,3.9778,73.0212,-1,0.0, -> [background only]
frame_002489,-1.0,2.0279,66.1021,4.0287,72.1605,-1,0.0, -> [background only]
frame_002490,-1.0,2.5391,68.8864,3.8999,75.3266,-1,0.0, -> [background only]
frame_002491,-1.0,2.3558,64.9685,3.9842,71.31,-1,0.0, -> [background only]
frame_002492,-1.0,2.9432,67.2919,4.0546,74.2916,-1,0.0, -> [background only]
frame_002493,-1.0,2.7936,68.0787,3.9476,74.8218,-1,0.0, -> [background only]
frame_002494,-1.0,2.2809,66.9791,3.956,73.2172,-1,0.0, -> [background only]
frame_002495,-1.0,1.8902,65.0568,4.1533,71.1015,-1,0.0, -> [background only]
frame_002496,-1.0,2.3922,67.8068,4.2544,74.4555,-1,0.0, -> [background only]
frame_002497,-1.0,2.1024,67.0692,4.106,73.2792,-1,0.0, -> [background only]
frame_002498,-1.0,3.494,64.5374,5.2136,73.2462,-1,0.0, -> [background only]
frame_002499,-1.0,3.3851,66.968,3.876,74.2301,-1,0.0, -> [background only]
frame_002500,-1.0,1.8789,64.69,4.0884,70.6583,-1,0.0, -> [background only]
frame_002501,-1.0,2.009,65.5218,3.9067,71.4385,-1,0.0, -> [background only]
frame_002502,-1.0,1.817,65.1269,3.9729,70.9182,-1,0.0, -> [background only]
frame_002503,-1.0,2.4089,65.2273,3.9665,71.6038,-1,0.0, -> [background only]
frame_002504,-1.0,2.6423,66.6358,3.9991,73.2784,-1,0.0, -> [background only]
frame_002505,-1.0,1.9801,66.0406,3.9455,71.9673,-1,0.0, -> [background only]
frame_002506,-1.0,2.3683,66.2269,3.9523,72.5485,-1,0.0, -> [background only]
frame_002507,-1.0,1.522,63.5277,4.058,69.1097,-1,0.0, -> [background only]
frame_002508,-1.0,1.4483,65.2133,3.9898,70.6531,-1,0.0, -> [background only]
frame_002509,-1.0,2.1866,65.8173,3.9107,71.9165,-1,0.0, -> [background only]
frame_002510,-1.0,2.1398,66.6869,3.9273,72.7553,-1,0.0, -> [background only]
frame_002511,-1.0,2.2547,67.0289,3.9532,73.2379,-1,0.0, -> [background only]
frame_002512,-1.0,2.3069,66.7731,4.1335,73.2148,-1,0.0, -> [background only]
frame_002513,-1.0,2.2826,66.1322,3.8354,72.2519,-1,0.0, -> [background only]
frame_002514,-1.0,1.2353,64.7027,4.0173,69.9566,-1,0.0, -> [background only]
frame_002515,-1.0,1.2231,65.4607,4.1013,70.7871,-1,0.0, -> [background only]
frame_002516,-1.0,1.2323,65.5231,4.0296,70.787,-1,0.0, -> [background only]
frame_002517,-1.0,1.6727,63.9093,4.0992,69.6832,-1,0.0, -> [background only]
frame_002518,-1.0,1.4718,67.3718,3.9429,72.7878,-1,0.0, -> [background only]
frame_002519,-1.0,1.9898,64.9114,3.9831,70.8856,-1,0.0, -> [background only]
frame_002520,-1.0,2.2687,67.0658,3.9287,73.2644,-1,0.0, -> [background only]
frame_002521,-1.0,2.577,69.7207,4.0432,76.3433,-1,0.0, -> [background only]
frame_002522,-1.0,2.8194,68.7464,4.0371,75.6052,-1,0.0, -> [background only]
frame_002523,-1.0,3.5224,65.9025,4.0445,73.4714,-1,0.0, -> [background only]
frame_002524,-1.0,3.2525,66.5553,4.0912,73.9001,-1,0.0, -> [background only]
frame_002525,-1.0,2.6835,65.9176,3.8986,72.5007,-1,0.0, -> [background only]
frame_002526,-1.0,2.0803,65.5701,4.0491,71.7005,-1,0.0, -> [background only]
frame_002527,-1.0,2.2121,63.9434,3.8191,69.9756,-1,0.0, -> [background only]
frame_002528,-1.0,1.9678,65.8254,3.9981,71.7925,-1,0.0, -> [background only]
frame_002529,-1.0,2.0018,66.0385,4.1483,72.1896,-1,0.0, -> [background only]
frame_002530,-1.0,2.0961,64.8672,4.0122,70.9765,-1,0.0, -> [background only]
frame_002531,-1.0,1.5405,67.3066,4.0675,72.9161,-1,0.0, -> [background only]
frame_002532,-1.0,2.6838,68.5542,3.9447,75.1839,-1,0.0, -> [background only]
frame_002533,-1.0,2.3519,66.4075,3.9669,72.7275,-1,0.0, -> [background only]
frame_002534,-1.0,1.9887,66.4426,4.094,72.5271,-1,0.0, -> [background only]
frame_002535,-1.0,2.2504,66.4652,3.9707,72.6875,-1,0.0, -> [background only]
frame_002536,-1.0,2.592,68.8299,3.9858,75.4095,-1,0.0, -> [background only]
frame_002537,-1.0,1.9288,65.4361,4.2983,71.665,-1,0.0, -> [background only]
frame_002538,-1.0,2.7979,67.585,4.009,74.3937,-1,0.0, -> [background only]
frame_002539,-1.0,1.8733,68.1369,3.8967,73.9081,-1,0.0, -> [background only]
frame_002540,-1.0,2.4104,65.0902,3.903,71.4048,-1,0.0, -> [background only]
frame_002541,-1.0,2.2891,67.227,4.0424,73.5605,-1,0.0, -> [background only]
frame_002542,-1.0,2.6552,65.4191,4.0422,72.1178,-1,0.0, -> [background only]
frame_002543,-1.0,2.1717,70.3453,3.9268,76.445,-1,0.0, -> [background only]
frame_002544,-1.0,2.6209,69.746,4.0928,76.4609,-1,0.0, -> [background only]
frame_002545,-1.0,2.6458,65.7893,4.1864,72.6228,-1,0.0, -> [background only]
frame_002546,-1.0,2.5843,65.4621,3.9767,72.0243,-1,0.0, -> [background only]
frame_002547,-1.0,1.9816,66.0177,3.979,71.9795,-1,0.0, -> [background only]
frame_002548,-1.0,2.1805,65.0472,3.7899,71.0186,-1,0.0, -> [background only]
frame_002549,-1.0,2.3829,66.4063,4.019,72.8091,-1,0.0, -> [background only]
frame_002550,-1.0,2.4567,66.4839,4.1772,73.1193,-1,0.0, -> [background only]
frame_002551,-1.0,2.7448,69.2203,4.1218,76.0897,-1,0.0, -> [background only]
frame_002552,-1.0,2.5172,65.2313,4.0364,71.7862,-1,0.0, -> [background only]
frame_002553,-1.0,2.2025,66.5805,4.038,72.823,-1,0.0, -> [background only]
frame_002554,-1.0,2.3869,66.134,4.1082,72.6309,-1,0.0, -> [background only]
frame_002555,-1.0,2.2465,64.6682,4.067,70.9838,-1,0.0, -> [background only]
frame_002556,-1.0,2.2497,67.9586,4.0035,74.2139,-1,0.0, -> [background only]
frame_002557,-1.0,2.5121,69.2867,4.0106,75.8112,-1,0.0, -> [background only]
frame_002558,-1.0,2.6349,70.5224,3.8997,77.059,-1,0.0, -> [background only]
frame_002559,-1.0,2.1966,67.5059,4.0366,73.7406,-1,0.0, -> [background only]
frame_002560,-1.0,2.6202,68.1486,4.0718,74.8423,-1,0.0, -> [background only]
frame_002561,-1.0,4.8569,67.2756,4.0161,76.1501,-1,0.0, -> [background only]
frame_002562,-1.0,3.0904,65.8056,4.2737,73.172,-1,0.0, -> [background only]
frame_002563,-1.0,2.9994,65.3799,4.0267,72.4073,-1,0.0, -> [background only]
frame_002564,-1.0,2.1733,65.5519,4.2227,71.9496,-1,0.0, -> [background only]
frame_002565,-1.0,2.3102,66.9775,3.9872,73.2762,-1,0.0, -> [background only]
frame_002566,-1.0,1.9869,65.3259,4.2694,71.5837,-1,0.0, -> [background only]
frame_002567,-1.0,2.7962,64.2991,3.8528,70.9497,-1,0.0, -> [background only]
frame_002568,-1.0,2.338,65.0779,3.9728,71.3901,-1,0.0, -> [background only]
frame_002569,-1.0,1.5395,62.9277,3.9596,68.4281,-1,0.0, -> [background only]
frame_002570,-1.0,1.2213,64.8634,4.12,70.2064,-1,0.0, -> [background only]
frame_002571,-1.0,1.4464,64.1805,4.0702,69.6981,-1,0.0, -> [background only]
frame_002572,-1.0,1.0772,66.0668,4.0138,71.1597,-1,0.0, -> [background only]
frame_002573,-1.0,2.8646,65.2257,4.0365,72.1279,-1,0.0, -> [background only]
frame_002574,-1.0,2.3192,66.5584,3.9957,72.8747,-1,0.0, -> [background only]
frame_002575,-1.0,2.1924,65.2794,4.0593,71.5322,-1,0.0, -> [background only]
frame_002576,-1.0,2.4139,68.3913,3.8955,74.7022,-1,0.0, -> [background only]
frame_002577,-1.0,2.5354,68.6116,4.0595,75.2086,-1,0.0, -> [background only]
frame_002578,-1.0,1.4939,66.5657,3.9501,72.0114,-1,0.0, -> [background only]
frame_002579,-1.0,2.2078,66.2646,4.0522,72.5259,-1,0.0, -> [background only]
frame_002580,-1.0,2.1742,66.6326,4.1848,72.9938,-1,0.0, -> [background only]
frame_002581,-1.0,2.221,65.458,4.1124,71.793,-1,0.0, -> [background only]
frame_002582,-1.0,2.4295,64.7567,4.1636,71.3516,-1,0.0, -> [background only]
frame_002583,-1.0,2.3399,66.3243,4.0106,72.6761,-1,0.0, -> [background only]
frame_002584,-1.0,2.0152,67.0421,4.062,73.121,-1,0.0, -> [background only]
frame_002585,-1.0,2.2834,67.216,4.0974,73.5987,-1,0.0, -> [background only]
frame_002586,-1.0,2.7348,68.5452,4.002,75.2834,-1,0.0, -> [background only]
frame_002587,-1.0,2.5867,65.6496,3.893,72.1309,-1,0.0, -> [background only]
frame_002588,-1.0,2.4625,64.4159,3.9048,70.7845,-1,0.0, -> [background only]
frame_002589,-1.0,3.0333,66.5942,3.9793,73.6078,-1,0.0, -> [background only]
frame_002590,-1.0,3.0712,64.3894,3.9195,71.3812,-1,0.0, -> [background only]
frame_002591,-1.0,1.7977,67.0979,4.0218,72.9189,-1,0.0, -> [background only]
frame_002592,-1.0,3.3292,65.177,4.0042,72.5121,-1,0.0, -> [background only]
frame_002593,-1.0,2.7264,64.6719,3.9956,71.3949,-1,0.0, -> [background only]
frame_002594,-1.0,2.8062,69.2939,3.9265,76.0279,-1,0.0, -> [background only]
frame_002595,-1.0,2.4792,69.5683,3.9651,76.0144,-1,0.0, -> [background only]
frame_002596,-1.0,2.0165,65.2342,4.0021,71.2543,-1,0.0, -> [background only]
frame_002597,-1.0,2.5692,66.9054,4.0795,73.5562,-1,0.0, -> [background only]
frame_002598,-1.0,2.3324,67.6215,4.0409,73.9962,-1,0.0, -> [background only]
frame_002599,-1.0,2.6081,66.7387,3.9418,73.2902,-1,0.0, -> [background only]
frame_002600,-1.0,2.1093,67.9038,3.8804,73.8948,-1,0.0, -> [background only]
frame_002601,-1.0,1.4985,64.4735,4.034,70.0073,-1,0.0, -> [background only]
frame_002602,-1.0,1.6549,63.6449,5.4989,70.8001,-1,0.0, -> [background only]
frame_002603,-1.0,2.2464,70.3117,3.9586,76.5187,-1,0.0, -> [background only]
frame_002604,-1.0,2.307,68.5305,4.0267,74.866,-1,0.0, -> [background only]
frame_002605,-1.0,2.277,67.4681,4.117,73.8638,-1,0.0, -> [background only]
frame_002606,-1.0,5.1581,67.4399,3.8904,76.4894,-1,0.0, -> [background only]
frame_002607,-1.0,2.9799,64.6204,4.0336,71.6354,-1,0.0, -> [background only]
frame_002608,-1.0,1.9417,65.257,3.9546,71.1547,-1,0.0, -> [background only]
frame_002609,-1.0,2.0084,66.6307,3.9616,72.6022,-1,0.0, -> [background only]
frame_002610,-1.0,1.804,63.5752,3.9416,69.3221,-1,0.0, -> [background only]
frame_002611,-1.0,2.1567,65.5978,3.969,71.7252,-1,0.0, -> [background only]
frame_002612,-1.0,2.024,64.898,4.0597,70.9833,-1,0.0, -> [background only]
frame_002613,-1.0,2.2562,65.8218,4.0494,72.1295,-1,0.0, -> [background only]
frame_002614,-1.0,2.8639,67.3946,3.9721,74.2322,-1,0.0, -> [background only]
frame_002615,-1.0,2.5857,66.4423,3.9408,72.9702,-1,0.0, -> [background only]
frame_002616,-1.0,2.002,64.9228,3.8914,70.8172,-1,0.0, -> [background only]
frame_002617,-1.0,2.7018,66.0589,3.9742,72.7362,-1,0.0, -> [background only]
frame_002618,-1.0,2.1701,68.5168,3.9404,74.6286,-1,0.0, -> [background only]
frame_002619,-1.0,2.4314,67.7386,4.0774,74.2492,-1,0.0, -> [background only]
frame_002620,-1.0,2.6268,66.237,4.0315,72.8975,-1,0.0, -> [background only]
frame_002621,-1.0,2.4287,65.2603,4.1863,71.8768,-1,0.0, -> [background only]
frame_002622,-1.0,2.7409,70.208,4.0813,77.0321,-1,0.0, -> [background only]
frame_002623,-1.0,2.2825,66.711,3.8925,72.8873,-1,0.0, -> [background only]
frame_002624,-1.0,1.7699,66.3708,4.1279,72.2701,-1,0.0, -> [background only]
frame_002625,-1.0,2.7298,66.4042,4.01,73.1454,-1,0.0, -> [background only]
frame_002626,-1.0,2.564,69.5494,4.0685,76.1832,-1,0.0, -> [background only]
frame_002627,-1.0,2.4494,66.0296,3.9856,72.4656,-1,0.0, -> [background only]
frame_002628,-1.0,2.9428,63.7663,4.0087,70.7192,-1,0.0, -> [background only]
frame_002629,-1.0,2.3737,64.4054,4.1397,70.9204,-1,0.0, -> [background only]
frame_002630,-1.0,2.719,64.0911,4.0867,70.8984,-1,0.0, -> [background only]
frame_002631,-1.0,2.2044,66.5778,3.9963,72.7799,-1,0.0, -> [background only]
frame_002632,-1.0,1.8008,65.1902,3.9448,70.9368,-1,0.0, -> [background only]
frame_002633,-1.0,2.0213,67.0439,4.0585,73.1254,-1,0.0, -> [background only]
frame_002634,-1.0,2.7295,67.1591,3.9619,73.8522,-1,0.0, -> [background only]
frame_002635,-1.0,2.3294,64.8194,3.9766,71.1265,-1,0.0, -> [background only]
frame_002636,-1.0,2.2886,67.2157,4.0459,73.5516,-1,0.0, -> [background only]
frame_002637,-1.0,2.7564,67.2911,4.1061,74.1548,-1,0.0, -> [background only]
frame_002638,-1.0,2.4545,66.7353,4.07,73.2607,-1,0.0, -> [background only]
frame_002639,-1.0,2.5618,66.8166,4.0387,73.4187,-1,0.0, -> [background only]
frame_002640,-1.0,2.0846,66.7501,4.1136,72.9497,-1,0.0, -> [background only]
frame_002641,-1.0,2.6829,65.8797,4.043,72.6065,-1,0.0, -> [background only]
frame_002642,-1.0,2.2882,66.0473,4.0207,72.3577,-1,0.0, -> [background only]
frame_002643,-1.0,2.1517,65.8746,3.9896,72.017,-1,0.0, -> [background only]
frame_002644,-1.0,2.329,65.3547,3.9141,71.5991,-1,0.0, -> [background only]
frame_002645,-1.0,2.3274,67.1198,3.7326,73.1812,-1,0.0, -> [background only]
frame_002646,-1.0,2.0935,65.7054,3.9969,71.7969,-1,0.0, -> [background only]
frame_002647,-1.0,2.0583,66.2635,3.9261,72.249,-1,0.0, -> [background only]
frame_002648,-1.0,1.8491,67.5307,4.0167,73.3976,-1,0.0, -> [background only]
frame_002649,-1.0,2.9075,67.8936,3.993,74.7952,-1,0.0, -> [background only]
frame_002650,-1.0,2.6475,65.4698,4.0111,72.1293,-1,0.0, -> [background only]
frame_002651,-1.0,1.9704,67.3004,4.1144,73.3862,-1,0.0, -> [background only]
frame_002652,-1.0,2.5338,66.5024,4.1018,73.1393,-1,0.0, -> [background only]
frame_002653,-1.0,2.5087,65.9444,3.9443,72.3986,-1,0.0, -> [background only]
frame_002654,-1.0,1.8084,65.8386,4.0444,71.6936,-1,0.0, -> [background only]
frame_002655,-1.0,2.5855,67.0682,4.0066,73.6618,-1,0.0, -> [background only]
frame_002656,-1.0,2.5504,69.3561,3.9273,75.8353,-1,0.0, -> [background only]
frame_002657,-1.0,2.3251,68.3922,4.0764,74.7957,-1,0.0, -> [background only]
frame_002658,-1.0,2.4656,66.0172,4.0504,72.5343,-1,0.0, -> [background only]
frame_002659,-1.0,2.2647,66.4261,3.8789,72.5717,-1,0.0, -> [background only]
frame_002660,-1.0,2.2478,67.3209,4.0342,73.6041,-1,0.0, -> [background only]
frame_002661,-1.0,2.2851,67.4163,3.9619,73.6641,-1,0.0, -> [background only]
frame_002662,-1.0,2.2069,65.8985,4.0636,72.17,-1,0.0, -> [background only]
frame_002663,-1.0,2.2093,66.116,4.1045,72.4309,-1,0.0, -> [background only]
frame_002664,-1.0,2.0478,70.3784,3.9191,76.3467,-1,0.0, -> [background only]
frame_002665,-1.0,2.4718,69.4507,3.9779,75.9019,-1,0.0, -> [background only]
frame_002666,-1.0,3.2656,67.8688,3.9182,75.0539,-1,0.0, -> [background only]
frame_002667,-1.0,3.0804,67.0857,4.0021,74.1692,-1,0.0, -> [background only]
frame_002668,-1.0,2.5831,65.4189,3.9157,71.919,-1,0.0, -> [background only]
frame_002669,-1.0,2.0182,66.6514,3.9753,72.6459,-1,0.0, -> [background only]
frame_002670,-1.0,2.4482,64.6242,4.0469,71.1203,-1,0.0, -> [background only]
frame_002671,-1.0,2.7074,66.7512,4.0201,73.4801,-1,0.0, -> [background only]
frame_002672,-1.0,1.9577,65.0771,3.8427,70.8784,-1,0.0, -> [background only]
frame_002673,-1.0,2.2883,66.2847,4.0966,72.6707,-1,0.0, -> [background only]
frame_002674,-1.0,2.2409,68.331,4.1351,74.7089,-1,0.0, -> [background only]
frame_002675,-1.0,1.7287,67.2488,4.0458,73.0243,-1,0.0, -> [background only]
frame_002676,-1.0,2.3092,64.4883,3.8156,70.6141,-1,0.0, -> [background only]
frame_002677,-1.0,2.0111,66.6427,3.9929,72.6477,-1,0.0, -> [background only]
frame_002678,-1.0,2.2834,66.923,4.0669,73.2749,-1,0.0, -> [background only]
frame_002679,-1.0,2.695,66.7198,3.9591,73.375,-1,0.0, -> [background only]
frame_002680,-1.0,1.9733,66.6378,4.0911,72.7033,-1,0.0, -> [background only]
frame_002681,-1.0,2.4486,66.8626,4.0356,73.3483,-1,0.0, -> [background only]
frame_002682,-1.0,2.5186,66.7491,3.9426,73.2114,-1,0.0, -> [background only]
frame_002683,-1.0,2.317,65.6088,4.0611,71.9883,-1,0.0, -> [background only]
frame_002684,-1.0,2.4138,67.0343,3.8845,73.3341,-1,0.0, -> [background only]
frame_002685,-1.0,2.5667,66.3701,4.0563,72.9945,-1,0.0, -> [background only]
frame_002686,-1.0,2.9801,69.7786,4.0166,76.7763,-1,0.0, -> [background only]
frame_002687,-1.0,2.9733,67.2815,3.9656,74.2214,-1,0.0, -> [background only]
frame_002688,-1.0,2.5534,65.1414,3.8442,71.54,-1,0.0, -> [background only]
frame_002689,-1.0,1.9935,65.8629,4.1531,72.0106,-1,0.0, -> [background only]
frame_002690,-1.0,2.0693,65.8741,4.0271,71.9717,-1,0.0, -> [background only]
frame_002691,-1.0,2.481,64.8809,3.8196,71.1826,-1,0.0, -> [background only]
frame_002692,-1.0,1.8244,66.5218,3.9591,72.3064,-1,0.0, -> [background only]
frame_002693,-1.0,2.3858,66.9146,3.9405,73.2419,-1,0.0, -> [background only]
frame_002694,-1.0,2.3883,68.2442,3.8698,74.5043,-1,0.0, -> [background only]
frame_002695,-1.0,2.4951,67.5783,3.9974,74.0724,-1,0.0, -> [background only]
frame_002696,-1.0,1.9633,66.6745,3.9951,72.6338,-1,0.0, -> [background only]
frame_002697,-1.0,1.9833,64.9957,4.0918,71.0723,-1,0.0, -> [background only]
frame_002698,-1.0,2.7928,67.6559,3.9525,74.4023,-1,0.0, -> [background only]
frame_002699,-1.0,2.4325,64.2694,4.0291,70.7325,-1,0.0, -> [background only]
frame_002700,-1.0,2.7343,65.8565,4.1042,72.6957,-1,0.0, -> [background only]
frame_002701,-1.0,1.9976,64.6708,4.0125,70.6824,-1,0.0, -> [background only]
frame_002702,-1.0,2.4582,65.6916,4.1944,72.3457,-1,0.0, -> [background only]
frame_002703,-1.0,2.4597,66.5862,3.931,72.9788,-1,0.0, -> [background only]
frame_002704,-1.0,1.4403,64.5523,3.7733,69.7673,-1,0.0, -> [background only]
frame_002705,-1.0,1.2645,65.3192,4.0649,70.6505,-1,0.0, -> [background only]
frame_002706,-1.0,1.3001,65.4569,4.0296,70.7878,-1,0.0, -> [background only]
frame_002707,-1.0,1.5554,68.0066,3.9644,73.528,-1,0.0, -> [background only]
frame_002708,-1.0,1.9451,66.5169,3.9643,72.4277,-1,0.0, -> [background only]
frame_002709,-1.0,2.8154,68.0775,4.2335,75.1286,-1,0.0, -> [background only]
frame_002710,-1.0,2.8795,64.5174,5.0946,72.4933,-1,0.0, -> [background only]
frame_002711,-1.0,2.9421,65.7936,3.9242,72.661,-1,0.0, -> [background only]
frame_002712,-1.0,3.2522,65.0172,4.1778,72.4483,-1,0.0, -> [background only]
frame_002713,-1.0,2.4744,64.6498,4.1713,71.2969,-1,0.0, -> [background only]
frame_002714,-1.0,3.4358,67.8293,3.9006,75.1668,-1,0.0, -> [background only]
frame_002715,-1.0,2.0905,64.3228,4.0955,70.51,-1,0.0, -> [background only]
frame_002716,-1.0,2.2301,64.9592,3.9832,71.1742,-1,0.0, -> [background only]
frame_002717,-1.0,2.1953,65.548,4.0051,71.7496,-1,0.0, -> [background only]
frame_002718,-1.0,2.286,67.1978,3.8522,73.3369,-1,0.0, -> [background only]
frame_002719,-1.0,1.9517,63.0836,3.9887,69.0252,-1,0.0, -> [background only]
frame_002720,-1.0,1.9708,67.926,4.0393,73.9382,-1,0.0, -> [background only]
frame_002721,-1.0,2.9444,67.3938,4.0167,74.3565,-1,0.0, -> [background only]
frame_002722,-1.0,2.6148,69.0644,3.9721,75.6526,-1,0.0, -> [background only]
frame_002723,-1.0,2.4424,66.142,3.9489,72.5341,-1,0.0, -> [background only]
frame_002724,-1.0,2.2712,65.63,3.8982,71.8011,-1,0.0, -> [background only]
frame_002725,-1.0,2.3404,64.8142,4.1011,71.258,-1,0.0, -> [background only]
frame_002726,-1.0,2.1867,66.7289,3.841,72.7579,-1,0.0, -> [background only]
frame_002727,-1.0,2.2658,66.3894,4.016,72.6725,-1,0.0, -> [background only]
frame_002728,-1.0,2.4377,66.4088,3.9824,72.8301,-1,0.0, -> [background only]
frame_002729,-1.0,2.7697,68.6882,4.0885,75.5481,-1,0.0, -> [background only]
frame_002730,-1.0,2.4992,67.9294,4.1721,74.6017,-1,0.0, -> [background only]
frame_002731,-1.0,3.7291,66.5061,4.0491,74.2864,-1,0.0, -> [background only]
frame_002732,-1.0,2.6363,66.8389,3.9958,73.4721,-1,0.0, -> [background only]
frame_002733,-1.0,2.5374,65.996,3.9291,72.4632,-1,0.0, -> [background only]
frame_002734,-1.0,2.278,66.438,3.9129,72.6299,-1,0.0, -> [background only]
frame_002735,-1.0,1.2226,65.0284,3.8995,70.1517,-1,0.0, -> [background only]
frame_002736,-1.0,1.4873,64.3115,4.1005,69.901,-1,0.0, -> [background only]
frame_002737,-1.0,1.496,66.295,4.0813,71.8737,-1,0.0, -> [background only]
frame_002738,-1.0,1.1462,63.9032,4.1094,69.1599,-1,0.0, -> [background only]
frame_002739,-1.0,1.3811,68.5623,4.0871,74.0312,-1,0.0, -> [background only]
frame_002740,-1.0,2.016,64.1068,4.0982,70.2228,-1,0.0, -> [background only]
frame_002741,-1.0,2.6046,66.8171,3.8826,73.3055,-1,0.0, -> [background only]
frame_002742,-1.0,1.9713,66.4069,3.9567,72.3361,-1,0.0, -> [background only]
frame_002743,-1.0,2.4561,67.4857,3.9533,73.8962,-1,0.0, -> [background only]
frame_002744,-1.0,1.4619,66.5608,4.01,72.0337,-1,0.0, -> [background only]
frame_002745,-1.0,2.4592,65.9019,4.0933,72.4553,-1,0.0, -> [background only]
frame_002746,-1.0,2.317,65.8447,4.0123,72.1752,-1,0.0, -> [background only]
frame_002747,-1.0,2.6479,65.863,4.0159,72.5279,-1,0.0, -> [background only]
frame_002748,-1.0,1.9921,71.4057,4.0,77.3995,-1,0.0, -> [background only]
frame_002749,-1.0,2.425,65.2988,3.9522,71.6772,-1,0.0, -> [background only]
frame_002750,-1.0,1.8464,65.3762,3.9727,71.1971,-1,0.0, -> [background only]
frame_002751,-1.0,2.2559,67.9974,4.0885,74.3429,-1,0.0, -> [background only]
frame_002752,-1.0,2.6212,66.2426,3.8471,72.7127,-1,0.0, -> [background only]
frame_002753,-1.0,2.8112,67.5252,4.0636,74.4018,-1,0.0, -> [background only]
frame_002754,-1.0,2.4231,66.8924,4.0935,73.4106,-1,0.0, -> [background only]
frame_002755,-1.0,2.7218,64.1795,5.2887,72.1919,-1,0.0, -> [background only]
frame_002756,-1.0,1.7815,64.7994,4.1152,70.6975,-1,0.0, -> [background only]
frame_002757,-1.0,1.163,62.5243,3.9793,67.668,-1,0.0, -> [background only]
frame_002758,-1.0,1.1077,63.1733,4.0239,68.3059,-1,0.0, -> [background only]
frame_002759,-1.0,1.1532,66.049,3.9573,71.1612,-1,0.0, -> [background only]
frame_002760,-1.0,2.5924,64.448,4.0848,71.127,-1,0.0, -> [background only]
frame_002761,-1.0,2.5419,66.8406,4.0306,73.4151,-1,0.0, -> [background only]
frame_002762,-1.0,2.7435,65.803,4.0393,72.587,-1,0.0, -> [background only]
frame_002763,-1.0,2.2837,65.7557,3.9072,71.948,-1,0.0, -> [background only]
frame_002764,-1.0,2.2374,66.339,3.9519,72.5298,-1,0.0, -> [background only]
frame_002765,-1.0,2.3228,67.6299,4.0863,74.041,-1,0.0, -> [background only]
frame_002766,-1.0,1.76,67.0621,4.0867,72.9098,-1,0.0, -> [background only]
frame_002767,-1.0,3.0401,65.0722,4.094,72.2074,-1,0.0, -> [background only]
frame_002768,-1.0,2.4615,68.4171,3.9036,74.7833,-1,0.0, -> [background only]
frame_002769,-1.0,2.3569,65.3342,4.1032,71.7955,-1,0.0, -> [background only]
frame_002770,-1.0,2.4463,65.0285,4.0549,71.5311,-1,0.0, -> [background only]
frame_002771,-1.0,2.3125,66.4653,4.2169,72.9957,-1,0.0, -> [background only]
frame_002772,-1.0,2.6291,66.771,4.0149,73.4166,-1,0.0, -> [background only]
frame_002773,-1.0,2.2912,67.5114,4.019,73.8226,-1,0.0, -> [background only]
frame_002774,-1.0,1.9681,66.4651,4.1028,72.5372,-1,0.0, -> [background only]
frame_002775,-1.0,2.9172,70.1383,4.1156,77.173,-1,0.0, -> [background only]
frame_002776,-1.0,3.0238,68.3834,3.9318,75.3398,-1,0.0, -> [background only]
frame_002777,-1.0,2.2084,67.6069,3.9674,73.7836,-1,0.0, -> [background only]
frame_002778,-1.0,2.4604,65.4107,3.8624,71.7345,-1,0.0, -> [background only]
frame_002779,-1.0,1.9746,66.7819,3.9976,72.755,-1,0.0, -> [background only]
frame_002780,-1.0,2.0462,65.259,4.1466,71.4532,-1,0.0, -> [background only]
frame_002781,-1.0,2.7426,64.1326,4.0745,70.9517,-1,0.0, -> [background only]
frame_002782,-1.0,2.8028,68.942,4.0968,75.8432,-1,0.0, -> [background only]
frame_002783,-1.0,1.9642,64.16,3.8631,69.9884,-1,0.0, -> [background only]
frame_002784,-1.0,2.0249,67.2406,4.1863,73.4537,-1,0.0, -> [background only]
frame_002785,-1.0,2.9659,66.4903,4.0245,73.4818,-1,0.0, -> [background only]
frame_002786,-1.0,2.3799,67.2743,3.9739,73.6303,-1,0.0, -> [background only]
frame_002787,-1.0,2.0348,64.814,3.9807,70.8308,-1,0.0, -> [background only]
frame_002788,-1.0,2.1964,66.1985,4.0091,72.4053,-1,0.0, -> [background only]
frame_002789,-1.0,2.6049,67.5292,4.0099,74.1459,-1,0.0, -> [background only]
frame_002790,-1.0,2.3469,66.3538,3.985,72.6872,-1,0.0, -> [background only]
frame_002791,-1.0,2.3222,67.7186,4.0672,74.11,-1,0.0, -> [background only]
frame_002792,-1.0,2.6522,66.1831,4.1729,73.0097,-1,0.0, -> [background only]
frame_002793,-1.0,2.0893,66.8308,4.0708,72.9933,-1,0.0, -> [background only]
frame_002794,-1.0,2.2845,67.3251,3.967,73.5784,-1,0.0, -> [background only]
frame_002795,-1.0,2.9345,66.7865,4.0569,73.7801,-1,0.0, -> [background only]
frame_002796,-1.0,3.0093,67.2571,3.9946,74.2625,-1,0.0, -> [background only]
frame_002797,-1.0,2.5802,67.5042,4.5626,74.6486,-1,0.0, -> [background only]
frame_002798,-1.0,2.948,66.8137,3.9553,73.7183,-1,0.0, -> [background only]
frame_002799,-1.0,2.2075,66.304,4.0594,72.5722,-1,0.0, -> [person (Right): 1%]
frame_002800,-1.0,2.4361,65.6594,3.9034,72.0003,-1,0.0, -> [background only]
frame_002801,-1.0,2.2098,65.4614,4.2404,71.9132,-1,0.0," -> [bicycle (Right): 2%, chair (Top-Right): 2%]"
frame_002802,-1.0,2.2723,69.4032,4.1905,75.8682,-1,0.0, -> [chair (Right): 6%]
frame_002803,-1.0,2.7392,69.2873,4.2186,76.2466,-1,0.0, -> [chair (Right): 2%]
frame_002804,-1.0,2.1587,68.2239,4.0876,74.4715,-1,0.0, -> [chair (Right): 9%]
frame_002805,-1.0,2.3879,66.5141,4.3411,73.2447,-1,0.0, -> [chair (Right): 10%]
frame_002806,-1.0,2.3321,67.1602,4.321,73.8153,-1,0.0, -> [chair (Right): 6%]
frame_002807,-1.0,2.1152,64.6263,4.2875,71.0305,-1,0.0, -> [chair (Right): 10%]
frame_002808,-1.0,2.3226,65.7961,4.095,72.2148,-1,0.0, -> [chair (Center): 3%]
frame_002809,-1.0,1.982,67.0928,4.2809,73.3574,-1,0.0," -> [aeroplane (Top-Right): 4%, chair (Center): 3%]"
frame_002810,-1.0,1.6291,65.6825,4.2274,71.5409,-1,0.0," -> [aeroplane (Top-Right): 3%, chair (Center): 6%]"
frame_002811,-1.0,1.056,68.1553,4.1678,73.3806,-1,0.0, -> [chair (Center): 16%]
frame_002812,-1.0,2.8135,64.8872,4.4363,72.138,-1,0.0," -> [bicycle (Top-Right): 1%, chair (Center): 7%, person (Bottom-Right): 1%]"
frame_002813,-1.0,2.4732,69.8832,4.2229,76.5804,-1,0.0, -> [chair (Center): 9%]
frame_002814,-1.0,2.1845,65.6172,4.4593,72.2621,-1,0.0," -> [aeroplane (Top-Right): 3%, chair (Center): 6%]"
frame_002815,-1.0,2.5958,66.8917,4.286,73.7746,-1,0.0," -> [aeroplane (Top-Right): 1%, chair (Center): 18%]"
frame_002816,-1.0,2.239,66.1776,4.1341,72.5518,-1,0.0," -> [aeroplane (Top-Right): 1%, chair (Center): 4%]"
frame_002817,-1.0,2.0491,65.4509,4.2911,71.7926,-1,0.0," -> [bicycle (Top-Right): 2%, chair (Center): 6%]"
frame_002818,-1.0,2.3198,65.0033,4.0584,71.3828,-1,0.0, -> [chair (Center): 4%]
frame_002819,-1.0,2.5067,67.8938,4.0715,74.4735,-1,0.0, -> [chair (Center): 1%]
frame_002820,-1.0,2.3555,66.6269,3.9788,72.9626,-1,0.0, -> [background only]
frame_002821,-1.0,1.9857,65.1182,4.048,71.1535,-1,0.0, -> [background only]
frame_002822,-1.0,2.3985,66.504,4.0096,72.9136,-1,0.0, -> [background only]
frame_002823,-1.0,1.9902,66.1981,4.0897,72.2802,-1,0.0, -> [background only]
frame_002824,-1.0,2.3937,65.3614,4.0533,71.8098,-1,0.0, -> [background only]
frame_002825,-1.0,2.6309,67.7137,3.9377,74.2837,-1,0.0, -> [background only]
frame_002826,-1.0,1.3176,65.1539,3.903,70.3757,-1,0.0, -> [background only]
frame_002827,-1.0,1.326,66.3052,4.0474,71.6812,-1,0.0, -> [background only]
frame_002828,-1.0,1.0849,64.795,4.0756,69.9576,-1,0.0, -> [bicycle (Top-Left): 1%]
frame_002829,-1.0,3.0351,68.3138,3.9663,75.3169,-1,0.0, -> [background only]
frame_002830,-1.0,2.3704,69.2912,4.0865,75.7503,-1,0.0, -> [background only]
frame_002831,-1.0,2.7476,70.614,4.0629,77.4266,-1,0.0, -> [background only]
frame_002832,-1.0,2.4673,66.0382,4.0472,72.5543,-1,0.0, -> [background only]
frame_002833,-1.0,2.2739,66.8523,4.1002,73.2277,-1,0.0, -> [background only]
frame_002834,-1.0,2.3732,68.215,4.8152,75.4051,-1,0.0, -> [background only]
frame_002835,-1.0,3.0394,66.9023,4.0498,73.993,-1,0.0, -> [background only]
frame_002836,-1.0,2.9436,66.3449,4.0938,73.3831,-1,0.0, -> [person (Top): 1%]
frame_002837,-1.0,1.5457,63.8714,4.2201,69.6379,-1,0.0, -> [person (Top): 1%]
frame_002838,-1.0,1.0594,62.8731,3.9998,67.9332,-1,0.0, -> [person (Top): 1%]
frame_002839,-1.0,1.111,63.3774,4.0978,68.5875,-1,0.0, -> [person (Top-Left): 1%]
frame_002840,-1.0,2.1185,65.0751,3.9139,71.1085,-1,0.0, -> [background only]
frame_002841,-1.0,2.6236,65.2644,4.2744,72.1636,-1,0.0," -> [chair (Bottom-Right): 2%, person (Top-Left): 4%]"
frame_002842,-1.0,2.0608,66.6395,4.2034,72.9049,-1,0.0," -> [bicycle (Right): 6%, person (Top-Left): 3%]"
frame_002843,-1.0,1.9816,65.8744,4.3836,72.2406,-1,0.0," -> [bicycle (Right): 3%, chair (Bottom-Right): 2%, person (Top-Left): 2%]"
frame_002844,-1.0,2.0683,67.1455,4.13,73.3452,-1,0.0," -> [chair (Right): 14%, person (Top-Left): 3%]"
frame_002845,-1.0,2.1774,64.8161,4.5235,71.5183,-1,0.0," -> [bicycle (Right): 1%, chair (Right): 12%, person (Top-Left): 3%]"
frame_002846,-1.0,3.8199,68.2333,4.249,76.3036,-1,0.0," -> [chair (Right): 12%, person (Top-Left): 2%]"
frame_002847,-1.0,2.4581,67.8842,4.1427,74.4863,-1,0.0," -> [bicycle (Center): 1%, chair (Center): 5%]"
frame_002848,-1.0,2.3912,66.9922,4.5023,73.8875,-1,0.0," -> [bicycle (Center): 1%, chair (Center): 6%, person (Top-Left): 2%]"
frame_002849,-1.0,2.1401,67.366,4.2263,73.7337,-1,0.0," -> [bicycle (Center): 2%, chair (Center): 2%]"
frame_002850,-1.0,2.3585,65.1844,4.4515,71.9958,-1,0.0," -> [bicycle (Center): 2%, chair (Center): 6%]"
frame_002851,-1.0,2.3021,66.3426,4.2635,72.9098,-1,0.0," -> [bicycle (Center): 2%, chair (Center): 7%]"
frame_002852,-1.0,2.032,65.4924,4.2324,71.7578,-1,0.0," -> [bicycle (Center): 2%, chair (Center): 5%]"
frame_002853,-1.0,2.5188,67.2255,4.3991,74.1448,-1,0.0," -> [bicycle (Center): 2%, chair (Center): 5%]"
frame_002854,-1.0,2.554,66.2654,4.1331,72.9537,-1,0.0, -> [chair (Center): 9%]
frame_002855,-1.0,1.8604,67.5925,4.0161,73.4703,-1,0.0, -> [chair (Left): 8%]
frame_002856,-1.0,1.0626,68.9717,4.1355,74.1711,-1,0.0," -> [bicycle (Left): 3%, chair (Left): 2%]"
frame_002857,-1.0,2.9533,68.0764,4.3778,75.4092,-1,0.0," -> [bicycle (Left): 3%, chair (Left): 8%]"
frame_002858,-1.0,2.5734,68.5694,4.6559,75.8008,-1,0.0, -> [chair (Left): 7%]
frame_002859,-1.0,3.3737,65.4414,3.8325,72.6488,-1,0.0, -> [chair (Bottom-Left): 2%]
frame_002860,-1.0,2.6188,65.6544,4.0017,72.2759,-1,0.0, -> [background only]
frame_002861,-1.0,2.0454,66.5176,3.9741,72.5385,-1,0.0, -> [background only]
frame_002862,-1.0,1.9777,66.2721,4.1169,72.368,-1,0.0, -> [background only]
frame_002863,-1.0,2.7733,68.5109,4.02,75.3053,-1,0.0, -> [background only]
frame_002864,-1.0,2.4136,66.9691,3.9705,73.3546,-1,0.0, -> [background only]
frame_002865,-1.0,1.8044,66.385,4.1633,72.3546,-1,0.0, -> [background only]
frame_002866,-1.0,1.6121,64.9208,3.9917,70.5263,-1,0.0, -> [background only]
frame_002867,-1.0,2.2246,68.0873,3.9813,74.2942,-1,0.0, -> [background only]
frame_002868,-1.0,2.7232,66.6204,3.8095,73.1545,-1,0.0, -> [background only]
frame_002869,-1.0,2.2028,66.6338,4.0906,72.9293,-1,0.0, -> [background only]
frame_002870,-1.0,2.6249,68.3568,3.8756,74.8587,-1,0.0, -> [background only]
frame_002871,-1.0,2.6371,66.4834,4.1336,73.2561,-1,0.0, -> [background only]
frame_002872,-1.0,2.7763,70.4527,3.9888,77.2194,-1,0.0, -> [background only]
frame_002873,-1.0,2.4949,67.2688,3.9126,73.6781,-1,0.0, -> [background only]
frame_002874,-1.0,2.0159,66.1841,4.1045,72.3063,-1,0.0, -> [background only]
frame_002875,-1.0,4.35,65.7723,3.9633,74.087,-1,0.0, -> [background only]
frame_002876,-1.0,3.2011,68.0978,3.9229,75.2231,-1,0.0, -> [background only]
frame_002877,-1.0,2.6346,64.9252,4.0666,71.6274,-1,0.0, -> [background only]
frame_002878,-1.0,2.7362,66.5517,4.1926,73.4818,-1,0.0, -> [background only]
frame_002879,-1.0,2.7548,66.6037,4.0336,73.3937,-1,0.0, -> [background only]
frame_002880,-1.0,2.2112,66.6091,3.9763,72.7977,-1,0.0, -> [background only]
frame_002881,-1.0,2.5017,66.8548,4.0613,73.4197,-1,0.0, -> [background only]
frame_002882,-1.0,2.8529,66.5624,4.0115,73.4283,-1,0.0, -> [background only]
frame_002883,-1.0,1.6412,67.0126,4.1179,72.7736,-1,0.0, -> [tvmonitor (Top-Left): 1%]
frame_002884,-1.0,1.1273,68.9671,4.1278,74.224,-1,0.0, -> [tvmonitor (Top-Left): 1%]
frame_002885,-1.0,2.6968,68.1409,4.0332,74.8727,-1,0.0, -> [tvmonitor (Top-Left): 1%]
frame_002886,-1.0,3.0468,70.0007,3.8951,76.9437,-1,0.0, -> [background only]
frame_002887,-1.0,1.5245,63.6316,3.9651,69.1229,-1,0.0, -> [background only]
frame_002888,-1.0,1.1511,67.9405,4.4049,73.4986,-1,0.0, -> [tvmonitor (Top-Left): 1%]
frame_002889,-1.0,2.407,66.1052,4.1888,72.7025,-1,0.0, -> [tvmonitor (Top-Left): 1%]
frame_002890,-1.0,2.4637,69.1666,4.0782,75.7099,-1,0.0, -> [background only]
frame_002891,-1.0,2.485,68.981,3.9912,75.4592,-1,0.0, -> [background only]
frame_002892,-1.0,4.0451,68.0537,3.9966,76.0972,-1,0.0, -> [background only]
frame_002893,-1.0,3.1722,67.2502,3.9218,74.3453,-1,0.0, -> [background only]
frame_002894,-1.0,2.0184,65.6392,3.9478,71.6061,-1,0.0, -> [background only]
frame_002895,-1.0,2.0241,66.9915,4.1098,73.1262,-1,0.0, -> [tvmonitor (Top-Left): 1%]
frame_002896,-1.0,2.0648,66.5418,4.2205,72.8285,-1,0.0, -> [tvmonitor (Top-Left): 1%]
frame_002897,-1.0,2.3547,67.8524,4.0121,74.2212,-1,0.0, -> [tvmonitor (Top-Left): 1%]
frame_002898,-1.0,2.0218,66.4572,4.2358,72.7164,-1,0.0, -> [tvmonitor (Top-Left): 1%]
frame_002899,-1.0,2.8075,65.2356,4.0954,72.1398,-1,0.0, -> [tvmonitor (Top-Left): 1%]
frame_002900,-1.0,1.5075,69.0798,3.8755,74.4639,-1,0.0, -> [background only]
frame_002901,-1.0,1.0446,68.3618,4.1984,73.6065,-1,0.0, -> [tvmonitor (Top-Left): 1%]
frame_002902,-1.0,1.0824,64.2558,3.9929,69.3327,-1,0.0, -> [tvmonitor (Top-Left): 1%]
frame_002903,-1.0,1.6515,68.6609,4.1167,74.4305,-1,0.0, -> [tvmonitor (Top-Left): 1%]
frame_002904,-1.0,3.3745,69.604,4.0617,77.0419,-1,0.0, -> [tvmonitor (Top-Left): 1%]
frame_002905,-1.0,2.5221,67.8177,4.1005,74.4417,-1,0.0, -> [tvmonitor (Top-Left): 1%]
frame_002906,-1.0,2.2599,67.8321,4.0515,74.1455,-1,0.0, -> [tvmonitor (Top-Left): 1%]
frame_002907,-1.0,1.9515,68.3045,4.2446,74.502,-1,0.0, -> [tvmonitor (Top-Left): 1%]
frame_002908,-1.0,1.5488,62.8353,4.0904,68.476,-1,0.0, -> [background only]
frame_002909,-1.0,1.5323,71.442,4.5653,77.5416,-1,0.0, -> [background only]
frame_002910,-1.0,2.9359,67.1195,4.2753,74.333,-1,0.0, -> [tvmonitor (Top-Left): 1%]
frame_002911,-1.0,3.2238,67.3974,4.0709,74.6932,-1,0.0, -> [tvmonitor (Top-Left): 1%]
frame_002912,-1.0,2.1811,66.6606,4.075,72.9178,-1,0.0, -> [tvmonitor (Top-Left): 1%]
frame_002913,-1.0,2.0305,69.2225,3.9813,75.2355,-1,0.0, -> [tvmonitor (Top-Left): 1%]
frame_002914,-1.0,2.4013,65.9295,4.1407,72.4724,-1,0.0, -> [tvmonitor (Top-Left): 1%]
frame_002915,-1.0,1.6992,65.3862,4.1057,71.1919,-1,0.0, -> [tvmonitor (Top-Left): 2%]
frame_002916,-1.0,1.1043,67.0933,4.1493,72.3478,-1,0.0, -> [tvmonitor (Top-Left): 1%]
frame_002917,-1.0,2.6669,66.374,4.2687,73.3109,-1,0.0, -> [tvmonitor (Top-Left): 1%]
frame_002918,-1.0,2.7399,68.2323,4.1067,75.0803,-1,0.0, -> [background only]
frame_002919,-1.0,2.5403,65.8607,4.1223,72.5245,-1,0.0, -> [background only]
frame_002920,-1.0,2.3045,66.8812,4.1384,73.3254,-1,0.0, -> [background only]
frame_002921,-1.0,2.2914,64.7912,3.9964,71.0806,-1,0.0, -> [background only]
frame_002922,-1.0,2.437,66.4992,3.9184,72.8561,-1,0.0, -> [background only]
frame_002923,-1.0,2.0659,67.3724,4.0099,73.4496,-1,0.0, -> [background only]
frame_002924,-1.0,2.8228,69.1346,4.0878,76.047,-1,0.0, -> [background only]
frame_002925,-1.0,3.2629,71.4361,4.0294,78.7297,-1,0.0, -> [background only]
frame_002926,-1.0,3.0711,64.6903,4.3038,72.0666,-1,0.0, -> [background only]
frame_002927,-1.0,1.6864,62.5075,7.3543,71.5499,-1,0.0, -> [background only]
frame_002928,-1.0,2.6139,66.4602,4.1929,73.2682,-1,0.0, -> [background only]
frame_002929,-1.0,3.0988,67.7922,3.9842,74.8765,-1,0.0, -> [background only]
frame_002930,-1.0,2.3861,67.4244,3.9851,73.7967,-1,0.0, -> [background only]
frame_002931,-1.0,2.5751,66.8442,3.9698,73.3902,-1,0.0, -> [background only]
frame_002932,-1.0,2.0677,66.3935,3.5612,72.0238,-1,0.0, -> [background only]
frame_002933,-1.0,1.9941,64.7669,4.0846,70.8478,-1,0.0, -> [background only]
frame_002934,-1.0,2.4177,66.5759,4.0113,73.0066,-1,0.0, -> [background only]
frame_002935,-1.0,2.7595,67.0854,4.0035,73.8493,-1,0.0, -> [background only]
frame_002936,-1.0,2.716,69.9284,4.102,76.7481,-1,0.0, -> [background only]
frame_002937,-1.0,2.3234,67.3931,3.9905,73.7087,-1,0.0, -> [background only]
frame_002938,-1.0,2.9162,72.337,4.1055,79.3606,-1,0.0, -> [background only]
frame_002939,-1.0,3.4512,67.8673,4.0636,75.3836,-1,0.0, -> [background only]
frame_002940,-1.0,1.5695,68.4912,3.9553,74.0174,-1,0.0, -> [background only]
frame_002941,-1.0,3.3002,66.7438,3.8988,73.9449,-1,0.0, -> [background only]
frame_002942,-1.0,3.1359,66.736,4.3076,74.1808,-1,0.0, -> [background only]
frame_002943,-1.0,2.5357,63.8066,3.9448,70.2881,-1,0.0, -> [background only]
frame_002944,-1.0,1.9376,67.1835,4.0108,73.1332,-1,0.0, -> [background only]
frame_002945,-1.0,1.62,63.4697,4.0386,69.1296,-1,0.0, -> [background only]
frame_002946,-1.0,1.0796,67.7752,3.9679,72.824,-1,0.0, -> [background only]
frame_002947,-1.0,2.5883,67.2814,4.0395,73.9101,-1,0.0, -> [background only]
frame_002948,-1.0,2.6653,67.3993,4.0347,74.1005,-1,0.0, -> [background only]
frame_002949,-1.0,2.2856,64.6178,4.0908,70.9957,-1,0.0, -> [background only]
frame_002950,-1.0,2.5217,66.9968,3.9565,73.4763,-1,0.0, -> [background only]
frame_002951,-1.0,1.7895,64.0689,4.0709,69.9306,-1,0.0, -> [background only]
frame_002952,-1.0,1.5625,66.3186,4.1773,72.06,-1,0.0, -> [tvmonitor (Top-Left): 3%]
frame_002953,-1.0,1.4508,67.0187,3.9955,72.4666,-1,0.0, -> [background only]
frame_002954,-1.0,2.6755,69.8111,3.9494,76.4374,-1,0.0, -> [tvmonitor (Top-Left): 1%]
frame_002955,-1.0,2.038,66.0478,3.9861,72.0733,-1,0.0, -> [background only]
frame_002956,-1.0,2.7329,67.7864,4.1385,74.6592,-1,0.0, -> [background only]
frame_002957,-1.0,1.6559,64.9743,4.0139,70.6453,-1,0.0, -> [background only]
frame_002958,-1.0,1.7811,69.9495,3.962,75.6941,-1,0.0, -> [background only]
frame_002959,-1.0,1.0901,69.665,4.0054,74.7622,-1,0.0, -> [background only]
frame_002960,-1.0,1.1378,72.3205,4.0761,77.5358,-1,0.0, -> [background only]
frame_002961,-1.0,1.2022,70.571,3.9764,75.7506,-1,0.0, -> [background only]
frame_002962,-1.0,3.008,68.5066,4.054,75.5701,-1,0.0, -> [background only]
frame_002963,-1.0,3.0269,68.3452,4.1034,75.4769,-1,0.0, -> [background only]
frame_002964,-1.0,3.2049,64.701,3.965,71.872,-1,0.0, -> [background only]
frame_002965,-1.0,2.3071,68.5534,4.0944,74.9562,-1,0.0, -> [background only]
frame_002966,-1.0,2.5115,67.833,3.9247,74.2704,-1,0.0, -> [background only]
frame_002967,-1.0,2.636,66.4226,4.1016,73.1616,-1,0.0, -> [background only]
frame_002968,-1.0,2.3108,68.2938,4.0212,74.6269,-1,0.0, -> [background only]
frame_002969,-1.0,2.6442,68.9192,3.9991,75.5634,-1,0.0, -> [background only]
frame_002970,-1.0,2.6976,66.9976,4.1565,73.8536,-1,0.0, -> [background only]
frame_002971,-1.0,2.4748,68.3475,4.186,75.0101,-1,0.0, -> [background only]
frame_002972,-1.0,2.1935,65.6953,4.1442,72.0345,-1,0.0, -> [background only]
frame_002973,-1.0,2.2073,70.8827,4.2318,77.3237,-1,0.0, -> [background only]
frame_002974,-1.0,3.5886,68.5283,4.1453,76.2635,-1,0.0, -> [background only]
frame_002975,-1.0,3.383,67.0455,3.9587,74.3884,-1,0.0, -> [background only]
frame_002976,-1.0,2.7678,69.0044,4.0684,75.8416,-1,0.0, -> [background only]
frame_002977,-1.0,2.6964,68.8497,3.9531,75.5005,-1,0.0, -> [background only]
frame_002978,-1.0,2.4626,68.2115,4.0834,74.7588,-1,0.0, -> [background only]
frame_002979,-1.0,1.8569,66.7724,4.0542,72.6851,-1,0.0, -> [background only]
frame_002980,-1.0,2.873,69.291,4.1616,76.3285,-1,0.0, -> [background only]
frame_002981,-1.0,2.8693,67.7269,3.9907,74.5888,-1,0.0, -> [background only]
frame_002982,-1.0,2.1811,66.0389,3.9804,72.2019,-1,0.0, -> [background only]
frame_002983,-1.0,2.8025,67.1653,3.9793,73.9488,-1,0.0, -> [background only]
frame_002984,-1.0,2.0185,69.1032,3.9899,75.1128,-1,0.0, -> [background only]
frame_002985,-1.0,2.0531,70.4534,3.8743,76.3819,-1,0.0, -> [background only]
frame_002986,-1.0,2.6029,66.6048,5.3682,74.5776,-1,0.0, -> [background only]
frame_002987,-1.0,3.2482,68.5275,3.9707,75.748,-1,0.0, -> [background only]
frame_002988,-1.0,2.0305,68.888,4.0434,74.9634,-1,0.0, -> [background only]
frame_002989,-1.0,2.7415,65.9673,3.9114,72.6211,-1,0.0, -> [background only]
frame_002990,-1.0,2.674,66.082,4.0102,72.7673,-1,0.0, -> [background only]
frame_002991,-1.0,2.0416,69.0857,3.9611,75.0896,-1,0.0, -> [background only]
frame_002992,-1.0,2.5197,67.1959,4.2179,73.9348,-1,0.0, -> [background only]
frame_002993,-1.0,2.725,66.4383,4.0995,73.2644,-1,0.0, -> [background only]
frame_002994,-1.0,2.2749,67.5798,3.9539,73.8105,-1,0.0, -> [background only]
frame_002995,-1.0,1.7941,65.2952,4.1108,71.2016,-1,0.0, -> [background only]
frame_002996,-1.0,1.1076,66.5802,4.0315,71.7218,-1,0.0, -> [background only]
frame_002997,-1.0,2.7946,68.4003,4.1184,75.315,-1,0.0, -> [background only]
frame_002998,-1.0,3.0961,68.6862,3.9453,75.7294,-1,0.0, -> [background only]
frame_002999,-1.0,2.6149,66.6083,3.9941,73.2192,-1,0.0, -> [background only]
frame_003000,-1.0,3.3861,70.9142,4.0154,78.3171,-1,0.0, -> [background only]
frame_003001,-1.0,2.7901,68.253,4.0271,75.0714,-1,0.0, -> [background only]
frame_003002,-1.0,3.4413,65.3666,4.7427,73.5527,-1,0.0, -> [background only]
frame_003003,-1.0,2.7769,66.7548,4.2838,73.8166,-1,0.0, -> [background only]
frame_003004,-1.0,2.8342,68.2451,4.1728,75.2538,-1,0.0, -> [background only]
frame_003005,-1.0,3.5831,68.387,3.8554,75.8267,-1,0.0, -> [background only]
frame_003006,-1.0,2.2805,66.3502,4.1158,72.7475,-1,0.0, -> [background only]
frame_003007,-1.0,2.5547,68.5276,4.0998,75.1831,-1,0.0, -> [background only]
frame_003008,-1.0,2.1435,68.308,3.9655,74.4181,-1,0.0, -> [background only]
frame_003009,-1.0,3.0098,67.528,3.9318,74.4706,-1,0.0, -> [background only]
frame_003010,-1.0,2.0166,66.3164,3.9854,72.3195,-1,0.0, -> [background only]
frame_003011,-1.0,2.452,67.3933,4.0017,73.848,-1,0.0, -> [background only]
frame_003012,-1.0,2.4853,67.8571,4.1111,74.4546,-1,0.0, -> [background only]
frame_003013,-1.0,2.5156,69.7455,3.7806,76.0434,-1,0.0, -> [background only]
frame_003014,-1.0,2.4845,68.5074,3.9929,74.9858,-1,0.0, -> [background only]
frame_003015,-1.0,2.5667,67.5972,3.918,74.0827,-1,0.0, -> [background only]
frame_003016,-1.0,3.376,67.6448,4.0236,75.0459,-1,0.0, -> [background only]
frame_003017,-1.0,2.7284,69.1381,3.9809,75.8489,-1,0.0, -> [background only]
frame_003018,-1.0,2.8327,67.1433,3.9964,73.9736,-1,0.0, -> [background only]
frame_003019,-1.0,2.7485,67.1717,4.1464,74.0676,-1,0.0, -> [background only]
frame_003020,-1.0,1.5944,65.1282,4.0803,70.8042,-1,0.0, -> [background only]
frame_003021,-1.0,1.0783,65.2738,4.0992,70.4527,-1,0.0, -> [background only]
frame_003022,-1.0,2.8538,88.3616,4.1887,95.4063,-1,0.0, -> [chair (Top-Right): 6%]
frame_003023,-1.0,3.554,66.3302,4.0328,73.9179,-1,0.0, -> [chair (Right): 8%]
frame_003024,-1.0,2.4193,65.9882,4.0551,72.4645,-1,0.0, -> [chair (Top-Right): 8%]
frame_003025,-1.0,2.8961,67.685,4.0966,74.6792,-1,0.0, -> [chair (Top-Right): 8%]
frame_003026,-1.0,2.0152,67.4967,4.2268,73.7412,-1,0.0, -> [chair (Top-Right): 8%]
frame_003027,-1.0,2.7545,65.8423,4.2723,72.8707,-1,0.0, -> [chair (Right): 8%]
frame_003028,-1.0,2.864,65.2462,4.0497,72.1616,-1,0.0, -> [chair (Right): 8%]
frame_003029,-1.0,2.5784,69.6797,4.0962,76.356,-1,0.0, -> [chair (Right): 9%]
frame_003030,-1.0,3.1131,67.9404,4.2372,75.2923,-1,0.0, -> [chair (Right): 9%]
frame_003031,-1.0,3.4547,66.6673,4.1818,74.3049,-1,0.0, -> [chair (Right): 9%]
frame_003032,-1.0,2.342,66.6711,4.1303,73.1444,-1,0.0, -> [chair (Right): 8%]
frame_003033,-1.0,2.635,65.1756,4.2,72.012,-1,0.0, -> [chair (Top-Right): 7%]
frame_003034,-1.0,2.4938,67.0228,4.0257,73.5429,-1,0.0, -> [chair (Right): 8%]
frame_003035,-1.0,1.8724,66.2501,4.1683,72.2918,-1,0.0, -> [chair (Right): 8%]
frame_003036,-1.0,2.6963,65.4221,4.1485,72.2681,-1,0.0, -> [chair (Top-Right): 8%]
frame_003037,-1.0,1.8553,65.0878,4.1177,71.0623,-1,0.0, -> [chair (Top-Right): 8%]
frame_003038,-1.0,2.2211,68.1509,4.0487,74.4221,-1,0.0, -> [chair (Top-Right): 8%]
frame_003039,-1.0,1.9964,66.3193,4.0909,72.4077,-1,0.0, -> [chair (Top-Right): 8%]
frame_003040,-1.0,2.6029,66.0202,4.2264,72.8507,-1,0.0, -> [chair (Right): 9%]
frame_003041,-1.0,2.782,68.883,4.1159,75.7826,-1,0.0, -> [chair (Top-Right): 8%]
frame_003042,-1.0,2.3103,67.505,4.0557,73.872,-1,0.0, -> [chair (Right): 8%]
frame_003043,-1.0,2.5614,66.4334,4.2478,73.2435,-1,0.0, -> [chair (Top-Right): 8%]
frame_003044,-1.0,2.0141,66.6176,4.0636,72.6964,-1,0.0, -> [chair (Top-Right): 7%]
frame_003045,-1.0,1.4544,67.7878,4.1309,73.3745,-1,0.0, -> [chair (Top-Right): 7%]
frame_003046,-1.0,1.569,67.3836,4.2486,73.2025,-1,0.0, -> [chair (Top-Right): 7%]
frame_003047,-1.0,1.0991,67.4163,3.9534,72.4703,-1,0.0, -> [chair (Top-Right): 7%]
frame_003048,-1.0,2.052,66.0452,4.1195,72.218,-1,0.0, -> [chair (Top-Right): 7%]
frame_003049,-1.0,2.0362,66.6567,4.2656,72.9597,-1,0.0, -> [chair (Top-Right): 7%]
frame_003050,-1.0,3.3806,70.2507,4.1383,77.7708,-1,0.0, -> [chair (Top-Right): 8%]
frame_003051,-1.0,1.5121,63.3755,4.072,68.9606,-1,0.0, -> [chair (Top-Right): 7%]
frame_003052,-1.0,1.1566,69.2475,4.0609,74.4659,-1,0.0, -> [chair (Top-Right): 7%]
frame_003053,-1.0,2.4856,66.8438,4.1536,73.4842,-1,0.0, -> [chair (Top-Right): 8%]
frame_003054,-1.0,2.0364,66.7735,4.1082,72.9194,-1,0.0, -> [chair (Top-Right): 8%]
frame_003055,-1.0,2.4857,65.1124,4.1083,71.7074,-1,0.0, -> [chair (Top-Right): 7%]
frame_003056,-1.0,1.5402,64.6629,4.0244,70.2288,-1,0.0, -> [chair (Top-Right): 7%]
frame_003057,-1.0,1.0558,66.4059,7.2122,74.6758,-1,0.0, -> [chair (Top-Right): 7%]
frame_003058,-1.0,3.056,73.5308,4.267,80.8549,-1,0.0, -> [chair (Top-Right): 7%]
frame_003059,-1.0,2.6808,67.3241,4.2327,74.2397,-1,0.0, -> [chair (Right): 8%]
frame_003060,-1.0,2.2292,65.0776,4.16,71.4679,-1,0.0, -> [chair (Top-Right): 7%]
frame_003061,-1.0,1.8861,65.6355,4.2062,71.7287,-1,0.0, -> [chair (Top-Right): 7%]
frame_003062,-1.0,2.3332,66.4646,4.1171,72.9168,-1,0.0, -> [chair (Top-Right): 7%]
frame_003063,-1.0,2.1688,67.1372,4.1067,73.4138,-1,0.0, -> [chair (Top-Right): 7%]
frame_003064,-1.0,2.7668,66.7934,4.0778,73.6391,-1,0.0, -> [chair (Top-Right): 7%]
frame_003065,-1.0,2.0361,67.1711,4.1125,73.321,-1,0.0, -> [chair (Top-Right): 6%]
frame_003066,-1.0,1.5655,64.1359,4.0865,69.7891,-1,0.0, -> [chair (Top-Right): 7%]
frame_003067,-1.0,1.1172,64.2518,4.2472,69.6177,-1,0.0, -> [chair (Top-Right): 7%]
frame_003068,-1.0,1.4114,65.0304,4.2693,70.7121,-1,0.0, -> [chair (Top-Right): 7%]
frame_003069,-1.0,1.733,66.6971,3.9452,72.3763,-1,0.0, -> [chair (Top-Right): 7%]
frame_003070,-1.0,1.0782,64.4703,4.1028,69.6524,-1,0.0, -> [chair (Top-Right): 7%]
frame_003071,-1.0,1.435,67.714,4.0955,73.246,-1,0.0, -> [chair (Top-Right): 7%]
frame_003072,-1.0,2.3047,66.1995,4.6424,73.1485,-1,0.0, -> [chair (Top-Right): 6%]
frame_003073,-1.0,2.902,67.3077,4.2249,74.4362,-1,0.0, -> [chair (Top-Right): 7%]
frame_003074,-1.0,3.2654,65.8015,4.2024,73.2705,-1,0.0, -> [chair (Top-Right): 7%]
frame_003075,-1.0,2.0013,66.7013,4.1793,72.8831,-1,0.0, -> [chair (Top-Right): 7%]
frame_003076,-1.0,2.6435,65.3202,4.1036,72.0687,-1,0.0, -> [chair (Top-Right): 7%]
frame_003077,-1.0,2.0226,66.782,4.0709,72.8764,-1,0.0, -> [chair (Top-Right): 7%]
frame_003078,-1.0,2.5215,68.627,4.2745,75.4247,-1,0.0, -> [chair (Top-Right): 6%]
frame_003079,-1.0,2.7665,66.7515,4.1027,73.6218,-1,0.0, -> [chair (Top-Right): 6%]
frame_003080,-1.0,2.6443,68.1933,4.0383,74.8771,-1,0.0, -> [chair (Top-Right): 7%]
frame_003081,-1.0,2.6343,68.4055,4.0376,75.0787,-1,0.0, -> [chair (Top-Right): 5%]
frame_003082,-1.0,2.6248,68.2604,4.138,75.0253,-1,0.0, -> [chair (Top-Right): 6%]
frame_003083,-1.0,1.3444,64.0008,4.2678,69.6146,-1,0.0, -> [chair (Top-Right): 7%]
frame_003084,-1.0,2.5138,66.8512,4.2692,73.6355,-1,0.0, -> [chair (Top-Right): 6%]
frame_003085,-1.0,2.4935,69.5911,4.008,76.0934,-1,0.0, -> [chair (Top-Right): 6%]
frame_003086,-1.0,2.366,67.1492,4.1487,73.6653,-1,0.0, -> [chair (Top-Right): 6%]
frame_003087,-1.0,2.0593,68.2233,4.2059,74.4905,-1,0.0, -> [chair (Top-Right): 7%]
frame_003088,-1.0,2.9998,68.3886,4.8317,76.2218,-1,0.0, -> [chair (Top-Right): 7%]
frame_003089,-1.0,2.8015,66.0796,4.2609,73.1435,-1,0.0, -> [chair (Top-Right): 7%]
frame_003090,-1.0,2.9042,66.5016,4.0854,73.4923,-1,0.0, -> [chair (Top-Right): 7%]
frame_003091,-1.0,1.9208,67.4611,4.0989,73.4815,-1,0.0, -> [chair (Top-Right): 6%]
frame_003092,-1.0,1.5499,64.7844,4.2291,70.5646,-1,0.0, -> [chair (Top-Right): 6%]
frame_003093,-1.0,1.4883,64.7332,4.0486,70.2712,-1,0.0, -> [chair (Top-Right): 6%]
frame_003094,-1.0,1.0207,64.099,4.1966,69.3178,-1,0.0, -> [chair (Top-Right): 6%]
frame_003095,-1.0,1.6282,64.3612,4.1579,70.1482,-1,0.0, -> [chair (Top-Right): 6%]
frame_003096,-1.0,1.0949,64.432,4.1426,69.6704,-1,0.0, -> [chair (Top-Right): 6%]
frame_003097,-1.0,1.0638,64.8499,4.1593,70.0743,-1,0.0, -> [chair (Top-Right): 7%]
frame_003098,-1.0,3.799,68.1444,4.0948,76.0393,-1,0.0, -> [chair (Top-Right): 7%]
frame_003099,-1.0,2.0083,67.5038,4.0262,73.5393,-1,0.0, -> [chair (Top-Right): 6%]
frame_003100,-1.0,2.3652,67.9397,4.1944,74.5005,-1,0.0, -> [chair (Top-Right): 5%]
frame_003101,-1.0,1.4925,67.7488,4.1888,73.4315,-1,0.0, -> [chair (Top-Right): 7%]
frame_003102,-1.0,1.4265,69.8693,4.1655,75.4625,-1,0.0, -> [chair (Right): 8%]
frame_003103,-1.0,3.4373,66.6288,4.0279,74.095,-1,0.0, -> [chair (Top-Right): 7%]
frame_003104,-1.0,1.5118,63.5216,3.8743,68.909,-1,0.0, -> [chair (Top-Right): 7%]
frame_003105,-1.0,1.1642,69.256,4.0479,74.4694,-1,0.0, -> [chair (Top-Right): 6%]
frame_003106,-1.0,2.7026,67.3245,4.0583,74.0863,-1,0.0, -> [chair (Top-Right): 6%]
frame_003107,-1.0,2.5228,65.5328,4.1294,72.1862,-1,0.0, -> [chair (Right): 13%]
frame_003108,-1.0,1.9313,71.9829,4.1888,78.1044,-1,0.0, -> [chair (Right): 8%]
frame_003109,-1.0,2.593,70.8674,4.3392,77.8023,-1,0.0, -> [chair (Center): 7%]
frame_003110,-1.0,1.7688,65.2106,6.0128,72.9944,-1,0.0, -> [chair (Top): 4%]
frame_003111,-1.0,3.4521,70.3764,4.0031,77.8328,-1,0.0, -> [chair (Center): 9%]
frame_003112,-1.0,2.5031,65.6805,4.2155,72.4002,-1,0.0, -> [chair (Top): 6%]
frame_003113,-1.0,2.2976,68.5411,3.9959,74.8357,-1,0.0, -> [chair (Center): 5%]
frame_003114,-1.0,2.5397,67.4164,3.897,73.8543,-1,0.0, -> [chair (Center): 4%]
frame_003115,-1.0,1.5057,65.8318,4.0728,71.4112,-1,0.0, -> [chair (Center): 5%]
frame_003116,-1.0,1.9891,67.8583,4.1188,73.9675,-1,0.0, -> [chair (Center): 7%]
frame_003117,-1.0,2.7785,67.2042,4.1205,74.1045,-1,0.0, -> [chair (Center): 6%]
frame_003118,-1.0,2.9175,67.1866,4.1503,74.2557,-1,0.0, -> [chair (Center): 5%]
frame_003119,-1.0,1.8528,68.0407,4.1586,74.0539,-1,0.0, -> [chair (Top): 4%]
frame_003120,-1.0,1.9994,65.6668,4.1997,71.8669,-1,0.0, -> [chair (Center): 4%]
frame_003121,-1.0,2.0007,65.4418,4.0962,71.54,-1,0.0, -> [chair (Center): 6%]
frame_003122,-1.0,2.1945,65.8916,4.2339,72.3213,-1,0.0," -> [chair (Center): 6%, tvmonitor (Right): 1%]"
frame_003123,-1.0,2.104,66.8835,4.2286,73.2173,-1,0.0," -> [chair (Center): 3%, tvmonitor (Right): 3%]"
frame_003124,-1.0,3.146,67.5911,4.2856,75.0241,-1,0.0, -> [chair (Top): 2%]
frame_003125,-1.0,2.9575,69.7053,4.133,76.7975,-1,0.0," -> [chair (Center): 2%, tvmonitor (Bottom-Right): 2%]"
frame_003126,-1.0,2.2258,69.3907,4.1016,75.7193,-1,0.0, -> [chair (Top): 1%]
frame_003127,-1.0,3.0247,65.4257,4.1481,72.6,-1,0.0, -> [chair (Center): 4%]
frame_003128,-1.0,3.1181,66.7653,4.1673,74.0517,-1,0.0, -> [chair (Center): 1%]
frame_003129,-1.0,2.539,66.3002,4.0381,72.8782,-1,0.0, -> [chair (Center): 4%]
frame_003130,-1.0,3.4846,66.7229,4.0656,74.2742,-1,0.0, -> [chair (Center): 2%]
frame_003131,-1.0,2.0078,66.7676,4.0711,72.8476,-1,0.0, -> [chair (Left): 2%]
frame_003132,-1.0,2.0503,66.6227,4.1586,72.8327,-1,0.0, -> [chair (Left): 3%]
frame_003133,-1.0,2.526,64.4983,4.1342,71.1596,-1,0.0, -> [chair (Left): 4%]
frame_003134,-1.0,2.0304,67.0842,4.3737,73.4895,-1,0.0, -> [chair (Left): 5%]
frame_003135,-1.0,2.3895,71.0134,4.1079,77.5127,-1,0.0, -> [chair (Left): 6%]
frame_003136,-1.0,2.6455,68.039,4.0456,74.731,-1,0.0, -> [chair (Top-Left): 4%]
frame_003137,-1.0,2.3956,66.6155,4.0859,73.0981,-1,0.0, -> [chair (Top-Left): 4%]
frame_003138,-1.0,2.0182,65.68,4.0256,71.7248,-1,0.0, -> [chair (Top-Left): 3%]
frame_003139,-1.0,2.4718,64.6394,4.0282,71.1404,-1,0.0, -> [chair (Top-Left): 1%]
frame_003140,-1.0,2.1086,69.6956,4.049,75.8547,-1,0.0, -> [chair (Top-Left): 1%]
frame_003141,-1.0,2.573,65.7984,3.9329,72.3055,-1,0.0, -> [background only]
frame_003142,-1.0,2.3755,70.7664,4.1813,77.3267,-1,0.0, -> [tvmonitor (Top-Right): 1%]
frame_003143,-1.0,1.7797,66.9057,4.1176,72.8041,-1,0.0, -> [background only]
frame_003144,-1.0,1.0743,65.524,4.0708,70.6704,-1,0.0, -> [chair (Top-Left): 2%]
frame_003145,-1.0,2.2328,63.6698,4.0241,69.9281,-1,0.0, -> [background only]
frame_003146,-1.0,3.4032,63.9106,5.8323,73.1472,-1,0.0, -> [background only]
frame_003147,-1.0,3.1098,67.1054,4.0705,74.287,-1,0.0, -> [background only]
frame_003148,-1.0,2.083,67.7977,4.0677,73.95,-1,0.0, -> [background only]
frame_003149,-1.0,1.4666,68.4932,3.9901,73.951,-1,0.0, -> [background only]
frame_003150,-1.0,2.4809,66.2946,3.9167,72.6936,-1,0.0, -> [background only]
frame_003151,-1.0,1.5261,67.335,3.8541,72.7164,-1,0.0, -> [background only]
frame_003152,-1.0,1.0452,64.9714,3.8701,69.888,-1,0.0, -> [background only]
frame_003153,-1.0,1.0143,64.3275,3.8758,69.2191,-1,0.0, -> [background only]
frame_003154,-1.0,2.396,64.7135,3.9771,71.0878,-1,0.0, -> [background only]
frame_003155,-1.0,2.0532,67.9607,4.1913,74.2074,-1,0.0, -> [tvmonitor (Top-Right): 1%]
frame_003156,-1.0,2.3026,69.5475,4.0035,75.855,-1,0.0, -> [tvmonitor (Top-Right): 1%]
frame_003157,-1.0,2.3289,67.5046,3.9799,73.8146,-1,0.0, -> [background only]
frame_003158,-1.0,1.5655,64.821,4.2696,70.6574,-1,0.0," -> [chair (Top-Right): 1%, tvmonitor (Top-Right): 3%]"
frame_003159,-1.0,1.5155,63.625,4.1463,69.2877,-1,0.0, -> [tvmonitor (Top-Right): 1%]
frame_003160,-1.0,1.0242,65.1837,4.1504,70.3593,-1,0.0, -> [tvmonitor (Top-Right): 2%]
frame_003161,-1.0,1.4483,65.3619,4.094,70.9054,-1,0.0, -> [tvmonitor (Top-Right): 1%]
frame_003162,-1.0,1.1438,65.4823,3.9154,70.5433,-1,0.0, -> [tvmonitor (Top-Right): 1%]
frame_003163,-1.0,1.9877,66.5276,3.9521,72.4686,-1,0.0, -> [background only]
frame_003164,-1.0,1.9979,65.8119,4.2193,72.0307,-1,0.0," -> [chair (Right): 1%, tvmonitor (Top-Right): 2%]"
frame_003165,-1.0,2.6653,65.4405,4.1729,72.2803,-1,0.0," -> [chair (Bottom-Right): 1%, tvmonitor (Top-Right): 1%]"
frame_003166,-1.0,2.2408,66.4658,4.4188,73.1271,-1,0.0," -> [chair (Right): 6%, tvmonitor (Top): 3%]"
frame_003167,-1.0,2.9925,67.0358,3.9542,73.984,-1,0.0, -> [background only]
frame_003168,-1.0,3.3481,67.6374,4.3056,75.2926,-1,0.0," -> [chair (Right): 2%, tvmonitor (Top): 2%]"
frame_003169,-1.0,3.4693,67.856,4.422,75.7491,-1,0.0," -> [chair (Top-Right): 1%, tvmonitor (Top): 4%]"
frame_003170,-1.0,2.9603,65.1179,4.4746,72.5548,-1,0.0," -> [chair (Right): 6%, tvmonitor (Top): 1%]"
frame_003171,-1.0,1.5439,65.9308,4.3638,71.8398,-1,0.0," -> [chair (Right): 2%, tvmonitor (Top): 2%]"
frame_003172,-1.0,1.2725,66.7649,4.092,72.1305,-1,0.0," -> [chair (Center): 2%, tvmonitor (Top-Right): 6%]"
frame_003173,-1.0,3.5302,66.6056,4.2231,74.3598,-1,0.0," -> [chair (Center): 1%, tvmonitor (Top-Right): 11%]"
frame_003174,-1.0,3.2398,66.6715,4.1589,74.0712,-1,0.0, -> [tvmonitor (Top-Right): 12%]
frame_003175,-1.0,1.9168,65.8743,4.1568,71.949,-1,0.0," -> [chair (Top): 1%, tvmonitor (Top-Right): 14%]"
frame_003176,-1.0,2.0804,67.1394,4.7455,73.9663,-1,0.0," -> [chair (Center): 5%, tvmonitor (Top-Right): 9%]"
frame_003177,-1.0,2.5119,67.6948,4.3582,74.5659,-1,0.0," -> [chair (Center): 4%, tvmonitor (Top): 10%]"
frame_003178,-1.0,1.4897,67.7681,4.1453,73.4039,-1,0.0," -> [chair (Center): 2%, tvmonitor (Top): 6%]"
frame_003179,-1.0,1.8825,67.1838,4.2697,73.3376,-1,0.0," -> [chair (Center): 2%, tvmonitor (Top): 9%]"
frame_003180,-1.0,2.1326,66.1175,4.1324,72.3836,-1,0.0," -> [chair (Center): 1%, tvmonitor (Top): 8%]"
frame_003181,-1.0,2.5839,66.3942,4.2113,73.1909,-1,0.0," -> [chair (Center): 2%, tvmonitor (Top): 8%]"
frame_003182,-1.0,2.2791,67.629,4.2479,74.1569,-1,0.0," -> [chair (Center): 4%, tvmonitor (Top): 12%]"
frame_003183,-1.0,2.5325,68.3088,4.2878,75.1305,-1,0.0," -> [chair (Center): 8%, tvmonitor (Top-Left): 2%]"
frame_003184,-1.0,2.0997,67.4798,4.1174,73.6979,-1,0.0," -> [chair (Left): 6%, tvmonitor (Top-Left): 3%]"
frame_003185,-1.0,2.4263,65.8591,4.1214,72.4082,-1,0.0," -> [chair (Left): 10%, tvmonitor (Top-Left): 3%]"
frame_003186,-1.0,1.9073,66.0141,4.1355,72.058,-1,0.0," -> [chair (Left): 5%, tvmonitor (Top-Left): 6%]"
frame_003187,-1.0,1.9857,66.4162,4.1903,72.6301,-1,0.0," -> [chair (Left): 8%, tvmonitor (Top): 8%]"
frame_003188,-1.0,2.0449,67.5803,4.3601,73.9867,-1,0.0," -> [chair (Left): 7%, tvmonitor (Right): 1%]"
frame_003189,-1.0,2.4733,68.2783,6.1323,76.8857,-1,0.0," -> [chair (Left): 7%, tvmonitor (Top): 5%]"
frame_003190,-1.0,3.0059,67.2433,4.8358,75.0875,-1,0.0, -> [chair (Left): 12%]
frame_003191,-1.0,2.6633,68.168,3.9925,74.8253,-1,0.0, -> [chair (Left): 10%]
frame_003192,-1.0,1.5466,66.3529,4.3313,72.232,-1,0.0," -> [chair (Left): 10%, tvmonitor (Top): 3%]"
frame_003193,-1.0,0.9981,65.113,4.3569,70.4693,-1,0.0, -> [chair (Left): 8%]
frame_003194,-1.0,1.2509,64.9517,4.1979,70.402,-1,0.0, -> [chair (Left): 7%]
frame_003195,-1.0,1.1624,63.9181,4.053,69.1344,-1,0.0, -> [chair (Left): 6%]
frame_003196,-1.0,2.3028,66.8815,4.1843,73.3698,-1,0.0, -> [chair (Left): 6%]
frame_003197,-1.0,2.0453,66.1381,4.2704,72.4547,-1,0.0, -> [chair (Left): 5%]
frame_003198,-1.0,2.2268,66.8618,4.3889,73.4786,-1,0.0," -> [chair (Left): 4%, tvmonitor (Center): 10%]"
frame_003199,-1.0,2.294,64.9796,4.1809,71.4558,-1,0.0," -> [chair (Left): 5%, tvmonitor (Center): 7%]"
frame_003200,-1.0,1.501,64.6988,4.2034,70.4042,-1,0.0," -> [chair (Left): 4%, tvmonitor (Center): 8%]"
frame_003201,-1.0,1.279,64.0959,4.2351,69.611,-1,0.0," -> [chair (Left): 5%, tvmonitor (Center): 9%]"
frame_003202,-1.0,1.0394,64.4279,4.154,69.6225,-1,0.0," -> [chair (Left): 4%, tvmonitor (Top): 3%]"
frame_003203,-1.0,1.0203,62.4698,4.0643,67.5555,-1,0.0, -> [chair (Left): 3%]
frame_003204,-1.0,1.0569,66.9276,4.295,72.2809,-1,0.0," -> [chair (Left): 2%, tvmonitor (Top): 1%]"
frame_003205,-1.0,3.7075,68.844,4.0896,76.6422,-1,0.0, -> [tvmonitor (Top): 3%]
frame_003206,-1.0,2.4879,67.6399,4.0771,74.206,-1,0.0, -> [tvmonitor (Center): 9%]
frame_003207,-1.0,2.4562,66.3019,4.1345,72.894,-1,0.0, -> [tvmonitor (Top): 6%]
frame_003208,-1.0,2.4698,65.8022,4.0659,72.3387,-1,0.0, -> [tvmonitor (Top): 4%]
frame_003209,-1.0,2.0454,66.5474,4.1039,72.6978,-1,0.0, -> [tvmonitor (Center): 8%]
frame_003210,-1.0,2.0254,65.5431,4.3835,71.9531,-1,0.0," -> [chair (Left): 1%, tvmonitor (Center): 11%]"
frame_003211,-1.0,2.3727,66.1996,4.2791,72.8528,-1,0.0," -> [chair (Left): 2%, tvmonitor (Center): 9%]"
frame_003212,-1.0,1.891,66.032,4.266,72.1901,-1,0.0," -> [chair (Left): 2%, tvmonitor (Center): 9%]"
frame_003213,-1.0,2.646,67.1415,4.2329,74.0216,-1,0.0," -> [chair (Left): 2%, tvmonitor (Top): 8%]"
frame_003214,-1.0,2.3534,67.8199,4.2914,74.4659,-1,0.0," -> [chair (Left): 2%, tvmonitor (Top): 8%]"
frame_003215,-1.0,3.2594,67.6375,4.2063,75.1049,-1,0.0," -> [chair (Left): 2%, tvmonitor (Top): 7%]"
frame_003216,-1.0,1.5318,66.8046,4.545,72.8828,-1,0.0," -> [chair (Left): 1%, tvmonitor (Center): 10%]"
frame_003217,-1.0,2.9648,69.5671,4.3716,76.905,-1,0.0," -> [chair (Left): 2%, tvmonitor (Top): 8%]"
frame_003218,-1.0,3.2255,67.0194,4.3257,74.5716,-1,0.0," -> [chair (Left): 1%, tvmonitor (Top): 9%]"
frame_003219,-1.0,1.5162,64.7074,3.9843,70.2088,-1,0.0," -> [chair (Left): 2%, tvmonitor (Center): 10%]"
frame_003220,-1.0,1.1337,66.6197,4.1226,71.877,-1,0.0," -> [chair (Left): 1%, tvmonitor (Center): 9%]"
frame_003221,-1.0,2.7145,66.6107,4.2093,73.5355,-1,0.0," -> [chair (Left): 1%, tvmonitor (Top): 8%]"
frame_003222,-1.0,2.0423,65.9481,4.2578,72.2491,-1,0.0," -> [chair (Left): 1%, tvmonitor (Center): 9%]"
frame_003223,-1.0,2.5079,65.6278,4.2644,72.4013,-1,0.0," -> [chair (Left): 2%, tvmonitor (Center): 9%]"
frame_003224,-1.0,1.9558,66.1922,4.2601,72.4093,-1,0.0," -> [chair (Left): 2%, tvmonitor (Center): 9%]"
frame_003225,-1.0,1.9981,66.4907,4.2094,72.6995,-1,0.0," -> [chair (Left): 2%, tvmonitor (Center): 10%]"
frame_003226,-1.0,1.8024,66.3429,4.2655,72.4123,-1,0.0," -> [chair (Left): 1%, tvmonitor (Center): 10%]"
frame_003227,-1.0,2.0574,68.2612,4.2948,74.6145,-1,0.0," -> [chair (Left): 1%, tvmonitor (Center): 10%]"
frame_003228,-1.0,2.0214,65.9111,4.1673,72.101,-1,0.0," -> [chair (Left): 1%, tvmonitor (Center): 10%]"
frame_003229,-1.0,1.861,67.84,4.1586,73.8608,-1,0.0," -> [chair (Left): 2%, tvmonitor (Center): 11%]"
frame_003230,-1.0,2.4209,66.9233,4.3407,73.6858,-1,0.0," -> [chair (Left): 2%, tvmonitor (Center): 11%]"
frame_003231,-1.0,2.3446,65.3329,4.2679,71.9465,-1,0.0," -> [chair (Left): 2%, tvmonitor (Center): 10%]"
frame_003232,-1.0,2.0227,65.6051,4.3487,71.978,-1,0.0," -> [chair (Left): 2%, tvmonitor (Center): 11%]"
frame_003233,-1.0,2.8277,68.4757,4.2725,75.5772,-1,0.0," -> [chair (Left): 2%, tvmonitor (Center): 11%]"
frame_003234,-1.0,2.4441,66.2284,4.3207,72.9945,-1,0.0," -> [chair (Left): 2%, tvmonitor (Center): 11%]"
frame_003235,-1.0,2.7327,65.2732,4.1134,72.1206,-1,0.0," -> [chair (Left): 2%, tvmonitor (Center): 10%]"
frame_003236,-1.0,2.3886,68.0766,4.1401,74.6072,-1,0.0," -> [chair (Left): 1%, tvmonitor (Center): 10%]"
frame_003237,-1.0,2.2413,68.0636,4.2866,74.5928,-1,0.0," -> [chair (Left): 1%, tvmonitor (Center): 10%]"
frame_003238,-1.0,2.9959,69.3134,4.087,76.3974,-1,0.0," -> [chair (Left): 2%, tvmonitor (Top): 9%]"
frame_003239,-1.0,2.5162,65.2409,4.5498,72.3086,-1,0.0," -> [chair (Left): 1%, tvmonitor (Top): 8%]"
frame_003240,-1.0,3.0091,67.1192,4.2449,74.3746,-1,0.0, -> [tvmonitor (Center): 8%]
frame_003241,-1.0,2.2961,64.0038,4.3401,70.6409,-1,0.0," -> [chair (Left): 1%, tvmonitor (Top): 6%]"
frame_003242,-1.0,2.196,66.8331,4.1309,73.1617,-1,0.0, -> [tvmonitor (Top): 6%]
frame_003243,-1.0,2.1654,66.6988,4.3626,73.2281,-1,0.0," -> [chair (Left): 1%, tvmonitor (Top): 5%]"
frame_003244,-1.0,3.0884,69.5855,4.1458,76.8207,-1,0.0, -> [tvmonitor (Top): 5%]
frame_003245,-1.0,2.639,66.0788,4.2284,72.9471,-1,0.0, -> [tvmonitor (Top): 7%]
frame_003246,-1.0,2.229,66.9284,4.4235,73.582,-1,0.0," -> [dog (Bottom-Right): 1%, tvmonitor (Center): 9%]"
frame_003247,-1.0,2.7077,66.3576,4.3847,73.4513,-1,0.0," -> [chair (Top-Left): 1%, tvmonitor (Center): 16%]"
frame_003248,-1.0,2.9455,65.4737,4.0224,72.4432,-1,0.0, -> [tvmonitor (Top): 8%]
frame_003249,-1.0,1.5793,65.7965,3.9372,71.3144,-1,0.0," -> [chair (Top-Left): 1%, tvmonitor (Top): 6%]"
frame_003250,-1.0,1.0545,68.6973,4.3368,74.09,-1,0.0," -> [chair (Top-Left): 1%, tvmonitor (Top): 7%]"
frame_003251,-1.0,2.2238,65.5933,4.0979,71.9162,-1,0.0, -> [tvmonitor (Top): 6%]
frame_003252,-1.0,2.6603,66.6037,4.0756,73.3407,-1,0.0, -> [tvmonitor (Top): 6%]
frame_003253,-1.0,2.7378,66.2552,4.2268,73.2209,-1,0.0, -> [tvmonitor (Top): 6%]
frame_003254,-1.0,2.5693,66.5713,4.0321,73.1743,-1,0.0, -> [tvmonitor (Top): 6%]
frame_003255,-1.0,2.0814,70.4878,5.5815,78.1519,-1,0.0, -> [tvmonitor (Top): 6%]
frame_003256,-1.0,2.7972,66.8309,5.3424,74.9733,-1,0.0," -> [chair (Top-Left): 1%, tvmonitor (Top): 20%]"
frame_003257,-1.0,2.9438,66.4523,4.4135,73.8109,-1,0.0," -> [chair (Top-Left): 2%, tvmonitor (Top): 16%]"
frame_003258,-1.0,3.3605,66.8063,4.0795,74.2476,-1,0.0, -> [tvmonitor (Top): 21%]
frame_003259,-1.0,3.2759,67.6323,4.0938,75.0033,-1,0.0, -> [tvmonitor (Top): 8%]
frame_003260,-1.0,3.0354,65.5084,4.2601,72.805,-1,0.0," -> [chair (Top-Left): 1%, tvmonitor (Top): 9%]"
