filename,ros_data_age_ms,preprocessing_ms,inference_ms,postprocessing_ms,e2e_ms,class_id,confidence,info
frame_000000_clip,-1.0,10.1208,8.3447,0.1927,18.7179,152,9.85, -> high kick (9.8%)
frame_000001_clip,-1.0,11.466,12.3918,0.112,24.0295,152,11.29, -> high kick (11.3%)
frame_000002_clip,-1.0,10.8555,8.3201,0.1153,19.3467,152,9.89, -> high kick (9.9%)
frame_000003_clip,-1.0,10.3135,8.3359,0.1135,18.8202,152,10.1, -> high kick (10.1%)
frame_000004_clip,-1.0,11.1509,11.4182,0.1086,22.7342,305,12.61, -> situp (12.6%)
frame_000005_clip,-1.0,10.8122,8.0886,0.1125,19.0711,305,17.14, -> situp (17.1%)
frame_000006_clip,-1.0,9.6502,8.0492,0.0945,17.8484,152,19.53, -> high kick (19.5%)
frame_000007_clip,-1.0,9.7447,8.0846,0.1615,18.0852,305,14.67, -> situp (14.7%)
frame_000008_clip,-1.0,11.6655,7.9203,0.107,19.7496,305,27.35, -> situp (27.3%)
frame_000009_clip,-1.0,11.7082,10.6653,0.1084,22.538,305,27.88, -> situp (27.9%)
frame_000010_clip,-1.0,11.3055,13.3156,0.1372,24.8171,305,29.25, -> situp (29.2%)
frame_000011_clip,-1.0,11.7325,7.9692,0.1123,19.8765,305,25.81, -> situp (25.8%)
frame_000012_clip,-1.0,11.0343,8.1421,0.11,19.3447,305,27.09, -> situp (27.1%)
frame_000013_clip,-1.0,10.9239,8.2407,0.1175,19.3404,305,21.74, -> situp (21.7%)
frame_000014_clip,-1.0,10.9764,8.5271,0.1124,19.6743,305,30.44, -> situp (30.4%)
frame_000015_clip,-1.0,11.7683,12.6365,0.1176,24.5811,305,28.69, -> situp (28.7%)
frame_000016_clip,-1.0,12.3272,9.3932,0.1152,21.8949,305,23.33, -> situp (23.3%)
frame_000017_clip,-1.0,9.971,9.3475,0.1169,19.4935,305,18.61, -> situp (18.6%)
frame_000018_clip,-1.0,11.4055,10.9552,0.1114,22.5288,305,31.49, -> situp (31.5%)
frame_000019_clip,-1.0,11.4963,8.285,0.1174,19.9568,305,22.89, -> situp (22.9%)
frame_000020_clip,-1.0,11.048,7.969,0.1139,19.1907,302,18.45, -> side kick (18.4%)
frame_000021_clip,-1.0,11.4689,11.7777,0.1135,23.4224,302,24.02, -> side kick (24.0%)
frame_000022_clip,-1.0,10.508,8.1071,0.1116,18.7829,302,32.26, -> side kick (32.3%)
frame_000023_clip,-1.0,11.2683,7.9877,0.1196,19.4344,302,31.37, -> side kick (31.4%)
frame_000024_clip,-1.0,11.4527,8.2429,0.1087,19.8618,302,18.79, -> side kick (18.8%)
frame_000025_clip,-1.0,9.7067,8.0219,0.1114,17.8993,302,17.89, -> side kick (17.9%)
frame_000026_clip,-1.0,10.4726,7.9699,0.1059,18.6054,302,15.98, -> side kick (16.0%)
frame_000027_clip,-1.0,10.6384,10.5369,0.1139,21.3477,302,14.91, -> side kick (14.9%)
frame_000028_clip,-1.0,10.9267,11.4822,0.1094,22.5755,302,17.06, -> side kick (17.1%)
frame_000029_clip,-1.0,10.8753,8.0393,0.1132,19.0882,41,23.39, -> busking (23.4%)
frame_000030_clip,-1.0,11.3169,8.0182,0.1197,19.5133,41,24.55, -> busking (24.5%)
frame_000031_clip,-1.0,11.2691,7.8792,0.1018,19.3065,41,34.01, -> busking (34.0%)
frame_000032_clip,-1.0,10.0729,7.8858,0.1059,18.128,41,29.87, -> busking (29.9%)
frame_000033_clip,-1.0,11.3763,8.1,0.1256,19.6617,41,31.21, -> busking (31.2%)
frame_000034_clip,-1.0,10.7163,8.2149,0.105,19.0923,41,15.41, -> busking (15.4%)
frame_000035_clip,-1.0,14.0863,11.2212,0.1166,25.4822,41,18.96, -> busking (19.0%)
frame_000036_clip,-1.0,8.918,11.4573,0.107,20.5403,302,24.02, -> side kick (24.0%)
frame_000037_clip,-1.0,11.0407,8.0927,0.1136,19.3061,302,17.5, -> side kick (17.5%)
frame_000038_clip,-1.0,10.4724,8.1284,0.1182,18.7781,302,11.89, -> side kick (11.9%)
frame_000039_clip,-1.0,10.7642,8.1813,0.1062,19.1088,41,10.72, -> busking (10.7%)
frame_000040_clip,-1.0,10.2765,7.9022,0.115,18.3511,41,10.42, -> busking (10.4%)
frame_000041_clip,-1.0,10.5987,8.0609,0.1099,18.8265,41,16.02, -> busking (16.0%)
frame_000042_clip,-1.0,9.8856,8.1548,0.1135,18.2119,41,16.52, -> busking (16.5%)
frame_000043_clip,-1.0,11.2089,7.9572,0.109,19.3338,41,14.22, -> busking (14.2%)
frame_000044_clip,-1.0,9.8422,8.2011,0.1055,18.2049,302,24.68, -> side kick (24.7%)
frame_000045_clip,-1.0,11.5477,7.9585,0.1296,19.6934,302,22.58, -> side kick (22.6%)
frame_000046_clip,-1.0,10.0091,8.4884,0.1263,18.6875,302,30.85, -> side kick (30.8%)
frame_000047_clip,-1.0,12.139,8.4955,0.1144,20.8095,302,40.73, -> side kick (40.7%)
frame_000048_clip,-1.0,10.9896,8.9793,0.1159,20.1435,302,31.57, -> side kick (31.6%)
frame_000049_clip,-1.0,11.0685,8.2361,0.1231,19.4856,152,12.98, -> high kick (13.0%)
frame_000050_clip,-1.0,10.1809,8.4165,0.1154,18.7705,152,18.34, -> high kick (18.3%)
frame_000051_clip,-1.0,14.1442,8.2823,0.1077,22.5935,152,24.19, -> high kick (24.2%)
frame_000052_clip,-1.0,12.8386,8.3692,0.1125,21.3753,152,30.58, -> high kick (30.6%)
frame_000053_clip,-1.0,10.1813,8.2016,0.1204,18.5618,152,20.55, -> high kick (20.5%)
frame_000054_clip,-1.0,9.7496,8.459,0.113,18.3819,152,24.35, -> high kick (24.3%)
frame_000055_clip,-1.0,10.7951,8.4095,0.1097,19.3726,41,18.6, -> busking (18.6%)
frame_000056_clip,-1.0,9.5526,8.0456,0.1197,17.7755,41,14.96, -> busking (15.0%)
frame_000057_clip,-1.0,11.4789,8.0747,0.1091,19.7213,152,27.68, -> high kick (27.7%)
frame_000058_clip,-1.0,11.2886,8.1751,0.1156,19.639,152,27.42, -> high kick (27.4%)
frame_000059_clip,-1.0,10.642,8.3918,0.1093,19.2019,152,34.26, -> high kick (34.3%)
frame_000060_clip,-1.0,10.7002,8.4434,0.1148,19.3165,152,26.45, -> high kick (26.5%)
frame_000061_clip,-1.0,10.0208,13.3147,0.1193,23.513,152,26.7, -> high kick (26.7%)
frame_000062_clip,-1.0,10.9608,8.3844,0.1319,19.5359,275,29.53, -> riding unicycle (29.5%)
frame_000063_clip,-1.0,11.4348,8.3567,0.1124,19.9614,275,19.44, -> riding unicycle (19.4%)
frame_000064_clip,-1.0,10.6453,8.324,0.1436,19.1747,41,16.74, -> busking (16.7%)
frame_000065_clip,-1.0,10.9356,8.0572,0.1067,19.1569,275,12.02, -> riding unicycle (12.0%)
frame_000066_clip,-1.0,10.9837,8.4739,0.1101,19.6315,41,22.68, -> busking (22.7%)
frame_000067_clip,-1.0,10.6519,10.1749,0.1298,21.0229,41,13.14, -> busking (13.1%)
frame_000068_clip,-1.0,9.6694,8.1419,0.116,17.9854,152,14.15, -> high kick (14.2%)
frame_000069_clip,-1.0,11.3808,8.2061,0.1167,19.7698,41,13.57, -> busking (13.6%)
frame_000070_clip,-1.0,10.0326,8.1185,0.1143,18.3248,41,14.92, -> busking (14.9%)
frame_000071_clip,-1.0,11.1417,8.1263,0.1112,19.4388,152,13.19, -> high kick (13.2%)
frame_000072_clip,-1.0,11.0293,8.2963,0.1184,19.5008,41,13.58, -> busking (13.6%)
frame_000073_clip,-1.0,11.6592,8.2308,0.1199,20.0697,41,8.9, -> busking (8.9%)
frame_000074_clip,-1.0,11.4779,8.1222,0.1124,19.7697,41,10.94, -> busking (10.9%)
frame_000075_clip,-1.0,10.9121,8.1319,0.1119,19.2151,152,9.91, -> high kick (9.9%)
frame_000076_clip,-1.0,10.6117,8.1223,0.1063,18.8977,41,10.52, -> busking (10.5%)
frame_000077_clip,-1.0,11.2168,8.6073,0.1176,20.0018,41,20.23, -> busking (20.2%)
frame_000078_clip,-1.0,10.9348,10.8143,0.1234,21.9328,41,9.57, -> busking (9.6%)
frame_000079_clip,-1.0,10.2424,8.1463,0.1114,18.56,41,20.93, -> busking (20.9%)
frame_000080_clip,-1.0,10.7874,9.4829,0.1197,20.4487,41,32.23, -> busking (32.2%)
frame_000081_clip,-1.0,9.7133,7.7147,0.1058,17.59,41,29.72, -> busking (29.7%)
frame_000082_clip,-1.0,10.8518,8.2725,0.1146,19.3,41,14.71, -> busking (14.7%)
frame_000083_clip,-1.0,11.4576,7.8499,0.1138,19.4799,41,28.5, -> busking (28.5%)
frame_000084_clip,-1.0,9.7141,8.1805,0.1117,18.064,41,19.86, -> busking (19.9%)
frame_000085_clip,-1.0,10.8566,8.6005,0.1164,19.6326,41,17.34, -> busking (17.3%)
frame_000086_clip,-1.0,11.3578,7.8844,0.1088,19.4098,60,19.25, -> cleaning floor (19.2%)
frame_000087_clip,-1.0,12.1628,8.6601,0.1544,21.0375,60,14.8, -> cleaning floor (14.8%)
frame_000088_clip,-1.0,9.1327,8.4503,0.1171,17.7595,60,19.29, -> cleaning floor (19.3%)
frame_000089_clip,-1.0,11.1537,8.3169,0.1138,19.6423,60,20.04, -> cleaning floor (20.0%)
frame_000090_clip,-1.0,10.4396,8.4631,0.1197,19.0821,60,31.43, -> cleaning floor (31.4%)
frame_000091_clip,-1.0,11.419,8.2403,0.1174,19.8349,60,14.86, -> cleaning floor (14.9%)
frame_000092_clip,-1.0,12.175,8.2593,0.1185,20.6115,304,9.92, -> singing (9.9%)
frame_000093_clip,-1.0,10.2568,10.4932,0.113,20.9198,60,9.36, -> cleaning floor (9.4%)
frame_000094_clip,-1.0,9.255,8.3383,0.108,17.7593,60,17.38, -> cleaning floor (17.4%)
frame_000095_clip,-1.0,11.3238,8.4282,0.1129,19.9231,330,12.8, -> squat (12.8%)
frame_000096_clip,-1.0,10.1649,8.3093,0.1117,18.6425,60,24.93, -> cleaning floor (24.9%)
frame_000097_clip,-1.0,11.0732,8.4298,0.1166,19.6777,60,27.31, -> cleaning floor (27.3%)
frame_000098_clip,-1.0,10.3799,8.4374,0.142,19.0181,60,16.08, -> cleaning floor (16.1%)
frame_000099_clip,-1.0,10.7885,8.5103,0.1348,19.4952,330,15.45, -> squat (15.4%)
frame_000100_clip,-1.0,10.7719,10.0383,0.118,20.9884,60,19.74, -> cleaning floor (19.7%)
frame_000101_clip,-1.0,10.3344,8.204,0.1136,18.7114,60,17.6, -> cleaning floor (17.6%)
frame_000102_clip,-1.0,10.9971,8.3937,0.1198,19.5699,67,18.88, -> climbing ladder (18.9%)
frame_000103_clip,-1.0,11.1695,8.2608,0.1159,19.6056,60,17.74, -> cleaning floor (17.7%)
frame_000104_clip,-1.0,10.107,8.3958,0.1108,18.6699,60,18.08, -> cleaning floor (18.1%)
frame_000105_clip,-1.0,9.5126,8.6422,0.1151,18.3267,67,26.21, -> climbing ladder (26.2%)
frame_000106_clip,-1.0,11.1574,7.9685,0.1118,19.2963,67,27.11, -> climbing ladder (27.1%)
frame_000107_clip,-1.0,10.6565,8.3197,0.1194,19.1555,67,26.88, -> climbing ladder (26.9%)
frame_000108_clip,-1.0,9.9234,8.254,0.1207,18.3567,67,21.74, -> climbing ladder (21.7%)
frame_000109_clip,-1.0,10.2632,9.0774,0.1134,19.5123,67,29.55, -> climbing ladder (29.5%)
frame_000110_clip,-1.0,10.5141,7.9107,0.1142,18.5957,67,26.44, -> climbing ladder (26.4%)
frame_000111_clip,-1.0,11.066,8.4711,0.1126,19.7097,67,45.26, -> climbing ladder (45.3%)
frame_000112_clip,-1.0,10.299,8.322,0.1167,18.7954,67,40.24, -> climbing ladder (40.2%)
frame_000113_clip,-1.0,11.0332,8.2393,0.1209,19.4528,19,21.09, -> bench pressing (21.1%)
frame_000114_clip,-1.0,10.5826,8.387,0.1439,19.173,19,20.25, -> bench pressing (20.2%)
frame_000115_clip,-1.0,10.7119,8.3204,0.1156,19.2115,19,39.49, -> bench pressing (39.5%)
frame_000116_clip,-1.0,10.8203,8.149,0.1164,19.1438,19,42.75, -> bench pressing (42.7%)
frame_000117_clip,-1.0,9.2786,8.5581,0.1151,18.0093,19,40.76, -> bench pressing (40.8%)
frame_000118_clip,-1.0,10.9858,8.4159,0.1206,19.5812,19,44.42, -> bench pressing (44.4%)
frame_000119_clip,-1.0,10.809,9.0869,0.1094,20.0647,19,40.46, -> bench pressing (40.5%)
frame_000120_clip,-1.0,10.7256,8.2857,0.1174,19.1878,19,42.67, -> bench pressing (42.7%)
frame_000121_clip,-1.0,10.5142,8.1191,0.1081,18.801,19,20.33, -> bench pressing (20.3%)
frame_000122_clip,-1.0,11.3514,8.3613,0.1137,19.8856,200,25.88, -> moving furniture (25.9%)
frame_000123_clip,-1.0,10.2537,8.0868,0.1175,18.5153,200,29.49, -> moving furniture (29.5%)
frame_000124_clip,-1.0,10.9744,8.2491,0.1523,19.4333,200,41.09, -> moving furniture (41.1%)
frame_000125_clip,-1.0,9.8985,8.1358,0.1161,18.208,200,23.7, -> moving furniture (23.7%)
frame_000126_clip,-1.0,10.8622,8.0053,0.1034,19.0286,200,29.0, -> moving furniture (29.0%)
frame_000127_clip,-1.0,10.7502,8.2521,0.1175,19.1767,200,21.0, -> moving furniture (21.0%)
frame_000128_clip,-1.0,10.5767,12.1345,0.1219,22.8918,200,16.15, -> moving furniture (16.1%)
frame_000129_clip,-1.0,9.3232,8.1752,0.1103,17.6657,200,26.95, -> moving furniture (27.0%)
frame_000130_clip,-1.0,10.7119,8.0779,0.1224,18.9723,200,24.36, -> moving furniture (24.4%)
frame_000131_clip,-1.0,12.3935,8.0818,0.1108,20.6445,200,33.12, -> moving furniture (33.1%)
frame_000132_clip,-1.0,10.5679,10.2292,0.1126,20.9679,200,20.89, -> moving furniture (20.9%)
frame_000133_clip,-1.0,11.8182,8.3246,0.1103,20.3123,200,21.3, -> moving furniture (21.3%)
frame_000134_clip,-1.0,9.9496,8.288,0.1098,18.4029,200,19.42, -> moving furniture (19.4%)
frame_000135_clip,-1.0,11.9517,8.5407,0.1168,20.668,200,11.56, -> moving furniture (11.6%)
frame_000136_clip,-1.0,10.2467,8.4191,0.1102,18.833,200,13.66, -> moving furniture (13.7%)
frame_000137_clip,-1.0,9.2861,8.6933,0.122,18.1604,200,18.4, -> moving furniture (18.4%)
frame_000138_clip,-1.0,11.3674,8.2576,0.1091,19.7904,200,21.91, -> moving furniture (21.9%)
frame_000139_clip,-1.0,11.2721,8.5012,0.132,19.9638,200,18.79, -> moving furniture (18.8%)
frame_000140_clip,-1.0,11.2999,8.1644,0.1073,19.6297,200,17.69, -> moving furniture (17.7%)
frame_000141_clip,-1.0,15.753,11.7043,0.1108,27.6274,200,17.53, -> moving furniture (17.5%)
frame_000142_clip,-1.0,11.3119,8.5144,0.1129,19.9964,200,12.18, -> moving furniture (12.2%)
frame_000143_clip,-1.0,11.5918,8.401,0.1097,20.1619,200,17.09, -> moving furniture (17.1%)
frame_000144_clip,-1.0,9.648,8.4219,0.1058,18.2329,200,12.63, -> moving furniture (12.6%)
frame_000145_clip,-1.0,9.6395,8.503,0.1116,18.3136,200,10.16, -> moving furniture (10.2%)
frame_000146_clip,-1.0,9.9383,8.3858,0.1107,18.4933,200,7.14, -> moving furniture (7.1%)
frame_000147_clip,-1.0,10.0526,8.339,0.1286,18.5822,357,8.77, -> throwing ball (8.8%)
frame_000148_clip,-1.0,9.272,8.4691,0.1273,17.9264,357,5.65, -> throwing ball (5.7%)
frame_000149_clip,-1.0,10.1656,8.46,0.1148,18.7968,357,7.6, -> throwing ball (7.6%)
frame_000150_clip,-1.0,9.333,8.257,0.1192,17.7692,374,4.07, -> using remote controller (not gaming) (4.1%)
frame_000151_clip,-1.0,10.5004,8.2405,0.1115,18.9102,129,5.6, -> flipping pancake (5.6%)
frame_000152_clip,-1.0,10.5476,8.9109,0.1175,19.6334,374,4.57, -> using remote controller (not gaming) (4.6%)
frame_000153_clip,-1.0,10.9506,8.1157,0.1133,19.2373,129,5.59, -> flipping pancake (5.6%)
frame_000154_clip,-1.0,10.7287,12.0262,0.121,22.9334,129,6.54, -> flipping pancake (6.5%)
frame_000155_clip,-1.0,10.0779,8.2211,0.1164,18.4751,129,11.34, -> flipping pancake (11.3%)
frame_000156_clip,-1.0,9.5565,8.2862,0.1111,18.0117,129,6.29, -> flipping pancake (6.3%)
frame_000157_clip,-1.0,10.0546,8.173,0.116,18.4005,374,10.51, -> using remote controller (not gaming) (10.5%)
frame_000158_clip,-1.0,14.6115,8.1868,0.107,22.965,374,7.64, -> using remote controller (not gaming) (7.6%)
frame_000159_clip,-1.0,11.1438,9.0254,0.1067,20.3545,374,10.66, -> using remote controller (not gaming) (10.7%)
frame_000160_clip,-1.0,11.9218,8.2914,0.1227,20.3962,129,14.89, -> flipping pancake (14.9%)
frame_000161_clip,-1.0,13.561,11.1449,0.1208,24.8885,129,14.83, -> flipping pancake (14.8%)
frame_000162_clip,-1.0,13.7861,10.7466,0.112,24.7032,129,17.61, -> flipping pancake (17.6%)
frame_000163_clip,-1.0,12.3314,8.2269,0.1157,20.7317,129,13.07, -> flipping pancake (13.1%)
frame_000164_clip,-1.0,13.3336,8.2023,0.1072,21.7005,129,9.21, -> flipping pancake (9.2%)
frame_000165_clip,-1.0,11.1008,8.0895,0.1132,19.3588,129,17.99, -> flipping pancake (18.0%)
frame_000166_clip,-1.0,11.2798,8.1817,0.1135,19.6355,129,15.76, -> flipping pancake (15.8%)
frame_000167_clip,-1.0,9.3409,7.7481,0.1053,17.2545,129,13.78, -> flipping pancake (13.8%)
frame_000168_clip,-1.0,13.801,8.1535,0.11,22.1249,129,12.91, -> flipping pancake (12.9%)
frame_000169_clip,-1.0,11.8067,8.1861,0.1103,20.1625,129,12.31, -> flipping pancake (12.3%)
frame_000170_clip,-1.0,9.9246,8.1146,0.1119,18.2088,157,6.51, -> hoverboarding (6.5%)
frame_000171_clip,-1.0,10.9739,8.0472,0.1067,19.1861,129,11.18, -> flipping pancake (11.2%)
frame_000172_clip,-1.0,14.1832,8.1804,0.1102,22.5328,338,14.05, -> sweeping floor (14.0%)
frame_000173_clip,-1.0,11.5641,8.5037,0.1201,20.2475,129,10.48, -> flipping pancake (10.5%)
frame_000174_clip,-1.0,10.6642,8.1136,0.111,18.9481,129,17.75, -> flipping pancake (17.8%)
frame_000175_clip,-1.0,9.6302,8.1704,0.1167,17.9755,129,19.6, -> flipping pancake (19.6%)
frame_000176_clip,-1.0,10.916,13.1772,0.1227,24.2736,157,11.26, -> hoverboarding (11.3%)
frame_000177_clip,-1.0,10.5546,8.242,0.1136,18.9685,129,7.63, -> flipping pancake (7.6%)
frame_000178_clip,-1.0,11.0091,8.143,0.1182,19.3275,302,9.56, -> side kick (9.6%)
frame_000179_clip,-1.0,9.4775,8.5162,0.1164,18.1699,302,17.07, -> side kick (17.1%)
frame_000180_clip,-1.0,11.1348,8.4664,0.1181,19.7781,157,11.29, -> hoverboarding (11.3%)
frame_000181_clip,-1.0,10.8445,8.5472,0.1126,19.5682,157,14.44, -> hoverboarding (14.4%)
frame_000182_clip,-1.0,11.1229,8.1059,0.1198,19.4099,157,13.26, -> hoverboarding (13.3%)
frame_000183_clip,-1.0,10.2561,8.3828,0.1181,18.8171,302,14.8, -> side kick (14.8%)
frame_000184_clip,-1.0,10.8755,8.3994,0.1085,19.4416,302,14.38, -> side kick (14.4%)
frame_000185_clip,-1.0,10.3368,8.376,0.124,18.8966,302,18.41, -> side kick (18.4%)
frame_000186_clip,-1.0,9.5923,8.2839,0.1153,18.0508,302,24.76, -> side kick (24.8%)
frame_000187_clip,-1.0,11.3221,8.4597,0.1117,19.9509,302,28.39, -> side kick (28.4%)
frame_000188_clip,-1.0,10.2279,8.1202,0.1163,18.5223,302,29.56, -> side kick (29.6%)
frame_000189_clip,-1.0,10.461,7.972,0.1008,18.5904,302,22.43, -> side kick (22.4%)
frame_000190_clip,-1.0,8.786,9.5283,0.1139,18.486,302,21.15, -> side kick (21.1%)
frame_000191_clip,-1.0,10.6271,8.2558,0.1192,19.0606,302,20.51, -> side kick (20.5%)
frame_000192_clip,-1.0,9.8206,8.5105,0.1203,18.5093,302,28.76, -> side kick (28.8%)
frame_000193_clip,-1.0,10.7705,8.269,0.1152,19.214,302,15.39, -> side kick (15.4%)
frame_000194_clip,-1.0,9.9852,8.407,0.1166,18.567,302,28.56, -> side kick (28.6%)
frame_000195_clip,-1.0,13.5258,8.1762,0.1134,21.8756,302,26.66, -> side kick (26.7%)
frame_000196_clip,-1.0,11.4907,8.2741,0.1167,19.94,302,31.29, -> side kick (31.3%)
frame_000197_clip,-1.0,14.4175,11.5178,0.117,26.1107,302,24.76, -> side kick (24.8%)
frame_000198_clip,-1.0,11.9146,12.8192,0.1155,24.9083,302,21.16, -> side kick (21.2%)
frame_000199_clip,-1.0,11.0486,8.2619,0.1184,19.4879,302,24.07, -> side kick (24.1%)
frame_000200_clip,-1.0,10.7114,8.2841,0.121,19.1765,302,22.34, -> side kick (22.3%)
frame_000201_clip,-1.0,12.3457,7.8485,0.1008,20.354,302,17.45, -> side kick (17.4%)
frame_000202_clip,-1.0,9.3763,8.1123,0.1239,17.6735,302,15.61, -> side kick (15.6%)
frame_000203_clip,-1.0,11.7909,8.4613,0.1176,20.4304,302,24.91, -> side kick (24.9%)
frame_000204_clip,-1.0,10.6765,8.4362,0.1128,19.2846,302,18.11, -> side kick (18.1%)
frame_000205_clip,-1.0,13.7755,8.4517,0.1169,22.4034,302,14.6, -> side kick (14.6%)
frame_000206_clip,-1.0,10.5871,8.0977,0.1146,18.8604,302,17.19, -> side kick (17.2%)
frame_000207_clip,-1.0,12.2897,8.129,0.1203,20.5984,302,18.14, -> side kick (18.1%)
frame_000208_clip,-1.0,11.5229,10.7592,0.118,22.4614,302,27.0, -> side kick (27.0%)
frame_000209_clip,-1.0,11.6084,8.491,0.1129,20.2752,302,33.42, -> side kick (33.4%)
frame_000210_clip,-1.0,10.1984,8.5017,0.1067,18.8697,302,28.96, -> side kick (29.0%)
frame_000211_clip,-1.0,11.6997,8.5207,0.1106,20.3975,302,20.12, -> side kick (20.1%)
frame_000212_clip,-1.0,10.1795,8.571,0.1106,18.9214,302,12.41, -> side kick (12.4%)
frame_000213_clip,-1.0,11.1819,8.4123,0.1099,19.7664,200,13.88, -> moving furniture (13.9%)
frame_000214_clip,-1.0,10.4271,8.2285,0.1046,18.822,375,15.94, -> using segway (15.9%)
frame_000215_clip,-1.0,10.6247,8.3615,0.11,19.1573,200,15.99, -> moving furniture (16.0%)
frame_000216_clip,-1.0,10.3916,10.4315,0.1052,20.9904,200,13.84, -> moving furniture (13.8%)
frame_000217_clip,-1.0,13.6006,13.3911,0.1063,27.1584,375,16.14, -> using segway (16.1%)
frame_000218_clip,-1.0,10.0972,8.3587,0.1075,18.6234,375,11.93, -> using segway (11.9%)
frame_000219_clip,-1.0,10.6405,8.4984,0.1087,19.3098,200,14.42, -> moving furniture (14.4%)
frame_000220_clip,-1.0,10.523,8.3391,0.1087,19.033,375,17.11, -> using segway (17.1%)
frame_000221_clip,-1.0,10.5159,8.2677,0.1046,18.9508,375,22.33, -> using segway (22.3%)
frame_000222_clip,-1.0,10.3167,8.4459,0.1016,18.9277,375,21.53, -> using segway (21.5%)
frame_000223_clip,-1.0,10.5295,8.5669,0.1085,19.2666,302,18.98, -> side kick (19.0%)
frame_000224_clip,-1.0,10.4253,9.2924,0.1187,19.8961,302,22.37, -> side kick (22.4%)
frame_000225_clip,-1.0,13.4869,8.6558,0.1031,22.3082,302,14.14, -> side kick (14.1%)
frame_000226_clip,-1.0,11.2795,8.7728,0.1102,20.2207,302,14.98, -> side kick (15.0%)
frame_000227_clip,-1.0,13.3195,8.594,0.1084,22.0856,302,21.34, -> side kick (21.3%)
frame_000228_clip,-1.0,11.3736,8.7248,0.1122,20.2704,302,32.68, -> side kick (32.7%)
frame_000229_clip,-1.0,12.6877,8.2137,0.1064,21.0707,302,28.49, -> side kick (28.5%)
frame_000230_clip,-1.0,10.2981,8.5313,0.1079,18.9978,302,22.64, -> side kick (22.6%)
frame_000231_clip,-1.0,11.8133,8.3827,0.1082,20.3668,302,19.22, -> side kick (19.2%)
frame_000232_clip,-1.0,10.4829,8.3977,0.1083,19.0501,302,17.4, -> side kick (17.4%)
frame_000233_clip,-1.0,12.7899,11.8773,0.1108,24.8405,302,18.8, -> side kick (18.8%)
frame_000234_clip,-1.0,11.2342,8.3449,0.105,19.7447,302,17.15, -> side kick (17.1%)
frame_000235_clip,-1.0,12.7524,8.4213,0.1041,21.3388,302,21.14, -> side kick (21.1%)
frame_000236_clip,-1.0,10.0932,11.037,0.1041,21.2936,302,20.31, -> side kick (20.3%)
frame_000237_clip,-1.0,11.3339,8.2589,0.11,19.7666,302,14.92, -> side kick (14.9%)
frame_000238_clip,-1.0,10.3357,8.4246,0.1108,18.9351,183,13.0, -> lunge (13.0%)
frame_000239_clip,-1.0,12.8073,8.337,0.1082,21.3156,302,12.3, -> side kick (12.3%)
frame_000240_clip,-1.0,10.39,8.9677,0.1123,19.5304,262,11.41, -> pushing cart (11.4%)
frame_000241_clip,-1.0,11.4709,8.3544,0.1057,19.9943,302,11.19, -> side kick (11.2%)
frame_000242_clip,-1.0,10.3518,8.375,0.1102,18.899,302,12.18, -> side kick (12.2%)
frame_000243_clip,-1.0,12.6388,8.386,0.1072,21.1937,302,9.96, -> side kick (10.0%)
frame_000244_clip,-1.0,10.468,8.2842,0.1039,18.9172,302,8.34, -> side kick (8.3%)
frame_000245_clip,-1.0,11.4577,8.386,0.11,20.0168,252,9.16, -> playing xylophone (9.2%)
frame_000246_clip,-1.0,10.2371,12.5026,0.1067,22.9081,252,9.08, -> playing xylophone (9.1%)
frame_000247_clip,-1.0,14.2167,12.9845,0.1117,27.3766,200,10.37, -> moving furniture (10.4%)
frame_000248_clip,-1.0,10.7849,8.6537,0.1271,19.6307,262,7.33, -> pushing cart (7.3%)
frame_000249_clip,-1.0,14.1248,8.7583,0.1122,23.0572,302,7.94, -> side kick (7.9%)
frame_000250_clip,-1.0,12.019,8.3573,0.111,20.5502,302,8.91, -> side kick (8.9%)
frame_000251_clip,-1.0,12.7138,8.5879,0.1034,21.4673,252,7.97, -> playing xylophone (8.0%)
frame_000252_clip,-1.0,12.1525,8.4822,0.1061,20.802,302,7.83, -> side kick (7.8%)
frame_000253_clip,-1.0,12.3566,8.6119,0.1036,21.136,302,8.01, -> side kick (8.0%)
frame_000254_clip,-1.0,10.2775,8.6915,0.1036,19.1333,302,9.77, -> side kick (9.8%)
frame_000255_clip,-1.0,13.8488,8.5082,0.1131,22.5376,302,14.12, -> side kick (14.1%)
frame_000256_clip,-1.0,10.1308,8.2842,0.1061,18.5798,302,15.16, -> side kick (15.2%)
frame_000257_clip,-1.0,11.336,8.3617,0.106,19.8673,302,18.49, -> side kick (18.5%)
frame_000258_clip,-1.0,10.5793,13.5335,0.1251,24.2995,302,21.5, -> side kick (21.5%)
frame_000259_clip,-1.0,12.5082,9.2796,0.1076,21.9562,302,13.31, -> side kick (13.3%)
frame_000260_clip,-1.0,10.3501,8.449,0.1073,18.9681,302,12.7, -> side kick (12.7%)
frame_000261_clip,-1.0,12.7068,8.47,0.108,21.3491,302,10.4, -> side kick (10.4%)
frame_000262_clip,-1.0,11.9304,8.4531,0.1093,20.5558,302,15.58, -> side kick (15.6%)
frame_000263_clip,-1.0,12.742,8.664,0.1061,21.5786,302,15.25, -> side kick (15.3%)
frame_000264_clip,-1.0,11.9085,8.5154,0.1086,20.5979,302,13.65, -> side kick (13.7%)
frame_000265_clip,-1.0,11.0002,8.3058,0.114,19.4834,302,13.9, -> side kick (13.9%)
frame_000266_clip,-1.0,10.4371,8.1402,0.105,18.7434,302,16.92, -> side kick (16.9%)
frame_000267_clip,-1.0,11.5468,8.3235,0.1131,20.047,302,14.47, -> side kick (14.5%)
frame_000268_clip,-1.0,11.6772,8.4849,0.1115,20.3358,302,14.73, -> side kick (14.7%)
frame_000269_clip,-1.0,12.3183,8.4037,0.1112,20.8956,302,17.7, -> side kick (17.7%)
frame_000270_clip,-1.0,10.0867,8.4658,0.1099,18.7209,302,22.13, -> side kick (22.1%)
frame_000271_clip,-1.0,12.7081,8.312,0.105,21.1872,302,23.62, -> side kick (23.6%)
frame_000272_clip,-1.0,10.418,8.5577,0.1117,19.1497,302,26.74, -> side kick (26.7%)
frame_000273_clip,-1.0,12.7557,10.7084,0.1108,23.6391,302,22.41, -> side kick (22.4%)
frame_000274_clip,-1.0,10.1033,8.1764,0.1021,18.4433,302,21.38, -> side kick (21.4%)
frame_000275_clip,-1.0,12.3107,8.5338,0.1018,21.0083,302,22.38, -> side kick (22.4%)
frame_000276_clip,-1.0,11.8361,9.0768,0.1059,21.081,302,28.6, -> side kick (28.6%)
frame_000277_clip,-1.0,11.4865,8.7784,0.0996,20.4264,302,35.32, -> side kick (35.3%)
frame_000278_clip,-1.0,10.5491,8.5735,0.1043,19.2876,302,41.79, -> side kick (41.8%)
frame_000279_clip,-1.0,13.3199,8.3359,0.0987,21.8163,302,44.97, -> side kick (45.0%)
frame_000280_clip,-1.0,11.254,8.7614,0.1061,20.1838,302,39.82, -> side kick (39.8%)
frame_000281_clip,-1.0,12.2541,8.4816,0.1049,20.9069,302,26.19, -> side kick (26.2%)
frame_000282_clip,-1.0,10.31,8.5594,0.1096,19.0409,302,32.92, -> side kick (32.9%)
frame_000283_clip,-1.0,13.4196,8.5444,0.117,22.145,302,36.47, -> side kick (36.5%)
frame_000284_clip,-1.0,10.4903,8.5946,0.113,19.2591,302,47.35, -> side kick (47.4%)
frame_000285_clip,-1.0,10.0633,13.4383,0.1169,23.6799,302,46.92, -> side kick (46.9%)
frame_000286_clip,-1.0,10.2439,10.7991,0.1117,21.2174,302,41.13, -> side kick (41.1%)
frame_000287_clip,-1.0,11.8603,8.6775,0.1251,20.7281,302,33.58, -> side kick (33.6%)
frame_000288_clip,-1.0,10.4199,12.7209,0.1111,23.3118,302,36.39, -> side kick (36.4%)
frame_000289_clip,-1.0,12.7815,8.2948,0.1099,21.2487,302,37.49, -> side kick (37.5%)
frame_000290_clip,-1.0,10.6935,8.5086,0.112,19.3761,302,36.79, -> side kick (36.8%)
frame_000291_clip,-1.0,13.6269,8.4601,0.1084,22.257,302,38.53, -> side kick (38.5%)
frame_000292_clip,-1.0,13.3322,8.6508,0.1129,22.1559,302,37.41, -> side kick (37.4%)
frame_000293_clip,-1.0,10.5205,8.3158,0.1165,19.0146,302,32.99, -> side kick (33.0%)
frame_000294_clip,-1.0,10.5321,8.5065,0.1109,19.2094,302,33.75, -> side kick (33.7%)
frame_000295_clip,-1.0,10.5287,8.6288,0.1218,19.3405,302,28.98, -> side kick (29.0%)
frame_000296_clip,-1.0,10.2123,10.2089,0.1011,20.5835,302,26.42, -> side kick (26.4%)
frame_000297_clip,-1.0,12.1021,13.5062,0.1206,25.7916,302,30.07, -> side kick (30.1%)
frame_000298_clip,-1.0,10.5509,11.1245,0.1174,21.8571,302,27.25, -> side kick (27.2%)
frame_000299_clip,-1.0,10.4562,8.3149,0.1115,18.9444,302,22.94, -> side kick (22.9%)
frame_000300_clip,-1.0,9.9919,8.6128,0.1152,18.7842,302,22.97, -> side kick (23.0%)
frame_000301_clip,-1.0,12.7539,8.5663,0.1089,21.4882,302,23.58, -> side kick (23.6%)
frame_000302_clip,-1.0,12.5603,8.5355,0.1148,21.2721,302,26.23, -> side kick (26.2%)
frame_000303_clip,-1.0,14.4444,10.3235,0.1196,24.9564,302,20.12, -> side kick (20.1%)
frame_000304_clip,-1.0,10.1593,8.4516,0.116,18.7888,302,21.61, -> side kick (21.6%)
frame_000305_clip,-1.0,10.0827,8.5614,0.1147,18.8218,302,22.54, -> side kick (22.5%)
frame_000306_clip,-1.0,10.3382,8.4709,0.1135,18.9864,302,24.21, -> side kick (24.2%)
frame_000307_clip,-1.0,13.3155,8.8389,0.1132,22.3308,302,28.56, -> side kick (28.6%)
frame_000308_clip,-1.0,11.1113,12.0119,0.1278,23.3133,302,24.47, -> side kick (24.5%)
frame_000309_clip,-1.0,13.2862,8.6214,0.1176,22.0897,302,26.18, -> side kick (26.2%)
frame_000310_clip,-1.0,10.0425,8.7658,0.1152,18.9874,302,27.87, -> side kick (27.9%)
frame_000311_clip,-1.0,10.936,8.6719,0.112,19.7811,302,35.18, -> side kick (35.2%)
frame_000312_clip,-1.0,10.4505,8.4514,0.1169,19.0814,302,45.49, -> side kick (45.5%)
frame_000313_clip,-1.0,14.5691,8.5892,0.1174,23.341,302,54.91, -> side kick (54.9%)
frame_000314_clip,-1.0,10.3643,8.2305,0.1136,18.77,302,50.42, -> side kick (50.4%)
frame_000315_clip,-1.0,11.5129,8.5878,0.1241,20.2912,302,47.27, -> side kick (47.3%)
frame_000316_clip,-1.0,11.0472,10.9417,0.1176,22.1698,302,50.84, -> side kick (50.8%)
frame_000317_clip,-1.0,12.6802,8.6623,0.1319,21.5381,302,63.59, -> side kick (63.6%)
frame_000318_clip,-1.0,12.5403,8.4958,0.1166,21.2157,302,62.29, -> side kick (62.3%)
frame_000319_clip,-1.0,12.7585,8.7869,0.1141,21.7252,302,67.93, -> side kick (67.9%)
frame_000320_clip,-1.0,10.4663,9.2992,0.1166,19.9443,302,69.23, -> side kick (69.2%)
frame_000321_clip,-1.0,14.3854,8.4384,0.1146,23.0008,302,67.79, -> side kick (67.8%)
frame_000322_clip,-1.0,10.4367,8.4531,0.116,19.0695,302,73.81, -> side kick (73.8%)
frame_000323_clip,-1.0,13.5146,12.4054,0.1137,26.0967,302,70.51, -> side kick (70.5%)
frame_000324_clip,-1.0,10.2756,8.4287,0.1059,18.8708,302,64.16, -> side kick (64.2%)
frame_000325_clip,-1.0,13.2618,12.0315,0.1009,25.4634,302,61.91, -> side kick (61.9%)
frame_000326_clip,-1.0,10.4872,12.0389,0.1209,22.7074,302,61.8, -> side kick (61.8%)
frame_000327_clip,-1.0,13.1369,8.5168,0.1176,21.8346,302,61.47, -> side kick (61.5%)
frame_000328_clip,-1.0,10.0008,8.7674,0.1193,18.9521,302,51.16, -> side kick (51.2%)
frame_000329_clip,-1.0,13.1772,8.7781,0.1133,22.1326,302,40.56, -> side kick (40.6%)
frame_000330_clip,-1.0,10.6481,8.6948,0.1135,19.5197,302,41.12, -> side kick (41.1%)
frame_000331_clip,-1.0,13.8668,8.4679,0.1168,22.5139,302,28.82, -> side kick (28.8%)
frame_000332_clip,-1.0,11.9235,8.7166,0.1151,20.8192,302,26.47, -> side kick (26.5%)
frame_000333_clip,-1.0,14.0577,11.1237,0.1224,25.3693,302,20.32, -> side kick (20.3%)
frame_000334_clip,-1.0,11.3177,8.3083,0.1119,19.801,302,26.88, -> side kick (26.9%)
frame_000335_clip,-1.0,10.3573,8.4433,0.1145,18.9769,302,24.12, -> side kick (24.1%)
frame_000336_clip,-1.0,10.4717,8.8325,0.1177,19.4843,302,36.58, -> side kick (36.6%)
frame_000337_clip,-1.0,10.3884,8.3977,0.1151,18.964,302,31.1, -> side kick (31.1%)
frame_000338_clip,-1.0,10.909,10.0271,0.115,21.1149,302,33.46, -> side kick (33.5%)
frame_000339_clip,-1.0,10.4734,8.0966,0.1125,18.745,302,33.35, -> side kick (33.3%)
frame_000340_clip,-1.0,10.2338,8.5713,0.1115,18.9828,302,32.2, -> side kick (32.2%)
frame_000341_clip,-1.0,10.3661,8.7978,0.1075,19.3336,302,29.38, -> side kick (29.4%)
frame_000342_clip,-1.0,10.4335,8.2527,0.1102,18.8596,302,29.06, -> side kick (29.1%)
frame_000343_clip,-1.0,10.8064,8.536,0.1103,19.5154,302,30.2, -> side kick (30.2%)
frame_000344_clip,-1.0,10.055,8.4274,0.109,18.6531,302,26.89, -> side kick (26.9%)
frame_000345_clip,-1.0,10.5096,8.4745,0.1091,19.1566,302,26.74, -> side kick (26.7%)
frame_000346_clip,-1.0,10.3319,10.0382,0.1064,20.5392,302,35.66, -> side kick (35.7%)
frame_000347_clip,-1.0,10.3955,8.3846,0.1091,18.9509,302,37.07, -> side kick (37.1%)
frame_000348_clip,-1.0,10.1111,8.3079,0.1067,18.5894,302,37.45, -> side kick (37.5%)
frame_000349_clip,-1.0,10.843,8.738,0.1268,19.7773,302,34.75, -> side kick (34.7%)
frame_000350_clip,-1.0,10.3396,8.2311,0.1156,18.7481,302,34.03, -> side kick (34.0%)
frame_000351_clip,-1.0,10.9844,8.3804,0.1205,19.5495,302,32.94, -> side kick (32.9%)
frame_000352_clip,-1.0,10.5143,10.2304,0.1146,20.9239,302,35.39, -> side kick (35.4%)
frame_000353_clip,-1.0,10.5825,8.5077,0.1212,19.2742,302,35.38, -> side kick (35.4%)
frame_000354_clip,-1.0,10.795,10.9272,0.1143,21.8972,302,35.7, -> side kick (35.7%)
frame_000355_clip,-1.0,11.148,8.7559,0.1095,20.0779,302,33.45, -> side kick (33.5%)
frame_000356_clip,-1.0,10.5655,10.5023,0.1123,21.2408,302,34.12, -> side kick (34.1%)
frame_000357_clip,-1.0,10.2555,13.3942,0.1165,23.8294,302,34.58, -> side kick (34.6%)
frame_000358_clip,-1.0,10.8558,10.6698,0.1252,21.7127,302,35.7, -> side kick (35.7%)
frame_000359_clip,-1.0,10.5878,8.6135,0.1217,19.3875,302,35.9, -> side kick (35.9%)
frame_000360_clip,-1.0,10.3684,8.4006,0.1171,18.949,302,35.61, -> side kick (35.6%)
frame_000361_clip,-1.0,10.6098,8.3601,0.1078,19.145,302,35.88, -> side kick (35.9%)
frame_000362_clip,-1.0,10.5265,12.1406,0.1157,22.849,302,35.57, -> side kick (35.6%)
frame_000363_clip,-1.0,10.6067,8.4775,0.1139,19.2615,302,36.48, -> side kick (36.5%)
frame_000364_clip,-1.0,10.0032,8.6727,0.1093,18.8461,302,36.57, -> side kick (36.6%)
frame_000365_clip,-1.0,10.945,8.6458,0.1204,19.7748,302,37.55, -> side kick (37.5%)
frame_000366_clip,-1.0,10.1605,12.8493,0.1099,23.1819,302,36.96, -> side kick (37.0%)
frame_000367_clip,-1.0,11.4146,8.521,0.1193,20.121,302,38.09, -> side kick (38.1%)
frame_000368_clip,-1.0,10.4632,8.6819,0.1187,19.3271,302,38.16, -> side kick (38.2%)
frame_000369_clip,-1.0,10.4594,8.3376,0.113,18.9745,302,36.56, -> side kick (36.6%)
frame_000370_clip,-1.0,10.4515,8.5401,0.1184,19.1739,302,38.95, -> side kick (39.0%)
frame_000371_clip,-1.0,11.079,10.0766,0.1201,21.3466,302,38.07, -> side kick (38.1%)
frame_000372_clip,-1.0,10.8063,8.5216,0.1152,19.5093,302,36.62, -> side kick (36.6%)
frame_000373_clip,-1.0,10.6384,11.7061,0.1141,22.5254,302,36.34, -> side kick (36.3%)
frame_000374_clip,-1.0,10.127,11.7765,0.12,22.0849,302,34.9, -> side kick (34.9%)
frame_000375_clip,-1.0,11.3938,8.5149,0.1247,20.0932,302,34.16, -> side kick (34.2%)
frame_000376_clip,-1.0,10.5459,8.7645,0.115,19.4877,302,35.18, -> side kick (35.2%)
frame_000377_clip,-1.0,10.8102,8.7056,0.1237,19.7022,302,35.19, -> side kick (35.2%)
frame_000378_clip,-1.0,10.659,8.1362,0.1131,18.9731,302,34.5, -> side kick (34.5%)
frame_000379_clip,-1.0,11.3066,8.5816,0.12,20.0717,302,36.34, -> side kick (36.3%)
frame_000380_clip,-1.0,10.106,8.719,0.1199,19.0077,302,36.65, -> side kick (36.7%)
frame_000381_clip,-1.0,10.84,10.8567,0.109,21.8697,302,36.03, -> side kick (36.0%)
frame_000382_clip,-1.0,10.2865,12.8088,0.1159,23.2732,302,39.41, -> side kick (39.4%)
frame_000383_clip,-1.0,11.2586,8.5203,0.1169,19.9595,302,39.43, -> side kick (39.4%)
frame_000384_clip,-1.0,10.5993,8.5296,0.1054,19.2992,302,38.68, -> side kick (38.7%)
frame_000385_clip,-1.0,10.5373,8.6121,0.1064,19.3217,302,39.87, -> side kick (39.9%)
frame_000386_clip,-1.0,10.3086,8.4033,0.1137,18.8866,302,41.79, -> side kick (41.8%)
frame_000387_clip,-1.0,11.2382,8.5606,0.1156,19.9793,302,39.7, -> side kick (39.7%)
frame_000388_clip,-1.0,9.8995,8.526,0.1099,18.6,302,44.03, -> side kick (44.0%)
frame_000389_clip,-1.0,11.2625,8.4989,0.1088,19.9363,302,46.31, -> side kick (46.3%)
frame_000390_clip,-1.0,10.0415,8.6249,0.1151,18.846,302,50.21, -> side kick (50.2%)
frame_000391_clip,-1.0,10.7899,8.5657,0.1124,19.5317,302,48.23, -> side kick (48.2%)
frame_000392_clip,-1.0,10.0599,12.3856,0.1075,22.616,302,50.87, -> side kick (50.9%)
frame_000393_clip,-1.0,11.058,8.468,0.1083,19.7029,302,57.05, -> side kick (57.0%)
frame_000394_clip,-1.0,12.2648,9.8882,0.1124,22.3284,302,56.86, -> side kick (56.9%)
frame_000395_clip,-1.0,10.3618,8.5716,0.1094,19.1051,302,54.01, -> side kick (54.0%)
frame_000396_clip,-1.0,10.5579,8.3873,0.1079,19.1151,302,50.92, -> side kick (50.9%)
frame_000397_clip,-1.0,10.4768,8.5205,0.1044,19.164,302,47.09, -> side kick (47.1%)
frame_000398_clip,-1.0,10.3131,9.3204,0.107,19.8026,302,42.25, -> side kick (42.3%)
frame_000399_clip,-1.0,11.0045,9.0255,0.1126,20.204,302,38.79, -> side kick (38.8%)
frame_000400_clip,-1.0,10.0371,8.5293,0.1092,18.7379,302,29.04, -> side kick (29.0%)
frame_000401_clip,-1.0,10.818,10.6224,0.1096,21.6141,302,27.57, -> side kick (27.6%)
frame_000402_clip,-1.0,10.4732,12.4754,0.1206,23.1314,302,24.16, -> side kick (24.2%)
frame_000403_clip,-1.0,11.2463,8.5258,0.1167,19.9539,302,23.27, -> side kick (23.3%)
frame_000404_clip,-1.0,10.4246,11.5725,0.1093,22.1688,302,18.73, -> side kick (18.7%)
frame_000405_clip,-1.0,10.1767,8.5163,0.1096,18.8638,302,15.74, -> side kick (15.7%)
frame_000406_clip,-1.0,10.1393,10.0896,0.1143,20.4057,302,13.48, -> side kick (13.5%)
frame_000407_clip,-1.0,10.0696,8.6988,0.1109,18.943,302,14.5, -> side kick (14.5%)
frame_000408_clip,-1.0,10.2526,8.5409,0.1126,18.9699,302,16.25, -> side kick (16.3%)
frame_000409_clip,-1.0,9.9628,8.564,0.1053,18.6955,302,13.24, -> side kick (13.2%)
frame_000410_clip,-1.0,10.0643,8.2929,0.1109,18.5305,302,17.1, -> side kick (17.1%)
frame_000411_clip,-1.0,10.131,8.1155,0.105,18.4143,302,13.27, -> side kick (13.3%)
frame_000412_clip,-1.0,10.2361,8.4328,0.1115,18.844,302,13.63, -> side kick (13.6%)
frame_000413_clip,-1.0,11.0587,8.573,0.106,19.801,302,10.62, -> side kick (10.6%)
frame_000414_clip,-1.0,10.4956,9.3644,0.1037,20.0257,302,12.56, -> side kick (12.6%)
frame_000415_clip,-1.0,10.9212,8.4931,0.1136,19.5911,302,13.79, -> side kick (13.8%)
frame_000416_clip,-1.0,10.4178,9.7062,0.1262,20.3163,302,15.16, -> side kick (15.2%)
frame_000417_clip,-1.0,10.6528,8.1732,0.1184,19.0089,302,15.77, -> side kick (15.8%)
frame_000418_clip,-1.0,10.9745,8.3055,0.1154,19.4598,302,13.17, -> side kick (13.2%)
frame_000419_clip,-1.0,10.4863,8.3636,0.1149,19.0273,302,10.36, -> side kick (10.4%)
frame_000420_clip,-1.0,11.483,8.5545,0.1181,20.2214,302,12.95, -> side kick (12.9%)
frame_000421_clip,-1.0,10.5501,8.164,0.1134,18.8899,152,11.26, -> high kick (11.3%)
frame_000422_clip,-1.0,11.6916,8.5848,0.1135,20.4538,152,13.73, -> high kick (13.7%)
frame_000423_clip,-1.0,10.7978,8.6047,0.1135,19.5795,152,14.53, -> high kick (14.5%)
frame_000424_clip,-1.0,13.7112,8.1676,0.1122,22.0543,302,11.28, -> side kick (11.3%)
frame_000425_clip,-1.0,10.5928,8.3664,0.1156,19.1387,302,10.35, -> side kick (10.4%)
frame_000426_clip,-1.0,10.9378,11.5169,0.1118,22.6287,152,10.39, -> high kick (10.4%)
frame_000427_clip,-1.0,11.3528,8.6843,0.1165,20.2166,302,10.89, -> side kick (10.9%)
frame_000428_clip,-1.0,10.2916,8.5681,0.1189,19.0405,302,12.28, -> side kick (12.3%)
frame_000429_clip,-1.0,10.4653,8.4774,0.113,19.1185,209,8.16, -> passing American football (not in game) (8.2%)
frame_000430_clip,-1.0,10.6787,8.4688,0.117,19.3282,152,8.11, -> high kick (8.1%)
frame_000431_clip,-1.0,10.5559,8.3646,0.1121,19.0962,209,9.02, -> passing American football (not in game) (9.0%)
frame_000432_clip,-1.0,11.0645,8.6292,0.1141,19.8718,302,10.25, -> side kick (10.3%)
frame_000433_clip,-1.0,11.3459,11.2759,0.127,22.8115,302,10.22, -> side kick (10.2%)
frame_000434_clip,-1.0,11.0605,8.4801,0.1087,19.7119,302,11.73, -> side kick (11.7%)
frame_000435_clip,-1.0,10.8482,8.4891,0.1168,19.5186,302,8.57, -> side kick (8.6%)
frame_000436_clip,-1.0,10.3742,8.3858,0.1142,18.9376,302,9.57, -> side kick (9.6%)
frame_000437_clip,-1.0,10.4891,8.8432,0.1146,19.5095,302,10.29, -> side kick (10.3%)
frame_000438_clip,-1.0,12.1064,8.4892,0.1106,20.7699,302,10.32, -> side kick (10.3%)
frame_000439_clip,-1.0,10.4733,8.334,0.1152,18.986,302,11.22, -> side kick (11.2%)
frame_000440_clip,-1.0,10.3509,8.4957,0.1127,19.0211,302,13.74, -> side kick (13.7%)
frame_000441_clip,-1.0,10.6429,11.6155,0.1029,22.4229,302,13.77, -> side kick (13.8%)
frame_000442_clip,-1.0,11.7314,9.705,0.1122,21.612,302,14.65, -> side kick (14.6%)
frame_000443_clip,-1.0,10.7304,8.4227,0.1136,19.329,302,13.28, -> side kick (13.3%)
frame_000444_clip,-1.0,11.582,8.2606,0.1014,20.007,302,13.96, -> side kick (14.0%)
frame_000445_clip,-1.0,10.0386,8.5196,0.1164,18.7393,302,16.44, -> side kick (16.4%)
frame_000446_clip,-1.0,13.1106,7.9978,0.1056,21.2777,302,9.9, -> side kick (9.9%)
frame_000447_clip,-1.0,10.7344,8.3111,0.1143,19.2253,302,7.78, -> side kick (7.8%)
frame_000448_clip,-1.0,14.3615,8.7273,0.1165,23.2683,302,9.03, -> side kick (9.0%)
frame_000449_clip,-1.0,10.3576,8.4988,0.1085,19.0304,302,11.95, -> side kick (11.9%)
frame_000450_clip,-1.0,14.8493,8.9106,0.1332,23.9581,302,8.69, -> side kick (8.7%)
frame_000451_clip,-1.0,12.3124,8.6415,0.1107,21.1289,302,11.03, -> side kick (11.0%)
frame_000452_clip,-1.0,12.9914,8.5929,0.1179,21.7664,302,11.68, -> side kick (11.7%)
frame_000453_clip,-1.0,10.6292,8.3709,0.1199,19.1825,302,9.0, -> side kick (9.0%)
frame_000454_clip,-1.0,13.2971,8.6564,0.1063,22.1215,302,6.27, -> side kick (6.3%)
frame_000455_clip,-1.0,12.6113,12.7782,0.1139,25.5678,158,6.38, -> hugging (6.4%)
frame_000456_clip,-1.0,13.0589,8.5178,0.1089,21.7499,158,6.78, -> hugging (6.8%)
frame_000457_clip,-1.0,10.9164,8.5008,0.1155,19.596,302,6.69, -> side kick (6.7%)
frame_000458_clip,-1.0,12.4265,8.4628,0.1191,21.0733,302,10.63, -> side kick (10.6%)
frame_000459_clip,-1.0,10.352,8.6663,0.1075,19.1894,302,9.59, -> side kick (9.6%)
frame_000460_clip,-1.0,10.2246,8.5597,0.1136,18.9608,302,13.2, -> side kick (13.2%)
frame_000461_clip,-1.0,9.9533,10.0269,0.1148,20.1598,302,9.47, -> side kick (9.5%)
frame_000462_clip,-1.0,10.0308,8.4516,0.1148,18.6598,302,12.76, -> side kick (12.8%)
frame_000463_clip,-1.0,10.6926,11.4106,0.1163,22.2814,302,16.03, -> side kick (16.0%)
frame_000464_clip,-1.0,12.7392,8.3125,0.118,21.2345,302,20.36, -> side kick (20.4%)
frame_000465_clip,-1.0,10.6225,8.7841,0.1265,19.5969,302,16.8, -> side kick (16.8%)
frame_000466_clip,-1.0,16.6265,8.4293,0.1179,25.2403,302,29.37, -> side kick (29.4%)
frame_000467_clip,-1.0,10.9963,8.487,0.1166,19.6659,302,33.3, -> side kick (33.3%)
frame_000468_clip,-1.0,10.6129,8.9236,0.1197,19.7225,302,34.86, -> side kick (34.9%)
frame_000469_clip,-1.0,10.8244,8.3297,0.115,19.3316,302,16.83, -> side kick (16.8%)
frame_000470_clip,-1.0,14.1519,8.7217,0.1142,23.0538,302,18.69, -> side kick (18.7%)
frame_000471_clip,-1.0,12.3484,8.9971,0.1088,21.5181,220,9.36, -> playing basketball (9.4%)
frame_000472_clip,-1.0,10.321,11.5521,0.1167,22.0543,220,8.4, -> playing basketball (8.4%)
frame_000473_clip,-1.0,10.497,9.5948,0.1166,20.2722,302,8.65, -> side kick (8.6%)
frame_000474_clip,-1.0,14.2959,8.5391,0.1139,23.0124,302,13.88, -> side kick (13.9%)
frame_000475_clip,-1.0,10.9159,8.585,0.1191,19.6848,302,8.04, -> side kick (8.0%)
frame_000476_clip,-1.0,10.7176,8.4459,0.1127,19.3394,302,8.54, -> side kick (8.5%)
frame_000477_clip,-1.0,11.0084,8.8113,0.1197,20.0037,302,14.37, -> side kick (14.4%)
frame_000478_clip,-1.0,11.3094,9.1084,0.1179,20.5976,302,23.03, -> side kick (23.0%)
frame_000479_clip,-1.0,10.562,8.4164,0.109,19.1501,302,20.33, -> side kick (20.3%)
frame_000480_clip,-1.0,14.0867,8.5481,0.1075,22.8059,183,27.1, -> lunge (27.1%)
frame_000481_clip,-1.0,12.8005,9.0843,0.1196,22.0685,183,21.35, -> lunge (21.4%)
frame_000482_clip,-1.0,10.3666,10.1555,0.1154,20.7006,183,18.76, -> lunge (18.8%)
frame_000483_clip,-1.0,10.6531,8.538,0.1212,19.3762,302,22.86, -> side kick (22.9%)
frame_000484_clip,-1.0,13.8025,8.5931,0.1162,22.5762,302,15.4, -> side kick (15.4%)
frame_000485_clip,-1.0,10.7435,9.4088,0.1163,20.3322,266,24.8, -> recording music (24.8%)
frame_000486_clip,-1.0,12.7363,8.7118,0.1167,21.6338,266,16.19, -> recording music (16.2%)
frame_000487_clip,-1.0,10.3453,8.6837,0.121,19.2161,266,24.81, -> recording music (24.8%)
frame_000488_clip,-1.0,12.3241,8.5322,0.1183,21.0378,266,30.46, -> recording music (30.5%)
frame_000489_clip,-1.0,13.5061,8.5101,0.1108,22.1908,266,42.37, -> recording music (42.4%)
frame_000490_clip,-1.0,17.7104,8.7179,0.1183,26.6146,266,41.88, -> recording music (41.9%)
frame_000491_clip,-1.0,10.9961,8.4469,0.1158,19.6225,266,27.72, -> recording music (27.7%)
frame_000492_clip,-1.0,13.9854,8.6458,0.1189,22.8153,302,17.66, -> side kick (17.7%)
frame_000493_clip,-1.0,10.7776,11.4116,0.1155,22.3681,281,21.4, -> running on treadmill (21.4%)
frame_000494_clip,-1.0,13.0673,9.9098,0.1085,23.1513,281,20.12, -> running on treadmill (20.1%)
frame_000495_clip,-1.0,14.3443,8.9962,0.1148,23.5209,281,16.13, -> running on treadmill (16.1%)
frame_000496_clip,-1.0,12.8634,8.405,0.1048,21.4354,302,28.57, -> side kick (28.6%)
frame_000497_clip,-1.0,10.3247,8.7798,0.1166,19.2861,281,16.16, -> running on treadmill (16.2%)
frame_000498_clip,-1.0,16.1792,8.5004,0.1187,24.8629,281,20.39, -> running on treadmill (20.4%)
frame_000499_clip,-1.0,10.7635,8.3494,0.1121,19.289,281,26.05, -> running on treadmill (26.0%)
frame_000500_clip,-1.0,10.6072,8.6452,0.1145,19.4312,302,13.82, -> side kick (13.8%)
frame_000501_clip,-1.0,10.8392,8.6118,0.1097,19.6239,144,13.7, -> grinding meat (13.7%)
frame_000502_clip,-1.0,10.5171,10.8137,0.1103,21.5043,144,13.68, -> grinding meat (13.7%)
frame_000503_clip,-1.0,10.7986,9.1662,0.1155,20.1441,281,17.23, -> running on treadmill (17.2%)
frame_000504_clip,-1.0,10.6451,11.353,0.1192,22.1799,129,15.62, -> flipping pancake (15.6%)
frame_000505_clip,-1.0,10.8375,11.839,0.1172,22.8578,281,20.22, -> running on treadmill (20.2%)
frame_000506_clip,-1.0,10.3836,11.11,0.0994,21.6552,129,27.4, -> flipping pancake (27.4%)
frame_000507_clip,-1.0,11.1689,11.5829,0.1274,22.9434,129,30.55, -> flipping pancake (30.6%)
frame_000508_clip,-1.0,10.1954,10.651,0.127,21.0358,129,36.14, -> flipping pancake (36.1%)
frame_000509_clip,-1.0,10.6163,8.2671,0.1154,19.0638,129,41.11, -> flipping pancake (41.1%)
frame_000510_clip,-1.0,10.5598,8.4893,0.1869,19.3433,129,27.28, -> flipping pancake (27.3%)
frame_000511_clip,-1.0,10.7681,9.1476,0.1074,20.0867,129,37.68, -> flipping pancake (37.7%)
frame_000512_clip,-1.0,10.7201,10.591,0.1075,21.4814,129,28.47, -> flipping pancake (28.5%)
frame_000513_clip,-1.0,11.3713,8.2084,0.1118,19.7557,129,34.74, -> flipping pancake (34.7%)
frame_000514_clip,-1.0,10.4688,9.7276,0.1098,20.3685,129,43.69, -> flipping pancake (43.7%)
frame_000515_clip,-1.0,10.7471,11.6658,0.1121,22.5901,129,68.3, -> flipping pancake (68.3%)
frame_000516_clip,-1.0,10.7019,10.1264,0.1079,20.9979,129,72.55, -> flipping pancake (72.5%)
frame_000517_clip,-1.0,10.7683,8.1772,0.1113,19.1205,129,66.47, -> flipping pancake (66.5%)
frame_000518_clip,-1.0,10.5397,11.9855,0.1131,22.7018,129,60.6, -> flipping pancake (60.6%)
frame_000519_clip,-1.0,10.5498,8.2386,0.1081,18.9639,129,71.68, -> flipping pancake (71.7%)
frame_000520_clip,-1.0,10.241,8.3801,0.1144,18.8008,129,75.1, -> flipping pancake (75.1%)
frame_000521_clip,-1.0,10.0589,12.5081,0.1109,22.7397,129,74.24, -> flipping pancake (74.2%)
frame_000522_clip,-1.0,10.8006,8.6755,0.1142,19.6524,129,81.56, -> flipping pancake (81.6%)
frame_000523_clip,-1.0,10.3265,11.4363,0.1153,21.9401,129,79.82, -> flipping pancake (79.8%)
frame_000524_clip,-1.0,10.1178,8.3833,0.1144,18.6776,129,40.0, -> flipping pancake (40.0%)
frame_000525_clip,-1.0,10.2442,10.6707,0.1154,21.0938,129,35.57, -> flipping pancake (35.6%)
frame_000526_clip,-1.0,12.8746,8.3484,0.1108,21.3997,129,23.49, -> flipping pancake (23.5%)
frame_000527_clip,-1.0,13.3709,8.5177,0.1163,22.0695,129,38.03, -> flipping pancake (38.0%)
frame_000528_clip,-1.0,12.4984,8.6404,0.1141,21.3166,129,35.31, -> flipping pancake (35.3%)
frame_000529_clip,-1.0,11.0821,8.3967,0.1159,19.6519,129,66.89, -> flipping pancake (66.9%)
frame_000530_clip,-1.0,12.7258,8.625,0.1059,21.522,129,51.52, -> flipping pancake (51.5%)
frame_000531_clip,-1.0,12.8488,8.3357,0.1129,21.3589,129,47.74, -> flipping pancake (47.7%)
frame_000532_clip,-1.0,12.9943,8.5857,0.1453,21.7898,129,46.69, -> flipping pancake (46.7%)
frame_000533_clip,-1.0,9.9141,8.6324,0.1193,18.7284,129,51.45, -> flipping pancake (51.4%)
frame_000534_clip,-1.0,11.9554,9.708,0.1202,21.8458,129,43.94, -> flipping pancake (43.9%)
frame_000535_clip,-1.0,11.1691,10.1183,0.117,21.4671,129,41.31, -> flipping pancake (41.3%)
frame_000536_clip,-1.0,15.1809,8.2802,0.1047,23.6299,129,41.39, -> flipping pancake (41.4%)
frame_000537_clip,-1.0,10.539,11.5373,0.1214,22.2604,129,40.22, -> flipping pancake (40.2%)
frame_000538_clip,-1.0,12.6422,8.3786,0.1184,21.2038,129,40.08, -> flipping pancake (40.1%)
frame_000539_clip,-1.0,10.2418,8.3299,0.1098,18.7443,129,42.55, -> flipping pancake (42.5%)
frame_000540_clip,-1.0,11.607,8.3228,0.1067,20.1004,129,43.73, -> flipping pancake (43.7%)
frame_000541_clip,-1.0,11.968,8.4416,0.1063,20.5783,129,43.91, -> flipping pancake (43.9%)
frame_000542_clip,-1.0,10.1891,12.0254,0.112,22.3895,129,39.57, -> flipping pancake (39.6%)
frame_000543_clip,-1.0,10.916,10.5851,0.1178,21.6849,129,32.4, -> flipping pancake (32.4%)
frame_000544_clip,-1.0,12.4847,9.8164,0.1177,22.4845,129,21.21, -> flipping pancake (21.2%)
frame_000545_clip,-1.0,12.8042,9.2791,0.116,22.2646,129,20.34, -> flipping pancake (20.3%)
frame_000546_clip,-1.0,10.8816,11.5806,0.1111,22.6361,129,20.37, -> flipping pancake (20.4%)
frame_000547_clip,-1.0,10.1835,8.4451,0.1141,18.8046,302,13.83, -> side kick (13.8%)
frame_000548_clip,-1.0,11.2806,8.6123,0.1066,20.0631,291,11.71, -> sharpening pencil (11.7%)
frame_000549_clip,-1.0,12.1091,8.4115,0.1199,20.7032,291,13.58, -> sharpening pencil (13.6%)
frame_000550_clip,-1.0,10.7659,8.6437,0.1143,19.5885,291,11.86, -> sharpening pencil (11.9%)
frame_000551_clip,-1.0,10.5895,10.0185,0.1375,20.8132,291,12.89, -> sharpening pencil (12.9%)
frame_000552_clip,-1.0,10.4509,11.9279,0.1158,22.5593,291,11.64, -> sharpening pencil (11.6%)
frame_000553_clip,-1.0,10.8868,10.9185,0.1193,21.9894,333,11.85, -> stretching arm (11.9%)
frame_000554_clip,-1.0,10.8046,11.2554,0.1105,22.2317,302,11.91, -> side kick (11.9%)
frame_000555_clip,-1.0,10.8951,9.0379,0.1214,20.1183,291,11.89, -> sharpening pencil (11.9%)
frame_000556_clip,-1.0,10.8038,8.359,0.1146,19.3393,291,11.57, -> sharpening pencil (11.6%)
frame_000557_clip,-1.0,11.2498,13.0551,0.1162,24.4862,291,12.11, -> sharpening pencil (12.1%)
frame_000558_clip,-1.0,13.8068,8.6353,0.1174,22.6244,291,12.43, -> sharpening pencil (12.4%)
frame_000559_clip,-1.0,11.2986,8.4754,0.1649,20.0273,291,13.02, -> sharpening pencil (13.0%)
frame_000560_clip,-1.0,10.2479,8.4749,0.1155,18.9072,302,11.09, -> side kick (11.1%)
frame_000561_clip,-1.0,10.7443,8.1429,0.1172,19.0679,291,11.97, -> sharpening pencil (12.0%)
frame_000562_clip,-1.0,10.3496,11.9071,0.1133,22.4339,291,13.62, -> sharpening pencil (13.6%)
frame_000563_clip,-1.0,10.9108,8.2611,0.1214,19.3581,291,13.67, -> sharpening pencil (13.7%)
frame_000564_clip,-1.0,12.2522,8.5496,0.1093,20.9755,302,18.32, -> side kick (18.3%)
frame_000565_clip,-1.0,13.3497,8.6242,0.116,22.1565,302,18.65, -> side kick (18.6%)
frame_000566_clip,-1.0,10.5647,10.3977,0.1129,21.1386,21,21.65, -> bending metal (21.7%)
frame_000567_clip,-1.0,10.5383,10.8025,0.1151,21.5191,302,21.62, -> side kick (21.6%)
frame_000568_clip,-1.0,10.7987,9.3005,0.1143,20.2775,21,25.56, -> bending metal (25.6%)
frame_000569_clip,-1.0,10.1883,8.4734,0.111,18.8353,21,28.87, -> bending metal (28.9%)
frame_000570_clip,-1.0,15.0292,8.4921,0.1137,23.703,21,22.19, -> bending metal (22.2%)
frame_000571_clip,-1.0,10.5004,8.5552,0.1107,19.2319,21,19.1, -> bending metal (19.1%)
frame_000572_clip,-1.0,12.8412,8.7112,0.12,21.7368,129,22.91, -> flipping pancake (22.9%)
frame_000573_clip,-1.0,11.4059,8.4102,0.114,19.9941,129,25.69, -> flipping pancake (25.7%)
frame_000574_clip,-1.0,10.542,8.7709,0.1115,19.4881,129,22.47, -> flipping pancake (22.5%)
frame_000575_clip,-1.0,10.8641,8.4552,0.1139,19.4962,129,27.5, -> flipping pancake (27.5%)
frame_000576_clip,-1.0,10.3287,8.4924,0.1099,18.9945,129,22.54, -> flipping pancake (22.5%)
frame_000577_clip,-1.0,11.0212,8.4942,0.1197,19.7041,129,33.7, -> flipping pancake (33.7%)
frame_000578_clip,-1.0,10.5627,8.5788,0.1141,19.3191,129,25.38, -> flipping pancake (25.4%)
frame_000579_clip,-1.0,10.4453,8.1778,0.1109,18.7978,129,36.23, -> flipping pancake (36.2%)
frame_000580_clip,-1.0,11.4072,8.7249,0.1182,20.3135,129,36.04, -> flipping pancake (36.0%)
frame_000581_clip,-1.0,12.2566,9.2607,0.1202,21.7012,129,24.45, -> flipping pancake (24.5%)
frame_000582_clip,-1.0,10.7884,8.5299,0.1161,19.5009,129,28.72, -> flipping pancake (28.7%)
frame_000583_clip,-1.0,10.5484,10.6613,0.125,21.4033,129,28.94, -> flipping pancake (28.9%)
frame_000584_clip,-1.0,10.5206,8.3247,0.1176,19.0262,129,24.09, -> flipping pancake (24.1%)
frame_000585_clip,-1.0,10.0431,8.728,0.1117,18.9524,129,36.73, -> flipping pancake (36.7%)
frame_000586_clip,-1.0,9.9616,8.4538,0.1127,18.5914,129,23.36, -> flipping pancake (23.4%)
frame_000587_clip,-1.0,10.4813,10.9522,0.1233,21.6191,129,24.82, -> flipping pancake (24.8%)
frame_000588_clip,-1.0,10.5605,8.4823,0.1168,19.2228,129,34.81, -> flipping pancake (34.8%)
frame_000589_clip,-1.0,11.818,8.5798,0.1167,20.5769,129,38.38, -> flipping pancake (38.4%)
frame_000590_clip,-1.0,10.5487,8.3718,0.1128,19.0961,129,30.15, -> flipping pancake (30.2%)
frame_000591_clip,-1.0,10.5975,8.4947,0.1139,19.269,129,15.56, -> flipping pancake (15.6%)
frame_000592_clip,-1.0,10.4658,8.4409,0.112,19.0829,129,12.14, -> flipping pancake (12.1%)
frame_000593_clip,-1.0,10.3508,8.4836,0.1117,19.0093,129,8.07, -> flipping pancake (8.1%)
frame_000594_clip,-1.0,10.8272,8.4149,0.1129,19.4183,302,10.14, -> side kick (10.1%)
frame_000595_clip,-1.0,10.7482,8.7157,0.1203,19.6487,376,10.14, -> vault (10.1%)
frame_000596_clip,-1.0,13.5407,8.5843,0.1099,22.2978,376,11.45, -> vault (11.5%)
frame_000597_clip,-1.0,10.4502,8.4559,0.1122,19.0804,376,12.96, -> vault (13.0%)
frame_000598_clip,-1.0,10.6501,8.721,0.1141,19.5489,376,8.97, -> vault (9.0%)
frame_000599_clip,-1.0,10.3068,8.4001,0.1112,18.8801,376,11.4, -> vault (11.4%)
frame_000600_clip,-1.0,10.7703,8.3654,0.1127,19.3122,376,14.32, -> vault (14.3%)
frame_000601_clip,-1.0,10.1053,8.2626,0.1109,18.5431,376,18.14, -> vault (18.1%)
frame_000602_clip,-1.0,10.7864,8.3451,0.1102,19.3048,376,13.18, -> vault (13.2%)
frame_000603_clip,-1.0,10.8678,8.607,0.1121,19.6501,31,8.08, -> bowling (8.1%)
frame_000604_clip,-1.0,10.6695,8.3187,0.1086,19.1595,31,4.67, -> bowling (4.7%)
frame_000605_clip,-1.0,10.5252,10.4989,0.114,21.2013,157,5.08, -> hoverboarding (5.1%)
frame_000606_clip,-1.0,10.6311,8.2419,0.1091,19.0447,157,6.54, -> hoverboarding (6.5%)
frame_000607_clip,-1.0,10.3808,8.361,0.1129,18.9195,157,6.0, -> hoverboarding (6.0%)
frame_000608_clip,-1.0,10.5196,8.4605,0.1207,19.1652,200,7.06, -> moving furniture (7.1%)
frame_000609_clip,-1.0,10.3484,8.5151,0.1098,19.0361,200,9.74, -> moving furniture (9.7%)
frame_000610_clip,-1.0,10.9418,8.6138,0.1141,19.7332,200,9.95, -> moving furniture (10.0%)
frame_000611_clip,-1.0,11.872,8.1904,0.108,20.2329,373,9.8, -> using computer (9.8%)
frame_000612_clip,-1.0,11.7716,8.4128,0.1191,20.366,373,11.96, -> using computer (12.0%)
frame_000613_clip,-1.0,10.493,8.1439,0.1116,18.8114,200,10.6, -> moving furniture (10.6%)
frame_000614_clip,-1.0,10.7941,8.4514,0.1112,19.419,200,9.89, -> moving furniture (9.9%)
frame_000615_clip,-1.0,10.6076,8.4486,0.1143,19.2352,241,13.18, -> playing piano (13.2%)
frame_000616_clip,-1.0,12.2094,8.7385,0.1159,21.1267,241,13.77, -> playing piano (13.8%)
frame_000617_clip,-1.0,10.2785,8.8789,0.1153,19.3361,241,17.29, -> playing piano (17.3%)
frame_000618_clip,-1.0,10.5219,8.4201,0.1161,19.1222,241,11.42, -> playing piano (11.4%)
frame_000619_clip,-1.0,10.9908,8.3112,0.1113,19.4765,241,12.36, -> playing piano (12.4%)
frame_000620_clip,-1.0,13.2164,8.5272,0.1203,21.9306,241,16.92, -> playing piano (16.9%)
frame_000621_clip,-1.0,10.7603,12.632,0.1126,23.5672,379,18.58, -> washing dishes (18.6%)
frame_000622_clip,-1.0,14.2092,11.7007,0.109,26.0829,379,9.45, -> washing dishes (9.4%)
frame_000623_clip,-1.0,13.4736,11.0137,0.1202,24.671,379,22.67, -> washing dishes (22.7%)
frame_000624_clip,-1.0,10.3248,8.5693,0.1125,19.0673,379,11.01, -> washing dishes (11.0%)
frame_000625_clip,-1.0,10.1686,8.4744,0.1194,18.8266,138,13.19, -> getting a haircut (13.2%)
frame_000626_clip,-1.0,10.568,8.1482,0.1118,18.8904,138,13.92, -> getting a haircut (13.9%)
frame_000627_clip,-1.0,11.009,8.4587,0.1197,19.6504,138,24.2, -> getting a haircut (24.2%)
frame_000628_clip,-1.0,10.5022,8.5852,0.1152,19.2666,138,22.89, -> getting a haircut (22.9%)
frame_000629_clip,-1.0,10.8077,12.1081,0.1159,23.0956,138,31.39, -> getting a haircut (31.4%)
frame_000630_clip,-1.0,10.0821,8.8957,0.124,19.1638,138,33.52, -> getting a haircut (33.5%)
frame_000631_clip,-1.0,10.7554,8.3439,0.1176,19.2846,138,16.04, -> getting a haircut (16.0%)
frame_000632_clip,-1.0,10.38,8.4124,0.1183,18.9748,138,12.07, -> getting a haircut (12.1%)
frame_000633_clip,-1.0,10.7165,9.6646,0.125,20.5701,281,17.6, -> running on treadmill (17.6%)
frame_000634_clip,-1.0,10.3204,8.338,0.111,18.8374,281,17.43, -> running on treadmill (17.4%)
frame_000635_clip,-1.0,10.8523,8.4599,0.1109,19.4888,281,14.5, -> running on treadmill (14.5%)
frame_000636_clip,-1.0,10.8783,8.1813,0.1097,19.232,183,8.03, -> lunge (8.0%)
frame_000637_clip,-1.0,11.2465,8.4838,0.1214,19.9154,138,19.14, -> getting a haircut (19.1%)
frame_000638_clip,-1.0,10.9059,8.5166,0.1167,19.6025,138,14.86, -> getting a haircut (14.9%)
frame_000639_clip,-1.0,11.195,8.3991,0.1147,19.7738,138,13.35, -> getting a haircut (13.3%)
frame_000640_clip,-1.0,12.7371,8.7146,0.1169,21.6326,197,11.33, -> milking cow (11.3%)
frame_000641_clip,-1.0,12.3901,8.5838,0.1147,21.154,197,13.84, -> milking cow (13.8%)
frame_000642_clip,-1.0,10.2887,9.2828,0.1131,19.7475,197,11.2, -> milking cow (11.2%)
frame_000643_clip,-1.0,10.3754,8.1241,0.1163,18.6718,134,11.88, -> front raises (11.9%)
frame_000644_clip,-1.0,10.3553,8.2532,0.1124,18.7835,197,12.01, -> milking cow (12.0%)
frame_000645_clip,-1.0,10.4111,13.4499,0.1116,24.0319,134,9.78, -> front raises (9.8%)
frame_000646_clip,-1.0,10.3645,7.9582,0.1085,18.4935,138,9.41, -> getting a haircut (9.4%)
frame_000647_clip,-1.0,10.2647,8.5663,0.1182,19.0107,197,13.32, -> milking cow (13.3%)
frame_000648_clip,-1.0,10.193,10.1719,0.115,20.5428,183,12.2, -> lunge (12.2%)
frame_000649_clip,-1.0,10.7131,8.3598,0.1111,19.2486,197,34.16, -> milking cow (34.2%)
frame_000650_clip,-1.0,10.5236,9.0186,0.1116,19.7139,183,19.58, -> lunge (19.6%)
frame_000651_clip,-1.0,10.697,9.9689,0.1139,20.8448,183,10.5, -> lunge (10.5%)
frame_000652_clip,-1.0,15.0766,8.5766,0.1425,23.8664,197,33.66, -> milking cow (33.7%)
frame_000653_clip,-1.0,11.098,8.1907,0.1278,19.4809,197,40.34, -> milking cow (40.3%)
frame_000654_clip,-1.0,10.7192,8.3451,0.1119,19.2422,197,13.98, -> milking cow (14.0%)
frame_000655_clip,-1.0,11.1901,8.52,0.1162,19.8912,197,14.16, -> milking cow (14.2%)
frame_000656_clip,-1.0,14.5423,8.1322,0.1081,22.8481,134,13.09, -> front raises (13.1%)
frame_000657_clip,-1.0,10.7549,8.6325,0.1276,19.5791,134,19.16, -> front raises (19.2%)
frame_000658_clip,-1.0,14.949,8.7305,0.1159,23.8578,255,22.79, -> pull ups (22.8%)
frame_000659_clip,-1.0,11.2116,8.2337,0.1128,19.6202,134,14.9, -> front raises (14.9%)
frame_000660_clip,-1.0,10.4396,8.2862,0.1168,18.9068,334,11.69, -> stretching leg (11.7%)
frame_000661_clip,-1.0,9.9635,8.2711,0.1115,18.4072,255,24.19, -> pull ups (24.2%)
frame_000662_clip,-1.0,10.3522,9.0577,0.1193,19.5921,255,15.54, -> pull ups (15.5%)
frame_000663_clip,-1.0,11.0609,8.3898,0.1166,19.6304,134,14.85, -> front raises (14.9%)
frame_000664_clip,-1.0,12.6182,8.5856,0.1103,21.377,134,13.53, -> front raises (13.5%)
frame_000665_clip,-1.0,10.4656,8.6061,0.1203,19.2556,255,14.5, -> pull ups (14.5%)
frame_000666_clip,-1.0,12.7171,8.5591,0.1102,21.4515,134,25.13, -> front raises (25.1%)
frame_000667_clip,-1.0,10.1419,8.3756,0.1144,18.6956,197,20.98, -> milking cow (21.0%)
frame_000668_clip,-1.0,12.8124,8.6321,0.1204,21.629,197,17.7, -> milking cow (17.7%)
frame_000669_clip,-1.0,12.0269,8.533,0.1178,20.747,197,20.69, -> milking cow (20.7%)
frame_000670_clip,-1.0,10.1685,8.5357,0.1132,18.883,197,38.06, -> milking cow (38.1%)
frame_000671_clip,-1.0,10.9238,11.0558,0.1097,22.1522,197,27.68, -> milking cow (27.7%)
frame_000672_clip,-1.0,15.2486,8.541,0.1131,23.9669,197,55.56, -> milking cow (55.6%)
frame_000673_clip,-1.0,10.5081,8.5626,0.1168,19.2511,197,41.14, -> milking cow (41.1%)
frame_000674_clip,-1.0,10.2537,8.1019,0.109,18.528,134,21.17, -> front raises (21.2%)
frame_000675_clip,-1.0,10.7604,12.1119,0.1137,23.0489,134,28.01, -> front raises (28.0%)
frame_000676_clip,-1.0,13.3995,8.2834,0.1033,21.8508,134,32.02, -> front raises (32.0%)
frame_000677_clip,-1.0,10.0789,11.7729,0.1236,22.0368,134,30.45, -> front raises (30.4%)
frame_000678_clip,-1.0,10.3797,8.3923,0.1169,18.9498,134,33.57, -> front raises (33.6%)
frame_000679_clip,-1.0,10.8335,8.2978,0.104,19.297,197,27.66, -> milking cow (27.7%)
frame_000680_clip,-1.0,10.3739,8.4125,0.109,18.9563,19,39.33, -> bench pressing (39.3%)
frame_000681_clip,-1.0,10.6659,7.9148,0.1014,18.7429,19,35.25, -> bench pressing (35.2%)
frame_000682_clip,-1.0,14.7073,8.5917,0.1069,23.4693,19,50.71, -> bench pressing (50.7%)
frame_000683_clip,-1.0,10.4,8.4379,0.1089,19.0083,19,59.74, -> bench pressing (59.7%)
frame_000684_clip,-1.0,10.8793,8.3501,0.11,19.4028,19,63.05, -> bench pressing (63.1%)
frame_000685_clip,-1.0,10.1829,8.4195,0.1087,18.7745,295,34.21, -> shining shoes (34.2%)
frame_000686_clip,-1.0,10.4752,8.153,0.1035,18.7944,19,49.23, -> bench pressing (49.2%)
frame_000687_clip,-1.0,10.0692,8.2802,0.1091,18.5222,295,34.97, -> shining shoes (35.0%)
frame_000688_clip,-1.0,11.2198,8.5199,0.1151,19.9191,295,38.25, -> shining shoes (38.2%)
frame_000689_clip,-1.0,10.0537,11.7109,0.1088,21.937,295,48.19, -> shining shoes (48.2%)
frame_000690_clip,-1.0,10.63,8.3384,0.1196,19.1502,295,35.28, -> shining shoes (35.3%)
frame_000691_clip,-1.0,10.2951,8.4494,0.1103,18.9171,295,50.79, -> shining shoes (50.8%)
frame_000692_clip,-1.0,10.387,8.5645,0.115,19.1293,295,48.72, -> shining shoes (48.7%)
frame_000693_clip,-1.0,10.3765,8.5766,0.1182,19.1346,295,65.53, -> shining shoes (65.5%)
frame_000694_clip,-1.0,10.2418,8.5112,0.1154,18.9337,295,58.64, -> shining shoes (58.6%)
frame_000695_clip,-1.0,10.5477,11.0064,0.1126,21.7309,295,63.98, -> shining shoes (64.0%)
frame_000696_clip,-1.0,10.8001,8.3881,0.1137,19.3648,295,74.81, -> shining shoes (74.8%)
frame_000697_clip,-1.0,10.576,8.2507,0.1191,19.0102,295,68.56, -> shining shoes (68.6%)
frame_000698_clip,-1.0,10.3797,8.2121,0.1102,18.766,295,80.4, -> shining shoes (80.4%)
frame_000699_clip,-1.0,10.4331,8.523,0.1177,19.1364,295,78.59, -> shining shoes (78.6%)
frame_000700_clip,-1.0,10.1395,8.2317,0.1107,18.5456,295,80.49, -> shining shoes (80.5%)
frame_000701_clip,-1.0,10.3652,11.0436,0.1126,21.5858,295,85.64, -> shining shoes (85.6%)
frame_000702_clip,-1.0,10.6037,8.5395,0.114,19.3209,295,81.17, -> shining shoes (81.2%)
frame_000703_clip,-1.0,10.5479,8.4084,0.1142,19.135,295,83.71, -> shining shoes (83.7%)
frame_000704_clip,-1.0,13.1146,8.5262,0.1169,21.8217,295,80.37, -> shining shoes (80.4%)
frame_000705_clip,-1.0,10.1807,8.3985,0.1148,18.7563,295,79.58, -> shining shoes (79.6%)
frame_000706_clip,-1.0,10.588,9.4714,0.1129,20.2357,295,72.04, -> shining shoes (72.0%)
frame_000707_clip,-1.0,10.3856,8.5592,0.117,19.1258,295,69.38, -> shining shoes (69.4%)
frame_000708_clip,-1.0,10.7938,10.4532,0.2012,21.5611,295,70.43, -> shining shoes (70.4%)
frame_000709_clip,-1.0,10.8866,9.758,0.1136,20.8217,295,70.75, -> shining shoes (70.8%)
frame_000710_clip,-1.0,10.2522,10.9898,0.1164,21.4236,295,72.05, -> shining shoes (72.1%)
frame_000711_clip,-1.0,11.5243,8.3637,0.1127,20.0652,295,73.61, -> shining shoes (73.6%)
frame_000712_clip,-1.0,13.6846,8.4868,0.1156,22.3509,295,74.36, -> shining shoes (74.4%)
frame_000713_clip,-1.0,12.6744,8.6896,0.1178,21.5461,295,74.45, -> shining shoes (74.4%)
frame_000714_clip,-1.0,10.9101,8.5356,0.1134,19.6284,295,77.4, -> shining shoes (77.4%)
frame_000715_clip,-1.0,10.458,8.4258,0.1143,19.061,295,80.3, -> shining shoes (80.3%)
frame_000716_clip,-1.0,10.6982,9.2536,0.1152,20.1275,295,77.7, -> shining shoes (77.7%)
frame_000717_clip,-1.0,10.8152,11.5403,0.1264,22.5438,295,76.72, -> shining shoes (76.7%)
frame_000718_clip,-1.0,10.6762,8.3688,0.1124,19.2216,295,69.06, -> shining shoes (69.1%)
frame_000719_clip,-1.0,10.6976,9.9746,0.1112,20.8456,295,64.8, -> shining shoes (64.8%)
frame_000720_clip,-1.0,10.8209,8.3455,0.1171,19.3471,295,70.8, -> shining shoes (70.8%)
frame_000721_clip,-1.0,10.3303,8.2763,0.1109,18.7783,295,82.87, -> shining shoes (82.9%)
frame_000722_clip,-1.0,10.7788,8.6736,0.114,19.6312,295,85.25, -> shining shoes (85.3%)
frame_000723_clip,-1.0,10.8135,8.3581,0.1147,19.3494,295,83.47, -> shining shoes (83.5%)
frame_000724_clip,-1.0,10.6908,8.3592,0.1093,19.222,295,87.62, -> shining shoes (87.6%)
frame_000725_clip,-1.0,10.3498,12.1402,0.1172,22.6712,295,81.54, -> shining shoes (81.5%)
frame_000726_clip,-1.0,10.6934,8.2685,0.1095,19.1359,295,72.9, -> shining shoes (72.9%)
frame_000727_clip,-1.0,10.7789,8.4219,0.1155,19.3795,295,71.99, -> shining shoes (72.0%)
frame_000728_clip,-1.0,10.5323,8.7112,0.1122,19.4208,295,76.51, -> shining shoes (76.5%)
frame_000729_clip,-1.0,10.6229,12.2409,0.1154,23.042,295,70.68, -> shining shoes (70.7%)
frame_000730_clip,-1.0,10.2093,10.3455,0.1189,20.7366,295,69.95, -> shining shoes (69.9%)
frame_000731_clip,-1.0,10.8863,10.155,0.1106,21.2154,295,83.11, -> shining shoes (83.1%)
frame_000732_clip,-1.0,10.1761,11.7268,0.1147,22.0818,295,87.83, -> shining shoes (87.8%)
frame_000733_clip,-1.0,10.5776,8.8611,0.1272,19.6277,295,89.18, -> shining shoes (89.2%)
frame_000734_clip,-1.0,11.0228,8.4187,0.1136,19.6263,295,87.73, -> shining shoes (87.7%)
frame_000735_clip,-1.0,10.2689,11.9487,0.117,22.3978,295,87.81, -> shining shoes (87.8%)
frame_000736_clip,-1.0,10.5331,10.868,0.1093,21.5772,295,94.61, -> shining shoes (94.6%)
frame_000737_clip,-1.0,10.7987,10.3384,0.1172,21.3174,295,94.41, -> shining shoes (94.4%)
frame_000738_clip,-1.0,10.6006,9.6679,0.1114,20.443,295,89.15, -> shining shoes (89.2%)
frame_000739_clip,-1.0,10.0214,11.3937,0.1054,21.5809,295,88.59, -> shining shoes (88.6%)
frame_000740_clip,-1.0,10.2178,8.3446,0.1089,18.7343,295,90.2, -> shining shoes (90.2%)
frame_000741_clip,-1.0,11.0043,8.3234,0.1091,19.5025,295,90.71, -> shining shoes (90.7%)
frame_000742_clip,-1.0,10.2163,8.6271,0.1097,19.0146,295,90.55, -> shining shoes (90.6%)
frame_000743_clip,-1.0,10.7038,8.4168,0.1158,19.3008,295,85.67, -> shining shoes (85.7%)
frame_000744_clip,-1.0,10.2381,8.6197,0.1063,19.0271,295,86.89, -> shining shoes (86.9%)
frame_000745_clip,-1.0,11.3,8.6251,0.1124,20.1021,295,79.25, -> shining shoes (79.3%)
frame_000746_clip,-1.0,10.4722,8.2719,0.1075,18.9115,295,83.87, -> shining shoes (83.9%)
frame_000747_clip,-1.0,11.2757,8.4066,0.1137,19.8599,295,87.12, -> shining shoes (87.1%)
frame_000748_clip,-1.0,10.6109,8.4676,0.109,19.2528,295,76.49, -> shining shoes (76.5%)
frame_000749_clip,-1.0,10.74,8.3074,0.1145,19.2262,295,70.09, -> shining shoes (70.1%)
frame_000750_clip,-1.0,10.2668,8.4631,0.1104,18.9004,295,61.63, -> shining shoes (61.6%)
frame_000751_clip,-1.0,10.7768,8.3049,0.1085,19.2536,295,62.35, -> shining shoes (62.4%)
frame_000752_clip,-1.0,10.4388,8.3748,0.108,18.9832,295,56.15, -> shining shoes (56.1%)
frame_000753_clip,-1.0,12.1846,10.5523,0.1272,22.9333,295,54.67, -> shining shoes (54.7%)
frame_000754_clip,-1.0,10.8111,8.0399,0.1109,19.0258,295,59.37, -> shining shoes (59.4%)
frame_000755_clip,-1.0,11.4626,8.5956,0.1171,20.2395,295,70.58, -> shining shoes (70.6%)
frame_000756_clip,-1.0,10.5677,8.7091,0.1118,19.4517,295,81.24, -> shining shoes (81.2%)
frame_000757_clip,-1.0,10.9456,9.0054,0.1153,20.1312,295,85.77, -> shining shoes (85.8%)
frame_000758_clip,-1.0,10.2978,8.4742,0.1111,18.9448,295,74.19, -> shining shoes (74.2%)
frame_000759_clip,-1.0,10.7144,8.512,0.1127,19.4033,295,46.58, -> shining shoes (46.6%)
frame_000760_clip,-1.0,10.252,8.7131,0.1184,19.1465,380,54.5, -> washing feet (54.5%)
frame_000761_clip,-1.0,10.7983,8.4208,0.1224,19.4046,380,59.03, -> washing feet (59.0%)
frame_000762_clip,-1.0,10.6606,10.5416,0.1151,21.3801,380,51.75, -> washing feet (51.8%)
frame_000763_clip,-1.0,10.5474,13.1534,0.1177,23.8826,380,66.7, -> washing feet (66.7%)
frame_000764_clip,-1.0,10.7293,8.5915,0.1622,19.5438,295,39.55, -> shining shoes (39.6%)
frame_000765_clip,-1.0,10.769,8.7435,0.1167,19.6935,295,46.1, -> shining shoes (46.1%)
frame_000766_clip,-1.0,10.4989,8.3432,0.1162,19.0201,295,49.19, -> shining shoes (49.2%)
frame_000767_clip,-1.0,10.8124,8.3597,0.1131,19.348,295,63.05, -> shining shoes (63.0%)
frame_000768_clip,-1.0,11.0133,8.3767,0.1169,19.5697,295,64.06, -> shining shoes (64.1%)
frame_000769_clip,-1.0,10.6574,11.1449,0.1151,21.9792,380,59.81, -> washing feet (59.8%)
frame_000770_clip,-1.0,11.892,8.4997,0.1171,20.5731,380,55.68, -> washing feet (55.7%)
frame_000771_clip,-1.0,10.3528,8.0921,0.1113,18.6191,380,52.97, -> washing feet (53.0%)
frame_000772_clip,-1.0,10.3782,12.3958,0.1184,22.9562,380,51.26, -> washing feet (51.3%)
frame_000773_clip,-1.0,10.2413,8.5823,0.1459,19.0333,19,33.4, -> bench pressing (33.4%)
frame_000774_clip,-1.0,10.092,8.7034,0.1176,18.9783,19,33.43, -> bench pressing (33.4%)
frame_000775_clip,-1.0,10.7804,11.2999,0.1134,22.2553,19,34.2, -> bench pressing (34.2%)
frame_000776_clip,-1.0,10.7437,9.6684,0.1132,20.5899,380,34.25, -> washing feet (34.2%)
frame_000777_clip,-1.0,11.4798,8.6127,0.1129,20.2693,380,34.86, -> washing feet (34.9%)
frame_000778_clip,-1.0,10.7352,8.9662,0.114,19.8789,380,38.69, -> washing feet (38.7%)
frame_000779_clip,-1.0,10.6168,12.555,0.1141,23.349,380,29.5, -> washing feet (29.5%)
frame_000780_clip,-1.0,10.8292,11.1793,0.1151,22.1874,19,41.64, -> bench pressing (41.6%)
frame_000781_clip,-1.0,10.3131,12.1881,0.1139,22.6775,295,31.69, -> shining shoes (31.7%)
frame_000782_clip,-1.0,10.1151,12.8538,0.1234,23.1559,295,68.69, -> shining shoes (68.7%)
frame_000783_clip,-1.0,11.1511,8.4886,0.1232,19.8246,295,60.24, -> shining shoes (60.2%)
frame_000784_clip,-1.0,12.807,8.5656,0.1183,21.559,295,37.11, -> shining shoes (37.1%)
frame_000785_clip,-1.0,10.5894,11.8126,0.1262,22.5907,2,35.31, -> answering questions (35.3%)
frame_000786_clip,-1.0,10.5669,8.4043,0.1152,19.1501,2,56.57, -> answering questions (56.6%)
frame_000787_clip,-1.0,10.3937,8.3029,0.1157,18.8758,2,44.88, -> answering questions (44.9%)
frame_000788_clip,-1.0,10.3945,11.8424,0.1265,22.4272,2,40.93, -> answering questions (40.9%)
frame_000789_clip,-1.0,10.1063,11.3849,0.1287,21.684,2,27.9, -> answering questions (27.9%)
frame_000790_clip,-1.0,10.0586,9.6595,0.1164,19.898,2,28.94, -> answering questions (28.9%)
frame_000791_clip,-1.0,11.4621,8.3381,0.1181,19.984,2,25.42, -> answering questions (25.4%)
frame_000792_clip,-1.0,11.3563,8.2302,0.1122,19.762,2,22.55, -> answering questions (22.6%)
frame_000793_clip,-1.0,11.886,8.8301,0.1146,20.8961,2,17.5, -> answering questions (17.5%)
frame_000794_clip,-1.0,10.33,8.544,0.1145,19.051,2,18.29, -> answering questions (18.3%)
frame_000795_clip,-1.0,10.2295,10.7818,0.1265,21.2017,119,14.44, -> exercising arm (14.4%)
frame_000796_clip,-1.0,11.3621,8.4119,0.1205,19.9586,19,41.9, -> bench pressing (41.9%)
frame_000797_clip,-1.0,9.9018,8.5532,0.1187,18.6362,19,69.6, -> bench pressing (69.6%)
frame_000798_clip,-1.0,12.5586,8.5238,0.115,21.2621,19,81.27, -> bench pressing (81.3%)
frame_000799_clip,-1.0,10.3135,8.6275,0.1158,19.1196,19,88.95, -> bench pressing (88.9%)
frame_000800_clip,-1.0,14.3806,8.516,0.1175,23.0794,19,78.15, -> bench pressing (78.1%)
frame_000801_clip,-1.0,10.6592,8.7082,0.1216,19.5546,19,61.84, -> bench pressing (61.8%)
frame_000802_clip,-1.0,10.6667,8.5512,0.1188,19.398,19,71.18, -> bench pressing (71.2%)
frame_000803_clip,-1.0,10.6845,8.3965,0.1114,19.2546,19,60.58, -> bench pressing (60.6%)
frame_000804_clip,-1.0,12.953,8.4843,0.1114,21.6133,19,84.82, -> bench pressing (84.8%)
frame_000805_clip,-1.0,13.7109,8.4138,0.1104,22.3025,19,66.93, -> bench pressing (66.9%)
frame_000806_clip,-1.0,12.2597,8.3919,0.1012,20.8169,19,83.48, -> bench pressing (83.5%)
frame_000807_clip,-1.0,12.6295,8.4347,0.112,21.2407,19,43.5, -> bench pressing (43.5%)
frame_000808_clip,-1.0,10.6128,8.4359,0.1135,19.2252,19,85.59, -> bench pressing (85.6%)
frame_000809_clip,-1.0,10.0116,8.4501,0.1127,18.6384,19,74.28, -> bench pressing (74.3%)
frame_000810_clip,-1.0,14.4158,8.6135,0.1153,23.2094,19,43.57, -> bench pressing (43.6%)
frame_000811_clip,-1.0,10.0062,8.386,0.1024,18.5581,19,19.61, -> bench pressing (19.6%)
frame_000812_clip,-1.0,10.1536,8.466,0.113,18.7951,1,26.92, -> air drumming (26.9%)
frame_000813_clip,-1.0,9.9351,8.695,0.1224,18.8142,2,24.07, -> answering questions (24.1%)
frame_000814_clip,-1.0,12.8536,11.0751,0.1175,24.1114,2,23.84, -> answering questions (23.8%)
frame_000815_clip,-1.0,9.979,8.6634,0.1127,18.8189,2,16.59, -> answering questions (16.6%)
frame_000816_clip,-1.0,12.9688,8.5313,0.1186,21.6851,19,22.72, -> bench pressing (22.7%)
frame_000817_clip,-1.0,10.0983,8.3831,0.1137,18.6585,217,18.49, -> playing accordion (18.5%)
frame_000818_clip,-1.0,10.2771,8.2677,0.1117,18.7201,217,20.06, -> playing accordion (20.1%)
frame_000819_clip,-1.0,10.2523,11.1891,0.1241,21.6285,217,14.32, -> playing accordion (14.3%)
frame_000820_clip,-1.0,12.9189,8.5958,0.1139,21.6939,217,18.76, -> playing accordion (18.8%)
frame_000821_clip,-1.0,10.2434,8.3391,0.1115,18.7606,256,20.16, -> pumping fist (20.2%)
frame_000822_clip,-1.0,10.2638,8.7001,0.1182,19.152,19,14.5, -> bench pressing (14.5%)
frame_000823_clip,-1.0,10.0879,8.5692,0.1145,18.8357,19,14.16, -> bench pressing (14.2%)
frame_000824_clip,-1.0,10.9688,8.4392,0.1146,19.588,19,14.36, -> bench pressing (14.4%)
frame_000825_clip,-1.0,10.9111,8.3908,0.1181,19.4876,19,16.47, -> bench pressing (16.5%)
frame_000826_clip,-1.0,10.4451,8.3749,0.1109,18.994,256,20.45, -> pumping fist (20.4%)
frame_000827_clip,-1.0,10.4716,8.3723,0.1183,19.0258,2,14.13, -> answering questions (14.1%)
frame_000828_clip,-1.0,10.0281,8.591,0.1143,18.7953,19,25.35, -> bench pressing (25.4%)
frame_000829_clip,-1.0,10.3488,8.6169,0.1168,19.1464,19,22.67, -> bench pressing (22.7%)
frame_000830_clip,-1.0,10.6046,8.6137,0.1141,19.395,19,29.82, -> bench pressing (29.8%)
frame_000831_clip,-1.0,10.4282,8.3998,0.1143,19.0065,2,14.85, -> answering questions (14.8%)
frame_000832_clip,-1.0,10.3776,8.4854,0.2032,19.1752,2,11.63, -> answering questions (11.6%)
frame_000833_clip,-1.0,10.0727,8.5849,0.1167,18.8364,256,29.62, -> pumping fist (29.6%)
frame_000834_clip,-1.0,10.5457,8.4122,0.1104,19.1289,256,20.1, -> pumping fist (20.1%)
frame_000835_clip,-1.0,10.4106,10.283,0.1242,20.8809,219,22.51, -> playing bagpipes (22.5%)
frame_000836_clip,-1.0,10.1764,8.3565,0.1086,18.7041,219,29.69, -> playing bagpipes (29.7%)
frame_000837_clip,-1.0,10.8194,8.6139,0.1245,19.6215,134,12.99, -> front raises (13.0%)
frame_000838_clip,-1.0,12.1013,8.508,0.1121,20.787,19,11.32, -> bench pressing (11.3%)
frame_000839_clip,-1.0,11.7538,8.5531,0.1089,20.4803,19,12.41, -> bench pressing (12.4%)
frame_000840_clip,-1.0,11.3899,8.6508,0.1145,20.2199,19,18.83, -> bench pressing (18.8%)
frame_000841_clip,-1.0,12.2176,8.353,0.1112,20.7468,256,25.17, -> pumping fist (25.2%)
frame_000842_clip,-1.0,11.1441,8.6881,0.1162,20.0119,19,25.15, -> bench pressing (25.2%)
frame_000843_clip,-1.0,10.5409,8.7049,0.1163,19.4252,19,34.68, -> bench pressing (34.7%)
frame_000844_clip,-1.0,10.3366,8.4302,0.1169,18.9459,19,80.17, -> bench pressing (80.2%)
frame_000845_clip,-1.0,10.8361,8.7388,0.1177,19.7572,19,61.58, -> bench pressing (61.6%)
frame_000846_clip,-1.0,10.652,8.4744,0.1119,19.3048,19,49.07, -> bench pressing (49.1%)
frame_000847_clip,-1.0,11.0273,8.656,0.1152,19.8673,19,37.31, -> bench pressing (37.3%)
frame_000848_clip,-1.0,10.3366,8.5658,0.1175,19.0798,217,21.9, -> playing accordion (21.9%)
frame_000849_clip,-1.0,10.2828,9.489,0.1258,19.9608,19,36.63, -> bench pressing (36.6%)
frame_000850_clip,-1.0,10.3387,8.5134,0.1197,19.0362,19,13.85, -> bench pressing (13.9%)
frame_000851_clip,-1.0,10.8465,8.4603,0.1214,19.4911,19,28.18, -> bench pressing (28.2%)
frame_000852_clip,-1.0,10.5965,8.3489,0.1154,19.1243,19,27.64, -> bench pressing (27.6%)
frame_000853_clip,-1.0,10.3129,9.0594,0.2125,19.6913,19,47.04, -> bench pressing (47.0%)
frame_000854_clip,-1.0,10.7792,8.6595,0.1429,19.6526,19,64.68, -> bench pressing (64.7%)
frame_000855_clip,-1.0,10.7893,8.053,0.1104,19.0161,19,41.56, -> bench pressing (41.6%)
frame_000856_clip,-1.0,10.9894,8.5216,0.1174,19.6933,19,49.59, -> bench pressing (49.6%)
frame_000857_clip,-1.0,10.7757,10.7795,0.1146,21.7348,19,32.33, -> bench pressing (32.3%)
frame_000858_clip,-1.0,10.5694,8.3963,0.118,19.1479,19,61.2, -> bench pressing (61.2%)
frame_000859_clip,-1.0,10.8137,8.4998,0.1212,19.4997,19,25.58, -> bench pressing (25.6%)
frame_000860_clip,-1.0,10.9116,8.6175,0.122,19.7163,219,15.12, -> playing bagpipes (15.1%)
frame_000861_clip,-1.0,12.0146,8.419,0.118,20.615,375,11.31, -> using segway (11.3%)
frame_000862_clip,-1.0,10.4766,8.8287,0.1137,19.4804,375,20.04, -> using segway (20.0%)
frame_000863_clip,-1.0,10.918,8.7286,0.1164,19.8281,375,13.68, -> using segway (13.7%)
frame_000864_clip,-1.0,10.4783,8.7883,0.1167,19.4468,375,28.7, -> using segway (28.7%)
frame_000865_clip,-1.0,10.7999,8.6399,0.1191,19.6252,375,17.06, -> using segway (17.1%)
frame_000866_clip,-1.0,10.2254,8.3079,0.1082,18.7047,375,24.79, -> using segway (24.8%)
frame_000867_clip,-1.0,10.2115,8.6547,0.1182,19.0488,302,25.69, -> side kick (25.7%)
frame_000868_clip,-1.0,10.4516,8.4149,0.113,19.0441,375,39.19, -> using segway (39.2%)
frame_000869_clip,-1.0,9.9359,8.2605,0.1159,18.3754,375,18.67, -> using segway (18.7%)
frame_000870_clip,-1.0,10.4135,8.7921,0.2128,19.5254,302,24.72, -> side kick (24.7%)
frame_000871_clip,-1.0,10.4689,10.4667,0.1064,21.1058,302,35.1, -> side kick (35.1%)
frame_000872_clip,-1.0,10.1404,8.3854,0.1153,18.7036,302,42.06, -> side kick (42.1%)
frame_000873_clip,-1.0,11.0284,8.2395,0.1156,19.4436,302,53.69, -> side kick (53.7%)
frame_000874_clip,-1.0,11.9438,8.3107,0.112,20.4287,302,62.57, -> side kick (62.6%)
frame_000875_clip,-1.0,10.5041,9.9649,0.1118,20.644,302,51.82, -> side kick (51.8%)
frame_000876_clip,-1.0,13.201,8.5808,0.1155,21.9605,302,30.95, -> side kick (30.9%)
frame_000877_clip,-1.0,10.0666,8.8173,0.1136,19.0615,302,13.51, -> side kick (13.5%)
frame_000878_clip,-1.0,10.3925,8.436,0.1128,19.0054,302,17.78, -> side kick (17.8%)
frame_000879_clip,-1.0,10.2928,8.4387,0.1145,18.9104,302,22.18, -> side kick (22.2%)
frame_000880_clip,-1.0,13.9689,8.8459,0.1158,22.9962,302,26.67, -> side kick (26.7%)
frame_000881_clip,-1.0,10.3572,8.6243,0.1196,19.1652,302,28.54, -> side kick (28.5%)
frame_000882_clip,-1.0,11.2381,9.0136,0.1193,20.4348,302,20.01, -> side kick (20.0%)
frame_000883_clip,-1.0,12.4668,8.6651,0.1169,21.315,302,15.98, -> side kick (16.0%)
frame_000884_clip,-1.0,10.6518,8.8777,0.1143,19.7069,302,30.08, -> side kick (30.1%)
frame_000885_clip,-1.0,10.3961,8.38,0.1102,18.949,302,29.43, -> side kick (29.4%)
frame_000886_clip,-1.0,12.6042,8.2483,0.1155,21.0312,302,23.33, -> side kick (23.3%)
frame_000887_clip,-1.0,10.3059,9.4496,0.1215,19.9396,302,32.61, -> side kick (32.6%)
frame_000888_clip,-1.0,10.4003,8.6536,0.1133,19.2312,302,26.67, -> side kick (26.7%)
frame_000889_clip,-1.0,10.6983,8.2448,0.1154,19.1204,302,30.14, -> side kick (30.1%)
frame_000890_clip,-1.0,11.0373,8.4361,0.1133,19.65,302,30.42, -> side kick (30.4%)
frame_000891_clip,-1.0,10.2054,8.5625,0.1152,18.9463,302,20.65, -> side kick (20.6%)
frame_000892_clip,-1.0,10.9408,8.3063,0.1131,19.4234,302,19.74, -> side kick (19.7%)
frame_000893_clip,-1.0,10.5718,8.4883,0.1143,19.2413,302,13.9, -> side kick (13.9%)
frame_000894_clip,-1.0,10.6315,8.2586,0.1129,19.0675,302,17.9, -> side kick (17.9%)
frame_000895_clip,-1.0,10.3113,12.8071,0.1113,23.2924,198,13.67, -> mopping floor (13.7%)
frame_000896_clip,-1.0,10.6803,8.489,0.1126,19.3434,302,17.65, -> side kick (17.6%)
frame_000897_clip,-1.0,10.6882,8.2769,0.1177,19.1496,338,14.78, -> sweeping floor (14.8%)
frame_000898_clip,-1.0,14.3595,8.5176,0.1187,23.061,302,19.74, -> side kick (19.7%)
frame_000899_clip,-1.0,10.3608,8.7632,0.199,19.4354,338,20.66, -> sweeping floor (20.7%)
frame_000900_clip,-1.0,10.8643,8.4438,0.1134,19.4838,338,26.36, -> sweeping floor (26.4%)
frame_000901_clip,-1.0,10.5641,12.8073,0.1151,23.5492,338,29.27, -> sweeping floor (29.3%)
frame_000902_clip,-1.0,14.0302,8.5599,0.1159,22.771,338,25.26, -> sweeping floor (25.3%)
frame_000903_clip,-1.0,10.0811,8.6377,0.1144,18.8969,338,28.16, -> sweeping floor (28.2%)
frame_000904_clip,-1.0,14.3753,8.5656,0.1234,23.1298,338,30.64, -> sweeping floor (30.6%)
frame_000905_clip,-1.0,10.3787,8.3589,0.1155,18.9188,338,31.65, -> sweeping floor (31.7%)
frame_000906_clip,-1.0,11.5972,8.5433,0.1162,20.3207,338,31.02, -> sweeping floor (31.0%)
frame_000907_clip,-1.0,12.7483,8.9251,0.1174,21.8551,183,27.92, -> lunge (27.9%)
frame_000908_clip,-1.0,12.1358,8.5329,0.1275,20.8603,183,33.39, -> lunge (33.4%)
frame_000909_clip,-1.0,10.6434,12.9311,0.1206,23.7591,183,30.75, -> lunge (30.7%)
frame_000910_clip,-1.0,11.9567,8.5459,0.1182,20.6861,183,30.93, -> lunge (30.9%)
frame_000911_clip,-1.0,10.5371,8.3512,0.118,19.0726,183,33.19, -> lunge (33.2%)
frame_000912_clip,-1.0,13.6001,8.6804,0.1144,22.4604,183,32.04, -> lunge (32.0%)
frame_000913_clip,-1.0,10.5857,8.638,0.1172,19.4042,183,28.0, -> lunge (28.0%)
frame_000914_clip,-1.0,10.7991,8.5211,0.115,19.4977,183,27.55, -> lunge (27.6%)
frame_000915_clip,-1.0,10.3564,9.1185,0.138,19.6756,183,21.33, -> lunge (21.3%)
frame_000916_clip,-1.0,13.8897,8.7259,0.1292,22.8081,183,21.8, -> lunge (21.8%)
frame_000917_clip,-1.0,10.6016,8.4659,0.1193,19.2502,183,16.99, -> lunge (17.0%)
frame_000918_clip,-1.0,15.8785,8.5553,0.1238,24.6211,302,21.26, -> side kick (21.3%)
frame_000919_clip,-1.0,10.1811,12.9635,0.206,23.4608,302,24.03, -> side kick (24.0%)
frame_000920_clip,-1.0,10.4724,8.5467,0.1165,19.1976,302,26.54, -> side kick (26.5%)
frame_000921_clip,-1.0,10.8226,8.5112,0.1165,19.5165,302,18.38, -> side kick (18.4%)
frame_000922_clip,-1.0,14.8167,8.6204,0.1156,23.6189,302,27.85, -> side kick (27.9%)
frame_000923_clip,-1.0,10.5796,8.5517,0.1182,19.3122,302,22.64, -> side kick (22.6%)
frame_000924_clip,-1.0,12.0535,8.8082,0.1194,21.0441,302,23.05, -> side kick (23.1%)
frame_000925_clip,-1.0,10.0983,12.7007,0.1179,22.9818,157,16.97, -> hoverboarding (17.0%)
frame_000926_clip,-1.0,14.8919,8.8303,0.117,23.9028,302,28.55, -> side kick (28.5%)
frame_000927_clip,-1.0,10.4254,8.324,0.1214,18.9323,157,16.4, -> hoverboarding (16.4%)
frame_000928_clip,-1.0,13.4756,8.3819,0.1163,22.0388,302,21.08, -> side kick (21.1%)
frame_000929_clip,-1.0,10.34,8.6217,0.1196,19.1449,302,17.03, -> side kick (17.0%)
frame_000930_clip,-1.0,10.8324,8.4904,0.1115,19.4958,302,33.36, -> side kick (33.4%)
frame_000931_clip,-1.0,10.491,8.6401,0.1193,19.3128,302,26.93, -> side kick (26.9%)
frame_000932_clip,-1.0,12.9424,8.7634,0.1215,21.8933,302,34.78, -> side kick (34.8%)
frame_000933_clip,-1.0,10.5396,9.9968,0.1146,20.7171,302,56.76, -> side kick (56.8%)
frame_000934_clip,-1.0,13.8538,8.5058,0.1126,22.5419,302,62.79, -> side kick (62.8%)
frame_000935_clip,-1.0,10.7067,8.4031,0.1148,19.2885,302,61.02, -> side kick (61.0%)
frame_000936_clip,-1.0,10.1601,8.5378,0.1139,18.8747,302,68.91, -> side kick (68.9%)
frame_000937_clip,-1.0,10.4719,8.4422,0.1149,19.0948,302,70.13, -> side kick (70.1%)
frame_000938_clip,-1.0,12.8608,8.6932,0.1138,21.7342,302,62.27, -> side kick (62.3%)
frame_000939_clip,-1.0,9.9456,13.1456,0.1219,23.2804,302,51.53, -> side kick (51.5%)
frame_000940_clip,-1.0,13.2706,8.4848,0.1166,21.9373,302,64.15, -> side kick (64.2%)
frame_000941_clip,-1.0,12.7322,8.6051,0.1149,21.5161,302,61.03, -> side kick (61.0%)
frame_000942_clip,-1.0,10.2554,10.0753,0.1155,20.509,302,68.62, -> side kick (68.6%)
frame_000943_clip,-1.0,10.5485,8.4265,0.1116,19.1524,302,56.77, -> side kick (56.8%)
frame_000944_clip,-1.0,12.6627,8.5619,0.1132,21.4,302,43.75, -> side kick (43.7%)
frame_000945_clip,-1.0,10.8116,8.9489,0.1102,19.9347,302,45.51, -> side kick (45.5%)
frame_000946_clip,-1.0,14.5154,13.7691,0.117,28.4652,302,43.54, -> side kick (43.5%)
frame_000947_clip,-1.0,10.1798,8.5714,0.113,18.9274,302,52.28, -> side kick (52.3%)
frame_000948_clip,-1.0,16.0359,8.6457,0.1119,24.8554,302,41.62, -> side kick (41.6%)
frame_000949_clip,-1.0,10.0939,8.5765,0.1109,18.8433,302,40.55, -> side kick (40.5%)
frame_000950_clip,-1.0,13.0337,8.6908,0.1149,21.9062,302,29.35, -> side kick (29.3%)
frame_000951_clip,-1.0,10.6097,8.3164,0.1098,19.1005,302,26.24, -> side kick (26.2%)
frame_000952_clip,-1.0,11.7301,8.4126,0.107,20.313,302,31.75, -> side kick (31.7%)
frame_000953_clip,-1.0,12.7513,11.173,0.1112,24.098,302,26.64, -> side kick (26.6%)
frame_000954_clip,-1.0,11.5706,8.5479,0.1109,20.2927,302,31.69, -> side kick (31.7%)
frame_000955_clip,-1.0,10.6738,8.8354,0.1314,19.7073,302,34.58, -> side kick (34.6%)
frame_000956_clip,-1.0,12.2224,8.2422,0.112,20.6392,302,22.16, -> side kick (22.2%)
frame_000957_clip,-1.0,10.5621,8.413,0.1151,19.1531,302,19.11, -> side kick (19.1%)
frame_000958_clip,-1.0,14.2714,8.8045,0.1101,23.2491,302,25.75, -> side kick (25.8%)
frame_000959_clip,-1.0,12.7076,8.4548,0.1287,21.3531,302,24.47, -> side kick (24.5%)
frame_000960_clip,-1.0,12.7342,8.6707,0.1191,21.591,302,23.67, -> side kick (23.7%)
frame_000961_clip,-1.0,10.4549,8.7729,0.1246,19.4146,302,25.91, -> side kick (25.9%)
frame_000962_clip,-1.0,10.8695,8.6203,0.1204,19.675,302,32.18, -> side kick (32.2%)
frame_000963_clip,-1.0,10.5093,8.28,0.1187,18.9715,302,27.92, -> side kick (27.9%)
frame_000964_clip,-1.0,14.9505,8.5052,0.1184,23.6385,302,25.4, -> side kick (25.4%)
frame_000965_clip,-1.0,10.2954,8.5747,0.1186,19.0533,302,21.07, -> side kick (21.1%)
frame_000966_clip,-1.0,14.6494,8.8657,0.1183,23.6988,302,33.67, -> side kick (33.7%)
frame_000967_clip,-1.0,10.4148,8.6449,0.1171,19.2382,302,22.93, -> side kick (22.9%)
frame_000968_clip,-1.0,17.008,9.0536,0.119,26.2444,302,21.19, -> side kick (21.2%)
frame_000969_clip,-1.0,10.6612,8.4486,0.1184,19.2915,302,18.32, -> side kick (18.3%)
frame_000970_clip,-1.0,11.0214,8.4535,0.1237,19.6626,302,24.14, -> side kick (24.1%)
frame_000971_clip,-1.0,10.4583,8.4881,0.1167,19.126,302,24.56, -> side kick (24.6%)
frame_000972_clip,-1.0,10.6271,8.4821,0.1147,19.2904,302,23.01, -> side kick (23.0%)
frame_000973_clip,-1.0,10.6082,8.6379,0.1189,19.4289,302,21.15, -> side kick (21.1%)
frame_000974_clip,-1.0,10.3823,8.3931,0.1139,18.953,302,23.79, -> side kick (23.8%)
frame_000975_clip,-1.0,11.0899,8.4693,0.1181,19.7421,302,19.73, -> side kick (19.7%)
frame_000976_clip,-1.0,10.5298,8.6513,0.1157,19.3595,302,27.44, -> side kick (27.4%)
frame_000977_clip,-1.0,10.7488,8.514,0.1175,19.4464,302,23.81, -> side kick (23.8%)
frame_000978_clip,-1.0,10.2976,8.4981,0.1181,18.9768,302,38.91, -> side kick (38.9%)
frame_000979_clip,-1.0,10.9674,8.6123,0.1175,19.7607,302,26.72, -> side kick (26.7%)
frame_000980_clip,-1.0,10.1022,8.5471,0.1192,18.8307,302,38.39, -> side kick (38.4%)
frame_000981_clip,-1.0,10.1466,8.7427,0.1199,19.0729,302,18.57, -> side kick (18.6%)
frame_000982_clip,-1.0,10.2367,8.4977,0.1127,18.9108,302,19.73, -> side kick (19.7%)
frame_000983_clip,-1.0,10.9252,8.6298,0.1168,19.7371,302,13.41, -> side kick (13.4%)
frame_000984_clip,-1.0,10.1781,8.6678,0.1185,19.0262,302,27.27, -> side kick (27.3%)
frame_000985_clip,-1.0,10.4971,9.0934,0.1158,19.7717,302,25.8, -> side kick (25.8%)
frame_000986_clip,-1.0,10.6227,8.6132,0.1148,19.4144,302,22.04, -> side kick (22.0%)
frame_000987_clip,-1.0,10.516,8.2124,0.1188,18.9117,302,16.47, -> side kick (16.5%)
frame_000988_clip,-1.0,10.5655,8.4863,0.1171,19.2321,302,14.4, -> side kick (14.4%)
frame_000989_clip,-1.0,10.7416,8.7753,0.1216,19.7024,302,16.08, -> side kick (16.1%)
frame_000990_clip,-1.0,10.3361,8.6874,0.1224,19.2168,302,17.05, -> side kick (17.0%)
frame_000991_clip,-1.0,10.2822,8.5986,0.1166,19.0618,302,16.27, -> side kick (16.3%)
frame_000992_clip,-1.0,11.0516,8.591,0.1146,19.8216,302,17.72, -> side kick (17.7%)
frame_000993_clip,-1.0,10.4177,8.7402,0.1241,19.3445,302,21.57, -> side kick (21.6%)
frame_000994_clip,-1.0,10.8111,8.4445,0.1182,19.4392,302,15.81, -> side kick (15.8%)
frame_000995_clip,-1.0,10.5476,8.5596,0.1203,19.2936,302,24.79, -> side kick (24.8%)
frame_000996_clip,-1.0,10.2238,9.0019,0.1255,19.4137,302,17.26, -> side kick (17.3%)
frame_000997_clip,-1.0,10.4854,8.5533,0.1178,19.2203,302,25.49, -> side kick (25.5%)
frame_000998_clip,-1.0,10.302,8.6953,0.123,19.1841,302,25.05, -> side kick (25.1%)
frame_000999_clip,-1.0,10.3456,8.9181,0.1177,19.4462,302,19.67, -> side kick (19.7%)
frame_001000_clip,-1.0,10.9205,8.5612,0.1163,19.6641,302,18.39, -> side kick (18.4%)
frame_001001_clip,-1.0,10.5883,8.7966,0.1208,19.57,302,20.82, -> side kick (20.8%)
frame_001002_clip,-1.0,10.5305,8.5058,0.1286,19.2284,302,22.81, -> side kick (22.8%)
frame_001003_clip,-1.0,11.1416,8.6628,0.1147,19.9871,302,17.59, -> side kick (17.6%)
frame_001004_clip,-1.0,10.5217,8.5121,0.1171,19.213,302,17.42, -> side kick (17.4%)
frame_001005_clip,-1.0,10.7886,8.7692,0.1175,19.7411,302,13.72, -> side kick (13.7%)
frame_001006_clip,-1.0,10.5565,8.6307,0.1155,19.365,302,15.46, -> side kick (15.5%)
frame_001007_clip,-1.0,11.1557,8.369,0.1178,19.7057,45,14.77, -> cartwheeling (14.8%)
frame_001008_clip,-1.0,10.5489,8.9502,0.1164,19.679,45,13.06, -> cartwheeling (13.1%)
frame_001009_clip,-1.0,10.9816,8.7287,0.1178,19.8923,45,12.53, -> cartwheeling (12.5%)
frame_001010_clip,-1.0,10.1903,8.4176,0.1189,18.7921,45,11.57, -> cartwheeling (11.6%)
frame_001011_clip,-1.0,10.7661,8.4487,0.1186,19.3989,45,14.58, -> cartwheeling (14.6%)
frame_001012_clip,-1.0,10.4293,9.4685,0.1167,20.079,45,19.76, -> cartwheeling (19.8%)
frame_001013_clip,-1.0,10.636,8.3207,0.1184,19.1403,45,13.65, -> cartwheeling (13.6%)
frame_001014_clip,-1.0,10.4259,8.7648,0.117,19.371,302,14.73, -> side kick (14.7%)
frame_001015_clip,-1.0,10.6033,8.2315,0.111,19.0081,45,15.83, -> cartwheeling (15.8%)
frame_001016_clip,-1.0,10.401,9.8112,0.1215,20.3982,45,16.4, -> cartwheeling (16.4%)
frame_001017_clip,-1.0,10.3875,8.4265,0.1173,18.9952,45,15.3, -> cartwheeling (15.3%)
frame_001018_clip,-1.0,10.3899,8.4936,0.1141,19.0593,45,14.4, -> cartwheeling (14.4%)
frame_001019_clip,-1.0,10.9082,8.6953,0.1153,19.7823,45,18.74, -> cartwheeling (18.7%)
frame_001020_clip,-1.0,10.209,8.4146,0.1159,18.8048,302,11.8, -> side kick (11.8%)
frame_001021_clip,-1.0,10.5311,8.8651,0.1168,19.577,302,12.76, -> side kick (12.8%)
frame_001022_clip,-1.0,10.584,8.4392,0.1196,19.2066,45,13.59, -> cartwheeling (13.6%)
frame_001023_clip,-1.0,10.588,8.7741,0.1174,19.5437,45,17.43, -> cartwheeling (17.4%)
frame_001024_clip,-1.0,10.2129,8.4407,0.1153,18.8317,45,15.67, -> cartwheeling (15.7%)
frame_001025_clip,-1.0,10.3377,8.6556,0.1172,19.1729,45,13.68, -> cartwheeling (13.7%)
frame_001026_clip,-1.0,10.6613,8.6603,0.1216,19.5053,45,12.76, -> cartwheeling (12.8%)
frame_001027_clip,-1.0,10.273,8.6101,0.1183,19.0652,45,11.18, -> cartwheeling (11.2%)
frame_001028_clip,-1.0,10.336,8.4952,0.1167,19.013,302,11.59, -> side kick (11.6%)
frame_001029_clip,-1.0,10.4553,8.4799,0.1152,19.1132,45,18.0, -> cartwheeling (18.0%)
frame_001030_clip,-1.0,10.4003,8.6664,0.1424,19.2718,45,16.66, -> cartwheeling (16.7%)
frame_001031_clip,-1.0,10.2614,8.5416,0.1166,18.9829,45,17.8, -> cartwheeling (17.8%)
frame_001032_clip,-1.0,10.3441,8.5514,0.1152,19.0727,45,15.88, -> cartwheeling (15.9%)
frame_001033_clip,-1.0,10.4202,8.598,0.1207,19.202,45,14.04, -> cartwheeling (14.0%)
frame_001034_clip,-1.0,10.3334,8.5081,0.1197,19.025,302,13.17, -> side kick (13.2%)
frame_001035_clip,-1.0,10.7388,8.6225,0.2056,19.6762,302,12.13, -> side kick (12.1%)
frame_001036_clip,-1.0,10.9753,8.5167,0.1208,19.6827,198,13.23, -> mopping floor (13.2%)
frame_001037_clip,-1.0,12.1653,8.3357,0.117,20.6824,45,15.37, -> cartwheeling (15.4%)
frame_001038_clip,-1.0,10.6017,8.6496,0.1155,19.43,45,14.82, -> cartwheeling (14.8%)
frame_001039_clip,-1.0,10.5436,12.7595,0.1188,23.4862,45,15.63, -> cartwheeling (15.6%)
frame_001040_clip,-1.0,14.1866,8.591,0.1221,22.9645,45,11.39, -> cartwheeling (11.4%)
frame_001041_clip,-1.0,10.1573,8.6605,0.115,18.997,198,13.21, -> mopping floor (13.2%)
frame_001042_clip,-1.0,13.6352,8.6444,0.1144,22.4587,302,13.82, -> side kick (13.8%)
frame_001043_clip,-1.0,10.634,8.6875,0.1173,19.5019,198,16.02, -> mopping floor (16.0%)
frame_001044_clip,-1.0,10.5897,8.3696,0.1129,19.134,198,13.86, -> mopping floor (13.9%)
frame_001045_clip,-1.0,10.2273,8.5799,0.1991,19.1149,198,11.86, -> mopping floor (11.9%)
frame_001046_clip,-1.0,12.0652,8.8415,0.1151,21.0856,45,9.56, -> cartwheeling (9.6%)
frame_001047_clip,-1.0,10.5909,8.5747,0.1206,19.3495,302,13.35, -> side kick (13.3%)
frame_001048_clip,-1.0,10.204,8.3991,0.1122,18.7775,302,12.59, -> side kick (12.6%)
frame_001049_clip,-1.0,10.5827,8.3443,0.113,19.1028,302,11.32, -> side kick (11.3%)
frame_001050_clip,-1.0,12.4646,8.8051,0.1201,21.4529,338,16.34, -> sweeping floor (16.3%)
frame_001051_clip,-1.0,10.2495,8.8383,0.12,19.2735,338,15.34, -> sweeping floor (15.3%)
frame_001052_clip,-1.0,10.1402,8.5224,0.1169,18.841,338,14.78, -> sweeping floor (14.8%)
frame_001053_clip,-1.0,10.3142,8.4017,0.1174,18.8958,338,14.61, -> sweeping floor (14.6%)
frame_001054_clip,-1.0,10.2796,8.403,0.1143,18.8594,338,13.16, -> sweeping floor (13.2%)
frame_001055_clip,-1.0,10.3648,8.4801,0.114,19.0217,338,13.66, -> sweeping floor (13.7%)
frame_001056_clip,-1.0,10.5602,8.8691,0.1291,19.6259,338,12.89, -> sweeping floor (12.9%)
frame_001057_clip,-1.0,10.8435,8.4203,0.1209,19.4501,338,16.99, -> sweeping floor (17.0%)
frame_001058_clip,-1.0,12.739,8.5907,0.1154,21.5102,338,19.0, -> sweeping floor (19.0%)
frame_001059_clip,-1.0,11.532,8.6639,0.1157,20.3742,338,10.93, -> sweeping floor (10.9%)
frame_001060_clip,-1.0,10.1426,8.7484,0.1181,19.0718,198,10.32, -> mopping floor (10.3%)
frame_001061_clip,-1.0,10.3035,8.6715,0.1157,19.1539,338,13.26, -> sweeping floor (13.3%)
frame_001062_clip,-1.0,13.0375,8.5504,0.1143,21.7678,338,16.99, -> sweeping floor (17.0%)
frame_001063_clip,-1.0,10.6217,8.7623,0.1205,19.5705,338,19.48, -> sweeping floor (19.5%)
frame_001064_clip,-1.0,14.0397,8.5944,0.1141,22.8096,338,22.08, -> sweeping floor (22.1%)
frame_001065_clip,-1.0,10.5004,8.6809,0.1189,19.3652,338,22.66, -> sweeping floor (22.7%)
frame_001066_clip,-1.0,10.3054,8.6465,0.1151,19.1275,338,19.37, -> sweeping floor (19.4%)
frame_001067_clip,-1.0,10.4423,12.0067,0.1225,22.6347,338,27.78, -> sweeping floor (27.8%)
frame_001068_clip,-1.0,13.1441,11.2422,0.1124,24.5614,338,33.45, -> sweeping floor (33.5%)
frame_001069_clip,-1.0,12.8873,10.7855,0.1245,23.8593,338,31.97, -> sweeping floor (32.0%)
frame_001070_clip,-1.0,11.7009,8.6706,0.1272,20.5617,338,34.46, -> sweeping floor (34.5%)
frame_001071_clip,-1.0,10.237,8.9449,0.1268,19.3957,338,39.46, -> sweeping floor (39.5%)
frame_001072_clip,-1.0,12.6047,8.6513,0.1259,21.4457,338,33.29, -> sweeping floor (33.3%)
frame_001073_clip,-1.0,10.8327,8.4674,0.1227,19.4875,338,32.4, -> sweeping floor (32.4%)
frame_001074_clip,-1.0,12.8394,8.5835,0.118,21.6044,338,30.27, -> sweeping floor (30.3%)
frame_001075_clip,-1.0,10.2071,8.4157,0.1152,18.7992,338,30.88, -> sweeping floor (30.9%)
frame_001076_clip,-1.0,15.1711,8.9187,0.1274,24.2799,338,24.53, -> sweeping floor (24.5%)
frame_001077_clip,-1.0,10.2577,8.6609,0.1248,19.1047,338,36.02, -> sweeping floor (36.0%)
frame_001078_clip,-1.0,10.4155,8.4673,0.1239,19.0717,338,41.58, -> sweeping floor (41.6%)
frame_001079_clip,-1.0,10.9367,8.7782,0.1222,19.9007,338,39.43, -> sweeping floor (39.4%)
frame_001080_clip,-1.0,10.1373,8.5494,0.1152,18.8649,338,33.87, -> sweeping floor (33.9%)
frame_001081_clip,-1.0,10.9336,8.7815,0.1183,19.8961,338,33.12, -> sweeping floor (33.1%)
frame_001082_clip,-1.0,12.4412,8.7946,0.1149,21.4148,338,35.49, -> sweeping floor (35.5%)
frame_001083_clip,-1.0,12.4748,8.6181,0.1197,21.2767,338,30.99, -> sweeping floor (31.0%)
frame_001084_clip,-1.0,11.6407,8.5392,0.1127,20.3565,338,39.65, -> sweeping floor (39.6%)
frame_001085_clip,-1.0,13.0358,8.6787,0.1164,21.8951,338,43.78, -> sweeping floor (43.8%)
frame_001086_clip,-1.0,10.7313,8.6762,0.1177,19.5893,338,37.38, -> sweeping floor (37.4%)
frame_001087_clip,-1.0,10.4552,12.9158,0.1181,23.5532,338,37.14, -> sweeping floor (37.1%)
frame_001088_clip,-1.0,10.459,8.6054,0.1168,19.2456,338,33.51, -> sweeping floor (33.5%)
frame_001089_clip,-1.0,10.7516,8.4901,0.1173,19.4231,338,36.32, -> sweeping floor (36.3%)
frame_001090_clip,-1.0,10.503,8.5896,0.1205,19.2764,338,30.29, -> sweeping floor (30.3%)
frame_001091_clip,-1.0,10.628,8.7458,0.1178,19.5579,338,37.13, -> sweeping floor (37.1%)
frame_001092_clip,-1.0,12.6813,8.6591,0.1127,21.5183,338,30.11, -> sweeping floor (30.1%)
frame_001093_clip,-1.0,10.2726,8.541,0.1165,18.9959,338,29.31, -> sweeping floor (29.3%)
frame_001094_clip,-1.0,10.7494,8.6466,0.1202,19.5846,338,35.39, -> sweeping floor (35.4%)
frame_001095_clip,-1.0,10.2673,9.0044,0.1185,19.4542,338,39.5, -> sweeping floor (39.5%)
frame_001096_clip,-1.0,10.958,8.6765,0.1155,19.8134,338,43.15, -> sweeping floor (43.1%)
frame_001097_clip,-1.0,10.0552,10.1618,0.122,20.4013,338,34.26, -> sweeping floor (34.3%)
frame_001098_clip,-1.0,11.5272,11.5872,0.1197,23.2967,338,20.79, -> sweeping floor (20.8%)
frame_001099_clip,-1.0,10.0736,8.5762,0.1161,18.8264,302,22.79, -> side kick (22.8%)
frame_001100_clip,-1.0,10.6258,8.7031,0.1124,19.4981,302,36.49, -> side kick (36.5%)
frame_001101_clip,-1.0,12.4063,8.6004,0.1189,21.1898,302,51.36, -> side kick (51.4%)
frame_001102_clip,-1.0,12.5877,8.6133,0.1297,21.3942,302,72.2, -> side kick (72.2%)
frame_001103_clip,-1.0,10.0652,8.446,0.1181,18.6927,302,78.77, -> side kick (78.8%)
frame_001104_clip,-1.0,10.3411,8.9202,0.1245,19.4536,302,71.55, -> side kick (71.6%)
frame_001105_clip,-1.0,10.735,10.8408,0.1335,21.7733,302,73.08, -> side kick (73.1%)
frame_001106_clip,-1.0,10.0574,8.7773,0.1183,19.0153,302,77.94, -> side kick (77.9%)
frame_001107_clip,-1.0,10.1562,8.6777,0.1175,19.0163,302,71.72, -> side kick (71.7%)
frame_001108_clip,-1.0,13.1821,8.5869,0.1158,21.9546,302,65.82, -> side kick (65.8%)
frame_001109_clip,-1.0,13.138,8.5117,0.1145,21.8273,302,69.18, -> side kick (69.2%)
frame_001110_clip,-1.0,11.6532,8.5232,0.1158,20.3557,302,78.03, -> side kick (78.0%)
frame_001111_clip,-1.0,11.324,8.5864,0.1185,20.0923,302,65.18, -> side kick (65.2%)
frame_001112_clip,-1.0,13.6026,8.64,0.1183,22.4244,302,59.3, -> side kick (59.3%)
frame_001113_clip,-1.0,10.0896,8.6804,0.118,18.9514,198,26.44, -> mopping floor (26.4%)
frame_001114_clip,-1.0,15.3884,8.546,0.1178,24.1154,198,35.72, -> mopping floor (35.7%)
frame_001115_clip,-1.0,10.6423,9.7922,0.1149,20.6142,198,36.35, -> mopping floor (36.3%)
frame_001116_clip,-1.0,11.8686,10.2262,0.1229,22.282,198,36.9, -> mopping floor (36.9%)
frame_001117_clip,-1.0,10.7293,13.1263,0.1203,24.0399,198,36.87, -> mopping floor (36.9%)
frame_001118_clip,-1.0,13.2521,11.6679,0.118,25.1017,198,37.13, -> mopping floor (37.1%)
frame_001119_clip,-1.0,10.0627,8.3846,0.1204,18.6318,198,35.48, -> mopping floor (35.5%)
frame_001120_clip,-1.0,10.231,8.8146,0.216,19.3687,198,37.27, -> mopping floor (37.3%)
frame_001121_clip,-1.0,10.755,9.1402,0.1233,20.0815,198,36.92, -> mopping floor (36.9%)
frame_001122_clip,-1.0,13.447,8.5877,0.113,22.2127,198,39.53, -> mopping floor (39.5%)
frame_001123_clip,-1.0,11.7684,8.6207,0.1247,20.5784,198,39.13, -> mopping floor (39.1%)
frame_001124_clip,-1.0,13.7859,8.7373,0.12,22.7081,198,39.83, -> mopping floor (39.8%)
frame_001125_clip,-1.0,10.6458,8.4629,0.1201,19.294,198,46.12, -> mopping floor (46.1%)
frame_001126_clip,-1.0,12.9464,8.7252,0.1208,21.8564,198,42.09, -> mopping floor (42.1%)
frame_001127_clip,-1.0,12.1857,13.0518,0.1184,25.42,198,39.2, -> mopping floor (39.2%)
frame_001128_clip,-1.0,14.3675,13.0197,0.1133,27.5658,198,35.45, -> mopping floor (35.4%)
frame_001129_clip,-1.0,10.5583,8.7767,0.119,19.516,198,36.46, -> mopping floor (36.5%)
frame_001130_clip,-1.0,14.8054,8.4662,0.1204,23.4558,198,32.95, -> mopping floor (32.9%)
frame_001131_clip,-1.0,10.7699,8.9252,0.1206,19.8803,198,37.57, -> mopping floor (37.6%)
frame_001132_clip,-1.0,11.958,13.3517,0.1205,25.4963,198,35.52, -> mopping floor (35.5%)
frame_001133_clip,-1.0,10.5174,9.2142,0.1199,19.9175,198,35.15, -> mopping floor (35.1%)
frame_001134_clip,-1.0,13.9998,13.5443,0.1222,27.7299,198,34.17, -> mopping floor (34.2%)
frame_001135_clip,-1.0,10.6698,8.5282,0.122,19.3857,198,35.36, -> mopping floor (35.4%)
frame_001136_clip,-1.0,10.5638,8.6319,0.1172,19.3759,198,36.87, -> mopping floor (36.9%)
frame_001137_clip,-1.0,10.6047,8.6301,0.1144,19.4157,198,35.29, -> mopping floor (35.3%)
frame_001138_clip,-1.0,10.5837,8.6685,0.1193,19.4353,198,31.16, -> mopping floor (31.2%)
frame_001139_clip,-1.0,10.8591,8.7232,0.1205,19.7668,338,32.12, -> sweeping floor (32.1%)
frame_001140_clip,-1.0,10.1548,8.676,0.1142,19.008,338,36.84, -> sweeping floor (36.8%)
frame_001141_clip,-1.0,10.539,8.7156,0.117,19.4348,338,35.53, -> sweeping floor (35.5%)
frame_001142_clip,-1.0,10.4385,8.5646,0.1165,19.1832,338,36.0, -> sweeping floor (36.0%)
frame_001143_clip,-1.0,10.6493,8.5259,0.1216,19.3614,338,34.81, -> sweeping floor (34.8%)
frame_001144_clip,-1.0,14.899,9.2661,0.1143,24.3419,338,43.97, -> sweeping floor (44.0%)
frame_001145_clip,-1.0,10.5348,8.236,0.1167,18.9499,338,48.03, -> sweeping floor (48.0%)
frame_001146_clip,-1.0,14.2903,8.9068,0.1192,23.3805,338,52.66, -> sweeping floor (52.7%)
frame_001147_clip,-1.0,10.7263,13.1425,0.125,24.0571,338,54.04, -> sweeping floor (54.0%)
frame_001148_clip,-1.0,10.6441,9.8889,0.119,20.7143,338,51.06, -> sweeping floor (51.1%)
frame_001149_clip,-1.0,10.4122,8.677,0.1178,19.2711,338,45.66, -> sweeping floor (45.7%)
frame_001150_clip,-1.0,10.2071,8.6235,0.1182,19.0113,338,43.54, -> sweeping floor (43.5%)
frame_001151_clip,-1.0,10.4442,8.6622,0.1298,19.3004,338,38.55, -> sweeping floor (38.5%)
frame_001152_clip,-1.0,10.1824,8.4758,0.1167,18.8374,338,32.88, -> sweeping floor (32.9%)
frame_001153_clip,-1.0,10.4017,8.5133,0.1171,19.0968,198,35.93, -> mopping floor (35.9%)
frame_001154_clip,-1.0,10.1182,8.4525,0.1165,18.7503,198,33.98, -> mopping floor (34.0%)
frame_001155_clip,-1.0,10.4432,12.5136,0.1927,23.2593,198,35.72, -> mopping floor (35.7%)
frame_001156_clip,-1.0,10.6786,8.7905,0.1168,19.6489,198,40.12, -> mopping floor (40.1%)
frame_001157_clip,-1.0,11.0635,8.6111,0.1415,19.8876,198,43.39, -> mopping floor (43.4%)
frame_001158_clip,-1.0,10.6839,8.3051,0.1196,19.1742,198,37.15, -> mopping floor (37.1%)
frame_001159_clip,-1.0,10.1419,8.4547,0.1168,18.7772,198,40.15, -> mopping floor (40.2%)
frame_001160_clip,-1.0,10.0001,8.6095,0.1145,18.7875,198,40.49, -> mopping floor (40.5%)
frame_001161_clip,-1.0,10.3847,8.8217,0.1296,19.3992,198,39.84, -> mopping floor (39.8%)
frame_001162_clip,-1.0,10.6452,8.7035,0.1221,19.5343,198,35.41, -> mopping floor (35.4%)
frame_001163_clip,-1.0,10.1898,9.5733,0.1157,19.9411,198,36.99, -> mopping floor (37.0%)
frame_001164_clip,-1.0,16.5961,8.7018,0.123,25.484,198,30.74, -> mopping floor (30.7%)
frame_001165_clip,-1.0,10.1128,8.4566,0.1157,18.7491,198,29.25, -> mopping floor (29.2%)
frame_001166_clip,-1.0,10.0574,8.6464,0.1205,18.887,198,28.4, -> mopping floor (28.4%)
frame_001167_clip,-1.0,10.3276,8.4246,0.2004,19.0612,198,32.47, -> mopping floor (32.5%)
frame_001168_clip,-1.0,13.5287,8.7599,0.1235,22.4774,198,42.93, -> mopping floor (42.9%)
frame_001169_clip,-1.0,10.8014,8.7164,0.1205,19.7022,198,37.75, -> mopping floor (37.7%)
frame_001170_clip,-1.0,12.4878,9.518,0.1118,22.1822,198,44.62, -> mopping floor (44.6%)
frame_001171_clip,-1.0,13.5687,8.6813,0.1211,22.4377,198,43.62, -> mopping floor (43.6%)
frame_001172_clip,-1.0,10.6965,8.7047,0.1159,19.5819,198,44.48, -> mopping floor (44.5%)
frame_001173_clip,-1.0,10.4265,12.6347,0.1125,23.2379,198,34.07, -> mopping floor (34.1%)
frame_001174_clip,-1.0,13.2707,8.8766,0.1179,22.3298,198,36.19, -> mopping floor (36.2%)
frame_001175_clip,-1.0,10.1021,10.0498,0.1141,20.3301,198,35.34, -> mopping floor (35.3%)
frame_001176_clip,-1.0,11.8039,8.6629,0.1164,20.648,198,35.82, -> mopping floor (35.8%)
frame_001177_clip,-1.0,12.5247,9.5736,0.1154,22.2775,198,42.85, -> mopping floor (42.9%)
frame_001178_clip,-1.0,10.3257,8.4755,0.119,18.9817,198,42.83, -> mopping floor (42.8%)
frame_001179_clip,-1.0,10.1556,10.7137,0.1173,21.0503,198,37.14, -> mopping floor (37.1%)
frame_001180_clip,-1.0,16.2636,8.8045,0.1148,25.2469,198,35.25, -> mopping floor (35.3%)
frame_001181_clip,-1.0,10.2528,8.7225,0.1151,19.1549,198,35.79, -> mopping floor (35.8%)
frame_001182_clip,-1.0,12.1166,10.703,0.1201,23.0067,198,30.33, -> mopping floor (30.3%)
frame_001183_clip,-1.0,10.6271,11.9537,0.1202,22.764,198,28.52, -> mopping floor (28.5%)
frame_001184_clip,-1.0,13.0449,10.1311,0.1194,23.3599,198,27.89, -> mopping floor (27.9%)
frame_001185_clip,-1.0,10.5371,8.5307,0.1148,19.2448,198,27.5, -> mopping floor (27.5%)
frame_001186_clip,-1.0,13.5686,8.8341,0.1167,22.5838,198,28.04, -> mopping floor (28.0%)
frame_001187_clip,-1.0,10.1188,11.4528,0.1275,21.7605,198,25.92, -> mopping floor (25.9%)
frame_001188_clip,-1.0,13.5665,8.9015,0.1269,22.6579,338,26.42, -> sweeping floor (26.4%)
frame_001189_clip,-1.0,10.4333,9.6607,0.1199,20.2778,198,27.71, -> mopping floor (27.7%)
frame_001190_clip,-1.0,13.9833,8.7746,0.1296,22.9506,198,26.57, -> mopping floor (26.6%)
frame_001191_clip,-1.0,10.7975,8.7038,0.1224,19.6855,198,31.0, -> mopping floor (31.0%)
frame_001192_clip,-1.0,12.4872,8.3897,0.122,21.063,198,34.12, -> mopping floor (34.1%)
frame_001193_clip,-1.0,10.2061,8.9521,0.1141,19.3381,198,32.15, -> mopping floor (32.2%)
frame_001194_clip,-1.0,14.0079,8.6975,0.1188,22.887,198,29.97, -> mopping floor (30.0%)
frame_001195_clip,-1.0,12.1256,8.6812,0.1222,20.9927,198,30.32, -> mopping floor (30.3%)
frame_001196_clip,-1.0,10.3753,8.6715,0.1168,19.227,338,30.57, -> sweeping floor (30.6%)
frame_001197_clip,-1.0,10.3565,8.3606,0.115,18.8966,338,31.5, -> sweeping floor (31.5%)
frame_001198_clip,-1.0,10.1696,8.5495,0.1129,18.8972,198,29.16, -> mopping floor (29.2%)
frame_001199_clip,-1.0,10.3328,9.0218,0.1407,19.5577,338,26.03, -> sweeping floor (26.0%)
frame_001200_clip,-1.0,13.8038,8.8165,0.1176,22.8031,338,28.31, -> sweeping floor (28.3%)
frame_001201_clip,-1.0,10.2505,8.6233,0.1201,19.0572,338,29.03, -> sweeping floor (29.0%)
frame_001202_clip,-1.0,11.3566,8.3303,0.1246,19.8756,338,29.83, -> sweeping floor (29.8%)
frame_001203_clip,-1.0,9.9456,13.0709,0.1184,23.1964,338,32.11, -> sweeping floor (32.1%)
frame_001204_clip,-1.0,10.1673,8.2963,0.1206,18.6476,338,36.59, -> sweeping floor (36.6%)
frame_001205_clip,-1.0,10.2355,8.454,0.1188,18.8719,338,27.6, -> sweeping floor (27.6%)
frame_001206_clip,-1.0,15.3476,8.4003,0.1115,23.9211,338,28.87, -> sweeping floor (28.9%)
frame_001207_clip,-1.0,9.9719,8.5002,0.1259,18.6594,338,30.55, -> sweeping floor (30.6%)
frame_001208_clip,-1.0,13.3486,9.224,0.1247,22.7625,338,35.99, -> sweeping floor (36.0%)
frame_001209_clip,-1.0,10.3789,13.1562,0.1128,23.7109,338,36.52, -> sweeping floor (36.5%)
frame_001210_clip,-1.0,13.4535,8.6692,0.1135,22.2997,338,39.63, -> sweeping floor (39.6%)
frame_001211_clip,-1.0,12.5715,8.5616,0.1156,21.3128,338,35.07, -> sweeping floor (35.1%)
frame_001212_clip,-1.0,14.8426,9.8043,0.1158,24.8266,338,36.02, -> sweeping floor (36.0%)
frame_001213_clip,-1.0,10.147,12.1275,0.1176,22.454,338,34.92, -> sweeping floor (34.9%)
frame_001214_clip,-1.0,17.7689,10.9955,0.1213,28.949,338,32.76, -> sweeping floor (32.8%)
frame_001215_clip,-1.0,10.587,10.7902,0.1159,21.556,338,37.01, -> sweeping floor (37.0%)
frame_001216_clip,-1.0,15.8815,10.6792,0.122,26.7464,338,34.37, -> sweeping floor (34.4%)
frame_001217_clip,-1.0,10.0912,9.6699,0.11,19.933,338,35.35, -> sweeping floor (35.4%)
frame_001218_clip,-1.0,15.3108,8.6454,0.1188,24.1391,338,31.7, -> sweeping floor (31.7%)
frame_001219_clip,-1.0,10.3649,8.5749,0.1164,19.1183,338,30.31, -> sweeping floor (30.3%)
frame_001220_clip,-1.0,17.0426,8.4494,0.1116,25.6677,338,34.04, -> sweeping floor (34.0%)
frame_001221_clip,-1.0,10.258,8.3996,0.1163,18.8371,338,32.75, -> sweeping floor (32.8%)
frame_001222_clip,-1.0,9.9959,8.7459,0.1193,18.9213,338,31.41, -> sweeping floor (31.4%)
frame_001223_clip,-1.0,10.1751,8.7531,0.1189,19.1109,338,30.37, -> sweeping floor (30.4%)
frame_001224_clip,-1.0,14.9043,8.9153,0.1232,24.0075,338,32.13, -> sweeping floor (32.1%)
frame_001225_clip,-1.0,10.4407,10.3467,0.1175,20.9684,338,29.83, -> sweeping floor (29.8%)
frame_001226_clip,-1.0,11.6968,8.7607,0.1123,20.6344,338,34.39, -> sweeping floor (34.4%)
frame_001227_clip,-1.0,12.5558,10.1475,0.1161,22.8806,338,33.95, -> sweeping floor (34.0%)
frame_001228_clip,-1.0,12.0165,12.6253,0.1214,24.8275,338,38.89, -> sweeping floor (38.9%)
frame_001229_clip,-1.0,10.5407,10.3828,0.1369,21.1225,338,36.11, -> sweeping floor (36.1%)
frame_001230_clip,-1.0,11.2831,8.3984,0.1147,19.8594,338,31.21, -> sweeping floor (31.2%)
frame_001231_clip,-1.0,11.968,8.7313,0.1173,20.8824,338,38.23, -> sweeping floor (38.2%)
frame_001232_clip,-1.0,10.2978,8.4674,0.1213,18.9509,338,32.07, -> sweeping floor (32.1%)
frame_001233_clip,-1.0,10.7441,8.9016,0.1277,19.8397,338,33.64, -> sweeping floor (33.6%)
frame_001234_clip,-1.0,10.5236,8.1043,0.1164,18.8075,338,32.25, -> sweeping floor (32.3%)
frame_001235_clip,-1.0,10.3685,9.206,0.1159,19.7533,338,37.96, -> sweeping floor (38.0%)
frame_001236_clip,-1.0,10.5097,8.3266,0.115,19.0146,338,37.09, -> sweeping floor (37.1%)
frame_001237_clip,-1.0,10.5993,8.7592,0.1202,19.54,338,35.52, -> sweeping floor (35.5%)
frame_001238_clip,-1.0,10.4718,8.7188,0.121,19.3748,338,36.54, -> sweeping floor (36.5%)
frame_001239_clip,-1.0,10.2764,8.9673,0.1157,19.4215,338,32.65, -> sweeping floor (32.6%)
frame_001240_clip,-1.0,10.3553,8.5512,0.1205,19.0909,338,33.65, -> sweeping floor (33.6%)
frame_001241_clip,-1.0,10.3846,8.354,0.1176,18.9203,338,31.08, -> sweeping floor (31.1%)
frame_001242_clip,-1.0,10.4429,8.7343,0.1149,19.3573,338,30.95, -> sweeping floor (31.0%)
frame_001243_clip,-1.0,10.4507,8.4669,0.1183,19.0975,338,27.09, -> sweeping floor (27.1%)
frame_001244_clip,-1.0,10.3833,9.0263,0.1222,19.5931,338,29.99, -> sweeping floor (30.0%)
frame_001245_clip,-1.0,10.3118,9.6138,0.1167,20.1058,338,26.94, -> sweeping floor (26.9%)
frame_001246_clip,-1.0,10.4113,8.4956,0.1129,19.0819,200,27.39, -> moving furniture (27.4%)
frame_001247_clip,-1.0,10.2947,10.0881,0.1133,20.5609,200,28.74, -> moving furniture (28.7%)
frame_001248_clip,-1.0,10.4531,9.9154,0.1163,20.5507,200,29.53, -> moving furniture (29.5%)
frame_001249_clip,-1.0,10.7374,8.5485,0.1205,19.4686,338,26.23, -> sweeping floor (26.2%)
frame_001250_clip,-1.0,10.4073,8.4555,0.1172,19.0443,200,27.51, -> moving furniture (27.5%)
frame_001251_clip,-1.0,10.1951,8.4604,0.1236,18.8407,200,31.48, -> moving furniture (31.5%)
frame_001252_clip,-1.0,10.1576,8.4985,0.1187,18.8367,200,35.34, -> moving furniture (35.3%)
frame_001253_clip,-1.0,11.0984,11.0116,0.1245,22.2955,200,33.49, -> moving furniture (33.5%)
frame_001254_clip,-1.0,13.4281,10.8071,0.1248,24.4238,200,41.25, -> moving furniture (41.3%)
frame_001255_clip,-1.0,10.2319,9.1733,0.123,19.5912,200,39.22, -> moving furniture (39.2%)
frame_001256_clip,-1.0,11.8108,9.039,0.1199,21.0334,200,26.58, -> moving furniture (26.6%)
frame_001257_clip,-1.0,12.657,8.5374,0.1242,21.3817,200,26.25, -> moving furniture (26.2%)
frame_001258_clip,-1.0,10.809,13.4301,0.1451,24.4556,200,26.06, -> moving furniture (26.1%)
frame_001259_clip,-1.0,11.3888,8.3279,0.1176,19.8988,200,24.52, -> moving furniture (24.5%)
frame_001260_clip,-1.0,10.6526,8.4402,0.1216,19.2785,200,26.09, -> moving furniture (26.1%)
frame_001261_clip,-1.0,11.3056,8.6336,0.1163,20.1187,200,27.02, -> moving furniture (27.0%)
frame_001262_clip,-1.0,10.1434,8.2641,0.1192,18.5915,338,20.04, -> sweeping floor (20.0%)
frame_001263_clip,-1.0,11.2921,8.5543,0.1207,20.0311,338,20.04, -> sweeping floor (20.0%)
frame_001264_clip,-1.0,10.1821,8.6123,0.1184,18.9757,338,20.75, -> sweeping floor (20.7%)
frame_001265_clip,-1.0,10.1843,8.3802,0.1188,18.7477,338,30.73, -> sweeping floor (30.7%)
frame_001266_clip,-1.0,10.2435,12.8731,0.1181,23.2986,338,29.0, -> sweeping floor (29.0%)
frame_001267_clip,-1.0,10.8173,9.7786,0.1172,20.7762,338,26.57, -> sweeping floor (26.6%)
frame_001268_clip,-1.0,10.0738,8.5194,0.1212,18.7798,200,31.42, -> moving furniture (31.4%)
frame_001269_clip,-1.0,10.9252,8.3996,0.1156,19.5055,200,25.51, -> moving furniture (25.5%)
frame_001270_clip,-1.0,12.0285,8.6625,0.1126,20.8679,200,20.45, -> moving furniture (20.5%)
frame_001271_clip,-1.0,10.5821,8.5517,0.1194,19.319,200,23.28, -> moving furniture (23.3%)
frame_001272_clip,-1.0,12.5286,11.2095,0.1159,23.9182,200,31.69, -> moving furniture (31.7%)
frame_001273_clip,-1.0,10.1846,11.3217,0.1163,21.6868,200,23.47, -> moving furniture (23.5%)
frame_001274_clip,-1.0,11.9301,8.4996,0.1164,20.6076,200,31.75, -> moving furniture (31.8%)
frame_001275_clip,-1.0,10.3932,8.7613,0.1271,19.3445,200,27.27, -> moving furniture (27.3%)
frame_001276_clip,-1.0,10.7555,8.5215,0.1145,19.456,200,22.95, -> moving furniture (23.0%)
frame_001277_clip,-1.0,10.6029,12.4895,0.1223,23.279,45,18.03, -> cartwheeling (18.0%)
frame_001278_clip,-1.0,13.2331,8.6477,0.1224,22.0677,198,19.9, -> mopping floor (19.9%)
frame_001279_clip,-1.0,10.1798,8.3081,0.1166,18.666,198,21.7, -> mopping floor (21.7%)
frame_001280_clip,-1.0,12.0232,8.6208,0.1192,20.8258,198,19.75, -> mopping floor (19.7%)
frame_001281_clip,-1.0,10.9507,8.9336,0.1167,20.0648,198,19.39, -> mopping floor (19.4%)
frame_001282_clip,-1.0,10.2241,8.5838,0.1174,18.9877,198,19.28, -> mopping floor (19.3%)
frame_001283_clip,-1.0,10.3175,8.1289,0.115,18.6233,233,21.82, -> playing harmonica (21.8%)
frame_001284_clip,-1.0,10.3189,8.5721,0.1197,19.0736,233,20.81, -> playing harmonica (20.8%)
frame_001285_clip,-1.0,10.2449,10.2138,0.1189,20.6405,233,22.31, -> playing harmonica (22.3%)
frame_001286_clip,-1.0,10.6997,10.1594,0.1177,21.0403,302,20.85, -> side kick (20.9%)
frame_001287_clip,-1.0,10.2241,8.3556,0.1166,18.7588,302,26.94, -> side kick (26.9%)
frame_001288_clip,-1.0,12.0107,9.1526,0.1204,21.3463,302,46.89, -> side kick (46.9%)
frame_001289_clip,-1.0,10.4745,8.2737,0.1437,18.9546,302,63.14, -> side kick (63.1%)
frame_001290_clip,-1.0,10.5266,8.6676,0.1142,19.3703,302,76.53, -> side kick (76.5%)
frame_001291_clip,-1.0,10.4258,8.4577,0.1173,19.0647,302,87.59, -> side kick (87.6%)
frame_001292_clip,-1.0,13.992,8.5351,0.1146,22.7051,302,86.05, -> side kick (86.0%)
frame_001293_clip,-1.0,10.2947,8.8817,0.1153,19.3539,302,80.85, -> side kick (80.9%)
frame_001294_clip,-1.0,11.4836,8.6004,0.1167,20.2641,302,87.08, -> side kick (87.1%)
frame_001295_clip,-1.0,10.4581,8.5145,0.1162,19.15,302,89.15, -> side kick (89.1%)
frame_001296_clip,-1.0,10.3581,10.4335,0.1165,20.9686,302,85.81, -> side kick (85.8%)
frame_001297_clip,-1.0,10.6719,8.7854,0.1205,19.641,302,79.71, -> side kick (79.7%)
frame_001298_clip,-1.0,11.0878,8.5894,0.1137,19.8561,302,79.05, -> side kick (79.0%)
frame_001299_clip,-1.0,12.2897,9.3934,0.1311,21.8788,302,77.13, -> side kick (77.1%)
frame_001300_clip,-1.0,10.3533,8.6075,0.1222,19.1459,302,44.02, -> side kick (44.0%)
frame_001301_clip,-1.0,10.2713,8.834,0.2037,19.4146,302,37.03, -> side kick (37.0%)
frame_001302_clip,-1.0,15.0772,8.8506,0.12,24.1126,302,31.85, -> side kick (31.8%)
frame_001303_clip,-1.0,10.327,8.6,0.1174,19.107,302,24.97, -> side kick (25.0%)
frame_001304_clip,-1.0,13.7903,8.666,0.1196,22.6411,302,18.86, -> side kick (18.9%)
frame_001305_clip,-1.0,12.6586,8.3529,0.1198,21.196,302,17.71, -> side kick (17.7%)
frame_001306_clip,-1.0,10.4653,9.7857,0.1209,20.4364,302,8.54, -> side kick (8.5%)
frame_001307_clip,-1.0,10.3453,8.5218,0.1172,19.0478,275,8.64, -> riding unicycle (8.6%)
frame_001308_clip,-1.0,10.169,8.3475,0.1171,18.6959,275,6.35, -> riding unicycle (6.4%)
frame_001309_clip,-1.0,10.8672,8.601,0.1156,19.6462,275,6.76, -> riding unicycle (6.8%)
frame_001310_clip,-1.0,11.9875,8.3652,0.1242,20.5425,275,7.54, -> riding unicycle (7.5%)
frame_001311_clip,-1.0,10.406,8.6284,0.113,19.2107,275,4.96, -> riding unicycle (5.0%)
frame_001312_clip,-1.0,10.3232,11.0576,0.1179,21.5605,65,5.88, -> cleaning windows (5.9%)
frame_001313_clip,-1.0,10.922,9.6777,0.1165,20.7782,65,7.98, -> cleaning windows (8.0%)
frame_001314_clip,-1.0,15.3668,8.6619,0.1208,24.2136,65,11.53, -> cleaning windows (11.5%)
frame_001315_clip,-1.0,10.4231,9.4794,0.1206,20.0882,65,9.98, -> cleaning windows (10.0%)
frame_001316_clip,-1.0,14.1666,9.2073,0.12,23.5619,65,10.35, -> cleaning windows (10.4%)
frame_001317_clip,-1.0,10.4452,11.3117,0.1169,21.9357,70,12.18, -> cooking chicken (12.2%)
frame_001318_clip,-1.0,13.541,8.4676,0.1203,22.1909,70,16.61, -> cooking chicken (16.6%)
frame_001319_clip,-1.0,10.1778,8.3403,0.1189,18.7021,70,20.2, -> cooking chicken (20.2%)
frame_001320_clip,-1.0,10.6882,8.5899,0.1156,19.4598,70,17.61, -> cooking chicken (17.6%)
frame_001321_clip,-1.0,10.8597,8.9024,0.1309,19.9567,70,17.73, -> cooking chicken (17.7%)
frame_001322_clip,-1.0,13.9409,8.6693,0.1194,22.7924,65,26.77, -> cleaning windows (26.8%)
frame_001323_clip,-1.0,10.4236,8.3884,0.1132,18.9879,65,29.18, -> cleaning windows (29.2%)
frame_001324_clip,-1.0,16.3621,8.6091,0.1188,25.158,379,15.34, -> washing dishes (15.3%)
frame_001325_clip,-1.0,10.4774,11.5134,0.1263,22.1799,379,11.14, -> washing dishes (11.1%)
frame_001326_clip,-1.0,10.8363,8.5598,0.1182,19.5775,379,16.21, -> washing dishes (16.2%)
frame_001327_clip,-1.0,10.5389,8.4774,0.1151,19.1959,65,11.52, -> cleaning windows (11.5%)
frame_001328_clip,-1.0,12.2025,8.678,0.1199,21.0651,65,19.48, -> cleaning windows (19.5%)
frame_001329_clip,-1.0,10.6831,11.0566,0.2013,22.0487,65,20.34, -> cleaning windows (20.3%)
frame_001330_clip,-1.0,10.4663,8.4461,0.1164,19.0868,338,8.54, -> sweeping floor (8.5%)
frame_001331_clip,-1.0,10.3281,8.6206,0.1156,19.1279,338,9.95, -> sweeping floor (9.9%)
frame_001332_clip,-1.0,11.9027,8.8709,0.118,20.9559,284,11.38, -> sanding floor (11.4%)
frame_001333_clip,-1.0,10.227,11.6657,0.1319,22.0884,275,9.97, -> riding unicycle (10.0%)
frame_001334_clip,-1.0,10.1123,9.938,0.114,20.2275,275,14.29, -> riding unicycle (14.3%)
frame_001335_clip,-1.0,10.3132,8.4792,0.1165,18.9708,275,10.53, -> riding unicycle (10.5%)
frame_001336_clip,-1.0,12.9542,8.6001,0.1207,21.7398,275,11.19, -> riding unicycle (11.2%)
frame_001337_clip,-1.0,10.4385,11.9759,0.123,22.599,275,8.67, -> riding unicycle (8.7%)
frame_001338_clip,-1.0,10.3267,8.4135,0.1184,18.9257,275,7.85, -> riding unicycle (7.8%)
frame_001339_clip,-1.0,10.0669,9.7307,0.1141,19.975,275,6.8, -> riding unicycle (6.8%)
frame_001340_clip,-1.0,14.9686,8.6146,0.1149,23.7612,275,6.16, -> riding unicycle (6.2%)
frame_001341_clip,-1.0,10.4028,8.4813,0.1155,19.0605,275,12.13, -> riding unicycle (12.1%)
frame_001342_clip,-1.0,15.6631,8.5583,0.1073,24.3905,275,11.05, -> riding unicycle (11.1%)
frame_001343_clip,-1.0,13.8452,8.0657,0.1109,22.0842,275,13.34, -> riding unicycle (13.3%)
frame_001344_clip,-1.0,13.5769,8.518,0.116,22.2737,275,10.98, -> riding unicycle (11.0%)
frame_001345_clip,-1.0,10.3977,10.5336,0.1216,21.1175,302,13.33, -> side kick (13.3%)
frame_001346_clip,-1.0,10.6466,8.7734,0.116,19.5992,275,16.87, -> riding unicycle (16.9%)
frame_001347_clip,-1.0,10.2188,8.3236,0.1149,18.7203,275,16.82, -> riding unicycle (16.8%)
frame_001348_clip,-1.0,10.1699,8.5639,0.1159,18.9131,247,9.61, -> playing trombone (9.6%)
frame_001349_clip,-1.0,10.4167,8.6164,0.1195,19.2163,275,8.83, -> riding unicycle (8.8%)
frame_001350_clip,-1.0,9.9969,8.368,0.1194,18.5462,247,9.03, -> playing trombone (9.0%)
frame_001351_clip,-1.0,10.3174,8.6615,0.1212,19.162,247,9.74, -> playing trombone (9.7%)
frame_001352_clip,-1.0,10.3723,11.0453,0.1172,21.5983,302,12.98, -> side kick (13.0%)
frame_001353_clip,-1.0,10.3115,10.8937,0.1164,21.3855,247,9.16, -> playing trombone (9.2%)
frame_001354_clip,-1.0,13.4015,8.5142,0.1192,22.0984,247,15.07, -> playing trombone (15.1%)
frame_001355_clip,-1.0,10.0019,9.038,0.1153,19.2187,354,11.63, -> testifying (11.6%)
frame_001356_clip,-1.0,11.4667,8.5048,0.123,20.1586,354,8.1, -> testifying (8.1%)
frame_001357_clip,-1.0,9.8984,9.0418,0.1195,19.1229,354,11.89, -> testifying (11.9%)
frame_001358_clip,-1.0,10.2108,8.4914,0.1166,18.8818,354,12.14, -> testifying (12.1%)
frame_001359_clip,-1.0,10.9696,8.7605,0.1485,19.9501,354,13.95, -> testifying (13.9%)
frame_001360_clip,-1.0,12.9723,8.5395,0.1282,21.7025,354,21.82, -> testifying (21.8%)
frame_001361_clip,-1.0,10.7191,8.7196,0.1197,19.6229,354,28.09, -> testifying (28.1%)
frame_001362_clip,-1.0,11.9777,9.1322,0.1217,21.2955,354,30.54, -> testifying (30.5%)
frame_001363_clip,-1.0,10.3775,8.6391,0.125,19.2038,200,14.29, -> moving furniture (14.3%)
frame_001364_clip,-1.0,10.6838,9.0485,0.1144,19.9095,200,13.77, -> moving furniture (13.8%)
frame_001365_clip,-1.0,10.2202,8.4214,0.1173,18.8221,200,17.34, -> moving furniture (17.3%)
frame_001366_clip,-1.0,10.2089,9.837,0.1179,20.2269,354,9.09, -> testifying (9.1%)
frame_001367_clip,-1.0,10.2664,9.9355,0.1184,20.3836,354,9.95, -> testifying (10.0%)
frame_001368_clip,-1.0,12.1101,8.5572,0.1164,20.8472,183,10.12, -> lunge (10.1%)
frame_001369_clip,-1.0,11.617,8.5509,0.1178,20.3494,183,9.79, -> lunge (9.8%)
frame_001370_clip,-1.0,10.4412,8.3487,0.1134,18.9649,183,14.48, -> lunge (14.5%)
frame_001371_clip,-1.0,10.3576,8.7056,0.1157,19.2398,183,31.69, -> lunge (31.7%)
frame_001372_clip,-1.0,12.2512,8.4068,0.1217,20.8466,183,39.52, -> lunge (39.5%)
frame_001373_clip,-1.0,11.6221,8.4245,0.1185,20.2271,183,21.58, -> lunge (21.6%)
frame_001374_clip,-1.0,11.9883,8.5138,0.1272,20.6928,183,29.7, -> lunge (29.7%)
frame_001375_clip,-1.0,10.3156,8.6002,0.1212,19.0978,183,35.06, -> lunge (35.1%)
frame_001376_clip,-1.0,10.0891,7.9991,0.1163,18.2673,183,31.99, -> lunge (32.0%)
frame_001377_clip,-1.0,10.6121,8.9197,0.1199,19.7175,136,16.54, -> garbage collecting (16.5%)
frame_001378_clip,-1.0,11.4003,8.4576,0.115,20.035,24,21.3, -> blowing glass (21.3%)
frame_001379_clip,-1.0,12.032,8.628,0.119,20.8425,24,12.13, -> blowing glass (12.1%)
frame_001380_clip,-1.0,10.4887,8.1813,0.1171,18.8491,24,21.44, -> blowing glass (21.4%)
frame_001381_clip,-1.0,10.3104,9.0376,0.1189,19.5298,24,22.24, -> blowing glass (22.2%)
frame_001382_clip,-1.0,13.0477,10.605,0.1174,23.8332,24,26.1, -> blowing glass (26.1%)
frame_001383_clip,-1.0,11.3914,12.5611,0.122,24.1392,24,20.11, -> blowing glass (20.1%)
frame_001384_clip,-1.0,10.5694,8.6527,0.1177,19.4033,24,19.2, -> blowing glass (19.2%)
frame_001385_clip,-1.0,10.7458,8.4733,0.1179,19.4079,24,21.8, -> blowing glass (21.8%)
frame_001386_clip,-1.0,10.1776,8.6629,0.1189,19.0231,136,17.4, -> garbage collecting (17.4%)
frame_001387_clip,-1.0,10.5002,8.4219,0.118,19.1035,198,19.99, -> mopping floor (20.0%)
frame_001388_clip,-1.0,10.431,8.524,0.1187,19.1382,198,16.7, -> mopping floor (16.7%)
frame_001389_clip,-1.0,10.2099,8.3252,0.118,18.7179,198,16.09, -> mopping floor (16.1%)
frame_001390_clip,-1.0,15.1417,8.3949,0.1183,23.7186,198,18.35, -> mopping floor (18.3%)
frame_001391_clip,-1.0,10.2629,8.4624,0.1171,18.9065,200,18.55, -> moving furniture (18.5%)
frame_001392_clip,-1.0,13.6013,8.7207,0.1189,22.5068,200,18.05, -> moving furniture (18.0%)
frame_001393_clip,-1.0,10.9401,8.5208,0.1207,19.6472,200,17.87, -> moving furniture (17.9%)
frame_001394_clip,-1.0,10.5687,9.5666,0.126,20.328,198,13.7, -> mopping floor (13.7%)
frame_001395_clip,-1.0,10.2095,8.8364,0.1203,19.2294,375,9.63, -> using segway (9.6%)
frame_001396_clip,-1.0,13.7927,8.6467,0.1159,22.6183,247,11.3, -> playing trombone (11.3%)
frame_001397_clip,-1.0,10.6798,8.3624,0.1213,19.2267,247,12.98, -> playing trombone (13.0%)
frame_001398_clip,-1.0,16.1657,8.2893,0.118,24.6402,375,14.25, -> using segway (14.2%)
frame_001399_clip,-1.0,12.7738,8.9701,0.1224,21.9303,198,12.57, -> mopping floor (12.6%)
frame_001400_clip,-1.0,10.6612,8.4769,0.118,19.3178,375,12.02, -> using segway (12.0%)
frame_001401_clip,-1.0,11.1489,8.8071,0.1177,20.1389,198,12.34, -> mopping floor (12.3%)
frame_001402_clip,-1.0,12.083,8.5962,0.1213,20.8644,375,12.91, -> using segway (12.9%)
frame_001403_clip,-1.0,10.3086,10.852,0.1122,21.3365,247,13.88, -> playing trombone (13.9%)
frame_001404_clip,-1.0,14.4661,8.7673,0.117,23.4163,247,14.71, -> playing trombone (14.7%)
frame_001405_clip,-1.0,10.5521,9.6664,0.1183,20.3992,198,16.45, -> mopping floor (16.4%)
frame_001406_clip,-1.0,12.2753,8.6069,0.1271,21.0743,198,12.35, -> mopping floor (12.4%)
frame_001407_clip,-1.0,10.5826,8.5588,0.1183,19.3224,198,21.61, -> mopping floor (21.6%)
frame_001408_clip,-1.0,15.672,8.9373,0.1212,24.7937,198,20.26, -> mopping floor (20.3%)
frame_001409_clip,-1.0,13.5277,12.0237,0.1262,25.739,198,26.61, -> mopping floor (26.6%)
frame_001410_clip,-1.0,14.6365,8.8147,0.1135,23.6358,198,18.17, -> mopping floor (18.2%)
frame_001411_clip,-1.0,10.1704,8.8421,0.1161,19.1904,198,25.91, -> mopping floor (25.9%)
frame_001412_clip,-1.0,13.9818,8.4698,0.114,22.6304,198,16.65, -> mopping floor (16.7%)
frame_001413_clip,-1.0,10.3496,8.3223,0.1114,18.8453,198,22.32, -> mopping floor (22.3%)
frame_001414_clip,-1.0,12.967,8.5179,0.1187,21.6667,198,18.84, -> mopping floor (18.8%)
frame_001415_clip,-1.0,10.2844,8.4957,0.1173,18.9609,198,22.34, -> mopping floor (22.3%)
frame_001416_clip,-1.0,15.2685,8.7063,0.115,24.1527,198,21.19, -> mopping floor (21.2%)
frame_001417_clip,-1.0,10.6224,9.0451,0.1142,19.8461,198,16.94, -> mopping floor (16.9%)
frame_001418_clip,-1.0,12.8685,8.5993,0.1165,21.6472,200,18.37, -> moving furniture (18.4%)
frame_001419_clip,-1.0,13.2288,8.5144,0.1198,21.9269,200,19.72, -> moving furniture (19.7%)
frame_001420_clip,-1.0,16.0905,8.489,0.1106,24.7528,200,21.3, -> moving furniture (21.3%)
frame_001421_clip,-1.0,10.0748,8.5537,0.1154,18.8072,200,18.86, -> moving furniture (18.9%)
frame_001422_clip,-1.0,13.5202,8.5857,0.1122,22.2838,200,17.6, -> moving furniture (17.6%)
frame_001423_clip,-1.0,13.8038,13.0071,0.2018,27.1197,200,23.72, -> moving furniture (23.7%)
frame_001424_clip,-1.0,14.8416,11.1333,0.1167,26.156,200,23.66, -> moving furniture (23.7%)
frame_001425_clip,-1.0,10.7042,8.6442,0.1183,19.5392,200,12.38, -> moving furniture (12.4%)
frame_001426_clip,-1.0,16.545,8.5608,0.1177,25.2861,157,18.11, -> hoverboarding (18.1%)
frame_001427_clip,-1.0,10.6653,8.4968,0.1158,19.3398,157,11.97, -> hoverboarding (12.0%)
frame_001428_clip,-1.0,13.6766,8.7069,0.1204,22.5677,157,10.94, -> hoverboarding (10.9%)
frame_001429_clip,-1.0,9.9607,8.593,0.1123,18.7272,157,13.92, -> hoverboarding (13.9%)
frame_001430_clip,-1.0,11.7696,8.3933,0.1222,20.3483,157,18.52, -> hoverboarding (18.5%)
frame_001431_clip,-1.0,10.1271,9.9762,0.1154,20.2812,157,14.55, -> hoverboarding (14.6%)
frame_001432_clip,-1.0,13.2133,8.4976,0.1147,21.8922,157,17.82, -> hoverboarding (17.8%)
frame_001433_clip,-1.0,11.1929,8.3555,0.1168,19.7282,374,20.39, -> using remote controller (not gaming) (20.4%)
frame_001434_clip,-1.0,14.4362,8.5122,0.1094,23.1206,374,19.0, -> using remote controller (not gaming) (19.0%)
frame_001435_clip,-1.0,13.5545,8.3011,0.1134,22.034,157,12.75, -> hoverboarding (12.8%)
frame_001436_clip,-1.0,14.7115,8.7672,0.1186,23.6633,157,12.09, -> hoverboarding (12.1%)
frame_001437_clip,-1.0,9.9503,8.4237,0.1145,18.5527,152,20.35, -> high kick (20.4%)
frame_001438_clip,-1.0,12.3122,9.6302,0.1069,22.1134,152,21.63, -> high kick (21.6%)
frame_001439_clip,-1.0,12.7948,12.9546,0.1179,25.9305,152,29.21, -> high kick (29.2%)
frame_001440_clip,-1.0,12.2915,10.9532,0.119,23.4282,152,31.37, -> high kick (31.4%)
frame_001441_clip,-1.0,10.874,8.6523,0.1146,19.7034,152,27.96, -> high kick (28.0%)
frame_001442_clip,-1.0,14.08,8.7082,0.1087,22.9592,152,23.33, -> high kick (23.3%)
frame_001443_clip,-1.0,12.7963,8.4359,0.1154,21.4111,152,18.69, -> high kick (18.7%)
frame_001444_clip,-1.0,13.5327,10.9619,0.1155,24.6721,152,11.58, -> high kick (11.6%)
frame_001445_clip,-1.0,10.5017,8.52,0.1169,19.2018,152,13.35, -> high kick (13.4%)
frame_001446_clip,-1.0,13.2346,8.438,0.1152,21.8532,302,11.08, -> side kick (11.1%)
frame_001447_clip,-1.0,13.2457,8.541,0.1133,21.9632,302,9.89, -> side kick (9.9%)
frame_001448_clip,-1.0,13.1948,8.4168,0.1144,21.7891,302,10.26, -> side kick (10.3%)
frame_001449_clip,-1.0,10.4385,8.3436,0.1099,18.956,305,8.97, -> situp (9.0%)
frame_001450_clip,-1.0,14.5231,8.5026,0.1146,23.2034,305,7.71, -> situp (7.7%)
frame_001451_clip,-1.0,11.5985,8.4506,0.1131,20.2231,375,7.59, -> using segway (7.6%)
frame_001452_clip,-1.0,16.3129,8.4647,0.1138,24.9567,302,7.34, -> side kick (7.3%)
frame_001453_clip,-1.0,10.2546,8.4514,0.1165,18.8857,157,8.75, -> hoverboarding (8.8%)
frame_001454_clip,-1.0,15.4247,8.2509,0.1294,23.8698,260,9.5, -> push up (9.5%)
frame_001455_clip,-1.0,10.4384,8.3729,0.1125,18.9857,260,6.13, -> push up (6.1%)
frame_001456_clip,-1.0,13.4969,8.1932,0.1154,21.8695,302,6.78, -> side kick (6.8%)
frame_001457_clip,-1.0,12.9313,8.3983,0.1127,21.5055,302,8.95, -> side kick (8.9%)
frame_001458_clip,-1.0,10.4944,8.5214,0.1092,19.1882,302,10.38, -> side kick (10.4%)
frame_001459_clip,-1.0,11.6055,8.5772,0.1146,20.3609,302,15.15, -> side kick (15.1%)
frame_001460_clip,-1.0,13.1809,8.6528,0.1345,22.0379,302,23.38, -> side kick (23.4%)
frame_001461_clip,-1.0,12.8482,8.5686,0.1138,21.5965,302,31.25, -> side kick (31.2%)
frame_001462_clip,-1.0,10.3903,12.401,0.1172,22.9711,302,22.43, -> side kick (22.4%)
frame_001463_clip,-1.0,10.4227,8.4566,0.1129,19.0547,41,11.53, -> busking (11.5%)
frame_001464_clip,-1.0,14.9323,8.8117,0.1168,23.9247,302,9.94, -> side kick (9.9%)
frame_001465_clip,-1.0,10.4604,8.4899,0.1192,19.1327,41,25.26, -> busking (25.3%)
frame_001466_clip,-1.0,15.0114,8.5714,0.1255,23.7742,41,13.19, -> busking (13.2%)
frame_001467_clip,-1.0,10.5447,8.396,0.1147,19.1177,275,14.36, -> riding unicycle (14.4%)
frame_001468_clip,-1.0,10.3308,13.1702,0.2008,23.8109,275,13.82, -> riding unicycle (13.8%)
frame_001469_clip,-1.0,10.3956,8.5153,0.1155,19.0892,60,17.49, -> cleaning floor (17.5%)
frame_001470_clip,-1.0,13.0902,11.3446,0.1157,24.6147,60,31.78, -> cleaning floor (31.8%)
frame_001471_clip,-1.0,12.4216,13.3192,0.1187,25.9232,60,27.82, -> cleaning floor (27.8%)
frame_001472_clip,-1.0,13.6992,9.4847,0.1078,23.3548,60,14.65, -> cleaning floor (14.7%)
frame_001473_clip,-1.0,10.6116,8.4279,0.1153,19.2181,275,11.9, -> riding unicycle (11.9%)
frame_001474_clip,-1.0,14.6739,8.6735,0.12,23.5326,60,11.44, -> cleaning floor (11.4%)
frame_001475_clip,-1.0,10.4283,8.4805,0.1152,19.0875,60,17.8, -> cleaning floor (17.8%)
frame_001476_clip,-1.0,13.2726,12.0128,0.1128,25.4631,60,17.58, -> cleaning floor (17.6%)
frame_001477_clip,-1.0,10.6826,8.3054,0.1116,19.1631,60,20.51, -> cleaning floor (20.5%)
frame_001478_clip,-1.0,10.6504,9.4492,0.1151,20.2772,60,18.12, -> cleaning floor (18.1%)
frame_001479_clip,-1.0,10.8,8.3542,0.117,19.3355,60,20.63, -> cleaning floor (20.6%)
frame_001480_clip,-1.0,14.1969,11.355,0.1101,25.7242,60,24.61, -> cleaning floor (24.6%)
frame_001481_clip,-1.0,13.5176,8.6653,0.1184,22.3649,60,26.6, -> cleaning floor (26.6%)
frame_001482_clip,-1.0,15.7322,8.7448,0.1154,24.6568,60,17.05, -> cleaning floor (17.1%)
frame_001483_clip,-1.0,10.3544,8.6179,0.1149,19.1532,60,18.85, -> cleaning floor (18.9%)
frame_001484_clip,-1.0,10.343,8.599,0.1138,19.1176,60,14.18, -> cleaning floor (14.2%)
frame_001485_clip,-1.0,11.6788,8.5941,0.1157,20.4522,60,18.47, -> cleaning floor (18.5%)
frame_001486_clip,-1.0,13.5854,8.6737,0.1194,22.4412,60,13.53, -> cleaning floor (13.5%)
frame_001487_clip,-1.0,10.3702,8.4664,0.1299,19.0301,60,9.42, -> cleaning floor (9.4%)
frame_001488_clip,-1.0,14.4217,8.5411,0.1164,23.1428,60,9.44, -> cleaning floor (9.4%)
frame_001489_clip,-1.0,10.5427,8.4509,0.115,19.1714,60,13.58, -> cleaning floor (13.6%)
frame_001490_clip,-1.0,15.3122,8.576,0.1251,24.0771,60,13.76, -> cleaning floor (13.8%)
frame_001491_clip,-1.0,12.7494,8.626,0.1213,21.5584,60,12.77, -> cleaning floor (12.8%)
frame_001492_clip,-1.0,15.8295,8.8038,0.1234,24.8192,60,13.11, -> cleaning floor (13.1%)
frame_001493_clip,-1.0,10.6445,8.4779,0.116,19.3001,60,15.42, -> cleaning floor (15.4%)
frame_001494_clip,-1.0,11.2188,8.5056,0.1184,19.9085,60,10.46, -> cleaning floor (10.5%)
frame_001495_clip,-1.0,10.4842,8.5405,0.1205,19.2096,200,10.86, -> moving furniture (10.9%)
frame_001496_clip,-1.0,13.254,8.6741,0.1154,22.1068,200,10.75, -> moving furniture (10.7%)
frame_001497_clip,-1.0,10.4234,8.5379,0.1151,19.1384,60,10.38, -> cleaning floor (10.4%)
frame_001498_clip,-1.0,12.615,8.4385,0.1215,21.239,200,11.09, -> moving furniture (11.1%)
frame_001499_clip,-1.0,12.0793,8.5113,0.1132,20.7701,60,18.11, -> cleaning floor (18.1%)
frame_001500_clip,-1.0,10.5829,9.0336,0.1172,19.7968,200,17.94, -> moving furniture (17.9%)
frame_001501_clip,-1.0,11.7559,8.6092,0.1149,20.5436,200,17.59, -> moving furniture (17.6%)
frame_001502_clip,-1.0,11.1577,8.6569,0.112,19.9909,200,17.17, -> moving furniture (17.2%)
frame_001503_clip,-1.0,10.4615,8.5525,0.1194,19.1964,200,12.77, -> moving furniture (12.8%)
frame_001504_clip,-1.0,12.1347,8.4678,0.1097,20.7753,60,15.87, -> cleaning floor (15.9%)
frame_001505_clip,-1.0,13.1846,8.6618,0.1198,22.031,60,18.94, -> cleaning floor (18.9%)
frame_001506_clip,-1.0,14.3352,8.7248,0.1132,23.2373,60,19.86, -> cleaning floor (19.9%)
frame_001507_clip,-1.0,10.9073,8.7643,0.1257,19.8604,60,13.98, -> cleaning floor (14.0%)
frame_001508_clip,-1.0,11.192,8.4509,0.1118,19.8189,200,17.68, -> moving furniture (17.7%)
frame_001509_clip,-1.0,11.4024,8.5424,0.1195,20.1253,60,20.76, -> cleaning floor (20.8%)
frame_001510_clip,-1.0,11.1652,8.4837,0.1138,19.8236,200,20.06, -> moving furniture (20.1%)
frame_001511_clip,-1.0,11.1418,8.2091,0.1115,19.5253,200,16.96, -> moving furniture (17.0%)
frame_001512_clip,-1.0,15.8642,8.7823,0.1281,24.8387,200,18.57, -> moving furniture (18.6%)
frame_001513_clip,-1.0,12.7586,8.2076,0.1113,21.1531,60,19.43, -> cleaning floor (19.4%)
frame_001514_clip,-1.0,12.5676,8.8268,0.1398,21.5987,200,23.14, -> moving furniture (23.1%)
frame_001515_clip,-1.0,13.0519,8.376,0.1066,21.5964,200,21.69, -> moving furniture (21.7%)
frame_001516_clip,-1.0,13.9417,8.4266,0.1073,22.5426,200,23.02, -> moving furniture (23.0%)
frame_001517_clip,-1.0,10.3069,8.716,0.1054,19.19,60,18.55, -> cleaning floor (18.5%)
frame_001518_clip,-1.0,13.0915,8.4571,0.1569,21.7688,200,14.7, -> moving furniture (14.7%)
frame_001519_clip,-1.0,10.9303,8.4945,0.1113,19.5985,60,17.79, -> cleaning floor (17.8%)
frame_001520_clip,-1.0,15.4213,8.4495,0.1484,24.0845,200,14.23, -> moving furniture (14.2%)
frame_001521_clip,-1.0,10.7801,8.308,0.1119,19.2628,60,15.87, -> cleaning floor (15.9%)
frame_001522_clip,-1.0,11.3631,8.4862,0.111,20.0239,200,17.42, -> moving furniture (17.4%)
frame_001523_clip,-1.0,12.4552,8.4403,0.1401,21.101,200,11.38, -> moving furniture (11.4%)
frame_001524_clip,-1.0,13.5302,8.524,0.147,22.2644,200,8.61, -> moving furniture (8.6%)
frame_001525_clip,-1.0,10.5585,8.2792,0.1117,19.0126,230,9.61, -> playing drums (9.6%)
frame_001526_clip,-1.0,12.5239,8.3882,0.1076,21.0836,230,9.22, -> playing drums (9.2%)
frame_001527_clip,-1.0,12.5697,8.36,0.1137,21.1063,230,12.16, -> playing drums (12.2%)
frame_001528_clip,-1.0,11.2156,8.5038,0.1105,19.8952,200,10.85, -> moving furniture (10.8%)
frame_001529_clip,-1.0,11.4086,8.4252,0.1118,20.0081,230,10.13, -> playing drums (10.1%)
frame_001530_clip,-1.0,12.491,8.1073,0.1202,20.7828,24,7.13, -> blowing glass (7.1%)
frame_001531_clip,-1.0,10.9438,8.2088,0.1095,19.3302,230,15.16, -> playing drums (15.2%)
frame_001532_clip,-1.0,12.3954,8.3584,0.1149,20.9308,230,21.99, -> playing drums (22.0%)
frame_001533_clip,-1.0,10.8877,8.5098,0.118,19.5769,230,17.38, -> playing drums (17.4%)
frame_001534_clip,-1.0,11.3661,8.4002,0.1151,19.9445,230,19.02, -> playing drums (19.0%)
frame_001535_clip,-1.0,11.4487,8.2675,0.1124,19.8931,230,18.72, -> playing drums (18.7%)
frame_001536_clip,-1.0,13.551,8.5632,0.1243,22.3047,230,20.32, -> playing drums (20.3%)
frame_001537_clip,-1.0,10.8007,8.355,0.1134,19.3334,230,29.65, -> playing drums (29.6%)
frame_001538_clip,-1.0,12.2461,11.1166,0.1156,23.5429,230,27.21, -> playing drums (27.2%)
frame_001539_clip,-1.0,10.7688,8.6231,0.1128,19.5683,230,28.74, -> playing drums (28.7%)
frame_001540_clip,-1.0,13.0963,8.4526,0.1166,21.7339,230,18.59, -> playing drums (18.6%)
frame_001541_clip,-1.0,13.5961,10.2654,0.1107,24.0373,230,30.22, -> playing drums (30.2%)
frame_001542_clip,-1.0,13.7378,9.6903,0.102,23.5939,230,27.25, -> playing drums (27.2%)
frame_001543_clip,-1.0,11.6026,8.7209,0.1096,20.4958,230,27.25, -> playing drums (27.3%)
frame_001544_clip,-1.0,13.7982,9.0708,0.1129,23.0468,230,21.93, -> playing drums (21.9%)
frame_001545_clip,-1.0,11.1603,8.3855,0.1065,19.7154,230,27.98, -> playing drums (28.0%)
frame_001546_clip,-1.0,13.7922,8.1837,0.114,22.1549,230,25.51, -> playing drums (25.5%)
frame_001547_clip,-1.0,11.0224,8.3889,0.1114,19.5876,230,32.07, -> playing drums (32.1%)
frame_001548_clip,-1.0,13.1061,8.2651,0.1083,21.5421,230,29.72, -> playing drums (29.7%)
frame_001549_clip,-1.0,11.5917,8.1387,0.1092,19.9032,230,40.48, -> playing drums (40.5%)
frame_001550_clip,-1.0,12.3353,9.2262,0.1157,21.7411,230,39.53, -> playing drums (39.5%)
frame_001551_clip,-1.0,11.0206,11.523,0.1232,22.7292,230,31.7, -> playing drums (31.7%)
frame_001552_clip,-1.0,12.2417,11.604,0.1129,24.0205,230,34.3, -> playing drums (34.3%)
frame_001553_clip,-1.0,12.9714,8.5841,0.118,21.7373,230,39.63, -> playing drums (39.6%)
frame_001554_clip,-1.0,11.153,8.3923,0.1319,19.7416,230,32.41, -> playing drums (32.4%)
frame_001555_clip,-1.0,11.1213,8.3705,0.1125,19.6676,230,34.0, -> playing drums (34.0%)
frame_001556_clip,-1.0,13.6304,8.4186,0.1101,22.2232,230,31.56, -> playing drums (31.6%)
frame_001557_clip,-1.0,10.6517,8.3492,0.1092,19.1733,230,39.27, -> playing drums (39.3%)
frame_001558_clip,-1.0,11.1002,8.161,0.1117,19.4354,230,26.71, -> playing drums (26.7%)
frame_001559_clip,-1.0,10.4575,8.2221,0.1125,18.8505,230,25.75, -> playing drums (25.8%)
frame_001560_clip,-1.0,12.1132,11.4616,0.1127,23.7508,230,18.49, -> playing drums (18.5%)
frame_001561_clip,-1.0,12.5807,8.4834,0.1187,21.247,230,20.53, -> playing drums (20.5%)
frame_001562_clip,-1.0,11.6753,8.3488,0.1108,20.1957,230,20.28, -> playing drums (20.3%)
frame_001563_clip,-1.0,11.4254,8.2577,0.1148,19.8612,230,19.9, -> playing drums (19.9%)
frame_001564_clip,-1.0,11.2414,9.9614,0.1113,21.3775,200,18.46, -> moving furniture (18.5%)
frame_001565_clip,-1.0,11.217,8.5056,0.1376,19.9228,19,19.94, -> bench pressing (19.9%)
frame_001566_clip,-1.0,12.5331,9.6197,0.111,22.3275,19,15.9, -> bench pressing (15.9%)
frame_001567_clip,-1.0,10.7378,8.3607,0.1065,19.268,330,18.4, -> squat (18.4%)
frame_001568_clip,-1.0,13.7697,8.2376,0.1163,22.1866,330,23.9, -> squat (23.9%)
frame_001569_clip,-1.0,10.7923,8.5708,0.1638,19.5903,330,24.33, -> squat (24.3%)
frame_001570_clip,-1.0,12.4233,11.7571,0.111,24.3552,330,27.65, -> squat (27.7%)
frame_001571_clip,-1.0,10.7442,8.4749,0.1164,19.3975,330,23.12, -> squat (23.1%)
frame_001572_clip,-1.0,11.132,8.373,0.1127,19.6806,330,30.78, -> squat (30.8%)
frame_001573_clip,-1.0,11.3428,8.2138,0.1148,19.7354,330,26.36, -> squat (26.4%)
frame_001574_clip,-1.0,13.6479,8.3843,0.1066,22.2017,330,27.25, -> squat (27.2%)
frame_001575_clip,-1.0,14.113,11.7957,0.1109,26.0842,330,31.31, -> squat (31.3%)
frame_001576_clip,-1.0,11.6573,8.3956,0.1103,20.2282,330,24.66, -> squat (24.7%)
frame_001577_clip,-1.0,10.9167,8.0658,0.1141,19.1594,19,26.9, -> bench pressing (26.9%)
frame_001578_clip,-1.0,12.4671,8.4625,0.1148,21.1078,19,26.85, -> bench pressing (26.8%)
frame_001579_clip,-1.0,13.1562,8.5636,0.1156,21.8981,19,20.11, -> bench pressing (20.1%)
frame_001580_clip,-1.0,10.8078,8.342,0.1406,19.3543,19,35.73, -> bench pressing (35.7%)
frame_001581_clip,-1.0,11.3293,12.7791,0.1142,24.2855,19,31.68, -> bench pressing (31.7%)
frame_001582_clip,-1.0,10.9667,9.4987,0.1116,20.638,19,34.2, -> bench pressing (34.2%)
frame_001583_clip,-1.0,12.4457,12.4476,0.1132,25.0684,19,32.86, -> bench pressing (32.9%)
frame_001584_clip,-1.0,11.3768,8.2836,0.1135,19.8353,19,37.15, -> bench pressing (37.2%)
frame_001585_clip,-1.0,11.1291,10.3836,0.1169,21.6917,19,30.33, -> bench pressing (30.3%)
frame_001586_clip,-1.0,11.2661,8.3785,0.1133,19.8191,200,28.23, -> moving furniture (28.2%)
frame_001587_clip,-1.0,11.2683,8.4612,0.1147,19.9073,200,29.78, -> moving furniture (29.8%)
frame_001588_clip,-1.0,12.9893,8.0478,0.1209,21.2205,200,27.48, -> moving furniture (27.5%)
frame_001589_clip,-1.0,11.1584,12.2846,0.116,23.623,200,23.85, -> moving furniture (23.9%)
frame_001590_clip,-1.0,11.5333,8.2249,0.1135,19.9366,200,19.68, -> moving furniture (19.7%)
frame_001591_clip,-1.0,12.3841,10.0577,0.1111,22.6164,200,20.44, -> moving furniture (20.4%)
frame_001592_clip,-1.0,11.3258,8.5596,0.1118,20.0607,200,25.01, -> moving furniture (25.0%)
frame_001593_clip,-1.0,11.1835,8.5446,0.1176,19.911,19,19.43, -> bench pressing (19.4%)
frame_001594_clip,-1.0,12.3042,8.697,0.1263,21.1914,19,26.06, -> bench pressing (26.1%)
frame_001595_clip,-1.0,11.1614,9.789,0.1135,21.1263,19,26.61, -> bench pressing (26.6%)
frame_001596_clip,-1.0,13.5216,8.3766,0.109,22.0711,200,22.86, -> moving furniture (22.9%)
frame_001597_clip,-1.0,13.2053,8.2851,0.1138,21.6675,223,18.81, -> playing cello (18.8%)
frame_001598_clip,-1.0,12.4997,8.4941,0.1105,21.1695,200,21.42, -> moving furniture (21.4%)
frame_001599_clip,-1.0,13.3159,8.459,0.1151,21.9507,223,24.59, -> playing cello (24.6%)
frame_001600_clip,-1.0,10.9454,8.3825,0.1165,19.5087,223,19.65, -> playing cello (19.7%)
frame_001601_clip,-1.0,10.9587,9.2107,0.1152,20.3477,223,26.4, -> playing cello (26.4%)
frame_001602_clip,-1.0,15.8923,8.4395,0.1085,24.5034,223,22.88, -> playing cello (22.9%)
frame_001603_clip,-1.0,13.5574,8.2563,0.1166,21.9945,223,41.86, -> playing cello (41.9%)
frame_001604_clip,-1.0,11.226,8.4673,0.1116,19.8688,223,33.97, -> playing cello (34.0%)
frame_001605_clip,-1.0,11.3031,9.6139,0.1147,21.0981,223,34.97, -> playing cello (35.0%)
frame_001606_clip,-1.0,14.148,8.3716,0.1127,22.6953,223,33.21, -> playing cello (33.2%)
frame_001607_clip,-1.0,10.6741,8.3749,0.1136,19.2242,223,31.36, -> playing cello (31.4%)
frame_001608_clip,-1.0,11.3922,8.2527,0.1116,19.8182,223,21.72, -> playing cello (21.7%)
frame_001609_clip,-1.0,11.0205,10.7367,0.1115,21.9318,223,22.53, -> playing cello (22.5%)
frame_001610_clip,-1.0,14.9296,8.4198,0.1117,23.5259,223,21.29, -> playing cello (21.3%)
frame_001611_clip,-1.0,14.0052,9.153,0.1139,23.3348,223,20.77, -> playing cello (20.8%)
frame_001612_clip,-1.0,12.421,8.8652,0.118,21.4667,223,17.49, -> playing cello (17.5%)
frame_001613_clip,-1.0,11.003,8.3427,0.1151,19.5261,223,12.42, -> playing cello (12.4%)
frame_001614_clip,-1.0,14.6352,8.3173,0.1151,23.1327,200,16.1, -> moving furniture (16.1%)
frame_001615_clip,-1.0,12.9829,8.3537,0.114,21.5136,200,10.39, -> moving furniture (10.4%)
frame_001616_clip,-1.0,16.0463,8.4338,0.1192,24.6631,266,8.74, -> recording music (8.7%)
frame_001617_clip,-1.0,11.143,8.1973,0.1097,19.5142,266,9.39, -> recording music (9.4%)
frame_001618_clip,-1.0,11.3901,8.6751,0.1144,20.2432,266,8.37, -> recording music (8.4%)
frame_001619_clip,-1.0,11.3985,8.5036,0.1136,20.0766,373,8.52, -> using computer (8.5%)
frame_001620_clip,-1.0,14.5485,8.4139,0.1122,23.1388,382,6.09, -> washing hands (6.1%)
frame_001621_clip,-1.0,11.423,8.4933,0.1124,20.0914,200,5.62, -> moving furniture (5.6%)
frame_001622_clip,-1.0,12.748,8.2071,0.1157,21.1371,129,9.23, -> flipping pancake (9.2%)
frame_001623_clip,-1.0,11.064,8.213,0.1095,19.4489,129,11.15, -> flipping pancake (11.2%)
frame_001624_clip,-1.0,11.0309,8.3519,0.1104,19.5566,129,10.62, -> flipping pancake (10.6%)
frame_001625_clip,-1.0,11.4365,8.9197,0.1107,20.5299,129,7.04, -> flipping pancake (7.0%)
frame_001626_clip,-1.0,10.6637,8.4892,0.1193,19.3358,129,7.86, -> flipping pancake (7.9%)
frame_001627_clip,-1.0,11.4951,8.423,0.1146,20.0951,382,7.92, -> washing hands (7.9%)
frame_001628_clip,-1.0,11.4232,8.3869,0.1154,19.9887,200,8.74, -> moving furniture (8.7%)
frame_001629_clip,-1.0,11.1114,8.2536,0.1177,19.5468,129,7.34, -> flipping pancake (7.3%)
frame_001630_clip,-1.0,11.1594,8.3645,0.1184,19.705,129,10.69, -> flipping pancake (10.7%)
frame_001631_clip,-1.0,11.1447,8.5599,0.1155,19.8836,374,7.84, -> using remote controller (not gaming) (7.8%)
frame_001632_clip,-1.0,10.714,8.395,0.1209,19.2924,374,10.15, -> using remote controller (not gaming) (10.2%)
frame_001633_clip,-1.0,11.4132,8.2588,0.1158,19.85,129,12.72, -> flipping pancake (12.7%)
frame_001634_clip,-1.0,11.4434,8.2907,0.1134,19.9111,129,13.21, -> flipping pancake (13.2%)
frame_001635_clip,-1.0,11.176,8.2146,0.1117,19.5649,129,11.51, -> flipping pancake (11.5%)
frame_001636_clip,-1.0,11.4315,8.357,0.1116,19.9614,129,10.77, -> flipping pancake (10.8%)
frame_001637_clip,-1.0,11.4797,11.7163,0.1107,23.3701,129,9.53, -> flipping pancake (9.5%)
frame_001638_clip,-1.0,11.5966,8.3842,0.1098,20.16,374,13.24, -> using remote controller (not gaming) (13.2%)
frame_001639_clip,-1.0,11.1376,12.4103,0.1221,23.7325,374,11.31, -> using remote controller (not gaming) (11.3%)
frame_001640_clip,-1.0,11.2177,8.5316,0.1192,19.9319,374,9.86, -> using remote controller (not gaming) (9.9%)
frame_001641_clip,-1.0,11.2391,8.2026,0.1129,19.6183,374,10.72, -> using remote controller (not gaming) (10.7%)
frame_001642_clip,-1.0,11.028,8.5021,0.1133,19.705,374,12.65, -> using remote controller (not gaming) (12.7%)
frame_001643_clip,-1.0,11.3494,8.2869,0.1121,19.8107,374,14.0, -> using remote controller (not gaming) (14.0%)
frame_001644_clip,-1.0,11.4063,8.3341,0.1132,19.9177,284,13.25, -> sanding floor (13.3%)
frame_001645_clip,-1.0,11.3648,8.2491,0.1158,19.7917,284,10.69, -> sanding floor (10.7%)
frame_001646_clip,-1.0,11.2928,8.2986,0.1122,19.768,284,10.6, -> sanding floor (10.6%)
frame_001647_clip,-1.0,11.5424,8.5068,0.1443,20.2568,284,16.01, -> sanding floor (16.0%)
frame_001648_clip,-1.0,11.3839,8.3982,0.116,19.9597,284,10.19, -> sanding floor (10.2%)
frame_001649_clip,-1.0,11.0248,12.5865,0.1176,23.7933,129,10.33, -> flipping pancake (10.3%)
frame_001650_clip,-1.0,11.4663,8.5265,0.1136,20.1698,284,13.64, -> sanding floor (13.6%)
frame_001651_clip,-1.0,11.4752,8.5351,0.1227,20.197,129,17.3, -> flipping pancake (17.3%)
frame_001652_clip,-1.0,11.044,8.3514,0.1172,19.5754,129,20.55, -> flipping pancake (20.5%)
frame_001653_clip,-1.0,10.8684,8.3707,0.1121,19.414,129,15.93, -> flipping pancake (15.9%)
frame_001654_clip,-1.0,11.2165,8.1565,0.1085,19.544,129,11.67, -> flipping pancake (11.7%)
frame_001655_clip,-1.0,11.2908,8.2314,0.1114,19.6965,129,15.28, -> flipping pancake (15.3%)
frame_001656_clip,-1.0,11.5585,8.1916,0.1134,19.9255,129,16.87, -> flipping pancake (16.9%)
frame_001657_clip,-1.0,11.2656,8.4303,0.1116,19.8716,129,18.63, -> flipping pancake (18.6%)
frame_001658_clip,-1.0,11.5547,8.2922,0.1111,20.0225,284,14.83, -> sanding floor (14.8%)
frame_001659_clip,-1.0,11.3022,8.35,0.1128,19.8276,284,15.19, -> sanding floor (15.2%)
frame_001660_clip,-1.0,11.1687,8.2876,0.1129,19.6309,302,14.03, -> side kick (14.0%)
frame_001661_clip,-1.0,11.4007,8.2003,0.1131,19.7766,129,12.15, -> flipping pancake (12.2%)
frame_001662_clip,-1.0,11.3368,8.558,0.1555,20.1155,284,17.34, -> sanding floor (17.3%)
frame_001663_clip,-1.0,12.7864,10.5938,0.1103,23.5564,284,16.65, -> sanding floor (16.6%)
frame_001664_clip,-1.0,11.2359,8.473,0.1183,19.8892,302,22.4, -> side kick (22.4%)
frame_001665_clip,-1.0,11.2577,8.4282,0.1122,19.8618,129,13.98, -> flipping pancake (14.0%)
frame_001666_clip,-1.0,11.2102,8.5354,0.1145,19.923,302,19.92, -> side kick (19.9%)
frame_001667_clip,-1.0,11.0979,8.4082,0.1127,19.6817,129,17.67, -> flipping pancake (17.7%)
frame_001668_clip,-1.0,10.9556,8.3498,0.1119,19.4799,129,29.52, -> flipping pancake (29.5%)
frame_001669_clip,-1.0,11.1049,8.4816,0.1127,19.7636,129,41.96, -> flipping pancake (42.0%)
frame_001670_clip,-1.0,11.336,8.6891,0.1224,20.2049,129,29.56, -> flipping pancake (29.6%)
frame_001671_clip,-1.0,10.457,8.4124,0.12,19.0458,129,30.2, -> flipping pancake (30.2%)
frame_001672_clip,-1.0,9.2802,8.2269,0.1179,17.6826,129,31.57, -> flipping pancake (31.6%)
frame_001673_clip,-1.0,10.6033,8.4697,0.1181,19.2432,129,31.93, -> flipping pancake (31.9%)
frame_001674_clip,-1.0,9.1852,8.3127,0.1177,17.6729,129,19.06, -> flipping pancake (19.1%)
frame_001675_clip,-1.0,10.1266,8.3023,0.1198,18.6073,129,25.74, -> flipping pancake (25.7%)
frame_001676_clip,-1.0,10.1824,8.7244,0.1214,19.0858,129,29.17, -> flipping pancake (29.2%)
frame_001677_clip,-1.0,10.8423,8.635,0.1175,19.6542,129,31.31, -> flipping pancake (31.3%)
frame_001678_clip,-1.0,10.0259,8.3396,0.1122,18.5355,129,29.13, -> flipping pancake (29.1%)
frame_001679_clip,-1.0,10.2508,8.2552,0.1163,18.6796,129,26.13, -> flipping pancake (26.1%)
frame_001680_clip,-1.0,9.2481,8.0978,0.1206,17.5224,129,13.39, -> flipping pancake (13.4%)
frame_001681_clip,-1.0,9.8901,8.6734,0.1146,18.7355,302,9.88, -> side kick (9.9%)
frame_001682_clip,-1.0,10.335,8.5263,0.1163,19.0329,129,14.39, -> flipping pancake (14.4%)
frame_001683_clip,-1.0,9.7562,12.7411,0.1198,22.6749,129,15.0, -> flipping pancake (15.0%)
frame_001684_clip,-1.0,9.8255,8.4697,0.1219,18.4737,129,15.64, -> flipping pancake (15.6%)
frame_001685_clip,-1.0,10.5555,8.8953,0.1187,19.6299,129,11.42, -> flipping pancake (11.4%)
frame_001686_clip,-1.0,10.0677,8.6249,0.1324,18.8825,129,9.3, -> flipping pancake (9.3%)
frame_001687_clip,-1.0,10.4509,8.8776,0.1188,19.5049,129,9.19, -> flipping pancake (9.2%)
frame_001688_clip,-1.0,10.3075,8.3512,0.1259,18.8439,266,8.77, -> recording music (8.8%)
frame_001689_clip,-1.0,9.5759,11.5707,0.1453,21.3498,398,11.58, -> yoga (11.6%)
frame_001690_clip,-1.0,9.5235,8.4898,0.1191,18.1891,19,14.84, -> bench pressing (14.8%)
frame_001691_clip,-1.0,10.523,8.2648,0.1177,18.9692,398,11.96, -> yoga (12.0%)
frame_001692_clip,-1.0,10.1007,8.0519,0.1113,18.32,398,12.29, -> yoga (12.3%)
frame_001693_clip,-1.0,9.8373,8.2893,0.1163,18.2989,398,13.85, -> yoga (13.8%)
frame_001694_clip,-1.0,9.9531,8.4921,0.164,18.6678,223,9.59, -> playing cello (9.6%)
frame_001695_clip,-1.0,10.2488,8.2655,0.1267,18.702,223,11.98, -> playing cello (12.0%)
frame_001696_clip,-1.0,9.9421,8.5705,0.1415,18.7111,223,10.83, -> playing cello (10.8%)
frame_001697_clip,-1.0,10.6386,11.528,0.1505,22.3759,398,9.96, -> yoga (10.0%)
frame_001698_clip,-1.0,10.1308,8.3108,0.1215,18.6213,398,10.24, -> yoga (10.2%)
frame_001699_clip,-1.0,9.685,8.2163,0.1222,18.0793,19,12.8, -> bench pressing (12.8%)
frame_001700_clip,-1.0,9.954,8.5386,0.1208,18.6723,281,11.46, -> running on treadmill (11.5%)
frame_001701_clip,-1.0,10.5495,8.0949,0.1187,18.8217,398,12.43, -> yoga (12.4%)
frame_001702_clip,-1.0,10.2593,8.2801,0.1438,18.7428,398,17.01, -> yoga (17.0%)
frame_001703_clip,-1.0,10.373,10.6764,0.1221,21.2307,398,14.71, -> yoga (14.7%)
frame_001704_clip,-1.0,10.3471,8.2257,0.1193,18.7493,398,17.79, -> yoga (17.8%)
frame_001705_clip,-1.0,9.9256,8.2135,0.121,18.3172,398,18.55, -> yoga (18.5%)
frame_001706_clip,-1.0,9.5859,12.4612,0.118,22.2218,183,14.88, -> lunge (14.9%)
frame_001707_clip,-1.0,10.1928,12.6917,0.1546,23.0975,398,23.06, -> yoga (23.1%)
frame_001708_clip,-1.0,9.811,12.7027,0.1193,22.6917,183,17.28, -> lunge (17.3%)
frame_001709_clip,-1.0,9.636,13.2159,0.1179,23.0279,398,23.27, -> yoga (23.3%)
frame_001710_clip,-1.0,10.6087,8.226,0.1188,19.0102,398,15.13, -> yoga (15.1%)
frame_001711_clip,-1.0,9.8779,8.3686,0.1176,18.4217,183,13.93, -> lunge (13.9%)
frame_001712_clip,-1.0,10.1425,8.4359,0.1209,18.7556,183,16.94, -> lunge (16.9%)
frame_001713_clip,-1.0,9.8464,8.2999,0.118,18.3217,183,21.38, -> lunge (21.4%)
