filename,ros_data_age_ms,preprocessing_ms,inference_ms,postprocessing_ms,e2e_ms,class_id,confidence,info
frame_000000,-1.0,4.0556,6.1725,4.6053,14.8344,-1,0.0," -> [car (Bottom-Left): 2%, chair (Right): 1%]"
frame_000001,-1.0,4.0772,6.439,4.4555,14.9729,-1,0.0," -> [car (Bottom-Left): 1%, chair (Right): 1%]"
frame_000002,-1.0,4.1056,6.0107,4.4955,14.6131,-1,0.0," -> [car (Bottom-Left): 3%, chair (Right): 2%]"
frame_000003,-1.0,4.0787,6.2459,4.5174,14.8433,-1,0.0," -> [car (Bottom-Left): 3%, chair (Right): 2%]"
frame_000004,-1.0,4.0697,6.0309,4.457,14.5589,-1,0.0," -> [car (Bottom-Left): 1%, chair (Center): 1%]"
frame_000005,-1.0,3.9857,6.4245,4.6439,15.0553,-1,0.0," -> [car (Bottom-Left): 1%, chair (Center): 2%]"
frame_000006,-1.0,4.0902,5.825,4.5317,14.4484,-1,0.0," -> [car (Bottom-Left): 1%, chair (Center): 1%]"
frame_000007,-1.0,4.0516,6.4926,4.3681,14.9134,-1,0.0, -> [chair (Center): 1%]
frame_000008,-1.0,3.9695,5.9525,4.4275,14.3507,-1,0.0, -> [chair (Center): 1%]
frame_000009,-1.0,3.9956,6.5143,4.4668,14.9778,-1,0.0, -> [chair (Center): 1%]
frame_000010,-1.0,4.1002,6.8376,4.3924,15.3315,-1,0.0, -> [chair (Center): 2%]
frame_000011,-1.0,4.0112,7.0732,4.5492,15.6349,-1,0.0, -> [chair (Center): 2%]
frame_000012,-1.0,3.9649,6.5199,4.3845,14.8706,-1,0.0, -> [chair (Center): 2%]
frame_000013,-1.0,4.0676,7.0397,4.5489,15.6574,-1,0.0, -> [chair (Left): 2%]
frame_000014,-1.0,4.0193,6.5066,4.3211,14.8486,-1,0.0, -> [chair (Left): 1%]
frame_000015,-1.0,4.0488,7.0642,4.4593,15.5736,-1,0.0, -> [chair (Left): 2%]
frame_000016,-1.0,4.1777,6.9552,4.4685,15.6027,-1,0.0, -> [chair (Center): 5%]
frame_000017,-1.0,3.2047,6.349,4.5666,14.1214,-1,0.0, -> [chair (Center): 6%]
frame_000018,-1.0,4.1087,6.9894,4.4695,15.5689,-1,0.0, -> [chair (Center): 7%]
frame_000019,-1.0,4.1014,7.0266,4.4491,15.5785,-1,0.0, -> [chair (Center): 7%]
frame_000020,-1.0,3.9951,6.1136,4.3994,14.5095,-1,0.0, -> [chair (Center): 6%]
frame_000021,-1.0,4.1005,6.3059,4.4822,14.8902,-1,0.0, -> [chair (Center): 7%]
frame_000022,-1.0,4.1911,6.5168,4.3184,15.0278,-1,0.0, -> [chair (Center): 6%]
frame_000023,-1.0,4.1198,6.1687,4.5201,14.8101,-1,0.0, -> [chair (Center): 7%]
frame_000024,-1.0,4.164,6.173,4.3225,14.6609,-1,0.0, -> [chair (Center): 5%]
frame_000025,-1.0,3.9888,7.5417,4.5842,16.1169,-1,0.0, -> [chair (Center): 4%]
frame_000026,-1.0,4.0368,6.1629,4.3288,14.5297,-1,0.0, -> [chair (Center): 6%]
frame_000027,-1.0,4.0098,10.283,4.4885,18.7825,-1,0.0, -> [chair (Center): 6%]
frame_000028,-1.0,4.1163,7.3577,4.5228,15.9983,-1,0.0, -> [chair (Center): 6%]
frame_000029,-1.0,2.7705,8.6187,4.4236,15.8137,-1,0.0, -> [chair (Center): 5%]
frame_000030,-1.0,4.0618,6.1889,4.5244,14.7764,-1,0.0, -> [chair (Center): 5%]
frame_000031,-1.0,3.9215,6.1835,4.4639,14.5702,-1,0.0, -> [chair (Center): 7%]
frame_000032,-1.0,4.1208,6.2193,4.4371,14.7785,-1,0.0, -> [chair (Center): 7%]
frame_000033,-1.0,4.1597,6.1309,4.428,14.7199,-1,0.0, -> [chair (Center): 8%]
frame_000034,-1.0,4.0909,6.6569,4.3274,15.0768,-1,0.0, -> [chair (Center): 8%]
frame_000035,-1.0,3.9727,6.2066,4.4386,14.6192,-1,0.0, -> [chair (Center): 8%]
frame_000036,-1.0,3.9548,6.3267,4.3889,14.6718,-1,0.0, -> [chair (Center): 8%]
frame_000037,-1.0,4.1087,6.6059,4.523,15.239,-1,0.0, -> [chair (Center): 8%]
frame_000038,-1.0,4.0399,6.5871,4.3992,15.0275,-1,0.0, -> [chair (Center): 8%]
frame_000039,-1.0,4.091,5.9917,4.5036,14.5877,-1,0.0, -> [chair (Center): 8%]
frame_000040,-1.0,4.0632,6.4568,4.3724,14.8938,-1,0.0, -> [chair (Center): 7%]
frame_000041,-1.0,4.1133,8.2294,4.4112,16.7552,-1,0.0, -> [chair (Center): 8%]
frame_000042,-1.0,4.0348,6.5724,4.4568,15.0656,-1,0.0, -> [chair (Center): 9%]
frame_000043,-1.0,4.1398,6.3848,4.3924,14.9183,-1,0.0, -> [chair (Center): 6%]
frame_000044,-1.0,4.0479,6.2714,4.3635,14.6839,-1,0.0, -> [chair (Center): 7%]
frame_000045,-1.0,4.0472,6.6134,4.4675,15.1294,-1,0.0, -> [chair (Center): 7%]
frame_000046,-1.0,3.872,6.2313,4.5034,14.6081,-1,0.0, -> [chair (Center): 9%]
frame_000047,-1.0,3.8765,6.4817,4.382,14.7417,-1,0.0, -> [chair (Center): 8%]
frame_000048,-1.0,3.5119,6.073,4.3128,13.8989,-1,0.0, -> [chair (Center): 8%]
frame_000049,-1.0,3.9809,6.5985,4.4711,15.0521,-1,0.0, -> [chair (Center): 9%]
frame_000050,-1.0,3.9533,6.3365,4.3774,14.6689,-1,0.0, -> [chair (Center): 7%]
frame_000051,-1.0,3.9734,6.1876,4.4131,14.5756,-1,0.0, -> [chair (Left): 5%]
frame_000052,-1.0,3.9512,8.2193,4.3105,16.4826,-1,0.0, -> [chair (Left): 8%]
frame_000053,-1.0,3.7881,6.2653,4.3493,14.4043,-1,0.0, -> [chair (Left): 5%]
frame_000054,-1.0,3.9597,5.9767,4.2999,14.2381,-1,0.0, -> [chair (Left): 6%]
frame_000055,-1.0,4.1195,5.9522,4.5178,14.5912,-1,0.0, -> [chair (Left): 3%]
frame_000056,-1.0,3.9229,6.6846,4.3499,14.959,-1,0.0, -> [chair (Left): 4%]
frame_000057,-1.0,3.8599,6.1777,4.4388,14.4779,-1,0.0, -> [chair (Left): 3%]
frame_000058,-1.0,4.0546,6.6675,4.2939,15.0176,-1,0.0, -> [chair (Left): 3%]
frame_000059,-1.0,3.1007,6.0866,4.3026,13.4912,-1,0.0, -> [chair (Left): 4%]
frame_000060,-1.0,4.0301,6.3551,4.2531,14.6398,-1,0.0, -> [chair (Left): 6%]
frame_000061,-1.0,4.1553,6.1953,4.3104,14.6625,-1,0.0, -> [chair (Center): 9%]
frame_000062,-1.0,4.0758,5.9159,4.1809,14.1742,-1,0.0, -> [chair (Left): 4%]
frame_000063,-1.0,3.8265,6.1666,4.3077,14.302,-1,0.0, -> [chair (Left): 4%]
frame_000064,-1.0,3.9761,6.2226,4.1967,14.3968,-1,0.0, -> [chair (Left): 4%]
frame_000065,-1.0,3.9605,6.4751,4.2926,14.7293,-1,0.0, -> [chair (Left): 2%]
frame_000066,-1.0,3.9727,6.0906,4.348,14.4126,-1,0.0, -> [chair (Center): 5%]
frame_000067,-1.0,3.7677,5.9812,4.3327,14.0831,-1,0.0, -> [chair (Center): 8%]
frame_000068,-1.0,4.1179,6.1333,4.2324,14.4852,-1,0.0, -> [chair (Left): 3%]
frame_000069,-1.0,3.9301,6.0506,4.3771,14.3592,-1,0.0, -> [chair (Left): 3%]
frame_000070,-1.0,4.256,6.2134,4.1996,14.6703,-1,0.0, -> [chair (Left): 3%]
frame_000071,-1.0,4.0358,6.0872,4.3728,14.4969,-1,0.0, -> [chair (Left): 3%]
frame_000072,-1.0,4.063,6.1786,4.1938,14.4367,-1,0.0, -> [chair (Left): 1%]
frame_000073,-1.0,4.038,6.1946,4.3578,14.592,-1,0.0, -> [chair (Left): 1%]
frame_000074,-1.0,3.812,6.2593,4.1744,14.2467,-1,0.0, -> [chair (Left): 1%]
frame_000075,-1.0,3.8782,6.169,4.0907,14.1392,-1,0.0, -> [background only]
frame_000076,-1.0,3.9575,6.9828,4.1601,15.102,-1,0.0, -> [background only]
frame_000077,-1.0,3.951,6.1703,4.2088,14.3313,-1,0.0, -> [chair (Left): 2%]
frame_000078,-1.0,3.7802,6.2063,4.2449,14.2327,-1,0.0, -> [chair (Left): 1%]
frame_000079,-1.0,4.0296,7.3754,4.1726,15.579,-1,0.0, -> [background only]
frame_000080,-1.0,3.9531,6.0748,4.0527,14.0822,-1,0.0, -> [background only]
frame_000081,-1.0,4.0506,10.7053,4.0434,18.8006,-1,0.0, -> [background only]
frame_000082,-1.0,4.044,6.1207,4.1058,14.2717,-1,0.0, -> [background only]
frame_000083,-1.0,3.9516,6.1432,4.0692,14.1655,-1,0.0, -> [background only]
frame_000084,-1.0,4.1758,5.9742,4.095,14.2467,-1,0.0, -> [background only]
frame_000085,-1.0,3.9998,5.9854,4.3347,14.3212,-1,0.0, -> [chair (Left): 1%]
frame_000086,-1.0,4.1101,6.1232,4.1741,14.4091,-1,0.0, -> [chair (Left): 3%]
frame_000087,-1.0,3.9963,6.7481,4.1958,14.9417,-1,0.0, -> [chair (Left): 2%]
frame_000088,-1.0,2.9798,6.3046,4.2596,13.5455,-1,0.0, -> [chair (Left): 2%]
frame_000089,-1.0,4.0161,6.4299,4.1247,14.5722,-1,0.0, -> [chair (Left): 3%]
frame_000090,-1.0,4.0943,5.8686,4.0866,14.0509,-1,0.0, -> [chair (Left): 2%]
frame_000091,-1.0,3.9125,7.0818,4.3417,15.3379,-1,0.0, -> [chair (Left): 6%]
frame_000092,-1.0,4.0808,6.1991,4.2881,14.5696,-1,0.0, -> [chair (Center): 9%]
frame_000093,-1.0,3.9521,6.3924,4.4073,14.753,-1,0.0, -> [chair (Left): 2%]
frame_000094,-1.0,3.923,10.4368,4.2773,18.6387,-1,0.0, -> [chair (Left): 4%]
frame_000095,-1.0,2.8079,6.0971,4.2624,13.1683,-1,0.0, -> [chair (Left): 3%]
frame_000096,-1.0,4.1334,6.005,4.2937,14.4337,-1,0.0, -> [chair (Left): 4%]
frame_000097,-1.0,3.9222,10.4857,4.312,18.7213,-1,0.0, -> [chair (Left): 4%]
frame_000098,-1.0,3.9559,6.4451,4.1504,14.5525,-1,0.0, -> [chair (Left): 4%]
frame_000099,-1.0,3.9039,6.2987,4.284,14.4881,-1,0.0, -> [chair (Left): 4%]
frame_000100,-1.0,4.0142,5.9733,4.2884,14.2771,-1,0.0, -> [chair (Left): 4%]
frame_000101,-1.0,4.1085,6.0802,4.3797,14.5697,-1,0.0, -> [chair (Left): 3%]
frame_000102,-1.0,4.005,6.173,4.2684,14.4475,-1,0.0, -> [chair (Left): 1%]
frame_000103,-1.0,4.0659,6.2424,4.2698,14.5796,-1,0.0, -> [chair (Left): 2%]
frame_000104,-1.0,4.2087,6.0181,4.2731,14.5014,-1,0.0, -> [chair (Left): 2%]
frame_000105,-1.0,3.9328,6.3052,4.3441,14.5834,-1,0.0, -> [chair (Left): 3%]
frame_000106,-1.0,4.0994,6.2782,4.3096,14.6886,-1,0.0, -> [chair (Left): 3%]
frame_000107,-1.0,4.0215,7.4483,4.3394,15.8105,-1,0.0, -> [chair (Left): 2%]
frame_000108,-1.0,3.9604,6.1935,4.209,14.3641,-1,0.0, -> [chair (Left): 1%]
frame_000109,-1.0,3.8987,6.1481,4.226,14.2742,-1,0.0, -> [background only]
frame_000110,-1.0,4.1196,6.222,4.2711,14.614,-1,0.0, -> [chair (Center): 3%]
frame_000111,-1.0,4.0782,6.2123,4.3411,14.6328,-1,0.0, -> [chair (Left): 2%]
frame_000112,-1.0,3.7363,6.1903,4.2515,14.1792,-1,0.0, -> [chair (Left): 3%]
frame_000113,-1.0,3.9426,10.9134,4.2503,19.1078,-1,0.0, -> [chair (Center): 1%]
frame_000114,-1.0,4.0433,5.9693,4.1864,14.2003,-1,0.0, -> [background only]
frame_000115,-1.0,3.938,6.2284,4.1411,14.3088,-1,0.0, -> [background only]
frame_000116,-1.0,4.0774,6.4161,4.1392,14.6339,-1,0.0, -> [background only]
frame_000117,-1.0,4.0644,6.1821,4.1693,14.4173,-1,0.0, -> [chair (Center): 7%]
frame_000118,-1.0,4.1515,6.2942,4.0407,14.4879,-1,0.0, -> [chair (Center): 4%]
frame_000119,-1.0,4.0411,6.1912,4.1329,14.3664,-1,0.0, -> [chair (Center): 4%]
frame_000120,-1.0,4.0524,6.2005,3.928,14.1821,-1,0.0, -> [chair (Bottom): 3%]
frame_000121,-1.0,3.9813,6.1895,4.0754,14.2476,-1,0.0, -> [chair (Center): 2%]
frame_000122,-1.0,4.1012,6.1564,4.0418,14.3008,-1,0.0, -> [chair (Center): 6%]
frame_000123,-1.0,3.6294,6.1492,4.1252,13.9049,-1,0.0, -> [chair (Center): 3%]
frame_000124,-1.0,4.0602,6.1917,4.0903,14.3435,-1,0.0, -> [chair (Center): 12%]
frame_000125,-1.0,4.0634,5.8976,4.057,14.0195,-1,0.0, -> [chair (Center): 21%]
frame_000126,-1.0,4.0668,6.1704,4.0975,14.3359,-1,0.0, -> [chair (Center): 19%]
frame_000127,-1.0,3.9862,6.3895,4.1628,14.5401,-1,0.0, -> [chair (Center): 21%]
frame_000128,-1.0,3.9984,6.0869,4.049,14.1357,-1,0.0, -> [chair (Center): 17%]
frame_000129,-1.0,4.0467,6.1946,4.1509,14.3936,-1,0.0, -> [chair (Center): 20%]
frame_000130,-1.0,4.0946,6.4175,3.9908,14.5044,-1,0.0, -> [chair (Center): 19%]
frame_000131,-1.0,3.9868,9.8731,4.2013,18.0629,-1,0.0, -> [chair (Center): 26%]
frame_000132,-1.0,4.0147,6.1288,4.0785,14.2235,-1,0.0, -> [chair (Right): 39%]
frame_000133,-1.0,4.1203,6.6244,4.154,14.9004,-1,0.0, -> [chair (Center): 37%]
frame_000134,-1.0,3.9053,6.1302,4.0772,14.1141,-1,0.0, -> [chair (Center): 35%]
frame_000135,-1.0,4.0484,9.351,4.2137,17.6143,-1,0.0, -> [chair (Center): 23%]
frame_000136,-1.0,4.089,6.2316,4.1411,14.4632,-1,0.0, -> [chair (Center): 20%]
frame_000137,-1.0,3.9479,6.5576,4.1484,14.6554,-1,0.0, -> [chair (Center): 23%]
frame_000138,-1.0,4.1027,6.4104,4.0365,14.5511,-1,0.0, -> [chair (Center): 31%]
frame_000139,-1.0,3.9435,9.7103,4.2224,17.8775,-1,0.0, -> [chair (Center): 36%]
frame_000140,-1.0,4.1681,6.3585,4.0755,14.6033,-1,0.0, -> [chair (Center): 37%]
frame_000141,-1.0,3.9444,6.923,4.2264,15.095,-1,0.0, -> [chair (Center): 47%]
frame_000142,-1.0,2.7316,5.8497,4.1247,12.7067,-1,0.0, -> [chair (Center): 34%]
frame_000143,-1.0,3.9879,6.9556,4.084,15.0289,-1,0.0, -> [chair (Center): 53%]
frame_000144,-1.0,4.067,5.9548,4.1203,14.1434,-1,0.0, -> [chair (Center): 49%]
frame_000145,-1.0,4.0868,10.1227,4.1133,18.3239,-1,0.0, -> [chair (Center): 43%]
frame_000146,-1.0,4.1688,6.5865,4.4269,15.1834,-1,0.0, -> [chair (Center): 45%]
frame_000147,-1.0,4.1978,9.1371,4.3581,17.6963,-1,0.0, -> [chair (Center): 27%]
frame_000148,-1.0,3.9655,6.6468,4.2541,14.8678,-1,0.0, -> [chair (Center): 28%]
frame_000149,-1.0,3.9202,6.015,4.3377,14.274,-1,0.0, -> [chair (Center): 21%]
frame_000150,-1.0,4.0234,6.186,4.3494,14.56,-1,0.0, -> [chair (Right): 25%]
frame_000151,-1.0,4.1002,6.1911,4.3333,14.6261,-1,0.0, -> [chair (Right): 31%]
frame_000152,-1.0,4.0752,6.0959,4.2729,14.4453,-1,0.0, -> [chair (Right): 32%]
frame_000153,-1.0,3.8484,6.2229,4.3344,14.4069,-1,0.0, -> [chair (Right): 34%]
frame_000154,-1.0,4.1034,6.6683,4.4284,15.2017,-1,0.0, -> [chair (Right): 33%]
frame_000155,-1.0,3.6228,6.0665,4.3677,14.0582,-1,0.0, -> [chair (Right): 32%]
frame_000156,-1.0,3.9941,6.3402,4.3555,14.6911,-1,0.0, -> [chair (Center): 32%]
frame_000157,-1.0,3.8871,7.6494,4.3596,15.8977,-1,0.0, -> [chair (Center): 27%]
frame_000158,-1.0,4.0345,8.6462,4.2637,16.9462,-1,0.0, -> [chair (Center): 26%]
frame_000159,-1.0,4.0414,6.0096,4.3458,14.3986,-1,0.0, -> [chair (Center): 25%]
frame_000160,-1.0,4.1391,6.1424,4.3258,14.6088,-1,0.0, -> [chair (Center): 24%]
frame_000161,-1.0,3.6695,7.0802,4.3366,15.0879,-1,0.0, -> [chair (Center): 22%]
frame_000162,-1.0,4.0906,6.4467,4.431,14.9698,-1,0.0, -> [chair (Center): 21%]
frame_000163,-1.0,3.8872,6.5553,4.3892,14.8334,-1,0.0, -> [chair (Center): 16%]
frame_000164,-1.0,3.9742,6.2151,4.3125,14.5031,-1,0.0, -> [chair (Left): 12%]
frame_000165,-1.0,3.8397,6.4965,4.4279,14.7654,-1,0.0," -> [chair (Left): 11%, person (Right): 2%]"
frame_000166,-1.0,3.7988,6.1867,4.275,14.2618,-1,0.0, -> [chair (Left): 10%]
frame_000167,-1.0,3.9963,6.1831,4.3243,14.5051,-1,0.0, -> [chair (Center): 9%]
frame_000168,-1.0,3.7945,6.1326,4.2801,14.2087,-1,0.0, -> [chair (Center): 11%]
frame_000169,-1.0,3.9878,7.0315,4.3292,15.3501,-1,0.0, -> [chair (Center): 10%]
frame_000170,-1.0,4.0978,6.218,4.3297,14.6468,-1,0.0, -> [chair (Center): 11%]
frame_000171,-1.0,3.9444,6.621,4.314,14.8807,-1,0.0, -> [chair (Center): 9%]
frame_000172,-1.0,4.0492,6.5803,4.2925,14.9235,-1,0.0, -> [chair (Center): 8%]
frame_000173,-1.0,3.7408,7.6527,4.4395,15.8344,-1,0.0, -> [chair (Center): 8%]
frame_000174,-1.0,3.9161,6.5164,4.2342,14.668,-1,0.0, -> [chair (Center): 8%]
frame_000175,-1.0,3.1566,6.1974,4.3967,13.7518,-1,0.0, -> [chair (Center): 11%]
frame_000176,-1.0,3.9914,6.4825,4.3261,14.8017,-1,0.0, -> [chair (Center): 10%]
frame_000177,-1.0,4.0899,6.2699,4.3151,14.6765,-1,0.0, -> [chair (Center): 10%]
frame_000178,-1.0,3.9713,6.3364,4.2556,14.5649,-1,0.0, -> [chair (Center): 8%]
frame_000179,-1.0,4.0157,6.3407,4.3412,14.6992,-1,0.0, -> [chair (Center): 8%]
frame_000180,-1.0,4.1588,6.2809,4.455,14.8962,-1,0.0, -> [chair (Center): 9%]
frame_000181,-1.0,3.9493,6.3314,4.3873,14.6694,-1,0.0, -> [chair (Center): 9%]
frame_000182,-1.0,4.0448,6.1279,4.3151,14.4894,-1,0.0, -> [chair (Center): 10%]
frame_000183,-1.0,3.8868,6.0462,4.4657,14.3998,-1,0.0, -> [chair (Right): 9%]
frame_000184,-1.0,4.0808,6.5414,4.2915,14.9152,-1,0.0, -> [chair (Right): 8%]
frame_000185,-1.0,3.8587,6.5946,4.3305,14.7854,-1,0.0, -> [chair (Right): 10%]
frame_000186,-1.0,3.9324,6.4649,4.3398,14.7384,-1,0.0, -> [chair (Right): 13%]
frame_000187,-1.0,3.8937,6.1277,4.3441,14.3666,-1,0.0, -> [chair (Right): 12%]
frame_000188,-1.0,3.7873,6.4959,4.4196,14.704,-1,0.0, -> [chair (Right): 8%]
frame_000189,-1.0,3.9128,6.155,4.3784,14.4474,-1,0.0, -> [chair (Right): 12%]
frame_000190,-1.0,4.0993,6.6293,4.2655,14.9954,-1,0.0, -> [chair (Right): 13%]
frame_000191,-1.0,3.9295,6.2294,4.3462,14.5067,-1,0.0, -> [chair (Right): 13%]
frame_000192,-1.0,3.9511,5.9757,4.2265,14.1547,-1,0.0, -> [chair (Right): 12%]
frame_000193,-1.0,3.8744,6.6066,4.3322,14.8147,-1,0.0, -> [chair (Right): 12%]
frame_000194,-1.0,3.9596,6.0654,4.2702,14.2966,-1,0.0, -> [chair (Right): 10%]
frame_000195,-1.0,3.962,6.0288,4.3273,14.3193,-1,0.0, -> [chair (Right): 9%]
frame_000196,-1.0,3.6417,6.2289,4.3254,14.1974,-1,0.0," -> [chair (Right): 12%, diningtable (Bottom): 1%]"
frame_000197,-1.0,4.017,6.471,4.5179,15.0076,-1,0.0," -> [chair (Right): 12%, diningtable (Bottom): 1%]"
frame_000198,-1.0,3.9334,6.1388,4.5192,14.5927,-1,0.0," -> [chair (Right): 12%, diningtable (Bottom): 2%]"
frame_000199,-1.0,4.0156,6.1584,4.4292,14.6049,-1,0.0," -> [chair (Right): 13%, diningtable (Bottom): 2%]"
frame_000200,-1.0,3.9274,6.27,4.3529,14.5517,-1,0.0," -> [chair (Right): 13%, diningtable (Bottom): 2%]"
frame_000201,-1.0,3.919,6.0696,4.4316,14.4217,-1,0.0," -> [chair (Right): 12%, diningtable (Bottom): 3%]"
frame_000202,-1.0,3.979,6.6324,4.2816,14.8949,-1,0.0, -> [chair (Right): 11%]
frame_000203,-1.0,3.9131,6.1667,4.443,14.5244,-1,0.0," -> [chair (Right): 13%, diningtable (Bottom): 2%]"
frame_000204,-1.0,3.9341,6.1424,4.4437,14.5217,-1,0.0," -> [chair (Right): 18%, diningtable (Bottom): 3%]"
frame_000205,-1.0,3.6729,6.2448,4.5017,14.421,-1,0.0," -> [chair (Right): 15%, diningtable (Bottom): 4%]"
frame_000206,-1.0,4.1121,6.0822,4.3497,14.5456,-1,0.0," -> [chair (Right): 15%, diningtable (Bottom): 5%]"
frame_000207,-1.0,3.8757,6.3475,4.4354,14.66,-1,0.0," -> [chair (Right): 13%, diningtable (Bottom): 5%]"
frame_000208,-1.0,4.0307,6.3631,4.4181,14.8135,-1,0.0," -> [chair (Right): 12%, diningtable (Bottom): 5%]"
frame_000209,-1.0,4.0889,6.4612,4.4004,14.952,-1,0.0," -> [chair (Right): 10%, diningtable (Bottom): 3%]"
frame_000210,-1.0,4.0876,6.693,4.3815,15.1634,-1,0.0," -> [chair (Right): 14%, diningtable (Bottom): 5%]"
frame_000211,-1.0,3.8524,6.4934,4.3421,14.6894,-1,0.0," -> [chair (Right): 15%, diningtable (Bottom): 5%]"
frame_000212,-1.0,4.153,6.3166,4.3118,14.7833,-1,0.0," -> [chair (Right): 14%, diningtable (Bottom): 4%]"
frame_000213,-1.0,2.8132,6.0338,4.3519,13.2,-1,0.0," -> [chair (Right): 13%, diningtable (Bottom): 5%]"
frame_000214,-1.0,4.0046,7.414,4.3667,15.787,-1,0.0," -> [chair (Right): 13%, diningtable (Bottom): 5%]"
frame_000215,-1.0,4.023,6.3801,4.3315,14.7362,-1,0.0," -> [chair (Right): 12%, diningtable (Bottom): 5%]"
frame_000216,-1.0,3.9357,6.4362,4.3583,14.7317,-1,0.0," -> [chair (Right): 9%, diningtable (Bottom): 4%]"
frame_000217,-1.0,3.9941,6.055,4.3242,14.3748,-1,0.0," -> [chair (Right): 11%, diningtable (Bottom): 3%]"
frame_000218,-1.0,4.1235,10.4489,4.3556,18.9296,-1,0.0," -> [chair (Right): 13%, diningtable (Bottom): 4%]"
frame_000219,-1.0,3.9552,6.5817,4.3149,14.8535,-1,0.0," -> [chair (Right): 12%, diningtable (Bottom-Left): 1%]"
frame_000220,-1.0,3.9758,6.0888,4.2698,14.3362,-1,0.0," -> [chair (Right): 10%, diningtable (Bottom-Left): 3%]"
frame_000221,-1.0,4.0657,6.7294,4.3987,15.1953,-1,0.0," -> [chair (Top-Right): 7%, diningtable (Bottom-Left): 1%]"
frame_000222,-1.0,4.1078,6.0814,4.3483,14.539,-1,0.0," -> [bicycle (Right): 1%, chair (Top-Right): 6%]"
frame_000223,-1.0,3.4319,6.1117,4.1357,13.6806,-1,0.0, -> [chair (Top-Right): 6%]
frame_000224,-1.0,3.1681,6.1408,4.1776,13.4879,-1,0.0, -> [chair (Right): 10%]
frame_000225,-1.0,3.0097,6.0418,4.2481,13.3009,-1,0.0," -> [chair (Right): 9%, diningtable (Bottom-Left): 1%]"
frame_000226,-1.0,3.2092,6.082,4.311,13.6034,-1,0.0," -> [chair (Right): 12%, diningtable (Bottom-Left): 2%]"
frame_000227,-1.0,3.1968,6.1419,4.2838,13.624,-1,0.0, -> [chair (Right): 8%]
frame_000228,-1.0,3.1398,6.1122,4.2202,13.4738,-1,0.0, -> [chair (Top-Right): 8%]
frame_000229,-1.0,3.1672,6.0868,4.1899,13.4456,-1,0.0, -> [chair (Top-Right): 8%]
frame_000230,-1.0,3.3773,6.0932,3.9908,13.4628,-1,0.0, -> [chair (Top-Right): 8%]
frame_000231,-1.0,3.5285,6.0831,4.2402,13.8533,-1,0.0, -> [chair (Right): 12%]
frame_000232,-1.0,3.5172,6.0982,4.099,13.7152,-1,0.0, -> [chair (Right): 16%]
frame_000233,-1.0,3.4018,6.0338,4.2389,13.6755,-1,0.0, -> [chair (Right): 10%]
frame_000234,-1.0,3.3842,6.0867,4.0948,13.5668,-1,0.0, -> [chair (Right): 12%]
frame_000235,-1.0,3.342,6.2038,4.1796,13.7266,-1,0.0, -> [chair (Right): 15%]
frame_000236,-1.0,3.4862,6.196,3.9962,13.6794,-1,0.0, -> [chair (Right): 13%]
frame_000237,-1.0,3.3782,6.1434,4.1795,13.7021,-1,0.0, -> [chair (Right): 13%]
frame_000238,-1.0,3.4592,6.0733,4.1315,13.6651,-1,0.0, -> [chair (Right): 13%]
frame_000239,-1.0,3.4332,6.0532,4.1779,13.6656,-1,0.0, -> [chair (Right): 16%]
frame_000240,-1.0,3.4396,6.101,4.0583,13.6004,-1,0.0, -> [chair (Right): 16%]
frame_000241,-1.0,3.28,6.1455,4.1222,13.5491,-1,0.0, -> [chair (Right): 12%]
frame_000242,-1.0,3.4012,6.049,4.0937,13.5451,-1,0.0, -> [chair (Right): 14%]
frame_000243,-1.0,3.4398,6.1054,4.251,13.7976,-1,0.0, -> [chair (Right): 16%]
frame_000244,-1.0,3.4586,6.0829,4.0687,13.6116,-1,0.0, -> [chair (Right): 16%]
frame_000245,-1.0,3.4533,6.0755,4.1942,13.7244,-1,0.0, -> [chair (Right): 11%]
frame_000246,-1.0,3.2808,6.1408,4.1306,13.5534,-1,0.0, -> [chair (Right): 15%]
frame_000247,-1.0,3.3482,6.1231,4.1325,13.6049,-1,0.0, -> [chair (Right): 15%]
frame_000248,-1.0,3.4747,6.156,4.0093,13.6414,-1,0.0, -> [chair (Right): 14%]
frame_000249,-1.0,3.3191,6.0391,4.2581,13.6176,-1,0.0, -> [chair (Right): 9%]
frame_000250,-1.0,3.4384,6.0995,4.1411,13.6801,-1,0.0, -> [chair (Top-Right): 8%]
frame_000251,-1.0,3.2502,6.0929,4.1143,13.4586,-1,0.0, -> [chair (Top-Right): 8%]
frame_000252,-1.0,3.3512,6.0285,4.0996,13.4806,-1,0.0, -> [chair (Top-Right): 7%]
frame_000253,-1.0,3.3757,6.0823,4.1455,13.6047,-1,0.0, -> [chair (Top-Right): 5%]
frame_000254,-1.0,3.5208,6.0738,4.1618,13.7582,-1,0.0, -> [chair (Top-Right): 3%]
frame_000255,-1.0,3.378,10.0617,4.0797,17.5207,-1,0.0, -> [background only]
frame_000256,-1.0,3.264,6.0169,3.9969,13.2792,-1,0.0, -> [background only]
frame_000257,-1.0,3.4353,6.0999,4.0671,13.6038,-1,0.0, -> [background only]
frame_000258,-1.0,3.4408,6.0254,4.0828,13.5503,-1,0.0, -> [background only]
frame_000259,-1.0,3.4949,6.023,4.1581,13.6772,-1,0.0, -> [background only]
frame_000260,-1.0,3.453,6.1641,4.0526,13.6708,-1,0.0, -> [background only]
frame_000261,-1.0,3.518,6.0698,3.9653,13.5543,-1,0.0, -> [background only]
frame_000262,-1.0,3.5204,6.0305,3.9786,13.5305,-1,0.0, -> [background only]
frame_000263,-1.0,3.3584,6.0788,3.8286,13.2671,-1,0.0, -> [background only]
frame_000264,-1.0,3.4185,6.0642,4.3263,13.8102,-1,0.0, -> [background only]
frame_000265,-1.0,3.458,8.2345,3.9728,15.6667,-1,0.0, -> [background only]
frame_000266,-1.0,3.467,6.2189,3.9599,13.6473,-1,0.0, -> [background only]
frame_000267,-1.0,3.2646,6.1385,3.9407,13.345,-1,0.0, -> [background only]
frame_000268,-1.0,3.5638,6.0712,3.9589,13.5954,-1,0.0, -> [background only]
frame_000269,-1.0,3.3064,6.1216,4.066,13.4953,-1,0.0, -> [background only]
frame_000270,-1.0,3.3602,6.0854,3.95,13.397,-1,0.0, -> [background only]
frame_000271,-1.0,3.5229,6.0799,3.9609,13.5652,-1,0.0, -> [background only]
frame_000272,-1.0,3.4616,6.0976,4.1444,13.705,-1,0.0, -> [background only]
frame_000273,-1.0,3.3761,6.0943,4.0438,13.5154,-1,0.0, -> [background only]
frame_000274,-1.0,3.5841,6.1179,4.0014,13.7049,-1,0.0, -> [background only]
frame_000275,-1.0,3.2769,6.1049,4.0236,13.4066,-1,0.0, -> [background only]
frame_000276,-1.0,3.3308,6.0673,4.1144,13.5136,-1,0.0, -> [person (Center): 1%]
frame_000277,-1.0,3.4036,6.1474,4.1547,13.7071,-1,0.0, -> [person (Center): 1%]
frame_000278,-1.0,3.3698,10.5948,4.1557,18.1217,-1,0.0, -> [background only]
frame_000279,-1.0,3.4669,6.0289,4.0515,13.5484,-1,0.0, -> [person (Right): 1%]
frame_000280,-1.0,3.4472,6.0848,4.1058,13.6391,-1,0.0, -> [person (Right): 1%]
frame_000281,-1.0,3.5403,6.0763,3.9896,13.608,-1,0.0, -> [background only]
frame_000282,-1.0,3.3767,6.03,4.0682,13.4766,-1,0.0, -> [background only]
frame_000283,-1.0,3.4247,6.1008,4.0379,13.5648,-1,0.0, -> [car (Top-Left): 1%]
frame_000284,-1.0,3.3628,10.0268,4.0791,17.47,-1,0.0, -> [car (Top-Left): 1%]
frame_000285,-1.0,3.3497,6.0404,3.9671,13.3586,-1,0.0, -> [background only]
frame_000286,-1.0,3.4914,6.0207,4.2151,13.7284,-1,0.0," -> [car (Top-Left): 1%, person (Right): 1%]"
frame_000287,-1.0,3.6247,6.0882,4.0552,13.7694,-1,0.0, -> [car (Top-Left): 1%]
frame_000288,-1.0,3.2647,6.1025,4.0502,13.4186,-1,0.0, -> [background only]
frame_000289,-1.0,3.4217,6.0441,3.9998,13.4669,-1,0.0, -> [background only]
frame_000290,-1.0,3.4547,6.1264,4.2286,13.8107,-1,0.0, -> [person (Right): 1%]
frame_000291,-1.0,3.2763,6.0459,4.1745,13.4979,-1,0.0, -> [car (Top-Left): 1%]
frame_000292,-1.0,3.4552,6.0602,4.1347,13.6516,-1,0.0, -> [person (Right): 1%]
frame_000293,-1.0,3.2414,6.0451,4.0566,13.3442,-1,0.0, -> [background only]
frame_000294,-1.0,3.2569,6.869,3.9812,14.1085,-1,0.0, -> [background only]
frame_000295,-1.0,3.4274,6.0952,3.9713,13.4952,-1,0.0, -> [background only]
frame_000296,-1.0,3.5525,6.2443,3.9706,13.7688,-1,0.0, -> [background only]
frame_000297,-1.0,3.3969,6.0946,3.9683,13.461,-1,0.0, -> [background only]
frame_000298,-1.0,3.342,6.0653,3.9335,13.3422,-1,0.0, -> [background only]
frame_000299,-1.0,3.4774,6.0643,3.9308,13.4741,-1,0.0, -> [background only]
frame_000300,-1.0,3.4059,6.0229,4.0071,13.4372,-1,0.0, -> [background only]
frame_000301,-1.0,3.4713,6.0676,3.9952,13.5357,-1,0.0, -> [background only]
frame_000302,-1.0,3.4097,6.1075,3.9881,13.5065,-1,0.0, -> [background only]
frame_000303,-1.0,3.3895,6.0995,4.0909,13.581,-1,0.0, -> [person (Right): 1%]
frame_000304,-1.0,3.5418,9.5826,4.0763,17.2019,-1,0.0, -> [background only]
frame_000305,-1.0,3.4227,6.0819,3.941,13.4471,-1,0.0, -> [background only]
frame_000306,-1.0,3.43,7.581,4.0402,15.0525,-1,0.0, -> [background only]
frame_000307,-1.0,3.5664,6.0616,3.9707,13.5999,-1,0.0, -> [background only]
frame_000308,-1.0,3.3408,7.3561,4.0897,14.7877,-1,0.0, -> [background only]
frame_000309,-1.0,3.0711,6.0137,4.0841,13.1701,-1,0.0, -> [background only]
frame_000310,-1.0,3.2701,6.0284,4.229,13.5289,-1,0.0, -> [background only]
frame_000311,-1.0,3.3546,6.0729,4.0018,13.4304,-1,0.0, -> [background only]
frame_000312,-1.0,3.4663,7.2439,4.0538,14.7652,-1,0.0, -> [background only]
frame_000313,-1.0,3.4465,8.6846,4.201,16.3334,-1,0.0, -> [background only]
frame_000314,-1.0,3.4144,6.0836,4.135,13.6341,-1,0.0, -> [background only]
frame_000315,-1.0,3.2993,6.0544,4.094,13.449,-1,0.0, -> [background only]
frame_000316,-1.0,3.4858,6.1286,4.3576,13.9734,-1,0.0, -> [person (Right): 1%]
frame_000317,-1.0,3.4543,6.0556,4.102,13.6131,-1,0.0, -> [background only]
frame_000318,-1.0,3.5107,8.7693,4.0639,16.3451,-1,0.0, -> [background only]
frame_000319,-1.0,3.5245,6.0647,4.123,13.7133,-1,0.0, -> [background only]
frame_000320,-1.0,3.3266,6.9341,4.0618,14.3233,-1,0.0, -> [background only]
frame_000321,-1.0,3.3657,6.0441,4.1641,13.5749,-1,0.0, -> [background only]
frame_000322,-1.0,3.5649,6.0888,4.131,13.7857,-1,0.0, -> [background only]
frame_000323,-1.0,3.3135,6.1679,4.0514,13.5341,-1,0.0, -> [background only]
frame_000324,-1.0,3.456,6.2672,4.1142,13.8386,-1,0.0, -> [background only]
frame_000325,-1.0,3.5962,6.1038,4.3264,14.0277,-1,0.0, -> [background only]
frame_000326,-1.0,3.5179,6.163,4.1583,13.8402,-1,0.0, -> [background only]
frame_000327,-1.0,3.4306,6.0759,4.0438,13.5515,-1,0.0, -> [background only]
frame_000328,-1.0,3.3613,6.0856,4.2311,13.6792,-1,0.0, -> [background only]
frame_000329,-1.0,3.4397,6.0425,3.8567,13.3402,-1,0.0, -> [background only]
frame_000330,-1.0,3.561,6.0882,4.1547,13.8051,-1,0.0, -> [background only]
frame_000331,-1.0,3.5088,8.446,4.1593,16.1157,-1,0.0, -> [background only]
frame_000332,-1.0,3.4777,6.0326,4.1462,13.6576,-1,0.0, -> [background only]
frame_000333,-1.0,3.4813,8.8235,4.078,16.384,-1,0.0, -> [background only]
frame_000334,-1.0,3.5286,6.0358,4.0969,13.6624,-1,0.0, -> [background only]
frame_000335,-1.0,3.4823,9.0993,4.1256,16.7085,-1,0.0, -> [background only]
frame_000336,-1.0,3.3327,6.1037,4.1539,13.5915,-1,0.0, -> [background only]
frame_000337,-1.0,3.4752,6.0281,4.2336,13.7378,-1,0.0, -> [background only]
frame_000338,-1.0,3.3245,6.0736,3.8659,13.2648,-1,0.0, -> [background only]
frame_000339,-1.0,3.3182,10.3103,4.0599,17.6894,-1,0.0, -> [background only]
frame_000340,-1.0,3.458,6.074,4.3191,13.8524,-1,0.0, -> [background only]
frame_000341,-1.0,3.4488,6.0876,4.3385,13.876,-1,0.0, -> [chair (Top-Left): 1%]
frame_000342,-1.0,3.4342,6.0869,4.357,13.8793,-1,0.0," -> [chair (Top-Left): 5%, tvmonitor (Top-Right): 2%]"
frame_000343,-1.0,3.4303,7.309,4.2678,15.0084,-1,0.0, -> [chair (Top-Left): 11%]
frame_000344,-1.0,3.353,6.0728,4.2855,13.7126,-1,0.0, -> [chair (Left): 14%]
frame_000345,-1.0,3.4603,6.0739,4.2249,13.7602,-1,0.0, -> [chair (Top-Left): 10%]
frame_000346,-1.0,3.5494,6.0542,4.3267,13.9315,-1,0.0," -> [chair (Left): 14%, diningtable (Left): 2%]"
frame_000347,-1.0,3.4997,6.067,4.087,13.6553,-1,0.0," -> [chair (Top): 10%, diningtable (Left): 2%]"
frame_000348,-1.0,3.4529,6.0875,4.4522,13.9939,-1,0.0," -> [car (Top-Right): 1%, chair (Center): 17%, diningtable (Left): 2%]"
frame_000349,-1.0,3.5494,6.1182,4.5553,14.2246,-1,0.0," -> [car (Top-Right): 2%, chair (Top): 16%, diningtable (Left): 2%]"
frame_000350,-1.0,3.401,6.0776,4.4568,13.9369,-1,0.0," -> [chair (Center): 16%, diningtable (Left): 2%]"
frame_000351,-1.0,3.3554,6.1182,4.1952,13.6702,-1,0.0, -> [chair (Center): 17%]
frame_000352,-1.0,3.1092,8.3974,4.2674,15.7753,-1,0.0, -> [chair (Center): 17%]
frame_000353,-1.0,3.5304,6.1558,4.6583,14.3462,-1,0.0," -> [chair (Top): 12%, diningtable (Left): 1%, tvmonitor (Top-Left): 1%]"
frame_000354,-1.0,3.5539,6.1434,4.1872,13.8856,-1,0.0, -> [chair (Top): 15%]
frame_000355,-1.0,3.3549,6.1716,4.3799,13.9076,-1,0.0," -> [chair (Top): 13%, tvmonitor (Top-Left): 2%]"
frame_000356,-1.0,3.6167,6.1141,4.3192,14.0514,-1,0.0," -> [chair (Center): 18%, tvmonitor (Top-Left): 2%]"
frame_000357,-1.0,3.4545,6.0421,4.3062,13.8038,-1,0.0," -> [chair (Top): 13%, tvmonitor (Top-Left): 1%]"
frame_000358,-1.0,3.3968,7.7926,4.3437,15.5344,-1,0.0," -> [chair (Top-Right): 13%, diningtable (Center): 2%, tvmonitor (Top-Left): 2%]"
frame_000359,-1.0,3.443,6.1055,4.4945,14.0442,-1,0.0," -> [chair (Top-Right): 12%, diningtable (Center): 2%, tvmonitor (Top-Left): 3%]"
frame_000360,-1.0,3.7297,6.0316,4.3581,14.1207,-1,0.0," -> [chair (Top-Right): 13%, tvmonitor (Top-Left): 3%]"
frame_000361,-1.0,3.319,6.1505,4.4384,13.909,-1,0.0," -> [chair (Top-Right): 13%, tvmonitor (Top-Left): 2%]"
frame_000362,-1.0,3.4428,6.0732,4.3143,13.8317,-1,0.0," -> [chair (Right): 20%, tvmonitor (Top-Left): 2%]"
frame_000363,-1.0,3.629,6.0226,4.3893,14.0421,-1,0.0," -> [chair (Right): 15%, tvmonitor (Top-Left): 2%]"
frame_000364,-1.0,3.4539,6.0964,4.3796,13.9318,-1,0.0," -> [chair (Right): 19%, tvmonitor (Top): 2%]"
frame_000365,-1.0,3.578,6.1352,4.3596,14.0741,-1,0.0," -> [chair (Right): 21%, diningtable (Right): 1%, tvmonitor (Top): 3%]"
frame_000366,-1.0,3.2906,6.0445,4.2071,13.5438,-1,0.0," -> [chair (Right): 13%, diningtable (Right): 5%, tvmonitor (Top): 3%]"
frame_000367,-1.0,3.619,6.0786,4.4027,14.1012,-1,0.0," -> [chair (Right): 16%, diningtable (Right): 4%, tvmonitor (Top): 3%]"
frame_000368,-1.0,3.4279,7.4466,4.3508,15.2264,-1,0.0," -> [chair (Right): 14%, diningtable (Right): 4%, tvmonitor (Top): 2%]"
frame_000369,-1.0,3.3813,6.018,4.4137,13.8141,-1,0.0," -> [chair (Right): 10%, diningtable (Right): 4%, tvmonitor (Top): 1%]"
frame_000370,-1.0,3.5587,6.1323,4.349,14.0413,-1,0.0," -> [chair (Top-Right): 4%, diningtable (Right): 6%, tvmonitor (Top): 2%]"
frame_000371,-1.0,3.5146,6.1021,4.3663,13.9841,-1,0.0," -> [chair (Top-Right): 2%, diningtable (Right): 5%, tvmonitor (Top): 2%]"
frame_000372,-1.0,3.3191,9.5254,4.3553,17.2008,-1,0.0," -> [chair (Top-Right): 2%, diningtable (Right): 2%, tvmonitor (Top): 2%]"
frame_000373,-1.0,3.3791,6.0287,4.2114,13.6205,-1,0.0," -> [chair (Top): 4%, tvmonitor (Top): 3%]"
frame_000374,-1.0,3.5725,6.1216,4.456,14.1514,-1,0.0," -> [chair (Top-Left): 2%, tvmonitor (Top): 2%]"
frame_000375,-1.0,3.3704,6.2572,4.3419,13.9707,-1,0.0," -> [chair (Top-Left): 1%, tvmonitor (Top): 2%]"
frame_000376,-1.0,3.5253,6.1949,4.1606,13.8819,-1,0.0," -> [chair (Center): 2%, tvmonitor (Top-Right): 2%]"
frame_000377,-1.0,3.3554,6.0397,4.4428,13.839,-1,0.0," -> [chair (Top): 1%, tvmonitor (Top-Right): 2%]"
frame_000378,-1.0,3.4669,6.0407,4.1558,13.6647,-1,0.0, -> [background only]
frame_000379,-1.0,3.5266,6.0333,4.1739,13.7348,-1,0.0, -> [tvmonitor (Top-Right): 2%]
frame_000380,-1.0,3.4054,6.1646,4.4759,14.0472,-1,0.0," -> [chair (Top): 1%, tvmonitor (Top-Right): 2%]"
frame_000381,-1.0,3.4139,6.0176,4.2418,13.6743,-1,0.0," -> [chair (Top): 1%, tvmonitor (Top-Right): 1%]"
frame_000382,-1.0,2.9125,6.2149,4.2418,13.3707,-1,0.0, -> [chair (Top): 1%]
frame_000383,-1.0,3.2551,6.1746,4.4033,13.8344,-1,0.0, -> [chair (Top): 2%]
frame_000384,-1.0,3.162,6.071,4.4846,13.7188,-1,0.0, -> [chair (Center): 4%]
frame_000385,-1.0,3.1382,6.2087,4.1697,13.5179,-1,0.0, -> [chair (Center): 6%]
frame_000386,-1.0,3.1349,7.8914,4.3709,15.3983,-1,0.0, -> [chair (Center): 6%]
frame_000387,-1.0,3.5027,6.0781,4.3969,13.9788,-1,0.0, -> [chair (Center): 6%]
frame_000388,-1.0,3.5932,6.0647,4.1533,13.8123,-1,0.0, -> [chair (Right): 4%]
frame_000389,-1.0,3.6004,6.0851,4.4018,14.0884,-1,0.0, -> [chair (Right): 5%]
frame_000390,-1.0,3.2914,6.0945,4.2108,13.598,-1,0.0, -> [chair (Top-Right): 2%]
frame_000391,-1.0,3.3695,6.0659,4.2857,13.7224,-1,0.0, -> [chair (Top-Right): 2%]
frame_000392,-1.0,3.2143,7.6404,4.3147,15.1706,-1,0.0, -> [chair (Right): 5%]
frame_000393,-1.0,3.2916,6.0329,4.2537,13.5793,-1,0.0, -> [chair (Top-Right): 3%]
frame_000394,-1.0,3.5287,6.1146,4.4221,14.0666,-1,0.0, -> [chair (Top-Right): 2%]
frame_000395,-1.0,3.4652,6.0249,4.1627,13.6539,-1,0.0, -> [background only]
frame_000396,-1.0,3.4747,8.3347,4.3329,16.1439,-1,0.0, -> [chair (Top-Right): 1%]
frame_000397,-1.0,3.3153,6.0699,4.1014,13.4879,-1,0.0, -> [chair (Top-Right): 1%]
frame_000398,-1.0,3.5344,8.4295,3.9612,15.9264,-1,0.0, -> [background only]
frame_000399,-1.0,3.3185,6.1715,4.2579,13.7492,-1,0.0, -> [background only]
frame_000400,-1.0,3.2635,6.0392,4.0421,13.3459,-1,0.0, -> [background only]
frame_000401,-1.0,3.3721,6.0063,4.2932,13.6731,-1,0.0, -> [background only]
frame_000402,-1.0,3.4317,9.9195,4.1321,17.4846,-1,0.0, -> [background only]
frame_000403,-1.0,3.5208,7.2579,4.1125,14.8925,-1,0.0, -> [background only]
frame_000404,-1.0,3.6986,6.0238,4.1963,13.9201,-1,0.0, -> [background only]
frame_000405,-1.0,3.4062,6.2131,4.1948,13.8148,-1,0.0, -> [background only]
frame_000406,-1.0,3.317,6.0629,4.1587,13.5396,-1,0.0, -> [background only]
frame_000407,-1.0,3.4665,6.6105,4.3141,14.3921,-1,0.0, -> [background only]
frame_000408,-1.0,3.3825,7.4508,4.0654,14.8998,-1,0.0, -> [background only]
frame_000409,-1.0,3.5027,10.7491,4.1956,18.4484,-1,0.0, -> [background only]
frame_000410,-1.0,3.5603,9.776,4.288,17.6258,-1,0.0, -> [background only]
frame_000411,-1.0,3.3636,6.0635,4.2313,13.6597,-1,0.0, -> [background only]
frame_000412,-1.0,3.4022,10.0915,4.312,17.8073,-1,0.0, -> [background only]
frame_000413,-1.0,3.5117,6.1506,4.2001,13.8634,-1,0.0, -> [background only]
frame_000414,-1.0,3.3073,6.0362,4.1464,13.491,-1,0.0, -> [background only]
frame_000415,-1.0,3.4281,6.088,4.3082,13.8257,-1,0.0, -> [background only]
frame_000416,-1.0,3.5342,6.054,4.0194,13.6091,-1,0.0, -> [background only]
frame_000417,-1.0,3.3189,6.0657,4.1624,13.5484,-1,0.0, -> [background only]
frame_000418,-1.0,3.355,10.2463,4.2634,17.8658,-1,0.0, -> [background only]
frame_000419,-1.0,3.4166,6.0425,4.0956,13.5562,-1,0.0, -> [background only]
frame_000420,-1.0,3.4501,6.0073,4.2079,13.6665,-1,0.0, -> [background only]
frame_000421,-1.0,3.3882,6.0702,4.1188,13.5783,-1,0.0, -> [background only]
frame_000422,-1.0,3.3511,6.0207,4.0659,13.4386,-1,0.0, -> [background only]
frame_000423,-1.0,3.3337,6.0653,4.3182,13.7188,-1,0.0, -> [background only]
frame_000424,-1.0,3.3696,6.0855,4.2867,13.7429,-1,0.0, -> [background only]
frame_000425,-1.0,3.5038,6.079,4.1659,13.7497,-1,0.0, -> [background only]
frame_000426,-1.0,3.2387,6.0209,4.1346,13.3955,-1,0.0, -> [background only]
frame_000427,-1.0,3.5806,6.0666,4.3537,14.0023,-1,0.0, -> [background only]
frame_000428,-1.0,3.3823,9.1701,4.1299,16.6839,-1,0.0, -> [background only]
frame_000429,-1.0,3.3952,6.02,4.0468,13.463,-1,0.0, -> [background only]
frame_000430,-1.0,3.4638,8.0776,4.057,15.5999,-1,0.0, -> [background only]
frame_000431,-1.0,3.6271,6.0578,4.1633,13.8494,-1,0.0, -> [background only]
frame_000432,-1.0,3.3638,6.0731,4.3396,13.7778,-1,0.0, -> [background only]
frame_000433,-1.0,3.4674,6.0704,4.0847,13.6237,-1,0.0, -> [background only]
frame_000434,-1.0,3.3356,6.045,4.2828,13.6649,-1,0.0, -> [background only]
frame_000435,-1.0,3.4512,6.0765,4.2499,13.7788,-1,0.0, -> [background only]
frame_000436,-1.0,3.355,10.1589,4.2507,17.7662,-1,0.0, -> [background only]
frame_000437,-1.0,3.4653,6.0792,4.1428,13.6885,-1,0.0, -> [background only]
frame_000438,-1.0,3.3532,7.6326,4.1515,15.1384,-1,0.0, -> [background only]
frame_000439,-1.0,3.2965,7.0017,4.1849,14.4847,-1,0.0, -> [background only]
frame_000440,-1.0,3.5327,10.3615,4.3242,18.2196,-1,0.0, -> [background only]
frame_000441,-1.0,2.7925,6.2485,4.4308,13.4733,-1,0.0, -> [background only]
frame_000442,-1.0,3.4927,6.105,3.9989,13.5976,-1,0.0, -> [background only]
frame_000443,-1.0,3.5158,6.1926,4.1946,13.9042,-1,0.0, -> [background only]
frame_000444,-1.0,3.2107,6.6062,4.3107,14.1287,-1,0.0, -> [background only]
frame_000445,-1.0,3.3622,6.0698,3.9941,13.4275,-1,0.0, -> [background only]
frame_000446,-1.0,3.4239,6.3862,4.0442,13.8555,-1,0.0, -> [background only]
frame_000447,-1.0,3.4096,6.0667,4.0335,13.5114,-1,0.0, -> [background only]
frame_000448,-1.0,3.431,7.2241,4.1447,14.8011,-1,0.0, -> [background only]
frame_000449,-1.0,3.3965,6.0395,4.1532,13.5905,-1,0.0, -> [background only]
frame_000450,-1.0,3.4072,6.0638,4.1838,13.656,-1,0.0, -> [background only]
frame_000451,-1.0,3.537,8.0224,4.186,15.7466,-1,0.0, -> [background only]
frame_000452,-1.0,3.3286,6.1378,4.2344,13.7022,-1,0.0, -> [background only]
frame_000453,-1.0,3.4856,6.0261,4.1031,13.6162,-1,0.0, -> [background only]
frame_000454,-1.0,3.4461,6.0686,4.3557,13.8714,-1,0.0, -> [background only]
frame_000455,-1.0,3.3321,6.0757,4.1911,13.6003,-1,0.0, -> [background only]
frame_000456,-1.0,3.5076,6.0615,4.0869,13.657,-1,0.0, -> [background only]
frame_000457,-1.0,3.8028,6.0801,4.1859,14.0697,-1,0.0, -> [background only]
frame_000458,-1.0,3.5129,7.1797,4.2019,14.8959,-1,0.0, -> [background only]
frame_000459,-1.0,3.5637,6.0342,4.1355,13.7346,-1,0.0, -> [background only]
frame_000460,-1.0,3.4245,6.1683,3.8678,13.4616,-1,0.0, -> [background only]
frame_000461,-1.0,3.3371,6.0737,4.1901,13.6022,-1,0.0, -> [background only]
frame_000462,-1.0,3.387,7.2092,3.7666,14.3641,-1,0.0, -> [background only]
frame_000463,-1.0,3.3608,6.0309,4.1627,13.5554,-1,0.0, -> [background only]
frame_000464,-1.0,3.3515,6.1575,4.0403,13.5505,-1,0.0, -> [background only]
frame_000465,-1.0,3.4813,6.0684,3.9501,13.5011,-1,0.0, -> [background only]
frame_000466,-1.0,3.6006,6.1455,4.0821,13.8295,-1,0.0, -> [background only]
frame_000467,-1.0,3.8152,9.734,4.0597,17.6101,-1,0.0, -> [background only]
frame_000468,-1.0,3.3907,6.485,4.0636,13.9406,-1,0.0, -> [background only]
frame_000469,-1.0,3.5061,6.0763,4.1395,13.7232,-1,0.0, -> [background only]
frame_000470,-1.0,3.175,7.6863,4.0754,14.9379,-1,0.0, -> [background only]
frame_000471,-1.0,3.2037,6.0875,4.2528,13.5475,-1,0.0, -> [background only]
frame_000472,-1.0,3.3289,8.2013,4.1908,15.7226,-1,0.0, -> [background only]
frame_000473,-1.0,3.5498,6.0501,4.0342,13.6353,-1,0.0, -> [background only]
frame_000474,-1.0,3.3926,6.0619,4.1524,13.6081,-1,0.0, -> [background only]
frame_000475,-1.0,3.4317,6.0195,4.2141,13.6662,-1,0.0, -> [background only]
frame_000476,-1.0,3.5014,6.1911,4.0756,13.7692,-1,0.0, -> [background only]
frame_000477,-1.0,3.433,6.0107,4.0517,13.4964,-1,0.0, -> [background only]
frame_000478,-1.0,3.4528,6.0487,4.0458,13.5483,-1,0.0, -> [background only]
frame_000479,-1.0,3.3424,6.024,4.1458,13.5133,-1,0.0, -> [background only]
frame_000480,-1.0,3.628,7.0972,4.0876,14.814,-1,0.0, -> [background only]
frame_000481,-1.0,3.6202,6.0832,4.1402,13.8449,-1,0.0, -> [background only]
frame_000482,-1.0,3.4773,6.0866,4.0878,13.6527,-1,0.0, -> [background only]
frame_000483,-1.0,3.4875,6.082,4.0417,13.6124,-1,0.0, -> [background only]
frame_000484,-1.0,3.4144,6.0098,4.0564,13.4816,-1,0.0, -> [background only]
frame_000485,-1.0,3.4502,6.0248,4.015,13.4911,-1,0.0, -> [background only]
frame_000486,-1.0,3.4268,7.5755,4.0599,15.0633,-1,0.0, -> [background only]
frame_000487,-1.0,3.3942,6.0734,4.0732,13.5421,-1,0.0, -> [background only]
frame_000488,-1.0,3.5034,6.1318,4.0794,13.7157,-1,0.0, -> [background only]
frame_000489,-1.0,3.5631,5.991,4.053,13.6081,-1,0.0, -> [background only]
frame_000490,-1.0,3.5793,6.1408,4.0188,13.7402,-1,0.0, -> [background only]
frame_000491,-1.0,3.3937,6.0718,4.024,13.4909,-1,0.0, -> [background only]
frame_000492,-1.0,3.2691,6.0557,4.0421,13.3681,-1,0.0, -> [background only]
frame_000493,-1.0,3.4159,6.0337,4.0471,13.4981,-1,0.0, -> [background only]
frame_000494,-1.0,3.5447,5.9995,4.0868,13.6322,-1,0.0, -> [background only]
frame_000495,-1.0,3.3156,6.018,4.1028,13.4376,-1,0.0, -> [background only]
frame_000496,-1.0,3.442,7.3855,4.0467,14.8874,-1,0.0, -> [background only]
frame_000497,-1.0,3.4612,6.0439,3.999,13.5055,-1,0.0, -> [background only]
frame_000498,-1.0,3.6998,6.0102,4.1601,13.8714,-1,0.0, -> [background only]
frame_000499,-1.0,3.3394,6.011,4.0671,13.419,-1,0.0, -> [background only]
frame_000500,-1.0,3.2006,8.0025,4.1184,15.3231,-1,0.0, -> [background only]
frame_000501,-1.0,3.5052,6.1149,4.1863,13.8076,-1,0.0, -> [background only]
frame_000502,-1.0,3.3378,7.8423,3.8828,15.0645,-1,0.0, -> [background only]
frame_000503,-1.0,3.5665,6.0501,4.1097,13.7276,-1,0.0, -> [background only]
frame_000504,-1.0,3.3842,6.0325,3.9744,13.3923,-1,0.0, -> [background only]
frame_000505,-1.0,3.4134,6.1089,3.9651,13.4887,-1,0.0, -> [background only]
frame_000506,-1.0,3.4396,6.1319,4.1554,13.7283,-1,0.0, -> [background only]
frame_000507,-1.0,3.5276,6.1355,4.0183,13.6826,-1,0.0, -> [background only]
frame_000508,-1.0,3.4739,6.0873,3.8656,13.4281,-1,0.0, -> [background only]
frame_000509,-1.0,3.3427,6.0596,4.0187,13.4222,-1,0.0, -> [background only]
frame_000510,-1.0,3.3444,8.2635,4.0198,15.629,-1,0.0, -> [background only]
frame_000511,-1.0,3.4674,6.0837,4.0512,13.6037,-1,0.0, -> [background only]
frame_000512,-1.0,3.6234,6.0903,4.0701,13.7851,-1,0.0, -> [background only]
frame_000513,-1.0,3.3734,6.1067,3.9663,13.4475,-1,0.0, -> [background only]
frame_000514,-1.0,3.4263,6.0156,4.0424,13.4854,-1,0.0, -> [background only]
frame_000515,-1.0,3.5311,6.0141,4.0822,13.6284,-1,0.0, -> [background only]
frame_000516,-1.0,3.4211,8.4281,3.8434,15.6941,-1,0.0, -> [background only]
frame_000517,-1.0,3.3134,6.0065,4.0361,13.3571,-1,0.0, -> [background only]
frame_000518,-1.0,3.5146,6.0465,3.8892,13.4516,-1,0.0, -> [background only]
frame_000519,-1.0,3.3848,6.059,3.9759,13.4209,-1,0.0, -> [background only]
frame_000520,-1.0,3.389,9.1058,4.0234,16.5198,-1,0.0, -> [background only]
frame_000521,-1.0,3.4833,6.0954,4.0612,13.6412,-1,0.0, -> [background only]
frame_000522,-1.0,3.2966,6.9224,4.0241,14.2443,-1,0.0, -> [background only]
frame_000523,-1.0,3.4416,6.0979,3.9514,13.4921,-1,0.0, -> [background only]
frame_000524,-1.0,3.444,6.0525,4.0582,13.5558,-1,0.0, -> [background only]
frame_000525,-1.0,3.6061,5.9997,3.9307,13.5374,-1,0.0, -> [background only]
frame_000526,-1.0,3.4772,7.7416,3.9644,15.1843,-1,0.0, -> [background only]
frame_000527,-1.0,3.4159,6.0661,4.0511,13.5343,-1,0.0, -> [background only]
frame_000528,-1.0,3.3973,6.0096,4.0331,13.4412,-1,0.0, -> [background only]
frame_000529,-1.0,2.9137,6.1201,4.1428,13.1783,-1,0.0, -> [background only]
frame_000530,-1.0,3.454,7.4645,4.0554,14.9752,-1,0.0, -> [background only]
frame_000531,-1.0,3.4203,6.1171,4.0602,13.599,-1,0.0, -> [background only]
frame_000532,-1.0,3.3421,6.063,4.0661,13.4723,-1,0.0, -> [background only]
frame_000533,-1.0,3.3497,10.0457,4.09,17.4868,-1,0.0, -> [background only]
frame_000534,-1.0,3.4076,6.019,4.2191,13.6469,-1,0.0, -> [background only]
frame_000535,-1.0,3.441,6.0167,3.9558,13.4146,-1,0.0, -> [background only]
frame_000536,-1.0,3.2116,6.0385,4.1418,13.3929,-1,0.0, -> [background only]
frame_000537,-1.0,3.5418,6.0729,4.1563,13.7719,-1,0.0, -> [background only]
frame_000538,-1.0,3.3439,9.3749,3.7315,16.4516,-1,0.0, -> [background only]
frame_000539,-1.0,3.4897,6.0285,4.0417,13.5609,-1,0.0, -> [background only]
frame_000540,-1.0,3.3158,6.0609,4.0239,13.4019,-1,0.0, -> [background only]
frame_000541,-1.0,3.3629,6.0075,4.0125,13.3838,-1,0.0, -> [background only]
frame_000542,-1.0,3.5541,6.1625,4.0089,13.7267,-1,0.0, -> [background only]
frame_000543,-1.0,3.2825,6.0612,4.122,13.4669,-1,0.0, -> [background only]
frame_000544,-1.0,3.4461,6.041,3.9632,13.4518,-1,0.0, -> [background only]
frame_000545,-1.0,3.4274,6.0945,4.1996,13.7226,-1,0.0, -> [background only]
frame_000546,-1.0,3.4185,6.0519,4.068,13.5395,-1,0.0, -> [background only]
frame_000547,-1.0,3.2616,6.0477,3.9231,13.2338,-1,0.0, -> [background only]
frame_000548,-1.0,3.5559,6.0936,4.0509,13.7016,-1,0.0, -> [background only]
frame_000549,-1.0,3.3778,5.9973,3.915,13.2911,-1,0.0, -> [background only]
frame_000550,-1.0,3.3337,6.0266,4.216,13.5775,-1,0.0, -> [background only]
frame_000551,-1.0,3.3816,6.0351,3.9762,13.3941,-1,0.0, -> [background only]
frame_000552,-1.0,3.3285,8.8423,4.1404,16.3125,-1,0.0, -> [background only]
frame_000553,-1.0,3.4668,6.0937,4.0939,13.6556,-1,0.0, -> [background only]
frame_000554,-1.0,3.4214,6.0516,3.9605,13.4348,-1,0.0, -> [background only]
frame_000555,-1.0,3.5657,6.0775,3.989,13.6334,-1,0.0, -> [background only]
frame_000556,-1.0,3.2803,7.3258,4.141,14.748,-1,0.0, -> [background only]
frame_000557,-1.0,3.425,6.0727,3.9548,13.4537,-1,0.0, -> [background only]
frame_000558,-1.0,3.3611,7.896,4.0798,15.338,-1,0.0, -> [background only]
frame_000559,-1.0,2.9353,6.1796,4.1418,13.2582,-1,0.0, -> [background only]
frame_000560,-1.0,3.4886,6.2134,3.9058,13.609,-1,0.0, -> [background only]
frame_000561,-1.0,3.2689,6.1319,4.0588,13.4607,-1,0.0, -> [background only]
frame_000562,-1.0,3.3208,6.0602,3.9645,13.3468,-1,0.0, -> [background only]
frame_000563,-1.0,3.3822,6.0711,3.9982,13.4528,-1,0.0, -> [background only]
frame_000564,-1.0,3.0676,6.0232,4.1865,13.2786,-1,0.0, -> [background only]
frame_000565,-1.0,3.0907,6.0729,4.1929,13.3577,-1,0.0, -> [background only]
frame_000566,-1.0,3.1707,6.0471,4.2164,13.4355,-1,0.0, -> [background only]
frame_000567,-1.0,3.1757,6.0272,4.1646,13.3689,-1,0.0, -> [background only]
frame_000568,-1.0,3.5396,6.1251,4.1142,13.7804,-1,0.0, -> [background only]
frame_000569,-1.0,3.456,6.1002,4.2778,13.8354,-1,0.0, -> [background only]
frame_000570,-1.0,3.2638,8.2735,4.2365,15.7754,-1,0.0, -> [background only]
frame_000571,-1.0,3.5531,6.0054,4.201,13.7605,-1,0.0, -> [background only]
frame_000572,-1.0,3.4194,6.2302,4.1689,13.8195,-1,0.0, -> [background only]
frame_000573,-1.0,3.372,6.0116,4.1353,13.5199,-1,0.0, -> [background only]
frame_000574,-1.0,3.4142,6.0502,4.0903,13.556,-1,0.0, -> [background only]
frame_000575,-1.0,3.4302,6.1627,4.2489,13.8431,-1,0.0, -> [background only]
frame_000576,-1.0,3.5655,6.613,4.1684,14.3481,-1,0.0, -> [background only]
frame_000577,-1.0,3.3556,6.0758,4.1543,13.5868,-1,0.0, -> [background only]
frame_000578,-1.0,3.4062,6.9901,4.281,14.6788,-1,0.0, -> [background only]
frame_000579,-1.0,3.5066,6.0084,4.1753,13.692,-1,0.0, -> [background only]
frame_000580,-1.0,3.4077,7.4556,4.147,15.0118,-1,0.0, -> [background only]
frame_000581,-1.0,3.437,6.0225,4.2164,13.6771,-1,0.0, -> [background only]
frame_000582,-1.0,3.4221,6.0677,4.1083,13.5998,-1,0.0, -> [background only]
frame_000583,-1.0,3.4988,6.052,4.3253,13.8774,-1,0.0, -> [background only]
frame_000584,-1.0,3.3089,6.0195,4.127,13.4569,-1,0.0, -> [background only]
frame_000585,-1.0,3.3203,6.1961,4.1488,13.666,-1,0.0, -> [background only]
frame_000586,-1.0,3.3729,6.0389,4.295,13.7077,-1,0.0, -> [background only]
frame_000587,-1.0,3.4663,6.0763,3.942,13.4857,-1,0.0, -> [background only]
frame_000588,-1.0,3.0985,7.9494,4.2347,15.2839,-1,0.0, -> [background only]
frame_000589,-1.0,3.5177,6.0782,4.1474,13.7445,-1,0.0, -> [background only]
frame_000590,-1.0,3.3343,8.1567,4.1556,15.6479,-1,0.0, -> [background only]
frame_000591,-1.0,3.4344,6.1515,4.1645,13.7515,-1,0.0, -> [background only]
frame_000592,-1.0,3.3073,6.0428,4.0168,13.3679,-1,0.0, -> [background only]
frame_000593,-1.0,3.4712,6.0347,4.0631,13.5698,-1,0.0, -> [background only]
frame_000594,-1.0,3.2811,6.031,4.0818,13.395,-1,0.0, -> [background only]
frame_000595,-1.0,3.4169,6.078,4.0874,13.5832,-1,0.0, -> [background only]
frame_000596,-1.0,3.4907,6.0497,4.1568,13.6982,-1,0.0, -> [background only]
frame_000597,-1.0,3.4751,6.0048,4.0009,13.4821,-1,0.0, -> [background only]
frame_000598,-1.0,3.3392,8.4229,4.1054,15.8685,-1,0.0, -> [background only]
frame_000599,-1.0,3.3502,6.0332,3.9642,13.3486,-1,0.0, -> [background only]
frame_000600,-1.0,3.3648,6.0652,4.0449,13.4761,-1,0.0, -> [background only]
frame_000601,-1.0,3.4186,6.0735,3.7773,13.2705,-1,0.0, -> [background only]
frame_000602,-1.0,3.4028,6.1068,4.0917,13.6024,-1,0.0, -> [background only]
frame_000603,-1.0,3.5435,6.0268,4.0947,13.6661,-1,0.0, -> [background only]
frame_000604,-1.0,3.2544,6.0207,4.2229,13.4991,-1,0.0, -> [background only]
frame_000605,-1.0,3.4323,6.0367,4.1143,13.5843,-1,0.0, -> [background only]
frame_000606,-1.0,3.2853,6.0125,4.0683,13.3671,-1,0.0, -> [background only]
frame_000607,-1.0,3.3559,7.6255,4.0874,15.0699,-1,0.0, -> [background only]
frame_000608,-1.0,3.4455,9.102,4.0134,16.562,-1,0.0, -> [background only]
frame_000609,-1.0,3.437,6.0749,4.1866,13.6994,-1,0.0, -> [background only]
frame_000610,-1.0,3.4126,6.0318,4.1695,13.6147,-1,0.0, -> [background only]
frame_000611,-1.0,3.3251,6.066,3.768,13.16,-1,0.0, -> [background only]
frame_000612,-1.0,3.3771,7.8352,4.1307,15.3439,-1,0.0, -> [background only]
frame_000613,-1.0,3.3908,8.2191,4.1201,15.731,-1,0.0, -> [background only]
frame_000614,-1.0,3.5152,9.4095,4.2343,17.1601,-1,0.0, -> [background only]
frame_000615,-1.0,3.3551,6.074,4.1847,13.6146,-1,0.0, -> [background only]
frame_000616,-1.0,3.4229,8.5407,4.0687,16.0331,-1,0.0, -> [background only]
frame_000617,-1.0,3.5055,6.1054,4.0888,13.7006,-1,0.0, -> [background only]
frame_000618,-1.0,2.7838,9.63,4.1597,16.5747,-1,0.0, -> [background only]
frame_000619,-1.0,3.5262,6.0971,3.9977,13.6219,-1,0.0, -> [background only]
frame_000620,-1.0,3.5167,6.1963,3.933,13.6471,-1,0.0, -> [background only]
frame_000621,-1.0,3.5473,6.3017,4.2242,14.0741,-1,0.0, -> [background only]
frame_000622,-1.0,3.697,6.1348,4.1083,13.9412,-1,0.0, -> [background only]
frame_000623,-1.0,3.5768,6.3161,4.1749,14.069,-1,0.0, -> [background only]
frame_000624,-1.0,3.6014,6.0984,4.0907,13.7917,-1,0.0, -> [background only]
frame_000625,-1.0,3.7349,6.1206,3.9602,13.8166,-1,0.0, -> [background only]
frame_000626,-1.0,3.734,6.2213,4.1627,14.1195,-1,0.0, -> [background only]
frame_000627,-1.0,3.4308,6.0816,4.0827,13.5966,-1,0.0, -> [background only]
frame_000628,-1.0,3.5536,9.0647,4.2603,16.88,-1,0.0, -> [background only]
frame_000629,-1.0,3.53,7.4392,4.0708,15.0412,-1,0.0, -> [background only]
frame_000630,-1.0,3.4481,7.0599,3.9433,14.4525,-1,0.0, -> [background only]
frame_000631,-1.0,3.8279,6.2162,4.232,14.2775,-1,0.0, -> [background only]
frame_000632,-1.0,3.5603,8.3664,4.102,16.0297,-1,0.0, -> [background only]
frame_000633,-1.0,3.8333,6.1238,4.1938,14.1525,-1,0.0, -> [background only]
frame_000634,-1.0,3.6774,6.3385,4.0083,14.0254,-1,0.0, -> [background only]
frame_000635,-1.0,3.6003,9.7862,4.0713,17.4595,-1,0.0, -> [background only]
frame_000636,-1.0,3.6869,7.3816,4.2117,15.2817,-1,0.0, -> [background only]
frame_000637,-1.0,3.3359,6.0945,4.0146,13.4462,-1,0.0, -> [background only]
frame_000638,-1.0,3.5352,7.9797,4.0983,15.6145,-1,0.0, -> [background only]
frame_000639,-1.0,3.4505,6.2041,4.1546,13.8104,-1,0.0, -> [background only]
frame_000640,-1.0,3.6542,6.1941,4.0119,13.8618,-1,0.0, -> [background only]
frame_000641,-1.0,3.4128,6.1725,4.0239,13.6104,-1,0.0, -> [background only]
frame_000642,-1.0,3.4795,6.1713,4.1279,13.78,-1,0.0, -> [background only]
frame_000643,-1.0,3.5446,6.04,3.9685,13.5547,-1,0.0, -> [background only]
frame_000644,-1.0,3.5684,6.1584,4.0471,13.7757,-1,0.0, -> [background only]
frame_000645,-1.0,3.4806,6.0912,3.9651,13.5381,-1,0.0, -> [background only]
frame_000646,-1.0,3.4914,6.7706,4.1975,14.4608,-1,0.0, -> [background only]
frame_000647,-1.0,3.0654,6.1268,4.0398,13.2333,-1,0.0, -> [background only]
frame_000648,-1.0,3.2835,6.106,4.1198,13.5105,-1,0.0, -> [background only]
frame_000649,-1.0,3.5841,8.5135,3.8443,15.943,-1,0.0, -> [background only]
frame_000650,-1.0,3.399,8.5842,4.13,16.1142,-1,0.0, -> [background only]
frame_000651,-1.0,3.4047,6.0201,4.0588,13.4846,-1,0.0, -> [background only]
frame_000652,-1.0,3.4639,8.8008,4.0903,16.3561,-1,0.0, -> [background only]
frame_000653,-1.0,3.4332,6.0242,3.8595,13.3178,-1,0.0, -> [background only]
frame_000654,-1.0,3.5494,6.1249,4.0444,13.7202,-1,0.0, -> [background only]
frame_000655,-1.0,3.6013,6.1698,3.8931,13.6657,-1,0.0, -> [background only]
frame_000656,-1.0,3.522,6.4105,4.0601,13.9937,-1,0.0, -> [background only]
frame_000657,-1.0,3.48,6.0839,4.0702,13.6361,-1,0.0, -> [background only]
frame_000658,-1.0,3.4795,6.0427,4.018,13.5414,-1,0.0, -> [background only]
frame_000659,-1.0,3.334,6.0337,4.1332,13.5017,-1,0.0, -> [background only]
frame_000660,-1.0,3.3336,7.1639,4.0086,14.5073,-1,0.0, -> [background only]
frame_000661,-1.0,3.3072,6.0698,3.9589,13.337,-1,0.0, -> [background only]
frame_000662,-1.0,3.3875,6.0501,4.1414,13.5802,-1,0.0, -> [background only]
frame_000663,-1.0,3.4179,6.0424,3.9937,13.455,-1,0.0, -> [background only]
frame_000664,-1.0,3.527,6.1147,4.0303,13.6729,-1,0.0, -> [background only]
frame_000665,-1.0,3.1024,6.1358,4.0548,13.294,-1,0.0, -> [background only]
frame_000666,-1.0,3.503,7.0688,3.8422,14.4149,-1,0.0, -> [background only]
frame_000667,-1.0,3.4425,6.0916,4.1842,13.7195,-1,0.0, -> [background only]
frame_000668,-1.0,3.5759,6.1123,3.9657,13.6551,-1,0.0, -> [background only]
frame_000669,-1.0,3.3873,6.1578,4.0566,13.6027,-1,0.0, -> [background only]
frame_000670,-1.0,3.4628,6.0462,3.9859,13.4959,-1,0.0, -> [background only]
frame_000671,-1.0,3.4037,6.04,4.1231,13.5677,-1,0.0, -> [background only]
frame_000672,-1.0,3.427,6.0186,4.1158,13.5628,-1,0.0, -> [background only]
frame_000673,-1.0,3.562,6.0598,4.1483,13.7711,-1,0.0, -> [background only]
frame_000674,-1.0,3.6226,6.0769,4.0595,13.76,-1,0.0, -> [background only]
frame_000675,-1.0,3.3987,6.0706,3.9764,13.4465,-1,0.0, -> [background only]
frame_000676,-1.0,3.537,6.6575,3.9738,14.1692,-1,0.0, -> [background only]
frame_000677,-1.0,3.1928,9.091,4.0647,16.3499,-1,0.0, -> [background only]
frame_000678,-1.0,3.4937,6.0829,3.7757,13.3532,-1,0.0, -> [background only]
frame_000679,-1.0,3.4308,6.1103,3.8249,13.367,-1,0.0, -> [background only]
frame_000680,-1.0,3.6149,6.1322,3.9616,13.7095,-1,0.0, -> [background only]
frame_000681,-1.0,3.4967,6.0442,3.9887,13.5306,-1,0.0, -> [background only]
frame_000682,-1.0,3.5394,6.0436,3.924,13.5081,-1,0.0, -> [background only]
frame_000683,-1.0,3.5156,6.0879,3.8737,13.4783,-1,0.0, -> [background only]
frame_000684,-1.0,3.5076,6.0449,3.8891,13.4428,-1,0.0, -> [background only]
frame_000685,-1.0,3.5065,6.0311,3.6714,13.21,-1,0.0, -> [background only]
frame_000686,-1.0,3.5591,6.933,3.9783,14.4715,-1,0.0, -> [background only]
frame_000687,-1.0,3.4099,6.0782,4.0474,13.5366,-1,0.0, -> [background only]
frame_000688,-1.0,3.7293,6.0849,3.9182,13.7339,-1,0.0, -> [background only]
frame_000689,-1.0,3.5448,6.1044,3.9942,13.6447,-1,0.0, -> [background only]
frame_000690,-1.0,3.4024,7.0394,3.8918,14.3347,-1,0.0, -> [background only]
frame_000691,-1.0,3.4722,6.0698,3.807,13.3499,-1,0.0, -> [background only]
frame_000692,-1.0,3.5067,6.2565,4.0159,13.7803,-1,0.0, -> [background only]
frame_000693,-1.0,3.5758,6.1215,3.7862,13.4845,-1,0.0, -> [background only]
frame_000694,-1.0,3.5512,6.1741,3.6611,13.3877,-1,0.0, -> [background only]
frame_000695,-1.0,3.4216,6.0676,3.8229,13.3131,-1,0.0, -> [background only]
frame_000696,-1.0,3.4874,6.3411,3.8594,13.6887,-1,0.0, -> [background only]
frame_000697,-1.0,3.3816,6.0783,3.9507,13.4115,-1,0.0, -> [background only]
frame_000698,-1.0,3.3969,6.0483,3.753,13.1994,-1,0.0, -> [background only]
frame_000699,-1.0,3.4745,6.0905,3.7835,13.3495,-1,0.0, -> [background only]
frame_000700,-1.0,3.5102,6.0652,3.8927,13.4694,-1,0.0, -> [background only]
frame_000701,-1.0,3.5519,6.1609,3.8075,13.5213,-1,0.0, -> [background only]
frame_000702,-1.0,3.4887,6.0905,3.9918,13.5719,-1,0.0, -> [background only]
frame_000703,-1.0,3.6188,6.0309,3.906,13.5568,-1,0.0, -> [background only]
frame_000704,-1.0,3.4522,6.0747,4.006,13.534,-1,0.0, -> [background only]
frame_000705,-1.0,3.4665,6.0722,3.8073,13.3471,-1,0.0, -> [background only]
frame_000706,-1.0,3.2146,6.3162,3.8059,13.338,-1,0.0, -> [background only]
frame_000707,-1.0,3.5226,6.1548,4.0702,13.7486,-1,0.0, -> [background only]
frame_000708,-1.0,3.4653,6.0045,3.991,13.4621,-1,0.0, -> [background only]
frame_000709,-1.0,3.5101,6.2205,3.7768,13.5085,-1,0.0, -> [background only]
frame_000710,-1.0,3.5514,6.0821,3.7054,13.3401,-1,0.0, -> [background only]
frame_000711,-1.0,3.389,6.1379,3.7494,13.2773,-1,0.0, -> [background only]
frame_000712,-1.0,3.3619,6.0765,3.9694,13.4091,-1,0.0, -> [background only]
frame_000713,-1.0,3.3476,6.0701,3.9417,13.3604,-1,0.0, -> [background only]
frame_000714,-1.0,3.5259,6.0919,3.687,13.306,-1,0.0, -> [background only]
frame_000715,-1.0,3.7219,6.3536,3.9669,14.0436,-1,0.0, -> [background only]
frame_000716,-1.0,3.5171,6.2837,3.951,13.7527,-1,0.0, -> [background only]
frame_000717,-1.0,3.8512,6.1285,3.8235,13.8043,-1,0.0, -> [background only]
frame_000718,-1.0,3.7405,6.2892,4.0508,14.0815,-1,0.0, -> [background only]
frame_000719,-1.0,3.7805,6.5248,3.9927,14.2991,-1,0.0, -> [background only]
frame_000720,-1.0,3.9475,6.2005,3.6211,13.7703,-1,0.0, -> [background only]
frame_000721,-1.0,3.0979,6.4105,3.934,13.4434,-1,0.0, -> [background only]
frame_000722,-1.0,4.0598,6.2704,3.9485,14.2798,-1,0.0, -> [background only]
frame_000723,-1.0,3.4449,6.037,3.6144,13.0973,-1,0.0, -> [background only]
frame_000724,-1.0,3.7981,6.3435,3.9703,14.1131,-1,0.0, -> [background only]
frame_000725,-1.0,3.7676,6.4457,3.8564,14.0709,-1,0.0, -> [background only]
frame_000726,-1.0,3.7048,6.39,3.654,13.7498,-1,0.0, -> [background only]
frame_000727,-1.0,3.7135,7.5734,4.0831,15.371,-1,0.0, -> [background only]
frame_000728,-1.0,3.4782,6.0434,4.1028,13.6254,-1,0.0, -> [background only]
frame_000729,-1.0,3.6945,6.2616,3.8555,13.8129,-1,0.0, -> [background only]
frame_000730,-1.0,3.705,6.1874,3.9751,13.8688,-1,0.0, -> [background only]
frame_000731,-1.0,3.7145,6.4343,3.7447,13.8949,-1,0.0, -> [background only]
frame_000732,-1.0,3.6912,6.1704,3.7264,13.5892,-1,0.0, -> [background only]
frame_000733,-1.0,3.3947,6.0488,4.0136,13.4582,-1,0.0, -> [background only]
frame_000734,-1.0,3.7712,6.5606,3.8675,14.2008,-1,0.0, -> [background only]
frame_000735,-1.0,3.6661,6.3463,3.858,13.8719,-1,0.0, -> [background only]
frame_000736,-1.0,3.4463,6.9035,4.0841,14.4353,-1,0.0, -> [background only]
frame_000737,-1.0,3.7743,6.2215,3.7174,13.7146,-1,0.0, -> [background only]
frame_000738,-1.0,3.4356,6.3841,4.0913,13.9122,-1,0.0, -> [background only]
frame_000739,-1.0,3.5073,6.5374,3.8387,13.8849,-1,0.0, -> [background only]
frame_000740,-1.0,3.6769,6.7143,4.1601,14.5525,-1,0.0, -> [background only]
frame_000741,-1.0,3.8093,6.2406,3.9378,13.9887,-1,0.0, -> [background only]
frame_000742,-1.0,3.4981,6.343,4.0187,13.8607,-1,0.0, -> [background only]
frame_000743,-1.0,3.4448,6.0277,3.9801,13.4537,-1,0.0, -> [background only]
frame_000744,-1.0,3.5809,6.1482,3.8453,13.5758,-1,0.0, -> [background only]
frame_000745,-1.0,3.5487,6.3407,3.9277,13.8187,-1,0.0, -> [background only]
frame_000746,-1.0,3.846,6.4869,3.7283,14.0625,-1,0.0, -> [background only]
frame_000747,-1.0,3.568,6.3236,3.8854,13.7784,-1,0.0, -> [background only]
frame_000748,-1.0,3.5194,6.0599,3.6825,13.263,-1,0.0, -> [background only]
frame_000749,-1.0,3.4448,6.1781,3.891,13.5152,-1,0.0, -> [background only]
frame_000750,-1.0,3.7062,6.4288,3.93,14.0665,-1,0.0, -> [background only]
frame_000751,-1.0,3.717,6.3446,3.6165,13.6795,-1,0.0, -> [background only]
frame_000752,-1.0,3.5852,6.1363,3.823,13.5455,-1,0.0, -> [background only]
frame_000753,-1.0,3.4184,6.1582,3.8889,13.4665,-1,0.0, -> [background only]
frame_000754,-1.0,3.5298,6.1423,3.6133,13.2866,-1,0.0, -> [background only]
frame_000755,-1.0,3.4225,6.2433,4.0007,13.6676,-1,0.0, -> [background only]
frame_000756,-1.0,3.7959,6.1694,3.9506,13.917,-1,0.0, -> [background only]
frame_000757,-1.0,3.4596,6.1006,4.0026,13.564,-1,0.0, -> [background only]
frame_000758,-1.0,3.7152,6.46,3.9861,14.1625,-1,0.0, -> [background only]
frame_000759,-1.0,3.4676,6.0862,3.8114,13.3661,-1,0.0, -> [background only]
frame_000760,-1.0,3.3461,6.3795,3.9806,13.7071,-1,0.0, -> [background only]
frame_000761,-1.0,3.5736,6.5375,3.9409,14.0531,-1,0.0, -> [bicycle (Right): 5%]
frame_000762,-1.0,3.4692,6.3184,4.1361,13.9248,-1,0.0, -> [chair (Right): 4%]
frame_000763,-1.0,3.5489,6.2526,3.9504,13.7528,-1,0.0, -> [bicycle (Right): 11%]
frame_000764,-1.0,3.5785,6.7383,4.18,14.498,-1,0.0, -> [chair (Right): 4%]
frame_000765,-1.0,3.9673,6.3287,4.2587,14.556,-1,0.0, -> [chair (Right): 10%]
frame_000766,-1.0,3.0278,6.094,3.9808,13.104,-1,0.0, -> [chair (Center): 4%]
frame_000767,-1.0,3.3845,6.0446,4.1069,13.537,-1,0.0, -> [chair (Right): 10%]
frame_000768,-1.0,3.199,6.3653,3.9567,13.5221,-1,0.0, -> [chair (Right): 11%]
frame_000769,-1.0,3.5262,6.206,3.9607,13.6938,-1,0.0, -> [chair (Right): 15%]
frame_000770,-1.0,3.4608,6.3524,4.2434,14.0577,-1,0.0, -> [chair (Right): 17%]
frame_000771,-1.0,3.3645,6.1226,4.0568,13.545,-1,0.0, -> [chair (Center): 10%]
frame_000772,-1.0,3.13,10.5374,4.0708,17.7392,-1,0.0, -> [chair (Center): 4%]
frame_000773,-1.0,3.5588,6.6398,3.956,14.1558,-1,0.0, -> [chair (Center): 9%]
frame_000774,-1.0,3.5134,6.1697,4.1397,13.824,-1,0.0, -> [chair (Center): 14%]
frame_000775,-1.0,3.5406,6.17,4.1428,13.8547,-1,0.0, -> [chair (Bottom-Right): 2%]
frame_000776,-1.0,3.5732,6.5797,4.07,14.2245,-1,0.0, -> [bicycle (Top): 1%]
frame_000777,-1.0,3.4122,6.431,4.0386,13.8829,-1,0.0, -> [background only]
frame_000778,-1.0,3.6289,6.3284,4.0615,14.0201,-1,0.0," -> [bicycle (Top-Right): 8%, chair (Center): 1%]"
frame_000779,-1.0,3.5968,6.4757,4.1782,14.2519,-1,0.0," -> [aeroplane (Top): 1%, bicycle (Top): 1%]"
frame_000780,-1.0,3.5692,6.2753,4.1008,13.9466,-1,0.0, -> [aeroplane (Top-Left): 1%]
frame_000781,-1.0,3.7433,6.1677,4.0932,14.0058,-1,0.0, -> [aeroplane (Top): 2%]
frame_000782,-1.0,3.5347,6.044,4.0366,13.6166,-1,0.0, -> [background only]
frame_000783,-1.0,3.5731,6.1121,4.0582,13.7445,-1,0.0, -> [background only]
frame_000784,-1.0,3.451,6.0521,4.0448,13.5489,-1,0.0, -> [background only]
frame_000785,-1.0,3.5506,8.1096,3.9596,15.621,-1,0.0, -> [aeroplane (Top): 4%]
frame_000786,-1.0,3.5407,6.1058,3.9488,13.5963,-1,0.0, -> [background only]
frame_000787,-1.0,3.4243,10.4486,4.1955,18.0693,-1,0.0, -> [aeroplane (Top-Right): 2%]
frame_000788,-1.0,3.608,6.411,3.7373,13.7579,-1,0.0, -> [bicycle (Top-Left): 4%]
frame_000789,-1.0,3.6822,9.7407,4.1484,17.5723,-1,0.0, -> [aeroplane (Top-Right): 6%]
frame_000790,-1.0,3.8876,6.4572,4.0162,14.3621,-1,0.0, -> [background only]
frame_000791,-1.0,3.6738,6.5166,4.1638,14.3556,-1,0.0, -> [bicycle (Top-Left): 1%]
frame_000792,-1.0,3.2474,6.1699,3.8549,13.2733,-1,0.0, -> [background only]
frame_000793,-1.0,3.6708,6.2271,4.0104,13.9094,-1,0.0, -> [person (Top): 1%]
frame_000794,-1.0,3.7513,6.1528,3.8914,13.7964,-1,0.0, -> [person (Top): 1%]
frame_000795,-1.0,3.5065,6.1286,3.8265,13.4628,-1,0.0, -> [background only]
frame_000796,-1.0,3.8655,6.3855,3.8435,14.0957,-1,0.0, -> [person (Top): 1%]
frame_000797,-1.0,3.8628,6.4346,4.0258,14.3243,-1,0.0, -> [background only]
frame_000798,-1.0,3.6384,9.9832,4.0046,17.6275,-1,0.0, -> [background only]
frame_000799,-1.0,3.7563,10.7092,3.8269,18.2934,-1,0.0, -> [background only]
frame_000800,-1.0,3.5767,6.2091,3.8838,13.6708,-1,0.0, -> [background only]
frame_000801,-1.0,3.8198,6.5428,4.2136,14.5773,-1,0.0, -> [chair (Right): 8%]
frame_000802,-1.0,3.8928,6.1222,4.1417,14.1581,-1,0.0, -> [chair (Right): 10%]
frame_000803,-1.0,4.0254,6.2848,3.9458,14.257,-1,0.0, -> [chair (Right): 15%]
frame_000804,-1.0,3.0095,6.5527,3.9419,13.505,-1,0.0, -> [chair (Right): 13%]
frame_000805,-1.0,3.5442,6.0958,4.0482,13.6893,-1,0.0," -> [chair (Right): 21%, person (Top-Left): 1%]"
frame_000806,-1.0,3.7414,6.385,4.1982,14.3257,-1,0.0," -> [chair (Right): 22%, person (Top-Left): 1%]"
frame_000807,-1.0,3.9357,6.1286,4.0731,14.1385,-1,0.0, -> [chair (Right): 20%]
frame_000808,-1.0,3.8427,6.4275,4.1358,14.407,-1,0.0, -> [chair (Right): 25%]
frame_000809,-1.0,3.612,6.3101,4.0355,13.9588,-1,0.0, -> [chair (Right): 29%]
frame_000810,-1.0,3.7647,6.1327,4.1391,14.0376,-1,0.0, -> [chair (Center): 24%]
frame_000811,-1.0,4.0067,6.3034,4.2294,14.5406,-1,0.0, -> [chair (Center): 26%]
frame_000812,-1.0,3.6487,7.0166,4.1645,14.8308,-1,0.0, -> [chair (Center): 25%]
frame_000813,-1.0,3.6845,6.4442,4.0549,14.1847,-1,0.0, -> [chair (Center): 23%]
frame_000814,-1.0,3.7362,6.1378,3.9639,13.839,-1,0.0, -> [chair (Center): 22%]
frame_000815,-1.0,3.6606,6.0945,4.1464,13.9024,-1,0.0, -> [chair (Center): 24%]
frame_000816,-1.0,3.6365,6.4754,4.1431,14.256,-1,0.0, -> [chair (Center): 23%]
frame_000817,-1.0,3.7345,6.1547,4.1577,14.0478,-1,0.0," -> [car (Bottom-Right): 2%, chair (Center): 23%]"
frame_000818,-1.0,3.7835,6.1632,4.2923,14.24,-1,0.0," -> [car (Bottom-Right): 3%, chair (Left): 17%]"
frame_000819,-1.0,3.8489,6.1431,3.9846,13.9778,-1,0.0, -> [chair (Left): 18%]
frame_000820,-1.0,3.8698,10.3236,4.3487,18.5435,-1,0.0, -> [chair (Left): 16%]
frame_000821,-1.0,3.7557,6.2249,4.0473,14.0288,-1,0.0, -> [chair (Left): 19%]
frame_000822,-1.0,3.86,10.0708,4.2689,18.2008,-1,0.0, -> [chair (Left): 19%]
frame_000823,-1.0,3.5807,8.5485,4.1363,16.2667,-1,0.0, -> [chair (Left): 15%]
frame_000824,-1.0,3.2506,6.149,3.9751,13.3763,-1,0.0, -> [chair (Left): 12%]
frame_000825,-1.0,3.4345,9.3876,4.009,16.8323,-1,0.0, -> [background only]
frame_000826,-1.0,3.8634,6.2244,3.8627,13.952,-1,0.0, -> [background only]
frame_000827,-1.0,3.7712,6.4594,3.8628,14.0944,-1,0.0, -> [background only]
frame_000828,-1.0,3.8898,6.3146,3.7964,14.0024,-1,0.0, -> [background only]
frame_000829,-1.0,3.8634,6.1226,3.9552,13.9423,-1,0.0, -> [background only]
frame_000830,-1.0,3.3168,6.0071,3.9475,13.2727,-1,0.0, -> [background only]
frame_000831,-1.0,3.5638,6.2945,3.9863,13.8459,-1,0.0, -> [background only]
frame_000832,-1.0,3.6837,6.2137,3.7901,13.6886,-1,0.0, -> [background only]
frame_000833,-1.0,3.6088,6.61,4.0869,14.307,-1,0.0, -> [background only]
frame_000834,-1.0,3.65,6.4098,3.9616,14.0226,-1,0.0, -> [background only]
frame_000835,-1.0,3.7442,6.4028,3.5998,13.748,-1,0.0, -> [background only]
frame_000836,-1.0,3.5458,6.3734,4.0284,13.9485,-1,0.0, -> [background only]
frame_000837,-1.0,3.7058,6.5084,3.9919,14.2074,-1,0.0, -> [background only]
frame_000838,-1.0,3.456,6.5028,3.8862,13.8459,-1,0.0, -> [background only]
frame_000839,-1.0,3.6428,7.3941,4.0325,15.0707,-1,0.0, -> [background only]
frame_000840,-1.0,3.4788,6.0259,4.0276,13.5334,-1,0.0, -> [background only]
frame_000841,-1.0,3.7002,6.2258,4.0406,13.9676,-1,0.0, -> [background only]
frame_000842,-1.0,3.8815,10.7258,3.7662,18.3744,-1,0.0, -> [background only]
frame_000843,-1.0,3.7183,6.2756,3.8336,13.8286,-1,0.0, -> [background only]
frame_000844,-1.0,3.6109,10.4855,4.0335,18.1311,-1,0.0, -> [background only]
frame_000845,-1.0,3.7835,6.5253,3.9199,14.2298,-1,0.0, -> [background only]
frame_000846,-1.0,3.7299,8.9431,3.9788,16.6531,-1,0.0, -> [background only]
frame_000847,-1.0,3.6177,6.2352,3.7909,13.6451,-1,0.0, -> [background only]
frame_000848,-1.0,3.8194,6.5368,4.0596,14.4169,-1,0.0, -> [background only]
frame_000849,-1.0,3.6931,6.0252,3.8172,13.5367,-1,0.0, -> [background only]
frame_000850,-1.0,3.6823,6.386,3.8865,13.956,-1,0.0, -> [background only]
frame_000851,-1.0,3.6304,6.1714,4.1319,13.935,-1,0.0, -> [background only]
frame_000852,-1.0,3.5278,7.6674,4.0067,15.2031,-1,0.0, -> [background only]
frame_000853,-1.0,3.554,7.5951,3.9516,15.1018,-1,0.0, -> [background only]
frame_000854,-1.0,3.1256,6.1596,3.9269,13.2135,-1,0.0, -> [background only]
frame_000855,-1.0,3.6105,6.1708,3.9901,13.7725,-1,0.0, -> [background only]
frame_000856,-1.0,3.7178,6.5352,3.9164,14.1704,-1,0.0, -> [background only]
frame_000857,-1.0,3.5625,6.0438,4.0052,13.6126,-1,0.0, -> [background only]
frame_000858,-1.0,3.4483,6.0399,3.883,13.3723,-1,0.0, -> [background only]
frame_000859,-1.0,3.6639,6.4174,4.0374,14.1198,-1,0.0, -> [background only]
frame_000860,-1.0,3.46,6.0349,3.921,13.417,-1,0.0, -> [background only]
frame_000861,-1.0,3.8596,6.1981,4.0376,14.0964,-1,0.0, -> [background only]
frame_000862,-1.0,3.6576,6.2536,4.0949,14.0074,-1,0.0, -> [background only]
frame_000863,-1.0,3.7841,6.2554,4.0039,14.0445,-1,0.0, -> [background only]
frame_000864,-1.0,3.7802,6.1372,4.1315,14.0499,-1,0.0, -> [background only]
frame_000865,-1.0,3.9304,6.1593,3.9201,14.0107,-1,0.0, -> [background only]
frame_000866,-1.0,3.7005,6.2427,3.9826,13.927,-1,0.0, -> [background only]
frame_000867,-1.0,3.7667,6.2574,3.9388,13.9641,-1,0.0, -> [background only]
frame_000868,-1.0,3.3753,6.2883,3.8128,13.4778,-1,0.0, -> [background only]
frame_000869,-1.0,3.8293,8.0349,3.9137,15.7792,-1,0.0, -> [background only]
frame_000870,-1.0,3.509,6.022,3.8164,13.3487,-1,0.0, -> [background only]
frame_000871,-1.0,3.6666,6.5734,4.0068,14.2483,-1,0.0, -> [background only]
frame_000872,-1.0,3.6123,9.4353,4.035,17.0836,-1,0.0, -> [background only]
frame_000873,-1.0,3.6384,8.9016,3.8822,16.4235,-1,0.0, -> [background only]
frame_000874,-1.0,3.7463,6.1901,4.0554,13.9929,-1,0.0, -> [background only]
frame_000875,-1.0,3.7674,6.0903,4.0188,13.8775,-1,0.0, -> [background only]
frame_000876,-1.0,3.7661,6.1031,4.0973,13.9679,-1,0.0, -> [background only]
frame_000877,-1.0,3.82,6.5161,3.9665,14.3038,-1,0.0, -> [background only]
frame_000878,-1.0,3.6244,6.2562,3.9877,13.8696,-1,0.0, -> [background only]
frame_000879,-1.0,3.6086,6.1141,3.9681,13.6922,-1,0.0, -> [background only]
frame_000880,-1.0,3.3587,6.2287,3.7678,13.3561,-1,0.0, -> [background only]
frame_000881,-1.0,3.7381,6.4979,3.8516,14.0888,-1,0.0, -> [background only]
frame_000882,-1.0,3.3897,6.0667,3.8948,13.3524,-1,0.0, -> [background only]
frame_000883,-1.0,4.0426,6.2159,4.0343,14.2942,-1,0.0, -> [background only]
frame_000884,-1.0,3.4562,6.1485,3.953,13.5588,-1,0.0, -> [background only]
frame_000885,-1.0,3.613,6.1831,4.0787,13.8761,-1,0.0, -> [background only]
frame_000886,-1.0,3.6551,6.08,3.9398,13.6763,-1,0.0, -> [background only]
frame_000887,-1.0,3.6317,6.062,4.0452,13.74,-1,0.0, -> [background only]
frame_000888,-1.0,3.0871,6.0759,3.8149,12.979,-1,0.0, -> [background only]
frame_000889,-1.0,3.6182,6.1923,3.9948,13.8064,-1,0.0, -> [background only]
frame_000890,-1.0,3.592,6.0381,4.059,13.6903,-1,0.0, -> [background only]
frame_000891,-1.0,3.6153,6.3179,3.9664,13.9009,-1,0.0, -> [background only]
frame_000892,-1.0,3.6052,6.245,3.7546,13.6059,-1,0.0, -> [background only]
frame_000893,-1.0,3.5137,6.2835,4.0394,13.8378,-1,0.0, -> [background only]
frame_000894,-1.0,3.493,6.2078,4.1097,13.8117,-1,0.0, -> [background only]
frame_000895,-1.0,3.6904,6.1314,3.8917,13.7145,-1,0.0, -> [background only]
frame_000896,-1.0,3.5188,6.0917,4.1045,13.716,-1,0.0, -> [background only]
frame_000897,-1.0,3.6613,6.0552,4.0426,13.7603,-1,0.0, -> [background only]
frame_000898,-1.0,3.3951,6.2582,3.7731,13.4277,-1,0.0, -> [background only]
frame_000899,-1.0,3.8711,6.0279,3.9815,13.8818,-1,0.0, -> [background only]
frame_000900,-1.0,3.4817,6.2343,3.9653,13.6825,-1,0.0, -> [background only]
frame_000901,-1.0,3.6786,6.1141,3.8048,13.5985,-1,0.0, -> [background only]
frame_000902,-1.0,3.7259,6.1042,3.8274,13.6585,-1,0.0, -> [background only]
frame_000903,-1.0,3.4815,6.0577,4.1037,13.6439,-1,0.0, -> [background only]
frame_000904,-1.0,3.397,6.0738,3.7759,13.2475,-1,0.0, -> [background only]
frame_000905,-1.0,3.5883,6.3111,3.9044,13.8048,-1,0.0, -> [background only]
frame_000906,-1.0,3.6716,6.1238,4.0595,13.856,-1,0.0, -> [background only]
frame_000907,-1.0,3.4,6.0703,3.9841,13.4555,-1,0.0, -> [background only]
frame_000908,-1.0,3.6614,6.098,3.8794,13.64,-1,0.0, -> [background only]
frame_000909,-1.0,3.6363,6.0435,4.0066,13.6874,-1,0.0, -> [background only]
frame_000910,-1.0,3.6703,10.7839,4.101,18.556,-1,0.0, -> [dog (Bottom-Left): 1%]
frame_000911,-1.0,3.7651,6.0085,3.8159,13.5905,-1,0.0, -> [background only]
frame_000912,-1.0,3.6771,6.0907,3.9307,13.6995,-1,0.0, -> [background only]
frame_000913,-1.0,3.6161,6.1412,3.8593,13.6179,-1,0.0, -> [background only]
frame_000914,-1.0,3.5659,6.1977,3.939,13.7038,-1,0.0, -> [background only]
frame_000915,-1.0,3.4981,6.099,4.0167,13.6154,-1,0.0, -> [background only]
frame_000916,-1.0,3.5942,6.0831,3.9727,13.651,-1,0.0, -> [chair (Left): 3%]
frame_000917,-1.0,3.7753,6.319,3.8091,13.9049,-1,0.0, -> [background only]
frame_000918,-1.0,3.382,6.2721,3.9675,13.623,-1,0.0, -> [background only]
frame_000919,-1.0,3.8066,6.0995,4.0247,13.9321,-1,0.0, -> [background only]
frame_000920,-1.0,3.7641,6.2018,3.8059,13.7734,-1,0.0, -> [background only]
frame_000921,-1.0,3.7012,6.1977,3.8865,13.7866,-1,0.0, -> [background only]
frame_000922,-1.0,3.5699,6.0277,4.0413,13.6401,-1,0.0, -> [background only]
frame_000923,-1.0,3.4504,6.03,3.9316,13.4131,-1,0.0, -> [background only]
frame_000924,-1.0,3.6466,6.3168,4.0251,13.9899,-1,0.0, -> [background only]
frame_000925,-1.0,3.4185,6.1104,3.9504,13.4803,-1,0.0, -> [background only]
frame_000926,-1.0,3.5901,9.6255,4.0074,17.2243,-1,0.0, -> [background only]
frame_000927,-1.0,3.7825,6.079,3.9213,13.784,-1,0.0, -> [background only]
frame_000928,-1.0,3.738,6.1333,4.0403,13.9127,-1,0.0, -> [background only]
frame_000929,-1.0,3.4593,6.0748,3.8925,13.4277,-1,0.0, -> [background only]
frame_000930,-1.0,3.7378,6.2811,3.7751,13.7954,-1,0.0, -> [background only]
frame_000931,-1.0,3.6478,6.0748,4.0412,13.7648,-1,0.0, -> [background only]
frame_000932,-1.0,3.7613,6.2161,3.8097,13.788,-1,0.0, -> [background only]
frame_000933,-1.0,3.7352,6.1599,3.8446,13.7407,-1,0.0, -> [background only]
frame_000934,-1.0,3.773,6.107,3.8254,13.7065,-1,0.0, -> [background only]
frame_000935,-1.0,3.7593,6.2505,3.9167,13.9276,-1,0.0, -> [background only]
frame_000936,-1.0,3.8016,6.118,4.0587,13.9796,-1,0.0, -> [background only]
frame_000937,-1.0,4.1186,6.1594,3.6289,13.9083,-1,0.0, -> [background only]
frame_000938,-1.0,3.8436,6.4178,3.8759,14.1384,-1,0.0, -> [background only]
frame_000939,-1.0,3.9589,6.3154,3.8095,14.0851,-1,0.0, -> [background only]
frame_000940,-1.0,3.6503,6.263,3.932,13.8463,-1,0.0, -> [background only]
frame_000941,-1.0,3.8197,6.6205,3.9234,14.365,-1,0.0, -> [background only]
frame_000942,-1.0,3.8217,6.3018,3.9434,14.068,-1,0.0, -> [background only]
frame_000943,-1.0,3.2169,6.1149,4.2662,13.5993,-1,0.0, -> [background only]
frame_000944,-1.0,3.8878,6.5958,4.0235,14.5082,-1,0.0, -> [background only]
frame_000945,-1.0,3.8167,6.5396,4.0709,14.4285,-1,0.0, -> [background only]
frame_000946,-1.0,3.9001,6.1487,4.1523,14.2021,-1,0.0, -> [background only]
frame_000947,-1.0,3.7733,10.5505,4.2275,18.5526,-1,0.0, -> [background only]
frame_000948,-1.0,3.4184,9.2273,4.0312,16.6781,-1,0.0, -> [background only]
frame_000949,-1.0,3.4724,6.3731,4.2386,14.0856,-1,0.0, -> [background only]
frame_000950,-1.0,3.7856,6.2464,4.1651,14.1981,-1,0.0, -> [background only]
frame_000951,-1.0,3.7007,6.3884,4.0201,14.1102,-1,0.0, -> [background only]
frame_000952,-1.0,3.5057,6.0815,4.0335,13.6217,-1,0.0, -> [background only]
frame_000953,-1.0,3.7359,6.42,4.1074,14.2643,-1,0.0, -> [background only]
frame_000954,-1.0,3.7285,6.1927,4.0766,13.9989,-1,0.0, -> [background only]
frame_000955,-1.0,3.8569,6.1404,3.8273,13.8255,-1,0.0, -> [background only]
frame_000956,-1.0,3.4657,6.2135,4.2668,13.947,-1,0.0, -> [background only]
frame_000957,-1.0,3.6394,6.2659,3.9872,13.8935,-1,0.0, -> [background only]
frame_000958,-1.0,3.5769,8.0129,4.1921,15.7831,-1,0.0, -> [background only]
frame_000959,-1.0,3.9391,6.6141,4.1385,14.6933,-1,0.0, -> [background only]
frame_000960,-1.0,3.6917,6.6136,3.9717,14.2784,-1,0.0, -> [background only]
frame_000961,-1.0,3.6378,6.2872,4.1055,14.0316,-1,0.0, -> [background only]
frame_000962,-1.0,3.6453,6.2933,4.0478,13.9879,-1,0.0, -> [background only]
frame_000963,-1.0,3.7766,6.5389,3.8612,14.1782,-1,0.0, -> [background only]
frame_000964,-1.0,3.7283,6.3014,4.0849,14.1161,-1,0.0, -> [background only]
frame_000965,-1.0,3.8771,6.1545,4.1273,14.1602,-1,0.0, -> [background only]
frame_000966,-1.0,3.4195,6.0689,4.1646,13.6541,-1,0.0, -> [background only]
frame_000967,-1.0,3.7012,6.153,4.2189,14.0745,-1,0.0, -> [background only]
frame_000968,-1.0,3.8723,6.5815,4.0795,14.5347,-1,0.0, -> [background only]
frame_000969,-1.0,3.7928,6.5587,4.0588,14.4117,-1,0.0, -> [background only]
frame_000970,-1.0,3.6501,6.2656,4.0838,14.0008,-1,0.0, -> [background only]
frame_000971,-1.0,3.7745,6.3196,4.207,14.3021,-1,0.0, -> [background only]
frame_000972,-1.0,3.1112,6.2526,4.1791,13.5443,-1,0.0, -> [background only]
frame_000973,-1.0,3.5966,6.1459,3.8591,13.603,-1,0.0, -> [background only]
frame_000974,-1.0,3.6779,6.3883,4.0023,14.0696,-1,0.0, -> [background only]
frame_000975,-1.0,3.6392,6.0439,4.096,13.7802,-1,0.0, -> [background only]
frame_000976,-1.0,3.5259,6.0931,4.0696,13.6897,-1,0.0, -> [background only]
frame_000977,-1.0,3.939,6.2886,3.9872,14.216,-1,0.0, -> [background only]
frame_000978,-1.0,3.5205,6.1681,4.1559,13.8454,-1,0.0, -> [background only]
frame_000979,-1.0,3.9402,6.0272,4.0329,14.0018,-1,0.0, -> [background only]
frame_000980,-1.0,3.8092,6.4561,4.1587,14.4254,-1,0.0, -> [background only]
frame_000981,-1.0,3.9222,6.2333,3.9749,14.1315,-1,0.0, -> [background only]
frame_000982,-1.0,3.8211,6.072,4.0723,13.9664,-1,0.0, -> [background only]
frame_000983,-1.0,3.7292,6.0554,3.8318,13.6173,-1,0.0, -> [background only]
frame_000984,-1.0,4.0082,6.4828,4.1661,14.6582,-1,0.0, -> [background only]
frame_000985,-1.0,3.6862,6.1173,3.7474,13.5519,-1,0.0, -> [background only]
frame_000986,-1.0,3.8586,6.2621,4.158,14.2797,-1,0.0, -> [background only]
frame_000987,-1.0,3.849,6.0466,4.0296,13.9267,-1,0.0, -> [background only]
frame_000988,-1.0,3.5035,6.0848,4.0304,13.6197,-1,0.0, -> [background only]
frame_000989,-1.0,3.7618,6.1687,3.8454,13.777,-1,0.0, -> [background only]
frame_000990,-1.0,3.6871,6.0934,4.1356,13.9173,-1,0.0, -> [background only]
frame_000991,-1.0,3.6617,6.2193,4.0589,13.941,-1,0.0, -> [background only]
frame_000992,-1.0,3.8074,6.3067,4.1058,14.221,-1,0.0, -> [background only]
frame_000993,-1.0,3.4344,6.0446,4.0579,13.5379,-1,0.0, -> [background only]
frame_000994,-1.0,3.7061,8.7905,4.1405,16.6383,-1,0.0, -> [background only]
frame_000995,-1.0,5.4858,12.152,5.2084,22.8477,-1,0.0, -> [chair (Top-Right): 6%]
frame_000996,-1.0,5.9855,9.9936,4.3929,20.3731,-1,0.0, -> [chair (Top-Right): 5%]
frame_000997,-1.0,3.1214,6.104,4.3512,13.5777,-1,0.0, -> [chair (Top-Right): 6%]
frame_000998,-1.0,2.9724,6.1149,4.0581,13.1466,-1,0.0, -> [chair (Top-Right): 6%]
frame_000999,-1.0,3.5657,6.5144,4.2552,14.3365,-1,0.0, -> [chair (Top-Right): 5%]
frame_001000,-1.0,3.4877,6.7244,4.3514,14.5646,-1,0.0, -> [chair (Top-Right): 5%]
frame_001001,-1.0,3.7769,6.414,3.8986,14.0908,-1,0.0, -> [chair (Top-Right): 5%]
frame_001002,-1.0,3.5293,6.5984,4.238,14.367,-1,0.0, -> [chair (Top-Right): 5%]
frame_001003,-1.0,3.362,6.8792,4.3045,14.547,-1,0.0, -> [chair (Top-Right): 5%]
frame_001004,-1.0,3.5285,6.4359,4.2514,14.2174,-1,0.0, -> [chair (Top-Right): 5%]
frame_001005,-1.0,3.6157,6.1438,4.2838,14.0447,-1,0.0, -> [chair (Top-Right): 6%]
frame_001006,-1.0,3.3465,10.475,4.1132,17.9362,-1,0.0, -> [chair (Top-Right): 6%]
frame_001007,-1.0,3.4665,6.0255,4.4707,13.9637,-1,0.0, -> [chair (Top-Right): 6%]
frame_001008,-1.0,3.6204,6.1473,4.1787,13.9478,-1,0.0, -> [chair (Top-Right): 6%]
frame_001009,-1.0,3.6995,8.3077,4.1972,16.2056,-1,0.0, -> [chair (Top-Right): 6%]
frame_001010,-1.0,3.6463,6.3727,4.3401,14.3604,-1,0.0, -> [chair (Top-Right): 6%]
frame_001011,-1.0,3.3971,6.0229,4.0994,13.5206,-1,0.0, -> [chair (Top-Right): 6%]
frame_001012,-1.0,3.6352,6.1166,4.2866,14.0397,-1,0.0, -> [chair (Top-Right): 6%]
frame_001013,-1.0,3.6614,6.2755,4.365,14.3031,-1,0.0, -> [chair (Top-Right): 6%]
frame_001014,-1.0,3.7048,6.2448,4.2643,14.2151,-1,0.0, -> [chair (Top-Right): 6%]
frame_001015,-1.0,3.0789,6.626,4.2913,13.9976,-1,0.0, -> [chair (Top-Right): 6%]
frame_001016,-1.0,3.6714,5.8804,4.2264,13.7796,-1,0.0, -> [chair (Top-Right): 7%]
frame_001017,-1.0,3.6362,6.0258,4.2357,13.8989,-1,0.0, -> [chair (Top-Right): 7%]
frame_001018,-1.0,3.4706,6.2681,4.0729,13.813,-1,0.0, -> [chair (Top-Right): 7%]
frame_001019,-1.0,3.7907,6.1432,4.0944,14.0298,-1,0.0, -> [chair (Top-Right): 6%]
frame_001020,-1.0,3.5821,6.2478,4.2338,14.065,-1,0.0, -> [chair (Top-Right): 5%]
frame_001021,-1.0,3.7023,6.6271,4.068,14.3988,-1,0.0, -> [chair (Top-Right): 6%]
frame_001022,-1.0,3.8188,6.5944,4.4045,14.8191,-1,0.0, -> [chair (Top-Right): 6%]
frame_001023,-1.0,3.8561,9.0607,4.1685,17.0864,-1,0.0, -> [chair (Top-Right): 7%]
frame_001024,-1.0,3.7587,6.0084,4.1395,13.9077,-1,0.0, -> [chair (Top-Right): 6%]
frame_001025,-1.0,3.938,6.2396,4.2547,14.4337,-1,0.0, -> [chair (Top-Right): 6%]
frame_001026,-1.0,3.8326,6.0064,4.1585,13.9989,-1,0.0, -> [chair (Top-Right): 7%]
frame_001027,-1.0,4.0751,6.1516,4.047,14.2751,-1,0.0, -> [chair (Top-Right): 7%]
frame_001028,-1.0,3.9066,6.1161,4.2507,14.2747,-1,0.0, -> [chair (Top-Right): 6%]
frame_001029,-1.0,3.78,6.3185,4.2053,14.3052,-1,0.0, -> [chair (Top-Right): 6%]
frame_001030,-1.0,3.9855,10.3553,4.3298,18.672,-1,0.0, -> [chair (Top-Right): 6%]
frame_001031,-1.0,3.7404,6.3265,4.2421,14.3104,-1,0.0, -> [chair (Top-Right): 7%]
frame_001032,-1.0,3.7672,5.958,4.2352,13.9615,-1,0.0, -> [chair (Top-Right): 7%]
frame_001033,-1.0,4.0327,7.0722,4.2623,15.3684,-1,0.0, -> [chair (Top-Right): 7%]
frame_001034,-1.0,3.8312,5.9904,4.0146,13.8372,-1,0.0, -> [chair (Top-Right): 7%]
frame_001035,-1.0,3.993,6.2253,4.2985,14.5177,-1,0.0, -> [chair (Top-Right): 7%]
frame_001036,-1.0,3.9614,6.58,4.1492,14.6918,-1,0.0, -> [chair (Top-Right): 7%]
frame_001037,-1.0,4.0248,6.5774,4.0801,14.6835,-1,0.0, -> [chair (Top-Right): 7%]
frame_001038,-1.0,3.9642,6.6039,4.1523,14.7216,-1,0.0, -> [chair (Top-Right): 7%]
frame_001039,-1.0,3.9193,6.2166,4.1624,14.2993,-1,0.0, -> [chair (Top-Right): 7%]
frame_001040,-1.0,3.7982,5.8261,4.1942,13.8197,-1,0.0, -> [chair (Top-Right): 7%]
frame_001041,-1.0,4.0054,6.1198,4.1084,14.2349,-1,0.0, -> [chair (Top-Right): 7%]
frame_001042,-1.0,3.9799,9.5642,4.32,17.8651,-1,0.0, -> [chair (Top-Right): 7%]
frame_001043,-1.0,4.086,6.5171,4.1926,14.7972,-1,0.0, -> [chair (Top-Right): 7%]
frame_001044,-1.0,4.0308,6.6178,4.1448,14.7947,-1,0.0, -> [chair (Top-Right): 7%]
frame_001045,-1.0,3.1219,5.9842,4.296,13.403,-1,0.0, -> [chair (Top-Right): 6%]
frame_001046,-1.0,3.68,6.4079,4.1971,14.2863,-1,0.0, -> [chair (Top-Right): 6%]
frame_001047,-1.0,3.9302,6.1046,4.1759,14.2118,-1,0.0, -> [chair (Top-Right): 5%]
frame_001048,-1.0,3.9777,6.0667,4.3289,14.3748,-1,0.0, -> [chair (Top-Right): 5%]
frame_001049,-1.0,4.096,6.3745,4.1271,14.5991,-1,0.0, -> [chair (Top-Right): 5%]
frame_001050,-1.0,3.8137,6.5759,4.0009,14.392,-1,0.0, -> [chair (Top-Right): 5%]
frame_001051,-1.0,3.9663,6.1991,4.3027,14.4694,-1,0.0, -> [chair (Top-Right): 5%]
frame_001052,-1.0,3.7114,6.1166,4.0831,13.9128,-1,0.0, -> [chair (Top-Right): 5%]
frame_001053,-1.0,4.047,6.467,4.106,14.6216,-1,0.0, -> [chair (Top-Right): 5%]
frame_001054,-1.0,3.8939,6.3577,4.1697,14.4228,-1,0.0, -> [chair (Top-Right): 5%]
frame_001055,-1.0,3.8553,5.8195,4.1735,13.8492,-1,0.0, -> [chair (Top-Right): 4%]
frame_001056,-1.0,3.7169,6.5174,4.2795,14.5153,-1,0.0, -> [chair (Top-Right): 5%]
frame_001057,-1.0,3.774,7.9377,4.1705,15.8837,-1,0.0, -> [chair (Top-Right): 5%]
frame_001058,-1.0,3.9384,5.9698,4.1992,14.1086,-1,0.0, -> [chair (Top-Right): 5%]
frame_001059,-1.0,3.9368,6.2618,4.1342,14.3341,-1,0.0, -> [chair (Top-Right): 5%]
frame_001060,-1.0,4.0712,6.9079,4.2272,15.2076,-1,0.0, -> [chair (Top-Right): 4%]
frame_001061,-1.0,3.894,6.0009,4.0924,13.9888,-1,0.0, -> [chair (Top-Right): 4%]
frame_001062,-1.0,4.1846,6.1326,4.1141,14.4328,-1,0.0, -> [chair (Top-Right): 5%]
frame_001063,-1.0,3.9111,6.4997,4.2453,14.6573,-1,0.0, -> [chair (Top-Right): 5%]
frame_001064,-1.0,4.0329,6.1188,4.1938,14.347,-1,0.0, -> [chair (Top-Right): 5%]
frame_001065,-1.0,2.8139,5.8122,4.2476,12.8745,-1,0.0, -> [chair (Top-Right): 5%]
frame_001066,-1.0,3.8787,6.102,4.3931,14.3749,-1,0.0, -> [chair (Top-Right): 5%]
frame_001067,-1.0,4.2346,6.17,4.2362,14.6424,-1,0.0, -> [chair (Top-Right): 5%]
frame_001068,-1.0,3.894,5.9565,4.1925,14.0441,-1,0.0, -> [chair (Top-Right): 5%]
frame_001069,-1.0,4.0354,6.484,4.1895,14.7102,-1,0.0, -> [chair (Top-Right): 6%]
frame_001070,-1.0,3.9903,7.0895,4.1072,15.1883,-1,0.0, -> [chair (Top-Right): 5%]
frame_001071,-1.0,3.762,6.6372,4.0916,14.4919,-1,0.0, -> [chair (Top-Right): 5%]
frame_001072,-1.0,3.77,6.2926,3.989,14.0533,-1,0.0, -> [chair (Top-Right): 5%]
frame_001073,-1.0,3.6952,6.2242,4.2509,14.1717,-1,0.0, -> [chair (Top-Right): 5%]
frame_001074,-1.0,4.1341,6.0739,4.1537,14.3634,-1,0.0, -> [chair (Top-Right): 5%]
frame_001075,-1.0,3.9743,6.403,4.1245,14.5032,-1,0.0, -> [chair (Top-Right): 5%]
frame_001076,-1.0,3.7839,6.3507,4.2474,14.3832,-1,0.0, -> [chair (Top-Right): 5%]
frame_001077,-1.0,4.1281,5.9618,4.1136,14.2094,-1,0.0, -> [chair (Top-Right): 5%]
frame_001078,-1.0,3.7106,6.394,4.2853,14.3912,-1,0.0, -> [chair (Top-Right): 5%]
frame_001079,-1.0,4.1053,6.1518,4.1205,14.379,-1,0.0, -> [chair (Top-Right): 5%]
frame_001080,-1.0,3.9129,6.1326,4.223,14.2697,-1,0.0, -> [chair (Top-Right): 5%]
frame_001081,-1.0,3.9679,6.5219,4.1961,14.6869,-1,0.0, -> [chair (Top-Right): 6%]
frame_001082,-1.0,3.6017,6.2999,4.2397,14.1426,-1,0.0, -> [chair (Top-Right): 6%]
frame_001083,-1.0,3.9215,6.511,4.0278,14.4614,-1,0.0, -> [chair (Top-Right): 6%]
frame_001084,-1.0,3.59,6.2911,4.2401,14.1224,-1,0.0, -> [chair (Top-Right): 6%]
frame_001085,-1.0,4.0899,6.3167,4.2618,14.6698,-1,0.0, -> [chair (Top-Right): 5%]
frame_001086,-1.0,3.932,6.6219,3.9227,14.4778,-1,0.0, -> [chair (Top-Right): 5%]
frame_001087,-1.0,3.9921,6.0162,4.1756,14.1851,-1,0.0, -> [chair (Top-Right): 7%]
frame_001088,-1.0,3.8599,8.2299,4.3389,16.4301,-1,0.0, -> [chair (Top): 8%]
frame_001089,-1.0,3.9677,6.3456,4.1757,14.4904,-1,0.0, -> [chair (Top): 9%]
frame_001090,-1.0,3.8579,10.5203,4.031,18.4104,-1,0.0, -> [chair (Top): 7%]
frame_001091,-1.0,3.6831,5.9212,4.251,13.8566,-1,0.0, -> [chair (Top): 7%]
frame_001092,-1.0,3.9638,6.521,4.2794,14.7656,-1,0.0, -> [chair (Top): 5%]
frame_001093,-1.0,3.6994,7.2362,4.0869,15.0237,-1,0.0, -> [chair (Top): 2%]
frame_001094,-1.0,3.8989,9.9071,4.2788,18.0864,-1,0.0, -> [chair (Top): 5%]
frame_001095,-1.0,3.5809,6.3516,4.1633,14.0971,-1,0.0, -> [chair (Top): 8%]
frame_001096,-1.0,4.0465,6.6025,4.2513,14.9016,-1,0.0, -> [chair (Top): 1%]
frame_001097,-1.0,4.0666,6.5546,4.201,14.8239,-1,0.0, -> [chair (Top): 2%]
frame_001098,-1.0,3.7737,6.4675,4.1681,14.4108,-1,0.0, -> [chair (Top): 7%]
frame_001099,-1.0,3.8869,5.9317,4.2087,14.0285,-1,0.0, -> [chair (Top): 5%]
frame_001100,-1.0,3.9621,6.2404,4.1227,14.3265,-1,0.0, -> [chair (Center): 1%]
frame_001101,-1.0,4.0386,6.688,4.0032,14.7313,-1,0.0, -> [chair (Top): 6%]
frame_001102,-1.0,3.9345,10.7115,4.3709,19.0183,-1,0.0, -> [chair (Top): 6%]
frame_001103,-1.0,3.5958,6.1077,4.1696,13.8742,-1,0.0, -> [chair (Top): 1%]
frame_001104,-1.0,2.9778,5.9691,4.0452,12.9934,-1,0.0, -> [chair (Top): 4%]
frame_001105,-1.0,3.9716,6.0626,4.1483,14.1838,-1,0.0, -> [chair (Top): 3%]
frame_001106,-1.0,3.4871,6.3894,4.2278,14.1055,-1,0.0, -> [chair (Top): 4%]
frame_001107,-1.0,4.095,7.6399,4.1521,15.8887,-1,0.0, -> [chair (Top): 3%]
frame_001108,-1.0,3.9096,9.3455,4.2179,17.4743,-1,0.0, -> [background only]
frame_001109,-1.0,3.8704,6.074,4.207,14.153,-1,0.0, -> [chair (Top): 4%]
frame_001110,-1.0,4.0053,6.604,4.1202,14.7308,-1,0.0, -> [chair (Top): 1%]
frame_001111,-1.0,4.0518,5.9641,4.2741,14.2914,-1,0.0, -> [chair (Top): 3%]
frame_001112,-1.0,3.9729,6.5535,4.2028,14.7307,-1,0.0, -> [chair (Top): 5%]
frame_001113,-1.0,4.0416,6.4497,4.0819,14.5744,-1,0.0, -> [chair (Top-Left): 5%]
frame_001114,-1.0,4.0524,9.2449,4.2191,17.5177,-1,0.0, -> [chair (Top-Left): 3%]
frame_001115,-1.0,3.8355,6.4081,4.2593,14.5043,-1,0.0, -> [chair (Top-Left): 3%]
frame_001116,-1.0,4.1627,6.3874,4.0285,14.5799,-1,0.0, -> [chair (Top-Left): 4%]
frame_001117,-1.0,4.0211,6.1119,4.2206,14.3548,-1,0.0, -> [chair (Top-Left): 3%]
frame_001118,-1.0,3.9065,6.2009,4.1903,14.2992,-1,0.0, -> [chair (Top-Left): 4%]
frame_001119,-1.0,4.0714,6.0901,4.0914,14.2542,-1,0.0, -> [chair (Top-Left): 4%]
frame_001120,-1.0,3.9398,8.9304,4.1845,17.0561,-1,0.0, -> [background only]
frame_001121,-1.0,4.0314,6.0604,4.1662,14.2595,-1,0.0, -> [chair (Top-Left): 2%]
frame_001122,-1.0,3.9335,6.576,4.0724,14.5834,-1,0.0, -> [chair (Top-Left): 1%]
frame_001123,-1.0,4.039,6.3,4.246,14.5862,-1,0.0, -> [background only]
frame_001124,-1.0,3.9369,6.3878,4.0994,14.4255,-1,0.0, -> [background only]
frame_001125,-1.0,4.0003,6.2054,4.0328,14.2398,-1,0.0, -> [chair (Top-Left): 1%]
frame_001126,-1.0,3.8749,6.1507,4.0692,14.0961,-1,0.0, -> [background only]
frame_001127,-1.0,3.9864,6.0145,4.082,14.0841,-1,0.0, -> [background only]
frame_001128,-1.0,3.9373,10.2008,3.9736,18.1129,-1,0.0, -> [background only]
frame_001129,-1.0,4.2002,6.5351,4.1109,14.8475,-1,0.0, -> [background only]
frame_001130,-1.0,3.8705,6.4407,3.862,14.1745,-1,0.0, -> [background only]
frame_001131,-1.0,3.9746,6.068,4.0727,14.117,-1,0.0, -> [chair (Top-Left): 1%]
frame_001132,-1.0,3.9543,6.5349,4.1107,14.601,-1,0.0, -> [background only]
frame_001133,-1.0,4.227,6.5969,4.0394,14.8648,-1,0.0, -> [background only]
frame_001134,-1.0,2.7925,10.3908,4.2214,17.4057,-1,0.0, -> [chair (Top-Left): 1%]
frame_001135,-1.0,3.5878,6.1731,4.1587,13.9207,-1,0.0, -> [chair (Top): 2%]
frame_001136,-1.0,4.016,6.2973,4.1803,14.4948,-1,0.0," -> [chair (Top-Right): 4%, tvmonitor (Top-Right): 3%]"
frame_001137,-1.0,3.7834,6.3336,4.3577,14.4761,-1,0.0," -> [chair (Right): 5%, tvmonitor (Top-Right): 2%]"
frame_001138,-1.0,3.8645,6.0723,4.2242,14.1622,-1,0.0," -> [chair (Right): 7%, tvmonitor (Top-Right): 3%]"
frame_001139,-1.0,3.9459,9.5467,4.0435,17.5373,-1,0.0," -> [chair (Right): 9%, tvmonitor (Top-Right): 1%]"
frame_001140,-1.0,3.9866,6.3073,4.3429,14.6382,-1,0.0," -> [chair (Right): 8%, tvmonitor (Top-Right): 1%]"
frame_001141,-1.0,3.9283,6.5497,4.3209,14.8002,-1,0.0," -> [chair (Right): 9%, tvmonitor (Top-Right): 4%]"
frame_001142,-1.0,3.9159,6.3769,4.2489,14.5432,-1,0.0," -> [chair (Right): 10%, tvmonitor (Top-Right): 4%]"
frame_001143,-1.0,3.9501,6.5352,4.2319,14.7189,-1,0.0," -> [chair (Right): 11%, tvmonitor (Top-Right): 4%]"
frame_001144,-1.0,3.9202,6.2391,4.2783,14.4389,-1,0.0," -> [chair (Right): 11%, tvmonitor (Top-Right): 3%]"
frame_001145,-1.0,4.0197,5.9398,4.3864,14.3475,-1,0.0," -> [chair (Right): 12%, tvmonitor (Top-Right): 3%]"
frame_001146,-1.0,3.8533,8.7133,4.1273,16.6954,-1,0.0, -> [chair (Right): 14%]
frame_001147,-1.0,3.9809,6.2341,3.9567,14.1732,-1,0.0, -> [chair (Right): 12%]
frame_001148,-1.0,3.9655,6.2573,4.2288,14.4533,-1,0.0, -> [chair (Right): 14%]
frame_001149,-1.0,4.086,6.5449,4.2794,14.9117,-1,0.0, -> [chair (Right): 14%]
frame_001150,-1.0,3.9345,6.1675,4.1959,14.2993,-1,0.0, -> [chair (Right): 10%]
frame_001151,-1.0,4.1118,6.4991,4.0472,14.6594,-1,0.0," -> [chair (Right): 13%, tvmonitor (Top): 1%]"
frame_001152,-1.0,3.7534,6.3698,4.2284,14.3533,-1,0.0," -> [chair (Right): 11%, tvmonitor (Top): 4%]"
frame_001153,-1.0,3.9778,6.5521,4.2885,14.8199,-1,0.0," -> [chair (Right): 16%, tvmonitor (Top): 1%]"
frame_001154,-1.0,3.7849,6.449,4.2798,14.5151,-1,0.0," -> [chair (Right): 14%, tvmonitor (Top): 3%]"
frame_001155,-1.0,4.0725,6.2177,4.2409,14.5324,-1,0.0," -> [chair (Center): 13%, tvmonitor (Top-Right): 5%]"
frame_001156,-1.0,4.1224,9.7969,4.0765,17.997,-1,0.0," -> [chair (Center): 9%, tvmonitor (Top-Right): 9%]"
frame_001157,-1.0,3.9272,6.5496,4.3954,14.8737,-1,0.0," -> [chair (Center): 9%, tvmonitor (Top-Right): 11%]"
frame_001158,-1.0,3.9547,6.0809,4.3233,14.3603,-1,0.0," -> [chair (Center): 8%, tvmonitor (Top-Right): 11%]"
frame_001159,-1.0,3.8893,6.2016,4.214,14.3061,-1,0.0," -> [chair (Center): 9%, tvmonitor (Top-Right): 12%]"
frame_001160,-1.0,4.0929,6.1304,4.3295,14.5544,-1,0.0," -> [chair (Center): 13%, tvmonitor (Top-Right): 8%]"
frame_001161,-1.0,3.8554,6.4326,4.2189,14.5084,-1,0.0," -> [chair (Center): 12%, tvmonitor (Top-Right): 13%]"
frame_001162,-1.0,4.066,6.7492,4.2914,15.1079,-1,0.0," -> [chair (Center): 12%, tvmonitor (Top): 4%]"
frame_001163,-1.0,3.5275,6.6384,4.3,14.4673,-1,0.0," -> [chair (Center): 12%, tvmonitor (Top): 5%]"
frame_001164,-1.0,3.94,6.3067,4.4726,14.7206,-1,0.0," -> [chair (Center): 11%, tvmonitor (Top): 6%]"
frame_001165,-1.0,3.9983,6.5829,4.2268,14.8094,-1,0.0," -> [chair (Center): 11%, tvmonitor (Top): 12%]"
frame_001166,-1.0,4.0167,6.5508,4.472,15.041,-1,0.0," -> [chair (Center): 10%, tvmonitor (Top): 13%]"
frame_001167,-1.0,4.1199,6.3991,4.4442,14.9644,-1,0.0," -> [chair (Center): 12%, tvmonitor (Top-Left): 4%]"
frame_001168,-1.0,4.0531,9.5156,4.4325,18.0025,-1,0.0," -> [chair (Center): 12%, tvmonitor (Top-Left): 2%]"
frame_001169,-1.0,3.9677,10.3168,4.5548,18.8409,-1,0.0," -> [chair (Left): 13%, tvmonitor (Top): 8%]"
frame_001170,-1.0,3.7207,6.1355,4.4662,14.3235,-1,0.0," -> [chair (Left): 10%, tvmonitor (Top): 19%]"
frame_001171,-1.0,4.0226,5.932,4.3885,14.3446,-1,0.0," -> [chair (Left): 9%, tvmonitor (Top-Right): 12%]"
frame_001172,-1.0,3.6392,6.2275,4.4904,14.3582,-1,0.0," -> [chair (Left): 10%, tvmonitor (Right): 13%]"
frame_001173,-1.0,3.9106,7.2864,4.4419,15.6401,-1,0.0," -> [chair (Left): 10%, tvmonitor (Top): 17%]"
frame_001174,-1.0,4.0443,6.5933,4.0892,14.7281,-1,0.0, -> [chair (Left): 15%]
frame_001175,-1.0,3.9765,6.6539,4.1512,14.783,-1,0.0, -> [chair (Left): 14%]
frame_001176,-1.0,4.1247,6.6328,4.3382,15.0971,-1,0.0, -> [chair (Left): 11%]
frame_001177,-1.0,3.6107,6.1852,4.4141,14.2113,-1,0.0," -> [chair (Left): 12%, tvmonitor (Center): 18%]"
frame_001178,-1.0,4.1413,6.0103,4.4932,14.6468,-1,0.0," -> [chair (Left): 9%, tvmonitor (Center): 11%]"
frame_001179,-1.0,4.0679,6.2243,4.5301,14.8238,-1,0.0," -> [chair (Left): 8%, tvmonitor (Center): 14%]"
frame_001180,-1.0,2.9164,5.9885,4.3719,13.278,-1,0.0," -> [chair (Left): 6%, tvmonitor (Center): 12%]"
frame_001181,-1.0,4.0107,10.3457,4.5531,18.9107,-1,0.0," -> [chair (Left): 6%, tvmonitor (Center): 12%]"
frame_001182,-1.0,4.0505,6.1407,4.4295,14.6222,-1,0.0," -> [chair (Left): 4%, tvmonitor (Center): 13%]"
frame_001183,-1.0,3.9277,6.043,4.1949,14.1668,-1,0.0," -> [chair (Left): 3%, tvmonitor (Center): 17%]"
frame_001184,-1.0,4.0007,6.1029,4.5883,14.6942,-1,0.0," -> [chair (Left): 3%, tvmonitor (Center): 16%]"
frame_001185,-1.0,3.9589,6.5918,4.4422,14.9941,-1,0.0," -> [chair (Left): 4%, tvmonitor (Center): 17%]"
frame_001186,-1.0,4.0638,6.5995,4.493,15.1579,-1,0.0," -> [chair (Left): 3%, tvmonitor (Center): 17%]"
frame_001187,-1.0,3.7666,7.4922,4.235,15.4953,-1,0.0," -> [chair (Top-Left): 2%, tvmonitor (Center): 14%]"
frame_001188,-1.0,3.7389,6.1629,4.4444,14.3477,-1,0.0," -> [chair (Left): 2%, tvmonitor (Center): 7%]"
frame_001189,-1.0,3.7547,6.0657,4.3861,14.208,-1,0.0," -> [chair (Top-Left): 1%, tvmonitor (Center): 16%]"
frame_001190,-1.0,3.7744,6.4047,4.4538,14.6342,-1,0.0," -> [chair (Top-Left): 1%, tvmonitor (Center): 16%]"
frame_001191,-1.0,3.7442,10.4601,4.5624,18.7682,-1,0.0," -> [chair (Left): 2%, tvmonitor (Center): 12%]"
frame_001192,-1.0,3.064,5.8327,4.2454,13.1432,-1,0.0," -> [chair (Left): 3%, tvmonitor (Center): 11%]"
frame_001193,-1.0,3.7198,6.3006,4.5481,14.5703,-1,0.0," -> [chair (Left): 3%, tvmonitor (Center): 11%]"
frame_001194,-1.0,3.7572,6.6478,4.4737,14.8804,-1,0.0," -> [chair (Left): 3%, tvmonitor (Center): 15%]"
frame_001195,-1.0,3.9678,8.0215,4.4012,16.3919,-1,0.0," -> [chair (Left): 3%, tvmonitor (Center): 10%]"
frame_001196,-1.0,4.1286,10.6032,4.6336,19.3672,-1,0.0," -> [chair (Left): 3%, tvmonitor (Center): 12%]"
frame_001197,-1.0,4.0151,6.4702,4.4377,14.9243,-1,0.0," -> [chair (Left): 3%, tvmonitor (Center): 12%]"
frame_001198,-1.0,4.0258,5.9737,4.4092,14.4101,-1,0.0," -> [chair (Left): 3%, tvmonitor (Center): 10%]"
frame_001199,-1.0,3.9382,5.9766,4.244,14.1601,-1,0.0," -> [chair (Left): 3%, tvmonitor (Center): 12%]"
frame_001200,-1.0,3.8451,6.6062,4.4297,14.8823,-1,0.0," -> [chair (Left): 3%, tvmonitor (Center): 12%]"
frame_001201,-1.0,3.9656,6.0794,4.199,14.2454,-1,0.0," -> [chair (Left): 3%, tvmonitor (Center): 13%]"
frame_001202,-1.0,4.0615,6.3743,4.4553,14.8925,-1,0.0," -> [chair (Left): 3%, tvmonitor (Center): 13%]"
frame_001203,-1.0,3.2052,9.8002,4.4329,17.4394,-1,0.0," -> [chair (Left): 3%, tvmonitor (Center): 12%]"
frame_001204,-1.0,4.002,6.1427,4.4158,14.5618,-1,0.0," -> [chair (Left): 3%, tvmonitor (Center): 13%]"
frame_001205,-1.0,3.9749,7.7321,4.5517,16.2601,-1,0.0," -> [chair (Left): 3%, tvmonitor (Center): 13%]"
frame_001206,-1.0,3.9363,6.6628,4.4291,15.0294,-1,0.0," -> [chair (Left): 3%, tvmonitor (Center): 13%]"
frame_001207,-1.0,3.9791,8.6835,4.4205,17.0848,-1,0.0," -> [chair (Left): 3%, tvmonitor (Center): 13%]"
frame_001208,-1.0,3.906,6.6216,4.5284,15.0572,-1,0.0," -> [chair (Left): 3%, tvmonitor (Center): 12%]"
frame_001209,-1.0,4.0687,6.1303,4.4303,14.6306,-1,0.0," -> [chair (Left): 3%, tvmonitor (Center): 13%]"
frame_001210,-1.0,4.0411,6.1028,4.216,14.3613,-1,0.0," -> [chair (Left): 3%, tvmonitor (Center): 12%]"
frame_001211,-1.0,3.9138,6.4769,4.2674,14.6594,-1,0.0," -> [chair (Left): 3%, tvmonitor (Center): 13%]"
frame_001212,-1.0,3.9946,6.2432,4.4402,14.6793,-1,0.0," -> [chair (Left): 3%, tvmonitor (Center): 14%]"
frame_001213,-1.0,4.0144,6.6889,4.3909,15.0956,-1,0.0," -> [chair (Left): 3%, tvmonitor (Center): 14%]"
frame_001214,-1.0,4.0357,6.5978,4.4627,15.0975,-1,0.0," -> [chair (Left): 3%, tvmonitor (Center): 14%]"
frame_001215,-1.0,4.0164,6.6323,4.4717,15.1218,-1,0.0," -> [chair (Left): 3%, tvmonitor (Center): 15%]"
frame_001216,-1.0,3.9956,6.4493,4.3673,14.8134,-1,0.0," -> [chair (Left): 3%, tvmonitor (Center): 15%]"
frame_001217,-1.0,4.0936,6.6234,4.57,15.2884,-1,0.0," -> [chair (Left): 3%, tvmonitor (Center): 15%]"
frame_001218,-1.0,3.8862,5.963,4.4534,14.3039,-1,0.0," -> [chair (Left): 3%, tvmonitor (Center): 15%]"
frame_001219,-1.0,3.9675,6.5721,4.2087,14.7496,-1,0.0," -> [chair (Left): 3%, tvmonitor (Center): 15%]"
frame_001220,-1.0,4.0657,6.1133,4.5317,14.712,-1,0.0," -> [chair (Left): 3%, tvmonitor (Center): 16%]"
frame_001221,-1.0,3.9844,6.6137,4.4211,15.0204,-1,0.0," -> [chair (Left): 3%, tvmonitor (Center): 16%]"
frame_001222,-1.0,3.3653,6.3974,4.4713,14.2353,-1,0.0," -> [chair (Left): 3%, tvmonitor (Center): 15%]"
frame_001223,-1.0,4.0015,6.6003,4.3304,14.9336,-1,0.0," -> [chair (Left): 3%, tvmonitor (Center): 15%]"
frame_001224,-1.0,4.0489,5.9864,4.4858,14.5226,-1,0.0," -> [chair (Left): 3%, tvmonitor (Center): 14%]"
frame_001225,-1.0,3.9542,6.212,4.3418,14.5092,-1,0.0," -> [chair (Left): 3%, tvmonitor (Center): 14%]"
frame_001226,-1.0,4.1603,6.4702,4.4708,15.1027,-1,0.0," -> [chair (Left): 3%, tvmonitor (Center): 15%]"
frame_001227,-1.0,4.0008,6.1009,4.4376,14.5406,-1,0.0," -> [chair (Left): 3%, tvmonitor (Center): 15%]"
frame_001228,-1.0,3.7322,6.3698,4.2151,14.3183,-1,0.0," -> [chair (Left): 3%, tvmonitor (Center): 15%]"
frame_001229,-1.0,4.0757,6.237,4.5064,14.8203,-1,0.0," -> [chair (Left): 3%, tvmonitor (Center): 15%]"
frame_001230,-1.0,4.1244,6.5418,4.474,15.1415,-1,0.0," -> [chair (Left): 3%, tvmonitor (Center): 16%]"
frame_001231,-1.0,3.9878,6.6138,4.407,15.01,-1,0.0," -> [chair (Left): 3%, tvmonitor (Center): 15%]"
frame_001232,-1.0,4.0258,6.5389,4.537,15.1028,-1,0.0," -> [chair (Left): 3%, tvmonitor (Center): 15%]"
frame_001233,-1.0,3.8676,8.6444,4.4424,16.9556,-1,0.0," -> [chair (Left): 3%, tvmonitor (Center): 22%]"
frame_001234,-1.0,4.0472,6.5993,4.3819,15.0299,-1,0.0," -> [chair (Top-Left): 1%, tvmonitor (Center): 22%]"
frame_001235,-1.0,3.2972,6.3085,4.2393,13.8463,-1,0.0," -> [chair (Top-Left): 2%, tvmonitor (Top): 14%]"
frame_001236,-1.0,4.1388,6.1494,4.4264,14.7161,-1,0.0," -> [chair (Top-Left): 2%, tvmonitor (Top): 14%]"
frame_001237,-1.0,3.9241,6.2227,4.1963,14.3446,-1,0.0," -> [chair (Top-Left): 2%, tvmonitor (Top): 15%]"
frame_001238,-1.0,4.0894,8.9813,4.4678,17.54,-1,0.0," -> [chair (Top-Left): 2%, tvmonitor (Top): 14%]"
frame_001239,-1.0,3.8317,8.4011,4.4288,16.6632,-1,0.0," -> [chair (Top-Left): 2%, tvmonitor (Top): 14%]"
frame_001240,-1.0,4.0004,9.939,4.4377,18.3785,-1,0.0," -> [chair (Top-Left): 2%, tvmonitor (Top): 14%]"
frame_001241,-1.0,4.1436,8.4006,4.5798,17.1254,-1,0.0," -> [chair (Top-Left): 2%, tvmonitor (Top): 14%]"
frame_001242,-1.0,4.0655,7.6069,4.437,16.111,-1,0.0," -> [chair (Top-Left): 2%, tvmonitor (Top): 14%]"
frame_001243,-1.0,3.9942,6.6284,4.4873,15.1111,-1,0.0," -> [chair (Top-Left): 2%, dog (Bottom-Right): 1%, tvmonitor (Center): 18%]"
frame_001244,-1.0,4.1256,7.5532,4.5357,16.2159,-1,0.0," -> [chair (Top-Left): 1%, tvmonitor (Center): 23%]"
frame_001245,-1.0,3.9675,6.1409,4.5398,14.6495,-1,0.0," -> [chair (Top-Left): 1%, dog (Bottom): 2%, tvmonitor (Top): 20%]"
frame_001246,-1.0,4.1016,6.6535,4.2255,14.9819,-1,0.0," -> [chair (Top-Left): 1%, tvmonitor (Top): 16%]"
frame_001247,-1.0,3.8519,10.1063,4.2151,18.1749,-1,0.0," -> [chair (Top-Left): 1%, tvmonitor (Top): 4%]"
frame_001248,-1.0,3.9683,6.2194,4.3702,14.5593,-1,0.0," -> [chair (Top-Left): 1%, tvmonitor (Top): 7%]"
frame_001249,-1.0,3.2603,6.1495,4.3693,13.7803,-1,0.0," -> [chair (Top-Left): 1%, tvmonitor (Top): 13%]"
frame_001250,-1.0,3.3682,6.3016,4.4731,14.144,-1,0.0," -> [chair (Top-Left): 1%, tvmonitor (Top): 13%]"
frame_001251,-1.0,3.487,6.1882,4.5388,14.215,-1,0.0," -> [chair (Top-Left): 1%, tvmonitor (Top): 14%]"
frame_001252,-1.0,3.6399,6.1319,4.4348,14.2076,-1,0.0," -> [chair (Top-Left): 1%, dog (Bottom): 1%, tvmonitor (Top): 20%]"
frame_001253,-1.0,3.6912,6.1682,4.4552,14.3156,-1,0.0," -> [chair (Top-Left): 1%, tvmonitor (Top): 2%]"
frame_001254,-1.0,3.633,6.3818,4.2219,14.2379,-1,0.0," -> [dog (Bottom): 3%, tvmonitor (Top): 6%]"
frame_001255,-1.0,3.6157,6.2629,4.2985,14.1782,-1,0.0," -> [chair (Top-Left): 1%, dog (Center): 2%, tvmonitor (Top): 3%]"
frame_001256,-1.0,3.4699,6.4908,4.2559,14.2176,-1,0.0, -> [background only]
frame_001257,-1.0,3.6145,6.3643,4.2947,14.2746,-1,0.0, -> [tvmonitor (Top): 1%]
frame_001258,-1.0,3.6021,6.4473,4.3487,14.3989,-1,0.0, -> [tvmonitor (Top): 1%]
frame_001259,-1.0,3.5759,9.6675,4.142,17.3867,-1,0.0, -> [tvmonitor (Top): 1%]
frame_001260,-1.0,3.7922,6.3507,4.2421,14.3861,-1,0.0, -> [tvmonitor (Top): 1%]
frame_001261,-1.0,3.5536,6.0508,4.1942,13.7998,-1,0.0, -> [background only]
frame_001262,-1.0,3.4354,6.0581,4.2446,13.7392,-1,0.0, -> [background only]
frame_001263,-1.0,3.5392,5.9878,4.2728,13.8008,-1,0.0, -> [background only]
frame_001264,-1.0,3.4289,5.9934,4.0631,13.4864,-1,0.0, -> [background only]
frame_001265,-1.0,3.5844,6.3824,4.2885,14.2565,-1,0.0, -> [background only]
frame_001266,-1.0,3.4269,6.0893,4.1469,13.6641,-1,0.0, -> [background only]
frame_001267,-1.0,3.6701,6.3356,4.0997,14.1065,-1,0.0, -> [background only]
frame_001268,-1.0,3.5986,6.1959,4.48,14.2755,-1,0.0, -> [chair (Top-Left): 1%]
frame_001269,-1.0,3.6925,6.1439,4.266,14.1036,-1,0.0, -> [chair (Top-Left): 1%]
frame_001270,-1.0,3.3888,6.2354,4.2148,13.84,-1,0.0, -> [chair (Top-Left): 1%]
frame_001271,-1.0,3.5913,6.3036,4.51,14.4063,-1,0.0, -> [chair (Top-Left): 1%]
frame_001272,-1.0,3.5182,6.0596,4.2557,13.8346,-1,0.0, -> [chair (Top-Left): 1%]
frame_001273,-1.0,3.4699,6.0668,4.2389,13.7764,-1,0.0, -> [chair (Top-Left): 1%]
frame_001274,-1.0,3.1922,8.5612,4.4318,16.1866,-1,0.0, -> [chair (Top-Left): 1%]
frame_001275,-1.0,3.4669,6.1147,4.2856,13.8681,-1,0.0, -> [background only]
frame_001276,-1.0,3.6102,6.1078,4.24,13.9592,-1,0.0, -> [background only]
frame_001277,-1.0,3.5483,6.1125,4.1947,13.8566,-1,0.0, -> [chair (Top-Left): 1%]
frame_001278,-1.0,3.5959,6.1947,4.2217,14.0135,-1,0.0, -> [background only]
frame_001279,-1.0,3.2029,9.6247,4.1797,17.0085,-1,0.0, -> [background only]
frame_001280,-1.0,3.6111,6.1535,4.4404,14.2064,-1,0.0, -> [chair (Top-Left): 3%]
frame_001281,-1.0,3.8018,6.2895,4.2312,14.3241,-1,0.0, -> [chair (Top-Left): 2%]
frame_001282,-1.0,3.4015,6.1012,4.3106,13.8149,-1,0.0," -> [chair (Top-Left): 3%, tvmonitor (Top): 1%]"
frame_001283,-1.0,3.4982,6.0691,4.4585,14.027,-1,0.0," -> [chair (Top-Left): 3%, tvmonitor (Top): 14%]"
frame_001284,-1.0,3.4311,6.082,4.1424,13.6567,-1,0.0," -> [chair (Top-Left): 3%, tvmonitor (Top): 7%]"
frame_001285,-1.0,3.4447,6.0949,4.4597,14.0005,-1,0.0," -> [chair (Top-Left): 3%, tvmonitor (Top): 6%]"
frame_001286,-1.0,3.3556,6.131,4.4095,13.8976,-1,0.0," -> [chair (Top-Left): 2%, tvmonitor (Top): 9%]"
frame_001287,-1.0,3.0211,6.0371,4.328,13.3875,-1,0.0," -> [chair (Top-Left): 2%, tvmonitor (Top): 9%]"
frame_001288,-1.0,3.4086,6.0544,4.277,13.7412,-1,0.0," -> [chair (Top-Left): 2%, tvmonitor (Top): 10%]"
frame_001289,-1.0,3.362,6.0393,4.3631,13.7655,-1,0.0," -> [chair (Top-Left): 3%, tvmonitor (Top): 7%]"
frame_001290,-1.0,3.3822,6.0866,4.3918,13.8616,-1,0.0," -> [chair (Top-Left): 3%, tvmonitor (Top): 5%]"
frame_001291,-1.0,3.4507,6.1262,4.3895,13.9673,-1,0.0," -> [chair (Top-Left): 3%, tvmonitor (Top): 6%]"
frame_001292,-1.0,3.3984,6.8256,4.3369,14.5622,-1,0.0," -> [chair (Top-Left): 3%, tvmonitor (Top): 5%]"
frame_001293,-1.0,3.6612,6.0238,4.4359,14.1218,-1,0.0," -> [chair (Top-Left): 3%, tvmonitor (Top): 4%]"
frame_001294,-1.0,3.3362,6.1488,4.4402,13.9264,-1,0.0," -> [chair (Top-Left): 3%, tvmonitor (Top): 5%]"
frame_001295,-1.0,3.5586,6.0493,4.4126,14.0216,-1,0.0," -> [chair (Top-Left): 3%, tvmonitor (Top): 7%]"
frame_001296,-1.0,3.4011,6.0765,4.239,13.7178,-1,0.0," -> [chair (Top-Left): 3%, tvmonitor (Top): 4%]"
frame_001297,-1.0,3.4221,6.0218,4.3189,13.764,-1,0.0," -> [chair (Top-Left): 2%, tvmonitor (Center): 27%]"
frame_001298,-1.0,3.3776,6.0302,4.4731,13.8822,-1,0.0," -> [chair (Top-Left): 1%, tvmonitor (Top): 12%]"
frame_001299,-1.0,3.4005,6.0277,4.3322,13.7616,-1,0.0," -> [chair (Left): 1%, tvmonitor (Top): 14%]"
frame_001300,-1.0,3.3756,6.1088,4.3263,13.8117,-1,0.0," -> [chair (Top-Left): 1%, tvmonitor (Top): 5%]"
frame_001301,-1.0,3.414,10.4013,4.2865,18.1027,-1,0.0, -> [background only]
frame_001302,-1.0,3.6231,6.0609,4.2573,13.9421,-1,0.0, -> [chair (Left): 1%]
frame_001303,-1.0,3.4543,6.0727,4.2006,13.7287,-1,0.0, -> [tvmonitor (Top): 11%]
frame_001304,-1.0,3.5266,6.0737,4.1826,13.7841,-1,0.0, -> [chair (Left): 1%]
frame_001305,-1.0,3.4018,6.0373,4.3444,13.7845,-1,0.0," -> [chair (Left): 1%, tvmonitor (Top): 3%]"
frame_001306,-1.0,3.2554,6.0033,4.0952,13.3553,-1,0.0," -> [chair (Left): 1%, tvmonitor (Top): 7%]"
frame_001307,-1.0,3.5857,6.3112,4.1611,14.059,-1,0.0, -> [background only]
frame_001308,-1.0,3.4819,6.0422,4.2936,13.8187,-1,0.0, -> [tvmonitor (Top): 9%]
frame_001309,-1.0,3.4781,6.0247,4.2739,13.7777,-1,0.0, -> [tvmonitor (Center): 2%]
frame_001310,-1.0,3.3398,6.034,4.3587,13.7337,-1,0.0, -> [tvmonitor (Top): 3%]
frame_001311,-1.0,3.5453,6.1515,4.2836,13.9819,-1,0.0, -> [tvmonitor (Top): 8%]
frame_001312,-1.0,3.3149,6.1439,4.1747,13.635,-1,0.0, -> [tvmonitor (Center): 21%]
frame_001313,-1.0,3.4955,6.1326,4.2683,13.8975,-1,0.0, -> [tvmonitor (Center): 21%]
frame_001314,-1.0,3.3624,6.1141,4.2332,13.711,-1,0.0, -> [tvmonitor (Top): 10%]
frame_001315,-1.0,3.3963,6.1081,4.0985,13.6039,-1,0.0, -> [tvmonitor (Center): 22%]
frame_001316,-1.0,3.4368,6.165,4.1196,13.7223,-1,0.0, -> [tvmonitor (Top): 19%]
frame_001317,-1.0,3.3682,6.8013,4.084,14.2547,-1,0.0, -> [tvmonitor (Top): 19%]
frame_001318,-1.0,3.3554,6.0834,4.0498,13.4896,-1,0.0, -> [tvmonitor (Top): 8%]
frame_001319,-1.0,3.4639,6.0422,4.1103,13.6173,-1,0.0, -> [tvmonitor (Top): 10%]
frame_001320,-1.0,3.4255,6.0545,4.0835,13.5645,-1,0.0, -> [tvmonitor (Center): 23%]
frame_001321,-1.0,3.318,7.1168,4.2003,14.636,-1,0.0, -> [tvmonitor (Top): 14%]
frame_001322,-1.0,3.4378,6.051,4.0031,13.4928,-1,0.0, -> [tvmonitor (Center): 17%]
frame_001323,-1.0,3.4983,6.0148,4.1699,13.6842,-1,0.0, -> [tvmonitor (Top): 15%]
frame_001324,-1.0,3.412,6.0691,3.9366,13.419,-1,0.0, -> [tvmonitor (Center): 5%]
frame_001325,-1.0,3.3145,9.4227,3.572,16.3103,-1,0.0, -> [background only]
frame_001326,-1.0,3.4687,6.986,4.1106,14.5666,-1,0.0, -> [person (Top-Left): 1%]
frame_001327,-1.0,3.6625,6.0495,4.1581,13.8713,-1,0.0, -> [chair (Top-Left): 1%]
frame_001328,-1.0,3.4001,6.0654,3.8352,13.302,-1,0.0," -> [chair (Left): 3%, tvmonitor (Center): 16%]"
frame_001329,-1.0,3.3692,6.4727,4.1755,14.0185,-1,0.0," -> [chair (Left): 7%, tvmonitor (Top): 22%]"
frame_001330,-1.0,3.3954,6.0324,4.2949,13.7239,-1,0.0," -> [chair (Left): 8%, tvmonitor (Top): 16%]"
frame_001331,-1.0,3.4522,9.3011,4.1381,16.8929,-1,0.0," -> [chair (Left): 9%, tvmonitor (Center): 2%]"
frame_001332,-1.0,3.2583,6.0361,4.1598,13.4554,-1,0.0," -> [chair (Left): 8%, diningtable (Left): 2%]"
frame_001333,-1.0,3.4453,6.0376,4.3283,13.8123,-1,0.0," -> [chair (Left): 11%, diningtable (Left): 3%]"
frame_001334,-1.0,3.2684,6.01,4.1817,13.4614,-1,0.0," -> [chair (Left): 11%, diningtable (Left): 1%]"
frame_001335,-1.0,3.393,6.0778,4.2267,13.6984,-1,0.0," -> [chair (Left): 17%, tvmonitor (Top-Right): 12%]"
frame_001336,-1.0,3.3459,6.0585,4.0811,13.4868,-1,0.0," -> [chair (Left): 17%, diningtable (Left): 1%]"
frame_001337,-1.0,3.4362,8.1319,4.2148,15.784,-1,0.0," -> [chair (Left): 20%, tvmonitor (Right): 3%]"
frame_001338,-1.0,3.4161,6.0244,4.1715,13.6132,-1,0.0, -> [chair (Left): 25%]
frame_001339,-1.0,3.3612,6.228,4.0376,13.6278,-1,0.0," -> [chair (Left): 24%, tvmonitor (Top-Right): 1%]"
frame_001340,-1.0,3.5316,6.0846,4.0916,13.7089,-1,0.0, -> [chair (Left): 27%]
frame_001341,-1.0,3.5725,10.1729,4.2812,18.0276,-1,0.0, -> [chair (Left): 22%]
frame_001342,-1.0,3.328,6.0836,4.2889,13.7015,-1,0.0, -> [chair (Left): 22%]
frame_001343,-1.0,3.4817,6.2556,3.7279,13.4664,-1,0.0, -> [chair (Center): 19%]
frame_001344,-1.0,3.5737,8.5492,4.2686,16.3928,-1,0.0," -> [chair (Center): 23%, person (Top-Right): 1%, tvmonitor (Top-Left): 1%]"
frame_001345,-1.0,3.4779,6.088,4.2638,13.8307,-1,0.0," -> [chair (Center): 22%, tvmonitor (Top-Right): 2%]"
frame_001346,-1.0,3.455,6.1264,3.8411,13.4236,-1,0.0," -> [chair (Center): 29%, tvmonitor (Top-Right): 3%]"
frame_001347,-1.0,3.5105,6.0985,4.2352,13.8453,-1,0.0," -> [chair (Center): 31%, tvmonitor (Top-Right): 7%]"
frame_001348,-1.0,3.405,10.4921,4.2115,18.1097,-1,0.0," -> [chair (Center): 23%, tvmonitor (Right): 9%]"
frame_001349,-1.0,3.3784,6.0281,4.2803,13.6878,-1,0.0," -> [chair (Center): 24%, tvmonitor (Top-Right): 10%]"
frame_001350,-1.0,3.3716,6.0168,4.2161,13.6056,-1,0.0," -> [chair (Center): 22%, tvmonitor (Top-Right): 8%]"
frame_001351,-1.0,3.3829,6.002,4.2529,13.6389,-1,0.0," -> [chair (Center): 20%, tvmonitor (Right): 6%]"
frame_001352,-1.0,3.3543,9.9844,4.0788,17.4185,-1,0.0," -> [chair (Center): 22%, tvmonitor (Right): 3%]"
frame_001353,-1.0,3.4834,6.0606,4.0436,13.5887,-1,0.0, -> [chair (Center): 22%]
frame_001354,-1.0,3.6094,6.0745,4.1827,13.8678,-1,0.0, -> [chair (Center): 24%]
frame_001355,-1.0,3.5159,6.0179,4.0565,13.5911,-1,0.0, -> [chair (Right): 18%]
frame_001356,-1.0,3.4421,6.8888,4.2954,14.6274,-1,0.0, -> [chair (Right): 22%]
frame_001357,-1.0,3.3949,6.0202,4.1185,13.5346,-1,0.0, -> [chair (Right): 14%]
frame_001358,-1.0,3.307,6.0303,4.1595,13.498,-1,0.0," -> [chair (Top-Right): 10%, diningtable (Right): 2%]"
frame_001359,-1.0,3.4893,6.0246,4.1875,13.7025,-1,0.0," -> [chair (Right): 11%, diningtable (Right): 3%, person (Top-Right): 1%]"
frame_001360,-1.0,3.4145,6.5602,4.1597,14.1355,-1,0.0," -> [chair (Top-Right): 8%, diningtable (Right): 3%]"
frame_001361,-1.0,3.4496,6.0053,4.2625,13.7183,-1,0.0," -> [chair (Top-Right): 7%, diningtable (Right): 1%]"
frame_001362,-1.0,3.5036,6.0341,4.0665,13.6052,-1,0.0, -> [chair (Top-Right): 7%]
frame_001363,-1.0,3.4452,6.0181,4.2379,13.7021,-1,0.0, -> [chair (Right): 8%]
frame_001364,-1.0,3.445,6.1059,4.1575,13.7093,-1,0.0, -> [chair (Top-Right): 5%]
frame_001365,-1.0,3.555,8.1914,3.9959,15.7434,-1,0.0, -> [chair (Right): 8%]
frame_001366,-1.0,3.4601,5.9981,4.1625,13.6216,-1,0.0, -> [chair (Right): 2%]
frame_001367,-1.0,3.3795,6.0905,3.9529,13.4238,-1,0.0, -> [background only]
frame_001368,-1.0,3.4454,6.0171,3.5776,13.0411,-1,0.0, -> [background only]
frame_001369,-1.0,3.4733,6.0035,3.9526,13.4302,-1,0.0, -> [background only]
frame_001370,-1.0,3.4919,6.1559,4.0765,13.7255,-1,0.0, -> [background only]
frame_001371,-1.0,3.3652,6.2464,3.9201,13.5327,-1,0.0, -> [background only]
frame_001372,-1.0,3.3158,6.0448,4.0036,13.3655,-1,0.0, -> [background only]
frame_001373,-1.0,3.3294,6.0144,4.0225,13.3674,-1,0.0, -> [background only]
frame_001374,-1.0,3.4777,8.4827,3.8033,15.7649,-1,0.0, -> [background only]
frame_001375,-1.0,3.4301,7.4879,3.7741,14.6936,-1,0.0, -> [background only]
frame_001376,-1.0,3.3682,6.0911,4.0238,13.4846,-1,0.0, -> [chair (Top-Left): 1%]
frame_001377,-1.0,3.4269,6.105,3.5634,13.097,-1,0.0, -> [background only]
frame_001378,-1.0,3.5428,6.0152,3.8308,13.3903,-1,0.0, -> [background only]
frame_001379,-1.0,3.3346,6.0297,4.0709,13.4364,-1,0.0, -> [background only]
frame_001380,-1.0,3.3226,6.0366,3.9433,13.3035,-1,0.0, -> [background only]
frame_001381,-1.0,3.6436,6.1496,4.0617,13.8562,-1,0.0, -> [background only]
frame_001382,-1.0,3.4282,6.181,4.0298,13.6402,-1,0.0, -> [background only]
frame_001383,-1.0,3.4901,6.0386,4.0172,13.5471,-1,0.0, -> [background only]
frame_001384,-1.0,3.4607,6.0557,3.8681,13.3856,-1,0.0, -> [background only]
frame_001385,-1.0,3.4462,6.0641,4.0103,13.522,-1,0.0, -> [background only]
frame_001386,-1.0,3.4823,6.055,3.8529,13.3913,-1,0.0, -> [background only]
frame_001387,-1.0,3.4163,6.0753,3.9342,13.427,-1,0.0, -> [background only]
frame_001388,-1.0,3.5602,6.1209,4.0171,13.6994,-1,0.0, -> [background only]
frame_001389,-1.0,3.5916,6.0788,3.9069,13.5789,-1,0.0, -> [background only]
frame_001390,-1.0,3.412,6.0937,4.1408,13.6476,-1,0.0, -> [background only]
frame_001391,-1.0,3.5654,6.1359,3.9981,13.7004,-1,0.0, -> [background only]
frame_001392,-1.0,3.4547,6.059,3.9894,13.5041,-1,0.0, -> [background only]
frame_001393,-1.0,3.2991,6.0062,3.7754,13.082,-1,0.0, -> [background only]
frame_001394,-1.0,3.4546,6.0693,3.9791,13.5043,-1,0.0, -> [background only]
frame_001395,-1.0,3.3004,8.3378,3.8663,15.5055,-1,0.0, -> [background only]
frame_001396,-1.0,3.4763,6.0312,3.8122,13.3211,-1,0.0, -> [background only]
frame_001397,-1.0,3.4375,6.0433,4.091,13.5733,-1,0.0, -> [chair (Left): 1%]
frame_001398,-1.0,3.2785,10.2398,3.9372,17.4565,-1,0.0, -> [background only]
frame_001399,-1.0,3.4749,10.7351,4.0677,18.2792,-1,0.0, -> [background only]
frame_001400,-1.0,3.4875,9.6247,4.2398,17.3531,-1,0.0, -> [person (Top): 2%]
frame_001401,-1.0,3.4677,8.5167,4.0264,16.012,-1,0.0, -> [background only]
frame_001402,-1.0,3.4815,6.0677,3.8607,13.4109,-1,0.0, -> [background only]
frame_001403,-1.0,3.4106,8.768,3.987,16.1666,-1,0.0, -> [background only]
frame_001404,-1.0,3.4979,6.0888,3.9525,13.5404,-1,0.0, -> [chair (Left): 2%]
frame_001405,-1.0,3.4275,6.0354,3.943,13.4069,-1,0.0, -> [background only]
frame_001406,-1.0,3.536,6.0921,4.038,13.6672,-1,0.0, -> [background only]
frame_001407,-1.0,3.4376,6.0677,4.061,13.5676,-1,0.0, -> [person (Top-Right): 1%]
frame_001408,-1.0,3.5634,6.0971,4.083,13.7445,-1,0.0, -> [background only]
frame_001409,-1.0,3.5632,6.0904,4.01,13.665,-1,0.0, -> [background only]
frame_001410,-1.0,3.425,10.3341,4.1644,17.9248,-1,0.0, -> [chair (Top-Left): 4%]
frame_001411,-1.0,3.4739,6.0403,4.1506,13.666,-1,0.0, -> [chair (Top-Left): 1%]
frame_001412,-1.0,3.4214,8.938,3.9972,16.3577,-1,0.0, -> [chair (Left): 7%]
frame_001413,-1.0,3.4962,7.8877,3.8786,15.2634,-1,0.0, -> [chair (Top-Left): 2%]
frame_001414,-1.0,3.4066,10.3772,4.122,17.9068,-1,0.0, -> [chair (Top-Left): 1%]
frame_001415,-1.0,3.3036,6.0448,4.0023,13.3518,-1,0.0, -> [bicycle (Bottom): 1%]
frame_001416,-1.0,3.4912,6.0872,4.0234,13.6027,-1,0.0, -> [chair (Top-Left): 3%]
frame_001417,-1.0,3.456,6.093,4.1854,13.7356,-1,0.0, -> [chair (Top-Left): 5%]
frame_001418,-1.0,3.3053,6.0312,4.1415,13.4793,-1,0.0, -> [chair (Top-Left): 1%]
frame_001419,-1.0,3.652,6.0631,4.0356,13.752,-1,0.0, -> [chair (Top-Left): 3%]
frame_001420,-1.0,3.3046,6.0841,4.0811,13.4709,-1,0.0, -> [chair (Top-Left): 4%]
frame_001421,-1.0,3.5097,6.09,3.9734,13.5746,-1,0.0, -> [chair (Top): 2%]
frame_001422,-1.0,3.1948,6.0398,3.9762,13.212,-1,0.0, -> [chair (Top): 2%]
frame_001423,-1.0,3.5439,6.1804,4.1333,13.8592,-1,0.0, -> [chair (Top): 2%]
frame_001424,-1.0,3.4789,6.0878,4.0269,13.595,-1,0.0, -> [chair (Top): 4%]
frame_001425,-1.0,3.4641,6.0847,4.0053,13.5554,-1,0.0, -> [chair (Top): 8%]
frame_001426,-1.0,3.4607,6.033,4.2322,13.7271,-1,0.0," -> [bicycle (Right): 2%, chair (Top): 5%]"
frame_001427,-1.0,3.4121,6.0397,4.1045,13.5576,-1,0.0, -> [chair (Top): 2%]
frame_001428,-1.0,3.0331,6.114,4.9409,14.0889,-1,0.0, -> [bicycle (Right): 21%]
frame_001429,-1.0,3.1052,6.2763,4.1534,13.536,-1,0.0, -> [bicycle (Right): 7%]
frame_001430,-1.0,3.4675,9.7759,4.1802,17.4248,-1,0.0," -> [bicycle (Right): 5%, motorbike (Bottom-Right): 1%]"
frame_001431,-1.0,3.3841,6.0806,4.1166,13.5825,-1,0.0," -> [bicycle (Right): 4%, chair (Top-Right): 1%, motorbike (Bottom-Right): 4%]"
frame_001432,-1.0,3.3823,6.0927,4.1205,13.5966,-1,0.0," -> [bicycle (Right): 4%, chair (Top-Right): 2%]"
frame_001433,-1.0,3.3622,6.0279,4.2269,13.6184,-1,0.0," -> [bicycle (Right): 3%, motorbike (Bottom-Right): 1%]"
frame_001434,-1.0,3.3131,6.0412,3.5816,12.937,-1,0.0, -> [background only]
frame_001435,-1.0,3.5302,6.0727,3.9882,13.5921,-1,0.0, -> [background only]
frame_001436,-1.0,3.3446,6.0282,3.9129,13.2869,-1,0.0, -> [background only]
frame_001437,-1.0,3.333,6.0871,3.9414,13.3625,-1,0.0, -> [background only]
frame_001438,-1.0,3.4043,6.02,3.9779,13.4034,-1,0.0, -> [background only]
frame_001439,-1.0,3.482,6.02,4.0546,13.5576,-1,0.0, -> [background only]
frame_001440,-1.0,3.3362,6.0205,3.885,13.2426,-1,0.0, -> [background only]
frame_001441,-1.0,3.4102,6.1188,4.0094,13.5395,-1,0.0, -> [background only]
frame_001442,-1.0,3.3268,8.8848,3.9811,16.1941,-1,0.0, -> [background only]
frame_001443,-1.0,3.4516,6.0563,3.5799,13.0887,-1,0.0, -> [background only]
frame_001444,-1.0,3.4788,6.0988,3.9658,13.5448,-1,0.0, -> [background only]
frame_001445,-1.0,3.32,7.0053,3.9279,14.2545,-1,0.0, -> [background only]
frame_001446,-1.0,3.53,6.0227,3.9411,13.4948,-1,0.0, -> [background only]
frame_001447,-1.0,3.4243,6.0419,3.945,13.4123,-1,0.0, -> [background only]
frame_001448,-1.0,3.4171,6.0382,4.1478,13.6041,-1,0.0, -> [background only]
frame_001449,-1.0,3.472,6.024,3.9892,13.4862,-1,0.0, -> [background only]
frame_001450,-1.0,3.3417,6.1275,4.0288,13.499,-1,0.0, -> [background only]
frame_001451,-1.0,3.4435,6.057,4.1502,13.6518,-1,0.0, -> [background only]
frame_001452,-1.0,3.4337,6.0514,4.005,13.4909,-1,0.0, -> [background only]
frame_001453,-1.0,3.3497,6.0377,4.1069,13.4953,-1,0.0, -> [background only]
frame_001454,-1.0,3.4522,6.1039,4.1226,13.6797,-1,0.0, -> [background only]
frame_001455,-1.0,3.3866,6.0749,4.1587,13.6211,-1,0.0, -> [background only]
frame_001456,-1.0,3.5022,6.0654,4.0551,13.6237,-1,0.0, -> [background only]
frame_001457,-1.0,3.2971,6.0333,3.8255,13.1571,-1,0.0, -> [background only]
frame_001458,-1.0,3.5125,8.193,4.2147,15.9213,-1,0.0, -> [background only]
frame_001459,-1.0,3.5192,6.7124,3.9969,14.2295,-1,0.0, -> [background only]
frame_001460,-1.0,3.4471,6.0567,3.4977,13.0022,-1,0.0, -> [background only]
frame_001461,-1.0,3.3502,6.0956,4.2827,13.7294,-1,0.0, -> [background only]
frame_001462,-1.0,3.4619,6.0634,3.9492,13.4755,-1,0.0, -> [background only]
frame_001463,-1.0,3.5381,6.0207,4.0375,13.5973,-1,0.0, -> [background only]
frame_001464,-1.0,3.3448,6.0404,4.161,13.5472,-1,0.0, -> [background only]
frame_001465,-1.0,3.5249,6.0369,3.9887,13.5517,-1,0.0, -> [background only]
frame_001466,-1.0,3.4212,6.0264,3.7759,13.2249,-1,0.0, -> [background only]
frame_001467,-1.0,3.3695,6.08,4.0791,13.5298,-1,0.0, -> [background only]
frame_001468,-1.0,3.3842,6.1071,3.9928,13.4853,-1,0.0, -> [background only]
frame_001469,-1.0,3.4797,6.0777,4.0715,13.6303,-1,0.0, -> [background only]
frame_001470,-1.0,3.3039,8.3863,4.2372,15.9285,-1,0.0, -> [background only]
frame_001471,-1.0,3.5063,6.0137,3.9551,13.4764,-1,0.0, -> [background only]
frame_001472,-1.0,3.3065,6.0198,3.9593,13.2865,-1,0.0, -> [background only]
frame_001473,-1.0,3.4565,6.0291,4.0099,13.4965,-1,0.0, -> [background only]
frame_001474,-1.0,3.5293,6.0047,3.9915,13.5265,-1,0.0, -> [background only]
frame_001475,-1.0,3.377,6.0204,4.0015,13.3999,-1,0.0, -> [background only]
frame_001476,-1.0,3.4759,6.0678,4.0889,13.6336,-1,0.0, -> [background only]
frame_001477,-1.0,3.4436,6.0077,4.2062,13.6584,-1,0.0, -> [background only]
frame_001478,-1.0,3.5094,6.0746,4.2011,13.7862,-1,0.0, -> [background only]
frame_001479,-1.0,3.4541,6.0555,3.921,13.4317,-1,0.0, -> [background only]
frame_001480,-1.0,3.1047,7.1851,4.0236,14.3143,-1,0.0, -> [background only]
frame_001481,-1.0,3.2977,6.0866,3.8316,13.2171,-1,0.0, -> [background only]
frame_001482,-1.0,3.539,6.234,4.0057,13.78,-1,0.0, -> [background only]
frame_001483,-1.0,3.1477,6.0295,4.054,13.2324,-1,0.0, -> [background only]
frame_001484,-1.0,3.4369,6.1103,4.1929,13.7411,-1,0.0, -> [background only]
frame_001485,-1.0,3.5148,6.0793,3.9136,13.509,-1,0.0, -> [background only]
frame_001486,-1.0,3.421,6.023,3.9359,13.3811,-1,0.0, -> [background only]
frame_001487,-1.0,3.4215,6.0421,3.8772,13.342,-1,0.0, -> [background only]
frame_001488,-1.0,3.5256,6.1287,3.7819,13.4375,-1,0.0, -> [background only]
frame_001489,-1.0,3.3538,6.0251,4.0264,13.4067,-1,0.0, -> [background only]
frame_001490,-1.0,3.4866,6.0853,4.0063,13.5794,-1,0.0, -> [background only]
frame_001491,-1.0,3.2809,6.1073,3.8868,13.2761,-1,0.0, -> [background only]
frame_001492,-1.0,3.2346,6.0582,3.9903,13.284,-1,0.0, -> [background only]
frame_001493,-1.0,3.3488,6.0852,4.167,13.6026,-1,0.0, -> [background only]
frame_001494,-1.0,3.3281,6.0495,4.0311,13.4096,-1,0.0, -> [background only]
frame_001495,-1.0,3.3929,6.0049,3.7576,13.1565,-1,0.0, -> [background only]
frame_001496,-1.0,3.4857,6.0368,4.178,13.7018,-1,0.0, -> [background only]
frame_001497,-1.0,3.3704,6.0198,4.133,13.5243,-1,0.0, -> [background only]
frame_001498,-1.0,3.3913,6.879,4.0265,14.2978,-1,0.0, -> [background only]
frame_001499,-1.0,3.3799,6.0336,3.9278,13.3424,-1,0.0, -> [background only]
frame_001500,-1.0,3.4261,7.923,4.1787,15.5289,-1,0.0, -> [background only]
frame_001501,-1.0,3.4759,6.0739,4.0243,13.5753,-1,0.0, -> [background only]
frame_001502,-1.0,3.3866,6.0455,3.8171,13.2501,-1,0.0, -> [background only]
frame_001503,-1.0,3.4508,6.0798,4.0574,13.589,-1,0.0, -> [background only]
frame_001504,-1.0,3.2743,6.0778,4.1007,13.4536,-1,0.0, -> [background only]
frame_001505,-1.0,3.5469,6.015,3.8438,13.4067,-1,0.0, -> [background only]
frame_001506,-1.0,3.3456,6.0503,4.2186,13.6155,-1,0.0, -> [background only]
frame_001507,-1.0,3.3169,6.0498,4.069,13.4369,-1,0.0, -> [background only]
frame_001508,-1.0,3.4839,7.422,3.9892,14.8962,-1,0.0, -> [background only]
frame_001509,-1.0,3.3362,6.0175,4.1238,13.4784,-1,0.0, -> [background only]
frame_001510,-1.0,3.3338,6.4392,3.9997,13.7737,-1,0.0, -> [background only]
frame_001511,-1.0,3.4117,6.0797,3.8933,13.3859,-1,0.0, -> [background only]
frame_001512,-1.0,3.4735,7.803,4.0815,15.3592,-1,0.0, -> [background only]
frame_001513,-1.0,3.4509,6.0061,4.0017,13.4597,-1,0.0, -> [background only]
frame_001514,-1.0,3.3195,8.2367,3.9874,15.5446,-1,0.0, -> [background only]
frame_001515,-1.0,3.5399,6.1019,4.2353,13.8784,-1,0.0, -> [background only]
frame_001516,-1.0,3.331,6.0572,3.7255,13.115,-1,0.0, -> [background only]
frame_001517,-1.0,3.5839,6.2172,4.5228,14.325,-1,0.0, -> [background only]
frame_001518,-1.0,3.4733,6.0828,3.8787,13.436,-1,0.0, -> [background only]
frame_001519,-1.0,3.4838,6.8984,4.0337,14.4171,-1,0.0, -> [background only]
frame_001520,-1.0,3.5078,6.0438,3.7793,13.3323,-1,0.0, -> [background only]
frame_001521,-1.0,3.3268,6.1323,4.0308,13.4911,-1,0.0, -> [background only]
frame_001522,-1.0,3.4736,6.0521,4.0969,13.6237,-1,0.0, -> [background only]
frame_001523,-1.0,3.4648,6.029,3.4446,12.9397,-1,0.0, -> [background only]
frame_001524,-1.0,3.3387,6.0634,4.0763,13.4796,-1,0.0, -> [background only]
frame_001525,-1.0,3.4171,6.0319,4.0425,13.4924,-1,0.0, -> [background only]
frame_001526,-1.0,3.4041,6.0203,3.9618,13.3875,-1,0.0, -> [background only]
frame_001527,-1.0,3.5091,6.0572,4.0281,13.5956,-1,0.0, -> [background only]
frame_001528,-1.0,3.3015,6.0213,4.162,13.486,-1,0.0, -> [background only]
frame_001529,-1.0,3.474,7.0217,3.9729,14.4704,-1,0.0, -> [background only]
frame_001530,-1.0,3.4033,6.0318,4.0559,13.4923,-1,0.0, -> [background only]
frame_001531,-1.0,3.4414,6.0267,4.1282,13.5973,-1,0.0, -> [background only]
frame_001532,-1.0,3.3125,5.987,4.0085,13.3091,-1,0.0, -> [background only]
frame_001533,-1.0,3.2774,6.0708,4.167,13.5164,-1,0.0, -> [background only]
frame_001534,-1.0,3.5351,6.0396,4.0595,13.6353,-1,0.0, -> [background only]
frame_001535,-1.0,3.3139,6.0466,4.2167,13.5785,-1,0.0, -> [background only]
frame_001536,-1.0,3.2002,6.0744,3.8484,13.124,-1,0.0, -> [background only]
frame_001537,-1.0,3.379,6.0679,4.0241,13.4723,-1,0.0, -> [background only]
frame_001538,-1.0,3.5543,6.0942,4.1629,13.8126,-1,0.0, -> [background only]
frame_001539,-1.0,3.3866,6.0939,3.8761,13.3578,-1,0.0, -> [background only]
frame_001540,-1.0,3.5269,6.0675,4.1634,13.7586,-1,0.0, -> [background only]
frame_001541,-1.0,3.5131,6.0538,3.9104,13.4783,-1,0.0, -> [background only]
frame_001542,-1.0,3.5193,6.0974,4.1546,13.7726,-1,0.0, -> [background only]
frame_001543,-1.0,3.3207,6.066,3.9343,13.322,-1,0.0, -> [background only]
frame_001544,-1.0,3.4103,6.0955,3.9107,13.4177,-1,0.0, -> [background only]
frame_001545,-1.0,3.4592,6.039,3.9221,13.4213,-1,0.0, -> [background only]
frame_001546,-1.0,3.4809,6.0252,3.8809,13.3881,-1,0.0, -> [background only]
frame_001547,-1.0,3.3997,6.1323,3.9497,13.4829,-1,0.0, -> [background only]
frame_001548,-1.0,3.583,6.0814,4.0565,13.7221,-1,0.0, -> [background only]
frame_001549,-1.0,3.5552,6.0479,4.0852,13.6893,-1,0.0, -> [background only]
frame_001550,-1.0,3.299,6.1605,4.2386,13.6993,-1,0.0, -> [background only]
frame_001551,-1.0,3.5213,6.0486,4.0856,13.6564,-1,0.0, -> [background only]
frame_001552,-1.0,3.276,6.0703,4.2304,13.5779,-1,0.0, -> [background only]
frame_001553,-1.0,3.4887,6.0206,4.0024,13.5125,-1,0.0, -> [background only]
frame_001554,-1.0,3.4195,6.1073,3.9947,13.5225,-1,0.0, -> [background only]
frame_001555,-1.0,3.4439,6.0813,4.1525,13.6786,-1,0.0, -> [background only]
frame_001556,-1.0,3.3906,6.0176,4.1276,13.537,-1,0.0, -> [background only]
frame_001557,-1.0,3.6154,6.069,4.1034,13.7891,-1,0.0, -> [background only]
frame_001558,-1.0,3.507,6.0857,4.0609,13.655,-1,0.0, -> [background only]
frame_001559,-1.0,3.2575,6.068,4.1393,13.4658,-1,0.0, -> [background only]
frame_001560,-1.0,3.4544,6.0472,3.963,13.466,-1,0.0, -> [background only]
frame_001561,-1.0,3.349,6.062,3.9687,13.3807,-1,0.0, -> [background only]
frame_001562,-1.0,3.3867,6.0761,4.1495,13.6136,-1,0.0, -> [background only]
frame_001563,-1.0,3.4187,6.5557,4.0353,14.0106,-1,0.0, -> [background only]
frame_001564,-1.0,3.4799,6.0605,4.0702,13.6119,-1,0.0, -> [background only]
frame_001565,-1.0,3.4758,6.0402,3.6933,13.2102,-1,0.0, -> [background only]
frame_001566,-1.0,3.3953,6.047,3.895,13.3385,-1,0.0, -> [background only]
frame_001567,-1.0,3.4019,6.0105,4.1494,13.5627,-1,0.0, -> [background only]
frame_001568,-1.0,3.404,6.085,4.0287,13.519,-1,0.0, -> [background only]
frame_001569,-1.0,3.3507,6.018,3.918,13.2878,-1,0.0, -> [background only]
frame_001570,-1.0,3.4444,6.0247,4.0946,13.5648,-1,0.0, -> [background only]
frame_001571,-1.0,3.5268,6.0623,4.1226,13.7127,-1,0.0, -> [background only]
frame_001572,-1.0,3.4038,6.1087,3.9616,13.4754,-1,0.0, -> [background only]
frame_001573,-1.0,3.4638,6.0092,3.9733,13.4474,-1,0.0, -> [background only]
frame_001574,-1.0,3.4019,6.0553,4.0594,13.5178,-1,0.0, -> [background only]
frame_001575,-1.0,3.3088,6.0177,4.0265,13.3543,-1,0.0, -> [background only]
frame_001576,-1.0,3.4419,6.0624,4.2063,13.7119,-1,0.0, -> [background only]
frame_001577,-1.0,3.3499,6.1468,3.8967,13.3947,-1,0.0, -> [background only]
frame_001578,-1.0,3.5886,6.0894,4.2649,13.9438,-1,0.0, -> [background only]
frame_001579,-1.0,3.2788,6.0914,4.1809,13.5521,-1,0.0, -> [background only]
frame_001580,-1.0,3.4648,6.1159,4.0354,13.6171,-1,0.0, -> [background only]
frame_001581,-1.0,3.3466,6.0282,4.1399,13.5157,-1,0.0, -> [background only]
frame_001582,-1.0,3.4892,6.0902,3.6707,13.2509,-1,0.0, -> [background only]
frame_001583,-1.0,3.5209,6.1749,4.106,13.803,-1,0.0, -> [background only]
frame_001584,-1.0,3.1982,6.1461,4.0621,13.4076,-1,0.0, -> [background only]
frame_001585,-1.0,3.3168,6.0861,3.9774,13.3813,-1,0.0, -> [background only]
frame_001586,-1.0,3.4601,6.0917,4.0133,13.5659,-1,0.0, -> [background only]
frame_001587,-1.0,3.4914,6.0664,4.0412,13.6,-1,0.0, -> [background only]
frame_001588,-1.0,3.1041,6.0599,4.1484,13.3133,-1,0.0, -> [background only]
frame_001589,-1.0,3.5433,6.0351,4.1703,13.7496,-1,0.0, -> [background only]
frame_001590,-1.0,3.2977,6.1029,4.2523,13.6539,-1,0.0, -> [background only]
frame_001591,-1.0,3.3708,6.0586,3.9635,13.3939,-1,0.0, -> [background only]
frame_001592,-1.0,3.5737,6.0411,4.1523,13.7681,-1,0.0, -> [background only]
frame_001593,-1.0,3.5409,6.073,3.9932,13.608,-1,0.0, -> [background only]
frame_001594,-1.0,3.4298,6.081,3.9517,13.4635,-1,0.0, -> [background only]
frame_001595,-1.0,3.3126,6.0589,3.887,13.2594,-1,0.0, -> [background only]
frame_001596,-1.0,3.5247,6.0649,4.0811,13.6717,-1,0.0, -> [background only]
frame_001597,-1.0,3.5023,6.0714,3.9742,13.5491,-1,0.0, -> [background only]
frame_001598,-1.0,3.4925,6.0796,4.0798,13.6529,-1,0.0, -> [background only]
frame_001599,-1.0,3.4116,6.0279,4.2298,13.6702,-1,0.0, -> [background only]
frame_001600,-1.0,3.4794,6.016,4.0197,13.516,-1,0.0, -> [background only]
frame_001601,-1.0,3.4367,10.4556,4.2117,18.1049,-1,0.0, -> [background only]
frame_001602,-1.0,3.5524,6.0255,4.1478,13.7267,-1,0.0, -> [background only]
frame_001603,-1.0,3.5223,6.0724,4.1778,13.7736,-1,0.0, -> [background only]
frame_001604,-1.0,3.2966,6.0603,4.0855,13.4437,-1,0.0, -> [background only]
frame_001605,-1.0,3.5384,6.1495,3.9981,13.687,-1,0.0, -> [background only]
frame_001606,-1.0,3.7076,6.1835,4.1282,14.0207,-1,0.0, -> [background only]
frame_001607,-1.0,3.6246,6.0728,3.7281,13.4269,-1,0.0, -> [background only]
frame_001608,-1.0,3.498,6.0622,4.0923,13.6538,-1,0.0, -> [background only]
frame_001609,-1.0,3.4466,6.0216,3.8026,13.2723,-1,0.0, -> [background only]
frame_001610,-1.0,3.499,6.1171,3.988,13.6053,-1,0.0, -> [background only]
frame_001611,-1.0,3.3865,6.0574,4.0911,13.5363,-1,0.0, -> [background only]
frame_001612,-1.0,3.4341,6.091,3.9772,13.5033,-1,0.0, -> [background only]
frame_001613,-1.0,3.4622,6.0094,4.1129,13.5856,-1,0.0, -> [background only]
frame_001614,-1.0,3.5764,6.1057,4.0657,13.7489,-1,0.0, -> [background only]
frame_001615,-1.0,3.5889,6.0511,4.1601,13.8012,-1,0.0, -> [background only]
frame_001616,-1.0,3.517,6.0739,3.8889,13.481,-1,0.0, -> [background only]
frame_001617,-1.0,3.4503,6.0721,4.1902,13.714,-1,0.0, -> [background only]
frame_001618,-1.0,3.533,6.0817,4.0653,13.6811,-1,0.0, -> [background only]
frame_001619,-1.0,3.3771,6.0686,3.8493,13.2963,-1,0.0, -> [background only]
frame_001620,-1.0,3.565,6.043,4.1288,13.7379,-1,0.0, -> [background only]
frame_001621,-1.0,3.5171,6.0572,3.9616,13.537,-1,0.0, -> [background only]
frame_001622,-1.0,3.5216,6.0343,4.1997,13.7568,-1,0.0, -> [background only]
frame_001623,-1.0,3.4596,6.0842,3.9742,13.5193,-1,0.0, -> [background only]
frame_001624,-1.0,3.3922,6.0779,4.1549,13.626,-1,0.0, -> [background only]
frame_001625,-1.0,3.4658,6.0807,3.9632,13.5111,-1,0.0, -> [background only]
frame_001626,-1.0,3.5342,6.0268,4.0623,13.6242,-1,0.0, -> [background only]
frame_001627,-1.0,3.6504,6.0186,4.0815,13.7515,-1,0.0, -> [background only]
frame_001628,-1.0,3.5568,6.0952,3.9278,13.581,-1,0.0, -> [background only]
frame_001629,-1.0,3.5082,6.089,4.0692,13.6676,-1,0.0, -> [background only]
frame_001630,-1.0,3.3108,6.0835,3.9758,13.371,-1,0.0, -> [background only]
frame_001631,-1.0,3.3541,6.0135,3.9828,13.3518,-1,0.0, -> [background only]
frame_001632,-1.0,3.4465,6.0451,4.1056,13.5983,-1,0.0, -> [background only]
frame_001633,-1.0,3.3877,6.0334,4.2132,13.6354,-1,0.0, -> [background only]
frame_001634,-1.0,3.4309,6.502,4.007,13.941,-1,0.0, -> [background only]
frame_001635,-1.0,3.5974,6.098,4.0556,13.7521,-1,0.0, -> [background only]
frame_001636,-1.0,3.3519,6.0689,4.1254,13.5474,-1,0.0, -> [background only]
frame_001637,-1.0,3.4404,6.1123,3.9608,13.5147,-1,0.0, -> [background only]
frame_001638,-1.0,3.4422,6.089,4.043,13.5753,-1,0.0, -> [background only]
frame_001639,-1.0,3.5426,6.108,3.9983,13.6498,-1,0.0, -> [background only]
frame_001640,-1.0,3.3495,6.1026,3.9643,13.4174,-1,0.0, -> [background only]
frame_001641,-1.0,3.58,6.0716,4.1597,13.8123,-1,0.0, -> [background only]
frame_001642,-1.0,3.3986,6.0857,4.0822,13.5676,-1,0.0, -> [background only]
frame_001643,-1.0,3.5647,6.0566,3.6588,13.2812,-1,0.0, -> [background only]
frame_001644,-1.0,3.4732,6.1269,4.1017,13.7026,-1,0.0, -> [background only]
frame_001645,-1.0,3.5058,6.0806,4.06,13.6474,-1,0.0, -> [background only]
frame_001646,-1.0,3.54,7.484,3.9782,15.0033,-1,0.0, -> [background only]
frame_001647,-1.0,3.6203,6.0317,4.0177,13.6707,-1,0.0, -> [background only]
frame_001648,-1.0,3.458,6.1411,4.0183,13.6186,-1,0.0, -> [background only]
frame_001649,-1.0,3.5142,6.1122,4.0613,13.6885,-1,0.0, -> [background only]
frame_001650,-1.0,3.4728,6.0824,4.0654,13.6217,-1,0.0, -> [background only]
frame_001651,-1.0,3.4147,6.1105,4.1528,13.6793,-1,0.0, -> [background only]
frame_001652,-1.0,3.3241,6.1375,3.9118,13.3747,-1,0.0, -> [background only]
frame_001653,-1.0,3.4208,6.0459,3.9825,13.4508,-1,0.0, -> [background only]
frame_001654,-1.0,3.4167,6.0476,4.0151,13.4803,-1,0.0, -> [background only]
frame_001655,-1.0,3.4673,6.029,3.9577,13.4556,-1,0.0, -> [background only]
frame_001656,-1.0,3.5554,6.0474,3.9911,13.5947,-1,0.0, -> [background only]
frame_001657,-1.0,3.476,6.0496,3.7484,13.2751,-1,0.0, -> [background only]
frame_001658,-1.0,3.4819,8.965,4.0893,16.5373,-1,0.0, -> [background only]
frame_001659,-1.0,3.4492,6.0462,4.0348,13.5313,-1,0.0, -> [background only]
frame_001660,-1.0,3.4075,9.0762,3.5247,16.0097,-1,0.0, -> [background only]
frame_001661,-1.0,3.5353,6.0312,4.0178,13.5853,-1,0.0, -> [background only]
frame_001662,-1.0,3.423,8.2058,3.9394,15.5693,-1,0.0, -> [background only]
frame_001663,-1.0,3.5622,6.0153,4.1117,13.6904,-1,0.0, -> [background only]
frame_001664,-1.0,3.4237,6.0461,4.0362,13.5072,-1,0.0, -> [background only]
frame_001665,-1.0,3.2339,6.1479,3.7707,13.1538,-1,0.0, -> [background only]
frame_001666,-1.0,3.5618,6.1049,4.0131,13.6811,-1,0.0, -> [background only]
frame_001667,-1.0,3.4453,6.0866,3.9421,13.4749,-1,0.0, -> [background only]
frame_001668,-1.0,3.5301,6.7625,3.6899,13.9837,-1,0.0, -> [background only]
frame_001669,-1.0,3.3841,6.0871,4.0701,13.5424,-1,0.0, -> [background only]
frame_001670,-1.0,3.537,6.1186,3.9835,13.6401,-1,0.0, -> [background only]
frame_001671,-1.0,3.6214,6.0735,3.9833,13.6793,-1,0.0, -> [background only]
frame_001672,-1.0,3.3561,10.6315,4.248,18.2367,-1,0.0, -> [background only]
frame_001673,-1.0,3.5485,6.0554,3.9719,13.5768,-1,0.0, -> [background only]
frame_001674,-1.0,3.3105,6.0272,4.1803,13.5194,-1,0.0, -> [background only]
frame_001675,-1.0,3.5188,6.0296,3.9578,13.5073,-1,0.0, -> [background only]
frame_001676,-1.0,3.4886,6.0738,4.0178,13.5813,-1,0.0, -> [background only]
frame_001677,-1.0,3.4753,6.0435,4.1105,13.6305,-1,0.0, -> [background only]
frame_001678,-1.0,3.4818,8.1284,3.9698,15.5811,-1,0.0, -> [background only]
frame_001679,-1.0,3.4001,6.0566,3.9387,13.3964,-1,0.0, -> [background only]
frame_001680,-1.0,3.635,9.2899,4.019,16.945,-1,0.0, -> [background only]
frame_001681,-1.0,3.271,8.3908,4.0036,15.6667,-1,0.0, -> [background only]
frame_001682,-1.0,3.4139,6.085,3.9444,13.4443,-1,0.0, -> [background only]
frame_001683,-1.0,3.4122,6.0491,4.1479,13.6102,-1,0.0, -> [background only]
frame_001684,-1.0,3.6481,6.1574,3.9387,13.7455,-1,0.0, -> [background only]
frame_001685,-1.0,3.7226,6.2819,4.0164,14.0222,-1,0.0, -> [background only]
frame_001686,-1.0,3.4906,8.6556,4.054,16.2011,-1,0.0, -> [background only]
frame_001687,-1.0,3.3539,6.0701,3.9944,13.4195,-1,0.0, -> [background only]
frame_001688,-1.0,3.5063,6.0959,3.801,13.4042,-1,0.0, -> [background only]
frame_001689,-1.0,3.344,6.1009,3.8126,13.2587,-1,0.0, -> [background only]
frame_001690,-1.0,3.4091,6.4658,3.719,13.595,-1,0.0, -> [background only]
frame_001691,-1.0,3.4973,6.0396,3.9959,13.5339,-1,0.0, -> [background only]
frame_001692,-1.0,3.4998,9.6552,3.9529,17.109,-1,0.0, -> [background only]
frame_001693,-1.0,3.3102,6.0602,3.9506,13.322,-1,0.0, -> [background only]
frame_001694,-1.0,3.41,6.1123,3.9253,13.4488,-1,0.0, -> [background only]
frame_001695,-1.0,3.4672,6.151,4.0947,13.7139,-1,0.0, -> [background only]
