filename,ros_data_age_ms,preprocessing_ms,inference_ms,postprocessing_ms,e2e_ms,class_id,confidence,info
frame_000000,-1.0,1.7031,56.7597,3.9922,62.4563,-1,0.0, -> [background only]
frame_000001,-1.0,1.2707,57.3101,3.9078,62.4895,-1,0.0, -> [background only]
frame_000002,-1.0,1.3383,56.4005,4.1366,61.8764,-1,0.0, -> [background only]
frame_000003,-1.0,1.3449,55.8445,3.9593,61.1495,-1,0.0, -> [background only]
frame_000004,-1.0,1.2439,56.2677,3.8471,61.3597,-1,0.0, -> [background only]
frame_000005,-1.0,1.3078,56.927,4.0165,62.2523,-1,0.0, -> [background only]
frame_000006,-1.0,1.5534,56.4813,4.032,62.0681,-1,0.0, -> [background only]
frame_000007,-1.0,0.9633,56.836,5.6099,63.4105,-1,0.0, -> [background only]
frame_000008,-1.0,1.1001,55.556,4.2931,60.9505,-1,0.0, -> [background only]
frame_000009,-1.0,1.4055,61.3662,4.0586,66.8316,-1,0.0, -> [background only]
frame_000010,-1.0,0.9623,56.4024,4.0455,61.411,-1,0.0, -> [background only]
frame_000011,-1.0,1.4325,55.999,4.0977,61.5306,-1,0.0, -> [background only]
frame_000012,-1.0,1.4052,60.9786,3.9037,66.2886,-1,0.0, -> [background only]
frame_000013,-1.0,1.1137,55.4847,4.2468,60.8464,-1,0.0, -> [background only]
frame_000014,-1.0,1.353,56.9116,4.0237,62.2894,-1,0.0, -> [background only]
frame_000015,-1.0,1.3086,56.0985,4.0727,61.4808,-1,0.0, -> [background only]
frame_000016,-1.0,1.3498,55.8721,4.1987,61.4218,-1,0.0, -> [background only]
frame_000017,-1.0,1.2922,57.28,4.0161,62.5896,-1,0.0, -> [background only]
frame_000018,-1.0,1.3454,56.8421,3.8735,62.062,-1,0.0, -> [background only]
frame_000019,-1.0,1.3164,57.2281,5.8019,64.3481,-1,0.0, -> [background only]
frame_000020,-1.0,1.2146,57.0092,4.1537,62.3789,-1,0.0, -> [background only]
frame_000021,-1.0,1.35,57.0403,4.0774,62.4692,-1,0.0, -> [background only]
frame_000022,-1.0,1.0326,56.9857,4.0474,62.0667,-1,0.0, -> [background only]
frame_000023,-1.0,1.3695,56.4149,3.8424,61.6279,-1,0.0, -> [background only]
frame_000024,-1.0,1.3722,57.4355,4.0552,62.8639,-1,0.0, -> [background only]
frame_000025,-1.0,1.463,56.1296,3.99,61.5838,-1,0.0, -> [background only]
frame_000026,-1.0,1.2925,56.7298,3.9487,61.9719,-1,0.0, -> [background only]
frame_000027,-1.0,1.2941,56.7756,5.4142,63.4856,-1,0.0, -> [background only]
frame_000028,-1.0,1.1513,57.3314,3.9062,62.3903,-1,0.0, -> [background only]
frame_000029,-1.0,1.2366,56.2726,4.0107,61.521,-1,0.0, -> [background only]
frame_000030,-1.0,1.267,57.1228,4.21,62.6009,-1,0.0, -> [background only]
frame_000031,-1.0,1.2782,56.7569,3.8468,61.8834,-1,0.0, -> [background only]
frame_000032,-1.0,1.3173,56.185,3.9191,61.4224,-1,0.0, -> [background only]
frame_000033,-1.0,1.5132,65.8405,4.1108,71.4655,-1,0.0, -> [background only]
frame_000034,-1.0,0.8804,58.2317,3.8852,62.998,-1,0.0, -> [background only]
frame_000035,-1.0,1.0972,56.9498,3.9431,61.9913,-1,0.0, -> [background only]
frame_000036,-1.0,0.9948,57.3463,4.1252,62.4675,-1,0.0, -> [background only]
frame_000037,-1.0,1.1594,57.0819,4.0381,62.2806,-1,0.0, -> [background only]
frame_000038,-1.0,1.3169,55.8375,4.0361,61.1916,-1,0.0, -> [background only]
frame_000039,-1.0,1.2661,57.1776,4.0899,62.5344,-1,0.0, -> [background only]
frame_000040,-1.0,1.2503,56.6755,3.9671,61.8938,-1,0.0, -> [background only]
frame_000041,-1.0,1.2428,57.6193,4.0225,62.8857,-1,0.0, -> [background only]
frame_000042,-1.0,0.976,57.0258,3.9339,61.9366,-1,0.0, -> [background only]
frame_000043,-1.0,1.5168,62.6356,4.2096,68.3633,-1,0.0, -> [background only]
frame_000044,-1.0,1.0944,57.1837,4.5335,62.813,-1,0.0, -> [background only]
frame_000045,-1.0,1.1211,57.0979,4.0876,62.3081,-1,0.0, -> [background only]
frame_000046,-1.0,1.2795,56.8543,3.9947,62.1296,-1,0.0, -> [background only]
frame_000047,-1.0,1.5467,56.2536,4.054,61.8556,-1,0.0, -> [background only]
frame_000048,-1.0,1.2815,57.4562,3.8445,62.5831,-1,0.0, -> [background only]
frame_000049,-1.0,1.3618,56.0497,4.064,61.4765,-1,0.0, -> [background only]
frame_000050,-1.0,1.2892,57.4783,4.1094,62.878,-1,0.0, -> [background only]
frame_000051,-1.0,1.2635,55.6348,4.1825,61.0818,-1,0.0, -> [background only]
frame_000052,-1.0,1.3028,56.8109,3.9415,62.0562,-1,0.0, -> [background only]
frame_000053,-1.0,1.0177,57.0208,4.055,62.0946,-1,0.0, -> [background only]
frame_000054,-1.0,1.251,56.6012,4.0244,61.8778,-1,0.0, -> [chair (Center): 4%]
frame_000055,-1.0,1.3035,56.2303,4.1518,61.6866,-1,0.0, -> [chair (Center): 8%]
frame_000056,-1.0,1.3936,60.9699,5.0908,67.4555,-1,0.0, -> [chair (Center): 3%]
frame_000057,-1.0,1.1496,56.4919,4.2392,61.8822,-1,0.0, -> [chair (Center): 7%]
frame_000058,-1.0,1.2822,57.4222,3.9343,62.6398,-1,0.0, -> [chair (Center): 7%]
frame_000059,-1.0,1.2358,56.0951,4.2526,61.5846,-1,0.0, -> [chair (Center): 10%]
frame_000060,-1.0,1.2814,56.977,4.2881,62.5474,-1,0.0, -> [chair (Top): 21%]
frame_000061,-1.0,1.2693,56.2113,4.1088,61.5906,-1,0.0, -> [chair (Center): 10%]
frame_000062,-1.0,1.2401,56.5469,4.1779,61.9661,-1,0.0, -> [chair (Center): 6%]
frame_000063,-1.0,1.2791,56.4589,4.0636,61.8026,-1,0.0, -> [chair (Center): 4%]
frame_000064,-1.0,1.367,57.1728,4.1185,62.6593,-1,0.0, -> [chair (Center): 1%]
frame_000065,-1.0,1.314,54.5155,4.3389,60.1698,-1,0.0, -> [chair (Center): 2%]
frame_000066,-1.0,1.3347,55.6929,6.4918,63.5212,-1,0.0, -> [chair (Center): 1%]
frame_000067,-1.0,1.1276,58.4937,4.2774,63.9002,-1,0.0, -> [chair (Right): 7%]
frame_000068,-1.0,1.3241,56.894,5.4621,63.6817,-1,0.0, -> [chair (Right): 9%]
frame_000069,-1.0,1.1584,59.1656,4.128,64.4534,-1,0.0, -> [chair (Right): 15%]
frame_000070,-1.0,1.3231,53.692,4.3035,59.3199,-1,0.0, -> [chair (Right): 13%]
frame_000071,-1.0,1.2701,55.6546,4.3327,61.2587,-1,0.0, -> [chair (Right): 13%]
frame_000072,-1.0,1.3073,56.6756,4.2581,62.2419,-1,0.0, -> [chair (Right): 16%]
frame_000073,-1.0,1.3968,56.7697,4.2754,62.4426,-1,0.0, -> [chair (Right): 9%]
frame_000074,-1.0,1.3262,56.6542,4.1383,62.1198,-1,0.0, -> [chair (Right): 5%]
frame_000075,-1.0,1.364,59.1551,4.2731,64.7929,-1,0.0, -> [chair (Right): 1%]
frame_000076,-1.0,1.3005,55.7269,4.2355,61.264,-1,0.0, -> [chair (Right): 10%]
frame_000077,-1.0,1.2961,56.1796,4.2385,61.7152,-1,0.0, -> [chair (Right): 16%]
frame_000078,-1.0,1.3152,55.4738,3.9286,60.7187,-1,0.0, -> [background only]
frame_000079,-1.0,1.2473,55.9426,4.0663,61.2572,-1,0.0, -> [background only]
frame_000080,-1.0,1.0048,55.982,3.8822,60.8699,-1,0.0, -> [background only]
frame_000081,-1.0,1.5067,63.8795,4.2445,69.632,-1,0.0, -> [background only]
frame_000082,-1.0,1.0496,56.8017,3.984,61.8362,-1,0.0, -> [chair (Center): 3%]
frame_000083,-1.0,1.3657,56.2514,4.2742,61.8923,-1,0.0, -> [chair (Center): 5%]
frame_000084,-1.0,1.2813,55.7763,4.3064,61.365,-1,0.0, -> [chair (Center): 2%]
frame_000085,-1.0,1.4138,68.6345,4.1113,74.1607,-1,0.0, -> [chair (Center): 5%]
frame_000086,-1.0,1.2661,56.0541,5.8419,63.1634,-1,0.0, -> [chair (Center): 3%]
frame_000087,-1.0,1.1075,56.3262,4.134,61.569,-1,0.0, -> [background only]
frame_000088,-1.0,1.2936,58.544,3.9577,63.7966,-1,0.0, -> [chair (Center): 7%]
frame_000089,-1.0,1.0612,56.0782,3.9647,61.1049,-1,0.0, -> [chair (Center): 6%]
frame_000090,-1.0,1.2703,55.9907,4.1385,61.4008,-1,0.0," -> [chair (Center): 7%, pottedplant (Bottom-Left): 1%]"
frame_000091,-1.0,0.9131,56.8124,4.0948,61.8212,-1,0.0, -> [chair (Center): 7%]
frame_000092,-1.0,1.3252,57.1129,4.1426,62.5821,-1,0.0, -> [chair (Right): 9%]
frame_000093,-1.0,1.4159,56.6768,4.0845,62.1783,-1,0.0, -> [chair (Right): 8%]
frame_000094,-1.0,1.342,57.7041,4.202,63.249,-1,0.0, -> [chair (Right): 8%]
frame_000095,-1.0,1.382,54.6045,4.3861,60.3733,-1,0.0, -> [chair (Right): 8%]
frame_000096,-1.0,1.2931,56.9557,4.0909,62.3409,-1,0.0, -> [chair (Right): 8%]
frame_000097,-1.0,1.2665,55.6976,4.1441,61.1093,-1,0.0, -> [chair (Right): 8%]
frame_000098,-1.0,1.316,57.605,6.1457,65.068,-1,0.0, -> [chair (Right): 11%]
frame_000099,-1.0,1.2328,56.8241,4.3571,62.4155,-1,0.0, -> [chair (Right): 10%]
frame_000100,-1.0,1.2577,56.7974,4.0926,62.1489,-1,0.0, -> [chair (Right): 9%]
frame_000101,-1.0,1.2487,56.7921,4.1974,62.2395,-1,0.0, -> [chair (Right): 6%]
frame_000102,-1.0,1.32,57.3616,4.1584,62.8412,-1,0.0, -> [chair (Top-Right): 6%]
frame_000103,-1.0,1.2717,56.9055,4.1478,62.326,-1,0.0, -> [chair (Top-Right): 5%]
frame_000104,-1.0,1.3206,58.9531,4.2334,64.5083,-1,0.0, -> [chair (Top-Right): 4%]
frame_000105,-1.0,1.0865,56.1425,4.3459,61.5761,-1,0.0, -> [chair (Top-Right): 4%]
frame_000106,-1.0,1.3482,57.2221,4.0767,62.6481,-1,0.0, -> [chair (Top-Right): 3%]
frame_000107,-1.0,1.3375,56.6288,4.0194,61.9866,-1,0.0, -> [chair (Top-Right): 2%]
frame_000108,-1.0,1.2871,57.5752,4.108,62.9712,-1,0.0, -> [diningtable (Bottom): 2%]
frame_000109,-1.0,1.1706,57.3824,4.2468,62.801,-1,0.0, -> [diningtable (Bottom-Right): 8%]
frame_000110,-1.0,1.2168,57.3656,4.2989,62.8824,-1,0.0," -> [chair (Bottom-Right): 4%, diningtable (Bottom-Right): 7%]"
frame_000111,-1.0,1.0717,56.947,4.1069,62.1269,-1,0.0," -> [chair (Bottom-Right): 5%, diningtable (Bottom-Right): 6%]"
frame_000112,-1.0,1.2941,57.0283,4.1749,62.4988,-1,0.0, -> [diningtable (Bottom-Right): 8%]
frame_000113,-1.0,1.2914,57.5311,4.2799,63.1037,-1,0.0, -> [diningtable (Bottom-Right): 8%]
frame_000114,-1.0,1.3371,56.8476,4.1457,62.3319,-1,0.0, -> [diningtable (Bottom-Right): 4%]
frame_000115,-1.0,1.2658,57.3662,3.9625,62.5956,-1,0.0, -> [background only]
frame_000116,-1.0,1.3042,56.7995,4.1277,62.2326,-1,0.0, -> [background only]
frame_000117,-1.0,1.346,57.5387,4.0217,62.9075,-1,0.0, -> [diningtable (Bottom-Right): 2%]
frame_000118,-1.0,1.2897,56.6586,4.0841,62.0336,-1,0.0, -> [diningtable (Bottom-Right): 3%]
frame_000119,-1.0,1.3007,56.5656,4.0597,61.9272,-1,0.0, -> [background only]
frame_000120,-1.0,1.2487,57.0267,3.9913,62.2679,-1,0.0, -> [background only]
frame_000121,-1.0,1.3536,56.6854,4.067,62.107,-1,0.0, -> [background only]
frame_000122,-1.0,1.3779,57.682,4.0802,63.1411,-1,0.0, -> [background only]
frame_000123,-1.0,1.262,57.0726,4.3023,62.6379,-1,0.0, -> [background only]
frame_000124,-1.0,1.3494,56.9275,4.0517,62.3296,-1,0.0, -> [background only]
frame_000125,-1.0,1.2509,57.4093,3.8428,62.5041,-1,0.0, -> [background only]
frame_000126,-1.0,1.3173,57.4414,4.1623,62.9218,-1,0.0, -> [background only]
frame_000127,-1.0,1.3092,57.0329,3.8978,62.2406,-1,0.0, -> [background only]
frame_000128,-1.0,1.3594,57.7528,4.0623,63.1757,-1,0.0, -> [background only]
frame_000129,-1.0,1.2866,57.6692,4.1489,63.106,-1,0.0, -> [background only]
frame_000130,-1.0,1.3383,57.3124,4.1591,62.8112,-1,0.0, -> [background only]
frame_000131,-1.0,1.5817,58.442,4.0851,64.1099,-1,0.0, -> [background only]
frame_000132,-1.0,1.3101,56.9951,4.1208,62.4266,-1,0.0, -> [background only]
frame_000133,-1.0,1.2905,56.4836,4.1701,61.9449,-1,0.0, -> [background only]
frame_000134,-1.0,1.3228,56.6486,4.0085,61.9811,-1,0.0, -> [background only]
frame_000135,-1.0,1.2524,56.8611,3.9502,62.0647,-1,0.0, -> [background only]
frame_000136,-1.0,1.2658,56.7214,4.1504,62.1386,-1,0.0, -> [background only]
frame_000137,-1.0,1.1743,57.7149,3.9219,62.8119,-1,0.0, -> [background only]
frame_000138,-1.0,1.3442,57.189,4.1874,62.7217,-1,0.0, -> [background only]
frame_000139,-1.0,1.2637,57.2151,3.8065,62.2867,-1,0.0, -> [background only]
frame_000140,-1.0,1.2938,56.9785,3.9207,62.1938,-1,0.0, -> [background only]
frame_000141,-1.0,1.3097,57.3464,4.1982,62.855,-1,0.0, -> [background only]
frame_000142,-1.0,1.5478,62.2616,3.9095,67.7203,-1,0.0, -> [background only]
frame_000143,-1.0,1.0829,56.931,3.898,61.9133,-1,0.0, -> [background only]
frame_000144,-1.0,1.3049,56.823,4.2264,62.3553,-1,0.0, -> [background only]
frame_000145,-1.0,1.2523,56.8643,4.1061,62.2237,-1,0.0, -> [background only]
frame_000146,-1.0,1.3088,56.9406,3.8695,62.12,-1,0.0, -> [background only]
frame_000147,-1.0,1.2934,53.669,4.2789,59.2423,-1,0.0, -> [background only]
frame_000148,-1.0,1.3396,56.8497,4.1235,62.314,-1,0.0, -> [background only]
frame_000149,-1.0,1.3058,57.1794,4.1159,62.6019,-1,0.0, -> [background only]
frame_000150,-1.0,1.363,64.3585,4.2295,69.9516,-1,0.0, -> [background only]
frame_000151,-1.0,1.0011,54.8567,4.2611,60.1197,-1,0.0, -> [background only]
frame_000152,-1.0,1.3022,57.0656,3.9819,62.3506,-1,0.0, -> [background only]
frame_000153,-1.0,1.2781,57.4484,4.1226,62.8502,-1,0.0, -> [background only]
frame_000154,-1.0,1.2908,56.4739,3.9903,61.756,-1,0.0, -> [background only]
frame_000155,-1.0,1.2228,57.5726,3.9363,62.7327,-1,0.0, -> [background only]
frame_000156,-1.0,1.2874,56.0503,4.034,61.3727,-1,0.0, -> [background only]
frame_000157,-1.0,1.2906,57.207,4.0583,62.5571,-1,0.0, -> [background only]
frame_000158,-1.0,1.4053,56.9874,4.1295,62.5234,-1,0.0, -> [background only]
frame_000159,-1.0,1.3674,56.9547,4.0108,62.334,-1,0.0, -> [background only]
frame_000160,-1.0,1.2117,57.8871,3.8342,62.9342,-1,0.0, -> [background only]
frame_000161,-1.0,1.296,57.4023,4.0583,62.7578,-1,0.0, -> [background only]
frame_000162,-1.0,1.319,56.3724,4.2037,61.8959,-1,0.0, -> [background only]
frame_000163,-1.0,1.37,57.8945,3.9687,63.2347,-1,0.0, -> [background only]
frame_000164,-1.0,1.3422,55.606,4.0988,61.0483,-1,0.0, -> [background only]
frame_000165,-1.0,1.3487,60.9567,4.1688,66.4754,-1,0.0, -> [background only]
frame_000166,-1.0,1.2685,57.0974,3.991,62.3582,-1,0.0, -> [background only]
frame_000167,-1.0,1.2815,57.37,4.0478,62.7005,-1,0.0, -> [background only]
frame_000168,-1.0,1.322,58.8189,3.8266,63.9688,-1,0.0, -> [background only]
frame_000169,-1.0,1.1761,57.4754,3.893,62.5457,-1,0.0, -> [background only]
frame_000170,-1.0,1.1863,56.7339,4.1298,62.0513,-1,0.0, -> [background only]
frame_000171,-1.0,1.2314,56.1563,4.0946,61.4838,-1,0.0, -> [background only]
frame_000172,-1.0,1.3868,55.9802,4.1484,61.5164,-1,0.0, -> [background only]
frame_000173,-1.0,1.3564,57.6935,4.0848,63.136,-1,0.0, -> [background only]
frame_000174,-1.0,1.059,54.7358,4.2928,60.0889,-1,0.0, -> [background only]
frame_000175,-1.0,1.2778,57.7656,4.1974,63.2424,-1,0.0, -> [background only]
frame_000176,-1.0,1.2674,56.339,4.0462,61.6538,-1,0.0, -> [background only]
frame_000177,-1.0,1.2921,56.6062,5.116,63.0159,-1,0.0, -> [background only]
frame_000178,-1.0,1.1376,58.1319,4.1227,63.3935,-1,0.0, -> [background only]
frame_000179,-1.0,1.2961,57.9818,4.1201,63.3993,-1,0.0, -> [background only]
frame_000180,-1.0,1.0696,57.1874,4.1329,62.3911,-1,0.0, -> [background only]
frame_000181,-1.0,1.2427,56.4755,4.1317,61.8515,-1,0.0, -> [background only]
frame_000182,-1.0,1.3894,57.0273,4.0902,62.508,-1,0.0, -> [background only]
frame_000183,-1.0,1.306,57.6769,4.1511,63.1354,-1,0.0, -> [background only]
frame_000184,-1.0,1.0546,56.7934,4.0931,61.9422,-1,0.0, -> [background only]
frame_000185,-1.0,1.2544,56.7325,4.0828,62.0709,-1,0.0, -> [background only]
frame_000186,-1.0,1.2577,56.2961,3.8724,61.4275,-1,0.0, -> [background only]
frame_000187,-1.0,1.2782,56.5942,4.0795,61.9529,-1,0.0, -> [background only]
frame_000188,-1.0,1.3263,56.5377,4.109,61.9741,-1,0.0, -> [person (Left): 1%]
frame_000189,-1.0,1.5242,60.8051,4.1401,66.4705,-1,0.0, -> [background only]
frame_000190,-1.0,1.309,57.1931,4.1521,62.6553,-1,0.0, -> [background only]
frame_000191,-1.0,1.5111,59.9228,5.9954,67.4303,-1,0.0, -> [chair (Left): 1%]
frame_000192,-1.0,1.1349,57.6643,4.2444,63.0449,-1,0.0, -> [background only]
frame_000193,-1.0,1.2741,57.1944,4.081,62.5509,-1,0.0, -> [background only]
frame_000194,-1.0,1.3879,57.8366,4.2532,63.4792,-1,0.0, -> [person (Top-Left): 1%]
frame_000195,-1.0,1.4917,54.8405,4.2817,60.6153,-1,0.0, -> [background only]
frame_000196,-1.0,1.3705,56.8596,4.0554,62.2865,-1,0.0, -> [background only]
frame_000197,-1.0,1.2919,57.6651,4.1352,63.0936,-1,0.0, -> [background only]
frame_000198,-1.0,1.3354,58.4786,4.0854,63.9006,-1,0.0, -> [background only]
frame_000199,-1.0,1.2381,57.2902,4.1334,62.6627,-1,0.0, -> [background only]
frame_000200,-1.0,1.364,57.0844,3.9254,62.3751,-1,0.0, -> [background only]
frame_000201,-1.0,1.3347,57.5247,5.0449,63.9056,-1,0.0, -> [background only]
frame_000202,-1.0,1.0231,55.3508,4.2727,60.6481,-1,0.0, -> [background only]
frame_000203,-1.0,1.3171,57.3794,3.9847,62.6824,-1,0.0, -> [background only]
frame_000204,-1.0,1.3093,57.2612,4.1822,62.7539,-1,0.0, -> [background only]
frame_000205,-1.0,1.3542,65.4989,4.0604,70.9145,-1,0.0, -> [background only]
frame_000206,-1.0,0.945,58.0313,4.0523,63.03,-1,0.0, -> [background only]
frame_000207,-1.0,1.3049,57.7563,5.6259,64.6886,-1,0.0, -> [background only]
frame_000208,-1.0,1.1095,56.7139,4.2898,62.1148,-1,0.0, -> [background only]
frame_000209,-1.0,1.2228,56.9133,4.0585,62.1958,-1,0.0, -> [background only]
frame_000210,-1.0,1.3616,56.9469,3.9637,62.2735,-1,0.0, -> [background only]
frame_000211,-1.0,1.4062,57.4223,3.9827,62.8122,-1,0.0, -> [background only]
frame_000212,-1.0,1.2451,56.6794,3.957,61.8823,-1,0.0, -> [background only]
frame_000213,-1.0,0.9856,57.2955,4.0171,62.2993,-1,0.0, -> [background only]
frame_000214,-1.0,1.3631,55.7677,3.8756,61.0075,-1,0.0, -> [background only]
frame_000215,-1.0,1.3657,56.4055,4.1505,61.9228,-1,0.0, -> [background only]
frame_000216,-1.0,1.2146,58.0045,4.0839,63.3037,-1,0.0, -> [background only]
frame_000217,-1.0,1.3053,57.1067,4.1289,62.5418,-1,0.0, -> [background only]
frame_000218,-1.0,1.3133,57.2841,4.1714,62.7698,-1,0.0, -> [background only]
frame_000219,-1.0,1.3023,57.1318,4.0523,62.4874,-1,0.0, -> [background only]
frame_000220,-1.0,1.3,57.1756,4.0775,62.5542,-1,0.0, -> [background only]
frame_000221,-1.0,1.3137,58.0568,4.15,63.5215,-1,0.0, -> [background only]
frame_000222,-1.0,1.3232,57.2633,4.1258,62.7133,-1,0.0, -> [background only]
frame_000223,-1.0,1.3286,56.7141,4.1267,62.1703,-1,0.0, -> [background only]
frame_000224,-1.0,1.2843,57.5693,4.1381,62.9928,-1,0.0, -> [background only]
frame_000225,-1.0,1.3086,56.5195,4.0553,61.8848,-1,0.0, -> [background only]
frame_000226,-1.0,1.4461,56.7891,4.0432,62.2795,-1,0.0, -> [background only]
frame_000227,-1.0,1.3023,56.7217,4.1212,62.146,-1,0.0, -> [background only]
frame_000228,-1.0,1.2526,56.2487,4.0605,61.5628,-1,0.0, -> [background only]
frame_000229,-1.0,1.2986,56.1947,3.9542,61.4486,-1,0.0, -> [background only]
frame_000230,-1.0,1.2374,57.8941,4.1429,63.2755,-1,0.0, -> [background only]
frame_000231,-1.0,1.3263,56.5308,4.028,61.886,-1,0.0, -> [background only]
frame_000232,-1.0,1.301,57.4541,4.0154,62.7716,-1,0.0, -> [background only]
frame_000233,-1.0,1.3323,57.145,4.1716,62.6495,-1,0.0, -> [background only]
frame_000234,-1.0,1.3242,57.2306,4.218,62.7741,-1,0.0, -> [background only]
frame_000235,-1.0,1.3699,57.1791,3.9298,62.4799,-1,0.0, -> [background only]
frame_000236,-1.0,1.2575,57.5902,4.0638,62.9126,-1,0.0, -> [background only]
frame_000237,-1.0,1.3085,55.7299,4.1598,61.1996,-1,0.0, -> [background only]
frame_000238,-1.0,1.1436,55.0482,4.4144,60.6076,-1,0.0, -> [background only]
frame_000239,-1.0,1.341,55.828,4.2748,61.4447,-1,0.0, -> [background only]
frame_000240,-1.0,1.2704,56.457,4.0518,61.7805,-1,0.0, -> [background only]
frame_000241,-1.0,1.2949,55.9309,4.1401,61.3671,-1,0.0, -> [background only]
frame_000242,-1.0,1.2931,56.6821,4.11,62.0865,-1,0.0, -> [background only]
frame_000243,-1.0,1.2649,56.4712,4.0848,61.8215,-1,0.0, -> [background only]
frame_000244,-1.0,1.3151,56.2093,4.0238,61.5493,-1,0.0, -> [background only]
frame_000245,-1.0,1.2604,56.8681,4.1951,62.3248,-1,0.0, -> [background only]
frame_000246,-1.0,1.1221,56.945,6.4073,64.4757,-1,0.0, -> [background only]
frame_000247,-1.0,1.1225,56.8925,4.1222,62.1385,-1,0.0, -> [background only]
frame_000248,-1.0,1.2862,56.5108,4.1935,61.9916,-1,0.0, -> [background only]
frame_000249,-1.0,1.2821,56.8167,4.0765,62.1765,-1,0.0, -> [background only]
frame_000250,-1.0,1.3131,57.5172,4.161,62.9923,-1,0.0, -> [background only]
frame_000251,-1.0,1.3227,57.8739,4.0079,63.2057,-1,0.0, -> [background only]
frame_000252,-1.0,1.3591,56.5655,4.1934,62.1195,-1,0.0, -> [background only]
frame_000253,-1.0,1.268,57.4272,3.8839,62.5805,-1,0.0, -> [background only]
frame_000254,-1.0,1.2718,57.2956,4.0198,62.5885,-1,0.0, -> [background only]
frame_000255,-1.0,1.2975,58.8417,4.1092,64.25,-1,0.0, -> [background only]
frame_000256,-1.0,1.1224,58.3555,4.2532,63.7322,-1,0.0, -> [background only]
frame_000257,-1.0,1.2565,56.5378,4.0685,61.8637,-1,0.0, -> [background only]
frame_000258,-1.0,1.2542,57.4083,4.0095,62.6732,-1,0.0, -> [background only]
frame_000259,-1.0,1.3218,56.6367,3.9499,61.9093,-1,0.0, -> [background only]
frame_000260,-1.0,1.3036,56.5987,4.1707,62.0738,-1,0.0, -> [background only]
frame_000261,-1.0,1.2891,56.3926,4.0513,61.7341,-1,0.0, -> [background only]
frame_000262,-1.0,1.3564,56.6186,3.8943,61.8706,-1,0.0, -> [background only]
frame_000263,-1.0,1.2922,56.1974,4.1968,61.6875,-1,0.0, -> [background only]
frame_000264,-1.0,0.97,56.8366,3.8919,61.6992,-1,0.0, -> [background only]
frame_000265,-1.0,1.3072,56.0407,3.8841,61.2329,-1,0.0, -> [background only]
frame_000266,-1.0,1.2904,59.3459,4.0783,64.7159,-1,0.0, -> [background only]
frame_000267,-1.0,1.3128,56.9654,3.9713,62.2506,-1,0.0, -> [background only]
frame_000268,-1.0,1.4162,54.6542,4.2166,60.2879,-1,0.0, -> [background only]
frame_000269,-1.0,1.3206,57.9541,4.1102,63.3857,-1,0.0, -> [background only]
frame_000270,-1.0,1.2978,55.9076,4.0808,61.2874,-1,0.0, -> [background only]
frame_000271,-1.0,1.2852,57.3216,4.1305,62.7381,-1,0.0, -> [background only]
frame_000272,-1.0,1.2706,57.8917,4.0238,63.1873,-1,0.0, -> [background only]
frame_000273,-1.0,1.3523,57.0852,4.0676,62.5066,-1,0.0, -> [background only]
frame_000274,-1.0,1.0268,57.6074,4.1123,62.7474,-1,0.0, -> [background only]
frame_000275,-1.0,1.3481,57.1132,4.0687,62.531,-1,0.0, -> [background only]
frame_000276,-1.0,1.2634,57.4064,4.1536,62.8245,-1,0.0, -> [background only]
frame_000277,-1.0,1.3248,56.3218,4.0989,61.7463,-1,0.0, -> [background only]
frame_000278,-1.0,1.3456,56.5447,4.0369,61.9282,-1,0.0, -> [background only]
frame_000279,-1.0,1.3442,57.497,4.2317,63.0741,-1,0.0, -> [background only]
frame_000280,-1.0,1.2379,56.8699,4.0541,62.1627,-1,0.0, -> [background only]
frame_000281,-1.0,1.3274,58.4914,4.0655,63.885,-1,0.0, -> [background only]
frame_000282,-1.0,1.2903,56.4761,4.0775,61.8448,-1,0.0, -> [background only]
frame_000283,-1.0,1.356,57.1662,3.9041,62.4275,-1,0.0, -> [background only]
frame_000284,-1.0,1.3752,57.8017,4.1315,63.3093,-1,0.0, -> [background only]
frame_000285,-1.0,1.3468,56.9265,3.8782,62.1523,-1,0.0, -> [background only]
frame_000286,-1.0,1.2622,56.0214,4.1188,61.4035,-1,0.0, -> [background only]
frame_000287,-1.0,1.326,56.1849,4.1402,61.6521,-1,0.0, -> [background only]
frame_000288,-1.0,1.2703,56.0826,3.9982,61.3524,-1,0.0, -> [background only]
frame_000289,-1.0,1.2691,56.893,3.997,62.16,-1,0.0, -> [background only]
frame_000290,-1.0,1.3208,56.682,4.1138,62.1176,-1,0.0, -> [background only]
frame_000291,-1.0,1.285,56.4113,4.0249,61.7221,-1,0.0, -> [background only]
frame_000292,-1.0,1.3041,56.3859,3.9926,61.6836,-1,0.0, -> [background only]
frame_000293,-1.0,1.3953,56.4657,4.1413,62.0032,-1,0.0, -> [background only]
frame_000294,-1.0,1.271,56.6973,4.1067,62.076,-1,0.0, -> [background only]
frame_000295,-1.0,1.4711,58.0421,3.9781,63.4924,-1,0.0, -> [background only]
frame_000296,-1.0,1.4318,55.0565,4.3077,60.7975,-1,0.0, -> [background only]
frame_000297,-1.0,1.3867,57.1179,5.3891,63.8952,-1,0.0, -> [background only]
frame_000298,-1.0,1.1596,57.4158,4.2174,62.794,-1,0.0, -> [background only]
frame_000299,-1.0,1.2059,57.5252,4.0897,62.8225,-1,0.0, -> [background only]
frame_000300,-1.0,1.3159,56.9062,4.0519,62.2754,-1,0.0, -> [background only]
frame_000301,-1.0,1.2307,56.702,3.9957,61.9296,-1,0.0, -> [background only]
frame_000302,-1.0,1.3167,57.2786,3.9282,62.525,-1,0.0, -> [background only]
frame_000303,-1.0,1.3569,59.1441,4.1098,64.6128,-1,0.0, -> [background only]
frame_000304,-1.0,1.2504,57.1161,4.0256,62.3935,-1,0.0, -> [background only]
frame_000305,-1.0,1.3085,57.4366,4.1439,62.8904,-1,0.0, -> [background only]
frame_000306,-1.0,1.2834,57.1717,4.0175,62.4734,-1,0.0, -> [background only]
frame_000307,-1.0,1.3788,57.2535,4.2006,62.8341,-1,0.0, -> [background only]
frame_000308,-1.0,1.3043,57.9047,3.9129,63.1232,-1,0.0, -> [background only]
frame_000309,-1.0,1.2862,58.2493,4.1217,63.6582,-1,0.0, -> [background only]
frame_000310,-1.0,1.5572,65.7612,4.1462,71.4658,-1,0.0, -> [background only]
frame_000311,-1.0,1.1552,58.4413,4.1192,63.7167,-1,0.0, -> [background only]
frame_000312,-1.0,1.5884,56.4708,4.1009,62.1612,-1,0.0, -> [background only]
frame_000313,-1.0,1.3311,56.9848,4.0136,62.3306,-1,0.0, -> [background only]
frame_000314,-1.0,1.3929,59.9788,4.1916,65.5645,-1,0.0, -> [background only]
frame_000315,-1.0,1.0559,54.4469,4.1869,59.6908,-1,0.0, -> [background only]
frame_000316,-1.0,1.3677,56.8848,4.1455,62.3991,-1,0.0, -> [background only]
frame_000317,-1.0,1.2643,56.8357,4.0703,62.1711,-1,0.0, -> [background only]
frame_000318,-1.0,1.2813,56.9173,4.0604,62.26,-1,0.0, -> [background only]
frame_000319,-1.0,1.3065,56.9188,4.137,62.3635,-1,0.0, -> [background only]
frame_000320,-1.0,1.386,57.013,3.8833,62.2833,-1,0.0, -> [background only]
frame_000321,-1.0,1.3272,57.3484,4.097,62.7736,-1,0.0, -> [background only]
frame_000322,-1.0,1.3078,56.1361,4.1595,61.6046,-1,0.0, -> [background only]
frame_000323,-1.0,0.9966,57.6733,4.1325,62.8035,-1,0.0, -> [background only]
frame_000324,-1.0,1.2717,56.7099,4.1176,62.1004,-1,0.0, -> [background only]
frame_000325,-1.0,1.2657,57.1368,4.0411,62.4448,-1,0.0, -> [background only]
frame_000326,-1.0,1.3168,56.0653,4.1383,61.5216,-1,0.0, -> [background only]
frame_000327,-1.0,1.2586,56.8485,4.1592,62.2674,-1,0.0, -> [background only]
frame_000328,-1.0,1.3195,58.3352,5.536,65.1919,-1,0.0, -> [background only]
frame_000329,-1.0,1.1004,55.8544,4.3322,61.2882,-1,0.0, -> [background only]
frame_000330,-1.0,1.3612,57.1863,3.9542,62.5027,-1,0.0, -> [background only]
frame_000331,-1.0,1.3471,57.5536,4.1073,63.0089,-1,0.0, -> [background only]
frame_000332,-1.0,1.3032,57.233,4.1025,62.6403,-1,0.0, -> [background only]
frame_000333,-1.0,1.0813,56.956,4.1068,62.1458,-1,0.0, -> [background only]
frame_000334,-1.0,1.5016,69.5119,4.1195,75.1341,-1,0.0, -> [background only]
frame_000335,-1.0,0.914,57.6066,5.4974,64.019,-1,0.0, -> [background only]
frame_000336,-1.0,1.1122,56.8022,4.1519,62.0676,-1,0.0, -> [background only]
frame_000337,-1.0,1.2544,57.3595,4.0821,62.697,-1,0.0, -> [background only]
frame_000338,-1.0,1.2483,56.004,4.1668,61.4201,-1,0.0, -> [background only]
frame_000339,-1.0,1.2826,56.4696,4.0697,61.8228,-1,0.0, -> [background only]
frame_000340,-1.0,1.3101,56.8181,4.0009,62.1301,-1,0.0, -> [background only]
frame_000341,-1.0,1.3221,57.7892,3.9719,63.0842,-1,0.0, -> [background only]
frame_000342,-1.0,1.3534,56.4487,3.9038,61.7073,-1,0.0, -> [background only]
frame_000343,-1.0,1.5105,56.2871,4.2012,61.9997,-1,0.0, -> [background only]
frame_000344,-1.0,1.3173,58.0993,3.9798,63.3976,-1,0.0, -> [background only]
frame_000345,-1.0,1.5429,66.0661,4.0193,71.6293,-1,0.0, -> [background only]
frame_000346,-1.0,1.0318,56.9639,4.1129,62.1095,-1,0.0, -> [background only]
frame_000347,-1.0,1.2553,56.3832,3.9509,61.5905,-1,0.0, -> [background only]
frame_000348,-1.0,1.3358,57.7206,4.1481,63.2058,-1,0.0, -> [background only]
frame_000349,-1.0,1.285,57.0319,3.8806,62.1985,-1,0.0, -> [background only]
frame_000350,-1.0,1.2913,57.4483,4.072,62.8127,-1,0.0, -> [background only]
frame_000351,-1.0,1.2472,57.602,3.9537,62.8038,-1,0.0, -> [background only]
frame_000352,-1.0,1.3037,57.6459,4.139,63.0896,-1,0.0, -> [background only]
frame_000353,-1.0,1.3012,54.7295,4.4674,60.4995,-1,0.0, -> [background only]
frame_000354,-1.0,1.3564,57.4911,4.1509,62.9993,-1,0.0, -> [background only]
frame_000355,-1.0,1.2496,57.1176,4.001,62.3692,-1,0.0, -> [background only]
frame_000356,-1.0,1.3568,57.0431,4.1343,62.5353,-1,0.0, -> [background only]
frame_000357,-1.0,1.2898,56.9056,4.035,62.2315,-1,0.0, -> [background only]
frame_000358,-1.0,1.3293,57.1992,4.2114,62.7415,-1,0.0, -> [background only]
frame_000359,-1.0,0.9837,57.8327,3.7903,62.6074,-1,0.0, -> [background only]
frame_000360,-1.0,1.2902,56.6463,4.1561,62.0938,-1,0.0, -> [background only]
frame_000361,-1.0,1.2713,58.3263,3.9626,63.5612,-1,0.0, -> [background only]
frame_000362,-1.0,1.3473,56.5668,4.1351,62.0501,-1,0.0, -> [background only]
frame_000363,-1.0,1.1758,56.8296,4.1002,62.1069,-1,0.0, -> [background only]
frame_000364,-1.0,1.3235,56.5089,4.0443,61.8777,-1,0.0, -> [background only]
frame_000365,-1.0,1.2787,57.7379,3.975,62.9928,-1,0.0, -> [background only]
frame_000366,-1.0,1.295,56.1794,3.9798,61.4552,-1,0.0, -> [background only]
frame_000367,-1.0,1.2259,57.0082,3.9972,62.2323,-1,0.0, -> [background only]
frame_000368,-1.0,1.2897,55.8834,3.9987,61.1728,-1,0.0, -> [background only]
frame_000369,-1.0,1.2252,56.3999,4.1297,61.7558,-1,0.0, -> [background only]
frame_000370,-1.0,1.2433,57.5108,4.0015,62.7568,-1,0.0, -> [background only]
frame_000371,-1.0,1.3197,57.6459,4.0591,63.0258,-1,0.0, -> [background only]
frame_000372,-1.0,1.3248,57.4388,3.9426,62.7071,-1,0.0, -> [background only]
frame_000373,-1.0,1.334,57.1395,4.1714,62.6457,-1,0.0, -> [background only]
frame_000374,-1.0,1.3118,57.591,4.0208,62.9249,-1,0.0, -> [background only]
frame_000375,-1.0,0.9575,57.0358,4.0305,62.0249,-1,0.0, -> [background only]
frame_000376,-1.0,1.2618,57.3591,3.9165,62.5383,-1,0.0, -> [background only]
frame_000377,-1.0,1.5436,65.4256,4.208,71.1782,-1,0.0, -> [background only]
frame_000378,-1.0,1.0999,58.4195,4.0998,63.6201,-1,0.0, -> [background only]
frame_000379,-1.0,1.3146,57.6418,4.092,63.0494,-1,0.0, -> [background only]
frame_000380,-1.0,1.4958,57.1082,4.0473,62.6522,-1,0.0, -> [background only]
frame_000381,-1.0,1.3271,57.7064,4.1524,63.1871,-1,0.0, -> [background only]
frame_000382,-1.0,1.3379,57.658,4.1243,63.1214,-1,0.0, -> [background only]
frame_000383,-1.0,1.0131,57.5685,4.1329,62.7154,-1,0.0, -> [background only]
frame_000384,-1.0,1.3676,57.3995,4.1345,62.9025,-1,0.0, -> [background only]
frame_000385,-1.0,1.3453,56.5522,4.1016,62.0,-1,0.0, -> [background only]
frame_000386,-1.0,1.2641,57.2323,4.0136,62.5111,-1,0.0, -> [background only]
frame_000387,-1.0,1.3675,57.0711,3.9746,62.4143,-1,0.0, -> [background only]
frame_000388,-1.0,1.4162,57.3714,4.0703,62.8591,-1,0.0, -> [background only]
frame_000389,-1.0,1.2292,58.1291,4.0289,63.3885,-1,0.0, -> [background only]
frame_000390,-1.0,1.3197,56.4582,3.9824,61.7614,-1,0.0, -> [background only]
frame_000391,-1.0,1.2753,56.8736,4.1256,62.2758,-1,0.0, -> [background only]
frame_000392,-1.0,1.525,64.4992,4.8955,70.9209,-1,0.0, -> [background only]
frame_000393,-1.0,1.1663,58.5925,4.1976,63.9576,-1,0.0, -> [background only]
frame_000394,-1.0,1.7759,62.3487,3.9167,68.0426,-1,0.0, -> [background only]
frame_000395,-1.0,1.1708,56.7225,4.1531,62.0475,-1,0.0, -> [background only]
frame_000396,-1.0,1.1848,57.2307,4.3659,62.7829,-1,0.0, -> [background only]
frame_000397,-1.0,1.4434,54.9205,4.1838,60.5491,-1,0.0, -> [background only]
frame_000398,-1.0,1.3353,57.9784,4.0482,63.3634,-1,0.0, -> [background only]
frame_000399,-1.0,1.4129,58.4806,4.1115,64.0061,-1,0.0, -> [background only]
frame_000400,-1.0,1.2843,57.8126,4.2199,63.3182,-1,0.0, -> [background only]
frame_000401,-1.0,1.3033,56.9834,4.1775,62.4652,-1,0.0, -> [background only]
frame_000402,-1.0,1.324,56.4929,3.768,61.5858,-1,0.0, -> [background only]
frame_000403,-1.0,1.2915,57.1549,4.0473,62.4947,-1,0.0, -> [background only]
frame_000404,-1.0,1.3613,56.4957,4.0395,61.8974,-1,0.0, -> [background only]
frame_000405,-1.0,1.2345,56.644,4.0941,61.9736,-1,0.0, -> [background only]
frame_000406,-1.0,1.3323,57.312,4.0737,62.719,-1,0.0, -> [background only]
frame_000407,-1.0,1.5159,56.9411,4.1091,62.5672,-1,0.0, -> [background only]
frame_000408,-1.0,1.2744,56.8117,4.0705,62.1575,-1,0.0, -> [background only]
frame_000409,-1.0,1.31,57.5189,4.1126,62.9425,-1,0.0, -> [background only]
frame_000410,-1.0,1.3078,56.7886,4.0851,62.1825,-1,0.0, -> [background only]
frame_000411,-1.0,1.2572,56.1795,4.1952,61.6331,-1,0.0, -> [background only]
frame_000412,-1.0,1.3078,57.1522,3.971,62.4321,-1,0.0, -> [background only]
frame_000413,-1.0,1.2702,57.6295,4.0428,62.944,-1,0.0, -> [background only]
frame_000414,-1.0,1.2829,57.8845,4.1113,63.28,-1,0.0, -> [background only]
frame_000415,-1.0,1.1805,58.1796,4.1807,63.5417,-1,0.0, -> [background only]
frame_000416,-1.0,1.3308,57.7806,3.9979,63.1102,-1,0.0, -> [background only]
frame_000417,-1.0,1.3378,57.0396,4.2948,62.6731,-1,0.0, -> [chair (Right): 2%]
frame_000418,-1.0,1.1988,56.7829,4.1678,62.1507,-1,0.0, -> [chair (Top-Right): 2%]
frame_000419,-1.0,1.3727,54.8748,4.2404,60.4889,-1,0.0, -> [chair (Top-Right): 4%]
frame_000420,-1.0,1.3436,58.4879,4.3421,64.1747,-1,0.0," -> [chair (Top-Right): 3%, diningtable (Bottom-Left): 3%]"
frame_000421,-1.0,1.3264,56.7207,4.2458,62.2939,-1,0.0, -> [chair (Top-Right): 1%]
frame_000422,-1.0,1.2986,56.6679,4.1938,62.1612,-1,0.0, -> [chair (Top-Right): 5%]
frame_000423,-1.0,0.9537,57.8496,4.521,63.3253,-1,0.0," -> [bicycle (Right): 18%, chair (Top-Right): 1%]"
frame_000424,-1.0,1.0156,57.3769,4.203,62.5963,-1,0.0, -> [bicycle (Right): 21%]
frame_000425,-1.0,1.3373,56.4182,4.236,61.9923,-1,0.0, -> [bicycle (Right): 31%]
frame_000426,-1.0,1.2954,57.3508,4.2507,62.8981,-1,0.0, -> [bicycle (Right): 25%]
frame_000427,-1.0,1.3259,55.5055,4.2302,61.0627,-1,0.0, -> [bicycle (Center): 42%]
frame_000428,-1.0,1.2644,56.5048,4.3284,62.0987,-1,0.0, -> [bicycle (Center): 29%]
frame_000429,-1.0,1.2561,57.5008,4.2829,63.0408,-1,0.0," -> [bicycle (Center): 24%, chair (Top): 1%]"
frame_000430,-1.0,1.2582,56.4861,4.25,61.9954,-1,0.0," -> [bicycle (Center): 12%, chair (Top): 2%]"
frame_000431,-1.0,1.3199,56.9682,4.3696,62.6588,-1,0.0," -> [bicycle (Center): 10%, chair (Top): 4%]"
frame_000432,-1.0,1.3098,57.5712,4.3436,63.2254,-1,0.0," -> [bicycle (Center): 7%, chair (Top): 4%]"
frame_000433,-1.0,1.3591,58.355,4.8022,64.5179,-1,0.0," -> [bicycle (Center): 3%, chair (Top): 3%]"
frame_000434,-1.0,1.1946,56.7652,6.474,64.4354,-1,0.0," -> [bicycle (Center): 7%, chair (Top): 2%]"
frame_000435,-1.0,1.1813,58.4579,4.2981,63.9386,-1,0.0," -> [bicycle (Center): 11%, chair (Top): 3%]"
frame_000436,-1.0,1.4476,56.906,4.4221,62.7771,-1,0.0," -> [bicycle (Center): 7%, chair (Top): 4%]"
frame_000437,-1.0,1.281,56.7858,4.1411,62.21,-1,0.0," -> [bicycle (Center): 6%, chair (Top): 4%]"
frame_000438,-1.0,1.2919,56.9802,4.2039,62.4775,-1,0.0," -> [bicycle (Center): 9%, chair (Top): 2%]"
frame_000439,-1.0,1.3115,57.1353,4.3325,62.7806,-1,0.0," -> [bicycle (Center): 11%, chair (Top): 1%]"
frame_000440,-1.0,1.3374,56.4052,4.2922,62.0361,-1,0.0," -> [bicycle (Center): 7%, chair (Top): 4%]"
frame_000441,-1.0,1.2583,57.5158,4.255,63.0302,-1,0.0," -> [bicycle (Center): 13%, chair (Top): 2%]"
frame_000442,-1.0,1.415,59.3667,4.4934,65.2763,-1,0.0," -> [bicycle (Center): 9%, chair (Top): 4%]"
frame_000443,-1.0,1.2371,56.4437,4.308,61.9903,-1,0.0," -> [bicycle (Center): 10%, chair (Top): 4%]"
frame_000444,-1.0,1.3286,57.089,4.4012,62.8197,-1,0.0," -> [bicycle (Center): 10%, chair (Top): 3%]"
frame_000445,-1.0,1.3791,55.784,4.7881,61.9525,-1,0.0," -> [bicycle (Center): 3%, chair (Top): 5%]"
frame_000446,-1.0,1.1314,56.6572,4.2432,62.0331,-1,0.0," -> [bicycle (Center): 4%, chair (Top): 6%]"
frame_000447,-1.0,1.2763,56.3085,5.502,63.0881,-1,0.0," -> [bicycle (Center): 5%, chair (Top): 7%]"
frame_000448,-1.0,1.149,56.7108,4.3542,62.2153,-1,0.0," -> [bicycle (Center): 8%, chair (Top): 3%]"
frame_000449,-1.0,1.2342,55.9657,4.2578,61.4585,-1,0.0," -> [bicycle (Center): 3%, chair (Top): 3%]"
frame_000450,-1.0,1.2625,57.8059,4.4226,63.492,-1,0.0," -> [bicycle (Center): 6%, chair (Top): 4%]"
frame_000451,-1.0,1.2509,58.0407,4.2339,63.5266,-1,0.0," -> [bicycle (Center): 9%, chair (Top): 3%]"
frame_000452,-1.0,1.3241,57.2479,4.3616,62.9347,-1,0.0," -> [bicycle (Center): 2%, chair (Top): 3%]"
frame_000453,-1.0,1.3675,57.5311,4.118,63.0179,-1,0.0, -> [chair (Top): 3%]
frame_000454,-1.0,1.3272,57.363,4.3131,63.0041,-1,0.0," -> [bicycle (Center): 2%, chair (Top): 4%]"
frame_000455,-1.0,1.2407,58.0523,4.3163,63.6107,-1,0.0," -> [bicycle (Center): 8%, chair (Top): 3%]"
frame_000456,-1.0,1.379,61.2574,4.2168,66.8543,-1,0.0," -> [bicycle (Center): 3%, chair (Top): 4%]"
frame_000457,-1.0,1.3576,57.9489,5.7437,65.0517,-1,0.0," -> [bicycle (Center): 6%, chair (Top): 4%]"
frame_000458,-1.0,1.2205,57.2487,4.4045,62.8754,-1,0.0," -> [bicycle (Center): 5%, chair (Top): 4%]"
frame_000459,-1.0,1.323,57.2429,6.2805,64.8477,-1,0.0," -> [bicycle (Center): 5%, chair (Top): 4%]"
frame_000460,-1.0,1.1932,57.5228,4.3559,63.0732,-1,0.0," -> [bicycle (Center): 8%, chair (Top): 3%]"
frame_000461,-1.0,1.3228,58.3882,4.2824,63.9945,-1,0.0," -> [bicycle (Center): 9%, chair (Top): 2%]"
frame_000462,-1.0,1.2909,57.0579,4.2776,62.6275,-1,0.0," -> [bicycle (Center): 4%, chair (Top): 4%]"
frame_000463,-1.0,1.29,56.5116,4.3078,62.1106,-1,0.0," -> [bicycle (Center): 2%, chair (Top): 4%]"
frame_000464,-1.0,1.2498,56.79,4.1811,62.2222,-1,0.0," -> [bicycle (Center): 5%, chair (Top-Left): 3%]"
frame_000465,-1.0,1.3037,56.891,4.2958,62.4915,-1,0.0," -> [bicycle (Center): 1%, chair (Top): 4%]"
frame_000466,-1.0,1.3661,56.3274,4.2029,61.8973,-1,0.0, -> [chair (Top): 3%]
frame_000467,-1.0,1.3055,56.5995,4.1531,62.059,-1,0.0, -> [chair (Top): 4%]
frame_000468,-1.0,1.3565,57.123,4.244,62.7246,-1,0.0," -> [bicycle (Center): 1%, chair (Top): 4%]"
frame_000469,-1.0,1.3062,56.4796,4.3666,62.1534,-1,0.0," -> [bicycle (Center): 3%, chair (Center): 6%]"
frame_000470,-1.0,1.3204,56.6093,4.2791,62.2097,-1,0.0," -> [bicycle (Center): 5%, chair (Top): 4%]"
frame_000471,-1.0,1.2415,57.3,4.2538,62.7963,-1,0.0," -> [bicycle (Center): 5%, chair (Top-Left): 3%]"
frame_000472,-1.0,1.3881,56.5649,4.3288,62.2829,-1,0.0," -> [bicycle (Center): 3%, chair (Top-Left): 3%]"
frame_000473,-1.0,1.4798,61.8708,4.2756,67.6274,-1,0.0," -> [bicycle (Center): 4%, chair (Top-Left): 3%]"
frame_000474,-1.0,1.0633,56.9488,4.2948,62.3076,-1,0.0," -> [bicycle (Center): 4%, chair (Top-Left): 3%]"
frame_000475,-1.0,1.3276,57.5912,4.0831,63.0028,-1,0.0," -> [bicycle (Center): 2%, chair (Top): 3%]"
frame_000476,-1.0,1.2841,57.1708,4.3655,62.8218,-1,0.0," -> [bicycle (Center): 1%, chair (Center): 7%]"
frame_000477,-1.0,1.421,56.3762,6.4208,64.2194,-1,0.0," -> [bicycle (Center): 2%, chair (Top-Left): 3%]"
frame_000478,-1.0,1.2232,57.8563,4.2391,63.3199,-1,0.0," -> [bicycle (Center): 6%, chair (Top-Left): 3%]"
frame_000479,-1.0,1.3651,57.0113,4.394,62.7718,-1,0.0," -> [bicycle (Center): 8%, chair (Top-Left): 2%]"
frame_000480,-1.0,1.061,57.2531,4.3639,62.679,-1,0.0," -> [bicycle (Center): 8%, chair (Top-Left): 2%]"
frame_000481,-1.0,1.285,57.2871,4.258,62.8312,-1,0.0," -> [bicycle (Center): 8%, chair (Top-Left): 2%]"
frame_000482,-1.0,1.2401,57.0005,4.3202,62.5621,-1,0.0," -> [bicycle (Center): 8%, chair (Top-Left): 2%]"
frame_000483,-1.0,1.3074,56.8606,4.1713,62.3403,-1,0.0," -> [bicycle (Center): 8%, chair (Top-Left): 2%]"
frame_000484,-1.0,1.3271,56.0877,4.3106,61.7267,-1,0.0," -> [bicycle (Center): 8%, chair (Top-Left): 1%]"
frame_000485,-1.0,1.2866,57.2941,4.3909,62.9731,-1,0.0," -> [bicycle (Center): 7%, chair (Top-Left): 3%]"
frame_000486,-1.0,1.3874,57.4516,4.1452,62.985,-1,0.0," -> [bicycle (Center): 8%, chair (Top-Left): 2%]"
frame_000487,-1.0,1.2697,58.0831,4.39,63.7439,-1,0.0," -> [bicycle (Center): 8%, chair (Top-Left): 2%]"
frame_000488,-1.0,1.3075,58.0023,4.3461,63.657,-1,0.0," -> [bicycle (Center): 8%, chair (Top-Left): 2%]"
frame_000489,-1.0,1.5036,60.0852,5.5948,67.1847,-1,0.0," -> [bicycle (Center): 8%, chair (Top-Left): 2%]"
frame_000490,-1.0,1.1433,56.9377,4.314,62.3964,-1,0.0," -> [bicycle (Center): 7%, chair (Top-Left): 3%]"
frame_000491,-1.0,1.3061,56.9043,4.4459,62.6572,-1,0.0," -> [bicycle (Center): 7%, chair (Top-Left): 2%]"
frame_000492,-1.0,1.3076,57.1538,4.2906,62.7528,-1,0.0," -> [bicycle (Center): 6%, chair (Top-Left): 3%]"
frame_000493,-1.0,1.3027,56.922,4.3636,62.5894,-1,0.0," -> [bicycle (Center): 5%, chair (Top-Left): 2%]"
frame_000494,-1.0,1.2918,58.0299,4.3864,63.709,-1,0.0," -> [bicycle (Center): 6%, chair (Top-Left): 2%]"
frame_000495,-1.0,1.3143,56.3438,4.2183,61.8773,-1,0.0," -> [bicycle (Center): 7%, chair (Top-Left): 2%]"
frame_000496,-1.0,1.3343,57.2755,4.2921,62.9063,-1,0.0," -> [bicycle (Center): 7%, chair (Top-Left): 2%]"
frame_000497,-1.0,1.4837,58.2463,5.8918,65.6229,-1,0.0," -> [bicycle (Center): 4%, chair (Top-Left): 3%]"
frame_000498,-1.0,1.2452,55.7432,4.5228,61.5126,-1,0.0," -> [bicycle (Center): 6%, chair (Top-Left): 3%]"
frame_000499,-1.0,1.5159,59.743,4.3145,65.5744,-1,0.0," -> [bicycle (Center): 6%, chair (Top-Left): 3%]"
frame_000500,-1.0,1.3994,61.2967,4.3088,67.0063,-1,0.0," -> [bicycle (Center): 5%, chair (Top-Left): 2%]"
frame_000501,-1.0,1.3491,56.5419,4.3262,62.2183,-1,0.0," -> [bicycle (Center): 5%, chair (Top-Left): 2%]"
frame_000502,-1.0,1.2728,58.204,4.3455,63.8237,-1,0.0," -> [bicycle (Center): 4%, chair (Top-Left): 3%]"
frame_000503,-1.0,1.2523,56.7807,4.2914,62.3256,-1,0.0," -> [bicycle (Center): 6%, chair (Top-Left): 2%]"
frame_000504,-1.0,1.3062,57.6128,4.34,63.2602,-1,0.0," -> [bicycle (Center): 5%, chair (Top-Left): 2%]"
frame_000505,-1.0,1.245,57.4194,4.1936,62.8591,-1,0.0," -> [bicycle (Center): 4%, chair (Top-Left): 3%]"
frame_000506,-1.0,1.3164,57.4775,4.3611,63.1558,-1,0.0," -> [bicycle (Center): 3%, chair (Top-Left): 3%]"
frame_000507,-1.0,1.5701,56.6835,4.8669,63.122,-1,0.0," -> [bicycle (Center): 1%, chair (Top-Left): 3%]"
frame_000508,-1.0,1.0896,55.5421,4.4663,61.0993,-1,0.0," -> [bicycle (Center): 1%, chair (Top-Left): 4%]"
frame_000509,-1.0,1.3681,57.3062,4.6405,63.316,-1,0.0," -> [bicycle (Center): 2%, chair (Top-Left): 3%]"
frame_000510,-1.0,1.141,57.9815,4.3997,63.5234,-1,0.0," -> [bicycle (Center): 5%, chair (Top-Left): 4%]"
frame_000511,-1.0,1.3473,57.6252,4.1377,63.1109,-1,0.0," -> [bicycle (Center): 8%, chair (Top-Left): 3%]"
frame_000512,-1.0,1.2479,57.5221,4.2877,63.0586,-1,0.0," -> [bicycle (Center): 5%, chair (Center): 5%]"
frame_000513,-1.0,1.3515,57.2305,4.2629,62.8462,-1,0.0," -> [bicycle (Center): 11%, chair (Top-Left): 2%]"
frame_000514,-1.0,1.3802,60.8058,4.2498,66.4368,-1,0.0," -> [bicycle (Center): 12%, chair (Top-Left): 1%]"
frame_000515,-1.0,1.2792,57.6483,4.239,63.1675,-1,0.0," -> [bicycle (Center): 14%, chair (Top-Left): 2%]"
frame_000516,-1.0,1.3768,57.4394,4.1816,62.9988,-1,0.0," -> [bicycle (Center): 2%, chair (Left): 6%]"
frame_000517,-1.0,1.2997,57.6786,4.2829,63.2623,-1,0.0, -> [bicycle (Center): 6%]
frame_000518,-1.0,1.4006,56.9121,4.2373,62.551,-1,0.0, -> [bicycle (Center): 11%]
frame_000519,-1.0,1.4434,56.007,4.4564,61.9084,-1,0.0," -> [bicycle (Center): 3%, chair (Top-Left): 2%]"
frame_000520,-1.0,1.329,56.7001,4.3157,62.346,-1,0.0," -> [bicycle (Center): 10%, chair (Top-Left): 2%]"
frame_000521,-1.0,1.3688,59.2501,4.1236,64.7435,-1,0.0," -> [bicycle (Center): 8%, chair (Left): 4%]"
frame_000522,-1.0,0.9375,56.9471,4.196,62.0814,-1,0.0," -> [bicycle (Center): 10%, chair (Top-Left): 3%]"
frame_000523,-1.0,1.2364,57.0096,4.4838,62.7308,-1,0.0," -> [bicycle (Center): 15%, chair (Left): 3%]"
frame_000524,-1.0,1.3036,59.6306,4.3276,65.2633,-1,0.0," -> [bicycle (Left): 20%, chair (Top-Left): 1%]"
frame_000525,-1.0,1.4455,64.2581,4.4945,70.1997,-1,0.0," -> [bicycle (Left): 15%, chair (Left): 4%]"
frame_000526,-1.0,1.1203,57.9574,4.3156,63.3942,-1,0.0," -> [bicycle (Left): 16%, chair (Top-Left): 3%]"
frame_000527,-1.0,1.3138,57.9283,4.1948,63.4379,-1,0.0, -> [bicycle (Left): 23%]
frame_000528,-1.0,1.3556,58.1957,4.3319,63.8848,-1,0.0," -> [bicycle (Left): 17%, chair (Top-Left): 1%]"
frame_000529,-1.0,1.3144,56.6709,4.1937,62.18,-1,0.0," -> [bicycle (Left): 15%, chair (Top-Left): 1%]"
frame_000530,-1.0,1.3161,56.7253,4.1482,62.1907,-1,0.0, -> [bicycle (Left): 18%]
frame_000531,-1.0,1.3101,57.0051,4.2129,62.5293,-1,0.0, -> [bicycle (Left): 16%]
frame_000532,-1.0,1.3363,56.373,4.2694,61.9797,-1,0.0, -> [bicycle (Left): 18%]
frame_000533,-1.0,1.5292,60.431,4.2462,66.2072,-1,0.0, -> [bicycle (Left): 20%]
frame_000534,-1.0,1.2499,57.1974,4.267,62.7151,-1,0.0, -> [chair (Left): 5%]
frame_000535,-1.0,1.3089,57.4076,4.2228,62.9406,-1,0.0," -> [bicycle (Left): 1%, chair (Left): 7%]"
frame_000536,-1.0,1.2996,56.2176,4.3314,61.8498,-1,0.0," -> [bicycle (Left): 10%, chair (Top-Left): 1%]"
frame_000537,-1.0,1.2784,56.2566,4.1474,61.6834,-1,0.0, -> [bicycle (Left): 13%]
frame_000538,-1.0,1.3423,56.6796,4.1764,62.1991,-1,0.0, -> [bicycle (Left): 7%]
frame_000539,-1.0,1.2747,57.2486,4.1347,62.6593,-1,0.0, -> [background only]
frame_000540,-1.0,1.246,57.2241,5.7637,64.2352,-1,0.0, -> [background only]
frame_000541,-1.0,1.4956,53.5487,4.2984,59.3442,-1,0.0, -> [background only]
frame_000542,-1.0,1.2687,57.1754,4.9719,63.4174,-1,0.0, -> [background only]
frame_000543,-1.0,1.1085,55.8705,4.1648,61.1451,-1,0.0, -> [background only]
frame_000544,-1.0,1.3025,56.7597,4.0721,62.1354,-1,0.0, -> [background only]
frame_000545,-1.0,0.9619,56.842,4.1025,61.9075,-1,0.0, -> [background only]
frame_000546,-1.0,1.3113,56.7856,5.3166,63.4145,-1,0.0, -> [chair (Top-Right): 2%]
frame_000547,-1.0,1.1343,57.0,4.3089,62.4446,-1,0.0, -> [chair (Top-Right): 2%]
frame_000548,-1.0,1.2741,57.7183,4.1944,63.188,-1,0.0, -> [background only]
frame_000549,-1.0,1.2736,57.9221,4.0857,63.2821,-1,0.0, -> [background only]
frame_000550,-1.0,1.2794,57.8309,4.3053,63.4167,-1,0.0, -> [chair (Top-Right): 1%]
frame_000551,-1.0,1.2482,57.4793,4.1112,62.8397,-1,0.0, -> [chair (Right): 18%]
frame_000552,-1.0,1.2688,57.5915,4.0794,62.9408,-1,0.0, -> [chair (Right): 14%]
frame_000553,-1.0,1.2991,57.1183,4.2806,62.6991,-1,0.0, -> [chair (Right): 23%]
frame_000554,-1.0,1.3377,57.61,4.3552,63.304,-1,0.0, -> [chair (Right): 18%]
frame_000555,-1.0,1.2843,57.9098,4.2044,63.3995,-1,0.0, -> [chair (Right): 31%]
frame_000556,-1.0,1.3155,56.7554,4.2385,62.3106,-1,0.0, -> [chair (Right): 40%]
frame_000557,-1.0,1.2308,57.0138,4.437,62.6826,-1,0.0, -> [chair (Right): 43%]
frame_000558,-1.0,1.2999,57.6993,5.1442,64.1449,-1,0.0, -> [chair (Right): 40%]
frame_000559,-1.0,1.1782,57.101,4.3634,62.644,-1,0.0, -> [chair (Center): 42%]
frame_000560,-1.0,1.3284,56.9493,4.0766,62.3554,-1,0.0, -> [chair (Center): 48%]
frame_000561,-1.0,0.9348,57.0575,4.261,62.2542,-1,0.0, -> [chair (Center): 47%]
frame_000562,-1.0,1.258,57.824,4.0307,63.1136,-1,0.0, -> [chair (Center): 25%]
frame_000563,-1.0,1.4406,58.8711,4.2807,64.5934,-1,0.0, -> [chair (Center): 36%]
frame_000564,-1.0,1.247,57.4539,4.1994,62.9014,-1,0.0, -> [chair (Center): 24%]
frame_000565,-1.0,1.2961,56.7627,4.9672,63.0272,-1,0.0, -> [chair (Center): 12%]
frame_000566,-1.0,1.2128,58.3367,4.2903,63.8409,-1,0.0, -> [chair (Center): 34%]
frame_000567,-1.0,1.3109,57.2297,4.1993,62.7408,-1,0.0, -> [chair (Center): 36%]
frame_000568,-1.0,1.2764,57.746,4.1029,63.1264,-1,0.0, -> [bicycle (Bottom): 2%]
frame_000569,-1.0,1.3288,57.1439,4.238,62.7118,-1,0.0, -> [chair (Left): 28%]
frame_000570,-1.0,1.4994,64.8918,4.2714,70.6636,-1,0.0, -> [chair (Left): 17%]
frame_000571,-1.0,1.5058,60.7866,4.1191,66.4128,-1,0.0, -> [chair (Left): 13%]
frame_000572,-1.0,1.3253,57.469,4.045,62.8403,-1,0.0, -> [background only]
frame_000573,-1.0,1.3246,57.9767,4.1024,63.4049,-1,0.0, -> [background only]
frame_000574,-1.0,1.2762,57.6802,4.1167,63.0742,-1,0.0, -> [background only]
frame_000575,-1.0,1.284,57.6815,4.0256,62.9921,-1,0.0, -> [background only]
frame_000576,-1.0,1.5699,57.6387,4.1357,63.3456,-1,0.0, -> [background only]
frame_000577,-1.0,1.2632,56.8595,4.1233,62.2476,-1,0.0, -> [background only]
frame_000578,-1.0,1.2345,57.0792,3.9492,62.264,-1,0.0, -> [background only]
frame_000579,-1.0,1.2581,58.3188,4.1067,63.6848,-1,0.0, -> [background only]
frame_000580,-1.0,1.2694,56.9512,4.0526,62.2744,-1,0.0, -> [background only]
frame_000581,-1.0,1.2947,56.8056,4.0679,62.1693,-1,0.0, -> [background only]
frame_000582,-1.0,1.2688,57.7646,4.0051,63.0395,-1,0.0, -> [background only]
frame_000583,-1.0,1.3411,57.6003,4.0783,63.0213,-1,0.0, -> [background only]
frame_000584,-1.0,1.0185,57.8898,3.9,62.809,-1,0.0, -> [background only]
frame_000585,-1.0,1.4923,65.622,4.1295,71.245,-1,0.0, -> [background only]
frame_000586,-1.0,1.0006,57.7139,5.5159,64.2318,-1,0.0, -> [background only]
frame_000587,-1.0,1.1005,58.2273,4.4238,63.7532,-1,0.0, -> [boat (Right): 15%]
frame_000588,-1.0,1.267,56.9652,4.1059,62.339,-1,0.0, -> [boat (Top-Right): 1%]
frame_000589,-1.0,1.2711,57.8093,4.2654,63.3468,-1,0.0, -> [train (Bottom): 32%]
frame_000590,-1.0,1.3408,57.3809,4.2688,62.9918,-1,0.0, -> [train (Bottom-Left): 11%]
frame_000591,-1.0,1.0024,57.8044,3.8812,62.6891,-1,0.0, -> [background only]
frame_000592,-1.0,1.2373,56.7432,4.0129,61.9943,-1,0.0, -> [boat (Center): 43%]
frame_000593,-1.0,1.2554,57.3021,3.9935,62.552,-1,0.0, -> [background only]
frame_000594,-1.0,1.3261,56.8793,4.1302,62.3367,-1,0.0, -> [train (Center): 32%]
frame_000595,-1.0,1.296,58.8642,4.5692,64.7303,-1,0.0, -> [train (Bottom): 17%]
frame_000596,-1.0,1.3007,57.7184,4.2671,63.2872,-1,0.0, -> [train (Center): 99%]
frame_000597,-1.0,1.3512,56.7544,5.8483,63.9557,-1,0.0, -> [train (Center): 100%]
frame_000598,-1.0,1.6482,58.4815,4.344,64.4753,-1,0.0, -> [train (Center): 99%]
frame_000599,-1.0,1.4783,55.6565,4.3392,61.4756,-1,0.0, -> [boat (Center): 41%]
frame_000600,-1.0,1.3308,59.2173,4.2212,64.7705,-1,0.0, -> [background only]
frame_000601,-1.0,1.2938,56.8197,4.2854,62.3998,-1,0.0, -> [boat (Center): 5%]
frame_000602,-1.0,1.2762,56.3193,4.2653,61.8617,-1,0.0," -> [boat (Center): 17%, person (Right): 3%]"
frame_000603,-1.0,1.223,57.4377,4.2289,62.8907,-1,0.0, -> [train (Bottom-Left): 4%]
frame_000604,-1.0,1.3329,57.2582,3.9987,62.5908,-1,0.0, -> [background only]
frame_000605,-1.0,1.3073,57.0941,3.9707,62.3729,-1,0.0, -> [background only]
frame_000606,-1.0,1.2676,57.4049,4.1766,62.8504,-1,0.0, -> [person (Right): 6%]
frame_000607,-1.0,1.3436,57.0131,4.2321,62.5899,-1,0.0, -> [person (Right): 6%]
frame_000608,-1.0,1.3164,57.6052,3.9114,62.8341,-1,0.0, -> [person (Right): 7%]
frame_000609,-1.0,1.3327,57.3517,4.2094,62.8947,-1,0.0, -> [person (Right): 13%]
frame_000610,-1.0,1.3324,57.0963,4.308,62.7375,-1,0.0, -> [person (Right): 17%]
frame_000611,-1.0,1.3436,56.7499,6.1349,64.2295,-1,0.0, -> [person (Right): 15%]
frame_000612,-1.0,1.19,58.2418,4.2192,63.6523,-1,0.0, -> [person (Right): 10%]
frame_000613,-1.0,1.3963,56.1367,4.2129,61.747,-1,0.0, -> [person (Right): 18%]
frame_000614,-1.0,1.398,57.6003,4.2521,63.2516,-1,0.0, -> [person (Right): 22%]
frame_000615,-1.0,1.2536,57.2704,4.1801,62.7052,-1,0.0, -> [person (Right): 22%]
frame_000616,-1.0,1.3494,57.0281,4.2282,62.6069,-1,0.0, -> [person (Right): 22%]
frame_000617,-1.0,1.2888,56.4217,4.1586,61.8703,-1,0.0, -> [person (Right): 23%]
frame_000618,-1.0,1.3628,56.927,4.1344,62.4251,-1,0.0, -> [person (Right): 15%]
frame_000619,-1.0,1.2623,57.8133,4.0835,63.1605,-1,0.0, -> [person (Right): 10%]
frame_000620,-1.0,1.2689,56.669,4.0349,61.9744,-1,0.0, -> [person (Center): 28%]
frame_000621,-1.0,1.3115,57.8376,4.2261,63.3762,-1,0.0, -> [person (Center): 28%]
frame_000622,-1.0,1.3054,56.6833,4.2089,62.1986,-1,0.0, -> [person (Center): 32%]
frame_000623,-1.0,1.5082,66.0641,5.2811,72.8548,-1,0.0, -> [person (Center): 35%]
frame_000624,-1.0,1.1588,57.0841,4.4214,62.6656,-1,0.0, -> [person (Center): 34%]
frame_000625,-1.0,1.286,57.3629,4.2613,62.9114,-1,0.0, -> [person (Center): 35%]
frame_000626,-1.0,1.342,57.6121,4.2975,63.2528,-1,0.0, -> [person (Center): 35%]
frame_000627,-1.0,1.3402,56.1965,4.321,61.8587,-1,0.0, -> [person (Center): 34%]
frame_000628,-1.0,1.0513,55.9266,4.2254,61.2041,-1,0.0, -> [person (Center): 33%]
frame_000629,-1.0,1.3293,56.0114,4.1243,61.4661,-1,0.0, -> [person (Center): 33%]
frame_000630,-1.0,1.2679,56.7303,4.2469,62.2461,-1,0.0, -> [person (Center): 34%]
frame_000631,-1.0,1.3151,56.3172,4.2632,61.8968,-1,0.0, -> [person (Center): 35%]
frame_000632,-1.0,1.3622,56.6351,4.1759,62.1746,-1,0.0, -> [person (Center): 35%]
frame_000633,-1.0,1.3456,57.3678,4.2311,62.9456,-1,0.0, -> [person (Center): 36%]
frame_000634,-1.0,1.3847,61.4684,4.1773,67.0314,-1,0.0, -> [person (Center): 34%]
frame_000635,-1.0,1.2922,56.2558,5.7909,63.3402,-1,0.0, -> [person (Center): 35%]
frame_000636,-1.0,1.1833,57.8936,4.147,63.2253,-1,0.0, -> [person (Center): 34%]
frame_000637,-1.0,1.2606,56.6251,4.3143,62.201,-1,0.0, -> [person (Center): 33%]
frame_000638,-1.0,1.3456,56.885,4.1674,62.399,-1,0.0, -> [person (Center): 34%]
frame_000639,-1.0,1.3438,56.5177,4.1856,62.0482,-1,0.0, -> [person (Center): 34%]
frame_000640,-1.0,1.3652,57.4104,4.252,63.0287,-1,0.0, -> [person (Center): 34%]
frame_000641,-1.0,1.3056,57.6103,4.3824,63.2991,-1,0.0, -> [person (Center): 34%]
frame_000642,-1.0,1.6182,64.0928,4.0892,69.8012,-1,0.0, -> [person (Center): 34%]
frame_000643,-1.0,1.3161,56.5888,4.2805,62.1862,-1,0.0, -> [person (Center): 34%]
frame_000644,-1.0,1.2667,57.7098,4.2782,63.2558,-1,0.0, -> [person (Center): 34%]
frame_000645,-1.0,1.3148,57.9516,4.3402,63.6076,-1,0.0, -> [person (Center): 34%]
frame_000646,-1.0,1.2441,57.3136,4.1733,62.7322,-1,0.0, -> [person (Center): 34%]
frame_000647,-1.0,1.5622,57.3066,4.278,63.1479,-1,0.0, -> [person (Center): 34%]
frame_000648,-1.0,1.3362,57.7396,4.2829,63.3597,-1,0.0, -> [person (Center): 34%]
frame_000649,-1.0,1.446,56.7116,4.071,62.2296,-1,0.0, -> [person (Center): 34%]
frame_000650,-1.0,1.3249,57.088,4.203,62.6171,-1,0.0, -> [person (Center): 34%]
frame_000651,-1.0,1.3635,57.8385,4.3142,63.5173,-1,0.0, -> [person (Center): 34%]
frame_000652,-1.0,1.2906,57.3563,4.1961,62.8439,-1,0.0, -> [person (Center): 34%]
frame_000653,-1.0,1.2531,57.7971,5.6764,64.7325,-1,0.0, -> [person (Center): 34%]
frame_000654,-1.0,1.3526,59.1341,4.3419,64.83,-1,0.0, -> [person (Center): 34%]
frame_000655,-1.0,1.2919,57.5243,4.2688,63.0861,-1,0.0, -> [person (Center): 35%]
frame_000656,-1.0,1.3322,57.4117,4.277,63.0217,-1,0.0, -> [person (Center): 35%]
frame_000657,-1.0,1.2667,57.9264,4.3458,63.5397,-1,0.0, -> [person (Center): 35%]
frame_000658,-1.0,1.0332,57.1795,5.1202,63.3344,-1,0.0, -> [person (Center): 35%]
frame_000659,-1.0,1.126,56.6961,4.184,62.0073,-1,0.0, -> [person (Center): 34%]
frame_000660,-1.0,1.4601,58.7395,4.3214,64.5222,-1,0.0, -> [person (Center): 34%]
frame_000661,-1.0,1.318,58.5845,5.8727,65.7767,-1,0.0, -> [person (Center): 35%]
frame_000662,-1.0,1.1077,58.0153,4.3365,63.4608,-1,0.0, -> [person (Center): 35%]
frame_000663,-1.0,1.3231,57.312,4.261,62.8976,-1,0.0, -> [person (Center): 34%]
frame_000664,-1.0,1.3414,58.4357,4.2849,64.0631,-1,0.0, -> [person (Center): 34%]
frame_000665,-1.0,1.2751,57.1831,4.3291,62.7889,-1,0.0, -> [person (Center): 34%]
frame_000666,-1.0,1.2994,56.7867,4.221,62.3083,-1,0.0, -> [person (Center): 33%]
frame_000667,-1.0,1.2782,56.7543,4.0602,62.0939,-1,0.0, -> [person (Center): 33%]
frame_000668,-1.0,1.2777,57.5509,4.2396,63.0695,-1,0.0, -> [person (Center): 33%]
frame_000669,-1.0,1.3572,57.0387,4.0878,62.4851,-1,0.0, -> [person (Center): 30%]
frame_000670,-1.0,1.3404,57.8641,4.2912,63.497,-1,0.0, -> [person (Center): 32%]
frame_000671,-1.0,1.2794,57.3561,4.2625,62.8989,-1,0.0, -> [person (Center): 32%]
frame_000672,-1.0,1.3994,56.6844,4.885,62.9702,-1,0.0, -> [person (Center): 32%]
frame_000673,-1.0,1.1285,57.9544,4.0274,63.1117,-1,0.0, -> [person (Center): 33%]
frame_000674,-1.0,1.297,57.1265,4.3065,62.7309,-1,0.0, -> [person (Center): 33%]
frame_000675,-1.0,1.3309,57.6742,4.2016,63.2079,-1,0.0, -> [person (Center): 33%]
frame_000676,-1.0,1.3655,57.6344,4.3285,63.3296,-1,0.0, -> [person (Center): 33%]
frame_000677,-1.0,1.302,56.5388,4.2473,62.0893,-1,0.0, -> [person (Center): 33%]
frame_000678,-1.0,1.3443,58.0611,4.1981,63.6047,-1,0.0, -> [person (Center): 33%]
frame_000679,-1.0,1.2565,56.7811,4.3233,62.3619,-1,0.0, -> [person (Center): 33%]
frame_000680,-1.0,1.3065,57.5881,4.1039,62.9995,-1,0.0, -> [person (Center): 33%]
frame_000681,-1.0,1.3646,56.2492,4.2112,61.8263,-1,0.0, -> [person (Center): 33%]
frame_000682,-1.0,1.4073,64.4406,4.2193,70.0682,-1,0.0, -> [person (Center): 33%]
frame_000683,-1.0,1.2534,57.4401,4.3133,63.0077,-1,0.0, -> [person (Center): 33%]
frame_000684,-1.0,1.2234,57.2744,4.1822,62.6809,-1,0.0, -> [person (Center): 33%]
frame_000685,-1.0,1.295,57.5361,4.3795,63.2119,-1,0.0, -> [person (Center): 33%]
frame_000686,-1.0,1.3596,56.3891,4.0004,61.7499,-1,0.0, -> [person (Center): 33%]
frame_000687,-1.0,1.27,56.3999,5.7994,63.4704,-1,0.0, -> [person (Center): 33%]
frame_000688,-1.0,1.096,57.4432,4.3588,62.8994,-1,0.0, -> [person (Center): 33%]
frame_000689,-1.0,1.36,57.2381,4.1333,62.7325,-1,0.0, -> [person (Center): 33%]
frame_000690,-1.0,1.2599,56.7748,4.2542,62.2899,-1,0.0, -> [person (Center): 34%]
frame_000691,-1.0,1.2422,57.8036,4.193,63.24,-1,0.0, -> [person (Center): 33%]
frame_000692,-1.0,1.3635,56.4,4.3755,62.1399,-1,0.0, -> [person (Center): 33%]
frame_000693,-1.0,1.2265,54.356,4.1783,59.7621,-1,0.0, -> [person (Center): 34%]
frame_000694,-1.0,1.287,58.7488,4.3082,64.345,-1,0.0, -> [person (Center): 35%]
frame_000695,-1.0,1.3196,58.4149,5.0095,64.7456,-1,0.0, -> [person (Center): 35%]
frame_000696,-1.0,1.1126,57.9471,4.3189,63.3798,-1,0.0, -> [person (Center): 36%]
frame_000697,-1.0,1.3585,57.9626,4.3386,63.661,-1,0.0, -> [person (Center): 36%]
frame_000698,-1.0,0.9593,57.3175,4.2304,62.5079,-1,0.0, -> [person (Center): 37%]
frame_000699,-1.0,1.3838,57.9491,4.3827,63.7174,-1,0.0, -> [person (Center): 36%]
frame_000700,-1.0,1.3462,55.226,4.4212,60.9945,-1,0.0, -> [person (Center): 36%]
frame_000701,-1.0,1.3418,56.6566,4.2773,62.2769,-1,0.0, -> [person (Center): 36%]
frame_000702,-1.0,1.3153,57.4044,4.1685,62.8893,-1,0.0, -> [person (Center): 36%]
frame_000703,-1.0,1.5069,57.8686,4.302,63.6786,-1,0.0, -> [person (Center): 36%]
frame_000704,-1.0,1.3602,58.4358,4.1871,63.984,-1,0.0, -> [person (Center): 35%]
frame_000705,-1.0,1.3352,60.15,6.0861,67.5723,-1,0.0, -> [person (Center): 36%]
frame_000706,-1.0,1.2707,59.7496,4.2606,65.282,-1,0.0, -> [person (Center): 36%]
frame_000707,-1.0,1.3291,56.7047,4.186,62.2207,-1,0.0, -> [person (Center): 33%]
frame_000708,-1.0,1.252,57.5214,4.27,63.0447,-1,0.0, -> [person (Center): 33%]
frame_000709,-1.0,1.2513,57.9292,4.3269,63.5086,-1,0.0, -> [person (Center): 33%]
frame_000710,-1.0,1.3429,57.2556,4.1205,62.7202,-1,0.0, -> [person (Center): 32%]
frame_000711,-1.0,1.3794,57.3616,4.4559,63.1982,-1,0.0, -> [person (Center): 32%]
frame_000712,-1.0,1.2463,57.5124,4.2122,62.9723,-1,0.0, -> [person (Center): 32%]
frame_000713,-1.0,1.3321,57.6029,4.2367,63.1729,-1,0.0, -> [person (Center): 31%]
frame_000714,-1.0,1.3322,56.2418,4.0842,61.6592,-1,0.0, -> [person (Center): 31%]
frame_000715,-1.0,1.2962,57.4556,4.2435,62.9965,-1,0.0, -> [person (Center): 31%]
frame_000716,-1.0,1.2599,57.4672,4.2331,62.9616,-1,0.0, -> [person (Center): 31%]
frame_000717,-1.0,1.3286,56.7191,3.994,62.0434,-1,0.0, -> [person (Center): 31%]
frame_000718,-1.0,1.0434,57.8133,4.3363,63.1938,-1,0.0, -> [person (Center): 31%]
frame_000719,-1.0,1.2256,57.984,4.2536,63.4642,-1,0.0, -> [person (Center): 31%]
frame_000720,-1.0,1.2936,57.495,4.2442,63.0343,-1,0.0, -> [person (Center): 31%]
frame_000721,-1.0,1.363,61.7387,4.054,67.1568,-1,0.0, -> [person (Center): 31%]
frame_000722,-1.0,1.3424,57.0923,4.1764,62.6123,-1,0.0, -> [person (Center): 31%]
frame_000723,-1.0,0.9158,56.9139,4.3247,62.1552,-1,0.0, -> [person (Center): 31%]
frame_000724,-1.0,0.9688,57.2004,4.3166,62.4866,-1,0.0, -> [person (Center): 31%]
frame_000725,-1.0,1.3631,57.6384,4.3078,63.3101,-1,0.0, -> [person (Center): 31%]
frame_000726,-1.0,1.3698,57.5232,4.2089,63.103,-1,0.0, -> [person (Center): 31%]
frame_000727,-1.0,1.3261,56.7661,4.3105,62.4036,-1,0.0, -> [person (Center): 31%]
frame_000728,-1.0,1.235,56.7642,4.2806,62.2808,-1,0.0, -> [person (Center): 31%]
frame_000729,-1.0,1.3046,56.762,4.2909,62.3586,-1,0.0, -> [person (Center): 31%]
frame_000730,-1.0,1.2616,57.6541,4.3426,63.259,-1,0.0, -> [person (Center): 30%]
frame_000731,-1.0,1.6578,57.7086,4.2489,63.6164,-1,0.0, -> [person (Center): 32%]
frame_000732,-1.0,1.2493,56.9436,4.294,62.4879,-1,0.0, -> [person (Center): 34%]
frame_000733,-1.0,1.2499,56.3937,4.3336,61.9783,-1,0.0, -> [person (Center): 34%]
frame_000734,-1.0,1.026,57.348,4.1232,62.498,-1,0.0, -> [person (Center): 36%]
frame_000735,-1.0,1.2175,57.662,4.2222,63.103,-1,0.0, -> [person (Center): 35%]
frame_000736,-1.0,1.7529,59.8201,4.1712,65.7451,-1,0.0, -> [person (Center): 35%]
frame_000737,-1.0,1.29,57.3478,4.3504,62.9893,-1,0.0, -> [person (Center): 35%]
frame_000738,-1.0,1.2118,57.5876,4.3167,63.1168,-1,0.0, -> [person (Center): 34%]
frame_000739,-1.0,1.317,56.2272,4.2976,61.8427,-1,0.0, -> [person (Center): 35%]
frame_000740,-1.0,1.3026,57.3898,4.2096,62.9032,-1,0.0, -> [person (Center): 36%]
frame_000741,-1.0,1.2867,57.1123,4.3119,62.7119,-1,0.0, -> [person (Center): 39%]
frame_000742,-1.0,1.3583,56.9886,4.2391,62.5872,-1,0.0, -> [person (Center): 37%]
frame_000743,-1.0,1.3753,57.0536,4.2737,62.7038,-1,0.0, -> [person (Center): 36%]
frame_000744,-1.0,1.3016,58.2477,4.0225,63.573,-1,0.0, -> [person (Center): 36%]
frame_000745,-1.0,1.2591,57.7238,4.2374,63.2214,-1,0.0, -> [person (Bottom): 35%]
frame_000746,-1.0,1.3364,56.6195,4.317,62.2739,-1,0.0, -> [person (Bottom): 36%]
frame_000747,-1.0,1.2654,57.4458,4.284,62.9961,-1,0.0, -> [person (Bottom): 36%]
frame_000748,-1.0,1.3068,56.8208,4.3358,62.4644,-1,0.0, -> [person (Bottom): 35%]
frame_000749,-1.0,1.2905,58.0471,4.3891,63.7276,-1,0.0, -> [person (Bottom): 33%]
frame_000750,-1.0,1.3375,57.126,6.2255,64.6904,-1,0.0, -> [person (Bottom): 35%]
frame_000751,-1.0,1.1824,57.5331,4.2291,62.9459,-1,0.0, -> [person (Bottom): 34%]
frame_000752,-1.0,1.3635,57.3739,4.0792,62.8174,-1,0.0, -> [person (Bottom): 35%]
frame_000753,-1.0,1.3716,57.0643,4.326,62.7628,-1,0.0, -> [person (Bottom): 36%]
frame_000754,-1.0,1.3378,58.3847,4.2712,63.9948,-1,0.0, -> [person (Bottom): 35%]
frame_000755,-1.0,1.5609,58.4066,4.2417,64.2102,-1,0.0, -> [person (Bottom): 34%]
frame_000756,-1.0,1.2906,57.9574,6.2596,65.5093,-1,0.0, -> [person (Bottom): 33%]
frame_000757,-1.0,1.2292,59.3263,4.3979,64.9548,-1,0.0, -> [person (Bottom): 33%]
frame_000758,-1.0,1.3158,56.9705,4.1965,62.4843,-1,0.0, -> [person (Bottom): 32%]
frame_000759,-1.0,1.2608,56.865,4.2709,62.398,-1,0.0, -> [person (Bottom): 32%]
frame_000760,-1.0,1.3798,56.5357,4.3563,62.2732,-1,0.0, -> [person (Bottom): 32%]
frame_000761,-1.0,1.0112,56.6657,4.3231,62.0011,-1,0.0, -> [person (Center): 30%]
frame_000762,-1.0,1.3135,56.9512,4.2954,62.561,-1,0.0, -> [person (Bottom): 31%]
frame_000763,-1.0,1.2918,57.3643,4.1729,62.83,-1,0.0, -> [person (Bottom): 31%]
frame_000764,-1.0,1.2906,57.7625,4.2469,63.3013,-1,0.0, -> [person (Bottom): 32%]
frame_000765,-1.0,1.3035,58.2539,4.2875,63.846,-1,0.0, -> [person (Bottom): 32%]
frame_000766,-1.0,1.2745,56.8455,4.3483,62.4693,-1,0.0, -> [person (Bottom): 30%]
frame_000767,-1.0,1.299,56.6675,4.2687,62.2362,-1,0.0, -> [person (Bottom): 30%]
frame_000768,-1.0,1.3243,55.4227,4.3755,61.1236,-1,0.0, -> [person (Bottom): 31%]
frame_000769,-1.0,1.3305,57.3425,4.2544,62.9286,-1,0.0, -> [person (Bottom): 30%]
frame_000770,-1.0,1.3439,57.7569,5.7099,64.8122,-1,0.0, -> [person (Bottom): 31%]
frame_000771,-1.0,1.0738,58.1438,4.2582,63.4771,-1,0.0, -> [person (Bottom): 30%]
frame_000772,-1.0,1.264,56.5964,4.242,62.1034,-1,0.0, -> [person (Bottom): 31%]
frame_000773,-1.0,1.2526,57.8501,4.3356,63.4393,-1,0.0, -> [person (Bottom): 30%]
frame_000774,-1.0,1.3334,57.4867,5.0723,63.8937,-1,0.0, -> [person (Bottom): 30%]
frame_000775,-1.0,1.1274,57.9901,4.3543,63.4731,-1,0.0, -> [person (Bottom): 28%]
frame_000776,-1.0,1.3349,58.5454,4.2981,64.1793,-1,0.0, -> [person (Bottom): 29%]
frame_000777,-1.0,1.3347,57.041,4.1473,62.524,-1,0.0, -> [person (Bottom): 28%]
frame_000778,-1.0,1.2781,57.308,4.3174,62.9047,-1,0.0, -> [person (Bottom): 29%]
frame_000779,-1.0,1.3345,58.0484,4.2312,63.6154,-1,0.0, -> [person (Bottom-Left): 28%]
frame_000780,-1.0,1.3999,65.2254,4.4314,71.0578,-1,0.0, -> [person (Bottom-Left): 27%]
frame_000781,-1.0,1.0653,56.9955,4.1612,62.223,-1,0.0, -> [person (Bottom-Left): 26%]
frame_000782,-1.0,1.2832,56.6364,4.2827,62.2037,-1,0.0, -> [person (Bottom-Left): 24%]
frame_000783,-1.0,1.2466,56.3861,4.2066,61.8403,-1,0.0, -> [person (Bottom-Left): 21%]
frame_000784,-1.0,1.3498,57.5476,5.5306,64.4294,-1,0.0, -> [person (Bottom-Left): 23%]
frame_000785,-1.0,1.1938,57.4658,4.2787,62.9397,-1,0.0, -> [person (Bottom-Left): 22%]
frame_000786,-1.0,1.3295,58.2483,5.0479,64.6274,-1,0.0, -> [person (Bottom-Left): 20%]
frame_000787,-1.0,1.1553,57.8032,4.2651,63.2249,-1,0.0," -> [chair (Bottom): 3%, person (Left): 16%]"
frame_000788,-1.0,1.3266,56.9703,4.2215,62.5197,-1,0.0," -> [chair (Bottom): 4%, person (Left): 16%]"
frame_000789,-1.0,1.3015,57.5138,4.3317,63.1479,-1,0.0," -> [chair (Bottom-Left): 6%, person (Left): 16%]"
frame_000790,-1.0,1.295,56.8823,4.2237,62.402,-1,0.0, -> [person (Left): 21%]
frame_000791,-1.0,1.3095,57.6683,4.3472,63.326,-1,0.0," -> [chair (Bottom): 2%, person (Left): 19%]"
frame_000792,-1.0,1.3573,58.5207,4.2094,64.0885,-1,0.0, -> [person (Left): 20%]
frame_000793,-1.0,1.2762,57.407,4.2824,62.9668,-1,0.0, -> [person (Left): 19%]
frame_000794,-1.0,1.2465,58.0621,4.2384,63.5479,-1,0.0, -> [person (Left): 17%]
frame_000795,-1.0,1.2828,56.3443,4.1546,61.7827,-1,0.0, -> [person (Left): 19%]
frame_000796,-1.0,1.2551,56.0987,4.2755,61.6304,-1,0.0, -> [person (Left): 20%]
frame_000797,-1.0,1.3093,57.0205,4.1699,62.5007,-1,0.0, -> [person (Left): 19%]
frame_000798,-1.0,1.3113,57.9733,4.2101,63.4957,-1,0.0, -> [person (Left): 18%]
frame_000799,-1.0,1.2527,57.0954,4.2781,62.627,-1,0.0, -> [person (Left): 19%]
frame_000800,-1.0,1.3825,58.0972,4.3549,63.8356,-1,0.0, -> [person (Left): 20%]
frame_000801,-1.0,1.3742,55.3586,4.3732,61.107,-1,0.0, -> [person (Left): 20%]
frame_000802,-1.0,1.5012,66.9649,4.1744,72.6421,-1,0.0, -> [person (Left): 20%]
frame_000803,-1.0,1.1221,57.014,4.4454,62.5829,-1,0.0, -> [person (Left): 20%]
frame_000804,-1.0,1.5228,60.542,4.2152,66.2815,-1,0.0, -> [person (Left): 22%]
frame_000805,-1.0,1.1444,58.0969,4.2207,63.4636,-1,0.0, -> [person (Left): 20%]
frame_000806,-1.0,1.2311,57.5118,4.358,63.1022,-1,0.0," -> [chair (Left): 1%, person (Left): 17%]"
frame_000807,-1.0,1.3329,55.0541,4.4208,60.8092,-1,0.0," -> [chair (Left): 2%, person (Top-Left): 13%]"
frame_000808,-1.0,1.2723,57.1065,5.9815,64.3619,-1,0.0, -> [person (Left): 13%]
frame_000809,-1.0,1.1416,57.8316,4.2856,63.2603,-1,0.0, -> [person (Left): 13%]
frame_000810,-1.0,1.3188,57.33,4.2526,62.9023,-1,0.0, -> [person (Left): 14%]
frame_000811,-1.0,1.2649,56.5238,4.3524,62.1426,-1,0.0," -> [chair (Left): 1%, person (Top-Left): 9%]"
frame_000812,-1.0,1.3328,57.8473,4.3465,63.5279,-1,0.0, -> [person (Top-Left): 10%]
frame_000813,-1.0,1.0749,58.4065,4.4428,63.925,-1,0.0," -> [chair (Left): 1%, person (Top-Left): 11%]"
frame_000814,-1.0,1.3159,57.6356,4.3031,63.2557,-1,0.0, -> [person (Left): 13%]
frame_000815,-1.0,1.298,57.7931,4.2264,63.3186,-1,0.0, -> [person (Left): 13%]
frame_000816,-1.0,1.302,58.5482,4.2274,64.079,-1,0.0, -> [person (Left): 12%]
frame_000817,-1.0,1.3607,55.8173,4.2646,61.4436,-1,0.0, -> [person (Left): 11%]
frame_000818,-1.0,1.2619,57.6718,4.3517,63.2865,-1,0.0, -> [person (Left): 10%]
frame_000819,-1.0,1.2924,57.7455,4.2625,63.3017,-1,0.0, -> [person (Top-Left): 6%]
frame_000820,-1.0,1.4695,64.2773,4.2869,70.0345,-1,0.0, -> [person (Top-Left): 7%]
frame_000821,-1.0,1.07,56.588,4.2761,61.9352,-1,0.0, -> [person (Left): 10%]
frame_000822,-1.0,1.3031,57.5332,4.2332,63.0705,-1,0.0, -> [person (Left): 9%]
frame_000823,-1.0,1.3215,57.1656,4.3247,62.8128,-1,0.0, -> [person (Left): 6%]
frame_000824,-1.0,1.305,57.8096,4.2042,63.3198,-1,0.0, -> [person (Left): 7%]
frame_000825,-1.0,1.0266,57.8054,4.1844,63.0172,-1,0.0, -> [person (Left): 7%]
frame_000826,-1.0,1.3726,57.5853,4.051,63.01,-1,0.0, -> [person (Left): 7%]
frame_000827,-1.0,1.306,57.0669,4.2103,62.5844,-1,0.0, -> [person (Left): 8%]
frame_000828,-1.0,1.3432,56.397,4.2708,62.0123,-1,0.0, -> [person (Left): 8%]
frame_000829,-1.0,1.2829,58.1355,4.1754,63.5946,-1,0.0, -> [person (Left): 7%]
frame_000830,-1.0,1.3317,59.3226,4.2019,64.8573,-1,0.0, -> [person (Left): 7%]
frame_000831,-1.0,1.3674,57.617,4.3315,63.3168,-1,0.0, -> [person (Left): 7%]
frame_000832,-1.0,1.3554,57.7463,4.131,63.2335,-1,0.0, -> [person (Left): 6%]
frame_000833,-1.0,1.3174,57.7282,4.1491,63.1957,-1,0.0, -> [person (Left): 7%]
frame_000834,-1.0,1.3144,57.682,4.2797,63.277,-1,0.0, -> [person (Left): 7%]
frame_000835,-1.0,1.2937,56.1721,4.1351,61.6019,-1,0.0, -> [person (Left): 7%]
frame_000836,-1.0,1.3762,56.6863,4.3043,62.3678,-1,0.0, -> [person (Left): 6%]
frame_000837,-1.0,1.2835,58.7506,4.4133,64.4487,-1,0.0, -> [person (Left): 5%]
frame_000838,-1.0,1.1729,57.4671,5.4699,64.1113,-1,0.0, -> [person (Left): 5%]
frame_000839,-1.0,1.1366,57.7684,4.2633,63.1693,-1,0.0, -> [person (Left): 4%]
frame_000840,-1.0,1.3717,56.3917,4.2059,61.9702,-1,0.0, -> [person (Left): 4%]
frame_000841,-1.0,1.3154,56.3787,4.0811,61.776,-1,0.0, -> [person (Left): 4%]
frame_000842,-1.0,1.3103,56.9584,4.2108,62.4808,-1,0.0, -> [person (Left): 5%]
frame_000843,-1.0,1.2167,57.8037,4.1936,63.2153,-1,0.0, -> [person (Left): 5%]
frame_000844,-1.0,1.4003,57.0186,4.3601,62.7802,-1,0.0, -> [person (Left): 4%]
frame_000845,-1.0,1.3424,57.7097,4.0322,63.0852,-1,0.0, -> [person (Left): 4%]
frame_000846,-1.0,1.332,56.711,4.2717,62.316,-1,0.0, -> [person (Left): 5%]
frame_000847,-1.0,1.2769,58.6771,4.1881,64.1428,-1,0.0, -> [person (Left): 4%]
frame_000848,-1.0,1.5853,57.3567,4.2385,63.1818,-1,0.0, -> [person (Left): 4%]
frame_000849,-1.0,1.3068,56.4633,4.1912,61.9626,-1,0.0, -> [person (Left): 4%]
frame_000850,-1.0,1.2525,57.6581,4.3016,63.2136,-1,0.0, -> [person (Left): 5%]
frame_000851,-1.0,1.4721,62.5977,6.67,70.7412,-1,0.0, -> [person (Left): 5%]
frame_000852,-1.0,1.1434,57.5909,4.2612,62.997,-1,0.0, -> [person (Left): 4%]
frame_000853,-1.0,1.1846,57.0582,4.3348,62.5785,-1,0.0, -> [person (Left): 4%]
frame_000854,-1.0,1.3201,57.7675,4.155,63.2439,-1,0.0, -> [person (Left): 3%]
frame_000855,-1.0,1.3277,56.6686,4.3346,62.3321,-1,0.0, -> [person (Left): 3%]
frame_000856,-1.0,1.315,57.1116,4.2347,62.6624,-1,0.0, -> [person (Left): 4%]
frame_000857,-1.0,1.3175,56.4783,4.1338,61.9307,-1,0.0, -> [person (Left): 3%]
frame_000858,-1.0,1.314,56.8819,4.2451,62.4421,-1,0.0, -> [person (Left): 4%]
frame_000859,-1.0,1.3181,57.4053,4.2074,62.9318,-1,0.0, -> [person (Left): 5%]
frame_000860,-1.0,1.2962,57.4841,4.2772,63.0586,-1,0.0, -> [person (Left): 4%]
frame_000861,-1.0,1.4789,61.1912,4.2676,66.9386,-1,0.0, -> [person (Left): 4%]
frame_000862,-1.0,1.2678,56.0827,4.1099,61.4614,-1,0.0, -> [person (Left): 2%]
frame_000863,-1.0,1.3112,56.8091,4.2042,62.3257,-1,0.0, -> [person (Left): 4%]
frame_000864,-1.0,1.2915,56.1162,4.1525,61.5614,-1,0.0, -> [person (Left): 4%]
frame_000865,-1.0,1.2437,57.1884,4.1731,62.6065,-1,0.0, -> [person (Left): 3%]
frame_000866,-1.0,1.301,57.4921,4.4544,63.2486,-1,0.0, -> [person (Left): 3%]
frame_000867,-1.0,1.2917,59.4231,4.1282,64.8444,-1,0.0, -> [background only]
frame_000868,-1.0,1.0944,56.5919,4.1343,61.8217,-1,0.0, -> [background only]
frame_000869,-1.0,1.2622,57.9129,4.035,63.2112,-1,0.0, -> [background only]
frame_000870,-1.0,1.2923,57.5367,4.2309,63.0611,-1,0.0, -> [background only]
frame_000871,-1.0,1.6002,64.758,4.06,70.4196,-1,0.0, -> [background only]
frame_000872,-1.0,1.1225,58.0521,4.0978,63.2736,-1,0.0, -> [background only]
frame_000873,-1.0,1.2705,57.8072,5.1066,64.186,-1,0.0, -> [background only]
frame_000874,-1.0,1.2042,58.384,4.1054,63.6948,-1,0.0, -> [background only]
frame_000875,-1.0,1.2785,58.1405,3.9956,63.4158,-1,0.0, -> [background only]
frame_000876,-1.0,1.5018,59.5681,3.7057,64.7767,-1,0.0, -> [background only]
frame_000877,-1.0,1.3077,57.0061,4.0558,62.3703,-1,0.0, -> [background only]
frame_000878,-1.0,1.3111,57.9187,4.0422,63.2729,-1,0.0, -> [background only]
frame_000879,-1.0,1.3218,56.5248,4.1625,62.0105,-1,0.0, -> [background only]
frame_000880,-1.0,1.032,57.5464,4.1637,62.7428,-1,0.0, -> [background only]
frame_000881,-1.0,1.2816,57.854,3.9461,63.0828,-1,0.0, -> [background only]
frame_000882,-1.0,1.2892,57.1174,4.2331,62.6408,-1,0.0, -> [background only]
frame_000883,-1.0,1.4091,56.3065,3.7399,61.4569,-1,0.0, -> [background only]
frame_000884,-1.0,1.3336,56.9695,4.0915,62.396,-1,0.0, -> [background only]
frame_000885,-1.0,1.3391,57.3429,3.9928,62.6758,-1,0.0, -> [background only]
frame_000886,-1.0,1.3,56.93,4.1276,62.3586,-1,0.0, -> [chair (Top-Left): 1%]
frame_000887,-1.0,1.3197,57.4449,5.6572,64.4233,-1,0.0, -> [background only]
frame_000888,-1.0,1.1062,56.2317,4.1701,61.5093,-1,0.0, -> [background only]
frame_000889,-1.0,1.274,57.2822,4.0351,62.5925,-1,0.0, -> [background only]
frame_000890,-1.0,1.5583,64.9738,4.0327,70.5657,-1,0.0, -> [background only]
frame_000891,-1.0,1.3625,57.7009,4.9998,64.0648,-1,0.0, -> [background only]
frame_000892,-1.0,1.1597,58.6845,4.1135,63.9589,-1,0.0, -> [background only]
frame_000893,-1.0,1.3121,57.3454,4.1082,62.7669,-1,0.0, -> [background only]
frame_000894,-1.0,1.2866,57.393,3.8931,62.5736,-1,0.0, -> [background only]
frame_000895,-1.0,1.3238,57.5842,4.2047,63.1139,-1,0.0, -> [background only]
frame_000896,-1.0,1.3499,58.0761,3.9638,63.3913,-1,0.0, -> [background only]
frame_000897,-1.0,1.3412,56.9434,4.0086,62.2943,-1,0.0, -> [background only]
frame_000898,-1.0,1.2516,57.2702,4.1798,62.7031,-1,0.0, -> [background only]
frame_000899,-1.0,1.3403,57.8885,4.0502,63.2804,-1,0.0, -> [background only]
frame_000900,-1.0,1.3131,57.6525,4.3155,63.2826,-1,0.0, -> [background only]
frame_000901,-1.0,1.1514,58.5438,4.5868,64.2835,-1,0.0, -> [background only]
frame_000902,-1.0,1.1953,58.1384,4.1673,63.5026,-1,0.0, -> [background only]
frame_000903,-1.0,1.3468,58.4945,4.1226,63.9652,-1,0.0, -> [background only]
frame_000904,-1.0,1.2488,57.8555,4.1622,63.2675,-1,0.0, -> [background only]
frame_000905,-1.0,1.2979,57.3009,6.3599,64.9603,-1,0.0, -> [background only]
frame_000906,-1.0,1.1199,57.7711,4.2643,63.1565,-1,0.0, -> [background only]
frame_000907,-1.0,1.3168,58.2342,3.8483,63.4002,-1,0.0, -> [background only]
frame_000908,-1.0,1.3406,58.2334,4.2442,63.8191,-1,0.0, -> [background only]
frame_000909,-1.0,1.2035,56.9436,4.0014,62.1495,-1,0.0, -> [background only]
frame_000910,-1.0,1.2449,57.6001,4.0787,62.9252,-1,0.0, -> [background only]
frame_000911,-1.0,1.3415,57.6634,3.9772,62.983,-1,0.0, -> [background only]
frame_000912,-1.0,0.9383,57.0128,5.5752,63.5275,-1,0.0, -> [background only]
frame_000913,-1.0,1.1559,56.996,4.1463,62.2995,-1,0.0, -> [background only]
frame_000914,-1.0,1.2647,57.8319,4.005,63.1025,-1,0.0, -> [background only]
frame_000915,-1.0,1.5194,66.1915,4.07,71.7817,-1,0.0, -> [background only]
frame_000916,-1.0,0.9387,57.2803,4.0531,62.2731,-1,0.0, -> [background only]
frame_000917,-1.0,1.4226,57.1745,4.111,62.7091,-1,0.0, -> [background only]
frame_000918,-1.0,1.3254,57.3748,4.0218,62.7228,-1,0.0, -> [background only]
frame_000919,-1.0,1.3694,57.8702,4.1194,63.3604,-1,0.0, -> [background only]
frame_000920,-1.0,1.2546,57.7726,4.1315,63.1599,-1,0.0, -> [background only]
frame_000921,-1.0,1.3135,56.9509,4.1399,62.4052,-1,0.0, -> [background only]
frame_000922,-1.0,1.214,57.9965,4.0938,63.3052,-1,0.0, -> [background only]
frame_000923,-1.0,1.3119,55.9608,4.2021,61.4759,-1,0.0, -> [background only]
frame_000924,-1.0,1.3244,56.8127,4.1354,62.2733,-1,0.0, -> [background only]
frame_000925,-1.0,1.3962,56.9613,4.0662,62.4252,-1,0.0, -> [background only]
frame_000926,-1.0,1.3788,57.2921,4.2001,62.8721,-1,0.0, -> [background only]
frame_000927,-1.0,1.3098,57.1758,4.1465,62.6333,-1,0.0, -> [background only]
frame_000928,-1.0,1.2774,57.6725,4.2189,63.1703,-1,0.0, -> [background only]
frame_000929,-1.0,1.3316,56.272,3.862,61.4667,-1,0.0, -> [background only]
frame_000930,-1.0,1.5951,63.5482,4.3002,69.4449,-1,0.0, -> [background only]
frame_000931,-1.0,1.0794,57.4766,3.9466,62.504,-1,0.0, -> [background only]
frame_000932,-1.0,1.2802,56.226,4.13,61.637,-1,0.0, -> [background only]
frame_000933,-1.0,1.424,57.3617,4.2159,63.0048,-1,0.0, -> [background only]
frame_000934,-1.0,0.9795,57.2652,4.0405,62.2862,-1,0.0, -> [background only]
frame_000935,-1.0,1.2885,56.7541,4.1755,62.2192,-1,0.0, -> [background only]
frame_000936,-1.0,1.3595,57.033,3.9696,62.3631,-1,0.0, -> [background only]
frame_000937,-1.0,1.267,56.2384,4.039,61.5452,-1,0.0, -> [background only]
frame_000938,-1.0,1.3993,56.6783,4.0084,62.0871,-1,0.0, -> [background only]
frame_000939,-1.0,1.244,56.9342,4.1535,62.3328,-1,0.0, -> [background only]
frame_000940,-1.0,1.3232,56.6507,4.0694,62.0445,-1,0.0, -> [background only]
frame_000941,-1.0,1.3658,56.1545,4.1779,61.6997,-1,0.0, -> [background only]
frame_000942,-1.0,1.2964,56.7896,4.0097,62.0967,-1,0.0, -> [background only]
frame_000943,-1.0,1.29,55.6873,4.1609,61.1393,-1,0.0, -> [background only]
frame_000944,-1.0,1.2867,56.6199,3.8508,61.7583,-1,0.0, -> [background only]
frame_000945,-1.0,1.3202,56.0967,4.1668,61.585,-1,0.0, -> [background only]
frame_000946,-1.0,1.2832,57.4486,4.0453,62.7781,-1,0.0, -> [background only]
frame_000947,-1.0,1.3579,56.7656,4.0088,62.1335,-1,0.0, -> [background only]
frame_000948,-1.0,1.363,55.8245,3.7997,60.9882,-1,0.0, -> [background only]
frame_000949,-1.0,1.3289,56.4384,4.1481,61.9164,-1,0.0, -> [background only]
frame_000950,-1.0,1.3342,57.1042,4.0138,62.4532,-1,0.0, -> [background only]
frame_000951,-1.0,1.2893,56.1465,4.0117,61.4488,-1,0.0, -> [background only]
frame_000952,-1.0,1.251,56.7299,4.1368,62.1189,-1,0.0, -> [background only]
frame_000953,-1.0,1.4147,57.3014,3.9444,62.6617,-1,0.0, -> [background only]
frame_000954,-1.0,1.4175,56.8891,4.0614,62.3691,-1,0.0, -> [background only]
frame_000955,-1.0,1.3161,57.6165,4.0855,63.019,-1,0.0, -> [background only]
frame_000956,-1.0,1.3644,56.411,4.0571,61.8336,-1,0.0, -> [background only]
frame_000957,-1.0,1.2962,56.7164,4.0668,62.0807,-1,0.0, -> [background only]
frame_000958,-1.0,1.3373,57.4952,4.1074,62.9408,-1,0.0, -> [background only]
frame_000959,-1.0,1.3434,57.3764,4.0458,62.7668,-1,0.0, -> [background only]
frame_000960,-1.0,1.256,57.1499,4.1231,62.5299,-1,0.0, -> [background only]
frame_000961,-1.0,1.4251,56.6747,4.0708,62.1718,-1,0.0, -> [background only]
frame_000962,-1.0,1.2919,57.6317,4.0829,63.0078,-1,0.0, -> [background only]
frame_000963,-1.0,1.2067,57.6904,4.0597,62.9581,-1,0.0, -> [background only]
frame_000964,-1.0,0.981,57.615,3.9667,62.5636,-1,0.0, -> [background only]
frame_000965,-1.0,1.264,56.9304,4.1532,62.3486,-1,0.0, -> [background only]
frame_000966,-1.0,1.2979,56.8168,4.0232,62.1392,-1,0.0, -> [background only]
frame_000967,-1.0,1.5281,72.2841,4.0936,77.9071,-1,0.0, -> [background only]
frame_000968,-1.0,0.9504,58.7155,4.1581,63.8252,-1,0.0, -> [background only]
frame_000969,-1.0,1.2001,58.0425,4.0558,63.2995,-1,0.0, -> [background only]
frame_000970,-1.0,1.445,57.5181,4.1097,63.0737,-1,0.0, -> [background only]
frame_000971,-1.0,1.2381,57.4391,3.9763,62.6545,-1,0.0, -> [background only]
frame_000972,-1.0,1.2209,57.5674,4.1242,62.9135,-1,0.0, -> [background only]
frame_000973,-1.0,1.3429,55.3475,4.1833,60.8745,-1,0.0, -> [background only]
frame_000974,-1.0,1.3921,60.668,4.108,66.1697,-1,0.0, -> [background only]
frame_000975,-1.0,1.2854,57.8469,5.0098,64.1435,-1,0.0, -> [background only]
frame_000976,-1.0,1.1418,58.9184,3.9919,64.0534,-1,0.0, -> [background only]
frame_000977,-1.0,1.2821,57.2859,4.1587,62.7277,-1,0.0, -> [background only]
frame_000978,-1.0,1.3386,56.7725,4.1319,62.2442,-1,0.0, -> [background only]
frame_000979,-1.0,1.3142,56.4722,4.0238,61.811,-1,0.0, -> [background only]
frame_000980,-1.0,1.3037,58.2377,4.0096,63.552,-1,0.0, -> [background only]
frame_000981,-1.0,1.3121,57.7544,5.7893,64.8568,-1,0.0, -> [background only]
frame_000982,-1.0,1.1661,57.2737,4.1433,62.5846,-1,0.0, -> [background only]
frame_000983,-1.0,1.3521,57.4506,3.9451,62.7486,-1,0.0, -> [background only]
frame_000984,-1.0,1.3003,57.3716,4.1405,62.8137,-1,0.0, -> [background only]
frame_000985,-1.0,1.5149,67.3498,4.0272,72.8929,-1,0.0, -> [background only]
frame_000986,-1.0,1.0272,57.764,3.9493,62.7413,-1,0.0, -> [background only]
frame_000987,-1.0,1.3027,57.0641,4.053,62.4209,-1,0.0, -> [background only]
frame_000988,-1.0,1.3236,57.1116,4.9114,63.3484,-1,0.0, -> [background only]
frame_000989,-1.0,1.0896,56.2327,4.1665,61.4905,-1,0.0, -> [background only]
frame_000990,-1.0,1.3506,56.2555,3.9517,61.559,-1,0.0, -> [background only]
frame_000991,-1.0,1.2694,57.1384,4.0567,62.4658,-1,0.0, -> [background only]
frame_000992,-1.0,1.3283,56.728,4.0237,62.0814,-1,0.0, -> [background only]
frame_000993,-1.0,1.2853,57.556,3.9275,62.7701,-1,0.0, -> [background only]
frame_000994,-1.0,1.5288,57.058,4.1268,62.715,-1,0.0, -> [background only]
frame_000995,-1.0,1.3378,56.6775,4.0947,62.1112,-1,0.0, -> [background only]
frame_000996,-1.0,1.3096,57.3234,3.9856,62.6202,-1,0.0, -> [background only]
frame_000997,-1.0,1.3403,55.8966,4.0739,61.3118,-1,0.0, -> [background only]
frame_000998,-1.0,1.3199,56.2171,3.9898,61.5281,-1,0.0, -> [background only]
frame_000999,-1.0,1.3113,56.4921,3.9959,61.8003,-1,0.0, -> [background only]
frame_001000,-1.0,1.3055,57.3462,4.1652,62.818,-1,0.0, -> [background only]
frame_001001,-1.0,1.3039,56.7792,3.9201,62.0041,-1,0.0, -> [background only]
frame_001002,-1.0,1.4897,57.0433,4.2764,62.8102,-1,0.0, -> [background only]
frame_001003,-1.0,1.5408,57.6251,4.0263,63.1934,-1,0.0, -> [background only]
frame_001004,-1.0,1.2618,58.0002,5.5144,64.7781,-1,0.0, -> [background only]
frame_001005,-1.0,1.2062,59.3387,4.1639,64.71,-1,0.0, -> [background only]
frame_001006,-1.0,1.3798,56.8716,4.0017,62.2541,-1,0.0, -> [background only]
frame_001007,-1.0,1.3035,57.6797,3.8881,62.8727,-1,0.0, -> [background only]
frame_001008,-1.0,1.2793,57.3617,3.9118,62.5541,-1,0.0, -> [background only]
frame_001009,-1.0,1.3091,57.5296,4.0563,62.8964,-1,0.0, -> [background only]
frame_001010,-1.0,1.3374,57.494,4.053,62.8855,-1,0.0, -> [background only]
frame_001011,-1.0,1.2792,57.9215,4.0923,63.2938,-1,0.0, -> [background only]
frame_001012,-1.0,1.3044,56.8717,4.0001,62.1774,-1,0.0, -> [background only]
frame_001013,-1.0,1.3321,57.139,4.1589,62.6311,-1,0.0, -> [background only]
frame_001014,-1.0,1.3179,56.9716,4.0185,62.3085,-1,0.0, -> [background only]
frame_001015,-1.0,1.2915,58.0854,4.1823,63.5603,-1,0.0, -> [background only]
frame_001016,-1.0,1.391,57.5029,3.7876,62.6825,-1,0.0, -> [background only]
frame_001017,-1.0,1.3618,57.7936,4.1773,63.3338,-1,0.0, -> [background only]
frame_001018,-1.0,1.2884,57.689,4.0698,63.0481,-1,0.0, -> [background only]
frame_001019,-1.0,1.2524,58.0714,4.0723,63.3971,-1,0.0, -> [background only]
frame_001020,-1.0,1.4164,58.6731,3.963,64.0535,-1,0.0, -> [background only]
frame_001021,-1.0,1.2371,57.2052,3.9908,62.4342,-1,0.0, -> [background only]
frame_001022,-1.0,1.3069,58.3045,4.0044,63.6171,-1,0.0, -> [background only]
frame_001023,-1.0,1.2387,57.5502,4.056,62.846,-1,0.0, -> [background only]
frame_001024,-1.0,1.3234,57.0352,4.118,62.478,-1,0.0, -> [background only]
frame_001025,-1.0,1.3124,57.2614,4.0297,62.6048,-1,0.0, -> [background only]
frame_001026,-1.0,1.3327,57.6836,5.8119,64.8294,-1,0.0, -> [background only]
frame_001027,-1.0,1.1079,57.5982,4.1833,62.8908,-1,0.0, -> [background only]
frame_001028,-1.0,1.3054,57.6183,4.251,63.1761,-1,0.0, -> [background only]
frame_001029,-1.0,1.2959,56.145,3.9183,61.3602,-1,0.0, -> [background only]
frame_001030,-1.0,1.3133,57.7336,3.9996,63.048,-1,0.0, -> [background only]
frame_001031,-1.0,1.1175,57.7612,4.1241,63.0041,-1,0.0, -> [background only]
frame_001032,-1.0,1.2019,58.0282,4.0416,63.273,-1,0.0, -> [background only]
frame_001033,-1.0,1.341,58.6492,4.0365,64.0282,-1,0.0, -> [background only]
frame_001034,-1.0,1.3541,57.2178,4.1488,62.722,-1,0.0, -> [background only]
frame_001035,-1.0,1.4184,58.0616,4.0287,63.5102,-1,0.0, -> [background only]
frame_001036,-1.0,1.293,57.4208,3.9744,62.6895,-1,0.0, -> [background only]
frame_001037,-1.0,1.3817,56.6504,4.0316,62.0648,-1,0.0, -> [background only]
frame_001038,-1.0,1.3343,56.5143,4.1891,62.0391,-1,0.0, -> [background only]
frame_001039,-1.0,1.2622,57.824,4.1006,63.188,-1,0.0, -> [background only]
frame_001040,-1.0,1.3447,57.427,4.1324,62.905,-1,0.0, -> [background only]
frame_001041,-1.0,1.2457,56.631,4.0516,61.9297,-1,0.0, -> [background only]
frame_001042,-1.0,1.3166,56.5627,4.1532,62.034,-1,0.0, -> [background only]
frame_001043,-1.0,1.2706,56.4037,3.868,61.5434,-1,0.0, -> [background only]
frame_001044,-1.0,1.2352,57.5604,4.1166,62.9137,-1,0.0, -> [background only]
frame_001045,-1.0,1.5241,56.6772,4.0676,62.2702,-1,0.0, -> [background only]
frame_001046,-1.0,1.3221,56.015,3.971,61.309,-1,0.0, -> [background only]
frame_001047,-1.0,1.323,56.0736,3.9582,61.3556,-1,0.0, -> [background only]
frame_001048,-1.0,1.305,57.1246,4.1384,62.569,-1,0.0, -> [background only]
frame_001049,-1.0,1.0487,57.0309,4.0362,62.117,-1,0.0, -> [background only]
frame_001050,-1.0,1.3463,57.2813,6.1527,64.7815,-1,0.0, -> [background only]
frame_001051,-1.0,1.0623,57.372,4.0621,62.4979,-1,0.0, -> [background only]
frame_001052,-1.0,1.3101,57.3206,4.09,62.7216,-1,0.0, -> [background only]
frame_001053,-1.0,1.2737,57.9513,4.0659,63.2918,-1,0.0, -> [background only]
frame_001054,-1.0,1.2933,57.2255,4.0494,62.5691,-1,0.0, -> [background only]
frame_001055,-1.0,1.2894,57.3655,4.108,62.7635,-1,0.0, -> [background only]
frame_001056,-1.0,1.3235,56.6882,3.9311,61.9437,-1,0.0, -> [background only]
frame_001057,-1.0,1.2341,56.715,4.1877,62.1377,-1,0.0, -> [background only]
frame_001058,-1.0,1.3249,57.5515,3.9082,62.7855,-1,0.0, -> [background only]
frame_001059,-1.0,1.294,56.1906,4.0346,61.5204,-1,0.0, -> [background only]
frame_001060,-1.0,1.3077,56.871,4.0811,62.261,-1,0.0, -> [background only]
frame_001061,-1.0,1.275,56.527,4.1354,61.9381,-1,0.0, -> [background only]
frame_001062,-1.0,1.3074,57.0987,4.0364,62.4435,-1,0.0, -> [background only]
frame_001063,-1.0,1.2616,56.9578,3.8881,62.1084,-1,0.0, -> [background only]
frame_001064,-1.0,1.5303,55.656,4.1544,61.3417,-1,0.0, -> [background only]
frame_001065,-1.0,1.3107,56.4508,4.0872,61.8497,-1,0.0, -> [background only]
frame_001066,-1.0,1.2928,56.1757,3.9143,61.3836,-1,0.0, -> [background only]
frame_001067,-1.0,1.4352,56.7436,4.1577,62.3374,-1,0.0, -> [background only]
frame_001068,-1.0,1.2932,57.0565,4.1222,62.473,-1,0.0, -> [background only]
frame_001069,-1.0,1.3505,56.9068,4.1393,62.3977,-1,0.0, -> [background only]
frame_001070,-1.0,1.3353,56.2533,5.2026,62.7924,-1,0.0, -> [background only]
frame_001071,-1.0,1.1135,55.1333,4.3072,60.5554,-1,0.0, -> [background only]
frame_001072,-1.0,1.5399,73.9884,4.2204,79.7498,-1,0.0, -> [background only]
frame_001073,-1.0,1.0808,58.1446,4.1408,63.3671,-1,0.0, -> [background only]
frame_001074,-1.0,1.0886,57.9523,5.6386,64.6804,-1,0.0, -> [background only]
frame_001075,-1.0,1.5125,57.5467,3.8086,62.869,-1,0.0, -> [background only]
frame_001076,-1.0,1.3026,57.1822,4.0288,62.5147,-1,0.0, -> [background only]
frame_001077,-1.0,1.3106,57.8327,4.0824,63.2267,-1,0.0, -> [background only]
frame_001078,-1.0,1.5135,60.2849,4.0173,65.8169,-1,0.0, -> [background only]
frame_001079,-1.0,1.2828,57.592,4.175,63.0512,-1,0.0, -> [background only]
frame_001080,-1.0,1.2509,56.8846,4.0169,62.1536,-1,0.0, -> [background only]
frame_001081,-1.0,1.3855,56.6102,4.1186,62.1155,-1,0.0, -> [background only]
frame_001082,-1.0,1.2707,55.9177,4.0303,61.2199,-1,0.0, -> [background only]
frame_001083,-1.0,1.4504,56.0101,4.027,61.4887,-1,0.0, -> [background only]
frame_001084,-1.0,1.2959,56.0152,4.04,61.3523,-1,0.0, -> [background only]
frame_001085,-1.0,1.2912,56.5355,4.0533,61.881,-1,0.0, -> [background only]
frame_001086,-1.0,1.3397,56.2924,4.1363,61.7693,-1,0.0, -> [background only]
frame_001087,-1.0,1.3024,56.4617,4.0406,61.8058,-1,0.0, -> [background only]
frame_001088,-1.0,1.3686,56.5387,4.0461,61.9547,-1,0.0, -> [background only]
frame_001089,-1.0,1.1853,56.4091,4.0649,61.6602,-1,0.0, -> [background only]
frame_001090,-1.0,1.3258,56.7731,3.8813,61.9812,-1,0.0, -> [background only]
frame_001091,-1.0,1.2604,56.2321,4.161,61.6545,-1,0.0, -> [background only]
frame_001092,-1.0,1.0143,56.2898,4.0626,61.3676,-1,0.0, -> [background only]
frame_001093,-1.0,1.2568,56.6764,4.0257,61.96,-1,0.0, -> [background only]
frame_001094,-1.0,1.3084,56.4176,4.1166,61.844,-1,0.0, -> [background only]
frame_001095,-1.0,1.0211,57.1024,4.029,62.1533,-1,0.0, -> [background only]
frame_001096,-1.0,1.3268,56.2249,3.9369,61.4897,-1,0.0, -> [background only]
frame_001097,-1.0,1.2337,56.3945,4.1344,61.7634,-1,0.0, -> [background only]
frame_001098,-1.0,1.2881,56.0336,3.9932,61.3163,-1,0.0, -> [background only]
frame_001099,-1.0,1.4284,69.6257,3.9216,74.9766,-1,0.0, -> [background only]
frame_001100,-1.0,0.9768,56.5992,4.1008,61.6774,-1,0.0, -> [background only]
frame_001101,-1.0,1.4624,63.8494,4.0738,69.3865,-1,0.0, -> [background only]
frame_001102,-1.0,1.2953,56.1488,5.5201,62.9656,-1,0.0, -> [background only]
frame_001103,-1.0,1.3464,59.0205,4.1959,64.5641,-1,0.0, -> [background only]
frame_001104,-1.0,1.2021,57.4333,4.1756,62.8123,-1,0.0, -> [background only]
frame_001105,-1.0,1.2273,56.7756,4.1378,62.1416,-1,0.0, -> [background only]
frame_001106,-1.0,1.3217,57.2909,4.0284,62.6423,-1,0.0, -> [background only]
frame_001107,-1.0,1.2609,57.6494,5.3631,64.2747,-1,0.0, -> [background only]
frame_001108,-1.0,1.1076,57.9088,4.2678,63.2858,-1,0.0, -> [background only]
frame_001109,-1.0,1.3016,57.9274,4.0444,63.2746,-1,0.0, -> [background only]
frame_001110,-1.0,1.3092,57.4403,4.0904,62.8407,-1,0.0, -> [background only]
frame_001111,-1.0,1.3114,57.7495,4.8935,63.9556,-1,0.0, -> [background only]
frame_001112,-1.0,1.1153,57.455,4.1819,62.7534,-1,0.0, -> [background only]
frame_001113,-1.0,1.3257,56.6805,4.1209,62.1282,-1,0.0, -> [background only]
frame_001114,-1.0,1.3185,56.716,5.1626,63.1982,-1,0.0, -> [background only]
frame_001115,-1.0,1.13,57.3565,4.1171,62.605,-1,0.0, -> [background only]
frame_001116,-1.0,1.3128,56.624,4.1419,62.0799,-1,0.0, -> [background only]
frame_001117,-1.0,1.7339,61.4832,5.7035,68.9221,-1,0.0, -> [background only]
frame_001118,-1.0,1.0867,58.1898,4.1436,63.4212,-1,0.0, -> [background only]
frame_001119,-1.0,1.329,58.1565,4.107,63.5935,-1,0.0, -> [background only]
frame_001120,-1.0,1.2499,57.9647,4.0384,63.254,-1,0.0, -> [background only]
frame_001121,-1.0,1.3457,56.304,3.9697,61.6204,-1,0.0, -> [background only]
frame_001122,-1.0,1.3256,56.5797,3.9313,61.8375,-1,0.0, -> [background only]
frame_001123,-1.0,1.3037,57.4415,4.067,62.8131,-1,0.0, -> [background only]
frame_001124,-1.0,1.2614,56.4779,4.0875,61.8283,-1,0.0, -> [background only]
frame_001125,-1.0,1.3956,59.0172,4.1635,64.5775,-1,0.0, -> [background only]
frame_001126,-1.0,1.2757,56.6415,4.3227,62.2415,-1,0.0, -> [background only]
frame_001127,-1.0,1.4737,63.8049,5.8307,71.1104,-1,0.0, -> [background only]
frame_001128,-1.0,1.1184,57.5552,4.1507,62.8261,-1,0.0, -> [background only]
frame_001129,-1.0,1.1715,57.8108,3.842,62.8254,-1,0.0, -> [background only]
frame_001130,-1.0,1.2539,57.3098,3.9965,62.5619,-1,0.0, -> [background only]
frame_001131,-1.0,1.3112,56.7173,3.8687,61.8981,-1,0.0, -> [background only]
frame_001132,-1.0,1.2953,57.2232,4.15,62.6696,-1,0.0, -> [background only]
frame_001133,-1.0,1.2846,57.6444,4.0814,63.0118,-1,0.0, -> [background only]
frame_001134,-1.0,1.3139,58.4414,3.9546,63.7112,-1,0.0, -> [background only]
frame_001135,-1.0,1.5216,67.6067,4.0925,73.2221,-1,0.0, -> [background only]
frame_001136,-1.0,0.9999,58.0176,4.1253,63.1436,-1,0.0, -> [background only]
frame_001137,-1.0,1.2884,58.105,4.1046,63.4988,-1,0.0, -> [background only]
frame_001138,-1.0,1.0114,57.0303,4.129,62.1714,-1,0.0, -> [background only]
frame_001139,-1.0,1.2818,57.6293,3.9625,62.875,-1,0.0, -> [background only]
frame_001140,-1.0,1.3502,57.4272,4.1216,62.9002,-1,0.0, -> [background only]
frame_001141,-1.0,1.279,57.6197,4.166,63.0656,-1,0.0, -> [background only]
frame_001142,-1.0,1.3055,57.5825,3.9836,62.8726,-1,0.0, -> [background only]
frame_001143,-1.0,1.361,58.8591,4.1571,64.3785,-1,0.0, -> [background only]
frame_001144,-1.0,1.0736,57.3731,4.0563,62.5044,-1,0.0, -> [background only]
frame_001145,-1.0,1.2164,57.9545,4.0179,63.1897,-1,0.0, -> [background only]
frame_001146,-1.0,1.3529,57.2659,4.1524,62.7723,-1,0.0, -> [background only]
frame_001147,-1.0,1.3294,56.2405,3.8746,61.4457,-1,0.0, -> [background only]
frame_001148,-1.0,1.266,57.326,4.1219,62.715,-1,0.0, -> [background only]
frame_001149,-1.0,1.2743,57.6301,4.0436,62.9493,-1,0.0, -> [background only]
frame_001150,-1.0,1.3129,57.5154,4.0562,62.8855,-1,0.0, -> [background only]
frame_001151,-1.0,1.4218,67.0734,4.1814,72.678,-1,0.0, -> [background only]
frame_001152,-1.0,1.0496,57.9861,4.2139,63.2512,-1,0.0, -> [background only]
frame_001153,-1.0,1.2941,57.3329,4.0778,62.706,-1,0.0, -> [background only]
frame_001154,-1.0,1.311,57.9271,4.0902,63.3294,-1,0.0, -> [background only]
frame_001155,-1.0,1.2577,56.6304,4.1184,62.0076,-1,0.0, -> [background only]
frame_001156,-1.0,1.2985,56.3266,4.0655,61.6918,-1,0.0, -> [background only]
frame_001157,-1.0,1.3506,56.396,4.0901,61.8377,-1,0.0, -> [background only]
frame_001158,-1.0,1.3096,57.0488,4.0336,62.3926,-1,0.0, -> [background only]
frame_001159,-1.0,1.351,57.0649,3.8214,62.2385,-1,0.0, -> [background only]
frame_001160,-1.0,1.3549,56.3731,4.1081,61.8377,-1,0.0, -> [background only]
frame_001161,-1.0,1.441,69.4933,3.9966,74.932,-1,0.0, -> [background only]
frame_001162,-1.0,1.0464,56.1885,4.1672,61.4032,-1,0.0, -> [background only]
frame_001163,-1.0,1.2582,57.2636,4.1133,62.6361,-1,0.0, -> [background only]
frame_001164,-1.0,1.3265,56.8335,4.0111,62.1726,-1,0.0, -> [background only]
frame_001165,-1.0,1.3063,57.0127,4.0386,62.3587,-1,0.0, -> [background only]
frame_001166,-1.0,1.2224,54.6994,4.2905,60.2133,-1,0.0, -> [background only]
frame_001167,-1.0,1.3623,58.0993,5.9132,65.3762,-1,0.0, -> [background only]
frame_001168,-1.0,1.1756,57.5183,3.7836,62.4788,-1,0.0, -> [background only]
frame_001169,-1.0,1.285,58.2385,4.1822,63.7068,-1,0.0, -> [background only]
frame_001170,-1.0,1.3448,57.4593,3.9723,62.7772,-1,0.0, -> [background only]
frame_001171,-1.0,1.2863,56.8189,3.9737,62.0799,-1,0.0, -> [background only]
frame_001172,-1.0,1.3006,57.4735,4.0665,62.8419,-1,0.0, -> [background only]
frame_001173,-1.0,1.5427,61.0302,4.0095,66.5834,-1,0.0, -> [background only]
frame_001174,-1.0,1.367,58.0091,4.0786,63.4559,-1,0.0, -> [background only]
frame_001175,-1.0,1.3536,57.514,4.0883,62.957,-1,0.0, -> [background only]
frame_001176,-1.0,1.3228,56.6645,3.9678,61.9564,-1,0.0, -> [background only]
frame_001177,-1.0,1.3379,56.4604,4.117,61.9168,-1,0.0, -> [background only]
frame_001178,-1.0,1.3526,56.9699,5.0118,63.3357,-1,0.0, -> [background only]
frame_001179,-1.0,1.1538,57.2943,4.1314,62.581,-1,0.0, -> [background only]
frame_001180,-1.0,1.2268,55.8076,4.3189,61.3548,-1,0.0, -> [background only]
frame_001181,-1.0,1.5945,69.122,4.0542,74.7718,-1,0.0, -> [background only]
frame_001182,-1.0,0.9471,57.0483,4.0373,62.0335,-1,0.0, -> [background only]
frame_001183,-1.0,1.2344,57.4158,3.9219,62.5733,-1,0.0, -> [background only]
frame_001184,-1.0,1.2921,57.7351,3.916,62.9444,-1,0.0, -> [background only]
frame_001185,-1.0,1.3297,57.5163,4.0767,62.9241,-1,0.0, -> [background only]
frame_001186,-1.0,1.1817,57.1766,4.1721,62.5315,-1,0.0, -> [background only]
frame_001187,-1.0,1.4102,56.4375,3.9958,61.8447,-1,0.0, -> [background only]
frame_001188,-1.0,1.3497,57.1406,3.9779,62.4694,-1,0.0, -> [background only]
frame_001189,-1.0,1.3394,57.6984,4.1498,63.1884,-1,0.0, -> [background only]
frame_001190,-1.0,1.3066,57.9277,4.0957,63.3312,-1,0.0, -> [background only]
frame_001191,-1.0,1.2511,57.4731,3.838,62.5636,-1,0.0, -> [background only]
frame_001192,-1.0,1.2716,57.395,4.209,62.8767,-1,0.0, -> [background only]
frame_001193,-1.0,1.2591,57.3802,4.1921,62.8326,-1,0.0, -> [background only]
frame_001194,-1.0,1.3687,56.2722,3.8063,61.448,-1,0.0, -> [background only]
frame_001195,-1.0,1.3569,56.9999,5.4829,63.8409,-1,0.0, -> [background only]
frame_001196,-1.0,1.1564,56.9478,4.0429,62.1484,-1,0.0, -> [background only]
frame_001197,-1.0,1.2598,56.0285,4.0967,61.386,-1,0.0, -> [background only]
frame_001198,-1.0,1.2631,56.2258,3.9107,61.4006,-1,0.0, -> [background only]
frame_001199,-1.0,1.2899,56.9908,4.09,62.3718,-1,0.0, -> [background only]
frame_001200,-1.0,1.298,56.1998,4.0465,61.5452,-1,0.0, -> [background only]
frame_001201,-1.0,1.3046,57.6284,4.0031,62.9368,-1,0.0, -> [background only]
frame_001202,-1.0,1.2429,57.5634,3.9875,62.7948,-1,0.0, -> [background only]
frame_001203,-1.0,1.3587,56.0236,4.2024,61.5859,-1,0.0, -> [background only]
frame_001204,-1.0,1.4262,57.9058,4.1023,63.4351,-1,0.0, -> [background only]
frame_001205,-1.0,1.544,55.8099,4.262,61.6172,-1,0.0, -> [background only]
frame_001206,-1.0,1.3696,58.7434,4.0589,64.1733,-1,0.0, -> [background only]
frame_001207,-1.0,1.3131,57.8711,4.0878,63.2732,-1,0.0, -> [background only]
frame_001208,-1.0,1.3802,57.5105,4.0047,62.8965,-1,0.0, -> [background only]
frame_001209,-1.0,1.3514,57.8242,4.1381,63.3148,-1,0.0, -> [background only]
frame_001210,-1.0,1.2796,57.6044,4.0432,62.9284,-1,0.0, -> [background only]
frame_001211,-1.0,1.2647,57.156,4.0965,62.5182,-1,0.0, -> [background only]
frame_001212,-1.0,1.3261,56.3412,3.8744,61.5427,-1,0.0, -> [background only]
frame_001213,-1.0,1.3166,56.4154,4.3197,62.0528,-1,0.0, -> [background only]
frame_001214,-1.0,1.2839,57.7396,3.8524,62.8768,-1,0.0, -> [background only]
frame_001215,-1.0,1.3145,57.5646,4.0277,62.9079,-1,0.0, -> [background only]
frame_001216,-1.0,1.2992,56.5373,4.0411,61.8786,-1,0.0, -> [background only]
frame_001217,-1.0,1.5169,72.8045,4.1409,78.4632,-1,0.0, -> [background only]
frame_001218,-1.0,0.9335,59.4885,4.162,64.5852,-1,0.0, -> [background only]
frame_001219,-1.0,1.1512,57.4446,4.3975,62.9949,-1,0.0, -> [background only]
frame_001220,-1.0,1.0734,58.3118,4.2148,63.6011,-1,0.0, -> [background only]
frame_001221,-1.0,1.2811,57.3017,4.0869,62.6707,-1,0.0, -> [background only]
frame_001222,-1.0,1.2825,57.279,3.9111,62.4734,-1,0.0, -> [background only]
frame_001223,-1.0,1.2994,57.3065,4.1112,62.7183,-1,0.0, -> [background only]
frame_001224,-1.0,1.2774,57.4153,4.2045,62.8979,-1,0.0, -> [background only]
frame_001225,-1.0,1.2536,57.8182,3.9749,63.0478,-1,0.0, -> [background only]
frame_001226,-1.0,1.2937,57.2937,4.2001,62.7888,-1,0.0, -> [background only]
frame_001227,-1.0,1.2841,56.8611,4.013,62.1597,-1,0.0, -> [background only]
frame_001228,-1.0,1.3601,56.6531,4.2079,62.2222,-1,0.0, -> [background only]
frame_001229,-1.0,1.3394,57.037,4.0432,62.4208,-1,0.0, -> [background only]
frame_001230,-1.0,1.3337,57.3096,4.1864,62.8309,-1,0.0, -> [background only]
frame_001231,-1.0,1.379,56.8563,4.261,62.4974,-1,0.0, -> [background only]
frame_001232,-1.0,1.2998,57.4617,4.1239,62.8864,-1,0.0, -> [background only]
frame_001233,-1.0,1.2907,56.9127,4.0722,62.2766,-1,0.0, -> [background only]
frame_001234,-1.0,1.3032,56.7055,4.0125,62.0221,-1,0.0, -> [background only]
frame_001235,-1.0,1.3056,57.7101,4.0773,63.0939,-1,0.0, -> [background only]
frame_001236,-1.0,1.3187,56.0645,4.0818,61.4661,-1,0.0, -> [background only]
frame_001237,-1.0,1.3761,57.4642,4.033,62.8743,-1,0.0, -> [background only]
frame_001238,-1.0,1.3629,56.1155,4.1763,61.6554,-1,0.0, -> [background only]
frame_001239,-1.0,1.2801,56.1154,4.0365,61.4331,-1,0.0, -> [background only]
frame_001240,-1.0,1.5005,56.6903,4.1601,62.3524,-1,0.0, -> [background only]
frame_001241,-1.0,1.3637,56.7752,3.9559,62.0957,-1,0.0, -> [background only]
frame_001242,-1.0,1.5411,60.5673,4.288,66.3976,-1,0.0, -> [background only]
frame_001243,-1.0,1.335,56.1643,5.1704,62.671,-1,0.0, -> [background only]
frame_001244,-1.0,1.1712,59.0985,4.2318,64.5032,-1,0.0, -> [background only]
frame_001245,-1.0,1.9508,57.1906,4.2094,63.3523,-1,0.0, -> [background only]
frame_001246,-1.0,1.3293,57.5003,5.4801,64.311,-1,0.0, -> [background only]
frame_001247,-1.0,1.2109,57.5138,4.2217,62.9478,-1,0.0, -> [background only]
frame_001248,-1.0,1.3242,57.5201,3.9852,62.8308,-1,0.0, -> [background only]
frame_001249,-1.0,1.3865,58.3039,4.0972,63.7888,-1,0.0, -> [background only]
frame_001250,-1.0,1.2992,58.5986,3.9398,63.8385,-1,0.0, -> [background only]
frame_001251,-1.0,1.2991,57.2502,4.1439,62.6941,-1,0.0, -> [background only]
frame_001252,-1.0,1.2813,55.4526,3.988,60.723,-1,0.0, -> [background only]
frame_001253,-1.0,1.3303,57.2698,4.1238,62.7251,-1,0.0, -> [background only]
frame_001254,-1.0,1.394,57.3077,3.93,62.6328,-1,0.0, -> [background only]
frame_001255,-1.0,1.308,56.822,4.0966,62.2276,-1,0.0, -> [background only]
frame_001256,-1.0,1.6104,64.8428,4.0251,70.4796,-1,0.0, -> [background only]
frame_001257,-1.0,1.0822,61.6135,6.2365,68.9335,-1,0.0, -> [background only]
frame_001258,-1.0,1.1784,58.0369,4.0135,63.2301,-1,0.0, -> [background only]
frame_001259,-1.0,1.3133,57.736,4.1314,63.1814,-1,0.0, -> [background only]
frame_001260,-1.0,1.3752,57.8501,5.0729,64.2995,-1,0.0, -> [background only]
frame_001261,-1.0,1.1769,58.1597,4.0483,63.386,-1,0.0, -> [background only]
frame_001262,-1.0,1.3308,57.6651,4.0499,63.0468,-1,0.0, -> [background only]
frame_001263,-1.0,1.3036,57.3495,4.0202,62.6744,-1,0.0, -> [background only]
frame_001264,-1.0,1.3896,54.6638,4.2835,60.338,-1,0.0, -> [train (Bottom-Left): 1%]
frame_001265,-1.0,1.3433,58.3029,4.1902,63.8379,-1,0.0, -> [train (Center): 68%]
frame_001266,-1.0,1.3474,60.2326,4.1301,65.7112,-1,0.0, -> [background only]
frame_001267,-1.0,1.0784,57.583,3.8752,62.5374,-1,0.0, -> [background only]
frame_001268,-1.0,1.3139,58.0347,4.1186,63.4681,-1,0.0, -> [background only]
frame_001269,-1.0,1.387,56.1639,4.0932,61.6455,-1,0.0, -> [background only]
frame_001270,-1.0,1.3109,56.955,4.0798,62.3472,-1,0.0, -> [background only]
frame_001271,-1.0,1.3266,57.9831,4.0063,63.317,-1,0.0, -> [background only]
frame_001272,-1.0,1.2983,57.7654,6.1597,65.2246,-1,0.0, -> [background only]
frame_001273,-1.0,1.16,57.454,4.0814,62.6966,-1,0.0, -> [background only]
frame_001274,-1.0,1.2744,57.2283,5.4899,63.9938,-1,0.0, -> [background only]
frame_001275,-1.0,1.1944,58.404,4.1917,63.7915,-1,0.0, -> [background only]
frame_001276,-1.0,1.3588,56.3914,4.0373,61.7887,-1,0.0, -> [background only]
frame_001277,-1.0,1.2603,57.3794,3.951,62.5917,-1,0.0, -> [background only]
frame_001278,-1.0,1.3068,57.3592,3.9139,62.5808,-1,0.0, -> [background only]
frame_001279,-1.0,1.3534,57.5356,4.1306,63.0205,-1,0.0, -> [chair (Right): 3%]
frame_001280,-1.0,1.2385,57.1529,4.2779,62.6702,-1,0.0, -> [chair (Right): 1%]
frame_001281,-1.0,1.3563,56.9494,4.1151,62.4216,-1,0.0, -> [chair (Right): 2%]
frame_001282,-1.0,1.3253,57.3104,4.3186,62.9552,-1,0.0, -> [chair (Right): 2%]
frame_001283,-1.0,1.0787,56.6149,4.1808,61.8753,-1,0.0, -> [chair (Right): 4%]
frame_001284,-1.0,1.2705,56.8993,4.2551,62.4262,-1,0.0, -> [chair (Right): 10%]
frame_001285,-1.0,1.3491,57.1448,4.2873,62.782,-1,0.0, -> [chair (Right): 11%]
frame_001286,-1.0,1.308,56.6766,4.1417,62.1273,-1,0.0, -> [chair (Right): 10%]
frame_001287,-1.0,1.2978,56.6612,4.2511,62.2111,-1,0.0, -> [chair (Right): 8%]
frame_001288,-1.0,1.4735,60.606,4.1516,66.2322,-1,0.0, -> [chair (Center): 8%]
frame_001289,-1.0,1.2166,56.7441,4.2642,62.2259,-1,0.0, -> [chair (Center): 7%]
frame_001290,-1.0,1.4415,65.6011,4.3078,71.3515,-1,0.0, -> [chair (Center): 3%]
frame_001291,-1.0,1.1562,58.1287,4.2313,63.5175,-1,0.0, -> [chair (Center): 8%]
frame_001292,-1.0,1.3827,56.4978,4.2322,62.1141,-1,0.0, -> [chair (Center): 6%]
frame_001293,-1.0,1.2517,58.0331,4.1564,63.442,-1,0.0, -> [chair (Center): 6%]
frame_001294,-1.0,1.3512,58.6771,5.804,65.8333,-1,0.0, -> [chair (Center): 5%]
frame_001295,-1.0,1.1894,58.5393,4.3397,64.0695,-1,0.0, -> [chair (Center): 5%]
frame_001296,-1.0,1.3112,58.1873,4.2758,63.7753,-1,0.0, -> [chair (Left): 5%]
frame_001297,-1.0,1.569,64.6515,4.3017,70.5232,-1,0.0, -> [chair (Left): 2%]
frame_001298,-1.0,1.0506,57.2168,4.3558,62.6242,-1,0.0, -> [chair (Left): 2%]
frame_001299,-1.0,1.2333,57.3129,4.2369,62.7841,-1,0.0, -> [chair (Left): 2%]
frame_001300,-1.0,1.2843,57.1987,4.1205,62.6046,-1,0.0, -> [background only]
frame_001301,-1.0,1.2881,57.4432,4.2012,62.9336,-1,0.0, -> [bicycle (Left): 3%]
frame_001302,-1.0,1.2835,56.6804,3.9642,61.9292,-1,0.0, -> [background only]
frame_001303,-1.0,1.2261,57.4139,4.2868,62.9281,-1,0.0, -> [bicycle (Left): 2%]
frame_001304,-1.0,1.2575,57.8489,4.0637,63.1713,-1,0.0, -> [background only]
frame_001305,-1.0,1.6223,58.0754,4.4446,64.1438,-1,0.0, -> [background only]
frame_001306,-1.0,1.4543,55.5256,4.17,61.1509,-1,0.0, -> [background only]
frame_001307,-1.0,1.4441,55.8494,4.3157,61.6107,-1,0.0, -> [background only]
frame_001308,-1.0,1.2992,57.0861,4.0569,62.443,-1,0.0, -> [background only]
frame_001309,-1.0,1.3174,56.3169,4.1102,61.7459,-1,0.0, -> [motorbike (Center): 1%]
frame_001310,-1.0,1.3825,57.2904,4.1047,62.7788,-1,0.0, -> [background only]
frame_001311,-1.0,1.2542,56.6504,4.1913,62.0971,-1,0.0, -> [motorbike (Left): 16%]
frame_001312,-1.0,1.4047,56.6535,4.2648,62.324,-1,0.0, -> [motorbike (Left): 18%]
frame_001313,-1.0,1.3636,56.927,4.2486,62.5403,-1,0.0, -> [motorbike (Left): 5%]
frame_001314,-1.0,1.3038,57.1222,4.1964,62.6238,-1,0.0, -> [bicycle (Left): 1%]
frame_001315,-1.0,1.2698,57.2963,4.054,62.6212,-1,0.0, -> [background only]
frame_001316,-1.0,1.2683,56.6944,4.0157,61.9797,-1,0.0, -> [background only]
frame_001317,-1.0,1.2669,56.7189,4.0034,61.9904,-1,0.0, -> [background only]
frame_001318,-1.0,1.2528,56.342,6.2417,63.8381,-1,0.0, -> [tvmonitor (Bottom-Left): 1%]
frame_001319,-1.0,1.1982,56.9885,4.2954,62.4834,-1,0.0, -> [tvmonitor (Left): 3%]
frame_001320,-1.0,1.2939,57.5169,4.5702,63.382,-1,0.0," -> [chair (Center): 1%, tvmonitor (Left): 1%]"
frame_001321,-1.0,1.1583,55.2666,4.4087,60.835,-1,0.0, -> [chair (Center): 1%]
frame_001322,-1.0,1.2574,56.4421,4.3932,62.0941,-1,0.0," -> [chair (Center): 1%, tvmonitor (Left): 1%]"
frame_001323,-1.0,1.0055,56.3418,4.3748,61.7229,-1,0.0," -> [chair (Center): 1%, tvmonitor (Left): 1%]"
frame_001324,-1.0,1.3461,57.1619,4.3133,62.8225,-1,0.0," -> [chair (Center): 2%, tvmonitor (Left): 1%]"
frame_001325,-1.0,1.0908,57.2248,4.3351,62.6516,-1,0.0, -> [tvmonitor (Left): 3%]
frame_001326,-1.0,1.358,57.9969,4.4085,63.7648,-1,0.0," -> [chair (Center): 2%, tvmonitor (Left): 3%]"
frame_001327,-1.0,1.071,57.3311,4.4002,62.8037,-1,0.0," -> [chair (Center): 4%, tvmonitor (Left): 1%]"
frame_001328,-1.0,1.3748,56.6524,4.3942,62.4225,-1,0.0," -> [chair (Center): 3%, tvmonitor (Left): 3%]"
frame_001329,-1.0,1.2705,58.0849,4.0285,63.3847,-1,0.0," -> [chair (Center): 3%, tvmonitor (Left): 2%]"
frame_001330,-1.0,1.3184,57.871,4.1164,63.3069,-1,0.0," -> [chair (Center): 3%, tvmonitor (Left): 1%]"
frame_001331,-1.0,1.0602,57.1749,4.3755,62.6119,-1,0.0," -> [chair (Center): 3%, tvmonitor (Left): 2%]"
frame_001332,-1.0,1.2599,58.2157,4.4799,63.9565,-1,0.0," -> [car (Bottom-Right): 1%, chair (Left): 2%, tvmonitor (Left): 2%]"
frame_001333,-1.0,1.0829,57.8537,4.2735,63.2112,-1,0.0," -> [chair (Left): 2%, tvmonitor (Left): 2%]"
frame_001334,-1.0,1.4355,57.3617,4.298,63.0962,-1,0.0, -> [chair (Left): 6%]
frame_001335,-1.0,1.2788,56.6031,4.2282,62.1114,-1,0.0," -> [chair (Left): 3%, tvmonitor (Left): 1%]"
frame_001336,-1.0,1.5425,63.186,4.3684,69.0982,-1,0.0," -> [chair (Left): 2%, tvmonitor (Left): 3%]"
frame_001337,-1.0,1.0233,57.194,4.4495,62.6676,-1,0.0," -> [chair (Left): 4%, tvmonitor (Left): 2%]"
frame_001338,-1.0,1.3972,61.2123,4.1662,66.7769,-1,0.0, -> [tvmonitor (Left): 4%]
frame_001339,-1.0,1.2537,57.6665,4.2804,63.2016,-1,0.0," -> [chair (Left): 2%, tvmonitor (Left): 3%]"
frame_001340,-1.0,1.3773,58.0609,4.4863,63.9255,-1,0.0," -> [chair (Left): 4%, tvmonitor (Left): 2%]"
frame_001341,-1.0,1.2174,57.3828,4.5151,63.1161,-1,0.0," -> [chair (Left): 3%, tvmonitor (Left): 3%]"
frame_001342,-1.0,1.3703,56.1334,4.1819,61.6865,-1,0.0, -> [tvmonitor (Left): 3%]
frame_001343,-1.0,1.3135,57.8322,4.3759,63.5225,-1,0.0," -> [chair (Center): 3%, tvmonitor (Left): 5%]"
frame_001344,-1.0,1.4981,57.4011,4.292,63.1924,-1,0.0," -> [chair (Center): 4%, tvmonitor (Left): 4%]"
frame_001345,-1.0,1.3487,56.3516,4.2592,61.9603,-1,0.0," -> [chair (Center): 2%, tvmonitor (Left): 6%]"
frame_001346,-1.0,1.4368,63.6969,4.1932,69.3278,-1,0.0," -> [chair (Center): 3%, tvmonitor (Left): 4%]"
frame_001347,-1.0,1.2956,57.6748,4.3872,63.3589,-1,0.0," -> [chair (Center): 5%, tvmonitor (Left): 3%]"
frame_001348,-1.0,1.3242,56.5722,4.3911,62.2887,-1,0.0," -> [chair (Left): 4%, tvmonitor (Left): 4%]"
frame_001349,-1.0,1.0844,57.5899,4.3638,63.0389,-1,0.0," -> [chair (Left): 4%, tvmonitor (Left): 3%]"
frame_001350,-1.0,1.251,57.6726,4.328,63.2527,-1,0.0," -> [chair (Center): 5%, tvmonitor (Left): 3%]"
frame_001351,-1.0,1.3325,57.5868,4.3089,63.2295,-1,0.0," -> [chair (Left): 3%, tvmonitor (Left): 3%]"
frame_001352,-1.0,1.5213,63.9169,4.2959,69.735,-1,0.0," -> [chair (Center): 6%, tvmonitor (Left): 3%]"
frame_001353,-1.0,1.3404,57.8926,4.4377,63.6716,-1,0.0," -> [chair (Left): 4%, tvmonitor (Left): 2%]"
frame_001354,-1.0,1.5089,57.8869,4.4163,63.8134,-1,0.0," -> [chair (Left): 5%, tvmonitor (Left): 2%]"
frame_001355,-1.0,1.2837,58.4824,4.1722,63.9392,-1,0.0, -> [chair (Left): 4%]
frame_001356,-1.0,1.3589,58.13,4.4881,63.9784,-1,0.0," -> [chair (Left): 6%, tvmonitor (Bottom-Left): 1%]"
frame_001357,-1.0,1.3039,58.3832,4.4114,64.0998,-1,0.0, -> [chair (Left): 8%]
frame_001358,-1.0,1.1307,58.9238,4.21,64.2663,-1,0.0, -> [chair (Left): 7%]
frame_001359,-1.0,1.2644,56.6475,4.9645,62.878,-1,0.0," -> [car (Bottom): 1%, chair (Left): 6%]"
frame_001360,-1.0,1.0335,56.5375,4.4138,61.9865,-1,0.0," -> [car (Bottom): 1%, chair (Left): 5%]"
frame_001361,-1.0,1.3041,57.5982,4.4988,63.4022,-1,0.0," -> [car (Bottom): 1%, chair (Left): 7%, tvmonitor (Top): 1%]"
frame_001362,-1.0,1.3374,57.644,4.2946,63.2773,-1,0.0," -> [car (Bottom): 1%, chair (Left): 8%, tvmonitor (Top): 1%]"
frame_001363,-1.0,1.3932,66.1789,4.324,71.8974,-1,0.0," -> [car (Bottom-Right): 1%, chair (Left): 7%]"
frame_001364,-1.0,0.9861,57.8588,5.9964,64.8427,-1,0.0," -> [car (Bottom-Right): 1%, chair (Left): 8%]"
frame_001365,-1.0,1.2298,58.3694,4.2984,63.899,-1,0.0, -> [chair (Left): 6%]
frame_001366,-1.0,1.2936,57.7386,4.4515,63.4847,-1,0.0," -> [chair (Left): 8%, tvmonitor (Top): 1%]"
frame_001367,-1.0,1.3083,56.8754,4.3162,62.5009,-1,0.0, -> [chair (Left): 11%]
frame_001368,-1.0,1.3821,58.7961,4.2804,64.4594,-1,0.0, -> [chair (Left): 10%]
frame_001369,-1.0,1.314,57.1628,4.1362,62.614,-1,0.0, -> [chair (Left): 10%]
frame_001370,-1.0,1.3391,58.657,4.3299,64.327,-1,0.0, -> [chair (Left): 14%]
frame_001371,-1.0,1.3377,58.7615,4.2797,64.38,-1,0.0, -> [chair (Left): 13%]
frame_001372,-1.0,1.3022,59.0043,4.3013,64.6087,-1,0.0, -> [chair (Left): 13%]
frame_001373,-1.0,1.2557,58.1297,4.3682,63.7549,-1,0.0," -> [chair (Left): 12%, tvmonitor (Top-Left): 1%]"
frame_001374,-1.0,1.3184,59.1488,4.4375,64.9059,-1,0.0," -> [car (Bottom): 1%, chair (Left): 9%]"
frame_001375,-1.0,1.4803,58.0026,4.4432,63.9272,-1,0.0," -> [chair (Left): 11%, tvmonitor (Top-Left): 1%]"
frame_001376,-1.0,1.3307,57.9826,4.2558,63.5702,-1,0.0, -> [chair (Left): 12%]
frame_001377,-1.0,1.3086,58.3153,4.3724,63.9972,-1,0.0, -> [chair (Left): 13%]
frame_001378,-1.0,1.0505,58.1582,4.312,63.522,-1,0.0, -> [chair (Left): 11%]
frame_001379,-1.0,1.2418,57.5303,5.5643,64.3377,-1,0.0, -> [chair (Left): 10%]
frame_001380,-1.0,1.1651,58.4422,4.5511,64.16,-1,0.0, -> [chair (Left): 9%]
frame_001381,-1.0,1.2613,58.2237,4.2458,63.7317,-1,0.0, -> [chair (Left): 9%]
frame_001382,-1.0,1.2623,56.967,3.9986,62.229,-1,0.0, -> [chair (Left): 4%]
frame_001383,-1.0,0.995,59.1113,4.3242,64.4317,-1,0.0, -> [chair (Left): 2%]
frame_001384,-1.0,1.1983,57.8145,4.344,63.3579,-1,0.0, -> [chair (Left): 1%]
frame_001385,-1.0,1.3695,56.4948,5.5793,63.4446,-1,0.0, -> [background only]
frame_001386,-1.0,1.1334,57.8799,5.647,64.6619,-1,0.0, -> [background only]
frame_001387,-1.0,1.2045,58.0564,4.3535,63.6158,-1,0.0, -> [car (Bottom): 2%]
frame_001388,-1.0,1.2095,58.1132,4.2561,63.5798,-1,0.0, -> [car (Bottom-Left): 3%]
frame_001389,-1.0,1.2994,57.2387,4.251,62.7902,-1,0.0, -> [car (Bottom-Left): 1%]
frame_001390,-1.0,1.3372,57.7261,4.039,63.1032,-1,0.0, -> [background only]
frame_001391,-1.0,1.2372,58.0054,4.0538,63.2978,-1,0.0, -> [background only]
frame_001392,-1.0,1.3002,57.0631,3.9224,62.2868,-1,0.0, -> [background only]
frame_001393,-1.0,1.3074,57.9541,4.1562,63.4186,-1,0.0, -> [background only]
frame_001394,-1.0,1.4797,58.8477,4.0888,64.4173,-1,0.0, -> [background only]
frame_001395,-1.0,1.2624,57.78,4.0436,63.087,-1,0.0, -> [background only]
frame_001396,-1.0,1.2612,57.7236,4.0512,63.037,-1,0.0, -> [background only]
frame_001397,-1.0,1.3055,58.0546,3.9707,63.3319,-1,0.0, -> [background only]
frame_001398,-1.0,1.2159,58.3886,3.97,63.5758,-1,0.0, -> [background only]
frame_001399,-1.0,1.2896,56.3712,4.1068,61.7686,-1,0.0, -> [background only]
frame_001400,-1.0,1.269,57.9312,3.9495,63.1506,-1,0.0, -> [background only]
frame_001401,-1.0,1.618,72.3243,4.1853,78.1289,-1,0.0, -> [background only]
frame_001402,-1.0,1.1352,59.3517,4.1228,64.611,-1,0.0, -> [background only]
frame_001403,-1.0,1.1007,58.751,4.0526,63.9058,-1,0.0, -> [background only]
frame_001404,-1.0,1.3168,58.2248,4.0687,63.6112,-1,0.0, -> [background only]
frame_001405,-1.0,1.2696,57.5241,4.1437,62.9384,-1,0.0, -> [background only]
frame_001406,-1.0,1.4292,58.0849,4.1826,63.6978,-1,0.0, -> [background only]
frame_001407,-1.0,1.2919,58.308,4.0668,63.6681,-1,0.0, -> [background only]
frame_001408,-1.0,1.1099,58.0681,4.4855,63.6654,-1,0.0, -> [background only]
frame_001409,-1.0,1.1386,58.8803,4.196,64.2163,-1,0.0, -> [background only]
frame_001410,-1.0,1.2722,57.5625,4.2086,63.0447,-1,0.0, -> [background only]
frame_001411,-1.0,1.3027,57.3251,4.2101,62.8391,-1,0.0, -> [background only]
frame_001412,-1.0,1.3426,58.3089,3.9722,63.6248,-1,0.0, -> [background only]
frame_001413,-1.0,1.2856,58.5716,4.3787,64.2375,-1,0.0, -> [background only]
frame_001414,-1.0,1.3296,58.249,4.138,63.7177,-1,0.0, -> [background only]
frame_001415,-1.0,1.3102,57.8374,4.7053,63.8545,-1,0.0, -> [background only]
frame_001416,-1.0,1.0981,56.2541,4.5141,61.8675,-1,0.0, -> [background only]
frame_001417,-1.0,1.3644,57.7097,4.2827,63.358,-1,0.0, -> [background only]
frame_001418,-1.0,1.3756,59.2094,4.1393,64.7253,-1,0.0, -> [background only]
frame_001419,-1.0,1.3623,57.6081,4.1965,63.1683,-1,0.0, -> [background only]
frame_001420,-1.0,1.3004,58.334,4.2393,63.8748,-1,0.0, -> [background only]
frame_001421,-1.0,1.3119,58.6078,4.2264,64.1472,-1,0.0, -> [chair (Center): 1%]
frame_001422,-1.0,1.2899,57.8923,4.2985,63.4816,-1,0.0, -> [chair (Center): 2%]
frame_001423,-1.0,1.3563,57.5323,4.0764,62.9664,-1,0.0, -> [background only]
frame_001424,-1.0,1.2595,57.3052,4.2191,62.7852,-1,0.0, -> [background only]
frame_001425,-1.0,1.3495,57.3025,4.0965,62.7496,-1,0.0, -> [chair (Center): 4%]
frame_001426,-1.0,1.3249,57.5968,4.1919,63.1145,-1,0.0, -> [chair (Center): 3%]
frame_001427,-1.0,1.2344,57.2758,4.2689,62.7801,-1,0.0, -> [chair (Center): 5%]
frame_001428,-1.0,1.358,57.8129,4.2496,63.4214,-1,0.0, -> [chair (Center): 4%]
frame_001429,-1.0,1.3044,57.1908,4.2447,62.7411,-1,0.0, -> [background only]
frame_001430,-1.0,1.3316,57.5404,4.2965,63.1695,-1,0.0, -> [background only]
frame_001431,-1.0,1.2921,56.9167,4.1259,62.3358,-1,0.0, -> [chair (Left): 2%]
frame_001432,-1.0,1.2994,57.4303,4.0358,62.7664,-1,0.0, -> [background only]
frame_001433,-1.0,1.2533,57.9027,4.1732,63.3303,-1,0.0, -> [background only]
frame_001434,-1.0,1.246,58.0887,4.1318,63.4674,-1,0.0, -> [chair (Left): 1%]
frame_001435,-1.0,1.2758,58.499,4.2384,64.0144,-1,0.0, -> [background only]
frame_001436,-1.0,1.1949,56.9018,4.3879,62.486,-1,0.0, -> [chair (Left): 2%]
frame_001437,-1.0,1.2674,58.8946,4.2377,64.401,-1,0.0, -> [chair (Center): 2%]
frame_001438,-1.0,1.1961,58.748,4.1543,64.0995,-1,0.0, -> [chair (Left): 2%]
frame_001439,-1.0,1.2997,57.6941,5.941,64.9363,-1,0.0, -> [chair (Left): 2%]
frame_001440,-1.0,1.1138,58.5468,4.3952,64.0571,-1,0.0, -> [chair (Left): 2%]
frame_001441,-1.0,1.211,58.2995,4.0706,63.5822,-1,0.0, -> [chair (Left): 1%]
frame_001442,-1.0,1.296,56.056,4.2528,61.6061,-1,0.0, -> [background only]
frame_001443,-1.0,1.2708,57.0828,4.3015,62.6562,-1,0.0, -> [chair (Left): 1%]
frame_001444,-1.0,1.3433,57.8206,4.2948,63.4596,-1,0.0, -> [chair (Center): 5%]
frame_001445,-1.0,1.3337,56.9299,4.2794,62.5443,-1,0.0, -> [chair (Left): 1%]
frame_001446,-1.0,1.2949,56.8239,4.0328,62.1526,-1,0.0, -> [background only]
frame_001447,-1.0,1.2837,58.088,4.262,63.6347,-1,0.0, -> [background only]
frame_001448,-1.0,1.3386,58.4709,4.2575,64.0682,-1,0.0, -> [background only]
frame_001449,-1.0,1.2962,58.0492,4.2161,63.5624,-1,0.0, -> [chair (Left): 1%]
frame_001450,-1.0,1.3548,56.9411,4.1474,62.4446,-1,0.0, -> [chair (Center): 6%]
frame_001451,-1.0,1.2884,57.4506,4.3213,63.0616,-1,0.0, -> [chair (Center): 6%]
frame_001452,-1.0,1.4791,72.3183,4.2202,78.0189,-1,0.0, -> [chair (Center): 7%]
frame_001453,-1.0,1.1882,59.1,4.4441,64.7341,-1,0.0, -> [chair (Center): 5%]
frame_001454,-1.0,1.1751,58.8294,4.4142,64.4199,-1,0.0, -> [chair (Center): 6%]
frame_001455,-1.0,1.129,58.9386,4.4879,64.5569,-1,0.0, -> [chair (Center): 2%]
frame_001456,-1.0,1.3567,57.9903,4.3411,63.6896,-1,0.0, -> [chair (Center): 5%]
frame_001457,-1.0,1.1359,59.4366,4.2789,64.8527,-1,0.0, -> [chair (Center): 1%]
frame_001458,-1.0,1.1737,58.8008,4.1589,64.1346,-1,0.0, -> [background only]
frame_001459,-1.0,1.3485,59.2581,4.1559,64.7642,-1,0.0, -> [chair (Center): 7%]
frame_001460,-1.0,1.249,58.0461,4.4428,63.7389,-1,0.0, -> [chair (Center): 5%]
frame_001461,-1.0,1.553,59.9689,4.2001,65.7231,-1,0.0, -> [chair (Center): 5%]
frame_001462,-1.0,1.5791,59.9462,4.2054,65.7326,-1,0.0, -> [chair (Center): 3%]
frame_001463,-1.0,1.3269,57.8515,5.2919,64.472,-1,0.0, -> [chair (Center): 8%]
frame_001464,-1.0,1.1819,57.783,4.3899,63.3562,-1,0.0, -> [chair (Center): 7%]
frame_001465,-1.0,1.2657,57.8111,4.0299,63.1081,-1,0.0, -> [chair (Center): 3%]
frame_001466,-1.0,1.3514,58.5861,4.2152,64.1541,-1,0.0, -> [chair (Center): 2%]
frame_001467,-1.0,1.3257,57.5452,4.271,63.1428,-1,0.0, -> [chair (Center): 1%]
frame_001468,-1.0,1.0385,59.0182,4.1501,64.2077,-1,0.0, -> [chair (Center): 1%]
frame_001469,-1.0,1.318,57.451,4.2758,63.0458,-1,0.0, -> [chair (Center): 4%]
frame_001470,-1.0,1.3629,56.6287,4.8765,62.8697,-1,0.0, -> [chair (Center): 7%]
frame_001471,-1.0,1.1235,58.5881,4.4587,64.1715,-1,0.0, -> [chair (Center): 6%]
frame_001472,-1.0,1.2346,58.5996,4.284,64.1193,-1,0.0, -> [chair (Center): 3%]
frame_001473,-1.0,1.3221,59.0287,5.9944,66.3465,-1,0.0, -> [chair (Center): 9%]
frame_001474,-1.0,1.2347,59.5148,4.3432,65.0941,-1,0.0, -> [chair (Center): 14%]
frame_001475,-1.0,1.302,58.4455,4.3094,64.058,-1,0.0, -> [chair (Center): 16%]
frame_001476,-1.0,1.3276,58.1548,4.33,63.8135,-1,0.0, -> [chair (Center): 9%]
frame_001477,-1.0,1.21,57.771,4.2558,63.2377,-1,0.0, -> [chair (Center): 11%]
frame_001478,-1.0,1.3382,56.3586,4.3531,62.0511,-1,0.0, -> [chair (Center): 9%]
frame_001479,-1.0,1.3483,57.8701,4.2056,63.4248,-1,0.0, -> [chair (Right): 12%]
frame_001480,-1.0,1.3039,57.8669,4.2545,63.4264,-1,0.0, -> [chair (Center): 12%]
frame_001481,-1.0,1.3776,57.7732,4.2484,63.4004,-1,0.0, -> [chair (Center): 15%]
frame_001482,-1.0,1.2881,58.2197,4.2171,63.726,-1,0.0, -> [chair (Center): 15%]
frame_001483,-1.0,1.3043,56.1963,4.1489,61.6506,-1,0.0, -> [chair (Center): 9%]
frame_001484,-1.0,1.3622,58.9133,4.173,64.4492,-1,0.0, -> [chair (Center): 6%]
frame_001485,-1.0,0.9524,57.9621,5.1061,64.0216,-1,0.0, -> [chair (Center): 9%]
frame_001486,-1.0,1.1912,58.4267,4.302,63.9212,-1,0.0, -> [chair (Right): 11%]
frame_001487,-1.0,1.3476,58.0705,4.3122,63.7314,-1,0.0, -> [chair (Center): 9%]
frame_001488,-1.0,1.2635,57.1126,4.1505,62.5276,-1,0.0, -> [chair (Center): 12%]
frame_001489,-1.0,1.2534,58.0277,4.1618,63.4441,-1,0.0, -> [chair (Right): 13%]
frame_001490,-1.0,1.0345,57.719,4.1818,62.9365,-1,0.0, -> [chair (Center): 5%]
frame_001491,-1.0,1.2784,58.2765,4.203,63.7589,-1,0.0, -> [chair (Center): 5%]
frame_001492,-1.0,1.5712,72.5139,4.4363,78.5227,-1,0.0, -> [chair (Center): 6%]
frame_001493,-1.0,0.9489,57.9453,4.2331,63.1283,-1,0.0, -> [chair (Center): 7%]
frame_001494,-1.0,1.3,57.9494,4.7314,63.9825,-1,0.0, -> [chair (Center): 4%]
frame_001495,-1.0,1.1156,59.0166,4.3231,64.4566,-1,0.0, -> [chair (Center): 8%]
frame_001496,-1.0,1.3218,58.2903,4.2383,63.8514,-1,0.0, -> [chair (Right): 13%]
frame_001497,-1.0,1.3,57.9462,5.6348,64.8831,-1,0.0, -> [chair (Center): 10%]
frame_001498,-1.0,4.505,59.5573,4.4061,68.4698,-1,0.0, -> [chair (Center): 9%]
frame_001499,-1.0,1.1133,59.5632,4.4967,65.1747,-1,0.0, -> [chair (Center): 9%]
frame_001500,-1.0,1.2741,58.1668,4.1766,63.6188,-1,0.0, -> [chair (Center): 10%]
frame_001501,-1.0,1.3521,56.6451,4.2846,62.2835,-1,0.0, -> [chair (Center): 12%]
frame_001502,-1.0,1.407,57.8016,4.2194,63.4289,-1,0.0, -> [chair (Center): 12%]
frame_001503,-1.0,1.3139,57.8347,4.1824,63.3321,-1,0.0, -> [chair (Center): 12%]
frame_001504,-1.0,1.3743,57.7781,4.3497,63.5033,-1,0.0, -> [chair (Center): 10%]
frame_001505,-1.0,1.3434,57.8704,4.1978,63.4125,-1,0.0, -> [chair (Center): 10%]
frame_001506,-1.0,1.2078,58.6836,4.2931,64.1856,-1,0.0, -> [chair (Center): 11%]
frame_001507,-1.0,1.5266,60.6585,4.2038,66.3901,-1,0.0, -> [chair (Center): 14%]
frame_001508,-1.0,1.3181,57.8875,4.2476,63.4543,-1,0.0, -> [chair (Center): 11%]
frame_001509,-1.0,1.2551,58.9819,4.0083,64.2464,-1,0.0, -> [chair (Center): 11%]
frame_001510,-1.0,1.1094,58.6396,4.3367,64.087,-1,0.0, -> [chair (Center): 12%]
frame_001511,-1.0,1.5302,59.0629,4.3902,64.9846,-1,0.0, -> [chair (Center): 9%]
frame_001512,-1.0,1.278,58.1223,4.1968,63.5982,-1,0.0, -> [chair (Center): 10%]
frame_001513,-1.0,1.4271,57.7499,4.2525,63.4306,-1,0.0, -> [chair (Center): 8%]
frame_001514,-1.0,1.3212,57.8501,5.654,64.8271,-1,0.0, -> [chair (Center): 16%]
frame_001515,-1.0,1.6574,58.4819,4.2592,64.3999,-1,0.0, -> [chair (Center): 16%]
frame_001516,-1.0,1.2778,58.2569,4.273,63.809,-1,0.0, -> [chair (Center): 16%]
frame_001517,-1.0,1.2961,57.7083,4.3735,63.3787,-1,0.0, -> [chair (Center): 18%]
frame_001518,-1.0,1.3849,57.5739,4.1462,63.1065,-1,0.0, -> [chair (Center): 18%]
frame_001519,-1.0,1.0784,58.87,4.1732,64.1227,-1,0.0, -> [chair (Center): 17%]
frame_001520,-1.0,1.3608,57.1724,4.3062,62.8405,-1,0.0, -> [chair (Center): 17%]
frame_001521,-1.0,1.266,57.9918,4.3246,63.5832,-1,0.0, -> [chair (Center): 18%]
frame_001522,-1.0,1.3121,58.103,4.2309,63.6469,-1,0.0, -> [chair (Center): 22%]
frame_001523,-1.0,1.3523,58.7196,4.5128,64.5859,-1,0.0, -> [chair (Center): 24%]
frame_001524,-1.0,1.1693,58.1842,4.3872,63.742,-1,0.0, -> [chair (Center): 19%]
frame_001525,-1.0,1.4212,58.4301,6.2719,66.1247,-1,0.0, -> [chair (Center): 20%]
frame_001526,-1.0,1.1019,58.3941,4.234,63.7312,-1,0.0, -> [chair (Center): 18%]
frame_001527,-1.0,1.3682,57.2721,4.2917,62.9337,-1,0.0, -> [chair (Center): 19%]
frame_001528,-1.0,1.1253,58.4307,4.3887,63.9462,-1,0.0, -> [chair (Center): 20%]
frame_001529,-1.0,1.3113,57.9529,4.3315,63.5969,-1,0.0, -> [chair (Center): 23%]
frame_001530,-1.0,1.3447,57.8792,4.4033,63.6281,-1,0.0, -> [chair (Center): 27%]
frame_001531,-1.0,1.2567,59.2038,4.1114,64.5728,-1,0.0," -> [bicycle (Bottom-Right): 1%, chair (Center): 22%]"
frame_001532,-1.0,1.2718,57.1378,6.1428,64.5538,-1,0.0, -> [chair (Center): 26%]
frame_001533,-1.0,1.1043,58.9788,4.3721,64.4562,-1,0.0, -> [chair (Center): 30%]
frame_001534,-1.0,1.3473,58.4663,4.4753,64.2902,-1,0.0, -> [chair (Center): 29%]
frame_001535,-1.0,1.3704,56.8227,4.638,62.8321,-1,0.0, -> [chair (Center): 37%]
frame_001536,-1.0,1.3395,58.2249,4.3291,63.8944,-1,0.0, -> [chair (Right): 44%]
frame_001537,-1.0,1.3249,57.0721,4.2004,62.5983,-1,0.0, -> [chair (Right): 29%]
frame_001538,-1.0,1.3581,58.4334,4.1144,63.9068,-1,0.0, -> [chair (Right): 27%]
frame_001539,-1.0,1.3216,57.332,4.2621,62.9172,-1,0.0, -> [chair (Right): 27%]
frame_001540,-1.0,1.2505,58.3264,4.3201,63.8979,-1,0.0, -> [chair (Right): 29%]
frame_001541,-1.0,1.3485,57.9647,4.1503,63.4643,-1,0.0, -> [chair (Right): 32%]
frame_001542,-1.0,1.338,57.663,4.2258,63.2281,-1,0.0, -> [chair (Right): 41%]
frame_001543,-1.0,1.2817,57.3984,4.3771,63.0584,-1,0.0, -> [chair (Right): 35%]
frame_001544,-1.0,1.6018,60.4272,4.2156,66.2461,-1,0.0, -> [chair (Right): 32%]
frame_001545,-1.0,4.0194,58.7747,6.4289,69.2249,-1,0.0, -> [chair (Right): 26%]
frame_001546,-1.0,1.1028,58.9409,5.1975,65.2429,-1,0.0, -> [chair (Right): 27%]
frame_001547,-1.0,1.1467,58.5304,4.1224,63.8009,-1,0.0, -> [chair (Right): 28%]
frame_001548,-1.0,1.3389,58.5476,4.0048,63.8925,-1,0.0, -> [chair (Right): 23%]
frame_001549,-1.0,1.3579,58.3885,4.2641,64.0119,-1,0.0, -> [chair (Right): 18%]
frame_001550,-1.0,1.351,58.3785,4.3221,64.0526,-1,0.0, -> [chair (Right): 23%]
frame_001551,-1.0,1.3254,58.1685,4.2515,63.7467,-1,0.0, -> [chair (Center): 19%]
frame_001552,-1.0,3.712,57.1357,4.3879,65.2369,-1,0.0, -> [chair (Right): 19%]
frame_001553,-1.0,1.0974,58.888,4.303,64.2893,-1,0.0, -> [chair (Right): 17%]
frame_001554,-1.0,1.305,57.9016,5.664,64.8722,-1,0.0, -> [chair (Top-Right): 16%]
frame_001555,-1.0,1.6028,59.1598,4.2515,65.0156,-1,0.0, -> [chair (Left): 4%]
frame_001556,-1.0,1.3547,58.0731,4.3199,63.7484,-1,0.0, -> [background only]
frame_001557,-1.0,1.3119,58.6723,4.2079,64.1933,-1,0.0, -> [chair (Left): 3%]
frame_001558,-1.0,1.284,58.1898,4.1282,63.6032,-1,0.0, -> [chair (Left): 5%]
frame_001559,-1.0,1.266,58.4507,4.3027,64.0202,-1,0.0, -> [chair (Center): 6%]
frame_001560,-1.0,1.4881,57.5648,4.4498,63.5039,-1,0.0, -> [chair (Center): 4%]
frame_001561,-1.0,1.1073,58.8832,4.3053,64.2965,-1,0.0, -> [chair (Center): 5%]
frame_001562,-1.0,1.3542,57.7651,6.0378,65.1582,-1,0.0, -> [chair (Center): 6%]
frame_001563,-1.0,1.1751,58.9513,4.3287,64.4562,-1,0.0, -> [chair (Center): 6%]
frame_001564,-1.0,1.3963,60.3842,5.9724,67.7543,-1,0.0, -> [chair (Center): 7%]
frame_001565,-1.0,1.1163,58.378,4.5734,64.0689,-1,0.0, -> [chair (Center): 9%]
frame_001566,-1.0,1.6052,58.5332,4.1828,64.3225,-1,0.0, -> [chair (Center): 8%]
frame_001567,-1.0,1.6835,57.8651,4.2177,63.7675,-1,0.0, -> [chair (Center): 7%]
frame_001568,-1.0,1.362,58.6575,4.289,64.3095,-1,0.0, -> [chair (Center): 7%]
frame_001569,-1.0,1.3884,64.3796,5.3105,71.0799,-1,0.0, -> [chair (Center): 8%]
frame_001570,-1.0,1.186,58.7102,5.6684,65.566,-1,0.0, -> [chair (Center): 9%]
frame_001571,-1.0,1.5479,58.1902,4.4247,64.1641,-1,0.0, -> [chair (Center): 9%]
frame_001572,-1.0,1.3723,58.1884,4.2642,63.8262,-1,0.0, -> [chair (Center): 11%]
frame_001573,-1.0,1.2745,57.9687,4.292,63.5363,-1,0.0, -> [chair (Right): 11%]
frame_001574,-1.0,1.2555,57.798,4.1715,63.2257,-1,0.0, -> [chair (Right): 11%]
frame_001575,-1.0,1.3052,56.9681,4.5371,62.8113,-1,0.0, -> [chair (Right): 9%]
frame_001576,-1.0,1.3441,57.2374,4.2673,62.8498,-1,0.0, -> [chair (Right): 9%]
frame_001577,-1.0,1.3221,57.2863,4.4091,63.0187,-1,0.0, -> [chair (Right): 9%]
frame_001578,-1.0,1.3408,58.4127,4.2353,63.9899,-1,0.0, -> [chair (Right): 6%]
frame_001579,-1.0,1.2518,57.9385,4.1929,63.3843,-1,0.0, -> [chair (Right): 9%]
frame_001580,-1.0,1.3258,58.6248,4.351,64.3028,-1,0.0, -> [chair (Right): 10%]
frame_001581,-1.0,1.369,57.8795,4.3723,63.6219,-1,0.0, -> [chair (Right): 11%]
frame_001582,-1.0,1.335,57.1423,4.2308,62.7092,-1,0.0, -> [chair (Right): 9%]
frame_001583,-1.0,1.2273,57.6275,4.1412,62.9973,-1,0.0, -> [chair (Right): 10%]
frame_001584,-1.0,1.4024,57.0276,5.9567,64.3883,-1,0.0, -> [chair (Right): 9%]
frame_001585,-1.0,1.1093,58.3152,4.1195,63.5452,-1,0.0, -> [chair (Right): 9%]
frame_001586,-1.0,1.5861,60.0238,4.2285,65.8393,-1,0.0, -> [chair (Right): 10%]
frame_001587,-1.0,1.3306,57.3674,4.1845,62.8837,-1,0.0, -> [chair (Right): 10%]
frame_001588,-1.0,1.3172,58.6377,4.2628,64.2188,-1,0.0, -> [chair (Right): 9%]
frame_001589,-1.0,1.2496,57.8994,4.2566,63.4068,-1,0.0, -> [chair (Right): 10%]
frame_001590,-1.0,1.3084,58.1534,4.2504,63.7138,-1,0.0, -> [chair (Right): 9%]
frame_001591,-1.0,1.4967,62.3842,4.3921,68.2741,-1,0.0, -> [chair (Right): 9%]
frame_001592,-1.0,1.0531,59.1123,4.353,64.5196,-1,0.0, -> [chair (Right): 7%]
frame_001593,-1.0,1.3007,57.8771,4.3138,63.493,-1,0.0, -> [chair (Right): 10%]
frame_001594,-1.0,1.3355,57.4331,4.4635,63.2337,-1,0.0, -> [chair (Right): 11%]
frame_001595,-1.0,1.0376,57.9806,5.4837,64.5031,-1,0.0, -> [chair (Right): 12%]
frame_001596,-1.0,1.3429,60.4652,4.3612,66.1706,-1,0.0, -> [chair (Right): 11%]
frame_001597,-1.0,1.3026,57.5577,4.5802,63.4417,-1,0.0, -> [chair (Right): 10%]
frame_001598,-1.0,1.0337,58.4676,4.2416,63.7439,-1,0.0, -> [chair (Right): 10%]
frame_001599,-1.0,1.2568,57.8092,4.333,63.4003,-1,0.0, -> [chair (Right): 8%]
frame_001600,-1.0,1.3215,58.2305,4.5081,64.0613,-1,0.0," -> [chair (Right): 12%, diningtable (Bottom): 2%]"
frame_001601,-1.0,1.3134,57.5289,4.4503,63.2933,-1,0.0," -> [chair (Right): 17%, diningtable (Bottom): 2%]"
frame_001602,-1.0,1.4962,60.1379,4.3263,65.9617,-1,0.0," -> [chair (Right): 18%, diningtable (Bottom): 3%]"
frame_001603,-1.0,1.2302,58.1711,4.3056,63.7082,-1,0.0," -> [chair (Right): 17%, diningtable (Bottom): 2%]"
frame_001604,-1.0,1.3462,58.7183,4.371,64.4367,-1,0.0," -> [chair (Right): 18%, diningtable (Bottom): 2%]"
frame_001605,-1.0,1.2944,58.2768,4.3388,63.9111,-1,0.0," -> [chair (Right): 16%, diningtable (Bottom): 1%]"
frame_001606,-1.0,1.6542,62.7096,5.7898,70.1551,-1,0.0," -> [chair (Right): 15%, diningtable (Bottom): 2%]"
frame_001607,-1.0,1.2457,59.0018,4.3553,64.6042,-1,0.0, -> [chair (Right): 14%]
frame_001608,-1.0,1.217,58.1694,4.2921,63.6797,-1,0.0, -> [chair (Right): 14%]
frame_001609,-1.0,1.3543,57.8944,4.5262,63.776,-1,0.0," -> [bicycle (Right): 1%, chair (Top-Right): 7%]"
frame_001610,-1.0,1.2949,58.1311,4.2147,63.6418,-1,0.0, -> [chair (Right): 11%]
frame_001611,-1.0,1.352,58.2292,4.3415,63.9238,-1,0.0," -> [bicycle (Right): 4%, chair (Top-Right): 4%]"
frame_001612,-1.0,1.1988,57.8768,4.376,63.4526,-1,0.0," -> [bicycle (Right): 6%, chair (Top-Right): 2%]"
frame_001613,-1.0,1.4713,57.4714,4.1578,63.1022,-1,0.0, -> [chair (Top-Right): 8%]
frame_001614,-1.0,1.5937,60.2148,4.3446,66.1542,-1,0.0, -> [chair (Right): 10%]
frame_001615,-1.0,1.2587,58.1986,4.5253,63.9837,-1,0.0," -> [bicycle (Right): 1%, chair (Top-Right): 6%, motorbike (Bottom): 1%]"
frame_001616,-1.0,1.5532,58.3173,4.3009,64.1727,-1,0.0," -> [chair (Top-Right): 7%, diningtable (Bottom-Left): 1%]"
frame_001617,-1.0,1.2909,58.7267,4.3643,64.3832,-1,0.0," -> [chair (Top-Right): 7%, diningtable (Bottom-Left): 2%]"
frame_001618,-1.0,1.0618,58.539,4.2134,63.8154,-1,0.0, -> [chair (Top-Right): 6%]
frame_001619,-1.0,1.3198,57.3213,4.3385,62.9809,-1,0.0," -> [chair (Top-Right): 4%, motorbike (Right): 1%]"
frame_001620,-1.0,1.0109,59.2537,4.2288,64.4942,-1,0.0, -> [chair (Top-Right): 7%]
frame_001621,-1.0,1.5338,63.3476,4.3483,69.2311,-1,0.0, -> [chair (Top-Right): 8%]
frame_001622,-1.0,1.1227,58.9945,4.2888,64.4073,-1,0.0," -> [bicycle (Right): 1%, chair (Top-Right): 6%]"
frame_001623,-1.0,1.2278,58.6265,4.187,64.0422,-1,0.0, -> [chair (Top-Right): 8%]
frame_001624,-1.0,1.2596,80.3974,4.5589,86.2171,-1,0.0," -> [bicycle (Right): 3%, chair (Top-Right): 4%]"
frame_001625,-1.0,0.9483,58.4699,4.2739,63.6928,-1,0.0," -> [bicycle (Right): 2%, chair (Top-Right): 3%]"
frame_001626,-1.0,1.0125,58.2553,4.6064,63.8752,-1,0.0," -> [chair (Top-Right): 4%, motorbike (Right): 1%]"
frame_001627,-1.0,0.9684,57.3747,4.4929,62.8365,-1,0.0," -> [bicycle (Right): 3%, chair (Top-Right): 5%]"
frame_001628,-1.0,1.2599,57.5434,4.2714,63.076,-1,0.0," -> [bicycle (Right): 2%, chair (Top-Right): 5%]"
frame_001629,-1.0,1.1981,58.1283,4.4604,63.7877,-1,0.0," -> [bicycle (Right): 4%, chair (Top-Right): 5%]"
frame_001630,-1.0,1.2796,57.6984,4.0904,63.0693,-1,0.0, -> [chair (Top-Right): 10%]
frame_001631,-1.0,1.2637,57.3522,4.2637,62.8811,-1,0.0," -> [bicycle (Right): 5%, chair (Top-Right): 4%]"
frame_001632,-1.0,1.2922,57.538,4.265,63.0963,-1,0.0," -> [bicycle (Right): 6%, chair (Top-Right): 5%]"
frame_001633,-1.0,1.354,58.0413,4.8471,64.2443,-1,0.0," -> [bicycle (Right): 5%, chair (Top-Right): 5%]"
frame_001634,-1.0,1.1572,58.8429,4.3302,64.3317,-1,0.0," -> [bicycle (Right): 6%, chair (Top-Right): 3%]"
frame_001635,-1.0,1.2652,59.6488,4.5741,65.4896,-1,0.0," -> [bicycle (Right): 9%, chair (Top-Right): 2%, motorbike (Center): 1%]"
frame_001636,-1.0,1.7017,59.4,4.2313,65.3341,-1,0.0," -> [bicycle (Right): 7%, chair (Top-Right): 3%]"
frame_001637,-1.0,1.2661,57.4144,4.4902,63.1722,-1,0.0," -> [bicycle (Right): 5%, chair (Top-Right): 2%]"
frame_001638,-1.0,1.2282,58.0689,4.2563,63.5545,-1,0.0," -> [bicycle (Right): 2%, chair (Top-Right): 5%]"
frame_001639,-1.0,1.0016,57.5933,4.458,63.0546,-1,0.0," -> [chair (Top-Right): 5%, motorbike (Right): 4%]"
frame_001640,-1.0,0.941,58.285,4.1444,63.3713,-1,0.0," -> [chair (Top-Right): 4%, motorbike (Right): 5%]"
frame_001641,-1.0,1.3343,57.1142,4.4359,62.8858,-1,0.0," -> [chair (Top-Right): 6%, motorbike (Right): 1%]"
frame_001642,-1.0,1.2542,57.301,4.0281,62.5845,-1,0.0, -> [chair (Top-Right): 7%]
frame_001643,-1.0,1.3241,58.3425,4.2745,63.9422,-1,0.0, -> [chair (Top-Right): 3%]
frame_001644,-1.0,1.3766,58.0837,4.2418,63.7036,-1,0.0, -> [chair (Right): 6%]
frame_001645,-1.0,1.335,56.5958,4.0852,62.0171,-1,0.0, -> [background only]
frame_001646,-1.0,0.9542,56.8315,4.0786,61.8653,-1,0.0, -> [background only]
frame_001647,-1.0,1.3158,57.5404,4.2242,63.0813,-1,0.0, -> [background only]
frame_001648,-1.0,1.3201,57.7281,4.0976,63.1466,-1,0.0, -> [background only]
frame_001649,-1.0,1.2608,57.6259,4.1671,63.0553,-1,0.0, -> [background only]
frame_001650,-1.0,1.2631,58.1243,4.2028,63.5913,-1,0.0, -> [background only]
frame_001651,-1.0,1.3927,58.4048,4.1582,63.9566,-1,0.0, -> [background only]
frame_001652,-1.0,1.3563,58.4716,4.1993,64.0282,-1,0.0, -> [background only]
frame_001653,-1.0,1.3514,57.5297,4.1675,63.0498,-1,0.0, -> [background only]
frame_001654,-1.0,1.2927,57.4767,4.2586,63.0288,-1,0.0, -> [person (Bottom-Right): 1%]
frame_001655,-1.0,1.5518,64.1306,4.2246,69.9082,-1,0.0, -> [background only]
frame_001656,-1.0,0.9777,57.9676,3.8613,62.8073,-1,0.0, -> [background only]
frame_001657,-1.0,1.2928,56.6287,5.1496,63.0727,-1,0.0, -> [background only]
frame_001658,-1.0,1.0593,56.1944,4.3585,61.6135,-1,0.0, -> [background only]
frame_001659,-1.0,1.454,56.9024,4.1608,62.5185,-1,0.0, -> [background only]
frame_001660,-1.0,1.3172,57.5465,4.2164,63.0812,-1,0.0, -> [background only]
frame_001661,-1.0,1.28,57.5329,4.2403,63.0543,-1,0.0, -> [background only]
frame_001662,-1.0,1.3384,57.676,3.9089,62.9243,-1,0.0, -> [background only]
frame_001663,-1.0,1.2503,57.4116,4.2531,62.9162,-1,0.0, -> [background only]
frame_001664,-1.0,1.3106,57.8344,3.9411,63.0872,-1,0.0, -> [background only]
frame_001665,-1.0,1.316,57.4139,4.1291,62.86,-1,0.0, -> [background only]
frame_001666,-1.0,1.3126,57.2187,3.9994,62.532,-1,0.0, -> [background only]
frame_001667,-1.0,1.2741,56.959,4.1449,62.379,-1,0.0, -> [background only]
frame_001668,-1.0,1.289,56.4802,4.066,61.836,-1,0.0, -> [background only]
frame_001669,-1.0,1.3099,58.2385,3.8704,63.4197,-1,0.0, -> [background only]
frame_001670,-1.0,1.5941,65.1098,4.2131,70.9182,-1,0.0, -> [background only]
frame_001671,-1.0,1.0776,58.1439,4.2162,63.4385,-1,0.0, -> [background only]
frame_001672,-1.0,1.2648,57.6982,4.1134,63.0777,-1,0.0, -> [background only]
frame_001673,-1.0,1.3093,57.6397,4.1193,63.0693,-1,0.0, -> [background only]
frame_001674,-1.0,1.3536,58.1088,3.859,63.3225,-1,0.0, -> [background only]
frame_001675,-1.0,1.2898,58.0513,4.1062,63.4483,-1,0.0, -> [background only]
frame_001676,-1.0,1.4797,69.3098,4.129,74.9198,-1,0.0, -> [background only]
frame_001677,-1.0,1.0107,57.5144,4.275,62.8013,-1,0.0, -> [background only]
frame_001678,-1.0,1.0056,56.1291,4.3033,61.4393,-1,0.0, -> [background only]
frame_001679,-1.0,1.4056,57.4588,4.2087,63.0743,-1,0.0, -> [background only]
frame_001680,-1.0,1.3553,57.7654,4.3485,63.4703,-1,0.0, -> [background only]
frame_001681,-1.0,1.5522,68.5744,5.1212,75.2491,-1,0.0, -> [background only]
frame_001682,-1.0,1.0912,58.07,4.1329,63.2959,-1,0.0, -> [background only]
frame_001683,-1.0,1.1844,58.6059,4.2934,64.0851,-1,0.0, -> [background only]
frame_001684,-1.0,1.5899,63.1605,4.0764,68.8278,-1,0.0, -> [background only]
frame_001685,-1.0,0.9696,58.1796,4.3791,63.5295,-1,0.0, -> [car (Top-Left): 1%]
frame_001686,-1.0,1.3378,57.2094,4.2546,62.8032,-1,0.0, -> [car (Left): 1%]
frame_001687,-1.0,0.9762,57.8664,3.9396,62.7835,-1,0.0, -> [background only]
frame_001688,-1.0,1.3376,57.3624,4.1963,62.8975,-1,0.0, -> [background only]
frame_001689,-1.0,1.302,57.0979,4.2168,62.6182,-1,0.0, -> [background only]
frame_001690,-1.0,1.0878,57.8898,4.1625,63.1413,-1,0.0, -> [background only]
frame_001691,-1.0,1.2428,57.9337,3.9824,63.16,-1,0.0, -> [background only]
frame_001692,-1.0,1.3136,58.162,4.0597,63.5367,-1,0.0, -> [background only]
frame_001693,-1.0,1.3404,57.2921,4.0987,62.7325,-1,0.0, -> [background only]
frame_001694,-1.0,1.0682,58.2929,4.2061,63.5681,-1,0.0, -> [background only]
frame_001695,-1.0,1.3269,57.9174,4.0752,63.3208,-1,0.0, -> [background only]
frame_001696,-1.0,1.3109,58.0293,4.1213,63.4626,-1,0.0, -> [background only]
frame_001697,-1.0,1.3502,57.3382,4.0561,62.7455,-1,0.0, -> [background only]
frame_001698,-1.0,1.4109,57.8503,4.2259,63.4883,-1,0.0, -> [background only]
frame_001699,-1.0,1.3041,56.9831,4.1085,62.3971,-1,0.0, -> [background only]
frame_001700,-1.0,1.3818,57.8854,4.2632,63.5315,-1,0.0, -> [background only]
frame_001701,-1.0,1.3028,57.827,3.9822,63.1131,-1,0.0, -> [background only]
frame_001702,-1.0,1.2805,57.7004,4.1105,63.0923,-1,0.0, -> [background only]
frame_001703,-1.0,1.5102,66.1112,6.1225,73.745,-1,0.0, -> [background only]
frame_001704,-1.0,1.1074,58.0139,4.2184,63.341,-1,0.0, -> [background only]
frame_001705,-1.0,1.3021,57.4252,4.1163,62.8449,-1,0.0, -> [background only]
frame_001706,-1.0,1.5163,59.5545,4.0629,65.1346,-1,0.0, -> [background only]
frame_001707,-1.0,1.239,57.2644,4.1853,62.6901,-1,0.0, -> [background only]
frame_001708,-1.0,1.0096,58.1907,4.1228,63.3241,-1,0.0, -> [background only]
frame_001709,-1.0,1.3033,56.8373,4.1081,62.2499,-1,0.0, -> [background only]
frame_001710,-1.0,1.3662,58.1966,3.9441,63.5084,-1,0.0, -> [background only]
frame_001711,-1.0,1.3153,57.9863,4.0357,63.3383,-1,0.0, -> [background only]
frame_001712,-1.0,1.497,57.5088,3.971,62.9778,-1,0.0, -> [background only]
