filename,ros_data_age_ms,preprocessing_ms,inference_ms,postprocessing_ms,e2e_ms,class_id,confidence,info
frame_000000_clip,-1.0,9.7055,146.1286,0.202,156.1202,91,87.65, -> dining (87.7%)
frame_000001_clip,-1.0,9.8142,148.6391,0.128,158.6439,91,84.0, -> dining (84.0%)
frame_000002_clip,-1.0,9.7454,151.9663,0.129,161.8993,91,91.07, -> dining (91.1%)
frame_000003_clip,-1.0,10.213,155.964,0.132,166.3706,91,90.83, -> dining (90.8%)
frame_000004_clip,-1.0,10.1061,153.7741,0.1326,164.072,60,13.8, -> cleaning floor (13.8%)
frame_000005_clip,-1.0,10.6177,155.7242,0.1291,166.5299,91,22.73, -> dining (22.7%)
frame_000006_clip,-1.0,9.9492,155.4194,0.1278,165.5561,91,25.11, -> dining (25.1%)
frame_000007_clip,-1.0,11.6282,149.6974,0.1449,161.5414,91,50.58, -> dining (50.6%)
frame_000008_clip,-1.0,9.6766,148.3841,0.1321,158.253,91,49.18, -> dining (49.2%)
frame_000009_clip,-1.0,9.9936,151.2364,0.1369,161.4284,91,89.28, -> dining (89.3%)
frame_000010_clip,-1.0,12.0692,148.513,0.1462,160.7947,61,55.44, -> cleaning gutters (55.4%)
frame_000011_clip,-1.0,9.6378,149.2449,0.1346,159.0922,136,24.91, -> garbage collecting (24.9%)
frame_000012_clip,-1.0,9.5554,149.941,0.1341,159.6919,91,61.77, -> dining (61.8%)
frame_000013_clip,-1.0,10.4114,151.9114,0.1288,162.5118,181,83.41, -> laying bricks (83.4%)
frame_000014_clip,-1.0,10.4371,155.1167,0.1281,165.7412,91,6.25, -> dining (6.2%)
frame_000015_clip,-1.0,11.3212,151.7384,0.1483,163.2741,91,8.34, -> dining (8.3%)
frame_000016_clip,-1.0,9.4818,144.4239,0.1337,154.1022,17,99.9, -> bee keeping (99.9%)
frame_000017_clip,-1.0,9.7928,149.9574,0.137,159.9506,29,16.74, -> bookbinding (16.7%)
frame_000018_clip,-1.0,13.5367,148.4993,0.1481,162.2523,274,7.2, -> riding scooter (7.2%)
frame_000019_clip,-1.0,10.8261,153.2808,0.1419,164.3146,58,94.21, -> clay pottery making (94.2%)
frame_000020_clip,-1.0,10.2892,145.6368,0.1374,156.1294,275,8.86, -> riding unicycle (8.9%)
frame_000021_clip,-1.0,13.4124,152.7924,0.155,166.4311,300,26.73, -> shredding paper (26.7%)
frame_000022_clip,-1.0,10.671,150.0955,0.1428,160.9756,382,98.7, -> washing hands (98.7%)
frame_000023_clip,-1.0,9.3808,147.197,0.1309,156.7706,60,50.47, -> cleaning floor (50.5%)
frame_000024_clip,-1.0,10.3736,145.0525,0.1342,155.6243,382,30.62, -> washing hands (30.6%)
frame_000025_clip,-1.0,9.9753,152.1169,0.1306,162.2875,60,15.54, -> cleaning floor (15.5%)
frame_000026_clip,-1.0,9.6683,153.1377,0.1327,162.9991,300,21.65, -> shredding paper (21.6%)
frame_000027_clip,-1.0,11.695,158.0489,0.1304,169.9362,150,22.41, -> headbutting (22.4%)
frame_000028_clip,-1.0,9.4706,155.2454,0.1283,164.9054,150,17.27, -> headbutting (17.3%)
frame_000029_clip,-1.0,12.7537,153.2331,0.1451,166.1985,17,13.02, -> bee keeping (13.0%)
frame_000030_clip,-1.0,9.6519,153.4205,0.1302,163.265,165,17.02, -> ironing (17.0%)
frame_000031_clip,-1.0,11.6486,156.4524,0.1472,168.3165,200,30.32, -> moving furniture (30.3%)
frame_000032_clip,-1.0,10.1672,144.9029,0.1295,155.2601,200,25.17, -> moving furniture (25.2%)
frame_000033_clip,-1.0,9.6678,157.447,0.138,167.3164,349,26.68, -> tap dancing (26.7%)
frame_000034_clip,-1.0,10.9582,148.795,0.1283,159.9429,158,13.29, -> hugging (13.3%)
frame_000035_clip,-1.0,9.9617,156.0065,0.1335,166.1622,21,39.7, -> bending metal (39.7%)
frame_000036_clip,-1.0,10.5404,150.6402,0.1316,161.3895,144,56.42, -> grinding meat (56.4%)
frame_000037_clip,-1.0,12.7621,165.6091,0.1289,178.56,303,27.64, -> sign language interpreting (27.6%)
frame_000038_clip,-1.0,13.6262,148.6858,0.1446,162.522,375,9.97, -> using segway (10.0%)
frame_000039_clip,-1.0,9.8422,157.5704,0.1284,167.6011,91,24.03, -> dining (24.0%)
frame_000040_clip,-1.0,11.8151,149.9287,0.1434,161.9518,91,14.21, -> dining (14.2%)
frame_000041_clip,-1.0,10.1709,152.7628,0.128,163.1207,200,71.73, -> moving furniture (71.7%)
frame_000042_clip,-1.0,9.7738,154.0549,0.1341,164.0256,203,8.57, -> opening bottle (8.6%)
frame_000043_clip,-1.0,10.3032,150.9071,0.1279,161.403,14,22.27, -> barbequing (22.3%)
frame_000044_clip,-1.0,9.7505,153.3224,0.1297,163.2616,181,44.76, -> laying bricks (44.8%)
frame_000045_clip,-1.0,9.8659,161.4911,0.1309,171.5485,181,49.75, -> laying bricks (49.8%)
frame_000046_clip,-1.0,9.9535,153.9345,0.1294,164.0771,91,70.64, -> dining (70.6%)
frame_000047_clip,-1.0,9.9071,158.3724,0.1276,168.4519,91,61.47, -> dining (61.5%)
frame_000048_clip,-1.0,10.5406,155.8885,0.1305,166.6206,295,25.17, -> shining shoes (25.2%)
frame_000049_clip,-1.0,9.7379,157.7571,0.1301,167.6783,365,18.14, -> trimming or shaving beard (18.1%)
frame_000050_clip,-1.0,10.3352,156.9435,0.1272,167.4659,91,76.56, -> dining (76.6%)
frame_000051_clip,-1.0,10.0533,160.8019,0.1465,171.0478,344,23.73, -> swinging on something (23.7%)
frame_000052_clip,-1.0,10.2204,146.4681,0.1314,156.8802,349,20.65, -> tap dancing (20.7%)
frame_000053_clip,-1.0,10.0409,154.5786,0.1382,164.8205,75,20.96, -> country line dancing (21.0%)
frame_000054_clip,-1.0,10.1934,155.226,0.1322,165.6134,41,16.36, -> busking (16.4%)
frame_000055_clip,-1.0,9.9927,157.2199,0.1302,167.4048,219,22.38, -> playing bagpipes (22.4%)
frame_000056_clip,-1.0,10.1094,158.0345,0.1363,168.3338,327,27.26, -> spray painting (27.3%)
frame_000057_clip,-1.0,9.758,162.8533,0.1377,172.8058,165,17.08, -> ironing (17.1%)
frame_000058_clip,-1.0,10.2208,159.9331,0.1337,170.3405,279,14.02, -> rock scissors paper (14.0%)
frame_000059_clip,-1.0,10.1778,164.3346,0.133,174.6927,333,49.23, -> stretching arm (49.2%)
frame_000060_clip,-1.0,10.3535,159.2917,0.129,169.8252,216,12.46, -> plastering (12.5%)
frame_000061_clip,-1.0,10.2022,162.2552,0.1348,172.6463,65,14.17, -> cleaning windows (14.2%)
frame_000062_clip,-1.0,11.7758,151.862,0.1416,163.8388,60,28.54, -> cleaning floor (28.5%)
frame_000063_clip,-1.0,9.8711,151.1347,0.1333,161.1918,60,56.61, -> cleaning floor (56.6%)
frame_000064_clip,-1.0,10.2864,155.0014,0.1294,165.4693,268,20.52, -> riding camel (20.5%)
frame_000065_clip,-1.0,9.5879,152.269,0.1362,162.0561,38,37.51, -> building cabinet (37.5%)
frame_000066_clip,-1.0,9.5105,155.1699,0.1304,164.8707,282,20.53, -> sailing (20.5%)
frame_000067_clip,-1.0,11.3242,157.2827,0.1425,168.8148,39,52.39, -> building shed (52.4%)
frame_000068_clip,-1.0,9.6314,145.0046,0.128,154.8237,284,13.63, -> sanding floor (13.6%)
frame_000069_clip,-1.0,9.6066,151.7051,0.13,161.4991,58,22.89, -> clay pottery making (22.9%)
frame_000070_clip,-1.0,10.28,150.518,0.1572,161.0256,216,73.41, -> plastering (73.4%)
frame_000071_clip,-1.0,9.6048,151.0214,0.1334,160.8235,60,12.34, -> cleaning floor (12.3%)
frame_000072_clip,-1.0,9.5447,153.1356,0.1315,162.871,29,34.19, -> bookbinding (34.2%)
frame_000073_clip,-1.0,9.4536,158.4769,0.1323,168.1222,338,8.79, -> sweeping floor (8.8%)
frame_000074_clip,-1.0,10.8764,157.3545,0.129,168.4045,332,11.63, -> stomping grapes (11.6%)
frame_000075_clip,-1.0,9.4736,165.7682,0.1464,175.4538,14,11.77, -> barbequing (11.8%)
frame_000076_clip,-1.0,10.4791,146.6322,0.1331,157.3066,5,97.85, -> archery (97.9%)
frame_000077_clip,-1.0,9.7959,146.7511,0.1308,156.738,5,93.71, -> archery (93.7%)
frame_000078_clip,-1.0,9.3148,150.4056,0.1324,159.9142,243,26.93, -> playing recorder (26.9%)
frame_000079_clip,-1.0,9.3256,157.5063,0.1406,167.0271,29,49.3, -> bookbinding (49.3%)
frame_000080_clip,-1.0,10.212,150.8401,0.1321,161.2457,29,61.37, -> bookbinding (61.4%)
frame_000081_clip,-1.0,9.2344,153.6318,0.1275,163.0537,91,28.51, -> dining (28.5%)
frame_000082_clip,-1.0,12.6471,151.6282,0.145,164.4867,91,77.99, -> dining (78.0%)
frame_000083_clip,-1.0,11.0608,155.5916,0.1293,166.8418,268,95.68, -> riding camel (95.7%)
frame_000084_clip,-1.0,9.9179,156.4512,0.1326,166.5626,396,38.57, -> writing (38.6%)
frame_000085_clip,-1.0,9.3948,160.8284,0.1426,170.4276,306,21.84, -> skateboarding (21.8%)
frame_000086_clip,-1.0,10.1676,163.3331,0.1391,173.7042,91,46.47, -> dining (46.5%)
frame_000087_clip,-1.0,10.0781,163.2472,0.1462,173.5414,91,29.84, -> dining (29.8%)
frame_000088_clip,-1.0,9.9802,157.9652,0.1309,168.1374,91,33.27, -> dining (33.3%)
frame_000089_clip,-1.0,10.4491,160.8941,0.1332,171.5388,17,81.43, -> bee keeping (81.4%)
frame_000090_clip,-1.0,9.7204,166.0795,0.135,175.9971,32,21.76, -> braiding hair (21.8%)
frame_000091_clip,-1.0,10.1343,163.6554,0.1371,173.9891,192,7.89, -> marching (7.9%)
frame_000092_clip,-1.0,12.4102,157.7886,0.1442,170.4118,374,98.76, -> using remote controller (not gaming) (98.8%)
frame_000093_clip,-1.0,12.1609,163.8422,0.1434,176.2114,385,32.24, -> watering plants (32.2%)
frame_000094_clip,-1.0,13.8388,160.1981,0.1405,174.2447,181,47.92, -> laying bricks (47.9%)
frame_000095_clip,-1.0,9.4339,157.0084,0.1393,166.6503,327,21.27, -> spray painting (21.3%)
frame_000096_clip,-1.0,12.7925,155.2091,0.1436,168.2115,39,19.39, -> building shed (19.4%)
frame_000097_clip,-1.0,10.0649,151.3809,0.1389,161.6511,371,72.12, -> unboxing (72.1%)
frame_000098_clip,-1.0,10.091,156.0665,0.1277,166.3448,39,35.23, -> building shed (35.2%)
frame_000099_clip,-1.0,10.0386,161.4461,0.1279,171.6753,216,95.94, -> plastering (95.9%)
frame_000100_clip,-1.0,9.9631,161.3318,0.1332,171.4893,216,98.65, -> plastering (98.7%)
frame_000101_clip,-1.0,9.9093,158.6744,0.1259,168.7726,29,99.8, -> bookbinding (99.8%)
frame_000102_clip,-1.0,10.1172,161.4451,0.1309,171.7527,29,96.03, -> bookbinding (96.0%)
frame_000103_clip,-1.0,9.9608,160.0605,0.1274,170.2086,65,95.97, -> cleaning windows (96.0%)
frame_000104_clip,-1.0,10.0261,159.306,0.126,169.5039,29,71.66, -> bookbinding (71.7%)
frame_000105_clip,-1.0,10.0617,160.4337,0.1273,170.675,65,99.88, -> cleaning windows (99.9%)
frame_000106_clip,-1.0,10.2952,163.2167,0.1311,173.696,29,47.73, -> bookbinding (47.7%)
frame_000107_clip,-1.0,10.1395,160.6755,0.13,171.006,29,82.29, -> bookbinding (82.3%)
frame_000108_clip,-1.0,11.8439,147.9358,0.1427,159.9846,65,75.47, -> cleaning windows (75.5%)
frame_000109_clip,-1.0,10.1931,151.2346,0.127,161.6149,322,34.03, -> snowboarding (34.0%)
frame_000110_clip,-1.0,9.7626,153.6445,0.1389,163.6104,306,14.13, -> skateboarding (14.1%)
frame_000111_clip,-1.0,12.4839,152.947,0.1434,165.6415,352,44.83, -> tasting beer (44.8%)
frame_000112_clip,-1.0,10.0999,155.034,0.1345,165.332,91,77.82, -> dining (77.8%)
frame_000113_clip,-1.0,9.9905,159.4784,0.1305,169.6628,91,14.15, -> dining (14.1%)
frame_000114_clip,-1.0,10.296,159.9755,0.1302,170.461,91,94.85, -> dining (94.9%)
frame_000115_clip,-1.0,10.1825,166.0706,0.1276,176.4423,370,23.04, -> tying tie (23.0%)
frame_000116_clip,-1.0,9.7839,163.1313,0.1297,173.1058,365,35.13, -> trimming or shaving beard (35.1%)
frame_000117_clip,-1.0,13.2436,167.2145,0.1419,180.6586,5,22.11, -> archery (22.1%)
frame_000118_clip,-1.0,9.5391,154.4887,0.125,164.2052,365,12.49, -> trimming or shaving beard (12.5%)
frame_000119_clip,-1.0,10.2417,154.7385,0.1318,165.1627,91,50.61, -> dining (50.6%)
frame_000120_clip,-1.0,9.4947,159.2234,0.1442,168.926,91,95.3, -> dining (95.3%)
frame_000121_clip,-1.0,12.1946,161.1601,0.1411,173.5522,35,35.23, -> brush painting (35.2%)
frame_000122_clip,-1.0,9.8022,151.4795,0.1262,161.4569,327,85.86, -> spray painting (85.9%)
frame_000123_clip,-1.0,10.2691,161.4126,0.1253,171.8542,192,59.28, -> marching (59.3%)
frame_000124_clip,-1.0,9.7105,163.7276,0.1326,173.6207,91,29.14, -> dining (29.1%)
frame_000125_clip,-1.0,13.1185,162.2287,0.1424,175.542,9,18.67, -> auctioning (18.7%)
frame_000126_clip,-1.0,9.7906,153.3405,0.1291,163.3121,65,95.42, -> cleaning windows (95.4%)
frame_000127_clip,-1.0,14.5123,161.1771,0.1404,175.8829,254,61.88, -> presenting weather forecast (61.9%)
frame_000128_clip,-1.0,9.5438,158.5432,0.1304,168.2662,60,36.67, -> cleaning floor (36.7%)
frame_000129_clip,-1.0,12.3458,165.6422,0.1408,178.1859,91,56.95, -> dining (56.9%)
frame_000130_clip,-1.0,9.7342,154.5424,0.1306,164.4575,9,92.99, -> auctioning (93.0%)
frame_000131_clip,-1.0,12.2931,165.8899,0.1494,178.3932,9,98.19, -> auctioning (98.2%)
frame_000132_clip,-1.0,10.1035,159.0891,0.1287,169.3722,216,40.69, -> plastering (40.7%)
frame_000133_clip,-1.0,10.2016,153.3219,0.1294,163.7056,9,46.36, -> auctioning (46.4%)
frame_000134_clip,-1.0,10.1106,160.5211,0.1321,170.825,91,74.17, -> dining (74.2%)
frame_000135_clip,-1.0,16.8,160.8121,0.1454,177.8219,91,73.15, -> dining (73.2%)
frame_000136_clip,-1.0,9.7422,152.1082,0.1305,162.0409,9,55.04, -> auctioning (55.0%)
frame_000137_clip,-1.0,12.034,159.2753,0.1466,171.5224,365,35.71, -> trimming or shaving beard (35.7%)
frame_000138_clip,-1.0,10.5891,165.6107,0.1594,176.434,374,26.56, -> using remote controller (not gaming) (26.6%)
frame_000139_clip,-1.0,10.4527,169.9003,0.128,180.5414,89,23.31, -> decorating the christmas tree (23.3%)
frame_000140_clip,-1.0,10.3994,165.9142,0.1331,176.5061,89,42.66, -> decorating the christmas tree (42.7%)
frame_000141_clip,-1.0,10.1052,165.5982,0.1284,175.8923,365,34.52, -> trimming or shaving beard (34.5%)
frame_000142_clip,-1.0,12.8377,161.5388,0.1441,174.5867,139,23.84, -> getting a tattoo (23.8%)
frame_000143_clip,-1.0,10.5468,151.5937,0.1253,162.3241,9,97.72, -> auctioning (97.7%)
frame_000144_clip,-1.0,13.4759,153.6112,0.1409,167.29,91,19.55, -> dining (19.6%)
frame_000145_clip,-1.0,9.8763,158.4292,0.1275,168.4921,9,28.66, -> auctioning (28.7%)
frame_000146_clip,-1.0,10.0899,164.4185,0.1395,174.6918,9,99.29, -> auctioning (99.3%)
frame_000147_clip,-1.0,9.6754,158.8491,0.1355,168.7236,9,74.64, -> auctioning (74.6%)
frame_000148_clip,-1.0,9.9386,162.2387,0.1351,172.3714,9,82.49, -> auctioning (82.5%)
frame_000149_clip,-1.0,9.972,161.4601,0.1276,171.6169,365,17.73, -> trimming or shaving beard (17.7%)
frame_000150_clip,-1.0,11.4506,155.6457,0.1477,167.3092,35,66.85, -> brush painting (66.8%)
frame_000151_clip,-1.0,10.1433,154.9695,0.1303,165.304,374,70.55, -> using remote controller (not gaming) (70.5%)
frame_000152_clip,-1.0,9.776,156.3961,0.1421,166.3822,374,42.3, -> using remote controller (not gaming) (42.3%)
frame_000153_clip,-1.0,10.084,161.3158,0.1302,171.5902,91,35.13, -> dining (35.1%)
frame_000154_clip,-1.0,10.4615,159.6205,0.1312,170.2761,200,35.45, -> moving furniture (35.5%)
frame_000155_clip,-1.0,9.9957,163.0097,0.1259,173.1906,9,49.55, -> auctioning (49.6%)
frame_000156_clip,-1.0,9.8653,162.0789,0.146,172.1391,374,34.28, -> using remote controller (not gaming) (34.3%)
frame_000157_clip,-1.0,10.3825,153.4315,0.1424,164.0167,275,34.75, -> riding unicycle (34.8%)
frame_000158_clip,-1.0,9.774,153.1699,0.1451,163.1489,9,52.75, -> auctioning (52.8%)
frame_000159_clip,-1.0,10.3279,157.2677,0.1326,167.7887,65,23.0, -> cleaning windows (23.0%)
frame_000160_clip,-1.0,9.9121,157.2137,0.1321,167.3163,216,85.64, -> plastering (85.6%)
frame_000161_clip,-1.0,10.1196,155.659,0.1292,165.9668,181,71.58, -> laying bricks (71.6%)
frame_000162_clip,-1.0,10.4778,155.6647,0.1274,166.3295,287,51.69, -> setting table (51.7%)
frame_000163_clip,-1.0,12.4963,159.6062,0.1442,172.3133,202,33.58, -> news anchoring (33.6%)
frame_000164_clip,-1.0,9.9817,153.1817,0.1288,163.3519,65,60.94, -> cleaning windows (60.9%)
frame_000165_clip,-1.0,12.0891,159.1922,0.1448,171.4927,287,60.3, -> setting table (60.3%)
frame_000166_clip,-1.0,9.9895,154.8658,0.1423,165.0622,202,25.57, -> news anchoring (25.6%)
frame_000167_clip,-1.0,9.6028,161.1735,0.1288,170.9633,216,72.49, -> plastering (72.5%)
frame_000168_clip,-1.0,10.0043,161.0353,0.1284,171.2267,65,19.15, -> cleaning windows (19.1%)
frame_000169_clip,-1.0,9.7539,167.5889,0.1301,177.5324,89,85.22, -> decorating the christmas tree (85.2%)
frame_000170_clip,-1.0,9.6882,159.991,0.13,169.8562,376,13.5, -> vault (13.5%)
frame_000171_clip,-1.0,12.3649,158.6614,0.1426,171.2297,306,20.1, -> skateboarding (20.1%)
frame_000172_clip,-1.0,9.9097,153.9638,0.1341,164.0571,35,51.95, -> brush painting (52.0%)
frame_000173_clip,-1.0,12.0492,164.5308,0.1471,176.7814,327,22.04, -> spray painting (22.0%)
frame_000174_clip,-1.0,10.3625,155.3157,0.1301,165.8567,369,50.55, -> tying knot (not on a tie) (50.6%)
frame_000175_clip,-1.0,10.0054,162.8323,0.1326,173.0334,35,63.57, -> brush painting (63.6%)
frame_000176_clip,-1.0,9.4472,165.5123,0.1304,175.1422,191,82.02, -> making tea (82.0%)
frame_000177_clip,-1.0,12.3238,160.2252,0.1419,172.7468,369,81.2, -> tying knot (not on a tie) (81.2%)
frame_000178_clip,-1.0,9.7416,161.2091,0.1294,171.1336,376,91.56, -> vault (91.6%)
frame_000179_clip,-1.0,10.096,156.0924,0.1264,166.3651,216,20.45, -> plastering (20.5%)
frame_000180_clip,-1.0,9.9173,162.9075,0.1307,173.0164,35,70.41, -> brush painting (70.4%)
frame_000181_clip,-1.0,12.4559,159.8819,0.1447,172.5454,35,90.68, -> brush painting (90.7%)
frame_000182_clip,-1.0,12.0122,166.4192,0.1441,178.6284,35,66.49, -> brush painting (66.5%)
frame_000183_clip,-1.0,10.5054,171.0039,0.1426,181.7041,374,69.95, -> using remote controller (not gaming) (69.9%)
frame_000184_clip,-1.0,10.7669,169.5142,0.1449,180.4794,200,74.91, -> moving furniture (74.9%)
frame_000185_clip,-1.0,10.7018,171.5322,0.1438,182.4402,91,36.59, -> dining (36.6%)
frame_000186_clip,-1.0,11.2785,160.0778,0.1459,171.5631,369,24.61, -> tying knot (not on a tie) (24.6%)
frame_000187_clip,-1.0,9.8644,155.9216,0.1283,165.9614,29,51.76, -> bookbinding (51.8%)
frame_000188_clip,-1.0,9.5088,162.8847,0.1279,172.5717,327,60.88, -> spray painting (60.9%)
frame_000189_clip,-1.0,9.522,168.4664,0.1323,178.1684,299,67.78, -> shoveling snow (67.8%)
frame_000190_clip,-1.0,9.5719,167.0952,0.1291,176.8476,287,80.22, -> setting table (80.2%)
frame_000191_clip,-1.0,9.7513,171.4604,0.1373,181.413,67,82.74, -> climbing ladder (82.7%)
frame_000192_clip,-1.0,9.6922,165.9129,0.1304,175.7971,202,33.79, -> news anchoring (33.8%)
frame_000193_clip,-1.0,9.5437,158.3227,0.1309,168.0486,29,99.96, -> bookbinding (100.0%)
frame_000194_clip,-1.0,9.6472,161.7574,0.1344,171.5924,287,32.51, -> setting table (32.5%)
frame_000195_clip,-1.0,9.7923,157.6305,0.1258,167.5952,287,73.1, -> setting table (73.1%)
frame_000196_clip,-1.0,9.7499,158.4262,0.1298,168.3546,91,59.87, -> dining (59.9%)
frame_000197_clip,-1.0,11.4886,165.646,0.1271,177.308,287,45.2, -> setting table (45.2%)
frame_000198_clip,-1.0,9.9793,161.2878,0.1343,171.4598,67,17.37, -> climbing ladder (17.4%)
frame_000199_clip,-1.0,9.3987,169.0815,0.1286,178.67,29,94.47, -> bookbinding (94.5%)
frame_000200_clip,-1.0,10.0155,167.9661,0.1273,178.154,327,35.06, -> spray painting (35.1%)
frame_000201_clip,-1.0,9.9353,169.5846,0.1349,179.7046,327,83.21, -> spray painting (83.2%)
frame_000202_clip,-1.0,13.4566,163.63,0.1418,177.2808,29,90.43, -> bookbinding (90.4%)
frame_000203_clip,-1.0,10.7625,170.5426,0.1421,181.4999,29,97.17, -> bookbinding (97.2%)
frame_000204_clip,-1.0,10.0962,155.447,0.1307,165.7201,29,78.7, -> bookbinding (78.7%)
frame_000205_clip,-1.0,9.6329,161.5496,0.1328,171.3626,21,21.27, -> bending metal (21.3%)
frame_000206_clip,-1.0,9.803,168.5263,0.139,178.5199,29,80.05, -> bookbinding (80.0%)
frame_000207_clip,-1.0,9.7767,168.6951,0.1398,178.6744,65,95.98, -> cleaning windows (96.0%)
frame_000208_clip,-1.0,9.8329,169.9313,0.1321,179.9577,29,44.61, -> bookbinding (44.6%)
frame_000209_clip,-1.0,12.8442,166.1709,0.1424,179.2141,327,68.89, -> spray painting (68.9%)
frame_000210_clip,-1.0,11.9525,160.3988,0.1347,172.5334,29,66.69, -> bookbinding (66.7%)
frame_000211_clip,-1.0,9.9044,163.89,0.1342,173.9806,221,66.29, -> playing bass guitar (66.3%)
frame_000212_clip,-1.0,9.341,165.499,0.1366,175.0267,39,94.26, -> building shed (94.3%)
frame_000213_clip,-1.0,10.074,166.9734,0.1424,177.2417,91,74.97, -> dining (75.0%)
frame_000214_clip,-1.0,9.9568,154.9863,0.1276,165.1176,91,66.96, -> dining (67.0%)
frame_000215_clip,-1.0,9.4229,166.7913,0.1343,176.3978,216,43.6, -> plastering (43.6%)
frame_000216_clip,-1.0,9.8518,167.8699,0.1296,177.9016,91,37.91, -> dining (37.9%)
frame_000217_clip,-1.0,9.7554,171.6892,0.1441,181.6351,35,56.11, -> brush painting (56.1%)
frame_000218_clip,-1.0,9.753,159.7476,0.1293,169.6803,91,36.83, -> dining (36.8%)
frame_000219_clip,-1.0,9.983,163.4188,0.131,173.5786,65,44.05, -> cleaning windows (44.1%)
frame_000220_clip,-1.0,10.645,169.2553,0.1301,180.0818,91,30.13, -> dining (30.1%)
frame_000221_clip,-1.0,9.884,168.1446,0.1308,178.2109,234,23.69, -> playing harp (23.7%)
frame_000222_clip,-1.0,9.6303,169.1553,0.1305,178.967,328,32.69, -> spraying (32.7%)
frame_000223_clip,-1.0,10.1401,157.163,0.1287,167.4838,216,25.7, -> plastering (25.7%)
frame_000224_clip,-1.0,9.6314,165.5361,0.146,175.3642,216,31.64, -> plastering (31.6%)
frame_000225_clip,-1.0,9.9926,165.7535,0.134,175.9289,35,22.2, -> brush painting (22.2%)
frame_000226_clip,-1.0,10.0774,163.8784,0.1344,174.1388,91,79.0, -> dining (79.0%)
frame_000227_clip,-1.0,9.611,168.9578,0.1309,178.747,216,86.56, -> plastering (86.6%)
frame_000228_clip,-1.0,14.3594,160.3698,0.1452,174.93,374,80.7, -> using remote controller (not gaming) (80.7%)
frame_000229_clip,-1.0,9.339,155.318,0.1313,164.8408,35,18.2, -> brush painting (18.2%)
frame_000230_clip,-1.0,9.8142,159.2039,0.1253,169.189,327,59.73, -> spray painting (59.7%)
frame_000231_clip,-1.0,9.5285,166.2573,0.1309,175.9663,333,21.51, -> stretching arm (21.5%)
frame_000232_clip,-1.0,11.5811,153.8582,0.1403,165.6357,327,69.25, -> spray painting (69.2%)
frame_000233_clip,-1.0,9.3104,157.2781,0.1316,166.7687,327,48.19, -> spray painting (48.2%)
frame_000234_clip,-1.0,10.4469,155.3364,0.1315,165.9646,5,90.95, -> archery (90.9%)
frame_000235_clip,-1.0,9.2506,160.754,0.1262,170.1781,369,57.42, -> tying knot (not on a tie) (57.4%)
frame_000236_clip,-1.0,10.0526,163.6119,0.1455,173.8651,369,33.02, -> tying knot (not on a tie) (33.0%)
frame_000237_clip,-1.0,9.5595,165.3795,0.1287,175.1289,328,47.87, -> spraying (47.9%)
frame_000238_clip,-1.0,11.9231,163.2052,0.1471,175.3303,327,29.53, -> spray painting (29.5%)
frame_000239_clip,-1.0,9.7357,154.3912,0.1294,164.3029,328,57.88, -> spraying (57.9%)
frame_000240_clip,-1.0,11.9953,161.7025,0.143,173.8979,328,59.55, -> spraying (59.6%)
frame_000241_clip,-1.0,9.8535,156.5703,0.1267,166.6015,328,60.17, -> spraying (60.2%)
frame_000242_clip,-1.0,9.9251,165.0089,0.1273,175.107,327,59.38, -> spray painting (59.4%)
frame_000243_clip,-1.0,12.4541,168.6818,0.1348,181.3233,327,48.07, -> spray painting (48.1%)
frame_000244_clip,-1.0,10.6186,158.8896,0.1296,169.6885,35,61.6, -> brush painting (61.6%)
frame_000245_clip,-1.0,9.7782,162.0598,0.1308,172.0205,240,75.38, -> playing paintball (75.4%)
frame_000246_clip,-1.0,10.0692,159.001,0.1421,169.2699,35,27.75, -> brush painting (27.7%)
frame_000247_clip,-1.0,10.0349,166.2085,0.1414,176.4342,328,15.79, -> spraying (15.8%)
frame_000248_clip,-1.0,10.4393,156.263,0.1284,166.8827,328,58.07, -> spraying (58.1%)
frame_000249_clip,-1.0,10.1576,164.3824,0.128,174.7189,266,13.89, -> recording music (13.9%)
frame_000250_clip,-1.0,10.0171,165.9033,0.1326,176.1007,264,15.03, -> reading book (15.0%)
frame_000251_clip,-1.0,12.7894,159.8828,0.1426,172.8712,5,82.73, -> archery (82.7%)
frame_000252_clip,-1.0,9.7852,150.9258,0.1285,160.8916,152,19.74, -> high kick (19.7%)
frame_000253_clip,-1.0,9.5635,159.9731,0.1465,169.7331,390,99.6, -> weaving basket (99.6%)
frame_000254_clip,-1.0,9.2346,162.3946,0.1298,171.8058,255,25.28, -> pull ups (25.3%)
frame_000255_clip,-1.0,9.0858,159.2314,0.1293,168.4972,207,9.72, -> parkour (9.7%)
frame_000256_clip,-1.0,9.2929,162.159,0.1369,171.6503,91,61.39, -> dining (61.4%)
frame_000257_clip,-1.0,9.1551,160.1976,0.1294,169.5287,67,38.7, -> climbing ladder (38.7%)
frame_000258_clip,-1.0,9.4821,163.7244,0.131,173.3833,306,14.91, -> skateboarding (14.9%)
frame_000259_clip,-1.0,9.6664,160.1522,0.1297,170.0006,275,29.68, -> riding unicycle (29.7%)
frame_000260_clip,-1.0,9.1767,164.9266,0.1401,174.3086,306,44.5, -> skateboarding (44.5%)
frame_000261_clip,-1.0,9.022,167.9693,0.1309,177.1743,60,85.33, -> cleaning floor (85.3%)
frame_000262_clip,-1.0,9.0516,166.8484,0.1404,176.0924,306,94.37, -> skateboarding (94.4%)
frame_000263_clip,-1.0,9.2641,159.8087,0.1285,169.2478,199,31.57, -> motorcycling (31.6%)
frame_000264_clip,-1.0,9.5033,159.144,0.1357,168.835,306,14.78, -> skateboarding (14.8%)
frame_000265_clip,-1.0,9.9301,160.0557,0.1288,170.1649,306,88.69, -> skateboarding (88.7%)
frame_000266_clip,-1.0,10.0227,164.3409,0.1299,174.546,306,48.31, -> skateboarding (48.3%)
frame_000267_clip,-1.0,9.2874,154.2099,0.1297,163.6742,242,56.2, -> playing poker (56.2%)
frame_000268_clip,-1.0,9.4307,163.3991,0.1363,173.0215,192,54.93, -> marching (54.9%)
frame_000269_clip,-1.0,9.6746,167.3291,0.1356,177.1934,374,35.04, -> using remote controller (not gaming) (35.0%)
frame_000270_clip,-1.0,10.1082,165.5316,0.1301,175.8316,192,91.17, -> marching (91.2%)
frame_000271_clip,-1.0,10.2275,170.136,0.1392,180.5542,242,32.76, -> playing poker (32.8%)
frame_000272_clip,-1.0,12.0685,161.8583,0.1445,174.126,192,94.45, -> marching (94.5%)
frame_000273_clip,-1.0,9.6203,163.2628,0.1293,173.0631,242,49.89, -> playing poker (49.9%)
frame_000274_clip,-1.0,11.5072,163.7925,0.1411,175.4961,152,39.45, -> high kick (39.5%)
frame_000275_clip,-1.0,9.976,152.3798,0.135,162.5439,306,98.85, -> skateboarding (98.9%)
frame_000276_clip,-1.0,9.6454,159.1503,0.1408,168.9907,306,72.89, -> skateboarding (72.9%)
frame_000277_clip,-1.0,11.0034,164.7566,0.1474,175.962,192,97.97, -> marching (98.0%)
frame_000278_clip,-1.0,9.7371,156.2452,0.134,166.1681,91,41.14, -> dining (41.1%)
frame_000279_clip,-1.0,9.8044,160.0467,0.1337,170.0377,306,88.63, -> skateboarding (88.6%)
frame_000280_clip,-1.0,9.5137,162.4038,0.1272,172.0909,327,69.63, -> spray painting (69.6%)
frame_000281_clip,-1.0,9.5615,165.6631,0.1356,175.4123,327,33.97, -> spray painting (34.0%)
frame_000282_clip,-1.0,11.9518,161.9207,0.1411,174.0654,91,27.66, -> dining (27.7%)
frame_000283_clip,-1.0,9.2397,158.4191,0.1271,167.8336,202,74.37, -> news anchoring (74.4%)
frame_000284_clip,-1.0,11.8521,159.6299,0.1419,171.6761,239,99.75, -> playing organ (99.7%)
frame_000285_clip,-1.0,9.3001,157.5712,0.1451,167.0726,242,71.26, -> playing poker (71.3%)
frame_000286_clip,-1.0,10.3102,163.781,0.1423,174.2843,222,99.01, -> playing cards (99.0%)
frame_000287_clip,-1.0,9.3323,165.1886,0.1379,174.7093,222,43.56, -> playing cards (43.6%)
frame_000288_clip,-1.0,11.3663,157.6183,0.1287,169.1644,222,98.15, -> playing cards (98.1%)
frame_000289_clip,-1.0,10.1191,164.6297,0.131,174.9268,242,99.48, -> playing poker (99.5%)
frame_000290_clip,-1.0,11.0158,156.0969,0.1341,167.2957,242,32.65, -> playing poker (32.7%)
frame_000291_clip,-1.0,9.9365,165.6777,0.1341,175.8022,192,55.6, -> marching (55.6%)
frame_000292_clip,-1.0,13.0062,158.1028,0.1371,171.2966,242,97.27, -> playing poker (97.3%)
frame_000293_clip,-1.0,9.3877,161.2866,0.135,170.8591,242,98.21, -> playing poker (98.2%)
frame_000294_clip,-1.0,9.8062,167.8955,0.1323,177.888,242,99.42, -> playing poker (99.4%)
frame_000295_clip,-1.0,9.7002,171.5249,0.1297,181.4003,352,29.91, -> tasting beer (29.9%)
frame_000296_clip,-1.0,9.3916,166.3074,0.1335,175.8831,224,99.11, -> playing chess (99.1%)
frame_000297_clip,-1.0,9.4446,167.5323,0.1277,177.1655,242,89.69, -> playing poker (89.7%)
frame_000298_clip,-1.0,9.5537,162.2787,0.1347,172.0181,242,39.58, -> playing poker (39.6%)
frame_000299_clip,-1.0,11.1829,161.1656,0.143,172.5441,242,55.15, -> playing poker (55.1%)
frame_000300_clip,-1.0,9.4645,151.3313,0.1317,160.9757,242,34.71, -> playing poker (34.7%)
frame_000301_clip,-1.0,13.5212,154.9886,0.1533,168.7227,91,57.39, -> dining (57.4%)
frame_000302_clip,-1.0,10.7739,163.1547,0.1429,174.1232,139,38.46, -> getting a tattoo (38.5%)
frame_000303_clip,-1.0,9.3832,157.9816,0.1332,167.5476,139,85.46, -> getting a tattoo (85.5%)
frame_000304_clip,-1.0,9.3308,161.5131,0.1348,171.0279,275,24.8, -> riding unicycle (24.8%)
frame_000305_clip,-1.0,9.5619,160.0322,0.1288,169.769,139,33.91, -> getting a tattoo (33.9%)
frame_000306_clip,-1.0,9.8807,167.2112,0.1316,177.2771,65,86.03, -> cleaning windows (86.0%)
frame_000307_clip,-1.0,12.9551,161.3194,0.1421,174.4739,227,25.87, -> playing cricket (25.9%)
frame_000308_clip,-1.0,9.7022,156.7364,0.1285,166.6136,35,38.12, -> brush painting (38.1%)
frame_000309_clip,-1.0,13.1713,158.4561,0.1431,171.8262,35,54.05, -> brush painting (54.0%)
frame_000310_clip,-1.0,10.0667,155.0121,0.135,165.2644,292,47.0, -> shaving head (47.0%)
frame_000311_clip,-1.0,11.5665,161.0222,0.1443,172.788,327,78.7, -> spray painting (78.7%)
frame_000312_clip,-1.0,10.2012,156.9595,0.1368,167.3616,65,29.38, -> cleaning windows (29.4%)
frame_000313_clip,-1.0,12.4173,157.592,0.1434,170.2191,275,8.29, -> riding unicycle (8.3%)
frame_000314_clip,-1.0,9.4359,159.7823,0.1296,169.4082,35,89.57, -> brush painting (89.6%)
frame_000315_clip,-1.0,9.168,165.6548,0.1335,175.0198,61,70.21, -> cleaning gutters (70.2%)
frame_000316_clip,-1.0,9.3421,166.133,0.1334,175.6705,29,97.46, -> bookbinding (97.5%)
frame_000317_clip,-1.0,9.4028,158.9269,0.1401,168.5355,327,25.39, -> spray painting (25.4%)
frame_000318_clip,-1.0,9.2171,162.275,0.1383,171.695,200,16.81, -> moving furniture (16.8%)
frame_000319_clip,-1.0,9.6436,157.4841,0.1268,167.3173,391,40.26, -> welding (40.3%)
frame_000320_clip,-1.0,9.4254,164.4152,0.1287,174.0145,252,48.34, -> playing xylophone (48.3%)
frame_000321_clip,-1.0,9.1664,164.6165,0.1301,173.9744,327,30.03, -> spray painting (30.0%)
frame_000322_clip,-1.0,9.4508,168.8297,0.1316,178.4719,306,32.31, -> skateboarding (32.3%)
frame_000323_clip,-1.0,9.4548,167.2273,0.1311,176.8729,136,29.93, -> garbage collecting (29.9%)
frame_000324_clip,-1.0,9.2634,165.9697,0.1283,175.4205,136,15.7, -> garbage collecting (15.7%)
frame_000325_clip,-1.0,9.3054,165.2599,0.1325,174.7578,91,55.99, -> dining (56.0%)
frame_000326_clip,-1.0,12.3061,162.5844,0.1447,175.1016,181,15.88, -> laying bricks (15.9%)
frame_000327_clip,-1.0,9.9196,160.3387,0.1378,170.4631,322,26.87, -> snowboarding (26.9%)
frame_000328_clip,-1.0,9.9897,159.3087,0.1603,169.5231,306,16.76, -> skateboarding (16.8%)
frame_000329_clip,-1.0,9.2839,164.4601,0.1493,173.9452,306,86.47, -> skateboarding (86.5%)
frame_000330_clip,-1.0,9.3638,161.0697,0.1326,170.6279,216,98.85, -> plastering (98.8%)
frame_000331_clip,-1.0,9.3045,167.5946,0.1278,177.0809,322,55.35, -> snowboarding (55.3%)
frame_000332_clip,-1.0,9.6489,168.002,0.1328,177.8424,200,66.95, -> moving furniture (67.0%)
frame_000333_clip,-1.0,14.6933,161.8988,0.1456,176.8042,209,23.25, -> passing American football (not in game) (23.3%)
frame_000334_clip,-1.0,9.4109,155.4322,0.1293,165.0344,60,65.38, -> cleaning floor (65.4%)
frame_000335_clip,-1.0,9.6158,160.3159,0.1303,170.1215,60,49.05, -> cleaning floor (49.1%)
frame_000336_clip,-1.0,10.0505,163.2643,0.1374,173.5185,39,39.83, -> building shed (39.8%)
frame_000337_clip,-1.0,14.0043,171.7607,0.1487,185.9829,200,42.21, -> moving furniture (42.2%)
frame_000338_clip,-1.0,10.1304,161.3782,0.1337,171.6949,275,19.3, -> riding unicycle (19.3%)
frame_000339_clip,-1.0,10.3624,166.5404,0.1361,177.1032,11,23.57, -> baking cookies (23.6%)
frame_000340_clip,-1.0,9.9832,167.7039,0.1293,177.876,365,22.33, -> trimming or shaving beard (22.3%)
frame_000341_clip,-1.0,10.4539,171.9655,0.1437,182.6256,240,91.84, -> playing paintball (91.8%)
frame_000342_clip,-1.0,10.5181,156.917,0.1362,167.634,200,53.25, -> moving furniture (53.2%)
frame_000343_clip,-1.0,10.4436,163.988,0.1531,174.6375,356,26.71, -> throwing axe (26.7%)
frame_000344_clip,-1.0,10.566,165.2636,0.1313,176.022,275,19.03, -> riding unicycle (19.0%)
frame_000345_clip,-1.0,10.4185,175.8706,0.1336,186.4873,35,62.33, -> brush painting (62.3%)
frame_000346_clip,-1.0,13.2356,168.8538,0.1514,182.2974,200,63.91, -> moving furniture (63.9%)
frame_000347_clip,-1.0,9.4175,152.9522,0.1278,162.5567,5,24.43, -> archery (24.4%)
frame_000348_clip,-1.0,10.2277,160.1908,0.1325,170.6108,275,52.39, -> riding unicycle (52.4%)
frame_000349_clip,-1.0,11.8464,163.0428,0.1445,175.1004,200,59.95, -> moving furniture (59.9%)
frame_000350_clip,-1.0,9.9449,155.1915,0.1258,165.3243,327,60.41, -> spray painting (60.4%)
frame_000351_clip,-1.0,10.2359,156.921,0.1296,167.3477,200,42.54, -> moving furniture (42.5%)
frame_000352_clip,-1.0,10.0119,162.3284,0.1385,172.5439,327,86.85, -> spray painting (86.8%)
frame_000353_clip,-1.0,10.6567,165.6153,0.1368,176.4677,60,6.95, -> cleaning floor (6.9%)
frame_000354_clip,-1.0,10.8136,167.5096,0.1292,178.5125,327,56.69, -> spray painting (56.7%)
frame_000355_clip,-1.0,9.9559,162.759,0.1336,172.9113,7,37.52, -> arranging flowers (37.5%)
frame_000356_clip,-1.0,10.1211,165.6552,0.1321,175.9712,29,43.08, -> bookbinding (43.1%)
frame_000357_clip,-1.0,9.8167,165.0863,0.1327,175.0959,338,14.27, -> sweeping floor (14.3%)
frame_000358_clip,-1.0,11.6381,166.9149,0.1507,178.7719,157,44.31, -> hoverboarding (44.3%)
frame_000359_clip,-1.0,9.4081,150.8194,0.1327,160.4233,29,26.95, -> bookbinding (26.9%)
frame_000360_clip,-1.0,9.9629,164.2916,0.1291,174.4443,91,19.32, -> dining (19.3%)
frame_000361_clip,-1.0,9.384,158.0644,0.1303,167.637,200,34.21, -> moving furniture (34.2%)
frame_000362_clip,-1.0,12.2734,163.3503,0.1506,175.84,29,28.37, -> bookbinding (28.4%)
frame_000363_clip,-1.0,9.7628,154.6963,0.1435,164.6697,60,16.11, -> cleaning floor (16.1%)
frame_000364_clip,-1.0,9.5271,156.1212,0.13,165.8277,382,82.31, -> washing hands (82.3%)
frame_000365_clip,-1.0,9.7392,158.1297,0.128,168.0453,60,14.26, -> cleaning floor (14.3%)
frame_000366_clip,-1.0,9.7926,165.8602,0.1262,175.8264,302,88.42, -> side kick (88.4%)
frame_000367_clip,-1.0,9.4154,164.1845,0.1276,173.7731,302,50.52, -> side kick (50.5%)
frame_000368_clip,-1.0,12.4321,158.5782,0.1421,171.2111,134,49.74, -> front raises (49.7%)
frame_000369_clip,-1.0,9.769,148.6538,0.1443,158.6233,295,50.98, -> shining shoes (51.0%)
frame_000370_clip,-1.0,9.8499,153.5281,0.1319,163.5585,91,20.84, -> dining (20.8%)
frame_000371_clip,-1.0,10.8426,155.9041,0.1326,166.9322,295,23.28, -> shining shoes (23.3%)
frame_000372_clip,-1.0,10.1702,163.5665,0.1287,173.9146,60,72.89, -> cleaning floor (72.9%)
frame_000373_clip,-1.0,10.2577,159.9283,0.1308,170.3664,327,80.65, -> spray painting (80.7%)
frame_000374_clip,-1.0,10.0989,163.8096,0.1307,174.0863,327,19.82, -> spray painting (19.8%)
frame_000375_clip,-1.0,10.273,162.5283,0.1331,172.9865,288,23.08, -> shaking hands (23.1%)
frame_000376_clip,-1.0,10.0525,166.2874,0.1295,176.5282,21,15.27, -> bending metal (15.3%)
frame_000377_clip,-1.0,9.9306,160.9646,0.1261,171.0673,21,71.44, -> bending metal (71.4%)
frame_000378_clip,-1.0,10.8432,166.4123,0.1272,177.4327,21,99.77, -> bending metal (99.8%)
frame_000379_clip,-1.0,10.0363,165.7024,0.1299,175.929,39,38.62, -> building shed (38.6%)
frame_000380_clip,-1.0,14.2565,168.8445,0.1368,183.293,58,75.85, -> clay pottery making (75.8%)
frame_000381_clip,-1.0,10.1788,167.6048,0.1346,177.9696,284,84.95, -> sanding floor (84.9%)
frame_000382_clip,-1.0,10.2898,167.3073,0.132,177.7934,58,61.73, -> clay pottery making (61.7%)
frame_000383_clip,-1.0,10.1959,166.0557,0.128,176.4307,58,14.2, -> clay pottery making (14.2%)
frame_000384_clip,-1.0,9.9099,165.3317,0.1318,175.4208,39,95.48, -> building shed (95.5%)
frame_000385_clip,-1.0,10.6537,167.0166,0.1519,177.8863,349,26.91, -> tap dancing (26.9%)
frame_000386_clip,-1.0,9.8637,166.6995,0.1306,176.7463,333,43.94, -> stretching arm (43.9%)
frame_000387_clip,-1.0,10.3964,164.1998,0.1363,174.7926,258,15.13, -> punching bag (15.1%)
frame_000388_clip,-1.0,12.3614,157.5129,0.153,170.0937,275,25.41, -> riding unicycle (25.4%)
frame_000389_clip,-1.0,10.6004,147.4467,0.1391,158.2369,39,99.27, -> building shed (99.3%)
frame_000390_clip,-1.0,10.1697,156.4232,0.1309,166.7718,17,54.13, -> bee keeping (54.1%)
frame_000391_clip,-1.0,10.6836,160.5821,0.1408,171.4588,327,36.23, -> spray painting (36.2%)
frame_000392_clip,-1.0,10.1625,167.1482,0.1266,177.4883,327,45.63, -> spray painting (45.6%)
frame_000393_clip,-1.0,10.8196,165.8723,0.1364,176.8791,284,20.44, -> sanding floor (20.4%)
frame_000394_clip,-1.0,12.8334,153.3542,0.1449,166.3988,35,8.38, -> brush painting (8.4%)
frame_000395_clip,-1.0,9.9782,151.3524,0.1292,161.5201,23,16.34, -> blasting sand (16.3%)
frame_000396_clip,-1.0,9.943,154.7348,0.1337,164.8602,23,59.49, -> blasting sand (59.5%)
frame_000397_clip,-1.0,9.9833,162.7447,0.128,172.9063,38,23.06, -> building cabinet (23.1%)
frame_000398_clip,-1.0,9.9837,156.275,0.1399,166.4495,38,21.92, -> building cabinet (21.9%)
frame_000399_clip,-1.0,10.2522,159.8386,0.1361,170.2766,38,36.34, -> building cabinet (36.3%)
frame_000400_clip,-1.0,9.7724,157.3188,0.1312,167.2696,38,27.03, -> building cabinet (27.0%)
frame_000401_clip,-1.0,9.617,157.5554,0.1259,167.3457,38,30.65, -> building cabinet (30.6%)
frame_000402_clip,-1.0,9.7061,156.5856,0.1568,166.5101,23,10.34, -> blasting sand (10.3%)
frame_000403_clip,-1.0,9.7853,157.5137,0.129,167.476,23,15.95, -> blasting sand (16.0%)
frame_000404_clip,-1.0,10.4642,160.4811,0.1293,171.1275,23,22.28, -> blasting sand (22.3%)
frame_000405_clip,-1.0,10.4774,155.3838,0.135,166.0464,23,22.8, -> blasting sand (22.8%)
frame_000406_clip,-1.0,10.0874,153.907,0.1273,164.1722,52,32.77, -> changing oil (32.8%)
frame_000407_clip,-1.0,12.6524,153.6477,0.1446,166.4982,327,29.13, -> spray painting (29.1%)
frame_000408_clip,-1.0,10.2417,146.7733,0.1297,157.1969,327,35.35, -> spray painting (35.4%)
frame_000409_clip,-1.0,9.5214,157.6832,0.1243,167.3769,327,60.19, -> spray painting (60.2%)
frame_000410_clip,-1.0,10.0227,156.9263,0.1315,167.1313,327,56.38, -> spray painting (56.4%)
frame_000411_clip,-1.0,10.0796,169.6501,0.1319,179.9087,327,69.25, -> spray painting (69.3%)
frame_000412_clip,-1.0,9.8933,160.3174,0.1283,170.389,41,58.71, -> busking (58.7%)
frame_000413_clip,-1.0,10.0128,171.855,0.1338,182.0562,372,98.85, -> unloading truck (98.8%)
frame_000414_clip,-1.0,9.6537,161.4559,0.1265,171.2817,327,98.07, -> spray painting (98.1%)
frame_000415_clip,-1.0,9.806,155.6715,0.1453,165.6747,39,95.86, -> building shed (95.9%)
frame_000416_clip,-1.0,10.0583,154.0153,0.1351,164.2655,106,18.89, -> drumming fingers (18.9%)
frame_000417_clip,-1.0,9.8702,162.7462,0.1377,172.8047,266,29.68, -> recording music (29.7%)
frame_000418_clip,-1.0,9.8404,163.3527,0.134,173.3793,327,27.64, -> spray painting (27.6%)
frame_000419_clip,-1.0,11.8924,151.1601,0.1385,163.2444,216,86.6, -> plastering (86.6%)
frame_000420_clip,-1.0,9.8862,162.2606,0.1299,172.3252,17,69.82, -> bee keeping (69.8%)
frame_000421_clip,-1.0,9.7033,161.2122,0.13,171.0932,216,11.15, -> plastering (11.1%)
frame_000422_clip,-1.0,9.4497,161.1641,0.1303,170.7951,216,68.99, -> plastering (69.0%)
frame_000423_clip,-1.0,9.2896,164.2801,0.1291,173.7458,91,38.13, -> dining (38.1%)
frame_000424_clip,-1.0,9.4306,162.5239,0.1325,172.1492,39,97.76, -> building shed (97.8%)
frame_000425_clip,-1.0,11.5756,156.1323,0.149,167.9123,332,18.92, -> stomping grapes (18.9%)
frame_000426_clip,-1.0,11.888,155.2535,0.1295,167.319,60,80.43, -> cleaning floor (80.4%)
frame_000427_clip,-1.0,9.9151,157.4647,0.1287,167.5579,91,83.4, -> dining (83.4%)
frame_000428_clip,-1.0,10.2371,160.6324,0.1294,171.0447,332,27.66, -> stomping grapes (27.7%)
frame_000429_clip,-1.0,10.0582,165.3626,0.1339,175.6046,332,24.4, -> stomping grapes (24.4%)
frame_000430_clip,-1.0,9.7922,162.6969,0.1311,172.6678,91,71.19, -> dining (71.2%)
frame_000431_clip,-1.0,12.4896,158.0083,0.1406,170.6962,91,82.66, -> dining (82.7%)
frame_000432_clip,-1.0,10.9725,161.231,0.1296,172.3878,60,49.73, -> cleaning floor (49.7%)
frame_000433_clip,-1.0,12.3668,158.607,0.1305,171.157,327,12.06, -> spray painting (12.1%)
frame_000434_clip,-1.0,9.9887,162.9995,0.1495,173.194,91,84.12, -> dining (84.1%)
frame_000435_clip,-1.0,10.1996,158.9942,0.1474,169.3993,39,46.34, -> building shed (46.3%)
frame_000436_clip,-1.0,10.2481,156.2826,0.1388,166.72,216,99.03, -> plastering (99.0%)
frame_000437_clip,-1.0,11.8681,163.5842,0.1455,175.6532,216,95.08, -> plastering (95.1%)
frame_000438_clip,-1.0,11.2091,167.0758,0.1463,178.4941,216,53.96, -> plastering (54.0%)
frame_000439_clip,-1.0,10.0384,161.0739,0.133,171.3069,39,19.64, -> building shed (19.6%)
frame_000440_clip,-1.0,10.356,167.1173,0.1424,177.675,216,68.9, -> plastering (68.9%)
frame_000441_clip,-1.0,12.2329,159.1438,0.1481,171.5923,322,32.4, -> snowboarding (32.4%)
frame_000442_clip,-1.0,9.7576,164.0396,0.1349,173.9922,216,55.41, -> plastering (55.4%)
frame_000443_clip,-1.0,10.0158,159.076,0.1319,169.2835,60,19.68, -> cleaning floor (19.7%)
frame_000444_clip,-1.0,9.6903,163.145,0.1316,173.0201,284,26.86, -> sanding floor (26.9%)
frame_000445_clip,-1.0,9.7676,173.2896,0.1345,183.2532,65,35.85, -> cleaning windows (35.9%)
frame_000446_clip,-1.0,9.7108,169.1013,0.1332,179.0079,216,36.6, -> plastering (36.6%)
frame_000447_clip,-1.0,9.4695,173.389,0.1313,183.0505,284,57.62, -> sanding floor (57.6%)
frame_000448_clip,-1.0,10.5842,171.4232,0.1521,182.2293,266,35.88, -> recording music (35.9%)
frame_000449_clip,-1.0,10.6096,165.0274,0.1501,175.8542,275,31.95, -> riding unicycle (32.0%)
frame_000450_clip,-1.0,9.3969,172.2596,0.1535,181.8773,216,55.15, -> plastering (55.2%)
frame_000451_clip,-1.0,10.3921,160.5368,0.132,171.1199,257,51.37, -> pumping gas (51.4%)
frame_000452_clip,-1.0,10.134,169.9518,0.1284,180.2743,239,45.68, -> playing organ (45.7%)
frame_000453_clip,-1.0,9.6363,170.4685,0.1575,180.3106,91,95.15, -> dining (95.1%)
frame_000454_clip,-1.0,10.5803,157.8846,0.1517,168.6856,134,37.13, -> front raises (37.1%)
frame_000455_clip,-1.0,9.7453,156.5818,0.1321,166.5211,91,22.51, -> dining (22.5%)
frame_000456_clip,-1.0,12.7132,162.9951,0.1318,175.9009,275,11.56, -> riding unicycle (11.6%)
frame_000457_clip,-1.0,10.0785,168.4701,0.1331,178.7443,134,23.51, -> front raises (23.5%)
frame_000458_clip,-1.0,9.9807,172.8538,0.1324,183.0283,35,81.15, -> brush painting (81.2%)
frame_000459_clip,-1.0,12.3693,155.0044,0.1339,167.5685,224,28.99, -> playing chess (29.0%)
frame_000460_clip,-1.0,9.6119,163.076,0.1469,172.8999,91,39.15, -> dining (39.2%)
frame_000461_clip,-1.0,12.2777,158.3712,0.1286,170.8374,139,42.46, -> getting a tattoo (42.5%)
frame_000462_clip,-1.0,9.6142,164.7022,0.1331,174.5124,187,33.52, -> making jewelry (33.5%)
frame_000463_clip,-1.0,13.6881,164.6302,0.1444,178.5295,327,60.58, -> spray painting (60.6%)
frame_000464_clip,-1.0,12.4469,161.6848,0.1412,174.3377,249,90.25, -> playing ukulele (90.3%)
frame_000465_clip,-1.0,10.2215,162.9106,0.1354,173.3317,223,48.45, -> playing cello (48.5%)
frame_000466_clip,-1.0,10.4474,168.4108,0.1308,179.0491,5,13.32, -> archery (13.3%)
frame_000467_clip,-1.0,10.6853,171.2296,0.1392,182.1179,390,50.83, -> weaving basket (50.8%)
frame_000468_clip,-1.0,12.0653,169.4657,0.1466,181.7505,327,29.31, -> spray painting (29.3%)
frame_000469_clip,-1.0,9.5635,159.1816,0.1324,168.9431,35,26.69, -> brush painting (26.7%)
frame_000470_clip,-1.0,10.0349,159.1352,0.1334,169.3648,35,56.12, -> brush painting (56.1%)
frame_000471_clip,-1.0,9.4607,167.3294,0.1522,177.0091,390,43.59, -> weaving basket (43.6%)
frame_000472_clip,-1.0,10.3296,161.0272,0.1386,171.5604,327,41.33, -> spray painting (41.3%)
frame_000473_clip,-1.0,9.8084,165.1095,0.1375,175.105,91,97.14, -> dining (97.1%)
frame_000474_clip,-1.0,10.0429,165.1321,0.1342,175.372,9,67.84, -> auctioning (67.8%)
frame_000475_clip,-1.0,9.7866,174.1218,0.1433,184.1158,249,99.98, -> playing ukulele (100.0%)
frame_000476_clip,-1.0,9.9201,167.8118,0.149,177.9321,91,99.95, -> dining (100.0%)
frame_000477_clip,-1.0,11.035,168.2724,0.1376,179.506,35,91.61, -> brush painting (91.6%)
frame_000478_clip,-1.0,9.8886,164.0011,0.1283,174.0773,327,38.03, -> spray painting (38.0%)
frame_000479_clip,-1.0,9.6592,172.5703,0.13,182.419,35,29.3, -> brush painting (29.3%)
frame_000480_clip,-1.0,13.8512,163.1108,0.1436,177.1723,365,97.8, -> trimming or shaving beard (97.8%)
frame_000481_clip,-1.0,10.4395,160.2572,0.1586,170.9054,327,50.57, -> spray painting (50.6%)
frame_000482_clip,-1.0,9.7422,161.5409,0.1273,171.47,216,35.91, -> plastering (35.9%)
frame_000483_clip,-1.0,9.8951,170.931,0.1318,181.0185,35,23.36, -> brush painting (23.4%)
frame_000484_clip,-1.0,9.9782,166.419,0.1269,176.5833,35,82.99, -> brush painting (83.0%)
frame_000485_clip,-1.0,11.7726,172.5783,0.1462,184.5623,327,77.5, -> spray painting (77.5%)
frame_000486_clip,-1.0,10.6367,166.6976,0.1309,177.5191,35,93.7, -> brush painting (93.7%)
frame_000487_clip,-1.0,9.8538,177.7499,0.1322,187.7972,35,24.85, -> brush painting (24.9%)
frame_000488_clip,-1.0,12.4603,159.1692,0.1441,171.8471,35,93.85, -> brush painting (93.8%)
frame_000489_clip,-1.0,10.389,163.6468,0.1377,174.2388,35,77.93, -> brush painting (77.9%)
frame_000490_clip,-1.0,9.9646,159.9996,0.1345,170.1619,35,96.16, -> brush painting (96.2%)
frame_000491_clip,-1.0,10.8428,166.0077,0.1339,177.041,187,61.63, -> making jewelry (61.6%)
frame_000492_clip,-1.0,12.5801,168.7467,0.1379,181.5325,35,35.84, -> brush painting (35.8%)
frame_000493_clip,-1.0,11.6366,169.7785,0.1286,181.6041,365,16.9, -> trimming or shaving beard (16.9%)
frame_000494_clip,-1.0,12.6621,168.8763,0.1247,181.71,327,37.05, -> spray painting (37.1%)
frame_000495_clip,-1.0,10.5401,175.6991,0.1287,186.4286,65,8.91, -> cleaning windows (8.9%)
frame_000496_clip,-1.0,10.2615,170.3655,0.1377,180.8266,35,69.2, -> brush painting (69.2%)
frame_000497_clip,-1.0,10.3988,174.4699,0.1322,185.0453,5,30.86, -> archery (30.9%)
frame_000498_clip,-1.0,9.8416,172.4485,0.1296,182.4779,9,65.4, -> auctioning (65.4%)
frame_000499_clip,-1.0,13.4009,172.6456,0.1434,186.2556,35,32.3, -> brush painting (32.3%)
frame_000500_clip,-1.0,12.0537,177.4405,0.1467,189.7051,365,12.99, -> trimming or shaving beard (13.0%)
frame_000501_clip,-1.0,10.799,160.934,0.1364,171.9328,35,83.58, -> brush painting (83.6%)
frame_000502_clip,-1.0,12.7884,153.8124,0.1368,166.8002,35,41.62, -> brush painting (41.6%)
frame_000503_clip,-1.0,12.8956,168.2482,0.1325,181.3373,374,40.67, -> using remote controller (not gaming) (40.7%)
frame_000504_clip,-1.0,12.174,161.9109,0.1361,174.282,333,58.25, -> stretching arm (58.3%)
frame_000505_clip,-1.0,9.5394,169.895,0.133,179.6319,374,79.56, -> using remote controller (not gaming) (79.6%)
frame_000506_clip,-1.0,14.8578,171.3395,0.1313,186.3901,374,94.24, -> using remote controller (not gaming) (94.2%)
frame_000507_clip,-1.0,13.8353,162.2956,0.1351,176.3273,374,93.38, -> using remote controller (not gaming) (93.4%)
frame_000508_clip,-1.0,9.7205,164.559,0.1417,174.4835,12,12.93, -> balloon blowing (12.9%)
frame_000509_clip,-1.0,9.3249,172.4774,0.1396,182.004,365,91.6, -> trimming or shaving beard (91.6%)
frame_000510_clip,-1.0,11.1835,175.6083,0.1331,186.9871,365,55.38, -> trimming or shaving beard (55.4%)
frame_000511_clip,-1.0,9.7686,173.8796,0.1317,183.8431,9,40.43, -> auctioning (40.4%)
frame_000512_clip,-1.0,12.707,176.1765,0.1332,189.0772,216,35.54, -> plastering (35.5%)
frame_000513_clip,-1.0,13.1842,174.0066,0.1457,187.4066,35,56.52, -> brush painting (56.5%)
frame_000514_clip,-1.0,12.3535,165.3516,0.1322,177.9018,35,27.7, -> brush painting (27.7%)
frame_000515_clip,-1.0,9.5939,165.8547,0.1416,175.6484,287,26.02, -> setting table (26.0%)
frame_000516_clip,-1.0,14.5768,169.8863,0.1489,184.682,365,55.82, -> trimming or shaving beard (55.8%)
frame_000517_clip,-1.0,9.9703,168.1473,0.1414,178.3222,333,50.94, -> stretching arm (50.9%)
frame_000518_clip,-1.0,9.7329,173.4121,0.1362,183.3437,374,63.87, -> using remote controller (not gaming) (63.9%)
frame_000519_clip,-1.0,12.669,176.8777,0.1499,189.7633,134,11.59, -> front raises (11.6%)
frame_000520_clip,-1.0,9.9906,167.4618,0.1317,177.6445,134,13.65, -> front raises (13.7%)
frame_000521_clip,-1.0,9.4954,175.2587,0.1299,184.9448,134,27.8, -> front raises (27.8%)
frame_000522_clip,-1.0,9.4114,170.1403,0.1293,179.7411,134,39.0, -> front raises (39.0%)
frame_000523_clip,-1.0,9.0835,169.9506,0.1333,179.229,134,8.51, -> front raises (8.5%)
frame_000524_clip,-1.0,9.7308,171.8316,0.1302,181.7534,134,15.28, -> front raises (15.3%)
frame_000525_clip,-1.0,9.5883,175.5623,0.1319,185.3455,134,17.84, -> front raises (17.8%)
frame_000526_clip,-1.0,9.4968,176.7069,0.1386,186.4056,374,18.13, -> using remote controller (not gaming) (18.1%)
frame_000527_clip,-1.0,9.5636,177.5072,0.1375,187.2685,134,45.1, -> front raises (45.1%)
frame_000528_clip,-1.0,9.8141,172.0379,0.1378,182.0522,134,21.69, -> front raises (21.7%)
frame_000529_clip,-1.0,12.5322,182.3848,0.1467,195.1297,134,31.65, -> front raises (31.6%)
frame_000530_clip,-1.0,9.7557,170.8783,0.1322,180.8264,374,12.74, -> using remote controller (not gaming) (12.7%)
frame_000531_clip,-1.0,10.7803,174.2074,0.1401,185.1836,134,35.55, -> front raises (35.5%)
frame_000532_clip,-1.0,10.9268,172.3984,0.1356,183.5252,365,12.64, -> trimming or shaving beard (12.6%)
frame_000533_clip,-1.0,13.8923,177.1577,0.1303,191.2422,365,13.28, -> trimming or shaving beard (13.3%)
frame_000534_clip,-1.0,10.6268,177.4491,0.1278,188.2532,134,35.59, -> front raises (35.6%)
frame_000535_clip,-1.0,9.8444,173.6902,0.1327,183.7268,134,45.77, -> front raises (45.8%)
frame_000536_clip,-1.0,9.8348,167.2151,0.1326,177.245,134,34.99, -> front raises (35.0%)
frame_000537_clip,-1.0,9.474,174.7783,0.1383,184.4506,134,14.14, -> front raises (14.1%)
frame_000538_clip,-1.0,10.3922,175.461,0.1422,186.041,134,9.5, -> front raises (9.5%)
frame_000539_clip,-1.0,9.5912,172.797,0.1347,182.5892,183,23.08, -> lunge (23.1%)
frame_000540_clip,-1.0,10.1199,177.2044,0.1387,187.5269,183,8.79, -> lunge (8.8%)
frame_000541_clip,-1.0,36.7037,157.5363,0.1498,194.4419,374,53.0, -> using remote controller (not gaming) (53.0%)
frame_000542_clip,-1.0,10.5375,167.5176,0.137,178.2558,333,35.69, -> stretching arm (35.7%)
frame_000543_clip,-1.0,9.7775,163.0411,0.1325,173.0116,333,32.02, -> stretching arm (32.0%)
frame_000544_clip,-1.0,10.0057,161.9965,0.1435,172.222,119,22.25, -> exercising arm (22.3%)
frame_000545_clip,-1.0,9.851,158.271,0.1419,168.3091,119,24.11, -> exercising arm (24.1%)
frame_000546_clip,-1.0,10.0638,158.9491,0.1344,169.2072,333,25.54, -> stretching arm (25.5%)
frame_000547_clip,-1.0,10.4169,167.6844,0.1661,178.3369,333,25.62, -> stretching arm (25.6%)
frame_000548_clip,-1.0,9.4806,166.8683,0.1451,176.5594,119,22.04, -> exercising arm (22.0%)
frame_000549_clip,-1.0,13.3736,157.9329,0.1549,171.5313,119,22.26, -> exercising arm (22.3%)
frame_000550_clip,-1.0,13.3714,161.5061,0.1352,175.0748,333,35.12, -> stretching arm (35.1%)
frame_000551_clip,-1.0,10.3185,158.8597,0.1463,169.3906,90,37.45, -> digging (37.5%)
frame_000552_clip,-1.0,12.2566,163.0317,0.9643,176.2992,119,18.51, -> exercising arm (18.5%)
frame_000553_clip,-1.0,14.0955,166.1895,0.1494,180.4919,183,21.6, -> lunge (21.6%)
frame_000554_clip,-1.0,9.6686,161.2945,0.1456,171.176,224,25.84, -> playing chess (25.8%)
frame_000555_clip,-1.0,10.4816,162.5388,0.1451,173.2215,119,19.78, -> exercising arm (19.8%)
frame_000556_clip,-1.0,9.425,164.9355,0.1481,174.5717,119,26.28, -> exercising arm (26.3%)
frame_000557_clip,-1.0,10.4107,173.3895,0.1441,184.0014,333,33.17, -> stretching arm (33.2%)
frame_000558_clip,-1.0,10.1135,164.9595,0.1482,175.2762,333,33.08, -> stretching arm (33.1%)
frame_000559_clip,-1.0,10.2533,158.7178,0.1477,169.1754,333,33.56, -> stretching arm (33.6%)
frame_000560_clip,-1.0,9.9511,153.6014,0.1318,163.7361,333,26.27, -> stretching arm (26.3%)
frame_000561_clip,-1.0,9.5672,167.5848,0.1637,177.3675,134,34.91, -> front raises (34.9%)
frame_000562_clip,-1.0,12.0078,150.8602,0.1308,163.0511,119,27.97, -> exercising arm (28.0%)
frame_000563_clip,-1.0,12.2431,167.7272,0.1468,180.1708,119,27.04, -> exercising arm (27.0%)
frame_000564_clip,-1.0,10.7069,162.4792,0.1495,173.3963,333,40.79, -> stretching arm (40.8%)
frame_000565_clip,-1.0,12.0469,163.1832,0.1441,175.4276,333,44.3, -> stretching arm (44.3%)
frame_000566_clip,-1.0,9.7476,166.8379,0.1471,176.7898,333,26.5, -> stretching arm (26.5%)
frame_000567_clip,-1.0,10.0404,164.2558,0.1268,174.4741,333,45.39, -> stretching arm (45.4%)
frame_000568_clip,-1.0,9.605,168.0742,0.1274,177.858,391,13.3, -> welding (13.3%)
frame_000569_clip,-1.0,13.5701,167.3986,0.1416,181.1663,333,53.99, -> stretching arm (54.0%)
frame_000570_clip,-1.0,9.7794,162.1234,0.1289,172.0787,333,35.57, -> stretching arm (35.6%)
frame_000571_clip,-1.0,9.4895,168.6161,0.1339,178.2939,333,49.52, -> stretching arm (49.5%)
frame_000572_clip,-1.0,9.6355,176.3625,0.1265,186.1737,333,29.36, -> stretching arm (29.4%)
frame_000573_clip,-1.0,9.4567,174.8324,0.1291,184.4638,333,27.78, -> stretching arm (27.8%)
frame_000574_clip,-1.0,12.456,179.0397,0.1516,191.7081,119,30.88, -> exercising arm (30.9%)
frame_000575_clip,-1.0,12.0763,164.1539,0.144,176.431,333,33.69, -> stretching arm (33.7%)
frame_000576_clip,-1.0,10.454,166.5132,0.1471,177.1685,225,19.01, -> playing clarinet (19.0%)
frame_000577_clip,-1.0,10.5563,163.1162,0.1263,173.8472,333,31.31, -> stretching arm (31.3%)
frame_000578_clip,-1.0,10.5288,169.8967,0.1394,180.6211,333,33.14, -> stretching arm (33.1%)
frame_000579_clip,-1.0,10.237,171.3223,0.1245,181.7365,374,46.41, -> using remote controller (not gaming) (46.4%)
frame_000580_clip,-1.0,10.5494,176.0091,0.1307,186.7413,374,51.7, -> using remote controller (not gaming) (51.7%)
frame_000581_clip,-1.0,10.0113,172.9353,0.1296,183.1258,35,88.17, -> brush painting (88.2%)
frame_000582_clip,-1.0,9.5436,176.2592,0.1317,185.983,139,65.52, -> getting a tattoo (65.5%)
frame_000583_clip,-1.0,11.0332,173.9434,0.1321,185.1575,5,98.58, -> archery (98.6%)
frame_000584_clip,-1.0,12.1594,164.3316,0.1334,176.6796,374,36.01, -> using remote controller (not gaming) (36.0%)
frame_000585_clip,-1.0,9.8849,168.4772,0.1406,178.5569,391,43.15, -> welding (43.1%)
frame_000586_clip,-1.0,9.7105,174.5609,0.1294,184.4485,9,25.61, -> auctioning (25.6%)
frame_000587_clip,-1.0,10.1395,173.9257,0.1317,184.2498,365,67.41, -> trimming or shaving beard (67.4%)
frame_000588_clip,-1.0,10.1991,170.3603,0.1431,180.7588,115,67.49, -> eating ice cream (67.5%)
frame_000589_clip,-1.0,10.489,165.7139,0.1339,176.3904,327,75.9, -> spray painting (75.9%)
frame_000590_clip,-1.0,11.1111,171.769,0.129,183.0608,327,56.03, -> spray painting (56.0%)
frame_000591_clip,-1.0,9.6701,170.4817,0.1352,180.334,145,53.2, -> grooming dog (53.2%)
frame_000592_clip,-1.0,10.2179,167.0401,0.1285,177.4403,139,87.89, -> getting a tattoo (87.9%)
frame_000593_clip,-1.0,13.1241,167.7033,0.1274,181.0093,374,78.12, -> using remote controller (not gaming) (78.1%)
frame_000594_clip,-1.0,12.6,173.6226,0.1315,186.4084,352,16.88, -> tasting beer (16.9%)
frame_000595_clip,-1.0,10.1192,169.7914,0.1269,180.0884,377,92.15, -> waiting in line (92.1%)
frame_000596_clip,-1.0,9.9146,173.9098,0.131,184.0053,328,38.55, -> spraying (38.6%)
frame_000597_clip,-1.0,9.6205,172.493,0.1289,182.2902,192,61.62, -> marching (61.6%)
frame_000598_clip,-1.0,10.2713,169.7901,0.1264,180.2349,187,71.46, -> making jewelry (71.5%)
frame_000599_clip,-1.0,14.0374,170.1845,0.1399,184.4272,369,98.72, -> tying knot (not on a tie) (98.7%)
frame_000600_clip,-1.0,9.8943,173.818,0.1278,183.8919,352,77.94, -> tasting beer (77.9%)
frame_000601_clip,-1.0,9.65,174.648,0.1275,184.4772,242,30.11, -> playing poker (30.1%)
frame_000602_clip,-1.0,10.6444,174.608,0.1503,185.461,242,97.06, -> playing poker (97.1%)
frame_000603_clip,-1.0,10.5436,164.2573,0.1306,174.9792,352,50.47, -> tasting beer (50.5%)
frame_000604_clip,-1.0,9.7968,168.8241,0.1319,178.8163,101,47.44, -> drinking beer (47.4%)
frame_000605_clip,-1.0,9.8307,173.3672,0.1329,183.3799,91,61.4, -> dining (61.4%)
frame_000606_clip,-1.0,9.4449,175.6711,0.1469,185.3224,222,53.14, -> playing cards (53.1%)
frame_000607_clip,-1.0,13.1268,165.2594,0.1287,178.5666,239,38.05, -> playing organ (38.0%)
frame_000608_clip,-1.0,9.5806,173.6798,0.1268,183.4366,269,46.32, -> riding elephant (46.3%)
frame_000609_clip,-1.0,9.8984,170.297,0.1262,180.3691,9,15.26, -> auctioning (15.3%)
frame_000610_clip,-1.0,14.4382,182.0605,0.1429,196.7038,91,82.5, -> dining (82.5%)
frame_000611_clip,-1.0,14.9422,176.6808,0.1447,191.8246,352,86.04, -> tasting beer (86.0%)
frame_000612_clip,-1.0,10.4628,168.8086,0.1383,179.4624,352,82.75, -> tasting beer (82.7%)
frame_000613_clip,-1.0,11.4886,167.3381,0.1262,179.0001,365,28.83, -> trimming or shaving beard (28.8%)
frame_000614_clip,-1.0,12.5093,174.4248,0.1427,187.1344,287,51.6, -> setting table (51.6%)
frame_000615_clip,-1.0,10.2199,165.4177,0.1242,175.8119,242,82.46, -> playing poker (82.5%)
frame_000616_clip,-1.0,10.9073,171.6903,0.1233,182.7706,222,35.57, -> playing cards (35.6%)
frame_000617_clip,-1.0,13.5713,174.5334,0.144,188.3052,89,45.14, -> decorating the christmas tree (45.1%)
frame_000618_clip,-1.0,15.5752,178.9099,0.1405,194.681,9,16.97, -> auctioning (17.0%)
frame_000619_clip,-1.0,10.9329,179.1212,0.1458,190.2685,7,31.1, -> arranging flowers (31.1%)
frame_000620_clip,-1.0,10.0235,169.3977,0.1314,179.6051,222,73.39, -> playing cards (73.4%)
frame_000621_clip,-1.0,10.0985,171.7912,0.1292,182.0727,222,93.26, -> playing cards (93.3%)
frame_000622_clip,-1.0,10.0112,174.6596,0.1371,184.8611,131,17.69, -> folding clothes (17.7%)
frame_000623_clip,-1.0,10.1893,175.5497,0.1276,185.9165,222,29.48, -> playing cards (29.5%)
frame_000624_clip,-1.0,14.2213,166.2331,0.1359,180.641,131,32.91, -> folding clothes (32.9%)
frame_000625_clip,-1.0,9.8215,175.1824,0.1291,185.1851,131,70.28, -> folding clothes (70.3%)
frame_000626_clip,-1.0,10.8528,172.916,0.1322,183.9558,131,45.35, -> folding clothes (45.3%)
frame_000627_clip,-1.0,15.5027,143.8198,0.1418,159.5208,222,44.78, -> playing cards (44.8%)
frame_000628_clip,-1.0,13.4127,163.2008,0.1283,176.7938,327,24.97, -> spray painting (25.0%)
frame_000629_clip,-1.0,13.8117,176.0839,0.1407,190.0933,222,75.55, -> playing cards (75.6%)
frame_000630_clip,-1.0,10.2409,167.9772,0.1386,178.4101,222,99.81, -> playing cards (99.8%)
frame_000631_clip,-1.0,14.2226,170.233,0.1333,184.648,390,33.82, -> weaving basket (33.8%)
frame_000632_clip,-1.0,9.8275,166.8977,0.1272,176.9032,222,90.75, -> playing cards (90.8%)
frame_000633_clip,-1.0,9.3754,170.9659,0.1346,180.5243,39,86.74, -> building shed (86.7%)
frame_000634_clip,-1.0,9.4781,163.1105,0.1294,172.772,374,55.71, -> using remote controller (not gaming) (55.7%)
frame_000635_clip,-1.0,9.3819,162.0373,0.1346,171.6095,91,53.68, -> dining (53.7%)
frame_000636_clip,-1.0,9.4192,165.2092,0.1345,174.8156,374,68.37, -> using remote controller (not gaming) (68.4%)
frame_000637_clip,-1.0,9.2425,161.7442,0.1273,171.1655,374,68.77, -> using remote controller (not gaming) (68.8%)
frame_000638_clip,-1.0,11.7671,168.5498,0.1324,180.5042,365,26.12, -> trimming or shaving beard (26.1%)
frame_000639_clip,-1.0,10.7364,167.3676,0.1303,178.2844,374,66.24, -> using remote controller (not gaming) (66.2%)
frame_000640_clip,-1.0,9.5364,171.5608,0.1304,181.2746,219,67.02, -> playing bagpipes (67.0%)
frame_000641_clip,-1.0,9.3216,169.5893,0.1374,179.102,365,34.63, -> trimming or shaving beard (34.6%)
frame_000642_clip,-1.0,11.7392,159.8914,0.1351,171.8139,35,83.29, -> brush painting (83.3%)
frame_000643_clip,-1.0,9.4911,166.3265,0.1647,176.0437,390,68.95, -> weaving basket (68.9%)
frame_000644_clip,-1.0,9.4503,170.1314,0.1332,179.7673,226,23.35, -> playing controller (23.3%)
frame_000645_clip,-1.0,9.3371,169.7649,0.1273,179.2802,327,83.01, -> spray painting (83.0%)
frame_000646_clip,-1.0,9.6302,172.8025,0.1287,182.6125,35,32.66, -> brush painting (32.7%)
frame_000647_clip,-1.0,9.7226,171.1606,0.1261,181.06,35,32.83, -> brush painting (32.8%)
frame_000648_clip,-1.0,10.2011,177.4475,0.1352,187.8365,5,69.98, -> archery (70.0%)
frame_000649_clip,-1.0,9.333,172.4676,0.1365,181.9894,374,98.15, -> using remote controller (not gaming) (98.1%)
frame_000650_clip,-1.0,13.9051,171.2835,0.133,185.3705,374,99.28, -> using remote controller (not gaming) (99.3%)
frame_000651_clip,-1.0,11.0974,169.6914,0.1429,180.9874,365,52.75, -> trimming or shaving beard (52.7%)
frame_000652_clip,-1.0,9.8146,166.1675,0.1266,176.1611,374,66.72, -> using remote controller (not gaming) (66.7%)
frame_000653_clip,-1.0,9.9562,169.0964,0.1272,179.2317,365,28.03, -> trimming or shaving beard (28.0%)
frame_000654_clip,-1.0,9.7286,171.3189,0.1342,181.2367,5,27.24, -> archery (27.2%)
frame_000655_clip,-1.0,9.995,175.0613,0.1482,185.2559,356,93.56, -> throwing axe (93.6%)
frame_000656_clip,-1.0,10.9877,158.3101,0.144,169.5039,5,99.98, -> archery (100.0%)
frame_000657_clip,-1.0,9.7194,168.7735,0.1322,178.6812,365,59.37, -> trimming or shaving beard (59.4%)
frame_000658_clip,-1.0,9.4354,166.7797,0.1413,176.4088,365,70.16, -> trimming or shaving beard (70.2%)
frame_000659_clip,-1.0,9.4013,169.2146,0.1339,178.8037,9,16.26, -> auctioning (16.3%)
frame_000660_clip,-1.0,9.6037,170.0802,0.131,179.863,374,27.74, -> using remote controller (not gaming) (27.7%)
frame_000661_clip,-1.0,9.7066,169.6123,0.1476,179.5207,328,75.41, -> spraying (75.4%)
frame_000662_clip,-1.0,10.5123,168.3788,0.1313,179.077,328,27.34, -> spraying (27.3%)
frame_000663_clip,-1.0,10.0509,169.919,0.1336,180.1569,192,91.32, -> marching (91.3%)
frame_000664_clip,-1.0,9.597,162.1047,0.1307,171.8866,192,8.98, -> marching (9.0%)
frame_000665_clip,-1.0,9.7587,166.5133,0.1329,176.4517,365,66.95, -> trimming or shaving beard (67.0%)
frame_000666_clip,-1.0,10.0062,168.7265,0.1455,178.9327,249,72.1, -> playing ukulele (72.1%)
frame_000667_clip,-1.0,9.6287,162.4951,0.1315,172.3089,202,31.46, -> news anchoring (31.5%)
frame_000668_clip,-1.0,9.8549,163.9095,0.1331,173.9492,390,30.35, -> weaving basket (30.4%)
frame_000669_clip,-1.0,9.7023,167.3125,0.1294,177.1949,9,41.18, -> auctioning (41.2%)
frame_000670_clip,-1.0,9.8729,168.1208,0.1286,178.176,222,86.83, -> playing cards (86.8%)
frame_000671_clip,-1.0,13.0664,175.9596,0.1448,189.2276,374,55.06, -> using remote controller (not gaming) (55.1%)
frame_000672_clip,-1.0,10.0242,168.6255,0.1498,178.8558,369,90.48, -> tying knot (not on a tie) (90.5%)
frame_000673_clip,-1.0,10.3244,167.7577,0.1444,178.2816,365,38.57, -> trimming or shaving beard (38.6%)
frame_000674_clip,-1.0,9.5682,158.1801,0.131,167.9315,145,39.46, -> grooming dog (39.5%)
frame_000675_clip,-1.0,9.6024,163.8017,0.1336,173.6002,91,90.84, -> dining (90.8%)
frame_000676_clip,-1.0,13.0785,161.8605,0.1371,175.131,91,64.39, -> dining (64.4%)
frame_000677_clip,-1.0,10.0907,171.7282,0.1382,182.0076,328,39.44, -> spraying (39.4%)
frame_000678_clip,-1.0,10.3173,160.0179,0.134,170.5227,390,84.38, -> weaving basket (84.4%)
frame_000679_clip,-1.0,9.9716,173.2834,0.1353,183.4385,91,97.89, -> dining (97.9%)
frame_000680_clip,-1.0,9.7865,172.3057,0.1285,182.2728,91,63.5, -> dining (63.5%)
frame_000681_clip,-1.0,10.2933,175.4459,0.1299,185.9186,91,85.58, -> dining (85.6%)
frame_000682_clip,-1.0,9.7416,176.2904,0.1311,186.213,390,99.3, -> weaving basket (99.3%)
frame_000683_clip,-1.0,9.6611,172.3126,0.1289,182.1493,242,52.94, -> playing poker (52.9%)
frame_000684_clip,-1.0,9.835,170.5669,0.1336,180.5864,390,63.87, -> weaving basket (63.9%)
frame_000685_clip,-1.0,9.4248,172.4996,0.1287,182.1061,242,70.44, -> playing poker (70.4%)
frame_000686_clip,-1.0,9.7395,174.8632,0.1393,184.8061,370,9.97, -> tying tie (10.0%)
frame_000687_clip,-1.0,12.4876,176.3313,0.1319,189.0024,222,12.21, -> playing cards (12.2%)
frame_000688_clip,-1.0,13.288,167.8427,0.1376,181.3178,240,41.36, -> playing paintball (41.4%)
frame_000689_clip,-1.0,11.0174,171.4483,0.1314,182.6486,9,17.69, -> auctioning (17.7%)
frame_000690_clip,-1.0,11.5539,178.0295,0.134,189.7678,54,10.9, -> checking tires (10.9%)
frame_000691_clip,-1.0,10.7449,170.6218,0.1342,181.5514,222,11.84, -> playing cards (11.8%)
frame_000692_clip,-1.0,9.542,172.6912,0.1448,182.4289,222,49.4, -> playing cards (49.4%)
frame_000693_clip,-1.0,10.9068,166.3832,0.1348,177.4765,365,27.62, -> trimming or shaving beard (27.6%)
frame_000694_clip,-1.0,11.8802,173.5488,0.1417,185.6355,192,88.2, -> marching (88.2%)
frame_000695_clip,-1.0,9.8965,176.0038,0.1483,186.1158,91,91.69, -> dining (91.7%)
frame_000696_clip,-1.0,9.7082,172.7212,0.1519,182.6487,365,45.47, -> trimming or shaving beard (45.5%)
frame_000697_clip,-1.0,12.4131,170.119,0.1483,182.7487,365,26.67, -> trimming or shaving beard (26.7%)
frame_000698_clip,-1.0,10.1133,166.7096,0.1354,177.0215,192,31.07, -> marching (31.1%)
frame_000699_clip,-1.0,10.4444,174.6261,0.138,185.2701,5,72.87, -> archery (72.9%)
frame_000700_clip,-1.0,11.9006,174.6368,0.1339,186.7355,374,78.36, -> using remote controller (not gaming) (78.4%)
frame_000701_clip,-1.0,10.615,172.649,0.1411,183.469,222,46.4, -> playing cards (46.4%)
frame_000702_clip,-1.0,9.7829,172.0204,0.1364,182.0024,192,53.93, -> marching (53.9%)
frame_000703_clip,-1.0,9.5112,168.4289,0.1316,178.1307,231,91.62, -> playing flute (91.6%)
frame_000704_clip,-1.0,9.2768,170.2235,0.1323,179.6981,87,37.27, -> dancing macarena (37.3%)
frame_000705_clip,-1.0,11.2744,166.6857,0.1346,178.1555,91,99.33, -> dining (99.3%)
frame_000706_clip,-1.0,16.0909,178.5958,0.1485,194.903,92,53.1, -> disc golfing (53.1%)
frame_000707_clip,-1.0,10.8613,183.0418,0.1448,194.1139,134,22.74, -> front raises (22.7%)
frame_000708_clip,-1.0,9.5072,173.0848,0.133,182.7866,224,93.97, -> playing chess (94.0%)
frame_000709_clip,-1.0,9.7876,177.7421,0.135,187.7312,216,83.96, -> plastering (84.0%)
frame_000710_clip,-1.0,15.5297,173.7118,0.1324,189.4247,390,27.6, -> weaving basket (27.6%)
frame_000711_clip,-1.0,9.3815,173.2773,0.1324,182.8439,258,13.21, -> punching bag (13.2%)
frame_000712_clip,-1.0,9.2063,173.1221,0.1316,182.5069,216,50.66, -> plastering (50.7%)
frame_000713_clip,-1.0,9.6914,171.0257,0.1323,180.9004,224,98.81, -> playing chess (98.8%)
frame_000714_clip,-1.0,12.6892,178.5364,0.1445,191.4281,224,96.82, -> playing chess (96.8%)
frame_000715_clip,-1.0,10.6588,179.1133,0.1445,189.9742,377,39.83, -> waiting in line (39.8%)
frame_000716_clip,-1.0,10.6007,173.3853,0.3921,184.4296,258,28.64, -> punching bag (28.6%)
frame_000717_clip,-1.0,10.0111,169.6909,0.1318,179.8831,91,95.16, -> dining (95.2%)
frame_000718_clip,-1.0,9.8559,172.9688,0.1311,183.0055,58,79.74, -> clay pottery making (79.7%)
frame_000719_clip,-1.0,10.0003,175.6996,0.1831,185.9297,200,43.21, -> moving furniture (43.2%)
frame_000720_clip,-1.0,9.7645,171.1951,0.1302,181.1429,200,52.62, -> moving furniture (52.6%)
frame_000721_clip,-1.0,13.6823,175.5758,0.1339,189.4482,365,40.01, -> trimming or shaving beard (40.0%)
frame_000722_clip,-1.0,9.4684,174.7027,0.1302,184.3489,58,97.96, -> clay pottery making (98.0%)
frame_000723_clip,-1.0,10.7745,174.3592,0.129,185.3147,224,32.89, -> playing chess (32.9%)
frame_000724_clip,-1.0,12.6662,182.5668,0.1452,195.4313,165,42.46, -> ironing (42.5%)
frame_000725_clip,-1.0,10.7027,169.7493,0.1332,180.6365,200,59.95, -> moving furniture (59.9%)
frame_000726_clip,-1.0,12.9556,174.0712,0.1453,187.2254,38,99.78, -> building cabinet (99.8%)
frame_000727_clip,-1.0,10.2053,174.6758,0.1449,185.0807,365,53.56, -> trimming or shaving beard (53.6%)
frame_000728_clip,-1.0,12.1944,165.2467,0.133,177.6243,345,42.32, -> sword fighting (42.3%)
frame_000729_clip,-1.0,10.366,168.8725,0.1317,179.4193,58,82.46, -> clay pottery making (82.5%)
frame_000730_clip,-1.0,9.7941,177.2064,0.1321,187.1822,91,86.24, -> dining (86.2%)
frame_000731_clip,-1.0,11.6634,171.5572,0.1367,183.4075,192,66.14, -> marching (66.1%)
frame_000732_clip,-1.0,9.6308,170.338,0.1326,180.1516,138,72.78, -> getting a haircut (72.8%)
frame_000733_clip,-1.0,9.7723,174.7505,0.135,184.7283,365,94.24, -> trimming or shaving beard (94.2%)
frame_000734_clip,-1.0,12.4841,175.7735,0.1429,188.4694,58,83.51, -> clay pottery making (83.5%)
frame_000735_clip,-1.0,10.0309,167.6849,0.1329,177.9132,374,6.02, -> using remote controller (not gaming) (6.0%)
frame_000736_clip,-1.0,9.3483,170.3007,0.1395,179.852,96,36.01, -> doing laundry (36.0%)
frame_000737_clip,-1.0,13.5626,162.0418,0.1475,175.82,281,10.06, -> running on treadmill (10.1%)
frame_000738_clip,-1.0,13.614,169.8583,0.1347,183.6651,29,16.27, -> bookbinding (16.3%)
frame_000739_clip,-1.0,9.4796,172.6534,0.1333,182.3265,327,40.38, -> spray painting (40.4%)
frame_000740_clip,-1.0,16.0636,175.5039,0.1466,191.7816,284,87.25, -> sanding floor (87.3%)
frame_000741_clip,-1.0,9.4179,166.2047,0.1358,175.8218,275,43.02, -> riding unicycle (43.0%)
frame_000742_clip,-1.0,10.3243,170.7018,0.1343,181.2248,284,47.95, -> sanding floor (47.9%)
frame_000743_clip,-1.0,11.9324,180.1117,0.1476,192.2592,29,34.57, -> bookbinding (34.6%)
frame_000744_clip,-1.0,10.131,171.6796,0.131,182.002,281,25.25, -> running on treadmill (25.3%)
frame_000745_clip,-1.0,9.9425,173.0571,0.136,183.2115,60,67.72, -> cleaning floor (67.7%)
frame_000746_clip,-1.0,11.0005,173.0011,0.1364,184.202,284,86.92, -> sanding floor (86.9%)
frame_000747_clip,-1.0,13.8823,172.4956,0.1324,186.5719,258,37.77, -> punching bag (37.8%)
frame_000748_clip,-1.0,9.2148,170.9304,0.1351,180.334,91,96.95, -> dining (97.0%)
frame_000749_clip,-1.0,10.4662,171.3871,0.1414,182.0584,375,16.85, -> using segway (16.8%)
frame_000750_clip,-1.0,9.8789,170.5327,0.1347,180.6068,375,13.34, -> using segway (13.3%)
frame_000751_clip,-1.0,9.746,170.4442,0.4331,180.6742,91,9.26, -> dining (9.3%)
frame_000752_clip,-1.0,9.5613,167.2393,0.132,176.9937,91,62.16, -> dining (62.2%)
frame_000753_clip,-1.0,13.0901,170.6853,0.1322,183.9685,91,25.27, -> dining (25.3%)
frame_000754_clip,-1.0,9.6526,172.0898,0.1443,181.9509,58,73.84, -> clay pottery making (73.8%)
frame_000755_clip,-1.0,9.5706,167.9011,0.1319,177.6582,327,40.92, -> spray painting (40.9%)
frame_000756_clip,-1.0,9.2469,168.8177,0.1362,178.2535,29,52.8, -> bookbinding (52.8%)
frame_000757_clip,-1.0,9.93,170.8785,0.1377,181.0005,227,95.85, -> playing cricket (95.8%)
frame_000758_clip,-1.0,13.3632,138.9384,0.1444,152.5031,284,13.97, -> sanding floor (14.0%)
frame_000759_clip,-1.0,13.0867,168.0913,0.1336,181.3737,200,60.6, -> moving furniture (60.6%)
frame_000760_clip,-1.0,11.64,163.3286,0.1473,175.1851,200,19.46, -> moving furniture (19.5%)
frame_000761_clip,-1.0,12.2962,173.2166,0.1344,185.71,356,49.05, -> throwing axe (49.1%)
frame_000762_clip,-1.0,12.8429,142.2838,0.1345,155.3243,374,14.16, -> using remote controller (not gaming) (14.2%)
frame_000763_clip,-1.0,10.4751,175.1899,0.1323,185.8585,91,10.7, -> dining (10.7%)
frame_000764_clip,-1.0,11.6489,141.7838,0.1338,153.6285,374,43.7, -> using remote controller (not gaming) (43.7%)
frame_000765_clip,-1.0,10.1123,180.6947,0.1458,191.007,200,9.62, -> moving furniture (9.6%)
frame_000766_clip,-1.0,9.2847,166.3725,0.1307,175.8383,91,33.57, -> dining (33.6%)
frame_000767_clip,-1.0,9.293,172.8271,0.1319,182.3035,91,37.74, -> dining (37.7%)
frame_000768_clip,-1.0,9.2416,174.0185,0.1294,183.4365,356,17.58, -> throwing axe (17.6%)
frame_000769_clip,-1.0,9.8384,175.9207,0.1273,185.9369,91,35.27, -> dining (35.3%)
frame_000770_clip,-1.0,15.4435,177.0676,0.1422,192.7108,91,46.49, -> dining (46.5%)
frame_000771_clip,-1.0,9.9547,171.7398,0.1322,181.8775,5,18.1, -> archery (18.1%)
frame_000772_clip,-1.0,9.1969,169.9629,0.1387,179.3521,5,12.82, -> archery (12.8%)
frame_000773_clip,-1.0,10.2083,169.7846,0.1333,180.1764,349,9.3, -> tap dancing (9.3%)
frame_000774_clip,-1.0,9.7475,172.9015,0.146,182.8472,365,7.03, -> trimming or shaving beard (7.0%)
frame_000775_clip,-1.0,9.4904,176.3888,0.1411,186.0682,138,18.11, -> getting a haircut (18.1%)
frame_000776_clip,-1.0,9.6193,176.4934,0.1311,186.294,5,97.79, -> archery (97.8%)
frame_000777_clip,-1.0,9.5049,177.6211,0.1301,187.3063,258,91.68, -> punching bag (91.7%)
frame_000778_clip,-1.0,9.7753,175.807,0.1323,185.7649,332,12.46, -> stomping grapes (12.5%)
frame_000779_clip,-1.0,9.6049,174.207,0.1267,183.9853,200,12.87, -> moving furniture (12.9%)
frame_000780_clip,-1.0,10.9142,170.6529,0.1337,181.764,333,21.89, -> stretching arm (21.9%)
frame_000781_clip,-1.0,9.6419,169.6606,0.132,179.4979,200,21.2, -> moving furniture (21.2%)
frame_000782_clip,-1.0,10.4439,168.5244,0.134,179.1662,333,58.62, -> stretching arm (58.6%)
frame_000783_clip,-1.0,12.0212,172.2568,0.1466,184.4938,200,21.63, -> moving furniture (21.6%)
frame_000784_clip,-1.0,9.9937,173.5723,0.1345,183.7633,200,37.46, -> moving furniture (37.5%)
frame_000785_clip,-1.0,9.5335,173.9416,0.1305,183.6562,61,59.67, -> cleaning gutters (59.7%)
frame_000786_clip,-1.0,10.7407,175.0272,0.1331,185.9519,11,88.59, -> baking cookies (88.6%)
frame_000787_clip,-1.0,11.3994,177.4915,0.1484,189.1063,58,45.69, -> clay pottery making (45.7%)
frame_000788_clip,-1.0,10.0086,168.1456,0.1331,178.3526,91,31.41, -> dining (31.4%)
frame_000789_clip,-1.0,9.8266,174.0909,0.1318,184.1079,332,81.6, -> stomping grapes (81.6%)
frame_000790_clip,-1.0,12.2788,172.7795,0.1482,185.2755,29,5.85, -> bookbinding (5.8%)
frame_000791_clip,-1.0,10.745,182.9615,0.1467,193.9205,58,91.66, -> clay pottery making (91.7%)
frame_000792_clip,-1.0,10.3945,166.0615,0.1338,176.652,332,27.53, -> stomping grapes (27.5%)
frame_000793_clip,-1.0,14.36,166.9999,0.1332,181.5451,303,65.38, -> sign language interpreting (65.4%)
frame_000794_clip,-1.0,16.2879,175.345,0.1337,191.8186,216,8.15, -> plastering (8.2%)
frame_000795_clip,-1.0,10.4558,173.3164,0.1298,183.9521,327,41.78, -> spray painting (41.8%)
frame_000796_clip,-1.0,9.9917,173.666,0.1367,183.8477,355,15.65, -> texting (15.6%)
frame_000797_clip,-1.0,12.9597,166.1315,0.1485,179.3078,200,11.27, -> moving furniture (11.3%)
frame_000798_clip,-1.0,12.1893,172.0861,0.1334,184.458,58,62.99, -> clay pottery making (63.0%)
frame_000799_clip,-1.0,9.8571,179.026,0.1364,189.0816,216,32.99, -> plastering (33.0%)
frame_000800_clip,-1.0,13.7707,138.5711,0.1354,152.5434,327,56.16, -> spray painting (56.2%)
frame_000801_clip,-1.0,13.6658,168.5211,0.1333,182.3831,216,41.36, -> plastering (41.4%)
frame_000802_clip,-1.0,15.2814,176.0972,0.1588,191.6038,361,38.25, -> tossing coin (38.2%)
frame_000803_clip,-1.0,9.493,167.2458,0.133,176.9343,65,98.07, -> cleaning windows (98.1%)
frame_000804_clip,-1.0,9.4106,172.3105,0.1303,181.9134,62,37.3, -> cleaning pool (37.3%)
frame_000805_clip,-1.0,13.9809,174.9612,0.1497,189.1594,327,97.12, -> spray painting (97.1%)
frame_000806_clip,-1.0,12.5614,168.7364,0.134,181.495,65,88.45, -> cleaning windows (88.4%)
frame_000807_clip,-1.0,10.0025,172.4874,0.1394,182.6823,65,99.66, -> cleaning windows (99.7%)
frame_000808_clip,-1.0,9.7414,170.8369,0.1321,180.771,65,96.9, -> cleaning windows (96.9%)
frame_000809_clip,-1.0,10.0329,175.5528,0.1311,185.7771,327,96.65, -> spray painting (96.7%)
frame_000810_clip,-1.0,9.6914,171.9279,0.1279,181.7953,165,98.08, -> ironing (98.1%)
frame_000811_clip,-1.0,13.5929,176.5881,0.1314,190.3638,35,57.06, -> brush painting (57.1%)
frame_000812_clip,-1.0,13.7612,178.4325,0.1448,192.3926,303,86.83, -> sign language interpreting (86.8%)
frame_000813_clip,-1.0,9.6244,170.41,0.1313,180.2178,222,26.11, -> playing cards (26.1%)
frame_000814_clip,-1.0,9.6242,173.9977,0.1303,183.7993,275,35.51, -> riding unicycle (35.5%)
frame_000815_clip,-1.0,16.3161,177.187,0.1438,193.7039,91,44.93, -> dining (44.9%)
frame_000816_clip,-1.0,13.2795,176.3281,0.146,189.8084,89,57.19, -> decorating the christmas tree (57.2%)
frame_000817_clip,-1.0,11.7889,163.5611,0.135,175.5375,302,14.13, -> side kick (14.1%)
frame_000818_clip,-1.0,9.8645,173.2699,0.1298,183.3116,275,94.24, -> riding unicycle (94.2%)
frame_000819_clip,-1.0,9.5725,176.5023,0.1272,186.2535,275,36.46, -> riding unicycle (36.5%)
frame_000820_clip,-1.0,10.0377,172.2303,0.1323,182.4478,224,52.62, -> playing chess (52.6%)
frame_000821_clip,-1.0,12.8104,176.2694,0.3613,189.4939,134,62.94, -> front raises (62.9%)
frame_000822_clip,-1.0,10.8555,172.1247,0.1304,183.163,134,28.41, -> front raises (28.4%)
frame_000823_clip,-1.0,10.9903,173.9539,0.1301,185.1261,255,45.14, -> pull ups (45.1%)
frame_000824_clip,-1.0,12.1228,170.9169,0.1326,183.2281,239,95.27, -> playing organ (95.3%)
frame_000825_clip,-1.0,13.2532,175.9984,0.1309,189.4351,38,49.31, -> building cabinet (49.3%)
frame_000826_clip,-1.0,13.8327,183.3218,0.1478,197.3708,365,71.04, -> trimming or shaving beard (71.0%)
frame_000827_clip,-1.0,10.0579,173.086,0.1358,183.3425,91,53.26, -> dining (53.3%)
frame_000828_clip,-1.0,9.7856,177.3373,0.1372,187.3224,330,17.99, -> squat (18.0%)
frame_000829_clip,-1.0,10.3669,177.5586,0.1329,188.1194,65,56.09, -> cleaning windows (56.1%)
frame_000830_clip,-1.0,10.1218,166.5611,0.1351,176.8778,91,34.07, -> dining (34.1%)
frame_000831_clip,-1.0,10.4428,168.6869,0.1596,179.3558,91,66.44, -> dining (66.4%)
frame_000832_clip,-1.0,11.3148,163.8908,0.1344,175.401,139,52.0, -> getting a tattoo (52.0%)
frame_000833_clip,-1.0,10.8039,169.8618,0.1299,180.858,91,28.97, -> dining (29.0%)
frame_000834_clip,-1.0,9.8049,169.911,0.46,180.2265,65,23.63, -> cleaning windows (23.6%)
frame_000835_clip,-1.0,10.2038,170.585,0.1307,180.972,91,25.91, -> dining (25.9%)
frame_000836_clip,-1.0,10.2172,171.1311,0.1293,181.5316,183,22.45, -> lunge (22.5%)
frame_000837_clip,-1.0,9.8542,171.5282,1.5116,182.9496,241,12.98, -> playing piano (13.0%)
frame_000838_clip,-1.0,11.5763,169.9404,0.13,181.6956,266,14.01, -> recording music (14.0%)
frame_000839_clip,-1.0,10.6041,173.8542,0.1316,184.6388,365,28.99, -> trimming or shaving beard (29.0%)
frame_000840_clip,-1.0,9.5483,163.5403,0.1311,173.2727,365,11.57, -> trimming or shaving beard (11.6%)
frame_000841_clip,-1.0,9.7813,170.4629,0.1302,180.4281,91,77.81, -> dining (77.8%)
frame_000842_clip,-1.0,9.5265,172.0969,0.1317,181.8038,226,20.51, -> playing controller (20.5%)
frame_000843_clip,-1.0,9.6189,177.7983,0.1309,187.5959,192,57.86, -> marching (57.9%)
frame_000844_clip,-1.0,9.3591,174.4503,0.1318,183.9973,365,61.65, -> trimming or shaving beard (61.6%)
frame_000845_clip,-1.0,10.122,172.8786,0.1266,183.177,192,39.36, -> marching (39.4%)
frame_000846_clip,-1.0,9.32,175.9445,0.1318,185.4448,114,28.37, -> eating hotdog (28.4%)
frame_000847_clip,-1.0,9.3883,173.2525,0.1293,182.8191,91,69.26, -> dining (69.3%)
frame_000848_clip,-1.0,9.3256,175.1749,0.1315,184.6933,200,3.62, -> moving furniture (3.6%)
frame_000849_clip,-1.0,10.1108,174.857,0.1328,185.1522,292,18.56, -> shaving head (18.6%)
frame_000850_clip,-1.0,9.9638,174.0605,0.1334,184.2186,91,55.13, -> dining (55.1%)
frame_000851_clip,-1.0,13.5282,167.8772,0.1313,181.59,365,33.81, -> trimming or shaving beard (33.8%)
frame_000852_clip,-1.0,9.708,171.4553,0.1302,181.3461,91,99.15, -> dining (99.2%)
frame_000853_clip,-1.0,10.4396,173.3501,0.1322,183.9832,91,44.21, -> dining (44.2%)
frame_000854_clip,-1.0,11.7691,173.5762,0.1452,185.555,65,12.34, -> cleaning windows (12.3%)
frame_000855_clip,-1.0,9.624,161.6264,0.1313,171.4323,242,66.8, -> playing poker (66.8%)
frame_000856_clip,-1.0,9.7887,170.2061,0.1303,180.1784,91,78.18, -> dining (78.2%)
frame_000857_clip,-1.0,9.5517,169.923,0.1319,179.6588,91,75.17, -> dining (75.2%)
frame_000858_clip,-1.0,10.5795,166.9955,0.1322,177.7596,91,28.2, -> dining (28.2%)
frame_000859_clip,-1.0,12.8313,168.827,0.1329,181.8432,240,23.81, -> playing paintball (23.8%)
frame_000860_clip,-1.0,9.708,168.3099,0.1304,178.1986,35,24.13, -> brush painting (24.1%)
frame_000861_clip,-1.0,11.7675,171.5447,0.1436,183.5032,216,75.45, -> plastering (75.4%)
frame_000862_clip,-1.0,9.9028,170.4748,0.1325,180.5622,35,95.58, -> brush painting (95.6%)
frame_000863_clip,-1.0,9.5512,176.4226,0.1309,186.157,200,19.14, -> moving furniture (19.1%)
frame_000864_clip,-1.0,11.4143,174.7114,0.131,186.3071,120,26.39, -> exercising with an exercise ball (26.4%)
frame_000865_clip,-1.0,9.6266,175.004,0.1289,184.8068,365,51.43, -> trimming or shaving beard (51.4%)
frame_000866_clip,-1.0,11.206,174.2879,0.1313,185.6791,35,17.43, -> brush painting (17.4%)
frame_000867_clip,-1.0,9.679,173.6427,0.1315,183.501,365,94.8, -> trimming or shaving beard (94.8%)
frame_000868_clip,-1.0,9.552,185.9148,0.1302,195.6433,376,25.82, -> vault (25.8%)
frame_000869_clip,-1.0,11.5831,170.4873,0.1317,182.2553,365,24.63, -> trimming or shaving beard (24.6%)
frame_000870_clip,-1.0,12.6698,171.8369,0.1319,184.6907,90,75.9, -> digging (75.9%)
frame_000871_clip,-1.0,13.1701,178.7997,0.1314,192.1544,200,14.04, -> moving furniture (14.0%)
frame_000872_clip,-1.0,11.4617,145.4713,0.1318,157.1138,390,75.21, -> weaving basket (75.2%)
frame_000873_clip,-1.0,13.0895,179.0153,0.131,192.289,35,35.33, -> brush painting (35.3%)
frame_000874_clip,-1.0,10.4725,174.1293,0.1435,184.7978,365,96.5, -> trimming or shaving beard (96.5%)
frame_000875_clip,-1.0,9.3557,178.261,0.1294,187.7958,35,27.03, -> brush painting (27.0%)
frame_000876_clip,-1.0,12.3824,169.2458,0.1291,181.8084,38,21.17, -> building cabinet (21.2%)
frame_000877_clip,-1.0,9.9975,170.7925,0.133,180.9834,39,26.87, -> building shed (26.9%)
frame_000878_clip,-1.0,10.2058,172.1248,0.1323,182.5247,254,43.37, -> presenting weather forecast (43.4%)
frame_000879_clip,-1.0,9.5586,165.025,0.1335,174.7697,268,18.21, -> riding camel (18.2%)
frame_000880_clip,-1.0,9.9556,168.1321,0.1306,178.2661,139,64.43, -> getting a tattoo (64.4%)
frame_000881_clip,-1.0,9.2657,168.6031,0.1315,178.0477,91,58.57, -> dining (58.6%)
frame_000882_clip,-1.0,10.7763,162.8187,0.1296,173.7766,91,90.37, -> dining (90.4%)
frame_000883_clip,-1.0,12.8888,176.4249,0.1344,189.499,9,9.97, -> auctioning (10.0%)
frame_000884_clip,-1.0,9.8912,166.6559,0.1339,176.7358,91,11.08, -> dining (11.1%)
frame_000885_clip,-1.0,10.3639,174.668,0.1347,185.2185,365,21.72, -> trimming or shaving beard (21.7%)
frame_000886_clip,-1.0,9.8993,183.0989,0.1319,193.183,306,77.64, -> skateboarding (77.6%)
frame_000887_clip,-1.0,10.5633,177.0583,0.1301,187.7997,306,51.34, -> skateboarding (51.3%)
frame_000888_clip,-1.0,10.0431,175.8782,0.1321,186.105,181,33.96, -> laying bricks (34.0%)
frame_000889_clip,-1.0,10.8012,179.1372,0.1339,190.1256,287,66.43, -> setting table (66.4%)
frame_000890_clip,-1.0,10.1882,174.8715,0.1326,185.2444,216,43.37, -> plastering (43.4%)
frame_000891_clip,-1.0,9.9276,176.271,0.134,186.3852,90,82.46, -> digging (82.5%)
frame_000892_clip,-1.0,12.2051,170.4058,0.1332,182.7962,181,18.29, -> laying bricks (18.3%)
frame_000893_clip,-1.0,10.1912,164.5392,0.1507,174.9333,61,26.36, -> cleaning gutters (26.4%)
frame_000894_clip,-1.0,9.9944,162.8493,0.1304,173.0373,327,43.86, -> spray painting (43.9%)
frame_000895_clip,-1.0,10.4652,169.0182,0.1313,179.6684,222,84.01, -> playing cards (84.0%)
frame_000896_clip,-1.0,9.3545,169.3904,0.1315,178.9265,365,34.54, -> trimming or shaving beard (34.5%)
frame_000897_clip,-1.0,16.632,167.7543,0.1274,184.5641,365,49.36, -> trimming or shaving beard (49.4%)
frame_000898_clip,-1.0,9.2406,171.5513,0.131,180.9761,376,63.37, -> vault (63.4%)
frame_000899_clip,-1.0,10.0206,171.9886,0.1321,182.1944,29,63.89, -> bookbinding (63.9%)
frame_000900_clip,-1.0,15.3084,164.1078,0.1397,179.6194,29,58.44, -> bookbinding (58.4%)
frame_000901_clip,-1.0,9.3917,168.3719,0.1338,177.9614,374,92.72, -> using remote controller (not gaming) (92.7%)
frame_000902_clip,-1.0,10.2742,172.9398,0.1367,183.4169,139,73.35, -> getting a tattoo (73.4%)
frame_000903_clip,-1.0,13.0521,165.2657,0.1362,178.5175,390,44.45, -> weaving basket (44.4%)
frame_000904_clip,-1.0,9.5119,164.8694,0.1482,174.598,241,95.65, -> playing piano (95.6%)
frame_000905_clip,-1.0,11.244,165.4621,0.1485,176.9235,295,44.47, -> shining shoes (44.5%)
frame_000906_clip,-1.0,9.5989,166.1893,0.1325,175.9698,5,92.27, -> archery (92.3%)
frame_000907_clip,-1.0,10.3479,171.8636,0.1296,182.3929,91,69.62, -> dining (69.6%)
frame_000908_clip,-1.0,13.4128,168.8246,0.1441,182.4365,91,53.85, -> dining (53.9%)
frame_000909_clip,-1.0,11.6457,169.6238,0.1298,181.4492,91,83.26, -> dining (83.3%)
frame_000910_clip,-1.0,9.6656,173.5371,0.1318,183.3856,327,18.07, -> spray painting (18.1%)
frame_000911_clip,-1.0,15.2122,176.7154,0.1437,192.1295,374,36.07, -> using remote controller (not gaming) (36.1%)
frame_000912_clip,-1.0,12.6488,165.1323,0.1341,177.9794,377,13.82, -> waiting in line (13.8%)
frame_000913_clip,-1.0,10.077,173.6379,0.1435,183.9206,216,68.43, -> plastering (68.4%)
frame_000914_clip,-1.0,12.5339,167.9473,0.1462,180.6958,328,48.57, -> spraying (48.6%)
frame_000915_clip,-1.0,9.8804,152.813,0.1432,162.8863,65,99.07, -> cleaning windows (99.1%)
frame_000916_clip,-1.0,12.3935,166.1046,0.1371,178.6984,216,91.45, -> plastering (91.5%)
frame_000917_clip,-1.0,9.8804,172.0731,0.1371,182.1529,216,77.21, -> plastering (77.2%)
frame_000918_clip,-1.0,10.4253,172.766,0.1329,183.3775,216,20.84, -> plastering (20.8%)
frame_000919_clip,-1.0,9.6911,173.1322,0.1335,183.0082,216,70.09, -> plastering (70.1%)
frame_000920_clip,-1.0,11.1278,171.9417,0.1325,183.2554,216,86.53, -> plastering (86.5%)
frame_000921_clip,-1.0,9.7458,174.0986,0.1341,184.0308,216,47.26, -> plastering (47.3%)
frame_000922_clip,-1.0,10.4336,173.2653,0.136,183.8991,287,57.22, -> setting table (57.2%)
frame_000923_clip,-1.0,12.4922,170.4486,0.1447,183.1579,398,33.09, -> yoga (33.1%)
frame_000924_clip,-1.0,10.9088,159.1693,0.134,170.2635,200,57.75, -> moving furniture (57.7%)
frame_000925_clip,-1.0,9.4163,167.1178,0.1331,176.7288,200,44.83, -> moving furniture (44.8%)
frame_000926_clip,-1.0,14.8623,170.403,0.131,185.4467,134,92.09, -> front raises (92.1%)
frame_000927_clip,-1.0,9.621,172.5684,0.13,182.3667,35,56.1, -> brush painting (56.1%)
frame_000928_clip,-1.0,10.2353,173.9634,0.132,184.3942,35,33.14, -> brush painting (33.1%)
frame_000929_clip,-1.0,9.3698,173.057,0.1317,182.6207,91,90.34, -> dining (90.3%)
frame_000930_clip,-1.0,10.7026,170.2197,0.1354,181.1205,91,96.42, -> dining (96.4%)
frame_000931_clip,-1.0,9.8031,167.5359,0.1323,177.5326,91,49.51, -> dining (49.5%)
frame_000932_clip,-1.0,9.4953,174.2281,0.1456,183.9314,91,67.47, -> dining (67.5%)
frame_000933_clip,-1.0,9.3896,169.2509,0.1676,178.8601,60,36.34, -> cleaning floor (36.3%)
frame_000934_clip,-1.0,9.9096,172.6553,0.1326,182.7582,60,25.9, -> cleaning floor (25.9%)
frame_000935_clip,-1.0,10.0919,175.1686,0.1357,185.4589,5,35.4, -> archery (35.4%)
frame_000936_clip,-1.0,9.6668,174.8179,0.1308,184.6712,91,98.03, -> dining (98.0%)
frame_000937_clip,-1.0,9.8429,174.192,0.1328,184.2299,91,98.62, -> dining (98.6%)
frame_000938_clip,-1.0,11.7131,168.9999,0.1476,180.9262,271,18.55, -> riding mountain bike (18.5%)
frame_000939_clip,-1.0,9.5073,164.2834,0.1335,173.9779,275,9.03, -> riding unicycle (9.0%)
frame_000940_clip,-1.0,16.3957,168.9937,0.1321,185.5725,91,11.82, -> dining (11.8%)
frame_000941_clip,-1.0,9.7809,174.0819,0.1327,184.045,54,27.64, -> checking tires (27.6%)
frame_000942_clip,-1.0,11.0343,172.2517,0.1332,183.4685,275,57.45, -> riding unicycle (57.4%)
frame_000943_clip,-1.0,9.7792,174.042,0.1331,184.0043,275,82.06, -> riding unicycle (82.1%)
frame_000944_clip,-1.0,12.6681,171.9129,0.1444,184.7925,262,68.11, -> pushing cart (68.1%)
frame_000945_clip,-1.0,9.929,168.9962,0.1336,179.1061,269,36.83, -> riding elephant (36.8%)
frame_000946_clip,-1.0,10.2169,170.8166,0.1305,181.215,65,96.41, -> cleaning windows (96.4%)
frame_000947_clip,-1.0,12.2453,169.1323,0.1465,181.5828,65,39.62, -> cleaning windows (39.6%)
frame_000948_clip,-1.0,12.0444,170.6905,0.1478,182.9417,65,94.27, -> cleaning windows (94.3%)
frame_000949_clip,-1.0,11.4486,160.8326,0.1289,172.4601,65,34.94, -> cleaning windows (34.9%)
frame_000950_clip,-1.0,9.6091,168.7506,0.1429,178.5693,65,81.57, -> cleaning windows (81.6%)
frame_000951_clip,-1.0,9.625,171.1785,0.1321,180.997,287,54.32, -> setting table (54.3%)
frame_000952_clip,-1.0,11.7803,138.8456,0.13,150.8073,192,83.39, -> marching (83.4%)
frame_000953_clip,-1.0,12.5076,168.1634,0.1305,180.855,192,91.55, -> marching (91.5%)
frame_000954_clip,-1.0,15.5323,166.9955,0.1613,182.7477,121,41.65, -> extinguishing fire (41.7%)
frame_000955_clip,-1.0,9.7087,161.5319,0.1347,171.4299,365,31.99, -> trimming or shaving beard (32.0%)
frame_000956_clip,-1.0,10.827,160.764,0.133,171.7734,219,98.71, -> playing bagpipes (98.7%)
frame_000957_clip,-1.0,9.603,168.1527,0.1303,177.9337,90,54.36, -> digging (54.4%)
frame_000958_clip,-1.0,10.7719,171.8487,0.1313,182.8045,275,82.1, -> riding unicycle (82.1%)
frame_000959_clip,-1.0,12.1411,171.1033,0.1414,183.4432,275,32.78, -> riding unicycle (32.8%)
frame_000960_clip,-1.0,13.0397,160.9925,0.1368,174.2238,275,37.82, -> riding unicycle (37.8%)
frame_000961_clip,-1.0,9.2587,165.8185,0.1337,175.2612,275,93.66, -> riding unicycle (93.7%)
frame_000962_clip,-1.0,15.3707,170.5843,0.136,186.1455,103,50.76, -> driving car (50.8%)
frame_000963_clip,-1.0,9.0973,171.266,0.1346,180.5482,275,18.78, -> riding unicycle (18.8%)
frame_000964_clip,-1.0,11.0567,165.897,0.1345,177.138,136,41.1, -> garbage collecting (41.1%)
frame_000965_clip,-1.0,13.4428,174.0245,0.1369,187.6548,103,18.83, -> driving car (18.8%)
frame_000966_clip,-1.0,15.1963,170.5673,0.1336,185.953,61,69.13, -> cleaning gutters (69.1%)
frame_000967_clip,-1.0,9.8358,172.6467,0.1307,182.6677,5,29.45, -> archery (29.5%)
frame_000968_clip,-1.0,11.2783,171.7257,0.1494,183.2097,62,13.38, -> cleaning pool (13.4%)
frame_000969_clip,-1.0,9.5561,159.3794,0.1358,169.1244,61,10.11, -> cleaning gutters (10.1%)
frame_000970_clip,-1.0,10.3143,166.9312,0.13,177.4253,61,24.74, -> cleaning gutters (24.7%)
frame_000971_clip,-1.0,9.5173,171.3178,0.134,181.0212,61,79.61, -> cleaning gutters (79.6%)
frame_000972_clip,-1.0,11.1039,173.9904,0.1407,185.2891,91,76.31, -> dining (76.3%)
frame_000973_clip,-1.0,9.8244,173.8193,0.1335,183.8317,65,41.77, -> cleaning windows (41.8%)
frame_000974_clip,-1.0,9.6093,174.0612,0.1276,183.8513,61,21.68, -> cleaning gutters (21.7%)
frame_000975_clip,-1.0,10.342,169.3668,0.1317,179.8879,287,33.11, -> setting table (33.1%)
frame_000976_clip,-1.0,12.4191,175.3354,0.1309,187.9363,65,96.61, -> cleaning windows (96.6%)
frame_000977_clip,-1.0,9.8959,177.6512,0.1315,187.7294,65,89.88, -> cleaning windows (89.9%)
frame_000978_clip,-1.0,9.5378,175.4601,0.1319,185.1851,275,51.57, -> riding unicycle (51.6%)
frame_000979_clip,-1.0,10.4266,175.5554,0.1339,186.1717,65,97.28, -> cleaning windows (97.3%)
frame_000980_clip,-1.0,9.923,173.3804,0.1271,183.4782,90,34.45, -> digging (34.4%)
frame_000981_clip,-1.0,10.9445,174.6883,0.1305,185.8133,65,36.09, -> cleaning windows (36.1%)
frame_000982_clip,-1.0,10.1507,175.5747,0.1443,185.923,65,45.55, -> cleaning windows (45.5%)
frame_000983_clip,-1.0,9.8085,174.5182,0.1298,184.5095,91,72.23, -> dining (72.2%)
frame_000984_clip,-1.0,11.9462,172.9836,0.1444,185.1274,91,47.65, -> dining (47.7%)
frame_000985_clip,-1.0,11.8497,139.2818,0.1272,151.3124,200,36.05, -> moving furniture (36.1%)
frame_000986_clip,-1.0,14.8192,164.7255,0.1432,179.7451,65,69.7, -> cleaning windows (69.7%)
frame_000987_clip,-1.0,9.7456,169.6595,0.1425,179.6004,275,16.4, -> riding unicycle (16.4%)
frame_000988_clip,-1.0,10.4582,163.0933,0.1436,173.7511,65,24.32, -> cleaning windows (24.3%)
frame_000989_clip,-1.0,9.6939,165.3399,0.1466,175.2333,275,34.84, -> riding unicycle (34.8%)
frame_000990_clip,-1.0,10.823,151.0679,0.1323,162.0849,275,8.43, -> riding unicycle (8.4%)
frame_000991_clip,-1.0,13.8147,161.1177,0.1302,175.1126,275,9.98, -> riding unicycle (10.0%)
frame_000992_clip,-1.0,12.7274,170.5573,0.1291,183.4621,275,21.75, -> riding unicycle (21.7%)
frame_000993_clip,-1.0,13.6623,163.8049,0.1445,177.6704,275,49.31, -> riding unicycle (49.3%)
frame_000994_clip,-1.0,11.8952,162.7298,0.1278,174.8064,275,20.87, -> riding unicycle (20.9%)
frame_000995_clip,-1.0,10.2325,168.6817,0.1321,179.0976,275,12.93, -> riding unicycle (12.9%)
frame_000996_clip,-1.0,9.7088,172.915,0.1326,182.8072,275,34.04, -> riding unicycle (34.0%)
frame_000997_clip,-1.0,10.128,170.9738,0.1317,181.2844,275,28.82, -> riding unicycle (28.8%)
frame_000998_clip,-1.0,15.4115,174.119,0.1462,189.7336,275,27.84, -> riding unicycle (27.8%)
frame_000999_clip,-1.0,10.0772,161.4247,0.1271,171.6829,275,31.49, -> riding unicycle (31.5%)
frame_001000_clip,-1.0,9.749,167.9968,0.1327,177.933,275,28.78, -> riding unicycle (28.8%)
frame_001001_clip,-1.0,13.6533,167.6324,0.1463,181.4891,275,38.55, -> riding unicycle (38.5%)
frame_001002_clip,-1.0,15.4828,175.7183,0.149,191.4078,275,24.97, -> riding unicycle (25.0%)
frame_001003_clip,-1.0,10.2728,164.4238,0.133,174.8814,275,44.93, -> riding unicycle (44.9%)
frame_001004_clip,-1.0,12.2084,171.5151,0.1434,183.9228,275,19.51, -> riding unicycle (19.5%)
frame_001005_clip,-1.0,9.9343,159.7605,0.1284,169.8726,65,86.01, -> cleaning windows (86.0%)
frame_001006_clip,-1.0,9.8547,165.427,0.1282,175.4605,65,31.9, -> cleaning windows (31.9%)
frame_001007_clip,-1.0,10.3954,169.2514,0.1314,179.827,65,31.18, -> cleaning windows (31.2%)
frame_001008_clip,-1.0,9.7178,171.2956,0.1297,181.1986,65,61.11, -> cleaning windows (61.1%)
frame_001009_clip,-1.0,11.7391,174.5986,0.1476,186.542,65,89.89, -> cleaning windows (89.9%)
frame_001010_clip,-1.0,10.1507,163.4013,0.1289,173.7353,39,99.43, -> building shed (99.4%)
frame_001011_clip,-1.0,9.4622,169.6792,0.1312,179.3217,65,62.66, -> cleaning windows (62.7%)
frame_001012_clip,-1.0,11.841,167.6727,0.1451,179.7159,65,25.55, -> cleaning windows (25.6%)
frame_001013_clip,-1.0,9.8231,161.353,0.1319,171.3624,39,57.54, -> building shed (57.5%)
frame_001014_clip,-1.0,10.4887,167.8964,0.1434,178.5822,275,52.43, -> riding unicycle (52.4%)
frame_001015_clip,-1.0,10.1986,173.6185,0.1356,184.0023,65,32.33, -> cleaning windows (32.3%)
frame_001016_clip,-1.0,9.7525,177.018,0.1476,186.9641,287,94.65, -> setting table (94.6%)
frame_001017_clip,-1.0,9.9018,161.733,0.1304,171.8186,216,36.9, -> plastering (36.9%)
frame_001018_clip,-1.0,10.5331,169.014,0.1298,179.7296,39,71.64, -> building shed (71.6%)
frame_001019_clip,-1.0,9.6486,168.2887,0.1313,178.1185,216,37.33, -> plastering (37.3%)
frame_001020_clip,-1.0,12.8101,172.349,0.1479,185.3662,39,30.83, -> building shed (30.8%)
frame_001021_clip,-1.0,9.7382,161.9265,0.1325,171.8452,103,21.58, -> driving car (21.6%)
frame_001022_clip,-1.0,9.8587,169.6561,0.1278,179.6938,216,23.0, -> plastering (23.0%)
frame_001023_clip,-1.0,9.661,167.8962,0.1308,177.7388,287,26.79, -> setting table (26.8%)
frame_001024_clip,-1.0,9.6453,173.897,0.1523,183.7491,39,48.0, -> building shed (48.0%)
frame_001025_clip,-1.0,9.9547,161.5638,0.1322,171.7017,5,68.05, -> archery (68.0%)
frame_001026_clip,-1.0,13.9882,170.7725,0.1337,184.9416,60,43.76, -> cleaning floor (43.8%)
frame_001027_clip,-1.0,9.8053,168.0752,0.1396,178.0842,91,34.94, -> dining (34.9%)
frame_001028_clip,-1.0,10.5614,162.3635,0.1339,173.1195,39,43.71, -> building shed (43.7%)
frame_001029_clip,-1.0,9.2317,166.1373,0.1369,175.5558,275,39.99, -> riding unicycle (40.0%)
frame_001030_clip,-1.0,10.0592,162.7393,0.1349,172.9861,275,12.27, -> riding unicycle (12.3%)
frame_001031_clip,-1.0,9.2606,162.4512,1.2972,173.0566,65,43.55, -> cleaning windows (43.6%)
frame_001032_clip,-1.0,10.3256,165.7166,0.1296,176.2237,275,11.96, -> riding unicycle (12.0%)
frame_001033_clip,-1.0,9.3628,171.9273,0.1298,181.4697,207,56.22, -> parkour (56.2%)
frame_001034_clip,-1.0,13.9495,173.9332,0.1303,188.0618,216,82.75, -> plastering (82.8%)
frame_001035_clip,-1.0,11.2385,172.0818,0.1297,183.5009,91,32.06, -> dining (32.1%)
frame_001036_clip,-1.0,14.9923,173.6374,0.1442,188.8297,58,64.08, -> clay pottery making (64.1%)
frame_001037_clip,-1.0,9.7049,170.8266,0.1316,180.713,313,40.28, -> slacklining (40.3%)
frame_001038_clip,-1.0,10.36,171.5199,0.1321,182.0647,287,55.01, -> setting table (55.0%)
frame_001039_clip,-1.0,16.4963,161.8171,0.1354,178.4986,288,30.93, -> shaking hands (30.9%)
frame_001040_clip,-1.0,10.5339,163.6725,0.1379,174.4006,348,35.5, -> tango dancing (35.5%)
frame_001041_clip,-1.0,10.6071,158.2602,0.1317,169.0527,264,72.26, -> reading book (72.3%)
frame_001042_clip,-1.0,9.4581,168.4459,0.1332,178.0885,90,27.47, -> digging (27.5%)
frame_001043_clip,-1.0,13.8274,171.8058,0.1354,185.8297,327,32.15, -> spray painting (32.1%)
frame_001044_clip,-1.0,14.02,170.5394,0.144,184.7586,223,78.38, -> playing cello (78.4%)
frame_001045_clip,-1.0,11.885,178.9762,0.1475,191.0743,197,45.45, -> milking cow (45.5%)
frame_001046_clip,-1.0,9.861,162.9185,0.1288,172.9581,158,18.12, -> hugging (18.1%)
frame_001047_clip,-1.0,12.907,159.2073,0.1432,172.3132,139,32.4, -> getting a tattoo (32.4%)
frame_001048_clip,-1.0,11.2234,167.8289,0.1446,179.2519,327,96.9, -> spray painting (96.9%)
frame_001049_clip,-1.0,11.1833,158.2478,0.1339,169.6255,264,24.32, -> reading book (24.3%)
frame_001050_clip,-1.0,9.3391,168.2389,0.1331,177.7645,327,79.58, -> spray painting (79.6%)
frame_001051_clip,-1.0,9.382,171.2712,0.1351,180.8484,139,83.31, -> getting a tattoo (83.3%)
frame_001052_clip,-1.0,9.384,175.4012,0.1357,184.98,35,84.33, -> brush painting (84.3%)
frame_001053_clip,-1.0,9.8339,172.6436,0.131,182.6675,35,20.14, -> brush painting (20.1%)
frame_001054_clip,-1.0,9.3319,171.7018,0.1304,181.2248,35,74.91, -> brush painting (74.9%)
frame_001055_clip,-1.0,9.7331,176.4545,0.133,186.382,35,19.04, -> brush painting (19.0%)
frame_001056_clip,-1.0,10.2502,176.7444,0.1348,187.1895,134,18.73, -> front raises (18.7%)
frame_001057_clip,-1.0,10.442,175.4333,0.1518,186.0788,361,18.58, -> tossing coin (18.6%)
frame_001058_clip,-1.0,9.7221,173.3958,0.1333,183.3106,374,20.9, -> using remote controller (not gaming) (20.9%)
frame_001059_clip,-1.0,9.5071,172.7938,0.1373,182.4999,35,56.37, -> brush painting (56.4%)
frame_001060_clip,-1.0,13.6416,175.9452,0.1349,189.7828,23,45.09, -> blasting sand (45.1%)
frame_001061_clip,-1.0,10.9306,173.4946,0.1314,184.6174,328,60.62, -> spraying (60.6%)
frame_001062_clip,-1.0,13.9371,171.8715,0.1343,186.0029,35,53.34, -> brush painting (53.3%)
frame_001063_clip,-1.0,9.4255,173.1974,0.1266,182.8085,374,93.28, -> using remote controller (not gaming) (93.3%)
frame_001064_clip,-1.0,9.7683,176.0286,0.1483,185.9918,295,23.46, -> shining shoes (23.5%)
frame_001065_clip,-1.0,11.7896,172.7462,0.1427,184.7436,327,9.04, -> spray painting (9.0%)
frame_001066_clip,-1.0,9.4496,171.0634,0.129,180.7019,391,11.46, -> welding (11.5%)
frame_001067_clip,-1.0,9.0457,167.7743,0.137,177.0226,266,15.94, -> recording music (15.9%)
frame_001068_clip,-1.0,10.0743,169.6083,0.1412,179.8881,391,10.78, -> welding (10.8%)
frame_001069_clip,-1.0,10.1306,170.4581,0.1361,180.7858,391,44.9, -> welding (44.9%)
frame_001070_clip,-1.0,9.4064,169.2805,0.1335,178.8826,391,23.13, -> welding (23.1%)
frame_001071_clip,-1.0,14.0059,143.0625,0.147,157.2862,266,40.05, -> recording music (40.1%)
frame_001072_clip,-1.0,12.8131,157.6245,0.1331,170.6319,35,61.84, -> brush painting (61.8%)
frame_001073_clip,-1.0,9.8366,167.838,0.1337,177.8706,139,91.69, -> getting a tattoo (91.7%)
frame_001074_clip,-1.0,9.7392,171.4618,0.1322,181.3946,29,71.73, -> bookbinding (71.7%)
frame_001075_clip,-1.0,13.7773,166.3335,0.1492,180.3188,35,44.27, -> brush painting (44.3%)
frame_001076_clip,-1.0,11.1798,164.8475,0.1286,176.2059,327,92.85, -> spray painting (92.9%)
frame_001077_clip,-1.0,10.5385,172.2986,0.1353,183.0244,35,56.51, -> brush painting (56.5%)
frame_001078_clip,-1.0,12.0773,160.0978,0.1342,172.3581,35,77.36, -> brush painting (77.4%)
frame_001079_clip,-1.0,10.8203,164.1606,0.1375,175.1807,35,76.23, -> brush painting (76.2%)
frame_001080_clip,-1.0,14.2316,167.6993,0.1351,182.1292,275,57.07, -> riding unicycle (57.1%)
frame_001081_clip,-1.0,10.9439,173.3582,0.1324,184.4958,35,95.64, -> brush painting (95.6%)
frame_001082_clip,-1.0,10.3943,170.8423,0.1287,181.4104,333,17.52, -> stretching arm (17.5%)
frame_001083_clip,-1.0,10.2498,172.0363,0.1333,182.4804,35,71.75, -> brush painting (71.7%)
frame_001084_clip,-1.0,9.7622,169.534,0.1358,179.4946,35,96.18, -> brush painting (96.2%)
frame_001085_clip,-1.0,10.2718,164.5516,0.1336,175.0194,35,33.4, -> brush painting (33.4%)
frame_001086_clip,-1.0,13.6174,169.0741,0.1471,182.9052,35,29.92, -> brush painting (29.9%)
frame_001087_clip,-1.0,11.9274,162.8295,0.1338,174.9537,91,34.62, -> dining (34.6%)
frame_001088_clip,-1.0,13.6021,169.7179,0.1334,183.5043,28,76.85, -> bobsledding (76.9%)
frame_001089_clip,-1.0,13.8398,141.4536,0.1476,155.5005,91,77.07, -> dining (77.1%)
frame_001090_clip,-1.0,14.9609,165.7723,0.1341,180.9176,91,97.36, -> dining (97.4%)
frame_001091_clip,-1.0,15.3251,167.6445,0.1607,183.1893,91,49.75, -> dining (49.7%)
frame_001092_clip,-1.0,10.0107,158.1561,0.1305,168.351,65,35.18, -> cleaning windows (35.2%)
frame_001093_clip,-1.0,13.1631,166.356,0.1454,179.7228,202,48.01, -> news anchoring (48.0%)
frame_001094_clip,-1.0,10.332,159.0119,0.1306,169.527,146,35.31, -> grooming horse (35.3%)
frame_001095_clip,-1.0,13.1002,163.5097,0.1334,176.7945,91,59.61, -> dining (59.6%)
frame_001096_clip,-1.0,9.7886,169.3868,0.1451,179.3794,29,78.94, -> bookbinding (78.9%)
frame_001097_clip,-1.0,9.7968,160.8326,0.1448,170.8299,350,18.1, -> tapping guitar (18.1%)
frame_001098_clip,-1.0,9.9382,156.3814,0.1336,166.5092,291,66.18, -> sharpening pencil (66.2%)
frame_001099_clip,-1.0,10.7282,158.962,0.1304,169.873,316,68.77, -> smoking (68.8%)
frame_001100_clip,-1.0,13.5446,167.651,0.1274,181.3756,205,37.51, -> paragliding (37.5%)
frame_001101_clip,-1.0,10.3399,170.3303,0.1291,180.8529,268,33.02, -> riding camel (33.0%)
frame_001102_clip,-1.0,11.0998,168.9962,0.1309,180.277,328,47.76, -> spraying (47.8%)
frame_001103_clip,-1.0,10.9276,169.9661,0.131,181.0747,234,56.27, -> playing harp (56.3%)
frame_001104_clip,-1.0,10.3765,170.7042,0.1372,181.2827,370,59.7, -> tying tie (59.7%)
frame_001105_clip,-1.0,11.969,172.3633,0.1306,184.5155,370,38.13, -> tying tie (38.1%)
frame_001106_clip,-1.0,10.5529,169.7239,0.1319,180.4606,390,86.59, -> weaving basket (86.6%)
frame_001107_clip,-1.0,12.1,166.2083,0.129,178.4979,390,97.95, -> weaving basket (98.0%)
frame_001108_clip,-1.0,14.2815,170.2533,0.1451,184.738,390,99.16, -> weaving basket (99.2%)
frame_001109_clip,-1.0,12.4021,163.0908,0.1276,175.6736,91,34.28, -> dining (34.3%)
frame_001110_clip,-1.0,10.4062,161.7666,0.1292,172.3552,91,64.19, -> dining (64.2%)
frame_001111_clip,-1.0,12.4066,174.1035,0.1258,186.6864,228,99.94, -> playing cymbals (99.9%)
frame_001112_clip,-1.0,11.9434,143.7572,0.1306,155.8963,254,96.56, -> presenting weather forecast (96.6%)
frame_001113_clip,-1.0,14.0213,171.4838,0.1263,185.6804,91,97.85, -> dining (97.9%)
frame_001114_clip,-1.0,9.4541,171.4816,0.1286,181.1141,216,21.44, -> plastering (21.4%)
frame_001115_clip,-1.0,11.6553,165.8578,0.1279,177.6944,221,21.36, -> playing bass guitar (21.4%)
frame_001116_clip,-1.0,9.1856,168.1926,0.1343,177.5639,35,25.09, -> brush painting (25.1%)
frame_001117_clip,-1.0,15.3322,170.4822,0.1347,186.0025,178,72.44, -> knitting (72.4%)
frame_001118_clip,-1.0,13.342,158.8665,0.13,172.3892,275,86.76, -> riding unicycle (86.8%)
frame_001119_clip,-1.0,11.5424,138.0981,0.1354,149.8274,187,39.72, -> making jewelry (39.7%)
frame_001120_clip,-1.0,12.5501,171.4181,0.1348,184.1529,224,60.98, -> playing chess (61.0%)
frame_001121_clip,-1.0,15.7691,173.4817,0.1367,189.4423,224,19.58, -> playing chess (19.6%)
frame_001122_clip,-1.0,12.0866,176.6758,0.137,188.9498,224,95.48, -> playing chess (95.5%)
frame_001123_clip,-1.0,10.5859,172.6778,0.1363,183.4519,224,25.98, -> playing chess (26.0%)
frame_001124_clip,-1.0,10.9478,175.1172,0.1371,186.2542,365,60.81, -> trimming or shaving beard (60.8%)
frame_001125_clip,-1.0,10.3383,178.1294,0.1383,188.6599,365,81.84, -> trimming or shaving beard (81.8%)
frame_001126_clip,-1.0,10.232,173.6237,0.1375,184.0461,14,58.03, -> barbequing (58.0%)
frame_001127_clip,-1.0,14.7217,176.4051,0.131,191.3071,365,48.59, -> trimming or shaving beard (48.6%)
frame_001128_clip,-1.0,11.1164,177.8282,0.1347,189.1329,14,24.54, -> barbequing (24.5%)
frame_001129_clip,-1.0,11.6398,170.8389,0.1349,182.6651,91,73.56, -> dining (73.6%)
frame_001130_clip,-1.0,12.9902,174.1147,0.1332,187.2892,91,44.0, -> dining (44.0%)
frame_001131_clip,-1.0,13.7059,167.4204,0.1457,181.3278,390,33.86, -> weaving basket (33.9%)
frame_001132_clip,-1.0,9.9392,167.0666,0.1348,177.1895,35,83.58, -> brush painting (83.6%)
frame_001133_clip,-1.0,10.3569,173.8676,0.1346,184.4094,365,23.78, -> trimming or shaving beard (23.8%)
frame_001134_clip,-1.0,15.9689,166.5029,0.1454,182.6787,178,27.73, -> knitting (27.7%)
frame_001135_clip,-1.0,10.528,167.1882,0.1309,177.8958,224,63.71, -> playing chess (63.7%)
frame_001136_clip,-1.0,9.9064,176.3261,0.132,186.4147,254,76.21, -> presenting weather forecast (76.2%)
frame_001137_clip,-1.0,12.2313,170.4013,0.1357,182.8219,202,33.95, -> news anchoring (33.9%)
frame_001138_clip,-1.0,10.3293,174.7005,0.1352,185.216,365,23.33, -> trimming or shaving beard (23.3%)
frame_001139_clip,-1.0,11.5633,176.2015,0.1455,187.958,35,48.91, -> brush painting (48.9%)
frame_001140_clip,-1.0,15.0361,163.6098,0.1313,178.8316,357,45.88, -> throwing ball (45.9%)
frame_001141_clip,-1.0,10.8049,142.8861,0.1303,153.8713,254,99.98, -> presenting weather forecast (100.0%)
frame_001142_clip,-1.0,16.004,172.918,0.1544,189.1458,91,37.92, -> dining (37.9%)
frame_001143_clip,-1.0,11.2208,166.3782,0.1346,177.7957,35,57.68, -> brush painting (57.7%)
frame_001144_clip,-1.0,10.2341,172.7524,0.1334,183.1727,292,60.41, -> shaving head (60.4%)
frame_001145_clip,-1.0,12.7393,173.3919,0.1429,186.3287,35,95.81, -> brush painting (95.8%)
frame_001146_clip,-1.0,10.1071,164.218,0.1363,174.5127,91,81.14, -> dining (81.1%)
frame_001147_clip,-1.0,9.8794,166.4509,0.1472,176.5382,9,25.54, -> auctioning (25.5%)
frame_001148_clip,-1.0,11.515,175.5699,0.1337,187.2738,224,73.83, -> playing chess (73.8%)
frame_001149_clip,-1.0,13.6233,176.9426,0.1308,190.7461,110,34.77, -> eating cake (34.8%)
frame_001150_clip,-1.0,9.5284,171.2001,0.1343,180.9103,352,77.39, -> tasting beer (77.4%)
frame_001151_clip,-1.0,9.2668,172.6621,0.132,182.1103,365,19.29, -> trimming or shaving beard (19.3%)
frame_001152_clip,-1.0,9.4022,176.2289,0.1327,185.8151,219,59.78, -> playing bagpipes (59.8%)
frame_001153_clip,-1.0,9.1507,182.1516,0.1337,191.484,219,92.96, -> playing bagpipes (93.0%)
frame_001154_clip,-1.0,13.287,182.0521,0.1314,195.5196,365,17.5, -> trimming or shaving beard (17.5%)
frame_001155_clip,-1.0,10.4773,166.4443,0.1458,177.1242,11,40.89, -> baking cookies (40.9%)
frame_001156_clip,-1.0,11.6071,157.6876,0.1339,169.4823,11,75.91, -> baking cookies (75.9%)
frame_001157_clip,-1.0,9.6819,169.1191,0.1467,179.0059,11,26.13, -> baking cookies (26.1%)
frame_001158_clip,-1.0,9.9344,169.7095,0.1449,179.8511,27,10.08, -> blowing out candles (10.1%)
frame_001159_clip,-1.0,9.6967,164.6087,0.129,174.4841,81,39.45, -> cutting nails (39.5%)
frame_001160_clip,-1.0,10.5263,162.0575,0.1302,172.7634,288,27.93, -> shaking hands (27.9%)
frame_001161_clip,-1.0,9.5593,168.0915,0.1321,177.8323,219,42.69, -> playing bagpipes (42.7%)
frame_001162_clip,-1.0,10.0968,171.6214,0.1303,181.9041,348,19.66, -> tango dancing (19.7%)
frame_001163_clip,-1.0,9.5108,173.3562,0.1316,183.0622,9,78.52, -> auctioning (78.5%)
frame_001164_clip,-1.0,10.2669,172.3097,0.1312,182.7599,288,50.25, -> shaking hands (50.2%)
frame_001165_clip,-1.0,10.1971,172.2156,0.1315,182.5933,219,43.83, -> playing bagpipes (43.8%)
frame_001166_clip,-1.0,11.3041,173.868,0.1445,185.3726,258,48.46, -> punching bag (48.5%)
frame_001167_clip,-1.0,9.0907,160.2593,0.4409,169.8408,91,92.98, -> dining (93.0%)
frame_001168_clip,-1.0,10.7661,159.3788,0.13,170.3241,219,54.54, -> playing bagpipes (54.5%)
frame_001169_clip,-1.0,10.6242,173.936,0.1464,184.7644,219,90.39, -> playing bagpipes (90.4%)
frame_001170_clip,-1.0,9.9203,157.4138,0.1307,167.5154,55,80.41, -> cheerleading (80.4%)
frame_001171_clip,-1.0,9.9231,167.2046,0.1347,177.3126,219,97.41, -> playing bagpipes (97.4%)
frame_001172_clip,-1.0,9.4955,176.4783,0.4062,186.4326,219,89.12, -> playing bagpipes (89.1%)
frame_001173_clip,-1.0,13.4268,169.7458,0.1299,183.3565,219,67.92, -> playing bagpipes (67.9%)
frame_001174_clip,-1.0,9.3963,173.0999,0.1274,182.6727,9,58.6, -> auctioning (58.6%)
frame_001175_clip,-1.0,9.433,173.8535,0.1318,183.4659,9,40.04, -> auctioning (40.0%)
frame_001176_clip,-1.0,14.2446,178.6244,0.1313,193.0517,55,57.47, -> cheerleading (57.5%)
frame_001177_clip,-1.0,10.3731,167.0826,0.1323,177.6499,219,91.01, -> playing bagpipes (91.0%)
frame_001178_clip,-1.0,10.4535,173.3344,0.1324,183.9808,192,86.54, -> marching (86.5%)
frame_001179_clip,-1.0,9.8473,171.842,0.1331,181.8819,192,44.7, -> marching (44.7%)
frame_001180_clip,-1.0,16.4448,174.5782,0.1532,191.245,91,10.69, -> dining (10.7%)
frame_001181_clip,-1.0,9.8287,163.7644,0.1297,173.7762,192,66.44, -> marching (66.4%)
frame_001182_clip,-1.0,9.5769,168.4053,0.1281,178.1593,91,41.7, -> dining (41.7%)
frame_001183_clip,-1.0,12.7602,168.9934,0.1429,181.9498,219,87.1, -> playing bagpipes (87.1%)
frame_001184_clip,-1.0,9.6899,155.6323,0.134,165.5183,91,32.38, -> dining (32.4%)
frame_001185_clip,-1.0,9.9593,160.9327,0.1362,171.0906,5,43.22, -> archery (43.2%)
frame_001186_clip,-1.0,9.6056,162.9252,0.1313,172.7055,41,55.36, -> busking (55.4%)
frame_001187_clip,-1.0,10.1265,164.7305,0.1302,175.0323,5,56.38, -> archery (56.4%)
frame_001188_clip,-1.0,10.6597,143.314,0.1359,154.164,390,52.3, -> weaving basket (52.3%)
frame_001189_clip,-1.0,12.8175,175.2812,0.1425,188.2993,5,61.75, -> archery (61.8%)
frame_001190_clip,-1.0,10.245,160.74,0.1318,171.1663,192,96.8, -> marching (96.8%)
frame_001191_clip,-1.0,10.1663,171.2528,0.1309,181.6012,7,68.9, -> arranging flowers (68.9%)
frame_001192_clip,-1.0,12.9445,167.1861,0.149,180.3349,192,96.67, -> marching (96.7%)
frame_001193_clip,-1.0,13.0607,163.7431,0.1378,176.9949,192,95.06, -> marching (95.1%)
frame_001194_clip,-1.0,13.1112,164.8793,0.1321,178.1737,219,22.46, -> playing bagpipes (22.5%)
frame_001195_clip,-1.0,10.0716,173.5686,0.1336,183.8245,322,73.17, -> snowboarding (73.2%)
frame_001196_clip,-1.0,9.1941,176.7754,0.1313,186.153,138,14.96, -> getting a haircut (15.0%)
frame_001197_clip,-1.0,12.3428,145.843,0.1475,158.4005,240,99.58, -> playing paintball (99.6%)
frame_001198_clip,-1.0,12.6155,181.3708,0.1489,194.2031,258,14.26, -> punching bag (14.3%)
frame_001199_clip,-1.0,12.1155,156.6389,0.1454,168.9636,302,57.85, -> side kick (57.9%)
frame_001200_clip,-1.0,11.3356,169.5144,0.1477,181.0634,302,59.84, -> side kick (59.8%)
frame_001201_clip,-1.0,10.2856,171.3854,0.1466,181.8655,295,11.41, -> shining shoes (11.4%)
frame_001202_clip,-1.0,9.6209,164.4293,0.1456,174.2536,258,66.27, -> punching bag (66.3%)
frame_001203_clip,-1.0,10.7877,171.0789,0.1445,182.0679,295,52.48, -> shining shoes (52.5%)
frame_001204_clip,-1.0,9.5395,173.4517,0.1456,183.1925,224,24.38, -> playing chess (24.4%)
frame_001205_clip,-1.0,12.5128,166.8215,0.156,179.5479,258,57.91, -> punching bag (57.9%)
frame_001206_clip,-1.0,10.7187,164.5771,0.144,175.4923,258,43.63, -> punching bag (43.6%)
frame_001207_clip,-1.0,16.0157,169.4494,0.1429,185.6604,258,79.08, -> punching bag (79.1%)
frame_001208_clip,-1.0,12.4008,167.7888,0.1446,180.392,258,13.39, -> punching bag (13.4%)
frame_001209_clip,-1.0,10.7976,163.2238,0.1316,174.2031,295,43.24, -> shining shoes (43.2%)
frame_001210_clip,-1.0,10.2256,164.7688,0.1309,175.1729,302,19.2, -> side kick (19.2%)
frame_001211_clip,-1.0,11.1512,172.9084,0.1457,184.2593,258,26.64, -> punching bag (26.6%)
frame_001212_clip,-1.0,11.9389,162.6916,0.1302,174.8113,295,31.87, -> shining shoes (31.9%)
frame_001213_clip,-1.0,13.8166,161.2513,0.1439,175.266,295,17.68, -> shining shoes (17.7%)
frame_001214_clip,-1.0,9.4205,157.0797,0.1449,166.6927,139,36.89, -> getting a tattoo (36.9%)
frame_001215_clip,-1.0,9.5392,166.1399,0.1294,175.86,295,71.0, -> shining shoes (71.0%)
frame_001216_clip,-1.0,9.9071,173.3535,0.13,183.4376,327,12.92, -> spray painting (12.9%)
frame_001217_clip,-1.0,9.8452,174.8577,0.1305,184.8817,258,29.97, -> punching bag (30.0%)
frame_001218_clip,-1.0,9.6018,174.5764,0.1336,184.3722,327,69.78, -> spray painting (69.8%)
frame_001219_clip,-1.0,9.8399,177.1456,0.1436,187.1952,356,9.56, -> throwing axe (9.6%)
frame_001220_clip,-1.0,9.5236,167.3576,0.139,177.0821,181,50.59, -> laying bricks (50.6%)
frame_001221_clip,-1.0,12.4954,174.9366,0.1468,187.6464,216,45.13, -> plastering (45.1%)
frame_001222_clip,-1.0,9.6711,156.1063,0.1327,165.958,21,36.45, -> bending metal (36.4%)
frame_001223_clip,-1.0,9.4017,168.9628,0.1388,178.5657,35,16.69, -> brush painting (16.7%)
frame_001224_clip,-1.0,10.0353,170.6868,0.1337,180.9082,35,29.88, -> brush painting (29.9%)
frame_001225_clip,-1.0,11.8184,145.1124,0.1346,157.118,327,45.87, -> spray painting (45.9%)
frame_001226_clip,-1.0,13.0909,177.374,0.132,190.6476,295,9.57, -> shining shoes (9.6%)
frame_001227_clip,-1.0,14.8132,178.8284,0.1365,193.8411,126,33.82, -> filling eyebrows (33.8%)
frame_001228_clip,-1.0,10.046,171.7486,0.1346,181.9922,35,46.85, -> brush painting (46.9%)
frame_001229_clip,-1.0,13.0011,172.3165,0.1515,185.536,5,33.88, -> archery (33.9%)
frame_001230_clip,-1.0,9.3609,164.5116,0.1391,174.0732,139,29.28, -> getting a tattoo (29.3%)
frame_001231_clip,-1.0,9.5936,172.0221,0.1339,181.8107,91,45.01, -> dining (45.0%)
frame_001232_clip,-1.0,10.4238,169.3148,0.1333,179.9321,327,45.82, -> spray painting (45.8%)
frame_001233_clip,-1.0,12.6718,172.0739,0.1315,184.9391,139,16.03, -> getting a tattoo (16.0%)
frame_001234_clip,-1.0,9.5263,172.0598,0.1356,181.7832,275,28.84, -> riding unicycle (28.8%)
frame_001235_clip,-1.0,9.7738,165.3713,0.1358,175.3422,65,61.05, -> cleaning windows (61.0%)
frame_001236_clip,-1.0,11.8782,144.1217,0.136,156.1962,131,81.8, -> folding clothes (81.8%)
frame_001237_clip,-1.0,12.6225,170.1487,0.1419,182.9783,139,11.21, -> getting a tattoo (11.2%)
frame_001238_clip,-1.0,9.6589,164.4436,0.1321,174.2937,306,70.09, -> skateboarding (70.1%)
frame_001239_clip,-1.0,10.0312,170.6814,0.1319,180.9072,58,93.87, -> clay pottery making (93.9%)
frame_001240_clip,-1.0,10.467,167.534,0.1348,178.1969,58,39.62, -> clay pottery making (39.6%)
frame_001241_clip,-1.0,13.286,170.6971,0.1347,184.1782,275,16.7, -> riding unicycle (16.7%)
frame_001242_clip,-1.0,9.7615,172.2171,0.1364,182.177,306,80.17, -> skateboarding (80.2%)
frame_001243_clip,-1.0,10.3051,173.2007,0.1337,183.7026,267,7.9, -> riding a bike (7.9%)
frame_001244_clip,-1.0,9.5291,170.898,0.1361,180.6196,275,69.29, -> riding unicycle (69.3%)
frame_001245_clip,-1.0,9.8229,173.8322,0.1349,183.853,58,85.33, -> clay pottery making (85.3%)
frame_001246_clip,-1.0,9.1214,173.9755,0.1329,183.2913,306,87.48, -> skateboarding (87.5%)
frame_001247_clip,-1.0,10.3379,174.0321,0.1334,184.5659,224,38.02, -> playing chess (38.0%)
frame_001248_clip,-1.0,10.7958,170.8672,0.1344,181.862,58,86.39, -> clay pottery making (86.4%)
frame_001249_clip,-1.0,12.8058,170.0001,0.1473,183.022,58,94.55, -> clay pottery making (94.6%)
frame_001250_clip,-1.0,9.5882,159.2712,0.1391,169.0632,306,86.17, -> skateboarding (86.2%)
frame_001251_clip,-1.0,9.5001,160.8641,0.1342,170.5607,91,84.04, -> dining (84.0%)
frame_001252_clip,-1.0,10.3305,162.9862,0.1318,173.4994,11,17.24, -> baking cookies (17.2%)
frame_001253_clip,-1.0,9.796,170.0923,0.1324,180.0718,11,69.07, -> baking cookies (69.1%)
frame_001254_clip,-1.0,9.8572,170.8384,0.1337,180.891,11,70.09, -> baking cookies (70.1%)
frame_001255_clip,-1.0,9.4109,174.7984,0.1451,184.4019,131,22.09, -> folding clothes (22.1%)
frame_001256_clip,-1.0,11.7187,143.1496,0.1442,155.0751,344,18.18, -> swinging on something (18.2%)
frame_001257_clip,-1.0,13.6414,175.1172,0.1373,188.9636,333,33.31, -> stretching arm (33.3%)
frame_001258_clip,-1.0,10.0607,179.8252,0.1311,190.0691,58,42.99, -> clay pottery making (43.0%)
frame_001259_clip,-1.0,10.112,168.3445,0.1294,178.6352,134,54.27, -> front raises (54.3%)
frame_001260_clip,-1.0,10.0883,173.6934,0.1286,183.9576,91,78.5, -> dining (78.5%)
frame_001261_clip,-1.0,9.64,173.9693,0.1342,183.8049,11,78.59, -> baking cookies (78.6%)
frame_001262_clip,-1.0,12.0634,172.9632,0.1488,185.2358,349,35.28, -> tap dancing (35.3%)
frame_001263_clip,-1.0,10.7928,176.5606,0.1445,187.5579,11,61.63, -> baking cookies (61.6%)
frame_001264_clip,-1.0,9.6997,166.2026,0.1434,176.1006,75,92.39, -> country line dancing (92.4%)
frame_001265_clip,-1.0,9.619,161.4463,0.1273,171.2425,91,92.27, -> dining (92.3%)
frame_001266_clip,-1.0,9.8314,172.92,0.13,182.9296,11,14.13, -> baking cookies (14.1%)
frame_001267_clip,-1.0,10.4731,172.1738,0.1285,182.8288,91,91.07, -> dining (91.1%)
frame_001268_clip,-1.0,10.944,175.7956,0.1343,186.9217,91,90.83, -> dining (90.8%)
frame_001269_clip,-1.0,9.49,175.4071,0.1296,185.08,60,13.8, -> cleaning floor (13.8%)
frame_001270_clip,-1.0,13.536,176.8653,0.1296,190.5805,91,94.69, -> dining (94.7%)
frame_001271_clip,-1.0,10.2526,174.21,0.1304,184.6441,61,62.19, -> cleaning gutters (62.2%)
frame_001272_clip,-1.0,12.5248,175.8698,0.1453,188.5986,91,90.73, -> dining (90.7%)
frame_001273_clip,-1.0,9.6006,160.0665,0.1337,169.851,91,67.55, -> dining (67.5%)
frame_001274_clip,-1.0,14.3096,170.0123,0.1321,184.5056,61,55.44, -> cleaning gutters (55.4%)
frame_001275_clip,-1.0,14.3703,173.6992,0.1333,188.252,302,17.17, -> side kick (17.2%)
frame_001276_clip,-1.0,10.4716,173.9467,0.1301,184.5998,91,61.77, -> dining (61.8%)
frame_001277_clip,-1.0,9.3618,173.0964,0.1392,182.6518,207,57.04, -> parkour (57.0%)
frame_001278_clip,-1.0,13.1898,165.8687,0.1449,179.2598,91,6.25, -> dining (6.2%)
frame_001279_clip,-1.0,19.1561,177.0366,0.1428,196.3905,91,84.54, -> dining (84.5%)
frame_001280_clip,-1.0,9.5465,164.5139,0.1334,174.2467,91,13.05, -> dining (13.1%)
frame_001281_clip,-1.0,10.565,157.0239,0.1294,167.7697,91,97.4, -> dining (97.4%)
frame_001282_clip,-1.0,9.8736,163.4439,0.1309,173.498,306,17.62, -> skateboarding (17.6%)
frame_001283_clip,-1.0,9.188,168.1011,0.1315,177.4728,275,8.86, -> riding unicycle (8.9%)
frame_001284_clip,-1.0,9.5503,171.2688,0.1305,180.9985,300,26.73, -> shredding paper (26.7%)
frame_001285_clip,-1.0,9.7533,171.6162,0.1315,181.5529,382,98.7, -> washing hands (98.7%)
frame_001286_clip,-1.0,13.6818,161.9692,0.1405,175.8484,60,50.47, -> cleaning floor (50.5%)
frame_001287_clip,-1.0,12.1144,165.9502,0.1352,178.258,372,21.41, -> unloading truck (21.4%)
frame_001288_clip,-1.0,10.6301,170.2505,0.136,181.0786,60,9.0, -> cleaning floor (9.0%)
frame_001289_clip,-1.0,12.1078,167.3881,0.1493,179.7117,60,9.8, -> cleaning floor (9.8%)
frame_001290_clip,-1.0,9.2872,157.4602,0.1354,166.9435,287,23.77, -> setting table (23.8%)
frame_001291_clip,-1.0,9.5008,165.8191,0.1467,175.529,300,31.51, -> shredding paper (31.5%)
frame_001292_clip,-1.0,10.2936,171.0797,0.1342,181.5674,300,53.71, -> shredding paper (53.7%)
frame_001293_clip,-1.0,14.56,177.1295,0.1359,191.8873,200,30.32, -> moving furniture (30.3%)
frame_001294_clip,-1.0,13.0174,177.1825,0.1463,190.4048,302,34.81, -> side kick (34.8%)
frame_001295_clip,-1.0,9.9745,163.0629,0.1339,173.2229,349,26.68, -> tap dancing (26.7%)
frame_001296_clip,-1.0,10.8608,175.9302,0.1295,186.9723,21,49.67, -> bending metal (49.7%)
frame_001297_clip,-1.0,13.5548,167.9798,0.145,181.7476,21,39.7, -> bending metal (39.7%)
frame_001298_clip,-1.0,10.6224,149.4792,0.1317,160.2988,91,20.61, -> dining (20.6%)
frame_001299_clip,-1.0,13.8198,154.096,0.1449,168.1175,303,27.64, -> sign language interpreting (27.6%)
frame_001300_clip,-1.0,10.8912,158.2399,0.1332,169.3174,91,15.23, -> dining (15.2%)
frame_001301_clip,-1.0,10.5681,165.5688,0.1284,176.3135,91,24.03, -> dining (24.0%)
frame_001302_clip,-1.0,10.0566,167.8615,0.1296,178.1009,60,10.64, -> cleaning floor (10.6%)
frame_001303_clip,-1.0,9.9046,163.3944,0.1275,173.4761,165,93.66, -> ironing (93.7%)
frame_001304_clip,-1.0,9.3585,171.041,0.1311,180.5795,14,40.43, -> barbequing (40.4%)
frame_001305_clip,-1.0,11.8181,163.984,0.1311,175.9821,382,31.2, -> washing hands (31.2%)
frame_001306_clip,-1.0,12.1394,165.1181,0.1297,177.4376,14,17.89, -> barbequing (17.9%)
frame_001307_clip,-1.0,9.9612,168.1792,0.1293,178.3189,91,76.97, -> dining (77.0%)
frame_001308_clip,-1.0,10.4785,170.4416,0.1355,181.1086,91,61.47, -> dining (61.5%)
frame_001309_clip,-1.0,10.2278,165.8861,0.129,176.2938,91,22.77, -> dining (22.8%)
frame_001310_clip,-1.0,10.247,170.2391,0.1326,180.6747,365,18.14, -> trimming or shaving beard (18.1%)
frame_001311_clip,-1.0,10.5465,164.2373,0.1296,174.9709,91,76.56, -> dining (76.6%)
frame_001312_clip,-1.0,9.8289,167.2142,0.1292,177.2207,344,23.73, -> swinging on something (23.7%)
frame_001313_clip,-1.0,9.7429,167.7208,0.1336,177.6493,349,20.65, -> tap dancing (20.7%)
