filename,ros_data_age_ms,preprocessing_ms,inference_ms,postprocessing_ms,e2e_ms,class_id,confidence,info
frame_000000,-1.0,4.157,4.9979,4.0056,13.1616,-1,0.0, -> [background only]
frame_000001,-1.0,2.3041,4.9928,4.1631,11.4612,-1,0.0, -> [background only]
frame_000002,-1.0,2.4183,5.1905,6.6562,14.2663,-1,0.0, -> [background only]
frame_000003,-1.0,2.5109,5.1243,4.183,11.8194,-1,0.0, -> [background only]
frame_000004,-1.0,2.4365,5.1824,5.6822,13.3023,-1,0.0, -> [background only]
frame_000005,-1.0,2.3611,5.1409,4.0329,11.5361,-1,0.0, -> [background only]
frame_000006,-1.0,2.385,5.1065,4.0854,11.5781,-1,0.0, -> [background only]
frame_000007,-1.0,1.7943,5.1591,4.0518,11.0064,-1,0.0, -> [background only]
frame_000008,-1.0,1.7258,5.1006,4.0424,10.87,-1,0.0, -> [background only]
frame_000009,-1.0,3.8038,4.9615,4.1229,12.8893,-1,0.0, -> [background only]
frame_000010,-1.0,2.906,5.4741,4.2074,12.5888,-1,0.0, -> [background only]
frame_000011,-1.0,3.8977,5.4654,4.1825,13.5466,-1,0.0, -> [background only]
frame_000012,-1.0,4.238,5.622,4.1096,13.9709,-1,0.0, -> [background only]
frame_000013,-1.0,1.969,5.4622,4.318,11.7502,-1,0.0, -> [background only]
frame_000014,-1.0,2.3233,5.6194,4.109,12.0528,-1,0.0, -> [background only]
frame_000015,-1.0,1.8048,5.547,4.1394,11.4925,-1,0.0, -> [background only]
frame_000016,-1.0,1.7372,5.6084,4.0528,11.3996,-1,0.0, -> [background only]
frame_000017,-1.0,2.0692,5.504,4.2563,11.8304,-1,0.0, -> [background only]
frame_000018,-1.0,1.3626,5.4466,4.076,10.8861,-1,0.0, -> [background only]
frame_000019,-1.0,1.6565,5.6386,4.1203,11.417,-1,0.0, -> [background only]
frame_000020,-1.0,1.8322,5.7032,4.0928,11.6296,-1,0.0, -> [background only]
frame_000021,-1.0,1.7882,5.6576,4.2426,11.6897,-1,0.0, -> [background only]
frame_000022,-1.0,1.733,5.2881,4.0878,11.1102,-1,0.0, -> [background only]
frame_000023,-1.0,1.6223,5.3994,4.0206,11.0435,-1,0.0, -> [background only]
frame_000024,-1.0,1.3452,5.0437,4.1071,10.4968,-1,0.0, -> [background only]
frame_000025,-1.0,1.662,5.5185,6.1239,13.3056,-1,0.0, -> [background only]
frame_000026,-1.0,4.2587,6.614,4.0237,14.8975,-1,0.0, -> [background only]
frame_000027,-1.0,4.0253,5.3676,4.0807,13.4747,-1,0.0, -> [background only]
frame_000028,-1.0,4.3737,5.322,4.1876,13.8845,-1,0.0, -> [background only]
frame_000029,-1.0,4.4164,5.3825,4.0404,13.8405,-1,0.0, -> [background only]
frame_000030,-1.0,4.5729,5.4274,3.9492,13.9507,-1,0.0, -> [background only]
frame_000031,-1.0,4.5079,5.4188,4.128,14.0558,-1,0.0, -> [background only]
frame_000032,-1.0,4.1807,5.3121,3.775,13.2689,-1,0.0, -> [background only]
frame_000033,-1.0,2.2653,5.682,4.0509,11.9993,-1,0.0, -> [background only]
frame_000034,-1.0,3.9144,5.3483,3.8584,13.1223,-1,0.0, -> [background only]
frame_000035,-1.0,2.3027,5.5066,4.0578,11.8682,-1,0.0, -> [background only]
frame_000036,-1.0,1.6755,5.6702,4.0425,11.3893,-1,0.0, -> [background only]
frame_000037,-1.0,1.646,5.4624,3.9773,11.0867,-1,0.0, -> [background only]
frame_000038,-1.0,1.7998,5.4349,3.911,11.147,-1,0.0, -> [background only]
frame_000039,-1.0,1.3346,5.4421,4.134,10.9113,-1,0.0, -> [background only]
frame_000040,-1.0,3.7849,6.2194,3.8912,13.8965,-1,0.0, -> [background only]
frame_000041,-1.0,2.2561,5.5406,3.872,11.6701,-1,0.0, -> [background only]
frame_000042,-1.0,1.7455,5.3788,3.9518,11.0773,-1,0.0, -> [background only]
frame_000043,-1.0,1.7141,5.4987,3.9656,11.1798,-1,0.0, -> [background only]
frame_000044,-1.0,2.3032,5.643,4.2053,12.1527,-1,0.0, -> [background only]
frame_000045,-1.0,3.4185,5.4677,3.9624,12.8498,-1,0.0, -> [background only]
frame_000046,-1.0,2.3637,5.4116,4.0816,11.8582,-1,0.0, -> [background only]
frame_000047,-1.0,3.7936,5.3796,4.1066,13.281,-1,0.0, -> [background only]
frame_000048,-1.0,4.3405,5.0699,4.1133,13.5247,-1,0.0, -> [background only]
frame_000049,-1.0,2.3076,5.365,4.1196,11.7936,-1,0.0, -> [background only]
frame_000050,-1.0,4.0838,5.3048,3.9475,13.3372,-1,0.0, -> [background only]
frame_000051,-1.0,4.2225,5.2478,4.0068,13.4782,-1,0.0, -> [background only]
frame_000052,-1.0,4.3386,5.2134,4.0244,13.5774,-1,0.0, -> [background only]
frame_000053,-1.0,2.8289,5.3942,4.1461,12.3705,-1,0.0, -> [background only]
frame_000054,-1.0,1.7264,5.5866,5.4724,12.7865,-1,0.0, -> [background only]
frame_000055,-1.0,2.2715,5.3855,4.1604,11.8186,-1,0.0, -> [background only]
frame_000056,-1.0,1.6283,5.3728,3.9845,10.9868,-1,0.0, -> [background only]
frame_000057,-1.0,1.8867,5.3648,4.0256,11.2781,-1,0.0, -> [background only]
frame_000058,-1.0,2.3524,5.9157,4.0877,12.3569,-1,0.0, -> [background only]
frame_000059,-1.0,1.672,5.3543,3.9851,11.0124,-1,0.0, -> [background only]
frame_000060,-1.0,1.8033,8.1058,5.3051,15.2153,-1,0.0, -> [background only]
frame_000061,-1.0,2.2268,5.5138,3.845,11.5866,-1,0.0, -> [background only]
frame_000062,-1.0,1.6347,5.4086,4.0639,11.1083,-1,0.0, -> [background only]
frame_000063,-1.0,1.6153,5.4688,4.0001,11.0852,-1,0.0, -> [background only]
frame_000064,-1.0,3.7986,5.3295,4.0231,13.1525,-1,0.0, -> [background only]
frame_000065,-1.0,4.0099,5.6544,4.0909,13.7563,-1,0.0, -> [background only]
frame_000066,-1.0,2.3504,5.4925,4.0096,11.8538,-1,0.0, -> [background only]
frame_000067,-1.0,1.6545,5.4164,4.0407,11.113,-1,0.0, -> [background only]
frame_000068,-1.0,1.7509,5.3379,3.7572,10.8473,-1,0.0, -> [background only]
frame_000069,-1.0,3.5916,5.2596,4.1561,13.0084,-1,0.0, -> [background only]
frame_000070,-1.0,3.828,5.2609,3.8381,12.9281,-1,0.0, -> [background only]
frame_000071,-1.0,4.2265,5.2756,4.1023,13.6053,-1,0.0, -> [background only]
frame_000072,-1.0,2.9263,5.3784,4.1457,12.4515,-1,0.0, -> [background only]
frame_000073,-1.0,4.5951,5.3898,3.8909,13.877,-1,0.0, -> [background only]
frame_000074,-1.0,2.8746,5.3162,3.9553,12.1472,-1,0.0, -> [background only]
frame_000075,-1.0,3.7585,5.3395,4.0707,13.1698,-1,0.0, -> [background only]
frame_000076,-1.0,4.1832,5.2455,4.2176,13.6474,-1,0.0, -> [background only]
frame_000077,-1.0,2.2647,5.4485,3.8684,11.5828,-1,0.0, -> [background only]
frame_000078,-1.0,4.2171,5.145,4.1003,13.4635,-1,0.0, -> [background only]
frame_000079,-1.0,4.6756,5.2473,3.9725,13.8965,-1,0.0, -> [background only]
frame_000080,-1.0,5.0174,6.538,4.0303,15.5866,-1,0.0, -> [background only]
frame_000081,-1.0,2.8468,5.3838,4.0771,12.3086,-1,0.0, -> [background only]
frame_000082,-1.0,3.9799,5.2856,4.0674,13.334,-1,0.0, -> [background only]
frame_000083,-1.0,2.755,5.32,4.0405,12.1166,-1,0.0, -> [background only]
frame_000084,-1.0,3.5377,5.2339,3.9539,12.7268,-1,0.0, -> [background only]
frame_000085,-1.0,2.8933,5.4933,3.8888,12.2766,-1,0.0, -> [background only]
frame_000086,-1.0,4.8475,5.2319,4.1356,14.2162,-1,0.0, -> [background only]
frame_000087,-1.0,4.577,5.7174,4.0673,14.3629,-1,0.0, -> [background only]
frame_000088,-1.0,4.3726,5.2955,4.032,13.7009,-1,0.0, -> [background only]
frame_000089,-1.0,4.7059,5.3925,4.0524,14.1518,-1,0.0, -> [background only]
frame_000090,-1.0,4.4678,5.3717,4.2153,14.0558,-1,0.0, -> [background only]
frame_000091,-1.0,4.375,5.3995,4.0749,13.8504,-1,0.0, -> [background only]
frame_000092,-1.0,4.3769,5.3302,4.1426,13.851,-1,0.0, -> [background only]
frame_000093,-1.0,4.4586,5.3145,4.0673,13.8415,-1,0.0, -> [background only]
frame_000094,-1.0,4.5128,5.1011,4.0155,13.6305,-1,0.0, -> [background only]
frame_000095,-1.0,2.6438,5.3817,4.0461,12.0727,-1,0.0, -> [background only]
frame_000096,-1.0,4.1342,5.2835,4.0791,13.498,-1,0.0, -> [background only]
frame_000097,-1.0,4.1628,5.2622,4.0954,13.5214,-1,0.0, -> [background only]
frame_000098,-1.0,2.8182,5.3651,4.0259,12.2104,-1,0.0, -> [background only]
frame_000099,-1.0,4.4821,5.2721,4.0807,13.8359,-1,0.0, -> [background only]
frame_000100,-1.0,4.0952,5.1913,4.0367,13.3241,-1,0.0, -> [background only]
frame_000101,-1.0,4.5503,5.3142,4.0697,13.9353,-1,0.0, -> [background only]
frame_000102,-1.0,4.4656,5.29,4.1107,13.8674,-1,0.0, -> [background only]
frame_000103,-1.0,2.8606,5.4379,4.0074,12.3071,-1,0.0, -> [background only]
frame_000104,-1.0,3.8985,8.1741,4.0299,16.1035,-1,0.0, -> [background only]
frame_000105,-1.0,4.416,5.3055,4.0351,13.7575,-1,0.0, -> [background only]
frame_000106,-1.0,4.5458,5.3104,4.0399,13.8971,-1,0.0, -> [background only]
frame_000107,-1.0,2.7833,5.3459,4.0764,12.2066,-1,0.0, -> [background only]
frame_000108,-1.0,4.2018,7.792,4.027,16.0219,-1,0.0, -> [background only]
frame_000109,-1.0,4.4652,5.339,3.9671,13.7724,-1,0.0, -> [background only]
frame_000110,-1.0,4.7189,5.3934,3.9639,14.0774,-1,0.0, -> [background only]
frame_000111,-1.0,4.4448,5.3603,4.0396,13.846,-1,0.0, -> [background only]
frame_000112,-1.0,2.8687,5.3801,4.1369,12.387,-1,0.0, -> [background only]
frame_000113,-1.0,5.0162,5.2391,3.8712,14.1277,-1,0.0, -> [background only]
frame_000114,-1.0,4.4579,5.2398,3.9636,13.6628,-1,0.0, -> [background only]
frame_000115,-1.0,2.9815,5.4047,4.0451,12.4325,-1,0.0, -> [background only]
frame_000116,-1.0,3.9831,5.0713,4.008,13.0635,-1,0.0, -> [background only]
frame_000117,-1.0,2.904,5.4011,4.0699,12.3762,-1,0.0, -> [background only]
frame_000118,-1.0,1.7702,5.3389,4.1106,11.2207,-1,0.0, -> [background only]
frame_000119,-1.0,4.0036,5.2636,3.9551,13.2232,-1,0.0, -> [background only]
frame_000120,-1.0,2.9264,5.5883,3.9416,12.4576,-1,0.0, -> [background only]
frame_000121,-1.0,2.3445,5.5035,6.1039,13.9532,-1,0.0, -> [background only]
frame_000122,-1.0,2.8659,5.4012,4.1516,12.4198,-1,0.0, -> [background only]
frame_000123,-1.0,3.9604,5.4121,3.8838,13.2574,-1,0.0, -> [background only]
frame_000124,-1.0,4.3863,5.2167,3.9759,13.5802,-1,0.0, -> [background only]
frame_000125,-1.0,2.8237,5.3813,3.899,12.1053,-1,0.0, -> [background only]
frame_000126,-1.0,2.2108,5.5435,4.172,11.9274,-1,0.0, -> [background only]
frame_000127,-1.0,3.9477,5.305,4.0851,13.3388,-1,0.0, -> [background only]
frame_000128,-1.0,2.7429,5.4316,3.9917,12.1674,-1,0.0, -> [background only]
frame_000129,-1.0,3.8725,5.3659,3.999,13.2385,-1,0.0, -> [background only]
frame_000130,-1.0,1.6651,5.2902,3.9768,10.933,-1,0.0, -> [background only]
frame_000131,-1.0,1.6878,5.6463,3.8615,11.1968,-1,0.0, -> [background only]
frame_000132,-1.0,2.4086,9.8409,3.9594,16.21,-1,0.0, -> [background only]
frame_000133,-1.0,1.6959,5.48,3.866,11.043,-1,0.0, -> [background only]
frame_000134,-1.0,1.5611,5.1646,4.1335,10.8602,-1,0.0, -> [background only]
frame_000135,-1.0,2.5126,5.394,3.8637,11.7713,-1,0.0, -> [background only]
frame_000136,-1.0,1.8107,5.312,5.9423,13.0663,-1,0.0, -> [background only]
frame_000137,-1.0,2.3385,5.5211,3.8678,11.7285,-1,0.0, -> [background only]
frame_000138,-1.0,1.6528,5.4968,3.9882,11.1389,-1,0.0, -> [background only]
frame_000139,-1.0,2.3564,5.4416,4.0189,11.8182,-1,0.0, -> [background only]
frame_000140,-1.0,1.8666,5.621,4.2045,11.6932,-1,0.0, -> [background only]
frame_000141,-1.0,1.8178,5.5728,6.1195,13.5115,-1,0.0, -> [background only]
frame_000142,-1.0,2.9638,5.4119,4.1803,12.557,-1,0.0, -> [background only]
frame_000143,-1.0,4.1661,5.313,3.8743,13.3545,-1,0.0, -> [background only]
frame_000144,-1.0,2.3044,6.8995,3.9613,13.1663,-1,0.0, -> [background only]
frame_000145,-1.0,2.2769,5.4759,3.8453,11.5991,-1,0.0, -> [background only]
frame_000146,-1.0,1.7321,5.6436,3.9859,11.3628,-1,0.0, -> [background only]
frame_000147,-1.0,2.4374,5.3844,3.8747,11.698,-1,0.0, -> [background only]
frame_000148,-1.0,1.785,5.65,3.952,11.3881,-1,0.0, -> [background only]
frame_000149,-1.0,3.7137,5.3437,3.9987,13.0575,-1,0.0, -> [background only]
frame_000150,-1.0,2.3733,5.5302,4.1692,12.074,-1,0.0, -> [background only]
frame_000151,-1.0,2.3157,9.5713,4.1227,16.011,-1,0.0, -> [background only]
frame_000152,-1.0,1.7259,8.5486,3.9644,14.2401,-1,0.0, -> [background only]
frame_000153,-1.0,1.5706,5.5088,3.9238,11.0042,-1,0.0, -> [background only]
frame_000154,-1.0,1.8049,5.5571,3.9475,11.3107,-1,0.0, -> [background only]
frame_000155,-1.0,1.6681,5.4983,5.4803,12.648,-1,0.0, -> [background only]
frame_000156,-1.0,2.4167,5.359,3.9612,11.7383,-1,0.0, -> [background only]
frame_000157,-1.0,1.762,5.5672,6.4037,13.7343,-1,0.0, -> [background only]
frame_000158,-1.0,2.6168,5.3319,4.0691,12.0194,-1,0.0, -> [background only]
frame_000159,-1.0,1.718,5.3481,3.9014,10.9689,-1,0.0, -> [background only]
frame_000160,-1.0,2.4646,5.402,3.8702,11.7382,-1,0.0, -> [background only]
frame_000161,-1.0,1.6516,5.4877,3.9662,11.1067,-1,0.0, -> [background only]
frame_000162,-1.0,1.6631,5.469,3.8409,10.9744,-1,0.0, -> [background only]
frame_000163,-1.0,1.7171,5.5197,4.0107,11.2487,-1,0.0, -> [background only]
frame_000164,-1.0,2.3148,5.4521,4.1102,11.8786,-1,0.0, -> [background only]
frame_000165,-1.0,1.7725,5.4781,3.9397,11.1918,-1,0.0, -> [background only]
frame_000166,-1.0,1.7773,5.3297,3.7922,10.9004,-1,0.0, -> [background only]
frame_000167,-1.0,1.6071,5.5849,3.9453,11.1383,-1,0.0, -> [background only]
frame_000168,-1.0,1.8745,5.329,3.9006,11.1053,-1,0.0, -> [background only]
frame_000169,-1.0,1.7806,5.4875,4.1515,11.4207,-1,0.0, -> [background only]
frame_000170,-1.0,1.7055,9.4387,4.0961,15.2415,-1,0.0, -> [background only]
frame_000171,-1.0,1.7286,5.4187,3.9443,11.0925,-1,0.0, -> [background only]
frame_000172,-1.0,1.6911,5.5146,3.8412,11.0482,-1,0.0, -> [background only]
frame_000173,-1.0,1.7495,10.0201,4.046,15.8169,-1,0.0, -> [background only]
frame_000174,-1.0,1.8076,7.7327,4.0681,13.6094,-1,0.0, -> [background only]
frame_000175,-1.0,1.6639,5.4978,3.9555,11.1183,-1,0.0, -> [background only]
frame_000176,-1.0,1.6502,9.9565,3.8323,15.4403,-1,0.0, -> [background only]
frame_000177,-1.0,1.7245,5.4513,3.9588,11.1356,-1,0.0, -> [background only]
frame_000178,-1.0,1.7594,5.4245,6.452,13.6372,-1,0.0, -> [background only]
frame_000179,-1.0,4.0971,8.7639,3.9617,16.8238,-1,0.0, -> [background only]
frame_000180,-1.0,2.5713,9.3458,3.8399,15.7583,-1,0.0, -> [background only]
frame_000181,-1.0,4.4249,5.3564,4.0404,13.8228,-1,0.0, -> [background only]
frame_000182,-1.0,2.8811,5.4557,4.0464,12.3846,-1,0.0, -> [background only]
frame_000183,-1.0,2.3588,5.4112,6.325,14.0962,-1,0.0, -> [background only]
frame_000184,-1.0,2.8144,5.5498,4.0968,12.4622,-1,0.0, -> [background only]
frame_000185,-1.0,2.2899,5.4719,3.9551,11.7178,-1,0.0, -> [background only]
frame_000186,-1.0,4.4091,5.0837,3.9894,13.4831,-1,0.0, -> [background only]
frame_000187,-1.0,2.8507,5.4517,3.9464,12.2499,-1,0.0, -> [background only]
frame_000188,-1.0,2.5144,5.3589,5.7041,13.5785,-1,0.0, -> [background only]
frame_000189,-1.0,4.3258,5.3945,4.0594,13.7809,-1,0.0, -> [background only]
frame_000190,-1.0,4.1348,5.2369,3.8873,13.2601,-1,0.0, -> [background only]
frame_000191,-1.0,4.0584,9.9128,4.027,17.9992,-1,0.0, -> [background only]
frame_000192,-1.0,4.3347,5.6078,3.8549,13.7985,-1,0.0, -> [background only]
frame_000193,-1.0,2.8923,5.3689,4.2646,12.527,-1,0.0, -> [background only]
frame_000194,-1.0,3.9425,5.5612,4.0543,13.5593,-1,0.0, -> [background only]
frame_000195,-1.0,4.1248,5.367,4.1094,13.6023,-1,0.0, -> [background only]
frame_000196,-1.0,4.3841,9.3588,4.1442,17.888,-1,0.0, -> [background only]
frame_000197,-1.0,4.493,5.3851,3.9562,13.8354,-1,0.0, -> [background only]
frame_000198,-1.0,2.6936,9.7471,4.1392,16.581,-1,0.0, -> [background only]
frame_000199,-1.0,2.467,5.4999,5.934,13.9021,-1,0.0, -> [background only]
frame_000200,-1.0,2.7766,6.4381,3.9007,13.1166,-1,0.0, -> [background only]
frame_000201,-1.0,3.9947,5.3556,3.9956,13.3472,-1,0.0, -> [background only]
frame_000202,-1.0,4.6723,5.2653,3.968,13.9064,-1,0.0, -> [background only]
frame_000203,-1.0,4.3907,5.4333,4.1875,14.0129,-1,0.0, -> [background only]
frame_000204,-1.0,4.5075,7.2081,4.1212,15.8381,-1,0.0, -> [background only]
frame_000205,-1.0,4.4381,5.3895,3.9449,13.7737,-1,0.0, -> [background only]
frame_000206,-1.0,4.4843,5.2581,4.0623,13.8059,-1,0.0, -> [background only]
frame_000207,-1.0,2.7973,5.3798,3.9251,12.1035,-1,0.0, -> [background only]
frame_000208,-1.0,3.9722,5.2936,4.1161,13.3833,-1,0.0, -> [background only]
frame_000209,-1.0,4.2632,5.3277,3.9623,13.5544,-1,0.0, -> [background only]
frame_000210,-1.0,4.6938,7.4272,4.161,16.2833,-1,0.0, -> [background only]
frame_000211,-1.0,4.2966,5.3383,4.1626,13.7985,-1,0.0, -> [background only]
frame_000212,-1.0,4.1128,5.1964,4.1126,13.4229,-1,0.0, -> [background only]
frame_000213,-1.0,4.0342,5.306,3.9479,13.2894,-1,0.0, -> [background only]
frame_000214,-1.0,4.2301,5.2158,4.1614,13.6082,-1,0.0, -> [background only]
frame_000215,-1.0,4.2622,5.2846,3.9802,13.5278,-1,0.0, -> [background only]
frame_000216,-1.0,3.8926,6.5701,4.2447,14.7084,-1,0.0, -> [background only]
frame_000217,-1.0,4.4169,5.2052,4.1594,13.7824,-1,0.0, -> [background only]
frame_000218,-1.0,4.2828,5.3995,4.0438,13.7273,-1,0.0, -> [background only]
frame_000219,-1.0,4.4563,5.3172,3.9626,13.737,-1,0.0, -> [background only]
frame_000220,-1.0,4.1467,5.3316,3.9669,13.4461,-1,0.0, -> [background only]
frame_000221,-1.0,2.9261,5.3071,3.9511,12.1856,-1,0.0, -> [background only]
frame_000222,-1.0,4.063,5.2554,4.1865,13.506,-1,0.0, -> [background only]
frame_000223,-1.0,4.0836,5.3662,3.9577,13.4086,-1,0.0, -> [background only]
frame_000224,-1.0,4.0105,7.0359,4.0955,15.1429,-1,0.0, -> [background only]
frame_000225,-1.0,4.2805,5.3367,4.0969,13.7152,-1,0.0, -> [background only]
frame_000226,-1.0,2.6652,5.6501,3.877,12.1933,-1,0.0, -> [background only]
frame_000227,-1.0,4.0134,5.2879,4.1824,13.4848,-1,0.0, -> [background only]
frame_000228,-1.0,2.2947,5.352,3.9659,11.6137,-1,0.0, -> [background only]
frame_000229,-1.0,2.2839,5.46,5.8444,13.5894,-1,0.0, -> [background only]
frame_000230,-1.0,4.2667,6.4538,3.9349,14.6565,-1,0.0, -> [background only]
frame_000231,-1.0,3.4462,5.3004,4.1241,12.8716,-1,0.0, -> [background only]
frame_000232,-1.0,3.691,5.1408,4.1437,12.9764,-1,0.0, -> [background only]
frame_000233,-1.0,2.9516,5.4024,4.1275,12.4826,-1,0.0, -> [background only]
frame_000234,-1.0,2.2039,8.3762,4.0927,14.6739,-1,0.0, -> [background only]
frame_000235,-1.0,1.2581,5.307,4.0209,10.5868,-1,0.0, -> [background only]
frame_000236,-1.0,4.2943,5.1535,3.8748,13.3238,-1,0.0, -> [background only]
frame_000237,-1.0,4.3489,5.3659,3.9595,13.6754,-1,0.0, -> [background only]
frame_000238,-1.0,3.3395,5.2567,4.0711,12.6682,-1,0.0, -> [background only]
frame_000239,-1.0,4.4289,5.3301,3.9481,13.7082,-1,0.0, -> [background only]
frame_000240,-1.0,4.3526,5.3691,3.9491,13.6719,-1,0.0, -> [background only]
frame_000241,-1.0,3.4886,5.3354,4.2284,13.0531,-1,0.0, -> [background only]
frame_000242,-1.0,4.0484,5.2434,3.7795,13.0722,-1,0.0, -> [background only]
frame_000243,-1.0,4.0269,5.3403,3.8181,13.1864,-1,0.0, -> [background only]
frame_000244,-1.0,4.3799,5.3736,4.262,14.0165,-1,0.0, -> [background only]
frame_000245,-1.0,3.7878,5.2864,3.9846,13.0598,-1,0.0, -> [background only]
frame_000246,-1.0,4.2635,8.0669,4.0353,16.3666,-1,0.0, -> [background only]
frame_000247,-1.0,4.171,5.2931,3.9813,13.4463,-1,0.0, -> [background only]
frame_000248,-1.0,4.1344,5.3982,4.2829,13.8168,-1,0.0, -> [background only]
frame_000249,-1.0,4.4308,5.372,4.187,13.9909,-1,0.0, -> [background only]
frame_000250,-1.0,4.01,9.9632,3.9919,17.9662,-1,0.0, -> [background only]
frame_000251,-1.0,3.8978,5.307,3.9957,13.2015,-1,0.0, -> [background only]
frame_000252,-1.0,4.2679,5.4398,4.1339,13.8431,-1,0.0, -> [background only]
frame_000253,-1.0,4.3452,5.249,4.2435,13.8389,-1,0.0, -> [background only]
frame_000254,-1.0,4.2533,5.375,4.2039,13.8333,-1,0.0, -> [background only]
frame_000255,-1.0,2.9651,5.4344,3.7862,12.187,-1,0.0, -> [background only]
frame_000256,-1.0,2.3204,5.4238,3.8055,11.551,-1,0.0, -> [background only]
frame_000257,-1.0,4.2931,5.3581,3.9182,13.5705,-1,0.0, -> [background only]
frame_000258,-1.0,4.1471,5.371,4.222,13.7412,-1,0.0, -> [background only]
frame_000259,-1.0,4.2583,5.3755,3.732,13.3668,-1,0.0, -> [background only]
frame_000260,-1.0,4.2909,5.3685,3.799,13.4597,-1,0.0, -> [background only]
frame_000261,-1.0,4.0284,5.3753,3.9463,13.3509,-1,0.0, -> [background only]
frame_000262,-1.0,4.1862,5.3564,4.2223,13.7662,-1,0.0, -> [background only]
frame_000263,-1.0,3.8193,5.356,4.2351,13.4115,-1,0.0, -> [background only]
frame_000264,-1.0,4.3188,5.1042,4.2374,13.6612,-1,0.0, -> [background only]
frame_000265,-1.0,4.2787,5.1923,3.8092,13.2813,-1,0.0, -> [background only]
frame_000266,-1.0,3.9426,5.346,4.0748,13.3648,-1,0.0, -> [background only]
frame_000267,-1.0,4.0831,5.1788,3.744,13.0068,-1,0.0, -> [background only]
frame_000268,-1.0,4.2769,5.3446,3.8063,13.4289,-1,0.0, -> [background only]
frame_000269,-1.0,2.6066,5.4374,4.2224,12.2675,-1,0.0, -> [background only]
frame_000270,-1.0,2.3756,5.5062,3.8066,11.6895,-1,0.0, -> [background only]
frame_000271,-1.0,1.7944,5.6368,3.9526,11.3851,-1,0.0, -> [background only]
frame_000272,-1.0,1.8681,5.3697,6.2553,13.4946,-1,0.0, -> [background only]
frame_000273,-1.0,2.8331,5.4337,3.9545,12.2229,-1,0.0, -> [background only]
frame_000274,-1.0,2.4399,5.3128,5.4896,13.2435,-1,0.0, -> [background only]
frame_000275,-1.0,2.7903,5.4524,4.2617,12.5055,-1,0.0, -> [background only]
frame_000276,-1.0,2.2791,5.3953,5.4037,13.0793,-1,0.0, -> [background only]
frame_000277,-1.0,2.8904,5.4533,4.0383,12.383,-1,0.0, -> [background only]
frame_000278,-1.0,2.1988,5.3803,5.6984,13.2785,-1,0.0, -> [background only]
frame_000279,-1.0,2.8094,5.4318,3.9691,12.2114,-1,0.0, -> [background only]
frame_000280,-1.0,2.4067,5.4651,3.7995,11.6725,-1,0.0, -> [background only]
frame_000281,-1.0,1.7458,5.5536,4.1102,11.4107,-1,0.0, -> [background only]
frame_000282,-1.0,2.4868,5.3927,4.1822,12.0631,-1,0.0, -> [background only]
frame_000283,-1.0,1.8329,5.4476,5.0596,12.3415,-1,0.0, -> [background only]
frame_000284,-1.0,2.3513,5.3619,3.7519,11.4662,-1,0.0, -> [background only]
frame_000285,-1.0,1.8492,5.6074,3.9753,11.4333,-1,0.0, -> [background only]
frame_000286,-1.0,1.636,5.4377,5.6653,12.74,-1,0.0, -> [background only]
frame_000287,-1.0,2.8966,5.3846,4.1595,12.4417,-1,0.0, -> [background only]
frame_000288,-1.0,2.4097,5.4207,3.7982,11.6298,-1,0.0, -> [background only]
frame_000289,-1.0,1.8826,5.5367,5.5775,12.998,-1,0.0, -> [background only]
frame_000290,-1.0,2.7756,5.4136,3.7568,11.9471,-1,0.0, -> [background only]
frame_000291,-1.0,2.4085,6.4358,3.7753,12.6209,-1,0.0, -> [background only]
frame_000292,-1.0,1.7644,5.4621,4.2226,11.4506,-1,0.0, -> [background only]
frame_000293,-1.0,1.8259,5.4384,3.8238,11.0897,-1,0.0, -> [background only]
frame_000294,-1.0,1.855,5.434,3.933,11.2235,-1,0.0, -> [background only]
frame_000295,-1.0,1.7424,5.45,5.7551,12.9487,-1,0.0, -> [background only]
frame_000296,-1.0,4.3797,5.2698,3.7375,13.3884,-1,0.0, -> [background only]
frame_000297,-1.0,2.739,5.4239,4.2152,12.3794,-1,0.0, -> [background only]
frame_000298,-1.0,2.4551,5.4305,5.4829,13.3702,-1,0.0, -> [background only]
frame_000299,-1.0,2.745,5.4477,4.2489,12.4427,-1,0.0, -> [background only]
frame_000300,-1.0,3.8704,5.2992,4.3,13.4708,-1,0.0, -> [train (Bottom-Left): 1%]
frame_000301,-1.0,2.8326,5.4804,4.0185,12.3329,-1,0.0, -> [train (Center): 68%]
frame_000302,-1.0,2.3606,5.5146,3.7709,11.6475,-1,0.0, -> [background only]
frame_000303,-1.0,1.8134,10.2524,5.5657,17.6326,-1,0.0, -> [background only]
frame_000304,-1.0,2.9188,5.3477,3.761,12.0286,-1,0.0, -> [background only]
frame_000305,-1.0,2.2714,6.228,5.258,13.7585,-1,0.0, -> [background only]
frame_000306,-1.0,3.7951,5.2905,4.21,13.2966,-1,0.0, -> [background only]
frame_000307,-1.0,2.5156,5.2953,3.8247,11.6366,-1,0.0, -> [background only]
frame_000308,-1.0,2.4137,5.5318,4.1768,12.1236,-1,0.0, -> [background only]
frame_000309,-1.0,1.7857,6.2587,5.6623,13.7079,-1,0.0, -> [background only]
frame_000310,-1.0,2.729,5.4196,3.9933,12.143,-1,0.0, -> [background only]
frame_000311,-1.0,2.451,5.3354,5.059,12.8468,-1,0.0, -> [background only]
frame_000312,-1.0,4.0015,5.3316,3.9627,13.2969,-1,0.0, -> [background only]
frame_000313,-1.0,3.543,5.8467,3.9218,13.3126,-1,0.0, -> [background only]
frame_000314,-1.0,3.7788,5.2798,4.1981,13.2578,-1,0.0, -> [background only]
frame_000315,-1.0,3.6143,8.4996,3.8873,16.0024,-1,0.0, -> [chair (Right): 3%]
frame_000316,-1.0,2.9522,5.3109,3.9964,12.2603,-1,0.0, -> [chair (Right): 1%]
frame_000317,-1.0,4.0612,5.3159,3.9095,13.2875,-1,0.0, -> [chair (Right): 2%]
frame_000318,-1.0,4.1389,5.4395,3.9584,13.5379,-1,0.0, -> [chair (Right): 2%]
frame_000319,-1.0,3.2788,5.329,4.366,12.9748,-1,0.0, -> [chair (Right): 4%]
frame_000320,-1.0,2.9327,5.2192,4.2856,12.4383,-1,0.0, -> [chair (Right): 10%]
frame_000321,-1.0,4.3496,5.4247,4.1563,13.9318,-1,0.0, -> [chair (Right): 11%]
frame_000322,-1.0,1.893,5.2016,4.088,11.1833,-1,0.0, -> [chair (Right): 10%]
frame_000323,-1.0,2.4514,5.609,3.948,12.0095,-1,0.0, -> [chair (Right): 8%]
frame_000324,-1.0,3.1377,5.3277,4.3957,12.8622,-1,0.0, -> [chair (Center): 8%]
frame_000325,-1.0,2.1833,5.4076,3.9126,11.5047,-1,0.0, -> [chair (Center): 7%]
frame_000326,-1.0,4.1043,5.4242,4.0954,13.6249,-1,0.0, -> [chair (Center): 3%]
frame_000327,-1.0,4.0743,5.4336,4.1848,13.6939,-1,0.0, -> [chair (Center): 8%]
frame_000328,-1.0,2.8461,5.5899,4.1665,12.6036,-1,0.0, -> [chair (Center): 6%]
frame_000329,-1.0,3.8717,5.4429,4.0489,13.3645,-1,0.0, -> [chair (Center): 6%]
frame_000330,-1.0,4.1809,5.4658,4.2181,13.8659,-1,0.0, -> [chair (Center): 5%]
frame_000331,-1.0,2.8342,6.2403,4.393,13.4686,-1,0.0, -> [chair (Center): 5%]
frame_000332,-1.0,4.4656,5.4128,4.3476,14.2273,-1,0.0, -> [chair (Left): 5%]
frame_000333,-1.0,2.823,6.1844,3.9118,12.9203,-1,0.0, -> [chair (Left): 2%]
frame_000334,-1.0,2.2545,5.3505,5.4243,13.0305,-1,0.0, -> [chair (Left): 2%]
frame_000335,-1.0,4.1495,5.4558,4.3441,13.9504,-1,0.0, -> [chair (Left): 2%]
frame_000336,-1.0,3.5726,5.3852,4.1381,13.0972,-1,0.0, -> [background only]
frame_000337,-1.0,4.2793,5.444,4.3918,14.1162,-1,0.0, -> [bicycle (Left): 3%]
frame_000338,-1.0,2.6428,5.2969,3.699,11.6397,-1,0.0, -> [background only]
frame_000339,-1.0,2.2702,5.5146,4.1346,11.9206,-1,0.0, -> [bicycle (Left): 2%]
frame_000340,-1.0,4.0988,5.237,3.9001,13.2371,-1,0.0, -> [background only]
frame_000341,-1.0,3.9683,5.4557,4.036,13.4613,-1,0.0, -> [background only]
frame_000342,-1.0,3.1729,5.2563,4.1586,12.5886,-1,0.0, -> [background only]
frame_000343,-1.0,4.3508,5.3326,4.0287,13.7135,-1,0.0, -> [background only]
frame_000344,-1.0,3.855,5.2571,3.9741,13.0876,-1,0.0, -> [background only]
frame_000345,-1.0,3.6867,5.2715,4.1277,13.0872,-1,0.0, -> [motorbike (Center): 1%]
frame_000346,-1.0,4.3089,5.4893,3.8218,13.6214,-1,0.0, -> [background only]
frame_000347,-1.0,4.2142,5.4351,4.4149,14.0656,-1,0.0, -> [motorbike (Left): 16%]
frame_000348,-1.0,4.0297,5.3649,4.3959,13.7915,-1,0.0, -> [motorbike (Left): 18%]
frame_000349,-1.0,4.1088,7.789,4.1217,16.0207,-1,0.0, -> [motorbike (Left): 5%]
frame_000350,-1.0,3.7751,5.4154,4.3767,13.5682,-1,0.0, -> [bicycle (Left): 1%]
frame_000351,-1.0,2.8329,7.1018,3.9773,13.9133,-1,0.0, -> [background only]
frame_000352,-1.0,3.6303,5.3376,3.8112,12.7803,-1,0.0, -> [background only]
frame_000353,-1.0,2.2517,5.5864,3.9433,11.7826,-1,0.0, -> [background only]
frame_000354,-1.0,2.2779,5.4591,3.9435,11.6817,-1,0.0, -> [tvmonitor (Bottom-Left): 1%]
frame_000355,-1.0,1.686,6.1508,5.4206,13.2586,-1,0.0, -> [tvmonitor (Left): 3%]
frame_000356,-1.0,2.5905,5.37,4.2902,12.2517,-1,0.0," -> [chair (Center): 1%, tvmonitor (Left): 1%]"
frame_000357,-1.0,2.3126,5.6058,5.5452,13.4649,-1,0.0, -> [chair (Center): 1%]
frame_000358,-1.0,2.8807,5.4599,4.214,12.5558,-1,0.0," -> [chair (Center): 1%, tvmonitor (Left): 1%]"
frame_000359,-1.0,4.2382,5.6206,4.1527,14.0126,-1,0.0," -> [chair (Center): 1%, tvmonitor (Left): 1%]"
frame_000360,-1.0,2.9014,5.383,4.1881,12.4735,-1,0.0," -> [chair (Center): 2%, tvmonitor (Left): 1%]"
frame_000361,-1.0,3.865,5.327,3.9402,13.1334,-1,0.0, -> [tvmonitor (Left): 3%]
frame_000362,-1.0,3.8842,5.3868,4.534,13.806,-1,0.0," -> [chair (Center): 2%, tvmonitor (Left): 3%]"
frame_000363,-1.0,2.2755,5.2336,4.2412,11.7515,-1,0.0," -> [chair (Center): 4%, tvmonitor (Left): 1%]"
frame_000364,-1.0,2.2977,5.3841,5.8086,13.4915,-1,0.0," -> [chair (Center): 3%, tvmonitor (Left): 3%]"
frame_000365,-1.0,2.5897,8.2398,4.8695,15.7002,-1,0.0," -> [chair (Center): 3%, tvmonitor (Left): 2%]"
frame_000366,-1.0,4.1737,9.4769,4.4777,18.1293,-1,0.0," -> [chair (Center): 3%, tvmonitor (Left): 1%]"
frame_000367,-1.0,3.1881,5.371,4.4923,13.0522,-1,0.0," -> [chair (Center): 3%, tvmonitor (Left): 2%]"
frame_000368,-1.0,4.0225,5.3582,4.2493,13.6311,-1,0.0," -> [car (Bottom-Right): 1%, chair (Left): 2%, tvmonitor (Left): 2%]"
frame_000369,-1.0,3.7622,7.4741,4.3627,15.6001,-1,0.0," -> [chair (Left): 2%, tvmonitor (Left): 2%]"
frame_000370,-1.0,3.9382,5.2668,4.0825,13.2886,-1,0.0, -> [chair (Left): 6%]
frame_000371,-1.0,4.1997,5.2681,4.0454,13.514,-1,0.0," -> [chair (Left): 3%, tvmonitor (Left): 1%]"
frame_000372,-1.0,2.8575,5.367,4.4797,12.7052,-1,0.0," -> [chair (Left): 2%, tvmonitor (Left): 3%]"
frame_000373,-1.0,4.4545,5.8877,3.9781,14.3213,-1,0.0," -> [chair (Left): 4%, tvmonitor (Left): 2%]"
frame_000374,-1.0,2.7939,5.427,4.0742,12.2964,-1,0.0, -> [tvmonitor (Left): 4%]
frame_000375,-1.0,3.8382,5.3423,3.9613,13.1429,-1,0.0," -> [chair (Left): 2%, tvmonitor (Left): 3%]"
frame_000376,-1.0,2.7939,5.4808,4.0443,12.3202,-1,0.0," -> [chair (Left): 4%, tvmonitor (Left): 2%]"
frame_000377,-1.0,4.2209,5.3781,4.4048,14.005,-1,0.0," -> [chair (Left): 3%, tvmonitor (Left): 3%]"
frame_000378,-1.0,4.2658,5.3561,4.146,13.7691,-1,0.0, -> [tvmonitor (Left): 3%]
frame_000379,-1.0,2.9042,5.3481,4.3512,12.6048,-1,0.0," -> [chair (Center): 3%, tvmonitor (Left): 5%]"
frame_000380,-1.0,3.6141,5.3848,4.44,13.4401,-1,0.0," -> [chair (Center): 4%, tvmonitor (Left): 4%]"
frame_000381,-1.0,3.6469,5.245,4.1994,13.0923,-1,0.0," -> [chair (Center): 2%, tvmonitor (Left): 6%]"
frame_000382,-1.0,2.6877,5.3466,4.0418,12.0772,-1,0.0," -> [chair (Center): 3%, tvmonitor (Left): 4%]"
frame_000383,-1.0,2.3881,5.308,4.2018,11.8992,-1,0.0," -> [chair (Center): 5%, tvmonitor (Left): 3%]"
frame_000384,-1.0,1.7083,5.4406,4.0033,11.1533,-1,0.0," -> [chair (Left): 4%, tvmonitor (Left): 4%]"
frame_000385,-1.0,1.7744,8.3336,4.4824,14.5915,-1,0.0," -> [chair (Left): 4%, tvmonitor (Left): 3%]"
frame_000386,-1.0,3.1479,5.4088,4.0036,12.5615,-1,0.0," -> [chair (Center): 5%, tvmonitor (Left): 3%]"
frame_000387,-1.0,3.5457,5.5058,4.2188,13.272,-1,0.0," -> [chair (Left): 3%, tvmonitor (Left): 3%]"
frame_000388,-1.0,3.8661,5.2486,4.4231,13.5389,-1,0.0," -> [chair (Center): 6%, tvmonitor (Left): 3%]"
frame_000389,-1.0,3.3999,5.2098,4.2522,12.8632,-1,0.0," -> [chair (Left): 4%, tvmonitor (Left): 2%]"
frame_000390,-1.0,4.3062,5.3944,4.4208,14.1226,-1,0.0," -> [chair (Left): 5%, tvmonitor (Left): 2%]"
frame_000391,-1.0,3.6859,5.8751,4.0859,13.6483,-1,0.0, -> [chair (Left): 4%]
frame_000392,-1.0,4.0437,5.2588,4.173,13.4766,-1,0.0," -> [chair (Left): 6%, tvmonitor (Bottom-Left): 1%]"
frame_000393,-1.0,2.7985,5.4049,3.9436,12.1484,-1,0.0, -> [chair (Left): 8%]
frame_000394,-1.0,4.2174,5.3339,4.116,13.6684,-1,0.0, -> [chair (Left): 7%]
frame_000395,-1.0,3.1647,5.1796,4.237,12.5822,-1,0.0," -> [car (Bottom): 1%, chair (Left): 6%]"
frame_000396,-1.0,2.91,5.3361,4.1932,12.4403,-1,0.0," -> [car (Bottom): 1%, chair (Left): 5%]"
frame_000397,-1.0,4.215,5.1843,4.5022,13.9024,-1,0.0," -> [car (Bottom): 1%, chair (Left): 7%, tvmonitor (Top): 1%]"
frame_000398,-1.0,3.8463,5.3307,4.606,13.7843,-1,0.0," -> [car (Bottom): 1%, chair (Left): 8%, tvmonitor (Top): 1%]"
frame_000399,-1.0,3.7113,5.4027,4.1688,13.284,-1,0.0," -> [car (Bottom-Right): 1%, chair (Left): 7%]"
frame_000400,-1.0,4.0474,5.2409,4.1831,13.4724,-1,0.0," -> [car (Bottom-Right): 1%, chair (Left): 8%]"
frame_000401,-1.0,2.6266,5.2854,4.0856,11.9986,-1,0.0, -> [chair (Left): 6%]
frame_000402,-1.0,2.3539,5.3134,4.4953,12.1637,-1,0.0," -> [chair (Left): 8%, tvmonitor (Top): 1%]"
frame_000403,-1.0,4.0653,5.367,3.9518,13.3852,-1,0.0, -> [chair (Left): 11%]
frame_000404,-1.0,2.843,5.2871,4.0874,12.2186,-1,0.0, -> [chair (Left): 10%]
frame_000405,-1.0,2.3669,5.2798,5.7238,13.3718,-1,0.0, -> [chair (Left): 10%]
frame_000406,-1.0,2.9156,5.2938,4.306,12.5165,-1,0.0, -> [chair (Left): 14%]
frame_000407,-1.0,2.3729,5.3467,3.9437,11.6644,-1,0.0, -> [chair (Left): 13%]
frame_000408,-1.0,3.1422,5.4006,4.1386,12.6824,-1,0.0, -> [chair (Left): 13%]
frame_000409,-1.0,2.2646,5.3631,3.9875,11.6162,-1,0.0," -> [chair (Left): 12%, tvmonitor (Top-Left): 1%]"
frame_000410,-1.0,4.2243,5.2765,3.9477,13.4496,-1,0.0," -> [car (Bottom): 1%, chair (Left): 9%]"
frame_000411,-1.0,4.2033,5.3955,3.9941,13.5941,-1,0.0," -> [chair (Left): 11%, tvmonitor (Top-Left): 1%]"
frame_000412,-1.0,2.1343,5.2621,3.86,11.2571,-1,0.0, -> [chair (Left): 12%]
frame_000413,-1.0,3.6983,5.2375,4.3893,13.3266,-1,0.0, -> [chair (Left): 13%]
frame_000414,-1.0,3.8852,5.4029,4.1457,13.4348,-1,0.0, -> [chair (Left): 11%]
frame_000415,-1.0,2.8453,5.1803,3.9419,11.9685,-1,0.0, -> [chair (Left): 10%]
frame_000416,-1.0,2.3151,5.3233,5.7752,13.4148,-1,0.0, -> [chair (Left): 9%]
frame_000417,-1.0,4.2392,5.2,3.9553,13.3956,-1,0.0, -> [chair (Left): 9%]
frame_000418,-1.0,3.9186,5.9637,4.3471,14.2307,-1,0.0, -> [chair (Left): 4%]
frame_000419,-1.0,3.2544,5.2187,3.9374,12.4114,-1,0.0, -> [chair (Left): 2%]
frame_000420,-1.0,3.8943,5.3421,4.0852,13.3227,-1,0.0, -> [chair (Left): 1%]
frame_000421,-1.0,2.9001,5.2789,4.2039,12.3842,-1,0.0, -> [background only]
frame_000422,-1.0,3.5334,10.1234,4.0334,17.6913,-1,0.0, -> [background only]
frame_000423,-1.0,3.9094,5.4585,3.8895,13.2585,-1,0.0, -> [car (Bottom): 2%]
frame_000424,-1.0,2.618,5.2511,4.0986,11.9687,-1,0.0, -> [car (Bottom-Left): 3%]
frame_000425,-1.0,4.152,5.2533,4.4087,13.8169,-1,0.0, -> [car (Bottom-Left): 1%]
frame_000426,-1.0,2.7393,5.4077,4.2525,12.4006,-1,0.0, -> [background only]
frame_000427,-1.0,3.9622,5.3175,3.9977,13.2786,-1,0.0, -> [background only]
frame_000428,-1.0,2.6462,5.3157,3.9628,11.9259,-1,0.0, -> [background only]
frame_000429,-1.0,2.2054,5.5152,3.9593,11.681,-1,0.0, -> [background only]
frame_000430,-1.0,3.5762,5.2726,4.0658,12.9157,-1,0.0, -> [background only]
frame_000431,-1.0,2.0183,5.4819,3.7824,11.284,-1,0.0, -> [background only]
frame_000432,-1.0,3.3336,5.2839,4.2263,12.8449,-1,0.0, -> [background only]
frame_000433,-1.0,3.6965,5.2377,4.2284,13.1639,-1,0.0, -> [background only]
frame_000434,-1.0,3.8652,5.3068,3.7718,12.9447,-1,0.0, -> [background only]
frame_000435,-1.0,3.8046,5.336,3.8314,12.9733,-1,0.0, -> [background only]
frame_000436,-1.0,4.1679,5.3193,3.8099,13.2985,-1,0.0, -> [background only]
frame_000437,-1.0,3.5803,5.237,4.2486,13.0671,-1,0.0, -> [background only]
frame_000438,-1.0,4.0664,5.2677,3.8084,13.1437,-1,0.0, -> [background only]
frame_000439,-1.0,3.2679,5.2831,3.7501,12.3023,-1,0.0, -> [background only]
frame_000440,-1.0,3.9767,5.4066,4.0075,13.392,-1,0.0, -> [background only]
frame_000441,-1.0,3.7445,8.9069,3.721,16.3733,-1,0.0, -> [background only]
frame_000442,-1.0,2.764,5.4235,4.2705,12.4592,-1,0.0, -> [background only]
frame_000443,-1.0,2.9592,5.3199,3.7451,12.0248,-1,0.0, -> [background only]
frame_000444,-1.0,4.1977,5.4877,3.9998,13.6863,-1,0.0, -> [background only]
frame_000445,-1.0,4.0417,5.2735,3.7532,13.0695,-1,0.0, -> [background only]
frame_000446,-1.0,2.4413,5.3377,4.0051,11.7853,-1,0.0, -> [background only]
frame_000447,-1.0,3.3057,5.2624,4.2484,12.8175,-1,0.0, -> [background only]
frame_000448,-1.0,3.8788,5.4154,3.9705,13.2656,-1,0.0, -> [background only]
frame_000449,-1.0,4.3017,5.0608,4.1516,13.5154,-1,0.0, -> [background only]
frame_000450,-1.0,3.9326,5.2908,3.9848,13.2093,-1,0.0, -> [background only]
frame_000451,-1.0,3.881,5.3628,4.1555,13.4005,-1,0.0, -> [background only]
frame_000452,-1.0,2.5346,5.2211,3.9563,11.7129,-1,0.0, -> [background only]
frame_000453,-1.0,2.9833,8.0314,4.1255,15.141,-1,0.0, -> [background only]
frame_000454,-1.0,3.4961,5.2966,3.783,12.577,-1,0.0, -> [background only]
frame_000455,-1.0,3.9928,5.2544,3.7321,12.9803,-1,0.0, -> [background only]
frame_000456,-1.0,3.6873,5.4178,4.2345,13.3409,-1,0.0, -> [background only]
frame_000457,-1.0,3.6906,7.8316,4.3011,15.8243,-1,0.0, -> [chair (Center): 1%]
frame_000458,-1.0,3.6066,5.2943,3.9241,12.826,-1,0.0, -> [chair (Center): 2%]
frame_000459,-1.0,4.1477,9.0957,3.795,17.0395,-1,0.0, -> [background only]
frame_000460,-1.0,3.795,5.2785,3.8275,12.9021,-1,0.0, -> [background only]
frame_000461,-1.0,4.0417,7.7707,4.1333,15.947,-1,0.0, -> [chair (Center): 4%]
frame_000462,-1.0,4.125,5.443,4.3604,13.9295,-1,0.0, -> [chair (Center): 3%]
frame_000463,-1.0,3.9298,5.2075,4.0819,13.2202,-1,0.0, -> [chair (Center): 5%]
frame_000464,-1.0,3.8837,5.3214,4.1173,13.3236,-1,0.0, -> [chair (Center): 4%]
frame_000465,-1.0,4.1432,5.2943,3.969,13.4076,-1,0.0, -> [background only]
frame_000466,-1.0,4.1192,5.3606,3.9732,13.4539,-1,0.0, -> [background only]
frame_000467,-1.0,2.6934,5.2305,3.8769,11.8018,-1,0.0, -> [chair (Left): 2%]
frame_000468,-1.0,2.3139,5.4107,4.1724,11.8982,-1,0.0, -> [background only]
frame_000469,-1.0,1.7211,5.2932,3.9191,10.9348,-1,0.0, -> [background only]
frame_000470,-1.0,3.1305,5.2725,4.1018,12.506,-1,0.0, -> [chair (Left): 1%]
frame_000471,-1.0,2.3328,9.5556,3.8849,15.7744,-1,0.0, -> [background only]
frame_000472,-1.0,2.4235,5.4406,5.6188,13.4842,-1,0.0, -> [chair (Left): 2%]
frame_000473,-1.0,3.8984,5.2677,3.9222,13.0894,-1,0.0, -> [chair (Center): 2%]
frame_000474,-1.0,3.8638,5.3488,4.1166,13.3302,-1,0.0, -> [chair (Left): 2%]
frame_000475,-1.0,3.8656,5.4565,4.3359,13.6593,-1,0.0, -> [chair (Left): 2%]
frame_000476,-1.0,3.3989,5.2979,4.4043,13.1022,-1,0.0, -> [chair (Left): 2%]
frame_000477,-1.0,3.6988,9.8337,3.9391,17.4729,-1,0.0, -> [chair (Left): 1%]
frame_000478,-1.0,3.351,5.3668,3.8367,12.5555,-1,0.0, -> [background only]
frame_000479,-1.0,3.7999,9.0614,3.949,16.8114,-1,0.0, -> [chair (Left): 1%]
frame_000480,-1.0,3.4281,5.3712,4.3046,13.1051,-1,0.0, -> [chair (Center): 5%]
frame_000481,-1.0,4.1657,7.2915,4.3777,15.8363,-1,0.0, -> [chair (Left): 1%]
frame_000482,-1.0,4.1888,5.2601,4.2183,13.6683,-1,0.0, -> [background only]
frame_000483,-1.0,4.0018,5.0509,3.8016,12.8554,-1,0.0, -> [background only]
frame_000484,-1.0,3.8097,5.3658,3.7971,12.9738,-1,0.0, -> [background only]
frame_000485,-1.0,2.7621,5.2389,3.9347,11.9369,-1,0.0, -> [chair (Left): 1%]
frame_000486,-1.0,3.9005,5.3223,4.3157,13.5396,-1,0.0, -> [chair (Center): 6%]
frame_000487,-1.0,3.4512,5.3461,4.3927,13.1913,-1,0.0, -> [chair (Center): 6%]
frame_000488,-1.0,3.4511,5.3662,3.9547,12.7736,-1,0.0, -> [chair (Center): 7%]
frame_000489,-1.0,4.2087,5.3278,4.1162,13.6539,-1,0.0, -> [chair (Center): 5%]
frame_000490,-1.0,3.7974,5.3973,3.9962,13.192,-1,0.0, -> [chair (Center): 6%]
frame_000491,-1.0,3.6828,8.4802,4.3117,16.4757,-1,0.0, -> [chair (Center): 2%]
frame_000492,-1.0,3.6317,5.3346,4.357,13.3244,-1,0.0, -> [chair (Center): 5%]
frame_000493,-1.0,3.5354,5.274,4.1169,12.9276,-1,0.0, -> [chair (Center): 1%]
frame_000494,-1.0,3.487,5.3908,3.8533,12.732,-1,0.0, -> [background only]
frame_000495,-1.0,3.7835,5.2387,4.1046,13.128,-1,0.0, -> [chair (Center): 7%]
frame_000496,-1.0,3.8002,5.3286,4.1075,13.2373,-1,0.0, -> [chair (Center): 5%]
frame_000497,-1.0,3.6004,5.2713,4.4081,13.2812,-1,0.0, -> [chair (Center): 5%]
frame_000498,-1.0,2.5977,5.4065,4.8755,12.8808,-1,0.0, -> [chair (Center): 3%]
frame_000499,-1.0,3.6704,5.3756,4.3103,13.3574,-1,0.0, -> [chair (Center): 8%]
frame_000500,-1.0,3.8017,5.3808,3.9431,13.1268,-1,0.0, -> [chair (Center): 7%]
frame_000501,-1.0,3.6185,6.5263,3.9323,14.078,-1,0.0, -> [chair (Center): 3%]
frame_000502,-1.0,3.8262,5.3513,3.9341,13.1127,-1,0.0, -> [chair (Center): 2%]
frame_000503,-1.0,3.9009,5.3617,3.9429,13.2065,-1,0.0, -> [chair (Center): 1%]
frame_000504,-1.0,3.9052,5.35,4.3561,13.6129,-1,0.0, -> [chair (Center): 1%]
frame_000505,-1.0,3.9212,5.2648,4.3796,13.5665,-1,0.0, -> [chair (Center): 4%]
frame_000506,-1.0,4.0247,9.9793,4.3137,18.3187,-1,0.0, -> [chair (Center): 7%]
frame_000507,-1.0,3.2008,8.2826,3.97,15.4543,-1,0.0, -> [chair (Center): 6%]
frame_000508,-1.0,2.8306,5.3078,5.2971,13.4366,-1,0.0, -> [chair (Center): 3%]
frame_000509,-1.0,3.4815,5.3776,4.4073,13.2675,-1,0.0, -> [chair (Center): 9%]
frame_000510,-1.0,4.2681,5.2765,4.127,13.6729,-1,0.0, -> [chair (Center): 14%]
frame_000511,-1.0,4.085,5.4191,4.3932,13.8984,-1,0.0, -> [chair (Center): 16%]
frame_000512,-1.0,3.8526,5.3311,4.0102,13.1951,-1,0.0, -> [chair (Center): 9%]
frame_000513,-1.0,3.9308,5.2102,3.9845,13.1265,-1,0.0, -> [chair (Center): 11%]
frame_000514,-1.0,4.0267,5.2595,4.376,13.6631,-1,0.0, -> [chair (Center): 9%]
frame_000515,-1.0,2.5827,5.2351,4.8454,12.6643,-1,0.0, -> [chair (Right): 12%]
frame_000516,-1.0,3.7982,5.3475,4.1144,13.2613,-1,0.0, -> [chair (Center): 12%]
frame_000517,-1.0,4.1238,5.3791,3.9786,13.4827,-1,0.0, -> [chair (Center): 15%]
frame_000518,-1.0,3.4523,5.383,4.1324,12.9687,-1,0.0, -> [chair (Center): 15%]
frame_000519,-1.0,3.7857,5.2825,3.9002,12.9694,-1,0.0, -> [chair (Center): 9%]
frame_000520,-1.0,3.5451,7.0237,4.1786,14.7485,-1,0.0, -> [chair (Center): 6%]
frame_000521,-1.0,3.2646,5.3733,4.3547,12.9934,-1,0.0, -> [chair (Center): 9%]
frame_000522,-1.0,3.8381,5.2177,4.0853,13.142,-1,0.0, -> [chair (Right): 11%]
frame_000523,-1.0,4.0136,5.1906,3.9427,13.1481,-1,0.0, -> [chair (Center): 9%]
frame_000524,-1.0,4.2043,5.2568,4.079,13.5415,-1,0.0, -> [chair (Center): 12%]
frame_000525,-1.0,3.7915,5.3118,4.3648,13.4695,-1,0.0, -> [chair (Right): 13%]
frame_000526,-1.0,3.9237,5.3278,4.4072,13.6603,-1,0.0, -> [chair (Center): 5%]
frame_000527,-1.0,3.6517,5.2434,3.8862,12.7823,-1,0.0, -> [chair (Center): 5%]
frame_000528,-1.0,3.8556,5.3768,4.3376,13.5712,-1,0.0, -> [chair (Center): 6%]
frame_000529,-1.0,4.2379,5.3229,4.0418,13.6037,-1,0.0, -> [chair (Center): 7%]
frame_000530,-1.0,3.7807,5.5232,3.9443,13.2493,-1,0.0, -> [chair (Center): 4%]
frame_000531,-1.0,4.1827,6.3866,4.3104,14.8809,-1,0.0, -> [chair (Center): 8%]
frame_000532,-1.0,3.4045,5.3874,3.9589,12.7516,-1,0.0, -> [chair (Right): 13%]
frame_000533,-1.0,3.9584,6.6222,4.2773,14.859,-1,0.0, -> [chair (Center): 10%]
frame_000534,-1.0,3.7974,5.3728,4.1334,13.3047,-1,0.0, -> [chair (Center): 9%]
frame_000535,-1.0,4.0296,5.2222,3.9467,13.1995,-1,0.0, -> [chair (Center): 9%]
frame_000536,-1.0,2.8188,5.4577,4.0977,12.3753,-1,0.0, -> [chair (Center): 10%]
frame_000537,-1.0,2.0907,5.3443,5.2704,12.7066,-1,0.0, -> [chair (Center): 12%]
frame_000538,-1.0,3.833,5.2938,4.0677,13.1955,-1,0.0, -> [chair (Center): 12%]
frame_000539,-1.0,1.7289,5.3868,3.9789,11.0954,-1,0.0, -> [chair (Center): 12%]
frame_000540,-1.0,3.5608,5.3883,3.9134,12.8636,-1,0.0, -> [chair (Center): 10%]
frame_000541,-1.0,4.0721,5.2785,3.9648,13.3165,-1,0.0, -> [chair (Center): 10%]
frame_000542,-1.0,3.9663,5.2563,4.2646,13.4882,-1,0.0, -> [chair (Center): 11%]
frame_000543,-1.0,2.2461,5.218,4.1122,11.5772,-1,0.0, -> [chair (Center): 14%]
frame_000544,-1.0,3.3506,5.3361,4.23,12.9178,-1,0.0, -> [chair (Center): 11%]
frame_000545,-1.0,4.0883,5.2358,3.9835,13.3086,-1,0.0, -> [chair (Center): 11%]
frame_000546,-1.0,4.1154,5.1778,3.9793,13.2735,-1,0.0, -> [chair (Center): 12%]
frame_000547,-1.0,2.1198,5.3884,4.35,11.8592,-1,0.0, -> [chair (Center): 9%]
frame_000548,-1.0,1.6473,5.4491,4.0283,11.1258,-1,0.0, -> [chair (Center): 10%]
frame_000549,-1.0,3.5838,5.3295,3.9595,12.8741,-1,0.0, -> [chair (Center): 8%]
frame_000550,-1.0,2.1104,5.5198,4.2114,11.8428,-1,0.0, -> [chair (Center): 16%]
frame_000551,-1.0,3.3307,5.2182,3.9347,12.4846,-1,0.0, -> [chair (Center): 16%]
frame_000552,-1.0,3.299,5.3989,4.1222,12.8209,-1,0.0, -> [chair (Center): 16%]
frame_000553,-1.0,3.5219,5.3186,4.1341,12.9756,-1,0.0, -> [chair (Center): 18%]
frame_000554,-1.0,3.8418,5.3085,3.9159,13.0671,-1,0.0, -> [chair (Center): 18%]
frame_000555,-1.0,3.5461,5.2875,3.8953,12.7301,-1,0.0, -> [chair (Center): 17%]
frame_000556,-1.0,4.081,5.294,4.1164,13.4926,-1,0.0, -> [chair (Center): 17%]
frame_000557,-1.0,3.7237,6.7688,3.9907,14.4842,-1,0.0, -> [chair (Center): 18%]
frame_000558,-1.0,2.4826,5.2568,5.2256,12.9661,-1,0.0, -> [chair (Center): 22%]
frame_000559,-1.0,3.942,5.1989,4.018,13.16,-1,0.0, -> [chair (Center): 24%]
frame_000560,-1.0,2.6197,5.2113,5.3123,13.1442,-1,0.0, -> [chair (Center): 19%]
frame_000561,-1.0,4.1127,5.0828,3.912,13.1084,-1,0.0, -> [chair (Center): 20%]
frame_000562,-1.0,3.6385,5.2823,3.9546,12.8764,-1,0.0, -> [chair (Center): 18%]
frame_000563,-1.0,2.7927,5.328,3.9789,12.1006,-1,0.0, -> [chair (Center): 19%]
frame_000564,-1.0,3.6448,5.3204,3.9706,12.937,-1,0.0, -> [chair (Center): 20%]
frame_000565,-1.0,3.6174,6.3185,4.0696,14.0066,-1,0.0, -> [chair (Center): 23%]
frame_000566,-1.0,4.1405,5.2989,3.9431,13.3835,-1,0.0, -> [chair (Center): 27%]
frame_000567,-1.0,4.0755,5.3033,4.4803,13.8603,-1,0.0," -> [bicycle (Bottom-Right): 1%, chair (Center): 22%]"
frame_000568,-1.0,3.8713,5.118,3.9497,12.9402,-1,0.0, -> [chair (Center): 26%]
frame_000569,-1.0,3.8463,5.4333,4.1309,13.4118,-1,0.0, -> [chair (Center): 30%]
frame_000570,-1.0,4.1185,5.3797,4.2075,13.7067,-1,0.0, -> [chair (Center): 29%]
frame_000571,-1.0,3.531,5.7357,4.1246,13.3925,-1,0.0, -> [chair (Center): 37%]
frame_000572,-1.0,2.9049,7.6169,4.3583,14.8814,-1,0.0, -> [chair (Right): 44%]
frame_000573,-1.0,3.6828,5.2674,3.9104,12.8619,-1,0.0, -> [chair (Right): 29%]
frame_000574,-1.0,3.8286,5.4043,4.3699,13.6041,-1,0.0, -> [chair (Right): 27%]
frame_000575,-1.0,4.025,5.3129,4.313,13.6523,-1,0.0, -> [chair (Right): 27%]
frame_000576,-1.0,2.6548,5.3565,4.0976,12.1101,-1,0.0, -> [chair (Right): 29%]
frame_000577,-1.0,3.8155,5.3188,3.9864,13.1217,-1,0.0, -> [chair (Right): 32%]
frame_000578,-1.0,2.3224,5.4467,4.2835,12.0538,-1,0.0, -> [chair (Right): 41%]
frame_000579,-1.0,3.2641,5.2832,3.9071,12.4554,-1,0.0, -> [chair (Right): 35%]
frame_000580,-1.0,4.097,5.2984,4.1235,13.52,-1,0.0, -> [chair (Right): 32%]
frame_000581,-1.0,4.2168,5.275,4.2992,13.7918,-1,0.0, -> [chair (Right): 26%]
frame_000582,-1.0,3.6673,5.2913,4.303,13.2626,-1,0.0, -> [chair (Right): 27%]
frame_000583,-1.0,3.9407,5.4301,3.9898,13.3617,-1,0.0, -> [chair (Right): 28%]
frame_000584,-1.0,3.9615,5.386,4.409,13.7578,-1,0.0, -> [chair (Right): 23%]
frame_000585,-1.0,3.8887,5.3391,4.0705,13.2993,-1,0.0, -> [chair (Right): 18%]
frame_000586,-1.0,3.6485,5.2623,4.451,13.3631,-1,0.0, -> [chair (Right): 23%]
frame_000587,-1.0,3.762,5.3903,4.3154,13.4688,-1,0.0, -> [chair (Center): 19%]
frame_000588,-1.0,3.9455,8.4446,4.1673,16.5585,-1,0.0, -> [chair (Right): 19%]
frame_000589,-1.0,4.0277,5.2626,3.9163,13.2076,-1,0.0, -> [chair (Right): 17%]
frame_000590,-1.0,4.2461,7.9622,4.0851,16.2947,-1,0.0, -> [chair (Top-Right): 16%]
frame_000591,-1.0,3.5491,5.2941,3.9583,12.8025,-1,0.0, -> [chair (Left): 4%]
frame_000592,-1.0,3.8664,5.2239,4.1899,13.2812,-1,0.0, -> [background only]
frame_000593,-1.0,4.0798,5.4725,4.0445,13.598,-1,0.0, -> [chair (Left): 3%]
frame_000594,-1.0,4.1279,7.6023,3.9678,15.699,-1,0.0, -> [chair (Left): 5%]
frame_000595,-1.0,3.8196,5.3868,4.405,13.6122,-1,0.0, -> [chair (Center): 6%]
frame_000596,-1.0,3.8435,6.6553,3.8895,14.3892,-1,0.0, -> [chair (Center): 4%]
frame_000597,-1.0,3.7391,5.3879,4.1248,13.2529,-1,0.0, -> [chair (Center): 5%]
frame_000598,-1.0,3.7706,9.8566,4.2918,17.9202,-1,0.0, -> [chair (Center): 6%]
frame_000599,-1.0,2.4075,5.7414,5.0926,13.2427,-1,0.0, -> [chair (Center): 6%]
frame_000600,-1.0,4.1165,9.0039,4.2968,17.4184,-1,0.0, -> [chair (Center): 7%]
frame_000601,-1.0,4.1146,5.464,4.382,13.9617,-1,0.0, -> [chair (Center): 9%]
frame_000602,-1.0,4.0954,5.4018,3.9198,13.4184,-1,0.0, -> [chair (Center): 8%]
frame_000603,-1.0,4.1201,5.3209,4.2701,13.7122,-1,0.0, -> [chair (Center): 7%]
frame_000604,-1.0,2.5502,5.3338,3.8978,11.7827,-1,0.0, -> [chair (Center): 7%]
frame_000605,-1.0,3.953,5.2455,4.0055,13.2048,-1,0.0, -> [chair (Center): 8%]
frame_000606,-1.0,4.2895,5.3034,4.2686,13.8626,-1,0.0, -> [chair (Center): 9%]
frame_000607,-1.0,4.1613,5.2897,3.9162,13.3681,-1,0.0, -> [chair (Center): 9%]
frame_000608,-1.0,3.8801,5.0585,4.2761,13.2157,-1,0.0, -> [chair (Center): 11%]
frame_000609,-1.0,3.7738,5.2326,3.8655,12.8729,-1,0.0, -> [chair (Right): 11%]
frame_000610,-1.0,3.6493,5.3773,3.9245,12.9521,-1,0.0, -> [chair (Right): 11%]
frame_000611,-1.0,4.2439,5.265,3.9723,13.4821,-1,0.0, -> [chair (Right): 9%]
frame_000612,-1.0,1.92,6.0214,4.307,12.2491,-1,0.0, -> [chair (Right): 9%]
frame_000613,-1.0,3.8941,5.3335,4.2521,13.4806,-1,0.0, -> [chair (Right): 9%]
frame_000614,-1.0,2.8827,5.2238,5.0128,13.1205,-1,0.0, -> [chair (Right): 6%]
frame_000615,-1.0,3.9258,5.2919,3.9833,13.2021,-1,0.0, -> [chair (Right): 9%]
frame_000616,-1.0,4.1622,5.442,3.9175,13.5231,-1,0.0, -> [chair (Right): 10%]
frame_000617,-1.0,3.5413,5.2855,4.349,13.1768,-1,0.0, -> [chair (Right): 11%]
frame_000618,-1.0,2.4536,9.1353,4.2942,15.8843,-1,0.0, -> [chair (Right): 10%]
frame_000619,-1.0,3.4315,5.3827,3.9044,12.7199,-1,0.0, -> [chair (Right): 10%]
frame_000620,-1.0,3.0664,5.1055,4.1206,12.2936,-1,0.0, -> [chair (Right): 9%]
frame_000621,-1.0,3.6062,5.357,4.0027,12.9672,-1,0.0, -> [chair (Right): 9%]
frame_000622,-1.0,4.0108,5.3367,4.1304,13.4791,-1,0.0, -> [chair (Right): 10%]
frame_000623,-1.0,3.9582,5.3387,4.3462,13.6443,-1,0.0, -> [chair (Right): 10%]
frame_000624,-1.0,3.5197,5.3558,4.1076,12.9843,-1,0.0, -> [chair (Right): 9%]
frame_000625,-1.0,2.8521,5.3205,4.9352,13.1088,-1,0.0, -> [chair (Right): 10%]
frame_000626,-1.0,4.2158,5.3636,4.3332,13.9137,-1,0.0, -> [chair (Right): 9%]
frame_000627,-1.0,3.9641,5.3313,4.1054,13.4019,-1,0.0, -> [chair (Right): 9%]
frame_000628,-1.0,2.6868,6.1537,4.3954,13.2369,-1,0.0, -> [chair (Right): 7%]
frame_000629,-1.0,3.6871,5.3028,3.9806,12.9714,-1,0.0, -> [chair (Right): 10%]
frame_000630,-1.0,3.8215,5.3879,4.1074,13.3179,-1,0.0, -> [chair (Right): 11%]
frame_000631,-1.0,3.9514,5.3789,4.2907,13.6223,-1,0.0, -> [chair (Right): 12%]
frame_000632,-1.0,3.2964,5.3541,4.1358,12.7873,-1,0.0, -> [chair (Right): 11%]
frame_000633,-1.0,4.1053,5.4733,4.3184,13.8982,-1,0.0, -> [chair (Right): 10%]
frame_000634,-1.0,4.0837,5.2164,4.1054,13.4066,-1,0.0, -> [chair (Right): 10%]
frame_000635,-1.0,3.8333,5.2768,3.9889,13.1,-1,0.0, -> [chair (Right): 8%]
frame_000636,-1.0,4.2075,5.4289,4.4024,14.0399,-1,0.0," -> [chair (Right): 12%, diningtable (Bottom): 2%]"
frame_000637,-1.0,4.1002,5.3571,3.9846,13.443,-1,0.0," -> [chair (Right): 17%, diningtable (Bottom): 2%]"
frame_000638,-1.0,3.6712,5.3569,4.2395,13.2687,-1,0.0," -> [chair (Right): 18%, diningtable (Bottom): 3%]"
frame_000639,-1.0,3.9193,5.2706,4.091,13.2818,-1,0.0," -> [chair (Right): 17%, diningtable (Bottom): 2%]"
frame_000640,-1.0,4.1318,5.2335,4.2027,13.5692,-1,0.0," -> [chair (Right): 18%, diningtable (Bottom): 2%]"
frame_000641,-1.0,4.1261,5.2499,4.0064,13.3833,-1,0.0," -> [chair (Right): 16%, diningtable (Bottom): 1%]"
frame_000642,-1.0,3.8241,5.0961,4.1814,13.1026,-1,0.0," -> [chair (Right): 15%, diningtable (Bottom): 2%]"
frame_000643,-1.0,4.3036,5.3564,4.064,13.7248,-1,0.0, -> [chair (Right): 14%]
frame_000644,-1.0,3.7258,7.5304,4.1192,15.3763,-1,0.0, -> [chair (Right): 14%]
frame_000645,-1.0,3.5658,5.2724,4.0645,12.9037,-1,0.0," -> [bicycle (Right): 1%, chair (Top-Right): 7%]"
frame_000646,-1.0,3.6366,5.2773,4.1472,13.0622,-1,0.0, -> [chair (Right): 11%]
frame_000647,-1.0,3.8095,5.2635,4.3501,13.4241,-1,0.0," -> [bicycle (Right): 4%, chair (Top-Right): 4%]"
frame_000648,-1.0,4.0592,5.442,4.1857,13.6877,-1,0.0," -> [bicycle (Right): 6%, chair (Top-Right): 2%]"
frame_000649,-1.0,4.2435,5.3381,4.0092,13.5919,-1,0.0, -> [chair (Top-Right): 8%]
frame_000650,-1.0,3.712,5.3774,4.1109,13.2014,-1,0.0, -> [chair (Right): 10%]
frame_000651,-1.0,3.6255,5.3486,4.099,13.0743,-1,0.0," -> [bicycle (Right): 1%, chair (Top-Right): 6%, motorbike (Bottom): 1%]"
frame_000652,-1.0,4.0906,5.2533,4.4021,13.7469,-1,0.0," -> [chair (Top-Right): 7%, diningtable (Bottom-Left): 1%]"
frame_000653,-1.0,3.8182,5.3832,4.0777,13.2803,-1,0.0," -> [chair (Top-Right): 7%, diningtable (Bottom-Left): 2%]"
frame_000654,-1.0,3.3118,5.306,4.1077,12.7267,-1,0.0, -> [chair (Top-Right): 6%]
frame_000655,-1.0,3.8719,8.2325,4.0627,16.1681,-1,0.0," -> [chair (Top-Right): 4%, motorbike (Right): 1%]"
frame_000656,-1.0,2.9608,5.3842,4.1117,12.4577,-1,0.0, -> [chair (Top-Right): 7%]
frame_000657,-1.0,4.303,5.4778,4.2679,14.0499,-1,0.0, -> [chair (Top-Right): 8%]
frame_000658,-1.0,3.7121,5.2421,4.2047,13.1599,-1,0.0," -> [bicycle (Right): 1%, chair (Top-Right): 6%]"
frame_000659,-1.0,4.0585,5.2592,4.0104,13.3291,-1,0.0, -> [chair (Top-Right): 8%]
frame_000660,-1.0,4.068,5.221,4.2038,13.494,-1,0.0," -> [bicycle (Right): 3%, chair (Top-Right): 4%]"
frame_000661,-1.0,4.0081,5.2919,3.9543,13.2556,-1,0.0," -> [bicycle (Right): 2%, chair (Top-Right): 3%]"
frame_000662,-1.0,3.6052,5.2415,4.2116,13.0597,-1,0.0," -> [chair (Top-Right): 4%, motorbike (Right): 1%]"
frame_000663,-1.0,3.8224,5.2756,4.0789,13.1778,-1,0.0," -> [bicycle (Right): 3%, chair (Top-Right): 5%]"
frame_000664,-1.0,3.5428,5.1958,4.2273,12.967,-1,0.0," -> [bicycle (Right): 2%, chair (Top-Right): 5%]"
frame_000665,-1.0,3.5475,5.2437,4.0431,12.8353,-1,0.0," -> [bicycle (Right): 4%, chair (Top-Right): 5%]"
frame_000666,-1.0,3.9492,5.352,4.0964,13.399,-1,0.0, -> [chair (Top-Right): 10%]
frame_000667,-1.0,3.6657,5.2417,4.0437,12.9526,-1,0.0," -> [bicycle (Right): 5%, chair (Top-Right): 4%]"
frame_000668,-1.0,4.0989,5.1802,4.182,13.4624,-1,0.0," -> [bicycle (Right): 6%, chair (Top-Right): 5%]"
frame_000669,-1.0,4.1898,5.3837,4.1332,13.708,-1,0.0," -> [bicycle (Right): 5%, chair (Top-Right): 5%]"
frame_000670,-1.0,3.8083,5.3191,4.2007,13.3291,-1,0.0," -> [bicycle (Right): 6%, chair (Top-Right): 3%]"
frame_000671,-1.0,4.1756,5.259,4.4619,13.8975,-1,0.0," -> [bicycle (Right): 9%, chair (Top-Right): 2%, motorbike (Center): 1%]"
frame_000672,-1.0,3.5897,5.4996,4.1826,13.2732,-1,0.0," -> [bicycle (Right): 7%, chair (Top-Right): 3%]"
frame_000673,-1.0,4.2608,5.3553,4.0831,13.7004,-1,0.0," -> [bicycle (Right): 5%, chair (Top-Right): 2%]"
frame_000674,-1.0,2.6154,5.2395,4.9879,12.8438,-1,0.0," -> [bicycle (Right): 2%, chair (Top-Right): 5%]"
frame_000675,-1.0,3.4753,5.3455,4.1009,12.9228,-1,0.0," -> [chair (Top-Right): 5%, motorbike (Right): 4%]"
frame_000676,-1.0,3.5755,5.7015,4.4044,13.6825,-1,0.0," -> [chair (Top-Right): 4%, motorbike (Right): 5%]"
frame_000677,-1.0,3.9394,5.2462,4.3001,13.4868,-1,0.0," -> [chair (Top-Right): 6%, motorbike (Right): 1%]"
frame_000678,-1.0,4.2918,5.1789,4.3845,13.8563,-1,0.0, -> [chair (Top-Right): 7%]
frame_000679,-1.0,4.2858,5.3695,3.9079,13.5645,-1,0.0, -> [chair (Top-Right): 3%]
frame_000680,-1.0,3.4522,5.2556,4.143,12.852,-1,0.0, -> [chair (Right): 6%]
frame_000681,-1.0,4.2406,6.8127,4.1609,15.2153,-1,0.0, -> [background only]
frame_000682,-1.0,3.7132,6.0528,4.0978,13.8649,-1,0.0, -> [background only]
frame_000683,-1.0,3.4015,5.3379,3.8362,12.5766,-1,0.0, -> [background only]
frame_000684,-1.0,3.9856,5.338,4.2206,13.5453,-1,0.0, -> [background only]
frame_000685,-1.0,2.7154,5.2464,3.8269,11.7893,-1,0.0, -> [background only]
frame_000686,-1.0,2.6414,5.3602,5.1961,13.1989,-1,0.0, -> [background only]
frame_000687,-1.0,2.8853,5.4466,3.8274,12.1606,-1,0.0, -> [background only]
frame_000688,-1.0,2.3507,5.2954,5.2672,12.9147,-1,0.0, -> [background only]
frame_000689,-1.0,2.788,5.2706,4.1371,12.1968,-1,0.0, -> [background only]
frame_000690,-1.0,2.5437,5.3138,5.2185,13.0771,-1,0.0, -> [person (Bottom-Right): 1%]
frame_000691,-1.0,2.8981,5.3349,3.7298,11.9641,-1,0.0, -> [background only]
frame_000692,-1.0,1.9254,5.3627,5.703,12.9923,-1,0.0, -> [background only]
frame_000693,-1.0,4.1497,5.4937,4.0225,13.6671,-1,0.0, -> [background only]
frame_000694,-1.0,3.5381,5.3978,3.7762,12.7129,-1,0.0, -> [background only]
frame_000695,-1.0,3.6251,5.3608,4.2348,13.2217,-1,0.0, -> [background only]
frame_000696,-1.0,3.9404,5.2697,3.7752,12.9866,-1,0.0, -> [background only]
frame_000697,-1.0,3.7128,5.3948,4.1729,13.2813,-1,0.0, -> [background only]
frame_000698,-1.0,4.0274,5.3832,3.7886,13.2002,-1,0.0, -> [background only]
frame_000699,-1.0,3.5856,5.2997,3.9767,12.8631,-1,0.0, -> [background only]
frame_000700,-1.0,3.831,5.2826,3.8138,12.9285,-1,0.0, -> [background only]
frame_000701,-1.0,4.016,5.2928,3.9378,13.2479,-1,0.0, -> [background only]
frame_000702,-1.0,4.3839,5.3618,3.8213,13.5683,-1,0.0, -> [background only]
frame_000703,-1.0,4.2297,5.3316,3.9415,13.504,-1,0.0, -> [background only]
frame_000704,-1.0,2.7287,8.178,4.1858,15.0934,-1,0.0, -> [background only]
frame_000705,-1.0,4.5638,5.27,3.7675,13.6025,-1,0.0, -> [background only]
frame_000706,-1.0,2.5153,5.1028,4.7174,12.3367,-1,0.0, -> [background only]
frame_000707,-1.0,2.5571,5.2991,4.9544,12.8118,-1,0.0, -> [background only]
frame_000708,-1.0,4.0144,5.4428,4.0065,13.4652,-1,0.0, -> [background only]
frame_000709,-1.0,2.8377,5.4081,4.1323,12.3796,-1,0.0, -> [background only]
frame_000710,-1.0,2.3874,5.5894,5.7007,13.6788,-1,0.0, -> [background only]
frame_000711,-1.0,3.6964,5.4362,4.2258,13.36,-1,0.0, -> [background only]
frame_000712,-1.0,4.2239,5.0745,3.8791,13.1789,-1,0.0, -> [background only]
frame_000713,-1.0,2.8785,5.3484,4.0254,12.2536,-1,0.0, -> [background only]
frame_000714,-1.0,2.384,9.4051,4.1004,15.8909,-1,0.0, -> [background only]
frame_000715,-1.0,3.146,5.3514,3.8176,12.3162,-1,0.0, -> [background only]
frame_000716,-1.0,3.7494,5.3272,4.213,13.2909,-1,0.0, -> [background only]
frame_000717,-1.0,4.0079,5.2458,4.0828,13.3373,-1,0.0, -> [background only]
frame_000718,-1.0,3.7934,5.2767,3.7984,12.8699,-1,0.0, -> [background only]
frame_000719,-1.0,3.777,5.269,4.1991,13.2463,-1,0.0, -> [background only]
frame_000720,-1.0,4.0734,5.4964,3.9543,13.5252,-1,0.0, -> [background only]
frame_000721,-1.0,3.8939,6.1031,4.3138,14.312,-1,0.0, -> [car (Top-Left): 1%]
frame_000722,-1.0,3.9991,5.2905,4.2059,13.4967,-1,0.0, -> [car (Left): 1%]
frame_000723,-1.0,4.0194,5.0936,4.2164,13.3309,-1,0.0, -> [background only]
frame_000724,-1.0,3.8752,5.2984,4.1652,13.3401,-1,0.0, -> [background only]
frame_000725,-1.0,3.0312,8.6548,3.8385,15.5254,-1,0.0, -> [background only]
frame_000726,-1.0,3.9918,5.3725,4.2034,13.5688,-1,0.0, -> [background only]
frame_000727,-1.0,2.8208,5.2511,4.8259,12.8989,-1,0.0, -> [background only]
frame_000728,-1.0,3.5425,6.1269,3.852,13.5224,-1,0.0, -> [background only]
frame_000729,-1.0,3.8514,5.1605,4.085,13.0979,-1,0.0, -> [background only]
frame_000730,-1.0,3.7807,5.1835,3.8298,12.795,-1,0.0, -> [background only]
frame_000731,-1.0,3.5939,5.1319,3.7776,12.5044,-1,0.0, -> [background only]
frame_000732,-1.0,3.8778,5.2355,3.8306,12.9447,-1,0.0, -> [background only]
frame_000733,-1.0,3.639,9.5175,3.8471,17.0044,-1,0.0, -> [background only]
frame_000734,-1.0,3.5434,5.1797,4.1846,12.9085,-1,0.0, -> [background only]
frame_000735,-1.0,2.6549,5.2173,3.7191,11.5921,-1,0.0, -> [background only]
frame_000736,-1.0,2.2481,5.2418,5.4601,12.951,-1,0.0, -> [background only]
frame_000737,-1.0,3.4256,5.2476,3.8442,12.5185,-1,0.0, -> [background only]
frame_000738,-1.0,2.6102,5.2071,3.8943,11.7124,-1,0.0, -> [background only]
frame_000739,-1.0,3.5314,5.2702,3.9829,12.7856,-1,0.0, -> [background only]
frame_000740,-1.0,3.5782,5.2508,4.2376,13.0675,-1,0.0, -> [background only]
frame_000741,-1.0,2.6654,5.1245,3.6424,11.433,-1,0.0, -> [background only]
frame_000742,-1.0,2.9061,5.2049,4.1499,12.2617,-1,0.0, -> [background only]
frame_000743,-1.0,3.0746,5.2797,4.2273,12.5824,-1,0.0, -> [background only]
frame_000744,-1.0,2.3455,5.1607,4.8391,12.3461,-1,0.0, -> [background only]
frame_000745,-1.0,2.4831,9.8554,4.7676,17.107,-1,0.0, -> [background only]
frame_000746,-1.0,3.6435,5.2983,4.2428,13.1855,-1,0.0, -> [background only]
frame_000747,-1.0,4.0687,5.0737,3.67,12.8134,-1,0.0, -> [background only]
frame_000748,-1.0,4.1669,5.2063,4.0659,13.4399,-1,0.0, -> [background only]
frame_000749,-1.0,3.825,5.1005,4.1365,13.0629,-1,0.0, -> [background only]
frame_000750,-1.0,2.5341,5.2736,4.141,11.9494,-1,0.0, -> [background only]
frame_000751,-1.0,2.0389,5.2771,4.164,11.4809,-1,0.0, -> [background only]
frame_000752,-1.0,1.6672,5.1987,6.0098,12.8764,-1,0.0, -> [background only]
frame_000753,-1.0,3.4232,5.2069,3.6841,12.3149,-1,0.0, -> [background only]
frame_000754,-1.0,3.6675,5.2838,4.0252,12.9776,-1,0.0, -> [background only]
frame_000755,-1.0,2.4113,5.2219,3.787,11.421,-1,0.0, -> [background only]
frame_000756,-1.0,3.2213,5.178,4.146,12.5461,-1,0.0, -> [background only]
frame_000757,-1.0,2.1309,5.1664,4.1599,11.4581,-1,0.0, -> [background only]
frame_000758,-1.0,2.0696,5.1874,4.1786,11.4365,-1,0.0, -> [background only]
frame_000759,-1.0,3.6034,5.2027,3.7827,12.5898,-1,0.0, -> [tvmonitor (Top): 21%]
frame_000760,-1.0,2.4987,5.213,3.9548,11.6673,-1,0.0, -> [background only]
frame_000761,-1.0,2.091,5.2003,4.1005,11.3926,-1,0.0, -> [background only]
frame_000762,-1.0,1.7461,5.2037,3.8195,10.7703,-1,0.0, -> [tvmonitor (Top-Right): 18%]
frame_000763,-1.0,1.5721,5.2848,4.1494,11.0072,-1,0.0, -> [tvmonitor (Top-Right): 8%]
frame_000764,-1.0,2.0168,5.2112,5.7629,12.9916,-1,0.0, -> [tvmonitor (Top-Right): 15%]
frame_000765,-1.0,2.2203,5.1742,4.2156,11.6109,-1,0.0," -> [chair (Top-Left): 1%, tvmonitor (Top-Right): 4%]"
frame_000766,-1.0,1.5331,5.2152,3.9867,10.7358,-1,0.0," -> [chair (Left): 10%, tvmonitor (Top-Right): 8%]"
frame_000767,-1.0,3.1997,5.2215,4.1876,12.6097,-1,0.0," -> [chair (Left): 11%, tvmonitor (Top-Right): 1%]"
frame_000768,-1.0,3.6302,9.9391,4.4467,18.0168,-1,0.0," -> [chair (Top-Left): 6%, tvmonitor (Right): 17%]"
frame_000769,-1.0,3.7604,5.1849,4.343,13.2892,-1,0.0," -> [chair (Top-Left): 7%, tvmonitor (Top-Right): 14%]"
frame_000770,-1.0,3.5773,5.2534,4.3088,13.1405,-1,0.0, -> [chair (Left): 10%]
frame_000771,-1.0,3.2901,5.2279,4.3945,12.9134,-1,0.0, -> [chair (Left): 6%]
frame_000772,-1.0,3.249,5.327,3.8836,12.4607,-1,0.0, -> [chair (Top): 8%]
frame_000773,-1.0,3.4575,5.2065,4.2149,12.8797,-1,0.0," -> [chair (Top): 7%, tvmonitor (Top-Right): 4%]"
frame_000774,-1.0,3.727,5.2746,3.9302,12.9326,-1,0.0, -> [chair (Top): 6%]
frame_000775,-1.0,2.6154,5.2092,3.7339,11.5593,-1,0.0, -> [chair (Top): 7%]
frame_000776,-1.0,4.3338,5.1894,3.8593,13.3834,-1,0.0, -> [chair (Top): 8%]
frame_000777,-1.0,3.5514,5.2732,4.2508,13.0764,-1,0.0, -> [chair (Center): 15%]
frame_000778,-1.0,3.6668,5.5213,3.8743,13.0634,-1,0.0, -> [chair (Center): 14%]
frame_000779,-1.0,3.3515,5.2178,4.1613,12.7314,-1,0.0, -> [chair (Top): 12%]
frame_000780,-1.0,3.7096,5.1693,4.3264,13.2061,-1,0.0, -> [chair (Center): 21%]
frame_000781,-1.0,3.5678,5.2184,4.0771,12.8643,-1,0.0, -> [chair (Top): 17%]
frame_000782,-1.0,3.8848,5.2072,4.1585,13.2515,-1,0.0, -> [chair (Center): 22%]
frame_000783,-1.0,3.6385,5.2251,4.1542,13.0189,-1,0.0, -> [chair (Top): 20%]
frame_000784,-1.0,2.7247,5.2421,3.951,11.9184,-1,0.0, -> [chair (Top): 19%]
frame_000785,-1.0,3.8936,5.2355,3.7793,12.9092,-1,0.0, -> [chair (Top-Right): 11%]
frame_000786,-1.0,3.5611,5.1366,4.3269,13.0253,-1,0.0, -> [chair (Top-Right): 12%]
frame_000787,-1.0,3.7846,5.213,4.2993,13.2977,-1,0.0, -> [chair (Top-Right): 15%]
frame_000788,-1.0,2.2898,5.1183,3.8017,11.2107,-1,0.0, -> [chair (Top-Right): 16%]
frame_000789,-1.0,4.2679,5.1965,4.3185,13.7837,-1,0.0, -> [chair (Right): 16%]
frame_000790,-1.0,2.5804,9.5512,3.8615,15.994,-1,0.0, -> [chair (Top-Right): 11%]
frame_000791,-1.0,1.9833,5.3108,5.7853,13.0801,-1,0.0, -> [chair (Top-Right): 10%]
frame_000792,-1.0,3.4987,5.1875,4.2501,12.9371,-1,0.0, -> [chair (Top-Right): 8%]
frame_000793,-1.0,3.9268,5.305,4.2436,13.4765,-1,0.0, -> [chair (Top-Right): 11%]
frame_000794,-1.0,3.8787,5.1942,3.8784,12.9521,-1,0.0, -> [chair (Top): 10%]
frame_000795,-1.0,3.8437,5.8243,3.9455,13.6145,-1,0.0, -> [chair (Top): 7%]
frame_000796,-1.0,2.6385,5.1664,3.8653,11.6712,-1,0.0, -> [chair (Top): 6%]
frame_000797,-1.0,3.2763,10.3185,4.4048,18.0004,-1,0.0," -> [chair (Top): 3%, sofa (Top-Right): 1%]"
frame_000798,-1.0,3.7978,5.3303,4.2813,13.4103,-1,0.0, -> [chair (Top): 4%]
frame_000799,-1.0,4.0001,5.1315,4.204,13.3365,-1,0.0, -> [chair (Top): 4%]
frame_000800,-1.0,3.9142,5.216,4.2147,13.3459,-1,0.0," -> [chair (Top): 2%, tvmonitor (Top): 1%]"
frame_000801,-1.0,3.5463,6.473,4.174,14.1941,-1,0.0, -> [chair (Top-Left): 1%]
frame_000802,-1.0,3.6747,5.2736,4.1284,13.0777,-1,0.0, -> [chair (Top-Left): 2%]
frame_000803,-1.0,2.3758,5.1771,4.3191,11.8731,-1,0.0, -> [chair (Center): 3%]
frame_000804,-1.0,3.4388,5.2183,4.1001,12.7583,-1,0.0, -> [chair (Center): 3%]
frame_000805,-1.0,2.6335,5.1265,3.8812,11.6424,-1,0.0, -> [chair (Top): 1%]
frame_000806,-1.0,2.1353,5.1714,6.1545,13.4623,-1,0.0, -> [chair (Top): 1%]
frame_000807,-1.0,3.8772,5.2277,3.8844,12.9905,-1,0.0, -> [chair (Top): 1%]
frame_000808,-1.0,3.9008,5.1491,3.9949,13.046,-1,0.0, -> [background only]
frame_000809,-1.0,3.6332,5.2475,4.0077,12.8891,-1,0.0, -> [background only]
frame_000810,-1.0,3.7318,5.1738,4.0154,12.9219,-1,0.0, -> [background only]
frame_000811,-1.0,3.6975,5.2902,3.6963,12.685,-1,0.0, -> [background only]
frame_000812,-1.0,3.7647,5.2341,4.3586,13.3583,-1,0.0, -> [chair (Top): 1%]
frame_000813,-1.0,3.7591,5.2178,3.7842,12.762,-1,0.0, -> [chair (Top): 1%]
frame_000814,-1.0,4.1088,5.2146,4.2607,13.5851,-1,0.0, -> [background only]
frame_000815,-1.0,3.799,9.9575,4.0376,17.7947,-1,0.0, -> [background only]
frame_000816,-1.0,3.6962,5.2769,4.0023,12.9765,-1,0.0, -> [background only]
frame_000817,-1.0,3.6638,5.1776,4.1879,13.0301,-1,0.0, -> [background only]
frame_000818,-1.0,3.7468,5.2171,4.3324,13.2971,-1,0.0, -> [chair (Top-Right): 1%]
frame_000819,-1.0,3.8682,5.7768,4.1827,13.8285,-1,0.0, -> [background only]
frame_000820,-1.0,4.0543,5.2213,4.1616,13.438,-1,0.0, -> [background only]
frame_000821,-1.0,3.73,9.0757,3.7615,16.5679,-1,0.0, -> [background only]
frame_000822,-1.0,3.9203,5.2239,4.0048,13.1497,-1,0.0, -> [background only]
frame_000823,-1.0,3.9677,5.1512,3.7082,12.8279,-1,0.0, -> [background only]
frame_000824,-1.0,4.1147,5.2132,4.2664,13.5951,-1,0.0, -> [background only]
frame_000825,-1.0,3.8693,5.4547,4.1243,13.4494,-1,0.0, -> [background only]
frame_000826,-1.0,4.0707,5.0244,4.0267,13.1227,-1,0.0, -> [background only]
frame_000827,-1.0,3.8491,7.4825,3.719,15.0515,-1,0.0, -> [background only]
frame_000828,-1.0,3.9775,5.4902,4.0422,13.5107,-1,0.0, -> [background only]
frame_000829,-1.0,4.1086,5.2243,4.2024,13.5362,-1,0.0, -> [background only]
frame_000830,-1.0,3.9513,5.2125,4.0368,13.2015,-1,0.0, -> [background only]
frame_000831,-1.0,2.704,8.0298,4.0468,14.7813,-1,0.0, -> [background only]
frame_000832,-1.0,3.5951,5.1707,4.2354,13.0022,-1,0.0, -> [background only]
frame_000833,-1.0,3.7406,5.2053,3.7354,12.6822,-1,0.0, -> [background only]
frame_000834,-1.0,2.7291,5.5136,4.0548,12.2982,-1,0.0, -> [background only]
frame_000835,-1.0,3.6173,5.1409,4.2512,13.0104,-1,0.0, -> [background only]
frame_000836,-1.0,2.59,5.1739,3.6372,11.4017,-1,0.0, -> [background only]
frame_000837,-1.0,3.5165,5.1877,4.0523,12.7573,-1,0.0, -> [background only]
frame_000838,-1.0,3.9128,5.275,4.0328,13.2214,-1,0.0, -> [background only]
frame_000839,-1.0,3.9765,5.245,3.99,13.2123,-1,0.0, -> [background only]
frame_000840,-1.0,3.8209,6.0764,4.1584,14.0563,-1,0.0, -> [background only]
frame_000841,-1.0,3.8381,5.149,4.0148,13.0026,-1,0.0, -> [background only]
frame_000842,-1.0,4.0891,5.2012,3.6834,12.9746,-1,0.0, -> [background only]
frame_000843,-1.0,2.7671,7.013,4.051,13.8317,-1,0.0, -> [background only]
frame_000844,-1.0,2.1223,7.6114,6.1916,15.9262,-1,0.0, -> [background only]
frame_000845,-1.0,3.6294,5.1673,4.0073,12.805,-1,0.0, -> [background only]
frame_000846,-1.0,4.2109,5.0092,3.688,12.9089,-1,0.0, -> [background only]
frame_000847,-1.0,4.0757,5.2279,4.2071,13.5116,-1,0.0, -> [background only]
frame_000848,-1.0,3.9022,7.3147,3.8476,15.0654,-1,0.0, -> [background only]
frame_000849,-1.0,3.7769,5.2142,4.1351,13.127,-1,0.0, -> [background only]
frame_000850,-1.0,3.8562,5.1956,3.7165,12.7693,-1,0.0, -> [background only]
frame_000851,-1.0,3.904,5.1712,4.0021,13.0782,-1,0.0, -> [background only]
frame_000852,-1.0,4.0401,5.1084,4.1463,13.296,-1,0.0, -> [background only]
frame_000853,-1.0,3.9949,5.2719,4.2344,13.502,-1,0.0, -> [background only]
frame_000854,-1.0,3.8841,5.1679,4.0568,13.1096,-1,0.0, -> [background only]
frame_000855,-1.0,4.0627,5.1304,4.0109,13.2047,-1,0.0, -> [background only]
frame_000856,-1.0,2.5047,5.189,3.7875,11.482,-1,0.0, -> [background only]
frame_000857,-1.0,4.2329,5.1858,4.0194,13.439,-1,0.0, -> [background only]
frame_000858,-1.0,3.8912,8.3518,3.7599,16.0037,-1,0.0, -> [background only]
frame_000859,-1.0,4.0515,5.2689,4.12,13.4412,-1,0.0, -> [background only]
frame_000860,-1.0,2.4854,7.6453,4.1694,14.301,-1,0.0, -> [background only]
frame_000861,-1.0,2.1568,5.2095,4.0378,11.4049,-1,0.0, -> [background only]
frame_000862,-1.0,1.6401,5.0971,3.6429,10.381,-1,0.0, -> [background only]
frame_000863,-1.0,1.4486,5.2542,6.7073,13.4108,-1,0.0, -> [background only]
frame_000864,-1.0,3.8534,6.378,4.1832,14.4156,-1,0.0, -> [background only]
frame_000865,-1.0,2.6384,5.4119,5.6877,13.7388,-1,0.0, -> [background only]
frame_000866,-1.0,3.8992,5.2219,3.8384,12.9603,-1,0.0, -> [background only]
frame_000867,-1.0,4.2441,5.3483,4.2722,13.8653,-1,0.0, -> [background only]
frame_000868,-1.0,3.9421,6.5088,3.6951,14.1468,-1,0.0, -> [background only]
frame_000869,-1.0,4.0009,5.2131,4.0595,13.2744,-1,0.0, -> [background only]
frame_000870,-1.0,3.8509,5.9282,4.0606,13.8407,-1,0.0, -> [background only]
frame_000871,-1.0,2.6676,5.2795,4.1133,12.0612,-1,0.0, -> [background only]
frame_000872,-1.0,2.1924,5.2118,6.1827,13.5877,-1,0.0, -> [background only]
frame_000873,-1.0,2.509,5.3091,3.7732,11.592,-1,0.0, -> [background only]
frame_000874,-1.0,4.5782,5.1073,3.9942,13.6805,-1,0.0, -> [background only]
frame_000875,-1.0,4.311,5.1535,4.1336,13.5991,-1,0.0, -> [background only]
frame_000876,-1.0,2.4644,5.2811,5.5775,13.3238,-1,0.0, -> [background only]
frame_000877,-1.0,4.0615,5.1665,3.6856,12.9144,-1,0.0, -> [background only]
frame_000878,-1.0,3.9309,5.2481,4.0554,13.2353,-1,0.0, -> [background only]
frame_000879,-1.0,4.1455,5.1619,3.7736,13.0818,-1,0.0, -> [background only]
frame_000880,-1.0,3.9432,5.198,3.7417,12.8837,-1,0.0, -> [background only]
frame_000881,-1.0,4.1669,5.3883,4.2102,13.766,-1,0.0, -> [background only]
frame_000882,-1.0,3.9587,5.1694,3.7763,12.9052,-1,0.0, -> [background only]
frame_000883,-1.0,3.877,5.097,4.057,13.0317,-1,0.0, -> [background only]
frame_000884,-1.0,4.0571,5.2348,3.7822,13.0749,-1,0.0, -> [background only]
frame_000885,-1.0,2.7544,5.1907,5.6662,13.6122,-1,0.0, -> [background only]
frame_000886,-1.0,3.9414,5.2137,4.1981,13.3541,-1,0.0, -> [background only]
frame_000887,-1.0,4.2582,5.1534,4.2742,13.6866,-1,0.0, -> [background only]
frame_000888,-1.0,4.0918,5.1674,4.0451,13.305,-1,0.0, -> [background only]
frame_000889,-1.0,3.7333,5.2194,4.0643,13.0177,-1,0.0, -> [background only]
frame_000890,-1.0,2.7048,5.1785,5.5465,13.4307,-1,0.0, -> [background only]
frame_000891,-1.0,4.1998,6.3402,3.8526,14.3937,-1,0.0, -> [background only]
frame_000892,-1.0,4.1432,5.221,3.9392,13.3043,-1,0.0, -> [background only]
frame_000893,-1.0,3.8851,5.0212,4.1292,13.0363,-1,0.0, -> [background only]
frame_000894,-1.0,2.7793,5.2476,3.8153,11.8431,-1,0.0, -> [background only]
frame_000895,-1.0,2.2259,5.1265,4.2001,11.5538,-1,0.0, -> [background only]
frame_000896,-1.0,1.5185,5.1583,3.6993,10.3769,-1,0.0, -> [background only]
frame_000897,-1.0,2.1257,5.2189,4.1989,11.5444,-1,0.0, -> [background only]
frame_000898,-1.0,1.5025,7.5819,6.2379,15.3233,-1,0.0, -> [background only]
frame_000899,-1.0,3.6943,5.2543,4.0519,13.0012,-1,0.0, -> [background only]
frame_000900,-1.0,2.7757,5.0718,4.1384,11.9869,-1,0.0, -> [background only]
frame_000901,-1.0,4.1184,5.2119,4.1671,13.4983,-1,0.0, -> [background only]
frame_000902,-1.0,2.6456,5.2206,3.6935,11.5608,-1,0.0, -> [background only]
frame_000903,-1.0,3.6518,5.2114,3.6506,12.5146,-1,0.0, -> [background only]
frame_000904,-1.0,2.4599,5.1973,3.9496,11.6075,-1,0.0, -> [background only]
frame_000905,-1.0,3.9266,5.1631,4.2042,13.2949,-1,0.0, -> [background only]
frame_000906,-1.0,2.483,5.2202,3.6927,11.3966,-1,0.0, -> [background only]
frame_000907,-1.0,2.2466,5.2166,6.3134,13.7774,-1,0.0, -> [background only]
frame_000908,-1.0,3.881,5.2158,4.1527,13.2502,-1,0.0, -> [background only]
frame_000909,-1.0,2.7921,5.7674,4.0401,12.6004,-1,0.0, -> [background only]
frame_000910,-1.0,2.2299,5.1689,5.8341,13.2338,-1,0.0, -> [background only]
frame_000911,-1.0,4.0027,5.1545,3.6477,12.8059,-1,0.0, -> [background only]
frame_000912,-1.0,2.6022,5.2116,3.7507,11.5653,-1,0.0, -> [background only]
frame_000913,-1.0,2.1792,5.2686,6.1262,13.5749,-1,0.0, -> [background only]
frame_000914,-1.0,3.8487,5.2679,3.7219,12.8395,-1,0.0, -> [background only]
frame_000915,-1.0,2.4237,5.2663,3.7901,11.4812,-1,0.0, -> [background only]
frame_000916,-1.0,3.7514,5.2575,3.7353,12.746,-1,0.0, -> [background only]
frame_000917,-1.0,4.1475,5.2302,3.7942,13.1728,-1,0.0, -> [background only]
frame_000918,-1.0,4.0558,5.2168,4.1696,13.4431,-1,0.0, -> [background only]
frame_000919,-1.0,4.1185,5.1284,4.0142,13.262,-1,0.0, -> [background only]
frame_000920,-1.0,2.6548,5.1974,4.1881,12.0414,-1,0.0, -> [background only]
frame_000921,-1.0,2.1808,5.1797,5.5486,12.91,-1,0.0, -> [background only]
frame_000922,-1.0,3.9114,5.2353,4.1309,13.2782,-1,0.0, -> [background only]
frame_000923,-1.0,3.9753,5.2383,3.8343,13.0487,-1,0.0, -> [background only]
frame_000924,-1.0,4.0226,5.2569,4.1321,13.4124,-1,0.0, -> [background only]
frame_000925,-1.0,4.1784,5.0922,3.6518,12.9233,-1,0.0, -> [background only]
frame_000926,-1.0,2.698,5.206,4.185,12.0899,-1,0.0, -> [background only]
frame_000927,-1.0,2.1126,5.2131,6.1225,13.4491,-1,0.0, -> [background only]
frame_000928,-1.0,4.2038,5.2256,3.6917,13.122,-1,0.0, -> [background only]
frame_000929,-1.0,2.5219,5.4524,4.2102,12.1852,-1,0.0, -> [background only]
frame_000930,-1.0,3.9162,5.2053,4.1774,13.2997,-1,0.0, -> [background only]
frame_000931,-1.0,4.1961,5.165,4.0442,13.4062,-1,0.0, -> [background only]
frame_000932,-1.0,3.8076,5.2447,3.7105,12.7637,-1,0.0, -> [background only]
frame_000933,-1.0,4.3109,5.1538,4.037,13.5025,-1,0.0, -> [background only]
frame_000934,-1.0,2.7176,5.218,3.6377,11.5741,-1,0.0, -> [background only]
frame_000935,-1.0,2.058,5.1604,3.9995,11.2187,-1,0.0, -> [background only]
frame_000936,-1.0,3.6441,5.2069,3.6896,12.5415,-1,0.0, -> [background only]
frame_000937,-1.0,2.6045,5.2671,4.2245,12.0969,-1,0.0, -> [background only]
frame_000938,-1.0,3.7054,5.2236,4.1553,13.085,-1,0.0, -> [background only]
frame_000939,-1.0,2.3706,5.2005,4.2565,11.8286,-1,0.0, -> [background only]
frame_000940,-1.0,2.1023,5.1903,3.9671,11.2609,-1,0.0, -> [background only]
frame_000941,-1.0,2.0189,5.1549,4.016,11.1906,-1,0.0, -> [background only]
frame_000942,-1.0,1.9742,4.9753,3.6577,10.6083,-1,0.0, -> [background only]
frame_000943,-1.0,1.5293,5.1865,6.1475,12.8645,-1,0.0, -> [background only]
frame_000944,-1.0,2.5861,5.1098,4.2012,11.8982,-1,0.0, -> [background only]
frame_000945,-1.0,2.0633,5.1996,6.3916,13.6556,-1,0.0, -> [background only]
frame_000946,-1.0,2.6803,5.0506,3.6389,11.3707,-1,0.0, -> [background only]
frame_000947,-1.0,3.8525,5.1583,3.755,12.7667,-1,0.0, -> [background only]
frame_000948,-1.0,4.0519,5.2311,3.7831,13.0669,-1,0.0, -> [background only]
frame_000949,-1.0,2.6825,5.1815,3.6579,11.5226,-1,0.0, -> [background only]
frame_000950,-1.0,2.1442,5.1052,6.0975,13.3478,-1,0.0, -> [background only]
frame_000951,-1.0,2.578,5.1981,3.6857,11.4626,-1,0.0, -> [background only]
frame_000952,-1.0,2.2363,5.2551,3.8365,11.3287,-1,0.0, -> [background only]
frame_000953,-1.0,1.4536,5.2311,3.7123,10.3978,-1,0.0, -> [background only]
frame_000954,-1.0,1.4742,6.955,4.0293,12.4594,-1,0.0, -> [background only]
frame_000955,-1.0,3.313,5.2226,4.0437,12.5802,-1,0.0, -> [background only]
frame_000956,-1.0,4.0634,5.1927,4.2241,13.4813,-1,0.0, -> [background only]
frame_000957,-1.0,2.4611,5.2932,3.7046,11.4599,-1,0.0, -> [background only]
frame_000958,-1.0,4.0159,5.1128,4.2214,13.351,-1,0.0, -> [background only]
frame_000959,-1.0,2.5931,6.5563,3.8865,13.0366,-1,0.0, -> [background only]
frame_000960,-1.0,4.1071,5.2256,4.0589,13.3925,-1,0.0, -> [background only]
frame_000961,-1.0,2.5766,5.2315,4.0602,11.8692,-1,0.0, -> [background only]
frame_000962,-1.0,2.2092,5.298,5.8259,13.3341,-1,0.0, -> [background only]
frame_000963,-1.0,2.7849,5.1862,4.267,12.239,-1,0.0, -> [background only]
frame_000964,-1.0,2.223,5.1662,4.1804,11.5705,-1,0.0, -> [background only]
frame_000965,-1.0,3.9923,5.1506,3.9442,13.0879,-1,0.0, -> [background only]
frame_000966,-1.0,4.1953,5.214,3.6361,13.0461,-1,0.0, -> [background only]
frame_000967,-1.0,2.4865,5.274,4.0539,11.8153,-1,0.0, -> [background only]
frame_000968,-1.0,3.6329,5.1491,3.6457,12.4287,-1,0.0, -> [background only]
frame_000969,-1.0,2.515,5.1546,4.0398,11.7102,-1,0.0, -> [background only]
frame_000970,-1.0,3.5667,5.2321,3.9701,12.7696,-1,0.0, -> [background only]
frame_000971,-1.0,2.6849,9.6747,4.0369,16.3972,-1,0.0, -> [background only]
frame_000972,-1.0,3.7876,5.2496,3.6654,12.7036,-1,0.0, -> [background only]
frame_000973,-1.0,3.8127,5.1589,4.1507,13.1231,-1,0.0, -> [background only]
frame_000974,-1.0,2.5729,5.207,4.1685,11.9491,-1,0.0, -> [background only]
frame_000975,-1.0,2.124,5.2028,6.0672,13.3949,-1,0.0, -> [background only]
frame_000976,-1.0,2.4329,5.0175,3.9972,11.4484,-1,0.0, -> [background only]
frame_000977,-1.0,3.7706,5.2093,4.0527,13.0333,-1,0.0, -> [background only]
frame_000978,-1.0,2.1123,7.0364,4.2204,13.3699,-1,0.0, -> [background only]
frame_000979,-1.0,3.8224,5.279,3.9906,13.0928,-1,0.0, -> [background only]
frame_000980,-1.0,3.6899,5.0562,3.862,12.6089,-1,0.0, -> [background only]
frame_000981,-1.0,3.6401,5.1988,4.0529,12.8926,-1,0.0, -> [background only]
frame_000982,-1.0,2.6192,5.2152,3.6437,11.4789,-1,0.0, -> [background only]
frame_000983,-1.0,3.5459,5.1794,4.0556,12.7815,-1,0.0, -> [background only]
frame_000984,-1.0,2.6758,5.1425,3.7742,11.5932,-1,0.0, -> [background only]
frame_000985,-1.0,2.1827,5.1721,4.0141,11.3698,-1,0.0, -> [background only]
frame_000986,-1.0,3.7675,5.0466,4.1611,12.9763,-1,0.0, -> [background only]
frame_000987,-1.0,2.8733,5.0464,5.8454,13.7663,-1,0.0, -> [background only]
frame_000988,-1.0,3.9172,5.1535,4.0401,13.1119,-1,0.0, -> [background only]
frame_000989,-1.0,3.7107,8.0113,4.0324,15.7553,-1,0.0, -> [background only]
frame_000990,-1.0,2.4809,5.2346,3.6631,11.3796,-1,0.0, -> [background only]
frame_000991,-1.0,3.7904,5.2693,4.2568,13.3173,-1,0.0, -> [background only]
frame_000992,-1.0,2.6339,5.1905,4.1408,11.966,-1,0.0, -> [background only]
frame_000993,-1.0,3.8429,5.2461,4.1171,13.2071,-1,0.0, -> [background only]
frame_000994,-1.0,4.0604,5.2868,3.7249,13.0731,-1,0.0, -> [background only]
frame_000995,-1.0,3.8438,5.264,4.1813,13.2898,-1,0.0, -> [background only]
frame_000996,-1.0,2.5036,5.1436,4.1714,11.8193,-1,0.0, -> [background only]
frame_000997,-1.0,2.1112,6.4198,6.4,14.9317,-1,0.0, -> [background only]
frame_000998,-1.0,3.7897,5.2211,3.6922,12.7038,-1,0.0, -> [background only]
frame_000999,-1.0,2.6172,5.1049,3.9408,11.6638,-1,0.0, -> [background only]
frame_001000,-1.0,2.0715,5.2783,3.9443,11.2949,-1,0.0, -> [background only]
frame_001001,-1.0,3.6269,9.3628,4.1814,17.1719,-1,0.0, -> [background only]
frame_001002,-1.0,3.7426,5.2151,4.0341,12.9924,-1,0.0, -> [background only]
frame_001003,-1.0,3.803,4.9926,3.9669,12.7632,-1,0.0, -> [background only]
frame_001004,-1.0,3.6461,5.2522,3.9933,12.8924,-1,0.0, -> [background only]
frame_001005,-1.0,4.1215,5.1716,3.8327,13.1265,-1,0.0, -> [background only]
frame_001006,-1.0,3.8176,5.2097,4.0011,13.0293,-1,0.0, -> [background only]
frame_001007,-1.0,3.5343,5.2054,4.2533,12.9939,-1,0.0, -> [background only]
frame_001008,-1.0,3.5414,5.1939,4.288,13.0239,-1,0.0, -> [background only]
frame_001009,-1.0,3.8411,9.7182,3.7317,17.2919,-1,0.0, -> [background only]
frame_001010,-1.0,3.639,5.2851,4.0572,12.9821,-1,0.0, -> [background only]
frame_001011,-1.0,4.2701,9.4341,4.0405,17.7457,-1,0.0, -> [background only]
frame_001012,-1.0,3.9473,5.1329,4.0779,13.1589,-1,0.0, -> [background only]
frame_001013,-1.0,2.5683,5.6348,3.7203,11.9243,-1,0.0, -> [background only]
frame_001014,-1.0,3.9856,5.2254,4.2863,13.498,-1,0.0, -> [background only]
frame_001015,-1.0,3.9881,5.2009,4.1583,13.3486,-1,0.0, -> [background only]
frame_001016,-1.0,4.1203,5.225,4.0654,13.4114,-1,0.0, -> [background only]
frame_001017,-1.0,2.5149,5.2717,3.6536,11.441,-1,0.0, -> [background only]
frame_001018,-1.0,2.1316,5.1212,5.9893,13.243,-1,0.0, -> [background only]
frame_001019,-1.0,2.7767,9.4903,5.6479,17.9158,-1,0.0, -> [background only]
frame_001020,-1.0,4.0498,5.156,3.791,12.9977,-1,0.0, -> [background only]
frame_001021,-1.0,4.1675,5.1892,3.7239,13.0818,-1,0.0, -> [background only]
frame_001022,-1.0,3.8906,5.2142,4.1595,13.2651,-1,0.0, -> [background only]
frame_001023,-1.0,2.5945,6.7594,4.1525,13.5072,-1,0.0, -> [background only]
frame_001024,-1.0,3.7765,5.1853,4.0476,13.0102,-1,0.0, -> [background only]
frame_001025,-1.0,4.4437,5.2809,3.8234,13.5491,-1,0.0, -> [background only]
frame_001026,-1.0,2.604,5.2681,3.997,11.8699,-1,0.0, -> [background only]
frame_001027,-1.0,2.239,5.1037,4.061,11.4045,-1,0.0, -> [background only]
frame_001028,-1.0,1.5966,5.1493,4.3032,11.05,-1,0.0, -> [background only]
frame_001029,-1.0,1.5498,5.2882,4.0082,10.8471,-1,0.0, -> [background only]
frame_001030,-1.0,1.5947,5.2023,3.6558,10.4537,-1,0.0, -> [background only]
frame_001031,-1.0,3.8585,7.4919,5.229,16.5804,-1,0.0, -> [background only]
frame_001032,-1.0,2.4359,5.2025,3.6355,11.275,-1,0.0, -> [background only]
frame_001033,-1.0,3.6537,5.0745,4.1395,12.8685,-1,0.0, -> [background only]
frame_001034,-1.0,2.5834,5.2123,4.0001,11.7968,-1,0.0, -> [background only]
frame_001035,-1.0,4.9566,5.1479,3.8313,13.9368,-1,0.0, -> [background only]
frame_001036,-1.0,3.7034,5.1819,4.2802,13.1665,-1,0.0, -> [background only]
frame_001037,-1.0,3.9094,5.17,3.8302,12.9106,-1,0.0, -> [background only]
frame_001038,-1.0,4.096,5.1099,4.0133,13.2201,-1,0.0, -> [background only]
frame_001039,-1.0,3.9534,5.2211,4.2699,13.4453,-1,0.0, -> [background only]
frame_001040,-1.0,3.9722,5.1195,3.8176,12.9101,-1,0.0, -> [background only]
frame_001041,-1.0,2.5682,5.1627,4.2279,11.9596,-1,0.0, -> [background only]
frame_001042,-1.0,2.226,4.9474,6.1364,13.3106,-1,0.0, -> [background only]
frame_001043,-1.0,2.4841,5.2359,4.1142,11.8351,-1,0.0, -> [background only]
frame_001044,-1.0,4.431,5.215,4.215,13.8619,-1,0.0, -> [background only]
frame_001045,-1.0,2.3798,5.1693,4.0165,11.5663,-1,0.0, -> [background only]
frame_001046,-1.0,2.1696,5.1847,4.2256,11.581,-1,0.0, -> [background only]
frame_001047,-1.0,1.7294,6.6162,4.002,12.3484,-1,0.0, -> [background only]
frame_001048,-1.0,3.9205,5.1663,3.9313,13.019,-1,0.0, -> [background only]
frame_001049,-1.0,3.8933,5.1461,4.2865,13.3267,-1,0.0, -> [background only]
frame_001050,-1.0,2.5086,5.203,3.8593,11.5717,-1,0.0, -> [background only]
frame_001051,-1.0,2.1091,5.2008,6.5271,13.8378,-1,0.0, -> [background only]
frame_001052,-1.0,3.9474,5.3098,3.8401,13.0982,-1,0.0, -> [background only]
frame_001053,-1.0,4.2428,5.235,4.1307,13.6095,-1,0.0, -> [background only]
frame_001054,-1.0,2.4029,6.5968,5.7306,14.731,-1,0.0, -> [background only]
frame_001055,-1.0,3.8306,5.2666,4.0032,13.1011,-1,0.0, -> [background only]
frame_001056,-1.0,4.0629,5.2619,3.8213,13.147,-1,0.0, -> [background only]
frame_001057,-1.0,4.2608,5.1465,4.2091,13.6173,-1,0.0, -> [background only]
frame_001058,-1.0,3.8193,8.3339,3.6816,15.8356,-1,0.0, -> [background only]
frame_001059,-1.0,4.0249,5.0122,4.2841,13.3219,-1,0.0, -> [background only]
frame_001060,-1.0,2.4871,6.3882,3.6748,12.5509,-1,0.0, -> [background only]
frame_001061,-1.0,3.773,5.9125,4.2397,13.926,-1,0.0, -> [background only]
frame_001062,-1.0,4.171,5.1287,4.1952,13.4956,-1,0.0, -> [background only]
frame_001063,-1.0,4.1124,5.1983,4.0469,13.3584,-1,0.0, -> [background only]
frame_001064,-1.0,3.9716,5.1528,4.1713,13.2965,-1,0.0, -> [background only]
frame_001065,-1.0,2.7003,5.2033,4.2526,12.1569,-1,0.0, -> [background only]
frame_001066,-1.0,3.9394,5.1649,3.6702,12.7754,-1,0.0, -> [background only]
frame_001067,-1.0,2.5852,5.3628,4.0151,11.9638,-1,0.0, -> [background only]
frame_001068,-1.0,2.1079,5.1987,3.6185,10.9259,-1,0.0, -> [background only]
frame_001069,-1.0,1.5336,5.3206,6.4498,13.3048,-1,0.0, -> [background only]
frame_001070,-1.0,4.3919,5.2185,3.677,13.2882,-1,0.0, -> [background only]
frame_001071,-1.0,2.7283,5.1755,4.0186,11.9232,-1,0.0, -> [background only]
frame_001072,-1.0,3.7835,5.2151,3.6476,12.647,-1,0.0, -> [background only]
frame_001073,-1.0,2.5717,5.1054,4.0412,11.719,-1,0.0, -> [background only]
frame_001074,-1.0,4.1572,5.2092,4.1745,13.5418,-1,0.0, -> [background only]
frame_001075,-1.0,2.5045,5.1642,4.2037,11.873,-1,0.0, -> [background only]
frame_001076,-1.0,3.6094,5.2523,3.669,12.5316,-1,0.0, -> [background only]
frame_001077,-1.0,3.9851,9.9524,4.2411,18.1795,-1,0.0, -> [background only]
frame_001078,-1.0,4.0029,5.1412,3.6322,12.7771,-1,0.0, -> [background only]
frame_001079,-1.0,2.6094,5.1555,4.2787,12.0445,-1,0.0, -> [background only]
frame_001080,-1.0,3.7199,5.15,4.0353,12.906,-1,0.0, -> [background only]
frame_001081,-1.0,4.0026,5.3361,3.9225,13.2622,-1,0.0, -> [background only]
frame_001082,-1.0,4.137,5.176,3.7051,13.019,-1,0.0, -> [background only]
frame_001083,-1.0,2.6363,4.9895,4.2632,11.89,-1,0.0, -> [background only]
frame_001084,-1.0,3.8925,5.2247,3.8354,12.9533,-1,0.0, -> [background only]
frame_001085,-1.0,2.5612,5.2013,4.0047,11.7681,-1,0.0, -> [background only]
frame_001086,-1.0,3.8615,5.1886,4.2629,13.3138,-1,0.0, -> [background only]
frame_001087,-1.0,3.9564,5.2915,3.9747,13.2235,-1,0.0, -> [background only]
frame_001088,-1.0,2.7431,5.2405,4.0045,11.9891,-1,0.0, -> [background only]
frame_001089,-1.0,3.516,5.3244,3.8115,12.6527,-1,0.0, -> [background only]
frame_001090,-1.0,2.5563,5.273,3.9928,11.8229,-1,0.0, -> [background only]
frame_001091,-1.0,1.9941,5.1935,4.0478,11.2361,-1,0.0, -> [background only]
frame_001092,-1.0,1.9627,5.1534,3.776,10.893,-1,0.0, -> [background only]
frame_001093,-1.0,3.7967,5.1291,4.2253,13.1519,-1,0.0, -> [background only]
frame_001094,-1.0,2.3888,5.2132,3.614,11.2169,-1,0.0, -> [background only]
frame_001095,-1.0,3.6883,5.1894,3.9781,12.8567,-1,0.0, -> [background only]
frame_001096,-1.0,3.6667,5.2903,4.2261,13.184,-1,0.0, -> [background only]
frame_001097,-1.0,3.7275,4.9373,3.8013,12.4668,-1,0.0, -> [background only]
frame_001098,-1.0,3.7933,5.2589,4.2014,13.2544,-1,0.0, -> [background only]
frame_001099,-1.0,3.8848,5.1908,3.9842,13.0607,-1,0.0, -> [background only]
frame_001100,-1.0,3.6569,5.165,3.9992,12.8221,-1,0.0, -> [background only]
frame_001101,-1.0,3.6375,5.116,4.2237,12.9781,-1,0.0, -> [background only]
frame_001102,-1.0,3.4034,5.2655,4.1402,12.81,-1,0.0, -> [background only]
frame_001103,-1.0,3.8008,5.0339,4.2888,13.1244,-1,0.0, -> [background only]
frame_001104,-1.0,2.6484,5.2372,3.7621,11.6484,-1,0.0, -> [background only]
frame_001105,-1.0,1.8307,5.1864,4.0282,11.0461,-1,0.0, -> [background only]
frame_001106,-1.0,3.0245,5.1744,3.8123,12.012,-1,0.0, -> [background only]
frame_001107,-1.0,2.0749,5.2998,4.1647,11.5402,-1,0.0, -> [background only]
frame_001108,-1.0,4.2358,5.1554,3.9293,13.3214,-1,0.0, -> [background only]
frame_001109,-1.0,2.0632,5.1651,3.9945,11.2237,-1,0.0, -> [background only]
frame_001110,-1.0,2.1675,5.2827,3.8137,11.2649,-1,0.0, -> [background only]
frame_001111,-1.0,1.5691,5.1588,3.9985,10.7272,-1,0.0, -> [background only]
frame_001112,-1.0,3.6154,5.2459,3.8313,12.6933,-1,0.0, -> [background only]
frame_001113,-1.0,3.8689,5.303,4.1598,13.3326,-1,0.0, -> [background only]
frame_001114,-1.0,3.5884,5.2619,3.8127,12.6637,-1,0.0, -> [background only]
frame_001115,-1.0,2.4358,5.3922,4.2134,12.0421,-1,0.0, -> [background only]
frame_001116,-1.0,1.7056,5.1717,3.7514,10.6296,-1,0.0, -> [background only]
frame_001117,-1.0,3.4711,5.2925,4.0488,12.8132,-1,0.0, -> [background only]
frame_001118,-1.0,2.0602,5.2169,4.0621,11.34,-1,0.0, -> [background only]
frame_001119,-1.0,2.2492,5.1623,4.0157,11.4281,-1,0.0, -> [background only]
frame_001120,-1.0,1.5805,5.235,4.1999,11.0162,-1,0.0, -> [background only]
frame_001121,-1.0,2.9833,6.7449,3.8086,13.5377,-1,0.0, -> [background only]
frame_001122,-1.0,3.8434,5.2954,4.0189,13.1585,-1,0.0, -> [background only]
frame_001123,-1.0,2.1512,5.1752,3.6473,10.9746,-1,0.0, -> [background only]
frame_001124,-1.0,1.5352,5.2535,3.9886,10.7782,-1,0.0, -> [background only]
frame_001125,-1.0,2.2714,5.1851,4.2027,11.66,-1,0.0, -> [background only]
frame_001126,-1.0,1.5823,5.2416,4.0446,10.8693,-1,0.0, -> [background only]
frame_001127,-1.0,1.5422,5.2631,5.3374,12.1435,-1,0.0, -> [background only]
frame_001128,-1.0,2.0851,5.1632,4.0152,11.2644,-1,0.0, -> [background only]
frame_001129,-1.0,1.5585,5.2337,3.6056,10.3985,-1,0.0, -> [background only]
frame_001130,-1.0,1.6161,5.1503,4.145,10.9122,-1,0.0, -> [background only]
frame_001131,-1.0,4.586,5.2534,4.1438,13.984,-1,0.0, -> [background only]
frame_001132,-1.0,2.2188,5.189,4.0153,11.4238,-1,0.0, -> [background only]
frame_001133,-1.0,3.4139,5.0194,3.787,12.2211,-1,0.0, -> [background only]
frame_001134,-1.0,2.0836,5.1511,3.7684,11.0038,-1,0.0, -> [background only]
frame_001135,-1.0,3.4322,5.1067,4.0635,12.6032,-1,0.0, -> [background only]
frame_001136,-1.0,2.1206,5.1911,3.7686,11.0812,-1,0.0, -> [background only]
frame_001137,-1.0,1.4123,6.4775,3.8254,11.7161,-1,0.0, -> [background only]
frame_001138,-1.0,3.6421,5.1541,4.2151,13.0123,-1,0.0, -> [background only]
frame_001139,-1.0,3.9463,5.1608,3.7265,12.8342,-1,0.0, -> [background only]
frame_001140,-1.0,2.055,5.2107,3.8104,11.0769,-1,0.0, -> [background only]
frame_001141,-1.0,2.15,6.5848,4.2663,13.0018,-1,0.0, -> [background only]
frame_001142,-1.0,1.6788,5.2594,4.1797,11.1185,-1,0.0, -> [background only]
frame_001143,-1.0,3.1855,5.1837,4.0414,12.4114,-1,0.0, -> [background only]
frame_001144,-1.0,2.459,5.2269,3.7463,11.433,-1,0.0, -> [background only]
frame_001145,-1.0,3.8968,5.2513,3.7665,12.9155,-1,0.0, -> [background only]
frame_001146,-1.0,3.7417,5.1737,4.2705,13.1868,-1,0.0, -> [background only]
frame_001147,-1.0,2.3742,5.1292,4.0553,11.5594,-1,0.0, -> [background only]
frame_001148,-1.0,1.588,5.2131,4.048,10.8499,-1,0.0, -> [background only]
frame_001149,-1.0,1.6703,5.1429,5.4264,12.2406,-1,0.0, -> [background only]
frame_001150,-1.0,2.1002,5.224,4.0266,11.3514,-1,0.0, -> [background only]
frame_001151,-1.0,2.1376,5.183,4.1985,11.5198,-1,0.0, -> [background only]
frame_001152,-1.0,1.5996,5.1631,4.2089,10.9724,-1,0.0, -> [background only]
frame_001153,-1.0,1.5855,5.0419,3.74,10.3681,-1,0.0, -> [background only]
frame_001154,-1.0,2.2624,5.2589,4.0011,11.5232,-1,0.0, -> [background only]
frame_001155,-1.0,1.6683,5.2021,3.7412,10.6124,-1,0.0, -> [background only]
frame_001156,-1.0,1.7184,5.2331,4.0155,10.9678,-1,0.0, -> [background only]
frame_001157,-1.0,1.5135,5.1139,4.078,10.7062,-1,0.0, -> [background only]
frame_001158,-1.0,1.5075,5.2165,3.978,10.7027,-1,0.0, -> [background only]
frame_001159,-1.0,1.5911,5.1068,4.1903,10.8889,-1,0.0, -> [background only]
frame_001160,-1.0,1.5836,5.209,4.0068,10.8002,-1,0.0, -> [background only]
frame_001161,-1.0,1.5371,5.2295,3.8986,10.6661,-1,0.0, -> [background only]
frame_001162,-1.0,1.4966,5.2052,4.0518,10.7544,-1,0.0, -> [background only]
frame_001163,-1.0,1.5742,5.163,3.9142,10.6521,-1,0.0, -> [background only]
frame_001164,-1.0,1.6098,5.257,3.9911,10.8586,-1,0.0, -> [background only]
frame_001165,-1.0,1.6537,5.0956,3.7761,10.5264,-1,0.0, -> [background only]
frame_001166,-1.0,1.5639,5.3542,3.9559,10.8747,-1,0.0, -> [background only]
frame_001167,-1.0,1.6807,5.2142,3.7358,10.6315,-1,0.0, -> [background only]
frame_001168,-1.0,3.7217,5.2908,3.6224,12.6357,-1,0.0, -> [background only]
frame_001169,-1.0,2.6591,5.1801,3.912,11.7522,-1,0.0, -> [background only]
frame_001170,-1.0,1.4905,5.2318,4.1336,10.8567,-1,0.0, -> [background only]
frame_001171,-1.0,2.3071,5.2387,6.3546,13.9014,-1,0.0, -> [background only]
frame_001172,-1.0,3.7937,5.2132,3.6321,12.6401,-1,0.0, -> [background only]
frame_001173,-1.0,2.6506,5.2225,4.2053,12.0794,-1,0.0, -> [background only]
frame_001174,-1.0,1.6595,5.2163,3.9466,10.8235,-1,0.0, -> [background only]
frame_001175,-1.0,2.5423,5.193,3.7804,11.5165,-1,0.0, -> [background only]
frame_001176,-1.0,3.5377,5.2187,3.7626,12.5198,-1,0.0, -> [background only]
frame_001177,-1.0,2.1199,5.1709,3.7469,11.0385,-1,0.0, -> [background only]
frame_001178,-1.0,2.0779,5.2369,4.0334,11.3489,-1,0.0, -> [background only]
frame_001179,-1.0,1.6125,5.1797,6.4744,13.2675,-1,0.0, -> [background only]
frame_001180,-1.0,2.0179,5.1699,4.1622,11.3509,-1,0.0, -> [background only]
frame_001181,-1.0,3.5853,5.2984,4.0463,12.9309,-1,0.0, -> [background only]
frame_001182,-1.0,2.0797,5.2201,4.1955,11.4964,-1,0.0, -> [background only]
frame_001183,-1.0,1.5537,5.1799,3.7671,10.5015,-1,0.0, -> [background only]
frame_001184,-1.0,1.471,5.0733,5.4378,11.983,-1,0.0, -> [background only]
frame_001185,-1.0,3.8601,8.8972,4.0405,16.7985,-1,0.0, -> [background only]
frame_001186,-1.0,2.0866,5.2249,3.7869,11.0994,-1,0.0, -> [background only]
frame_001187,-1.0,2.1928,5.1282,3.8909,11.2127,-1,0.0, -> [bicycle (Right): 3%]
frame_001188,-1.0,1.8077,5.2429,4.3033,11.3551,-1,0.0, -> [chair (Right): 8%]
frame_001189,-1.0,2.168,5.1602,4.1738,11.5028,-1,0.0, -> [chair (Right): 13%]
frame_001190,-1.0,1.6523,5.2545,3.774,10.6815,-1,0.0, -> [chair (Right): 12%]
frame_001191,-1.0,1.5963,7.0929,4.138,12.8283,-1,0.0, -> [chair (Right): 11%]
frame_001192,-1.0,1.7713,5.2698,3.9563,10.9984,-1,0.0, -> [background only]
frame_001193,-1.0,1.6621,5.1759,4.382,11.221,-1,0.0, -> [chair (Right): 10%]
frame_001194,-1.0,1.6117,5.2167,4.034,10.8632,-1,0.0, -> [bicycle (Top-Right): 5%]
frame_001195,-1.0,1.6903,5.1847,4.2212,11.0969,-1,0.0," -> [chair (Center): 4%, motorbike (Top-Right): 2%]"
frame_001196,-1.0,1.7003,5.2469,3.9354,10.8834,-1,0.0," -> [bicycle (Center): 3%, chair (Top): 2%]"
frame_001197,-1.0,1.567,5.2713,5.8035,12.6426,-1,0.0, -> [chair (Center): 14%]
frame_001198,-1.0,3.5266,5.3379,4.201,13.0664,-1,0.0," -> [bicycle (Center): 7%, chair (Top-Right): 10%]"
frame_001199,-1.0,2.0632,5.1942,4.3002,11.5585,-1,0.0," -> [bicycle (Center): 1%, chair (Center): 7%, motorbike (Top-Right): 16%]"
frame_001200,-1.0,3.9279,5.2245,4.251,13.4042,-1,0.0," -> [bicycle (Center): 8%, chair (Bottom): 2%, motorbike (Top-Right): 27%]"
frame_001201,-1.0,2.2246,5.3362,4.4242,11.9858,-1,0.0, -> [chair (Center): 42%]
frame_001202,-1.0,2.1289,5.294,3.9199,11.3437,-1,0.0," -> [bicycle (Center): 14%, chair (Right): 32%]"
frame_001203,-1.0,1.8176,5.1888,6.4904,13.4976,-1,0.0," -> [bicycle (Left): 3%, chair (Top): 11%]"
frame_001204,-1.0,2.1265,5.1519,3.924,11.2032,-1,0.0, -> [chair (Center): 38%]
frame_001205,-1.0,3.9855,5.1839,4.1626,13.333,-1,0.0," -> [bicycle (Left): 1%, chair (Top): 26%]"
frame_001206,-1.0,2.1205,5.2375,4.1374,11.4962,-1,0.0, -> [chair (Top): 7%]
frame_001207,-1.0,1.6094,5.4861,3.7879,10.8842,-1,0.0, -> [background only]
frame_001208,-1.0,1.5489,5.2223,5.8572,12.6291,-1,0.0, -> [tvmonitor (Bottom-Right): 3%]
frame_001209,-1.0,3.7435,9.1964,3.7029,16.6438,-1,0.0, -> [background only]
frame_001210,-1.0,2.1429,5.2766,4.2143,11.6345,-1,0.0, -> [background only]
frame_001211,-1.0,3.5992,5.0227,4.1236,12.7465,-1,0.0, -> [aeroplane (Top): 31%]
frame_001212,-1.0,2.0502,5.1323,4.041,11.2244,-1,0.0, -> [background only]
frame_001213,-1.0,3.5896,5.1941,3.6754,12.4599,-1,0.0, -> [background only]
frame_001214,-1.0,2.0886,5.2323,4.0073,11.3291,-1,0.0, -> [background only]
frame_001215,-1.0,2.1312,5.1742,5.0247,12.3311,-1,0.0, -> [background only]
frame_001216,-1.0,3.8567,5.2465,4.1741,13.2783,-1,0.0, -> [chair (Top-Left): 6%]
frame_001217,-1.0,2.6369,4.9614,5.4466,13.0458,-1,0.0, -> [chair (Top-Left): 3%]
frame_001218,-1.0,3.7182,5.3153,4.2221,13.2569,-1,0.0, -> [background only]
frame_001219,-1.0,3.9204,4.9965,3.6983,12.6164,-1,0.0, -> [background only]
frame_001220,-1.0,3.3817,5.2095,4.0064,12.5989,-1,0.0, -> [background only]
frame_001221,-1.0,4.0224,7.1301,4.1146,15.2682,-1,0.0, -> [background only]
frame_001222,-1.0,3.9238,5.3651,4.018,13.3081,-1,0.0, -> [background only]
frame_001223,-1.0,2.672,5.1677,4.2206,12.0613,-1,0.0, -> [background only]
frame_001224,-1.0,2.2436,5.2073,3.6436,11.0956,-1,0.0, -> [background only]
frame_001225,-1.0,1.6361,5.9053,4.0208,11.5632,-1,0.0, -> [background only]
frame_001226,-1.0,1.5453,5.2345,3.7574,10.5381,-1,0.0, -> [chair (Top-Right): 4%]
frame_001227,-1.0,1.6053,5.2818,5.4554,12.3436,-1,0.0, -> [background only]
frame_001228,-1.0,3.6068,5.2711,3.9639,12.8426,-1,0.0, -> [background only]
frame_001229,-1.0,2.058,5.2312,4.1371,11.4271,-1,0.0, -> [chair (Right): 7%]
frame_001230,-1.0,3.9651,5.2191,3.9049,13.0901,-1,0.0, -> [chair (Top-Right): 2%]
frame_001231,-1.0,2.6268,5.17,4.499,12.2967,-1,0.0," -> [chair (Right): 14%, person (Top-Left): 1%, tvmonitor (Bottom-Left): 6%]"
frame_001232,-1.0,1.928,5.1981,4.2243,11.3511,-1,0.0," -> [chair (Right): 19%, person (Top-Left): 1%, tvmonitor (Bottom-Left): 17%]"
frame_001233,-1.0,1.68,5.3114,4.3414,11.3337,-1,0.0," -> [chair (Right): 21%, person (Top-Left): 3%, tvmonitor (Left): 12%]"
frame_001234,-1.0,4.0038,5.0114,4.2875,13.3036,-1,0.0," -> [chair (Right): 22%, tvmonitor (Bottom-Left): 6%]"
frame_001235,-1.0,2.0972,5.1047,4.2737,11.4764,-1,0.0," -> [chair (Right): 19%, tvmonitor (Bottom-Left): 15%]"
frame_001236,-1.0,1.496,5.2791,3.9624,10.7383,-1,0.0," -> [chair (Center): 24%, person (Top-Left): 1%]"
frame_001237,-1.0,3.3882,5.1277,4.183,12.6997,-1,0.0, -> [chair (Center): 14%]
frame_001238,-1.0,3.8501,5.2016,4.2789,13.3315,-1,0.0, -> [chair (Center): 20%]
frame_001239,-1.0,2.1676,5.2245,4.1307,11.5236,-1,0.0, -> [chair (Center): 17%]
frame_001240,-1.0,2.1849,5.3342,4.1993,11.7192,-1,0.0, -> [chair (Center): 16%]
frame_001241,-1.0,1.6256,5.3505,4.3521,11.3293,-1,0.0, -> [chair (Center): 22%]
frame_001242,-1.0,1.7226,5.296,3.902,10.9214,-1,0.0, -> [chair (Center): 31%]
frame_001243,-1.0,3.6778,5.1785,4.1224,12.9795,-1,0.0, -> [chair (Center): 18%]
frame_001244,-1.0,3.5879,5.3253,3.9419,12.8559,-1,0.0, -> [chair (Left): 13%]
frame_001245,-1.0,4.1233,5.2825,4.247,13.6538,-1,0.0, -> [chair (Left): 15%]
frame_001246,-1.0,2.7382,5.1905,4.2104,12.1399,-1,0.0, -> [chair (Left): 15%]
frame_001247,-1.0,2.3038,5.2357,5.4045,12.945,-1,0.0, -> [chair (Left): 18%]
frame_001248,-1.0,2.5384,5.0416,5.549,13.1298,-1,0.0, -> [chair (Left): 18%]
frame_001249,-1.0,2.7544,5.2145,4.326,12.2957,-1,0.0, -> [chair (Left): 17%]
frame_001250,-1.0,2.1629,5.2324,6.1431,13.5392,-1,0.0, -> [chair (Left): 1%]
frame_001251,-1.0,2.5351,5.2085,4.0223,11.7668,-1,0.0, -> [chair (Left): 1%]
frame_001252,-1.0,3.5817,5.3142,4.2097,13.1067,-1,0.0, -> [background only]
frame_001253,-1.0,2.4809,5.1566,3.8429,11.4812,-1,0.0, -> [background only]
frame_001254,-1.0,2.0747,5.0008,5.4418,12.518,-1,0.0, -> [background only]
frame_001255,-1.0,3.8638,5.3175,4.1311,13.3135,-1,0.0, -> [background only]
frame_001256,-1.0,3.7424,4.9797,3.6414,12.3643,-1,0.0, -> [background only]
frame_001257,-1.0,3.9107,5.1631,4.2108,13.2855,-1,0.0, -> [background only]
frame_001258,-1.0,2.6402,5.221,3.6623,11.5244,-1,0.0, -> [background only]
frame_001259,-1.0,3.6988,5.1864,3.8445,12.7306,-1,0.0, -> [background only]
frame_001260,-1.0,2.0968,5.1619,4.1298,11.3894,-1,0.0, -> [background only]
frame_001261,-1.0,1.8772,5.172,4.2161,11.2661,-1,0.0, -> [background only]
frame_001262,-1.0,1.6589,5.2222,6.2151,13.0971,-1,0.0, -> [background only]
frame_001263,-1.0,3.8792,5.1883,3.8125,12.8808,-1,0.0, -> [background only]
frame_001264,-1.0,2.6487,5.3569,3.6427,11.6494,-1,0.0, -> [background only]
frame_001265,-1.0,2.0267,5.2038,5.8611,13.0928,-1,0.0, -> [background only]
frame_001266,-1.0,2.6035,8.0141,3.6943,14.3128,-1,0.0, -> [background only]
frame_001267,-1.0,1.6883,5.2353,4.061,10.9855,-1,0.0, -> [background only]
frame_001268,-1.0,1.4143,5.1235,3.6148,10.1536,-1,0.0, -> [background only]
frame_001269,-1.0,1.4942,5.3131,4.1909,10.9992,-1,0.0, -> [background only]
frame_001270,-1.0,2.1019,4.9524,6.2952,13.3504,-1,0.0, -> [background only]
frame_001271,-1.0,3.7735,5.2514,3.8836,12.9094,-1,0.0, -> [tvmonitor (Top-Left): 2%]
frame_001272,-1.0,3.9416,5.1106,3.7432,12.7963,-1,0.0, -> [tvmonitor (Top-Left): 1%]
frame_001273,-1.0,2.7285,5.2259,4.9424,12.8977,-1,0.0, -> [tvmonitor (Top-Left): 2%]
frame_001274,-1.0,3.7996,9.3154,4.189,17.3049,-1,0.0, -> [tvmonitor (Left): 5%]
frame_001275,-1.0,2.6098,5.2185,5.4722,13.3015,-1,0.0, -> [tvmonitor (Top-Left): 5%]
frame_001276,-1.0,2.058,5.1846,3.8084,11.052,-1,0.0, -> [background only]
frame_001277,-1.0,2.0984,5.2223,5.1985,12.5201,-1,0.0, -> [tvmonitor (Top-Left): 2%]
frame_001278,-1.0,2.1728,5.5692,3.8255,11.5688,-1,0.0, -> [tvmonitor (Top-Left): 2%]
frame_001279,-1.0,3.3603,5.1748,4.2536,12.7895,-1,0.0, -> [tvmonitor (Top-Left): 2%]
frame_001280,-1.0,2.0189,5.0289,3.8168,10.8655,-1,0.0, -> [tvmonitor (Top-Left): 1%]
frame_001281,-1.0,2.108,5.2718,4.3182,11.6988,-1,0.0, -> [tvmonitor (Top-Left): 1%]
frame_001282,-1.0,1.5594,5.2795,3.8115,10.6513,-1,0.0, -> [tvmonitor (Top-Left): 1%]
frame_001283,-1.0,1.4958,5.2604,4.2082,10.9653,-1,0.0, -> [background only]
frame_001284,-1.0,3.7331,5.1697,3.9408,12.8445,-1,0.0, -> [tvmonitor (Top-Left): 1%]
frame_001285,-1.0,2.6134,5.2228,3.897,11.734,-1,0.0, -> [tvmonitor (Top-Left): 2%]
frame_001286,-1.0,2.1887,5.1679,3.796,11.1534,-1,0.0, -> [tvmonitor (Top-Left): 2%]
frame_001287,-1.0,1.5397,5.2154,4.2772,11.033,-1,0.0, -> [tvmonitor (Top-Left): 2%]
frame_001288,-1.0,1.6726,5.2288,4.1273,11.0295,-1,0.0, -> [tvmonitor (Top-Left): 1%]
frame_001289,-1.0,2.144,5.2058,6.676,14.0266,-1,0.0, -> [tvmonitor (Top-Left): 2%]
frame_001290,-1.0,3.9244,5.253,3.8531,13.0314,-1,0.0, -> [tvmonitor (Top-Left): 1%]
frame_001291,-1.0,2.7179,5.2465,5.0251,12.9905,-1,0.0, -> [tvmonitor (Top-Left): 1%]
frame_001292,-1.0,3.7722,5.1393,4.2606,13.1729,-1,0.0, -> [tvmonitor (Top-Left): 2%]
frame_001293,-1.0,3.847,5.1935,4.3482,13.3895,-1,0.0, -> [tvmonitor (Top-Left): 1%]
frame_001294,-1.0,3.5192,5.2443,3.8319,12.5963,-1,0.0, -> [tvmonitor (Top-Left): 2%]
frame_001295,-1.0,2.5793,6.8091,5.393,14.7822,-1,0.0, -> [tvmonitor (Top-Left): 2%]
frame_001296,-1.0,2.5975,5.2323,3.7738,11.6046,-1,0.0, -> [tvmonitor (Top-Left): 2%]
frame_001297,-1.0,1.6855,5.1846,4.1757,11.0464,-1,0.0, -> [tvmonitor (Top-Left): 2%]
frame_001298,-1.0,1.5514,7.9106,3.8185,13.2814,-1,0.0, -> [tvmonitor (Top-Left): 2%]
frame_001299,-1.0,1.7746,5.1969,4.1197,11.0921,-1,0.0, -> [tvmonitor (Top-Left): 2%]
frame_001300,-1.0,1.6479,5.3025,3.8076,10.759,-1,0.0, -> [tvmonitor (Top-Left): 2%]
frame_001301,-1.0,1.5991,5.4337,4.1334,11.1672,-1,0.0, -> [tvmonitor (Top-Left): 1%]
frame_001302,-1.0,1.5102,5.2799,3.8034,10.5946,-1,0.0, -> [tvmonitor (Top-Left): 2%]
frame_001303,-1.0,3.1074,5.1726,4.3375,12.6184,-1,0.0, -> [tvmonitor (Left): 3%]
frame_001304,-1.0,3.9588,5.253,4.3231,13.5358,-1,0.0, -> [tvmonitor (Top-Left): 1%]
frame_001305,-1.0,2.1604,5.2612,4.1534,11.5759,-1,0.0, -> [tvmonitor (Top-Left): 1%]
frame_001306,-1.0,1.5569,5.2183,3.7802,10.5561,-1,0.0, -> [tvmonitor (Top-Left): 1%]
frame_001307,-1.0,2.3621,5.2613,4.3539,11.9781,-1,0.0, -> [tvmonitor (Top-Left): 1%]
frame_001308,-1.0,2.9997,5.1272,3.6742,11.802,-1,0.0, -> [background only]
frame_001309,-1.0,3.8157,5.2847,4.3164,13.4179,-1,0.0, -> [tvmonitor (Top-Left): 1%]
frame_001310,-1.0,2.5752,5.1551,4.0519,11.7832,-1,0.0, -> [tvmonitor (Top-Left): 1%]
frame_001311,-1.0,1.7263,5.2043,5.4755,12.407,-1,0.0, -> [tvmonitor (Top-Left): 1%]
frame_001312,-1.0,2.1648,5.1925,3.9124,11.2705,-1,0.0, -> [tvmonitor (Top-Left): 2%]
frame_001313,-1.0,1.4225,5.1572,4.1264,10.7071,-1,0.0, -> [tvmonitor (Top-Left): 1%]
frame_001314,-1.0,1.9839,5.1923,4.1319,11.3089,-1,0.0, -> [tvmonitor (Top-Left): 1%]
frame_001315,-1.0,2.1968,5.174,4.2022,11.574,-1,0.0, -> [tvmonitor (Top-Left): 1%]
frame_001316,-1.0,1.6322,5.2157,3.902,10.7507,-1,0.0, -> [tvmonitor (Top-Left): 1%]
frame_001317,-1.0,1.611,5.2784,4.3675,11.2576,-1,0.0, -> [tvmonitor (Top-Left): 1%]
frame_001318,-1.0,1.4901,5.2843,6.4321,13.2073,-1,0.0, -> [tvmonitor (Top-Left): 1%]
frame_001319,-1.0,2.6092,5.1686,4.117,11.8957,-1,0.0, -> [tvmonitor (Top-Left): 1%]
frame_001320,-1.0,3.4907,5.1156,3.9802,12.5873,-1,0.0, -> [tvmonitor (Top-Left): 1%]
frame_001321,-1.0,1.5462,5.2737,3.8877,10.7084,-1,0.0, -> [tvmonitor (Top-Left): 1%]
frame_001322,-1.0,3.5829,5.1781,4.1249,12.8868,-1,0.0, -> [tvmonitor (Top-Left): 1%]
frame_001323,-1.0,4.0003,5.1334,3.9728,13.1072,-1,0.0, -> [tvmonitor (Top-Left): 1%]
frame_001324,-1.0,3.8294,8.1819,4.1394,16.1515,-1,0.0, -> [tvmonitor (Top-Left): 1%]
frame_001325,-1.0,2.5176,9.5969,5.2796,17.3952,-1,0.0, -> [tvmonitor (Top-Left): 1%]
frame_001326,-1.0,1.9939,5.2382,4.2965,11.5294,-1,0.0, -> [tvmonitor (Top-Left): 1%]
frame_001327,-1.0,3.2032,5.2193,4.2456,12.6688,-1,0.0, -> [tvmonitor (Top-Left): 1%]
frame_001328,-1.0,2.0223,5.1559,4.1298,11.3088,-1,0.0, -> [tvmonitor (Top-Left): 1%]
frame_001329,-1.0,2.2069,5.1874,5.0883,12.4836,-1,0.0, -> [tvmonitor (Top-Left): 1%]
frame_001330,-1.0,2.0917,5.3076,4.2096,11.6099,-1,0.0, -> [tvmonitor (Top-Left): 1%]
frame_001331,-1.0,4.7279,5.1657,3.9791,13.8734,-1,0.0, -> [tvmonitor (Top-Left): 1%]
frame_001332,-1.0,3.6518,5.2471,4.2579,13.1575,-1,0.0, -> [tvmonitor (Top-Left): 1%]
frame_001333,-1.0,3.7912,5.171,3.9986,12.9617,-1,0.0, -> [tvmonitor (Top-Left): 1%]
frame_001334,-1.0,2.6164,5.12,4.102,11.8393,-1,0.0, -> [tvmonitor (Top-Left): 2%]
frame_001335,-1.0,2.1315,5.1698,3.8314,11.1334,-1,0.0, -> [tvmonitor (Top-Left): 1%]
frame_001336,-1.0,1.7136,5.1657,4.1194,10.9995,-1,0.0, -> [background only]
frame_001337,-1.0,1.5056,5.2166,6.1796,12.9027,-1,0.0, -> [background only]
frame_001338,-1.0,2.1114,5.5027,4.0821,11.697,-1,0.0, -> [background only]
frame_001339,-1.0,2.7702,5.2435,3.8023,11.817,-1,0.0, -> [background only]
frame_001340,-1.0,3.9218,5.0515,3.9837,12.9579,-1,0.0, -> [chair (Left): 1%]
frame_001341,-1.0,3.4341,5.2193,4.2525,12.9067,-1,0.0, -> [chair (Left): 1%]
frame_001342,-1.0,3.9082,5.1991,3.8358,12.9441,-1,0.0, -> [background only]
frame_001343,-1.0,3.7128,5.2051,3.9729,12.8917,-1,0.0, -> [background only]
frame_001344,-1.0,3.6404,5.1945,4.1123,12.9479,-1,0.0, -> [background only]
frame_001345,-1.0,3.7972,5.2331,4.117,13.1481,-1,0.0, -> [tvmonitor (Top-Left): 4%]
frame_001346,-1.0,2.6548,5.2284,4.0591,11.9432,-1,0.0, -> [tvmonitor (Top-Left): 9%]
frame_001347,-1.0,2.3638,5.2568,3.8316,11.4531,-1,0.0, -> [tvmonitor (Top-Left): 7%]
frame_001348,-1.0,1.5918,5.1999,4.1298,10.9224,-1,0.0, -> [tvmonitor (Top-Left): 10%]
frame_001349,-1.0,1.4955,5.3224,5.9856,12.8044,-1,0.0, -> [tvmonitor (Top-Left): 11%]
frame_001350,-1.0,2.5459,5.181,4.2192,11.947,-1,0.0, -> [tvmonitor (Top-Left): 10%]
frame_001351,-1.0,3.9647,5.2059,3.9426,13.1141,-1,0.0, -> [tvmonitor (Top-Left): 10%]
frame_001352,-1.0,2.4424,5.4981,4.069,12.0104,-1,0.0, -> [tvmonitor (Top-Left): 11%]
frame_001353,-1.0,2.0332,5.279,5.4904,12.8034,-1,0.0, -> [tvmonitor (Top-Left): 11%]
frame_001354,-1.0,3.9034,5.0438,3.9855,12.9338,-1,0.0, -> [tvmonitor (Top-Left): 11%]
frame_001355,-1.0,3.7094,5.1466,4.1799,13.0368,-1,0.0, -> [tvmonitor (Top-Left): 10%]
frame_001356,-1.0,3.8239,5.1894,4.1996,13.2138,-1,0.0, -> [tvmonitor (Top-Left): 10%]
frame_001357,-1.0,3.9009,5.2857,3.878,13.0659,-1,0.0, -> [tvmonitor (Top-Left): 10%]
frame_001358,-1.0,3.7342,5.2405,3.9703,12.946,-1,0.0, -> [tvmonitor (Top-Left): 10%]
frame_001359,-1.0,2.569,5.1722,3.8038,11.546,-1,0.0, -> [tvmonitor (Top-Left): 10%]
frame_001360,-1.0,2.2169,5.6174,5.9767,13.8119,-1,0.0, -> [tvmonitor (Top-Left): 11%]
frame_001361,-1.0,3.334,5.2386,4.2152,12.7889,-1,0.0, -> [tvmonitor (Top-Left): 11%]
frame_001362,-1.0,2.0877,5.2509,4.0365,11.3759,-1,0.0, -> [tvmonitor (Top-Left): 10%]
frame_001363,-1.0,2.1439,5.2047,3.9619,11.3113,-1,0.0, -> [tvmonitor (Top-Left): 10%]
frame_001364,-1.0,1.5834,8.3333,5.3902,15.308,-1,0.0, -> [tvmonitor (Top-Left): 10%]
frame_001365,-1.0,3.9787,5.2403,3.8133,13.0333,-1,0.0, -> [tvmonitor (Top-Left): 11%]
frame_001366,-1.0,3.724,5.2113,4.2373,13.1736,-1,0.0, -> [tvmonitor (Top-Left): 11%]
frame_001367,-1.0,2.3958,5.1954,5.12,12.7121,-1,0.0, -> [tvmonitor (Top-Left): 11%]
frame_001368,-1.0,2.4998,6.4665,4.3403,13.3075,-1,0.0, -> [tvmonitor (Top-Left): 10%]
frame_001369,-1.0,1.5571,5.2785,3.8767,10.7132,-1,0.0, -> [tvmonitor (Top-Left): 11%]
frame_001370,-1.0,1.4396,5.3827,5.5723,12.3954,-1,0.0, -> [tvmonitor (Top-Left): 11%]
frame_001371,-1.0,2.1328,5.2239,4.0467,11.4041,-1,0.0, -> [tvmonitor (Top-Left): 11%]
frame_001372,-1.0,3.491,5.1653,4.2634,12.9206,-1,0.0, -> [tvmonitor (Top-Left): 11%]
frame_001373,-1.0,3.6754,7.0881,4.2013,14.9657,-1,0.0, -> [tvmonitor (Top-Left): 11%]
frame_001374,-1.0,3.3763,5.3817,4.0351,12.794,-1,0.0, -> [tvmonitor (Top-Left): 11%]
frame_001375,-1.0,3.7872,5.23,4.0656,13.0837,-1,0.0, -> [tvmonitor (Top-Left): 11%]
frame_001376,-1.0,2.527,5.2043,5.1543,12.8864,-1,0.0, -> [tvmonitor (Top-Left): 11%]
frame_001377,-1.0,3.8046,5.3149,4.2011,13.3216,-1,0.0, -> [tvmonitor (Top-Left): 11%]
frame_001378,-1.0,3.7098,5.2089,4.2698,13.1894,-1,0.0, -> [tvmonitor (Top-Left): 11%]
frame_001379,-1.0,4.0219,5.2501,3.9719,13.2451,-1,0.0, -> [tvmonitor (Top-Left): 11%]
frame_001380,-1.0,3.9134,5.1818,4.0585,13.1545,-1,0.0, -> [tvmonitor (Top-Left): 11%]
frame_001381,-1.0,2.6631,5.2597,5.2656,13.1895,-1,0.0, -> [tvmonitor (Top-Left): 11%]
frame_001382,-1.0,3.723,5.1996,4.1146,13.0383,-1,0.0, -> [tvmonitor (Top-Left): 11%]
frame_001383,-1.0,3.7738,5.2142,4.1682,13.157,-1,0.0, -> [tvmonitor (Top-Left): 11%]
frame_001384,-1.0,2.5534,5.3999,4.2575,12.2115,-1,0.0, -> [tvmonitor (Top-Left): 11%]
frame_001385,-1.0,3.7449,9.3464,4.1646,17.2568,-1,0.0, -> [tvmonitor (Top-Left): 11%]
frame_001386,-1.0,2.5578,5.2261,4.2763,12.0611,-1,0.0, -> [tvmonitor (Top-Left): 11%]
frame_001387,-1.0,3.3693,9.1998,4.0745,16.6443,-1,0.0, -> [tvmonitor (Top-Left): 11%]
frame_001388,-1.0,3.3688,5.1936,4.1086,12.6719,-1,0.0, -> [tvmonitor (Top-Left): 11%]
frame_001389,-1.0,3.8401,5.2603,3.8255,12.9271,-1,0.0, -> [tvmonitor (Top-Left): 11%]
frame_001390,-1.0,3.9026,5.1412,4.1032,13.1479,-1,0.0, -> [tvmonitor (Top-Left): 11%]
frame_001391,-1.0,3.6743,5.3077,4.2067,13.1897,-1,0.0, -> [tvmonitor (Top-Left): 11%]
frame_001392,-1.0,2.3018,5.2237,5.5149,13.0413,-1,0.0, -> [tvmonitor (Top-Left): 11%]
frame_001393,-1.0,3.7864,5.3292,3.8929,13.0096,-1,0.0, -> [tvmonitor (Top-Left): 11%]
frame_001394,-1.0,2.5161,5.2831,4.176,11.9761,-1,0.0, -> [tvmonitor (Top-Left): 11%]
frame_001395,-1.0,3.6097,5.2508,4.155,13.0165,-1,0.0, -> [tvmonitor (Top-Left): 11%]
frame_001396,-1.0,4.0161,5.1903,4.101,13.3082,-1,0.0, -> [tvmonitor (Top-Left): 11%]
frame_001397,-1.0,2.6071,5.2899,5.2475,13.1454,-1,0.0, -> [tvmonitor (Top-Left): 11%]
frame_001398,-1.0,3.7774,5.2348,3.958,12.9713,-1,0.0, -> [tvmonitor (Top-Left): 11%]
frame_001399,-1.0,2.7142,5.2417,3.8317,11.7885,-1,0.0, -> [tvmonitor (Top-Left): 11%]
frame_001400,-1.0,2.0339,5.2482,4.2334,11.5164,-1,0.0, -> [tvmonitor (Top-Left): 11%]
frame_001401,-1.0,2.0669,5.1983,3.8124,11.0787,-1,0.0, -> [tvmonitor (Top-Left): 11%]
frame_001402,-1.0,1.5646,5.2231,6.868,13.6567,-1,0.0, -> [tvmonitor (Top-Left): 11%]
frame_001403,-1.0,3.7201,5.1853,4.1104,13.017,-1,0.0, -> [tvmonitor (Top-Left): 11%]
frame_001404,-1.0,2.569,5.2366,3.9534,11.76,-1,0.0, -> [tvmonitor (Top-Left): 11%]
frame_001405,-1.0,3.2481,5.2214,4.2649,12.7355,-1,0.0, -> [tvmonitor (Top-Left): 11%]
frame_001406,-1.0,3.4525,5.1465,4.0381,12.6381,-1,0.0, -> [tvmonitor (Top-Left): 11%]
frame_001407,-1.0,2.0934,5.2847,4.2648,11.6441,-1,0.0, -> [tvmonitor (Top-Left): 11%]
frame_001408,-1.0,2.0971,5.1715,3.9543,11.224,-1,0.0, -> [tvmonitor (Top-Left): 11%]
frame_001409,-1.0,4.127,5.1203,4.105,13.3532,-1,0.0, -> [tvmonitor (Top-Left): 11%]
frame_001410,-1.0,2.6596,5.2894,3.9276,11.8776,-1,0.0, -> [tvmonitor (Top-Left): 11%]
frame_001411,-1.0,1.653,5.2334,4.1229,11.0101,-1,0.0, -> [tvmonitor (Top-Left): 11%]
frame_001412,-1.0,2.0036,5.2622,6.3095,13.5761,-1,0.0, -> [tvmonitor (Top-Left): 11%]
frame_001413,-1.0,3.863,5.2862,4.2648,13.415,-1,0.0, -> [tvmonitor (Top-Left): 11%]
frame_001414,-1.0,2.6966,5.1654,4.0528,11.9155,-1,0.0, -> [tvmonitor (Top-Left): 11%]
frame_001415,-1.0,1.5337,5.2909,4.0796,10.905,-1,0.0, -> [tvmonitor (Top-Left): 11%]
frame_001416,-1.0,2.0856,6.5033,5.7359,14.3258,-1,0.0, -> [tvmonitor (Top-Left): 11%]
frame_001417,-1.0,2.5763,5.2129,3.9532,11.7434,-1,0.0, -> [tvmonitor (Top-Left): 11%]
frame_001418,-1.0,2.8117,5.2057,4.2722,12.2904,-1,0.0, -> [tvmonitor (Top-Left): 12%]
frame_001419,-1.0,2.5733,5.2226,3.9484,11.7451,-1,0.0, -> [tvmonitor (Top-Left): 12%]
frame_001420,-1.0,4.1307,5.3298,4.2738,13.7353,-1,0.0, -> [tvmonitor (Top-Left): 12%]
frame_001421,-1.0,5.0412,5.6284,5.1766,15.8477,-1,0.0, -> [chair (Top-Right): 4%]
frame_001422,-1.0,3.5403,7.2957,4.2838,15.1208,-1,0.0, -> [chair (Top-Right): 4%]
frame_001423,-1.0,2.3598,5.4573,4.2992,12.117,-1,0.0, -> [chair (Top-Right): 4%]
frame_001424,-1.0,2.4034,5.4271,4.1133,11.9443,-1,0.0, -> [chair (Top-Right): 4%]
frame_001425,-1.0,3.005,5.4139,4.1067,12.5265,-1,0.0, -> [chair (Top-Right): 4%]
frame_001426,-1.0,3.9874,5.4437,4.2202,13.6524,-1,0.0, -> [chair (Top-Right): 4%]
frame_001427,-1.0,3.9237,5.2598,3.8563,13.0407,-1,0.0, -> [chair (Top-Right): 4%]
frame_001428,-1.0,4.0356,5.4667,4.1094,13.6129,-1,0.0, -> [chair (Top-Right): 4%]
frame_001429,-1.0,2.6753,5.3816,4.2984,12.3564,-1,0.0, -> [chair (Top-Right): 4%]
frame_001430,-1.0,3.7368,5.3839,4.0646,13.1864,-1,0.0, -> [chair (Top-Right): 4%]
frame_001431,-1.0,4.0993,5.2717,4.1304,13.5024,-1,0.0, -> [chair (Top-Right): 4%]
frame_001432,-1.0,3.9105,5.2751,4.2433,13.4299,-1,0.0, -> [chair (Top-Right): 4%]
frame_001433,-1.0,3.9629,5.98,3.8765,13.8204,-1,0.0, -> [chair (Top-Right): 4%]
frame_001434,-1.0,2.7213,5.3225,4.177,12.2218,-1,0.0, -> [chair (Top-Right): 5%]
frame_001435,-1.0,2.1233,7.8014,4.1059,14.0318,-1,0.0, -> [chair (Top-Right): 4%]
frame_001436,-1.0,1.7419,6.6515,4.1071,12.5015,-1,0.0, -> [chair (Top-Right): 4%]
frame_001437,-1.0,2.1653,5.4606,5.2979,12.9252,-1,0.0, -> [chair (Top-Right): 4%]
frame_001438,-1.0,2.845,5.6476,4.065,12.5587,-1,0.0, -> [chair (Top-Right): 4%]
frame_001439,-1.0,4.3202,6.8208,3.751,14.8931,-1,0.0, -> [chair (Top-Right): 4%]
frame_001440,-1.0,3.7954,5.2664,3.8991,12.962,-1,0.0, -> [chair (Top-Right): 5%]
frame_001441,-1.0,2.2214,5.5138,4.0159,11.7523,-1,0.0, -> [chair (Top-Right): 4%]
frame_001442,-1.0,1.6355,5.4738,3.9212,11.0318,-1,0.0, -> [chair (Top-Right): 4%]
frame_001443,-1.0,2.903,5.4705,3.7524,12.1271,-1,0.0, -> [chair (Top-Right): 4%]
frame_001444,-1.0,1.7342,5.4601,3.9825,11.1779,-1,0.0, -> [chair (Top-Right): 5%]
frame_001445,-1.0,3.1976,5.3343,3.9039,12.437,-1,0.0, -> [chair (Top-Right): 4%]
frame_001446,-1.0,3.6034,5.2847,4.076,12.9651,-1,0.0, -> [chair (Top-Right): 4%]
frame_001447,-1.0,2.2921,5.3788,4.0211,11.6934,-1,0.0, -> [chair (Top-Right): 4%]
frame_001448,-1.0,2.2648,9.3732,5.0357,16.6751,-1,0.0, -> [chair (Top-Right): 4%]
frame_001449,-1.0,2.1127,5.4446,3.8553,11.4138,-1,0.0, -> [chair (Top-Right): 4%]
frame_001450,-1.0,2.3145,5.4178,4.8087,12.5422,-1,0.0, -> [chair (Top-Right): 4%]
frame_001451,-1.0,2.7613,5.4455,3.8983,12.1065,-1,0.0, -> [chair (Top-Right): 4%]
frame_001452,-1.0,1.8142,5.4676,4.98,12.2632,-1,0.0, -> [chair (Top-Right): 4%]
frame_001453,-1.0,2.3454,5.2643,4.0354,11.6464,-1,0.0, -> [chair (Top-Right): 4%]
frame_001454,-1.0,2.2286,5.5507,3.7704,11.551,-1,0.0, -> [chair (Top-Right): 4%]
frame_001455,-1.0,1.8287,5.4621,5.2019,12.494,-1,0.0, -> [chair (Top-Right): 4%]
frame_001456,-1.0,2.2835,5.3551,3.9255,11.5653,-1,0.0, -> [chair (Top-Right): 4%]
frame_001457,-1.0,2.3745,5.3766,4.0416,11.7938,-1,0.0, -> [chair (Top-Right): 4%]
frame_001458,-1.0,1.7653,5.4054,3.86,11.0315,-1,0.0, -> [chair (Top-Right): 4%]
frame_001459,-1.0,1.8019,5.4525,5.2759,12.5313,-1,0.0, -> [chair (Top-Right): 5%]
frame_001460,-1.0,2.6961,5.3723,4.1026,12.1721,-1,0.0, -> [chair (Top-Right): 4%]
frame_001461,-1.0,3.5569,5.3523,3.8953,12.8055,-1,0.0, -> [chair (Top-Right): 4%]
frame_001462,-1.0,2.363,5.3604,4.0148,11.7395,-1,0.0, -> [chair (Top-Right): 4%]
frame_001463,-1.0,1.7552,5.4675,4.0271,11.2508,-1,0.0, -> [chair (Top-Right): 5%]
frame_001464,-1.0,3.7113,5.3407,4.0296,13.0831,-1,0.0, -> [chair (Top-Right): 4%]
frame_001465,-1.0,2.2737,5.4637,4.1156,11.8542,-1,0.0, -> [chair (Top-Right): 4%]
frame_001466,-1.0,3.6409,5.5396,3.8876,13.0691,-1,0.0, -> [chair (Top-Right): 4%]
frame_001467,-1.0,3.9839,7.4766,4.1125,15.5743,-1,0.0, -> [chair (Top-Right): 4%]
frame_001468,-1.0,2.3066,5.4734,3.8853,11.6665,-1,0.0, -> [chair (Top-Right): 4%]
frame_001469,-1.0,1.8641,5.2838,3.9689,11.1179,-1,0.0, -> [chair (Top-Right): 4%]
frame_001470,-1.0,2.2229,5.4861,3.969,11.6792,-1,0.0, -> [chair (Top-Right): 4%]
frame_001471,-1.0,3.8692,5.2791,4.0451,13.1944,-1,0.0, -> [chair (Top-Right): 4%]
frame_001472,-1.0,3.854,5.2757,3.7875,12.9184,-1,0.0, -> [chair (Top-Right): 4%]
frame_001473,-1.0,3.7923,7.4842,4.0004,15.278,-1,0.0, -> [chair (Top-Right): 4%]
frame_001474,-1.0,3.987,5.3016,3.8783,13.168,-1,0.0, -> [chair (Top-Right): 4%]
frame_001475,-1.0,4.1825,5.0827,3.8921,13.1582,-1,0.0, -> [chair (Top-Right): 4%]
frame_001476,-1.0,2.7438,5.4797,3.9958,12.2205,-1,0.0, -> [chair (Top-Right): 4%]
frame_001477,-1.0,4.065,5.422,3.8894,13.3776,-1,0.0, -> [chair (Top-Right): 4%]
frame_001478,-1.0,2.1862,5.3631,3.8719,11.4223,-1,0.0, -> [chair (Top-Right): 5%]
frame_001479,-1.0,2.4678,5.3318,4.0511,11.8517,-1,0.0, -> [chair (Top-Right): 5%]
frame_001480,-1.0,1.6629,6.017,5.3036,12.9848,-1,0.0, -> [chair (Top-Right): 5%]
frame_001481,-1.0,3.9776,5.2518,3.9183,13.1487,-1,0.0, -> [chair (Top-Right): 5%]
frame_001482,-1.0,2.0997,5.4152,3.8767,11.3928,-1,0.0, -> [chair (Top-Right): 5%]
frame_001483,-1.0,1.6388,6.0887,4.0986,11.8272,-1,0.0, -> [chair (Top-Right): 4%]
frame_001484,-1.0,3.6946,5.4208,4.0433,13.16,-1,0.0, -> [chair (Top-Right): 4%]
frame_001485,-1.0,2.2996,5.3334,3.7791,11.4132,-1,0.0, -> [chair (Top-Right): 4%]
frame_001486,-1.0,1.6804,5.517,3.9954,11.1938,-1,0.0, -> [chair (Top-Right): 4%]
frame_001487,-1.0,2.2922,5.511,3.9666,11.7709,-1,0.0, -> [chair (Top-Right): 5%]
frame_001488,-1.0,1.2951,5.3398,5.1137,11.7493,-1,0.0, -> [chair (Top-Right): 4%]
frame_001489,-1.0,2.2253,5.4677,3.7671,11.4612,-1,0.0, -> [chair (Top-Right): 4%]
frame_001490,-1.0,1.7467,5.5542,4.066,11.368,-1,0.0, -> [chair (Top-Right): 4%]
frame_001491,-1.0,2.3907,5.327,4.1402,11.859,-1,0.0, -> [chair (Top-Right): 4%]
frame_001492,-1.0,4.0782,5.4012,4.0016,13.482,-1,0.0, -> [chair (Top-Right): 4%]
frame_001493,-1.0,2.2726,5.6002,3.8578,11.7317,-1,0.0, -> [chair (Top-Right): 4%]
frame_001494,-1.0,2.4019,5.3667,4.0321,11.8019,-1,0.0, -> [chair (Top-Right): 4%]
frame_001495,-1.0,1.844,5.4946,3.9537,11.2935,-1,0.0, -> [chair (Top-Right): 4%]
frame_001496,-1.0,3.2137,5.3774,3.7987,12.3912,-1,0.0, -> [chair (Top-Right): 4%]
frame_001497,-1.0,2.3326,5.3828,4.1329,11.8499,-1,0.0, -> [chair (Top-Right): 4%]
frame_001498,-1.0,2.6855,5.3961,3.7928,11.876,-1,0.0, -> [chair (Top-Right): 4%]
frame_001499,-1.0,1.9092,5.506,3.984,11.4005,-1,0.0, -> [chair (Top-Right): 4%]
frame_001500,-1.0,1.836,5.7276,5.6566,13.2216,-1,0.0, -> [chair (Top-Right): 4%]
frame_001501,-1.0,3.9631,9.6272,3.9529,17.5443,-1,0.0, -> [chair (Top-Right): 4%]
frame_001502,-1.0,4.0415,5.4228,3.9064,13.3719,-1,0.0, -> [chair (Top-Right): 4%]
frame_001503,-1.0,2.3412,5.4438,3.9426,11.7289,-1,0.0, -> [chair (Top-Right): 4%]
frame_001504,-1.0,2.262,5.4718,5.3286,13.0636,-1,0.0, -> [chair (Top-Right): 4%]
frame_001505,-1.0,2.4034,5.4689,4.0152,11.8888,-1,0.0, -> [chair (Top-Right): 4%]
frame_001506,-1.0,1.6541,5.2389,3.9475,10.8412,-1,0.0, -> [chair (Top-Right): 4%]
frame_001507,-1.0,1.8829,5.519,3.95,11.3532,-1,0.0, -> [chair (Top-Right): 4%]
frame_001508,-1.0,1.841,5.5002,3.999,11.3414,-1,0.0, -> [chair (Top-Right): 4%]
frame_001509,-1.0,3.895,5.2952,3.7868,12.9781,-1,0.0, -> [chair (Top-Right): 4%]
frame_001510,-1.0,4.1905,5.2564,3.897,13.3449,-1,0.0, -> [chair (Top-Right): 4%]
frame_001511,-1.0,2.3621,5.3995,3.942,11.7047,-1,0.0, -> [chair (Top-Right): 4%]
frame_001512,-1.0,1.8629,5.3615,4.2053,11.4311,-1,0.0, -> [chair (Top-Right): 3%]
frame_001513,-1.0,3.8405,8.7882,3.8989,16.529,-1,0.0, -> [chair (Top-Right): 3%]
frame_001514,-1.0,2.3633,5.451,3.9005,11.716,-1,0.0, -> [chair (Top-Right): 5%]
frame_001515,-1.0,2.3005,5.3702,4.9999,12.6716,-1,0.0, -> [chair (Top): 1%]
frame_001516,-1.0,2.3109,5.3389,3.943,11.594,-1,0.0, -> [chair (Top): 2%]
frame_001517,-1.0,2.7713,5.3595,3.9562,12.0881,-1,0.0, -> [chair (Top): 2%]
frame_001518,-1.0,1.7417,5.3301,5.3116,12.3846,-1,0.0, -> [background only]
frame_001519,-1.0,2.2436,8.193,3.8797,14.3175,-1,0.0, -> [chair (Top): 3%]
frame_001520,-1.0,2.2531,5.4291,3.9796,11.6629,-1,0.0, -> [chair (Top): 1%]
frame_001521,-1.0,1.8257,5.406,4.6826,11.9156,-1,0.0, -> [background only]
frame_001522,-1.0,2.2042,5.4101,3.7553,11.3705,-1,0.0, -> [background only]
frame_001523,-1.0,3.7787,5.1713,3.9721,12.9233,-1,0.0, -> [chair (Top): 1%]
frame_001524,-1.0,2.3139,5.4657,3.9652,11.7459,-1,0.0, -> [chair (Top): 2%]
frame_001525,-1.0,1.7204,5.3656,3.9882,11.0753,-1,0.0, -> [chair (Top): 2%]
frame_001526,-1.0,3.772,5.2915,4.0742,13.1389,-1,0.0, -> [tvmonitor (Right): 2%]
frame_001527,-1.0,2.7433,5.4208,4.8938,13.0592,-1,0.0," -> [chair (Top): 1%, tvmonitor (Right): 2%]"
frame_001528,-1.0,4.076,5.3775,4.0737,13.5282,-1,0.0," -> [chair (Top): 2%, tvmonitor (Right): 3%]"
frame_001529,-1.0,4.0105,5.6854,3.9938,13.6909,-1,0.0," -> [chair (Top): 1%, tvmonitor (Right): 4%]"
frame_001530,-1.0,4.2164,5.3612,4.0923,13.6712,-1,0.0, -> [tvmonitor (Right): 4%]
frame_001531,-1.0,3.9401,5.2114,4.0368,13.1893,-1,0.0, -> [tvmonitor (Right): 4%]
frame_001532,-1.0,2.9784,5.3735,4.0861,12.4388,-1,0.0, -> [tvmonitor (Bottom-Right): 3%]
frame_001533,-1.0,4.1388,5.1491,3.8864,13.1755,-1,0.0, -> [tvmonitor (Right): 5%]
frame_001534,-1.0,2.2955,5.367,4.0999,11.7636,-1,0.0, -> [tvmonitor (Bottom-Right): 4%]
frame_001535,-1.0,1.5053,5.2991,4.9662,11.7714,-1,0.0, -> [tvmonitor (Bottom-Right): 3%]
frame_001536,-1.0,2.3302,5.3785,4.0163,11.7261,-1,0.0, -> [background only]
frame_001537,-1.0,1.7944,5.1834,3.7419,10.7209,-1,0.0, -> [background only]
frame_001538,-1.0,2.6435,5.3389,3.8678,11.851,-1,0.0, -> [background only]
frame_001539,-1.0,2.2713,5.3697,3.7382,11.3804,-1,0.0, -> [background only]
frame_001540,-1.0,1.6298,5.4413,3.9451,11.0174,-1,0.0, -> [background only]
frame_001541,-1.0,1.7163,5.4089,3.912,11.0386,-1,0.0, -> [background only]
frame_001542,-1.0,1.7445,5.3567,4.0475,11.15,-1,0.0, -> [background only]
frame_001543,-1.0,1.7924,5.2928,4.0036,11.0899,-1,0.0, -> [background only]
frame_001544,-1.0,3.7412,5.3194,4.037,13.099,-1,0.0, -> [background only]
frame_001545,-1.0,4.0387,5.4032,3.9039,13.3472,-1,0.0, -> [background only]
frame_001546,-1.0,3.9019,5.2481,3.9237,13.0751,-1,0.0, -> [background only]
frame_001547,-1.0,2.6669,5.3382,3.8833,11.8896,-1,0.0, -> [background only]
frame_001548,-1.0,1.8631,5.4664,4.9159,12.2467,-1,0.0, -> [background only]
frame_001549,-1.0,2.8247,5.2814,3.7724,11.8793,-1,0.0, -> [background only]
frame_001550,-1.0,1.8828,5.33,5.0908,12.3048,-1,0.0, -> [background only]
frame_001551,-1.0,2.2805,5.314,3.751,11.3466,-1,0.0, -> [background only]
frame_001552,-1.0,4.2573,5.2452,4.0243,13.5282,-1,0.0, -> [background only]
frame_001553,-1.0,2.2896,5.4293,3.8799,11.6001,-1,0.0, -> [background only]
frame_001554,-1.0,2.2807,5.2978,3.9421,11.522,-1,0.0, -> [background only]
frame_001555,-1.0,2.2917,7.9253,3.7639,13.9821,-1,0.0, -> [background only]
frame_001556,-1.0,1.8016,5.356,3.9296,11.0884,-1,0.0, -> [background only]
frame_001557,-1.0,1.8756,8.5023,3.8095,14.1887,-1,0.0, -> [background only]
frame_001558,-1.0,1.7303,5.4275,3.8559,11.0151,-1,0.0, -> [chair (Top-Left): 2%]
frame_001559,-1.0,1.771,5.3668,3.9156,11.0543,-1,0.0," -> [chair (Top-Left): 2%, tvmonitor (Top-Right): 1%]"
frame_001560,-1.0,1.789,5.3829,5.2171,12.3901,-1,0.0, -> [background only]
frame_001561,-1.0,2.325,5.4299,3.6564,11.4124,-1,0.0, -> [background only]
frame_001562,-1.0,3.7173,5.2766,3.9132,12.908,-1,0.0, -> [background only]
frame_001563,-1.0,2.2172,5.3054,3.873,11.3967,-1,0.0," -> [chair (Top-Right): 4%, tvmonitor (Top-Right): 2%]"
frame_001564,-1.0,1.7063,5.3605,3.8871,10.955,-1,0.0, -> [background only]
frame_001565,-1.0,3.5401,5.2659,3.8154,12.6224,-1,0.0, -> [chair (Top-Right): 3%]
frame_001566,-1.0,2.3031,5.3764,4.0459,11.7269,-1,0.0, -> [chair (Right): 4%]
frame_001567,-1.0,1.7457,6.2614,4.0262,12.0344,-1,0.0, -> [chair (Right): 7%]
frame_001568,-1.0,3.7724,5.238,3.8978,12.9093,-1,0.0, -> [chair (Right): 8%]
frame_001569,-1.0,2.4361,8.7964,3.8649,15.0985,-1,0.0, -> [chair (Right): 8%]
frame_001570,-1.0,3.1918,5.4023,4.0447,12.6399,-1,0.0, -> [chair (Right): 11%]
frame_001571,-1.0,4.1015,5.294,3.8997,13.2964,-1,0.0, -> [chair (Top-Right): 9%]
frame_001572,-1.0,3.93,5.3691,4.049,13.3492,-1,0.0," -> [chair (Right): 10%, tvmonitor (Top-Right): 2%]"
frame_001573,-1.0,3.7649,6.0176,4.0812,13.8647,-1,0.0," -> [chair (Right): 11%, tvmonitor (Top): 2%]"
frame_001574,-1.0,4.1236,5.4811,4.0917,13.6976,-1,0.0," -> [chair (Right): 10%, tvmonitor (Top): 2%]"
frame_001575,-1.0,4.1155,5.2091,3.8926,13.2183,-1,0.0, -> [chair (Right): 7%]
frame_001576,-1.0,2.7811,5.4479,3.8804,12.1106,-1,0.0, -> [chair (Right): 12%]
frame_001577,-1.0,2.2569,5.2701,4.0844,11.6124,-1,0.0," -> [chair (Right): 6%, tvmonitor (Top): 1%]"
frame_001578,-1.0,1.7626,5.4391,3.9875,11.1903,-1,0.0," -> [chair (Right): 8%, tvmonitor (Top): 3%]"
frame_001579,-1.0,3.1138,6.1493,3.9027,13.1671,-1,0.0," -> [chair (Right): 7%, tvmonitor (Top): 4%]"
frame_001580,-1.0,2.3515,5.4,5.0416,12.7941,-1,0.0, -> [chair (Right): 13%]
frame_001581,-1.0,2.2058,8.2834,4.0056,14.4959,-1,0.0," -> [chair (Center): 11%, tvmonitor (Top): 1%]"
frame_001582,-1.0,2.2954,5.3481,4.2551,11.8997,-1,0.0," -> [chair (Center): 9%, tvmonitor (Top-Right): 8%]"
frame_001583,-1.0,1.3499,5.1494,3.9088,10.4088,-1,0.0," -> [chair (Center): 7%, tvmonitor (Top-Right): 10%]"
frame_001584,-1.0,1.8063,5.4263,4.1886,11.4222,-1,0.0," -> [chair (Center): 6%, tvmonitor (Top-Right): 13%]"
frame_001585,-1.0,1.7359,5.523,4.0125,11.2724,-1,0.0," -> [chair (Center): 5%, tvmonitor (Top-Right): 15%]"
frame_001586,-1.0,2.4016,5.4876,4.1739,12.0642,-1,0.0," -> [chair (Center): 5%, tvmonitor (Top-Right): 18%]"
frame_001587,-1.0,3.1523,5.3728,3.9293,12.4553,-1,0.0," -> [chair (Center): 13%, tvmonitor (Top-Right): 14%]"
frame_001588,-1.0,4.0428,5.2945,4.297,13.6354,-1,0.0," -> [chair (Center): 11%, tvmonitor (Top-Right): 16%]"
frame_001589,-1.0,2.3219,5.4075,3.9233,11.6539,-1,0.0," -> [chair (Center): 8%, tvmonitor (Top-Right): 16%]"
frame_001590,-1.0,1.8484,5.4369,3.9187,11.2054,-1,0.0," -> [chair (Center): 8%, tvmonitor (Right): 18%]"
frame_001591,-1.0,3.9501,5.4014,3.9248,13.2777,-1,0.0," -> [chair (Center): 7%, tvmonitor (Top): 18%]"
frame_001592,-1.0,1.8446,5.529,4.1069,11.4822,-1,0.0," -> [chair (Center): 7%, tvmonitor (Top-Right): 21%]"
frame_001593,-1.0,2.3193,5.4696,4.0805,11.8707,-1,0.0," -> [chair (Center): 6%, tvmonitor (Top): 24%]"
frame_001594,-1.0,1.7463,5.4696,4.178,11.395,-1,0.0," -> [chair (Center): 9%, tvmonitor (Top): 10%]"
frame_001595,-1.0,1.7864,5.3057,4.013,11.1062,-1,0.0," -> [chair (Left): 11%, tvmonitor (Top): 12%]"
frame_001596,-1.0,1.7442,5.401,4.1591,11.3055,-1,0.0," -> [chair (Left): 13%, tvmonitor (Top): 13%]"
frame_001597,-1.0,1.6904,5.82,4.1277,11.6391,-1,0.0," -> [chair (Left): 8%, tvmonitor (Right): 28%]"
frame_001598,-1.0,1.7696,5.4427,4.0457,11.2592,-1,0.0," -> [chair (Left): 10%, tvmonitor (Right): 22%]"
frame_001599,-1.0,3.9905,5.283,4.1088,13.3832,-1,0.0," -> [chair (Top-Left): 10%, tvmonitor (Right): 20%]"
frame_001600,-1.0,2.9012,5.358,4.0896,12.3499,-1,0.0," -> [chair (Left): 10%, tvmonitor (Right): 26%]"
frame_001601,-1.0,1.8978,5.4077,5.2326,12.5394,-1,0.0," -> [chair (Left): 15%, tvmonitor (Top): 2%]"
frame_001602,-1.0,4.2175,5.2764,3.9829,13.478,-1,0.0, -> [chair (Left): 15%]
frame_001603,-1.0,2.3308,5.4595,4.1319,11.9234,-1,0.0," -> [chair (Left): 13%, tvmonitor (Top): 1%]"
frame_001604,-1.0,1.6934,5.4514,4.1163,11.2622,-1,0.0," -> [chair (Left): 11%, tvmonitor (Center): 27%]"
frame_001605,-1.0,2.33,5.3854,3.9948,11.7112,-1,0.0," -> [chair (Left): 8%, tvmonitor (Center): 12%]"
frame_001606,-1.0,1.9685,5.4553,5.3211,12.746,-1,0.0," -> [chair (Left): 7%, tvmonitor (Center): 17%]"
frame_001607,-1.0,1.7402,5.2211,4.0155,10.9775,-1,0.0," -> [chair (Left): 7%, tvmonitor (Center): 24%]"
frame_001608,-1.0,2.2022,5.436,4.085,11.7243,-1,0.0," -> [chair (Left): 5%, tvmonitor (Center): 18%]"
frame_001609,-1.0,1.7694,5.395,3.8986,11.0641,-1,0.0," -> [chair (Left): 5%, tvmonitor (Center): 21%]"
frame_001610,-1.0,2.285,5.2959,4.0216,11.6036,-1,0.0," -> [chair (Left): 5%, tvmonitor (Center): 26%]"
frame_001611,-1.0,1.8225,5.4022,5.096,12.3219,-1,0.0," -> [chair (Left): 5%, tvmonitor (Center): 27%]"
frame_001612,-1.0,2.286,5.3922,3.987,11.6662,-1,0.0," -> [chair (Left): 4%, tvmonitor (Center): 27%]"
frame_001613,-1.0,1.8727,5.3685,4.1263,11.3686,-1,0.0," -> [chair (Left): 4%, tvmonitor (Center): 27%]"
frame_001614,-1.0,2.3855,5.2994,4.066,11.7519,-1,0.0," -> [chair (Left): 5%, tvmonitor (Center): 27%]"
frame_001615,-1.0,2.2982,5.3395,3.922,11.5608,-1,0.0," -> [chair (Left): 4%, tvmonitor (Center): 18%]"
frame_001616,-1.0,1.8627,5.4377,3.9912,11.2929,-1,0.0," -> [chair (Left): 4%, tvmonitor (Center): 26%]"
frame_001617,-1.0,1.7902,5.4517,5.2116,12.4545,-1,0.0," -> [chair (Left): 3%, tvmonitor (Center): 27%]"
frame_001618,-1.0,3.5753,5.217,4.0802,12.8736,-1,0.0," -> [chair (Left): 3%, tvmonitor (Center): 26%]"
frame_001619,-1.0,3.9959,5.3104,4.0347,13.3419,-1,0.0," -> [chair (Left): 3%, tvmonitor (Center): 25%]"
frame_001620,-1.0,2.9659,5.4552,3.9259,12.3481,-1,0.0," -> [chair (Left): 3%, tvmonitor (Center): 25%]"
frame_001621,-1.0,4.3669,5.4492,4.118,13.9353,-1,0.0," -> [chair (Left): 3%, tvmonitor (Center): 25%]"
frame_001622,-1.0,4.0679,5.3982,4.0731,13.5401,-1,0.0," -> [chair (Left): 3%, tvmonitor (Center): 27%]"
frame_001623,-1.0,2.8532,5.3482,4.0155,12.2181,-1,0.0," -> [chair (Left): 3%, tvmonitor (Center): 27%]"
frame_001624,-1.0,1.6999,5.5732,4.1477,11.422,-1,0.0," -> [chair (Left): 3%, tvmonitor (Center): 27%]"
frame_001625,-1.0,2.6207,5.2832,4.0968,12.0017,-1,0.0," -> [chair (Left): 3%, tvmonitor (Center): 27%]"
frame_001626,-1.0,2.211,5.2925,4.0714,11.5762,-1,0.0," -> [chair (Left): 3%, tvmonitor (Center): 27%]"
frame_001627,-1.0,3.7527,5.4506,4.057,13.2615,-1,0.0," -> [chair (Left): 3%, tvmonitor (Center): 26%]"
frame_001628,-1.0,3.5478,5.2481,4.1478,12.9448,-1,0.0," -> [chair (Left): 2%, tvmonitor (Center): 26%]"
frame_001629,-1.0,3.813,5.3299,4.0605,13.2044,-1,0.0," -> [chair (Left): 3%, tvmonitor (Center): 26%]"
frame_001630,-1.0,2.2028,6.849,4.1015,13.1543,-1,0.0," -> [chair (Left): 3%, tvmonitor (Center): 26%]"
frame_001631,-1.0,3.6397,5.233,4.1335,13.0071,-1,0.0," -> [chair (Left): 2%, tvmonitor (Center): 26%]"
frame_001632,-1.0,2.3344,5.4495,4.0608,11.846,-1,0.0," -> [chair (Left): 2%, tvmonitor (Center): 26%]"
frame_001633,-1.0,3.6807,5.3281,4.1626,13.1726,-1,0.0," -> [chair (Left): 2%, tvmonitor (Center): 27%]"
frame_001634,-1.0,1.9642,7.707,4.0549,13.7271,-1,0.0," -> [chair (Left): 2%, tvmonitor (Center): 27%]"
frame_001635,-1.0,3.6642,5.3957,4.0002,13.0615,-1,0.0," -> [chair (Left): 2%, tvmonitor (Center): 27%]"
frame_001636,-1.0,2.7107,5.4493,4.0987,12.26,-1,0.0," -> [chair (Left): 3%, tvmonitor (Center): 27%]"
frame_001637,-1.0,1.7575,5.4416,4.1915,11.3919,-1,0.0," -> [chair (Left): 3%, tvmonitor (Center): 27%]"
frame_001638,-1.0,1.4199,5.2258,4.1483,10.7951,-1,0.0," -> [chair (Left): 3%, tvmonitor (Center): 27%]"
frame_001639,-1.0,2.2575,5.3719,4.1394,11.7699,-1,0.0," -> [chair (Left): 3%, tvmonitor (Center): 27%]"
frame_001640,-1.0,1.8178,5.3202,5.167,12.3062,-1,0.0," -> [chair (Left): 3%, tvmonitor (Center): 27%]"
frame_001641,-1.0,2.3173,5.4581,3.9949,11.7714,-1,0.0," -> [chair (Left): 3%, tvmonitor (Center): 27%]"
frame_001642,-1.0,1.6876,5.6101,4.1038,11.4029,-1,0.0," -> [chair (Left): 3%, tvmonitor (Center): 27%]"
frame_001643,-1.0,1.7304,5.3826,4.1493,11.2633,-1,0.0," -> [chair (Left): 3%, tvmonitor (Center): 27%]"
frame_001644,-1.0,1.7056,5.557,4.0694,11.333,-1,0.0," -> [chair (Left): 3%, tvmonitor (Center): 27%]"
frame_001645,-1.0,3.8328,7.1554,4.1396,15.129,-1,0.0," -> [chair (Left): 3%, tvmonitor (Center): 27%]"
frame_001646,-1.0,2.7644,5.3887,4.2007,12.355,-1,0.0," -> [chair (Left): 3%, tvmonitor (Center): 27%]"
frame_001647,-1.0,1.8204,5.4483,3.9892,11.2591,-1,0.0," -> [chair (Left): 3%, tvmonitor (Center): 27%]"
frame_001648,-1.0,1.7287,5.3422,5.211,12.2831,-1,0.0," -> [chair (Left): 3%, tvmonitor (Center): 27%]"
frame_001649,-1.0,2.3618,5.3376,4.0097,11.7103,-1,0.0," -> [chair (Left): 3%, tvmonitor (Center): 27%]"
frame_001650,-1.0,3.759,5.3651,4.1627,13.2879,-1,0.0," -> [chair (Left): 3%, tvmonitor (Center): 27%]"
frame_001651,-1.0,2.276,5.5112,4.0902,11.8786,-1,0.0," -> [chair (Left): 3%, tvmonitor (Center): 27%]"
frame_001652,-1.0,3.842,5.3131,4.0937,13.25,-1,0.0," -> [chair (Left): 3%, tvmonitor (Center): 27%]"
frame_001653,-1.0,2.2371,5.3463,3.9946,11.579,-1,0.0," -> [chair (Left): 3%, tvmonitor (Center): 27%]"
frame_001654,-1.0,4.1862,6.3133,4.1121,14.6129,-1,0.0," -> [chair (Left): 3%, tvmonitor (Center): 27%]"
frame_001655,-1.0,2.384,10.0135,4.1604,16.559,-1,0.0," -> [chair (Left): 3%, tvmonitor (Center): 27%]"
frame_001656,-1.0,1.4141,5.3038,5.1508,11.8698,-1,0.0," -> [chair (Left): 3%, tvmonitor (Center): 27%]"
frame_001657,-1.0,4.2652,5.3348,4.1593,13.7603,-1,0.0," -> [chair (Left): 3%, tvmonitor (Center): 27%]"
frame_001658,-1.0,2.6948,5.4286,4.0835,12.2081,-1,0.0," -> [chair (Left): 2%, tvmonitor (Center): 27%]"
frame_001659,-1.0,1.8057,5.5313,4.2973,11.6354,-1,0.0," -> [chair (Left): 2%, tvmonitor (Center): 27%]"
frame_001660,-1.0,2.1861,5.3812,4.0557,11.6243,-1,0.0," -> [chair (Top-Left): 1%, tvmonitor (Center): 29%]"
frame_001661,-1.0,1.8577,5.3229,4.0686,11.2503,-1,0.0," -> [chair (Left): 2%, tvmonitor (Center): 28%]"
frame_001662,-1.0,1.7553,5.4551,4.2574,11.4689,-1,0.0," -> [chair (Top-Left): 2%, tvmonitor (Center): 26%]"
frame_001663,-1.0,1.7576,5.7726,5.2585,12.7898,-1,0.0," -> [chair (Top-Left): 2%, tvmonitor (Center): 25%]"
frame_001664,-1.0,2.259,5.42,4.3324,12.0126,-1,0.0," -> [chair (Top-Left): 2%, tvmonitor (Center): 26%]"
frame_001665,-1.0,1.7832,7.0135,3.9192,12.7171,-1,0.0," -> [chair (Top-Left): 2%, tvmonitor (Center): 26%]"
frame_001666,-1.0,2.3408,5.4894,4.1384,11.9697,-1,0.0," -> [chair (Top-Left): 2%, tvmonitor (Center): 25%]"
frame_001667,-1.0,1.8653,8.3345,4.0654,14.2662,-1,0.0," -> [chair (Top-Left): 2%, tvmonitor (Center): 25%]"
frame_001668,-1.0,2.2183,5.4143,4.1381,11.7718,-1,0.0," -> [chair (Top-Left): 2%, tvmonitor (Center): 25%]"
frame_001669,-1.0,1.7096,5.5153,3.8941,11.12,-1,0.0," -> [chair (Top-Left): 2%, tvmonitor (Center): 25%]"
frame_001670,-1.0,1.7763,5.6492,5.324,12.7506,-1,0.0," -> [chair (Top-Left): 2%, tvmonitor (Center): 28%]"
frame_001671,-1.0,1.6696,7.4271,4.2112,13.3089,-1,0.0," -> [chair (Top-Left): 1%, tvmonitor (Center): 28%]"
frame_001672,-1.0,1.7509,5.4212,4.1649,11.3382,-1,0.0," -> [chair (Top-Left): 2%, tvmonitor (Center): 27%]"
frame_001673,-1.0,2.3673,5.3799,5.1255,12.874,-1,0.0," -> [chair (Top-Left): 3%, tvmonitor (Top): 27%]"
frame_001674,-1.0,2.2584,8.162,4.1425,14.5644,-1,0.0," -> [chair (Top-Left): 3%, tvmonitor (Top): 22%]"
frame_001675,-1.0,3.6542,5.3141,4.2666,13.2358,-1,0.0," -> [chair (Top-Left): 3%, tvmonitor (Top): 24%]"
frame_001676,-1.0,2.6368,5.4247,4.989,13.0518,-1,0.0," -> [chair (Top-Left): 3%, tvmonitor (Top): 25%]"
frame_001677,-1.0,3.8368,5.3571,4.0654,13.2605,-1,0.0," -> [chair (Top-Left): 3%, tvmonitor (Top): 26%]"
frame_001678,-1.0,4.0383,5.2631,4.1958,13.4984,-1,0.0," -> [chair (Top-Left): 3%, tvmonitor (Top): 25%]"
frame_001679,-1.0,4.034,5.3594,4.1927,13.5873,-1,0.0," -> [chair (Top-Left): 3%, dog (Bottom): 6%, tvmonitor (Top): 28%]"
frame_001680,-1.0,3.9005,7.3867,4.2317,15.5207,-1,0.0," -> [chair (Top-Left): 2%, dog (Bottom): 13%, tvmonitor (Top): 27%]"
frame_001681,-1.0,2.2669,5.5725,4.122,11.9625,-1,0.0," -> [chair (Top-Left): 3%, dog (Bottom): 12%, tvmonitor (Top): 26%]"
frame_001682,-1.0,1.7516,5.4012,4.2961,11.4502,-1,0.0," -> [chair (Top-Left): 2%, dog (Bottom): 11%, tvmonitor (Top): 25%]"
frame_001683,-1.0,2.36,5.4055,3.9866,11.7534,-1,0.0," -> [chair (Top-Left): 1%, tvmonitor (Top): 20%]"
frame_001684,-1.0,1.7945,5.2194,4.2313,11.2464,-1,0.0," -> [chair (Top-Left): 1%, tvmonitor (Top): 13%]"
frame_001685,-1.0,1.7036,5.3996,4.12,11.2244,-1,0.0," -> [chair (Top-Left): 2%, tvmonitor (Top): 15%]"
frame_001686,-1.0,1.8289,5.4907,4.0639,11.3848,-1,0.0," -> [chair (Top-Left): 2%, tvmonitor (Top): 17%]"
frame_001687,-1.0,1.7486,5.3472,4.0086,11.1056,-1,0.0," -> [chair (Top-Left): 2%, tvmonitor (Top): 11%]"
frame_001688,-1.0,3.3599,5.3086,4.2962,12.9659,-1,0.0," -> [chair (Top-Left): 2%, tvmonitor (Top): 15%]"
frame_001689,-1.0,3.9235,5.3702,3.911,13.2058,-1,0.0," -> [chair (Top-Left): 2%, tvmonitor (Top): 6%]"
frame_001690,-1.0,2.7303,5.3871,4.1408,12.2593,-1,0.0," -> [chair (Top-Left): 1%, tvmonitor (Top): 15%]"
frame_001691,-1.0,3.3831,5.355,4.0754,12.8146,-1,0.0," -> [chair (Top-Left): 1%, tvmonitor (Top): 18%]"
frame_001692,-1.0,2.2655,5.3612,4.1154,11.7432,-1,0.0," -> [chair (Top-Left): 1%, tvmonitor (Top): 17%]"
frame_001693,-1.0,2.2516,5.3968,4.148,11.7975,-1,0.0," -> [chair (Top-Left): 2%, tvmonitor (Top): 15%]"
frame_001694,-1.0,1.7747,5.4076,4.9347,12.1181,-1,0.0," -> [chair (Top-Left): 2%, tvmonitor (Top): 15%]"
frame_001695,-1.0,2.2877,5.3382,4.0742,11.7014,-1,0.0," -> [chair (Top-Left): 2%, tvmonitor (Top): 13%]"
frame_001696,-1.0,3.6723,5.0633,4.1376,12.8742,-1,0.0," -> [chair (Top-Left): 2%, tvmonitor (Top): 15%]"
frame_001697,-1.0,2.2887,5.4136,3.9103,11.6136,-1,0.0," -> [chair (Top-Left): 2%, tvmonitor (Top): 13%]"
