filename,ros_data_age_ms,preprocessing_ms,inference_ms,postprocessing_ms,e2e_ms,class_id,confidence,info
frame_000000,-1.0,1.5276,21.5221,5.5013,28.552,-1,0.0, -> [background only]
frame_000001,-1.0,1.6239,17.7391,4.3389,23.7033,-1,0.0, -> [background only]
frame_000002,-1.0,2.3501,20.7816,3.6918,26.8251,-1,0.0, -> [background only]
frame_000003,-1.0,2.4918,22.2456,4.2613,29.0003,-1,0.0, -> [background only]
frame_000004,-1.0,3.4034,14.1296,4.2953,21.8301,-1,0.0, -> [background only]
frame_000005,-1.0,1.8228,20.6792,4.3615,26.865,-1,0.0, -> [background only]
frame_000006,-1.0,2.2716,22.1396,4.1021,28.5154,-1,0.0, -> [background only]
frame_000007,-1.0,2.3168,14.0088,4.2138,20.541,-1,0.0, -> [background only]
frame_000008,-1.0,1.8438,21.3833,4.817,28.0459,-1,0.0, -> [background only]
frame_000009,-1.0,1.7214,26.221,4.8305,32.7746,-1,0.0, -> [background only]
frame_000010,-1.0,1.8293,13.2569,4.1116,19.1994,-1,0.0, -> [background only]
frame_000011,-1.0,1.8641,21.0086,5.3484,28.2227,-1,0.0, -> [background only]
frame_000012,-1.0,2.1977,23.3659,4.6568,30.2221,-1,0.0, -> [background only]
frame_000013,-1.0,2.2302,13.858,4.1108,20.2004,-1,0.0, -> [background only]
frame_000014,-1.0,1.865,21.4141,3.8193,27.0999,-1,0.0, -> [background only]
frame_000015,-1.0,1.6969,21.9348,4.2822,27.9153,-1,0.0, -> [background only]
frame_000016,-1.0,2.2059,14.2116,3.9287,20.3481,-1,0.0, -> [background only]
frame_000017,-1.0,1.7551,22.4421,4.2816,28.4804,-1,0.0, -> [background only]
frame_000018,-1.0,1.6501,22.8196,3.9929,28.464,-1,0.0, -> [background only]
frame_000019,-1.0,1.793,14.0727,4.3855,20.253,-1,0.0, -> [background only]
frame_000020,-1.0,3.0733,18.2222,4.3736,25.671,-1,0.0, -> [background only]
frame_000021,-1.0,3.0916,22.9552,4.0802,30.1291,-1,0.0, -> [background only]
frame_000022,-1.0,2.2175,13.7211,4.4005,20.3409,-1,0.0, -> [background only]
frame_000023,-1.0,1.6655,17.7424,4.2024,23.6119,-1,0.0, -> [background only]
frame_000024,-1.0,1.6751,23.7218,5.3639,30.7625,-1,0.0, -> [background only]
frame_000025,-1.0,1.8926,15.4409,4.3235,21.6585,-1,0.0, -> [background only]
frame_000026,-1.0,1.7325,18.0699,4.3782,24.1821,-1,0.0, -> [background only]
frame_000027,-1.0,1.7332,22.8258,5.0545,29.615,-1,0.0, -> [background only]
frame_000028,-1.0,1.5322,14.0234,4.4144,19.9713,-1,0.0, -> [background only]
frame_000029,-1.0,1.7804,17.8382,4.3455,23.9652,-1,0.0, -> [background only]
frame_000030,-1.0,1.712,23.3045,4.2905,29.3088,-1,0.0, -> [background only]
frame_000031,-1.0,1.6863,13.4417,4.3639,19.4933,-1,0.0, -> [background only]
frame_000032,-1.0,1.6198,17.7365,4.413,23.7703,-1,0.0, -> [background only]
frame_000033,-1.0,2.2465,22.2384,4.3134,28.7995,-1,0.0, -> [background only]
frame_000034,-1.0,1.7708,13.4189,4.2135,19.4046,-1,0.0, -> [background only]
frame_000035,-1.0,1.6417,20.0863,4.1502,25.8795,-1,0.0, -> [background only]
frame_000036,-1.0,1.7573,22.3808,5.2598,29.3994,-1,0.0, -> [background only]
frame_000037,-1.0,1.6428,13.1011,4.4499,19.1951,-1,0.0, -> [background only]
frame_000038,-1.0,1.7276,17.5292,4.2475,23.5055,-1,0.0, -> [background only]
frame_000039,-1.0,1.6579,18.5487,4.1811,24.3891,-1,0.0, -> [background only]
frame_000040,-1.0,1.4965,13.1729,4.3398,19.01,-1,0.0, -> [background only]
frame_000041,-1.0,1.7798,17.6674,4.3968,23.8451,-1,0.0, -> [background only]
frame_000042,-1.0,1.6738,18.4561,4.357,24.4881,-1,0.0, -> [background only]
frame_000043,-1.0,1.6097,13.6768,4.1021,19.3896,-1,0.0, -> [background only]
frame_000044,-1.0,1.5748,17.3859,4.4388,23.4006,-1,0.0, -> [tvmonitor (Top): 5%]
frame_000045,-1.0,2.2229,18.3365,4.3753,24.9361,-1,0.0, -> [background only]
frame_000046,-1.0,2.1326,13.3259,4.5919,20.0517,-1,0.0, -> [tvmonitor (Top): 3%]
frame_000047,-1.0,1.6755,21.679,4.2655,27.6212,-1,0.0, -> [background only]
frame_000048,-1.0,2.1316,18.765,4.2441,25.142,-1,0.0, -> [background only]
frame_000049,-1.0,2.1409,17.4441,4.3084,23.8948,-1,0.0, -> [background only]
frame_000050,-1.0,1.7026,17.5419,4.3764,23.6221,-1,0.0, -> [background only]
frame_000051,-1.0,2.1238,17.9251,4.2813,24.3316,-1,0.0, -> [background only]
frame_000052,-1.0,1.6683,13.3971,4.4182,19.4846,-1,0.0, -> [background only]
frame_000053,-1.0,1.731,22.1128,4.2951,28.1403,-1,0.0, -> [background only]
frame_000054,-1.0,1.7212,18.2035,3.9871,23.9133,-1,0.0, -> [background only]
frame_000055,-1.0,1.7738,15.1318,4.0826,20.9892,-1,0.0, -> [background only]
frame_000056,-1.0,2.6277,17.1909,4.4537,24.274,-1,0.0, -> [background only]
frame_000057,-1.0,2.2018,20.9709,3.8937,27.0679,-1,0.0, -> [background only]
frame_000058,-1.0,1.7016,13.7201,4.3205,19.7433,-1,0.0, -> [background only]
frame_000059,-1.0,1.6997,17.8098,4.1956,23.7062,-1,0.0, -> [background only]
frame_000060,-1.0,2.9872,18.6677,4.3028,25.9589,-1,0.0, -> [background only]
frame_000061,-1.0,2.0789,13.1868,4.2099,19.4768,-1,0.0, -> [background only]
frame_000062,-1.0,2.0096,17.1306,4.3407,23.4818,-1,0.0, -> [background only]
frame_000063,-1.0,1.6964,22.2932,5.3582,29.3491,-1,0.0, -> [background only]
frame_000064,-1.0,2.2773,14.6066,4.3149,21.2006,-1,0.0, -> [background only]
frame_000065,-1.0,2.1799,16.8996,4.2334,23.3142,-1,0.0, -> [background only]
frame_000066,-1.0,1.6754,18.4344,4.3448,24.4561,-1,0.0, -> [background only]
frame_000067,-1.0,1.6675,13.153,3.985,18.8068,-1,0.0, -> [background only]
frame_000068,-1.0,1.6088,17.0185,4.0782,22.7067,-1,0.0, -> [background only]
frame_000069,-1.0,1.554,23.8186,4.1887,29.5626,-1,0.0, -> [background only]
frame_000070,-1.0,2.6922,14.1336,4.3653,21.1925,-1,0.0, -> [background only]
frame_000071,-1.0,2.2934,17.1169,4.4129,23.8244,-1,0.0, -> [background only]
frame_000072,-1.0,1.6689,18.7922,4.1142,24.5768,-1,0.0, -> [background only]
frame_000073,-1.0,1.6102,13.2803,4.1859,19.0778,-1,0.0, -> [chair (Right): 2%]
frame_000074,-1.0,2.5424,17.2374,4.196,23.9769,-1,0.0, -> [chair (Right): 3%]
frame_000075,-1.0,1.7321,22.9277,4.2835,28.9448,-1,0.0, -> [chair (Right): 2%]
frame_000076,-1.0,1.7408,13.4135,4.2692,19.4246,-1,0.0, -> [chair (Right): 2%]
frame_000077,-1.0,2.1806,17.4816,4.0337,23.6973,-1,0.0, -> [chair (Right): 3%]
frame_000078,-1.0,1.8909,18.2565,4.2935,24.4419,-1,0.0, -> [chair (Right): 1%]
frame_000079,-1.0,2.7265,13.8457,4.0886,20.6622,-1,0.0, -> [chair (Right): 8%]
frame_000080,-1.0,2.2184,17.1954,4.2395,23.6547,-1,0.0, -> [chair (Right): 8%]
frame_000081,-1.0,3.1087,21.5942,4.2186,28.9228,-1,0.0, -> [chair (Right): 9%]
frame_000082,-1.0,2.0508,13.5598,4.0786,19.6906,-1,0.0, -> [chair (Right): 12%]
frame_000083,-1.0,1.6035,17.5497,4.1027,23.2569,-1,0.0, -> [chair (Right): 12%]
frame_000084,-1.0,1.683,18.7771,4.1143,24.5755,-1,0.0, -> [chair (Center): 10%]
frame_000085,-1.0,1.724,13.1982,4.3813,19.3045,-1,0.0, -> [chair (Center): 9%]
frame_000086,-1.0,1.6182,17.8487,4.2325,23.7006,-1,0.0, -> [chair (Center): 9%]
frame_000087,-1.0,2.1167,18.8086,4.259,25.1856,-1,0.0," -> [chair (Center): 9%, tvmonitor (Top-Right): 2%]"
frame_000088,-1.0,1.7172,13.5299,4.1908,19.4391,-1,0.0," -> [chair (Center): 11%, tvmonitor (Top-Right): 1%]"
frame_000089,-1.0,1.6573,17.2812,4.4758,23.4153,-1,0.0, -> [chair (Center): 8%]
frame_000090,-1.0,2.1645,18.6144,4.441,25.2212,-1,0.0, -> [chair (Center): 8%]
frame_000091,-1.0,1.7134,14.0416,4.0011,19.7571,-1,0.0, -> [chair (Center): 9%]
frame_000092,-1.0,2.9007,17.8451,4.1356,24.8824,-1,0.0, -> [chair (Left): 9%]
frame_000093,-1.0,2.5878,18.4904,4.1827,25.2619,-1,0.0, -> [chair (Left): 7%]
frame_000094,-1.0,2.1966,13.1593,4.3677,19.7247,-1,0.0, -> [chair (Left): 6%]
frame_000095,-1.0,2.2151,20.3602,4.4428,27.0201,-1,0.0," -> [chair (Left): 6%, tvmonitor (Top): 2%]"
frame_000096,-1.0,1.6446,19.0066,4.4139,25.0664,-1,0.0, -> [chair (Left): 3%]
frame_000097,-1.0,2.2261,16.5162,4.2048,22.9481,-1,0.0, -> [chair (Left): 2%]
frame_000098,-1.0,2.1051,17.1463,4.4647,23.7171,-1,0.0, -> [chair (Left): 2%]
frame_000099,-1.0,3.2078,19.8868,4.2326,27.3284,-1,0.0, -> [background only]
frame_000100,-1.0,2.2328,13.9803,4.4686,20.6829,-1,0.0, -> [chair (Left): 2%]
frame_000101,-1.0,2.3217,17.4326,4.3581,24.1134,-1,0.0, -> [background only]
frame_000102,-1.0,2.0948,18.8663,4.1408,25.1032,-1,0.0, -> [background only]
frame_000103,-1.0,1.6394,13.2808,4.4708,19.3924,-1,0.0, -> [background only]
frame_000104,-1.0,2.2078,17.0295,5.0906,24.329,-1,0.0, -> [background only]
frame_000105,-1.0,2.2516,18.3047,4.2942,24.8515,-1,0.0, -> [background only]
frame_000106,-1.0,1.6246,13.3639,4.0877,19.0774,-1,0.0, -> [background only]
frame_000107,-1.0,3.6404,19.9649,4.2248,27.831,-1,0.0, -> [background only]
frame_000108,-1.0,2.1245,18.4752,4.3474,24.9479,-1,0.0, -> [background only]
frame_000109,-1.0,2.1905,12.9607,4.3689,19.5214,-1,0.0, -> [car (Bottom-Right): 1%]
frame_000110,-1.0,1.6195,17.5721,4.2786,23.4711,-1,0.0, -> [background only]
frame_000111,-1.0,1.591,18.6435,4.0983,24.3339,-1,0.0, -> [background only]
frame_000112,-1.0,1.6343,13.1005,4.3755,19.1117,-1,0.0, -> [background only]
frame_000113,-1.0,2.4968,17.2353,4.2739,24.007,-1,0.0, -> [car (Bottom-Right): 1%]
frame_000114,-1.0,3.4136,18.5553,4.2682,26.239,-1,0.0," -> [car (Right): 1%, chair (Center): 1%]"
frame_000115,-1.0,2.0181,13.1189,4.3724,19.5109,-1,0.0," -> [car (Right): 1%, chair (Center): 1%]"
frame_000116,-1.0,2.1892,17.3733,4.3353,23.8992,-1,0.0, -> [car (Bottom-Right): 1%]
frame_000117,-1.0,1.8093,18.7287,4.276,24.8153,-1,0.0, -> [car (Right): 1%]
frame_000118,-1.0,1.9816,13.101,4.5083,19.5923,-1,0.0," -> [car (Right): 1%, chair (Center): 1%]"
frame_000119,-1.0,1.7438,17.0153,4.4617,23.2218,-1,0.0," -> [car (Right): 1%, chair (Center): 1%]"
frame_000120,-1.0,1.8953,18.4098,4.2886,24.5953,-1,0.0," -> [car (Right): 1%, chair (Center): 2%]"
frame_000121,-1.0,1.6204,14.1097,4.1105,19.8417,-1,0.0," -> [car (Bottom-Right): 1%, chair (Center): 2%]"
frame_000122,-1.0,2.4061,17.7354,4.4283,24.5713,-1,0.0, -> [chair (Left): 2%]
frame_000123,-1.0,2.1408,20.6164,4.3847,27.1431,-1,0.0," -> [car (Bottom-Right): 1%, chair (Left): 1%]"
frame_000124,-1.0,1.6689,13.0734,4.5297,19.2728,-1,0.0," -> [car (Bottom-Right): 1%, chair (Left): 2%]"
frame_000125,-1.0,1.6772,17.8763,4.5408,24.0956,-1,0.0," -> [car (Bottom-Right): 1%, chair (Left): 2%]"
frame_000126,-1.0,1.5814,18.645,4.2835,24.5111,-1,0.0, -> [chair (Left): 3%]
frame_000127,-1.0,1.6177,13.153,4.1501,18.9218,-1,0.0," -> [car (Bottom-Right): 1%, chair (Left): 1%]"
frame_000128,-1.0,1.7459,17.6294,4.4819,23.8585,-1,0.0," -> [car (Bottom-Right): 1%, chair (Left): 2%]"
frame_000129,-1.0,2.2176,20.5721,4.4498,27.2407,-1,0.0, -> [chair (Left): 2%]
frame_000130,-1.0,1.5775,13.3615,4.4484,19.3884,-1,0.0," -> [car (Bottom-Right): 1%, chair (Left): 2%]"
frame_000131,-1.0,1.7167,17.1871,4.4143,23.319,-1,0.0," -> [car (Bottom-Right): 1%, chair (Left): 2%]"
frame_000132,-1.0,1.7312,18.6866,4.1917,24.6107,-1,0.0," -> [car (Right): 1%, chair (Left): 3%]"
frame_000133,-1.0,2.1747,12.9379,4.3561,19.4697,-1,0.0," -> [car (Right): 1%, chair (Left): 2%]"
frame_000134,-1.0,2.1522,17.2758,4.3517,23.7804,-1,0.0," -> [car (Right): 1%, chair (Left): 2%]"
frame_000135,-1.0,1.7292,18.0281,4.1874,23.9458,-1,0.0, -> [chair (Left): 2%]
frame_000136,-1.0,1.717,13.3489,4.2556,19.3225,-1,0.0, -> [chair (Left): 2%]
frame_000137,-1.0,1.7353,19.2354,4.1602,25.1317,-1,0.0, -> [chair (Left): 2%]
frame_000138,-1.0,1.6982,18.82,4.3165,24.8359,-1,0.0," -> [car (Bottom-Right): 1%, chair (Left): 2%]"
frame_000139,-1.0,2.1283,12.8072,4.1091,19.0455,-1,0.0, -> [car (Bottom-Right): 1%]
frame_000140,-1.0,1.8236,17.7612,4.3026,23.8885,-1,0.0, -> [chair (Left): 2%]
frame_000141,-1.0,1.6763,18.8688,4.4333,24.9798,-1,0.0," -> [car (Bottom-Right): 1%, chair (Left): 1%]"
frame_000142,-1.0,1.638,12.9742,4.197,18.8104,-1,0.0, -> [chair (Left): 2%]
frame_000143,-1.0,2.2484,17.2444,4.4717,23.9655,-1,0.0, -> [chair (Left): 2%]
frame_000144,-1.0,2.0553,18.4093,4.1205,24.5865,-1,0.0," -> [car (Bottom-Right): 1%, chair (Left): 2%]"
frame_000145,-1.0,1.6645,13.2818,4.3562,19.3036,-1,0.0," -> [car (Bottom-Right): 1%, chair (Left): 3%]"
frame_000146,-1.0,2.0136,16.7208,4.5213,23.2569,-1,0.0," -> [car (Bottom-Right): 1%, chair (Left): 3%]"
frame_000147,-1.0,1.7537,22.9691,4.2793,29.0032,-1,0.0, -> [chair (Left): 3%]
frame_000148,-1.0,2.1345,12.7059,4.3037,19.1455,-1,0.0, -> [car (Bottom-Right): 1%]
frame_000149,-1.0,1.6981,17.246,4.2265,23.172,-1,0.0, -> [background only]
frame_000150,-1.0,2.5674,18.1574,4.1931,24.9192,-1,0.0, -> [background only]
frame_000151,-1.0,2.7804,12.5355,4.2314,19.5483,-1,0.0, -> [chair (Left): 3%]
frame_000152,-1.0,2.2891,17.2572,4.0717,23.6189,-1,0.0, -> [chair (Left): 4%]
frame_000153,-1.0,3.1928,21.8097,4.3164,29.3203,-1,0.0, -> [chair (Left): 5%]
frame_000154,-1.0,2.1175,13.2087,4.4158,19.7429,-1,0.0, -> [chair (Left): 2%]
frame_000155,-1.0,2.2727,16.8734,4.4738,23.6211,-1,0.0," -> [car (Bottom-Right): 1%, chair (Left): 3%]"
frame_000156,-1.0,1.7063,20.3757,4.2555,26.3392,-1,0.0, -> [chair (Left): 6%]
frame_000157,-1.0,2.1594,13.9577,4.1313,20.2497,-1,0.0, -> [chair (Left): 7%]
frame_000158,-1.0,1.6508,17.7318,4.3831,23.7672,-1,0.0, -> [chair (Left): 4%]
frame_000159,-1.0,1.6106,18.8951,4.3636,24.8709,-1,0.0, -> [chair (Left): 4%]
frame_000160,-1.0,3.3152,13.4855,4.4632,21.2656,-1,0.0," -> [chair (Left): 3%, tvmonitor (Top): 1%]"
frame_000161,-1.0,2.2065,17.2523,4.4412,23.9018,-1,0.0," -> [chair (Left): 5%, tvmonitor (Top-Left): 1%]"
frame_000162,-1.0,2.1372,18.5091,4.3691,25.0171,-1,0.0," -> [chair (Left): 6%, tvmonitor (Top-Left): 1%]"
frame_000163,-1.0,1.7403,17.1763,4.3714,23.2895,-1,0.0," -> [chair (Left): 4%, tvmonitor (Top-Left): 1%]"
frame_000164,-1.0,2.9061,17.6706,4.1282,24.7065,-1,0.0," -> [chair (Left): 7%, tvmonitor (Top-Left): 1%]"
frame_000165,-1.0,2.4929,18.3119,4.5175,25.3237,-1,0.0," -> [chair (Left): 6%, tvmonitor (Top-Left): 1%]"
frame_000166,-1.0,1.9382,13.6171,4.4393,19.996,-1,0.0," -> [chair (Left): 8%, tvmonitor (Top-Left): 1%]"
frame_000167,-1.0,1.6678,19.295,4.3392,25.3031,-1,0.0, -> [chair (Left): 7%]
frame_000168,-1.0,1.6825,18.9248,4.1267,24.735,-1,0.0, -> [chair (Left): 9%]
frame_000169,-1.0,1.7802,13.4009,3.9848,19.1674,-1,0.0, -> [chair (Left): 9%]
frame_000170,-1.0,1.7682,17.5822,4.126,23.4776,-1,0.0, -> [chair (Left): 7%]
frame_000171,-1.0,1.7775,18.7819,4.1612,24.7219,-1,0.0, -> [chair (Left): 9%]
frame_000172,-1.0,1.7303,13.7585,4.0891,19.5793,-1,0.0," -> [chair (Left): 9%, tvmonitor (Top-Left): 1%]"
frame_000173,-1.0,1.7507,17.7426,4.0469,23.5417,-1,0.0, -> [chair (Left): 6%]
frame_000174,-1.0,2.0902,18.6697,4.1931,24.9543,-1,0.0, -> [chair (Left): 3%]
frame_000175,-1.0,1.8908,13.5582,4.2405,19.6904,-1,0.0," -> [chair (Left): 3%, person (Left): 1%]"
frame_000176,-1.0,3.4489,17.6329,3.9787,25.0618,-1,0.0, -> [chair (Left): 3%]
frame_000177,-1.0,2.1858,19.0239,4.0997,25.3106,-1,0.0, -> [background only]
frame_000178,-1.0,1.4342,13.514,4.0133,18.9628,-1,0.0, -> [background only]
frame_000179,-1.0,1.7327,22.3452,3.7509,27.8301,-1,0.0, -> [background only]
frame_000180,-1.0,1.9384,21.5271,4.0403,27.5071,-1,0.0, -> [background only]
frame_000181,-1.0,1.8732,13.3977,4.0507,19.3226,-1,0.0, -> [background only]
frame_000182,-1.0,2.908,17.2935,4.1511,24.3538,-1,0.0, -> [background only]
frame_000183,-1.0,2.1193,18.1605,4.0875,24.3687,-1,0.0, -> [car (Bottom-Left): 3%]
frame_000184,-1.0,1.6686,13.8422,4.2217,19.7335,-1,0.0, -> [car (Bottom-Left): 2%]
frame_000185,-1.0,2.1139,17.0112,4.245,23.3713,-1,0.0, -> [background only]
frame_000186,-1.0,2.7399,18.9836,4.0432,25.7682,-1,0.0, -> [background only]
frame_000187,-1.0,2.085,13.546,3.7447,19.3771,-1,0.0, -> [background only]
frame_000188,-1.0,2.2039,17.2303,4.1948,23.6303,-1,0.0, -> [background only]
frame_000189,-1.0,1.7747,21.479,3.9035,27.1585,-1,0.0, -> [background only]
frame_000190,-1.0,2.9082,13.8685,3.7951,20.5731,-1,0.0, -> [background only]
frame_000191,-1.0,2.0001,17.1602,4.1244,23.2862,-1,0.0, -> [background only]
frame_000192,-1.0,2.8447,18.5863,3.8774,25.31,-1,0.0, -> [background only]
frame_000193,-1.0,2.1044,13.3107,3.9637,19.38,-1,0.0, -> [background only]
frame_000194,-1.0,1.6911,17.3876,4.0986,23.1782,-1,0.0, -> [background only]
frame_000195,-1.0,1.7749,18.4846,3.961,24.2217,-1,0.0, -> [background only]
frame_000196,-1.0,2.0404,13.5936,4.786,20.421,-1,0.0, -> [background only]
frame_000197,-1.0,2.0972,19.6584,4.1678,25.9252,-1,0.0, -> [background only]
frame_000198,-1.0,1.7036,18.8285,4.1499,24.6833,-1,0.0, -> [background only]
frame_000199,-1.0,1.6834,13.7373,4.2208,19.6425,-1,0.0, -> [background only]
frame_000200,-1.0,1.7132,17.156,4.0241,22.8944,-1,0.0, -> [background only]
frame_000201,-1.0,1.9321,19.3365,3.9782,25.2482,-1,0.0, -> [background only]
frame_000202,-1.0,1.7585,13.4254,4.2344,19.4192,-1,0.0, -> [background only]
frame_000203,-1.0,1.7274,17.4309,4.247,23.4069,-1,0.0, -> [background only]
frame_000204,-1.0,1.7265,18.8058,4.2735,24.8074,-1,0.0, -> [background only]
frame_000205,-1.0,1.7012,13.2682,4.0264,18.9975,-1,0.0, -> [background only]
frame_000206,-1.0,2.164,17.6856,4.281,24.132,-1,0.0, -> [background only]
frame_000207,-1.0,1.7664,18.7401,3.903,24.4111,-1,0.0, -> [background only]
frame_000208,-1.0,1.7274,13.5849,4.0303,19.344,-1,0.0, -> [background only]
frame_000209,-1.0,1.8035,17.1923,4.2084,23.2056,-1,0.0, -> [background only]
frame_000210,-1.0,2.2702,18.3922,4.2348,24.8983,-1,0.0, -> [background only]
frame_000211,-1.0,2.2546,13.7138,4.0603,20.0303,-1,0.0, -> [background only]
frame_000212,-1.0,1.9468,17.4704,4.3667,23.7852,-1,0.0, -> [chair (Left): 1%]
frame_000213,-1.0,2.3294,19.2028,4.0338,25.5676,-1,0.0, -> [background only]
frame_000214,-1.0,1.8075,14.1879,4.1834,20.1801,-1,0.0, -> [background only]
frame_000215,-1.0,1.7648,21.4591,4.2575,27.4828,-1,0.0, -> [chair (Center): 1%]
frame_000216,-1.0,1.7755,21.7248,4.0471,27.5488,-1,0.0, -> [chair (Center): 1%]
frame_000217,-1.0,1.7551,14.1028,4.1039,19.9631,-1,0.0, -> [chair (Center): 2%]
frame_000218,-1.0,1.6103,21.7236,3.7574,27.0926,-1,0.0, -> [background only]
frame_000219,-1.0,1.7829,26.0275,4.3844,32.1962,-1,0.0, -> [background only]
frame_000220,-1.0,1.5621,14.0019,4.3129,19.8783,-1,0.0, -> [chair (Left): 1%]
frame_000221,-1.0,1.7419,21.3839,4.4393,27.5664,-1,0.0, -> [chair (Center): 3%]
frame_000222,-1.0,1.6254,23.9578,5.5143,31.0989,-1,0.0, -> [chair (Center): 4%]
frame_000223,-1.0,1.79,13.6502,4.5047,19.9463,-1,0.0, -> [chair (Center): 1%]
frame_000224,-1.0,1.7715,21.7312,4.4006,27.9049,-1,0.0, -> [background only]
frame_000225,-1.0,1.7013,23.3506,4.4206,29.4739,-1,0.0, -> [chair (Center): 1%]
frame_000226,-1.0,1.6416,14.216,4.4279,20.2868,-1,0.0, -> [chair (Center): 4%]
frame_000227,-1.0,2.7429,21.0026,4.2401,27.9871,-1,0.0, -> [background only]
frame_000228,-1.0,2.2766,22.4355,5.2282,29.942,-1,0.0, -> [chair (Center): 3%]
frame_000229,-1.0,2.0975,14.2535,4.428,20.7803,-1,0.0, -> [chair (Center): 4%]
frame_000230,-1.0,2.8505,21.2489,4.6695,28.7701,-1,0.0, -> [chair (Left): 1%]
frame_000231,-1.0,2.0707,22.0213,4.5678,28.661,-1,0.0, -> [chair (Center): 4%]
frame_000232,-1.0,2.0917,13.8504,4.2504,20.1939,-1,0.0, -> [chair (Center): 3%]
frame_000233,-1.0,2.3781,23.1416,4.2801,29.801,-1,0.0, -> [chair (Left): 2%]
frame_000234,-1.0,2.1143,22.7066,4.3426,29.1648,-1,0.0, -> [chair (Left): 3%]
frame_000235,-1.0,1.9858,13.8367,4.2628,20.0867,-1,0.0, -> [chair (Left): 3%]
frame_000236,-1.0,1.7531,21.6762,4.4943,27.9249,-1,0.0, -> [chair (Left): 2%]
frame_000237,-1.0,2.1412,26.1289,4.7523,33.024,-1,0.0, -> [chair (Left): 1%]
frame_000238,-1.0,1.6582,14.0449,4.269,19.9733,-1,0.0, -> [chair (Center): 4%]
frame_000239,-1.0,2.7121,21.1056,4.1466,27.9653,-1,0.0, -> [chair (Center): 2%]
frame_000240,-1.0,2.109,23.1123,4.6334,29.8557,-1,0.0, -> [chair (Center): 2%]
frame_000241,-1.0,1.7396,13.8798,4.5429,20.1634,-1,0.0, -> [chair (Left): 1%]
frame_000242,-1.0,2.1107,22.6045,5.4046,30.121,-1,0.0, -> [chair (Left): 1%]
frame_000243,-1.0,2.1564,22.3508,4.4509,28.9595,-1,0.0, -> [background only]
frame_000244,-1.0,1.6901,13.9184,4.6214,20.2309,-1,0.0, -> [chair (Left): 3%]
frame_000245,-1.0,2.0798,22.0864,4.4758,28.6431,-1,0.0, -> [chair (Center): 7%]
frame_000246,-1.0,1.579,18.6656,4.3425,24.5881,-1,0.0, -> [chair (Center): 8%]
frame_000247,-1.0,1.722,13.8686,4.3672,19.959,-1,0.0, -> [chair (Center): 6%]
frame_000248,-1.0,2.6204,20.8799,4.9932,28.495,-1,0.0, -> [chair (Left): 3%]
frame_000249,-1.0,2.1236,18.9269,4.5541,25.6057,-1,0.0, -> [chair (Center): 5%]
frame_000250,-1.0,2.6014,13.9965,4.4866,21.0855,-1,0.0, -> [chair (Center): 2%]
frame_000251,-1.0,1.5598,23.9693,5.1198,30.6504,-1,0.0, -> [chair (Left): 1%]
frame_000252,-1.0,1.4024,18.6274,4.4612,24.4924,-1,0.0, -> [chair (Center): 3%]
frame_000253,-1.0,2.6206,16.2543,4.1901,23.0667,-1,0.0, -> [chair (Center): 2%]
frame_000254,-1.0,2.3173,21.5925,4.3035,28.2145,-1,0.0, -> [chair (Center): 5%]
frame_000255,-1.0,2.6018,18.7679,4.5281,25.8993,-1,0.0, -> [chair (Left): 1%]
frame_000256,-1.0,2.2371,13.7934,4.2844,20.3163,-1,0.0, -> [background only]
frame_000257,-1.0,2.2779,21.8634,4.4864,28.6291,-1,0.0, -> [background only]
frame_000258,-1.0,1.639,18.6748,4.3053,24.6205,-1,0.0, -> [chair (Center): 4%]
frame_000259,-1.0,1.4999,18.2571,4.427,24.1853,-1,0.0, -> [chair (Center): 7%]
frame_000260,-1.0,2.171,22.7518,4.5563,29.4803,-1,0.0, -> [chair (Center): 5%]
frame_000261,-1.0,1.4966,19.6954,4.3718,25.5654,-1,0.0, -> [chair (Center): 6%]
frame_000262,-1.0,3.2152,16.3864,4.5268,24.1296,-1,0.0, -> [chair (Center): 4%]
frame_000263,-1.0,1.8247,24.8963,4.9903,31.7125,-1,0.0, -> [chair (Center): 4%]
frame_000264,-1.0,1.661,18.6469,4.2877,24.597,-1,0.0, -> [background only]
frame_000265,-1.0,2.4105,14.1281,4.4672,21.0074,-1,0.0, -> [background only]
frame_000266,-1.0,2.1014,22.079,4.6088,28.7907,-1,0.0, -> [chair (Center): 4%]
frame_000267,-1.0,2.1402,18.7626,4.5686,25.4729,-1,0.0, -> [chair (Center): 2%]
frame_000268,-1.0,1.5554,13.8281,4.446,19.8305,-1,0.0, -> [chair (Center): 4%]
frame_000269,-1.0,1.6045,23.0307,4.7637,29.4004,-1,0.0, -> [chair (Center): 5%]
frame_000270,-1.0,1.6185,18.5661,4.6942,24.8799,-1,0.0, -> [chair (Center): 6%]
frame_000271,-1.0,1.6641,13.932,4.3586,19.9562,-1,0.0, -> [background only]
frame_000272,-1.0,2.1352,20.957,4.2741,27.3676,-1,0.0, -> [background only]
frame_000273,-1.0,1.661,18.667,4.6353,24.9651,-1,0.0, -> [chair (Center): 5%]
frame_000274,-1.0,1.7042,13.7298,4.484,19.9194,-1,0.0, -> [chair (Center): 8%]
frame_000275,-1.0,2.7308,21.5348,4.8823,29.1492,-1,0.0, -> [chair (Center): 3%]
frame_000276,-1.0,2.1837,20.2351,4.5635,26.9836,-1,0.0, -> [chair (Center): 7%]
frame_000277,-1.0,1.6313,14.0319,4.6157,20.2796,-1,0.0, -> [chair (Center): 8%]
frame_000278,-1.0,1.6135,21.4022,4.8461,27.8633,-1,0.0, -> [aeroplane (Top): 1%]
frame_000279,-1.0,2.2323,18.6298,4.3195,25.1831,-1,0.0, -> [background only]
frame_000280,-1.0,1.5308,14.4428,4.4435,20.4183,-1,0.0, -> [background only]
frame_000281,-1.0,1.717,21.3515,4.5852,27.6551,-1,0.0, -> [chair (Center): 4%]
frame_000282,-1.0,1.5593,18.7478,4.7552,25.0635,-1,0.0, -> [chair (Center): 6%]
frame_000283,-1.0,1.6212,16.1952,4.4843,22.3017,-1,0.0, -> [chair (Center): 6%]
frame_000284,-1.0,2.2007,21.6261,4.6978,28.5257,-1,0.0," -> [aeroplane (Top): 1%, chair (Center): 8%]"
frame_000285,-1.0,1.3889,18.9132,4.6972,25.0004,-1,0.0, -> [chair (Bottom): 2%]
frame_000286,-1.0,2.1908,14.0157,4.3739,20.5817,-1,0.0, -> [chair (Bottom): 3%]
frame_000287,-1.0,1.5642,21.5477,5.0694,28.1824,-1,0.0, -> [chair (Center): 1%]
frame_000288,-1.0,1.5995,18.6077,4.3388,24.5475,-1,0.0, -> [chair (Center): 2%]
frame_000289,-1.0,3.1549,13.5721,4.4241,21.1522,-1,0.0, -> [chair (Center): 4%]
frame_000290,-1.0,2.1613,21.2645,4.5422,27.9691,-1,0.0, -> [chair (Center): 10%]
frame_000291,-1.0,1.6707,18.5483,4.55,24.7703,-1,0.0, -> [chair (Center): 11%]
frame_000292,-1.0,1.6073,13.4181,4.4589,19.4854,-1,0.0, -> [chair (Center): 9%]
frame_000293,-1.0,1.5853,17.7462,4.4613,23.7939,-1,0.0, -> [chair (Center): 12%]
frame_000294,-1.0,1.6322,18.8913,4.3829,24.9074,-1,0.0, -> [chair (Center): 14%]
frame_000295,-1.0,1.6817,13.2866,4.2079,19.1782,-1,0.0, -> [chair (Center): 14%]
frame_000296,-1.0,1.7252,17.8842,3.9657,23.5767,-1,0.0, -> [chair (Center): 15%]
frame_000297,-1.0,3.3382,18.7091,4.3264,26.3751,-1,0.0, -> [chair (Center): 13%]
frame_000298,-1.0,2.2671,13.5166,4.2028,19.9879,-1,0.0, -> [chair (Center): 11%]
frame_000299,-1.0,2.2635,17.9327,4.3934,24.5913,-1,0.0, -> [chair (Center): 16%]
frame_000300,-1.0,2.3171,18.4,4.1598,24.8781,-1,0.0, -> [chair (Center): 13%]
frame_000301,-1.0,1.6557,13.4868,4.5315,19.6759,-1,0.0, -> [chair (Center): 16%]
frame_000302,-1.0,2.1771,17.367,4.273,23.8184,-1,0.0, -> [chair (Center): 16%]
frame_000303,-1.0,1.6472,18.6973,4.3265,24.6723,-1,0.0, -> [chair (Center): 17%]
frame_000304,-1.0,2.1798,14.9409,4.48,21.6017,-1,0.0, -> [chair (Center): 17%]
frame_000305,-1.0,1.585,18.5424,4.3842,24.513,-1,0.0, -> [chair (Center): 11%]
frame_000306,-1.0,2.2242,18.851,4.2636,25.3401,-1,0.0, -> [chair (Center): 18%]
frame_000307,-1.0,2.99,12.9571,4.5633,20.5115,-1,0.0, -> [chair (Center): 17%]
frame_000308,-1.0,2.2778,17.6139,4.4011,24.2939,-1,0.0, -> [chair (Center): 13%]
frame_000309,-1.0,2.2701,18.6487,4.6113,25.5312,-1,0.0, -> [chair (Center): 15%]
frame_000310,-1.0,1.6568,13.8838,4.4901,20.0323,-1,0.0, -> [chair (Center): 21%]
frame_000311,-1.0,2.29,17.5694,4.536,24.3965,-1,0.0, -> [chair (Center): 19%]
frame_000312,-1.0,1.6027,18.7924,4.622,25.0183,-1,0.0, -> [chair (Center): 19%]
frame_000313,-1.0,1.7419,13.7149,4.4551,19.9131,-1,0.0, -> [chair (Center): 24%]
frame_000314,-1.0,1.666,18.3303,4.3177,24.3152,-1,0.0, -> [chair (Center): 23%]
frame_000315,-1.0,2.2596,18.6574,4.4589,25.3771,-1,0.0, -> [chair (Center): 21%]
frame_000316,-1.0,1.683,13.217,4.5233,19.4246,-1,0.0," -> [aeroplane (Top-Right): 1%, chair (Center): 18%]"
frame_000317,-1.0,1.7328,17.501,4.3363,23.5713,-1,0.0, -> [chair (Center): 24%]
frame_000318,-1.0,2.2504,18.135,4.658,25.0446,-1,0.0, -> [chair (Center): 24%]
frame_000319,-1.0,1.5045,17.4719,4.2242,23.2019,-1,0.0, -> [chair (Center): 19%]
frame_000320,-1.0,1.7266,17.58,4.5263,23.8341,-1,0.0, -> [chair (Center): 23%]
frame_000321,-1.0,1.7676,18.1275,4.4666,24.3628,-1,0.0, -> [chair (Center): 23%]
frame_000322,-1.0,2.5444,14.9563,4.5953,22.0971,-1,0.0, -> [chair (Center): 23%]
frame_000323,-1.0,1.6133,17.7281,4.5601,23.9025,-1,0.0, -> [chair (Center): 25%]
frame_000324,-1.0,1.6963,18.8432,4.6529,25.1935,-1,0.0, -> [chair (Center): 27%]
frame_000325,-1.0,1.6169,13.6732,4.22,19.511,-1,0.0, -> [chair (Center): 26%]
frame_000326,-1.0,2.2338,22.1894,4.5175,28.9419,-1,0.0, -> [chair (Center): 25%]
frame_000327,-1.0,1.6664,18.5433,4.5957,24.8063,-1,0.0, -> [chair (Center): 29%]
frame_000328,-1.0,1.5974,13.4907,4.5026,19.5916,-1,0.0, -> [chair (Center): 29%]
frame_000329,-1.0,1.7248,17.6651,4.5213,23.9122,-1,0.0, -> [chair (Center): 25%]
frame_000330,-1.0,1.5346,19.6229,4.5823,25.741,-1,0.0, -> [chair (Center): 26%]
frame_000331,-1.0,2.2689,13.5806,4.3951,20.2455,-1,0.0, -> [chair (Center): 29%]
frame_000332,-1.0,1.7156,17.863,4.5322,24.112,-1,0.0," -> [aeroplane (Top-Left): 1%, chair (Center): 23%]"
frame_000333,-1.0,1.7413,18.4261,4.3165,24.485,-1,0.0, -> [chair (Center): 23%]
frame_000334,-1.0,2.4446,17.4487,4.366,24.2605,-1,0.0, -> [chair (Center): 24%]
frame_000335,-1.0,1.6696,18.1082,4.3873,24.1661,-1,0.0, -> [chair (Right): 23%]
frame_000336,-1.0,1.6476,23.8683,4.3587,29.8762,-1,0.0, -> [chair (Right): 27%]
frame_000337,-1.0,1.5959,13.6933,4.4144,19.7046,-1,0.0, -> [chair (Right): 27%]
frame_000338,-1.0,2.1627,17.5483,4.2841,23.996,-1,0.0, -> [chair (Right): 28%]
frame_000339,-1.0,1.7064,18.5574,4.3376,24.6024,-1,0.0, -> [chair (Right): 24%]
frame_000340,-1.0,1.6675,16.5647,4.3368,22.5704,-1,0.0, -> [chair (Right): 25%]
frame_000341,-1.0,1.6791,17.763,4.3154,23.7585,-1,0.0, -> [chair (Right): 21%]
frame_000342,-1.0,1.6734,19.2149,4.4618,25.3513,-1,0.0, -> [chair (Right): 18%]
frame_000343,-1.0,1.6627,13.4159,4.2761,19.356,-1,0.0, -> [chair (Right): 16%]
frame_000344,-1.0,1.6278,18.214,4.3808,24.2238,-1,0.0, -> [chair (Right): 11%]
frame_000345,-1.0,1.7097,19.1422,4.2158,25.0693,-1,0.0, -> [chair (Right): 14%]
frame_000346,-1.0,1.7194,13.7413,4.1622,19.6242,-1,0.0, -> [chair (Right): 7%]
frame_000347,-1.0,1.6868,17.9677,4.2272,23.8828,-1,0.0, -> [chair (Right): 8%]
frame_000348,-1.0,1.6588,18.9075,4.2725,24.84,-1,0.0, -> [chair (Center): 1%]
frame_000349,-1.0,1.7369,13.8105,4.2835,19.832,-1,0.0, -> [chair (Center): 2%]
frame_000350,-1.0,2.5202,18.1217,4.0944,24.7372,-1,0.0, -> [background only]
frame_000351,-1.0,2.1301,18.8747,4.2777,25.2835,-1,0.0, -> [chair (Top-Right): 3%]
frame_000352,-1.0,2.9076,13.5041,4.2131,20.6261,-1,0.0, -> [chair (Left): 3%]
frame_000353,-1.0,2.2973,17.4671,4.1742,23.9396,-1,0.0, -> [chair (Center): 2%]
frame_000354,-1.0,2.2183,22.1717,4.2279,28.6191,-1,0.0, -> [chair (Left): 3%]
frame_000355,-1.0,1.6085,13.2581,4.1976,19.0651,-1,0.0, -> [chair (Left): 2%]
frame_000356,-1.0,1.7048,17.6375,4.0274,23.3712,-1,0.0, -> [chair (Center): 4%]
frame_000357,-1.0,1.6604,18.4809,4.2272,24.3698,-1,0.0, -> [chair (Center): 6%]
frame_000358,-1.0,2.4882,13.9381,4.2499,20.6775,-1,0.0, -> [chair (Center): 3%]
frame_000359,-1.0,2.1074,17.7012,4.2188,24.0284,-1,0.0, -> [chair (Center): 5%]
frame_000360,-1.0,2.2104,18.8133,4.2161,25.2411,-1,0.0, -> [chair (Center): 3%]
frame_000361,-1.0,2.0776,13.3812,4.1056,19.5654,-1,0.0, -> [chair (Center): 2%]
frame_000362,-1.0,2.0742,17.5626,4.0444,23.6825,-1,0.0, -> [background only]
frame_000363,-1.0,1.691,18.829,4.2304,24.7515,-1,0.0, -> [chair (Center): 6%]
frame_000364,-1.0,2.2535,14.1086,4.2487,20.6124,-1,0.0, -> [chair (Center): 1%]
frame_000365,-1.0,2.4924,17.6836,4.1862,24.3633,-1,0.0, -> [chair (Top): 1%]
frame_000366,-1.0,2.112,18.5905,4.316,25.0193,-1,0.0, -> [chair (Center): 4%]
frame_000367,-1.0,1.6203,13.5634,4.0618,19.2465,-1,0.0, -> [chair (Center): 6%]
frame_000368,-1.0,1.7041,17.5151,4.0681,23.288,-1,0.0, -> [chair (Right): 8%]
frame_000369,-1.0,1.717,18.8561,4.2255,24.7996,-1,0.0, -> [chair (Right): 8%]
frame_000370,-1.0,3.1181,13.6367,4.2225,20.9783,-1,0.0, -> [chair (Right): 9%]
frame_000371,-1.0,2.1808,17.5531,4.281,24.0158,-1,0.0," -> [chair (Right): 9%, diningtable (Bottom-Left): 1%]"
frame_000372,-1.0,1.5459,18.7818,4.0877,24.4164,-1,0.0, -> [chair (Right): 11%]
frame_000373,-1.0,2.2553,13.6607,4.2479,20.1651,-1,0.0, -> [chair (Right): 9%]
frame_000374,-1.0,2.6163,17.8455,4.2734,24.7362,-1,0.0, -> [chair (Right): 10%]
frame_000375,-1.0,2.0399,18.6629,4.3161,25.0197,-1,0.0, -> [chair (Right): 10%]
frame_000376,-1.0,1.6253,17.2739,4.2083,23.1087,-1,0.0, -> [chair (Right): 9%]
frame_000377,-1.0,1.6263,17.4142,4.0705,23.1119,-1,0.0, -> [chair (Right): 9%]
frame_000378,-1.0,1.7509,18.8614,4.2416,24.8548,-1,0.0, -> [chair (Right): 4%]
frame_000379,-1.0,1.7505,13.7959,4.1069,19.6542,-1,0.0, -> [chair (Right): 2%]
frame_000380,-1.0,2.9203,17.7592,4.2344,24.9149,-1,0.0, -> [chair (Right): 2%]
frame_000381,-1.0,2.2032,18.516,4.2266,24.9469,-1,0.0, -> [chair (Right): 9%]
frame_000382,-1.0,1.6176,15.1071,4.1641,20.8896,-1,0.0, -> [chair (Right): 9%]
frame_000383,-1.0,1.674,17.5027,4.2606,23.4382,-1,0.0, -> [chair (Right): 10%]
frame_000384,-1.0,2.1444,19.5969,5.1277,26.8701,-1,0.0, -> [chair (Right): 7%]
frame_000385,-1.0,2.1416,13.44,4.2153,19.798,-1,0.0, -> [chair (Right): 5%]
frame_000386,-1.0,1.6784,17.5328,4.3926,23.6047,-1,0.0, -> [chair (Top-Right): 4%]
frame_000387,-1.0,3.1199,18.7562,4.3836,26.2613,-1,0.0, -> [chair (Top-Right): 2%]
frame_000388,-1.0,2.1094,13.4069,4.1077,19.6254,-1,0.0, -> [chair (Right): 8%]
frame_000389,-1.0,2.227,18.5084,4.1975,24.9342,-1,0.0, -> [chair (Right): 8%]
frame_000390,-1.0,1.6976,21.6714,4.535,27.9052,-1,0.0, -> [chair (Right): 11%]
frame_000391,-1.0,2.3803,13.1723,4.2069,19.7609,-1,0.0, -> [chair (Right): 7%]
frame_000392,-1.0,2.1218,17.3929,4.3967,23.9123,-1,0.0, -> [chair (Right): 6%]
frame_000393,-1.0,2.9491,18.5196,4.332,25.8023,-1,0.0, -> [chair (Right): 6%]
frame_000394,-1.0,2.0951,13.2256,4.2615,19.5831,-1,0.0, -> [chair (Right): 5%]
frame_000395,-1.0,2.1708,17.3671,4.2525,23.7913,-1,0.0, -> [chair (Right): 6%]
frame_000396,-1.0,1.7211,18.8498,4.149,24.7209,-1,0.0, -> [chair (Right): 11%]
frame_000397,-1.0,2.1497,13.3756,4.5015,20.0279,-1,0.0," -> [bicycle (Right): 2%, chair (Right): 11%, diningtable (Bottom): 1%]"
frame_000398,-1.0,1.7121,17.4112,4.2812,23.4055,-1,0.0," -> [bicycle (Right): 1%, chair (Right): 6%]"
frame_000399,-1.0,1.7523,18.4641,4.4896,24.7071,-1,0.0," -> [bicycle (Right): 1%, chair (Right): 10%, diningtable (Bottom): 1%]"
frame_000400,-1.0,1.6728,17.9698,4.3221,23.9655,-1,0.0," -> [chair (Right): 6%, diningtable (Bottom): 1%]"
frame_000401,-1.0,1.664,17.6198,4.274,23.5587,-1,0.0," -> [chair (Right): 8%, diningtable (Bottom-Left): 1%]"
frame_000402,-1.0,1.7212,18.5359,4.3033,24.5615,-1,0.0, -> [chair (Right): 9%]
frame_000403,-1.0,1.8161,13.5321,4.2907,19.6402,-1,0.0," -> [chair (Right): 12%, diningtable (Bottom): 4%]"
frame_000404,-1.0,2.0292,17.5909,4.3817,24.0025,-1,0.0," -> [bicycle (Right): 1%, chair (Right): 10%, diningtable (Bottom-Left): 1%]"
frame_000405,-1.0,3.0204,18.9097,4.2993,26.2305,-1,0.0," -> [chair (Right): 7%, diningtable (Bottom-Left): 2%]"
frame_000406,-1.0,2.1546,16.6269,4.2843,23.0669,-1,0.0," -> [chair (Top-Right): 6%, diningtable (Bottom-Left): 1%]"
frame_000407,-1.0,2.6513,18.0328,4.411,25.0964,-1,0.0," -> [bicycle (Right): 2%, chair (Top-Right): 3%, diningtable (Bottom-Left): 2%]"
frame_000408,-1.0,2.1189,18.8581,4.2516,25.2298,-1,0.0," -> [bicycle (Right): 1%, chair (Right): 5%, diningtable (Bottom-Left): 4%]"
frame_000409,-1.0,2.1198,13.5142,5.2575,20.8926,-1,0.0," -> [chair (Right): 11%, diningtable (Bottom-Left): 2%]"
frame_000410,-1.0,2.1839,19.1968,4.4143,25.7962,-1,0.0," -> [chair (Right): 8%, diningtable (Bottom-Left): 2%]"
frame_000411,-1.0,2.2154,18.8927,4.1269,25.2362,-1,0.0," -> [chair (Top-Right): 7%, diningtable (Bottom-Left): 1%]"
frame_000412,-1.0,1.6196,13.739,4.3539,19.7138,-1,0.0," -> [bicycle (Right): 1%, chair (Top-Right): 5%]"
frame_000413,-1.0,2.1035,17.5566,4.2776,23.9389,-1,0.0," -> [bicycle (Right): 2%, chair (Top-Right): 3%]"
frame_000414,-1.0,2.1625,18.6541,4.2922,25.11,-1,0.0," -> [bicycle (Right): 2%, chair (Top-Right): 3%]"
frame_000415,-1.0,1.7129,13.3088,4.3743,19.3972,-1,0.0," -> [bicycle (Right): 1%, chair (Top-Right): 6%]"
frame_000416,-1.0,1.7456,17.5233,4.1617,23.4318,-1,0.0," -> [bicycle (Right): 1%, chair (Right): 9%]"
frame_000417,-1.0,2.5109,19.1461,4.2693,25.9274,-1,0.0," -> [bicycle (Right): 1%, chair (Right): 8%]"
frame_000418,-1.0,2.1696,13.4786,4.2024,19.8515,-1,0.0," -> [bicycle (Right): 1%, chair (Top-Right): 6%]"
frame_000419,-1.0,1.6544,17.4284,4.4792,23.5632,-1,0.0," -> [bicycle (Top-Right): 1%, chair (Top-Right): 5%]"
frame_000420,-1.0,1.6961,19.7387,4.267,25.703,-1,0.0," -> [bicycle (Top-Right): 2%, chair (Top-Right): 5%]"
frame_000421,-1.0,1.628,13.5623,4.3204,19.5119,-1,0.0," -> [bicycle (Top-Right): 1%, chair (Right): 6%]"
frame_000422,-1.0,1.6299,18.3364,4.1925,24.1602,-1,0.0," -> [bicycle (Top-Right): 3%, chair (Top-Right): 4%]"
frame_000423,-1.0,2.245,18.7024,4.3593,25.3079,-1,0.0," -> [bicycle (Top-Right): 3%, chair (Top-Right): 5%]"
frame_000424,-1.0,1.6709,13.9493,4.1958,19.817,-1,0.0," -> [bicycle (Right): 2%, chair (Top-Right): 6%]"
frame_000425,-1.0,1.6813,17.7208,4.1027,23.506,-1,0.0," -> [bicycle (Top-Right): 2%, chair (Top-Right): 5%]"
frame_000426,-1.0,1.6729,18.7327,4.2088,24.6155,-1,0.0," -> [bicycle (Right): 2%, chair (Right): 7%]"
frame_000427,-1.0,2.8914,13.5157,4.2275,20.6356,-1,0.0," -> [bicycle (Top-Right): 1%, chair (Top-Right): 8%]"
frame_000428,-1.0,2.6248,17.7289,4.068,24.4226,-1,0.0, -> [chair (Top-Right): 9%]
frame_000429,-1.0,1.6325,18.9898,4.1215,24.7452,-1,0.0," -> [bicycle (Top-Right): 3%, chair (Top-Right): 4%]"
frame_000430,-1.0,1.7103,15.6546,4.3889,21.7547,-1,0.0," -> [bicycle (Top-Right): 2%, chair (Top-Right): 7%]"
frame_000431,-1.0,1.6144,17.7364,4.3913,23.7433,-1,0.0," -> [bicycle (Right): 3%, chair (Top-Right): 5%]"
frame_000432,-1.0,2.615,18.5554,4.3871,25.5586,-1,0.0," -> [bicycle (Right): 3%, chair (Top-Right): 5%]"
frame_000433,-1.0,2.0248,14.337,4.1392,20.5022,-1,0.0," -> [bicycle (Top-Right): 2%, chair (Top-Right): 6%]"
frame_000434,-1.0,1.998,20.3785,4.3873,26.7648,-1,0.0," -> [bicycle (Right): 3%, chair (Top-Right): 4%]"
frame_000435,-1.0,1.6545,18.8467,4.196,24.6984,-1,0.0," -> [bicycle (Top-Right): 1%, chair (Top-Right): 6%]"
frame_000436,-1.0,1.7353,13.5676,4.3176,19.6225,-1,0.0," -> [bicycle (Top-Right): 2%, chair (Top-Right): 4%]"
frame_000437,-1.0,2.0406,17.5876,4.2688,23.8981,-1,0.0, -> [chair (Top-Right): 7%]
frame_000438,-1.0,2.1172,18.6336,4.3062,25.0581,-1,0.0, -> [chair (Top-Right): 4%]
frame_000439,-1.0,1.653,13.6374,4.0245,19.3159,-1,0.0, -> [chair (Top-Right): 2%]
frame_000440,-1.0,1.6384,18.0248,4.1947,23.8592,-1,0.0, -> [background only]
frame_000441,-1.0,1.5881,18.8559,4.1591,24.6043,-1,0.0, -> [background only]
frame_000442,-1.0,1.6194,13.5739,4.1312,19.3255,-1,0.0, -> [background only]
frame_000443,-1.0,2.8544,17.8113,3.8648,24.5315,-1,0.0, -> [background only]
frame_000444,-1.0,2.1375,19.3431,4.2313,25.7129,-1,0.0, -> [background only]
frame_000445,-1.0,1.7299,13.6276,3.9722,19.3309,-1,0.0, -> [background only]
frame_000446,-1.0,1.7282,17.6964,4.0893,23.515,-1,0.0, -> [background only]
frame_000447,-1.0,1.769,18.7944,4.1208,24.6854,-1,0.0, -> [background only]
frame_000448,-1.0,2.0638,15.3787,3.993,21.4369,-1,0.0, -> [background only]
frame_000449,-1.0,2.752,17.3659,3.9518,24.0706,-1,0.0, -> [background only]
frame_000450,-1.0,1.6201,18.4597,4.1022,24.1832,-1,0.0, -> [background only]
frame_000451,-1.0,1.7188,13.5245,3.9759,19.2204,-1,0.0, -> [background only]
frame_000452,-1.0,1.6521,17.9881,3.9997,23.641,-1,0.0, -> [background only]
frame_000453,-1.0,1.6211,18.5916,4.1412,24.355,-1,0.0, -> [background only]
frame_000454,-1.0,2.7441,14.9448,3.9969,21.6869,-1,0.0, -> [background only]
frame_000455,-1.0,2.2469,17.5465,4.1836,23.9781,-1,0.0, -> [background only]
frame_000456,-1.0,2.0713,18.4308,3.9579,24.4613,-1,0.0, -> [background only]
frame_000457,-1.0,1.5749,13.7212,3.8425,19.1395,-1,0.0, -> [background only]
frame_000458,-1.0,1.6975,17.5709,4.023,23.2924,-1,0.0, -> [background only]
frame_000459,-1.0,2.755,18.7166,4.0318,25.5045,-1,0.0, -> [background only]
frame_000460,-1.0,2.0668,16.0713,4.0949,22.2338,-1,0.0, -> [background only]
frame_000461,-1.0,1.6689,17.1948,3.8764,22.7412,-1,0.0, -> [background only]
frame_000462,-1.0,2.0584,18.3599,4.045,24.4643,-1,0.0, -> [background only]
frame_000463,-1.0,2.5084,13.4165,4.1547,20.0808,-1,0.0, -> [background only]
frame_000464,-1.0,2.067,20.955,4.5054,27.5283,-1,0.0, -> [background only]
frame_000465,-1.0,1.652,24.8546,4.6659,31.1733,-1,0.0, -> [background only]
frame_000466,-1.0,1.5833,15.7681,4.1133,21.4657,-1,0.0, -> [background only]
frame_000467,-1.0,1.6685,21.505,4.1497,27.3239,-1,0.0, -> [background only]
frame_000468,-1.0,1.6371,22.2532,4.1729,28.0646,-1,0.0, -> [background only]
frame_000469,-1.0,2.1076,13.7277,4.2986,20.135,-1,0.0, -> [background only]
frame_000470,-1.0,1.6462,20.9399,4.2645,26.8514,-1,0.0, -> [background only]
frame_000471,-1.0,2.0963,22.1341,4.2365,28.4679,-1,0.0, -> [background only]
frame_000472,-1.0,1.7108,13.9382,4.2892,19.9393,-1,0.0, -> [person (Right): 1%]
frame_000473,-1.0,2.1617,21.2829,4.1216,27.5673,-1,0.0, -> [background only]
frame_000474,-1.0,2.334,24.0009,4.7165,31.0532,-1,0.0, -> [person (Right): 1%]
frame_000475,-1.0,1.771,14.6008,4.1488,20.5221,-1,0.0, -> [background only]
frame_000476,-1.0,1.9638,19.9346,4.1253,26.0255,-1,0.0, -> [background only]
frame_000477,-1.0,1.7922,24.1638,4.7412,30.6992,-1,0.0, -> [background only]
frame_000478,-1.0,2.0241,14.3194,4.1495,20.4948,-1,0.0, -> [background only]
frame_000479,-1.0,1.9003,19.7603,4.1609,25.823,-1,0.0, -> [background only]
frame_000480,-1.0,1.8015,20.8599,4.2941,26.9579,-1,0.0, -> [background only]
frame_000481,-1.0,3.0845,15.305,4.198,22.5892,-1,0.0, -> [background only]
frame_000482,-1.0,2.1181,18.4653,4.0545,24.6395,-1,0.0, -> [background only]
frame_000483,-1.0,2.2811,19.1463,3.977,25.4065,-1,0.0, -> [background only]
frame_000484,-1.0,1.9767,14.3349,3.9063,20.2195,-1,0.0, -> [background only]
frame_000485,-1.0,2.2778,17.831,4.2613,24.3722,-1,0.0, -> [background only]
frame_000486,-1.0,2.4518,19.6369,4.2458,26.3362,-1,0.0, -> [background only]
frame_000487,-1.0,2.3862,13.7189,4.2642,20.3711,-1,0.0, -> [background only]
frame_000488,-1.0,2.3036,18.2539,4.0668,24.6259,-1,0.0, -> [background only]
frame_000489,-1.0,2.1673,20.2722,4.2102,26.6516,-1,0.0, -> [background only]
frame_000490,-1.0,1.8034,14.5553,4.2239,20.5843,-1,0.0, -> [background only]
frame_000491,-1.0,1.8742,18.1859,4.1667,24.2286,-1,0.0, -> [background only]
frame_000492,-1.0,1.9437,19.4677,4.037,25.4502,-1,0.0, -> [background only]
frame_000493,-1.0,2.3646,13.8974,4.4845,20.7482,-1,0.0," -> [bus (Bottom-Left): 2%, person (Right): 1%]"
frame_000494,-1.0,1.8217,17.5198,4.2642,23.6073,-1,0.0, -> [background only]
frame_000495,-1.0,2.353,19.1731,4.0218,25.5499,-1,0.0, -> [background only]
frame_000496,-1.0,1.8622,13.9872,4.2337,20.0847,-1,0.0, -> [background only]
frame_000497,-1.0,2.9133,21.6399,3.801,28.3557,-1,0.0, -> [background only]
frame_000498,-1.0,1.7743,19.3538,4.0947,25.2243,-1,0.0, -> [background only]
frame_000499,-1.0,2.2657,14.5468,4.2792,21.0939,-1,0.0, -> [bus (Bottom-Left): 1%]
frame_000500,-1.0,2.329,18.3786,4.1669,24.8767,-1,0.0, -> [background only]
frame_000501,-1.0,1.9721,22.779,4.0115,28.7644,-1,0.0, -> [background only]
frame_000502,-1.0,2.3103,14.1589,3.8898,20.3608,-1,0.0, -> [background only]
frame_000503,-1.0,1.8134,21.7035,4.0254,27.5437,-1,0.0, -> [background only]
frame_000504,-1.0,3.1789,19.2451,4.24,26.6656,-1,0.0, -> [background only]
frame_000505,-1.0,2.3046,14.0567,4.0886,20.4519,-1,0.0, -> [background only]
frame_000506,-1.0,1.9151,18.3685,4.124,24.4096,-1,0.0, -> [background only]
frame_000507,-1.0,1.8485,19.6682,4.2488,25.7674,-1,0.0, -> [background only]
frame_000508,-1.0,2.3255,14.118,4.1963,20.6412,-1,0.0, -> [background only]
frame_000509,-1.0,1.7729,18.3556,4.2568,24.387,-1,0.0, -> [background only]
frame_000510,-1.0,2.9062,19.3842,4.1239,26.4161,-1,0.0, -> [background only]
frame_000511,-1.0,2.2336,13.9909,4.2685,20.4949,-1,0.0, -> [background only]
frame_000512,-1.0,2.3259,17.5929,4.1165,24.0368,-1,0.0, -> [background only]
frame_000513,-1.0,2.2636,19.4264,3.9299,25.6215,-1,0.0, -> [background only]
frame_000514,-1.0,1.9183,15.7015,4.2695,21.8908,-1,0.0, -> [background only]
frame_000515,-1.0,1.8293,18.0721,4.0527,23.9555,-1,0.0, -> [background only]
frame_000516,-1.0,1.9098,19.6123,4.182,25.7061,-1,0.0, -> [background only]
frame_000517,-1.0,1.8567,14.2995,4.1143,20.2721,-1,0.0, -> [background only]
frame_000518,-1.0,1.8769,18.484,4.2413,24.6037,-1,0.0, -> [background only]
frame_000519,-1.0,1.9766,18.7363,4.3295,25.0436,-1,0.0, -> [background only]
frame_000520,-1.0,2.0137,14.6677,4.0899,20.773,-1,0.0, -> [background only]
frame_000521,-1.0,1.8894,17.9862,4.0967,23.9736,-1,0.0, -> [background only]
frame_000522,-1.0,1.9035,19.7386,4.2628,25.9066,-1,0.0, -> [background only]
frame_000523,-1.0,2.3154,14.5561,4.3207,21.1942,-1,0.0, -> [background only]
frame_000524,-1.0,1.9098,18.7294,3.6317,24.2729,-1,0.0, -> [background only]
frame_000525,-1.0,1.9582,19.4894,4.2697,25.7189,-1,0.0, -> [background only]
frame_000526,-1.0,3.3868,14.4548,4.1503,21.9942,-1,0.0, -> [tvmonitor (Top-Right): 1%]
frame_000527,-1.0,2.2338,22.8928,4.4897,29.6183,-1,0.0, -> [tvmonitor (Top-Right): 4%]
frame_000528,-1.0,3.1806,18.684,4.427,26.2935,-1,0.0, -> [tvmonitor (Right): 7%]
frame_000529,-1.0,2.3712,14.1303,4.4094,20.9125,-1,0.0, -> [background only]
frame_000530,-1.0,2.3388,19.3047,4.3873,26.0323,-1,0.0, -> [background only]
frame_000531,-1.0,1.8558,19.3467,4.1649,25.369,-1,0.0, -> [background only]
frame_000532,-1.0,2.954,14.1244,4.3504,21.4302,-1,0.0, -> [background only]
frame_000533,-1.0,1.9458,17.8087,4.4855,24.2416,-1,0.0, -> [chair (Top): 2%]
frame_000534,-1.0,1.9338,19.0536,4.642,25.6311,-1,0.0, -> [chair (Top-Left): 7%]
frame_000535,-1.0,3.3396,14.3443,4.4906,22.1765,-1,0.0, -> [chair (Top): 11%]
frame_000536,-1.0,2.206,17.9935,4.4796,24.6809,-1,0.0, -> [chair (Top): 9%]
frame_000537,-1.0,1.9266,19.194,4.4857,25.608,-1,0.0, -> [chair (Top): 11%]
frame_000538,-1.0,3.4801,13.8233,4.2693,21.5743,-1,0.0, -> [chair (Top): 10%]
frame_000539,-1.0,2.2087,21.7184,4.4505,28.3794,-1,0.0, -> [chair (Top): 9%]
frame_000540,-1.0,1.7525,20.3051,4.4679,26.5272,-1,0.0, -> [chair (Top): 12%]
frame_000541,-1.0,1.9239,16.1236,4.1035,22.1525,-1,0.0, -> [chair (Center): 14%]
frame_000542,-1.0,1.596,18.4091,4.3337,24.34,-1,0.0, -> [chair (Top): 7%]
frame_000543,-1.0,2.2893,20.3718,3.8957,26.5588,-1,0.0, -> [chair (Top): 7%]
frame_000544,-1.0,1.9145,16.1142,4.4622,22.4931,-1,0.0, -> [chair (Top-Right): 9%]
frame_000545,-1.0,1.9641,18.3458,4.2524,24.5641,-1,0.0, -> [chair (Right): 15%]
frame_000546,-1.0,1.8617,19.454,4.4921,25.8095,-1,0.0," -> [chair (Top-Right): 11%, tvmonitor (Top-Left): 1%]"
frame_000547,-1.0,2.3653,14.3706,4.4885,21.2259,-1,0.0, -> [chair (Top-Right): 14%]
frame_000548,-1.0,1.8512,18.4047,4.3728,24.6304,-1,0.0, -> [chair (Top-Right): 12%]
frame_000549,-1.0,1.9564,22.9394,4.686,29.5832,-1,0.0, -> [chair (Top-Right): 11%]
frame_000550,-1.0,1.7507,14.3391,4.2693,20.3605,-1,0.0," -> [chair (Top-Right): 8%, diningtable (Right): 1%]"
frame_000551,-1.0,2.0131,17.8103,4.3909,24.2158,-1,0.0," -> [chair (Right): 7%, diningtable (Right): 1%]"
frame_000552,-1.0,1.9986,19.2832,5.0401,26.3236,-1,0.0, -> [chair (Right): 5%]
frame_000553,-1.0,2.2389,13.9633,4.74,20.9441,-1,0.0," -> [chair (Right): 13%, diningtable (Right): 1%]"
frame_000554,-1.0,1.9046,18.4155,4.1524,24.474,-1,0.0, -> [chair (Top-Right): 3%]
frame_000555,-1.0,1.9063,19.6051,4.3784,25.8915,-1,0.0, -> [chair (Top-Right): 4%]
frame_000556,-1.0,1.7691,16.0348,4.3681,22.1734,-1,0.0, -> [chair (Right): 3%]
frame_000557,-1.0,1.8458,18.5403,3.758,24.1456,-1,0.0, -> [chair (Top-Right): 1%]
frame_000558,-1.0,1.8173,20.5897,4.4538,26.8624,-1,0.0, -> [background only]
frame_000559,-1.0,2.3847,14.2564,3.7043,20.3471,-1,0.0, -> [background only]
frame_000560,-1.0,1.9366,17.825,4.2711,24.0343,-1,0.0, -> [background only]
frame_000561,-1.0,2.0299,18.9519,4.1677,25.1512,-1,0.0, -> [background only]
frame_000562,-1.0,1.9487,14.609,3.6768,20.2367,-1,0.0, -> [background only]
frame_000563,-1.0,1.9583,18.2755,3.8282,24.0635,-1,0.0, -> [background only]
frame_000564,-1.0,1.8519,19.879,4.1464,25.8785,-1,0.0, -> [background only]
frame_000565,-1.0,1.889,14.4832,4.2691,20.6428,-1,0.0, -> [background only]
frame_000566,-1.0,1.8633,18.3375,4.2944,24.4965,-1,0.0, -> [background only]
frame_000567,-1.0,2.0942,19.1617,4.3507,25.6082,-1,0.0, -> [background only]
frame_000568,-1.0,2.3789,14.5831,4.2556,21.2191,-1,0.0, -> [background only]
frame_000569,-1.0,2.2661,22.429,3.8944,28.5911,-1,0.0, -> [background only]
frame_000570,-1.0,1.9379,19.3772,4.432,25.749,-1,0.0, -> [background only]
frame_000571,-1.0,2.35,14.4041,4.4693,21.2251,-1,0.0, -> [chair (Top): 1%]
frame_000572,-1.0,1.9907,18.032,3.5996,23.624,-1,0.0, -> [background only]
frame_000573,-1.0,1.9977,23.0969,4.4093,29.5059,-1,0.0, -> [chair (Top-Right): 3%]
frame_000574,-1.0,1.9915,14.6104,4.1809,20.7844,-1,0.0, -> [background only]
frame_000575,-1.0,3.4114,17.9437,4.028,25.3846,-1,0.0, -> [background only]
frame_000576,-1.0,2.1187,19.2206,4.5007,25.8419,-1,0.0, -> [chair (Top-Right): 2%]
frame_000577,-1.0,3.3594,14.2872,4.4088,22.0569,-1,0.0, -> [chair (Right): 4%]
frame_000578,-1.0,2.2997,18.616,4.5743,25.4916,-1,0.0, -> [chair (Top-Right): 2%]
frame_000579,-1.0,2.2386,18.679,3.7992,24.7183,-1,0.0, -> [chair (Top-Right): 3%]
frame_000580,-1.0,1.7185,15.0154,4.3391,21.0746,-1,0.0, -> [chair (Top-Right): 2%]
frame_000581,-1.0,3.549,22.0596,4.1398,29.7499,-1,0.0, -> [chair (Top-Right): 1%]
frame_000582,-1.0,2.1862,19.3632,4.3696,25.9209,-1,0.0, -> [chair (Top-Right): 1%]
frame_000583,-1.0,1.8877,14.7869,4.2547,20.9313,-1,0.0, -> [background only]
frame_000584,-1.0,1.8843,18.3681,3.9173,24.1712,-1,0.0, -> [background only]
frame_000585,-1.0,1.9545,19.4742,4.0524,25.483,-1,0.0, -> [background only]
frame_000586,-1.0,3.1038,14.5346,3.9899,21.6303,-1,0.0, -> [background only]
frame_000587,-1.0,2.2302,18.587,3.9388,24.7575,-1,0.0, -> [background only]
frame_000588,-1.0,2.1786,19.3217,4.2076,25.7096,-1,0.0, -> [background only]
frame_000589,-1.0,1.6934,14.5118,4.8043,21.0112,-1,0.0, -> [background only]
frame_000590,-1.0,2.3561,18.2431,4.2899,24.8905,-1,0.0, -> [background only]
frame_000591,-1.0,1.5592,22.5582,4.222,28.3413,-1,0.0, -> [background only]
frame_000592,-1.0,1.859,14.659,4.2751,20.7951,-1,0.0, -> [background only]
frame_000593,-1.0,2.2328,18.4396,4.1467,24.8205,-1,0.0, -> [background only]
frame_000594,-1.0,3.2395,19.2842,4.2987,26.8243,-1,0.0, -> [background only]
frame_000595,-1.0,2.2565,14.6021,4.261,21.1215,-1,0.0, -> [background only]
frame_000596,-1.0,1.8687,18.2908,4.1902,24.3513,-1,0.0, -> [background only]
frame_000597,-1.0,1.8609,19.6566,4.4252,25.9444,-1,0.0, -> [background only]
frame_000598,-1.0,2.3945,14.352,4.0702,20.8186,-1,0.0, -> [background only]
frame_000599,-1.0,2.269,18.6501,4.2407,25.1612,-1,0.0, -> [background only]
frame_000600,-1.0,2.2844,19.4085,4.2397,25.9343,-1,0.0, -> [background only]
frame_000601,-1.0,2.3567,16.8941,4.2704,23.5228,-1,0.0, -> [background only]
frame_000602,-1.0,3.0021,18.8492,4.2685,26.1213,-1,0.0, -> [background only]
frame_000603,-1.0,1.7885,21.3993,4.3734,27.5626,-1,0.0, -> [background only]
frame_000604,-1.0,1.8561,14.2804,4.0887,20.2267,-1,0.0, -> [background only]
frame_000605,-1.0,1.9728,18.0676,4.4843,24.5263,-1,0.0, -> [background only]
frame_000606,-1.0,3.4594,19.4772,4.3108,27.2498,-1,0.0, -> [background only]
frame_000607,-1.0,2.2614,14.263,3.8857,20.4115,-1,0.0, -> [background only]
frame_000608,-1.0,2.0108,18.4492,4.2961,24.7578,-1,0.0, -> [background only]
frame_000609,-1.0,1.8987,19.5995,3.9143,25.4146,-1,0.0, -> [background only]
frame_000610,-1.0,3.3598,13.7119,4.1171,21.1904,-1,0.0, -> [background only]
frame_000611,-1.0,2.3482,17.5825,4.2842,24.2162,-1,0.0, -> [background only]
frame_000612,-1.0,2.3385,19.647,4.2928,26.2802,-1,0.0, -> [background only]
frame_000613,-1.0,2.1738,13.8944,4.3341,20.4042,-1,0.0, -> [background only]
frame_000614,-1.0,1.9302,18.6144,4.3878,24.9345,-1,0.0, -> [background only]
frame_000615,-1.0,1.8211,19.4084,3.8353,25.0667,-1,0.0, -> [background only]
frame_000616,-1.0,2.4693,14.7387,4.2224,21.432,-1,0.0, -> [background only]
frame_000617,-1.0,3.0414,20.1083,4.3402,27.4916,-1,0.0, -> [background only]
frame_000618,-1.0,2.2694,19.3045,4.1379,25.714,-1,0.0, -> [background only]
frame_000619,-1.0,2.2323,17.5003,4.1746,23.9092,-1,0.0, -> [background only]
frame_000620,-1.0,2.328,20.081,4.2176,26.6281,-1,0.0, -> [background only]
frame_000621,-1.0,2.8506,19.3015,3.9374,26.0913,-1,0.0, -> [background only]
frame_000622,-1.0,3.3222,14.3391,4.2593,21.9227,-1,0.0, -> [background only]
frame_000623,-1.0,2.2995,19.8398,3.9638,26.1047,-1,0.0, -> [background only]
frame_000624,-1.0,1.9173,19.4314,4.1297,25.4799,-1,0.0, -> [background only]
frame_000625,-1.0,2.0756,14.3485,3.938,20.3636,-1,0.0, -> [background only]
frame_000626,-1.0,1.9642,20.9027,3.7991,26.6676,-1,0.0, -> [background only]
frame_000627,-1.0,1.8001,18.8938,4.0199,24.7152,-1,0.0, -> [background only]
frame_000628,-1.0,1.9213,14.8473,4.2746,21.045,-1,0.0, -> [background only]
frame_000629,-1.0,2.0369,21.3303,4.0698,27.4388,-1,0.0, -> [background only]
frame_000630,-1.0,2.7457,19.0915,3.911,25.7498,-1,0.0, -> [background only]
frame_000631,-1.0,2.2746,17.6154,4.3362,24.2283,-1,0.0, -> [background only]
frame_000632,-1.0,1.7114,20.5414,4.3961,26.6502,-1,0.0, -> [background only]
frame_000633,-1.0,1.7087,18.8304,3.8768,24.4174,-1,0.0, -> [background only]
frame_000634,-1.0,1.9192,14.3766,4.0967,20.3949,-1,0.0, -> [background only]
frame_000635,-1.0,2.0085,22.5441,4.3669,28.921,-1,0.0, -> [background only]
frame_000636,-1.0,2.6313,21.0573,4.178,27.8681,-1,0.0, -> [background only]
frame_000637,-1.0,2.194,14.5445,4.1455,20.8859,-1,0.0, -> [background only]
frame_000638,-1.0,1.98,20.3691,4.2454,26.5963,-1,0.0, -> [background only]
frame_000639,-1.0,2.2682,19.1747,4.299,25.7434,-1,0.0, -> [background only]
frame_000640,-1.0,2.9021,14.5743,4.1554,21.6334,-1,0.0, -> [background only]
frame_000641,-1.0,3.287,20.1368,4.0513,27.4766,-1,0.0, -> [background only]
frame_000642,-1.0,1.8716,18.904,3.9678,24.7446,-1,0.0, -> [background only]
frame_000643,-1.0,2.0222,14.7595,4.2227,21.0062,-1,0.0, -> [background only]
frame_000644,-1.0,1.9799,21.1173,4.2705,27.3692,-1,0.0, -> [background only]
frame_000645,-1.0,1.8777,19.5647,4.1645,25.6083,-1,0.0, -> [background only]
frame_000646,-1.0,3.4044,14.4705,4.1567,22.0332,-1,0.0, -> [background only]
frame_000647,-1.0,1.6771,19.8955,4.3998,25.9736,-1,0.0, -> [background only]
frame_000648,-1.0,1.7691,19.361,4.0441,25.1757,-1,0.0, -> [background only]
frame_000649,-1.0,1.8232,14.4582,4.0453,20.3281,-1,0.0, -> [background only]
frame_000650,-1.0,1.8965,21.2955,3.7988,26.9922,-1,0.0, -> [background only]
frame_000651,-1.0,2.2867,21.9124,4.1908,28.392,-1,0.0, -> [background only]
frame_000652,-1.0,1.9145,14.4146,4.0631,20.3937,-1,0.0, -> [background only]
frame_000653,-1.0,2.2913,21.1107,4.2299,27.6335,-1,0.0, -> [background only]
frame_000654,-1.0,1.5923,22.7598,3.5607,27.9142,-1,0.0, -> [background only]
frame_000655,-1.0,2.3558,14.8477,4.043,21.2482,-1,0.0, -> [background only]
frame_000656,-1.0,1.8113,21.1422,4.8575,27.8121,-1,0.0, -> [background only]
frame_000657,-1.0,1.9143,23.1109,4.2647,29.2917,-1,0.0, -> [background only]
frame_000658,-1.0,3.2034,14.2169,3.5916,21.0137,-1,0.0, -> [background only]
frame_000659,-1.0,1.9396,22.3867,4.3762,28.704,-1,0.0, -> [background only]
frame_000660,-1.0,1.8902,23.743,4.197,29.832,-1,0.0, -> [background only]
frame_000661,-1.0,1.8102,14.3272,4.1797,20.3187,-1,0.0, -> [background only]
frame_000662,-1.0,2.02,22.0828,4.1767,28.2814,-1,0.0, -> [background only]
frame_000663,-1.0,2.3504,22.3081,4.238,28.8983,-1,0.0, -> [background only]
frame_000664,-1.0,1.9654,15.1542,4.1907,21.3124,-1,0.0, -> [background only]
frame_000665,-1.0,1.9323,22.6482,5.1037,29.6859,-1,0.0, -> [background only]
frame_000666,-1.0,1.7274,23.606,4.6162,29.951,-1,0.0, -> [background only]
frame_000667,-1.0,1.9292,14.3474,4.1351,20.414,-1,0.0, -> [background only]
frame_000668,-1.0,2.021,21.4989,4.182,27.7037,-1,0.0, -> [background only]
frame_000669,-1.0,1.7827,22.2562,4.4697,28.5103,-1,0.0, -> [background only]
frame_000670,-1.0,1.8551,14.2453,4.2704,20.3723,-1,0.0, -> [background only]
frame_000671,-1.0,1.9617,24.0378,4.0942,30.0952,-1,0.0, -> [background only]
frame_000672,-1.0,1.8933,23.047,4.9064,29.8483,-1,0.0, -> [background only]
frame_000673,-1.0,1.6687,17.7661,3.9657,23.4014,-1,0.0, -> [background only]
frame_000674,-1.0,1.9011,20.7516,4.2451,26.8992,-1,0.0, -> [background only]
frame_000675,-1.0,1.8472,22.496,4.1622,28.507,-1,0.0, -> [background only]
frame_000676,-1.0,1.9186,14.7843,4.3206,21.0252,-1,0.0, -> [background only]
frame_000677,-1.0,1.9518,21.3155,4.1544,27.423,-1,0.0, -> [background only]
frame_000678,-1.0,1.8756,22.503,4.85,29.2301,-1,0.0, -> [background only]
frame_000679,-1.0,2.4159,14.7639,4.3011,21.4827,-1,0.0, -> [background only]
frame_000680,-1.0,2.2747,20.3877,3.8544,26.5185,-1,0.0, -> [background only]
frame_000681,-1.0,1.9448,23.2774,3.9263,29.1504,-1,0.0, -> [background only]
frame_000682,-1.0,2.0016,14.7957,4.0315,20.8306,-1,0.0, -> [background only]
frame_000683,-1.0,2.0754,19.7853,3.9668,25.829,-1,0.0, -> [background only]
frame_000684,-1.0,3.2241,22.3698,4.1802,29.7757,-1,0.0, -> [background only]
frame_000685,-1.0,3.133,14.2102,3.4749,20.82,-1,0.0, -> [background only]
frame_000686,-1.0,3.3915,21.09,4.3738,28.8573,-1,0.0, -> [background only]
frame_000687,-1.0,1.9809,22.2457,4.1774,28.4054,-1,0.0, -> [background only]
frame_000688,-1.0,1.9273,14.2615,4.1691,20.3596,-1,0.0, -> [background only]
frame_000689,-1.0,1.9502,21.2483,4.6242,27.8249,-1,0.0, -> [background only]
frame_000690,-1.0,2.2084,22.0225,4.243,28.4754,-1,0.0, -> [background only]
frame_000691,-1.0,3.5668,13.7938,4.2292,21.5915,-1,0.0, -> [background only]
frame_000692,-1.0,1.7794,20.4242,4.378,26.5829,-1,0.0, -> [background only]
frame_000693,-1.0,2.02,21.9293,4.8168,28.7676,-1,0.0, -> [background only]
frame_000694,-1.0,1.805,14.3453,3.9642,20.1159,-1,0.0, -> [background only]
frame_000695,-1.0,2.2259,21.3243,3.9249,27.4766,-1,0.0, -> [background only]
frame_000696,-1.0,1.964,22.3225,4.2471,28.5353,-1,0.0, -> [background only]
frame_000697,-1.0,1.9881,15.243,4.168,21.4007,-1,0.0, -> [background only]
frame_000698,-1.0,1.9227,20.1384,4.2414,26.3042,-1,0.0, -> [background only]
frame_000699,-1.0,3.4206,21.8233,4.4033,29.6489,-1,0.0, -> [background only]
frame_000700,-1.0,2.0651,14.7193,4.0535,20.8394,-1,0.0, -> [background only]
frame_000701,-1.0,2.0185,22.8252,4.1569,29.0021,-1,0.0, -> [background only]
frame_000702,-1.0,1.803,22.3894,3.8758,28.0694,-1,0.0, -> [background only]
frame_000703,-1.0,2.434,15.0082,4.3516,21.7959,-1,0.0, -> [background only]
frame_000704,-1.0,1.7869,20.8971,4.06,26.7454,-1,0.0, -> [background only]
frame_000705,-1.0,1.955,22.3375,4.1676,28.4621,-1,0.0, -> [background only]
frame_000706,-1.0,1.8783,14.894,3.9442,20.7184,-1,0.0, -> [background only]
frame_000707,-1.0,1.9372,22.4732,4.6141,29.0263,-1,0.0, -> [background only]
frame_000708,-1.0,1.6246,22.9254,4.6048,29.1566,-1,0.0, -> [background only]
frame_000709,-1.0,1.9453,14.6508,4.0171,20.6154,-1,0.0, -> [background only]
frame_000710,-1.0,1.9501,21.3333,4.5143,27.7993,-1,0.0, -> [background only]
frame_000711,-1.0,1.8407,23.0773,4.2026,29.1224,-1,0.0, -> [background only]
frame_000712,-1.0,2.3146,14.5173,4.0136,20.8479,-1,0.0, -> [background only]
frame_000713,-1.0,1.927,20.3873,4.2313,26.5471,-1,0.0, -> [background only]
frame_000714,-1.0,1.8631,22.3385,4.3125,28.5157,-1,0.0, -> [background only]
frame_000715,-1.0,3.3334,15.7766,4.0787,23.1905,-1,0.0, -> [background only]
frame_000716,-1.0,1.943,20.7796,3.9914,26.7158,-1,0.0, -> [background only]
frame_000717,-1.0,1.9232,23.4448,4.2318,29.6015,-1,0.0, -> [background only]
frame_000718,-1.0,1.8733,14.4696,4.2054,20.55,-1,0.0, -> [background only]
frame_000719,-1.0,1.9502,19.8405,4.2744,26.0668,-1,0.0, -> [background only]
frame_000720,-1.0,1.8615,23.1025,4.1121,29.0776,-1,0.0, -> [background only]
frame_000721,-1.0,2.0304,17.9113,3.9963,23.94,-1,0.0, -> [background only]
frame_000722,-1.0,2.012,21.1976,4.5592,27.7705,-1,0.0, -> [background only]
frame_000723,-1.0,1.7771,22.5954,4.5008,28.8748,-1,0.0, -> [background only]
frame_000724,-1.0,2.0157,14.6365,3.957,20.6111,-1,0.0, -> [background only]
frame_000725,-1.0,1.868,20.7951,3.9744,26.6395,-1,0.0, -> [background only]
frame_000726,-1.0,1.7309,22.0466,4.4071,28.1861,-1,0.0, -> [background only]
frame_000727,-1.0,1.9228,14.8025,3.5932,20.3203,-1,0.0, -> [background only]
frame_000728,-1.0,1.9793,20.8876,3.9508,26.819,-1,0.0, -> [background only]
frame_000729,-1.0,1.8494,22.2244,4.1108,28.186,-1,0.0, -> [background only]
frame_000730,-1.0,1.9608,13.6043,4.3461,19.9126,-1,0.0, -> [background only]
frame_000731,-1.0,1.9377,21.4199,4.0185,27.3775,-1,0.0, -> [background only]
frame_000732,-1.0,1.9392,21.8326,4.0127,27.7861,-1,0.0, -> [background only]
frame_000733,-1.0,1.8535,18.5819,4.2413,24.6783,-1,0.0, -> [background only]
frame_000734,-1.0,1.9409,20.7316,4.1744,26.8484,-1,0.0, -> [background only]
frame_000735,-1.0,1.9496,22.2999,4.4143,28.6655,-1,0.0, -> [background only]
frame_000736,-1.0,1.774,14.1429,4.1422,20.0606,-1,0.0, -> [background only]
frame_000737,-1.0,1.9857,24.443,4.7174,31.1475,-1,0.0, -> [background only]
frame_000738,-1.0,1.8328,22.3024,4.1707,28.3077,-1,0.0, -> [background only]
frame_000739,-1.0,1.8222,14.6108,4.0014,20.4363,-1,0.0, -> [background only]
frame_000740,-1.0,1.9528,21.1439,3.9632,27.0613,-1,0.0, -> [background only]
frame_000741,-1.0,1.8139,22.2188,4.558,28.5923,-1,0.0, -> [background only]
frame_000742,-1.0,1.8891,14.6912,4.0319,20.6142,-1,0.0, -> [background only]
frame_000743,-1.0,2.5608,20.2667,3.98,26.8091,-1,0.0, -> [background only]
frame_000744,-1.0,1.9451,22.5344,4.275,28.7563,-1,0.0, -> [background only]
frame_000745,-1.0,1.9396,13.5725,4.75,20.2638,-1,0.0, -> [background only]
frame_000746,-1.0,2.0108,20.2531,4.1499,26.4155,-1,0.0, -> [background only]
frame_000747,-1.0,3.2674,22.7074,4.2334,30.2095,-1,0.0, -> [background only]
frame_000748,-1.0,1.7123,16.1145,4.1587,21.987,-1,0.0, -> [background only]
frame_000749,-1.0,1.9972,20.9113,4.1767,27.087,-1,0.0, -> [background only]
frame_000750,-1.0,2.1057,22.838,4.1212,29.0671,-1,0.0, -> [background only]
frame_000751,-1.0,1.9647,14.7634,3.5739,20.3037,-1,0.0, -> [background only]
frame_000752,-1.0,3.2826,19.2499,4.1782,26.7124,-1,0.0, -> [background only]
frame_000753,-1.0,2.2589,22.2286,4.4734,28.9625,-1,0.0, -> [background only]
frame_000754,-1.0,1.7353,14.9996,4.2005,20.9373,-1,0.0, -> [background only]
frame_000755,-1.0,1.8205,24.4339,4.231,30.4869,-1,0.0, -> [background only]
frame_000756,-1.0,3.3294,22.931,4.5034,30.7656,-1,0.0, -> [background only]
frame_000757,-1.0,1.9669,15.8738,4.1888,22.0312,-1,0.0, -> [background only]
frame_000758,-1.0,1.7957,20.565,4.1445,26.5066,-1,0.0, -> [background only]
frame_000759,-1.0,3.1122,21.9891,4.1421,29.2452,-1,0.0, -> [background only]
frame_000760,-1.0,2.0658,14.2509,4.1737,20.4924,-1,0.0, -> [background only]
frame_000761,-1.0,2.5467,22.5385,4.1135,29.2002,-1,0.0, -> [background only]
frame_000762,-1.0,1.9256,22.2158,4.193,28.3358,-1,0.0, -> [background only]
frame_000763,-1.0,2.3049,13.9072,4.0491,20.2629,-1,0.0, -> [background only]
frame_000764,-1.0,3.0829,19.4747,4.0544,26.6137,-1,0.0, -> [background only]
frame_000765,-1.0,2.2552,21.9712,4.2726,28.5007,-1,0.0, -> [background only]
frame_000766,-1.0,2.4263,14.2346,4.1393,20.8018,-1,0.0, -> [background only]
frame_000767,-1.0,3.1063,20.9912,3.8974,27.9968,-1,0.0, -> [background only]
frame_000768,-1.0,1.9423,21.9528,4.1685,28.0654,-1,0.0, -> [background only]
frame_000769,-1.0,1.5089,14.2959,3.9871,19.7931,-1,0.0, -> [background only]
frame_000770,-1.0,2.1217,21.0359,4.1124,27.2716,-1,0.0, -> [background only]
frame_000771,-1.0,1.8361,26.2462,4.1981,32.2821,-1,0.0, -> [background only]
frame_000772,-1.0,3.0954,14.6431,3.8824,21.6225,-1,0.0, -> [background only]
frame_000773,-1.0,2.2551,19.5391,4.3469,26.1429,-1,0.0, -> [background only]
frame_000774,-1.0,2.2498,22.0455,4.3233,28.6204,-1,0.0, -> [background only]
frame_000775,-1.0,2.9149,14.2509,3.5705,20.7379,-1,0.0, -> [background only]
frame_000776,-1.0,3.4837,19.8982,4.0779,27.4613,-1,0.0, -> [background only]
frame_000777,-1.0,2.1653,24.0411,4.3892,30.5976,-1,0.0, -> [background only]
frame_000778,-1.0,2.2112,13.8031,4.1815,20.1979,-1,0.0, -> [background only]
frame_000779,-1.0,1.9296,21.4767,4.0108,27.4184,-1,0.0, -> [background only]
frame_000780,-1.0,2.078,23.3188,4.127,29.5252,-1,0.0, -> [background only]
frame_000781,-1.0,1.7708,14.1775,3.7973,19.7471,-1,0.0, -> [background only]
frame_000782,-1.0,1.9172,20.9832,4.0171,26.9191,-1,0.0, -> [background only]
frame_000783,-1.0,3.0649,21.3715,4.1164,28.5544,-1,0.0, -> [background only]
frame_000784,-1.0,2.0212,14.2365,4.146,20.406,-1,0.0, -> [background only]
frame_000785,-1.0,1.9694,20.7724,3.5674,26.3105,-1,0.0, -> [background only]
frame_000786,-1.0,1.9361,21.7525,3.8318,27.5219,-1,0.0, -> [background only]
frame_000787,-1.0,2.0005,14.0315,4.1682,20.2018,-1,0.0, -> [background only]
frame_000788,-1.0,2.0049,20.2087,4.1004,26.3157,-1,0.0, -> [background only]
frame_000789,-1.0,2.9871,21.8777,4.0309,28.8972,-1,0.0, -> [background only]
frame_000790,-1.0,2.2801,14.2142,4.0278,20.5237,-1,0.0, -> [background only]
frame_000791,-1.0,1.9096,21.107,4.0394,27.058,-1,0.0, -> [background only]
frame_000792,-1.0,2.2724,22.2474,3.7703,28.2916,-1,0.0, -> [background only]
frame_000793,-1.0,1.8018,14.0839,4.0878,19.9753,-1,0.0, -> [background only]
frame_000794,-1.0,2.1915,21.184,3.9909,27.3678,-1,0.0, -> [background only]
frame_000795,-1.0,2.985,22.3524,4.3828,29.722,-1,0.0, -> [background only]
frame_000796,-1.0,2.7097,13.3698,4.211,20.2921,-1,0.0, -> [background only]
frame_000797,-1.0,2.1612,23.7487,4.1205,30.0322,-1,0.0, -> [background only]
frame_000798,-1.0,2.1664,21.978,4.2412,28.3873,-1,0.0, -> [background only]
frame_000799,-1.0,1.741,14.03,4.2202,19.9928,-1,0.0, -> [background only]
frame_000800,-1.0,1.9348,20.176,4.1374,26.2495,-1,0.0, -> [background only]
frame_000801,-1.0,1.6116,21.6999,4.0456,27.3586,-1,0.0, -> [background only]
frame_000802,-1.0,1.9409,14.5616,3.9965,20.5011,-1,0.0, -> [background only]
frame_000803,-1.0,1.9013,21.0564,4.11,27.0695,-1,0.0, -> [background only]
frame_000804,-1.0,1.9495,21.9409,3.8498,27.7419,-1,0.0, -> [background only]
frame_000805,-1.0,3.1141,16.5354,3.9552,23.6065,-1,0.0, -> [background only]
frame_000806,-1.0,2.1466,20.6105,4.1003,26.8592,-1,0.0, -> [background only]
frame_000807,-1.0,1.9737,22.5093,4.8342,29.3188,-1,0.0, -> [background only]
frame_000808,-1.0,2.9831,14.5281,4.1061,21.619,-1,0.0, -> [background only]
frame_000809,-1.0,2.2276,20.6722,3.8045,26.7058,-1,0.0, -> [background only]
frame_000810,-1.0,1.8756,21.9691,4.3914,28.2378,-1,0.0, -> [background only]
frame_000811,-1.0,1.7478,13.6435,3.8145,19.2073,-1,0.0, -> [background only]
frame_000812,-1.0,1.921,21.6187,4.1779,27.7195,-1,0.0, -> [background only]
frame_000813,-1.0,2.2409,21.7439,4.0472,28.034,-1,0.0, -> [background only]
frame_000814,-1.0,2.1293,13.7823,4.0988,20.0126,-1,0.0, -> [background only]
frame_000815,-1.0,2.2107,21.001,3.8422,27.0558,-1,0.0, -> [background only]
frame_000816,-1.0,3.2221,21.947,4.0689,29.2395,-1,0.0, -> [background only]
frame_000817,-1.0,1.9551,13.907,3.8581,19.7215,-1,0.0, -> [background only]
frame_000818,-1.0,2.2199,20.7,4.0402,26.9618,-1,0.0, -> [background only]
frame_000819,-1.0,2.1794,22.0368,4.0274,28.2452,-1,0.0, -> [background only]
frame_000820,-1.0,2.9945,14.0093,4.0203,21.0258,-1,0.0, -> [background only]
frame_000821,-1.0,2.098,22.4781,4.025,28.603,-1,0.0, -> [background only]
frame_000822,-1.0,1.824,21.8345,4.228,27.888,-1,0.0, -> [background only]
frame_000823,-1.0,1.8838,14.054,4.1387,20.078,-1,0.0, -> [background only]
frame_000824,-1.0,1.9562,21.2427,4.1825,27.383,-1,0.0, -> [background only]
frame_000825,-1.0,1.8873,22.3876,4.0283,28.305,-1,0.0, -> [background only]
frame_000826,-1.0,1.9146,14.2085,4.0112,20.136,-1,0.0, -> [background only]
frame_000827,-1.0,1.9191,20.6418,4.111,26.6734,-1,0.0, -> [background only]
frame_000828,-1.0,1.9134,22.6101,4.3693,28.8945,-1,0.0, -> [background only]
frame_000829,-1.0,1.8366,14.3694,3.9205,20.1289,-1,0.0, -> [background only]
frame_000830,-1.0,4.0732,19.8742,5.2295,29.1785,-1,0.0, -> [background only]
frame_000831,-1.0,1.9525,26.8774,4.3213,33.1528,-1,0.0, -> [background only]
frame_000832,-1.0,2.2196,14.3258,4.0949,20.6419,-1,0.0, -> [background only]
frame_000833,-1.0,1.9203,20.9137,5.0299,27.8654,-1,0.0, -> [background only]
frame_000834,-1.0,1.9936,21.871,4.2667,28.1328,-1,0.0, -> [background only]
frame_000835,-1.0,1.9474,13.8363,4.0234,19.8089,-1,0.0, -> [background only]
frame_000836,-1.0,1.9136,22.1811,4.0212,28.1176,-1,0.0, -> [background only]
frame_000837,-1.0,2.871,22.5662,4.2877,29.7268,-1,0.0, -> [background only]
frame_000838,-1.0,2.2048,14.6515,4.154,21.012,-1,0.0, -> [background only]
frame_000839,-1.0,2.9367,20.7457,3.8988,27.5828,-1,0.0, -> [background only]
frame_000840,-1.0,3.0599,22.3425,4.2736,29.6777,-1,0.0, -> [background only]
frame_000841,-1.0,2.0576,14.3353,3.8572,20.2519,-1,0.0, -> [background only]
frame_000842,-1.0,3.4035,20.1686,4.0877,27.6615,-1,0.0, -> [background only]
frame_000843,-1.0,2.0706,22.0225,4.2233,28.3179,-1,0.0, -> [background only]
frame_000844,-1.0,1.9399,14.5685,3.7188,20.2297,-1,0.0, -> [background only]
frame_000845,-1.0,2.292,20.5651,4.1484,27.0069,-1,0.0, -> [background only]
frame_000846,-1.0,2.2216,22.7573,5.4699,30.4504,-1,0.0, -> [background only]
frame_000847,-1.0,1.6461,13.9177,4.1141,19.6797,-1,0.0, -> [background only]
frame_000848,-1.0,2.153,20.9893,4.107,27.2516,-1,0.0, -> [background only]
frame_000849,-1.0,1.9082,21.8737,4.0989,27.8822,-1,0.0, -> [background only]
frame_000850,-1.0,2.1174,14.2409,4.0971,20.4572,-1,0.0, -> [background only]
frame_000851,-1.0,1.9534,22.7538,4.5736,29.2826,-1,0.0, -> [background only]
frame_000852,-1.0,1.9589,21.6351,3.7966,27.3923,-1,0.0, -> [background only]
frame_000853,-1.0,1.7362,13.9305,4.1063,19.7746,-1,0.0, -> [background only]
frame_000854,-1.0,1.9428,23.8428,5.459,31.2464,-1,0.0, -> [background only]
frame_000855,-1.0,1.8744,21.737,4.1128,27.7259,-1,0.0, -> [background only]
frame_000856,-1.0,1.8164,14.305,3.9936,20.1165,-1,0.0, -> [background only]
frame_000857,-1.0,1.8353,20.9501,4.0592,26.8459,-1,0.0, -> [background only]
frame_000858,-1.0,1.9372,21.8986,4.3048,28.1425,-1,0.0, -> [background only]
frame_000859,-1.0,1.8834,14.017,4.1702,20.072,-1,0.0, -> [background only]
frame_000860,-1.0,1.9518,22.5629,3.8125,28.3289,-1,0.0, -> [background only]
frame_000861,-1.0,2.1824,27.0413,4.8817,34.1068,-1,0.0, -> [background only]
frame_000862,-1.0,2.9622,14.742,4.1182,21.8241,-1,0.0, -> [background only]
frame_000863,-1.0,2.0266,21.6687,4.1608,27.8576,-1,0.0, -> [background only]
frame_000864,-1.0,2.3131,23.4317,4.1537,29.9002,-1,0.0, -> [background only]
frame_000865,-1.0,1.6921,15.0755,3.8745,20.6438,-1,0.0, -> [background only]
frame_000866,-1.0,1.925,21.951,4.0007,27.8783,-1,0.0, -> [background only]
frame_000867,-1.0,1.8162,22.3828,4.1469,28.3476,-1,0.0, -> [background only]
frame_000868,-1.0,1.9346,15.0391,4.0394,21.0146,-1,0.0, -> [background only]
frame_000869,-1.0,2.1632,21.7934,4.3105,28.2687,-1,0.0, -> [background only]
frame_000870,-1.0,1.9826,23.8437,4.2059,30.0335,-1,0.0, -> [background only]
frame_000871,-1.0,1.8779,14.5321,4.1118,20.5237,-1,0.0, -> [background only]
frame_000872,-1.0,1.977,21.7636,4.0978,27.8398,-1,0.0, -> [background only]
frame_000873,-1.0,1.8773,22.121,4.3475,28.3472,-1,0.0, -> [background only]
frame_000874,-1.0,2.1265,14.591,4.0758,20.7949,-1,0.0, -> [background only]
frame_000875,-1.0,1.9431,22.447,3.7923,28.184,-1,0.0, -> [background only]
frame_000876,-1.0,2.0096,22.6542,3.7186,28.384,-1,0.0, -> [background only]
frame_000877,-1.0,1.8706,13.8082,4.086,19.7663,-1,0.0, -> [background only]
frame_000878,-1.0,2.0683,21.6259,4.1135,27.809,-1,0.0, -> [background only]
frame_000879,-1.0,1.8443,22.8464,4.1794,28.8718,-1,0.0, -> [background only]
frame_000880,-1.0,1.6793,14.5199,4.0223,20.223,-1,0.0, -> [background only]
frame_000881,-1.0,1.7565,21.3056,4.5537,27.6175,-1,0.0, -> [background only]
frame_000882,-1.0,2.0546,23.4504,5.2618,30.7686,-1,0.0, -> [background only]
frame_000883,-1.0,1.6768,16.4664,4.1255,22.2704,-1,0.0, -> [background only]
frame_000884,-1.0,1.9488,20.4839,4.1565,26.5909,-1,0.0, -> [background only]
frame_000885,-1.0,2.9695,22.4368,4.0702,29.478,-1,0.0, -> [background only]
frame_000886,-1.0,2.0837,14.8296,4.0594,20.9745,-1,0.0, -> [background only]
frame_000887,-1.0,2.8908,20.9084,4.0342,27.8348,-1,0.0, -> [background only]
frame_000888,-1.0,2.8775,22.7893,3.8041,29.4724,-1,0.0, -> [background only]
frame_000889,-1.0,2.0491,13.9481,4.0987,20.0978,-1,0.0, -> [background only]
frame_000890,-1.0,3.1738,20.6731,4.296,28.1443,-1,0.0, -> [background only]
frame_000891,-1.0,2.0012,22.5906,4.1551,28.7484,-1,0.0, -> [background only]
frame_000892,-1.0,2.0115,14.0305,3.7323,19.7757,-1,0.0, -> [background only]
frame_000893,-1.0,1.888,21.1266,4.1253,27.1418,-1,0.0, -> [background only]
frame_000894,-1.0,2.0106,22.6894,4.5415,29.2433,-1,0.0, -> [background only]
frame_000895,-1.0,1.7987,14.4867,4.3004,20.5877,-1,0.0, -> [background only]
frame_000896,-1.0,1.9012,20.8955,4.1038,26.9022,-1,0.0, -> [background only]
frame_000897,-1.0,1.9494,21.928,4.1493,28.0283,-1,0.0, -> [background only]
frame_000898,-1.0,1.6233,14.3713,3.9706,19.9666,-1,0.0, -> [background only]
frame_000899,-1.0,1.8342,20.7804,3.685,26.3013,-1,0.0, -> [background only]
frame_000900,-1.0,1.9108,22.2653,4.0491,28.2267,-1,0.0, -> [background only]
frame_000901,-1.0,2.1348,14.2146,4.0347,20.3857,-1,0.0, -> [background only]
frame_000902,-1.0,1.9272,20.2968,4.0032,26.2286,-1,0.0, -> [background only]
frame_000903,-1.0,2.2747,21.4263,3.7679,27.4703,-1,0.0, -> [background only]
frame_000904,-1.0,1.8826,16.2705,4.1032,22.2578,-1,0.0, -> [background only]
frame_000905,-1.0,1.8932,20.7323,4.9633,27.5906,-1,0.0, -> [background only]
frame_000906,-1.0,1.5544,21.1338,4.142,26.8314,-1,0.0, -> [background only]
frame_000907,-1.0,1.8473,14.1042,3.804,19.7573,-1,0.0, -> [background only]
frame_000908,-1.0,1.8364,20.7503,4.2811,26.8693,-1,0.0, -> [background only]
frame_000909,-1.0,1.873,21.6255,4.2142,27.7146,-1,0.0, -> [background only]
frame_000910,-1.0,1.8885,13.5898,4.104,19.5836,-1,0.0, -> [background only]
frame_000911,-1.0,1.9527,20.4159,4.0844,26.4547,-1,0.0, -> [background only]
frame_000912,-1.0,1.9713,26.5888,4.5704,33.1322,-1,0.0, -> [background only]
frame_000913,-1.0,1.6375,17.3911,4.0222,23.0521,-1,0.0, -> [background only]
frame_000914,-1.0,1.9671,21.1167,4.1692,27.2545,-1,0.0, -> [background only]
frame_000915,-1.0,1.8752,22.3711,4.1742,28.4222,-1,0.0, -> [background only]
frame_000916,-1.0,2.3691,14.3568,4.1818,20.9096,-1,0.0, -> [background only]
frame_000917,-1.0,1.8657,20.8582,4.3535,27.0791,-1,0.0, -> [background only]
frame_000918,-1.0,2.0834,21.6673,4.1397,27.8919,-1,0.0, -> [background only]
frame_000919,-1.0,1.6066,13.8146,4.0881,19.511,-1,0.0, -> [background only]
frame_000920,-1.0,1.9221,22.0398,4.1818,28.1454,-1,0.0, -> [background only]
frame_000921,-1.0,2.4012,24.7269,4.4079,31.5372,-1,0.0, -> [background only]
frame_000922,-1.0,2.0917,14.4148,4.1261,20.6341,-1,0.0, -> [background only]
frame_000923,-1.0,1.9593,20.846,3.9615,26.7683,-1,0.0, -> [background only]
frame_000924,-1.0,1.9285,22.9933,4.1222,29.0456,-1,0.0, -> [background only]
frame_000925,-1.0,2.0789,15.346,3.8836,21.3099,-1,0.0, -> [background only]
frame_000926,-1.0,1.8714,21.1723,4.0386,27.0843,-1,0.0, -> [background only]
frame_000927,-1.0,3.1108,24.4243,4.2604,31.797,-1,0.0, -> [background only]
frame_000928,-1.0,1.8111,14.5564,4.1228,20.492,-1,0.0, -> [background only]
frame_000929,-1.0,2.1465,21.341,4.1772,27.6663,-1,0.0, -> [background only]
frame_000930,-1.0,1.812,21.9865,4.2357,28.036,-1,0.0, -> [background only]
frame_000931,-1.0,1.7944,13.9772,4.2106,19.9833,-1,0.0, -> [background only]
frame_000932,-1.0,1.8028,21.4784,4.0945,27.3772,-1,0.0, -> [background only]
frame_000933,-1.0,1.8814,22.6818,4.2411,28.806,-1,0.0, -> [background only]
frame_000934,-1.0,1.9033,14.0777,4.0154,19.9979,-1,0.0, -> [background only]
frame_000935,-1.0,3.2902,20.1266,3.8747,27.2931,-1,0.0, -> [background only]
frame_000936,-1.0,2.2072,22.2237,4.1426,28.5751,-1,0.0, -> [background only]
frame_000937,-1.0,3.0768,14.036,3.9009,21.0151,-1,0.0, -> [background only]
frame_000938,-1.0,2.1244,20.9607,4.0009,27.0876,-1,0.0, -> [background only]
frame_000939,-1.0,1.8759,24.6341,4.7364,31.2478,-1,0.0, -> [background only]
frame_000940,-1.0,1.8638,14.3497,4.1393,20.3545,-1,0.0, -> [background only]
frame_000941,-1.0,1.9331,20.6866,4.1493,26.7708,-1,0.0, -> [background only]
frame_000942,-1.0,1.8678,22.4409,4.5526,28.8631,-1,0.0, -> [background only]
frame_000943,-1.0,3.1306,13.8652,3.8765,20.8739,-1,0.0, -> [background only]
frame_000944,-1.0,2.0178,21.9638,5.1027,29.0857,-1,0.0, -> [person (Right): 1%]
frame_000945,-1.0,3.0632,22.271,4.1802,29.5162,-1,0.0, -> [background only]
frame_000946,-1.0,1.8263,14.2764,4.2629,20.3673,-1,0.0," -> [bicycle (Right): 2%, chair (Top-Right): 2%]"
frame_000947,-1.0,2.14,20.8662,4.3133,27.3213,-1,0.0, -> [chair (Right): 6%]
frame_000948,-1.0,1.8241,24.2791,4.5713,30.6763,-1,0.0, -> [chair (Right): 2%]
frame_000949,-1.0,3.1404,14.5768,3.9584,21.6773,-1,0.0, -> [chair (Right): 9%]
frame_000950,-1.0,2.1548,21.661,4.4753,28.2929,-1,0.0, -> [chair (Right): 10%]
frame_000951,-1.0,2.0524,22.791,4.6012,29.4459,-1,0.0, -> [chair (Right): 6%]
frame_000952,-1.0,1.8534,14.3218,4.3138,20.4906,-1,0.0, -> [chair (Right): 10%]
frame_000953,-1.0,1.4872,20.5476,3.9956,26.0322,-1,0.0, -> [chair (Center): 3%]
frame_000954,-1.0,2.1215,22.7334,4.2591,29.1157,-1,0.0," -> [aeroplane (Top-Right): 4%, chair (Center): 3%]"
frame_000955,-1.0,1.9009,14.3147,4.1197,20.3371,-1,0.0," -> [aeroplane (Top-Right): 3%, chair (Center): 6%]"
frame_000956,-1.0,1.8471,21.4404,4.3411,27.6302,-1,0.0, -> [chair (Center): 16%]
frame_000957,-1.0,1.9837,22.2374,4.0738,28.2967,-1,0.0," -> [bicycle (Top-Right): 1%, chair (Center): 7%, person (Bottom-Right): 1%]"
frame_000958,-1.0,1.9532,17.2956,4.8487,24.0993,-1,0.0, -> [chair (Center): 9%]
frame_000959,-1.0,2.1327,21.0163,4.4924,27.6429,-1,0.0," -> [bicycle (Top-Right): 1%, chair (Center): 14%]"
frame_000960,-1.0,1.9742,21.6139,4.3983,27.988,-1,0.0," -> [aeroplane (Top-Right): 3%, chair (Center): 6%]"
frame_000961,-1.0,2.8985,13.9773,4.0635,20.9412,-1,0.0," -> [aeroplane (Top-Right): 1%, chair (Center): 18%]"
frame_000962,-1.0,2.1583,21.079,4.3462,27.5853,-1,0.0," -> [aeroplane (Top-Right): 1%, chair (Center): 4%]"
frame_000963,-1.0,1.8359,22.0872,4.3745,28.2993,-1,0.0," -> [bicycle (Top-Right): 2%, chair (Center): 6%]"
frame_000964,-1.0,2.2172,13.9438,4.1338,20.2964,-1,0.0, -> [chair (Center): 4%]
frame_000965,-1.0,2.7527,20.6375,4.0985,27.4904,-1,0.0, -> [chair (Center): 1%]
frame_000966,-1.0,2.1406,22.4932,4.1256,28.7609,-1,0.0, -> [background only]
frame_000967,-1.0,2.4107,15.3475,4.0234,21.7828,-1,0.0, -> [background only]
frame_000968,-1.0,2.1673,20.5985,3.794,26.5613,-1,0.0, -> [background only]
frame_000969,-1.0,1.942,22.7623,5.325,30.031,-1,0.0, -> [background only]
frame_000970,-1.0,2.173,14.7695,4.1395,21.0835,-1,0.0, -> [background only]
frame_000971,-1.0,1.8961,20.8921,4.0884,26.8784,-1,0.0, -> [background only]
frame_000972,-1.0,1.7813,22.1833,4.104,28.0704,-1,0.0, -> [background only]
frame_000973,-1.0,1.7539,14.5719,4.1281,20.4553,-1,0.0, -> [background only]
frame_000974,-1.0,2.1487,23.2135,4.1857,29.5494,-1,0.0, -> [bicycle (Top-Left): 1%]
frame_000975,-1.0,1.5521,21.101,4.0244,26.6786,-1,0.0, -> [background only]
frame_000976,-1.0,2.02,14.4583,4.1366,20.617,-1,0.0, -> [background only]
frame_000977,-1.0,1.8038,21.3799,4.0999,27.2854,-1,0.0, -> [background only]
frame_000978,-1.0,1.9576,23.8718,4.2186,30.0502,-1,0.0, -> [background only]
frame_000979,-1.0,1.821,14.2497,4.117,20.1893,-1,0.0, -> [background only]
frame_000980,-1.0,1.9181,24.4515,3.8485,30.2199,-1,0.0, -> [background only]
frame_000981,-1.0,1.8484,22.5185,4.1178,28.4862,-1,0.0, -> [person (Top): 1%]
frame_000982,-1.0,2.9682,17.1834,4.1003,24.2535,-1,0.0, -> [background only]
frame_000983,-1.0,2.1572,19.5034,4.4585,26.1207,-1,0.0, -> [person (Top): 1%]
frame_000984,-1.0,1.8209,22.6148,4.0495,28.4869,-1,0.0, -> [person (Top): 1%]
frame_000985,-1.0,3.4636,14.1981,4.2445,21.9075,-1,0.0, -> [person (Top): 1%]
frame_000986,-1.0,2.2048,21.0871,4.8164,28.1096,-1,0.0, -> [person (Top-Left): 1%]
frame_000987,-1.0,2.0693,22.4325,4.5542,29.0578,-1,0.0, -> [background only]
frame_000988,-1.0,3.3007,16.752,4.3832,24.4377,-1,0.0," -> [chair (Bottom-Right): 2%, person (Top-Left): 4%]"
frame_000989,-1.0,2.1174,21.1962,4.0865,27.402,-1,0.0," -> [bicycle (Right): 6%, person (Top-Left): 3%]"
frame_000990,-1.0,1.8864,22.9498,5.0176,29.8557,-1,0.0," -> [bicycle (Right): 3%, chair (Bottom-Right): 2%, person (Top-Left): 2%]"
frame_000991,-1.0,1.6968,14.0357,4.396,20.1299,-1,0.0," -> [chair (Right): 14%, person (Top-Left): 3%]"
frame_000992,-1.0,2.2908,22.4927,4.4308,29.2159,-1,0.0," -> [bicycle (Right): 1%, chair (Right): 12%, person (Top-Left): 3%]"
frame_000993,-1.0,1.674,24.9305,3.9393,30.5449,-1,0.0," -> [chair (Right): 12%, person (Top-Left): 2%]"
frame_000994,-1.0,1.6838,14.0549,4.325,20.0648,-1,0.0," -> [bicycle (Center): 1%, chair (Center): 5%]"
frame_000995,-1.0,2.5435,23.0382,4.3761,29.9591,-1,0.0," -> [bicycle (Center): 1%, chair (Center): 6%, person (Top-Left): 2%]"
frame_000996,-1.0,1.6865,26.8342,4.3259,32.8476,-1,0.0," -> [bicycle (Center): 2%, chair (Center): 2%]"
frame_000997,-1.0,1.6973,14.5465,4.1597,20.4046,-1,0.0," -> [bicycle (Center): 2%, chair (Center): 6%]"
frame_000998,-1.0,1.7165,23.6986,4.3025,29.7188,-1,0.0," -> [bicycle (Center): 2%, chair (Center): 7%]"
frame_000999,-1.0,1.6077,24.5965,4.349,30.5549,-1,0.0," -> [bicycle (Center): 2%, chair (Center): 5%]"
frame_001000,-1.0,2.6248,14.9832,4.1439,21.7526,-1,0.0," -> [bicycle (Center): 2%, chair (Center): 5%]"
frame_001001,-1.0,1.7473,23.1272,5.2605,30.1364,-1,0.0, -> [chair (Center): 9%]
frame_001002,-1.0,1.5524,23.7193,4.1107,29.384,-1,0.0, -> [chair (Left): 8%]
frame_001003,-1.0,1.7236,13.6444,4.2168,19.5862,-1,0.0," -> [bicycle (Left): 3%, chair (Left): 2%]"
frame_001004,-1.0,1.6168,22.4531,4.2452,28.3165,-1,0.0," -> [bicycle (Left): 3%, chair (Left): 8%]"
frame_001005,-1.0,1.6998,24.1804,4.8476,30.7287,-1,0.0," -> [bicycle (Left): 4%, chair (Left): 3%]"
frame_001006,-1.0,2.7744,14.2461,4.1785,21.2006,-1,0.0, -> [chair (Left): 7%]
frame_001007,-1.0,1.7489,27.3389,4.7335,33.8226,-1,0.0, -> [chair (Bottom-Left): 2%]
frame_001008,-1.0,1.88,24.4363,4.2513,30.5689,-1,0.0, -> [background only]
frame_001009,-1.0,1.6126,14.4207,4.1349,20.1698,-1,0.0, -> [background only]
frame_001010,-1.0,1.8075,23.531,4.6606,30.0006,-1,0.0, -> [background only]
frame_001011,-1.0,2.9784,24.3747,3.7786,31.133,-1,0.0, -> [background only]
frame_001012,-1.0,1.6667,17.4574,4.0491,23.1742,-1,0.0, -> [background only]
frame_001013,-1.0,1.5435,23.4141,4.0103,28.9692,-1,0.0, -> [background only]
frame_001014,-1.0,1.8645,23.8881,4.5416,30.296,-1,0.0, -> [background only]
frame_001015,-1.0,1.5396,14.2714,4.0298,19.8418,-1,0.0, -> [background only]
frame_001016,-1.0,1.8654,23.4486,3.9821,29.2972,-1,0.0, -> [background only]
frame_001017,-1.0,1.649,25.1311,4.536,31.3175,-1,0.0, -> [background only]
frame_001018,-1.0,1.7794,15.1659,3.5532,20.5001,-1,0.0, -> [background only]
frame_001019,-1.0,1.5983,23.872,4.1621,29.6338,-1,0.0, -> [background only]
frame_001020,-1.0,1.735,24.3416,4.362,30.4398,-1,0.0, -> [background only]
frame_001021,-1.0,2.6766,14.0695,3.9193,20.6668,-1,0.0, -> [background only]
frame_001022,-1.0,2.0364,23.4018,4.26,29.6996,-1,0.0, -> [background only]
frame_001023,-1.0,1.6312,24.6997,4.4077,30.7401,-1,0.0, -> [background only]
frame_001024,-1.0,1.5729,14.6539,3.8679,20.0959,-1,0.0, -> [background only]
frame_001025,-1.0,1.9417,27.3964,5.5225,34.862,-1,0.0, -> [background only]
frame_001026,-1.0,3.0963,23.8292,3.8872,30.8139,-1,0.0, -> [background only]
frame_001027,-1.0,1.6823,14.2831,3.9633,19.9297,-1,0.0, -> [background only]
frame_001028,-1.0,1.7536,23.4386,4.6095,29.8029,-1,0.0, -> [background only]
frame_001029,-1.0,1.8758,24.6304,5.1577,31.6653,-1,0.0, -> [background only]
frame_001030,-1.0,1.5585,15.8487,3.9787,21.3875,-1,0.0, -> [background only]
frame_001031,-1.0,1.7996,26.0668,4.7596,32.6277,-1,0.0, -> [background only]
frame_001032,-1.0,2.778,24.2197,4.0268,31.0259,-1,0.0, -> [tvmonitor (Top-Left): 1%]
frame_001033,-1.0,1.6798,14.2053,4.1411,20.0282,-1,0.0, -> [tvmonitor (Top-Left): 1%]
frame_001034,-1.0,1.7759,23.0175,5.3177,30.1126,-1,0.0, -> [tvmonitor (Top-Left): 1%]
frame_001035,-1.0,1.7843,24.1228,3.9527,29.8611,-1,0.0, -> [background only]
frame_001036,-1.0,1.9426,14.1866,4.0581,20.1886,-1,0.0, -> [background only]
frame_001037,-1.0,1.6169,21.9052,4.2065,27.7299,-1,0.0, -> [tvmonitor (Top-Left): 1%]
frame_001038,-1.0,1.6902,25.6627,4.4607,31.8148,-1,0.0, -> [tvmonitor (Top-Left): 1%]
frame_001039,-1.0,1.6163,14.0366,3.4007,19.0552,-1,0.0, -> [background only]
frame_001040,-1.0,1.6374,22.6701,4.4307,28.7395,-1,0.0, -> [background only]
frame_001041,-1.0,1.5965,23.4852,5.1958,30.2787,-1,0.0, -> [background only]
frame_001042,-1.0,1.6565,13.6634,4.0615,19.3827,-1,0.0, -> [background only]
frame_001043,-1.0,1.5307,22.8768,4.401,28.8097,-1,0.0, -> [background only]
frame_001044,-1.0,1.5055,25.6119,4.7923,31.9109,-1,0.0, -> [background only]
frame_001045,-1.0,1.7889,13.6935,4.1189,19.6024,-1,0.0, -> [tvmonitor (Top-Left): 1%]
frame_001046,-1.0,1.5559,22.8422,4.328,28.7272,-1,0.0, -> [tvmonitor (Top-Left): 1%]
frame_001047,-1.0,1.5598,23.5443,4.4558,29.5609,-1,0.0, -> [tvmonitor (Top-Left): 1%]
frame_001048,-1.0,1.6025,14.3723,3.8161,19.792,-1,0.0, -> [tvmonitor (Top-Left): 1%]
frame_001049,-1.0,1.724,22.4114,4.536,28.6724,-1,0.0, -> [tvmonitor (Top-Left): 1%]
frame_001050,-1.0,1.5632,24.0839,4.859,30.5073,-1,0.0, -> [background only]
frame_001051,-1.0,1.7263,13.876,4.0287,19.6321,-1,0.0, -> [tvmonitor (Top-Left): 1%]
frame_001052,-1.0,1.7555,23.0354,4.831,29.6231,-1,0.0, -> [tvmonitor (Top-Left): 1%]
frame_001053,-1.0,1.9386,23.7427,4.2735,29.9559,-1,0.0, -> [tvmonitor (Top-Left): 1%]
frame_001054,-1.0,1.552,13.7553,4.0937,19.4022,-1,0.0, -> [tvmonitor (Top-Left): 1%]
frame_001055,-1.0,1.926,22.6245,4.3325,28.8843,-1,0.0, -> [tvmonitor (Top-Left): 1%]
frame_001056,-1.0,1.5553,23.8145,5.4583,30.8293,-1,0.0, -> [tvmonitor (Top-Left): 1%]
frame_001057,-1.0,1.5642,17.184,4.206,22.9557,-1,0.0, -> [tvmonitor (Top-Left): 1%]
frame_001058,-1.0,1.5613,22.3222,4.5461,28.431,-1,0.0, -> [background only]
frame_001059,-1.0,1.518,23.9605,4.5868,30.0668,-1,0.0, -> [background only]
frame_001060,-1.0,1.6418,13.5971,3.8399,19.0801,-1,0.0, -> [tvmonitor (Top-Left): 1%]
frame_001061,-1.0,1.6711,23.2111,5.5938,30.4773,-1,0.0, -> [tvmonitor (Top-Left): 1%]
frame_001062,-1.0,1.6414,23.9499,4.275,29.8675,-1,0.0, -> [tvmonitor (Top-Left): 1%]
frame_001063,-1.0,1.6295,14.038,3.8776,19.5462,-1,0.0, -> [tvmonitor (Top-Left): 1%]
frame_001064,-1.0,1.7263,23.0181,4.5475,29.2931,-1,0.0, -> [tvmonitor (Top-Left): 1%]
frame_001065,-1.0,1.5536,24.475,4.9323,30.962,-1,0.0, -> [tvmonitor (Top-Left): 1%]
frame_001066,-1.0,1.6412,13.927,4.171,19.7403,-1,0.0, -> [tvmonitor (Top-Left): 2%]
frame_001067,-1.0,1.7461,22.1047,4.403,28.255,-1,0.0, -> [tvmonitor (Top-Left): 1%]
frame_001068,-1.0,1.6196,24.2587,5.602,31.4818,-1,0.0, -> [tvmonitor (Top-Left): 1%]
frame_001069,-1.0,1.5966,14.1595,4.1339,19.8915,-1,0.0, -> [background only]
frame_001070,-1.0,1.5937,23.1023,4.1862,28.8835,-1,0.0, -> [background only]
frame_001071,-1.0,1.4796,23.7583,4.586,29.8252,-1,0.0, -> [background only]
frame_001072,-1.0,1.7272,17.7978,4.5758,24.1019,-1,0.0, -> [background only]
frame_001073,-1.0,1.5487,22.5985,4.7457,28.894,-1,0.0, -> [background only]
frame_001074,-1.0,1.5625,24.4471,5.0727,31.0836,-1,0.0, -> [background only]
frame_001075,-1.0,1.6271,13.9197,4.1047,19.6526,-1,0.0, -> [background only]
frame_001076,-1.0,1.6005,23.2712,5.4325,30.3055,-1,0.0, -> [background only]
frame_001077,-1.0,1.7016,26.3491,5.0703,33.1228,-1,0.0, -> [background only]
frame_001078,-1.0,1.5889,14.0795,4.0543,19.724,-1,0.0, -> [background only]
frame_001079,-1.0,1.8729,22.8282,5.185,29.8876,-1,0.0, -> [background only]
frame_001080,-1.0,1.6057,24.2995,5.2442,31.1511,-1,0.0, -> [background only]
frame_001081,-1.0,1.6369,14.6061,4.1557,20.3998,-1,0.0, -> [background only]
frame_001082,-1.0,1.6738,22.6899,4.1591,28.5244,-1,0.0, -> [background only]
frame_001083,-1.0,1.5787,23.8171,4.8611,30.2582,-1,0.0, -> [background only]
frame_001084,-1.0,1.6791,13.7122,4.2028,19.5953,-1,0.0, -> [background only]
frame_001085,-1.0,1.8712,21.8154,3.5469,27.2349,-1,0.0, -> [background only]
frame_001086,-1.0,1.5814,26.0065,4.3328,31.9223,-1,0.0, -> [background only]
frame_001087,-1.0,1.7649,13.9361,4.2316,19.934,-1,0.0, -> [background only]
frame_001088,-1.0,1.6148,22.2047,4.4526,28.2738,-1,0.0, -> [background only]
frame_001089,-1.0,1.8007,24.8215,5.5597,32.1832,-1,0.0, -> [background only]
frame_001090,-1.0,1.5152,13.796,3.7711,19.0834,-1,0.0, -> [background only]
frame_001091,-1.0,1.6834,22.8324,4.66,29.1772,-1,0.0, -> [background only]
frame_001092,-1.0,1.5846,23.7233,4.2827,29.5919,-1,0.0, -> [background only]
frame_001093,-1.0,1.6782,13.9893,3.8901,19.5587,-1,0.0, -> [background only]
frame_001094,-1.0,1.6449,23.2386,5.9641,30.8486,-1,0.0, -> [background only]
frame_001095,-1.0,1.5145,24.0895,4.278,29.8833,-1,0.0, -> [background only]
frame_001096,-1.0,1.756,13.9899,3.9315,19.6786,-1,0.0, -> [background only]
frame_001097,-1.0,3.1494,21.644,4.3814,29.1764,-1,0.0, -> [background only]
frame_001098,-1.0,1.6571,23.6371,5.2361,30.5316,-1,0.0, -> [background only]
frame_001099,-1.0,1.7391,13.7774,3.9897,19.5073,-1,0.0, -> [background only]
frame_001100,-1.0,1.6376,21.8129,4.4521,27.9036,-1,0.0, -> [background only]
frame_001101,-1.0,1.7849,23.4061,4.0503,29.2426,-1,0.0, -> [background only]
frame_001102,-1.0,1.6421,13.8221,3.9891,19.4542,-1,0.0, -> [background only]
frame_001103,-1.0,1.7771,21.5619,3.9121,27.2522,-1,0.0, -> [background only]
frame_001104,-1.0,1.8384,22.9314,4.0215,28.7927,-1,0.0, -> [background only]
frame_001105,-1.0,1.7715,13.7958,4.2027,19.771,-1,0.0, -> [tvmonitor (Top-Left): 3%]
frame_001106,-1.0,2.3122,21.1382,4.0446,27.496,-1,0.0, -> [background only]
frame_001107,-1.0,1.8285,22.628,4.0236,28.4815,-1,0.0, -> [tvmonitor (Top-Left): 1%]
frame_001108,-1.0,2.2031,13.6875,4.01,19.9018,-1,0.0, -> [background only]
frame_001109,-1.0,1.8842,21.4098,4.9614,28.2568,-1,0.0, -> [background only]
frame_001110,-1.0,1.7875,23.2824,4.5594,29.6306,-1,0.0, -> [background only]
frame_001111,-1.0,1.8005,13.9802,3.8542,19.6361,-1,0.0, -> [background only]
frame_001112,-1.0,1.7257,21.9696,4.2343,27.9307,-1,0.0, -> [background only]
frame_001113,-1.0,1.8137,22.9426,4.3764,29.1342,-1,0.0, -> [background only]
frame_001114,-1.0,1.8107,17.1693,4.1153,23.0973,-1,0.0, -> [background only]
frame_001115,-1.0,1.7769,22.7749,4.0293,28.5825,-1,0.0, -> [background only]
frame_001116,-1.0,1.7313,24.0421,4.3428,30.1173,-1,0.0, -> [background only]
frame_001117,-1.0,1.7707,13.8078,3.9817,19.5621,-1,0.0, -> [background only]
frame_001118,-1.0,1.656,22.7203,4.083,28.4607,-1,0.0, -> [background only]
frame_001119,-1.0,1.4563,22.6181,4.4458,28.5214,-1,0.0, -> [background only]
frame_001120,-1.0,1.7846,14.8382,3.9535,20.5775,-1,0.0, -> [background only]
frame_001121,-1.0,1.9323,21.7168,3.9349,27.5853,-1,0.0, -> [background only]
frame_001122,-1.0,1.8198,23.2845,4.2586,29.3643,-1,0.0, -> [background only]
frame_001123,-1.0,1.7805,13.288,3.8163,18.8861,-1,0.0, -> [background only]
frame_001124,-1.0,1.8238,22.457,4.0299,28.312,-1,0.0, -> [background only]
frame_001125,-1.0,1.7155,23.1212,5.2877,30.1258,-1,0.0, -> [background only]
frame_001126,-1.0,1.6692,13.6962,4.2925,19.6594,-1,0.0, -> [background only]
frame_001127,-1.0,1.737,23.0657,5.0982,29.9026,-1,0.0, -> [background only]
frame_001128,-1.0,1.7103,23.8417,4.3692,29.9228,-1,0.0, -> [background only]
frame_001129,-1.0,1.6911,13.724,4.2627,19.6792,-1,0.0, -> [background only]
frame_001130,-1.0,1.561,22.8176,4.8303,29.2105,-1,0.0, -> [background only]
frame_001131,-1.0,1.7138,24.3871,4.3399,30.4424,-1,0.0, -> [background only]
frame_001132,-1.0,1.6038,14.0499,4.1483,19.8033,-1,0.0, -> [background only]
frame_001133,-1.0,1.5915,22.3361,4.2499,28.1788,-1,0.0, -> [background only]
frame_001134,-1.0,1.6797,23.7779,4.1367,29.5957,-1,0.0, -> [background only]
frame_001135,-1.0,1.5946,13.5199,4.2703,19.3862,-1,0.0, -> [background only]
frame_001136,-1.0,3.286,21.5221,4.1853,28.9945,-1,0.0, -> [background only]
frame_001137,-1.0,2.1311,24.013,4.7166,30.8621,-1,0.0, -> [background only]
frame_001138,-1.0,3.497,13.4525,3.9049,20.8562,-1,0.0, -> [background only]
frame_001139,-1.0,2.2435,21.7956,3.9222,27.9627,-1,0.0, -> [background only]
frame_001140,-1.0,2.3069,23.4306,4.4624,30.2014,-1,0.0, -> [background only]
frame_001141,-1.0,1.5999,13.742,4.0795,19.4225,-1,0.0, -> [background only]
frame_001142,-1.0,2.2108,22.5462,3.8663,28.6247,-1,0.0, -> [background only]
frame_001143,-1.0,2.2363,24.2064,3.9721,30.4163,-1,0.0, -> [background only]
frame_001144,-1.0,1.6613,14.0569,4.1267,19.8465,-1,0.0, -> [background only]
frame_001145,-1.0,2.2886,21.9572,4.0633,28.3106,-1,0.0, -> [background only]
frame_001146,-1.0,2.3462,24.0715,3.8677,30.2867,-1,0.0, -> [background only]
frame_001147,-1.0,3.0289,13.7723,4.0413,20.8437,-1,0.0, -> [background only]
frame_001148,-1.0,1.8021,22.3921,4.3379,28.534,-1,0.0, -> [background only]
frame_001149,-1.0,1.6788,24.1105,4.3333,30.1243,-1,0.0, -> [background only]
frame_001150,-1.0,1.6719,17.4336,4.0036,23.1102,-1,0.0, -> [background only]
frame_001151,-1.0,2.2685,22.795,3.9851,29.0498,-1,0.0, -> [background only]
frame_001152,-1.0,1.8354,23.6674,3.9628,29.4673,-1,0.0, -> [background only]
frame_001153,-1.0,2.2334,13.5183,4.0003,19.7536,-1,0.0, -> [background only]
frame_001154,-1.0,2.3682,22.5975,4.6341,29.6015,-1,0.0, -> [background only]
frame_001155,-1.0,1.8506,24.106,4.6821,30.6402,-1,0.0, -> [background only]
frame_001156,-1.0,1.635,13.6807,3.9207,19.2378,-1,0.0, -> [background only]
frame_001157,-1.0,3.7774,20.2345,4.1009,28.1143,-1,0.0, -> [background only]
frame_001158,-1.0,2.1618,23.8457,4.1391,30.1476,-1,0.0, -> [background only]
frame_001159,-1.0,2.291,13.9974,4.0707,20.3601,-1,0.0, -> [background only]
frame_001160,-1.0,2.2633,22.1358,3.7943,28.1944,-1,0.0, -> [background only]
frame_001161,-1.0,3.4264,21.7632,3.7692,28.9604,-1,0.0, -> [background only]
frame_001162,-1.0,2.128,14.0074,4.1014,20.2378,-1,0.0, -> [background only]
frame_001163,-1.0,1.6994,26.9042,4.4458,33.0508,-1,0.0, -> [background only]
frame_001164,-1.0,3.4853,22.0005,4.3407,29.8278,-1,0.0, -> [background only]
frame_001165,-1.0,2.1079,13.4671,4.1244,19.701,-1,0.0, -> [background only]
frame_001166,-1.0,3.6913,21.3914,3.94,29.0239,-1,0.0, -> [background only]
frame_001167,-1.0,2.1411,23.6785,3.9882,29.8096,-1,0.0, -> [background only]
frame_001168,-1.0,1.6424,17.0924,3.8893,22.6255,-1,0.0, -> [background only]
frame_001169,-1.0,3.5233,21.0007,4.1097,28.6353,-1,0.0, -> [background only]
frame_001170,-1.0,2.2676,23.6537,3.9741,29.8971,-1,0.0, -> [background only]
frame_001171,-1.0,2.3064,13.7372,4.1273,20.1725,-1,0.0, -> [background only]
frame_001172,-1.0,1.6777,22.1282,3.98,27.7875,-1,0.0, -> [background only]
frame_001173,-1.0,1.6545,23.6754,4.0311,29.3623,-1,0.0, -> [background only]
frame_001174,-1.0,2.2003,13.6091,4.091,19.9017,-1,0.0, -> [background only]
frame_001175,-1.0,2.3583,21.9365,4.022,28.3182,-1,0.0, -> [background only]
frame_001176,-1.0,1.7841,23.7698,3.9789,29.5346,-1,0.0, -> [background only]
frame_001177,-1.0,1.7851,13.6549,3.9864,19.4278,-1,0.0, -> [background only]
frame_001178,-1.0,3.492,21.1176,4.0672,28.678,-1,0.0, -> [background only]
frame_001179,-1.0,2.453,24.7319,4.124,31.3109,-1,0.0, -> [background only]
frame_001180,-1.0,4.8754,18.9285,4.8853,28.6911,-1,0.0, -> [chair (Top-Right): 6%]
frame_001181,-1.0,2.1482,20.4734,4.2966,26.9196,-1,0.0, -> [chair (Top-Right): 6%]
frame_001182,-1.0,2.5996,21.7853,4.3106,28.6967,-1,0.0, -> [chair (Right): 8%]
frame_001183,-1.0,1.6195,13.8736,4.3987,19.8934,-1,0.0, -> [chair (Top-Right): 8%]
frame_001184,-1.0,3.2792,21.8743,4.3778,29.5329,-1,0.0, -> [chair (Right): 8%]
frame_001185,-1.0,2.1002,22.5691,4.4492,29.1197,-1,0.0, -> [chair (Top-Right): 8%]
frame_001186,-1.0,1.6841,14.9239,4.4029,21.0124,-1,0.0, -> [chair (Top-Right): 8%]
frame_001187,-1.0,1.6314,21.1747,4.8267,27.6341,-1,0.0, -> [chair (Top-Right): 8%]
frame_001188,-1.0,1.6592,26.1746,4.5148,32.3498,-1,0.0, -> [chair (Right): 8%]
frame_001189,-1.0,3.1725,13.3264,4.4787,20.979,-1,0.0, -> [chair (Right): 8%]
frame_001190,-1.0,2.0928,22.2413,5.0075,29.3432,-1,0.0, -> [chair (Right): 9%]
frame_001191,-1.0,1.6182,22.7092,5.3342,29.663,-1,0.0, -> [chair (Right): 9%]
frame_001192,-1.0,1.6951,12.9683,4.2917,18.9563,-1,0.0, -> [chair (Right): 9%]
frame_001193,-1.0,1.5828,21.8117,5.4228,28.8186,-1,0.0, -> [chair (Right): 9%]
frame_001194,-1.0,1.5294,22.7441,5.123,29.398,-1,0.0, -> [chair (Right): 8%]
frame_001195,-1.0,2.1431,13.2427,4.6656,20.0528,-1,0.0, -> [chair (Top-Right): 7%]
frame_001196,-1.0,3.1581,17.699,4.7601,25.6185,-1,0.0, -> [chair (Right): 8%]
frame_001197,-1.0,1.9624,18.5602,4.5116,25.0353,-1,0.0, -> [chair (Right): 8%]
frame_001198,-1.0,2.8305,13.5713,4.5094,20.9125,-1,0.0, -> [chair (Top-Right): 8%]
frame_001199,-1.0,2.2941,17.5465,4.463,24.3049,-1,0.0, -> [chair (Top-Right): 8%]
frame_001200,-1.0,1.5574,18.878,4.6156,25.0522,-1,0.0, -> [chair (Top-Right): 8%]
frame_001201,-1.0,2.133,13.3327,4.6387,20.1055,-1,0.0, -> [chair (Top-Right): 8%]
frame_001202,-1.0,1.4799,17.4393,4.5523,23.4728,-1,0.0, -> [chair (Right): 9%]
frame_001203,-1.0,2.1092,18.2465,4.4077,24.7645,-1,0.0, -> [chair (Top-Right): 8%]
frame_001204,-1.0,2.8181,18.143,4.4611,25.4233,-1,0.0, -> [chair (Right): 8%]
frame_001205,-1.0,2.203,17.8835,4.5999,24.6876,-1,0.0, -> [chair (Top-Right): 8%]
frame_001206,-1.0,2.1642,18.5067,4.5251,25.1973,-1,0.0, -> [chair (Top-Right): 7%]
frame_001207,-1.0,1.4187,13.5003,4.5292,19.4494,-1,0.0, -> [chair (Top-Right): 7%]
frame_001208,-1.0,2.7824,20.8163,4.28,27.88,-1,0.0, -> [chair (Top-Right): 7%]
frame_001209,-1.0,2.7234,18.7869,4.4409,25.9523,-1,0.0, -> [chair (Top-Right): 7%]
frame_001210,-1.0,2.1565,13.6182,4.4798,20.2559,-1,0.0, -> [chair (Top-Right): 7%]
frame_001211,-1.0,2.6619,17.7319,4.5302,24.9252,-1,0.0, -> [chair (Top-Right): 7%]
frame_001212,-1.0,2.1846,22.4812,4.5427,29.2099,-1,0.0, -> [chair (Top-Right): 8%]
frame_001213,-1.0,1.5548,13.4647,4.4924,19.5134,-1,0.0, -> [chair (Top-Right): 7%]
frame_001214,-1.0,2.2388,20.0687,4.4029,26.7119,-1,0.0, -> [chair (Top-Right): 7%]
frame_001215,-1.0,2.6583,18.6631,4.6735,25.9962,-1,0.0, -> [chair (Top-Right): 7%]
frame_001216,-1.0,3.2735,17.1235,4.6377,25.036,-1,0.0, -> [chair (Top-Right): 8%]
frame_001217,-1.0,2.3538,17.2753,4.5428,24.1736,-1,0.0, -> [chair (Top-Right): 8%]
frame_001218,-1.0,1.5355,18.6712,4.5445,24.7528,-1,0.0, -> [chair (Top-Right): 7%]
frame_001219,-1.0,1.5461,13.3179,4.6273,19.4931,-1,0.0, -> [chair (Top-Right): 7%]
frame_001220,-1.0,2.1234,17.4811,4.5658,24.1714,-1,0.0, -> [chair (Top-Right): 7%]
frame_001221,-1.0,1.5856,18.258,4.4894,24.3345,-1,0.0, -> [chair (Top-Right): 7%]
frame_001222,-1.0,2.8622,17.0885,4.2227,24.1753,-1,0.0, -> [chair (Right): 8%]
frame_001223,-1.0,3.6169,17.6424,4.299,25.5602,-1,0.0, -> [chair (Top-Right): 7%]
frame_001224,-1.0,2.1942,18.5753,4.5023,25.2767,-1,0.0, -> [chair (Top-Right): 7%]
frame_001225,-1.0,2.2644,13.1576,4.3929,19.8163,-1,0.0, -> [chair (Top-Right): 7%]
frame_001226,-1.0,1.5875,20.4172,4.3644,26.3704,-1,0.0, -> [chair (Top-Right): 7%]
frame_001227,-1.0,2.117,18.4691,4.5136,25.1006,-1,0.0, -> [chair (Top-Right): 7%]
frame_001228,-1.0,2.701,13.3372,4.552,20.5916,-1,0.0, -> [chair (Top-Right): 6%]
frame_001229,-1.0,2.2366,17.834,4.4238,24.4958,-1,0.0, -> [chair (Top-Right): 7%]
frame_001230,-1.0,1.7555,18.4639,4.6307,24.8516,-1,0.0, -> [chair (Top-Right): 7%]
frame_001231,-1.0,2.157,13.6684,4.4047,20.2313,-1,0.0, -> [chair (Top-Right): 7%]
frame_001232,-1.0,2.1875,18.2928,4.2656,24.7472,-1,0.0, -> [chair (Top-Right): 7%]
frame_001233,-1.0,1.6906,18.6228,4.4146,24.7291,-1,0.0, -> [chair (Top-Right): 7%]
frame_001234,-1.0,1.7246,13.7998,4.4062,19.9318,-1,0.0, -> [chair (Top-Right): 7%]
frame_001235,-1.0,1.6789,17.1535,4.3125,23.1462,-1,0.0, -> [chair (Top-Right): 6%]
frame_001236,-1.0,2.4494,18.0671,4.4093,24.9271,-1,0.0, -> [chair (Top-Right): 7%]
frame_001237,-1.0,1.704,13.2272,4.3102,19.2424,-1,0.0, -> [chair (Top-Right): 7%]
frame_001238,-1.0,2.2122,22.0884,4.4354,28.7371,-1,0.0, -> [chair (Top-Right): 7%]
frame_001239,-1.0,1.5886,18.4197,4.4344,24.4441,-1,0.0, -> [chair (Top-Right): 7%]
frame_001240,-1.0,2.7164,13.3021,4.3204,20.3402,-1,0.0, -> [chair (Top-Right): 7%]
frame_001241,-1.0,2.1474,17.2152,4.5956,23.9594,-1,0.0, -> [chair (Top-Right): 7%]
frame_001242,-1.0,2.1577,18.3208,4.3755,24.8554,-1,0.0, -> [chair (Top-Right): 6%]
frame_001243,-1.0,2.161,13.0007,4.5634,19.7264,-1,0.0, -> [chair (Top-Right): 6%]
frame_001244,-1.0,1.6869,17.3064,4.146,23.1406,-1,0.0, -> [chair (Top-Right): 7%]
frame_001245,-1.0,1.7321,18.1629,4.1422,24.0386,-1,0.0, -> [chair (Top-Right): 5%]
frame_001246,-1.0,1.6947,12.9355,4.1249,18.7563,-1,0.0, -> [chair (Top-Right): 6%]
frame_001247,-1.0,2.0257,17.1077,4.126,23.2603,-1,0.0, -> [chair (Top-Right): 7%]
frame_001248,-1.0,1.6199,17.9379,4.1787,23.7376,-1,0.0, -> [chair (Top-Right): 6%]
frame_001249,-1.0,2.0728,12.5119,4.1085,18.6945,-1,0.0, -> [chair (Top-Right): 6%]
frame_001250,-1.0,1.7312,17.7135,4.1899,23.6359,-1,0.0, -> [chair (Top-Right): 6%]
frame_001251,-1.0,2.1901,18.1157,4.0634,24.3704,-1,0.0, -> [chair (Top-Right): 7%]
frame_001252,-1.0,2.2497,13.6194,4.127,19.9975,-1,0.0, -> [chair (Top-Right): 7%]
frame_001253,-1.0,2.1916,18.6193,4.2468,25.059,-1,0.0, -> [chair (Top-Right): 7%]
frame_001254,-1.0,1.8325,18.5821,4.0973,24.5132,-1,0.0, -> [chair (Top-Right): 7%]
frame_001255,-1.0,3.0035,12.9884,4.3048,20.2983,-1,0.0, -> [chair (Top-Right): 7%]
frame_001256,-1.0,2.2069,17.2928,4.2327,23.7333,-1,0.0, -> [chair (Top-Right): 6%]
frame_001257,-1.0,1.7137,18.7048,4.2122,24.6319,-1,0.0, -> [chair (Top-Right): 6%]
frame_001258,-1.0,1.7687,13.3106,3.9614,19.042,-1,0.0, -> [chair (Top-Right): 6%]
frame_001259,-1.0,1.721,17.7935,4.1095,23.6251,-1,0.0, -> [chair (Top-Right): 6%]
frame_001260,-1.0,1.7539,19.0339,4.2147,25.0036,-1,0.0, -> [chair (Top-Right): 6%]
frame_001261,-1.0,1.7695,12.9833,4.2452,18.9993,-1,0.0, -> [chair (Top-Right): 6%]
frame_001262,-1.0,1.7459,17.9017,4.1104,23.7595,-1,0.0, -> [chair (Top-Right): 7%]
frame_001263,-1.0,2.5292,19.2683,4.1339,25.9333,-1,0.0, -> [chair (Top-Right): 7%]
frame_001264,-1.0,1.5565,16.5517,4.2256,22.3355,-1,0.0, -> [chair (Top-Right): 6%]
frame_001265,-1.0,1.7046,17.4881,4.1769,23.3709,-1,0.0, -> [chair (Top-Right): 5%]
frame_001266,-1.0,1.7888,18.8624,4.0727,24.7251,-1,0.0, -> [chair (Top-Right): 7%]
frame_001267,-1.0,1.6625,13.3373,4.1138,19.1155,-1,0.0, -> [chair (Right): 8%]
frame_001268,-1.0,1.7197,18.1734,4.1835,24.078,-1,0.0, -> [chair (Top-Right): 7%]
frame_001269,-1.0,1.7766,19.0663,4.2527,25.0975,-1,0.0, -> [chair (Top-Right): 7%]
frame_001270,-1.0,2.9944,14.0142,4.2455,21.2554,-1,0.0, -> [chair (Top-Right): 6%]
frame_001271,-1.0,2.15,17.2707,3.8713,23.2929,-1,0.0, -> [chair (Top-Right): 6%]
frame_001272,-1.0,2.0095,20.1186,4.1145,26.2437,-1,0.0, -> [chair (Right): 13%]
frame_001273,-1.0,1.8603,13.0722,4.2275,19.1611,-1,0.0, -> [chair (Right): 8%]
frame_001274,-1.0,2.3579,17.6698,4.2334,24.2623,-1,0.0, -> [chair (Center): 7%]
frame_001275,-1.0,1.7638,18.827,4.1567,24.7488,-1,0.0, -> [chair (Top): 6%]
frame_001276,-1.0,1.7508,13.1722,4.2649,19.1889,-1,0.0, -> [chair (Top): 4%]
frame_001277,-1.0,1.725,17.8792,4.0891,23.6942,-1,0.0, -> [chair (Center): 9%]
frame_001278,-1.0,2.9894,21.7421,4.3188,29.0515,-1,0.0, -> [chair (Top): 6%]
frame_001279,-1.0,2.1983,13.3922,4.2297,19.8214,-1,0.0, -> [chair (Center): 5%]
frame_001280,-1.0,1.7098,17.9362,4.2079,23.8551,-1,0.0, -> [chair (Center): 4%]
frame_001281,-1.0,1.7215,18.6746,4.1784,24.5758,-1,0.0, -> [chair (Center): 5%]
frame_001282,-1.0,1.8636,13.0566,4.0292,18.9507,-1,0.0, -> [chair (Center): 7%]
frame_001283,-1.0,1.7006,17.7474,4.3303,23.7792,-1,0.0, -> [chair (Center): 6%]
frame_001284,-1.0,1.6451,21.2569,4.1937,27.0971,-1,0.0, -> [chair (Center): 5%]
frame_001285,-1.0,1.6775,13.1342,4.2258,19.0389,-1,0.0, -> [chair (Top): 4%]
frame_001286,-1.0,1.8429,17.9038,4.3638,24.1117,-1,0.0, -> [chair (Center): 4%]
frame_001287,-1.0,1.8643,19.1753,4.1479,25.1888,-1,0.0, -> [chair (Center): 6%]
frame_001288,-1.0,1.7945,13.0088,4.2261,19.0308,-1,0.0," -> [chair (Center): 6%, tvmonitor (Right): 1%]"
frame_001289,-1.0,1.7148,22.4893,5.2726,29.4781,-1,0.0," -> [chair (Center): 3%, tvmonitor (Right): 3%]"
frame_001290,-1.0,2.0752,18.7379,4.0671,24.8814,-1,0.0, -> [chair (Top): 2%]
frame_001291,-1.0,2.1562,13.2559,4.2902,19.7034,-1,0.0," -> [chair (Center): 2%, tvmonitor (Bottom-Right): 2%]"
frame_001292,-1.0,1.8657,17.2701,4.2927,23.4297,-1,0.0, -> [chair (Top): 1%]
frame_001293,-1.0,2.0588,18.4578,4.0981,24.6161,-1,0.0, -> [chair (Center): 4%]
frame_001294,-1.0,1.7916,13.3452,4.1827,19.3207,-1,0.0, -> [chair (Center): 4%]
frame_001295,-1.0,1.9555,17.6932,4.1811,23.8309,-1,0.0, -> [chair (Center): 1%]
frame_001296,-1.0,1.8689,18.2247,4.2577,24.3525,-1,0.0, -> [chair (Center): 4%]
frame_001297,-1.0,2.0971,13.3522,4.2117,19.6621,-1,0.0, -> [chair (Center): 2%]
frame_001298,-1.0,2.6917,18.3484,4.1761,25.2176,-1,0.0, -> [chair (Left): 2%]
frame_001299,-1.0,1.7249,18.6402,3.9874,24.3537,-1,0.0, -> [chair (Left): 3%]
frame_001300,-1.0,1.7634,13.4451,4.0892,19.299,-1,0.0, -> [chair (Left): 4%]
frame_001301,-1.0,2.0355,21.7317,3.9616,27.7302,-1,0.0, -> [chair (Left): 5%]
frame_001302,-1.0,1.7721,21.6993,4.2302,27.7025,-1,0.0, -> [chair (Left): 6%]
frame_001303,-1.0,1.7593,13.6658,4.0511,19.4774,-1,0.0, -> [chair (Top-Left): 4%]
frame_001304,-1.0,1.7482,17.2964,4.0458,23.0916,-1,0.0, -> [chair (Top-Left): 4%]
frame_001305,-1.0,2.0327,18.4442,5.3446,25.8225,-1,0.0, -> [chair (Top-Left): 3%]
frame_001306,-1.0,2.2316,17.0242,4.1123,23.3693,-1,0.0, -> [chair (Top-Left): 1%]
frame_001307,-1.0,1.7614,17.4888,4.224,23.4755,-1,0.0, -> [chair (Top-Left): 1%]
frame_001308,-1.0,1.876,18.6636,3.9696,24.51,-1,0.0, -> [background only]
frame_001309,-1.0,1.829,16.8416,4.1487,22.8205,-1,0.0, -> [tvmonitor (Top-Right): 1%]
frame_001310,-1.0,2.0372,17.4575,3.5696,23.0656,-1,0.0, -> [background only]
frame_001311,-1.0,3.1899,22.4973,4.2611,29.9498,-1,0.0, -> [chair (Top-Left): 2%]
frame_001312,-1.0,1.9225,13.8961,4.0751,19.8951,-1,0.0, -> [background only]
frame_001313,-1.0,3.6497,18.4605,3.8781,25.9898,-1,0.0, -> [background only]
frame_001314,-1.0,2.525,18.6626,3.8745,25.0634,-1,0.0, -> [background only]
frame_001315,-1.0,1.9056,13.8198,3.9165,19.6431,-1,0.0, -> [background only]
frame_001316,-1.0,1.8925,17.5464,4.075,23.5154,-1,0.0, -> [background only]
frame_001317,-1.0,2.1228,18.4819,4.073,24.6788,-1,0.0, -> [background only]
frame_001318,-1.0,1.8179,14.0853,3.88,19.7842,-1,0.0, -> [background only]
frame_001319,-1.0,2.0253,23.245,4.1959,29.4674,-1,0.0, -> [background only]
frame_001320,-1.0,3.1754,22.4223,3.824,29.4228,-1,0.0, -> [background only]
frame_001321,-1.0,2.2626,16.9158,4.0135,23.1933,-1,0.0, -> [background only]
frame_001322,-1.0,1.8216,21.9127,4.1944,27.9299,-1,0.0, -> [background only]
frame_001323,-1.0,2.3454,24.5639,5.0095,31.9199,-1,0.0, -> [tvmonitor (Top-Right): 1%]
frame_001324,-1.0,1.6367,14.1,4.1702,19.908,-1,0.0, -> [tvmonitor (Top-Right): 1%]
frame_001325,-1.0,1.765,24.7948,5.0088,31.5698,-1,0.0, -> [background only]
frame_001326,-1.0,1.804,22.6167,4.4431,28.8651,-1,0.0," -> [chair (Top-Right): 1%, tvmonitor (Top-Right): 3%]"
frame_001327,-1.0,2.7511,16.9392,4.2499,23.9414,-1,0.0, -> [tvmonitor (Top-Right): 1%]
frame_001328,-1.0,2.1673,20.8405,4.3459,27.3545,-1,0.0, -> [tvmonitor (Top-Right): 2%]
frame_001329,-1.0,1.7232,26.4321,4.3844,32.5407,-1,0.0, -> [tvmonitor (Top-Right): 1%]
frame_001330,-1.0,1.6701,13.5726,4.102,19.346,-1,0.0, -> [tvmonitor (Top-Right): 1%]
frame_001331,-1.0,1.8014,21.5783,4.0673,27.4477,-1,0.0, -> [background only]
frame_001332,-1.0,1.9463,22.1352,4.3447,28.4276,-1,0.0," -> [chair (Right): 1%, tvmonitor (Top-Right): 2%]"
frame_001333,-1.0,1.7527,14.1786,4.4736,20.4064,-1,0.0," -> [chair (Bottom-Right): 1%, tvmonitor (Top-Right): 1%]"
frame_001334,-1.0,1.6036,21.768,4.3611,27.734,-1,0.0," -> [chair (Right): 6%, tvmonitor (Top): 3%]"
frame_001335,-1.0,1.7237,25.505,4.9738,32.2043,-1,0.0, -> [background only]
frame_001336,-1.0,1.7425,13.8771,5.6939,21.3149,-1,0.0," -> [chair (Right): 2%, tvmonitor (Top): 2%]"
frame_001337,-1.0,2.6925,21.2409,4.1359,28.0702,-1,0.0," -> [chair (Top-Right): 1%, tvmonitor (Top): 4%]"
frame_001338,-1.0,1.7937,22.6462,4.9447,29.386,-1,0.0, -> [chair (Right): 3%]
frame_001339,-1.0,1.6324,13.659,4.4102,19.7027,-1,0.0," -> [chair (Right): 6%, tvmonitor (Top): 1%]"
frame_001340,-1.0,1.681,21.7632,4.3843,27.8299,-1,0.0," -> [chair (Right): 2%, tvmonitor (Top): 2%]"
frame_001341,-1.0,2.1888,23.2877,4.3021,29.7794,-1,0.0," -> [chair (Center): 2%, tvmonitor (Top-Right): 6%]"
frame_001342,-1.0,2.1574,13.7865,4.2839,20.2289,-1,0.0," -> [chair (Center): 1%, tvmonitor (Top-Right): 11%]"
frame_001343,-1.0,1.6621,22.0922,4.5151,28.2704,-1,0.0, -> [tvmonitor (Top-Right): 12%]
frame_001344,-1.0,2.135,22.3742,4.6307,29.1413,-1,0.0," -> [chair (Top): 1%, tvmonitor (Top-Right): 14%]"
frame_001345,-1.0,1.7623,15.1447,4.2447,21.153,-1,0.0," -> [chair (Center): 5%, tvmonitor (Top-Right): 9%]"
frame_001346,-1.0,3.105,20.8014,4.1393,28.0467,-1,0.0," -> [chair (Center): 4%, tvmonitor (Top): 10%]"
frame_001347,-1.0,2.2171,23.4451,4.5128,30.1765,-1,0.0," -> [chair (Center): 2%, tvmonitor (Top): 6%]"
frame_001348,-1.0,1.6604,13.8869,4.4562,20.0052,-1,0.0," -> [chair (Center): 2%, tvmonitor (Top): 9%]"
frame_001349,-1.0,1.7057,21.5024,4.2584,27.4676,-1,0.0," -> [chair (Center): 1%, tvmonitor (Top): 8%]"
frame_001350,-1.0,1.9076,22.7771,4.7269,29.4131,-1,0.0," -> [chair (Center): 2%, tvmonitor (Top): 8%]"
frame_001351,-1.0,1.7737,17.6244,4.3387,23.7381,-1,0.0," -> [chair (Center): 4%, tvmonitor (Top): 12%]"
frame_001352,-1.0,1.6786,22.2654,4.3093,28.2543,-1,0.0," -> [chair (Center): 8%, tvmonitor (Top-Left): 2%]"
frame_001353,-1.0,1.5683,22.9539,4.5944,29.1176,-1,0.0," -> [chair (Left): 6%, tvmonitor (Top-Left): 3%]"
frame_001354,-1.0,1.7096,14.1638,4.202,20.0766,-1,0.0," -> [chair (Left): 10%, tvmonitor (Top-Left): 3%]"
frame_001355,-1.0,2.9004,22.4538,4.4088,29.7643,-1,0.0," -> [chair (Left): 5%, tvmonitor (Top-Left): 6%]"
frame_001356,-1.0,1.6869,23.2226,6.204,31.1151,-1,0.0," -> [chair (Left): 8%, tvmonitor (Top): 8%]"
frame_001357,-1.0,2.1392,14.2783,4.4013,20.8204,-1,0.0," -> [chair (Left): 7%, tvmonitor (Right): 1%]"
frame_001358,-1.0,1.6712,22.328,4.6129,28.6136,-1,0.0," -> [chair (Left): 7%, tvmonitor (Top): 5%]"
frame_001359,-1.0,2.3042,23.8854,4.5188,30.7101,-1,0.0, -> [chair (Left): 11%]
frame_001360,-1.0,1.5592,13.8941,4.4524,19.907,-1,0.0, -> [chair (Left): 12%]
frame_001361,-1.0,1.8028,21.9461,4.1794,27.9298,-1,0.0, -> [chair (Left): 10%]
frame_001362,-1.0,2.0121,23.2752,4.5053,29.7941,-1,0.0," -> [chair (Left): 10%, tvmonitor (Top): 3%]"
frame_001363,-1.0,1.7136,18.3175,4.3997,24.4317,-1,0.0, -> [chair (Left): 8%]
frame_001364,-1.0,1.8041,22.956,4.4941,29.2554,-1,0.0, -> [chair (Left): 7%]
frame_001365,-1.0,1.4778,25.5434,4.4819,31.5044,-1,0.0, -> [chair (Left): 6%]
frame_001366,-1.0,1.6992,14.2301,4.3007,20.2314,-1,0.0, -> [chair (Left): 6%]
frame_001367,-1.0,1.824,22.4183,4.9826,29.2262,-1,0.0, -> [chair (Left): 5%]
frame_001368,-1.0,2.2468,22.9787,4.3418,29.5686,-1,0.0," -> [chair (Left): 4%, tvmonitor (Center): 10%]"
frame_001369,-1.0,1.6443,16.7257,4.5641,22.9352,-1,0.0," -> [chair (Left): 5%, tvmonitor (Center): 7%]"
frame_001370,-1.0,1.6004,22.7139,4.428,28.7435,-1,0.0," -> [chair (Left): 4%, tvmonitor (Center): 8%]"
frame_001371,-1.0,1.5792,23.3244,4.185,29.0896,-1,0.0," -> [chair (Left): 5%, tvmonitor (Center): 9%]"
frame_001372,-1.0,3.4515,13.6466,4.5399,21.6396,-1,0.0," -> [chair (Left): 4%, tvmonitor (Top): 3%]"
frame_001373,-1.0,2.1672,22.3579,4.3263,28.8525,-1,0.0, -> [chair (Left): 3%]
frame_001374,-1.0,1.5456,23.5943,4.7369,29.8778,-1,0.0," -> [chair (Left): 2%, tvmonitor (Top): 1%]"
frame_001375,-1.0,2.2211,14.1521,4.2499,20.6245,-1,0.0, -> [tvmonitor (Top): 3%]
frame_001376,-1.0,2.9674,26.6873,4.3413,33.9971,-1,0.0, -> [tvmonitor (Center): 9%]
frame_001377,-1.0,2.2139,23.7388,4.3408,30.2947,-1,0.0, -> [tvmonitor (Top): 6%]
frame_001378,-1.0,1.7123,14.142,4.4487,20.3043,-1,0.0, -> [tvmonitor (Top): 4%]
frame_001379,-1.0,3.59,21.3467,4.5979,29.5358,-1,0.0, -> [tvmonitor (Center): 8%]
frame_001380,-1.0,2.2394,23.929,4.3246,30.4942,-1,0.0," -> [chair (Left): 1%, tvmonitor (Center): 11%]"
frame_001381,-1.0,1.665,14.1618,4.3027,20.1309,-1,0.0," -> [chair (Left): 2%, tvmonitor (Center): 9%]"
frame_001382,-1.0,1.6628,23.4394,4.4456,29.5488,-1,0.0," -> [chair (Left): 2%, tvmonitor (Center): 9%]"
frame_001383,-1.0,1.5504,23.4471,4.5306,29.5294,-1,0.0," -> [chair (Left): 2%, tvmonitor (Top): 8%]"
frame_001384,-1.0,1.6893,14.2649,4.225,20.1805,-1,0.0," -> [chair (Left): 2%, tvmonitor (Top): 8%]"
frame_001385,-1.0,2.1736,23.1962,4.6303,30.0013,-1,0.0," -> [chair (Left): 2%, tvmonitor (Top): 7%]"
frame_001386,-1.0,3.4786,23.446,4.4449,31.3706,-1,0.0," -> [chair (Left): 1%, tvmonitor (Center): 10%]"
frame_001387,-1.0,1.8548,13.6997,4.4844,20.0401,-1,0.0," -> [chair (Left): 2%, tvmonitor (Top): 7%]"
frame_001388,-1.0,1.7317,25.8132,4.5934,32.1394,-1,0.0," -> [chair (Left): 2%, tvmonitor (Top): 8%]"
frame_001389,-1.0,2.2009,22.7287,4.556,29.4871,-1,0.0," -> [chair (Left): 1%, tvmonitor (Top): 9%]"
frame_001390,-1.0,1.6762,14.6363,4.2595,20.5732,-1,0.0," -> [chair (Left): 2%, tvmonitor (Center): 10%]"
frame_001391,-1.0,1.7962,22.3352,4.6066,28.7389,-1,0.0," -> [chair (Left): 1%, tvmonitor (Center): 9%]"
frame_001392,-1.0,1.6549,24.1151,4.6917,30.4628,-1,0.0," -> [chair (Left): 1%, tvmonitor (Top): 8%]"
frame_001393,-1.0,2.1459,13.8684,4.5825,20.5983,-1,0.0," -> [chair (Left): 1%, tvmonitor (Center): 9%]"
frame_001394,-1.0,1.6904,23.1976,4.6853,29.5744,-1,0.0," -> [chair (Left): 2%, tvmonitor (Center): 9%]"
frame_001395,-1.0,2.1493,23.9323,4.5315,30.6146,-1,0.0," -> [chair (Left): 2%, tvmonitor (Center): 9%]"
frame_001396,-1.0,2.309,14.1756,4.3088,20.7948,-1,0.0," -> [chair (Left): 2%, tvmonitor (Center): 10%]"
frame_001397,-1.0,1.7109,22.7494,4.7909,29.2526,-1,0.0," -> [chair (Left): 1%, tvmonitor (Center): 10%]"
frame_001398,-1.0,2.9299,26.6862,4.6438,34.2609,-1,0.0," -> [chair (Left): 1%, tvmonitor (Center): 10%]"
frame_001399,-1.0,3.7112,14.2392,4.5596,22.5113,-1,0.0," -> [chair (Left): 1%, tvmonitor (Center): 10%]"
frame_001400,-1.0,2.3555,21.7367,4.6062,28.6993,-1,0.0," -> [chair (Left): 2%, tvmonitor (Center): 11%]"
frame_001401,-1.0,1.4852,19.6811,4.3914,25.5591,-1,0.0," -> [chair (Left): 2%, tvmonitor (Center): 11%]"
frame_001402,-1.0,1.7217,20.3731,4.6133,26.7094,-1,0.0," -> [chair (Left): 2%, tvmonitor (Center): 10%]"
frame_001403,-1.0,1.6268,18.8862,4.597,25.1117,-1,0.0," -> [chair (Left): 2%, tvmonitor (Center): 11%]"
frame_001404,-1.0,1.6257,20.0519,4.3711,26.0497,-1,0.0," -> [chair (Left): 2%, tvmonitor (Center): 11%]"
frame_001405,-1.0,1.6259,13.3607,4.7657,19.7539,-1,0.0," -> [chair (Left): 2%, tvmonitor (Center): 11%]"
frame_001406,-1.0,1.7082,20.2704,4.6374,26.6175,-1,0.0," -> [chair (Left): 2%, tvmonitor (Center): 10%]"
frame_001407,-1.0,1.6873,20.274,4.8925,26.8555,-1,0.0," -> [chair (Left): 1%, tvmonitor (Center): 10%]"
frame_001408,-1.0,1.6693,14.3999,4.4105,20.4819,-1,0.0," -> [chair (Left): 1%, tvmonitor (Center): 10%]"
frame_001409,-1.0,4.2063,18.4823,4.6756,27.3662,-1,0.0," -> [chair (Left): 2%, tvmonitor (Top): 9%]"
frame_001410,-1.0,2.8951,20.1333,4.7698,27.7999,-1,0.0," -> [chair (Left): 2%, tvmonitor (Top): 9%]"
frame_001411,-1.0,1.7865,13.6726,6.1849,21.6451,-1,0.0," -> [chair (Left): 1%, tvmonitor (Top): 8%]"
frame_001412,-1.0,4.2006,18.4258,4.5429,27.1709,-1,0.0, -> [tvmonitor (Center): 8%]
frame_001413,-1.0,1.726,20.1743,4.7748,26.6764,-1,0.0," -> [chair (Left): 1%, tvmonitor (Top): 6%]"
frame_001414,-1.0,2.3844,13.6781,4.3839,20.4482,-1,0.0, -> [tvmonitor (Top): 6%]
frame_001415,-1.0,2.3459,18.5247,4.3536,25.226,-1,0.0," -> [chair (Left): 1%, tvmonitor (Top): 5%]"
frame_001416,-1.0,2.3618,20.2563,4.7214,27.3412,-1,0.0, -> [tvmonitor (Top): 5%]
frame_001417,-1.0,1.7424,13.5945,4.6674,20.0058,-1,0.0, -> [tvmonitor (Top): 7%]
frame_001418,-1.0,2.4029,19.1318,4.5021,26.0383,-1,0.0," -> [dog (Bottom-Right): 1%, tvmonitor (Center): 9%]"
frame_001419,-1.0,3.5613,19.9225,4.648,28.1334,-1,0.0," -> [chair (Top-Left): 1%, tvmonitor (Center): 16%]"
frame_001420,-1.0,1.5141,13.75,4.5063,19.7718,-1,0.0, -> [tvmonitor (Top): 8%]
frame_001421,-1.0,1.7187,18.9414,4.3291,24.9907,-1,0.0," -> [chair (Top-Left): 1%, tvmonitor (Top): 6%]"
frame_001422,-1.0,2.3479,20.1842,5.8081,28.3421,-1,0.0," -> [chair (Top-Left): 1%, tvmonitor (Top): 7%]"
frame_001423,-1.0,2.343,13.8477,4.3656,20.5581,-1,0.0, -> [tvmonitor (Top): 6%]
frame_001424,-1.0,1.6941,19.4096,4.5135,25.6192,-1,0.0, -> [tvmonitor (Top): 6%]
frame_001425,-1.0,1.7434,20.2339,4.5115,26.4904,-1,0.0, -> [tvmonitor (Top): 6%]
frame_001426,-1.0,1.8012,13.5933,4.4242,19.8204,-1,0.0, -> [tvmonitor (Top): 6%]
frame_001427,-1.0,1.681,18.6021,4.5636,24.8482,-1,0.0, -> [tvmonitor (Top): 6%]
frame_001428,-1.0,2.4511,20.2177,4.5095,27.1798,-1,0.0, -> [tvmonitor (Top): 7%]
frame_001429,-1.0,1.9599,13.8485,4.1926,20.0026,-1,0.0," -> [chair (Top-Left): 1%, tvmonitor (Top): 20%]"
frame_001430,-1.0,1.8599,20.5336,5.7116,28.1068,-1,0.0," -> [chair (Top-Left): 2%, tvmonitor (Top): 16%]"
frame_001431,-1.0,2.3747,20.06,4.5487,26.985,-1,0.0, -> [tvmonitor (Top): 21%]
frame_001432,-1.0,1.7737,13.7617,4.4163,19.9531,-1,0.0, -> [tvmonitor (Top): 8%]
frame_001433,-1.0,1.856,19.84,4.1803,25.8782,-1,0.0," -> [chair (Top-Left): 1%, tvmonitor (Top): 9%]"
frame_001434,-1.0,2.4333,20.5051,4.3321,27.2718,-1,0.0, -> [tvmonitor (Top): 9%]
frame_001435,-1.0,1.8424,18.7451,4.3432,24.9324,-1,0.0," -> [chair (Top-Left): 1%, tvmonitor (Top): 9%]"
frame_001436,-1.0,2.3567,19.6324,4.3425,26.3331,-1,0.0," -> [chair (Top-Left): 1%, tvmonitor (Top): 10%]"
frame_001437,-1.0,1.8734,20.6241,4.3868,26.8856,-1,0.0," -> [chair (Top-Left): 2%, dog (Bottom): 2%, tvmonitor (Top): 17%]"
frame_001438,-1.0,1.6711,13.4999,4.4327,19.6055,-1,0.0," -> [chair (Top-Left): 1%, tvmonitor (Top): 16%]"
frame_001439,-1.0,1.722,21.1615,4.3451,27.2303,-1,0.0," -> [chair (Top-Left): 1%, tvmonitor (Top): 16%]"
frame_001440,-1.0,1.838,20.1907,4.6623,26.6927,-1,0.0," -> [chair (Top-Left): 1%, dog (Bottom): 3%, tvmonitor (Top): 12%]"
frame_001441,-1.0,1.8478,13.7121,4.1709,19.7323,-1,0.0," -> [dog (Right): 1%, tvmonitor (Top): 9%]"
frame_001442,-1.0,1.8575,23.0721,4.5214,29.4533,-1,0.0, -> [tvmonitor (Top): 5%]
frame_001443,-1.0,1.7662,21.6178,4.4969,27.8824,-1,0.0, -> [tvmonitor (Top): 7%]
frame_001444,-1.0,1.9617,13.8021,3.7593,19.5245,-1,0.0, -> [tvmonitor (Top): 8%]
frame_001445,-1.0,1.9641,19.317,4.2698,25.5524,-1,0.0, -> [tvmonitor (Top): 8%]
frame_001446,-1.0,1.6642,23.5815,4.8828,30.1298,-1,0.0, -> [tvmonitor (Top): 8%]
frame_001447,-1.0,1.7671,17.6226,4.4115,23.8027,-1,0.0, -> [tvmonitor (Top): 2%]
frame_001448,-1.0,1.8607,18.879,4.4683,25.2101,-1,0.0, -> [tvmonitor (Top): 7%]
frame_001449,-1.0,3.3107,19.2498,3.8069,26.3692,-1,0.0, -> [tvmonitor (Top): 8%]
frame_001450,-1.0,2.6093,12.983,4.3213,19.9152,-1,0.0, -> [tvmonitor (Top): 8%]
frame_001451,-1.0,2.1806,18.9872,4.4964,25.6655,-1,0.0, -> [tvmonitor (Top): 6%]
frame_001452,-1.0,2.918,18.911,4.3218,26.1524,-1,0.0, -> [tvmonitor (Top): 6%]
frame_001453,-1.0,1.8573,17.6644,4.3211,23.8442,-1,0.0, -> [tvmonitor (Top): 4%]
frame_001454,-1.0,1.6403,18.6944,4.4529,24.7893,-1,0.0, -> [tvmonitor (Top): 2%]
frame_001455,-1.0,2.2558,19.7203,4.4656,26.4425,-1,0.0, -> [tvmonitor (Top): 3%]
frame_001456,-1.0,1.7199,12.8537,4.4481,19.0228,-1,0.0, -> [tvmonitor (Top): 4%]
frame_001457,-1.0,1.6975,19.0985,4.4001,25.1974,-1,0.0, -> [tvmonitor (Top): 1%]
frame_001458,-1.0,2.1719,19.5536,4.3667,26.0937,-1,0.0, -> [tvmonitor (Top): 2%]
frame_001459,-1.0,1.7764,13.0913,4.4582,19.3272,-1,0.0, -> [tvmonitor (Top): 2%]
frame_001460,-1.0,1.64,19.0688,4.3548,25.065,-1,0.0, -> [tvmonitor (Top): 3%]
frame_001461,-1.0,1.7168,19.4848,4.3669,25.5697,-1,0.0, -> [tvmonitor (Top): 4%]
frame_001462,-1.0,1.6864,13.185,4.395,19.2675,-1,0.0, -> [tvmonitor (Top): 4%]
frame_001463,-1.0,1.7417,18.4228,4.3054,24.4712,-1,0.0, -> [tvmonitor (Top): 2%]
frame_001464,-1.0,1.7173,19.7645,4.2339,25.7169,-1,0.0, -> [background only]
frame_001465,-1.0,2.2201,13.7171,4.5502,20.4887,-1,0.0," -> [chair (Top-Left): 2%, tvmonitor (Top): 4%]"
frame_001466,-1.0,1.7842,18.7071,4.2978,24.7907,-1,0.0," -> [chair (Top-Left): 1%, tvmonitor (Top): 17%]"
frame_001467,-1.0,1.8523,22.7268,4.4736,29.0543,-1,0.0," -> [chair (Top-Left): 2%, tvmonitor (Top): 21%]"
frame_001468,-1.0,1.8061,13.557,4.5005,19.8649,-1,0.0," -> [chair (Top-Left): 1%, tvmonitor (Top): 14%]"
frame_001469,-1.0,1.8146,18.5691,4.2723,24.6573,-1,0.0," -> [chair (Top-Left): 2%, tvmonitor (Top): 10%]"
frame_001470,-1.0,1.6588,20.5068,4.3326,26.4995,-1,0.0," -> [chair (Top-Left): 2%, tvmonitor (Top): 10%]"
frame_001471,-1.0,1.584,13.1539,4.3632,19.1025,-1,0.0," -> [chair (Top-Left): 2%, tvmonitor (Top): 10%]"
frame_001472,-1.0,2.0917,18.6054,4.6367,25.3358,-1,0.0," -> [chair (Top-Left): 1%, tvmonitor (Top): 11%]"
frame_001473,-1.0,1.6771,19.5106,4.5078,25.6968,-1,0.0, -> [tvmonitor (Top): 11%]
frame_001474,-1.0,1.7139,13.1748,4.4257,19.3164,-1,0.0," -> [chair (Top-Left): 1%, tvmonitor (Top): 12%]"
frame_001475,-1.0,2.2325,18.2752,4.4214,24.9307,-1,0.0," -> [chair (Top-Left): 1%, tvmonitor (Top): 11%]"
frame_001476,-1.0,2.1642,22.1115,4.3917,28.6686,-1,0.0," -> [chair (Top-Left): 2%, tvmonitor (Top): 11%]"
frame_001477,-1.0,1.797,13.1416,4.5844,19.5243,-1,0.0," -> [chair (Top-Left): 2%, tvmonitor (Top): 11%]"
frame_001478,-1.0,1.7171,18.6713,4.4015,24.7911,-1,0.0," -> [chair (Top-Left): 2%, tvmonitor (Top): 10%]"
frame_001479,-1.0,2.1911,19.6336,4.2886,26.1144,-1,0.0," -> [chair (Top-Left): 2%, tvmonitor (Top): 11%]"
frame_001480,-1.0,2.2042,13.1329,4.3153,19.6537,-1,0.0," -> [chair (Top-Left): 2%, tvmonitor (Top): 12%]"
frame_001481,-1.0,1.7335,18.3934,4.6914,24.8196,-1,0.0," -> [chair (Top-Left): 2%, tvmonitor (Top): 8%]"
frame_001482,-1.0,1.7792,19.9246,4.5821,26.2873,-1,0.0," -> [chair (Top-Left): 2%, tvmonitor (Center): 24%]"
frame_001483,-1.0,1.8882,13.1686,4.1703,19.2288,-1,0.0," -> [chair (Left): 1%, tvmonitor (Top): 8%]"
frame_001484,-1.0,1.7746,23.7585,4.363,29.8976,-1,0.0," -> [chair (Top-Left): 1%, tvmonitor (Top): 7%]"
frame_001485,-1.0,2.1267,21.9206,4.2496,28.2982,-1,0.0, -> [chair (Left): 1%]
frame_001486,-1.0,1.7957,14.0578,4.352,20.2069,-1,0.0," -> [chair (Left): 1%, tvmonitor (Top): 8%]"
frame_001487,-1.0,2.1165,18.6921,4.5007,25.3107,-1,0.0," -> [chair (Left): 1%, tvmonitor (Top): 7%]"
frame_001488,-1.0,1.7565,20.4403,4.2739,26.472,-1,0.0," -> [chair (Left): 1%, tvmonitor (Center): 11%]"
frame_001489,-1.0,1.911,17.419,4.4519,23.7833,-1,0.0," -> [chair (Left): 2%, tvmonitor (Top): 9%]"
frame_001490,-1.0,1.7604,21.9743,4.3062,28.0423,-1,0.0," -> [chair (Left): 2%, tvmonitor (Top): 7%]"
frame_001491,-1.0,1.8137,19.8265,4.364,26.0053,-1,0.0," -> [chair (Left): 2%, tvmonitor (Top): 3%]"
frame_001492,-1.0,1.7948,13.0726,4.3617,19.23,-1,0.0," -> [chair (Left): 1%, tvmonitor (Top): 6%]"
frame_001493,-1.0,2.1177,22.1476,4.394,28.6605,-1,0.0, -> [tvmonitor (Top): 12%]
frame_001494,-1.0,1.6431,20.0206,4.2121,25.8775,-1,0.0, -> [tvmonitor (Top): 4%]
frame_001495,-1.0,3.3431,13.0423,4.3364,20.7231,-1,0.0, -> [tvmonitor (Top-Left): 4%]
frame_001496,-1.0,2.3311,21.3742,4.4228,28.1297,-1,0.0," -> [person (Top-Left): 1%, tvmonitor (Top): 15%]"
frame_001497,-1.0,1.7089,20.0261,4.2312,25.9679,-1,0.0, -> [tvmonitor (Top): 12%]
frame_001498,-1.0,2.3527,13.3143,4.3525,20.0209,-1,0.0, -> [tvmonitor (Top): 8%]
frame_001499,-1.0,1.8229,23.2072,4.3247,29.356,-1,0.0, -> [tvmonitor (Top): 2%]
frame_001500,-1.0,3.0804,20.1574,4.2299,27.4692,-1,0.0, -> [tvmonitor (Left): 8%]
frame_001501,-1.0,2.2228,13.1584,4.1762,19.5587,-1,0.0, -> [tvmonitor (Top-Left): 3%]
frame_001502,-1.0,2.4066,21.4149,4.2694,28.0923,-1,0.0, -> [tvmonitor (Top): 6%]
frame_001503,-1.0,2.2084,23.68,4.5158,30.4053,-1,0.0, -> [tvmonitor (Top-Left): 1%]
frame_001504,-1.0,1.8443,13.2535,4.2332,19.3323,-1,0.0, -> [tvmonitor (Left): 5%]
frame_001505,-1.0,1.6448,22.0408,4.3813,28.0681,-1,0.0, -> [tvmonitor (Top-Left): 11%]
frame_001506,-1.0,3.3115,21.8653,4.6099,29.7883,-1,0.0, -> [tvmonitor (Top): 15%]
frame_001507,-1.0,2.1673,13.2695,4.1394,19.5773,-1,0.0, -> [tvmonitor (Top-Left): 5%]
frame_001508,-1.0,1.939,21.731,4.2849,27.9559,-1,0.0, -> [tvmonitor (Top-Left): 12%]
frame_001509,-1.0,1.7287,20.0068,4.2698,26.0066,-1,0.0, -> [tvmonitor (Center): 17%]
frame_001510,-1.0,2.2452,13.4109,4.0756,19.7327,-1,0.0, -> [background only]
frame_001511,-1.0,1.8004,23.1143,4.1983,29.1139,-1,0.0, -> [background only]
frame_001512,-1.0,1.603,19.9768,4.4336,26.0147,-1,0.0, -> [background only]
frame_001513,-1.0,2.3863,13.1258,4.0764,19.5898,-1,0.0, -> [tvmonitor (Top): 16%]
frame_001514,-1.0,1.7667,21.5328,4.5021,27.8029,-1,0.0," -> [chair (Left): 3%, tvmonitor (Top): 4%]"
frame_001515,-1.0,3.2651,19.9639,4.334,27.5642,-1,0.0, -> [chair (Left): 6%]
frame_001516,-1.0,1.6432,12.8186,4.3278,18.791,-1,0.0, -> [chair (Left): 7%]
frame_001517,-1.0,2.2801,21.1789,3.9715,27.4317,-1,0.0, -> [chair (Left): 8%]
frame_001518,-1.0,1.6961,20.3529,4.2262,26.278,-1,0.0, -> [chair (Left): 11%]
frame_001519,-1.0,1.7551,13.185,4.311,19.2527,-1,0.0, -> [chair (Left): 16%]
frame_001520,-1.0,3.3685,21.4112,4.2798,29.0607,-1,0.0, -> [chair (Left): 16%]
frame_001521,-1.0,1.9073,20.0139,4.2201,26.1427,-1,0.0, -> [chair (Left): 17%]
frame_001522,-1.0,1.8173,13.3314,3.7499,18.8998,-1,0.0, -> [chair (Left): 18%]
frame_001523,-1.0,1.8632,22.6154,4.4559,28.9355,-1,0.0, -> [chair (Left): 21%]
frame_001524,-1.0,1.7467,20.1593,4.2458,26.1528,-1,0.0, -> [chair (Left): 28%]
frame_001525,-1.0,1.7553,12.9991,4.4444,19.2001,-1,0.0, -> [chair (Left): 28%]
frame_001526,-1.0,1.7993,25.0856,4.2096,31.0952,-1,0.0, -> [chair (Left): 16%]
frame_001527,-1.0,1.874,20.0319,4.3801,26.2872,-1,0.0," -> [chair (Center): 14%, tvmonitor (Top-Right): 8%]"
frame_001528,-1.0,2.1142,13.2538,4.4931,19.8624,-1,0.0," -> [chair (Left): 20%, tvmonitor (Top-Right): 3%]"
frame_001529,-1.0,1.7491,22.2485,4.2742,28.2731,-1,0.0, -> [chair (Top): 17%]
frame_001530,-1.0,1.834,22.1615,4.3856,28.3823,-1,0.0, -> [chair (Top): 16%]
frame_001531,-1.0,3.0455,13.1129,4.3386,20.4982,-1,0.0, -> [chair (Center): 17%]
frame_001532,-1.0,3.6196,21.6607,4.3755,29.6571,-1,0.0, -> [chair (Center): 18%]
frame_001533,-1.0,3.3842,19.0459,4.4133,26.8447,-1,0.0," -> [chair (Center): 3%, tvmonitor (Top-Right): 8%]"
frame_001534,-1.0,2.2051,13.0214,4.3975,19.6251,-1,0.0," -> [chair (Top): 8%, tvmonitor (Top-Right): 6%]"
frame_001535,-1.0,3.1723,21.4524,4.45,29.0763,-1,0.0," -> [chair (Center): 10%, tvmonitor (Top-Right): 5%]"
frame_001536,-1.0,2.0912,18.8594,4.199,25.1507,-1,0.0," -> [chair (Top): 3%, tvmonitor (Top-Right): 4%]"
frame_001537,-1.0,2.2694,13.0062,4.263,19.54,-1,0.0, -> [chair (Top): 5%]
frame_001538,-1.0,3.5429,21.1307,4.3704,29.0455,-1,0.0, -> [chair (Top): 5%]
frame_001539,-1.0,2.0963,18.9504,4.4003,25.448,-1,0.0, -> [chair (Right): 8%]
frame_001540,-1.0,1.858,14.1849,4.2439,20.288,-1,0.0, -> [chair (Top-Right): 3%]
frame_001541,-1.0,1.829,22.489,3.7823,28.1016,-1,0.0, -> [chair (Right): 3%]
frame_001542,-1.0,3.0842,18.93,4.3324,26.3478,-1,0.0, -> [chair (Right): 1%]
frame_001543,-1.0,2.1331,17.7678,4.3773,24.28,-1,0.0, -> [chair (Top-Right): 1%]
frame_001544,-1.0,1.7389,22.2814,4.3124,28.3338,-1,0.0, -> [chair (Right): 2%]
frame_001545,-1.0,1.8308,19.1751,4.1152,25.1223,-1,0.0, -> [chair (Right): 1%]
frame_001546,-1.0,2.189,14.6693,4.3567,21.2163,-1,0.0, -> [background only]
frame_001547,-1.0,1.8942,22.1648,4.1432,28.2034,-1,0.0, -> [background only]
frame_001548,-1.0,3.1324,18.9485,4.1214,26.2033,-1,0.0, -> [background only]
frame_001549,-1.0,2.0801,15.5813,4.1147,21.7772,-1,0.0, -> [background only]
frame_001550,-1.0,2.1067,21.6195,4.0361,27.7635,-1,0.0, -> [background only]
frame_001551,-1.0,1.7964,19.3806,4.1806,25.3591,-1,0.0, -> [background only]
frame_001552,-1.0,2.2799,13.0555,4.1911,19.528,-1,0.0, -> [background only]
frame_001553,-1.0,1.7784,22.5342,4.0789,28.3928,-1,0.0, -> [background only]
frame_001554,-1.0,1.9989,19.4856,4.2255,25.7117,-1,0.0, -> [background only]
frame_001555,-1.0,2.2542,13.1548,4.183,19.5934,-1,0.0, -> [background only]
frame_001556,-1.0,2.2742,22.2737,4.0963,28.6454,-1,0.0, -> [background only]
frame_001557,-1.0,1.7267,19.4464,4.1009,25.2752,-1,0.0, -> [background only]
frame_001558,-1.0,2.1763,13.0234,4.2836,19.4846,-1,0.0, -> [background only]
frame_001559,-1.0,1.7509,25.5913,4.1473,31.4907,-1,0.0, -> [background only]
frame_001560,-1.0,2.0868,20.0237,4.3212,26.4331,-1,0.0, -> [background only]
frame_001561,-1.0,1.7949,12.9522,4.2446,18.9931,-1,0.0, -> [chair (Left): 1%]
frame_001562,-1.0,1.9121,22.6721,4.1246,28.71,-1,0.0, -> [person (Top-Right): 1%]
frame_001563,-1.0,1.7738,19.7153,4.2366,25.727,-1,0.0, -> [background only]
frame_001564,-1.0,1.8649,13.1314,4.1603,19.1578,-1,0.0, -> [person (Top-Right): 1%]
frame_001565,-1.0,1.8067,22.1252,4.3759,28.3088,-1,0.0," -> [chair (Top-Left): 3%, person (Top-Right): 1%]"
frame_001566,-1.0,3.0345,19.9728,4.3639,27.3723,-1,0.0, -> [person (Top-Right): 1%]
frame_001567,-1.0,1.78,13.5079,4.2639,19.5534,-1,0.0, -> [person (Top-Right): 1%]
frame_001568,-1.0,1.7375,22.7452,4.2207,28.7045,-1,0.0," -> [chair (Bottom-Left): 1%, person (Top-Right): 1%]"
frame_001569,-1.0,2.287,19.7543,4.0698,26.1124,-1,0.0, -> [background only]
frame_001570,-1.0,1.8097,13.3728,4.1947,19.3784,-1,0.0, -> [background only]
frame_001571,-1.0,2.1102,22.4038,4.1735,28.6888,-1,0.0, -> [background only]
frame_001572,-1.0,1.8008,20.1428,3.6985,25.6433,-1,0.0, -> [background only]
frame_001573,-1.0,1.9344,12.8767,4.207,19.0195,-1,0.0, -> [background only]
frame_001574,-1.0,1.7621,22.4806,4.2453,28.4893,-1,0.0, -> [background only]
frame_001575,-1.0,1.654,19.6574,4.0505,25.3631,-1,0.0, -> [background only]
frame_001576,-1.0,1.8063,13.1847,4.3023,19.2946,-1,0.0, -> [background only]
frame_001577,-1.0,2.2451,22.7523,4.1208,29.1195,-1,0.0, -> [background only]
frame_001578,-1.0,2.968,19.2657,4.1702,26.4054,-1,0.0, -> [person (Top-Right): 1%]
frame_001579,-1.0,2.0497,13.1256,4.2046,19.3813,-1,0.0, -> [background only]
frame_001580,-1.0,2.2888,21.4355,4.1902,27.9158,-1,0.0, -> [background only]
frame_001581,-1.0,1.7925,19.8425,3.9583,25.5945,-1,0.0, -> [background only]
frame_001582,-1.0,1.9129,13.1562,5.2532,20.3234,-1,0.0, -> [person (Top-Right): 1%]
frame_001583,-1.0,2.1206,22.1705,4.2883,28.5804,-1,0.0, -> [background only]
frame_001584,-1.0,2.1531,19.4303,4.1719,25.7567,-1,0.0, -> [chair (Left): 1%]
frame_001585,-1.0,1.7758,13.01,4.4294,19.2166,-1,0.0, -> [person (Top-Right): 1%]
frame_001586,-1.0,1.8273,25.196,4.1979,31.2224,-1,0.0, -> [background only]
frame_001587,-1.0,2.9911,18.8768,4.2139,26.083,-1,0.0, -> [chair (Top-Left): 1%]
frame_001588,-1.0,2.0974,12.9295,4.1149,19.1434,-1,0.0, -> [background only]
frame_001589,-1.0,3.05,21.3245,4.0378,28.4132,-1,0.0, -> [background only]
frame_001590,-1.0,2.0913,21.7466,4.3565,28.1956,-1,0.0, -> [person (Top-Right): 1%]
frame_001591,-1.0,2.1414,12.9162,4.1299,19.1887,-1,0.0, -> [background only]
frame_001592,-1.0,2.2387,22.037,4.3538,28.6311,-1,0.0, -> [chair (Top-Left): 1%]
frame_001593,-1.0,1.7221,19.738,4.4708,25.9321,-1,0.0, -> [chair (Top-Left): 4%]
frame_001594,-1.0,1.9012,16.3465,4.1047,22.3538,-1,0.0," -> [chair (Top-Left): 3%, person (Top-Right): 1%]"
frame_001595,-1.0,3.0615,26.054,4.5738,33.6905,-1,0.0, -> [chair (Top-Left): 6%]
frame_001596,-1.0,1.7157,19.212,4.4982,25.4269,-1,0.0, -> [chair (Top-Left): 8%]
frame_001597,-1.0,2.3538,13.0274,3.6806,19.0632,-1,0.0, -> [chair (Left): 14%]
frame_001598,-1.0,3.0879,23.3573,4.2631,30.7097,-1,0.0, -> [chair (Left): 10%]
frame_001599,-1.0,1.7582,19.1655,4.2466,25.1716,-1,0.0, -> [chair (Bottom-Left): 2%]
frame_001600,-1.0,1.8337,13.0593,4.2949,19.1892,-1,0.0, -> [motorbike (Bottom-Left): 2%]
frame_001601,-1.0,2.1708,21.7203,5.1885,29.0807,-1,0.0, -> [chair (Top-Left): 1%]
frame_001602,-1.0,2.1615,19.0858,4.2115,25.4603,-1,0.0, -> [chair (Left): 11%]
frame_001603,-1.0,1.8271,13.1362,4.4865,19.451,-1,0.0," -> [bicycle (Left): 1%, chair (Top-Left): 1%]"
frame_001604,-1.0,1.7853,22.7447,4.1816,28.7129,-1,0.0, -> [chair (Center): 5%]
frame_001605,-1.0,1.7954,19.7419,4.3076,25.8464,-1,0.0, -> [chair (Top): 7%]
frame_001606,-1.0,2.3012,16.2917,4.2211,22.8153,-1,0.0, -> [chair (Top): 12%]
frame_001607,-1.0,1.9831,26.4407,3.7509,32.1757,-1,0.0, -> [chair (Top): 11%]
frame_001608,-1.0,1.7745,19.9254,4.2075,25.9084,-1,0.0, -> [chair (Center): 1%]
frame_001609,-1.0,1.9739,12.9803,4.3713,19.3264,-1,0.0," -> [bicycle (Center): 2%, chair (Top): 2%]"
frame_001610,-1.0,1.8678,22.974,4.6466,29.4899,-1,0.0," -> [bicycle (Right): 5%, chair (Top): 4%]"
frame_001611,-1.0,3.6636,19.6255,4.4871,27.7773,-1,0.0," -> [bicycle (Right): 4%, chair (Top): 2%]"
frame_001612,-1.0,2.0645,13.3014,4.2674,19.6345,-1,0.0, -> [bicycle (Right): 2%]
frame_001613,-1.0,1.8124,22.7881,4.1883,28.79,-1,0.0, -> [bicycle (Right): 1%]
frame_001614,-1.0,1.7912,19.9057,4.3826,26.0809,-1,0.0, -> [bicycle (Top-Right): 1%]
frame_001615,-1.0,3.336,13.3818,4.3644,21.0835,-1,0.0," -> [bicycle (Right): 9%, chair (Top-Right): 3%, motorbike (Bottom-Right): 3%]"
frame_001616,-1.0,2.1631,21.9756,4.1636,28.3036,-1,0.0, -> [background only]
frame_001617,-1.0,2.3001,20.3524,4.3463,27.0,-1,0.0," -> [chair (Top-Right): 1%, motorbike (Bottom-Right): 1%]"
frame_001618,-1.0,1.8799,13.1175,3.9552,18.954,-1,0.0, -> [chair (Top-Right): 1%]
frame_001619,-1.0,1.7537,26.0327,4.021,31.8085,-1,0.0, -> [background only]
frame_001620,-1.0,1.7073,23.5407,4.2842,29.5337,-1,0.0, -> [background only]
frame_001621,-1.0,2.0184,13.1232,4.1921,19.3349,-1,0.0, -> [background only]
frame_001622,-1.0,2.0621,22.23,3.9537,28.2468,-1,0.0, -> [background only]
frame_001623,-1.0,2.154,19.8734,4.3678,26.3964,-1,0.0, -> [chair (Top-Right): 2%]
frame_001624,-1.0,2.2543,16.2281,4.3851,22.8684,-1,0.0, -> [chair (Top-Right): 2%]
frame_001625,-1.0,3.152,20.6195,4.0099,27.7823,-1,0.0, -> [background only]
frame_001626,-1.0,2.1909,20.0362,4.2218,26.45,-1,0.0, -> [background only]
frame_001627,-1.0,1.8133,13.2392,3.6649,18.7184,-1,0.0, -> [background only]
frame_001628,-1.0,1.7523,21.904,3.743,27.4009,-1,0.0, -> [background only]
frame_001629,-1.0,2.1088,20.018,4.1833,26.311,-1,0.0, -> [background only]
frame_001630,-1.0,1.6664,14.0183,4.1892,19.8752,-1,0.0, -> [background only]
frame_001631,-1.0,3.0624,21.5821,4.0691,28.7147,-1,0.0, -> [background only]
frame_001632,-1.0,2.1739,18.9884,4.048,25.2116,-1,0.0, -> [background only]
frame_001633,-1.0,2.3007,13.0391,4.2045,19.5454,-1,0.0, -> [background only]
frame_001634,-1.0,1.7648,22.0883,4.3031,28.1577,-1,0.0, -> [background only]
frame_001635,-1.0,2.2244,20.1341,4.1688,26.5287,-1,0.0, -> [background only]
frame_001636,-1.0,1.8072,13.3494,4.0446,19.2028,-1,0.0, -> [background only]
frame_001637,-1.0,2.1876,22.8402,4.2645,29.2936,-1,0.0, -> [background only]
frame_001638,-1.0,1.8012,19.5773,4.2047,25.5848,-1,0.0, -> [background only]
frame_001639,-1.0,2.3521,12.9822,4.211,19.5465,-1,0.0, -> [background only]
frame_001640,-1.0,1.7929,22.5318,4.2356,28.5616,-1,0.0, -> [background only]
frame_001641,-1.0,2.1841,19.9889,4.181,26.3554,-1,0.0, -> [background only]
frame_001642,-1.0,1.8303,13.0889,4.2085,19.129,-1,0.0, -> [background only]
frame_001643,-1.0,1.8985,22.0515,4.1819,28.1337,-1,0.0, -> [background only]
frame_001644,-1.0,1.8778,20.1091,4.1815,26.1698,-1,0.0, -> [background only]
frame_001645,-1.0,1.7788,13.4727,4.147,19.3998,-1,0.0, -> [background only]
frame_001646,-1.0,2.1016,21.4224,4.1728,27.698,-1,0.0, -> [background only]
frame_001647,-1.0,2.2195,19.7585,4.0338,26.0128,-1,0.0, -> [background only]
frame_001648,-1.0,2.3489,13.5238,4.1779,20.0521,-1,0.0, -> [background only]
frame_001649,-1.0,1.8144,21.9079,4.1831,27.9066,-1,0.0, -> [background only]
frame_001650,-1.0,2.883,19.1186,4.1177,26.1206,-1,0.0, -> [background only]
frame_001651,-1.0,2.0261,13.2558,4.217,19.5001,-1,0.0, -> [background only]
frame_001652,-1.0,2.2568,21.9825,4.2317,28.4722,-1,0.0, -> [background only]
frame_001653,-1.0,1.8139,19.8333,4.2117,25.8601,-1,0.0, -> [background only]
frame_001654,-1.0,1.8364,15.6713,4.1597,21.6689,-1,0.0, -> [background only]
frame_001655,-1.0,2.8718,24.2325,4.0326,31.1381,-1,0.0, -> [background only]
frame_001656,-1.0,1.536,22.2645,4.0818,27.8835,-1,0.0, -> [background only]
frame_001657,-1.0,1.4749,13.0178,4.1765,18.6701,-1,0.0, -> [background only]
frame_001658,-1.0,1.7032,23.6379,4.0038,29.3463,-1,0.0, -> [background only]
frame_001659,-1.0,1.9748,19.9658,4.1452,26.0869,-1,0.0, -> [background only]
frame_001660,-1.0,1.7764,13.2482,4.2267,19.2525,-1,0.0, -> [background only]
frame_001661,-1.0,1.5241,23.516,3.9964,29.0376,-1,0.0, -> [background only]
frame_001662,-1.0,1.6833,19.917,4.0082,25.6096,-1,0.0, -> [background only]
frame_001663,-1.0,1.6113,13.0733,4.064,18.7497,-1,0.0, -> [background only]
frame_001664,-1.0,1.6001,23.944,4.0391,29.5843,-1,0.0, -> [background only]
frame_001665,-1.0,1.7834,19.897,4.2128,25.8944,-1,0.0, -> [background only]
frame_001666,-1.0,1.5951,15.1822,3.9652,20.7439,-1,0.0, -> [background only]
frame_001667,-1.0,2.0087,22.4551,4.0824,28.5476,-1,0.0, -> [background only]
frame_001668,-1.0,1.7623,24.3989,4.0983,30.2607,-1,0.0, -> [background only]
frame_001669,-1.0,1.8148,13.5277,3.54,18.8839,-1,0.0, -> [background only]
frame_001670,-1.0,1.5947,23.9793,3.9936,29.5689,-1,0.0, -> [background only]
frame_001671,-1.0,1.5068,19.6889,4.1548,25.3518,-1,0.0, -> [background only]
frame_001672,-1.0,1.605,13.1715,3.7795,18.557,-1,0.0, -> [background only]
frame_001673,-1.0,1.7334,23.6818,4.0863,29.5025,-1,0.0, -> [background only]
frame_001674,-1.0,1.4641,19.8366,4.1373,25.4393,-1,0.0, -> [background only]
frame_001675,-1.0,1.8846,13.0835,3.7694,18.7384,-1,0.0, -> [background only]
frame_001676,-1.0,1.6326,23.4713,4.1117,29.2167,-1,0.0, -> [background only]
frame_001677,-1.0,1.8239,19.8529,4.1493,25.8273,-1,0.0, -> [background only]
frame_001678,-1.0,1.6205,14.2864,5.1416,21.0497,-1,0.0, -> [background only]
frame_001679,-1.0,1.7657,23.5071,4.0899,29.3641,-1,0.0, -> [background only]
frame_001680,-1.0,1.7062,23.8623,4.1861,29.7562,-1,0.0, -> [background only]
frame_001681,-1.0,1.9782,13.1166,3.7555,18.8516,-1,0.0, -> [background only]
frame_001682,-1.0,1.722,23.0551,4.1753,28.9538,-1,0.0, -> [background only]
frame_001683,-1.0,1.733,19.6062,4.1497,25.4904,-1,0.0, -> [background only]
frame_001684,-1.0,1.5809,17.8853,3.9936,23.4614,-1,0.0, -> [background only]
frame_001685,-1.0,1.6761,23.338,4.0277,29.0431,-1,0.0, -> [background only]
frame_001686,-1.0,1.6868,19.9183,3.8961,25.5027,-1,0.0, -> [background only]
frame_001687,-1.0,1.5966,13.1569,4.162,18.9168,-1,0.0, -> [background only]
frame_001688,-1.0,1.6899,23.5614,4.1587,29.4112,-1,0.0, -> [background only]
frame_001689,-1.0,1.7491,19.6606,4.0344,25.4453,-1,0.0, -> [background only]
frame_001690,-1.0,1.6679,13.308,3.887,18.8641,-1,0.0, -> [background only]
frame_001691,-1.0,1.4879,20.2572,3.7693,25.5157,-1,0.0, -> [background only]
frame_001692,-1.0,1.6771,19.757,4.1146,25.5501,-1,0.0, -> [background only]
frame_001693,-1.0,1.8474,13.1673,4.0908,19.1068,-1,0.0, -> [background only]
frame_001694,-1.0,1.8484,23.0037,3.7502,28.6036,-1,0.0, -> [background only]
frame_001695,-1.0,1.5653,19.7259,3.9439,25.2362,-1,0.0, -> [background only]
