filename,ros_data_age_ms,preprocessing_ms,inference_ms,postprocessing_ms,e2e_ms,class_id,confidence,info
frame_000000,-1.0,1.7122,96.0562,4.1692,101.939,-1,0.0, -> [chair (Right): 10%]
frame_000001,-1.0,1.1501,94.9831,5.5829,101.7179,-1,0.0, -> [chair (Right): 12%]
frame_000002,-1.0,1.4409,95.6053,4.2417,101.2893,-1,0.0, -> [chair (Right): 15%]
frame_000003,-1.0,1.1415,97.8857,4.2109,103.2399,-1,0.0, -> [chair (Right): 13%]
frame_000004,-1.0,1.5486,97.4286,4.2674,103.2461,-1,0.0, -> [chair (Right): 13%]
frame_000005,-1.0,1.5173,95.7493,4.0797,101.3471,-1,0.0, -> [chair (Right): 16%]
frame_000006,-1.0,1.0523,93.4415,4.1266,98.6215,-1,0.0, -> [chair (Right): 12%]
frame_000007,-1.0,1.0803,94.1605,4.129,99.371,-1,0.0, -> [chair (Right): 16%]
frame_000008,-1.0,1.5477,96.9246,4.1875,102.6606,-1,0.0, -> [chair (Right): 16%]
frame_000009,-1.0,1.0616,94.3499,4.227,99.6395,-1,0.0, -> [chair (Right): 15%]
frame_000010,-1.0,1.456,94.1505,4.0554,99.6656,-1,0.0, -> [chair (Right): 15%]
frame_000011,-1.0,1.1707,96.9772,4.0745,102.2235,-1,0.0, -> [chair (Right): 9%]
frame_000012,-1.0,1.1625,94.0532,3.9626,99.1796,-1,0.0, -> [chair (Top-Right): 8%]
frame_000013,-1.0,1.1531,98.1721,4.2607,103.5872,-1,0.0, -> [chair (Top-Right): 8%]
frame_000014,-1.0,1.4821,97.5527,4.1801,103.2162,-1,0.0, -> [chair (Top-Right): 5%]
frame_000015,-1.0,1.4936,96.9094,3.8256,102.2299,-1,0.0, -> [chair (Top-Right): 3%]
frame_000016,-1.0,1.1002,97.0027,3.9096,102.0141,-1,0.0, -> [background only]
frame_000017,-1.0,1.0688,95.6625,4.0087,100.7411,-1,0.0, -> [background only]
frame_000018,-1.0,1.7249,94.0882,4.0126,99.8275,-1,0.0, -> [background only]
frame_000019,-1.0,1.7612,96.7005,4.0149,102.4777,-1,0.0, -> [background only]
frame_000020,-1.0,1.1478,95.2736,4.0456,100.4679,-1,0.0, -> [background only]
frame_000021,-1.0,1.1069,94.6928,4.4697,100.2706,-1,0.0, -> [background only]
frame_000022,-1.0,1.4132,99.1358,3.9257,104.4767,-1,0.0, -> [background only]
frame_000023,-1.0,1.1175,94.9167,5.1277,101.1631,-1,0.0, -> [background only]
frame_000024,-1.0,1.6279,96.1513,3.9427,101.7232,-1,0.0, -> [background only]
frame_000025,-1.0,1.073,92.4178,4.0609,97.5526,-1,0.0, -> [background only]
frame_000026,-1.0,1.1098,96.0496,4.0201,101.1805,-1,0.0, -> [background only]
frame_000027,-1.0,1.1263,97.7247,3.9552,102.8079,-1,0.0, -> [background only]
frame_000028,-1.0,1.1083,95.1515,3.7472,100.0082,-1,0.0, -> [background only]
frame_000029,-1.0,1.1332,95.4204,4.1974,100.7529,-1,0.0, -> [background only]
frame_000030,-1.0,1.5308,96.9894,4.1894,102.7107,-1,0.0, -> [person (Center): 1%]
frame_000031,-1.0,2.5804,96.8401,3.8926,103.3143,-1,0.0, -> [background only]
frame_000032,-1.0,1.6758,95.7457,5.3877,102.8109,-1,0.0, -> [person (Right): 1%]
frame_000033,-1.0,1.2413,96.8904,3.963,102.0959,-1,0.0, -> [background only]
frame_000034,-1.0,1.0797,95.9009,3.9991,100.9808,-1,0.0, -> [background only]
frame_000035,-1.0,1.1719,98.2288,4.1424,103.5445,-1,0.0, -> [car (Top-Left): 1%]
frame_000036,-1.0,1.1345,96.0897,4.0753,101.3017,-1,0.0, -> [background only]
frame_000037,-1.0,1.4422,97.6103,4.3073,103.3607,-1,0.0," -> [car (Top-Left): 1%, person (Right): 1%]"
frame_000038,-1.0,1.1688,94.4659,3.8868,99.5229,-1,0.0, -> [background only]
frame_000039,-1.0,1.1685,95.3199,4.0256,100.5155,-1,0.0, -> [background only]
frame_000040,-1.0,2.0624,95.6251,4.0875,101.7765,-1,0.0, -> [car (Top-Left): 1%]
frame_000041,-1.0,1.5375,97.4625,4.0691,103.0705,-1,0.0, -> [person (Right): 1%]
frame_000042,-1.0,1.1871,95.6196,4.1159,100.9237,-1,0.0, -> [background only]
frame_000043,-1.0,1.3734,95.654,3.9603,100.9888,-1,0.0, -> [background only]
frame_000044,-1.0,1.1953,97.0983,4.1898,102.4847,-1,0.0, -> [background only]
frame_000045,-1.0,1.7096,94.2318,4.1765,100.1191,-1,0.0, -> [background only]
frame_000046,-1.0,2.9882,96.1326,3.9551,103.0772,-1,0.0, -> [background only]
frame_000047,-1.0,2.1687,94.9156,4.0367,101.1224,-1,0.0, -> [background only]
frame_000048,-1.0,1.2983,97.2976,4.0803,102.6782,-1,0.0, -> [background only]
frame_000049,-1.0,1.407,99.0519,4.1805,104.6412,-1,0.0, -> [background only]
frame_000050,-1.0,1.7138,97.4218,4.0354,103.1721,-1,0.0, -> [background only]
frame_000051,-1.0,1.0816,96.949,3.9712,102.0031,-1,0.0, -> [background only]
frame_000052,-1.0,1.1438,96.4322,4.0259,101.6035,-1,0.0, -> [background only]
frame_000053,-1.0,1.1254,94.8983,4.1395,100.1646,-1,0.0, -> [background only]
frame_000054,-1.0,1.1104,96.1995,4.1457,101.4574,-1,0.0, -> [background only]
frame_000055,-1.0,1.3312,96.46,3.7985,101.5918,-1,0.0, -> [background only]
frame_000056,-1.0,1.1227,95.3694,4.0642,100.559,-1,0.0, -> [background only]
frame_000057,-1.0,1.1854,94.5812,4.0982,99.8664,-1,0.0, -> [person (Right): 1%]
frame_000058,-1.0,1.2377,95.7274,4.1064,101.073,-1,0.0, -> [background only]
frame_000059,-1.0,1.471,95.4213,3.6192,100.5131,-1,0.0, -> [background only]
frame_000060,-1.0,1.1308,98.7345,4.1999,104.0676,-1,0.0, -> [background only]
frame_000061,-1.0,1.3439,96.9596,4.04,102.3449,-1,0.0, -> [background only]
frame_000062,-1.0,1.1001,93.2837,4.0408,98.4264,-1,0.0, -> [background only]
frame_000063,-1.0,1.6723,96.4197,3.9739,102.0671,-1,0.0, -> [background only]
frame_000064,-1.0,1.8741,95.8293,3.9923,101.6975,-1,0.0, -> [background only]
frame_000065,-1.0,1.3653,96.709,4.1185,102.1949,-1,0.0, -> [background only]
frame_000066,-1.0,1.481,101.7624,4.0656,107.3109,-1,0.0, -> [background only]
frame_000067,-1.0,1.5238,96.0236,3.8205,101.3694,-1,0.0, -> [background only]
frame_000068,-1.0,1.2546,98.4706,4.0441,103.7713,-1,0.0, -> [background only]
frame_000069,-1.0,1.3282,97.7272,4.0118,103.0685,-1,0.0, -> [background only]
frame_000070,-1.0,1.1783,91.8956,3.9146,96.9896,-1,0.0, -> [background only]
frame_000071,-1.0,1.1612,98.0485,4.2186,103.4306,-1,0.0, -> [background only]
frame_000072,-1.0,1.4696,97.2461,3.9577,102.6746,-1,0.0, -> [background only]
frame_000073,-1.0,1.1099,93.0071,3.9381,98.057,-1,0.0, -> [background only]
frame_000074,-1.0,1.1443,96.7109,3.9343,101.7906,-1,0.0, -> [background only]
frame_000075,-1.0,1.1694,96.6391,4.2835,102.094,-1,0.0," -> [chair (Top-Left): 5%, tvmonitor (Top-Right): 3%]"
frame_000076,-1.0,1.5166,97.853,4.2117,103.5826,-1,0.0, -> [chair (Top-Left): 11%]
frame_000077,-1.0,1.1897,96.4573,4.2103,101.8594,-1,0.0, -> [chair (Top-Left): 10%]
frame_000078,-1.0,1.4593,95.1635,4.2561,100.8803,-1,0.0," -> [chair (Left): 14%, diningtable (Left): 2%]"
frame_000079,-1.0,1.1973,95.2549,4.3235,100.7771,-1,0.0," -> [car (Top-Right): 1%, chair (Center): 17%, diningtable (Left): 2%]"
frame_000080,-1.0,1.1273,95.4265,4.2268,100.7817,-1,0.0," -> [car (Top-Right): 2%, chair (Top): 16%, diningtable (Left): 2%]"
frame_000081,-1.0,1.1361,96.7908,4.23,102.1582,-1,0.0," -> [chair (Center): 16%, diningtable (Left): 2%]"
frame_000082,-1.0,1.143,95.37,4.197,100.7113,-1,0.0, -> [chair (Center): 17%]
frame_000083,-1.0,1.5756,97.981,4.3288,103.8866,-1,0.0," -> [chair (Top): 12%, diningtable (Left): 1%, tvmonitor (Top-Left): 1%]"
frame_000084,-1.0,1.1041,93.667,4.2323,99.005,-1,0.0," -> [chair (Top): 13%, tvmonitor (Top-Left): 2%]"
frame_000085,-1.0,1.484,97.2511,4.1216,102.8581,-1,0.0," -> [chair (Center): 18%, tvmonitor (Top-Left): 2%]"
frame_000086,-1.0,1.1527,95.1318,4.2154,100.501,-1,0.0," -> [chair (Top-Right): 13%, diningtable (Center): 2%, tvmonitor (Top-Left): 2%]"
frame_000087,-1.0,1.713,100.1214,4.2884,106.1242,-1,0.0," -> [chair (Top-Right): 12%, diningtable (Center): 2%, tvmonitor (Top-Left): 3%]"
frame_000088,-1.0,1.3233,99.3097,4.3878,105.023,-1,0.0," -> [chair (Top-Right): 13%, tvmonitor (Top-Left): 2%]"
frame_000089,-1.0,1.3042,96.0195,4.2109,101.5364,-1,0.0," -> [chair (Right): 20%, tvmonitor (Top-Left): 2%]"
frame_000090,-1.0,1.1783,96.473,4.3023,101.9554,-1,0.0," -> [chair (Right): 19%, tvmonitor (Top): 2%]"
frame_000091,-1.0,1.0808,93.9334,4.2779,99.2942,-1,0.0," -> [chair (Right): 21%, diningtable (Right): 1%, tvmonitor (Top): 3%]"
frame_000092,-1.0,1.2147,97.8238,4.1811,103.221,-1,0.0," -> [chair (Right): 13%, diningtable (Right): 5%, tvmonitor (Top): 3%]"
frame_000093,-1.0,1.1642,95.9802,4.4719,101.6176,-1,0.0," -> [chair (Right): 14%, diningtable (Right): 4%, tvmonitor (Top): 2%]"
frame_000094,-1.0,1.558,98.8555,4.4037,104.819,-1,0.0," -> [chair (Right): 10%, diningtable (Right): 4%, tvmonitor (Top): 1%]"
frame_000095,-1.0,1.5068,95.5364,4.2094,101.2541,-1,0.0," -> [chair (Top-Right): 2%, diningtable (Right): 5%, tvmonitor (Top): 2%]"
frame_000096,-1.0,1.086,96.5663,4.1933,101.8467,-1,0.0," -> [chair (Top-Right): 2%, diningtable (Right): 2%, tvmonitor (Top): 2%]"
frame_000097,-1.0,1.0536,94.2161,4.1145,99.3858,-1,0.0," -> [chair (Top-Left): 2%, tvmonitor (Top): 2%]"
frame_000098,-1.0,1.517,96.8861,4.4449,102.8494,-1,0.0," -> [chair (Top-Left): 1%, tvmonitor (Top): 2%]"
frame_000099,-1.0,1.1757,96.3256,4.3093,101.8129,-1,0.0," -> [chair (Top): 1%, tvmonitor (Top-Right): 2%]"
frame_000100,-1.0,1.5626,95.3841,5.4329,102.3816,-1,0.0, -> [background only]
frame_000101,-1.0,1.2571,97.9272,4.3194,103.5061,-1,0.0," -> [chair (Top): 1%, tvmonitor (Top-Right): 2%]"
frame_000102,-1.0,1.4547,98.3999,4.2668,104.1224,-1,0.0," -> [chair (Top): 1%, tvmonitor (Top-Right): 1%]"
frame_000103,-1.0,1.1244,91.9338,3.832,96.892,-1,0.0, -> [chair (Top): 2%]
frame_000104,-1.0,1.1076,98.6616,4.1465,103.9175,-1,0.0, -> [chair (Center): 4%]
frame_000105,-1.0,3.5276,95.2648,4.0383,102.8327,-1,0.0, -> [chair (Center): 6%]
frame_000106,-1.0,1.3161,96.5928,3.9395,101.8498,-1,0.0, -> [chair (Center): 6%]
frame_000107,-1.0,1.1216,97.0428,4.1424,102.3082,-1,0.0, -> [chair (Right): 4%]
frame_000108,-1.0,1.1155,97.6135,4.0944,102.8247,-1,0.0, -> [chair (Top-Right): 2%]
frame_000109,-1.0,2.029,95.1946,4.0689,101.2937,-1,0.0, -> [chair (Top-Right): 2%]
frame_000110,-1.0,2.0102,97.0732,4.2598,103.3449,-1,0.0, -> [chair (Top-Right): 3%]
frame_000111,-1.0,2.2537,96.4498,4.0398,102.7444,-1,0.0, -> [chair (Top-Right): 2%]
frame_000112,-1.0,2.336,93.5243,4.0016,99.8634,-1,0.0, -> [chair (Top-Right): 1%]
frame_000113,-1.0,1.923,97.9854,4.232,104.1421,-1,0.0, -> [chair (Top-Right): 1%]
frame_000114,-1.0,2.4192,94.726,4.0344,101.1814,-1,0.0, -> [background only]
frame_000115,-1.0,2.1609,98.9563,3.9805,105.0992,-1,0.0, -> [background only]
frame_000116,-1.0,2.4931,95.6416,4.0323,102.1686,-1,0.0, -> [background only]
frame_000117,-1.0,1.7376,98.452,3.944,104.1346,-1,0.0, -> [background only]
frame_000118,-1.0,1.2161,94.1531,4.1803,99.5522,-1,0.0, -> [background only]
frame_000119,-1.0,1.7037,96.3859,4.8759,102.968,-1,0.0, -> [background only]
frame_000120,-1.0,1.2679,95.5082,4.0412,100.8195,-1,0.0, -> [background only]
frame_000121,-1.0,1.5781,97.3765,3.8195,102.7754,-1,0.0, -> [background only]
frame_000122,-1.0,1.263,98.4547,3.937,103.656,-1,0.0, -> [background only]
frame_000123,-1.0,2.1147,98.5893,3.989,104.6947,-1,0.0, -> [background only]
frame_000124,-1.0,4.5007,96.0193,3.919,104.4409,-1,0.0, -> [background only]
frame_000125,-1.0,1.9305,95.5821,3.9343,101.4481,-1,0.0, -> [background only]
frame_000126,-1.0,1.3236,95.5652,3.9118,100.8018,-1,0.0, -> [background only]
frame_000127,-1.0,1.0761,95.4493,3.9883,100.515,-1,0.0, -> [background only]
frame_000128,-1.0,1.1477,96.786,4.2264,102.1616,-1,0.0, -> [background only]
frame_000129,-1.0,1.6032,95.0667,4.0251,100.6966,-1,0.0, -> [background only]
frame_000130,-1.0,1.5205,96.4396,3.9484,101.9098,-1,0.0, -> [background only]
frame_000131,-1.0,1.1371,95.1507,3.9389,100.2279,-1,0.0, -> [background only]
frame_000132,-1.0,2.0703,95.101,4.0078,101.1808,-1,0.0, -> [background only]
frame_000133,-1.0,1.3488,95.9007,3.9492,101.2001,-1,0.0, -> [background only]
frame_000134,-1.0,1.1521,95.3012,3.9361,100.3907,-1,0.0, -> [background only]
frame_000135,-1.0,2.2851,98.1632,3.9156,104.3654,-1,0.0, -> [background only]
frame_000136,-1.0,1.329,97.078,3.7746,102.1829,-1,0.0, -> [background only]
frame_000137,-1.0,1.9963,97.2157,3.9112,103.1244,-1,0.0, -> [background only]
frame_000138,-1.0,1.27,98.1154,4.137,103.5244,-1,0.0, -> [background only]
frame_000139,-1.0,1.1032,97.7552,3.9524,102.8123,-1,0.0, -> [background only]
frame_000140,-1.0,1.155,95.857,4.1013,101.1147,-1,0.0, -> [background only]
frame_000141,-1.0,1.7181,97.6874,3.9726,103.3795,-1,0.0, -> [background only]
frame_000142,-1.0,1.2839,94.0433,3.9826,99.3114,-1,0.0, -> [background only]
frame_000143,-1.0,1.5653,96.8969,3.9623,102.4257,-1,0.0, -> [background only]
frame_000144,-1.0,1.1593,93.6111,4.0686,98.8406,-1,0.0, -> [background only]
frame_000145,-1.0,1.4677,97.4708,4.1509,103.0906,-1,0.0, -> [background only]
frame_000146,-1.0,2.5446,95.8454,3.9816,102.3728,-1,0.0, -> [background only]
frame_000147,-1.0,1.3195,97.4821,4.0277,102.8309,-1,0.0, -> [background only]
frame_000148,-1.0,1.3575,96.3134,3.8627,101.5348,-1,0.0, -> [background only]
frame_000149,-1.0,2.0151,92.9707,3.9707,98.9578,-1,0.0, -> [background only]
frame_000150,-1.0,1.2985,97.7766,3.9905,103.0669,-1,0.0, -> [background only]
frame_000151,-1.0,1.0803,95.3564,4.1457,100.5839,-1,0.0, -> [background only]
frame_000152,-1.0,1.6229,97.5731,3.9611,103.1584,-1,0.0, -> [background only]
frame_000153,-1.0,1.1352,93.9804,4.1196,99.237,-1,0.0, -> [background only]
frame_000154,-1.0,1.5477,95.5911,4.0099,101.1498,-1,0.0, -> [background only]
frame_000155,-1.0,1.1534,94.0716,4.0537,99.2805,-1,0.0, -> [background only]
frame_000156,-1.0,1.1522,96.719,4.8848,102.7581,-1,0.0, -> [background only]
frame_000157,-1.0,1.2077,96.8801,4.0055,102.0951,-1,0.0, -> [background only]
frame_000158,-1.0,1.1191,92.9678,3.9349,98.0233,-1,0.0, -> [background only]
frame_000159,-1.0,1.1321,97.6981,3.907,102.7386,-1,0.0, -> [background only]
frame_000160,-1.0,1.0904,96.0621,3.9467,101.1009,-1,0.0, -> [background only]
frame_000161,-1.0,1.8076,96.3346,4.1509,102.2943,-1,0.0, -> [background only]
frame_000162,-1.0,1.2954,94.8994,3.9669,100.1633,-1,0.0, -> [background only]
frame_000163,-1.0,1.1323,96.0391,3.9553,101.1281,-1,0.0, -> [background only]
frame_000164,-1.0,1.1276,96.5775,3.8869,101.5935,-1,0.0, -> [background only]
frame_000165,-1.0,1.1232,95.5591,3.8824,100.5661,-1,0.0, -> [background only]
frame_000166,-1.0,1.1319,96.7163,3.8876,101.7379,-1,0.0, -> [background only]
frame_000167,-1.0,1.1362,97.2139,4.1018,102.4534,-1,0.0, -> [background only]
frame_000168,-1.0,1.2041,94.3497,3.9777,99.5336,-1,0.0, -> [background only]
frame_000169,-1.0,1.1457,97.5493,3.9331,102.6296,-1,0.0, -> [background only]
frame_000170,-1.0,1.1715,97.3022,3.9954,102.4706,-1,0.0, -> [background only]
frame_000171,-1.0,1.1065,95.4284,3.9643,100.5003,-1,0.0, -> [background only]
frame_000172,-1.0,1.0883,97.5039,3.8791,102.4726,-1,0.0, -> [background only]
frame_000173,-1.0,1.2005,98.5048,3.9333,103.6401,-1,0.0, -> [background only]
frame_000174,-1.0,1.1219,95.3965,3.9893,100.5089,-1,0.0, -> [background only]
frame_000175,-1.0,1.0646,96.8755,3.8998,101.8411,-1,0.0, -> [background only]
frame_000176,-1.0,1.132,94.085,4.2575,99.4758,-1,0.0, -> [background only]
frame_000177,-1.0,1.0913,92.5236,4.0521,97.6686,-1,0.0, -> [background only]
frame_000178,-1.0,1.3403,100.2711,4.095,105.7078,-1,0.0, -> [background only]
frame_000179,-1.0,1.1646,94.5985,3.7649,99.5294,-1,0.0, -> [background only]
frame_000180,-1.0,1.0779,96.2059,3.9907,101.2765,-1,0.0, -> [background only]
frame_000181,-1.0,1.1107,95.1955,4.02,100.3273,-1,0.0, -> [background only]
frame_000182,-1.0,1.1044,96.3034,3.9633,101.3723,-1,0.0, -> [background only]
frame_000183,-1.0,1.1442,96.3625,3.8673,101.3755,-1,0.0, -> [background only]
frame_000184,-1.0,1.0848,93.9982,3.7453,98.8293,-1,0.0, -> [background only]
frame_000185,-1.0,1.1582,97.8917,3.7806,102.8316,-1,0.0, -> [background only]
frame_000186,-1.0,1.1563,94.1521,3.8872,99.1967,-1,0.0, -> [background only]
frame_000187,-1.0,1.1174,95.6839,4.072,100.8748,-1,0.0, -> [background only]
frame_000188,-1.0,1.1855,94.8266,3.8813,99.8949,-1,0.0, -> [background only]
frame_000189,-1.0,1.1273,98.5669,4.129,103.8249,-1,0.0, -> [background only]
frame_000190,-1.0,3.9942,93.1373,3.9789,101.1122,-1,0.0, -> [background only]
frame_000191,-1.0,1.3457,95.7174,4.0213,101.0856,-1,0.0, -> [background only]
frame_000192,-1.0,1.1513,97.8548,3.8299,102.8372,-1,0.0, -> [background only]
frame_000193,-1.0,1.0619,98.0358,3.959,103.0583,-1,0.0, -> [background only]
frame_000194,-1.0,1.1337,98.5099,3.9274,103.5721,-1,0.0, -> [background only]
frame_000195,-1.0,1.1014,94.8512,3.9873,99.9414,-1,0.0, -> [background only]
frame_000196,-1.0,1.4958,96.3272,3.9785,101.8026,-1,0.0, -> [background only]
frame_000197,-1.0,1.4514,92.2425,3.9972,97.6925,-1,0.0, -> [background only]
frame_000198,-1.0,1.1363,98.682,4.0188,103.8386,-1,0.0, -> [background only]
frame_000199,-1.0,1.1716,95.6851,4.0307,100.8892,-1,0.0, -> [background only]
frame_000200,-1.0,1.4695,97.5399,4.1014,103.1124,-1,0.0, -> [background only]
frame_000201,-1.0,1.183,95.9485,3.9942,101.1267,-1,0.0, -> [background only]
frame_000202,-1.0,1.5941,96.1969,4.0239,101.8161,-1,0.0, -> [background only]
frame_000203,-1.0,2.798,96.1117,4.0151,102.9262,-1,0.0, -> [background only]
frame_000204,-1.0,1.513,97.4875,3.935,102.9367,-1,0.0, -> [background only]
frame_000205,-1.0,1.1123,95.8423,3.9506,100.9066,-1,0.0, -> [background only]
frame_000206,-1.0,1.1102,96.3388,3.8795,101.3297,-1,0.0, -> [background only]
frame_000207,-1.0,1.1232,96.73,3.9007,101.7551,-1,0.0, -> [background only]
frame_000208,-1.0,1.1026,95.942,3.8646,100.9111,-1,0.0, -> [background only]
frame_000209,-1.0,1.5221,96.7432,3.8874,102.1543,-1,0.0, -> [background only]
frame_000210,-1.0,1.1598,94.9795,3.9769,100.1185,-1,0.0, -> [background only]
frame_000211,-1.0,2.2326,96.0079,3.759,102.0017,-1,0.0, -> [background only]
frame_000212,-1.0,2.5663,98.0165,4.058,104.6433,-1,0.0, -> [background only]
frame_000213,-1.0,1.6424,99.9806,4.0776,105.7021,-1,0.0, -> [background only]
frame_000214,-1.0,1.1309,95.7682,3.8777,100.7785,-1,0.0, -> [background only]
frame_000215,-1.0,1.0924,93.6528,3.9063,98.6534,-1,0.0, -> [background only]
frame_000216,-1.0,1.1697,99.3992,3.6698,104.2401,-1,0.0, -> [background only]
frame_000217,-1.0,1.0844,95.4144,4.0359,100.5365,-1,0.0, -> [background only]
frame_000218,-1.0,1.3562,98.0199,4.0281,103.4055,-1,0.0, -> [background only]
frame_000219,-1.0,1.067,98.7303,3.9234,103.7218,-1,0.0, -> [background only]
frame_000220,-1.0,1.1098,97.7297,3.8908,102.7316,-1,0.0, -> [background only]
frame_000221,-1.0,1.0645,96.8231,4.03,101.9191,-1,0.0, -> [background only]
frame_000222,-1.0,1.5493,96.1739,3.67,101.3943,-1,0.0, -> [background only]
frame_000223,-1.0,1.0969,96.1784,4.0128,101.2892,-1,0.0, -> [background only]
frame_000224,-1.0,1.4868,97.8181,3.9998,103.3058,-1,0.0, -> [background only]
frame_000225,-1.0,1.1073,93.9814,3.8869,98.9765,-1,0.0, -> [background only]
frame_000226,-1.0,2.0479,98.6791,4.0071,104.735,-1,0.0, -> [background only]
frame_000227,-1.0,2.9472,95.652,3.8571,102.4576,-1,0.0, -> [background only]
frame_000228,-1.0,2.2945,97.1269,4.0692,103.4918,-1,0.0, -> [background only]
frame_000229,-1.0,1.3458,94.7059,3.9387,99.9916,-1,0.0, -> [background only]
frame_000230,-1.0,1.1319,95.3117,3.9735,100.4189,-1,0.0, -> [background only]
frame_000231,-1.0,1.2072,97.0129,3.8669,102.0883,-1,0.0, -> [background only]
frame_000232,-1.0,1.1273,95.2493,3.9562,100.3346,-1,0.0, -> [background only]
frame_000233,-1.0,1.1472,95.7286,3.9416,100.8186,-1,0.0, -> [background only]
frame_000234,-1.0,1.1375,92.9268,3.9599,98.0255,-1,0.0, -> [background only]
frame_000235,-1.0,1.2283,97.9514,3.8922,103.0734,-1,0.0, -> [background only]
frame_000236,-1.0,1.1747,93.9103,3.7956,98.8822,-1,0.0, -> [background only]
frame_000237,-1.0,2.0935,97.0462,3.9712,103.1126,-1,0.0, -> [background only]
frame_000238,-1.0,1.3671,95.6655,3.8854,100.9196,-1,0.0, -> [background only]
frame_000239,-1.0,1.0603,96.2558,4.0104,101.3283,-1,0.0, -> [background only]
frame_000240,-1.0,1.1035,100.4039,3.7108,105.2201,-1,0.0, -> [background only]
frame_000241,-1.0,1.1386,97.1241,3.9754,102.2401,-1,0.0, -> [background only]
frame_000242,-1.0,1.4327,98.9504,4.0576,104.4422,-1,0.0, -> [background only]
frame_000243,-1.0,1.121,97.6055,4.0417,102.7695,-1,0.0, -> [background only]
frame_000244,-1.0,1.55,100.2389,3.9837,105.7741,-1,0.0, -> [background only]
frame_000245,-1.0,2.0933,97.6437,3.9708,103.7088,-1,0.0, -> [background only]
frame_000246,-1.0,2.1876,98.0796,3.9174,104.1859,-1,0.0, -> [background only]
frame_000247,-1.0,2.427,97.9377,3.8904,104.2563,-1,0.0, -> [background only]
frame_000248,-1.0,2.0414,98.0176,3.9807,104.0414,-1,0.0, -> [background only]
frame_000249,-1.0,2.681,95.7975,4.0181,102.4981,-1,0.0, -> [background only]
frame_000250,-1.0,1.9867,96.3399,3.8906,102.2186,-1,0.0, -> [background only]
frame_000251,-1.0,1.9637,95.8831,3.9952,101.8433,-1,0.0, -> [background only]
frame_000252,-1.0,2.0945,97.6502,3.8072,103.5532,-1,0.0, -> [background only]
frame_000253,-1.0,2.197,94.3089,3.8931,100.4006,-1,0.0, -> [background only]
frame_000254,-1.0,2.6005,97.8752,4.0859,104.5628,-1,0.0, -> [background only]
frame_000255,-1.0,2.8106,96.7808,4.0868,103.6801,-1,0.0, -> [background only]
frame_000256,-1.0,1.9286,97.4255,3.9491,103.3046,-1,0.0, -> [background only]
frame_000257,-1.0,2.0833,96.6103,3.9911,102.6861,-1,0.0, -> [background only]
frame_000258,-1.0,1.9682,98.3181,3.9773,104.2652,-1,0.0, -> [background only]
frame_000259,-1.0,2.5166,93.9221,3.8602,100.3003,-1,0.0, -> [background only]
frame_000260,-1.0,2.2969,99.1914,4.0457,105.5354,-1,0.0, -> [background only]
frame_000261,-1.0,2.5604,96.9396,4.0558,103.5577,-1,0.0, -> [background only]
frame_000262,-1.0,2.3307,95.9144,3.9481,102.1947,-1,0.0, -> [background only]
frame_000263,-1.0,1.985,98.3015,4.0016,104.2899,-1,0.0, -> [background only]
frame_000264,-1.0,2.1008,97.526,4.9046,104.5328,-1,0.0, -> [background only]
frame_000265,-1.0,3.2497,97.0464,3.958,104.2561,-1,0.0, -> [background only]
frame_000266,-1.0,1.9632,92.7876,3.9212,98.6734,-1,0.0, -> [background only]
frame_000267,-1.0,2.6503,98.7339,3.8388,105.2241,-1,0.0, -> [background only]
frame_000268,-1.0,2.9631,96.4989,4.1873,103.6507,-1,0.0, -> [background only]
frame_000269,-1.0,2.5515,99.2755,3.9293,105.7578,-1,0.0, -> [background only]
frame_000270,-1.0,1.9151,93.3715,3.9157,99.2037,-1,0.0, -> [background only]
frame_000271,-1.0,2.2083,97.8166,3.8994,103.9257,-1,0.0, -> [background only]
frame_000272,-1.0,2.2338,98.2606,3.8978,104.3934,-1,0.0, -> [background only]
frame_000273,-1.0,2.3083,100.2352,3.8857,106.4305,-1,0.0, -> [background only]
frame_000274,-1.0,2.6297,96.3763,3.9686,102.9756,-1,0.0, -> [background only]
frame_000275,-1.0,2.2598,101.1869,3.9299,107.3779,-1,0.0, -> [background only]
frame_000276,-1.0,1.3277,96.3129,4.0121,101.6538,-1,0.0, -> [background only]
frame_000277,-1.0,1.1138,99.0854,3.8588,104.0592,-1,0.0, -> [background only]
frame_000278,-1.0,1.1387,97.4222,3.9547,102.517,-1,0.0, -> [background only]
frame_000279,-1.0,1.175,97.3993,3.876,102.4516,-1,0.0, -> [background only]
frame_000280,-1.0,1.7029,97.2083,3.9382,102.8643,-1,0.0, -> [background only]
frame_000281,-1.0,1.0888,93.3195,3.9581,98.3676,-1,0.0, -> [background only]
frame_000282,-1.0,1.1053,95.7433,4.0106,100.8606,-1,0.0, -> [background only]
frame_000283,-1.0,1.9862,98.5022,3.8632,104.3532,-1,0.0, -> [background only]
frame_000284,-1.0,2.3082,96.1069,3.9576,102.3745,-1,0.0, -> [background only]
frame_000285,-1.0,1.3336,97.5478,4.0723,102.9551,-1,0.0, -> [background only]
frame_000286,-1.0,1.2259,97.3063,4.0453,102.5801,-1,0.0, -> [background only]
frame_000287,-1.0,1.6505,98.6344,3.9723,104.2583,-1,0.0, -> [background only]
frame_000288,-1.0,1.2303,100.1473,3.9555,105.3352,-1,0.0, -> [background only]
frame_000289,-1.0,1.1138,97.9364,4.0876,103.1392,-1,0.0, -> [background only]
frame_000290,-1.0,1.4396,98.3704,4.0572,103.8691,-1,0.0, -> [background only]
frame_000291,-1.0,1.4851,96.3361,4.0877,101.9102,-1,0.0, -> [background only]
frame_000292,-1.0,1.1118,95.3532,3.9861,100.4523,-1,0.0, -> [background only]
frame_000293,-1.0,1.1387,97.8805,3.9395,102.96,-1,0.0, -> [background only]
frame_000294,-1.0,1.1215,99.46,3.8935,104.4764,-1,0.0, -> [background only]
frame_000295,-1.0,1.126,97.6531,4.0993,102.8801,-1,0.0, -> [background only]
frame_000296,-1.0,1.311,97.3696,3.9898,102.6715,-1,0.0, -> [background only]
frame_000297,-1.0,1.1085,96.7202,3.9784,101.8083,-1,0.0, -> [background only]
frame_000298,-1.0,1.1212,98.5318,4.0442,103.6982,-1,0.0, -> [background only]
frame_000299,-1.0,1.1416,94.1363,4.1857,99.466,-1,0.0, -> [background only]
frame_000300,-1.0,1.4292,94.1247,4.0178,99.573,-1,0.0, -> [background only]
frame_000301,-1.0,1.1262,96.2127,4.029,101.3694,-1,0.0, -> [background only]
frame_000302,-1.0,1.4668,98.1667,4.0631,103.6976,-1,0.0, -> [background only]
frame_000303,-1.0,1.1452,96.3319,4.0931,101.5718,-1,0.0, -> [background only]
frame_000304,-1.0,1.5882,98.0676,4.1869,103.8444,-1,0.0, -> [background only]
frame_000305,-1.0,1.2137,96.5451,4.0412,101.8018,-1,0.0, -> [background only]
frame_000306,-1.0,1.1545,97.873,4.7286,103.7579,-1,0.0, -> [background only]
frame_000307,-1.0,1.216,95.7834,3.8766,100.8777,-1,0.0, -> [background only]
frame_000308,-1.0,2.0885,96.8851,4.0101,102.9852,-1,0.0, -> [background only]
frame_000309,-1.0,1.7106,100.8627,4.0907,106.666,-1,0.0, -> [background only]
frame_000310,-1.0,2.0337,100.0506,3.8602,105.9459,-1,0.0, -> [background only]
frame_000311,-1.0,3.9725,94.2509,4.0797,102.3047,-1,0.0, -> [background only]
frame_000312,-1.0,1.3176,96.6855,3.8988,101.9031,-1,0.0, -> [background only]
frame_000313,-1.0,1.1245,100.4824,3.8649,105.4729,-1,0.0, -> [background only]
frame_000314,-1.0,1.0437,98.3261,3.9505,103.3215,-1,0.0, -> [background only]
frame_000315,-1.0,1.1272,98.077,3.8492,103.0545,-1,0.0, -> [background only]
frame_000316,-1.0,1.0701,95.077,3.9135,100.0619,-1,0.0, -> [background only]
frame_000317,-1.0,1.1162,96.485,3.9954,101.5978,-1,0.0, -> [background only]
frame_000318,-1.0,1.1035,95.161,4.1423,100.4084,-1,0.0, -> [background only]
frame_000319,-1.0,2.4994,100.8772,3.9693,107.3474,-1,0.0, -> [background only]
frame_000320,-1.0,1.347,96.2153,4.1049,101.6688,-1,0.0, -> [background only]
frame_000321,-1.0,1.4327,102.4729,4.1134,108.0206,-1,0.0, -> [background only]
frame_000322,-1.0,1.1811,96.655,4.0245,101.8621,-1,0.0, -> [background only]
frame_000323,-1.0,1.0938,96.7047,3.9894,101.7888,-1,0.0, -> [background only]
frame_000324,-1.0,1.8393,94.2853,3.9957,100.1216,-1,0.0, -> [background only]
frame_000325,-1.0,1.431,97.4386,4.2319,103.1029,-1,0.0, -> [background only]
frame_000326,-1.0,1.1275,93.9839,4.0759,99.1892,-1,0.0, -> [background only]
frame_000327,-1.0,1.0653,95.7673,3.9792,100.8132,-1,0.0, -> [background only]
frame_000328,-1.0,3.8363,96.809,3.8192,104.4659,-1,0.0, -> [background only]
frame_000329,-1.0,2.166,99.2623,4.0298,105.4596,-1,0.0, -> [background only]
frame_000330,-1.0,3.6792,98.9356,3.9525,106.569,-1,0.0, -> [background only]
frame_000331,-1.0,2.0481,98.1841,4.0085,104.2426,-1,0.0, -> [background only]
frame_000332,-1.0,2.1447,98.4982,3.9716,104.616,-1,0.0, -> [background only]
frame_000333,-1.0,1.3254,98.4706,3.9095,103.7067,-1,0.0, -> [background only]
frame_000334,-1.0,1.1376,101.3764,4.0926,106.6084,-1,0.0, -> [background only]
frame_000335,-1.0,1.38,96.541,3.9388,101.8613,-1,0.0, -> [background only]
frame_000336,-1.0,3.3088,97.5708,3.8853,104.7666,-1,0.0, -> [background only]
frame_000337,-1.0,1.1553,97.6945,3.9721,102.8234,-1,0.0, -> [background only]
frame_000338,-1.0,1.2489,98.0357,3.9695,103.2553,-1,0.0, -> [background only]
frame_000339,-1.0,1.1209,97.251,4.0245,102.398,-1,0.0, -> [background only]
frame_000340,-1.0,1.1008,97.3015,3.9672,102.3707,-1,0.0, -> [background only]
frame_000341,-1.0,1.0723,97.8743,4.152,103.1001,-1,0.0, -> [background only]
frame_000342,-1.0,1.3757,99.5134,4.032,104.9222,-1,0.0, -> [background only]
frame_000343,-1.0,1.2044,96.0373,3.9371,101.1799,-1,0.0, -> [background only]
frame_000344,-1.0,1.0947,98.0293,3.6616,102.7867,-1,0.0, -> [background only]
frame_000345,-1.0,1.1203,96.6777,4.0289,101.828,-1,0.0, -> [background only]
frame_000346,-1.0,1.4477,97.5919,3.9824,103.0233,-1,0.0, -> [background only]
frame_000347,-1.0,1.1143,96.8306,4.0456,101.9928,-1,0.0, -> [background only]
frame_000348,-1.0,1.5499,99.4484,3.9362,104.9357,-1,0.0, -> [background only]
frame_000349,-1.0,1.3593,95.5385,4.029,100.9278,-1,0.0, -> [background only]
frame_000350,-1.0,1.1591,98.5361,4.0872,103.7838,-1,0.0, -> [background only]
frame_000351,-1.0,1.0872,98.2598,3.9429,103.2912,-1,0.0, -> [background only]
frame_000352,-1.0,1.1237,97.1157,4.0036,102.2445,-1,0.0, -> [background only]
frame_000353,-1.0,1.1698,98.5344,4.0308,103.7376,-1,0.0, -> [background only]
frame_000354,-1.0,1.4233,95.6553,4.8637,101.9442,-1,0.0, -> [background only]
frame_000355,-1.0,1.3022,97.7124,3.9455,102.9617,-1,0.0, -> [background only]
frame_000356,-1.0,1.1362,96.3735,3.929,101.4405,-1,0.0, -> [background only]
frame_000357,-1.0,3.4232,98.7349,3.9545,106.1143,-1,0.0, -> [background only]
frame_000358,-1.0,1.1519,97.6079,3.9527,102.7142,-1,0.0, -> [background only]
frame_000359,-1.0,1.1749,99.2468,3.9339,104.3565,-1,0.0, -> [background only]
frame_000360,-1.0,1.0922,96.609,3.9973,101.6997,-1,0.0, -> [background only]
frame_000361,-1.0,1.1325,97.9925,4.1553,103.282,-1,0.0, -> [bicycle (Right): 5%]
frame_000362,-1.0,1.0978,96.1919,4.2716,101.5631,-1,0.0, -> [bicycle (Right): 11%]
frame_000363,-1.0,1.4317,99.6748,4.1697,105.2782,-1,0.0, -> [chair (Right): 4%]
frame_000364,-1.0,1.1276,94.766,4.2069,100.1018,-1,0.0, -> [chair (Center): 4%]
frame_000365,-1.0,1.5716,97.222,4.1191,102.9144,-1,0.0, -> [chair (Right): 10%]
frame_000366,-1.0,1.1378,95.698,4.189,101.0264,-1,0.0, -> [chair (Right): 15%]
frame_000367,-1.0,2.5886,97.4483,3.9903,104.0283,-1,0.0, -> [chair (Right): 17%]
frame_000368,-1.0,1.3297,93.1683,4.1597,98.6596,-1,0.0, -> [chair (Center): 4%]
frame_000369,-1.0,1.2358,101.258,4.1685,106.6639,-1,0.0, -> [chair (Center): 9%]
frame_000370,-1.0,1.6254,96.0413,4.1632,101.8312,-1,0.0, -> [chair (Bottom-Right): 2%]
frame_000371,-1.0,1.1296,100.8638,4.1319,106.1268,-1,0.0, -> [bicycle (Top): 1%]
frame_000372,-1.0,1.2314,97.8186,4.2274,103.2787,-1,0.0," -> [bicycle (Top-Right): 8%, chair (Center): 1%]"
frame_000373,-1.0,1.1421,99.5009,4.0625,104.7064,-1,0.0," -> [aeroplane (Top): 1%, bicycle (Top): 1%]"
frame_000374,-1.0,1.1257,95.7222,4.0961,100.9453,-1,0.0, -> [aeroplane (Top): 2%]
frame_000375,-1.0,1.8225,97.0875,4.8435,103.7553,-1,0.0, -> [background only]
frame_000376,-1.0,1.784,98.6721,4.0242,104.4826,-1,0.0, -> [background only]
frame_000377,-1.0,1.3255,94.4993,4.3154,100.1415,-1,0.0, -> [aeroplane (Top): 4%]
frame_000378,-1.0,1.1914,101.3798,4.0326,106.6056,-1,0.0, -> [background only]
frame_000379,-1.0,1.1152,98.4086,4.0902,103.6158,-1,0.0, -> [bicycle (Top-Left): 4%]
frame_000380,-1.0,2.1034,98.1452,3.8909,104.141,-1,0.0, -> [aeroplane (Top-Right): 6%]
frame_000381,-1.0,2.3163,96.9833,4.1655,103.4668,-1,0.0, -> [bicycle (Top-Left): 1%]
frame_000382,-1.0,3.6981,96.9545,3.7904,104.4446,-1,0.0, -> [background only]
frame_000383,-1.0,1.9154,99.2566,3.9816,105.1553,-1,0.0, -> [person (Top): 1%]
frame_000384,-1.0,2.22,101.7034,4.0164,107.9413,-1,0.0, -> [background only]
frame_000385,-1.0,2.2187,98.3956,3.9459,104.5615,-1,0.0, -> [background only]
frame_000386,-1.0,3.2927,99.728,3.8839,106.9063,-1,0.0, -> [background only]
frame_000387,-1.0,2.0797,98.8735,4.4381,105.3931,-1,0.0, -> [background only]
frame_000388,-1.0,2.773,93.5034,3.8161,100.0943,-1,0.0, -> [chair (Right): 10%]
frame_000389,-1.0,1.9188,97.2113,4.1998,103.3313,-1,0.0, -> [chair (Right): 15%]
frame_000390,-1.0,2.6135,98.9127,4.1786,105.706,-1,0.0, -> [chair (Right): 13%]
frame_000391,-1.0,2.2753,97.348,4.1644,103.7897,-1,0.0," -> [chair (Right): 22%, person (Top-Left): 1%]"
frame_000392,-1.0,2.1698,97.6686,4.0695,103.909,-1,0.0, -> [chair (Right): 20%]
frame_000393,-1.0,1.955,95.5792,4.1272,101.6624,-1,0.0, -> [chair (Right): 29%]
frame_000394,-1.0,2.2545,99.0765,3.9969,105.3292,-1,0.0, -> [chair (Center): 24%]
frame_000395,-1.0,2.2652,97.3499,4.2572,103.8739,-1,0.0, -> [chair (Center): 25%]
frame_000396,-1.0,2.4186,100.1755,4.4935,107.0891,-1,0.0, -> [chair (Center): 23%]
frame_000397,-1.0,3.1326,96.6488,4.2368,104.0197,-1,0.0, -> [chair (Center): 24%]
frame_000398,-1.0,2.1529,98.9235,4.0193,105.0971,-1,0.0, -> [chair (Center): 23%]
frame_000399,-1.0,2.5439,98.3651,4.3401,105.2504,-1,0.0," -> [car (Bottom-Right): 3%, chair (Left): 17%]"
frame_000400,-1.0,2.5806,97.0243,4.0681,103.6742,-1,0.0, -> [chair (Left): 18%]
frame_000401,-1.0,1.9836,99.1884,4.2015,105.3751,-1,0.0, -> [chair (Left): 19%]
frame_000402,-1.0,2.7446,99.3754,4.1976,106.3194,-1,0.0, -> [chair (Left): 19%]
frame_000403,-1.0,2.645,97.485,4.1052,104.2367,-1,0.0, -> [chair (Left): 12%]
frame_000404,-1.0,2.523,95.8473,4.2197,102.5911,-1,0.0, -> [background only]
frame_000405,-1.0,2.3769,96.1633,4.0906,102.6325,-1,0.0, -> [background only]
frame_000406,-1.0,2.3132,99.411,4.1633,105.8899,-1,0.0, -> [background only]
frame_000407,-1.0,2.6273,95.5863,3.955,102.1696,-1,0.0, -> [background only]
frame_000408,-1.0,2.3537,98.5995,3.9733,104.9278,-1,0.0, -> [background only]
frame_000409,-1.0,2.5296,97.1518,3.7683,103.4513,-1,0.0, -> [background only]
frame_000410,-1.0,2.5304,99.315,4.0744,105.921,-1,0.0, -> [background only]
frame_000411,-1.0,2.4445,98.6344,4.0858,105.1665,-1,0.0, -> [background only]
frame_000412,-1.0,2.7919,101.6735,4.1401,108.6069,-1,0.0, -> [background only]
frame_000413,-1.0,2.5963,100.9269,4.0224,107.5475,-1,0.0, -> [background only]
frame_000414,-1.0,1.3676,99.7526,4.0209,105.1428,-1,0.0, -> [background only]
frame_000415,-1.0,1.1268,96.9174,3.9757,102.0215,-1,0.0, -> [background only]
frame_000416,-1.0,1.1303,97.8082,3.8862,102.8258,-1,0.0, -> [background only]
frame_000417,-1.0,2.3098,94.2836,3.7871,100.3818,-1,0.0, -> [background only]
frame_000418,-1.0,1.4188,95.8574,4.043,101.3207,-1,0.0, -> [background only]
frame_000419,-1.0,1.5059,97.8099,4.058,103.3755,-1,0.0, -> [background only]
frame_000420,-1.0,1.6242,98.8724,3.8835,104.3812,-1,0.0, -> [background only]
frame_000421,-1.0,1.0951,98.744,3.9931,103.834,-1,0.0, -> [background only]
frame_000422,-1.0,1.1235,100.3176,3.9073,105.35,-1,0.0, -> [background only]
frame_000423,-1.0,1.1052,97.1887,4.1204,102.416,-1,0.0, -> [background only]
frame_000424,-1.0,1.6812,97.4364,3.935,103.0538,-1,0.0, -> [background only]
frame_000425,-1.0,1.0602,96.446,3.9194,101.4267,-1,0.0, -> [background only]
frame_000426,-1.0,1.121,99.9026,3.9441,104.9686,-1,0.0, -> [background only]
frame_000427,-1.0,1.152,96.6303,4.0016,101.7851,-1,0.0, -> [background only]
frame_000428,-1.0,1.1198,99.339,4.0131,104.4734,-1,0.0, -> [background only]
frame_000429,-1.0,1.1488,97.0662,3.9427,102.1589,-1,0.0, -> [background only]
frame_000430,-1.0,1.136,98.3532,3.9901,103.4806,-1,0.0, -> [background only]
frame_000431,-1.0,1.2107,96.4563,4.0388,101.7071,-1,0.0, -> [background only]
frame_000432,-1.0,1.1398,99.3184,4.0246,104.4839,-1,0.0, -> [background only]
frame_000433,-1.0,2.9838,96.9692,4.0262,103.9807,-1,0.0, -> [background only]
frame_000434,-1.0,2.3239,99.3848,4.8327,106.5427,-1,0.0, -> [background only]
frame_000435,-1.0,2.6131,97.1252,4.0291,103.769,-1,0.0, -> [background only]
frame_000436,-1.0,2.7441,99.8958,3.9613,106.6021,-1,0.0, -> [background only]
frame_000437,-1.0,2.3771,97.3022,3.8981,103.579,-1,0.0, -> [background only]
frame_000438,-1.0,2.344,96.0176,4.4882,102.8515,-1,0.0, -> [background only]
frame_000439,-1.0,3.051,95.0709,3.9678,102.091,-1,0.0, -> [background only]
frame_000440,-1.0,2.6453,98.2507,4.023,104.9203,-1,0.0, -> [background only]
frame_000441,-1.0,3.8066,98.3531,4.001,106.1622,-1,0.0, -> [background only]
frame_000442,-1.0,2.7079,99.0866,4.6374,106.4335,-1,0.0, -> [background only]
frame_000443,-1.0,3.0037,97.2933,3.9077,104.2063,-1,0.0, -> [background only]
frame_000444,-1.0,2.3016,98.8448,4.0348,105.1828,-1,0.0, -> [background only]
frame_000445,-1.0,2.2846,99.8585,3.9953,106.1397,-1,0.0, -> [background only]
frame_000446,-1.0,2.6296,99.3518,3.9664,105.9491,-1,0.0, -> [background only]
frame_000447,-1.0,1.9724,101.1904,4.1329,107.2977,-1,0.0, -> [background only]
frame_000448,-1.0,2.608,98.1146,3.988,104.7118,-1,0.0, -> [background only]
frame_000449,-1.0,2.0744,98.0249,4.0985,104.1989,-1,0.0, -> [background only]
frame_000450,-1.0,2.5127,98.5705,4.2219,105.3063,-1,0.0, -> [background only]
frame_000451,-1.0,3.6742,98.7737,3.7833,106.2328,-1,0.0, -> [background only]
frame_000452,-1.0,2.7219,97.2255,4.0113,103.96,-1,0.0, -> [background only]
frame_000453,-1.0,2.8624,96.7685,3.7399,103.3719,-1,0.0, -> [background only]
frame_000454,-1.0,2.5279,99.4344,4.1126,106.0762,-1,0.0, -> [background only]
frame_000455,-1.0,2.4897,95.1827,4.0684,101.7419,-1,0.0, -> [background only]
frame_000456,-1.0,2.7217,100.4342,3.9636,107.1209,-1,0.0, -> [background only]
frame_000457,-1.0,2.4888,98.1822,3.9679,104.6406,-1,0.0, -> [background only]
frame_000458,-1.0,2.4289,98.5585,4.1611,105.15,-1,0.0, -> [background only]
frame_000459,-1.0,1.3226,96.6685,3.906,101.8984,-1,0.0, -> [background only]
frame_000460,-1.0,1.1007,99.0138,4.0205,104.1363,-1,0.0, -> [background only]
frame_000461,-1.0,1.1804,96.2568,3.8534,101.292,-1,0.0, -> [background only]
frame_000462,-1.0,1.118,100.5768,4.0761,105.7721,-1,0.0, -> [background only]
frame_000463,-1.0,1.1477,96.8097,3.7735,101.7322,-1,0.0, -> [background only]
frame_000464,-1.0,1.4828,98.3595,4.0217,103.8653,-1,0.0, -> [background only]
frame_000465,-1.0,1.11,97.8839,4.0698,103.0649,-1,0.0, -> [background only]
frame_000466,-1.0,2.5682,99.7713,4.1452,106.486,-1,0.0, -> [background only]
frame_000467,-1.0,1.3528,98.978,3.7866,104.1184,-1,0.0, -> [background only]
frame_000468,-1.0,1.1424,99.2584,4.0335,104.4355,-1,0.0, -> [background only]
frame_000469,-1.0,1.1896,94.6091,3.9316,99.7316,-1,0.0, -> [background only]
frame_000470,-1.0,1.8882,97.6748,3.9547,103.5191,-1,0.0, -> [background only]
frame_000471,-1.0,3.261,97.6244,3.9271,104.8142,-1,0.0, -> [background only]
frame_000472,-1.0,1.3107,99.0398,5.1787,105.531,-1,0.0, -> [background only]
frame_000473,-1.0,2.0885,98.764,3.9813,104.8354,-1,0.0, -> [background only]
frame_000474,-1.0,1.1333,97.3302,5.1964,103.6615,-1,0.0, -> [background only]
frame_000475,-1.0,1.2612,100.3705,4.105,105.7385,-1,0.0, -> [background only]
frame_000476,-1.0,1.4107,98.2849,4.0229,103.7198,-1,0.0, -> [background only]
frame_000477,-1.0,1.2726,102.3984,3.9036,107.5757,-1,0.0, -> [background only]
frame_000478,-1.0,1.1275,98.0409,4.2384,103.4083,-1,0.0, -> [background only]
frame_000479,-1.0,1.1375,97.8074,4.0442,102.9907,-1,0.0, -> [background only]
frame_000480,-1.0,1.0973,98.6649,4.064,103.8275,-1,0.0, -> [background only]
frame_000481,-1.0,1.9266,103.8546,3.8295,109.6133,-1,0.0, -> [background only]
frame_000482,-1.0,2.669,99.3503,3.9388,105.9593,-1,0.0, -> [background only]
frame_000483,-1.0,1.3255,96.3431,3.9638,101.6337,-1,0.0, -> [background only]
frame_000484,-1.0,1.151,100.0837,4.0537,105.2895,-1,0.0, -> [background only]
frame_000485,-1.0,1.0836,102.7483,3.9578,107.7912,-1,0.0, -> [background only]
frame_000486,-1.0,2.0921,99.6699,3.9725,105.7353,-1,0.0, -> [background only]
frame_000487,-1.0,1.3454,96.4989,3.9664,101.812,-1,0.0, -> [background only]
frame_000488,-1.0,1.1259,97.5706,4.0503,102.7481,-1,0.0, -> [background only]
frame_000489,-1.0,1.1485,96.3953,3.9808,101.5259,-1,0.0, -> [background only]
frame_000490,-1.0,1.1437,99.332,4.0544,104.5317,-1,0.0, -> [background only]
frame_000491,-1.0,1.1779,99.4454,3.8004,104.4258,-1,0.0, -> [background only]
frame_000492,-1.0,1.0926,96.844,3.9417,101.8796,-1,0.0, -> [background only]
frame_000493,-1.0,1.1157,98.3142,4.2531,103.685,-1,0.0, -> [background only]
frame_000494,-1.0,1.338,99.4917,5.1814,106.0127,-1,0.0, -> [background only]
frame_000495,-1.0,1.2454,98.8462,3.9062,103.999,-1,0.0, -> [background only]
frame_000496,-1.0,1.0819,98.1579,4.015,103.2561,-1,0.0, -> [background only]
frame_000497,-1.0,1.1453,99.9528,3.8874,104.9869,-1,0.0, -> [background only]
frame_000498,-1.0,1.1263,96.7042,4.1869,102.0191,-1,0.0, -> [background only]
frame_000499,-1.0,1.7856,103.4819,4.0086,109.2774,-1,0.0, -> [background only]
frame_000500,-1.0,1.0981,99.6123,4.1247,104.8365,-1,0.0, -> [background only]
frame_000501,-1.0,1.6466,99.9333,3.9887,105.5702,-1,0.0, -> [background only]
frame_000502,-1.0,1.1647,101.6651,4.6869,107.5186,-1,0.0, -> [background only]
frame_000503,-1.0,1.2046,98.5797,3.9371,103.7228,-1,0.0, -> [background only]
frame_000504,-1.0,1.1465,100.3517,3.9312,105.4305,-1,0.0, -> [background only]
frame_000505,-1.0,1.1827,100.6047,4.0279,105.8164,-1,0.0, -> [background only]
frame_000506,-1.0,1.364,100.8168,3.9754,106.1573,-1,0.0, -> [background only]
frame_000507,-1.0,1.1752,95.9073,3.9984,101.082,-1,0.0, -> [background only]
frame_000508,-1.0,1.0982,101.1423,3.8255,106.0669,-1,0.0, -> [background only]
frame_000509,-1.0,1.1603,98.0491,3.9866,103.1977,-1,0.0, -> [background only]
frame_000510,-1.0,1.3453,98.1696,4.0111,103.5275,-1,0.0, -> [background only]
frame_000511,-1.0,1.1699,97.267,3.9241,102.3619,-1,0.0, -> [background only]
frame_000512,-1.0,1.0933,96.2938,3.9847,101.3731,-1,0.0, -> [background only]
frame_000513,-1.0,1.1955,99.134,4.0774,104.4082,-1,0.0, -> [background only]
frame_000514,-1.0,1.114,99.6844,3.9115,104.7112,-1,0.0, -> [background only]
frame_000515,-1.0,2.6473,98.713,3.9705,105.3318,-1,0.0, -> [background only]
frame_000516,-1.0,1.1056,98.6848,3.9288,103.7202,-1,0.0, -> [background only]
frame_000517,-1.0,1.2572,97.8693,3.9806,103.1086,-1,0.0, -> [background only]
frame_000518,-1.0,3.9503,117.5412,4.0731,125.5671,-1,0.0, -> [chair (Top-Right): 6%]
frame_000519,-1.0,1.1867,101.637,4.205,107.0303,-1,0.0, -> [chair (Top-Right): 5%]
frame_000520,-1.0,1.1318,95.0929,4.0884,100.315,-1,0.0, -> [chair (Top-Right): 5%]
frame_000521,-1.0,1.1557,99.1454,4.1349,104.4373,-1,0.0, -> [chair (Top-Right): 5%]
frame_000522,-1.0,1.109,99.4871,3.9297,104.5279,-1,0.0, -> [chair (Top-Right): 5%]
frame_000523,-1.0,1.1815,98.7502,4.1206,104.0536,-1,0.0, -> [chair (Top-Right): 6%]
frame_000524,-1.0,1.1318,104.0644,5.053,110.2512,-1,0.0, -> [chair (Top-Right): 6%]
frame_000525,-1.0,1.2815,93.2955,4.0477,98.6267,-1,0.0, -> [chair (Top-Right): 6%]
frame_000526,-1.0,1.115,94.1319,4.073,99.3211,-1,0.0, -> [chair (Top-Right): 6%]
frame_000527,-1.0,1.1365,98.2733,4.1807,103.5917,-1,0.0, -> [chair (Top-Right): 6%]
frame_000528,-1.0,2.1437,97.2224,4.1205,103.488,-1,0.0, -> [chair (Top-Right): 6%]
frame_000529,-1.0,1.3004,97.2173,4.1617,102.6805,-1,0.0, -> [chair (Top-Right): 6%]
frame_000530,-1.0,1.1112,95.8762,4.1294,101.1183,-1,0.0, -> [chair (Top-Right): 7%]
frame_000531,-1.0,1.0748,98.886,4.0948,104.0569,-1,0.0, -> [chair (Top-Right): 7%]
frame_000532,-1.0,1.507,97.1092,4.138,102.7557,-1,0.0, -> [chair (Top-Right): 6%]
frame_000533,-1.0,1.1321,98.0753,4.2056,103.4142,-1,0.0, -> [chair (Top-Right): 5%]
frame_000534,-1.0,1.0888,96.6775,4.2,101.9683,-1,0.0, -> [chair (Top-Right): 6%]
frame_000535,-1.0,1.471,98.9096,4.3237,104.7056,-1,0.0, -> [chair (Top-Right): 7%]
frame_000536,-1.0,1.1986,95.9656,4.1656,101.3311,-1,0.0, -> [chair (Top-Right): 6%]
frame_000537,-1.0,1.0946,99.3718,4.1131,104.5802,-1,0.0, -> [chair (Top-Right): 7%]
frame_000538,-1.0,1.1543,95.8502,4.0978,101.1035,-1,0.0, -> [chair (Top-Right): 6%]
frame_000539,-1.0,1.1206,99.516,4.1696,104.8074,-1,0.0, -> [chair (Top-Right): 6%]
frame_000540,-1.0,1.1474,97.7552,4.1729,103.0771,-1,0.0, -> [chair (Top-Right): 7%]
frame_000541,-1.0,1.0903,98.5411,4.045,103.6775,-1,0.0, -> [chair (Top-Right): 7%]
frame_000542,-1.0,3.0253,97.7534,4.0553,104.8355,-1,0.0, -> [chair (Top-Right): 7%]
frame_000543,-1.0,1.2889,101.1564,4.2828,106.7294,-1,0.0, -> [chair (Top-Right): 7%]
frame_000544,-1.0,1.1623,99.5679,4.0413,104.7728,-1,0.0, -> [chair (Top-Right): 7%]
frame_000545,-1.0,1.1431,98.3446,4.1973,103.6862,-1,0.0, -> [chair (Top-Right): 7%]
frame_000546,-1.0,1.8291,98.4309,4.1784,104.4399,-1,0.0, -> [chair (Top-Right): 7%]
frame_000547,-1.0,1.1377,97.2856,6.1409,104.5659,-1,0.0, -> [chair (Top-Right): 7%]
frame_000548,-1.0,1.2511,97.7898,4.0177,103.06,-1,0.0, -> [chair (Top-Right): 7%]
frame_000549,-1.0,2.609,99.0363,4.1829,105.8294,-1,0.0, -> [chair (Top-Right): 7%]
frame_000550,-1.0,1.5133,96.3748,4.1909,102.0806,-1,0.0, -> [chair (Top-Right): 6%]
frame_000551,-1.0,1.1432,101.041,4.0926,106.2781,-1,0.0, -> [chair (Top-Right): 5%]
frame_000552,-1.0,3.5422,99.1899,4.2836,107.017,-1,0.0, -> [chair (Top-Right): 5%]
frame_000553,-1.0,1.4916,98.0443,4.2258,103.7633,-1,0.0, -> [chair (Top-Right): 5%]
frame_000554,-1.0,1.1748,97.6282,4.0915,102.8962,-1,0.0, -> [chair (Top-Right): 5%]
frame_000555,-1.0,1.1209,96.8362,4.0223,101.9809,-1,0.0, -> [chair (Top-Right): 5%]
frame_000556,-1.0,1.1934,98.5197,4.1951,103.9094,-1,0.0, -> [chair (Top-Right): 4%]
frame_000557,-1.0,1.1044,97.8999,4.2472,103.254,-1,0.0, -> [chair (Top-Right): 5%]
frame_000558,-1.0,1.4672,100.305,4.0734,105.8467,-1,0.0, -> [chair (Top-Right): 5%]
frame_000559,-1.0,1.1302,98.5381,4.1806,103.8502,-1,0.0, -> [chair (Top-Right): 5%]
frame_000560,-1.0,1.1623,98.9923,4.1696,104.3261,-1,0.0, -> [chair (Top-Right): 4%]
frame_000561,-1.0,1.4589,96.9572,4.1041,102.5217,-1,0.0, -> [chair (Top-Right): 5%]
frame_000562,-1.0,2.5614,99.0541,4.0561,105.6732,-1,0.0, -> [chair (Top-Right): 5%]
frame_000563,-1.0,1.3261,96.4485,4.1608,101.9366,-1,0.0, -> [chair (Top-Right): 5%]
frame_000564,-1.0,2.4397,97.9347,4.1538,104.5294,-1,0.0, -> [chair (Top-Right): 5%]
frame_000565,-1.0,1.2962,96.8184,4.2389,102.3548,-1,0.0, -> [chair (Top-Right): 5%]
frame_000566,-1.0,2.3442,98.2161,4.0435,104.6048,-1,0.0, -> [chair (Top-Right): 6%]
frame_000567,-1.0,2.3075,97.942,4.0131,104.2637,-1,0.0, -> [chair (Top-Right): 5%]
frame_000568,-1.0,1.3433,98.9801,4.1046,104.4291,-1,0.0, -> [chair (Top-Right): 5%]
frame_000569,-1.0,1.0667,99.3473,4.0673,104.4829,-1,0.0, -> [chair (Top-Right): 5%]
frame_000570,-1.0,1.1235,95.0801,4.1643,100.3691,-1,0.0, -> [chair (Top-Right): 5%]
frame_000571,-1.0,1.0059,99.6913,4.023,104.7218,-1,0.0, -> [chair (Top-Right): 5%]
frame_000572,-1.0,1.2102,98.0249,4.0634,103.3001,-1,0.0, -> [chair (Top-Right): 5%]
frame_000573,-1.0,1.0959,95.8391,4.1296,101.0659,-1,0.0, -> [chair (Top-Right): 5%]
frame_000574,-1.0,1.1135,99.2877,4.2862,104.6888,-1,0.0, -> [chair (Top-Right): 6%]
frame_000575,-1.0,1.1296,96.2262,3.9215,101.2792,-1,0.0, -> [chair (Top-Right): 6%]
frame_000576,-1.0,1.4779,97.1674,4.2144,102.8606,-1,0.0, -> [chair (Top-Right): 6%]
frame_000577,-1.0,1.1577,95.7746,4.0127,100.9459,-1,0.0, -> [chair (Top-Right): 5%]
frame_000578,-1.0,1.0772,96.1442,4.2712,101.494,-1,0.0, -> [chair (Top-Right): 7%]
frame_000579,-1.0,1.4058,95.6561,4.2667,101.33,-1,0.0, -> [chair (Top): 9%]
frame_000580,-1.0,1.5109,98.3533,4.0153,103.8809,-1,0.0, -> [chair (Top): 7%]
frame_000581,-1.0,1.2274,101.0707,3.949,106.2483,-1,0.0, -> [chair (Top): 7%]
frame_000582,-1.0,1.1556,98.3275,4.1077,103.5922,-1,0.0, -> [chair (Top): 2%]
frame_000583,-1.0,1.1634,95.0698,4.058,100.2923,-1,0.0, -> [chair (Top): 8%]
frame_000584,-1.0,1.1139,99.7214,4.1073,104.9442,-1,0.0, -> [chair (Top): 1%]
frame_000585,-1.0,1.1581,98.175,4.2435,103.5785,-1,0.0, -> [chair (Top): 2%]
frame_000586,-1.0,1.6415,97.9722,4.0735,103.6889,-1,0.0, -> [chair (Top): 5%]
frame_000587,-1.0,1.1628,98.2688,4.1671,103.5999,-1,0.0, -> [chair (Center): 1%]
frame_000588,-1.0,1.083,98.3304,4.1554,103.5707,-1,0.0, -> [chair (Top): 6%]
frame_000589,-1.0,2.3908,97.3788,4.0951,103.8664,-1,0.0, -> [chair (Top): 1%]
frame_000590,-1.0,1.3021,99.1117,4.1521,104.5672,-1,0.0, -> [chair (Top): 3%]
frame_000591,-1.0,1.1521,97.4419,4.0606,102.656,-1,0.0, -> [chair (Top): 4%]
frame_000592,-1.0,1.0804,97.9492,3.8777,102.9089,-1,0.0, -> [background only]
frame_000593,-1.0,1.0871,98.6968,4.2336,104.0188,-1,0.0, -> [chair (Top): 4%]
frame_000594,-1.0,1.0958,95.3418,3.8383,100.2773,-1,0.0, -> [chair (Top): 3%]
frame_000595,-1.0,1.056,98.8158,4.1424,104.0153,-1,0.0, -> [chair (Top): 5%]
frame_000596,-1.0,1.1255,98.4897,4.2054,103.8218,-1,0.0, -> [chair (Top-Left): 3%]
frame_000597,-1.0,1.3935,97.1513,4.0818,102.6281,-1,0.0, -> [chair (Top-Left): 3%]
frame_000598,-1.0,1.1356,97.2639,4.1059,102.5072,-1,0.0, -> [chair (Top-Left): 3%]
frame_000599,-1.0,1.14,98.8844,4.1486,104.1743,-1,0.0, -> [chair (Top-Left): 4%]
frame_000600,-1.0,2.5939,96.8804,4.0474,103.5235,-1,0.0, -> [background only]
frame_000601,-1.0,1.3222,101.0274,4.4206,106.7713,-1,0.0, -> [chair (Top-Left): 2%]
frame_000602,-1.0,1.334,96.9514,3.9449,102.2318,-1,0.0, -> [background only]
frame_000603,-1.0,1.1261,99.6037,4.187,104.9182,-1,0.0, -> [background only]
frame_000604,-1.0,1.267,99.9415,4.1251,105.335,-1,0.0, -> [background only]
frame_000605,-1.0,1.1232,98.5869,4.0205,103.7317,-1,0.0, -> [background only]
frame_000606,-1.0,1.2044,96.4285,3.8807,101.5147,-1,0.0, -> [background only]
frame_000607,-1.0,1.1001,100.037,3.8814,105.0198,-1,0.0, -> [background only]
frame_000608,-1.0,3.1065,95.2018,3.8722,102.1816,-1,0.0, -> [background only]
frame_000609,-1.0,2.1464,98.6385,3.9802,104.7665,-1,0.0, -> [background only]
frame_000610,-1.0,1.3637,97.9963,4.1507,103.5118,-1,0.0, -> [chair (Top): 2%]
frame_000611,-1.0,2.4069,98.822,4.1989,105.4291,-1,0.0," -> [chair (Top-Right): 4%, tvmonitor (Top-Right): 3%]"
frame_000612,-1.0,3.1695,102.2296,4.1555,109.5566,-1,0.0," -> [chair (Right): 5%, tvmonitor (Top-Right): 2%]"
frame_000613,-1.0,1.0939,96.7108,4.3189,102.1252,-1,0.0," -> [chair (Right): 9%, tvmonitor (Top-Right): 1%]"
frame_000614,-1.0,1.1837,96.9997,3.9387,102.1232,-1,0.0," -> [chair (Right): 9%, tvmonitor (Top-Right): 4%]"
frame_000615,-1.0,1.1819,96.874,4.125,102.1822,-1,0.0," -> [chair (Right): 10%, tvmonitor (Top-Right): 4%]"
frame_000616,-1.0,2.6005,100.1691,4.3014,107.0723,-1,0.0," -> [chair (Right): 11%, tvmonitor (Top-Right): 4%]"
frame_000617,-1.0,2.2737,98.9781,4.326,105.5794,-1,0.0," -> [chair (Right): 12%, tvmonitor (Top-Right): 3%]"
frame_000618,-1.0,3.2351,96.1868,4.0535,103.477,-1,0.0, -> [chair (Right): 12%]
frame_000619,-1.0,2.5914,99.3694,4.2863,106.2488,-1,0.0, -> [chair (Right): 14%]
frame_000620,-1.0,2.8132,103.0526,4.1111,109.9789,-1,0.0, -> [chair (Right): 14%]
frame_000621,-1.0,2.6553,96.3157,5.3581,104.3305,-1,0.0," -> [chair (Right): 13%, tvmonitor (Top): 1%]"
frame_000622,-1.0,2.8377,99.1944,4.1319,106.1657,-1,0.0," -> [chair (Right): 16%, tvmonitor (Top): 1%]"
frame_000623,-1.0,2.5559,100.1629,4.1504,106.8704,-1,0.0," -> [chair (Right): 14%, tvmonitor (Top): 3%]"
frame_000624,-1.0,2.4786,96.9146,4.2926,103.6876,-1,0.0," -> [chair (Center): 9%, tvmonitor (Top-Right): 9%]"
frame_000625,-1.0,2.7848,98.1616,4.2043,105.1521,-1,0.0," -> [chair (Center): 9%, tvmonitor (Top-Right): 11%]"
frame_000626,-1.0,2.4249,96.5736,4.2077,103.2078,-1,0.0," -> [chair (Center): 9%, tvmonitor (Top-Right): 12%]"
frame_000627,-1.0,1.9945,95.6688,4.3287,101.993,-1,0.0," -> [chair (Center): 13%, tvmonitor (Top-Right): 8%]"
frame_000628,-1.0,3.0649,96.9989,4.2238,104.2888,-1,0.0," -> [chair (Center): 12%, tvmonitor (Top): 4%]"
frame_000629,-1.0,2.7439,100.6436,4.3831,107.7719,-1,0.0," -> [chair (Center): 12%, tvmonitor (Top): 5%]"
frame_000630,-1.0,3.1032,96.3032,4.2698,103.6785,-1,0.0," -> [chair (Center): 11%, tvmonitor (Top): 12%]"
frame_000631,-1.0,2.0046,97.966,3.9787,103.9505,-1,0.0," -> [chair (Center): 10%, tvmonitor (Top): 13%]"
frame_000632,-1.0,2.6558,99.4312,4.3659,106.4547,-1,0.0," -> [chair (Center): 12%, tvmonitor (Top-Left): 2%]"
frame_000633,-1.0,1.6295,97.7993,4.2282,103.6587,-1,0.0," -> [chair (Left): 13%, tvmonitor (Top): 8%]"
frame_000634,-1.0,1.1589,94.9997,4.2596,100.4194,-1,0.0," -> [chair (Left): 9%, tvmonitor (Top-Right): 12%]"
frame_000635,-1.0,2.1344,97.6448,5.4021,105.1831,-1,0.0," -> [chair (Left): 10%, tvmonitor (Right): 13%]"
frame_000636,-1.0,2.2978,98.8038,4.247,105.35,-1,0.0," -> [chair (Left): 9%, tvmonitor (Top): 17%]"
frame_000637,-1.0,1.1446,97.483,6.274,104.9032,-1,0.0, -> [chair (Left): 14%]
frame_000638,-1.0,1.7562,100.4404,4.3523,106.551,-1,0.0," -> [chair (Left): 12%, tvmonitor (Center): 18%]"
frame_000639,-1.0,2.2428,98.3463,4.3869,104.9774,-1,0.0," -> [chair (Left): 9%, tvmonitor (Center): 11%]"
frame_000640,-1.0,1.4111,97.5724,4.1882,103.1741,-1,0.0," -> [chair (Left): 6%, tvmonitor (Center): 12%]"
frame_000641,-1.0,1.1508,99.3376,4.2092,104.6991,-1,0.0," -> [chair (Left): 6%, tvmonitor (Center): 12%]"
frame_000642,-1.0,1.4166,95.9718,4.1984,101.5887,-1,0.0," -> [chair (Left): 3%, tvmonitor (Center): 17%]"
frame_000643,-1.0,1.1417,97.7451,4.2317,103.12,-1,0.0," -> [chair (Left): 3%, tvmonitor (Center): 16%]"
frame_000644,-1.0,1.1507,95.7578,4.1698,101.0799,-1,0.0," -> [chair (Left): 4%, tvmonitor (Center): 17%]"
frame_000645,-1.0,1.8574,96.5191,4.1915,102.5693,-1,0.0," -> [chair (Top-Left): 2%, tvmonitor (Center): 14%]"
frame_000646,-1.0,1.3389,100.0158,3.907,105.2629,-1,0.0," -> [chair (Left): 2%, tvmonitor (Center): 7%]"
frame_000647,-1.0,1.1004,96.4342,4.234,101.7697,-1,0.0," -> [chair (Top-Left): 1%, tvmonitor (Center): 16%]"
frame_000648,-1.0,1.1822,97.5527,4.1758,102.9121,-1,0.0," -> [chair (Left): 2%, tvmonitor (Center): 12%]"
frame_000649,-1.0,1.0792,96.5043,4.3063,101.8914,-1,0.0," -> [chair (Left): 3%, tvmonitor (Center): 11%]"
frame_000650,-1.0,2.3239,100.4508,4.2412,107.017,-1,0.0," -> [chair (Left): 3%, tvmonitor (Center): 15%]"
frame_000651,-1.0,1.2968,98.6567,4.2063,104.1618,-1,0.0," -> [chair (Left): 3%, tvmonitor (Center): 12%]"
frame_000652,-1.0,1.1553,98.6309,4.3192,104.1064,-1,0.0," -> [chair (Left): 3%, tvmonitor (Center): 12%]"
frame_000653,-1.0,2.1116,98.04,4.1742,104.327,-1,0.0," -> [chair (Left): 3%, tvmonitor (Center): 12%]"
frame_000654,-1.0,1.5141,97.1665,3.9137,102.5953,-1,0.0," -> [chair (Left): 3%, tvmonitor (Center): 12%]"
frame_000655,-1.0,1.1111,97.0314,4.1902,102.3345,-1,0.0," -> [chair (Left): 3%, tvmonitor (Center): 13%]"
frame_000656,-1.0,1.145,98.2817,4.1235,103.5514,-1,0.0," -> [chair (Left): 3%, tvmonitor (Center): 12%]"
frame_000657,-1.0,1.0752,98.0484,4.2107,103.3355,-1,0.0," -> [chair (Left): 3%, tvmonitor (Center): 13%]"
frame_000658,-1.0,1.0969,100.0996,4.2276,105.4256,-1,0.0," -> [chair (Left): 3%, tvmonitor (Center): 13%]"
frame_000659,-1.0,1.1136,97.9018,4.361,103.3786,-1,0.0," -> [chair (Left): 3%, tvmonitor (Center): 12%]"
frame_000660,-1.0,1.5499,97.2324,4.3406,103.1243,-1,0.0," -> [chair (Left): 3%, tvmonitor (Center): 13%]"
frame_000661,-1.0,1.1614,97.2389,4.2803,102.6822,-1,0.0," -> [chair (Left): 3%, tvmonitor (Center): 13%]"
frame_000662,-1.0,1.1227,101.7483,4.2131,107.0851,-1,0.0," -> [chair (Left): 3%, tvmonitor (Center): 14%]"
frame_000663,-1.0,1.1743,95.2807,4.2595,100.7157,-1,0.0," -> [chair (Left): 3%, tvmonitor (Center): 14%]"
frame_000664,-1.0,1.1191,96.8014,5.5953,103.5173,-1,0.0," -> [chair (Left): 3%, tvmonitor (Center): 15%]"
frame_000665,-1.0,1.2134,99.7399,4.1714,105.1261,-1,0.0," -> [chair (Left): 3%, tvmonitor (Center): 15%]"
frame_000666,-1.0,2.4563,98.4266,5.0603,105.945,-1,0.0," -> [chair (Left): 3%, tvmonitor (Center): 15%]"
frame_000667,-1.0,1.4706,99.4251,4.3545,105.2518,-1,0.0," -> [chair (Left): 3%, tvmonitor (Center): 16%]"
frame_000668,-1.0,1.3292,96.1129,5.6761,103.1203,-1,0.0," -> [chair (Left): 3%, tvmonitor (Center): 16%]"
frame_000669,-1.0,1.2771,96.7875,4.1366,102.2025,-1,0.0," -> [chair (Left): 3%, tvmonitor (Center): 15%]"
frame_000670,-1.0,1.122,99.466,4.2669,104.8565,-1,0.0," -> [chair (Left): 3%, tvmonitor (Center): 14%]"
frame_000671,-1.0,2.9845,96.2839,4.2027,103.4725,-1,0.0," -> [chair (Left): 3%, tvmonitor (Center): 14%]"
frame_000672,-1.0,1.0942,99.9276,4.3148,105.3385,-1,0.0," -> [chair (Left): 3%, tvmonitor (Center): 15%]"
frame_000673,-1.0,1.1908,100.1808,4.1794,105.5522,-1,0.0," -> [chair (Left): 3%, tvmonitor (Center): 15%]"
frame_000674,-1.0,1.1474,98.8671,4.418,104.434,-1,0.0," -> [chair (Left): 3%, tvmonitor (Center): 16%]"
frame_000675,-1.0,1.1511,98.0493,4.4505,103.6532,-1,0.0," -> [chair (Left): 3%, tvmonitor (Center): 15%]"
frame_000676,-1.0,1.688,96.1587,4.1408,101.9888,-1,0.0," -> [chair (Left): 3%, tvmonitor (Center): 22%]"
frame_000677,-1.0,1.1011,100.223,4.2546,105.5801,-1,0.0," -> [chair (Top-Left): 1%, tvmonitor (Center): 22%]"
frame_000678,-1.0,1.1518,98.7233,4.2731,104.1496,-1,0.0," -> [chair (Top-Left): 2%, tvmonitor (Top): 14%]"
frame_000679,-1.0,1.1272,98.3085,4.2019,103.6391,-1,0.0," -> [chair (Top-Left): 2%, tvmonitor (Top): 15%]"
frame_000680,-1.0,1.1432,95.0213,4.1827,100.3488,-1,0.0," -> [chair (Top-Left): 2%, tvmonitor (Top): 14%]"
frame_000681,-1.0,1.1487,97.6062,4.3808,103.1371,-1,0.0," -> [chair (Top-Left): 2%, tvmonitor (Top): 14%]"
frame_000682,-1.0,1.5379,97.8951,4.3056,103.74,-1,0.0," -> [chair (Top-Left): 2%, tvmonitor (Top): 14%]"
frame_000683,-1.0,1.1323,99.272,4.4071,104.8126,-1,0.0," -> [chair (Top-Left): 2%, dog (Bottom-Right): 1%, tvmonitor (Center): 18%]"
frame_000684,-1.0,1.569,94.9171,4.4189,100.9063,-1,0.0," -> [chair (Top-Left): 1%, dog (Bottom): 2%, tvmonitor (Top): 20%]"
frame_000685,-1.0,1.1213,100.5354,4.4137,106.0715,-1,0.0," -> [chair (Top-Left): 1%, tvmonitor (Top): 16%]"
frame_000686,-1.0,1.454,99.9599,4.2618,105.6773,-1,0.0," -> [chair (Top-Left): 1%, tvmonitor (Top): 7%]"
frame_000687,-1.0,2.3016,98.788,4.2658,105.3566,-1,0.0," -> [chair (Top-Left): 1%, tvmonitor (Top): 13%]"
frame_000688,-1.0,2.335,97.2344,4.189,103.7598,-1,0.0," -> [chair (Top-Left): 1%, tvmonitor (Top): 14%]"
frame_000689,-1.0,1.3385,99.7119,4.393,105.4449,-1,0.0," -> [chair (Top-Left): 1%, dog (Bottom): 1%, tvmonitor (Top): 20%]"
frame_000690,-1.0,1.4775,96.138,4.2516,101.8682,-1,0.0," -> [dog (Bottom): 3%, tvmonitor (Top): 6%]"
frame_000691,-1.0,1.0815,98.7634,5.5507,105.397,-1,0.0," -> [chair (Top-Left): 1%, dog (Center): 2%, tvmonitor (Top): 3%]"
frame_000692,-1.0,1.2514,96.8138,4.0036,102.0702,-1,0.0, -> [tvmonitor (Top): 1%]
frame_000693,-1.0,1.0863,100.1735,4.2443,105.5052,-1,0.0, -> [tvmonitor (Top): 1%]
frame_000694,-1.0,1.1501,96.0405,3.9497,101.1415,-1,0.0, -> [tvmonitor (Top): 1%]
frame_000695,-1.0,1.1163,97.1045,4.0236,102.2458,-1,0.0, -> [background only]
frame_000696,-1.0,1.183,98.706,3.9099,103.8001,-1,0.0, -> [background only]
frame_000697,-1.0,2.2388,101.7294,3.9882,107.9574,-1,0.0, -> [background only]
frame_000698,-1.0,1.3603,96.895,3.8933,102.1498,-1,0.0, -> [background only]
frame_000699,-1.0,1.1124,97.7122,4.08,102.9059,-1,0.0, -> [background only]
frame_000700,-1.0,1.1338,96.6838,4.1192,101.938,-1,0.0, -> [chair (Top-Left): 1%]
frame_000701,-1.0,1.1379,98.9269,4.1646,104.2308,-1,0.0, -> [chair (Top-Left): 1%]
frame_000702,-1.0,1.159,100.673,4.0804,105.9133,-1,0.0, -> [chair (Top-Left): 1%]
frame_000703,-1.0,1.1005,97.2125,4.0502,102.3644,-1,0.0, -> [chair (Top-Left): 1%]
frame_000704,-1.0,1.2273,98.5411,4.1524,103.9227,-1,0.0, -> [chair (Top-Left): 1%]
frame_000705,-1.0,1.0938,97.4876,4.0393,102.6222,-1,0.0, -> [background only]
frame_000706,-1.0,1.163,100.473,4.0871,105.7248,-1,0.0, -> [chair (Top-Left): 1%]
frame_000707,-1.0,1.1161,98.0419,4.0582,103.2174,-1,0.0, -> [background only]
frame_000708,-1.0,1.2107,97.0416,4.0043,102.2581,-1,0.0, -> [chair (Top-Left): 3%]
frame_000709,-1.0,1.1072,99.5219,4.2738,104.9049,-1,0.0," -> [chair (Top-Left): 3%, tvmonitor (Top): 1%]"
frame_000710,-1.0,1.3688,98.7448,4.1348,104.2494,-1,0.0," -> [chair (Top-Left): 3%, tvmonitor (Top): 14%]"
frame_000711,-1.0,1.1039,98.449,4.2935,103.8476,-1,0.0," -> [chair (Top-Left): 3%, tvmonitor (Top): 6%]"
frame_000712,-1.0,2.3686,99.7491,4.2134,106.3322,-1,0.0," -> [chair (Top-Left): 2%, tvmonitor (Top): 9%]"
frame_000713,-1.0,1.3093,97.6709,4.3081,103.2892,-1,0.0," -> [chair (Top-Left): 2%, tvmonitor (Top): 9%]"
frame_000714,-1.0,1.1404,95.2955,4.2816,100.7187,-1,0.0," -> [chair (Top-Left): 3%, tvmonitor (Top): 7%]"
frame_000715,-1.0,1.1324,96.463,4.2552,101.8525,-1,0.0," -> [chair (Top-Left): 3%, tvmonitor (Top): 6%]"
frame_000716,-1.0,2.6041,98.4615,4.1976,105.2644,-1,0.0," -> [chair (Top-Left): 3%, tvmonitor (Top): 5%]"
frame_000717,-1.0,1.3513,97.875,3.9896,103.2171,-1,0.0," -> [chair (Top-Left): 3%, tvmonitor (Top): 5%]"
frame_000718,-1.0,1.1468,97.669,4.253,103.0701,-1,0.0," -> [chair (Top-Left): 3%, tvmonitor (Top): 7%]"
frame_000719,-1.0,1.1118,97.01,4.2908,102.4137,-1,0.0," -> [chair (Top-Left): 2%, tvmonitor (Center): 27%]"
frame_000720,-1.0,1.1401,99.594,4.2355,104.9706,-1,0.0," -> [chair (Top-Left): 1%, tvmonitor (Top): 12%]"
frame_000721,-1.0,1.7474,96.7773,4.2246,102.7503,-1,0.0," -> [chair (Top-Left): 1%, tvmonitor (Top): 5%]"
frame_000722,-1.0,1.1608,97.0117,3.9776,102.1515,-1,0.0, -> [background only]
frame_000723,-1.0,1.1293,98.1236,4.052,103.306,-1,0.0, -> [tvmonitor (Top): 11%]
frame_000724,-1.0,1.1025,96.8528,4.0919,102.0487,-1,0.0, -> [chair (Left): 1%]
frame_000725,-1.0,1.1274,99.0091,4.3443,104.4822,-1,0.0," -> [chair (Left): 1%, tvmonitor (Top): 7%]"
frame_000726,-1.0,2.7618,100.4381,3.8624,107.0632,-1,0.0, -> [background only]
frame_000727,-1.0,1.349,96.0613,4.0797,101.491,-1,0.0, -> [tvmonitor (Center): 2%]
frame_000728,-1.0,2.1859,102.5071,4.215,108.9091,-1,0.0, -> [tvmonitor (Top): 3%]
frame_000729,-1.0,1.4725,102.4427,4.0114,107.9278,-1,0.0, -> [tvmonitor (Center): 21%]
frame_000730,-1.0,1.0611,98.6952,4.0882,103.8456,-1,0.0, -> [tvmonitor (Center): 21%]
frame_000731,-1.0,1.2161,96.5749,4.1646,101.9571,-1,0.0, -> [tvmonitor (Center): 22%]
frame_000732,-1.0,1.0905,98.2899,4.2034,103.5851,-1,0.0, -> [tvmonitor (Top): 19%]
frame_000733,-1.0,1.4886,94.2063,4.084,99.7804,-1,0.0, -> [tvmonitor (Top): 8%]
frame_000734,-1.0,1.1091,100.3365,4.1693,105.6163,-1,0.0, -> [tvmonitor (Top): 10%]
frame_000735,-1.0,1.1787,96.5857,4.1619,101.9278,-1,0.0, -> [tvmonitor (Top): 14%]
frame_000736,-1.0,1.1255,100.0098,4.275,105.4112,-1,0.0, -> [tvmonitor (Center): 17%]
frame_000737,-1.0,1.4318,94.9988,4.1006,100.5325,-1,0.0, -> [tvmonitor (Center): 5%]
frame_000738,-1.0,1.2428,99.8777,3.8531,104.9747,-1,0.0, -> [background only]
frame_000739,-1.0,1.2081,95.7363,4.1119,101.0575,-1,0.0, -> [chair (Top-Left): 1%]
frame_000740,-1.0,1.1299,97.6707,4.4707,103.2724,-1,0.0," -> [chair (Left): 3%, tvmonitor (Center): 16%]"
frame_000741,-1.0,1.6402,100.8611,4.2615,106.7639,-1,0.0," -> [chair (Left): 7%, tvmonitor (Top): 22%]"
frame_000742,-1.0,1.1228,96.815,4.2901,102.2294,-1,0.0," -> [chair (Left): 9%, tvmonitor (Center): 2%]"
frame_000743,-1.0,1.1469,100.6737,4.3458,106.1685,-1,0.0," -> [chair (Left): 8%, diningtable (Left): 2%]"
frame_000744,-1.0,2.7261,98.1287,4.3145,105.1707,-1,0.0," -> [chair (Left): 11%, diningtable (Left): 1%]"
frame_000745,-1.0,2.7569,101.1593,4.1668,108.0843,-1,0.0," -> [chair (Left): 17%, tvmonitor (Top-Right): 12%]"
frame_000746,-1.0,2.376,100.0929,4.3193,106.7894,-1,0.0," -> [chair (Left): 20%, tvmonitor (Right): 3%]"
frame_000747,-1.0,3.6009,102.4158,4.2282,110.2464,-1,0.0, -> [chair (Left): 25%]
frame_000748,-1.0,2.7055,99.0008,4.0987,105.8067,-1,0.0, -> [chair (Left): 27%]
frame_000749,-1.0,3.2802,99.1224,4.3037,106.7079,-1,0.0, -> [chair (Left): 22%]
frame_000750,-1.0,2.9605,98.0632,4.3425,105.3678,-1,0.0, -> [chair (Center): 19%]
frame_000751,-1.0,2.8565,98.4272,4.2202,105.5054,-1,0.0," -> [chair (Center): 22%, tvmonitor (Top-Right): 2%]"
frame_000752,-1.0,2.6894,100.9198,4.6029,108.2136,-1,0.0," -> [chair (Center): 29%, tvmonitor (Top-Right): 3%]"
frame_000753,-1.0,3.6455,94.8408,4.2146,102.7022,-1,0.0," -> [chair (Center): 23%, tvmonitor (Right): 9%]"
frame_000754,-1.0,1.3355,96.5918,5.7095,103.6382,-1,0.0," -> [chair (Center): 24%, tvmonitor (Top-Right): 10%]"
frame_000755,-1.0,1.3017,99.6552,4.2203,105.1784,-1,0.0," -> [chair (Center): 20%, tvmonitor (Right): 6%]"
frame_000756,-1.0,1.1276,98.2555,4.2717,103.6559,-1,0.0," -> [chair (Center): 22%, tvmonitor (Right): 3%]"
frame_000757,-1.0,1.1828,96.9494,4.2187,102.3522,-1,0.0, -> [chair (Center): 24%]
frame_000758,-1.0,1.534,100.8612,4.2478,106.6443,-1,0.0, -> [chair (Right): 18%]
frame_000759,-1.0,1.1904,95.739,4.1018,101.0324,-1,0.0, -> [chair (Right): 14%]
frame_000760,-1.0,1.1505,96.9827,4.1739,102.3083,-1,0.0," -> [chair (Top-Right): 10%, diningtable (Right): 2%]"
frame_000761,-1.0,3.0033,97.8966,4.1537,105.0548,-1,0.0," -> [chair (Right): 11%, diningtable (Right): 3%, person (Top-Right): 1%]"
frame_000762,-1.0,1.133,97.3442,4.3273,102.8056,-1,0.0," -> [chair (Top-Right): 7%, diningtable (Right): 1%]"
frame_000763,-1.0,1.1312,99.3108,4.1662,104.61,-1,0.0, -> [chair (Top-Right): 7%]
frame_000764,-1.0,1.6469,97.0398,4.0118,102.7001,-1,0.0, -> [chair (Top-Right): 5%]
frame_000765,-1.0,1.1318,100.3866,4.122,105.6417,-1,0.0, -> [chair (Right): 8%]
frame_000766,-1.0,1.1217,97.9817,4.0886,103.1937,-1,0.0, -> [background only]
frame_000767,-1.0,1.5222,100.8197,3.9609,106.3044,-1,0.0, -> [background only]
frame_000768,-1.0,1.2979,99.8003,3.9912,105.0905,-1,0.0, -> [background only]
frame_000769,-1.0,2.3115,100.0088,4.0066,106.3279,-1,0.0, -> [background only]
frame_000770,-1.0,1.3076,95.9868,4.1198,101.4169,-1,0.0, -> [background only]
frame_000771,-1.0,1.6921,98.9288,3.9901,104.6128,-1,0.0, -> [background only]
frame_000772,-1.0,1.0851,96.4476,4.0263,101.5608,-1,0.0, -> [chair (Top-Left): 1%]
frame_000773,-1.0,1.1397,96.1042,3.9224,101.1678,-1,0.0, -> [background only]
frame_000774,-1.0,1.0897,95.8627,3.952,100.9058,-1,0.0, -> [background only]
frame_000775,-1.0,1.0835,96.8899,4.071,102.046,-1,0.0, -> [background only]
frame_000776,-1.0,1.2799,97.7729,3.9858,103.0406,-1,0.0, -> [background only]
frame_000777,-1.0,1.1304,99.9728,3.8694,104.9737,-1,0.0, -> [background only]
frame_000778,-1.0,1.1069,100.1464,3.8767,105.131,-1,0.0, -> [background only]
frame_000779,-1.0,2.4903,99.2543,3.9642,105.71,-1,0.0, -> [background only]
frame_000780,-1.0,1.4323,96.4825,3.8905,101.8069,-1,0.0, -> [background only]
frame_000781,-1.0,1.0906,97.9679,4.1154,103.1758,-1,0.0, -> [background only]
frame_000782,-1.0,4.5649,101.5914,3.9296,110.0875,-1,0.0, -> [background only]
frame_000783,-1.0,1.336,98.1593,6.6745,106.1713,-1,0.0, -> [background only]
frame_000784,-1.0,1.5023,98.1768,3.9413,103.6219,-1,0.0, -> [background only]
frame_000785,-1.0,1.1461,100.8017,4.0826,106.0316,-1,0.0, -> [background only]
frame_000786,-1.0,1.2043,97.3231,4.1767,102.7054,-1,0.0, -> [chair (Left): 1%]
frame_000787,-1.0,1.1335,100.902,4.0779,106.1147,-1,0.0, -> [background only]
frame_000788,-1.0,1.2763,96.9616,4.1202,102.3594,-1,0.0, -> [person (Top): 2%]
frame_000789,-1.0,1.1268,100.1097,4.0518,105.2895,-1,0.0, -> [background only]
frame_000790,-1.0,1.1754,96.5049,3.8484,101.5297,-1,0.0, -> [background only]
frame_000791,-1.0,1.1443,96.9706,5.6917,103.8079,-1,0.0, -> [chair (Left): 2%]
frame_000792,-1.0,1.295,103.2323,3.9402,108.4693,-1,0.0, -> [background only]
frame_000793,-1.0,1.1598,96.6375,5.4416,103.2404,-1,0.0, -> [person (Top-Right): 1%]
frame_000794,-1.0,1.5127,102.9223,3.9622,108.3991,-1,0.0, -> [background only]
frame_000795,-1.0,1.175,96.6244,4.2064,102.0075,-1,0.0, -> [chair (Top-Left): 4%]
frame_000796,-1.0,1.1575,95.3703,3.9241,100.4535,-1,0.0, -> [chair (Left): 7%]
frame_000797,-1.0,1.1096,100.2971,4.2789,105.6877,-1,0.0, -> [chair (Top-Left): 2%]
frame_000798,-1.0,1.2467,100.3831,4.0414,105.6732,-1,0.0, -> [bicycle (Bottom): 1%]
frame_000799,-1.0,1.1445,101.1906,6.1304,108.4675,-1,0.0, -> [chair (Top-Left): 3%]
frame_000800,-1.0,1.2001,98.4865,4.0526,103.7409,-1,0.0, -> [background only]
frame_000801,-1.0,1.6357,97.4201,4.1391,103.1967,-1,0.0, -> [chair (Top-Left): 3%]
frame_000802,-1.0,1.2009,98.0859,4.1102,103.3992,-1,0.0, -> [chair (Top): 2%]
frame_000803,-1.0,1.1526,100.0104,4.3973,105.5624,-1,0.0, -> [chair (Top): 2%]
frame_000804,-1.0,1.4549,98.1638,4.0469,103.6673,-1,0.0, -> [chair (Top): 4%]
frame_000805,-1.0,1.1401,99.5767,4.1413,104.8596,-1,0.0, -> [chair (Top): 8%]
frame_000806,-1.0,1.1778,99.7067,4.136,105.0214,-1,0.0, -> [chair (Top): 2%]
frame_000807,-1.0,1.1754,98.7423,4.3092,104.2279,-1,0.0, -> [bicycle (Right): 21%]
frame_000808,-1.0,1.4691,102.6046,4.3211,108.3969,-1,0.0, -> [bicycle (Right): 7%]
frame_000809,-1.0,1.1398,98.6894,4.4314,104.2615,-1,0.0," -> [bicycle (Right): 4%, chair (Top-Right): 1%, motorbike (Bottom-Right): 4%]"
frame_000810,-1.0,1.1272,98.4039,4.2289,103.7623,-1,0.0," -> [bicycle (Right): 3%, motorbike (Bottom-Right): 1%]"
frame_000811,-1.0,1.1654,96.1891,4.0434,101.3995,-1,0.0, -> [background only]
frame_000812,-1.0,1.6738,100.76,4.0207,106.4558,-1,0.0, -> [background only]
frame_000813,-1.0,1.1253,98.1081,5.8273,105.0621,-1,0.0, -> [background only]
frame_000814,-1.0,1.2605,99.4507,4.0618,104.7752,-1,0.0, -> [background only]
frame_000815,-1.0,1.1521,97.6271,3.9181,102.6987,-1,0.0, -> [background only]
frame_000816,-1.0,1.1916,98.2184,3.9989,103.4102,-1,0.0, -> [background only]
frame_000817,-1.0,1.1152,96.0569,4.1239,101.2975,-1,0.0, -> [background only]
frame_000818,-1.0,1.6793,99.6651,3.9802,105.326,-1,0.0, -> [background only]
frame_000819,-1.0,1.1182,98.1491,3.8896,103.1579,-1,0.0, -> [background only]
frame_000820,-1.0,1.1429,100.1267,3.9629,105.2336,-1,0.0, -> [background only]
frame_000821,-1.0,1.1196,101.2946,3.9265,106.3417,-1,0.0, -> [background only]
frame_000822,-1.0,2.0072,99.0727,4.0662,105.1478,-1,0.0, -> [background only]
frame_000823,-1.0,1.5754,98.9926,4.0817,104.651,-1,0.0, -> [background only]
frame_000824,-1.0,3.3283,98.32,3.9843,105.6338,-1,0.0, -> [background only]
frame_000825,-1.0,1.139,95.0744,3.876,100.0907,-1,0.0, -> [background only]
frame_000826,-1.0,3.5318,98.326,3.9345,105.7936,-1,0.0, -> [background only]
frame_000827,-1.0,1.1364,97.3675,3.9808,102.486,-1,0.0, -> [background only]
frame_000828,-1.0,1.1405,99.9497,3.8598,104.951,-1,0.0, -> [background only]
frame_000829,-1.0,1.1097,96.1954,3.7921,101.0982,-1,0.0, -> [background only]
frame_000830,-1.0,1.1629,97.5524,3.9476,102.6643,-1,0.0, -> [background only]
frame_000831,-1.0,1.1306,96.0565,4.0244,101.2124,-1,0.0, -> [background only]
frame_000832,-1.0,1.1222,99.3326,3.9484,104.4047,-1,0.0, -> [background only]
frame_000833,-1.0,1.1298,99.8509,4.0925,105.0746,-1,0.0, -> [background only]
frame_000834,-1.0,1.1328,100.6217,3.8831,105.6387,-1,0.0, -> [background only]
frame_000835,-1.0,1.0921,96.8017,3.9937,101.8887,-1,0.0, -> [background only]
frame_000836,-1.0,1.132,99.2772,4.0233,104.4334,-1,0.0, -> [background only]
frame_000837,-1.0,1.1413,97.8384,3.9616,102.9422,-1,0.0, -> [background only]
frame_000838,-1.0,1.1247,96.6535,3.9239,101.7032,-1,0.0, -> [background only]
frame_000839,-1.0,1.1196,96.3487,3.9712,101.4402,-1,0.0, -> [background only]
frame_000840,-1.0,1.5605,97.3467,4.0616,102.9698,-1,0.0, -> [background only]
frame_000841,-1.0,1.1893,97.8934,4.1326,103.2166,-1,0.0, -> [background only]
frame_000842,-1.0,1.1545,100.6011,3.9558,105.7126,-1,0.0, -> [background only]
frame_000843,-1.0,1.259,98.8701,3.8121,103.9428,-1,0.0, -> [background only]
frame_000844,-1.0,1.0693,94.4687,4.0053,99.5447,-1,0.0, -> [background only]
frame_000845,-1.0,1.1697,99.0565,4.0696,104.2971,-1,0.0, -> [background only]
frame_000846,-1.0,3.1658,98.9503,4.0014,106.1187,-1,0.0, -> [background only]
frame_000847,-1.0,2.8809,98.3828,3.965,105.2301,-1,0.0, -> [background only]
frame_000848,-1.0,1.3335,98.7865,4.0228,104.144,-1,0.0, -> [background only]
frame_000849,-1.0,1.2781,98.7228,3.9733,103.9753,-1,0.0, -> [background only]
frame_000850,-1.0,1.1392,101.2399,4.086,106.4664,-1,0.0, -> [background only]
frame_000851,-1.0,1.1736,99.2215,4.0019,104.3985,-1,0.0, -> [background only]
frame_000852,-1.0,1.1483,98.1294,4.0682,103.3469,-1,0.0, -> [background only]
frame_000853,-1.0,1.1601,97.1431,3.9456,102.2504,-1,0.0, -> [background only]
frame_000854,-1.0,1.1832,99.0233,4.048,104.2558,-1,0.0, -> [background only]
frame_000855,-1.0,1.1914,98.7175,4.096,104.0059,-1,0.0, -> [background only]
frame_000856,-1.0,1.1104,97.4455,5.4779,104.0353,-1,0.0, -> [background only]
frame_000857,-1.0,1.2033,99.9104,4.1184,105.2341,-1,0.0, -> [background only]
frame_000858,-1.0,1.5421,97.72,4.7811,104.0445,-1,0.0, -> [background only]
frame_000859,-1.0,1.1462,96.5467,3.8997,101.5937,-1,0.0, -> [background only]
frame_000860,-1.0,1.1428,98.3879,3.8872,103.4192,-1,0.0, -> [background only]
frame_000861,-1.0,3.0605,96.5234,3.8918,103.4774,-1,0.0, -> [background only]
frame_000862,-1.0,1.3208,96.8394,3.96,102.122,-1,0.0, -> [background only]
frame_000863,-1.0,1.2219,101.1141,4.0052,106.3425,-1,0.0, -> [background only]
frame_000864,-1.0,1.1299,96.3256,3.9783,101.435,-1,0.0, -> [background only]
frame_000865,-1.0,1.6373,100.5585,3.9463,106.1435,-1,0.0, -> [background only]
frame_000866,-1.0,1.154,99.4859,3.8425,104.4837,-1,0.0, -> [background only]
frame_000867,-1.0,1.1594,100.4583,3.9018,105.5216,-1,0.0, -> [background only]
frame_000868,-1.0,1.1436,96.7312,4.0763,101.9523,-1,0.0, -> [background only]
frame_000869,-1.0,1.6493,99.3039,3.991,104.9455,-1,0.0, -> [background only]
frame_000870,-1.0,1.0536,98.7745,3.9518,103.7808,-1,0.0, -> [background only]
frame_000871,-1.0,1.1357,99.6092,4.0103,104.7562,-1,0.0, -> [background only]
frame_000872,-1.0,1.146,98.7171,3.9955,103.8598,-1,0.0, -> [background only]
frame_000873,-1.0,1.1345,100.8312,4.0147,105.9816,-1,0.0, -> [background only]
frame_000874,-1.0,1.2309,100.4679,4.0329,105.7332,-1,0.0, -> [background only]
frame_000875,-1.0,1.5492,97.5069,3.9235,102.9807,-1,0.0, -> [background only]
frame_000876,-1.0,1.1068,96.3126,3.731,101.1519,-1,0.0, -> [background only]
frame_000877,-1.0,1.1391,98.8354,3.9742,103.9501,-1,0.0, -> [background only]
frame_000878,-1.0,1.0766,99.7603,3.9448,104.7836,-1,0.0, -> [background only]
frame_000879,-1.0,1.121,97.1198,3.9714,102.2136,-1,0.0, -> [background only]
frame_000880,-1.0,1.0331,98.8716,4.0187,103.9241,-1,0.0, -> [background only]
frame_000881,-1.0,1.1206,97.66,3.8699,102.6518,-1,0.0, -> [background only]
frame_000882,-1.0,1.0818,96.8548,3.9502,101.8883,-1,0.0, -> [background only]
frame_000883,-1.0,1.1219,99.8291,4.0144,104.9662,-1,0.0, -> [background only]
frame_000884,-1.0,1.1641,94.4875,4.0228,99.6754,-1,0.0, -> [background only]
frame_000885,-1.0,1.0925,97.5403,3.9133,102.547,-1,0.0, -> [background only]
frame_000886,-1.0,1.1211,94.948,3.9428,100.013,-1,0.0, -> [background only]
frame_000887,-1.0,1.1403,98.4639,4.0173,103.6228,-1,0.0, -> [background only]
frame_000888,-1.0,1.1239,97.6977,3.902,102.7246,-1,0.0, -> [background only]
frame_000889,-1.0,1.1272,100.0698,4.0756,105.2752,-1,0.0, -> [background only]
frame_000890,-1.0,1.1688,95.7373,4.0442,100.9519,-1,0.0, -> [background only]
frame_000891,-1.0,1.1884,96.9245,4.0455,102.1602,-1,0.0, -> [background only]
frame_000892,-1.0,1.1341,101.2072,3.9263,106.2694,-1,0.0, -> [background only]
frame_000893,-1.0,1.1518,95.6413,4.1185,100.9132,-1,0.0, -> [background only]
frame_000894,-1.0,1.1054,100.568,3.9732,105.6479,-1,0.0, -> [background only]
frame_000895,-1.0,1.0941,97.7655,4.061,102.9222,-1,0.0, -> [background only]
frame_000896,-1.0,1.0485,96.8624,3.963,101.8753,-1,0.0, -> [background only]
frame_000897,-1.0,1.1271,96.2282,4.057,101.4137,-1,0.0, -> [background only]
frame_000898,-1.0,1.1477,96.7751,3.9445,101.8688,-1,0.0, -> [background only]
frame_000899,-1.0,1.125,99.5674,3.8884,104.5823,-1,0.0, -> [background only]
frame_000900,-1.0,1.1419,98.1612,4.2156,103.5203,-1,0.0, -> [background only]
frame_000901,-1.0,1.5358,96.8324,4.019,102.3886,-1,0.0, -> [background only]
frame_000902,-1.0,1.1298,100.5692,4.0148,105.7154,-1,0.0, -> [background only]
frame_000903,-1.0,1.1314,98.6599,4.0414,103.8342,-1,0.0, -> [background only]
frame_000904,-1.0,1.1388,100.0487,3.8437,105.0327,-1,0.0, -> [background only]
frame_000905,-1.0,1.2817,97.0167,3.9531,102.2531,-1,0.0, -> [background only]
frame_000906,-1.0,1.1412,99.035,3.9639,104.1418,-1,0.0, -> [background only]
frame_000907,-1.0,1.1309,96.7914,4.026,101.9495,-1,0.0, -> [background only]
frame_000908,-1.0,1.0658,98.218,3.8965,103.1815,-1,0.0, -> [background only]
frame_000909,-1.0,2.2042,95.6766,3.9728,101.855,-1,0.0, -> [background only]
frame_000910,-1.0,1.295,99.2566,3.9588,104.5118,-1,0.0, -> [background only]
frame_000911,-1.0,1.2397,100.2344,3.8675,105.343,-1,0.0, -> [background only]
frame_000912,-1.0,1.118,99.7669,3.9248,104.8108,-1,0.0, -> [background only]
frame_000913,-1.0,2.707,96.5923,3.9991,103.2993,-1,0.0, -> [background only]
frame_000914,-1.0,2.5389,100.4058,4.9113,107.8574,-1,0.0, -> [background only]
frame_000915,-1.0,3.002,97.5223,4.0097,104.5355,-1,0.0, -> [background only]
frame_000916,-1.0,1.6156,99.0563,4.0513,104.7247,-1,0.0, -> [background only]
frame_000917,-1.0,1.1541,98.05,3.9356,103.1409,-1,0.0, -> [background only]
frame_000918,-1.0,1.128,102.88,3.939,107.948,-1,0.0, -> [background only]
frame_000919,-1.0,2.5966,98.2887,3.9909,104.878,-1,0.0, -> [background only]
frame_000920,-1.0,1.3249,99.4818,3.9368,104.7446,-1,0.0, -> [background only]
frame_000921,-1.0,2.1776,98.2901,3.9865,104.4553,-1,0.0, -> [background only]
frame_000922,-1.0,1.3187,99.9726,4.0532,105.3456,-1,0.0, -> [background only]
frame_000923,-1.0,1.1591,96.939,4.0168,102.1164,-1,0.0, -> [background only]
frame_000924,-1.0,1.5051,97.7782,3.9109,103.1952,-1,0.0, -> [background only]
frame_000925,-1.0,1.1924,98.141,3.9971,103.3321,-1,0.0, -> [background only]
frame_000926,-1.0,1.1898,100.1078,3.963,105.2621,-1,0.0, -> [background only]
frame_000927,-1.0,3.5441,98.2915,4.0109,105.8537,-1,0.0, -> [background only]
frame_000928,-1.0,1.64,98.8373,3.9715,104.4499,-1,0.0, -> [background only]
frame_000929,-1.0,1.1292,97.4829,3.9087,102.5218,-1,0.0, -> [background only]
frame_000930,-1.0,1.0902,99.3887,3.992,104.4717,-1,0.0, -> [background only]
frame_000931,-1.0,1.188,97.714,3.8955,102.7991,-1,0.0, -> [background only]
frame_000932,-1.0,1.0414,101.0499,4.1053,106.1975,-1,0.0, -> [background only]
frame_000933,-1.0,1.163,96.4759,3.9323,101.5724,-1,0.0, -> [background only]
frame_000934,-1.0,2.6292,97.5115,5.9066,106.0491,-1,0.0, -> [background only]
frame_000935,-1.0,1.7438,98.0196,3.9122,103.6771,-1,0.0, -> [background only]
frame_000936,-1.0,1.0968,99.8989,6.2628,107.2604,-1,0.0, -> [background only]
frame_000937,-1.0,1.8783,97.3703,4.0921,103.3432,-1,0.0, -> [background only]
frame_000938,-1.0,1.5706,102.2112,4.0994,107.8827,-1,0.0, -> [background only]
frame_000939,-1.0,1.1638,97.0743,4.06,102.2996,-1,0.0, -> [background only]
frame_000940,-1.0,1.1383,99.8089,3.9388,104.8869,-1,0.0, -> [background only]
frame_000941,-1.0,1.1601,97.9861,4.1179,103.2655,-1,0.0, -> [background only]
frame_000942,-1.0,1.5956,100.2995,4.0221,105.9182,-1,0.0, -> [background only]
frame_000943,-1.0,3.2606,96.5083,4.0596,103.8303,-1,0.0, -> [background only]
frame_000944,-1.0,1.3568,100.5535,3.9706,105.882,-1,0.0, -> [background only]
frame_000945,-1.0,2.6645,98.6933,4.0293,105.3888,-1,0.0, -> [background only]
frame_000946,-1.0,1.344,95.7037,4.1749,101.224,-1,0.0, -> [background only]
frame_000947,-1.0,1.5968,100.9053,4.011,106.5145,-1,0.0, -> [background only]
frame_000948,-1.0,1.3737,98.4774,3.996,103.8481,-1,0.0, -> [background only]
frame_000949,-1.0,1.1606,98.9425,3.9784,104.0835,-1,0.0, -> [background only]
frame_000950,-1.0,1.5206,101.688,3.9936,107.2031,-1,0.0, -> [background only]
frame_000951,-1.0,1.1322,101.2436,4.0569,106.4345,-1,0.0, -> [background only]
frame_000952,-1.0,1.6444,98.4327,4.0058,104.084,-1,0.0, -> [background only]
frame_000953,-1.0,1.1712,97.0498,3.9818,102.2041,-1,0.0, -> [background only]
frame_000954,-1.0,2.3084,98.6464,3.8646,104.8207,-1,0.0, -> [background only]
frame_000955,-1.0,1.3434,99.7569,4.1276,105.2297,-1,0.0, -> [background only]
frame_000956,-1.0,1.5711,97.1193,3.801,102.4924,-1,0.0, -> [background only]
frame_000957,-1.0,1.1511,97.0873,4.0308,102.2704,-1,0.0, -> [background only]
frame_000958,-1.0,1.4888,98.1173,4.084,103.6913,-1,0.0, -> [background only]
frame_000959,-1.0,1.2103,98.5205,3.8624,103.5941,-1,0.0, -> [background only]
frame_000960,-1.0,1.1291,100.4265,3.9618,105.5183,-1,0.0, -> [background only]
frame_000961,-1.0,1.1364,95.7716,3.9357,100.8452,-1,0.0, -> [background only]
frame_000962,-1.0,1.1371,99.7518,3.8833,104.7734,-1,0.0, -> [background only]
frame_000963,-1.0,3.3502,99.5251,4.0765,106.9541,-1,0.0, -> [background only]
frame_000964,-1.0,1.5997,98.9414,5.4963,106.0389,-1,0.0, -> [background only]
frame_000965,-1.0,1.3688,95.5167,4.0575,100.9445,-1,0.0, -> [background only]
frame_000966,-1.0,1.416,97.2397,3.9213,102.5786,-1,0.0, -> [background only]
frame_000967,-1.0,2.8836,98.622,3.9123,105.4194,-1,0.0, -> [background only]
frame_000968,-1.0,1.3541,104.0031,4.0227,109.3822,-1,0.0, -> [background only]
frame_000969,-1.0,2.2971,100.9236,4.0758,107.2984,-1,0.0, -> [background only]
frame_000970,-1.0,2.3713,99.3398,4.0631,105.7755,-1,0.0, -> [background only]
frame_000971,-1.0,2.9654,97.0406,3.9483,103.9553,-1,0.0, -> [background only]
frame_000972,-1.0,2.1665,99.211,4.0894,105.4683,-1,0.0, -> [background only]
frame_000973,-1.0,3.3035,98.5121,3.9336,105.7506,-1,0.0, -> [background only]
frame_000974,-1.0,2.0769,99.0865,3.9807,105.1454,-1,0.0, -> [background only]
frame_000975,-1.0,2.6887,96.5572,4.0724,103.3194,-1,0.0, -> [background only]
frame_000976,-1.0,2.7072,97.4034,4.0697,104.1814,-1,0.0, -> [background only]
frame_000977,-1.0,2.7269,96.778,4.0905,103.597,-1,0.0, -> [background only]
frame_000978,-1.0,2.8519,100.9577,3.9361,107.7471,-1,0.0, -> [background only]
frame_000979,-1.0,2.5541,99.9086,3.9033,106.3669,-1,0.0, -> [background only]
frame_000980,-1.0,2.6426,98.5661,3.9745,105.1843,-1,0.0, -> [background only]
frame_000981,-1.0,2.6286,98.5618,3.9027,105.0944,-1,0.0, -> [background only]
frame_000982,-1.0,2.6112,98.5861,3.8875,105.086,-1,0.0, -> [background only]
frame_000983,-1.0,2.3479,98.0813,3.9728,104.4035,-1,0.0, -> [background only]
frame_000984,-1.0,2.0393,100.4138,3.9154,106.3699,-1,0.0, -> [background only]
frame_000985,-1.0,2.6741,99.4907,4.0004,106.1665,-1,0.0, -> [background only]
frame_000986,-1.0,2.413,98.6272,3.8515,104.8929,-1,0.0, -> [background only]
frame_000987,-1.0,2.4129,95.3024,4.0102,101.7266,-1,0.0, -> [background only]
frame_000988,-1.0,2.7713,97.1815,3.8938,103.8478,-1,0.0, -> [background only]
frame_000989,-1.0,2.5999,94.7847,4.0603,101.446,-1,0.0, -> [background only]
frame_000990,-1.0,2.8351,99.6873,3.788,106.3117,-1,0.0, -> [background only]
frame_000991,-1.0,2.5395,97.8711,3.8448,104.2565,-1,0.0, -> [background only]
frame_000992,-1.0,2.4766,101.0379,4.0689,107.5847,-1,0.0, -> [background only]
frame_000993,-1.0,2.4913,97.7279,4.18,104.4004,-1,0.0, -> [background only]
frame_000994,-1.0,2.6323,99.8394,3.9672,106.4402,-1,0.0, -> [background only]
frame_000995,-1.0,2.4205,95.1843,4.0525,101.6587,-1,0.0, -> [chair (Right): 2%]
frame_000996,-1.0,2.66,99.2049,4.015,105.8808,-1,0.0, -> [chair (Right): 2%]
frame_000997,-1.0,2.5451,98.3601,4.1699,105.0763,-1,0.0, -> [chair (Right): 4%]
frame_000998,-1.0,2.1373,97.435,4.0503,103.6239,-1,0.0, -> [chair (Right): 4%]
frame_000999,-1.0,2.3257,98.9621,4.245,105.5341,-1,0.0, -> [chair (Right): 5%]
frame_001000,-1.0,2.609,98.456,4.2497,105.316,-1,0.0, -> [chair (Right): 5%]
frame_001001,-1.0,2.4419,95.7462,4.191,102.3802,-1,0.0, -> [chair (Right): 4%]
frame_001002,-1.0,2.7415,98.749,4.2206,105.7123,-1,0.0, -> [chair (Right): 1%]
frame_001003,-1.0,3.0287,96.8726,4.0761,103.9785,-1,0.0, -> [chair (Right): 7%]
frame_001004,-1.0,2.3995,98.4987,4.1732,105.0728,-1,0.0, -> [chair (Right): 8%]
frame_001005,-1.0,2.8824,96.5149,4.2331,103.6316,-1,0.0, -> [chair (Right): 8%]
frame_001006,-1.0,2.5319,97.1882,3.9753,103.6966,-1,0.0, -> [chair (Right): 7%]
frame_001007,-1.0,2.625,95.4314,4.1591,102.2167,-1,0.0, -> [chair (Right): 9%]
frame_001008,-1.0,2.2446,98.8949,4.1515,105.2919,-1,0.0, -> [chair (Right): 11%]
frame_001009,-1.0,2.4964,97.6049,4.1045,104.2068,-1,0.0, -> [chair (Right): 12%]
frame_001010,-1.0,1.9676,98.3399,4.1876,104.4962,-1,0.0, -> [chair (Right): 12%]
frame_001011,-1.0,2.0609,97.6403,4.1467,103.8501,-1,0.0, -> [chair (Right): 14%]
frame_001012,-1.0,1.9882,97.2711,4.2301,103.4908,-1,0.0, -> [chair (Right): 16%]
frame_001013,-1.0,3.8185,97.7315,4.0032,105.5546,-1,0.0, -> [chair (Right): 16%]
frame_001014,-1.0,2.4344,98.1964,4.0631,104.6952,-1,0.0, -> [chair (Right): 17%]
frame_001015,-1.0,2.8329,100.9406,4.2061,107.9813,-1,0.0, -> [chair (Right): 18%]
frame_001016,-1.0,2.6626,99.7751,4.1025,106.5415,-1,0.0, -> [chair (Right): 16%]
frame_001017,-1.0,2.3901,101.3061,4.0942,107.7921,-1,0.0, -> [chair (Right): 17%]
frame_001018,-1.0,2.4853,96.9571,4.4053,103.849,-1,0.0," -> [chair (Right): 15%, person (Top-Right): 1%]"
frame_001019,-1.0,2.8122,94.3922,4.1219,101.3277,-1,0.0, -> [chair (Right): 14%]
frame_001020,-1.0,2.8729,96.9272,4.0593,103.8605,-1,0.0, -> [chair (Right): 16%]
frame_001021,-1.0,2.173,98.0802,4.232,104.4866,-1,0.0, -> [chair (Right): 17%]
frame_001022,-1.0,2.9468,98.8171,4.1121,105.8775,-1,0.0, -> [chair (Right): 22%]
frame_001023,-1.0,2.3314,97.766,4.2282,104.3268,-1,0.0, -> [chair (Center): 20%]
frame_001024,-1.0,2.839,101.9602,4.0377,108.8381,-1,0.0, -> [chair (Center): 23%]
frame_001025,-1.0,2.422,98.2088,4.0764,104.7083,-1,0.0, -> [chair (Center): 15%]
frame_001026,-1.0,2.4464,100.2885,4.0745,106.8111,-1,0.0, -> [chair (Center): 16%]
frame_001027,-1.0,2.3127,97.296,4.1513,103.7614,-1,0.0," -> [chair (Center): 16%, tvmonitor (Top-Right): 2%]"
frame_001028,-1.0,3.1076,98.1245,4.1031,105.337,-1,0.0, -> [chair (Center): 12%]
frame_001029,-1.0,2.0202,98.7944,4.2096,105.0264,-1,0.0, -> [chair (Center): 15%]
frame_001030,-1.0,2.2907,97.221,4.19,103.703,-1,0.0, -> [chair (Center): 13%]
frame_001031,-1.0,2.7126,96.7558,4.0612,103.5313,-1,0.0, -> [chair (Center): 13%]
frame_001032,-1.0,2.3361,100.3312,4.1339,106.8025,-1,0.0," -> [chair (Center): 12%, tvmonitor (Top-Right): 3%]"
frame_001033,-1.0,2.3585,97.3912,4.2708,104.0228,-1,0.0," -> [chair (Center): 12%, tvmonitor (Top-Right): 2%]"
frame_001034,-1.0,1.3803,101.8726,4.1698,107.424,-1,0.0," -> [chair (Center): 10%, tvmonitor (Top-Right): 1%]"
frame_001035,-1.0,2.3172,97.4319,4.3722,104.1232,-1,0.0," -> [chair (Center): 12%, tvmonitor (Top-Right): 2%]"
frame_001036,-1.0,1.7224,96.9376,4.1191,102.7802,-1,0.0," -> [chair (Center): 12%, tvmonitor (Top-Right): 6%]"
frame_001037,-1.0,1.1658,98.7168,4.2575,104.1413,-1,0.0," -> [chair (Center): 10%, tvmonitor (Top-Right): 6%]"
frame_001038,-1.0,1.1547,98.748,4.0592,103.9635,-1,0.0," -> [chair (Center): 10%, tvmonitor (Top-Right): 6%]"
frame_001039,-1.0,1.864,99.0555,4.1988,105.1197,-1,0.0, -> [chair (Center): 10%]
frame_001040,-1.0,1.6522,99.923,4.1137,105.69,-1,0.0, -> [chair (Center): 8%]
frame_001041,-1.0,1.0685,97.2405,4.1707,102.4808,-1,0.0, -> [chair (Left): 9%]
frame_001042,-1.0,2.7574,100.322,4.1456,107.226,-1,0.0, -> [chair (Left): 12%]
frame_001043,-1.0,1.3213,96.9998,4.2817,102.604,-1,0.0, -> [chair (Left): 3%]
frame_001044,-1.0,1.5018,99.6088,4.2186,105.3302,-1,0.0, -> [chair (Left): 10%]
frame_001045,-1.0,2.8207,98.9142,4.3259,106.0623,-1,0.0," -> [aeroplane (Right): 2%, chair (Left): 2%]"
frame_001046,-1.0,1.3578,100.3366,4.2023,105.8979,-1,0.0, -> [chair (Left): 7%]
frame_001047,-1.0,1.1404,100.0296,4.1147,105.2856,-1,0.0, -> [chair (Left): 7%]
frame_001048,-1.0,1.1296,98.7732,4.0847,103.9887,-1,0.0, -> [chair (Left): 6%]
frame_001049,-1.0,2.6123,99.5991,4.1993,106.412,-1,0.0," -> [chair (Left): 5%, person (Top-Right): 1%]"
frame_001050,-1.0,2.4689,100.094,4.1276,106.6915,-1,0.0, -> [chair (Left): 4%]
frame_001051,-1.0,2.6886,100.8505,4.1591,107.6994,-1,0.0, -> [chair (Left): 1%]
frame_001052,-1.0,2.9427,98.9224,4.1893,106.0558,-1,0.0, -> [chair (Left): 1%]
frame_001053,-1.0,2.0337,100.2473,4.1313,106.4141,-1,0.0, -> [person (Top-Right): 1%]
frame_001054,-1.0,2.3572,98.4543,3.9854,104.7984,-1,0.0, -> [background only]
frame_001055,-1.0,1.5712,100.4583,4.1423,106.1735,-1,0.0, -> [background only]
frame_001056,-1.0,1.562,98.2286,4.0642,103.8564,-1,0.0, -> [background only]
frame_001057,-1.0,1.5962,99.4782,5.1711,106.247,-1,0.0, -> [background only]
frame_001058,-1.0,1.252,101.0353,4.0084,106.2976,-1,0.0, -> [background only]
frame_001059,-1.0,1.5158,99.5331,3.9156,104.9661,-1,0.0, -> [background only]
frame_001060,-1.0,3.2111,101.3696,4.1085,108.6904,-1,0.0, -> [car (Right): 1%]
frame_001061,-1.0,1.0673,98.0239,4.1224,103.2149,-1,0.0, -> [car (Right): 1%]
frame_001062,-1.0,1.4064,96.3076,4.2615,101.9765,-1,0.0, -> [car (Right): 2%]
frame_001063,-1.0,1.5476,102.0236,4.1544,107.7267,-1,0.0, -> [car (Right): 2%]
frame_001064,-1.0,1.2815,101.8373,3.9749,107.0953,-1,0.0, -> [background only]
frame_001065,-1.0,1.0971,99.1588,4.0924,104.35,-1,0.0, -> [background only]
frame_001066,-1.0,3.5112,96.0424,3.9473,103.5018,-1,0.0, -> [background only]
frame_001067,-1.0,1.67,100.9702,4.1353,106.7768,-1,0.0, -> [background only]
frame_001068,-1.0,1.2637,99.2168,4.1941,104.6763,-1,0.0, -> [person (Top-Left): 1%]
frame_001069,-1.0,3.0154,100.0653,4.3423,107.4242,-1,0.0," -> [chair (Right): 7%, person (Top-Left): 1%]"
frame_001070,-1.0,1.3195,96.0375,4.0463,101.4042,-1,0.0, -> [person (Top-Left): 1%]
frame_001071,-1.0,1.0948,100.3048,4.017,105.4185,-1,0.0, -> [background only]
frame_001072,-1.0,1.424,96.7268,4.2904,102.4424,-1,0.0," -> [chair (Center): 9%, tvmonitor (Left): 1%]"
frame_001073,-1.0,1.4346,100.7707,4.1716,106.3782,-1,0.0, -> [chair (Center): 6%]
frame_001074,-1.0,1.14,96.2657,4.0816,101.4886,-1,0.0, -> [chair (Center): 10%]
frame_001075,-1.0,1.1355,97.7883,4.648,103.5734,-1,0.0, -> [chair (Center): 9%]
frame_001076,-1.0,1.2044,98.9096,4.1484,104.2638,-1,0.0," -> [car (Bottom-Right): 1%, chair (Left): 10%]"
frame_001077,-1.0,1.1467,97.8804,4.0934,103.1216,-1,0.0, -> [chair (Left): 8%]
frame_001078,-1.0,1.1039,101.0296,4.1274,106.2621,-1,0.0," -> [car (Bottom-Right): 2%, chair (Left): 8%]"
frame_001079,-1.0,1.1494,99.1946,5.411,105.7573,-1,0.0," -> [car (Bottom): 1%, chair (Left): 11%]"
frame_001080,-1.0,1.2844,97.5981,4.1832,103.067,-1,0.0," -> [car (Bottom): 2%, chair (Left): 7%]"
frame_001081,-1.0,1.2825,100.9777,5.8961,108.1577,-1,0.0," -> [car (Bottom): 2%, chair (Left): 5%]"
frame_001082,-1.0,1.2346,98.8492,4.2064,104.2915,-1,0.0," -> [car (Bottom): 1%, chair (Center): 2%]"
frame_001083,-1.0,2.2324,98.9277,4.3038,105.4651,-1,0.0, -> [car (Bottom): 2%]
frame_001084,-1.0,2.8935,95.96,4.0908,102.9455,-1,0.0, -> [car (Bottom): 2%]
frame_001085,-1.0,1.3241,97.8556,4.0461,103.2271,-1,0.0, -> [car (Bottom-Left): 2%]
frame_001086,-1.0,1.0836,100.2606,4.2105,105.556,-1,0.0," -> [car (Bottom-Left): 2%, chair (Right): 1%]"
frame_001087,-1.0,1.1359,99.2392,4.3235,104.6998,-1,0.0," -> [car (Bottom-Left): 2%, chair (Right): 1%]"
frame_001088,-1.0,1.4876,95.227,4.2947,101.0104,-1,0.0," -> [car (Bottom-Left): 2%, chair (Right): 1%]"
frame_001089,-1.0,1.1892,98.1447,5.5543,104.8897,-1,0.0," -> [car (Bottom-Left): 2%, chair (Center): 1%]"
frame_001090,-1.0,1.3194,97.8622,3.9761,103.1593,-1,0.0," -> [car (Bottom-Left): 1%, chair (Center): 1%]"
frame_001091,-1.0,1.3592,101.347,4.045,106.7523,-1,0.0, -> [background only]
frame_001092,-1.0,1.1478,102.602,4.2011,107.9521,-1,0.0, -> [chair (Center): 1%]
frame_001093,-1.0,1.0857,96.0001,3.9301,101.017,-1,0.0, -> [background only]
frame_001094,-1.0,2.3741,100.496,4.2951,107.1666,-1,0.0, -> [chair (Center): 1%]
frame_001095,-1.0,1.493,97.555,4.0054,103.0544,-1,0.0, -> [background only]
frame_001096,-1.0,1.0786,103.4986,4.1134,108.692,-1,0.0, -> [chair (Center): 1%]
frame_001097,-1.0,1.1178,101.1002,4.0847,106.3041,-1,0.0, -> [chair (Center): 2%]
frame_001098,-1.0,1.1609,100.2821,4.0759,105.5203,-1,0.0, -> [background only]
frame_001099,-1.0,1.6837,99.5481,4.1745,105.4074,-1,0.0, -> [chair (Left): 1%]
frame_001100,-1.0,1.4663,96.206,4.1485,101.8242,-1,0.0, -> [chair (Left): 1%]
frame_001101,-1.0,1.1189,95.1487,4.093,100.3619,-1,0.0, -> [chair (Left): 1%]
frame_001102,-1.0,1.7465,100.1822,3.9403,105.8699,-1,0.0, -> [background only]
frame_001103,-1.0,2.3822,102.0222,4.0252,108.4307,-1,0.0, -> [chair (Left): 1%]
frame_001104,-1.0,3.3431,98.813,4.2029,106.3601,-1,0.0, -> [chair (Center): 1%]
frame_001105,-1.0,1.545,98.2755,4.1186,103.9404,-1,0.0, -> [chair (Left): 1%]
frame_001106,-1.0,1.1596,96.9474,4.0434,102.1514,-1,0.0, -> [chair (Center): 1%]
frame_001107,-1.0,1.0879,97.8826,3.9969,102.9685,-1,0.0, -> [chair (Left): 1%]
frame_001108,-1.0,1.9818,99.0659,4.0903,105.1394,-1,0.0, -> [chair (Left): 1%]
frame_001109,-1.0,1.8859,99.6066,4.2312,105.7247,-1,0.0, -> [chair (Left): 1%]
frame_001110,-1.0,1.3511,99.5054,4.208,105.0657,-1,0.0, -> [chair (Left): 1%]
frame_001111,-1.0,2.497,101.3263,5.7854,109.6103,-1,0.0, -> [chair (Left): 1%]
frame_001112,-1.0,1.7452,96.1611,4.135,102.0427,-1,0.0, -> [chair (Left): 1%]
frame_001113,-1.0,1.2495,101.7835,4.1052,107.1393,-1,0.0, -> [chair (Left): 1%]
frame_001114,-1.0,1.1833,96.9891,4.0525,102.2265,-1,0.0, -> [background only]
frame_001115,-1.0,1.11,100.762,4.0613,105.9348,-1,0.0, -> [background only]
frame_001116,-1.0,1.1497,95.9148,4.2252,101.2911,-1,0.0, -> [background only]
frame_001117,-1.0,1.6908,99.7363,4.0105,105.439,-1,0.0, -> [background only]
frame_001118,-1.0,1.1601,94.8687,3.9947,100.0249,-1,0.0, -> [background only]
frame_001119,-1.0,1.1154,99.0681,4.2508,104.4359,-1,0.0," -> [cat (Center): 2%, chair (Left): 1%]"
frame_001120,-1.0,1.4682,104.2024,3.9929,109.6647,-1,0.0, -> [background only]
frame_001121,-1.0,1.0883,97.6124,3.9333,102.6362,-1,0.0, -> [background only]
frame_001122,-1.0,1.8645,99.0778,4.1397,105.0831,-1,0.0, -> [chair (Left): 1%]
frame_001123,-1.0,1.5084,99.6221,4.1573,105.2893,-1,0.0, -> [chair (Left): 1%]
frame_001124,-1.0,1.3556,97.7261,4.1589,103.2423,-1,0.0, -> [chair (Left): 1%]
frame_001125,-1.0,1.474,96.7407,4.2862,102.5024,-1,0.0, -> [chair (Left): 1%]
frame_001126,-1.0,2.4348,99.6301,4.1542,106.2213,-1,0.0, -> [chair (Left): 1%]
frame_001127,-1.0,2.3149,98.2138,5.1059,105.6368,-1,0.0, -> [chair (Left): 1%]
frame_001128,-1.0,1.3802,96.1578,4.1836,101.7232,-1,0.0, -> [chair (Left): 1%]
frame_001129,-1.0,1.1429,98.8183,4.4933,104.4563,-1,0.0, -> [chair (Left): 3%]
frame_001130,-1.0,3.2515,99.9505,4.1044,107.3084,-1,0.0, -> [chair (Center): 5%]
frame_001131,-1.0,1.2852,100.8731,5.4086,107.5686,-1,0.0, -> [chair (Left): 4%]
frame_001132,-1.0,1.2623,99.8517,4.0639,105.1796,-1,0.0, -> [chair (Left): 3%]
frame_001133,-1.0,1.0797,98.7149,3.979,103.7746,-1,0.0, -> [chair (Left): 5%]
frame_001134,-1.0,1.1795,96.711,4.2687,102.1607,-1,0.0, -> [chair (Center): 7%]
frame_001135,-1.0,1.5002,96.9601,4.1546,102.6161,-1,0.0, -> [chair (Left): 7%]
frame_001136,-1.0,1.7723,102.3962,4.1113,108.2811,-1,0.0, -> [chair (Left): 7%]
frame_001137,-1.0,1.1509,99.9174,4.1974,105.267,-1,0.0, -> [chair (Left): 6%]
frame_001138,-1.0,1.582,96.7148,4.1799,102.4778,-1,0.0, -> [chair (Left): 6%]
frame_001139,-1.0,1.5389,103.3398,4.0325,108.9134,-1,0.0, -> [chair (Left): 5%]
frame_001140,-1.0,2.509,101.1807,4.2414,107.9329,-1,0.0, -> [chair (Left): 4%]
frame_001141,-1.0,2.7096,99.8378,4.1005,106.6492,-1,0.0, -> [chair (Left): 4%]
frame_001142,-1.0,1.3725,97.2108,4.2893,102.8743,-1,0.0, -> [chair (Center): 5%]
frame_001143,-1.0,1.6757,97.5212,5.7197,104.9183,-1,0.0, -> [chair (Center): 6%]
frame_001144,-1.0,1.2435,100.3068,4.0824,105.6339,-1,0.0, -> [chair (Center): 1%]
frame_001145,-1.0,1.0975,100.0634,4.2229,105.3854,-1,0.0, -> [chair (Center): 7%]
frame_001146,-1.0,2.2324,98.2081,3.9842,104.4266,-1,0.0, -> [background only]
frame_001147,-1.0,1.3172,97.7045,4.1601,103.1831,-1,0.0, -> [background only]
frame_001148,-1.0,1.4913,99.0731,4.3142,104.8811,-1,0.0, -> [chair (Center): 7%]
frame_001149,-1.0,1.4893,96.8052,4.1164,102.4123,-1,0.0, -> [chair (Center): 7%]
frame_001150,-1.0,1.145,96.3531,4.1032,101.6025,-1,0.0, -> [chair (Center): 6%]
frame_001151,-1.0,1.1487,98.4595,3.8888,103.4983,-1,0.0, -> [background only]
frame_001152,-1.0,1.1544,98.2858,3.9968,103.4383,-1,0.0, -> [background only]
frame_001153,-1.0,1.1494,100.7104,4.0542,105.9158,-1,0.0, -> [background only]
frame_001154,-1.0,1.3925,96.2026,4.0796,101.6761,-1,0.0, -> [background only]
frame_001155,-1.0,1.1632,100.2681,3.9521,105.3846,-1,0.0, -> [background only]
frame_001156,-1.0,1.2182,100.9822,3.8903,106.0922,-1,0.0, -> [background only]
frame_001157,-1.0,1.1156,100.0622,4.1177,105.2967,-1,0.0, -> [chair (Left): 1%]
frame_001158,-1.0,1.1722,97.6036,4.1739,102.9506,-1,0.0, -> [chair (Center): 16%]
frame_001159,-1.0,1.4809,99.9616,4.2693,105.713,-1,0.0, -> [chair (Center): 13%]
frame_001160,-1.0,1.1363,96.9021,4.3108,102.3503,-1,0.0, -> [chair (Left): 3%]
frame_001161,-1.0,1.4707,98.1032,4.1602,103.7351,-1,0.0, -> [chair (Left): 4%]
frame_001162,-1.0,1.1161,102.0098,4.0339,107.1612,-1,0.0, -> [chair (Center): 6%]
frame_001163,-1.0,1.1337,99.729,4.1901,105.0536,-1,0.0, -> [chair (Left): 5%]
frame_001164,-1.0,1.2334,98.4352,4.1736,103.8431,-1,0.0, -> [chair (Left): 6%]
frame_001165,-1.0,1.5963,97.8483,4.3807,103.8267,-1,0.0, -> [chair (Left): 7%]
frame_001166,-1.0,1.1909,95.4906,4.0826,100.7657,-1,0.0, -> [chair (Center): 9%]
frame_001167,-1.0,1.1293,98.3393,5.3091,104.7801,-1,0.0, -> [chair (Center): 6%]
frame_001168,-1.0,1.1298,95.1618,4.0012,100.2942,-1,0.0, -> [chair (Left): 5%]
frame_001169,-1.0,1.147,100.2726,4.2884,105.7104,-1,0.0, -> [chair (Center): 7%]
frame_001170,-1.0,1.4978,101.6015,4.0588,107.1603,-1,0.0, -> [chair (Center): 8%]
frame_001171,-1.0,1.0979,99.1684,4.0624,104.3303,-1,0.0, -> [chair (Center): 7%]
frame_001172,-1.0,1.2199,100.9815,4.1211,106.3239,-1,0.0, -> [chair (Center): 7%]
frame_001173,-1.0,1.4894,99.5477,4.2278,105.266,-1,0.0, -> [chair (Center): 8%]
frame_001174,-1.0,1.3528,100.488,4.0045,105.8466,-1,0.0, -> [chair (Center): 8%]
frame_001175,-1.0,1.128,100.227,4.1385,105.4955,-1,0.0, -> [chair (Center): 9%]
frame_001176,-1.0,1.1505,96.2941,4.211,101.6566,-1,0.0, -> [chair (Center): 8%]
frame_001177,-1.0,1.5051,97.9381,4.068,103.5136,-1,0.0, -> [chair (Center): 8%]
frame_001178,-1.0,1.1393,102.9426,4.0934,108.1767,-1,0.0, -> [chair (Center): 8%]
frame_001179,-1.0,1.1264,101.1688,4.2264,106.5232,-1,0.0, -> [chair (Right): 9%]
frame_001180,-1.0,1.4229,101.9426,4.0515,107.418,-1,0.0, -> [chair (Right): 7%]
frame_001181,-1.0,1.1857,97.6959,4.1731,103.0562,-1,0.0, -> [chair (Right): 8%]
frame_001182,-1.0,1.1586,95.5144,4.2604,100.9349,-1,0.0, -> [chair (Right): 11%]
frame_001183,-1.0,1.5107,96.5518,4.4865,102.5505,-1,0.0, -> [chair (Right): 10%]
frame_001184,-1.0,1.3821,98.833,4.2852,104.5023,-1,0.0, -> [chair (Right): 13%]
frame_001185,-1.0,1.4452,96.8627,4.1837,102.4931,-1,0.0, -> [chair (Right): 8%]
frame_001186,-1.0,1.7247,99.2293,4.0981,105.0535,-1,0.0, -> [chair (Top-Right): 5%]
frame_001187,-1.0,1.5348,101.0677,4.0556,106.6594,-1,0.0," -> [chair (Right): 5%, diningtable (Bottom): 2%]"
frame_001188,-1.0,2.2524,99.3339,4.2594,105.848,-1,0.0, -> [diningtable (Bottom): 3%]
frame_001189,-1.0,2.6545,97.133,4.3623,104.1514,-1,0.0," -> [chair (Right): 5%, diningtable (Bottom): 4%]"
frame_001190,-1.0,3.4839,98.503,4.3357,106.3241,-1,0.0," -> [chair (Bottom-Right): 1%, diningtable (Bottom-Right): 7%]"
frame_001191,-1.0,2.8238,98.9884,4.1195,105.933,-1,0.0," -> [chair (Bottom-Right): 1%, diningtable (Bottom-Right): 7%]"
frame_001192,-1.0,2.4407,100.3802,4.1963,107.0191,-1,0.0, -> [diningtable (Bottom-Right): 7%]
frame_001193,-1.0,2.6237,97.6073,4.1783,104.4103,-1,0.0, -> [diningtable (Bottom-Right): 7%]
frame_001194,-1.0,1.3627,97.5404,4.0739,102.9784,-1,0.0, -> [diningtable (Bottom-Right): 2%]
frame_001195,-1.0,1.1575,98.9454,4.2985,104.4028,-1,0.0, -> [diningtable (Bottom-Right): 1%]
frame_001196,-1.0,1.3235,97.5326,4.0389,102.8963,-1,0.0, -> [background only]
frame_001197,-1.0,1.1075,95.6389,4.1516,100.8999,-1,0.0, -> [diningtable (Bottom-Right): 1%]
frame_001198,-1.0,1.1742,98.6564,3.9671,103.7991,-1,0.0, -> [background only]
frame_001199,-1.0,1.1392,99.6211,4.0266,104.7881,-1,0.0, -> [background only]
frame_001200,-1.0,1.1342,96.2142,3.9575,101.3071,-1,0.0, -> [background only]
frame_001201,-1.0,1.6383,98.7291,3.9305,104.2992,-1,0.0, -> [background only]
frame_001202,-1.0,1.5122,101.5179,3.9875,107.02,-1,0.0, -> [background only]
frame_001203,-1.0,1.128,103.5503,4.1836,108.8631,-1,0.0, -> [background only]
frame_001204,-1.0,1.3867,95.2032,4.0343,100.6256,-1,0.0, -> [background only]
frame_001205,-1.0,1.4956,97.4931,4.0607,103.0509,-1,0.0, -> [background only]
frame_001206,-1.0,1.1843,100.379,3.941,105.5059,-1,0.0, -> [background only]
frame_001207,-1.0,1.1229,99.784,4.2123,105.1208,-1,0.0, -> [background only]
frame_001208,-1.0,1.4578,98.5366,4.1092,104.1048,-1,0.0, -> [background only]
frame_001209,-1.0,1.5058,99.5054,4.045,105.058,-1,0.0, -> [background only]
frame_001210,-1.0,1.3879,95.4527,3.9376,100.7795,-1,0.0, -> [background only]
frame_001211,-1.0,1.1065,99.8186,3.8547,104.7809,-1,0.0, -> [background only]
frame_001212,-1.0,1.1395,101.0312,3.9962,106.1681,-1,0.0, -> [background only]
frame_001213,-1.0,1.1093,100.0494,4.9271,106.0875,-1,0.0, -> [background only]
frame_001214,-1.0,1.3963,100.4995,4.1047,106.0029,-1,0.0, -> [background only]
frame_001215,-1.0,1.0755,96.038,4.0524,101.1676,-1,0.0, -> [background only]
frame_001216,-1.0,3.6251,101.71,3.9838,109.3208,-1,0.0, -> [background only]
frame_001217,-1.0,1.1544,99.915,3.9795,105.05,-1,0.0, -> [background only]
frame_001218,-1.0,2.7411,96.7937,4.1594,103.6965,-1,0.0, -> [background only]
frame_001219,-1.0,1.746,100.3424,4.0757,106.1654,-1,0.0, -> [background only]
frame_001220,-1.0,1.3778,99.2182,3.9661,104.5636,-1,0.0, -> [background only]
frame_001221,-1.0,1.0763,100.3976,3.9103,105.3855,-1,0.0, -> [background only]
frame_001222,-1.0,1.2994,98.2576,3.9725,103.5309,-1,0.0, -> [background only]
frame_001223,-1.0,1.1021,99.2375,3.919,104.2599,-1,0.0, -> [background only]
frame_001224,-1.0,2.8004,95.9996,4.0484,102.8497,-1,0.0, -> [background only]
frame_001225,-1.0,1.8028,100.8986,4.8307,107.5343,-1,0.0, -> [background only]
frame_001226,-1.0,1.1419,98.1932,3.9698,103.306,-1,0.0, -> [background only]
frame_001227,-1.0,1.1456,99.3159,4.319,104.7817,-1,0.0, -> [background only]
frame_001228,-1.0,1.2113,95.2669,3.9771,100.457,-1,0.0, -> [background only]
frame_001229,-1.0,1.1698,98.4369,4.0461,103.6541,-1,0.0, -> [background only]
frame_001230,-1.0,1.1205,101.5273,4.0433,106.6928,-1,0.0, -> [background only]
frame_001231,-1.0,1.6245,100.0463,4.0441,105.7163,-1,0.0, -> [background only]
frame_001232,-1.0,1.1993,97.1189,4.0001,102.3196,-1,0.0, -> [background only]
frame_001233,-1.0,1.3763,100.7109,4.1497,106.2382,-1,0.0, -> [background only]
frame_001234,-1.0,3.1474,99.7971,4.086,107.0322,-1,0.0, -> [chair (Left): 1%]
frame_001235,-1.0,1.3476,95.5584,4.0366,100.9441,-1,0.0, -> [background only]
frame_001236,-1.0,1.1362,100.5147,3.9308,105.5831,-1,0.0, -> [background only]
frame_001237,-1.0,1.1005,102.4043,4.0419,107.5481,-1,0.0, -> [background only]
frame_001238,-1.0,2.7864,98.1818,4.0533,105.0231,-1,0.0, -> [background only]
frame_001239,-1.0,1.5694,97.816,4.0295,103.4159,-1,0.0, -> [chair (Left): 3%]
frame_001240,-1.0,1.2719,98.8853,4.0862,104.2445,-1,0.0, -> [chair (Left): 3%]
frame_001241,-1.0,1.3351,100.0023,4.1286,105.4673,-1,0.0, -> [chair (Left): 3%]
frame_001242,-1.0,1.3387,103.9051,4.2834,109.5293,-1,0.0, -> [chair (Left): 3%]
frame_001243,-1.0,1.5426,99.1846,4.0042,104.7328,-1,0.0, -> [chair (Left): 2%]
frame_001244,-1.0,1.1232,98.6412,3.9441,103.7094,-1,0.0, -> [chair (Left): 3%]
frame_001245,-1.0,1.0731,99.9002,4.14,105.1141,-1,0.0, -> [chair (Left): 2%]
frame_001246,-1.0,1.1111,101.0327,4.0129,106.1578,-1,0.0, -> [chair (Left): 3%]
frame_001247,-1.0,1.0522,98.5308,4.2338,103.818,-1,0.0, -> [chair (Left): 3%]
frame_001248,-1.0,1.0979,94.8054,4.1288,100.0332,-1,0.0, -> [background only]
frame_001249,-1.0,1.1146,100.2588,4.2151,105.5895,-1,0.0, -> [chair (Left): 1%]
frame_001250,-1.0,1.1974,99.271,4.0174,104.4866,-1,0.0, -> [chair (Left): 1%]
frame_001251,-1.0,1.1308,101.36,4.1284,106.6203,-1,0.0, -> [chair (Left): 2%]
frame_001252,-1.0,1.1938,100.9316,4.0005,106.1277,-1,0.0, -> [background only]
frame_001253,-1.0,2.1741,100.7673,4.1711,107.1133,-1,0.0, -> [background only]
frame_001254,-1.0,1.5805,97.9935,3.9779,103.5532,-1,0.0, -> [background only]
frame_001255,-1.0,1.1435,100.472,4.0146,105.6312,-1,0.0, -> [background only]
frame_001256,-1.0,1.1576,96.7857,4.0932,102.038,-1,0.0, -> [background only]
frame_001257,-1.0,1.4368,98.0276,3.889,103.3545,-1,0.0, -> [background only]
frame_001258,-1.0,1.1328,96.7935,4.0832,102.0109,-1,0.0, -> [background only]
frame_001259,-1.0,2.5844,99.1293,3.9686,105.6835,-1,0.0, -> [background only]
frame_001260,-1.0,1.3857,96.5766,4.0019,101.9688,-1,0.0, -> [background only]
frame_001261,-1.0,1.4669,99.4937,4.1247,105.0864,-1,0.0, -> [background only]
frame_001262,-1.0,1.1445,98.1437,4.002,103.2925,-1,0.0, -> [background only]
frame_001263,-1.0,1.1522,99.0566,4.7017,104.9129,-1,0.0, -> [background only]
frame_001264,-1.0,1.234,98.9518,4.0768,104.2653,-1,0.0, -> [background only]
frame_001265,-1.0,1.678,97.6941,4.0139,103.3875,-1,0.0, -> [background only]
frame_001266,-1.0,1.5274,99.6036,4.1761,105.3094,-1,0.0, -> [background only]
frame_001267,-1.0,1.1644,98.7649,4.1351,104.0663,-1,0.0, -> [background only]
frame_001268,-1.0,1.6384,98.4498,3.9391,104.0292,-1,0.0, -> [background only]
frame_001269,-1.0,1.1219,98.9456,4.2556,104.3244,-1,0.0, -> [background only]
frame_001270,-1.0,1.2782,98.2392,4.0734,103.5922,-1,0.0, -> [background only]
frame_001271,-1.0,1.614,95.1102,4.0389,100.7652,-1,0.0, -> [background only]
frame_001272,-1.0,1.7911,100.2156,3.9409,105.949,-1,0.0, -> [background only]
frame_001273,-1.0,1.4846,99.3597,4.0463,104.892,-1,0.0, -> [background only]
frame_001274,-1.0,3.0419,98.3487,3.9376,105.3296,-1,0.0, -> [background only]
frame_001275,-1.0,2.4221,99.5848,3.9232,105.9318,-1,0.0, -> [background only]
frame_001276,-1.0,3.1962,102.3251,4.0873,109.6108,-1,0.0, -> [background only]
frame_001277,-1.0,1.525,99.2127,3.9897,104.7285,-1,0.0, -> [background only]
frame_001278,-1.0,1.1255,95.6163,4.1188,100.862,-1,0.0, -> [background only]
frame_001279,-1.0,1.6065,101.1687,4.0611,106.8378,-1,0.0, -> [background only]
frame_001280,-1.0,1.1527,100.1148,3.9618,105.2307,-1,0.0, -> [background only]
frame_001281,-1.0,1.0942,98.9816,3.9201,103.997,-1,0.0, -> [background only]
frame_001282,-1.0,1.1743,99.7731,4.0957,105.0449,-1,0.0, -> [background only]
frame_001283,-1.0,1.6043,100.7627,3.9191,106.2875,-1,0.0, -> [background only]
frame_001284,-1.0,2.3784,99.0835,4.1551,105.6191,-1,0.0, -> [background only]
frame_001285,-1.0,1.6029,98.1717,3.9029,103.6786,-1,0.0, -> [background only]
frame_001286,-1.0,1.1203,101.9238,3.9438,106.9892,-1,0.0, -> [background only]
frame_001287,-1.0,1.111,95.3451,3.969,100.4265,-1,0.0, -> [background only]
frame_001288,-1.0,2.8434,95.0084,3.8841,101.7375,-1,0.0, -> [background only]
frame_001289,-1.0,1.3608,99.746,4.0307,105.1385,-1,0.0, -> [background only]
frame_001290,-1.0,1.0972,94.8678,4.0674,100.034,-1,0.0, -> [background only]
frame_001291,-1.0,1.6228,94.5241,4.0707,100.2193,-1,0.0, -> [background only]
frame_001292,-1.0,1.8058,100.0413,4.054,105.9028,-1,0.0, -> [background only]
frame_001293,-1.0,1.6668,100.7257,4.7079,107.1021,-1,0.0, -> [background only]
frame_001294,-1.0,1.6369,99.403,3.9563,104.9974,-1,0.0, -> [background only]
frame_001295,-1.0,1.0527,97.8371,4.0676,102.9588,-1,0.0, -> [background only]
frame_001296,-1.0,3.4932,100.2717,3.9837,107.7501,-1,0.0, -> [background only]
frame_001297,-1.0,1.0704,103.2939,4.1441,108.5098,-1,0.0, -> [background only]
frame_001298,-1.0,1.4236,97.7957,4.0562,103.2771,-1,0.0, -> [background only]
frame_001299,-1.0,1.3482,98.1305,4.0391,103.5191,-1,0.0, -> [background only]
frame_001300,-1.0,1.8014,103.4209,3.9207,109.1446,-1,0.0, -> [background only]
frame_001301,-1.0,1.0878,99.6163,4.1159,104.8211,-1,0.0, -> [background only]
frame_001302,-1.0,1.0746,96.5364,3.9352,101.5477,-1,0.0, -> [background only]
frame_001303,-1.0,1.0977,95.9978,4.6537,101.7507,-1,0.0, -> [background only]
frame_001304,-1.0,1.3929,95.9883,3.972,101.3546,-1,0.0, -> [background only]
frame_001305,-1.0,1.1306,98.6375,3.966,103.7357,-1,0.0, -> [background only]
frame_001306,-1.0,1.1553,101.9308,3.8733,106.9606,-1,0.0, -> [background only]
frame_001307,-1.0,1.1618,100.1053,4.9619,106.2309,-1,0.0, -> [background only]
frame_001308,-1.0,1.4434,97.6425,3.9334,103.021,-1,0.0, -> [background only]
frame_001309,-1.0,1.1307,100.235,4.0904,105.4577,-1,0.0, -> [background only]
frame_001310,-1.0,1.2757,103.7874,4.1196,109.1841,-1,0.0, -> [background only]
frame_001311,-1.0,1.5482,98.6106,3.9934,104.1535,-1,0.0, -> [background only]
frame_001312,-1.0,1.178,97.0446,4.0658,102.2902,-1,0.0, -> [background only]
frame_001313,-1.0,1.1589,101.0087,4.034,106.2028,-1,0.0, -> [background only]
frame_001314,-1.0,1.16,96.0543,4.0845,101.2999,-1,0.0, -> [background only]
frame_001315,-1.0,2.5726,99.1442,3.9381,105.6566,-1,0.0, -> [background only]
frame_001316,-1.0,1.4615,100.6743,3.9913,106.1286,-1,0.0, -> [background only]
frame_001317,-1.0,1.1519,100.3862,3.8947,105.434,-1,0.0, -> [background only]
frame_001318,-1.0,1.1943,96.5907,4.0314,101.8183,-1,0.0, -> [background only]
frame_001319,-1.0,1.6478,100.9125,4.1153,106.6778,-1,0.0, -> [background only]
frame_001320,-1.0,1.374,97.8968,3.8661,103.1389,-1,0.0, -> [background only]
frame_001321,-1.0,1.4575,99.651,4.0068,105.1167,-1,0.0, -> [background only]
frame_001322,-1.0,1.2068,101.9706,4.0646,107.2441,-1,0.0, -> [background only]
frame_001323,-1.0,1.3494,98.6079,3.9419,103.9008,-1,0.0, -> [background only]
frame_001324,-1.0,1.1512,99.1294,4.0569,104.34,-1,0.0, -> [background only]
frame_001325,-1.0,1.5573,99.252,4.1693,104.9796,-1,0.0, -> [background only]
frame_001326,-1.0,1.1707,100.5542,3.9149,105.6417,-1,0.0, -> [background only]
frame_001327,-1.0,1.0685,98.581,4.027,103.6776,-1,0.0, -> [background only]
frame_001328,-1.0,1.1882,97.6089,4.0407,102.8391,-1,0.0, -> [background only]
frame_001329,-1.0,1.5033,95.068,4.6286,101.2016,-1,0.0, -> [background only]
frame_001330,-1.0,3.0405,97.653,4.1174,104.813,-1,0.0, -> [background only]
frame_001331,-1.0,1.8142,100.9866,3.9177,106.7198,-1,0.0, -> [background only]
frame_001332,-1.0,1.1993,99.4541,3.9777,104.6321,-1,0.0, -> [background only]
frame_001333,-1.0,1.0845,97.6913,5.389,104.1664,-1,0.0, -> [background only]
frame_001334,-1.0,1.3858,99.3691,4.0258,104.782,-1,0.0, -> [background only]
frame_001335,-1.0,1.5208,98.9318,4.0308,104.4851,-1,0.0, -> [background only]
frame_001336,-1.0,1.2205,99.0278,4.0192,104.269,-1,0.0, -> [background only]
frame_001337,-1.0,1.4588,99.7299,4.0309,105.2205,-1,0.0, -> [background only]
frame_001338,-1.0,1.2049,96.8752,3.8857,101.9677,-1,0.0, -> [background only]
frame_001339,-1.0,1.0964,100.3659,4.2422,105.7067,-1,0.0, -> [background only]
frame_001340,-1.0,1.4796,98.4078,3.9658,103.8544,-1,0.0, -> [background only]
frame_001341,-1.0,1.0981,98.9088,4.3788,104.3871,-1,0.0, -> [background only]
frame_001342,-1.0,1.1626,95.1018,3.9303,100.1961,-1,0.0, -> [background only]
frame_001343,-1.0,1.3025,97.1151,4.0733,102.4923,-1,0.0, -> [background only]
frame_001344,-1.0,1.5667,99.424,4.0349,105.0265,-1,0.0, -> [background only]
frame_001345,-1.0,1.5039,97.95,3.9786,103.434,-1,0.0, -> [background only]
frame_001346,-1.0,2.7655,101.1839,3.9989,107.9496,-1,0.0, -> [background only]
frame_001347,-1.0,1.3191,95.4751,3.8594,100.6546,-1,0.0, -> [background only]
frame_001348,-1.0,1.1356,103.0623,4.0005,108.1998,-1,0.0, -> [background only]
frame_001349,-1.0,1.1254,96.1705,3.984,101.2809,-1,0.0, -> [background only]
frame_001350,-1.0,1.6403,98.988,4.0464,104.6759,-1,0.0, -> [background only]
frame_001351,-1.0,1.6881,101.1759,3.9832,106.8481,-1,0.0, -> [background only]
frame_001352,-1.0,2.4355,98.9392,3.8235,105.1995,-1,0.0, -> [background only]
frame_001353,-1.0,1.0687,97.3279,4.0889,102.4882,-1,0.0, -> [background only]
frame_001354,-1.0,1.3994,100.6666,4.1454,106.213,-1,0.0, -> [background only]
frame_001355,-1.0,1.2726,96.8749,4.013,102.1619,-1,0.0, -> [background only]
frame_001356,-1.0,1.132,98.1873,3.9458,103.2667,-1,0.0, -> [background only]
frame_001357,-1.0,1.0977,96.99,4.1153,102.205,-1,0.0, -> [background only]
frame_001358,-1.0,1.6797,98.3138,3.9331,103.9279,-1,0.0, -> [background only]
frame_001359,-1.0,1.1246,99.9721,4.0678,105.1675,-1,0.0, -> [background only]
frame_001360,-1.0,1.701,99.7321,3.8786,105.3131,-1,0.0, -> [background only]
frame_001361,-1.0,1.1968,97.6522,3.9002,102.7505,-1,0.0, -> [background only]
frame_001362,-1.0,1.1393,98.6027,4.0056,103.7488,-1,0.0, -> [background only]
frame_001363,-1.0,1.1183,98.3729,3.9612,103.4537,-1,0.0, -> [background only]
frame_001364,-1.0,1.1363,99.7662,4.0039,104.9074,-1,0.0, -> [background only]
frame_001365,-1.0,1.0921,97.2383,4.0583,102.3902,-1,0.0, -> [background only]
frame_001366,-1.0,1.6599,100.3427,3.9816,105.9856,-1,0.0, -> [background only]
frame_001367,-1.0,1.1202,96.675,4.0349,101.8318,-1,0.0, -> [background only]
frame_001368,-1.0,1.1427,99.0575,3.825,104.0262,-1,0.0, -> [background only]
frame_001369,-1.0,2.2559,97.2508,4.2828,103.7917,-1,0.0, -> [background only]
frame_001370,-1.0,1.724,98.0772,3.9518,103.7547,-1,0.0, -> [background only]
frame_001371,-1.0,1.0877,97.043,4.0299,102.162,-1,0.0, -> [background only]
frame_001372,-1.0,1.53,100.1109,3.9984,105.6403,-1,0.0, -> [background only]
frame_001373,-1.0,1.1676,95.5426,4.0332,100.7448,-1,0.0, -> [background only]
frame_001374,-1.0,1.5376,98.5189,4.0926,104.1506,-1,0.0, -> [background only]
frame_001375,-1.0,1.3702,95.6388,4.1026,101.1138,-1,0.0, -> [background only]
frame_001376,-1.0,1.5066,99.7122,4.2399,105.4599,-1,0.0, -> [background only]
frame_001377,-1.0,1.3949,98.3182,4.0662,103.7811,-1,0.0, -> [background only]
frame_001378,-1.0,1.3457,101.302,4.1916,106.8413,-1,0.0, -> [background only]
frame_001379,-1.0,2.5383,98.4048,4.0987,105.0432,-1,0.0, -> [background only]
frame_001380,-1.0,1.4918,96.9149,4.9977,103.4059,-1,0.0, -> [background only]
frame_001381,-1.0,1.4412,99.0022,3.9942,104.4389,-1,0.0, -> [background only]
frame_001382,-1.0,1.1448,99.724,4.1403,105.0098,-1,0.0, -> [background only]
frame_001383,-1.0,1.1618,96.3367,4.1555,101.6559,-1,0.0, -> [background only]
frame_001384,-1.0,1.5496,99.8405,3.9675,105.3588,-1,0.0, -> [background only]
frame_001385,-1.0,1.1786,100.5097,3.9794,105.6687,-1,0.0, -> [background only]
frame_001386,-1.0,1.135,98.7758,3.9699,103.8818,-1,0.0, -> [background only]
frame_001387,-1.0,1.1466,97.7651,4.0497,102.9631,-1,0.0, -> [background only]
frame_001388,-1.0,1.4498,97.7943,4.0067,103.2517,-1,0.0, -> [background only]
frame_001389,-1.0,1.1307,99.6153,3.9605,104.7077,-1,0.0, -> [background only]
frame_001390,-1.0,1.118,98.2596,4.0713,103.4499,-1,0.0, -> [background only]
frame_001391,-1.0,1.1247,94.7524,4.0767,99.9552,-1,0.0, -> [background only]
frame_001392,-1.0,1.5684,96.6256,4.1182,102.3139,-1,0.0, -> [background only]
frame_001393,-1.0,1.8456,100.6108,4.0083,106.4662,-1,0.0, -> [background only]
frame_001394,-1.0,1.1144,100.7947,3.9579,105.8685,-1,0.0, -> [background only]
frame_001395,-1.0,1.1436,98.1481,4.0325,103.3266,-1,0.0, -> [background only]
frame_001396,-1.0,1.6701,100.606,3.8969,106.1741,-1,0.0, -> [background only]
frame_001397,-1.0,1.1671,95.8308,4.2009,101.2001,-1,0.0, -> [chair (Top-Right): 4%]
frame_001398,-1.0,1.5641,98.8623,4.1312,104.5595,-1,0.0, -> [chair (Right): 11%]
frame_001399,-1.0,1.3538,99.9769,4.0675,105.3996,-1,0.0, -> [chair (Top-Right): 6%]
frame_001400,-1.0,1.0943,100.2927,4.3326,105.721,-1,0.0, -> [chair (Right): 13%]
frame_001401,-1.0,2.6375,99.0545,4.179,105.8731,-1,0.0, -> [chair (Right): 19%]
frame_001402,-1.0,1.8243,100.1194,4.3159,106.261,-1,0.0," -> [bicycle (Right): 3%, chair (Right): 12%]"
frame_001403,-1.0,1.437,101.1096,4.2352,106.7838,-1,0.0, -> [chair (Center): 19%]
frame_001404,-1.0,1.3359,100.8958,4.1896,106.4226,-1,0.0, -> [chair (Center): 16%]
frame_001405,-1.0,1.169,96.3456,4.0703,101.5862,-1,0.0, -> [chair (Center): 20%]
frame_001406,-1.0,1.0387,98.2286,4.1708,103.4395,-1,0.0, -> [chair (Center): 21%]
frame_001407,-1.0,1.4004,104.9589,4.2019,110.5627,-1,0.0, -> [chair (Center): 19%]
frame_001408,-1.0,1.1078,97.4872,4.1455,102.7416,-1,0.0, -> [chair (Center): 18%]
frame_001409,-1.0,1.1389,96.4851,4.1954,101.8204,-1,0.0, -> [chair (Center): 16%]
frame_001410,-1.0,1.3899,99.3558,4.0861,104.8328,-1,0.0, -> [chair (Center): 16%]
frame_001411,-1.0,1.1859,98.5013,4.0549,103.7435,-1,0.0, -> [chair (Center): 16%]
frame_001412,-1.0,1.131,97.9032,4.1859,103.2208,-1,0.0, -> [chair (Center): 15%]
frame_001413,-1.0,1.1759,101.3746,4.0072,106.559,-1,0.0, -> [chair (Center): 19%]
frame_001414,-1.0,1.0972,100.4206,4.1675,105.6871,-1,0.0, -> [chair (Center): 18%]
frame_001415,-1.0,1.144,98.1156,4.2021,103.4636,-1,0.0, -> [chair (Center): 23%]
frame_001416,-1.0,1.6648,98.4553,4.1208,104.2422,-1,0.0, -> [chair (Center): 22%]
frame_001417,-1.0,1.2482,99.3305,4.12,104.7002,-1,0.0, -> [chair (Center): 15%]
frame_001418,-1.0,1.1534,100.3062,4.1958,105.6565,-1,0.0," -> [bicycle (Top-Right): 1%, chair (Center): 15%]"
frame_001419,-1.0,1.2742,99.907,4.3475,105.5303,-1,0.0," -> [bicycle (Center): 2%, chair (Center): 12%]"
frame_001420,-1.0,1.5645,99.6751,4.2325,105.4735,-1,0.0, -> [chair (Center): 17%]
frame_001421,-1.0,1.146,98.3438,4.2327,103.7242,-1,0.0," -> [bicycle (Right): 1%, chair (Center): 16%]"
frame_001422,-1.0,1.149,99.4812,4.2305,104.8619,-1,0.0," -> [chair (Center): 19%, diningtable (Bottom-Left): 1%]"
frame_001423,-1.0,1.1809,95.9009,4.2565,101.3398,-1,0.0," -> [bicycle (Right): 1%, chair (Center): 19%]"
frame_001424,-1.0,1.137,99.0142,4.3729,104.5253,-1,0.0," -> [bicycle (Right): 1%, chair (Center): 19%, diningtable (Bottom-Left): 1%]"
frame_001425,-1.0,1.1474,100.115,4.2744,105.5391,-1,0.0," -> [bicycle (Center): 1%, chair (Center): 15%]"
frame_001426,-1.0,1.5783,99.4524,4.5379,105.5696,-1,0.0," -> [bicycle (Center): 1%, chair (Center): 14%, diningtable (Bottom-Left): 1%]"
frame_001427,-1.0,1.6452,96.0662,4.0819,101.7949,-1,0.0, -> [chair (Center): 24%]
frame_001428,-1.0,2.1765,98.5977,4.1529,104.9284,-1,0.0, -> [chair (Center): 16%]
frame_001429,-1.0,1.3768,99.9039,4.1037,105.3855,-1,0.0, -> [chair (Center): 22%]
frame_001430,-1.0,1.1325,99.1562,4.453,104.7426,-1,0.0," -> [chair (Center): 21%, diningtable (Bottom-Left): 2%]"
frame_001431,-1.0,1.1444,96.6945,4.3482,102.189,-1,0.0," -> [chair (Center): 18%, diningtable (Bottom-Left): 1%]"
frame_001432,-1.0,1.6401,98.6463,4.1975,104.4855,-1,0.0, -> [chair (Center): 16%]
frame_001433,-1.0,1.1633,94.8684,4.2738,100.3068,-1,0.0," -> [chair (Center): 18%, diningtable (Bottom-Left): 3%]"
frame_001434,-1.0,1.6725,98.0511,4.2394,103.964,-1,0.0, -> [chair (Center): 16%]
frame_001435,-1.0,3.6266,102.1463,4.2919,110.0664,-1,0.0, -> [chair (Center): 19%]
frame_001436,-1.0,1.2237,98.405,4.2821,103.9119,-1,0.0," -> [chair (Center): 16%, diningtable (Bottom-Left): 2%]"
frame_001437,-1.0,1.2415,96.7734,4.1376,102.1535,-1,0.0, -> [chair (Center): 16%]
frame_001438,-1.0,1.624,100.0136,4.3471,105.9859,-1,0.0," -> [chair (Center): 14%, diningtable (Bottom-Left): 3%]"
frame_001439,-1.0,1.2245,96.2586,4.3288,101.8136,-1,0.0," -> [chair (Center): 14%, diningtable (Bottom-Left): 4%]"
frame_001440,-1.0,1.7252,97.9394,5.5387,105.2052,-1,0.0," -> [chair (Center): 15%, diningtable (Bottom-Left): 3%]"
frame_001441,-1.0,1.3475,99.2133,4.3343,104.8971,-1,0.0," -> [chair (Center): 15%, diningtable (Bottom-Left): 3%]"
frame_001442,-1.0,1.322,99.5254,4.286,105.135,-1,0.0," -> [chair (Center): 17%, diningtable (Bottom-Left): 4%]"
frame_001443,-1.0,1.4223,98.6761,4.2791,104.3789,-1,0.0," -> [chair (Center): 16%, diningtable (Bottom-Left): 4%]"
frame_001444,-1.0,1.1381,99.5402,4.1984,104.8787,-1,0.0," -> [chair (Center): 16%, diningtable (Bottom-Left): 4%]"
frame_001445,-1.0,1.1285,97.5752,4.3429,103.0481,-1,0.0," -> [chair (Center): 16%, diningtable (Bottom-Left): 4%]"
frame_001446,-1.0,1.1426,97.1129,5.0277,103.2849,-1,0.0," -> [chair (Center): 15%, diningtable (Bottom-Left): 4%]"
frame_001447,-1.0,1.2266,96.2116,4.2262,101.6659,-1,0.0," -> [chair (Center): 15%, diningtable (Bottom-Left): 4%]"
frame_001448,-1.0,1.1328,101.4848,4.3972,107.0168,-1,0.0," -> [chair (Center): 14%, diningtable (Bottom-Left): 4%]"
frame_001449,-1.0,3.5332,100.2194,4.3534,108.1073,-1,0.0," -> [bicycle (Center): 1%, chair (Center): 14%, diningtable (Bottom-Left): 4%]"
frame_001450,-1.0,1.2462,95.8735,4.3957,101.5173,-1,0.0," -> [chair (Center): 15%, diningtable (Bottom-Left): 4%]"
frame_001451,-1.0,1.3121,97.6473,4.3918,103.3524,-1,0.0," -> [chair (Center): 15%, diningtable (Bottom-Left): 4%]"
frame_001452,-1.0,1.3299,100.3244,4.3992,106.0561,-1,0.0," -> [chair (Center): 15%, diningtable (Bottom-Left): 4%]"
frame_001453,-1.0,3.3558,99.7161,4.3326,107.4062,-1,0.0," -> [chair (Center): 16%, diningtable (Bottom-Left): 4%]"
frame_001454,-1.0,1.6718,98.6348,4.2315,104.5396,-1,0.0," -> [chair (Center): 16%, diningtable (Bottom-Left): 4%]"
frame_001455,-1.0,1.1075,99.1765,4.1737,104.4592,-1,0.0," -> [chair (Center): 17%, diningtable (Bottom-Left): 4%]"
frame_001456,-1.0,1.0994,100.4908,5.0707,106.662,-1,0.0," -> [chair (Center): 16%, diningtable (Bottom-Left): 4%]"
frame_001457,-1.0,1.2234,101.3036,4.1704,106.6995,-1,0.0," -> [chair (Center): 17%, diningtable (Bottom-Left): 4%]"
frame_001458,-1.0,1.1245,101.6897,4.3346,107.1499,-1,0.0," -> [chair (Center): 16%, diningtable (Bottom-Left): 4%]"
frame_001459,-1.0,1.1503,95.7566,4.3714,101.2806,-1,0.0," -> [chair (Center): 15%, diningtable (Bottom-Left): 2%]"
frame_001460,-1.0,2.4891,98.6939,4.3058,105.4898,-1,0.0," -> [chair (Center): 15%, diningtable (Bottom-Left): 2%]"
frame_001461,-1.0,1.358,99.2942,4.1476,104.8009,-1,0.0, -> [chair (Center): 18%]
frame_001462,-1.0,1.1156,98.7509,4.1093,103.9774,-1,0.0, -> [chair (Center): 15%]
frame_001463,-1.0,1.246,97.93,4.2457,103.4229,-1,0.0, -> [chair (Center): 18%]
frame_001464,-1.0,1.6127,101.0217,4.0866,106.7219,-1,0.0, -> [chair (Center): 19%]
frame_001465,-1.0,1.1781,95.6749,4.1212,100.9753,-1,0.0, -> [chair (Center): 22%]
frame_001466,-1.0,1.1465,99.7899,5.2997,106.2379,-1,0.0, -> [chair (Left): 16%]
frame_001467,-1.0,1.3789,98.6571,4.0634,104.1013,-1,0.0, -> [chair (Left): 19%]
frame_001468,-1.0,1.1319,96.0113,4.5223,101.6673,-1,0.0, -> [chair (Left): 22%]
frame_001469,-1.0,1.1318,98.4516,4.2236,103.8086,-1,0.0, -> [chair (Left): 19%]
frame_001470,-1.0,1.3948,101.7028,4.9859,108.0857,-1,0.0, -> [chair (Left): 20%]
frame_001471,-1.0,1.4896,100.6922,4.29,106.4733,-1,0.0, -> [chair (Left): 16%]
frame_001472,-1.0,1.4593,98.4835,5.9013,105.8457,-1,0.0, -> [chair (Left): 18%]
frame_001473,-1.0,1.4361,99.1567,4.1799,104.7738,-1,0.0, -> [chair (Left): 11%]
frame_001474,-1.0,1.5166,100.3754,4.2668,106.1597,-1,0.0, -> [chair (Left): 17%]
frame_001475,-1.0,1.1838,96.9378,4.1603,102.2832,-1,0.0, -> [chair (Left): 16%]
frame_001476,-1.0,1.5978,101.3602,4.2415,107.2008,-1,0.0, -> [chair (Left): 9%]
frame_001477,-1.0,2.6132,100.2941,4.074,106.9827,-1,0.0, -> [chair (Left): 1%]
frame_001478,-1.0,1.3749,95.9171,3.885,101.1782,-1,0.0, -> [background only]
frame_001479,-1.0,1.1218,96.9162,4.0349,102.0747,-1,0.0, -> [background only]
frame_001480,-1.0,1.4415,100.3547,3.9471,105.7445,-1,0.0, -> [background only]
frame_001481,-1.0,1.092,102.4803,3.9606,107.534,-1,0.0, -> [background only]
frame_001482,-1.0,1.1217,100.5756,3.9375,105.6361,-1,0.0, -> [background only]
frame_001483,-1.0,1.1317,97.2595,4.2264,102.6185,-1,0.0, -> [chair (Top-Right): 2%]
frame_001484,-1.0,1.4734,101.2599,4.1271,106.8617,-1,0.0, -> [background only]
frame_001485,-1.0,1.6723,96.9092,3.9691,102.5515,-1,0.0, -> [background only]
frame_001486,-1.0,1.1033,100.4393,3.9924,105.5361,-1,0.0, -> [background only]
frame_001487,-1.0,1.1603,96.4327,4.3227,101.9182,-1,0.0, -> [chair (Right): 4%]
frame_001488,-1.0,1.4568,99.3912,3.9376,104.7864,-1,0.0, -> [background only]
frame_001489,-1.0,1.1613,95.4852,4.0245,100.6723,-1,0.0, -> [background only]
frame_001490,-1.0,1.1486,97.7498,4.1661,103.0659,-1,0.0, -> [chair (Center): 17%]
frame_001491,-1.0,1.2139,96.9807,4.2545,102.4512,-1,0.0, -> [chair (Center): 24%]
frame_001492,-1.0,2.7809,98.354,4.1955,105.3325,-1,0.0, -> [chair (Center): 10%]
frame_001493,-1.0,3.5294,99.9063,4.0461,107.4833,-1,0.0, -> [chair (Center): 3%]
frame_001494,-1.0,1.0921,102.5537,4.2368,107.885,-1,0.0, -> [chair (Center): 2%]
frame_001495,-1.0,1.5054,102.0005,4.1451,107.6523,-1,0.0, -> [chair (Left): 7%]
frame_001496,-1.0,1.1179,99.1626,3.9955,104.2774,-1,0.0, -> [background only]
frame_001497,-1.0,1.441,99.6343,4.1904,105.267,-1,0.0, -> [chair (Left): 2%]
frame_001498,-1.0,1.1239,100.6017,4.1224,105.8495,-1,0.0, -> [chair (Left): 6%]
frame_001499,-1.0,1.1691,98.5158,4.1038,103.79,-1,0.0, -> [chair (Left): 2%]
frame_001500,-1.0,1.1241,98.2111,4.2053,103.5425,-1,0.0, -> [background only]
frame_001501,-1.0,1.5916,97.7424,4.0565,103.3928,-1,0.0, -> [background only]
frame_001502,-1.0,1.6053,98.2477,4.0918,103.9463,-1,0.0, -> [background only]
frame_001503,-1.0,1.6064,99.6583,4.2114,105.4776,-1,0.0, -> [train (Bottom-Right): 2%]
frame_001504,-1.0,1.701,100.8431,6.2047,108.7503,-1,0.0, -> [background only]
frame_001505,-1.0,1.197,97.3633,4.0823,102.6441,-1,0.0, -> [background only]
frame_001506,-1.0,1.1022,99.2364,4.0155,104.3554,-1,0.0, -> [background only]
frame_001507,-1.0,1.3224,101.9595,4.2357,107.5192,-1,0.0, -> [train (Bottom-Left): 7%]
frame_001508,-1.0,1.5279,99.1875,4.1376,104.8538,-1,0.0, -> [train (Bottom): 16%]
frame_001509,-1.0,1.1545,97.9835,4.0647,103.2041,-1,0.0, -> [train (Bottom-Right): 7%]
frame_001510,-1.0,1.1355,99.796,4.1526,105.0854,-1,0.0, -> [train (Bottom): 8%]
frame_001511,-1.0,1.175,101.9837,4.2409,107.4017,-1,0.0, -> [train (Bottom-Right): 11%]
frame_001512,-1.0,1.5595,103.2336,4.3311,109.1253,-1,0.0," -> [bus (Left): 1%, train (Bottom): 44%]"
frame_001513,-1.0,1.2184,99.2775,4.1848,104.6825,-1,0.0, -> [train (Bottom-Right): 18%]
frame_001514,-1.0,1.1237,99.2923,4.2312,104.6491,-1,0.0, -> [train (Center): 51%]
frame_001515,-1.0,1.4412,97.1365,4.1172,102.6963,-1,0.0, -> [train (Center): 33%]
frame_001516,-1.0,1.1319,99.974,4.4047,105.5116,-1,0.0, -> [train (Center): 49%]
frame_001517,-1.0,1.1919,98.8617,4.0836,104.139,-1,0.0, -> [train (Center): 42%]
frame_001518,-1.0,1.1245,95.4819,4.2774,100.8849,-1,0.0, -> [boat (Top): 1%]
frame_001519,-1.0,1.2127,97.2807,4.1954,102.6901,-1,0.0, -> [person (Right): 2%]
frame_001520,-1.0,1.6228,97.8485,4.1542,103.6268,-1,0.0," -> [person (Right): 3%, train (Bottom-Left): 3%]"
frame_001521,-1.0,1.9867,100.839,3.9367,106.7641,-1,0.0, -> [background only]
frame_001522,-1.0,1.5199,97.4687,3.9573,102.9472,-1,0.0, -> [background only]
frame_001523,-1.0,1.199,102.0437,4.057,107.3011,-1,0.0, -> [person (Right): 8%]
frame_001524,-1.0,1.1469,102.4046,5.1494,108.7026,-1,0.0, -> [person (Right): 10%]
frame_001525,-1.0,1.203,97.2408,4.1199,102.5652,-1,0.0, -> [person (Right): 11%]
frame_001526,-1.0,1.0819,97.9633,4.9286,103.9751,-1,0.0, -> [person (Right): 10%]
frame_001527,-1.0,1.2391,101.0283,4.0415,106.3101,-1,0.0, -> [person (Right): 16%]
frame_001528,-1.0,1.1192,101.0967,4.1705,106.3877,-1,0.0, -> [person (Right): 16%]
frame_001529,-1.0,1.21,97.4797,4.1188,102.8099,-1,0.0, -> [person (Right): 22%]
frame_001530,-1.0,1.3943,97.1463,4.9854,103.5277,-1,0.0," -> [bicycle (Bottom-Right): 1%, person (Right): 20%]"
frame_001531,-1.0,1.2345,98.0098,4.1928,103.4391,-1,0.0, -> [person (Right): 22%]
frame_001532,-1.0,1.5425,100.7257,5.5699,107.8399,-1,0.0, -> [person (Center): 24%]
frame_001533,-1.0,1.3772,94.9773,4.0745,100.4302,-1,0.0, -> [person (Center): 29%]
frame_001534,-1.0,1.3027,99.0338,4.0894,104.4273,-1,0.0, -> [person (Center): 27%]
frame_001535,-1.0,1.1581,100.6223,4.2359,106.0182,-1,0.0, -> [person (Center): 30%]
frame_001536,-1.0,1.3247,100.6199,5.1787,107.1254,-1,0.0, -> [person (Center): 34%]
frame_001537,-1.0,1.2833,97.7425,4.2502,103.2786,-1,0.0, -> [person (Center): 33%]
frame_001538,-1.0,1.4341,99.5813,4.0838,105.1005,-1,0.0, -> [person (Center): 33%]
frame_001539,-1.0,1.194,96.5869,4.0965,101.8787,-1,0.0, -> [person (Center): 32%]
frame_001540,-1.0,1.1374,98.5603,4.1628,103.8622,-1,0.0, -> [person (Center): 34%]
frame_001541,-1.0,1.1006,100.6114,4.3311,106.0445,-1,0.0, -> [person (Center): 33%]
frame_001542,-1.0,1.4109,97.8829,4.1815,103.4773,-1,0.0, -> [person (Center): 33%]
frame_001543,-1.0,1.2789,99.6187,4.1044,105.0031,-1,0.0, -> [person (Center): 33%]
frame_001544,-1.0,1.3805,98.1031,4.2486,103.7344,-1,0.0, -> [person (Center): 34%]
frame_001545,-1.0,3.4779,98.5026,4.326,106.3089,-1,0.0, -> [person (Center): 34%]
frame_001546,-1.0,1.4584,97.6637,4.2599,103.3839,-1,0.0, -> [person (Center): 34%]
frame_001547,-1.0,1.535,105.2599,4.2332,111.0299,-1,0.0, -> [person (Center): 34%]
frame_001548,-1.0,1.1531,99.9692,4.1993,105.3226,-1,0.0, -> [person (Center): 34%]
frame_001549,-1.0,1.176,97.2343,4.0486,102.4604,-1,0.0, -> [person (Center): 34%]
frame_001550,-1.0,1.0795,101.9193,4.264,107.264,-1,0.0, -> [person (Center): 34%]
frame_001551,-1.0,1.3447,96.4959,4.2436,102.0859,-1,0.0, -> [person (Center): 34%]
frame_001552,-1.0,1.1374,101.5139,4.1734,106.8258,-1,0.0, -> [person (Center): 34%]
frame_001553,-1.0,1.1386,100.5217,4.057,105.7191,-1,0.0, -> [person (Center): 34%]
frame_001554,-1.0,1.1093,102.3317,4.3198,107.7622,-1,0.0, -> [person (Center): 34%]
frame_001555,-1.0,1.3587,98.4312,4.0862,103.8774,-1,0.0, -> [person (Center): 35%]
frame_001556,-1.0,1.0731,97.5951,4.1544,102.824,-1,0.0, -> [person (Center): 35%]
frame_001557,-1.0,1.1266,98.0215,4.1308,103.2805,-1,0.0, -> [person (Center): 35%]
frame_001558,-1.0,2.1922,99.9859,3.8679,106.0471,-1,0.0, -> [person (Center): 35%]
frame_001559,-1.0,1.5561,101.0261,4.0691,106.6527,-1,0.0, -> [person (Center): 34%]
frame_001560,-1.0,1.1205,99.4181,4.2478,104.7879,-1,0.0, -> [person (Center): 34%]
frame_001561,-1.0,1.5121,94.9975,4.089,100.5998,-1,0.0, -> [person (Center): 33%]
frame_001562,-1.0,1.1696,100.807,4.0887,106.0666,-1,0.0, -> [person (Center): 33%]
frame_001563,-1.0,1.2779,97.2332,4.2945,102.8074,-1,0.0, -> [person (Center): 32%]
frame_001564,-1.0,1.527,99.4465,5.4811,106.456,-1,0.0, -> [person (Center): 32%]
frame_001565,-1.0,1.2419,100.2976,4.2121,105.7529,-1,0.0, -> [person (Center): 32%]
frame_001566,-1.0,1.1371,98.8423,4.1104,104.091,-1,0.0, -> [person (Center): 33%]
frame_001567,-1.0,1.1526,96.3068,4.1114,101.5721,-1,0.0, -> [person (Center): 33%]
frame_001568,-1.0,1.1537,98.3494,4.0879,103.5918,-1,0.0, -> [person (Center): 33%]
frame_001569,-1.0,1.1459,95.3286,4.247,100.7228,-1,0.0, -> [person (Center): 33%]
frame_001570,-1.0,1.3611,103.6281,4.1061,109.0965,-1,0.0, -> [person (Center): 33%]
frame_001571,-1.0,1.2544,99.6454,4.1421,105.0433,-1,0.0, -> [person (Center): 33%]
frame_001572,-1.0,1.0771,99.5735,4.1016,104.7532,-1,0.0, -> [person (Center): 33%]
frame_001573,-1.0,2.5842,95.732,4.2623,102.5798,-1,0.0, -> [person (Center): 33%]
frame_001574,-1.0,1.7545,95.8731,4.2147,101.8437,-1,0.0, -> [person (Center): 33%]
frame_001575,-1.0,1.1402,96.9725,4.1215,102.2353,-1,0.0, -> [person (Center): 33%]
frame_001576,-1.0,1.1323,99.2167,4.1895,104.5403,-1,0.0, -> [person (Center): 33%]
frame_001577,-1.0,2.9081,97.5272,4.0877,104.5241,-1,0.0, -> [person (Center): 33%]
frame_001578,-1.0,1.1267,97.5891,4.1435,102.8605,-1,0.0, -> [person (Center): 33%]
frame_001579,-1.0,1.2582,93.5442,4.1482,98.9518,-1,0.0, -> [person (Center): 33%]
frame_001580,-1.0,1.1321,97.1475,4.0626,102.3434,-1,0.0, -> [person (Center): 33%]
frame_001581,-1.0,2.0696,100.2261,4.2134,106.5104,-1,0.0, -> [person (Center): 32%]
frame_001582,-1.0,2.7313,95.9844,4.2478,102.965,-1,0.0, -> [person (Center): 33%]
frame_001583,-1.0,1.742,96.4914,4.1943,102.4294,-1,0.0, -> [person (Center): 35%]
frame_001584,-1.0,1.4733,98.0822,4.1718,103.729,-1,0.0, -> [person (Center): 35%]
frame_001585,-1.0,1.2126,98.3953,4.124,103.7332,-1,0.0, -> [person (Center): 36%]
frame_001586,-1.0,1.0873,97.452,4.084,102.6248,-1,0.0, -> [person (Center): 35%]
frame_001587,-1.0,1.1406,96.88,4.2632,102.2855,-1,0.0, -> [person (Center): 35%]
frame_001588,-1.0,2.8045,94.4846,4.1481,101.4386,-1,0.0, -> [person (Center): 34%]
frame_001589,-1.0,1.362,96.2894,4.1954,101.8484,-1,0.0, -> [person (Center): 35%]
frame_001590,-1.0,2.8071,97.0468,4.1743,104.0295,-1,0.0, -> [person (Center): 33%]
frame_001591,-1.0,1.3682,97.9136,4.3582,103.6413,-1,0.0, -> [person (Center): 33%]
frame_001592,-1.0,1.1652,95.5918,4.1513,100.91,-1,0.0, -> [person (Center): 32%]
frame_001593,-1.0,1.1041,96.3432,4.1863,101.6353,-1,0.0, -> [person (Center): 32%]
frame_001594,-1.0,1.1552,97.7743,4.0649,102.9958,-1,0.0, -> [person (Center): 30%]
frame_001595,-1.0,1.1384,98.3265,5.1727,104.639,-1,0.0, -> [person (Center): 31%]
frame_001596,-1.0,1.2443,97.751,4.1161,103.1128,-1,0.0, -> [person (Center): 30%]
frame_001597,-1.0,1.091,97.4548,4.219,102.7662,-1,0.0, -> [person (Center): 31%]
frame_001598,-1.0,3.3853,96.6843,4.1688,104.2397,-1,0.0, -> [person (Center): 30%]
frame_001599,-1.0,1.1005,97.1156,4.3389,102.5561,-1,0.0," -> [person (Center): 29%, sofa (Bottom-Right): 1%]"
frame_001600,-1.0,1.6458,94.9412,4.25,100.8383,-1,0.0," -> [person (Center): 28%, sofa (Bottom-Right): 1%]"
frame_001601,-1.0,1.1147,97.3624,4.1092,102.5875,-1,0.0," -> [person (Center): 28%, sofa (Bottom-Right): 1%]"
frame_001602,-1.0,1.1143,98.1883,4.1616,103.466,-1,0.0," -> [person (Center): 28%, sofa (Bottom-Right): 1%]"
frame_001603,-1.0,1.111,98.9716,4.1793,104.2632,-1,0.0, -> [person (Center): 29%]
frame_001604,-1.0,1.145,98.1641,4.2897,103.6006,-1,0.0, -> [person (Center): 28%]
frame_001605,-1.0,1.405,98.3418,4.0992,103.8473,-1,0.0, -> [person (Center): 30%]
frame_001606,-1.0,1.16,97.7987,4.1948,103.1549,-1,0.0, -> [person (Center): 29%]
frame_001607,-1.0,1.1093,98.1323,4.2935,103.537,-1,0.0, -> [person (Center): 31%]
frame_001608,-1.0,2.7579,97.6189,4.3392,104.7172,-1,0.0, -> [person (Center): 25%]
frame_001609,-1.0,1.6461,98.5253,4.1538,104.3265,-1,0.0, -> [person (Center): 28%]
frame_001610,-1.0,1.1501,96.6647,4.1257,101.9417,-1,0.0, -> [person (Center): 27%]
frame_001611,-1.0,1.1087,95.4649,4.141,100.716,-1,0.0, -> [person (Center): 27%]
frame_001612,-1.0,2.0696,98.6607,4.0695,104.8007,-1,0.0, -> [person (Center): 26%]
frame_001613,-1.0,1.5516,95.6227,4.153,101.3286,-1,0.0, -> [person (Center): 32%]
frame_001614,-1.0,1.3257,97.1462,4.2026,102.6758,-1,0.0, -> [person (Center): 37%]
frame_001615,-1.0,1.1567,97.2557,4.1159,102.5296,-1,0.0, -> [person (Center): 36%]
frame_001616,-1.0,1.0845,96.2457,4.2116,101.543,-1,0.0, -> [person (Center): 32%]
frame_001617,-1.0,1.1147,99.6635,4.1025,104.8821,-1,0.0, -> [person (Bottom): 36%]
frame_001618,-1.0,1.1407,95.6394,4.128,100.9093,-1,0.0, -> [person (Bottom): 36%]
frame_001619,-1.0,1.1439,100.9112,4.1586,106.2147,-1,0.0, -> [person (Bottom): 34%]
frame_001620,-1.0,1.0972,98.2776,4.1896,103.5659,-1,0.0, -> [person (Bottom): 35%]
frame_001621,-1.0,2.6495,98.041,4.1388,104.8306,-1,0.0, -> [person (Bottom): 32%]
frame_001622,-1.0,1.3405,96.6069,4.1798,102.1283,-1,0.0, -> [person (Bottom): 32%]
frame_001623,-1.0,1.1448,97.6661,4.0715,102.8836,-1,0.0, -> [person (Bottom): 33%]
frame_001624,-1.0,1.0953,97.7972,4.1908,103.0849,-1,0.0, -> [person (Bottom): 34%]
frame_001625,-1.0,1.3548,96.7242,4.0577,102.1379,-1,0.0, -> [person (Bottom): 33%]
frame_001626,-1.0,1.1108,97.4153,4.3033,102.8316,-1,0.0, -> [person (Bottom): 31%]
frame_001627,-1.0,1.7785,97.5558,4.1332,103.4685,-1,0.0, -> [person (Bottom): 31%]
frame_001628,-1.0,1.0719,97.8281,4.1252,103.0263,-1,0.0, -> [person (Bottom): 31%]
frame_001629,-1.0,1.1047,99.4268,4.0927,104.6258,-1,0.0, -> [person (Bottom): 30%]
frame_001630,-1.0,1.0854,96.4356,4.1061,101.6289,-1,0.0, -> [person (Bottom): 30%]
frame_001631,-1.0,1.1137,98.1572,4.1869,103.4594,-1,0.0, -> [person (Bottom): 30%]
frame_001632,-1.0,1.0709,96.0105,4.1666,101.2494,-1,0.0, -> [person (Bottom): 30%]
frame_001633,-1.0,1.1416,101.1005,4.0449,106.2883,-1,0.0, -> [person (Bottom): 30%]
frame_001634,-1.0,1.1424,95.0569,4.1224,100.3229,-1,0.0, -> [person (Bottom): 31%]
frame_001635,-1.0,2.1997,97.5578,4.1073,103.8663,-1,0.0, -> [person (Bottom): 28%]
frame_001636,-1.0,2.9535,100.0615,4.0849,107.1014,-1,0.0, -> [person (Bottom): 29%]
frame_001637,-1.0,1.3156,98.8145,4.0716,104.203,-1,0.0, -> [person (Bottom): 28%]
frame_001638,-1.0,1.1453,95.519,4.0926,100.7578,-1,0.0, -> [person (Bottom-Left): 28%]
frame_001639,-1.0,1.1044,99.8037,4.0339,104.943,-1,0.0, -> [person (Bottom-Left): 28%]
frame_001640,-1.0,1.1481,96.8169,4.1578,102.1243,-1,0.0, -> [person (Bottom-Left): 25%]
frame_001641,-1.0,1.1032,96.2802,4.3328,101.718,-1,0.0, -> [person (Bottom-Left): 25%]
frame_001642,-1.0,2.4786,101.0476,4.1354,107.6627,-1,0.0, -> [person (Bottom-Left): 25%]
frame_001643,-1.0,1.3564,97.6996,4.0398,103.0972,-1,0.0," -> [person (Bottom-Left): 21%, sofa (Bottom): 3%]"
frame_001644,-1.0,1.1651,96.9258,4.0769,102.1689,-1,0.0, -> [person (Bottom-Left): 22%]
frame_001645,-1.0,2.2008,100.0689,4.2377,106.5087,-1,0.0, -> [person (Bottom-Left): 21%]
frame_001646,-1.0,1.3397,96.5387,4.1837,102.0633,-1,0.0, -> [person (Left): 19%]
frame_001647,-1.0,1.1092,103.4981,4.1826,108.7911,-1,0.0, -> [person (Left): 21%]
frame_001648,-1.0,1.1983,96.9517,4.2966,102.4497,-1,0.0," -> [chair (Bottom-Left): 5%, person (Left): 17%]"
frame_001649,-1.0,1.0955,98.3641,6.26,105.7207,-1,0.0, -> [person (Left): 21%]
frame_001650,-1.0,1.18,99.3856,4.0745,104.6416,-1,0.0, -> [person (Left): 20%]
frame_001651,-1.0,1.1258,99.496,4.5752,105.1981,-1,0.0," -> [chair (Bottom-Left): 3%, person (Left): 15%, sofa (Bottom): 2%]"
frame_001652,-1.0,1.2135,94.3522,4.0459,99.613,-1,0.0, -> [person (Left): 21%]
frame_001653,-1.0,1.2271,93.5576,4.0385,98.8244,-1,0.0, -> [person (Left): 19%]
frame_001654,-1.0,1.0942,98.9796,4.1737,104.2486,-1,0.0," -> [person (Left): 18%, sofa (Bottom-Left): 1%]"
frame_001655,-1.0,1.1377,96.4322,4.1613,101.7324,-1,0.0," -> [chair (Left): 4%, person (Left): 14%]"
frame_001656,-1.0,1.128,98.3828,4.1815,103.6933,-1,0.0," -> [chair (Left): 6%, person (Left): 14%]"
frame_001657,-1.0,1.1023,96.8845,4.3326,102.3205,-1,0.0," -> [chair (Left): 7%, person (Top-Left): 12%]"
frame_001658,-1.0,1.6402,100.707,4.4229,106.7721,-1,0.0," -> [chair (Left): 6%, person (Top-Left): 11%]"
frame_001659,-1.0,1.5151,102.6515,4.2576,108.4254,-1,0.0," -> [chair (Left): 4%, person (Top-Left): 11%]"
frame_001660,-1.0,1.1221,98.3391,4.2149,103.6774,-1,0.0," -> [chair (Left): 5%, person (Top-Left): 9%]"
frame_001661,-1.0,1.1044,100.612,4.3459,106.0643,-1,0.0, -> [person (Top-Left): 12%]
frame_001662,-1.0,1.6374,98.4809,4.1399,104.2594,-1,0.0," -> [chair (Left): 3%, person (Top-Left): 8%]"
frame_001663,-1.0,1.3361,98.8922,4.111,104.3404,-1,0.0, -> [person (Top-Left): 8%]
frame_001664,-1.0,1.1357,100.0817,4.1461,105.3644,-1,0.0," -> [chair (Left): 2%, person (Top-Left): 7%]"
frame_001665,-1.0,1.1181,97.8735,4.1176,103.1105,-1,0.0, -> [person (Top-Left): 5%]
frame_001666,-1.0,1.9676,97.2752,4.1028,103.3469,-1,0.0, -> [person (Top-Left): 8%]
frame_001667,-1.0,1.3496,95.9999,4.206,101.5568,-1,0.0," -> [chair (Top-Left): 1%, person (Top-Left): 4%]"
frame_001668,-1.0,1.1347,95.0485,4.1078,100.2923,-1,0.0, -> [person (Top-Left): 3%]
frame_001669,-1.0,1.1219,95.8756,4.0588,101.0577,-1,0.0, -> [person (Top-Left): 3%]
frame_001670,-1.0,1.1247,98.0761,4.0896,103.2917,-1,0.0, -> [person (Top-Left): 2%]
frame_001671,-1.0,1.0633,97.6071,4.0748,102.7462,-1,0.0, -> [person (Top-Left): 2%]
frame_001672,-1.0,1.1152,96.8003,4.1281,102.0446,-1,0.0, -> [person (Top-Left): 2%]
frame_001673,-1.0,1.1446,97.7709,4.1089,103.0253,-1,0.0, -> [person (Left): 4%]
frame_001674,-1.0,1.0701,95.9826,4.3085,101.3625,-1,0.0, -> [person (Left): 5%]
frame_001675,-1.0,1.1656,93.4299,3.9912,98.5881,-1,0.0, -> [person (Left): 5%]
frame_001676,-1.0,1.163,98.2067,4.1668,103.538,-1,0.0, -> [person (Left): 6%]
frame_001677,-1.0,1.1422,98.9916,4.1657,104.3007,-1,0.0, -> [person (Left): 7%]
frame_001678,-1.0,1.0937,100.4032,4.0861,105.5849,-1,0.0, -> [person (Left): 6%]
frame_001679,-1.0,2.2039,96.4196,4.177,102.8027,-1,0.0, -> [person (Left): 4%]
frame_001680,-1.0,1.3481,97.8662,4.1828,103.3987,-1,0.0, -> [person (Left): 1%]
frame_001681,-1.0,1.6765,99.4287,4.1416,105.2481,-1,0.0, -> [person (Left): 1%]
frame_001682,-1.0,1.0874,98.4739,5.4219,104.9854,-1,0.0, -> [person (Left): 2%]
frame_001683,-1.0,2.6383,97.3859,4.0855,104.1112,-1,0.0, -> [person (Left): 2%]
frame_001684,-1.0,1.3322,98.065,4.0238,103.4225,-1,0.0, -> [person (Left): 2%]
frame_001685,-1.0,1.1256,105.5101,4.0915,110.7287,-1,0.0, -> [person (Left): 3%]
frame_001686,-1.0,1.1574,98.2267,4.2139,103.5997,-1,0.0, -> [person (Left): 2%]
frame_001687,-1.0,1.1602,96.2945,4.084,101.5399,-1,0.0, -> [person (Left): 2%]
frame_001688,-1.0,1.102,97.4535,4.1882,102.7448,-1,0.0, -> [person (Left): 2%]
frame_001689,-1.0,1.69,98.1645,4.0365,103.892,-1,0.0, -> [person (Left): 1%]
frame_001690,-1.0,1.096,102.8541,4.2057,108.1568,-1,0.0, -> [person (Left): 1%]
frame_001691,-1.0,1.5362,102.3453,4.1527,108.0356,-1,0.0, -> [person (Left): 2%]
frame_001692,-1.0,1.2917,102.513,4.223,108.0287,-1,0.0, -> [person (Left): 2%]
frame_001693,-1.0,1.1295,96.0686,4.2075,101.4069,-1,0.0, -> [person (Left): 4%]
frame_001694,-1.0,1.132,98.392,4.0804,103.6055,-1,0.0, -> [person (Left): 5%]
frame_001695,-1.0,2.9447,98.4802,4.0725,105.4988,-1,0.0, -> [person (Left): 4%]
frame_001696,-1.0,2.0907,98.4033,5.3518,105.8474,-1,0.0, -> [person (Left): 5%]
frame_001697,-1.0,1.6339,98.8302,4.21,104.6762,-1,0.0, -> [person (Left): 5%]
frame_001698,-1.0,1.5422,100.7644,4.3177,106.6253,-1,0.0, -> [person (Left): 4%]
frame_001699,-1.0,2.2868,95.6827,4.064,102.0348,-1,0.0, -> [person (Left): 2%]
frame_001700,-1.0,1.331,98.0894,5.5474,104.9692,-1,0.0, -> [person (Left): 5%]
frame_001701,-1.0,1.2773,98.7693,4.1192,104.1674,-1,0.0, -> [person (Left): 3%]
frame_001702,-1.0,1.1308,98.4222,5.4674,105.0219,-1,0.0, -> [person (Left): 3%]
frame_001703,-1.0,1.1224,100.6929,4.0514,105.869,-1,0.0, -> [background only]
frame_001704,-1.0,1.0967,98.1799,4.1768,103.4548,-1,0.0, -> [background only]
frame_001705,-1.0,1.1424,97.3428,3.975,102.4614,-1,0.0, -> [background only]
frame_001706,-1.0,1.0545,97.4997,4.0985,102.6548,-1,0.0, -> [background only]
frame_001707,-1.0,2.589,98.4403,3.8826,104.9132,-1,0.0, -> [background only]
frame_001708,-1.0,1.3216,97.5263,3.935,102.784,-1,0.0, -> [background only]
frame_001709,-1.0,1.1681,98.9537,3.9447,104.0677,-1,0.0, -> [background only]
frame_001710,-1.0,1.1078,96.6359,3.9512,101.6961,-1,0.0, -> [background only]
frame_001711,-1.0,1.1135,102.4793,3.9587,107.5529,-1,0.0, -> [background only]
frame_001712,-1.0,1.0937,98.3634,4.1653,103.6247,-1,0.0, -> [background only]
frame_001713,-1.0,1.1637,99.3122,3.9442,104.4213,-1,0.0, -> [background only]
frame_001714,-1.0,1.06,98.6433,4.0386,103.7432,-1,0.0, -> [background only]
frame_001715,-1.0,1.0177,101.966,3.9809,106.9656,-1,0.0, -> [background only]
frame_001716,-1.0,1.533,97.4169,3.8476,102.7986,-1,0.0, -> [background only]
frame_001717,-1.0,1.7763,101.8612,3.9282,107.5666,-1,0.0, -> [background only]
frame_001718,-1.0,1.066,97.3869,4.1046,102.5585,-1,0.0, -> [background only]
frame_001719,-1.0,1.5171,101.8631,4.0221,107.4033,-1,0.0, -> [background only]
frame_001720,-1.0,1.2218,98.4844,5.3876,105.0951,-1,0.0, -> [background only]
frame_001721,-1.0,1.8171,100.607,4.0131,106.4394,-1,0.0, -> [background only]
frame_001722,-1.0,1.4757,100.3616,4.6909,106.5297,-1,0.0, -> [background only]
frame_001723,-1.0,3.0763,96.6482,3.9154,103.6418,-1,0.0, -> [background only]
frame_001724,-1.0,1.3225,101.5506,4.0056,106.8802,-1,0.0, -> [background only]
frame_001725,-1.0,2.7044,97.9367,4.1217,104.7657,-1,0.0, -> [background only]
frame_001726,-1.0,3.0359,101.6951,4.1152,108.8477,-1,0.0, -> [background only]
frame_001727,-1.0,1.3086,100.9866,3.976,106.2729,-1,0.0, -> [background only]
frame_001728,-1.0,1.1018,100.5022,3.8879,105.4934,-1,0.0, -> [background only]
frame_001729,-1.0,1.2138,96.8102,4.0834,102.1088,-1,0.0, -> [background only]
frame_001730,-1.0,1.47,100.8586,3.9778,106.3077,-1,0.0, -> [background only]
frame_001731,-1.0,1.2003,97.8175,3.9419,102.9606,-1,0.0, -> [background only]
frame_001732,-1.0,1.118,100.5863,3.9713,105.6767,-1,0.0, -> [background only]
frame_001733,-1.0,1.1045,98.4177,4.0566,103.5801,-1,0.0, -> [background only]
frame_001734,-1.0,1.5717,99.3588,4.0729,105.0049,-1,0.0, -> [background only]
frame_001735,-1.0,1.1051,97.7606,3.982,102.8499,-1,0.0, -> [background only]
frame_001736,-1.0,1.1072,99.5616,3.9491,104.6196,-1,0.0, -> [background only]
frame_001737,-1.0,1.1313,100.0256,4.052,105.2106,-1,0.0, -> [background only]
frame_001738,-1.0,1.4626,100.0496,4.0559,105.5697,-1,0.0, -> [background only]
frame_001739,-1.0,1.6853,95.7067,3.8847,101.278,-1,0.0, -> [background only]
frame_001740,-1.0,1.1324,99.1067,3.8964,104.1368,-1,0.0, -> [background only]
frame_001741,-1.0,1.1577,97.5258,3.9854,102.67,-1,0.0, -> [background only]
frame_001742,-1.0,1.3141,98.8181,4.0029,104.1363,-1,0.0, -> [background only]
frame_001743,-1.0,2.5008,97.4328,3.9409,103.8758,-1,0.0, -> [background only]
frame_001744,-1.0,1.663,99.5383,4.9265,106.1297,-1,0.0, -> [background only]
frame_001745,-1.0,1.172,98.5506,3.948,103.6727,-1,0.0, -> [background only]
frame_001746,-1.0,2.2776,98.7559,4.112,105.1466,-1,0.0, -> [background only]
frame_001747,-1.0,1.3967,99.61,3.9041,104.9123,-1,0.0, -> [background only]
frame_001748,-1.0,1.0993,97.6838,4.0635,102.8474,-1,0.0, -> [background only]
frame_001749,-1.0,1.5179,99.0327,3.8991,104.4513,-1,0.0, -> [background only]
frame_001750,-1.0,1.1279,99.6257,4.0493,104.8042,-1,0.0, -> [background only]
frame_001751,-1.0,3.274,98.5608,3.9714,105.8076,-1,0.0, -> [background only]
frame_001752,-1.0,1.3845,101.2501,4.0778,106.7136,-1,0.0, -> [background only]
frame_001753,-1.0,1.2566,101.2467,4.0269,106.5317,-1,0.0, -> [background only]
frame_001754,-1.0,1.0749,101.1276,4.0848,106.2881,-1,0.0, -> [background only]
frame_001755,-1.0,2.44,96.7967,4.0683,103.3065,-1,0.0, -> [background only]
frame_001756,-1.0,2.7293,98.1821,4.0633,104.9761,-1,0.0, -> [background only]
frame_001757,-1.0,1.7601,97.6265,3.9185,103.3064,-1,0.0, -> [background only]
frame_001758,-1.0,1.1041,98.3592,4.2087,103.673,-1,0.0, -> [background only]
frame_001759,-1.0,1.5956,99.4673,3.8791,104.9432,-1,0.0, -> [background only]
frame_001760,-1.0,1.1708,101.9784,3.9998,107.15,-1,0.0, -> [background only]
frame_001761,-1.0,1.1115,98.4721,4.0752,103.6604,-1,0.0, -> [background only]
frame_001762,-1.0,1.5123,99.8162,4.0747,105.4041,-1,0.0, -> [background only]
frame_001763,-1.0,1.1898,95.2361,4.0074,100.4346,-1,0.0, -> [background only]
frame_001764,-1.0,1.1699,100.4704,3.9585,105.5998,-1,0.0, -> [background only]
frame_001765,-1.0,1.1105,102.1384,3.8962,107.1463,-1,0.0, -> [background only]
frame_001766,-1.0,1.1371,95.2356,3.9369,100.3109,-1,0.0, -> [background only]
frame_001767,-1.0,2.7354,94.7052,3.9442,101.3864,-1,0.0, -> [background only]
frame_001768,-1.0,1.8885,101.3607,3.9969,107.2477,-1,0.0, -> [background only]
frame_001769,-1.0,1.0981,96.6184,3.8905,101.6081,-1,0.0, -> [background only]
frame_001770,-1.0,1.1198,102.1405,4.0161,107.2782,-1,0.0, -> [background only]
frame_001771,-1.0,3.016,98.0837,4.0168,105.1179,-1,0.0, -> [background only]
frame_001772,-1.0,1.3297,100.5213,4.1447,105.997,-1,0.0, -> [background only]
frame_001773,-1.0,1.6998,97.4842,4.1785,103.3639,-1,0.0, -> [background only]
frame_001774,-1.0,1.1253,98.7623,3.9639,103.853,-1,0.0, -> [background only]
frame_001775,-1.0,1.1456,97.3718,3.9808,102.4994,-1,0.0, -> [background only]
frame_001776,-1.0,1.0606,98.5276,3.967,103.5567,-1,0.0, -> [background only]
frame_001777,-1.0,1.1405,97.5013,3.9155,102.5586,-1,0.0, -> [background only]
frame_001778,-1.0,1.0919,99.3556,4.0452,104.4944,-1,0.0, -> [background only]
frame_001779,-1.0,2.6866,98.4044,3.8974,104.9897,-1,0.0, -> [background only]
frame_001780,-1.0,1.1017,97.2832,3.9123,102.2988,-1,0.0, -> [background only]
frame_001781,-1.0,2.1898,99.7232,4.0072,105.9212,-1,0.0, -> [background only]
frame_001782,-1.0,2.6052,97.4269,4.0582,104.0925,-1,0.0, -> [background only]
frame_001783,-1.0,2.5779,96.7163,3.9877,103.2833,-1,0.0, -> [background only]
frame_001784,-1.0,1.3541,96.4948,4.0247,101.875,-1,0.0, -> [background only]
frame_001785,-1.0,1.1095,98.9733,3.9074,103.9913,-1,0.0, -> [background only]
frame_001786,-1.0,1.128,96.6425,3.9403,101.7121,-1,0.0, -> [background only]
frame_001787,-1.0,1.1139,98.8312,3.9302,103.8767,-1,0.0, -> [background only]
frame_001788,-1.0,1.2261,99.1498,4.1511,104.528,-1,0.0, -> [background only]
frame_001789,-1.0,1.5291,97.7218,4.1546,103.4069,-1,0.0, -> [background only]
frame_001790,-1.0,1.1024,97.2316,3.9316,102.2669,-1,0.0, -> [background only]
frame_001791,-1.0,1.1339,95.9022,3.9588,100.9961,-1,0.0, -> [background only]
frame_001792,-1.0,2.2958,94.7319,4.1352,101.165,-1,0.0, -> [background only]
frame_001793,-1.0,1.7367,98.0597,3.9517,103.7494,-1,0.0, -> [background only]
frame_001794,-1.0,1.1136,96.1836,3.9112,101.2096,-1,0.0, -> [background only]
frame_001795,-1.0,1.1023,99.1047,4.1351,104.3433,-1,0.0, -> [background only]
frame_001796,-1.0,1.148,95.29,3.941,100.3804,-1,0.0, -> [background only]
frame_001797,-1.0,1.2382,97.7762,5.045,104.0608,-1,0.0, -> [background only]
frame_001798,-1.0,3.5318,98.1371,4.079,105.7496,-1,0.0, -> [background only]
frame_001799,-1.0,2.4151,99.0757,4.1626,105.6549,-1,0.0, -> [background only]
frame_001800,-1.0,1.4102,98.875,3.909,104.1956,-1,0.0, -> [background only]
frame_001801,-1.0,1.1564,95.0029,6.0666,102.2271,-1,0.0, -> [background only]
frame_001802,-1.0,1.2424,98.3751,3.9559,103.5748,-1,0.0, -> [background only]
frame_001803,-1.0,1.1127,98.7905,3.9092,103.8137,-1,0.0, -> [background only]
frame_001804,-1.0,1.1452,97.9841,3.9477,103.0786,-1,0.0, -> [background only]
frame_001805,-1.0,1.1514,100.2851,3.9436,105.3817,-1,0.0, -> [background only]
frame_001806,-1.0,2.259,99.6587,3.9921,105.9114,-1,0.0, -> [background only]
frame_001807,-1.0,1.7507,96.0811,3.7479,101.581,-1,0.0, -> [background only]
frame_001808,-1.0,2.534,96.8821,3.9892,103.4067,-1,0.0, -> [background only]
frame_001809,-1.0,1.1155,98.0063,3.9189,103.0418,-1,0.0, -> [background only]
frame_001810,-1.0,2.6566,98.669,3.999,105.3256,-1,0.0, -> [background only]
frame_001811,-1.0,1.3542,101.7026,3.9381,106.9959,-1,0.0, -> [background only]
frame_001812,-1.0,1.1619,100.5629,3.9713,105.6974,-1,0.0, -> [background only]
frame_001813,-1.0,1.1039,98.0739,4.6839,103.863,-1,0.0, -> [background only]
frame_001814,-1.0,1.1526,95.5797,3.9459,100.6797,-1,0.0, -> [background only]
frame_001815,-1.0,1.1144,96.7765,3.994,101.8868,-1,0.0, -> [background only]
frame_001816,-1.0,1.116,100.0981,3.8713,105.0866,-1,0.0, -> [background only]
frame_001817,-1.0,1.1442,98.3101,3.9693,103.4248,-1,0.0, -> [background only]
frame_001818,-1.0,1.1125,100.1681,3.9754,105.2573,-1,0.0, -> [background only]
frame_001819,-1.0,1.1283,96.812,3.9394,101.8809,-1,0.0, -> [background only]
frame_001820,-1.0,1.097,98.2409,3.8999,103.2392,-1,0.0, -> [background only]
frame_001821,-1.0,1.0747,98.0543,3.9356,103.0661,-1,0.0, -> [background only]
frame_001822,-1.0,1.1144,97.8228,3.9634,102.9024,-1,0.0, -> [background only]
frame_001823,-1.0,1.14,95.4823,3.8822,100.5059,-1,0.0, -> [background only]
frame_001824,-1.0,1.1534,98.0988,3.9204,103.1737,-1,0.0, -> [background only]
frame_001825,-1.0,1.128,95.9781,3.8649,100.9722,-1,0.0, -> [background only]
frame_001826,-1.0,1.142,98.061,4.0453,103.2496,-1,0.0, -> [background only]
frame_001827,-1.0,1.076,95.7186,4.1123,100.9082,-1,0.0, -> [background only]
frame_001828,-1.0,1.3719,98.8841,4.0491,104.3063,-1,0.0, -> [background only]
frame_001829,-1.0,1.1532,96.4631,3.9311,101.5484,-1,0.0, -> [background only]
frame_001830,-1.0,1.0813,98.087,3.9537,103.123,-1,0.0, -> [background only]
frame_001831,-1.0,1.1153,100.6657,4.0812,105.8636,-1,0.0, -> [background only]
frame_001832,-1.0,1.5643,100.776,4.0693,106.4108,-1,0.0, -> [background only]
frame_001833,-1.0,1.1546,96.8828,3.9709,102.01,-1,0.0, -> [background only]
frame_001834,-1.0,1.5497,95.3193,3.9167,100.7869,-1,0.0, -> [background only]
frame_001835,-1.0,1.1624,99.862,3.971,104.9967,-1,0.0, -> [background only]
frame_001836,-1.0,1.0881,98.1086,4.0675,103.2654,-1,0.0, -> [background only]
frame_001837,-1.0,1.5118,105.8952,4.0473,111.456,-1,0.0, -> [background only]
frame_001838,-1.0,1.1064,97.3642,4.1116,102.5835,-1,0.0, -> [background only]
frame_001839,-1.0,2.6866,95.152,4.0696,101.9098,-1,0.0, -> [background only]
frame_001840,-1.0,1.418,99.2287,5.0864,105.7348,-1,0.0, -> [background only]
frame_001841,-1.0,1.7165,100.865,3.8884,106.4714,-1,0.0, -> [background only]
frame_001842,-1.0,2.5498,100.3729,4.1095,107.033,-1,0.0, -> [background only]
frame_001843,-1.0,1.6628,99.206,3.9404,104.8115,-1,0.0, -> [background only]
frame_001844,-1.0,1.138,99.2617,3.9372,104.3378,-1,0.0, -> [background only]
frame_001845,-1.0,1.1712,96.0017,4.0329,101.2069,-1,0.0, -> [background only]
frame_001846,-1.0,1.5924,99.5994,3.8502,105.0433,-1,0.0, -> [background only]
frame_001847,-1.0,1.1367,104.2431,4.0017,109.3829,-1,0.0, -> [background only]
frame_001848,-1.0,1.1123,96.7602,4.0907,101.964,-1,0.0, -> [background only]
frame_001849,-1.0,1.1383,98.0559,3.9695,103.1648,-1,0.0, -> [background only]
frame_001850,-1.0,1.503,98.1327,4.0105,103.6476,-1,0.0, -> [background only]
frame_001851,-1.0,3.4419,98.993,4.1193,106.5557,-1,0.0, -> [background only]
frame_001852,-1.0,1.5881,100.9796,3.9494,106.5182,-1,0.0, -> [background only]
frame_001853,-1.0,1.1435,96.4491,4.1186,101.7124,-1,0.0, -> [background only]
frame_001854,-1.0,1.5304,98.972,4.0209,104.5249,-1,0.0, -> [background only]
frame_001855,-1.0,1.1151,102.1679,3.9373,107.2214,-1,0.0, -> [background only]
frame_001856,-1.0,1.2199,98.4753,4.0845,103.7817,-1,0.0, -> [background only]
frame_001857,-1.0,1.1955,95.3789,3.9329,100.5085,-1,0.0, -> [background only]
frame_001858,-1.0,1.1529,96.6941,3.9015,101.7497,-1,0.0, -> [background only]
frame_001859,-1.0,1.176,103.8967,3.9815,109.0557,-1,0.0, -> [background only]
frame_001860,-1.0,1.127,99.494,3.9658,104.5877,-1,0.0, -> [background only]
frame_001861,-1.0,1.1332,104.2302,4.0582,109.4231,-1,0.0, -> [background only]
frame_001862,-1.0,1.4835,99.1152,3.9639,104.5647,-1,0.0, -> [background only]
frame_001863,-1.0,1.1255,102.2738,3.8314,107.2327,-1,0.0, -> [background only]
frame_001864,-1.0,1.4681,98.5109,4.4071,104.3872,-1,0.0, -> [background only]
frame_001865,-1.0,1.0214,95.5484,3.9672,100.5386,-1,0.0, -> [background only]
frame_001866,-1.0,1.1144,98.9519,4.0987,104.1661,-1,0.0, -> [background only]
frame_001867,-1.0,1.1821,95.9258,3.8732,100.9824,-1,0.0, -> [background only]
frame_001868,-1.0,1.1426,98.5663,4.0083,103.7185,-1,0.0, -> [background only]
frame_001869,-1.0,3.8983,97.5792,3.955,105.434,-1,0.0, -> [background only]
frame_001870,-1.0,2.3115,96.8412,4.0774,103.2317,-1,0.0, -> [background only]
frame_001871,-1.0,1.7226,99.9814,3.9128,105.6181,-1,0.0, -> [background only]
frame_001872,-1.0,1.0524,97.9138,4.0473,103.015,-1,0.0, -> [background only]
frame_001873,-1.0,1.3896,101.0432,4.0974,106.5319,-1,0.0, -> [background only]
frame_001874,-1.0,1.5577,96.6685,3.9296,102.157,-1,0.0, -> [background only]
frame_001875,-1.0,1.1657,100.7405,4.0943,106.002,-1,0.0, -> [background only]
frame_001876,-1.0,1.6081,100.6582,4.0377,106.3054,-1,0.0, -> [background only]
frame_001877,-1.0,3.4474,98.5741,3.9833,106.006,-1,0.0, -> [background only]
frame_001878,-1.0,1.8905,100.2212,4.0432,106.1567,-1,0.0, -> [background only]
frame_001879,-1.0,3.2236,97.4555,4.0213,104.7026,-1,0.0, -> [background only]
frame_001880,-1.0,1.6964,97.1496,4.014,102.8616,-1,0.0, -> [background only]
frame_001881,-1.0,1.6001,99.1908,4.0841,104.8772,-1,0.0, -> [background only]
frame_001882,-1.0,2.5747,100.7221,3.9664,107.2645,-1,0.0, -> [background only]
frame_001883,-1.0,1.354,98.1676,3.9894,103.5127,-1,0.0, -> [background only]
frame_001884,-1.0,1.4982,97.9756,4.2376,103.7128,-1,0.0, -> [background only]
frame_001885,-1.0,2.8314,97.955,4.0471,104.8346,-1,0.0, -> [background only]
frame_001886,-1.0,1.6507,97.927,3.9812,103.56,-1,0.0, -> [background only]
frame_001887,-1.0,3.0544,96.3462,3.9648,103.3663,-1,0.0, -> [background only]
frame_001888,-1.0,1.2752,100.6095,4.0196,105.9064,-1,0.0, -> [background only]
frame_001889,-1.0,1.0941,100.3895,4.0032,105.4881,-1,0.0, -> [background only]
frame_001890,-1.0,2.2455,100.3276,4.1954,106.7697,-1,0.0, -> [background only]
frame_001891,-1.0,1.5206,97.5809,4.0701,103.1729,-1,0.0, -> [background only]
frame_001892,-1.0,1.2684,98.1146,4.1116,103.4958,-1,0.0, -> [background only]
frame_001893,-1.0,1.1903,99.9651,4.0721,105.2286,-1,0.0, -> [background only]
frame_001894,-1.0,1.5194,94.991,4.1755,100.6871,-1,0.0, -> [background only]
frame_001895,-1.0,1.1774,97.5565,3.9244,102.6595,-1,0.0, -> [background only]
frame_001896,-1.0,1.0959,100.7651,4.1112,105.9733,-1,0.0, -> [background only]
frame_001897,-1.0,1.448,97.0586,3.9937,102.5015,-1,0.0, -> [background only]
frame_001898,-1.0,1.0834,98.0113,3.9857,103.0818,-1,0.0, -> [background only]
frame_001899,-1.0,1.3197,101.8038,3.8573,106.9821,-1,0.0, -> [background only]
frame_001900,-1.0,1.0523,98.4242,3.9739,103.4517,-1,0.0, -> [background only]
frame_001901,-1.0,1.261,103.139,4.051,108.4518,-1,0.0, -> [background only]
frame_001902,-1.0,1.0795,99.568,4.0913,104.7399,-1,0.0, -> [background only]
frame_001903,-1.0,1.1666,98.5631,3.9278,103.6586,-1,0.0, -> [background only]
frame_001904,-1.0,1.1295,100.234,4.1749,105.5406,-1,0.0, -> [background only]
frame_001905,-1.0,1.9901,98.3973,3.9459,104.3347,-1,0.0, -> [background only]
frame_001906,-1.0,1.1481,103.0805,4.0771,108.307,-1,0.0, -> [background only]
frame_001907,-1.0,1.22,97.681,3.9302,102.8324,-1,0.0, -> [background only]
frame_001908,-1.0,1.1516,101.3342,4.1639,106.651,-1,0.0, -> [background only]
frame_001909,-1.0,1.3534,97.3824,4.1694,102.9068,-1,0.0, -> [background only]
frame_001910,-1.0,2.2742,99.4219,4.0238,105.721,-1,0.0, -> [background only]
frame_001911,-1.0,3.2747,102.5598,3.99,109.8255,-1,0.0, -> [background only]
frame_001912,-1.0,1.2987,99.4312,4.0941,104.8252,-1,0.0, -> [background only]
frame_001913,-1.0,1.3765,98.375,3.9897,103.7429,-1,0.0, -> [background only]
frame_001914,-1.0,1.5081,100.0046,3.9478,105.4616,-1,0.0, -> [background only]
frame_001915,-1.0,1.1084,94.9535,3.8585,99.9215,-1,0.0, -> [background only]
frame_001916,-1.0,1.138,98.5934,4.0211,103.754,-1,0.0, -> [background only]
frame_001917,-1.0,1.4311,97.1199,4.0562,102.6087,-1,0.0, -> [background only]
frame_001918,-1.0,1.6092,99.8164,3.9976,105.4243,-1,0.0, -> [background only]
frame_001919,-1.0,1.2429,101.1135,3.9393,106.2972,-1,0.0, -> [background only]
frame_001920,-1.0,1.0799,94.6373,5.255,100.9739,-1,0.0, -> [background only]
frame_001921,-1.0,1.4328,95.0679,4.0948,100.5967,-1,0.0, -> [background only]
frame_001922,-1.0,1.7332,100.3278,6.3668,108.4297,-1,0.0, -> [background only]
frame_001923,-1.0,1.625,98.072,3.9579,103.6567,-1,0.0, -> [background only]
frame_001924,-1.0,1.8207,102.0907,4.1471,108.0601,-1,0.0, -> [background only]
frame_001925,-1.0,3.3343,97.2454,4.0536,104.6345,-1,0.0, -> [background only]
frame_001926,-1.0,1.6007,99.9322,3.9654,105.4998,-1,0.0, -> [background only]
frame_001927,-1.0,1.1884,96.2276,3.9544,101.3718,-1,0.0, -> [background only]
frame_001928,-1.0,2.2577,102.4763,4.2125,108.9478,-1,0.0, -> [background only]
frame_001929,-1.0,2.916,94.3052,4.0502,101.2728,-1,0.0, -> [background only]
frame_001930,-1.0,2.3638,96.5597,3.9579,102.8822,-1,0.0, -> [background only]
frame_001931,-1.0,3.4349,96.5502,4.0611,104.0475,-1,0.0, -> [background only]
frame_001932,-1.0,1.6088,97.7749,4.0816,103.4669,-1,0.0, -> [background only]
frame_001933,-1.0,1.7744,99.9067,4.1282,105.8109,-1,0.0, -> [background only]
frame_001934,-1.0,1.3683,99.3885,4.0204,104.7785,-1,0.0, -> [background only]
frame_001935,-1.0,1.3617,96.3919,4.0782,101.833,-1,0.0, -> [background only]
frame_001936,-1.0,1.5144,105.3395,4.185,111.0403,-1,0.0, -> [background only]
frame_001937,-1.0,1.4265,99.1471,4.061,104.6362,-1,0.0, -> [background only]
frame_001938,-1.0,1.5773,100.1291,3.9922,105.6995,-1,0.0, -> [background only]
frame_001939,-1.0,1.1547,96.9474,4.0476,102.1511,-1,0.0, -> [background only]
frame_001940,-1.0,1.3516,100.425,3.9664,105.7441,-1,0.0, -> [background only]
frame_001941,-1.0,2.9255,100.1742,3.8827,106.9836,-1,0.0, -> [background only]
frame_001942,-1.0,1.3597,101.1369,3.9448,106.4426,-1,0.0, -> [background only]
frame_001943,-1.0,1.1726,96.9127,4.0417,102.1282,-1,0.0, -> [background only]
frame_001944,-1.0,1.1493,97.0318,3.9813,102.1634,-1,0.0, -> [background only]
frame_001945,-1.0,1.1121,99.3709,4.0556,104.5401,-1,0.0, -> [background only]
frame_001946,-1.0,2.4762,98.0338,4.4277,104.9394,-1,0.0, -> [background only]
frame_001947,-1.0,3.0339,95.0234,3.8784,101.9372,-1,0.0, -> [background only]
frame_001948,-1.0,1.7634,98.3044,4.0497,104.1198,-1,0.0, -> [background only]
frame_001949,-1.0,1.5215,104.7734,3.9677,110.2639,-1,0.0, -> [background only]
frame_001950,-1.0,1.0988,99.752,4.0507,104.9027,-1,0.0, -> [background only]
frame_001951,-1.0,1.2538,98.2894,4.0459,103.5905,-1,0.0, -> [background only]
frame_001952,-1.0,1.5582,100.6353,4.0332,106.2277,-1,0.0, -> [background only]
frame_001953,-1.0,1.1796,96.9211,4.0456,102.1476,-1,0.0, -> [background only]
frame_001954,-1.0,1.1167,101.0607,4.0852,106.2637,-1,0.0, -> [background only]
frame_001955,-1.0,2.3668,95.6145,4.0527,102.0355,-1,0.0, -> [background only]
frame_001956,-1.0,1.7688,100.911,3.941,106.6225,-1,0.0, -> [background only]
frame_001957,-1.0,1.1664,100.4536,3.9204,105.5423,-1,0.0, -> [background only]
frame_001958,-1.0,1.0923,96.5871,3.9423,101.6233,-1,0.0, -> [background only]
frame_001959,-1.0,1.2927,97.8986,4.1128,103.3055,-1,0.0, -> [background only]
frame_001960,-1.0,1.6395,100.4999,4.0717,106.2125,-1,0.0, -> [background only]
frame_001961,-1.0,1.1532,97.0904,4.0728,102.3181,-1,0.0, -> [background only]
frame_001962,-1.0,2.5292,100.7206,4.2934,107.5446,-1,0.0, -> [background only]
frame_001963,-1.0,1.7039,102.1297,3.9543,107.7894,-1,0.0, -> [background only]
frame_001964,-1.0,1.136,97.6258,3.9412,102.704,-1,0.0, -> [background only]
frame_001965,-1.0,1.1251,98.4446,3.9563,103.5273,-1,0.0, -> [background only]
frame_001966,-1.0,1.1369,99.1512,3.9858,104.2749,-1,0.0, -> [background only]
frame_001967,-1.0,1.1816,97.5528,4.1287,102.865,-1,0.0, -> [background only]
frame_001968,-1.0,1.5411,97.9471,4.3289,103.8186,-1,0.0, -> [background only]
frame_001969,-1.0,1.2224,97.6803,4.1063,103.0101,-1,0.0, -> [background only]
frame_001970,-1.0,1.5015,96.1923,3.9393,101.6347,-1,0.0, -> [background only]
frame_001971,-1.0,1.5489,103.8208,3.9729,109.3441,-1,0.0, -> [background only]
frame_001972,-1.0,1.0754,99.6111,4.102,104.7894,-1,0.0, -> [chair (Right): 1%]
frame_001973,-1.0,1.2544,96.1372,4.2476,101.6407,-1,0.0, -> [chair (Right): 3%]
frame_001974,-1.0,2.8697,96.7241,4.214,103.8092,-1,0.0, -> [chair (Right): 3%]
frame_001975,-1.0,2.8875,104.5066,4.2132,111.6087,-1,0.0, -> [chair (Right): 3%]
frame_001976,-1.0,1.3709,99.235,4.1187,104.726,-1,0.0, -> [background only]
frame_001977,-1.0,1.3859,100.3368,4.0865,105.8107,-1,0.0, -> [chair (Right): 6%]
frame_001978,-1.0,1.0948,98.6019,4.1726,103.8705,-1,0.0, -> [chair (Right): 9%]
frame_001979,-1.0,3.197,94.5293,4.0729,101.8003,-1,0.0, -> [chair (Right): 9%]
frame_001980,-1.0,1.2834,97.2759,4.1589,102.7194,-1,0.0," -> [chair (Center): 9%, tvmonitor (Top-Right): 1%]"
frame_001981,-1.0,1.2177,97.6272,4.086,102.9321,-1,0.0, -> [chair (Center): 7%]
frame_001982,-1.0,1.1129,94.1331,4.0978,99.3453,-1,0.0, -> [chair (Center): 8%]
frame_001983,-1.0,1.1174,96.9001,4.1955,102.214,-1,0.0," -> [chair (Center): 10%, tvmonitor (Top-Right): 1%]"
frame_001984,-1.0,1.1516,95.2681,4.2433,100.6642,-1,0.0," -> [chair (Center): 7%, tvmonitor (Top): 2%]"
frame_001985,-1.0,1.0822,98.5771,4.1822,103.8427,-1,0.0," -> [chair (Left): 7%, tvmonitor (Top): 1%]"
frame_001986,-1.0,1.0711,96.8592,4.2968,102.2283,-1,0.0," -> [chair (Left): 7%, person (Top-Right): 1%, tvmonitor (Top): 1%]"
frame_001987,-1.0,1.168,97.1373,4.3517,102.6582,-1,0.0," -> [chair (Left): 6%, person (Top-Right): 2%, tvmonitor (Top): 1%]"
frame_001988,-1.0,1.0707,94.4672,4.3457,99.8848,-1,0.0," -> [chair (Left): 4%, person (Top): 2%, tvmonitor (Top): 2%]"
frame_001989,-1.0,1.5589,99.0252,4.1229,104.7081,-1,0.0," -> [chair (Left): 2%, tvmonitor (Top): 1%]"
frame_001990,-1.0,1.1502,95.4402,4.0894,100.6813,-1,0.0, -> [person (Top): 1%]
frame_001991,-1.0,1.2099,96.3891,4.1116,101.7117,-1,0.0, -> [person (Top): 1%]
frame_001992,-1.0,1.1394,96.3194,3.9805,101.4405,-1,0.0, -> [background only]
frame_001993,-1.0,1.3848,96.9654,4.0327,102.3843,-1,0.0, -> [background only]
frame_001994,-1.0,1.1506,96.5024,4.0373,101.6917,-1,0.0, -> [background only]
frame_001995,-1.0,1.6436,99.3136,4.1368,105.0949,-1,0.0, -> [person (Top-Left): 2%]
frame_001996,-1.0,1.1505,95.8688,4.0691,101.0898,-1,0.0, -> [person (Top-Left): 3%]
frame_001997,-1.0,1.1339,96.2442,4.1917,101.5712,-1,0.0," -> [car (Right): 1%, person (Top-Left): 3%]"
frame_001998,-1.0,1.11,103.0132,4.2043,108.3286,-1,0.0," -> [car (Bottom-Right): 1%, person (Top-Left): 2%]"
frame_001999,-1.0,1.0575,98.1443,4.2358,103.4388,-1,0.0," -> [car (Bottom-Right): 1%, person (Top-Left): 1%]"
frame_002000,-1.0,1.6081,104.4037,4.2233,110.237,-1,0.0," -> [car (Right): 1%, person (Top-Left): 1%]"
frame_002001,-1.0,1.1075,97.2233,4.3501,102.6827,-1,0.0, -> [chair (Left): 3%]
frame_002002,-1.0,1.5642,102.5013,4.1183,108.1849,-1,0.0," -> [car (Right): 1%, chair (Left): 3%]"
frame_002003,-1.0,1.1397,100.5143,4.1953,105.8506,-1,0.0," -> [car (Right): 1%, chair (Left): 3%]"
frame_002004,-1.0,1.4295,97.8919,4.2646,103.5876,-1,0.0," -> [car (Right): 1%, chair (Left): 1%]"
frame_002005,-1.0,1.133,100.1446,4.4687,105.7481,-1,0.0," -> [car (Right): 1%, chair (Left): 2%]"
frame_002006,-1.0,2.6318,102.1651,4.3849,109.1836,-1,0.0," -> [car (Bottom-Right): 1%, chair (Left): 3%]"
frame_002007,-1.0,1.7437,98.599,4.3499,104.6936,-1,0.0," -> [car (Bottom-Right): 1%, chair (Left): 4%]"
frame_002008,-1.0,1.1614,99.5947,4.1332,104.8914,-1,0.0," -> [car (Bottom-Right): 1%, chair (Left): 3%]"
frame_002009,-1.0,1.1334,99.8896,4.2958,105.32,-1,0.0," -> [car (Bottom-Right): 1%, chair (Left): 3%]"
frame_002010,-1.0,3.1653,102.3252,4.1546,109.6465,-1,0.0, -> [chair (Left): 8%]
frame_002011,-1.0,2.4579,98.331,4.2942,105.0846,-1,0.0," -> [car (Bottom-Right): 1%, chair (Left): 3%]"
frame_002012,-1.0,1.5389,99.1901,4.2897,105.0207,-1,0.0," -> [car (Right): 1%, chair (Left): 8%]"
frame_002013,-1.0,1.0964,97.2538,4.0919,102.4435,-1,0.0," -> [car (Right): 1%, chair (Left): 10%]"
frame_002014,-1.0,1.1292,97.6254,4.3306,103.0868,-1,0.0," -> [car (Right): 1%, chair (Left): 4%]"
frame_002015,-1.0,1.1994,97.2826,4.056,102.5391,-1,0.0, -> [chair (Left): 4%]
frame_002016,-1.0,1.1842,97.8343,4.2802,103.2998,-1,0.0," -> [car (Right): 1%, chair (Left): 6%]"
frame_002017,-1.0,1.0783,99.9509,4.2435,105.2735,-1,0.0," -> [car (Bottom-Right): 1%, chair (Left): 5%]"
frame_002018,-1.0,1.1661,100.1441,4.4132,105.7252,-1,0.0," -> [car (Bottom-Right): 1%, chair (Left): 4%, tvmonitor (Top): 1%]"
frame_002019,-1.0,1.3778,97.6405,4.1186,103.1377,-1,0.0," -> [car (Bottom-Right): 1%, chair (Left): 4%]"
frame_002020,-1.0,1.142,96.9455,4.0755,102.1649,-1,0.0," -> [car (Bottom-Right): 1%, chair (Left): 6%]"
frame_002021,-1.0,1.143,99.3891,4.2484,104.7816,-1,0.0," -> [car (Bottom-Right): 1%, chair (Left): 5%]"
frame_002022,-1.0,1.1292,95.62,4.1403,100.8911,-1,0.0, -> [chair (Left): 5%]
frame_002023,-1.0,1.4746,99.5368,4.1437,105.1563,-1,0.0," -> [car (Bottom-Right): 1%, chair (Left): 5%]"
frame_002024,-1.0,1.3151,101.9263,4.3691,107.6124,-1,0.0," -> [car (Bottom-Right): 1%, chair (Left): 5%]"
frame_002025,-1.0,2.4724,101.1855,4.1794,107.8383,-1,0.0," -> [car (Bottom-Right): 1%, chair (Left): 6%]"
frame_002026,-1.0,2.424,97.9909,4.0969,104.5128,-1,0.0, -> [chair (Left): 6%]
frame_002027,-1.0,1.3324,100.0419,4.3506,105.7259,-1,0.0," -> [car (Bottom-Right): 1%, chair (Left): 7%]"
frame_002028,-1.0,1.1642,98.7679,4.1085,104.0416,-1,0.0," -> [car (Bottom-Right): 1%, chair (Left): 7%]"
frame_002029,-1.0,1.119,99.9482,4.2343,105.3028,-1,0.0," -> [car (Bottom-Right): 1%, chair (Left): 8%]"
frame_002030,-1.0,1.1101,96.0638,4.2555,101.4304,-1,0.0, -> [chair (Left): 8%]
frame_002031,-1.0,2.9416,95.8578,5.2821,104.0832,-1,0.0," -> [car (Bottom-Right): 1%, chair (Left): 7%]"
frame_002032,-1.0,1.914,99.5075,4.2961,105.7189,-1,0.0, -> [chair (Left): 10%]
frame_002033,-1.0,1.6502,101.1868,4.1856,107.0237,-1,0.0," -> [car (Bottom-Right): 2%, chair (Left): 11%]"
frame_002034,-1.0,1.1957,97.1639,4.1151,102.4758,-1,0.0," -> [car (Bottom-Right): 2%, chair (Left): 11%]"
frame_002035,-1.0,1.1102,98.887,4.2594,104.2575,-1,0.0," -> [car (Bottom-Right): 2%, chair (Left): 11%]"
frame_002036,-1.0,1.1632,99.059,4.1303,104.3535,-1,0.0," -> [car (Bottom-Right): 2%, chair (Left): 12%]"
frame_002037,-1.0,1.1084,101.6811,4.284,107.0746,-1,0.0," -> [car (Bottom): 2%, chair (Left): 11%]"
frame_002038,-1.0,2.8443,97.0031,4.3959,104.2445,-1,0.0," -> [car (Bottom): 2%, chair (Left): 11%]"
frame_002039,-1.0,1.6532,100.3292,4.1618,106.1452,-1,0.0," -> [car (Bottom): 2%, chair (Left): 11%]"
frame_002040,-1.0,2.9814,99.4589,4.2462,106.6886,-1,0.0," -> [car (Bottom): 1%, chair (Left): 9%]"
frame_002041,-1.0,2.6086,97.5173,4.3101,104.4375,-1,0.0, -> [chair (Left): 7%]
frame_002042,-1.0,3.0964,96.9999,4.1576,104.2551,-1,0.0, -> [chair (Left): 7%]
frame_002043,-1.0,1.4771,98.0132,4.1626,103.6541,-1,0.0, -> [chair (Bottom-Left): 1%]
frame_002044,-1.0,1.1377,99.8467,4.13,105.1157,-1,0.0, -> [car (Bottom): 1%]
frame_002045,-1.0,1.1003,96.8482,4.0513,102.0009,-1,0.0, -> [car (Bottom): 4%]
frame_002046,-1.0,1.1013,101.1513,4.2582,106.5122,-1,0.0," -> [car (Bottom-Left): 4%, chair (Right): 1%]"
frame_002047,-1.0,2.6693,99.614,4.1233,106.408,-1,0.0, -> [car (Bottom-Left): 3%]
frame_002048,-1.0,2.8982,98.5186,4.1789,105.5974,-1,0.0," -> [car (Bottom-Left): 1%, chair (Right): 1%]"
frame_002049,-1.0,1.3592,98.9154,4.226,104.5015,-1,0.0," -> [car (Bottom-Left): 3%, chair (Right): 2%]"
frame_002050,-1.0,1.0779,98.1128,4.2921,103.485,-1,0.0," -> [car (Bottom-Left): 1%, chair (Center): 1%]"
frame_002051,-1.0,1.4656,96.8919,4.1167,102.4754,-1,0.0," -> [car (Bottom-Left): 1%, chair (Center): 2%]"
frame_002052,-1.0,1.1488,100.0949,4.0362,105.2812,-1,0.0, -> [chair (Center): 1%]
frame_002053,-1.0,1.1184,98.7652,4.197,104.0818,-1,0.0, -> [chair (Center): 2%]
frame_002054,-1.0,1.0984,95.1405,4.0411,100.2809,-1,0.0, -> [chair (Center): 2%]
frame_002055,-1.0,1.6428,100.0036,4.2839,105.9316,-1,0.0, -> [chair (Center): 2%]
frame_002056,-1.0,1.6225,96.8293,4.0322,102.4853,-1,0.0, -> [chair (Left): 2%]
frame_002057,-1.0,1.1543,97.3229,5.9869,104.466,-1,0.0, -> [chair (Left): 1%]
frame_002058,-1.0,1.333,99.9716,3.946,105.2524,-1,0.0, -> [chair (Center): 5%]
frame_002059,-1.0,1.1138,100.8767,4.2214,106.2131,-1,0.0, -> [chair (Center): 6%]
frame_002060,-1.0,1.2886,99.769,4.1776,105.2365,-1,0.0, -> [chair (Center): 7%]
frame_002061,-1.0,1.4726,100.8205,4.1191,106.4133,-1,0.0, -> [chair (Center): 6%]
frame_002062,-1.0,1.2692,95.5853,4.1903,101.046,-1,0.0, -> [chair (Center): 6%]
frame_002063,-1.0,1.672,98.7311,4.5805,104.985,-1,0.0, -> [chair (Center): 7%]
frame_002064,-1.0,1.5139,100.8999,4.0614,106.4769,-1,0.0, -> [chair (Center): 4%]
frame_002065,-1.0,1.1326,99.9747,4.2971,105.4056,-1,0.0, -> [chair (Center): 6%]
frame_002066,-1.0,1.549,97.2727,4.1581,102.9816,-1,0.0, -> [chair (Center): 6%]
frame_002067,-1.0,1.1361,101.1139,4.2052,106.4562,-1,0.0, -> [chair (Center): 5%]
frame_002068,-1.0,1.1387,96.7806,4.1746,102.095,-1,0.0, -> [chair (Center): 7%]
frame_002069,-1.0,1.0835,99.6656,4.0611,104.8112,-1,0.0, -> [chair (Center): 7%]
frame_002070,-1.0,1.1677,99.6095,4.2215,105.0003,-1,0.0, -> [chair (Center): 8%]
frame_002071,-1.0,2.5717,98.3099,4.1418,105.0245,-1,0.0, -> [chair (Center): 8%]
frame_002072,-1.0,1.3115,97.4394,4.2526,103.0047,-1,0.0, -> [chair (Center): 8%]
frame_002073,-1.0,1.6241,99.8716,4.8162,106.313,-1,0.0, -> [chair (Center): 8%]
frame_002074,-1.0,1.0999,96.0646,4.2453,101.4111,-1,0.0, -> [chair (Center): 7%]
frame_002075,-1.0,1.6014,98.4605,4.2106,104.274,-1,0.0, -> [chair (Center): 8%]
frame_002076,-1.0,1.3257,99.3388,4.1549,104.8209,-1,0.0, -> [chair (Center): 6%]
frame_002077,-1.0,1.1261,98.4014,4.0807,103.6092,-1,0.0, -> [chair (Center): 7%]
frame_002078,-1.0,2.3907,96.7798,4.1998,103.3713,-1,0.0, -> [chair (Center): 9%]
frame_002079,-1.0,1.5285,98.7881,4.1476,104.4653,-1,0.0, -> [chair (Center): 8%]
frame_002080,-1.0,1.5183,101.3642,4.2033,107.0883,-1,0.0, -> [chair (Center): 8%]
frame_002081,-1.0,1.1029,99.989,4.0642,105.1576,-1,0.0, -> [chair (Center): 7%]
frame_002082,-1.0,1.1164,97.2254,4.0875,102.4305,-1,0.0, -> [chair (Left): 8%]
frame_002083,-1.0,1.3399,103.9488,4.3991,109.6892,-1,0.0, -> [chair (Left): 5%]
frame_002084,-1.0,1.3041,96.2061,4.3116,101.8232,-1,0.0, -> [chair (Left): 3%]
frame_002085,-1.0,1.6223,98.8154,4.1543,104.5928,-1,0.0, -> [chair (Left): 4%]
frame_002086,-1.0,1.1428,97.4987,4.0692,102.7127,-1,0.0, -> [chair (Left): 3%]
frame_002087,-1.0,1.1128,104.1997,4.24,109.5536,-1,0.0, -> [chair (Left): 4%]
frame_002088,-1.0,1.2121,97.1326,4.1282,102.4743,-1,0.0, -> [chair (Center): 9%]
frame_002089,-1.0,1.1169,98.2557,4.4087,103.7826,-1,0.0, -> [chair (Left): 4%]
frame_002090,-1.0,1.1156,95.8804,4.2034,101.2009,-1,0.0, -> [chair (Left): 4%]
frame_002091,-1.0,2.3473,99.4677,5.0953,106.9117,-1,0.0, -> [chair (Left): 2%]
frame_002092,-1.0,1.5348,98.4803,4.0951,104.1123,-1,0.0, -> [chair (Center): 8%]
frame_002093,-1.0,1.1496,99.1167,4.1772,104.445,-1,0.0, -> [chair (Left): 3%]
frame_002094,-1.0,1.7169,98.8058,4.1699,104.6947,-1,0.0, -> [chair (Left): 3%]
frame_002095,-1.0,2.7036,99.7771,4.1906,106.673,-1,0.0, -> [chair (Left): 3%]
frame_002096,-1.0,1.5047,96.7925,4.2595,102.5584,-1,0.0, -> [chair (Left): 1%]
frame_002097,-1.0,1.6797,98.1854,4.2327,104.0987,-1,0.0, -> [chair (Left): 1%]
frame_002098,-1.0,1.3758,98.9885,3.8941,104.2601,-1,0.0, -> [background only]
frame_002099,-1.0,2.1368,97.8654,6.1796,106.1844,-1,0.0, -> [chair (Left): 2%]
frame_002100,-1.0,3.3923,97.8749,3.9923,105.2619,-1,0.0, -> [background only]
frame_002101,-1.0,2.4055,97.6398,4.0876,104.1341,-1,0.0, -> [background only]
frame_002102,-1.0,3.1556,94.691,4.0999,101.9482,-1,0.0, -> [background only]
frame_002103,-1.0,2.6929,99.9736,3.9436,106.6108,-1,0.0, -> [background only]
frame_002104,-1.0,2.6225,97.3656,4.267,104.2572,-1,0.0, -> [chair (Left): 1%]
frame_002105,-1.0,2.516,100.3154,4.2381,107.0715,-1,0.0, -> [chair (Left): 3%]
frame_002106,-1.0,3.1137,99.5833,4.1518,106.8502,-1,0.0, -> [chair (Left): 2%]
frame_002107,-1.0,2.563,98.558,4.1228,105.2446,-1,0.0, -> [chair (Left): 3%]
frame_002108,-1.0,2.5976,102.9245,4.1921,109.7161,-1,0.0, -> [chair (Left): 6%]
frame_002109,-1.0,2.5793,97.8816,4.13,104.5918,-1,0.0, -> [chair (Center): 9%]
frame_002110,-1.0,1.4052,98.2953,4.0839,103.7865,-1,0.0, -> [chair (Left): 4%]
frame_002111,-1.0,1.1294,99.2986,4.2886,104.7179,-1,0.0, -> [chair (Left): 3%]
frame_002112,-1.0,1.3989,97.2582,4.1502,102.8096,-1,0.0, -> [chair (Left): 4%]
frame_002113,-1.0,1.1414,97.9208,4.0987,103.1621,-1,0.0, -> [chair (Left): 4%]
frame_002114,-1.0,1.1498,97.3822,4.14,102.6732,-1,0.0, -> [chair (Left): 4%]
frame_002115,-1.0,1.1557,99.9574,4.1831,105.2978,-1,0.0, -> [chair (Left): 3%]
frame_002116,-1.0,1.1788,98.3845,3.9514,103.516,-1,0.0, -> [chair (Left): 2%]
frame_002117,-1.0,1.1617,99.2666,4.0408,104.4703,-1,0.0, -> [chair (Left): 2%]
frame_002118,-1.0,1.1913,99.6303,4.1569,104.9804,-1,0.0, -> [chair (Left): 3%]
frame_002119,-1.0,1.1532,98.9769,4.0513,104.1824,-1,0.0, -> [chair (Left): 2%]
frame_002120,-1.0,1.1865,98.9249,3.9229,104.0358,-1,0.0, -> [background only]
frame_002121,-1.0,1.1552,99.2382,4.0304,104.4248,-1,0.0, -> [chair (Center): 3%]
frame_002122,-1.0,1.1579,101.655,4.1376,106.9521,-1,0.0, -> [chair (Left): 3%]
frame_002123,-1.0,1.1344,99.655,4.1174,104.9077,-1,0.0, -> [chair (Center): 1%]
frame_002124,-1.0,1.1068,98.9649,4.0414,104.1146,-1,0.0, -> [background only]
frame_002125,-1.0,1.5303,100.2722,4.0435,105.8468,-1,0.0, -> [background only]
frame_002126,-1.0,1.1414,97.1124,4.1303,102.3858,-1,0.0, -> [chair (Center): 4%]
frame_002127,-1.0,1.5433,98.8647,4.0523,104.4612,-1,0.0, -> [chair (Center): 4%]
frame_002128,-1.0,1.1472,101.7736,4.1403,107.0629,-1,0.0, -> [chair (Center): 2%]
frame_002129,-1.0,1.13,99.3172,4.0556,104.504,-1,0.0, -> [chair (Center): 6%]
frame_002130,-1.0,1.1468,96.7141,4.1871,102.0501,-1,0.0, -> [chair (Center): 12%]
frame_002131,-1.0,1.3414,97.5217,4.1639,103.0279,-1,0.0, -> [chair (Center): 21%]
frame_002132,-1.0,1.1135,98.5086,4.2498,103.873,-1,0.0, -> [chair (Center): 21%]
frame_002133,-1.0,1.6973,101.2335,4.1993,107.1313,-1,0.0, -> [chair (Center): 17%]
frame_002134,-1.0,1.2157,99.0415,4.1128,104.3718,-1,0.0, -> [chair (Center): 19%]
frame_002135,-1.0,2.0795,98.8637,4.2192,105.164,-1,0.0, -> [chair (Center): 26%]
frame_002136,-1.0,3.086,100.4986,4.2626,107.8493,-1,0.0, -> [chair (Center): 37%]
frame_002137,-1.0,2.7965,97.9711,4.0943,104.8633,-1,0.0, -> [chair (Center): 35%]
frame_002138,-1.0,2.3182,100.8191,4.1587,107.2973,-1,0.0, -> [chair (Center): 20%]
frame_002139,-1.0,2.3481,100.313,4.0625,106.725,-1,0.0, -> [chair (Center): 23%]
frame_002140,-1.0,2.3885,100.6275,4.2532,107.2715,-1,0.0, -> [chair (Center): 36%]
frame_002141,-1.0,2.7117,98.8197,4.1059,105.6385,-1,0.0, -> [chair (Center): 37%]
frame_002142,-1.0,2.0389,98.5737,4.107,104.721,-1,0.0, -> [chair (Center): 34%]
frame_002143,-1.0,1.9897,98.6054,4.1525,104.7494,-1,0.0, -> [chair (Center): 53%]
frame_002144,-1.0,2.3496,100.5993,4.2824,107.2327,-1,0.0, -> [chair (Center): 43%]
frame_002145,-1.0,2.8369,100.3147,4.2773,107.431,-1,0.0, -> [chair (Center): 45%]
frame_002146,-1.0,2.8827,101.3653,4.064,108.3142,-1,0.0, -> [chair (Center): 28%]
frame_002147,-1.0,2.434,102.4318,4.2753,109.1426,-1,0.0, -> [chair (Center): 21%]
frame_002148,-1.0,2.653,98.5422,4.1786,105.3754,-1,0.0, -> [chair (Right): 31%]
frame_002149,-1.0,4.8901,98.3872,4.1559,107.4347,-1,0.0, -> [chair (Right): 32%]
frame_002150,-1.0,2.3493,102.4899,4.1699,109.0105,-1,0.0, -> [chair (Right): 33%]
frame_002151,-1.0,3.4013,99.3428,4.1016,106.8473,-1,0.0, -> [chair (Center): 32%]
frame_002152,-1.0,2.6585,99.7102,4.0166,106.3864,-1,0.0, -> [chair (Center): 27%]
frame_002153,-1.0,3.0361,97.4179,4.1329,104.588,-1,0.0, -> [chair (Center): 25%]
frame_002154,-1.0,2.8145,101.054,4.1229,107.9925,-1,0.0, -> [chair (Center): 24%]
frame_002155,-1.0,3.3808,97.4698,4.2067,105.0589,-1,0.0, -> [chair (Center): 21%]
frame_002156,-1.0,2.8086,99.3615,4.094,106.2654,-1,0.0, -> [chair (Center): 16%]
frame_002157,-1.0,2.5966,97.629,4.3036,104.5309,-1,0.0," -> [chair (Left): 11%, person (Right): 2%]"
frame_002158,-1.0,2.0074,100.1693,4.1438,106.3217,-1,0.0, -> [chair (Left): 10%]
frame_002159,-1.0,2.4518,95.4165,4.0508,101.9204,-1,0.0, -> [chair (Center): 11%]
frame_002160,-1.0,2.2193,99.0951,4.165,105.4807,-1,0.0, -> [chair (Center): 10%]
frame_002161,-1.0,2.4678,96.7194,4.1021,103.2905,-1,0.0, -> [chair (Center): 9%]
frame_002162,-1.0,2.5408,98.2584,4.1518,104.9523,-1,0.0, -> [chair (Center): 8%]
frame_002163,-1.0,2.0148,98.5269,4.132,104.6749,-1,0.0, -> [chair (Center): 8%]
frame_002164,-1.0,2.413,98.0191,4.2213,104.6545,-1,0.0, -> [chair (Center): 11%]
frame_002165,-1.0,2.9157,95.0527,4.0609,102.0309,-1,0.0, -> [chair (Center): 10%]
frame_002166,-1.0,1.9824,96.8791,4.2137,103.0767,-1,0.0, -> [chair (Center): 8%]
frame_002167,-1.0,2.6167,97.1874,3.9268,103.7322,-1,0.0, -> [chair (Center): 9%]
frame_002168,-1.0,2.6543,97.7178,4.1041,104.4773,-1,0.0, -> [chair (Center): 9%]
frame_002169,-1.0,3.3982,96.9802,4.2134,104.5934,-1,0.0, -> [chair (Right): 9%]
frame_002170,-1.0,2.6918,99.2002,4.1258,106.0189,-1,0.0, -> [chair (Right): 8%]
frame_002171,-1.0,3.2585,97.1333,4.1094,104.5024,-1,0.0, -> [chair (Right): 13%]
frame_002172,-1.0,2.3234,97.0183,4.2764,103.6192,-1,0.0, -> [chair (Right): 12%]
frame_002173,-1.0,3.3232,96.4093,4.2207,103.9548,-1,0.0, -> [chair (Right): 12%]
frame_002174,-1.0,1.3878,99.9159,4.1143,105.4191,-1,0.0, -> [chair (Right): 13%]
frame_002175,-1.0,1.1232,95.1733,4.0675,100.3657,-1,0.0, -> [chair (Right): 12%]
frame_002176,-1.0,1.1208,97.4706,4.324,102.9168,-1,0.0, -> [chair (Right): 12%]
frame_002177,-1.0,4.0764,103.473,4.0939,111.6448,-1,0.0, -> [chair (Right): 10%]
frame_002178,-1.0,1.123,100.4139,4.2975,105.8356,-1,0.0," -> [chair (Right): 12%, diningtable (Bottom): 1%]"
frame_002179,-1.0,1.5309,96.9843,4.1837,102.7002,-1,0.0," -> [chair (Right): 12%, diningtable (Bottom): 2%]"
frame_002180,-1.0,2.6382,100.025,4.26,106.924,-1,0.0," -> [chair (Right): 12%, diningtable (Bottom): 2%]"
frame_002181,-1.0,1.3597,95.7921,4.2678,101.4206,-1,0.0," -> [chair (Right): 12%, diningtable (Bottom): 3%]"
frame_002182,-1.0,1.648,100.0542,4.1046,105.8081,-1,0.0, -> [chair (Right): 11%]
frame_002183,-1.0,1.2019,103.777,4.1057,109.0861,-1,0.0," -> [chair (Right): 13%, diningtable (Bottom): 2%]"
frame_002184,-1.0,1.1508,96.0429,4.2539,101.4484,-1,0.0," -> [chair (Right): 15%, diningtable (Bottom): 4%]"
frame_002185,-1.0,1.1586,95.2768,4.2651,100.7021,-1,0.0," -> [chair (Right): 13%, diningtable (Bottom): 5%]"
frame_002186,-1.0,1.4137,97.5788,4.3204,103.3141,-1,0.0," -> [chair (Right): 12%, diningtable (Bottom): 5%]"
frame_002187,-1.0,1.1524,95.2603,4.1913,100.6053,-1,0.0," -> [chair (Right): 14%, diningtable (Bottom): 5%]"
frame_002188,-1.0,1.1003,97.2001,4.2972,102.5992,-1,0.0," -> [chair (Right): 15%, diningtable (Bottom): 5%]"
frame_002189,-1.0,1.2371,99.9943,4.2004,105.4332,-1,0.0," -> [chair (Right): 14%, diningtable (Bottom): 4%]"
frame_002190,-1.0,1.0836,99.6835,4.0788,104.8473,-1,0.0," -> [chair (Right): 13%, diningtable (Bottom): 5%]"
frame_002191,-1.0,1.1211,100.202,4.3552,105.6796,-1,0.0," -> [chair (Right): 12%, diningtable (Bottom): 5%]"
frame_002192,-1.0,1.0626,97.0452,4.1379,102.247,-1,0.0," -> [chair (Right): 11%, diningtable (Bottom): 3%]"
frame_002193,-1.0,1.1358,100.8942,4.1774,106.2092,-1,0.0," -> [chair (Right): 13%, diningtable (Bottom): 4%]"
frame_002194,-1.0,1.1197,97.2981,4.1763,102.5955,-1,0.0," -> [chair (Right): 10%, diningtable (Bottom-Left): 3%]"
frame_002195,-1.0,3.3266,98.247,4.1129,105.6878,-1,0.0," -> [chair (Top-Right): 7%, diningtable (Bottom-Left): 1%]"
frame_002196,-1.0,1.1335,101.2823,4.2903,106.7077,-1,0.0, -> [chair (Top-Right): 6%]
frame_002197,-1.0,1.9281,98.3965,4.1512,104.4773,-1,0.0, -> [chair (Right): 10%]
frame_002198,-1.0,1.145,98.3782,4.1418,103.6665,-1,0.0," -> [chair (Right): 12%, diningtable (Bottom-Left): 2%]"
frame_002199,-1.0,1.139,95.869,4.0776,101.0867,-1,0.0, -> [chair (Top-Right): 8%]
frame_002200,-1.0,1.0999,95.2274,4.2237,100.5522,-1,0.0, -> [chair (Top-Right): 8%]
frame_002201,-1.0,1.1506,95.2236,4.0538,100.4292,-1,0.0, -> [chair (Top-Right): 8%]
frame_002202,-1.0,1.1208,97.4443,4.242,102.8081,-1,0.0, -> [chair (Right): 16%]
frame_002203,-1.0,1.6489,99.3507,4.0301,105.0308,-1,0.0, -> [chair (Right): 10%]
frame_002204,-1.0,1.1323,95.9538,4.0838,101.171,-1,0.0, -> [chair (Right): 15%]
frame_002205,-1.0,1.1311,99.1097,4.0201,104.262,-1,0.0, -> [chair (Right): 13%]
frame_002206,-1.0,1.1387,95.4521,4.2082,100.8,-1,0.0, -> [chair (Right): 13%]
frame_002207,-1.0,1.6097,99.4074,4.1362,105.1543,-1,0.0, -> [chair (Right): 16%]
frame_002208,-1.0,1.1358,95.8636,4.1674,101.1683,-1,0.0, -> [chair (Right): 12%]
frame_002209,-1.0,1.2803,97.5804,4.0581,102.9198,-1,0.0, -> [chair (Right): 14%]
frame_002210,-1.0,1.1815,96.2881,4.1339,101.6046,-1,0.0, -> [chair (Right): 16%]
frame_002211,-1.0,1.1279,97.1425,5.0139,103.2862,-1,0.0, -> [chair (Right): 11%]
frame_002212,-1.0,1.1805,97.4443,4.1344,102.7603,-1,0.0, -> [chair (Right): 15%]
frame_002213,-1.0,1.0973,98.6501,4.2466,103.9951,-1,0.0, -> [chair (Right): 14%]
frame_002214,-1.0,1.276,98.4369,4.0909,103.805,-1,0.0, -> [chair (Top-Right): 8%]
frame_002215,-1.0,1.1336,99.5442,4.0325,104.7118,-1,0.0, -> [chair (Top-Right): 8%]
frame_002216,-1.0,1.1351,96.1872,4.2431,101.5669,-1,0.0, -> [chair (Top-Right): 5%]
frame_002217,-1.0,1.1165,95.3561,4.1662,100.64,-1,0.0, -> [chair (Top-Right): 3%]
frame_002218,-1.0,1.1364,99.5112,3.8967,104.5458,-1,0.0, -> [background only]
frame_002219,-1.0,1.1162,98.5559,3.8045,103.478,-1,0.0, -> [background only]
frame_002220,-1.0,1.1212,99.3425,3.9622,104.4271,-1,0.0, -> [background only]
frame_002221,-1.0,1.0876,97.6463,4.0076,102.7429,-1,0.0, -> [background only]
frame_002222,-1.0,1.0908,97.6153,3.9661,102.6735,-1,0.0, -> [background only]
frame_002223,-1.0,1.8423,99.7114,3.8546,105.4096,-1,0.0, -> [background only]
frame_002224,-1.0,2.3362,97.4278,3.8665,103.6316,-1,0.0, -> [background only]
frame_002225,-1.0,2.1422,95.8504,3.9373,101.9312,-1,0.0, -> [background only]
frame_002226,-1.0,1.3436,99.9458,4.1052,105.3966,-1,0.0, -> [background only]
frame_002227,-1.0,1.1083,98.5959,4.0388,103.7443,-1,0.0, -> [background only]
frame_002228,-1.0,2.4442,98.175,3.9407,104.5612,-1,0.0, -> [background only]
frame_002229,-1.0,1.2593,98.1789,3.8449,103.2839,-1,0.0, -> [background only]
frame_002230,-1.0,2.2037,95.8098,3.9647,101.9794,-1,0.0, -> [background only]
frame_002231,-1.0,2.022,98.048,3.9788,104.05,-1,0.0, -> [background only]
frame_002232,-1.0,1.3581,97.822,4.0626,103.2437,-1,0.0, -> [person (Center): 1%]
frame_002233,-1.0,1.1161,96.3337,4.0642,101.516,-1,0.0, -> [background only]
frame_002234,-1.0,1.4957,97.4827,4.1243,103.1041,-1,0.0, -> [person (Right): 1%]
frame_002235,-1.0,1.1424,95.5496,3.9325,100.6259,-1,0.0, -> [background only]
frame_002236,-1.0,1.1042,98.1647,4.0384,103.3086,-1,0.0, -> [background only]
frame_002237,-1.0,3.0618,96.155,4.273,103.4915,-1,0.0, -> [car (Top-Left): 1%]
frame_002238,-1.0,1.3487,98.8355,3.9492,104.1344,-1,0.0, -> [background only]
frame_002239,-1.0,1.1551,101.7452,4.2317,107.1328,-1,0.0," -> [car (Top-Left): 1%, person (Right): 1%]"
frame_002240,-1.0,1.0789,97.6594,4.6774,103.4173,-1,0.0, -> [background only]
frame_002241,-1.0,3.0214,95.1994,4.2081,102.4303,-1,0.0, -> [person (Right): 1%]
frame_002242,-1.0,1.6888,97.4427,4.1255,103.2583,-1,0.0, -> [car (Top-Left): 1%]
frame_002243,-1.0,1.156,98.6895,4.0251,103.8719,-1,0.0, -> [person (Right): 1%]
frame_002244,-1.0,1.0565,97.5768,3.9908,102.6255,-1,0.0, -> [background only]
frame_002245,-1.0,1.5293,97.7965,3.941,103.2678,-1,0.0, -> [background only]
frame_002246,-1.0,1.1387,96.4638,3.9609,101.5646,-1,0.0, -> [background only]
frame_002247,-1.0,1.1466,97.872,3.906,102.9256,-1,0.0, -> [background only]
frame_002248,-1.0,1.1125,96.7067,3.9943,101.8145,-1,0.0, -> [background only]
frame_002249,-1.0,1.1285,99.1244,3.8666,104.1206,-1,0.0, -> [background only]
frame_002250,-1.0,1.1475,97.4871,4.1195,102.7551,-1,0.0, -> [person (Right): 1%]
frame_002251,-1.0,2.1912,99.461,4.0545,105.7078,-1,0.0, -> [background only]
frame_002252,-1.0,1.2962,97.586,4.0013,102.8846,-1,0.0, -> [background only]
frame_002253,-1.0,1.1042,98.7865,3.9823,103.8739,-1,0.0, -> [background only]
frame_002254,-1.0,1.1491,98.4391,3.9104,103.4997,-1,0.0, -> [background only]
frame_002255,-1.0,2.2711,95.6976,3.9795,101.9491,-1,0.0, -> [background only]
frame_002256,-1.0,1.405,96.2802,4.01,101.6966,-1,0.0, -> [background only]
frame_002257,-1.0,1.1239,97.0852,4.1657,102.376,-1,0.0, -> [background only]
frame_002258,-1.0,1.169,97.7361,3.9321,102.8384,-1,0.0, -> [background only]
frame_002259,-1.0,1.1275,100.735,5.5512,107.4151,-1,0.0, -> [person (Right): 1%]
frame_002260,-1.0,1.1658,101.326,3.9332,106.4264,-1,0.0, -> [background only]
frame_002261,-1.0,1.0478,98.5269,3.9312,103.5073,-1,0.0, -> [background only]
frame_002262,-1.0,1.1618,95.2555,4.1067,100.5255,-1,0.0, -> [background only]
frame_002263,-1.0,1.1437,99.7848,3.9841,104.914,-1,0.0, -> [background only]
frame_002264,-1.0,1.5575,101.2501,3.9517,106.7604,-1,0.0, -> [background only]
frame_002265,-1.0,2.341,98.275,4.0635,104.6806,-1,0.0, -> [background only]
frame_002266,-1.0,3.0676,95.2903,4.0041,102.3634,-1,0.0, -> [background only]
frame_002267,-1.0,1.3095,97.5496,4.084,102.9442,-1,0.0, -> [background only]
frame_002268,-1.0,1.6564,103.7339,4.0685,109.4607,-1,0.0, -> [background only]
frame_002269,-1.0,1.4767,97.9586,4.0642,103.5006,-1,0.0, -> [background only]
frame_002270,-1.0,1.4232,94.892,3.979,100.2961,-1,0.0, -> [background only]
frame_002271,-1.0,2.3498,99.5333,3.9915,105.8761,-1,0.0, -> [background only]
frame_002272,-1.0,3.1575,98.2205,3.8887,105.2678,-1,0.0, -> [background only]
frame_002273,-1.0,1.1296,98.5602,3.9435,103.635,-1,0.0, -> [background only]
frame_002274,-1.0,1.1748,100.3902,3.9908,105.5574,-1,0.0, -> [background only]
frame_002275,-1.0,1.2452,97.7596,4.1838,103.2128,-1,0.0, -> [background only]
frame_002276,-1.0,1.1248,100.2224,3.9806,105.3289,-1,0.0, -> [chair (Top-Left): 1%]
frame_002277,-1.0,1.0717,99.2952,4.2972,104.666,-1,0.0, -> [chair (Top-Left): 11%]
frame_002278,-1.0,1.5274,100.1411,4.2148,105.8844,-1,0.0, -> [chair (Left): 14%]
frame_002279,-1.0,1.5469,100.0206,4.1948,105.7643,-1,0.0," -> [chair (Left): 14%, diningtable (Left): 2%]"
frame_002280,-1.0,1.1869,99.1182,4.2999,104.6067,-1,0.0," -> [chair (Top): 10%, diningtable (Left): 2%]"
frame_002281,-1.0,1.5516,99.9896,4.3361,105.8784,-1,0.0," -> [car (Top-Right): 2%, chair (Top): 16%, diningtable (Left): 2%]"
frame_002282,-1.0,1.6917,99.7035,4.1004,105.4971,-1,0.0," -> [chair (Center): 16%, diningtable (Left): 2%]"
frame_002283,-1.0,1.0707,96.8814,4.1335,102.0867,-1,0.0, -> [chair (Center): 17%]
frame_002284,-1.0,1.3601,98.4695,4.3813,104.2124,-1,0.0," -> [chair (Top): 12%, diningtable (Left): 1%, tvmonitor (Top-Left): 1%]"
frame_002285,-1.0,1.5098,99.9724,4.2645,105.7481,-1,0.0," -> [chair (Top): 13%, tvmonitor (Top-Left): 2%]"
frame_002286,-1.0,1.1522,101.5194,4.278,106.9519,-1,0.0," -> [chair (Center): 18%, tvmonitor (Top-Left): 2%]"
