filename,ros_data_age_ms,preprocessing_ms,inference_ms,postprocessing_ms,e2e_ms,class_id,confidence,info
frame_000000,-1.0,1.1919,85.1694,4.3478,90.7102,-1,0.0, -> [cow (Bottom-Right): 5%]
frame_000001,-1.0,3.1289,85.7036,4.3328,93.1666,-1,0.0, -> [cow (Bottom-Right): 4%]
frame_000002,-1.0,1.0911,86.8135,4.2829,92.1887,-1,0.0, -> [cow (Bottom-Right): 4%]
frame_000003,-1.0,1.6065,89.1383,4.4918,95.2381,-1,0.0, -> [cow (Bottom-Right): 3%]
frame_000004,-1.0,1.6889,86.4252,4.4458,92.5613,-1,0.0, -> [cow (Bottom-Right): 3%]
frame_000005,-1.0,1.3172,89.7128,4.5036,95.5347,-1,0.0, -> [cow (Bottom-Right): 4%]
frame_000006,-1.0,1.6718,85.7667,4.5239,91.964,-1,0.0, -> [cow (Bottom-Right): 4%]
frame_000007,-1.0,1.3213,87.9243,4.3627,93.6097,-1,0.0, -> [cow (Bottom-Right): 4%]
frame_000008,-1.0,1.6038,89.3624,4.3775,95.345,-1,0.0, -> [cow (Bottom-Right): 4%]
frame_000009,-1.0,1.5518,87.1523,4.4987,93.2044,-1,0.0, -> [cow (Bottom-Right): 4%]
frame_000010,-1.0,1.712,88.2514,4.5855,94.5507,-1,0.0, -> [cow (Bottom-Right): 4%]
frame_000011,-1.0,1.4365,82.7264,4.3531,88.5177,-1,0.0, -> [cow (Bottom-Right): 4%]
frame_000012,-1.0,5.0825,89.1671,5.4471,99.6987,-1,0.0, -> [chair (Top-Right): 10%]
frame_000013,-1.0,1.5939,84.6734,4.4118,90.6805,-1,0.0, -> [chair (Top-Right): 10%]
frame_000014,-1.0,1.5513,84.6799,4.4513,90.684,-1,0.0, -> [chair (Top-Right): 10%]
frame_000015,-1.0,1.5677,85.2751,4.5609,91.4049,-1,0.0, -> [chair (Top-Right): 9%]
frame_000016,-1.0,1.5466,86.4159,4.357,92.3208,-1,0.0, -> [chair (Top-Right): 10%]
frame_000017,-1.0,1.5325,87.4065,4.518,93.4582,-1,0.0, -> [chair (Top-Right): 10%]
frame_000018,-1.0,1.584,86.8154,4.4261,92.8267,-1,0.0, -> [chair (Top-Right): 10%]
frame_000019,-1.0,1.2898,85.773,4.4322,91.4962,-1,0.0, -> [chair (Top-Right): 10%]
frame_000020,-1.0,1.5862,85.8388,4.5573,91.9837,-1,0.0, -> [chair (Top-Right): 10%]
frame_000021,-1.0,1.6505,86.4536,4.3149,92.4203,-1,0.0, -> [chair (Top-Right): 10%]
frame_000022,-1.0,1.64,84.9279,4.3847,90.9538,-1,0.0, -> [chair (Top-Right): 10%]
frame_000023,-1.0,1.2601,86.8463,4.4519,92.5595,-1,0.0, -> [chair (Top-Right): 10%]
frame_000024,-1.0,1.6195,88.2575,4.4208,94.2993,-1,0.0, -> [chair (Top-Right): 10%]
frame_000025,-1.0,1.5607,86.723,4.328,92.6128,-1,0.0, -> [chair (Top-Right): 10%]
frame_000026,-1.0,1.5474,89.4624,4.4321,95.4429,-1,0.0, -> [chair (Top-Right): 9%]
frame_000027,-1.0,1.5492,86.0656,4.4176,92.0337,-1,0.0, -> [chair (Top-Right): 9%]
frame_000028,-1.0,1.5832,87.6803,4.4154,93.6801,-1,0.0, -> [chair (Top-Right): 9%]
frame_000029,-1.0,1.5091,87.7133,4.4443,93.6678,-1,0.0, -> [chair (Top-Right): 9%]
frame_000030,-1.0,1.6218,89.7189,4.4735,95.8156,-1,0.0, -> [chair (Top-Right): 10%]
frame_000031,-1.0,1.5173,86.7994,4.5071,92.8252,-1,0.0, -> [chair (Top-Right): 9%]
frame_000032,-1.0,1.5458,88.1484,4.5577,94.253,-1,0.0, -> [chair (Top-Right): 9%]
frame_000033,-1.0,1.3269,83.1316,4.5707,89.0304,-1,0.0, -> [chair (Top-Right): 10%]
frame_000034,-1.0,1.0133,86.4335,4.6411,92.0891,-1,0.0, -> [chair (Top-Right): 10%]
frame_000035,-1.0,1.4093,87.2804,4.4802,93.1709,-1,0.0, -> [chair (Top-Right): 10%]
frame_000036,-1.0,1.0594,81.4828,4.6514,87.195,-1,0.0, -> [chair (Top-Right): 10%]
frame_000037,-1.0,1.0061,82.9694,4.4591,88.4358,-1,0.0, -> [chair (Top-Right): 10%]
frame_000038,-1.0,0.9989,82.411,4.4855,87.8966,-1,0.0, -> [chair (Top-Right): 10%]
frame_000039,-1.0,0.9939,83.0611,4.5906,88.6467,-1,0.0, -> [chair (Top-Right): 10%]
frame_000040,-1.0,1.0241,83.1138,4.4719,88.6112,-1,0.0, -> [chair (Top-Right): 10%]
frame_000041,-1.0,0.9884,83.3064,4.5802,88.8764,-1,0.0, -> [chair (Top-Right): 10%]
frame_000042,-1.0,4.8569,85.2627,4.2258,94.3465,-1,0.0, -> [chair (Top-Right): 10%]
frame_000043,-1.0,1.7627,87.6334,4.1844,93.5821,-1,0.0, -> [chair (Top-Right): 10%]
frame_000044,-1.0,1.5697,87.1465,4.2373,92.9546,-1,0.0, -> [chair (Top-Right): 10%]
frame_000045,-1.0,1.5576,89.6799,4.2942,95.5332,-1,0.0, -> [chair (Top-Right): 10%]
frame_000046,-1.0,1.7363,87.9227,4.0136,93.6737,-1,0.0, -> [chair (Top-Right): 10%]
frame_000047,-1.0,1.6522,87.2139,4.1407,93.0081,-1,0.0, -> [chair (Top-Right): 10%]
frame_000048,-1.0,1.379,90.2289,4.1677,95.7769,-1,0.0, -> [chair (Top-Right): 10%]
frame_000049,-1.0,1.809,89.3003,4.2223,95.3329,-1,0.0, -> [chair (Top-Right): 10%]
frame_000050,-1.0,1.401,87.2584,4.0897,92.7504,-1,0.0, -> [chair (Top-Right): 9%]
frame_000051,-1.0,1.1292,85.5338,4.249,90.9134,-1,0.0, -> [chair (Top-Right): 10%]
frame_000052,-1.0,1.2037,86.5334,4.1981,91.9366,-1,0.0, -> [chair (Top-Right): 9%]
frame_000053,-1.0,1.1254,91.0455,4.377,96.5489,-1,0.0, -> [chair (Top-Right): 10%]
frame_000054,-1.0,1.4953,87.3128,4.4623,93.2717,-1,0.0, -> [chair (Top-Right): 10%]
frame_000055,-1.0,1.3083,84.3799,4.5255,90.2151,-1,0.0, -> [chair (Top-Right): 10%]
frame_000056,-1.0,3.4134,85.1481,4.5322,93.0953,-1,0.0, -> [chair (Top-Right): 10%]
frame_000057,-1.0,1.5809,87.567,4.3864,93.5358,-1,0.0, -> [chair (Top-Right): 9%]
frame_000058,-1.0,1.5769,86.1702,4.3716,92.1201,-1,0.0, -> [chair (Top-Right): 9%]
frame_000059,-1.0,1.5331,85.6128,4.42,91.5672,-1,0.0, -> [chair (Top-Right): 10%]
frame_000060,-1.0,1.56,86.1252,4.4108,92.0973,-1,0.0, -> [chair (Top-Right): 9%]
frame_000061,-1.0,1.6122,85.7347,4.2934,91.6416,-1,0.0, -> [chair (Top-Right): 9%]
frame_000062,-1.0,1.627,87.3,4.3608,93.2896,-1,0.0, -> [chair (Top-Right): 9%]
frame_000063,-1.0,1.6284,86.9385,4.518,93.0862,-1,0.0, -> [chair (Top-Right): 9%]
frame_000064,-1.0,1.6481,86.6711,4.3714,92.6918,-1,0.0, -> [chair (Top-Right): 9%]
frame_000065,-1.0,1.5384,84.9435,4.3437,90.8267,-1,0.0, -> [chair (Top-Right): 9%]
frame_000066,-1.0,1.7465,86.4203,4.4472,92.6151,-1,0.0, -> [chair (Top-Right): 9%]
frame_000067,-1.0,1.6376,86.1777,4.4364,92.2531,-1,0.0, -> [chair (Top-Right): 8%]
frame_000068,-1.0,1.3635,86.0753,4.4585,91.8989,-1,0.0, -> [chair (Top-Right): 9%]
frame_000069,-1.0,1.571,87.8137,5.0314,94.4174,-1,0.0, -> [chair (Top-Right): 9%]
frame_000070,-1.0,1.6623,86.1151,4.4026,92.1811,-1,0.0, -> [chair (Top-Right): 8%]
frame_000071,-1.0,1.5845,88.7128,4.4136,94.7123,-1,0.0, -> [chair (Top-Right): 8%]
frame_000072,-1.0,1.7416,89.9241,4.8904,96.5577,-1,0.0, -> [chair (Top-Right): 9%]
frame_000073,-1.0,1.7717,87.6096,4.4301,93.8126,-1,0.0, -> [chair (Top-Right): 9%]
frame_000074,-1.0,1.0534,85.8973,4.4043,91.3563,-1,0.0, -> [chair (Top-Right): 8%]
frame_000075,-1.0,1.0074,86.471,4.6025,92.0822,-1,0.0, -> [chair (Top-Right): 10%]
frame_000076,-1.0,1.6751,86.2261,4.5233,92.4258,-1,0.0, -> [chair (Top-Right): 10%]
frame_000077,-1.0,1.5786,88.2964,4.4748,94.3511,-1,0.0, -> [chair (Top-Right): 9%]
frame_000078,-1.0,1.6127,87.5498,4.3743,93.5379,-1,0.0, -> [chair (Top-Right): 10%]
frame_000079,-1.0,1.8115,91.9195,4.4586,98.1913,-1,0.0, -> [chair (Top-Right): 4%]
frame_000080,-1.0,1.7787,86.4707,4.5582,92.8089,-1,0.0, -> [chair (Top-Right): 6%]
frame_000081,-1.0,1.5811,87.3306,4.6452,93.558,-1,0.0, -> [chair (Top-Right): 7%]
frame_000082,-1.0,1.7515,87.6003,4.5208,93.8741,-1,0.0, -> [chair (Top): 6%]
frame_000083,-1.0,1.3679,87.421,4.4997,93.29,-1,0.0, -> [chair (Top): 3%]
frame_000084,-1.0,1.6663,87.9922,4.5734,94.2332,-1,0.0, -> [chair (Top): 2%]
frame_000085,-1.0,1.7431,87.0937,4.4374,93.2759,-1,0.0, -> [chair (Top): 3%]
frame_000086,-1.0,1.5919,85.9071,4.4813,91.9819,-1,0.0, -> [chair (Top): 1%]
frame_000087,-1.0,1.5674,86.1576,4.4258,92.152,-1,0.0, -> [chair (Top): 3%]
frame_000088,-1.0,1.6187,86.312,4.2974,92.2292,-1,0.0, -> [chair (Top): 3%]
frame_000089,-1.0,1.5223,88.7989,4.4046,94.727,-1,0.0, -> [background only]
frame_000090,-1.0,1.6582,89.1825,4.6118,95.4539,-1,0.0, -> [chair (Top): 5%]
frame_000091,-1.0,1.6054,86.8956,4.4802,92.9824,-1,0.0, -> [chair (Top): 5%]
frame_000092,-1.0,1.6266,89.1081,4.4946,95.2308,-1,0.0, -> [chair (Top): 1%]
frame_000093,-1.0,1.6,88.2367,4.4858,94.324,-1,0.0, -> [chair (Top): 4%]
frame_000094,-1.0,1.656,88.8959,4.3736,94.9265,-1,0.0, -> [chair (Top): 5%]
frame_000095,-1.0,1.6174,88.0217,4.1674,93.8078,-1,0.0, -> [background only]
frame_000096,-1.0,1.6878,87.4495,4.5409,93.6796,-1,0.0, -> [chair (Top): 4%]
frame_000097,-1.0,1.1248,86.6369,4.7177,92.4807,-1,0.0, -> [chair (Top): 5%]
frame_000098,-1.0,1.6551,89.2135,4.5992,95.4692,-1,0.0, -> [chair (Top): 4%]
frame_000099,-1.0,1.595,88.3268,4.5588,94.4818,-1,0.0, -> [chair (Top): 3%]
frame_000100,-1.0,1.665,86.9014,4.5793,93.1468,-1,0.0, -> [chair (Top-Left): 5%]
frame_000101,-1.0,1.6448,88.5725,4.4475,94.6667,-1,0.0, -> [background only]
frame_000102,-1.0,1.6712,88.039,4.32,94.032,-1,0.0, -> [chair (Top-Left): 4%]
frame_000103,-1.0,1.2887,86.052,4.6569,91.9993,-1,0.0, -> [chair (Top-Left): 4%]
frame_000104,-1.0,1.6691,86.4808,5.303,93.4544,-1,0.0, -> [chair (Top-Left): 4%]
frame_000105,-1.0,1.6267,89.4266,4.4818,95.5364,-1,0.0," -> [chair (Top-Left): 3%, tvmonitor (Top-Right): 1%]"
frame_000106,-1.0,1.5922,88.0725,4.3837,94.0497,-1,0.0, -> [chair (Top-Left): 1%]
frame_000107,-1.0,1.7181,89.3415,4.593,95.6541,-1,0.0," -> [chair (Top-Left): 1%, tvmonitor (Top-Right): 1%]"
frame_000108,-1.0,1.6504,86.6319,4.3213,92.6049,-1,0.0, -> [chair (Top-Left): 1%]
frame_000109,-1.0,1.6303,88.3319,4.525,94.4885,-1,0.0, -> [chair (Top-Left): 2%]
frame_000110,-1.0,1.3324,83.2452,4.8222,89.4011,-1,0.0, -> [chair (Top-Left): 2%]
frame_000111,-1.0,4.8904,86.8948,4.3517,96.1383,-1,0.0, -> [tvmonitor (Top-Right): 2%]
frame_000112,-1.0,1.5631,86.9459,4.3465,92.8567,-1,0.0, -> [background only]
frame_000113,-1.0,1.5703,88.614,4.1973,94.3828,-1,0.0, -> [tvmonitor (Top-Right): 3%]
frame_000114,-1.0,1.7604,84.7668,4.2316,90.7604,-1,0.0, -> [background only]
frame_000115,-1.0,1.2559,85.8917,4.4751,91.624,-1,0.0, -> [chair (Top-Left): 1%]
frame_000116,-1.0,1.5872,87.2523,5.5047,94.3456,-1,0.0," -> [chair (Center): 6%, tvmonitor (Top-Right): 5%]"
frame_000117,-1.0,1.7623,88.2147,4.4417,94.4201,-1,0.0," -> [chair (Right): 4%, tvmonitor (Top-Right): 3%]"
frame_000118,-1.0,1.6478,87.3045,4.5635,93.5172,-1,0.0," -> [chair (Right): 7%, tvmonitor (Top-Right): 4%]"
frame_000119,-1.0,1.3698,87.5747,4.5529,93.4986,-1,0.0," -> [chair (Right): 8%, tvmonitor (Top-Right): 4%]"
frame_000120,-1.0,1.6836,88.9154,4.4538,95.0541,-1,0.0," -> [chair (Right): 10%, tvmonitor (Top-Right): 5%]"
frame_000121,-1.0,1.6226,87.6071,4.4204,93.6514,-1,0.0," -> [chair (Right): 10%, tvmonitor (Top-Right): 5%]"
frame_000122,-1.0,1.6936,87.961,4.4192,94.075,-1,0.0," -> [chair (Right): 10%, tvmonitor (Top-Right): 4%]"
frame_000123,-1.0,1.5965,86.9826,4.3949,92.9754,-1,0.0," -> [chair (Right): 12%, tvmonitor (Top-Right): 4%]"
frame_000124,-1.0,1.5777,86.6772,4.5077,92.764,-1,0.0," -> [chair (Right): 10%, tvmonitor (Top): 2%]"
frame_000125,-1.0,1.6241,87.2071,4.3039,93.1362,-1,0.0," -> [chair (Right): 7%, tvmonitor (Top): 4%]"
frame_000126,-1.0,1.6642,86.4192,4.5132,92.5981,-1,0.0," -> [chair (Right): 10%, tvmonitor (Top): 5%]"
frame_000127,-1.0,1.338,87.6527,4.3616,93.3536,-1,0.0," -> [chair (Right): 10%, tvmonitor (Top): 2%]"
frame_000128,-1.0,1.5997,87.9724,4.4827,94.0561,-1,0.0," -> [chair (Right): 8%, tvmonitor (Top): 5%]"
frame_000129,-1.0,1.7252,86.6551,4.405,92.7868,-1,0.0," -> [chair (Right): 14%, tvmonitor (Top-Right): 5%]"
frame_000130,-1.0,1.6277,89.2502,4.5642,95.4435,-1,0.0," -> [chair (Center): 12%, tvmonitor (Top-Right): 10%]"
frame_000131,-1.0,1.7267,86.9954,4.6787,93.4021,-1,0.0," -> [chair (Center): 10%, tvmonitor (Top-Right): 12%]"
frame_000132,-1.0,1.6651,86.8691,4.6125,93.148,-1,0.0," -> [chair (Center): 10%, tvmonitor (Top-Right): 14%]"
frame_000133,-1.0,1.4111,86.5876,4.6664,92.6666,-1,0.0," -> [chair (Center): 11%, tvmonitor (Top-Right): 15%]"
frame_000134,-1.0,1.2946,87.8346,4.6882,93.8191,-1,0.0," -> [chair (Center): 15%, tvmonitor (Top-Right): 14%]"
frame_000135,-1.0,1.8995,89.5515,4.6778,96.1301,-1,0.0," -> [chair (Center): 14%, tvmonitor (Top): 11%]"
frame_000136,-1.0,1.6271,86.7747,4.5772,92.9803,-1,0.0," -> [chair (Center): 13%, tvmonitor (Top): 3%]"
frame_000137,-1.0,1.6114,87.4301,5.6366,94.6796,-1,0.0," -> [chair (Center): 12%, tvmonitor (Top): 5%]"
frame_000138,-1.0,1.0678,86.9363,4.5824,92.5878,-1,0.0," -> [chair (Center): 10%, tvmonitor (Top): 8%]"
frame_000139,-1.0,1.5266,90.0026,4.7228,96.2534,-1,0.0," -> [chair (Center): 19%, tvmonitor (Top-Left): 1%]"
frame_000140,-1.0,1.7018,87.4752,4.5606,93.7387,-1,0.0," -> [chair (Left): 18%, tvmonitor (Top-Left): 3%]"
frame_000141,-1.0,1.5757,84.1666,4.7039,90.4471,-1,0.0," -> [chair (Left): 10%, tvmonitor (Top): 10%]"
frame_000142,-1.0,1.6785,83.7584,4.5088,89.9473,-1,0.0," -> [chair (Left): 10%, tvmonitor (Top): 11%]"
frame_000143,-1.0,1.6008,85.9621,4.656,92.2202,-1,0.0," -> [chair (Left): 9%, tvmonitor (Top): 12%]"
frame_000144,-1.0,1.6448,87.9505,4.6223,94.2188,-1,0.0, -> [chair (Left): 14%]
frame_000145,-1.0,1.5524,86.1325,4.5543,92.2404,-1,0.0, -> [chair (Left): 14%]
frame_000146,-1.0,1.5122,88.7982,4.3864,94.6983,-1,0.0, -> [chair (Left): 11%]
frame_000147,-1.0,1.5708,89.2784,4.4457,95.2964,-1,0.0," -> [chair (Left): 8%, tvmonitor (Top-Left): 2%]"
frame_000148,-1.0,1.7183,90.3942,4.5272,96.6412,-1,0.0," -> [chair (Left): 7%, tvmonitor (Top): 8%]"
frame_000149,-1.0,1.5493,88.2541,4.4276,94.2327,-1,0.0," -> [chair (Top-Left): 4%, tvmonitor (Top-Left): 2%]"
frame_000150,-1.0,1.6115,88.9632,4.5015,95.0777,-1,0.0," -> [chair (Top-Left): 3%, tvmonitor (Top-Left): 4%]"
frame_000151,-1.0,1.6114,87.3283,4.5366,93.4776,-1,0.0," -> [chair (Top-Left): 3%, tvmonitor (Center): 8%]"
frame_000152,-1.0,1.356,86.9655,4.6232,92.946,-1,0.0," -> [chair (Top-Left): 2%, tvmonitor (Center): 10%]"
frame_000153,-1.0,1.0459,86.6721,4.4517,92.171,-1,0.0," -> [chair (Top-Left): 3%, tvmonitor (Center): 12%]"
frame_000154,-1.0,1.5588,90.5537,6.2408,98.3547,-1,0.0," -> [chair (Left): 3%, tvmonitor (Center): 11%]"
frame_000155,-1.0,1.6901,87.1372,4.1531,92.9815,-1,0.0," -> [chair (Left): 1%, tvmonitor (Center): 6%]"
frame_000156,-1.0,1.6324,91.2649,4.3021,97.2006,-1,0.0," -> [chair (Left): 1%, tvmonitor (Center): 5%]"
frame_000157,-1.0,1.614,88.8369,4.378,94.8302,-1,0.0," -> [chair (Left): 1%, tvmonitor (Center): 10%]"
frame_000158,-1.0,1.5952,90.0088,4.3117,95.917,-1,0.0," -> [chair (Left): 3%, tvmonitor (Center): 10%]"
frame_000159,-1.0,1.5123,87.8582,4.2518,93.6235,-1,0.0," -> [chair (Left): 2%, tvmonitor (Center): 11%]"
frame_000160,-1.0,1.6534,90.88,4.2096,96.7442,-1,0.0," -> [chair (Left): 1%, tvmonitor (Center): 10%]"
frame_000161,-1.0,1.7268,91.3428,4.4881,97.559,-1,0.0," -> [chair (Left): 2%, tvmonitor (Center): 8%]"
frame_000162,-1.0,1.7174,88.4869,4.6602,94.8657,-1,0.0," -> [chair (Left): 2%, tvmonitor (Center): 10%]"
frame_000163,-1.0,1.5409,86.3214,4.5063,92.3702,-1,0.0," -> [chair (Left): 2%, tvmonitor (Center): 11%]"
frame_000164,-1.0,1.5914,88.8714,4.4276,94.8919,-1,0.0," -> [chair (Left): 2%, tvmonitor (Center): 13%]"
frame_000165,-1.0,1.5545,88.0799,4.55,94.1858,-1,0.0," -> [chair (Left): 2%, tvmonitor (Center): 11%]"
frame_000166,-1.0,1.7884,88.2019,4.5727,94.5645,-1,0.0," -> [chair (Left): 2%, tvmonitor (Center): 10%]"
frame_000167,-1.0,1.0916,87.5255,4.4518,93.0702,-1,0.0," -> [chair (Left): 2%, tvmonitor (Center): 13%]"
frame_000168,-1.0,1.0715,88.107,4.5869,93.7666,-1,0.0," -> [chair (Left): 2%, tvmonitor (Center): 12%]"
frame_000169,-1.0,1.6175,87.2413,4.4729,93.333,-1,0.0," -> [chair (Left): 2%, tvmonitor (Center): 12%]"
frame_000170,-1.0,1.5809,87.5064,4.5795,93.6682,-1,0.0," -> [chair (Left): 2%, tvmonitor (Center): 12%]"
frame_000171,-1.0,1.5166,88.2723,4.5599,94.3501,-1,0.0," -> [chair (Left): 2%, tvmonitor (Center): 11%]"
frame_000172,-1.0,1.6933,88.1824,4.5056,94.3827,-1,0.0," -> [chair (Left): 2%, tvmonitor (Center): 11%]"
frame_000173,-1.0,1.2998,90.2091,4.5628,96.073,-1,0.0," -> [chair (Left): 2%, tvmonitor (Center): 13%]"
frame_000174,-1.0,1.624,88.0274,4.5959,94.2486,-1,0.0," -> [chair (Left): 2%, tvmonitor (Center): 13%]"
frame_000175,-1.0,1.6326,86.3161,4.7975,92.7473,-1,0.0," -> [chair (Left): 2%, tvmonitor (Center): 13%]"
frame_000176,-1.0,1.3507,86.7174,4.4832,92.5525,-1,0.0," -> [chair (Left): 2%, tvmonitor (Center): 14%]"
frame_000177,-1.0,1.5433,87.2345,5.5443,94.3239,-1,0.0," -> [chair (Left): 2%, tvmonitor (Center): 13%]"
frame_000178,-1.0,1.674,87.1732,4.5715,93.4201,-1,0.0," -> [chair (Left): 2%, tvmonitor (Center): 12%]"
frame_000179,-1.0,1.6079,88.2236,4.4193,94.2521,-1,0.0," -> [chair (Left): 2%, tvmonitor (Center): 13%]"
frame_000180,-1.0,1.6159,83.3235,4.4923,89.4329,-1,0.0," -> [chair (Left): 2%, tvmonitor (Center): 11%]"
frame_000181,-1.0,1.4676,84.0062,4.5708,90.0461,-1,0.0," -> [chair (Left): 2%, tvmonitor (Center): 12%]"
frame_000182,-1.0,1.0267,84.0517,4.601,89.6808,-1,0.0," -> [chair (Left): 1%, tvmonitor (Center): 11%]"
frame_000183,-1.0,4.0208,89.2323,4.4865,97.7409,-1,0.0," -> [chair (Left): 1%, tvmonitor (Center): 11%]"
frame_000184,-1.0,2.8853,86.4084,4.4928,93.788,-1,0.0," -> [chair (Top-Left): 1%, tvmonitor (Center): 9%]"
frame_000185,-1.0,1.6001,88.1549,4.3484,94.1044,-1,0.0," -> [chair (Top-Left): 1%, tvmonitor (Center): 10%]"
frame_000186,-1.0,1.5572,86.4682,4.4485,92.4751,-1,0.0," -> [chair (Top-Left): 1%, tvmonitor (Center): 11%]"
frame_000187,-1.0,1.5499,88.6841,4.532,94.7672,-1,0.0," -> [chair (Top-Left): 1%, tvmonitor (Center): 13%]"
frame_000188,-1.0,1.6108,87.5168,4.5382,93.667,-1,0.0," -> [chair (Top-Left): 1%, tvmonitor (Center): 20%]"
frame_000189,-1.0,1.5169,89.0503,4.6258,95.1944,-1,0.0," -> [chair (Top-Left): 2%, tvmonitor (Center): 21%]"
frame_000190,-1.0,2.1635,88.2083,4.4896,94.8625,-1,0.0," -> [chair (Top-Left): 1%, tvmonitor (Center): 13%]"
frame_000191,-1.0,1.6128,87.9887,4.4378,94.0406,-1,0.0," -> [chair (Left): 2%, tvmonitor (Top): 12%]"
frame_000192,-1.0,1.6522,89.125,4.4954,95.2741,-1,0.0," -> [chair (Left): 2%, tvmonitor (Top): 10%]"
frame_000193,-1.0,1.6823,87.2029,4.5262,93.4126,-1,0.0," -> [chair (Left): 2%, tvmonitor (Top): 9%]"
frame_000194,-1.0,1.5608,88.3691,4.5946,94.5259,-1,0.0," -> [chair (Left): 2%, tvmonitor (Top): 9%]"
frame_000195,-1.0,1.5367,87.7512,4.5942,93.8834,-1,0.0," -> [chair (Left): 2%, tvmonitor (Top): 9%]"
frame_000196,-1.0,1.5468,87.4083,4.432,93.3887,-1,0.0, -> [tvmonitor (Center): 27%]
frame_000197,-1.0,1.5485,89.3795,4.7221,95.6515,-1,0.0," -> [chair (Top-Left): 1%, tvmonitor (Top): 25%]"
frame_000198,-1.0,1.7538,87.3911,5.8447,94.9915,-1,0.0," -> [chair (Top-Left): 1%, tvmonitor (Top): 19%]"
frame_000199,-1.0,1.6247,90.12,4.6834,96.4295,-1,0.0," -> [chair (Top-Left): 1%, tvmonitor (Top): 12%]"
frame_000200,-1.0,1.5485,86.2929,4.5626,92.4054,-1,0.0," -> [chair (Top-Left): 1%, tvmonitor (Top): 11%]"
frame_000201,-1.0,1.5511,88.5849,4.565,94.7022,-1,0.0," -> [chair (Top-Left): 1%, tvmonitor (Top): 12%]"
frame_000202,-1.0,1.5336,86.6328,4.6179,92.7856,-1,0.0," -> [chair (Top-Left): 1%, dog (Bottom): 5%, tvmonitor (Top): 24%]"
frame_000203,-1.0,1.7564,86.7089,4.6288,93.0956,-1,0.0," -> [chair (Top-Left): 1%, tvmonitor (Top): 20%]"
frame_000204,-1.0,1.5964,87.8574,4.7024,94.1573,-1,0.0," -> [chair (Top-Left): 1%, dog (Bottom): 4%, tvmonitor (Top): 14%]"
frame_000205,-1.0,1.6086,86.6872,4.6199,92.9173,-1,0.0," -> [chair (Top-Left): 1%, tvmonitor (Top-Left): 1%]"
frame_000206,-1.0,5.5634,87.4791,4.456,97.5006,-1,0.0, -> [chair (Top-Left): 1%]
frame_000207,-1.0,1.5588,89.1511,4.4038,95.1149,-1,0.0, -> [chair (Top-Left): 1%]
frame_000208,-1.0,1.5452,87.6754,4.4897,93.7117,-1,0.0, -> [chair (Top-Left): 1%]
frame_000209,-1.0,1.5748,88.2118,4.3368,94.1247,-1,0.0, -> [chair (Top-Left): 1%]
frame_000210,-1.0,1.5657,86.315,4.5206,92.4028,-1,0.0, -> [chair (Top-Left): 2%]
frame_000211,-1.0,1.5782,88.0628,4.4177,94.0601,-1,0.0, -> [chair (Top-Left): 2%]
frame_000212,-1.0,1.6341,88.2258,4.8043,94.666,-1,0.0, -> [chair (Top-Left): 3%]
frame_000213,-1.0,1.6675,86.9409,4.515,93.1252,-1,0.0, -> [chair (Top-Left): 3%]
frame_000214,-1.0,1.3124,89.1779,4.3435,94.8351,-1,0.0, -> [chair (Top-Left): 3%]
frame_000215,-1.0,1.5654,88.2143,4.3296,94.1104,-1,0.0, -> [chair (Top-Left): 3%]
frame_000216,-1.0,1.6316,89.8542,4.3265,95.8135,-1,0.0, -> [chair (Top-Left): 3%]
frame_000217,-1.0,1.6192,87.2121,4.4098,93.2424,-1,0.0, -> [chair (Top-Left): 3%]
frame_000218,-1.0,1.6096,86.2686,4.4379,92.3173,-1,0.0, -> [chair (Top-Left): 3%]
frame_000219,-1.0,1.6556,86.7447,4.3589,92.7607,-1,0.0, -> [chair (Top-Left): 3%]
frame_000220,-1.0,1.645,87.4804,4.4871,93.6139,-1,0.0, -> [chair (Top-Left): 3%]
frame_000221,-1.0,1.2908,88.0214,4.5163,93.8299,-1,0.0, -> [chair (Top-Left): 3%]
frame_000222,-1.0,1.6152,88.6491,4.4294,94.6948,-1,0.0, -> [chair (Top-Left): 3%]
frame_000223,-1.0,1.4402,88.8249,4.3682,94.6344,-1,0.0," -> [chair (Top-Left): 4%, tvmonitor (Top): 8%]"
frame_000224,-1.0,1.6701,89.7353,4.5665,95.973,-1,0.0," -> [chair (Top-Left): 3%, tvmonitor (Top): 11%]"
frame_000225,-1.0,1.6648,87.0119,4.5306,93.2085,-1,0.0," -> [chair (Top-Left): 3%, tvmonitor (Top): 13%]"
frame_000226,-1.0,1.6366,87.3099,4.5081,93.4557,-1,0.0," -> [chair (Top-Left): 2%, tvmonitor (Top): 8%]"
frame_000227,-1.0,1.5775,90.9421,4.4159,96.9367,-1,0.0," -> [chair (Top-Left): 2%, tvmonitor (Top): 9%]"
frame_000228,-1.0,1.6561,87.8349,4.4537,93.9459,-1,0.0," -> [chair (Top-Left): 2%, tvmonitor (Top): 11%]"
frame_000229,-1.0,1.6879,87.0406,4.6005,93.3303,-1,0.0," -> [chair (Top-Left): 3%, tvmonitor (Top): 12%]"
frame_000230,-1.0,1.5679,91.0069,4.5086,97.0845,-1,0.0," -> [chair (Top-Left): 3%, tvmonitor (Top): 11%]"
frame_000231,-1.0,1.6825,86.6889,4.8451,93.218,-1,0.0," -> [chair (Top-Left): 3%, tvmonitor (Top): 10%]"
frame_000232,-1.0,1.6716,87.1352,4.6724,93.4806,-1,0.0," -> [chair (Top-Left): 3%, tvmonitor (Top): 9%]"
frame_000233,-1.0,1.6208,88.1894,4.4902,94.3017,-1,0.0," -> [chair (Top-Left): 3%, tvmonitor (Top): 10%]"
frame_000234,-1.0,2.1039,86.5371,4.5111,93.1532,-1,0.0," -> [chair (Top-Left): 3%, tvmonitor (Top): 10%]"
frame_000235,-1.0,1.6593,85.7069,4.2944,91.662,-1,0.0," -> [chair (Top-Left): 4%, tvmonitor (Top): 16%]"
frame_000236,-1.0,1.5651,86.437,4.7142,92.7176,-1,0.0," -> [chair (Top-Left): 2%, tvmonitor (Center): 29%]"
frame_000237,-1.0,1.6766,85.9899,4.5226,92.1903,-1,0.0," -> [chair (Left): 2%, tvmonitor (Top): 11%]"
frame_000238,-1.0,1.6792,86.3124,4.4922,92.4853,-1,0.0," -> [chair (Left): 2%, tvmonitor (Top): 13%]"
frame_000239,-1.0,1.6409,88.6981,4.5051,94.8455,-1,0.0, -> [chair (Left): 2%]
frame_000240,-1.0,1.7042,87.2519,4.7236,93.6811,-1,0.0," -> [chair (Left): 1%, tvmonitor (Center): 9%]"
frame_000241,-1.0,1.6541,86.3807,4.5227,92.5586,-1,0.0, -> [chair (Left): 2%]
frame_000242,-1.0,1.6448,86.3397,4.4636,92.4497,-1,0.0, -> [chair (Left): 2%]
frame_000243,-1.0,1.6617,88.9649,4.6516,95.2795,-1,0.0," -> [chair (Top-Left): 1%, tvmonitor (Top): 5%]"
frame_000244,-1.0,1.6237,86.6562,5.3462,93.6277,-1,0.0, -> [tvmonitor (Top): 2%]
frame_000245,-1.0,1.42,88.586,4.2468,94.2541,-1,0.0, -> [background only]
frame_000246,-1.0,1.6809,86.5944,4.5798,92.8563,-1,0.0, -> [tvmonitor (Top-Left): 2%]
frame_000247,-1.0,1.6326,85.4208,4.6557,91.7102,-1,0.0," -> [chair (Left): 1%, tvmonitor (Top-Left): 5%]"
frame_000248,-1.0,1.6637,86.2948,4.3759,92.3359,-1,0.0, -> [background only]
frame_000249,-1.0,1.6149,87.1287,4.4102,93.1552,-1,0.0, -> [tvmonitor (Top-Left): 7%]
frame_000250,-1.0,1.641,86.1287,4.6924,92.4634,-1,0.0, -> [tvmonitor (Top-Left): 5%]
frame_000251,-1.0,1.6521,88.6837,4.4214,94.7586,-1,0.0, -> [tvmonitor (Top-Left): 2%]
frame_000252,-1.0,1.665,87.4386,4.4677,93.5726,-1,0.0, -> [tvmonitor (Top-Left): 4%]
frame_000253,-1.0,1.5339,87.2236,4.541,93.2997,-1,0.0, -> [tvmonitor (Left): 13%]
frame_000254,-1.0,1.3733,86.9144,4.5464,92.8355,-1,0.0, -> [tvmonitor (Center): 26%]
frame_000255,-1.0,1.6311,86.5285,4.4324,92.5934,-1,0.0, -> [tvmonitor (Left): 12%]
frame_000256,-1.0,1.5412,87.4547,4.424,93.4212,-1,0.0, -> [tvmonitor (Center): 15%]
frame_000257,-1.0,1.5236,86.3679,4.3323,92.2254,-1,0.0, -> [background only]
frame_000258,-1.0,1.5758,88.9447,4.4171,94.9389,-1,0.0, -> [chair (Left): 4%]
frame_000259,-1.0,1.5625,87.3015,5.5324,94.3978,-1,0.0," -> [chair (Left): 5%, tvmonitor (Center): 17%]"
frame_000260,-1.0,1.6468,88.315,4.5392,94.5022,-1,0.0," -> [chair (Left): 8%, tvmonitor (Top): 7%]"
frame_000261,-1.0,1.6986,90.1694,4.4497,96.3191,-1,0.0," -> [chair (Left): 12%, tvmonitor (Top): 5%]"
frame_000262,-1.0,1.6592,87.4473,4.5545,93.6626,-1,0.0, -> [chair (Left): 11%]
frame_000263,-1.0,1.4273,88.4316,4.568,94.4283,-1,0.0," -> [chair (Left): 17%, tvmonitor (Top): 1%]"
frame_000264,-1.0,1.5544,87.4386,4.4409,93.4352,-1,0.0," -> [chair (Left): 21%, tvmonitor (Top): 1%]"
frame_000265,-1.0,1.6118,88.963,4.5136,95.0897,-1,0.0, -> [chair (Left): 21%]
frame_000266,-1.0,1.5984,86.6785,4.6515,92.9299,-1,0.0," -> [chair (Left): 25%, tvmonitor (Top): 3%]"
frame_000267,-1.0,1.6096,89.3353,4.6249,95.5711,-1,0.0," -> [chair (Left): 30%, tvmonitor (Top-Right): 6%]"
frame_000268,-1.0,1.5703,88.2474,4.6209,94.4399,-1,0.0," -> [chair (Left): 31%, tvmonitor (Top-Right): 3%]"
frame_000269,-1.0,1.6601,87.7622,4.5597,93.9836,-1,0.0, -> [chair (Left): 27%]
frame_000270,-1.0,1.3404,88.2061,4.2358,93.7837,-1,0.0, -> [chair (Left): 31%]
frame_000271,-1.0,1.2164,86.8106,4.4575,92.4858,-1,0.0, -> [chair (Center): 27%]
frame_000272,-1.0,1.6265,87.5686,4.2639,93.4602,-1,0.0," -> [chair (Center): 34%, tvmonitor (Top-Right): 5%]"
frame_000273,-1.0,1.2973,87.9633,4.5637,93.8256,-1,0.0," -> [chair (Center): 36%, tvmonitor (Right): 11%]"
frame_000274,-1.0,1.3125,88.1389,4.4981,93.9507,-1,0.0," -> [chair (Center): 24%, tvmonitor (Right): 11%]"
frame_000275,-1.0,1.6193,88.6855,4.4274,94.7333,-1,0.0," -> [chair (Center): 25%, tvmonitor (Right): 8%]"
frame_000276,-1.0,1.6008,88.0684,4.601,94.2715,-1,0.0," -> [chair (Center): 25%, tvmonitor (Right): 7%]"
frame_000277,-1.0,1.6995,87.2082,4.5321,93.4412,-1,0.0," -> [chair (Center): 29%, tvmonitor (Top-Right): 4%]"
frame_000278,-1.0,1.4166,87.4275,4.4146,93.2599,-1,0.0, -> [chair (Center): 31%]
frame_000279,-1.0,1.6118,88.6368,4.4536,94.7038,-1,0.0, -> [chair (Right): 14%]
frame_000280,-1.0,1.5678,87.7872,4.5567,93.913,-1,0.0, -> [chair (Top): 20%]
frame_000281,-1.0,1.5751,89.2244,4.6117,95.4124,-1,0.0, -> [chair (Top-Right): 18%]
frame_000282,-1.0,1.4424,88.9755,4.595,95.0141,-1,0.0, -> [chair (Right): 25%]
frame_000283,-1.0,2.9839,84.8976,4.677,92.5601,-1,0.0, -> [chair (Right): 22%]
frame_000284,-1.0,1.292,85.815,4.4751,91.5838,-1,0.0, -> [chair (Right): 14%]
frame_000285,-1.0,1.598,89.1641,4.4392,95.2029,-1,0.0, -> [chair (Top-Right): 12%]
frame_000286,-1.0,1.5704,87.4397,4.5179,93.5296,-1,0.0, -> [chair (Top-Right): 13%]
frame_000287,-1.0,1.628,89.3545,4.303,95.2868,-1,0.0, -> [chair (Top-Right): 7%]
frame_000288,-1.0,1.6332,88.3665,4.3132,94.3145,-1,0.0, -> [chair (Top-Right): 7%]
frame_000289,-1.0,1.7939,86.6541,4.4734,92.9227,-1,0.0, -> [background only]
frame_000290,-1.0,1.6371,87.9644,4.1225,93.7256,-1,0.0, -> [background only]
frame_000291,-1.0,1.5878,86.3088,4.6071,92.5049,-1,0.0, -> [chair (Top-Left): 1%]
frame_000292,-1.0,2.5025,86.7487,4.4588,93.7116,-1,0.0, -> [chair (Top-Left): 1%]
frame_000293,-1.0,1.6283,88.4226,4.3372,94.3893,-1,0.0, -> [chair (Top-Left): 2%]
frame_000294,-1.0,1.5986,87.3316,4.2524,93.1837,-1,0.0, -> [background only]
frame_000295,-1.0,1.6459,90.3699,4.4621,96.4795,-1,0.0, -> [background only]
frame_000296,-1.0,1.673,86.5553,4.2687,92.4984,-1,0.0, -> [background only]
frame_000297,-1.0,1.6576,88.1777,4.5486,94.3852,-1,0.0, -> [chair (Top-Left): 3%]
frame_000298,-1.0,1.5571,89.2338,4.5855,95.3776,-1,0.0, -> [chair (Top-Left): 4%]
frame_000299,-1.0,1.7485,87.0533,4.5145,93.3177,-1,0.0, -> [chair (Top-Left): 3%]
frame_000300,-1.0,1.6566,85.5792,4.584,91.8211,-1,0.0, -> [chair (Top-Left): 4%]
frame_000301,-1.0,1.6473,88.3365,4.296,94.2809,-1,0.0, -> [chair (Top-Left): 1%]
frame_000302,-1.0,1.6317,87.1287,4.5491,93.3108,-1,0.0, -> [chair (Top-Left): 2%]
frame_000303,-1.0,1.6316,87.6044,4.4695,93.7068,-1,0.0, -> [chair (Top-Left): 4%]
frame_000304,-1.0,1.7298,89.1202,4.3703,95.2216,-1,0.0, -> [chair (Top-Left): 4%]
frame_000305,-1.0,1.6549,87.1454,4.506,93.3076,-1,0.0, -> [chair (Top-Left): 4%]
frame_000306,-1.0,1.6372,86.2275,4.4512,92.3172,-1,0.0, -> [chair (Top-Left): 1%]
frame_000307,-1.0,1.3176,86.9789,4.3044,92.6021,-1,0.0, -> [background only]
frame_000308,-1.0,1.6414,86.7481,4.444,92.8351,-1,0.0, -> [chair (Top-Left): 5%]
frame_000309,-1.0,1.3386,87.0173,4.6135,92.9706,-1,0.0, -> [chair (Top-Left): 5%]
frame_000310,-1.0,1.075,86.4615,4.5475,92.0853,-1,0.0, -> [chair (Top-Left): 2%]
frame_000311,-1.0,1.3517,85.7681,4.5805,91.7017,-1,0.0, -> [chair (Top-Left): 4%]
frame_000312,-1.0,1.6994,91.5676,4.4422,97.7105,-1,0.0, -> [chair (Top-Left): 3%]
frame_000313,-1.0,1.8217,91.8511,4.5449,98.219,-1,0.0, -> [background only]
frame_000314,-1.0,1.2947,86.2498,4.4782,92.0239,-1,0.0, -> [chair (Top-Left): 4%]
frame_000315,-1.0,1.6001,86.5672,4.6801,92.8485,-1,0.0, -> [chair (Top-Left): 4%]
frame_000316,-1.0,1.7973,87.3666,4.7186,93.8838,-1,0.0, -> [chair (Top-Left): 5%]
frame_000317,-1.0,1.6018,85.7152,4.6026,91.9208,-1,0.0, -> [chair (Top-Left): 4%]
frame_000318,-1.0,1.6078,87.2559,4.6119,93.4768,-1,0.0, -> [chair (Top-Left): 3%]
frame_000319,-1.0,1.4026,84.2484,4.3493,90.0015,-1,0.0, -> [chair (Top-Left): 4%]
frame_000320,-1.0,1.0251,83.0872,4.5837,88.6972,-1,0.0, -> [chair (Top-Left): 9%]
frame_000321,-1.0,4.8279,88.2468,4.5245,97.6007,-1,0.0, -> [chair (Top-Left): 8%]
frame_000322,-1.0,1.6411,89.3086,4.4067,95.3575,-1,0.0, -> [bicycle (Bottom): 24%]
frame_000323,-1.0,1.5441,88.4343,4.4104,94.3901,-1,0.0, -> [chair (Top-Left): 8%]
frame_000324,-1.0,1.5793,87.6777,4.8199,94.0781,-1,0.0," -> [bicycle (Bottom-Left): 3%, chair (Top-Left): 6%]"
frame_000325,-1.0,1.1325,87.5763,4.5201,93.2299,-1,0.0, -> [chair (Top-Left): 5%]
frame_000326,-1.0,1.5661,88.5802,5.2885,95.4359,-1,0.0, -> [bicycle (Bottom): 9%]
frame_000327,-1.0,1.6303,87.7194,4.6071,93.9582,-1,0.0," -> [bicycle (Bottom): 3%, chair (Top): 10%]"
frame_000328,-1.0,1.6766,86.1304,4.4319,92.2399,-1,0.0, -> [background only]
frame_000329,-1.0,1.3648,85.9129,4.3119,91.5912,-1,0.0, -> [chair (Top): 3%]
frame_000330,-1.0,1.7995,89.2931,4.5556,95.6496,-1,0.0, -> [bicycle (Center): 12%]
frame_000331,-1.0,1.6552,86.9308,4.5701,93.1576,-1,0.0," -> [bicycle (Right): 15%, chair (Top): 8%]"
frame_000332,-1.0,1.6326,87.7239,4.5938,93.9515,-1,0.0," -> [bicycle (Center): 12%, chair (Top): 9%]"
frame_000333,-1.0,1.0439,87.2987,5.7426,94.0866,-1,0.0," -> [bicycle (Right): 18%, chair (Top): 5%]"
frame_000334,-1.0,1.6668,88.02,4.3529,94.0412,-1,0.0, -> [bicycle (Right): 37%]
frame_000335,-1.0,1.5387,89.3678,4.5953,95.5032,-1,0.0, -> [bicycle (Right): 32%]
frame_000336,-1.0,1.6011,89.896,4.507,96.0054,-1,0.0, -> [bicycle (Right): 32%]
frame_000337,-1.0,1.6321,87.6379,4.4652,93.7368,-1,0.0, -> [bicycle (Right): 27%]
frame_000338,-1.0,1.74,96.8169,4.4841,103.0423,-1,0.0, -> [bicycle (Right): 21%]
frame_000339,-1.0,1.6254,88.5855,4.4059,94.6182,-1,0.0, -> [bicycle (Right): 17%]
frame_000340,-1.0,1.6008,87.5071,4.3331,93.4425,-1,0.0, -> [bicycle (Right): 14%]
frame_000341,-1.0,1.6009,87.241,4.4696,93.3129,-1,0.0," -> [bicycle (Right): 5%, chair (Top-Right): 1%]"
frame_000342,-1.0,1.6482,88.4088,4.4075,94.4659,-1,0.0, -> [background only]
frame_000343,-1.0,1.6204,90.5006,4.2901,96.4128,-1,0.0, -> [background only]
frame_000344,-1.0,1.6645,89.7045,4.356,95.7266,-1,0.0, -> [background only]
frame_000345,-1.0,1.6165,88.4393,4.4102,94.4676,-1,0.0, -> [background only]
frame_000346,-1.0,1.5783,88.26,4.1687,94.0086,-1,0.0, -> [background only]
frame_000347,-1.0,1.6024,87.8496,4.2483,93.7017,-1,0.0, -> [background only]
frame_000348,-1.0,1.6168,89.4699,4.273,95.3613,-1,0.0, -> [background only]
frame_000349,-1.0,1.7502,92.42,4.3169,98.4885,-1,0.0, -> [background only]
frame_000350,-1.0,1.7791,88.7378,4.4119,94.9302,-1,0.0, -> [background only]
frame_000351,-1.0,1.6892,87.3549,4.3007,93.346,-1,0.0, -> [background only]
frame_000352,-1.0,1.6159,86.4985,4.5598,92.6754,-1,0.0, -> [background only]
frame_000353,-1.0,1.7892,87.5734,4.5665,93.9301,-1,0.0, -> [background only]
frame_000354,-1.0,1.3114,87.3127,4.342,92.9674,-1,0.0, -> [background only]
frame_000355,-1.0,1.6229,89.2369,4.529,95.3903,-1,0.0, -> [background only]
frame_000356,-1.0,1.6207,86.3741,4.3404,92.3365,-1,0.0, -> [background only]
frame_000357,-1.0,1.6277,88.6443,4.3421,94.6155,-1,0.0, -> [background only]
frame_000358,-1.0,1.6399,86.254,4.4367,92.332,-1,0.0, -> [background only]
frame_000359,-1.0,1.7711,87.9582,4.3755,94.1064,-1,0.0, -> [background only]
frame_000360,-1.0,1.0738,86.7976,4.3944,92.2671,-1,0.0, -> [background only]
frame_000361,-1.0,1.1848,87.9172,4.6114,93.7144,-1,0.0, -> [background only]
frame_000362,-1.0,1.3739,86.4786,4.4583,92.312,-1,0.0, -> [background only]
frame_000363,-1.0,1.1645,88.5127,4.3275,94.0058,-1,0.0, -> [background only]
frame_000364,-1.0,1.0226,90.201,4.2479,95.4726,-1,0.0, -> [background only]
frame_000365,-1.0,1.7265,89.5398,4.3103,95.578,-1,0.0, -> [background only]
frame_000366,-1.0,1.6692,88.3149,4.4304,94.4161,-1,0.0, -> [background only]
frame_000367,-1.0,1.1466,88.084,4.226,93.4582,-1,0.0, -> [background only]
frame_000368,-1.0,1.6857,89.7813,4.1745,95.6428,-1,0.0, -> [background only]
frame_000369,-1.0,1.401,87.492,4.2066,93.1009,-1,0.0, -> [background only]
frame_000370,-1.0,1.6719,90.5215,4.3645,96.5591,-1,0.0, -> [background only]
frame_000371,-1.0,1.6908,87.6304,4.2377,93.5601,-1,0.0, -> [background only]
frame_000372,-1.0,1.6803,89.8864,4.4106,95.9784,-1,0.0, -> [background only]
frame_000373,-1.0,1.7713,89.0085,4.3425,95.1238,-1,0.0, -> [background only]
frame_000374,-1.0,1.6671,88.7721,4.3481,94.7885,-1,0.0, -> [background only]
frame_000375,-1.0,1.5322,88.3681,4.3013,94.2031,-1,0.0, -> [background only]
frame_000376,-1.0,1.6538,88.1613,4.441,94.2583,-1,0.0, -> [background only]
frame_000377,-1.0,1.6743,87.7704,4.3099,93.7558,-1,0.0, -> [background only]
frame_000378,-1.0,1.5357,88.9536,4.3758,94.8663,-1,0.0, -> [background only]
frame_000379,-1.0,1.6436,86.4937,4.2213,92.3598,-1,0.0, -> [background only]
frame_000380,-1.0,1.7156,86.0222,4.3797,92.1191,-1,0.0, -> [background only]
frame_000381,-1.0,1.6273,86.7168,4.5729,92.9184,-1,0.0, -> [background only]
frame_000382,-1.0,1.6153,86.2585,4.2018,92.077,-1,0.0, -> [background only]
frame_000383,-1.0,1.6256,87.6656,4.3757,93.6681,-1,0.0, -> [background only]
frame_000384,-1.0,1.644,89.9386,4.4439,96.0278,-1,0.0, -> [background only]
frame_000385,-1.0,1.3332,84.3258,4.2347,89.8951,-1,0.0, -> [background only]
frame_000386,-1.0,1.068,91.3913,4.2953,96.7559,-1,0.0, -> [background only]
frame_000387,-1.0,1.6416,89.4626,4.2524,95.3578,-1,0.0, -> [background only]
frame_000388,-1.0,1.6591,87.3521,4.1076,93.1202,-1,0.0, -> [background only]
frame_000389,-1.0,1.6799,89.9704,4.0754,95.7269,-1,0.0, -> [background only]
frame_000390,-1.0,1.7676,89.394,4.6634,95.8264,-1,0.0, -> [background only]
frame_000391,-1.0,1.6188,88.0494,4.1156,93.785,-1,0.0, -> [background only]
frame_000392,-1.0,1.669,88.0585,4.3753,94.1039,-1,0.0, -> [background only]
frame_000393,-1.0,1.6013,90.8845,4.5555,97.0426,-1,0.0, -> [background only]
frame_000394,-1.0,1.7309,88.7388,4.3912,94.8623,-1,0.0, -> [background only]
frame_000395,-1.0,1.3615,86.9808,4.4498,92.7932,-1,0.0, -> [background only]
frame_000396,-1.0,1.6233,88.5417,4.271,94.4375,-1,0.0, -> [background only]
frame_000397,-1.0,1.3347,88.5178,4.4094,94.2633,-1,0.0, -> [background only]
frame_000398,-1.0,1.6,89.2682,4.2591,95.1288,-1,0.0, -> [background only]
frame_000399,-1.0,1.5975,88.281,4.2312,94.1112,-1,0.0, -> [background only]
frame_000400,-1.0,1.639,91.0809,4.314,97.0351,-1,0.0, -> [background only]
frame_000401,-1.0,1.6302,87.5383,4.342,93.5118,-1,0.0, -> [background only]
frame_000402,-1.0,1.6375,85.3844,4.3576,91.3811,-1,0.0, -> [background only]
frame_000403,-1.0,1.5604,87.0431,4.2286,92.8334,-1,0.0, -> [background only]
frame_000404,-1.0,1.5468,88.7482,4.4109,94.707,-1,0.0, -> [background only]
frame_000405,-1.0,1.5937,90.6089,4.3266,96.5307,-1,0.0, -> [background only]
frame_000406,-1.0,1.673,85.9477,4.2871,91.9092,-1,0.0, -> [background only]
frame_000407,-1.0,1.6245,89.7031,4.4973,95.8261,-1,0.0, -> [background only]
frame_000408,-1.0,1.6157,88.0938,4.4458,94.1567,-1,0.0, -> [background only]
frame_000409,-1.0,1.6034,87.5177,4.2731,93.3956,-1,0.0, -> [background only]
frame_000410,-1.0,1.3987,89.2387,4.2508,94.8897,-1,0.0, -> [background only]
frame_000411,-1.0,1.6876,88.9062,4.4435,95.0391,-1,0.0, -> [background only]
frame_000412,-1.0,1.3447,88.3842,4.6302,94.3603,-1,0.0, -> [background only]
frame_000413,-1.0,1.6078,89.7163,4.2487,95.5744,-1,0.0, -> [background only]
frame_000414,-1.0,1.6669,87.2034,4.4883,93.3599,-1,0.0, -> [background only]
frame_000415,-1.0,1.6466,89.3022,4.2658,95.2159,-1,0.0, -> [background only]
frame_000416,-1.0,1.5641,88.0348,4.4089,94.009,-1,0.0, -> [background only]
frame_000417,-1.0,1.6333,88.9379,4.1978,94.7705,-1,0.0, -> [background only]
frame_000418,-1.0,1.6356,88.3931,4.3779,94.408,-1,0.0, -> [background only]
frame_000419,-1.0,1.6544,88.7819,4.5394,94.9771,-1,0.0, -> [background only]
frame_000420,-1.0,2.1008,86.5155,4.4495,93.067,-1,0.0, -> [background only]
frame_000421,-1.0,1.5796,89.5587,4.2255,95.3654,-1,0.0, -> [background only]
frame_000422,-1.0,1.6843,89.6412,4.1463,95.473,-1,0.0, -> [background only]
frame_000423,-1.0,1.4019,86.7359,4.1476,92.2868,-1,0.0, -> [background only]
frame_000424,-1.0,3.8356,88.0972,4.2839,96.2184,-1,0.0, -> [background only]
frame_000425,-1.0,1.5504,90.0327,4.1921,95.777,-1,0.0, -> [background only]
frame_000426,-1.0,1.6767,90.3466,4.2859,96.3108,-1,0.0, -> [background only]
frame_000427,-1.0,1.6648,88.4205,4.3631,94.4501,-1,0.0, -> [background only]
frame_000428,-1.0,1.6215,88.6364,4.1528,94.412,-1,0.0, -> [background only]
frame_000429,-1.0,1.5792,85.7473,4.5417,91.8698,-1,0.0, -> [background only]
frame_000430,-1.0,1.6401,88.3056,4.573,94.5202,-1,0.0, -> [background only]
frame_000431,-1.0,1.5499,88.1477,4.4322,94.1309,-1,0.0, -> [background only]
frame_000432,-1.0,1.6618,90.4726,4.2313,96.3669,-1,0.0, -> [background only]
frame_000433,-1.0,1.611,87.7513,4.4254,93.7893,-1,0.0, -> [background only]
frame_000434,-1.0,1.6181,89.4371,4.2095,95.2664,-1,0.0, -> [background only]
frame_000435,-1.0,1.551,88.12,4.1957,93.8681,-1,0.0, -> [background only]
frame_000436,-1.0,1.5907,87.6601,4.1599,93.4121,-1,0.0, -> [background only]
frame_000437,-1.0,1.6019,89.0838,4.0615,94.7483,-1,0.0, -> [background only]
frame_000438,-1.0,1.6153,87.0326,4.5968,93.2462,-1,0.0, -> [background only]
frame_000439,-1.0,1.6317,87.5171,4.5363,93.6865,-1,0.0, -> [background only]
frame_000440,-1.0,1.3266,86.8673,5.3818,93.5771,-1,0.0, -> [background only]
frame_000441,-1.0,1.7664,88.5588,4.3519,94.6784,-1,0.0, -> [background only]
frame_000442,-1.0,1.6805,88.9018,4.2381,94.8217,-1,0.0, -> [background only]
frame_000443,-1.0,1.6263,90.4326,4.1468,96.2072,-1,0.0, -> [background only]
frame_000444,-1.0,1.7846,90.4397,3.9841,96.2099,-1,0.0, -> [background only]
frame_000445,-1.0,1.7159,90.2103,4.0282,95.9558,-1,0.0, -> [background only]
frame_000446,-1.0,1.6338,89.9715,4.1485,95.7552,-1,0.0, -> [background only]
frame_000447,-1.0,1.6302,93.5744,4.3309,99.5369,-1,0.0, -> [background only]
frame_000448,-1.0,1.639,89.1075,4.0684,94.8161,-1,0.0, -> [background only]
frame_000449,-1.0,1.7954,92.5773,4.1492,98.5233,-1,0.0, -> [background only]
frame_000450,-1.0,1.7704,91.734,4.1034,97.609,-1,0.0, -> [background only]
frame_000451,-1.0,1.6594,92.6763,4.1295,98.4664,-1,0.0, -> [background only]
frame_000452,-1.0,1.4211,90.5792,4.1883,96.1898,-1,0.0, -> [background only]
frame_000453,-1.0,1.3167,89.8802,4.1236,95.322,-1,0.0, -> [background only]
frame_000454,-1.0,1.4037,89.6429,4.0673,95.1153,-1,0.0, -> [background only]
frame_000455,-1.0,1.1011,92.1227,3.962,97.1872,-1,0.0, -> [background only]
frame_000456,-1.0,1.6878,93.3267,4.1891,99.2048,-1,0.0, -> [background only]
frame_000457,-1.0,1.7301,93.5068,4.1061,99.3445,-1,0.0, -> [background only]
frame_000458,-1.0,1.6804,91.6256,4.1988,97.5063,-1,0.0, -> [background only]
frame_000459,-1.0,1.6296,93.0586,4.1907,98.8802,-1,0.0, -> [background only]
frame_000460,-1.0,1.6439,91.9144,4.2391,97.7989,-1,0.0, -> [background only]
frame_000461,-1.0,1.6311,89.8884,4.6816,96.2025,-1,0.0, -> [background only]
frame_000462,-1.0,1.5919,87.4098,4.1701,93.1732,-1,0.0, -> [background only]
frame_000463,-1.0,1.6609,88.9089,4.0522,94.6234,-1,0.0, -> [background only]
frame_000464,-1.0,1.4177,92.1384,4.083,97.6403,-1,0.0, -> [background only]
frame_000465,-1.0,1.6667,91.7011,4.0697,97.4391,-1,0.0, -> [background only]
frame_000466,-1.0,1.6745,91.823,4.7094,98.2084,-1,0.0, -> [background only]
frame_000467,-1.0,1.3943,91.9005,4.0724,97.3688,-1,0.0, -> [background only]
frame_000468,-1.0,1.6554,93.988,4.071,99.7156,-1,0.0, -> [background only]
frame_000469,-1.0,1.7675,92.1683,4.0976,98.035,-1,0.0, -> [background only]
frame_000470,-1.0,1.7818,91.4665,4.0327,97.2827,-1,0.0, -> [background only]
frame_000471,-1.0,1.3638,91.9759,4.9023,98.2435,-1,0.0, -> [background only]
frame_000472,-1.0,1.7083,91.3981,4.0666,97.1746,-1,0.0, -> [background only]
frame_000473,-1.0,1.6725,92.5614,3.9957,98.2311,-1,0.0, -> [background only]
frame_000474,-1.0,1.6535,92.2938,4.042,97.9908,-1,0.0, -> [background only]
frame_000475,-1.0,1.6789,91.5697,4.2979,97.548,-1,0.0, -> [background only]
frame_000476,-1.0,1.6395,88.1581,4.4365,94.2355,-1,0.0, -> [background only]
frame_000477,-1.0,1.6353,87.9278,4.3357,93.9003,-1,0.0, -> [background only]
frame_000478,-1.0,1.5965,89.6367,4.4055,95.6399,-1,0.0, -> [background only]
frame_000479,-1.0,1.5694,88.3546,4.3851,94.3104,-1,0.0, -> [background only]
frame_000480,-1.0,1.5878,88.6175,4.3078,94.5147,-1,0.0, -> [background only]
frame_000481,-1.0,1.2833,87.6606,4.3263,93.2717,-1,0.0, -> [background only]
frame_000482,-1.0,1.0666,91.3686,4.4086,96.845,-1,0.0, -> [background only]
frame_000483,-1.0,1.812,88.6015,4.1843,94.5993,-1,0.0, -> [background only]
frame_000484,-1.0,1.6571,88.0109,4.3882,94.0578,-1,0.0, -> [background only]
frame_000485,-1.0,1.7389,86.6676,4.2328,92.6406,-1,0.0, -> [background only]
frame_000486,-1.0,1.0749,93.3926,4.3178,98.7866,-1,0.0, -> [background only]
frame_000487,-1.0,1.5779,89.8503,4.2178,95.6473,-1,0.0, -> [background only]
frame_000488,-1.0,2.7535,87.1826,4.6653,94.6032,-1,0.0, -> [background only]
frame_000489,-1.0,1.7908,87.633,4.2028,93.6285,-1,0.0, -> [background only]
frame_000490,-1.0,1.5549,86.5525,4.3865,92.4951,-1,0.0, -> [background only]
frame_000491,-1.0,1.7169,86.9393,4.3779,93.0356,-1,0.0, -> [background only]
frame_000492,-1.0,1.7074,86.38,4.4387,92.5275,-1,0.0, -> [background only]
frame_000493,-1.0,1.2851,85.4908,4.5892,91.3664,-1,0.0, -> [background only]
frame_000494,-1.0,1.5588,86.5912,4.385,92.5364,-1,0.0, -> [background only]
frame_000495,-1.0,1.6188,86.3529,4.4888,92.4618,-1,0.0, -> [background only]
frame_000496,-1.0,1.2929,86.7557,4.3869,92.4368,-1,0.0, -> [background only]
frame_000497,-1.0,1.5577,87.3236,4.2743,93.1572,-1,0.0, -> [background only]
frame_000498,-1.0,1.6983,87.3017,4.1957,93.1969,-1,0.0, -> [background only]
frame_000499,-1.0,1.6876,86.0542,4.2542,91.9973,-1,0.0, -> [background only]
frame_000500,-1.0,1.3267,87.8551,4.2533,93.4367,-1,0.0, -> [background only]
frame_000501,-1.0,1.6709,87.6483,4.2115,93.5323,-1,0.0, -> [background only]
frame_000502,-1.0,1.5852,85.8379,4.342,91.7662,-1,0.0, -> [background only]
frame_000503,-1.0,1.6252,88.6861,4.5488,94.8614,-1,0.0, -> [background only]
frame_000504,-1.0,1.6019,86.7611,4.1996,92.5639,-1,0.0, -> [background only]
frame_000505,-1.0,1.6183,87.4594,4.4564,93.5357,-1,0.0, -> [background only]
frame_000506,-1.0,1.6208,87.378,4.3931,93.3931,-1,0.0, -> [background only]
frame_000507,-1.0,1.3777,86.6443,4.2548,92.2782,-1,0.0, -> [background only]
frame_000508,-1.0,1.5974,88.9654,4.2461,94.8103,-1,0.0, -> [background only]
frame_000509,-1.0,3.7592,87.2048,4.2114,95.177,-1,0.0, -> [background only]
frame_000510,-1.0,1.6304,87.8622,4.3731,93.867,-1,0.0, -> [background only]
frame_000511,-1.0,1.3388,87.3643,5.5851,94.2897,-1,0.0, -> [background only]
frame_000512,-1.0,1.6786,91.2658,4.2292,97.1748,-1,0.0, -> [background only]
frame_000513,-1.0,1.5964,88.2427,4.326,94.1667,-1,0.0, -> [background only]
frame_000514,-1.0,1.6316,91.0001,4.3735,97.0066,-1,0.0, -> [background only]
frame_000515,-1.0,1.5815,89.8472,4.2039,95.6339,-1,0.0, -> [background only]
frame_000516,-1.0,1.57,90.7836,4.3355,96.6904,-1,0.0, -> [background only]
frame_000517,-1.0,1.6325,89.9325,4.4012,95.9675,-1,0.0, -> [background only]
frame_000518,-1.0,1.5769,90.1702,4.1361,95.8848,-1,0.0, -> [background only]
frame_000519,-1.0,1.6097,88.4198,4.3746,94.4055,-1,0.0, -> [background only]
frame_000520,-1.0,1.6561,90.4118,4.3686,96.4381,-1,0.0, -> [background only]
frame_000521,-1.0,1.622,92.739,4.3502,98.7126,-1,0.0, -> [background only]
frame_000522,-1.0,1.7625,89.2184,4.3253,95.3076,-1,0.0, -> [background only]
frame_000523,-1.0,1.615,89.6404,4.2313,95.4879,-1,0.0, -> [background only]
frame_000524,-1.0,1.5556,88.2989,4.3622,94.2179,-1,0.0, -> [train (Top-Right): 9%]
frame_000525,-1.0,1.6003,89.045,4.3348,94.9815,-1,0.0, -> [background only]
frame_000526,-1.0,1.5651,89.658,4.339,95.5635,-1,0.0, -> [background only]
frame_000527,-1.0,1.5768,88.3467,5.2997,95.2246,-1,0.0, -> [background only]
frame_000528,-1.0,1.652,89.2345,4.2681,95.1557,-1,0.0, -> [background only]
frame_000529,-1.0,1.6149,88.5005,4.2734,94.3903,-1,0.0, -> [background only]
frame_000530,-1.0,1.6082,88.0947,4.4748,94.1791,-1,0.0, -> [background only]
frame_000531,-1.0,1.6833,88.4754,4.3887,94.5485,-1,0.0, -> [background only]
frame_000532,-1.0,1.5842,91.7723,4.1749,97.5327,-1,0.0, -> [background only]
frame_000533,-1.0,1.5308,88.6504,4.3324,94.515,-1,0.0, -> [background only]
frame_000534,-1.0,1.5596,89.7049,4.3084,95.5748,-1,0.0, -> [background only]
frame_000535,-1.0,1.5531,88.4554,4.2721,94.282,-1,0.0, -> [background only]
frame_000536,-1.0,1.2673,89.9355,4.3428,95.5469,-1,0.0, -> [background only]
frame_000537,-1.0,1.5829,87.8376,4.3361,93.7581,-1,0.0, -> [background only]
frame_000538,-1.0,1.5897,88.3658,4.2258,94.183,-1,0.0, -> [background only]
frame_000539,-1.0,1.583,88.2588,4.284,94.1277,-1,0.0, -> [background only]
frame_000540,-1.0,1.6483,89.7796,4.2469,95.6759,-1,0.0, -> [background only]
frame_000541,-1.0,1.6814,88.5212,4.7312,94.9353,-1,0.0, -> [background only]
frame_000542,-1.0,1.6971,89.9158,4.3424,95.9568,-1,0.0, -> [chair (Right): 1%]
frame_000543,-1.0,1.5375,87.6217,4.4611,93.6216,-1,0.0, -> [chair (Right): 2%]
frame_000544,-1.0,1.609,87.9746,4.4242,94.0092,-1,0.0, -> [chair (Right): 4%]
frame_000545,-1.0,1.6453,88.1774,4.3662,94.1903,-1,0.0, -> [chair (Right): 5%]
frame_000546,-1.0,1.5799,89.5064,4.5519,95.6395,-1,0.0, -> [chair (Right): 5%]
frame_000547,-1.0,1.5598,87.2577,4.5058,93.3245,-1,0.0, -> [chair (Right): 5%]
frame_000548,-1.0,1.656,86.6134,4.4015,92.6722,-1,0.0, -> [chair (Right): 6%]
frame_000549,-1.0,1.3134,87.9864,4.4579,93.7592,-1,0.0, -> [chair (Right): 7%]
frame_000550,-1.0,1.234,87.3283,4.5233,93.0871,-1,0.0, -> [chair (Right): 9%]
frame_000551,-1.0,1.4463,84.5641,4.4009,90.4124,-1,0.0, -> [chair (Right): 8%]
frame_000552,-1.0,1.0327,83.5121,4.3918,88.938,-1,0.0, -> [chair (Right): 9%]
frame_000553,-1.0,1.0303,83.4515,4.5482,89.0314,-1,0.0, -> [chair (Right): 8%]
frame_000554,-1.0,5.2734,91.4963,4.2105,100.9822,-1,0.0, -> [chair (Right): 10%]
frame_000555,-1.0,1.7622,91.2518,4.3183,97.3337,-1,0.0, -> [chair (Right): 12%]
frame_000556,-1.0,1.5687,91.0783,4.3079,96.9565,-1,0.0, -> [chair (Right): 12%]
frame_000557,-1.0,1.6031,93.334,4.0867,99.0251,-1,0.0, -> [chair (Right): 13%]
frame_000558,-1.0,1.564,91.6782,4.2917,97.5353,-1,0.0, -> [chair (Right): 14%]
frame_000559,-1.0,1.8661,93.1295,4.1379,99.135,-1,0.0, -> [chair (Right): 15%]
frame_000560,-1.0,1.3165,92.0836,4.25,97.6513,-1,0.0, -> [chair (Right): 14%]
frame_000561,-1.0,1.5922,92.9234,4.2231,98.7402,-1,0.0, -> [chair (Right): 14%]
frame_000562,-1.0,1.5592,92.5044,4.1567,98.2219,-1,0.0, -> [chair (Right): 16%]
frame_000563,-1.0,1.699,94.2481,4.2344,100.1829,-1,0.0, -> [chair (Right): 15%]
frame_000564,-1.0,1.7182,91.8442,4.209,97.7728,-1,0.0, -> [chair (Right): 17%]
frame_000565,-1.0,1.332,93.4344,4.4147,99.1822,-1,0.0, -> [chair (Right): 16%]
frame_000566,-1.0,1.6861,94.5221,4.2416,100.4512,-1,0.0, -> [chair (Right): 15%]
frame_000567,-1.0,1.627,92.6829,4.2886,98.5999,-1,0.0, -> [chair (Right): 21%]
frame_000568,-1.0,1.7301,90.0115,5.9395,97.6824,-1,0.0, -> [chair (Right): 14%]
frame_000569,-1.0,1.418,92.3475,4.2481,98.0151,-1,0.0, -> [chair (Right): 16%]
frame_000570,-1.0,1.6964,92.0683,4.1478,97.9138,-1,0.0, -> [chair (Right): 15%]
frame_000571,-1.0,2.8623,91.07,4.2751,98.2088,-1,0.0, -> [chair (Right): 13%]
frame_000572,-1.0,1.5971,92.4079,4.2557,98.2619,-1,0.0, -> [chair (Right): 19%]
frame_000573,-1.0,1.6953,94.7196,4.3269,100.7431,-1,0.0, -> [chair (Center): 13%]
frame_000574,-1.0,1.7098,91.8057,4.271,97.7881,-1,0.0, -> [chair (Center): 12%]
frame_000575,-1.0,1.6409,93.167,4.2409,99.0503,-1,0.0, -> [chair (Center): 12%]
frame_000576,-1.0,1.7255,90.9191,4.2151,96.8613,-1,0.0, -> [chair (Center): 13%]
frame_000577,-1.0,1.6978,93.7836,4.361,99.8437,-1,0.0, -> [chair (Center): 14%]
frame_000578,-1.0,1.6262,88.0611,4.3579,94.0466,-1,0.0, -> [chair (Center): 12%]
frame_000579,-1.0,1.6478,89.9117,4.2099,95.7706,-1,0.0, -> [chair (Center): 12%]
frame_000580,-1.0,1.6773,90.7584,4.2709,96.7078,-1,0.0," -> [chair (Center): 12%, tvmonitor (Top-Right): 1%]"
frame_000581,-1.0,3.154,93.3514,4.3116,100.8182,-1,0.0," -> [chair (Center): 11%, tvmonitor (Top-Right): 2%]"
frame_000582,-1.0,1.7434,92.6683,4.4563,98.8692,-1,0.0," -> [chair (Center): 12%, tvmonitor (Top-Right): 4%]"
frame_000583,-1.0,1.3737,93.1934,4.3034,98.8718,-1,0.0," -> [chair (Center): 12%, tvmonitor (Top-Right): 5%]"
frame_000584,-1.0,1.3912,90.6709,4.3349,96.3986,-1,0.0," -> [chair (Center): 13%, tvmonitor (Top-Right): 6%]"
frame_000585,-1.0,1.6766,91.4352,4.3873,97.5008,-1,0.0," -> [chair (Center): 14%, tvmonitor (Top-Right): 6%]"
frame_000586,-1.0,1.6567,92.0753,4.2251,97.9585,-1,0.0, -> [chair (Center): 11%]
frame_000587,-1.0,1.579,91.0866,4.253,96.9201,-1,0.0," -> [chair (Center): 14%, tvmonitor (Top-Right): 3%]"
frame_000588,-1.0,1.6224,94.2267,4.1803,100.0307,-1,0.0, -> [chair (Center): 12%]
frame_000589,-1.0,1.6272,93.967,4.2573,99.853,-1,0.0," -> [chair (Center): 14%, tvmonitor (Top-Right): 3%]"
frame_000590,-1.0,1.7883,94.9957,4.383,101.1681,-1,0.0," -> [chair (Center): 13%, tvmonitor (Top-Right): 6%]"
frame_000591,-1.0,1.7013,92.5888,4.1606,98.4523,-1,0.0, -> [chair (Left): 11%]
frame_000592,-1.0,1.6617,92.2848,4.2342,98.1821,-1,0.0, -> [chair (Left): 8%]
frame_000593,-1.0,1.7532,93.4836,4.2914,99.5297,-1,0.0, -> [chair (Left): 10%]
frame_000594,-1.0,1.8069,94.9139,4.2795,101.0014,-1,0.0, -> [chair (Left): 9%]
frame_000595,-1.0,1.7065,91.7952,4.212,97.7149,-1,0.0, -> [chair (Left): 12%]
frame_000596,-1.0,1.6488,93.6307,4.1342,99.415,-1,0.0, -> [chair (Left): 13%]
frame_000597,-1.0,1.4431,92.5998,4.2594,98.3035,-1,0.0, -> [chair (Left): 9%]
frame_000598,-1.0,1.7583,95.3288,4.1283,101.2166,-1,0.0," -> [chair (Left): 9%, tvmonitor (Top): 1%]"
frame_000599,-1.0,1.7048,91.1467,4.3369,97.1896,-1,0.0, -> [chair (Left): 7%]
frame_000600,-1.0,1.3548,91.2396,4.3434,96.9389,-1,0.0, -> [chair (Left): 6%]
frame_000601,-1.0,1.1279,91.7499,4.2697,97.1487,-1,0.0, -> [chair (Left): 4%]
frame_000602,-1.0,1.3778,89.9677,4.3258,95.6726,-1,0.0, -> [bicycle (Right): 18%]
frame_000603,-1.0,1.2447,95.2968,3.9893,100.5323,-1,0.0, -> [bicycle (Right): 18%]
frame_000604,-1.0,1.7039,91.9008,4.2972,97.9032,-1,0.0, -> [bicycle (Center): 5%]
frame_000605,-1.0,1.4241,93.5129,4.2225,99.1611,-1,0.0, -> [bicycle (Center): 15%]
frame_000606,-1.0,1.8149,93.4865,4.1062,99.4087,-1,0.0, -> [bicycle (Center): 17%]
frame_000607,-1.0,1.6849,91.4194,4.3064,97.4118,-1,0.0, -> [bicycle (Center): 23%]
frame_000608,-1.0,1.6752,94.0042,4.3636,100.0445,-1,0.0, -> [bicycle (Center): 33%]
frame_000609,-1.0,2.508,91.7302,4.2198,98.4596,-1,0.0, -> [bicycle (Center): 4%]
frame_000610,-1.0,1.714,93.0445,4.291,99.0511,-1,0.0, -> [bicycle (Center): 21%]
frame_000611,-1.0,1.6457,91.3239,4.2629,97.2341,-1,0.0, -> [bicycle (Bottom): 6%]
frame_000612,-1.0,1.6604,91.0058,4.3362,97.0039,-1,0.0," -> [bicycle (Center): 19%, motorbike (Top): 8%]"
frame_000613,-1.0,1.7426,93.63,4.6373,100.0113,-1,0.0, -> [bicycle (Center): 23%]
frame_000614,-1.0,1.7039,92.866,4.2205,98.792,-1,0.0, -> [bicycle (Center): 8%]
frame_000615,-1.0,1.429,90.1617,4.2277,95.8203,-1,0.0, -> [bicycle (Center): 8%]
frame_000616,-1.0,1.6423,92.7437,4.2659,98.6532,-1,0.0, -> [bicycle (Bottom): 7%]
frame_000617,-1.0,1.6777,92.3977,4.4049,98.4819,-1,0.0, -> [bicycle (Bottom): 2%]
frame_000618,-1.0,1.6482,88.4789,4.3738,94.5021,-1,0.0, -> [person (Top-Left): 1%]
frame_000619,-1.0,1.6327,87.5084,4.3833,93.5256,-1,0.0," -> [chair (Right): 4%, person (Top-Left): 1%]"
frame_000620,-1.0,1.8014,89.2785,4.4036,95.4846,-1,0.0," -> [chair (Center): 10%, person (Top-Left): 1%]"
frame_000621,-1.0,1.3394,88.9807,4.2646,94.5862,-1,0.0, -> [background only]
frame_000622,-1.0,1.6529,91.167,4.4138,97.2351,-1,0.0, -> [background only]
frame_000623,-1.0,1.6307,87.0992,4.5205,93.2518,-1,0.0, -> [chair (Center): 8%]
frame_000624,-1.0,1.597,88.3481,4.6088,94.5553,-1,0.0, -> [chair (Center): 11%]
frame_000625,-1.0,1.6232,88.0869,5.4058,95.1177,-1,0.0, -> [chair (Left): 16%]
frame_000626,-1.0,1.6196,87.4127,4.4636,93.4972,-1,0.0, -> [chair (Center): 9%]
frame_000627,-1.0,1.5731,91.3456,4.2635,97.1835,-1,0.0," -> [chair (Left): 6%, tvmonitor (Left): 4%]"
frame_000628,-1.0,1.6689,90.274,4.3105,96.2546,-1,0.0," -> [chair (Left): 6%, tvmonitor (Left): 2%]"
frame_000629,-1.0,1.678,90.9125,4.328,96.92,-1,0.0, -> [chair (Left): 10%]
frame_000630,-1.0,1.3693,88.4485,4.259,94.0786,-1,0.0, -> [chair (Left): 12%]
frame_000631,-1.0,1.5326,92.551,4.2396,98.3246,-1,0.0, -> [chair (Left): 14%]
frame_000632,-1.0,1.6072,90.7437,5.0001,97.3523,-1,0.0, -> [chair (Left): 6%]
frame_000633,-1.0,1.7319,92.313,4.3363,98.3829,-1,0.0, -> [chair (Left): 5%]
frame_000634,-1.0,1.4934,91.4834,4.0486,97.0269,-1,0.0, -> [chair (Center): 2%]
frame_000635,-1.0,1.6089,92.5629,4.2465,98.4195,-1,0.0, -> [chair (Left): 2%]
frame_000636,-1.0,1.5852,91.3775,4.0098,96.9739,-1,0.0, -> [background only]
frame_000637,-1.0,1.6585,90.7914,4.1697,96.6208,-1,0.0, -> [car (Bottom-Left): 1%]
frame_000638,-1.0,1.6632,94.0619,4.1055,99.8318,-1,0.0, -> [car (Bottom-Left): 1%]
frame_000639,-1.0,1.6644,90.8091,4.1166,96.5915,-1,0.0, -> [background only]
frame_000640,-1.0,1.7094,93.7797,4.1772,99.6676,-1,0.0, -> [background only]
frame_000641,-1.0,2.1125,91.2959,4.1337,97.5435,-1,0.0, -> [background only]
frame_000642,-1.0,1.7889,92.8407,4.1684,98.7991,-1,0.0, -> [car (Bottom-Left): 1%]
frame_000643,-1.0,1.782,92.2185,4.1132,98.115,-1,0.0, -> [background only]
frame_000644,-1.0,1.6738,91.2842,4.1138,97.0732,-1,0.0, -> [background only]
frame_000645,-1.0,1.3181,91.5439,4.1484,97.0118,-1,0.0, -> [person (Right): 2%]
frame_000646,-1.0,1.7266,91.4445,4.2124,97.3846,-1,0.0, -> [person (Right): 2%]
frame_000647,-1.0,1.6687,93.8582,3.8975,99.4259,-1,0.0, -> [person (Right): 2%]
frame_000648,-1.0,1.83,91.9238,4.1689,97.9241,-1,0.0, -> [person (Right): 1%]
frame_000649,-1.0,2.7114,92.3139,4.255,99.2819,-1,0.0, -> [person (Right): 2%]
frame_000650,-1.0,1.6666,89.9996,4.1776,95.8455,-1,0.0, -> [person (Right): 3%]
frame_000651,-1.0,1.6055,91.0402,4.0427,96.6896,-1,0.0, -> [background only]
frame_000652,-1.0,1.3621,91.0412,4.2279,96.6325,-1,0.0, -> [person (Center): 2%]
frame_000653,-1.0,1.5971,94.1405,4.1598,99.8987,-1,0.0, -> [chair (Left): 1%]
frame_000654,-1.0,1.6434,87.2416,4.3103,93.1966,-1,0.0," -> [chair (Left): 1%, dog (Center): 1%]"
frame_000655,-1.0,1.3385,90.1028,4.1309,95.5734,-1,0.0, -> [person (Center): 1%]
frame_000656,-1.0,1.4965,89.3745,4.2967,95.169,-1,0.0, -> [dog (Center): 1%]
frame_000657,-1.0,1.5295,89.6597,4.1813,95.3724,-1,0.0, -> [person (Center): 2%]
frame_000658,-1.0,1.6226,90.836,4.1418,96.6018,-1,0.0, -> [person (Center): 1%]
frame_000659,-1.0,1.2905,90.2064,4.1585,95.657,-1,0.0, -> [dog (Center): 1%]
frame_000660,-1.0,1.5831,93.293,4.3409,99.2187,-1,0.0," -> [chair (Left): 1%, dog (Right): 1%]"
frame_000661,-1.0,1.7413,91.9332,4.2561,97.9318,-1,0.0, -> [person (Center): 2%]
frame_000662,-1.0,1.6544,91.2331,4.2296,97.1187,-1,0.0," -> [chair (Left): 1%, person (Center): 2%]"
frame_000663,-1.0,1.3494,90.5313,4.1189,96.0009,-1,0.0, -> [background only]
frame_000664,-1.0,1.6264,94.6334,4.181,100.442,-1,0.0, -> [person (Center): 1%]
frame_000665,-1.0,1.7267,91.3337,4.245,97.3068,-1,0.0, -> [chair (Left): 1%]
frame_000666,-1.0,1.6565,93.0856,4.2702,99.0139,-1,0.0, -> [person (Center): 3%]
frame_000667,-1.0,1.7913,91.0103,4.0459,96.849,-1,0.0, -> [background only]
frame_000668,-1.0,1.7764,90.8988,4.1488,96.8255,-1,0.0, -> [chair (Left): 1%]
frame_000669,-1.0,1.3314,90.8445,4.1834,96.3606,-1,0.0, -> [background only]
frame_000670,-1.0,1.6859,91.998,4.2261,97.9119,-1,0.0, -> [chair (Left): 1%]
frame_000671,-1.0,1.8001,91.3001,4.4308,97.5324,-1,0.0," -> [chair (Left): 1%, dog (Center): 2%]"
frame_000672,-1.0,1.6286,91.2197,4.331,97.181,-1,0.0, -> [dog (Center): 2%]
frame_000673,-1.0,1.6571,93.4148,4.3031,99.3762,-1,0.0, -> [dog (Center): 2%]
frame_000674,-1.0,1.6658,91.1233,4.2128,97.003,-1,0.0, -> [cat (Center): 3%]
frame_000675,-1.0,1.6576,93.8331,4.2038,99.6962,-1,0.0, -> [dog (Center): 2%]
frame_000676,-1.0,1.6097,91.9896,4.2191,97.8195,-1,0.0, -> [dog (Center): 2%]
frame_000677,-1.0,1.4136,88.5596,4.1206,94.0952,-1,0.0, -> [background only]
frame_000678,-1.0,1.1132,88.3979,4.1885,93.701,-1,0.0, -> [dog (Center): 1%]
frame_000679,-1.0,1.0907,88.1868,4.1353,93.4143,-1,0.0, -> [background only]
frame_000680,-1.0,4.9401,87.9368,4.296,97.1749,-1,0.0, -> [dog (Center): 2%]
frame_000681,-1.0,1.6479,91.9268,4.1632,97.7392,-1,0.0, -> [dog (Center): 1%]
frame_000682,-1.0,1.5202,90.19,4.2085,95.9203,-1,0.0, -> [background only]
frame_000683,-1.0,1.5924,89.3616,4.0296,94.9848,-1,0.0, -> [background only]
frame_000684,-1.0,1.408,90.8401,5.5221,97.7717,-1,0.0, -> [dog (Center): 2%]
frame_000685,-1.0,1.681,93.8228,4.1506,99.6557,-1,0.0, -> [chair (Left): 1%]
frame_000686,-1.0,1.577,91.6242,4.107,97.3097,-1,0.0, -> [background only]
frame_000687,-1.0,1.6553,93.9568,4.0444,99.6579,-1,0.0, -> [background only]
frame_000688,-1.0,1.6873,91.4381,4.1463,97.2728,-1,0.0, -> [background only]
frame_000689,-1.0,1.72,94.4053,4.211,100.3376,-1,0.0, -> [chair (Left): 1%]
frame_000690,-1.0,1.6485,92.177,4.1971,98.0244,-1,0.0, -> [chair (Left): 3%]
frame_000691,-1.0,1.7047,91.665,4.215,97.5858,-1,0.0, -> [chair (Left): 2%]
frame_000692,-1.0,1.6388,93.4737,4.1307,99.2446,-1,0.0, -> [chair (Left): 2%]
frame_000693,-1.0,1.7696,91.2528,4.2136,97.2374,-1,0.0, -> [chair (Left): 2%]
frame_000694,-1.0,1.3769,91.575,4.2823,97.2352,-1,0.0," -> [chair (Left): 1%, person (Center): 2%]"
frame_000695,-1.0,1.6398,93.7445,4.1419,99.5275,-1,0.0, -> [chair (Left): 1%]
frame_000696,-1.0,1.7114,91.3384,4.3697,97.421,-1,0.0, -> [background only]
frame_000697,-1.0,1.6804,92.379,4.158,98.2187,-1,0.0, -> [chair (Left): 1%]
frame_000698,-1.0,1.5752,91.1717,4.0806,96.8288,-1,0.0, -> [chair (Left): 1%]
frame_000699,-1.0,1.6953,91.5413,4.1119,97.3501,-1,0.0, -> [background only]
frame_000700,-1.0,1.6438,92.5241,4.2581,98.4277,-1,0.0, -> [background only]
frame_000701,-1.0,1.5967,87.6565,4.3146,93.5695,-1,0.0, -> [background only]
frame_000702,-1.0,1.6048,87.4078,4.3894,93.404,-1,0.0, -> [background only]
frame_000703,-1.0,1.3669,89.2158,4.2746,94.8589,-1,0.0, -> [background only]
frame_000704,-1.0,1.3077,88.6275,4.2494,94.1861,-1,0.0, -> [background only]
frame_000705,-1.0,3.1331,88.8621,4.1879,96.1847,-1,0.0, -> [background only]
frame_000706,-1.0,1.7438,87.6886,4.3772,93.8113,-1,0.0, -> [background only]
frame_000707,-1.0,1.5856,89.4925,4.4416,95.5216,-1,0.0, -> [background only]
frame_000708,-1.0,2.8204,89.6049,4.3643,96.7913,-1,0.0, -> [background only]
frame_000709,-1.0,1.6184,86.9231,4.3652,92.908,-1,0.0, -> [background only]
frame_000710,-1.0,1.3317,89.0033,4.204,94.5404,-1,0.0, -> [background only]
frame_000711,-1.0,1.7457,87.4631,4.3516,93.562,-1,0.0, -> [background only]
frame_000712,-1.0,1.3003,88.1926,4.2344,93.7286,-1,0.0, -> [background only]
frame_000713,-1.0,1.6886,87.4209,4.3871,93.4979,-1,0.0, -> [background only]
frame_000714,-1.0,1.3999,88.6993,4.277,94.3776,-1,0.0, -> [background only]
frame_000715,-1.0,1.5972,87.6847,4.397,93.6805,-1,0.0, -> [background only]
frame_000716,-1.0,1.0527,87.3646,4.2994,92.7179,-1,0.0, -> [chair (Top): 2%]
frame_000717,-1.0,1.0347,87.1011,4.4442,92.5812,-1,0.0, -> [chair (Center): 6%]
frame_000718,-1.0,1.6157,86.6207,4.4923,92.7301,-1,0.0, -> [chair (Center): 5%]
frame_000719,-1.0,1.7478,87.3918,4.5146,93.6555,-1,0.0, -> [background only]
frame_000720,-1.0,1.4034,86.5308,4.4281,92.3638,-1,0.0, -> [background only]
frame_000721,-1.0,1.6398,86.4509,4.4048,92.497,-1,0.0, -> [background only]
frame_000722,-1.0,1.63,87.6659,4.5444,93.8418,-1,0.0, -> [chair (Left): 1%]
frame_000723,-1.0,1.5783,86.7422,4.2907,92.6127,-1,0.0, -> [chair (Left): 4%]
frame_000724,-1.0,1.5658,87.5601,4.5652,93.6926,-1,0.0, -> [chair (Left): 4%]
frame_000725,-1.0,1.5874,87.8351,4.4987,93.9227,-1,0.0, -> [chair (Left): 1%]
frame_000726,-1.0,1.7333,87.9806,4.2726,93.9875,-1,0.0, -> [background only]
frame_000727,-1.0,1.5799,88.8859,4.3583,94.8256,-1,0.0, -> [chair (Top-Left): 1%]
frame_000728,-1.0,1.6281,88.6612,4.5211,94.8119,-1,0.0, -> [chair (Top-Left): 1%]
frame_000729,-1.0,1.6769,88.3255,4.3314,94.335,-1,0.0, -> [chair (Center): 9%]
frame_000730,-1.0,1.2691,89.3105,4.1061,94.6872,-1,0.0, -> [chair (Center): 6%]
frame_000731,-1.0,1.6649,88.0048,4.6519,94.3227,-1,0.0, -> [chair (Center): 7%]
frame_000732,-1.0,1.7739,86.7124,4.7037,93.1913,-1,0.0, -> [chair (Center): 6%]
frame_000733,-1.0,1.5948,89.0263,4.4484,95.071,-1,0.0, -> [chair (Center): 5%]
frame_000734,-1.0,1.7306,87.384,4.6647,93.7807,-1,0.0, -> [chair (Center): 8%]
frame_000735,-1.0,1.6683,86.7308,4.4936,92.8941,-1,0.0, -> [chair (Center): 8%]
frame_000736,-1.0,1.6139,87.208,4.6098,93.433,-1,0.0, -> [chair (Center): 7%]
frame_000737,-1.0,1.6423,88.1332,4.5588,94.3354,-1,0.0, -> [chair (Center): 8%]
frame_000738,-1.0,1.7713,86.6472,4.5042,92.9238,-1,0.0, -> [chair (Center): 7%]
frame_000739,-1.0,1.5852,88.3137,4.4828,94.3834,-1,0.0, -> [chair (Center): 8%]
frame_000740,-1.0,1.6305,89.8169,4.5832,96.0319,-1,0.0, -> [chair (Right): 10%]
frame_000741,-1.0,1.8066,88.2578,4.5108,94.5763,-1,0.0, -> [chair (Right): 9%]
frame_000742,-1.0,1.6429,87.673,4.5942,93.9114,-1,0.0, -> [chair (Right): 11%]
frame_000743,-1.0,1.701,86.6079,4.6967,93.0067,-1,0.0, -> [chair (Right): 11%]
frame_000744,-1.0,1.5896,85.5506,4.5803,91.7217,-1,0.0, -> [chair (Right): 12%]
frame_000745,-1.0,1.5827,87.212,4.6511,93.4474,-1,0.0, -> [chair (Right): 14%]
frame_000746,-1.0,1.6586,84.7594,4.5683,90.9881,-1,0.0, -> [chair (Right): 10%]
frame_000747,-1.0,1.5669,87.0423,4.5077,93.1183,-1,0.0, -> [chair (Right): 8%]
frame_000748,-1.0,1.5901,85.4904,4.5739,91.6558,-1,0.0," -> [bicycle (Right): 1%, chair (Top-Right): 4%]"
frame_000749,-1.0,1.5555,85.4673,4.8323,91.8566,-1,0.0," -> [bicycle (Right): 2%, chair (Top-Right): 2%]"
frame_000750,-1.0,1.6156,85.2615,4.4812,91.3595,-1,0.0, -> [bicycle (Right): 4%]
frame_000751,-1.0,1.2717,86.3424,4.4266,92.0423,-1,0.0, -> [bicycle (Right): 3%]
frame_000752,-1.0,3.5094,88.4933,4.4054,96.4094,-1,0.0, -> [chair (Top-Right): 2%]
frame_000753,-1.0,1.6416,85.0525,4.5729,91.2683,-1,0.0, -> [diningtable (Bottom-Right): 3%]
frame_000754,-1.0,1.5816,87.0223,4.4414,93.0469,-1,0.0, -> [diningtable (Bottom-Right): 3%]
frame_000755,-1.0,1.7,86.2888,4.6624,92.6528,-1,0.0, -> [diningtable (Bottom-Right): 5%]
frame_000756,-1.0,1.6805,87.1572,4.5561,93.3949,-1,0.0, -> [diningtable (Bottom-Right): 6%]
frame_000757,-1.0,1.5674,85.8379,4.3995,91.8063,-1,0.0, -> [diningtable (Bottom-Right): 3%]
frame_000758,-1.0,2.9691,85.9309,4.4526,93.3538,-1,0.0, -> [diningtable (Bottom-Right): 1%]
frame_000759,-1.0,1.605,86.0492,4.4229,92.0784,-1,0.0, -> [background only]
frame_000760,-1.0,1.5889,86.3983,5.2464,93.235,-1,0.0, -> [diningtable (Bottom-Right): 5%]
frame_000761,-1.0,1.6699,85.7202,4.4961,91.8881,-1,0.0, -> [diningtable (Bottom-Right): 1%]
frame_000762,-1.0,1.5922,87.9878,4.4917,94.0731,-1,0.0, -> [background only]
frame_000763,-1.0,1.6191,86.8594,5.8056,94.2857,-1,0.0, -> [background only]
frame_000764,-1.0,1.6903,86.896,5.1468,93.7343,-1,0.0, -> [background only]
frame_000765,-1.0,1.638,85.4641,4.5252,91.6286,-1,0.0, -> [background only]
frame_000766,-1.0,1.7065,87.1832,4.6396,93.5308,-1,0.0, -> [background only]
frame_000767,-1.0,1.6303,86.9273,4.1989,92.7583,-1,0.0, -> [background only]
frame_000768,-1.0,1.667,85.8133,4.5694,92.0512,-1,0.0, -> [background only]
frame_000769,-1.0,1.5591,87.8845,4.6646,94.1097,-1,0.0, -> [background only]
frame_000770,-1.0,1.7351,85.0422,4.6137,91.3926,-1,0.0, -> [background only]
frame_000771,-1.0,1.6792,87.0385,4.3445,93.0635,-1,0.0, -> [background only]
frame_000772,-1.0,1.6133,85.968,4.58,92.1627,-1,0.0, -> [background only]
frame_000773,-1.0,3.0026,88.0425,4.6004,95.647,-1,0.0, -> [background only]
frame_000774,-1.0,1.5798,85.9331,4.4894,92.0035,-1,0.0, -> [background only]
frame_000775,-1.0,1.5608,85.2801,4.3573,91.1996,-1,0.0, -> [background only]
frame_000776,-1.0,2.7678,88.9798,4.499,96.2481,-1,0.0, -> [background only]
frame_000777,-1.0,1.6448,84.9167,4.3186,90.8816,-1,0.0, -> [background only]
frame_000778,-1.0,1.3142,85.2087,4.6621,91.1863,-1,0.0, -> [background only]
frame_000779,-1.0,2.9089,86.086,4.1606,93.157,-1,0.0, -> [background only]
frame_000780,-1.0,1.6049,87.994,4.468,94.0681,-1,0.0, -> [background only]
frame_000781,-1.0,1.6035,86.3739,5.3722,93.351,-1,0.0, -> [background only]
frame_000782,-1.0,1.4223,85.6222,4.3095,91.3551,-1,0.0, -> [background only]
frame_000783,-1.0,1.3919,85.7552,4.2779,91.4264,-1,0.0, -> [background only]
frame_000784,-1.0,1.5686,87.3775,4.5988,93.5462,-1,0.0, -> [background only]
frame_000785,-1.0,1.3984,86.2598,4.4751,92.1346,-1,0.0, -> [background only]
frame_000786,-1.0,1.6298,86.2319,4.3259,92.1891,-1,0.0, -> [background only]
frame_000787,-1.0,1.3858,86.1517,4.4431,91.9821,-1,0.0, -> [background only]
frame_000788,-1.0,1.3648,86.6231,4.0363,92.0254,-1,0.0, -> [background only]
frame_000789,-1.0,1.1129,86.799,4.2648,92.1782,-1,0.0, -> [background only]
frame_000790,-1.0,1.3206,84.3644,4.5237,90.2101,-1,0.0, -> [background only]
frame_000791,-1.0,1.1812,87.3409,4.5569,93.0805,-1,0.0, -> [background only]
frame_000792,-1.0,1.0405,86.6116,4.6638,92.3174,-1,0.0, -> [tvmonitor (Top-Left): 2%]
frame_000793,-1.0,1.0997,84.1362,4.5136,89.7508,-1,0.0, -> [background only]
frame_000794,-1.0,1.0193,82.9685,5.4875,89.4768,-1,0.0, -> [background only]
frame_000795,-1.0,1.1274,89.6983,4.4458,95.273,-1,0.0, -> [background only]
frame_000796,-1.0,1.5662,86.1359,4.3211,92.0246,-1,0.0, -> [background only]
frame_000797,-1.0,1.6178,86.3681,4.6514,92.639,-1,0.0, -> [background only]
frame_000798,-1.0,1.6285,87.4883,4.5271,93.6455,-1,0.0, -> [background only]
frame_000799,-1.0,1.5458,84.9556,4.4269,90.9296,-1,0.0, -> [background only]
frame_000800,-1.0,1.3115,87.9111,4.4867,93.711,-1,0.0, -> [background only]
frame_000801,-1.0,1.1454,87.1746,4.418,92.7391,-1,0.0, -> [background only]
frame_000802,-1.0,1.6222,86.3336,4.4188,92.3761,-1,0.0, -> [background only]
frame_000803,-1.0,1.6084,86.4392,4.4565,92.5061,-1,0.0, -> [background only]
frame_000804,-1.0,1.3621,85.5805,4.5735,91.518,-1,0.0, -> [background only]
frame_000805,-1.0,1.6783,85.49,4.5732,91.7433,-1,0.0, -> [background only]
frame_000806,-1.0,1.5718,85.2341,4.6064,91.4137,-1,0.0, -> [background only]
frame_000807,-1.0,1.5599,85.1422,4.3539,91.0573,-1,0.0, -> [background only]
frame_000808,-1.0,1.6004,86.2352,4.2674,92.1044,-1,0.0, -> [background only]
frame_000809,-1.0,1.3663,85.5719,4.4162,91.3559,-1,0.0, -> [background only]
frame_000810,-1.0,1.6099,84.958,4.3973,90.9665,-1,0.0, -> [chair (Left): 2%]
frame_000811,-1.0,1.6332,84.8578,4.4073,90.8998,-1,0.0, -> [background only]
frame_000812,-1.0,1.6125,87.1648,4.569,93.348,-1,0.0, -> [background only]
frame_000813,-1.0,1.5723,85.4899,4.6045,91.668,-1,0.0, -> [background only]
frame_000814,-1.0,1.6036,85.025,4.4324,91.0624,-1,0.0, -> [chair (Left): 1%]
frame_000815,-1.0,1.3489,84.8996,4.5088,90.7585,-1,0.0, -> [chair (Left): 2%]
frame_000816,-1.0,1.6007,86.6553,4.7392,92.997,-1,0.0, -> [chair (Left): 2%]
frame_000817,-1.0,1.7526,88.2066,4.437,94.3976,-1,0.0, -> [background only]
frame_000818,-1.0,1.5737,85.1019,4.4466,91.1237,-1,0.0, -> [background only]
frame_000819,-1.0,1.6313,87.8618,4.5081,94.0027,-1,0.0, -> [background only]
frame_000820,-1.0,1.6731,84.9394,4.5807,91.1945,-1,0.0, -> [background only]
frame_000821,-1.0,1.5472,85.3328,4.4883,91.3698,-1,0.0, -> [background only]
frame_000822,-1.0,1.6179,85.6613,5.7922,93.0727,-1,0.0, -> [background only]
frame_000823,-1.0,1.6079,85.3491,4.3562,91.3146,-1,0.0, -> [background only]
frame_000824,-1.0,1.6187,87.4841,4.4337,93.5378,-1,0.0, -> [background only]
frame_000825,-1.0,1.6214,85.6769,4.6674,91.9673,-1,0.0, -> [background only]
frame_000826,-1.0,1.6129,86.6651,4.0355,92.3149,-1,0.0, -> [background only]
frame_000827,-1.0,1.5816,85.2031,4.5441,91.3301,-1,0.0, -> [background only]
frame_000828,-1.0,1.553,89.3186,4.4658,95.3387,-1,0.0, -> [background only]
frame_000829,-1.0,1.7049,85.4465,4.451,91.604,-1,0.0, -> [chair (Right): 2%]
frame_000830,-1.0,1.6656,84.6198,4.3008,90.5875,-1,0.0, -> [background only]
frame_000831,-1.0,1.599,87.3531,5.6124,94.566,-1,0.0, -> [background only]
frame_000832,-1.0,1.7038,85.8068,4.4468,91.9588,-1,0.0, -> [background only]
frame_000833,-1.0,1.301,86.8331,4.5374,92.6732,-1,0.0, -> [background only]
frame_000834,-1.0,1.7083,91.2571,5.3839,98.3506,-1,0.0, -> [background only]
frame_000835,-1.0,1.7446,87.2813,4.3173,93.3445,-1,0.0, -> [background only]
frame_000836,-1.0,1.3434,85.9926,4.5174,91.8548,-1,0.0, -> [background only]
frame_000837,-1.0,1.5815,86.0366,4.6441,92.2637,-1,0.0, -> [background only]
frame_000838,-1.0,1.6754,91.2134,4.5383,97.4286,-1,0.0, -> [background only]
frame_000839,-1.0,1.5926,85.795,4.4697,91.8587,-1,0.0, -> [background only]
frame_000840,-1.0,1.6037,86.2403,4.4205,92.2662,-1,0.0, -> [background only]
frame_000841,-1.0,1.6184,86.7653,4.2782,92.6638,-1,0.0, -> [background only]
frame_000842,-1.0,1.3192,87.1303,4.5606,93.0118,-1,0.0, -> [background only]
frame_000843,-1.0,1.6269,86.672,4.4929,92.7934,-1,0.0, -> [background only]
frame_000844,-1.0,1.626,88.8676,4.3926,94.8877,-1,0.0, -> [background only]
frame_000845,-1.0,1.5751,86.7007,4.4524,92.7295,-1,0.0, -> [background only]
frame_000846,-1.0,1.2815,86.3641,4.6319,92.2789,-1,0.0, -> [background only]
frame_000847,-1.0,1.604,86.7997,4.3111,92.7163,-1,0.0, -> [background only]
frame_000848,-1.0,1.3331,85.5064,4.3092,91.1501,-1,0.0, -> [background only]
frame_000849,-1.0,1.5855,87.8009,4.4684,93.8562,-1,0.0, -> [background only]
frame_000850,-1.0,1.659,85.8346,4.3699,91.8648,-1,0.0, -> [background only]
frame_000851,-1.0,1.6032,86.6438,4.1789,92.4273,-1,0.0, -> [background only]
frame_000852,-1.0,1.3857,86.4263,5.45,93.2641,-1,0.0, -> [background only]
frame_000853,-1.0,1.7962,87.8685,4.3894,94.0554,-1,0.0, -> [background only]
frame_000854,-1.0,1.5728,87.1611,4.357,93.0922,-1,0.0, -> [background only]
frame_000855,-1.0,1.5644,89.4515,4.2632,95.2806,-1,0.0, -> [background only]
frame_000856,-1.0,1.6012,87.9438,4.2404,93.7868,-1,0.0, -> [background only]
frame_000857,-1.0,1.613,86.2517,4.4776,92.3435,-1,0.0, -> [background only]
frame_000858,-1.0,1.2933,88.3912,4.3979,94.0838,-1,0.0, -> [background only]
frame_000859,-1.0,1.6294,88.3091,4.391,94.3308,-1,0.0, -> [background only]
frame_000860,-1.0,1.5349,85.8908,4.517,91.944,-1,0.0, -> [background only]
frame_000861,-1.0,1.5914,87.6963,5.8652,95.1544,-1,0.0, -> [background only]
frame_000862,-1.0,1.0981,85.7572,4.4063,91.2629,-1,0.0, -> [background only]
frame_000863,-1.0,1.5052,86.7158,4.2184,92.4408,-1,0.0, -> [background only]
frame_000864,-1.0,1.5909,85.8668,4.3114,91.7705,-1,0.0, -> [background only]
frame_000865,-1.0,1.2724,83.3733,4.5493,89.1964,-1,0.0, -> [background only]
frame_000866,-1.0,1.0106,83.1185,4.4467,88.5771,-1,0.0, -> [background only]
frame_000867,-1.0,1.0096,82.0193,4.4417,87.472,-1,0.0, -> [background only]
frame_000868,-1.0,1.0008,84.416,4.2287,89.6472,-1,0.0, -> [background only]
frame_000869,-1.0,1.5505,83.5299,4.6051,89.6868,-1,0.0, -> [background only]
frame_000870,-1.0,1.0034,82.902,4.4639,88.3704,-1,0.0, -> [background only]
frame_000871,-1.0,1.0127,84.9314,4.3829,90.3285,-1,0.0, -> [background only]
frame_000872,-1.0,1.1247,85.961,4.5175,91.6047,-1,0.0, -> [background only]
frame_000873,-1.0,1.0274,85.5429,4.364,90.936,-1,0.0, -> [background only]
frame_000874,-1.0,1.5991,86.9897,4.3453,92.9354,-1,0.0, -> [background only]
frame_000875,-1.0,1.6852,85.1646,4.5883,91.4396,-1,0.0, -> [background only]
frame_000876,-1.0,1.6277,87.453,4.4196,93.5017,-1,0.0, -> [background only]
frame_000877,-1.0,1.5577,85.1872,4.5907,91.3369,-1,0.0, -> [background only]
frame_000878,-1.0,1.6493,87.2438,4.3763,93.2705,-1,0.0, -> [background only]
frame_000879,-1.0,1.6023,85.1705,4.3983,91.1725,-1,0.0, -> [background only]
frame_000880,-1.0,1.6494,86.583,4.2964,92.5301,-1,0.0, -> [background only]
frame_000881,-1.0,1.7533,90.152,4.5459,96.4525,-1,0.0, -> [background only]
frame_000882,-1.0,1.6173,85.8445,4.5686,92.0318,-1,0.0, -> [background only]
frame_000883,-1.0,1.6115,86.3361,4.4184,92.3676,-1,0.0, -> [background only]
frame_000884,-1.0,1.422,85.9605,4.3231,91.707,-1,0.0, -> [background only]
frame_000885,-1.0,1.6067,85.9198,4.5096,92.0376,-1,0.0, -> [background only]
frame_000886,-1.0,1.3797,85.7702,4.2615,91.4128,-1,0.0, -> [background only]
frame_000887,-1.0,1.0492,84.6791,4.192,89.9216,-1,0.0, -> [background only]
frame_000888,-1.0,1.5966,86.493,4.3933,92.4845,-1,0.0, -> [background only]
frame_000889,-1.0,1.5575,85.1983,4.2303,90.9874,-1,0.0, -> [background only]
frame_000890,-1.0,1.5754,86.3823,4.5451,92.5046,-1,0.0, -> [background only]
frame_000891,-1.0,1.6547,85.7546,4.5074,91.9182,-1,0.0, -> [background only]
frame_000892,-1.0,1.6258,85.3451,4.4655,91.438,-1,0.0, -> [background only]
frame_000893,-1.0,1.2823,88.468,4.7483,94.5007,-1,0.0, -> [background only]
frame_000894,-1.0,1.819,87.281,4.5658,93.6671,-1,0.0, -> [background only]
frame_000895,-1.0,1.5985,84.9999,4.3971,90.9968,-1,0.0, -> [background only]
frame_000896,-1.0,1.6204,85.9886,4.4004,92.0107,-1,0.0, -> [background only]
frame_000897,-1.0,1.6259,85.7404,4.282,91.6499,-1,0.0, -> [background only]
frame_000898,-1.0,1.6291,84.9682,4.478,91.0765,-1,0.0, -> [background only]
frame_000899,-1.0,1.4097,85.1367,5.5822,92.1303,-1,0.0, -> [background only]
frame_000900,-1.0,1.6458,85.3906,4.4209,91.4585,-1,0.0, -> [background only]
frame_000901,-1.0,1.5423,85.7522,4.3943,91.69,-1,0.0, -> [background only]
frame_000902,-1.0,1.6819,87.2573,4.2673,93.2081,-1,0.0, -> [background only]
frame_000903,-1.0,3.1252,86.1973,4.3956,93.7199,-1,0.0, -> [background only]
frame_000904,-1.0,1.3632,85.6658,4.4925,91.5231,-1,0.0, -> [background only]
frame_000905,-1.0,1.0482,85.1185,4.5134,90.6814,-1,0.0, -> [background only]
frame_000906,-1.0,1.3376,85.8496,4.4942,91.6827,-1,0.0, -> [background only]
frame_000907,-1.0,1.3647,86.6609,4.3576,92.3846,-1,0.0, -> [background only]
frame_000908,-1.0,1.6138,87.6686,4.4752,93.7588,-1,0.0, -> [background only]
frame_000909,-1.0,1.5669,85.1554,4.5323,91.2561,-1,0.0, -> [background only]
frame_000910,-1.0,1.662,86.5746,4.5152,92.7536,-1,0.0, -> [background only]
frame_000911,-1.0,1.5755,87.6378,4.2914,93.5063,-1,0.0, -> [background only]
frame_000912,-1.0,1.6351,85.5033,4.507,91.6467,-1,0.0, -> [background only]
frame_000913,-1.0,1.3377,86.2903,4.6557,92.2851,-1,0.0, -> [background only]
frame_000914,-1.0,1.6154,87.7643,4.5962,93.9774,-1,0.0, -> [background only]
frame_000915,-1.0,1.5712,87.7582,4.4688,93.7994,-1,0.0, -> [background only]
frame_000916,-1.0,1.5966,86.9595,4.4221,92.9795,-1,0.0, -> [background only]
frame_000917,-1.0,1.5869,85.1195,4.4869,91.1947,-1,0.0, -> [background only]
frame_000918,-1.0,1.6683,86.2242,4.1923,92.0866,-1,0.0, -> [background only]
frame_000919,-1.0,1.5419,87.1702,4.4247,93.1381,-1,0.0, -> [background only]
frame_000920,-1.0,1.6725,86.9705,4.5249,93.1692,-1,0.0, -> [background only]
frame_000921,-1.0,1.6138,85.5037,4.3163,91.4351,-1,0.0, -> [background only]
frame_000922,-1.0,1.3909,85.8945,4.4079,91.6946,-1,0.0, -> [background only]
frame_000923,-1.0,1.622,86.5868,4.4013,92.6117,-1,0.0, -> [background only]
frame_000924,-1.0,1.6601,85.4771,4.4475,91.5861,-1,0.0, -> [background only]
frame_000925,-1.0,1.5731,86.9455,4.4163,92.9361,-1,0.0, -> [background only]
frame_000926,-1.0,1.6557,86.8532,4.4916,93.0019,-1,0.0, -> [background only]
frame_000927,-1.0,1.6464,86.3538,4.3656,92.3672,-1,0.0, -> [background only]
frame_000928,-1.0,1.3154,88.4718,4.2486,94.0373,-1,0.0, -> [background only]
frame_000929,-1.0,1.664,86.36,4.6007,92.6263,-1,0.0, -> [background only]
frame_000930,-1.0,1.6935,85.8673,4.017,91.579,-1,0.0, -> [background only]
frame_000931,-1.0,1.577,86.9809,4.4562,93.0156,-1,0.0, -> [background only]
frame_000932,-1.0,1.6177,87.2424,4.3615,93.223,-1,0.0, -> [background only]
frame_000933,-1.0,1.6127,85.3261,4.0924,91.0329,-1,0.0, -> [background only]
frame_000934,-1.0,1.6863,88.469,4.3141,94.4711,-1,0.0, -> [background only]
frame_000935,-1.0,1.5961,86.6709,4.4075,92.6761,-1,0.0, -> [background only]
frame_000936,-1.0,1.7379,86.1064,4.3307,92.1765,-1,0.0, -> [background only]
frame_000937,-1.0,1.2838,87.9943,4.3511,93.6308,-1,0.0, -> [background only]
frame_000938,-1.0,2.0482,85.595,4.3586,92.0032,-1,0.0, -> [background only]
frame_000939,-1.0,1.5791,85.711,4.5997,91.8911,-1,0.0, -> [background only]
frame_000940,-1.0,1.5739,85.6119,4.4524,91.6395,-1,0.0, -> [background only]
frame_000941,-1.0,1.6171,88.0511,4.3324,94.0022,-1,0.0, -> [background only]
frame_000942,-1.0,1.6333,85.8354,4.3553,91.8257,-1,0.0, -> [background only]
frame_000943,-1.0,1.3083,87.5422,4.3592,93.211,-1,0.0, -> [background only]
frame_000944,-1.0,1.616,86.3364,4.4505,92.4043,-1,0.0, -> [background only]
frame_000945,-1.0,1.6364,86.7466,4.7312,93.1157,-1,0.0, -> [background only]
frame_000946,-1.0,1.6261,87.2564,4.4127,93.2965,-1,0.0, -> [background only]
frame_000947,-1.0,1.6282,86.2659,4.4391,92.3344,-1,0.0, -> [background only]
frame_000948,-1.0,1.6266,85.0555,4.5861,91.2696,-1,0.0, -> [background only]
frame_000949,-1.0,1.5986,88.0726,4.4342,94.1067,-1,0.0, -> [background only]
frame_000950,-1.0,1.6199,87.624,4.4426,93.6879,-1,0.0, -> [background only]
frame_000951,-1.0,1.5934,86.4862,4.6687,92.75,-1,0.0, -> [background only]
frame_000952,-1.0,1.3874,87.4117,4.5869,93.3874,-1,0.0, -> [background only]
frame_000953,-1.0,1.6199,86.7062,4.6213,92.9488,-1,0.0, -> [background only]
frame_000954,-1.0,1.6936,85.4433,4.6573,91.7954,-1,0.0, -> [background only]
frame_000955,-1.0,1.6023,89.2838,4.3042,95.1916,-1,0.0, -> [background only]
frame_000956,-1.0,1.6638,88.0277,4.4494,94.1423,-1,0.0, -> [background only]
frame_000957,-1.0,1.5998,88.3015,4.1018,94.0045,-1,0.0, -> [background only]
frame_000958,-1.0,1.5783,90.3142,4.2214,96.1156,-1,0.0, -> [background only]
frame_000959,-1.0,1.6138,89.0127,4.4908,95.1185,-1,0.0, -> [background only]
frame_000960,-1.0,1.6575,87.8496,4.3867,93.895,-1,0.0, -> [background only]
frame_000961,-1.0,1.5227,89.4654,4.4771,95.4665,-1,0.0, -> [background only]
frame_000962,-1.0,1.6568,87.774,4.2653,93.6972,-1,0.0, -> [background only]
frame_000963,-1.0,1.6772,87.2914,4.4232,93.393,-1,0.0, -> [background only]
frame_000964,-1.0,1.2937,89.1493,4.3849,94.8292,-1,0.0, -> [background only]
frame_000965,-1.0,1.6376,88.7288,4.4029,94.7707,-1,0.0, -> [background only]
frame_000966,-1.0,1.6674,88.1597,4.5381,94.3665,-1,0.0, -> [background only]
frame_000967,-1.0,1.5794,87.398,4.3452,93.324,-1,0.0, -> [background only]
frame_000968,-1.0,1.8188,93.4778,4.4231,99.7213,-1,0.0, -> [background only]
frame_000969,-1.0,1.9183,90.3075,4.4655,96.6929,-1,0.0, -> [background only]
frame_000970,-1.0,1.2788,87.6603,4.2787,93.2189,-1,0.0, -> [background only]
frame_000971,-1.0,1.6048,88.8213,4.4219,94.8492,-1,0.0, -> [background only]
frame_000972,-1.0,1.6751,87.7579,4.57,94.0042,-1,0.0, -> [background only]
frame_000973,-1.0,1.2811,89.9636,4.3144,95.5606,-1,0.0, -> [background only]
frame_000974,-1.0,1.6236,88.4197,4.4552,94.4997,-1,0.0, -> [background only]
frame_000975,-1.0,1.6452,88.0404,4.4266,94.1135,-1,0.0, -> [background only]
frame_000976,-1.0,1.5477,89.4895,4.358,95.3967,-1,0.0, -> [background only]
frame_000977,-1.0,2.1356,89.4576,4.4745,96.069,-1,0.0, -> [background only]
frame_000978,-1.0,1.666,87.6411,4.0079,93.3168,-1,0.0, -> [background only]
frame_000979,-1.0,1.5334,88.2296,4.5268,94.2912,-1,0.0, -> [background only]
frame_000980,-1.0,1.7406,88.3091,4.3429,94.3939,-1,0.0, -> [background only]
frame_000981,-1.0,1.6216,87.3865,4.4866,93.4964,-1,0.0, -> [background only]
frame_000982,-1.0,1.5555,87.8448,5.4391,94.8408,-1,0.0, -> [background only]
frame_000983,-1.0,1.7184,87.5444,4.4276,93.6919,-1,0.0, -> [background only]
frame_000984,-1.0,1.6784,86.8054,4.4623,92.9477,-1,0.0, -> [background only]
frame_000985,-1.0,1.5346,86.6071,5.2118,93.3551,-1,0.0, -> [background only]
frame_000986,-1.0,1.7106,86.9752,4.5409,93.2282,-1,0.0, -> [chair (Top-Right): 8%]
frame_000987,-1.0,1.2791,87.5148,4.5905,93.3858,-1,0.0, -> [chair (Top-Right): 7%]
frame_000988,-1.0,1.5922,87.5841,4.5446,93.7224,-1,0.0, -> [chair (Top-Right): 6%]
frame_000989,-1.0,1.6319,89.4973,4.663,95.7934,-1,0.0," -> [bicycle (Right): 2%, chair (Top-Right): 10%]"
frame_000990,-1.0,1.6676,87.6019,4.5033,93.774,-1,0.0," -> [bicycle (Right): 8%, chair (Top): 4%]"
frame_000991,-1.0,1.2601,87.953,4.7793,93.9938,-1,0.0," -> [bicycle (Right): 15%, chair (Top): 2%]"
frame_000992,-1.0,1.6523,87.7864,4.7154,94.1556,-1,0.0," -> [bicycle (Right): 8%, chair (Top): 6%]"
frame_000993,-1.0,1.6093,90.1559,4.5376,96.3043,-1,0.0, -> [chair (Center): 17%]
frame_000994,-1.0,2.0241,88.0229,4.7182,94.7665,-1,0.0, -> [chair (Center): 18%]
frame_000995,-1.0,1.6078,87.6234,4.6968,93.9292,-1,0.0," -> [bicycle (Right): 2%, chair (Center): 17%]"
frame_000996,-1.0,1.3918,87.1687,4.5186,93.0805,-1,0.0," -> [bicycle (Center): 3%, chair (Center): 15%]"
frame_000997,-1.0,1.6383,87.9179,4.7196,94.2773,-1,0.0, -> [chair (Center): 18%]
frame_000998,-1.0,1.655,89.0238,4.6267,95.3068,-1,0.0," -> [bicycle (Center): 5%, chair (Center): 11%]"
frame_000999,-1.0,1.6711,87.3467,4.6357,93.655,-1,0.0, -> [chair (Center): 16%]
frame_001000,-1.0,1.3726,88.0894,4.6122,94.0755,-1,0.0, -> [chair (Center): 16%]
frame_001001,-1.0,1.7445,89.1934,4.7297,95.669,-1,0.0, -> [chair (Center): 18%]
frame_001002,-1.0,1.6317,87.3215,5.4681,94.4227,-1,0.0, -> [chair (Center): 19%]
frame_001003,-1.0,1.6578,89.8659,4.4287,95.9538,-1,0.0, -> [chair (Center): 19%]
frame_001004,-1.0,1.8166,88.1089,4.4926,94.4196,-1,0.0, -> [chair (Center): 17%]
frame_001005,-1.0,1.5829,87.8733,4.7349,94.1924,-1,0.0," -> [bicycle (Center): 3%, chair (Center): 13%]"
frame_001006,-1.0,1.6962,88.4465,4.6191,94.763,-1,0.0," -> [bicycle (Center): 6%, chair (Center): 12%]"
frame_001007,-1.0,1.6899,87.7047,4.542,93.9379,-1,0.0, -> [chair (Center): 21%]
frame_001008,-1.0,1.2864,87.8589,4.7459,93.8926,-1,0.0, -> [chair (Center): 17%]
frame_001009,-1.0,1.6665,88.2447,4.6915,94.6042,-1,0.0," -> [bicycle (Center): 9%, chair (Center): 5%]"
frame_001010,-1.0,1.665,84.4874,4.741,90.8948,-1,0.0," -> [bicycle (Center): 1%, chair (Center): 15%]"
frame_001011,-1.0,4.0034,89.5814,4.6585,98.2448,-1,0.0," -> [bicycle (Center): 2%, chair (Center): 15%]"
frame_001012,-1.0,1.5765,89.9169,4.5055,96.0003,-1,0.0," -> [bicycle (Center): 2%, chair (Center): 13%]"
frame_001013,-1.0,1.573,88.2147,4.4215,94.2107,-1,0.0, -> [chair (Center): 17%]
frame_001014,-1.0,1.2608,88.4336,4.6243,94.32,-1,0.0, -> [chair (Center): 18%]
frame_001015,-1.0,1.6284,91.6095,4.428,97.6674,-1,0.0," -> [bicycle (Center): 6%, chair (Center): 10%]"
frame_001016,-1.0,1.576,88.0534,4.6161,94.2468,-1,0.0," -> [bicycle (Center): 7%, chair (Center): 7%]"
frame_001017,-1.0,1.4047,89.8099,4.4196,95.6355,-1,0.0," -> [bicycle (Center): 7%, chair (Top): 5%]"
frame_001018,-1.0,1.6125,89.2742,4.4516,95.3397,-1,0.0," -> [bicycle (Center): 1%, chair (Center): 16%]"
frame_001019,-1.0,1.6099,88.2685,4.4628,94.3424,-1,0.0, -> [chair (Center): 19%]
frame_001020,-1.0,1.317,88.8839,4.4324,94.6345,-1,0.0, -> [chair (Center): 19%]
frame_001021,-1.0,1.6169,88.8042,4.3754,94.7978,-1,0.0, -> [chair (Center): 20%]
frame_001022,-1.0,1.554,89.0388,4.3677,94.9622,-1,0.0," -> [bicycle (Center): 1%, chair (Center): 17%]"
frame_001023,-1.0,1.6337,88.4287,4.4626,94.5265,-1,0.0, -> [chair (Center): 18%]
frame_001024,-1.0,1.6088,88.6463,4.4561,94.7125,-1,0.0, -> [chair (Center): 17%]
frame_001025,-1.0,1.5159,88.5777,4.5083,94.6033,-1,0.0, -> [chair (Center): 17%]
frame_001026,-1.0,1.5812,88.5386,4.4166,94.5379,-1,0.0," -> [bicycle (Center): 5%, chair (Center): 10%]"
frame_001027,-1.0,1.5586,89.4256,4.449,95.4346,-1,0.0," -> [bicycle (Center): 4%, chair (Center): 10%]"
frame_001028,-1.0,2.7655,87.0494,4.5507,94.3676,-1,0.0," -> [bicycle (Center): 4%, chair (Center): 9%]"
frame_001029,-1.0,1.5963,88.102,4.6318,94.3316,-1,0.0," -> [bicycle (Center): 2%, chair (Center): 14%]"
frame_001030,-1.0,1.5927,90.4356,4.3457,96.3756,-1,0.0, -> [chair (Center): 18%]
frame_001031,-1.0,1.6249,88.1269,4.5686,94.322,-1,0.0, -> [chair (Center): 20%]
frame_001032,-1.0,1.2387,87.5753,4.4327,93.2481,-1,0.0, -> [chair (Center): 19%]
frame_001033,-1.0,1.5945,88.6991,4.3455,94.6404,-1,0.0, -> [chair (Center): 19%]
frame_001034,-1.0,1.7063,88.5923,4.2608,94.5609,-1,0.0, -> [chair (Center): 19%]
frame_001035,-1.0,1.6255,87.5904,4.4921,93.7092,-1,0.0, -> [chair (Center): 20%]
frame_001036,-1.0,1.3079,88.3194,4.5386,94.1672,-1,0.0, -> [chair (Center): 20%]
frame_001037,-1.0,1.5964,89.4285,4.2369,95.263,-1,0.0, -> [chair (Center): 20%]
frame_001038,-1.0,1.6104,87.8563,4.3462,93.8141,-1,0.0, -> [chair (Center): 20%]
frame_001039,-1.0,1.5916,90.6405,4.55,96.7832,-1,0.0, -> [chair (Center): 20%]
frame_001040,-1.0,1.5328,87.6993,4.4837,93.7171,-1,0.0, -> [chair (Center): 19%]
frame_001041,-1.0,1.5684,87.7952,4.5591,93.9243,-1,0.0, -> [chair (Center): 20%]
frame_001042,-1.0,1.6965,87.3016,4.5422,93.5418,-1,0.0, -> [chair (Center): 20%]
frame_001043,-1.0,1.5981,89.5018,4.5428,95.644,-1,0.0, -> [chair (Center): 19%]
frame_001044,-1.0,1.3572,86.1317,5.7393,93.2298,-1,0.0, -> [chair (Center): 19%]
frame_001045,-1.0,1.118,92.476,4.47,98.0655,-1,0.0, -> [chair (Center): 17%]
frame_001046,-1.0,1.5786,89.6889,4.4179,95.6869,-1,0.0, -> [chair (Center): 17%]
frame_001047,-1.0,1.8278,89.0402,4.6037,95.473,-1,0.0, -> [chair (Center): 17%]
frame_001048,-1.0,1.5422,87.6246,4.4609,93.629,-1,0.0, -> [chair (Center): 19%]
frame_001049,-1.0,1.5796,88.2588,4.4724,94.3126,-1,0.0, -> [chair (Center): 19%]
frame_001050,-1.0,1.5636,89.867,4.6066,96.0388,-1,0.0, -> [chair (Center): 20%]
frame_001051,-1.0,1.6225,88.0617,4.4281,94.1136,-1,0.0, -> [chair (Center): 21%]
frame_001052,-1.0,1.2722,88.1643,4.4623,93.9001,-1,0.0, -> [chair (Center): 21%]
frame_001053,-1.0,1.3834,90.6921,4.3995,96.4762,-1,0.0, -> [chair (Center): 20%]
frame_001054,-1.0,1.5797,89.8111,4.4811,95.8733,-1,0.0," -> [bicycle (Center): 3%, chair (Center): 12%]"
frame_001055,-1.0,1.8551,87.5585,4.4983,93.9136,-1,0.0, -> [chair (Center): 15%]
frame_001056,-1.0,1.3893,88.5772,4.5975,94.5656,-1,0.0," -> [bicycle (Center): 4%, chair (Center): 10%]"
frame_001057,-1.0,1.6353,87.8413,4.5427,94.0204,-1,0.0," -> [bicycle (Center): 3%, chair (Center): 12%]"
frame_001058,-1.0,1.59,88.851,4.549,94.9917,-1,0.0," -> [bicycle (Center): 2%, chair (Center): 14%]"
frame_001059,-1.0,1.6672,88.2974,4.4643,94.4302,-1,0.0," -> [bicycle (Center): 4%, chair (Center): 10%]"
frame_001060,-1.0,1.638,88.5141,4.5271,94.6806,-1,0.0," -> [bicycle (Center): 3%, chair (Center): 12%]"
frame_001061,-1.0,1.6452,90.5375,4.4884,96.6723,-1,0.0," -> [bicycle (Center): 1%, chair (Center): 13%]"
frame_001062,-1.0,1.652,88.3907,4.4296,94.4736,-1,0.0," -> [bicycle (Center): 6%, chair (Left): 8%]"
frame_001063,-1.0,1.2781,87.731,4.5412,93.5515,-1,0.0," -> [bicycle (Center): 4%, chair (Left): 10%]"
frame_001064,-1.0,1.6629,88.5597,4.5583,94.7821,-1,0.0, -> [chair (Left): 18%]
frame_001065,-1.0,1.6195,88.6817,4.4335,94.7361,-1,0.0," -> [bicycle (Center): 8%, chair (Left): 7%]"
frame_001066,-1.0,1.5561,88.2156,4.4662,94.2391,-1,0.0," -> [bicycle (Left): 8%, chair (Left): 5%]"
frame_001067,-1.0,1.6372,88.0655,4.506,94.2101,-1,0.0," -> [bicycle (Left): 4%, chair (Left): 10%]"
frame_001068,-1.0,1.5935,88.9384,4.3514,94.8845,-1,0.0," -> [bicycle (Left): 9%, chair (Top-Left): 3%]"
frame_001069,-1.0,1.5988,88.3709,4.4087,94.3799,-1,0.0," -> [bicycle (Left): 4%, chair (Left): 8%]"
frame_001070,-1.0,1.6247,88.3424,4.4773,94.446,-1,0.0," -> [bicycle (Left): 9%, chair (Top-Left): 2%]"
frame_001071,-1.0,1.6357,88.4411,4.5455,94.6239,-1,0.0," -> [bicycle (Left): 7%, chair (Left): 3%]"
frame_001072,-1.0,1.643,88.3408,5.5748,95.5604,-1,0.0, -> [chair (Left): 15%]
frame_001073,-1.0,1.67,89.5953,4.4659,95.7322,-1,0.0," -> [bicycle (Left): 3%, chair (Left): 5%]"
frame_001074,-1.0,1.6583,88.5625,4.3384,94.5603,-1,0.0," -> [bicycle (Left): 3%, chair (Top-Left): 1%]"
frame_001075,-1.0,1.603,88.5406,4.5013,94.6463,-1,0.0, -> [bicycle (Left): 1%]
frame_001076,-1.0,1.6376,88.507,4.2819,94.428,-1,0.0, -> [background only]
frame_001077,-1.0,1.2739,87.8277,4.3151,93.4184,-1,0.0, -> [background only]
frame_001078,-1.0,1.6004,89.6486,4.3465,95.5967,-1,0.0, -> [background only]
frame_001079,-1.0,1.6265,88.513,4.4216,94.5627,-1,0.0, -> [chair (Left): 1%]
frame_001080,-1.0,1.6059,88.5151,4.5043,94.6264,-1,0.0, -> [chair (Right): 4%]
frame_001081,-1.0,1.5553,90.3094,4.4684,96.3342,-1,0.0, -> [chair (Right): 5%]
frame_001082,-1.0,1.63,88.0449,4.4582,94.1343,-1,0.0, -> [chair (Top-Right): 2%]
frame_001083,-1.0,1.2245,88.8931,4.4237,94.5426,-1,0.0, -> [chair (Right): 13%]
frame_001084,-1.0,1.6152,88.2576,4.4893,94.3633,-1,0.0, -> [chair (Right): 17%]
frame_001085,-1.0,1.612,88.9727,4.4787,95.0651,-1,0.0, -> [chair (Right): 25%]
frame_001086,-1.0,1.6178,88.1252,4.3705,94.115,-1,0.0, -> [chair (Right): 23%]
frame_001087,-1.0,1.7589,88.361,4.3811,94.5024,-1,0.0, -> [chair (Right): 33%]
frame_001088,-1.0,1.5864,88.3475,4.5109,94.4463,-1,0.0, -> [chair (Right): 40%]
frame_001089,-1.0,1.5843,88.2198,4.2815,94.0871,-1,0.0, -> [chair (Right): 44%]
frame_001090,-1.0,1.5754,88.158,4.4704,94.205,-1,0.0, -> [chair (Center): 49%]
frame_001091,-1.0,1.6238,88.72,4.4797,94.8247,-1,0.0, -> [chair (Center): 59%]
frame_001092,-1.0,1.624,87.1491,4.4555,93.2299,-1,0.0, -> [chair (Center): 26%]
frame_001093,-1.0,1.3732,88.0214,4.1579,93.5543,-1,0.0, -> [background only]
frame_001094,-1.0,1.6009,88.2119,4.4715,94.2855,-1,0.0, -> [chair (Center): 35%]
frame_001095,-1.0,1.6317,88.1765,4.3792,94.1887,-1,0.0, -> [chair (Center): 28%]
frame_001096,-1.0,1.262,88.1375,4.3425,93.7434,-1,0.0, -> [background only]
frame_001097,-1.0,1.5874,89.1772,4.4203,95.1862,-1,0.0, -> [chair (Left): 10%]
frame_001098,-1.0,1.0655,88.6711,4.487,94.2249,-1,0.0, -> [chair (Left): 1%]
frame_001099,-1.0,1.3521,87.9901,4.3469,93.6905,-1,0.0, -> [chair (Left): 11%]
frame_001100,-1.0,1.0145,88.3074,4.3216,93.6449,-1,0.0, -> [background only]
frame_001101,-1.0,1.5659,90.6436,4.3295,96.5405,-1,0.0, -> [background only]
frame_001102,-1.0,1.6804,87.807,4.3214,93.8104,-1,0.0, -> [background only]
frame_001103,-1.0,1.2776,89.3334,4.3574,94.9695,-1,0.0, -> [background only]
frame_001104,-1.0,1.5328,88.5313,4.3161,94.3816,-1,0.0, -> [background only]
frame_001105,-1.0,1.5633,89.9581,4.2623,95.7851,-1,0.0, -> [background only]
frame_001106,-1.0,1.6429,87.6658,4.4167,93.7268,-1,0.0, -> [background only]
frame_001107,-1.0,1.2441,89.5671,4.4998,95.3122,-1,0.0, -> [bus (Center): 6%]
frame_001108,-1.0,1.5973,87.9956,4.5935,94.1878,-1,0.0," -> [boat (Bottom): 2%, train (Bottom): 45%]"
frame_001109,-1.0,1.2755,88.889,4.4102,94.5761,-1,0.0, -> [background only]
frame_001110,-1.0,1.3441,88.3538,4.4683,94.1674,-1,0.0, -> [boat (Bottom-Right): 1%]
frame_001111,-1.0,1.428,85.4094,4.3224,91.1611,-1,0.0, -> [background only]
frame_001112,-1.0,1.0232,92.5189,4.6646,98.208,-1,0.0, -> [train (Bottom): 30%]
frame_001113,-1.0,1.6166,87.7344,4.5643,93.9167,-1,0.0, -> [train (Center): 78%]
frame_001114,-1.0,1.5689,89.7249,4.3546,95.6497,-1,0.0, -> [train (Right): 7%]
frame_001115,-1.0,1.7674,87.5587,4.4277,93.7551,-1,0.0, -> [train (Center): 40%]
frame_001116,-1.0,1.3303,88.412,4.4532,94.1969,-1,0.0, -> [train (Center): 52%]
frame_001117,-1.0,1.564,88.5015,4.3821,94.4488,-1,0.0, -> [train (Center): 100%]
frame_001118,-1.0,1.5407,89.4211,4.6207,95.5841,-1,0.0, -> [train (Center): 100%]
frame_001119,-1.0,1.596,87.8577,4.2205,93.6758,-1,0.0, -> [background only]
frame_001120,-1.0,1.554,90.2287,4.5627,96.3467,-1,0.0, -> [train (Center): 49%]
frame_001121,-1.0,1.64,88.2381,4.4148,94.2946,-1,0.0, -> [person (Bottom-Right): 1%]
frame_001122,-1.0,1.2943,88.3533,4.2986,93.9478,-1,0.0, -> [background only]
frame_001123,-1.0,1.3159,88.9623,4.3405,94.6204,-1,0.0, -> [background only]
frame_001124,-1.0,1.5878,89.9898,4.2488,95.8276,-1,0.0, -> [background only]
frame_001125,-1.0,1.7082,88.3879,4.4979,94.5955,-1,0.0, -> [person (Right): 9%]
frame_001126,-1.0,1.571,91.518,5.4679,98.5585,-1,0.0, -> [person (Right): 12%]
frame_001127,-1.0,1.5745,88.7302,4.42,94.7262,-1,0.0, -> [person (Right): 15%]
frame_001128,-1.0,1.5787,88.4118,4.4733,94.4653,-1,0.0, -> [person (Right): 15%]
frame_001129,-1.0,1.5309,88.8689,4.5749,94.976,-1,0.0, -> [person (Right): 12%]
frame_001130,-1.0,1.576,88.5296,4.3661,94.4729,-1,0.0, -> [person (Right): 18%]
frame_001131,-1.0,1.545,88.3399,4.3522,94.2384,-1,0.0, -> [person (Right): 19%]
frame_001132,-1.0,1.6391,88.3804,4.4914,94.5122,-1,0.0, -> [person (Right): 21%]
frame_001133,-1.0,1.6825,88.1467,4.514,94.3442,-1,0.0," -> [bicycle (Bottom-Right): 4%, person (Center): 11%]"
frame_001134,-1.0,1.2988,88.782,4.5294,94.6116,-1,0.0," -> [bicycle (Bottom-Right): 1%, person (Center): 18%]"
frame_001135,-1.0,1.5519,90.6303,4.5057,96.6891,-1,0.0, -> [person (Center): 22%]
frame_001136,-1.0,1.6353,88.2222,4.4642,94.3233,-1,0.0, -> [person (Center): 24%]
frame_001137,-1.0,1.3054,88.4841,4.5472,94.338,-1,0.0, -> [person (Center): 30%]
frame_001138,-1.0,1.6214,90.3035,4.552,96.4785,-1,0.0, -> [person (Center): 33%]
frame_001139,-1.0,1.5369,87.6615,4.4198,93.6199,-1,0.0, -> [person (Center): 33%]
frame_001140,-1.0,1.5813,88.7063,4.7138,95.0025,-1,0.0, -> [person (Center): 33%]
frame_001141,-1.0,1.5789,88.8728,4.3542,94.8072,-1,0.0, -> [person (Center): 32%]
frame_001142,-1.0,1.5423,89.3806,4.5152,95.4396,-1,0.0, -> [person (Center): 32%]
frame_001143,-1.0,1.6042,89.5738,4.389,95.5682,-1,0.0, -> [person (Center): 34%]
frame_001144,-1.0,1.6808,88.9723,4.4448,95.0991,-1,0.0, -> [person (Center): 34%]
frame_001145,-1.0,1.5702,88.5063,4.4889,94.5668,-1,0.0, -> [person (Center): 33%]
frame_001146,-1.0,1.5909,90.6161,4.539,96.7473,-1,0.0, -> [person (Center): 34%]
frame_001147,-1.0,1.6436,88.6592,4.5113,94.815,-1,0.0, -> [person (Center): 33%]
frame_001148,-1.0,1.6145,88.2581,4.4673,94.3414,-1,0.0, -> [person (Center): 34%]
frame_001149,-1.0,1.27,90.2113,4.2954,95.778,-1,0.0, -> [person (Center): 34%]
frame_001150,-1.0,1.6801,88.7332,4.5976,95.012,-1,0.0, -> [person (Center): 34%]
frame_001151,-1.0,1.6392,88.2546,4.6674,94.5625,-1,0.0, -> [person (Center): 34%]
frame_001152,-1.0,1.5666,89.7656,4.4033,95.7367,-1,0.0, -> [person (Center): 34%]
frame_001153,-1.0,1.6446,88.6857,4.6903,95.0217,-1,0.0, -> [person (Center): 34%]
frame_001154,-1.0,1.6067,89.1627,4.5021,95.2726,-1,0.0, -> [person (Center): 34%]
frame_001155,-1.0,1.59,91.3469,4.385,97.3231,-1,0.0, -> [person (Center): 34%]
frame_001156,-1.0,1.5993,88.697,4.4223,94.7197,-1,0.0, -> [person (Center): 34%]
frame_001157,-1.0,1.6202,88.7374,4.4019,94.7608,-1,0.0, -> [person (Center): 34%]
frame_001158,-1.0,1.5331,90.3157,4.4514,96.3018,-1,0.0, -> [person (Center): 34%]
frame_001159,-1.0,1.6742,88.1832,4.4331,94.2917,-1,0.0, -> [person (Center): 34%]
frame_001160,-1.0,1.6926,88.2418,4.3794,94.3148,-1,0.0, -> [person (Center): 34%]
frame_001161,-1.0,1.5448,90.7135,4.5129,96.7722,-1,0.0, -> [person (Center): 34%]
frame_001162,-1.0,1.6584,89.6302,4.4381,95.7283,-1,0.0, -> [person (Center): 35%]
frame_001163,-1.0,1.6584,87.8008,4.3977,93.8584,-1,0.0, -> [person (Center): 34%]
frame_001164,-1.0,1.6159,89.7206,4.4902,95.8282,-1,0.0, -> [person (Center): 34%]
frame_001165,-1.0,1.6141,88.4919,4.4709,94.5782,-1,0.0, -> [person (Center): 34%]
frame_001166,-1.0,1.7066,87.7483,4.5757,94.0323,-1,0.0, -> [person (Center): 34%]
frame_001167,-1.0,1.5443,88.4524,4.543,94.5411,-1,0.0, -> [person (Center): 34%]
frame_001168,-1.0,1.6261,88.989,4.5884,95.205,-1,0.0, -> [person (Center): 35%]
frame_001169,-1.0,1.6705,87.7424,4.3863,93.8006,-1,0.0, -> [person (Center): 33%]
frame_001170,-1.0,1.5754,89.9079,4.5016,95.9866,-1,0.0, -> [person (Center): 32%]
frame_001171,-1.0,1.6512,88.5143,4.473,94.6398,-1,0.0, -> [person (Center): 33%]
frame_001172,-1.0,1.677,87.4956,4.3952,93.5689,-1,0.0, -> [person (Center): 34%]
frame_001173,-1.0,1.5261,89.9084,4.6289,96.0649,-1,0.0, -> [person (Center): 33%]
frame_001174,-1.0,1.6981,88.2167,4.5452,94.4613,-1,0.0, -> [person (Center): 34%]
frame_001175,-1.0,1.6525,88.3321,4.5075,94.4936,-1,0.0, -> [person (Center): 34%]
frame_001176,-1.0,1.5476,88.8487,4.4763,94.874,-1,0.0, -> [person (Center): 34%]
frame_001177,-1.0,1.6663,88.8833,4.463,95.0137,-1,0.0, -> [person (Center): 34%]
frame_001178,-1.0,1.6788,88.0394,4.4009,94.1204,-1,0.0, -> [person (Center): 34%]
frame_001179,-1.0,1.2849,87.9194,4.5185,93.724,-1,0.0, -> [person (Center): 34%]
frame_001180,-1.0,1.6483,90.3947,4.3378,96.382,-1,0.0, -> [person (Center): 34%]
frame_001181,-1.0,1.6905,88.8871,4.5679,95.1469,-1,0.0, -> [person (Center): 34%]
frame_001182,-1.0,1.3406,89.8382,4.4593,95.6394,-1,0.0, -> [person (Center): 34%]
frame_001183,-1.0,1.6338,88.1729,4.4608,94.2688,-1,0.0, -> [person (Center): 34%]
frame_001184,-1.0,1.6115,88.0796,4.493,94.1854,-1,0.0, -> [person (Center): 33%]
frame_001185,-1.0,1.5696,88.7696,4.5887,94.9291,-1,0.0, -> [person (Center): 34%]
frame_001186,-1.0,1.5604,88.0183,4.6017,94.1818,-1,0.0, -> [person (Center): 35%]
frame_001187,-1.0,1.5537,89.9003,5.619,97.0746,-1,0.0, -> [person (Center): 35%]
frame_001188,-1.0,1.6101,87.3447,4.5627,93.5189,-1,0.0, -> [person (Center): 34%]
frame_001189,-1.0,1.5913,87.9557,4.5014,94.05,-1,0.0, -> [person (Center): 35%]
frame_001190,-1.0,1.3257,88.5233,4.4574,94.3077,-1,0.0, -> [person (Center): 33%]
frame_001191,-1.0,1.548,88.4968,4.4909,94.5374,-1,0.0, -> [person (Center): 34%]
frame_001192,-1.0,1.6166,89.6554,4.4874,95.7608,-1,0.0, -> [person (Center): 36%]
frame_001193,-1.0,1.7323,88.49,4.5276,94.7511,-1,0.0, -> [person (Center): 36%]
frame_001194,-1.0,1.5862,90.6069,4.4498,96.644,-1,0.0, -> [person (Center): 35%]
frame_001195,-1.0,1.6278,88.1284,4.5579,94.3154,-1,0.0, -> [person (Center): 36%]
frame_001196,-1.0,1.3869,88.57,4.5542,94.5123,-1,0.0, -> [person (Center): 36%]
frame_001197,-1.0,1.6307,91.5646,4.4757,97.6721,-1,0.0, -> [person (Center): 31%]
frame_001198,-1.0,1.6744,88.0986,4.3905,94.1648,-1,0.0, -> [person (Center): 34%]
frame_001199,-1.0,1.2781,91.2111,4.3202,96.8106,-1,0.0, -> [person (Center): 33%]
frame_001200,-1.0,1.6647,87.328,4.6183,93.6121,-1,0.0, -> [person (Center): 31%]
frame_001201,-1.0,1.5029,89.4904,4.5391,95.5338,-1,0.0, -> [person (Center): 31%]
frame_001202,-1.0,1.5308,87.5363,4.3591,93.4279,-1,0.0, -> [person (Center): 31%]
frame_001203,-1.0,1.7077,90.6326,4.5534,96.895,-1,0.0, -> [person (Center): 31%]
frame_001204,-1.0,1.5345,87.6816,4.6365,93.8538,-1,0.0, -> [person (Center): 29%]
frame_001205,-1.0,1.5361,87.563,4.4012,93.5016,-1,0.0, -> [person (Center): 29%]
frame_001206,-1.0,1.5965,88.8775,4.5089,94.984,-1,0.0, -> [person (Center): 30%]
frame_001207,-1.0,1.5122,87.9027,4.4988,93.915,-1,0.0, -> [person (Center): 29%]
frame_001208,-1.0,1.3951,88.9614,4.3083,94.6663,-1,0.0, -> [person (Center): 29%]
frame_001209,-1.0,1.59,88.414,4.3777,94.3831,-1,0.0, -> [person (Center): 29%]
frame_001210,-1.0,1.5223,88.7523,4.5218,94.7977,-1,0.0, -> [person (Center): 27%]
frame_001211,-1.0,1.531,89.2286,4.4435,95.2046,-1,0.0, -> [person (Center): 27%]
frame_001212,-1.0,1.592,87.9084,4.5543,94.056,-1,0.0, -> [person (Center): 27%]
frame_001213,-1.0,1.5627,91.329,4.6193,97.5131,-1,0.0, -> [person (Center): 28%]
frame_001214,-1.0,2.0911,88.6298,4.3642,95.0864,-1,0.0, -> [person (Center): 29%]
frame_001215,-1.0,1.3209,89.3795,4.3954,95.0971,-1,0.0, -> [person (Center): 29%]
frame_001216,-1.0,1.6048,87.7948,4.3239,93.7248,-1,0.0, -> [person (Center): 31%]
frame_001217,-1.0,1.5656,88.2898,4.3815,94.2381,-1,0.0, -> [person (Center): 32%]
frame_001218,-1.0,1.2834,87.9506,4.5044,93.74,-1,0.0, -> [person (Center): 31%]
frame_001219,-1.0,1.6048,89.8695,4.5442,96.0198,-1,0.0, -> [person (Center): 28%]
frame_001220,-1.0,1.6199,89.0631,4.3705,95.0547,-1,0.0, -> [person (Center): 29%]
frame_001221,-1.0,1.6425,88.6656,4.5094,94.8186,-1,0.0, -> [person (Center): 28%]
frame_001222,-1.0,1.5792,90.2592,4.5236,96.3633,-1,0.0, -> [person (Center): 28%]
frame_001223,-1.0,1.6947,89.3451,4.5426,95.5837,-1,0.0, -> [person (Center): 28%]
frame_001224,-1.0,1.7196,87.6061,4.575,93.9018,-1,0.0, -> [person (Center): 34%]
frame_001225,-1.0,1.5592,90.2648,4.6277,96.4532,-1,0.0, -> [person (Center): 30%]
frame_001226,-1.0,1.6077,88.831,5.0037,95.4443,-1,0.0, -> [person (Center): 35%]
frame_001227,-1.0,1.768,88.0517,4.6781,94.5,-1,0.0, -> [person (Bottom): 34%]
frame_001228,-1.0,1.554,87.9167,4.3951,93.8673,-1,0.0, -> [person (Center): 29%]
frame_001229,-1.0,1.5446,89.2697,4.7045,95.5201,-1,0.0, -> [person (Bottom): 33%]
frame_001230,-1.0,1.5426,88.465,4.5571,94.5659,-1,0.0, -> [person (Bottom): 33%]
frame_001231,-1.0,1.5409,90.2472,4.3856,96.1748,-1,0.0, -> [person (Bottom): 34%]
frame_001232,-1.0,1.6583,89.2608,4.5025,95.4229,-1,0.0, -> [person (Bottom): 33%]
frame_001233,-1.0,1.6053,88.916,4.5103,95.0332,-1,0.0, -> [person (Bottom): 33%]
frame_001234,-1.0,1.6326,88.3322,5.8863,95.8524,-1,0.0, -> [person (Bottom): 33%]
frame_001235,-1.0,1.6596,88.575,4.4105,94.6466,-1,0.0, -> [person (Bottom): 35%]
frame_001236,-1.0,1.6338,88.7819,4.4221,94.8392,-1,0.0, -> [person (Bottom): 35%]
frame_001237,-1.0,1.5673,90.1104,4.5368,96.2159,-1,0.0, -> [person (Bottom): 33%]
frame_001238,-1.0,1.7102,90.1441,4.5127,96.3679,-1,0.0, -> [person (Bottom): 32%]
frame_001239,-1.0,1.5595,87.5565,4.4785,93.5957,-1,0.0, -> [person (Bottom): 33%]
frame_001240,-1.0,1.5755,88.8718,4.4077,94.8564,-1,0.0, -> [person (Bottom): 32%]
frame_001241,-1.0,1.6334,88.8876,4.4245,94.9469,-1,0.0, -> [person (Bottom): 31%]
frame_001242,-1.0,1.6345,88.2331,4.4109,94.2798,-1,0.0, -> [person (Bottom): 32%]
frame_001243,-1.0,1.6559,88.9479,4.608,95.2131,-1,0.0, -> [person (Center): 32%]
frame_001244,-1.0,1.695,88.5193,4.4182,94.6336,-1,0.0, -> [person (Bottom): 30%]
frame_001245,-1.0,1.5896,88.7645,4.3913,94.7467,-1,0.0, -> [person (Bottom): 32%]
frame_001246,-1.0,1.6251,88.4468,4.5041,94.5774,-1,0.0, -> [person (Bottom): 32%]
frame_001247,-1.0,1.622,88.975,4.3745,94.9731,-1,0.0, -> [person (Bottom): 31%]
frame_001248,-1.0,1.5731,88.6198,5.2535,95.4477,-1,0.0, -> [person (Bottom): 32%]
frame_001249,-1.0,1.5822,88.2254,4.5166,94.326,-1,0.0, -> [person (Bottom-Left): 30%]
frame_001250,-1.0,1.5459,88.6375,4.2826,94.4672,-1,0.0, -> [person (Bottom-Left): 31%]
frame_001251,-1.0,1.5841,88.3337,4.4731,94.3921,-1,0.0, -> [person (Bottom-Left): 30%]
frame_001252,-1.0,1.5641,90.252,4.5435,96.3608,-1,0.0, -> [person (Bottom-Left): 26%]
frame_001253,-1.0,1.5794,88.995,4.4027,94.9785,-1,0.0, -> [person (Bottom-Left): 24%]
frame_001254,-1.0,1.6158,88.0778,4.4476,94.1427,-1,0.0, -> [person (Bottom-Left): 25%]
frame_001255,-1.0,1.6226,90.1537,4.4927,96.2702,-1,0.0, -> [person (Bottom-Left): 25%]
frame_001256,-1.0,1.6007,88.8881,4.5195,95.0097,-1,0.0, -> [person (Bottom-Left): 24%]
frame_001257,-1.0,1.6045,88.4033,4.544,94.5533,-1,0.0, -> [person (Bottom-Left): 23%]
frame_001258,-1.0,1.2886,87.4759,4.4549,93.2213,-1,0.0, -> [person (Bottom-Left): 21%]
frame_001259,-1.0,1.5901,88.62,4.513,94.7247,-1,0.0, -> [person (Bottom-Left): 22%]
frame_001260,-1.0,3.0677,88.3832,4.4269,95.8796,-1,0.0, -> [person (Left): 20%]
frame_001261,-1.0,1.5083,87.793,4.4629,93.766,-1,0.0, -> [person (Left): 21%]
frame_001262,-1.0,1.6461,89.5361,4.6143,95.7982,-1,0.0," -> [chair (Bottom): 1%, person (Left): 20%]"
frame_001263,-1.0,1.6745,87.4952,4.4287,93.5997,-1,0.0, -> [person (Left): 22%]
frame_001264,-1.0,1.55,89.7981,4.3264,95.6758,-1,0.0, -> [person (Left): 21%]
frame_001265,-1.0,1.5844,89.9066,4.4852,95.9774,-1,0.0, -> [person (Left): 21%]
frame_001266,-1.0,1.6444,88.8405,4.5529,95.0389,-1,0.0, -> [person (Left): 23%]
frame_001267,-1.0,1.6143,89.5157,4.339,95.4706,-1,0.0, -> [person (Left): 21%]
frame_001268,-1.0,1.6018,87.841,4.4672,93.9114,-1,0.0, -> [person (Left): 21%]
frame_001269,-1.0,1.6221,89.0784,4.3672,95.0691,-1,0.0, -> [person (Left): 19%]
frame_001270,-1.0,1.52,90.0418,4.549,96.1121,-1,0.0," -> [chair (Bottom-Left): 2%, person (Left): 18%]"
frame_001271,-1.0,3.0398,90.5876,4.5092,98.138,-1,0.0," -> [chair (Left): 2%, person (Left): 19%]"
frame_001272,-1.0,2.0903,88.8658,4.6107,95.5685,-1,0.0," -> [chair (Left): 1%, person (Left): 18%]"
frame_001273,-1.0,1.5489,90.2428,4.4456,96.2387,-1,0.0, -> [person (Left): 18%]
frame_001274,-1.0,1.6904,88.6525,4.465,94.8094,-1,0.0, -> [person (Left): 16%]
frame_001275,-1.0,1.6741,88.3032,4.353,94.3318,-1,0.0, -> [person (Left): 16%]
frame_001276,-1.0,1.4897,90.0693,4.5133,96.0736,-1,0.0, -> [person (Left): 15%]
frame_001277,-1.0,1.6986,88.1407,4.4205,94.261,-1,0.0, -> [person (Left): 14%]
frame_001278,-1.0,1.6991,88.0237,4.3849,94.1089,-1,0.0, -> [person (Left): 14%]
frame_001279,-1.0,1.641,90.5308,4.3082,96.4814,-1,0.0, -> [person (Left): 13%]
frame_001280,-1.0,2.1278,88.8957,4.3835,95.4086,-1,0.0, -> [person (Left): 12%]
frame_001281,-1.0,1.6315,89.1204,4.4731,95.2262,-1,0.0, -> [person (Left): 12%]
frame_001282,-1.0,1.3092,90.332,4.5336,96.1761,-1,0.0, -> [person (Left): 11%]
frame_001283,-1.0,1.6404,88.3811,4.3175,94.3404,-1,0.0, -> [person (Left): 10%]
frame_001284,-1.0,1.6217,88.0858,4.4559,94.1648,-1,0.0, -> [person (Left): 10%]
frame_001285,-1.0,1.5822,91.322,4.3636,97.2691,-1,0.0, -> [person (Left): 9%]
frame_001286,-1.0,1.6169,88.0284,4.5031,94.1498,-1,0.0, -> [person (Left): 9%]
frame_001287,-1.0,1.5838,87.5691,4.3871,93.5413,-1,0.0, -> [person (Left): 9%]
frame_001288,-1.0,1.5668,88.4936,4.4993,94.5612,-1,0.0, -> [person (Left): 7%]
frame_001289,-1.0,1.6151,88.9077,4.5118,95.0358,-1,0.0, -> [person (Left): 7%]
frame_001290,-1.0,1.7778,88.1326,4.4173,94.329,-1,0.0, -> [person (Left): 7%]
frame_001291,-1.0,1.5628,88.6544,4.5373,94.7558,-1,0.0, -> [person (Left): 8%]
frame_001292,-1.0,1.6233,90.44,4.4267,96.4913,-1,0.0, -> [person (Left): 8%]
frame_001293,-1.0,1.5922,89.1482,4.5293,95.2712,-1,0.0, -> [person (Left): 8%]
frame_001294,-1.0,1.5415,88.4968,4.387,94.4265,-1,0.0, -> [person (Left): 6%]
frame_001295,-1.0,1.5459,90.3529,4.4507,96.3506,-1,0.0, -> [person (Left): 6%]
frame_001296,-1.0,1.8566,88.9124,4.7956,95.566,-1,0.0, -> [person (Left): 2%]
frame_001297,-1.0,1.2504,88.9283,4.4341,94.614,-1,0.0, -> [person (Left): 2%]
frame_001298,-1.0,1.6609,87.8733,4.5243,94.0604,-1,0.0, -> [person (Left): 4%]
frame_001299,-1.0,1.7029,87.9392,4.4149,94.0585,-1,0.0, -> [person (Left): 3%]
frame_001300,-1.0,1.2513,88.5032,4.3057,94.0614,-1,0.0, -> [person (Left): 5%]
frame_001301,-1.0,1.665,90.2539,4.4191,96.3394,-1,0.0, -> [person (Left): 4%]
frame_001302,-1.0,1.6884,88.7828,4.3564,94.829,-1,0.0, -> [person (Left): 5%]
frame_001303,-1.0,1.253,88.4646,4.2841,94.0032,-1,0.0, -> [person (Left): 5%]
frame_001304,-1.0,1.6592,88.7554,4.2497,94.666,-1,0.0, -> [person (Left): 5%]
frame_001305,-1.0,1.5636,89.0923,4.2011,94.8583,-1,0.0, -> [person (Left): 3%]
frame_001306,-1.0,1.305,89.1347,4.2702,94.7114,-1,0.0, -> [person (Left): 3%]
frame_001307,-1.0,1.5429,90.2056,4.0771,95.8273,-1,0.0, -> [background only]
frame_001308,-1.0,1.6804,90.2316,4.341,96.2546,-1,0.0, -> [person (Left): 3%]
frame_001309,-1.0,1.2907,90.5742,4.1342,96.0005,-1,0.0, -> [person (Left): 2%]
frame_001310,-1.0,1.6463,91.1077,4.2534,97.0091,-1,0.0, -> [person (Left): 5%]
frame_001311,-1.0,1.6256,89.3567,4.2586,95.2426,-1,0.0, -> [person (Left): 2%]
frame_001312,-1.0,1.3131,89.1049,4.2807,94.7002,-1,0.0, -> [person (Left): 2%]
frame_001313,-1.0,1.6227,92.4625,4.1867,98.2733,-1,0.0, -> [person (Left): 2%]
frame_001314,-1.0,1.6919,89.9146,4.3007,95.9084,-1,0.0, -> [person (Left): 5%]
frame_001315,-1.0,1.5544,90.3297,4.1904,96.0761,-1,0.0, -> [person (Left): 3%]
frame_001316,-1.0,1.5929,90.2797,4.1879,96.0617,-1,0.0, -> [chair (Top-Left): 1%]
frame_001317,-1.0,1.666,90.4116,3.9285,96.0074,-1,0.0, -> [chair (Top-Left): 2%]
frame_001318,-1.0,1.6042,90.4337,4.1285,96.1677,-1,0.0, -> [background only]
frame_001319,-1.0,1.5806,90.8331,4.1854,96.6006,-1,0.0, -> [chair (Top-Left): 3%]
frame_001320,-1.0,1.6622,89.6664,4.2023,95.5322,-1,0.0, -> [chair (Top-Left): 3%]
frame_001321,-1.0,1.6005,92.6322,4.3105,98.5445,-1,0.0, -> [chair (Top-Left): 2%]
frame_001322,-1.0,1.9479,89.8726,4.1841,96.0058,-1,0.0, -> [chair (Top-Left): 2%]
frame_001323,-1.0,1.5852,89.3098,4.3007,95.197,-1,0.0, -> [chair (Top-Left): 2%]
frame_001324,-1.0,1.5316,91.6897,4.2381,97.4604,-1,0.0, -> [chair (Top-Left): 2%]
frame_001325,-1.0,1.6283,90.3791,4.1415,96.1506,-1,0.0, -> [chair (Top-Left): 2%]
frame_001326,-1.0,1.6779,89.7635,4.2071,95.6498,-1,0.0, -> [chair (Top-Left): 3%]
frame_001327,-1.0,1.5438,90.4996,4.3966,96.4416,-1,0.0, -> [chair (Top-Left): 2%]
frame_001328,-1.0,1.6398,90.3765,4.1903,96.208,-1,0.0, -> [chair (Top-Left): 2%]
frame_001329,-1.0,1.6305,90.1892,4.1879,96.0088,-1,0.0, -> [chair (Top-Left): 2%]
frame_001330,-1.0,1.7362,90.9558,4.2771,96.9707,-1,0.0, -> [chair (Top-Left): 2%]
frame_001331,-1.0,1.6536,89.4111,4.118,95.1842,-1,0.0, -> [chair (Top-Left): 1%]
frame_001332,-1.0,1.1423,88.2481,4.1806,93.5724,-1,0.0, -> [chair (Top-Left): 1%]
frame_001333,-1.0,1.0466,91.5804,4.0491,96.6776,-1,0.0, -> [background only]
frame_001334,-1.0,1.2943,87.2538,4.1405,92.6898,-1,0.0, -> [chair (Top-Left): 1%]
frame_001335,-1.0,1.5376,92.6119,4.1155,98.2662,-1,0.0, -> [chair (Top-Left): 1%]
frame_001336,-1.0,3.8316,91.04,4.1975,99.0704,-1,0.0, -> [chair (Top-Left): 1%]
frame_001337,-1.0,1.5844,90.9919,4.0101,96.5877,-1,0.0, -> [background only]
frame_001338,-1.0,1.5549,91.7107,4.1142,97.381,-1,0.0, -> [background only]
frame_001339,-1.0,1.6884,90.2667,4.0841,96.0408,-1,0.0, -> [background only]
frame_001340,-1.0,1.6065,91.8064,4.1404,97.5549,-1,0.0, -> [background only]
frame_001341,-1.0,3.0511,92.4628,3.9099,99.4253,-1,0.0, -> [background only]
frame_001342,-1.0,1.7048,90.8198,3.9605,96.4864,-1,0.0, -> [background only]
frame_001343,-1.0,1.5868,90.4706,4.0891,96.148,-1,0.0, -> [background only]
frame_001344,-1.0,1.6226,92.2475,4.172,98.0436,-1,0.0, -> [background only]
frame_001345,-1.0,1.65,90.3109,4.0262,95.9885,-1,0.0, -> [background only]
frame_001346,-1.0,1.6712,90.5891,4.2357,96.4973,-1,0.0, -> [background only]
frame_001347,-1.0,1.6056,92.0822,4.1746,97.8639,-1,0.0, -> [background only]
frame_001348,-1.0,1.6755,90.213,4.1611,96.0513,-1,0.0, -> [background only]
frame_001349,-1.0,1.6924,90.8817,4.0544,96.63,-1,0.0, -> [background only]
frame_001350,-1.0,1.5862,90.8446,4.0825,96.5147,-1,0.0, -> [background only]
frame_001351,-1.0,1.6578,93.5265,4.1137,99.2996,-1,0.0, -> [background only]
frame_001352,-1.0,1.6183,90.9062,4.0723,96.5983,-1,0.0, -> [background only]
frame_001353,-1.0,1.6198,92.5537,4.2335,98.4083,-1,0.0, -> [background only]
frame_001354,-1.0,1.5466,87.4044,4.1386,93.0907,-1,0.0, -> [background only]
frame_001355,-1.0,1.556,87.4791,4.311,93.3472,-1,0.0, -> [background only]
frame_001356,-1.0,1.617,90.8374,4.2738,96.7294,-1,0.0, -> [background only]
frame_001357,-1.0,1.6695,88.5984,4.1981,94.4672,-1,0.0, -> [background only]
frame_001358,-1.0,1.625,89.3243,4.2196,95.1702,-1,0.0, -> [background only]
frame_001359,-1.0,1.6305,90.1808,4.203,96.0156,-1,0.0, -> [background only]
frame_001360,-1.0,1.6548,88.7244,4.5894,94.9701,-1,0.0, -> [background only]
frame_001361,-1.0,1.6,88.8542,4.2921,94.7477,-1,0.0, -> [background only]
frame_001362,-1.0,3.4288,90.7123,4.0911,98.2339,-1,0.0, -> [background only]
frame_001363,-1.0,1.6019,89.0193,4.1252,94.748,-1,0.0, -> [background only]
frame_001364,-1.0,1.6274,88.4621,4.7846,94.8756,-1,0.0, -> [background only]
frame_001365,-1.0,1.6734,87.9767,4.1746,93.8263,-1,0.0, -> [background only]
frame_001366,-1.0,1.5832,89.3459,4.2185,95.149,-1,0.0, -> [background only]
frame_001367,-1.0,1.6397,88.673,4.2779,94.5919,-1,0.0, -> [background only]
frame_001368,-1.0,1.6025,91.0243,4.2091,96.8373,-1,0.0, -> [background only]
frame_001369,-1.0,1.6351,91.0552,4.233,96.9248,-1,0.0, -> [background only]
frame_001370,-1.0,1.7017,88.4181,4.1565,94.2775,-1,0.0, -> [background only]
frame_001371,-1.0,1.664,90.7122,4.3058,96.6835,-1,0.0, -> [background only]
frame_001372,-1.0,1.6015,89.8117,4.3321,95.7468,-1,0.0, -> [background only]
frame_001373,-1.0,1.7125,88.0937,4.3425,94.1503,-1,0.0, -> [background only]
frame_001374,-1.0,1.6714,88.2272,4.5801,94.48,-1,0.0, -> [background only]
frame_001375,-1.0,1.5995,89.3815,4.2592,95.2416,-1,0.0, -> [background only]
frame_001376,-1.0,1.6419,88.9057,4.2675,94.8164,-1,0.0, -> [background only]
frame_001377,-1.0,1.6331,88.424,4.1769,94.2354,-1,0.0, -> [background only]
frame_001378,-1.0,1.6107,90.1369,4.2511,96.0001,-1,0.0, -> [background only]
frame_001379,-1.0,1.6669,88.9333,4.3184,94.9203,-1,0.0, -> [background only]
frame_001380,-1.0,1.6742,88.5338,4.2797,94.4889,-1,0.0, -> [background only]
frame_001381,-1.0,1.7215,89.6298,4.3451,95.6976,-1,0.0, -> [background only]
frame_001382,-1.0,1.6746,88.3482,4.2635,94.2879,-1,0.0, -> [background only]
frame_001383,-1.0,1.6341,90.404,4.1767,96.2161,-1,0.0, -> [background only]
frame_001384,-1.0,2.9792,89.1797,4.2006,96.361,-1,0.0, -> [background only]
frame_001385,-1.0,1.6462,88.1341,4.3111,94.0926,-1,0.0, -> [background only]
frame_001386,-1.0,1.6384,90.9483,4.2992,96.8869,-1,0.0, -> [background only]
frame_001387,-1.0,1.682,89.0222,4.2991,95.0044,-1,0.0, -> [background only]
frame_001388,-1.0,1.6169,88.7828,4.1713,94.5724,-1,0.0, -> [background only]
frame_001389,-1.0,1.6283,89.4687,4.2217,95.3201,-1,0.0, -> [background only]
frame_001390,-1.0,1.6122,91.0702,4.1457,96.8295,-1,0.0, -> [background only]
frame_001391,-1.0,1.6925,89.1144,5.2219,96.0304,-1,0.0, -> [background only]
frame_001392,-1.0,1.6958,88.957,4.1751,94.8289,-1,0.0, -> [background only]
frame_001393,-1.0,1.7387,89.088,4.2891,95.1173,-1,0.0, -> [background only]
frame_001394,-1.0,1.6553,89.9687,4.1894,95.8151,-1,0.0, -> [background only]
frame_001395,-1.0,1.7244,88.8412,4.3171,94.8839,-1,0.0, -> [background only]
frame_001396,-1.0,1.5303,89.445,4.3266,95.303,-1,0.0, -> [background only]
frame_001397,-1.0,1.5558,88.3256,4.3352,94.2183,-1,0.0, -> [background only]
frame_001398,-1.0,1.5064,89.7942,4.2653,95.5673,-1,0.0, -> [background only]
frame_001399,-1.0,1.5863,88.8083,4.4015,94.7972,-1,0.0, -> [background only]
frame_001400,-1.0,1.5184,89.3797,4.2967,95.1963,-1,0.0, -> [background only]
frame_001401,-1.0,1.6061,88.2522,4.3399,94.1998,-1,0.0, -> [background only]
frame_001402,-1.0,1.5325,88.4195,4.4393,94.3927,-1,0.0, -> [background only]
frame_001403,-1.0,1.6415,88.507,4.3898,94.5396,-1,0.0, -> [background only]
frame_001404,-1.0,1.5434,90.1083,4.3455,95.9985,-1,0.0, -> [background only]
frame_001405,-1.0,2.1225,89.7719,4.4275,96.3231,-1,0.0, -> [background only]
frame_001406,-1.0,1.6387,87.9723,4.1658,93.7781,-1,0.0, -> [background only]
frame_001407,-1.0,1.5286,89.0484,4.2517,94.8303,-1,0.0, -> [background only]
frame_001408,-1.0,1.5899,89.0484,4.2893,94.9291,-1,0.0, -> [background only]
frame_001409,-1.0,1.684,88.3005,4.3384,94.3243,-1,0.0, -> [background only]
frame_001410,-1.0,1.5351,89.9443,4.129,95.6098,-1,0.0, -> [background only]
frame_001411,-1.0,1.631,89.2455,4.3309,95.2085,-1,0.0, -> [background only]
frame_001412,-1.0,1.6266,87.6572,4.2841,93.5697,-1,0.0, -> [background only]
frame_001413,-1.0,1.2758,90.7565,4.3391,96.373,-1,0.0, -> [background only]
frame_001414,-1.0,1.6395,91.6769,4.1926,97.5103,-1,0.0, -> [background only]
frame_001415,-1.0,1.7175,86.7706,4.3144,92.8039,-1,0.0, -> [background only]
frame_001416,-1.0,1.5188,88.3974,4.4471,94.3647,-1,0.0, -> [background only]
frame_001417,-1.0,3.0231,86.5053,4.3995,93.9291,-1,0.0, -> [background only]
frame_001418,-1.0,1.5136,87.66,4.5353,93.7106,-1,0.0, -> [background only]
frame_001419,-1.0,1.655,89.5259,4.3019,95.4844,-1,0.0, -> [background only]
frame_001420,-1.0,1.6716,88.8448,4.3664,94.8842,-1,0.0, -> [background only]
frame_001421,-1.0,1.5429,88.1286,4.2464,93.9192,-1,0.0, -> [background only]
frame_001422,-1.0,1.5554,87.9552,4.4017,93.9134,-1,0.0, -> [background only]
frame_001423,-1.0,1.6796,88.1237,4.5144,94.3189,-1,0.0, -> [background only]
frame_001424,-1.0,1.5405,87.3827,4.4296,93.3542,-1,0.0, -> [background only]
frame_001425,-1.0,1.5842,87.9646,4.4759,94.0262,-1,0.0, -> [background only]
frame_001426,-1.0,1.6594,88.3621,4.3032,94.3261,-1,0.0, -> [background only]
frame_001427,-1.0,1.5309,86.9688,4.2943,92.7952,-1,0.0, -> [background only]
frame_001428,-1.0,1.5364,89.8701,4.4882,95.8962,-1,0.0, -> [background only]
frame_001429,-1.0,1.6478,88.2412,4.5199,94.4105,-1,0.0, -> [background only]
frame_001430,-1.0,1.5477,86.5128,4.5174,92.5792,-1,0.0, -> [background only]
frame_001431,-1.0,1.5946,90.0665,4.5918,96.2544,-1,0.0, -> [background only]
frame_001432,-1.0,1.6299,89.5389,4.2791,95.4495,-1,0.0, -> [background only]
frame_001433,-1.0,1.5662,87.7099,4.4605,93.738,-1,0.0, -> [background only]
frame_001434,-1.0,1.5385,90.0206,4.3633,95.9237,-1,0.0, -> [background only]
frame_001435,-1.0,1.6503,88.4292,4.0572,94.1383,-1,0.0, -> [background only]
frame_001436,-1.0,1.5925,87.8412,4.4221,93.8573,-1,0.0, -> [background only]
frame_001437,-1.0,1.6178,90.4728,4.3034,96.3954,-1,0.0, -> [background only]
frame_001438,-1.0,1.6136,88.1898,4.355,94.1598,-1,0.0, -> [background only]
frame_001439,-1.0,1.565,88.2362,4.3736,94.1761,-1,0.0, -> [background only]
frame_001440,-1.0,1.6029,87.6908,4.3431,93.6383,-1,0.0, -> [background only]
frame_001441,-1.0,1.5863,88.9301,4.3381,94.8561,-1,0.0, -> [background only]
frame_001442,-1.0,1.5332,88.0901,4.4837,94.1085,-1,0.0, -> [background only]
frame_001443,-1.0,1.2887,90.6554,4.4911,96.4368,-1,0.0, -> [background only]
frame_001444,-1.0,1.6598,88.3763,4.3539,94.3914,-1,0.0, -> [background only]
frame_001445,-1.0,1.5418,88.3655,4.5002,94.4088,-1,0.0, -> [background only]
frame_001446,-1.0,1.5543,88.264,4.4874,94.3071,-1,0.0, -> [background only]
frame_001447,-1.0,1.6238,87.9195,4.2285,93.7729,-1,0.0, -> [background only]
frame_001448,-1.0,1.537,88.1384,4.3459,94.0227,-1,0.0, -> [background only]
frame_001449,-1.0,1.6076,90.4104,4.4116,96.4309,-1,0.0, -> [background only]
frame_001450,-1.0,1.6365,88.0925,5.5558,95.286,-1,0.0, -> [background only]
frame_001451,-1.0,1.5844,88.2478,4.0062,93.8398,-1,0.0, -> [background only]
frame_001452,-1.0,1.586,88.0438,4.3181,93.9489,-1,0.0, -> [background only]
frame_001453,-1.0,1.6203,88.3964,4.3374,94.3553,-1,0.0, -> [background only]
frame_001454,-1.0,1.6137,87.8668,4.4538,93.936,-1,0.0, -> [background only]
frame_001455,-1.0,1.5901,90.117,4.6019,96.3101,-1,0.0, -> [background only]
frame_001456,-1.0,1.6167,88.7007,4.4661,94.7849,-1,0.0, -> [background only]
frame_001457,-1.0,1.595,87.7924,4.2612,93.6501,-1,0.0, -> [background only]
frame_001458,-1.0,1.5456,87.6006,4.3109,93.4585,-1,0.0, -> [background only]
frame_001459,-1.0,1.632,88.8163,4.475,94.9247,-1,0.0, -> [background only]
frame_001460,-1.0,1.5992,87.6374,4.4136,93.6517,-1,0.0, -> [background only]
frame_001461,-1.0,1.3494,90.3169,4.5054,96.1734,-1,0.0, -> [background only]
frame_001462,-1.0,1.6702,88.1387,4.437,94.2471,-1,0.0, -> [background only]
frame_001463,-1.0,1.6606,87.7366,4.4335,93.8322,-1,0.0, -> [background only]
frame_001464,-1.0,1.294,87.2211,5.1525,93.669,-1,0.0, -> [background only]
frame_001465,-1.0,1.6707,87.6753,4.4916,93.839,-1,0.0, -> [background only]
frame_001466,-1.0,1.587,87.2138,4.3787,93.181,-1,0.0, -> [background only]
frame_001467,-1.0,1.5881,90.5533,4.4166,96.5592,-1,0.0, -> [background only]
frame_001468,-1.0,1.6435,87.5067,4.3811,93.5328,-1,0.0, -> [background only]
frame_001469,-1.0,1.7173,87.056,4.4025,93.1773,-1,0.0, -> [background only]
frame_001470,-1.0,1.6134,89.6911,4.3913,95.6973,-1,0.0, -> [background only]
frame_001471,-1.0,1.6976,88.0127,4.3069,94.0183,-1,0.0, -> [background only]
frame_001472,-1.0,1.6335,87.4788,4.4278,93.5415,-1,0.0, -> [background only]
frame_001473,-1.0,1.6071,90.6395,4.2678,96.516,-1,0.0, -> [background only]
frame_001474,-1.0,1.6594,91.3848,4.2661,97.3119,-1,0.0, -> [background only]
frame_001475,-1.0,1.7382,88.709,4.195,94.6436,-1,0.0, -> [background only]
frame_001476,-1.0,1.6695,90.9,4.3644,96.9353,-1,0.0, -> [background only]
frame_001477,-1.0,1.739,89.5492,4.2279,95.5176,-1,0.0, -> [background only]
frame_001478,-1.0,1.6475,88.6324,4.2645,94.5459,-1,0.0, -> [background only]
frame_001479,-1.0,1.7423,91.5329,4.2515,97.528,-1,0.0, -> [background only]
frame_001480,-1.0,1.6376,89.6204,4.3137,95.5731,-1,0.0, -> [background only]
frame_001481,-1.0,1.7049,89.1787,4.1291,95.0142,-1,0.0, -> [background only]
frame_001482,-1.0,1.6835,89.1743,4.2699,95.1291,-1,0.0, -> [background only]
frame_001483,-1.0,1.6159,90.9825,4.0761,96.6759,-1,0.0, -> [background only]
frame_001484,-1.0,1.7307,90.757,3.9827,96.4719,-1,0.0, -> [background only]
frame_001485,-1.0,1.6679,92.7642,4.2419,98.6752,-1,0.0, -> [background only]
frame_001486,-1.0,2.141,90.34,4.1912,96.6738,-1,0.0, -> [background only]
frame_001487,-1.0,1.6341,88.5866,4.2152,94.4377,-1,0.0, -> [background only]
frame_001488,-1.0,1.4531,90.9837,4.2599,96.6983,-1,0.0, -> [background only]
frame_001489,-1.0,1.7822,89.3782,4.3727,95.5346,-1,0.0, -> [background only]
frame_001490,-1.0,1.6105,87.8016,4.2924,93.7061,-1,0.0, -> [background only]
frame_001491,-1.0,1.5373,88.5063,4.286,94.3309,-1,0.0, -> [background only]
frame_001492,-1.0,1.5403,88.9599,4.1917,94.6934,-1,0.0, -> [background only]
frame_001493,-1.0,1.6157,88.0435,4.2619,93.9226,-1,0.0, -> [background only]
frame_001494,-1.0,1.5232,92.8072,5.3913,99.7231,-1,0.0, -> [background only]
frame_001495,-1.0,2.1238,91.5771,4.3728,98.0749,-1,0.0, -> [background only]
frame_001496,-1.0,1.6486,89.2109,4.2611,95.1218,-1,0.0, -> [background only]
frame_001497,-1.0,1.6585,89.8058,4.3187,95.7841,-1,0.0, -> [background only]
frame_001498,-1.0,1.7284,88.5257,4.1476,94.4034,-1,0.0, -> [background only]
frame_001499,-1.0,1.6732,88.6632,4.2632,94.6009,-1,0.0, -> [background only]
frame_001500,-1.0,1.3611,89.2545,4.2906,94.9076,-1,0.0, -> [background only]
frame_001501,-1.0,1.689,88.8643,4.1502,94.705,-1,0.0, -> [background only]
frame_001502,-1.0,1.664,88.7219,4.2152,94.6024,-1,0.0, -> [background only]
frame_001503,-1.0,1.4154,90.7875,4.2082,96.4126,-1,0.0, -> [background only]
frame_001504,-1.0,1.7278,88.8145,4.1559,94.6997,-1,0.0, -> [background only]
frame_001505,-1.0,1.6858,88.4801,4.3384,94.5058,-1,0.0, -> [background only]
frame_001506,-1.0,1.9198,91.1625,4.1351,97.2187,-1,0.0, -> [background only]
frame_001507,-1.0,1.7457,93.2833,4.2577,99.2881,-1,0.0, -> [background only]
frame_001508,-1.0,2.0373,88.5989,4.1033,94.7406,-1,0.0, -> [background only]
frame_001509,-1.0,1.7059,89.1508,4.4435,95.3019,-1,0.0, -> [background only]
frame_001510,-1.0,1.6526,88.629,5.3714,95.6542,-1,0.0, -> [background only]
frame_001511,-1.0,3.2977,88.7835,4.2211,96.3034,-1,0.0, -> [background only]
frame_001512,-1.0,1.665,91.5047,4.0571,97.2284,-1,0.0, -> [background only]
frame_001513,-1.0,1.7591,90.0845,4.1895,96.0346,-1,0.0, -> [background only]
frame_001514,-1.0,1.6765,89.9269,4.224,95.8287,-1,0.0, -> [background only]
frame_001515,-1.0,1.382,89.8379,4.0228,95.2439,-1,0.0, -> [background only]
frame_001516,-1.0,1.6732,90.9206,4.4416,97.0364,-1,0.0, -> [background only]
frame_001517,-1.0,1.6806,88.5798,4.2267,94.4887,-1,0.0, -> [background only]
frame_001518,-1.0,1.2968,90.2424,4.1385,95.679,-1,0.0, -> [background only]
frame_001519,-1.0,1.8546,89.32,4.3215,95.4974,-1,0.0, -> [background only]
frame_001520,-1.0,1.7086,88.0899,4.2957,94.0962,-1,0.0, -> [background only]
frame_001521,-1.0,1.6106,90.819,4.348,96.779,-1,0.0, -> [background only]
frame_001522,-1.0,1.7533,87.4961,4.4861,93.7371,-1,0.0, -> [background only]
frame_001523,-1.0,1.5638,87.8897,4.3761,93.8309,-1,0.0, -> [background only]
frame_001524,-1.0,1.3089,90.469,4.4228,96.2019,-1,0.0, -> [background only]
frame_001525,-1.0,1.7398,89.3741,4.4008,95.5158,-1,0.0, -> [background only]
frame_001526,-1.0,1.6383,87.3041,4.3118,93.2556,-1,0.0, -> [background only]
frame_001527,-1.0,1.3046,89.8463,4.4989,95.6509,-1,0.0, -> [background only]
frame_001528,-1.0,1.7308,88.43,4.0902,94.2526,-1,0.0, -> [background only]
frame_001529,-1.0,1.7225,89.5063,4.2207,95.451,-1,0.0, -> [background only]
frame_001530,-1.0,1.5789,91.4344,4.2984,97.3129,-1,0.0, -> [background only]
frame_001531,-1.0,1.686,90.1004,4.3345,96.1222,-1,0.0, -> [background only]
frame_001532,-1.0,1.5914,87.6033,4.4589,93.6552,-1,0.0, -> [background only]
frame_001533,-1.0,1.6607,88.822,4.2922,94.7767,-1,0.0, -> [background only]
frame_001534,-1.0,1.7001,88.7624,4.4831,94.9468,-1,0.0, -> [background only]
frame_001535,-1.0,1.6396,88.3387,4.4409,94.4206,-1,0.0, -> [background only]
frame_001536,-1.0,1.6113,89.4488,4.204,95.2656,-1,0.0, -> [background only]
frame_001537,-1.0,2.1539,88.6384,4.301,95.0945,-1,0.0, -> [background only]
frame_001538,-1.0,1.711,88.5799,4.3524,94.6447,-1,0.0, -> [background only]
frame_001539,-1.0,1.5963,90.8132,4.354,96.7649,-1,0.0, -> [background only]
frame_001540,-1.0,1.6859,88.8487,4.476,95.0121,-1,0.0, -> [background only]
frame_001541,-1.0,1.6317,88.1005,4.5177,94.2514,-1,0.0, -> [background only]
frame_001542,-1.0,1.6416,90.7161,4.3646,96.7237,-1,0.0, -> [background only]
frame_001543,-1.0,1.7523,88.3455,4.2474,94.3466,-1,0.0, -> [background only]
frame_001544,-1.0,3.0605,86.817,4.2991,94.1777,-1,0.0, -> [background only]
frame_001545,-1.0,1.2297,88.0001,4.354,93.5851,-1,0.0, -> [background only]
frame_001546,-1.0,1.4907,89.1595,4.4745,95.1262,-1,0.0, -> [background only]
frame_001547,-1.0,1.563,88.3064,4.3035,94.1746,-1,0.0, -> [background only]
frame_001548,-1.0,1.5747,89.1521,4.4084,95.1365,-1,0.0, -> [background only]
frame_001549,-1.0,1.5211,87.4317,4.3495,93.304,-1,0.0, -> [background only]
frame_001550,-1.0,1.579,87.8696,4.1854,93.6352,-1,0.0, -> [background only]
frame_001551,-1.0,1.52,88.1886,4.3466,94.0566,-1,0.0, -> [background only]
frame_001552,-1.0,1.5806,87.6231,5.4018,94.6068,-1,0.0, -> [background only]
frame_001553,-1.0,1.5274,88.4876,4.3246,94.3411,-1,0.0, -> [background only]
frame_001554,-1.0,1.5195,89.8988,4.3403,95.7599,-1,0.0, -> [background only]
frame_001555,-1.0,1.7167,88.4596,4.1987,94.3764,-1,0.0, -> [background only]
frame_001556,-1.0,1.5627,88.1378,4.2737,93.976,-1,0.0, -> [background only]
frame_001557,-1.0,1.2783,90.1393,5.5522,96.9711,-1,0.0, -> [background only]
frame_001558,-1.0,1.6898,88.2664,4.225,94.1827,-1,0.0, -> [background only]
frame_001559,-1.0,1.5393,87.4533,4.4186,93.4133,-1,0.0, -> [background only]
frame_001560,-1.0,1.4983,89.3797,4.3252,95.2047,-1,0.0, -> [background only]
frame_001561,-1.0,1.5416,88.7029,4.3374,94.5834,-1,0.0, -> [background only]
frame_001562,-1.0,1.5443,90.1724,4.4358,96.1538,-1,0.0, -> [background only]
frame_001563,-1.0,1.6948,92.0864,3.9178,97.7001,-1,0.0, -> [background only]
frame_001564,-1.0,1.5158,88.6556,4.2131,94.3856,-1,0.0, -> [background only]
frame_001565,-1.0,1.5106,88.1098,4.2485,93.8704,-1,0.0, -> [background only]
frame_001566,-1.0,1.5034,88.8269,4.3279,94.6593,-1,0.0, -> [background only]
frame_001567,-1.0,1.5152,87.3441,4.2928,93.1534,-1,0.0, -> [background only]
frame_001568,-1.0,1.5154,87.9426,4.2683,93.7274,-1,0.0, -> [background only]
frame_001569,-1.0,1.2651,86.7843,4.3736,92.4243,-1,0.0, -> [background only]
frame_001570,-1.0,1.5763,87.4794,4.3292,93.3864,-1,0.0, -> [background only]
frame_001571,-1.0,1.5666,87.2452,4.3576,93.1708,-1,0.0, -> [background only]
frame_001572,-1.0,1.5329,89.7713,4.3426,95.6482,-1,0.0, -> [background only]
frame_001573,-1.0,1.5597,87.9494,4.1893,93.6997,-1,0.0, -> [background only]
frame_001574,-1.0,1.5583,88.0045,4.3921,93.9562,-1,0.0, -> [background only]
frame_001575,-1.0,1.3281,89.0257,4.3039,94.6591,-1,0.0, -> [background only]
frame_001576,-1.0,1.5827,87.8708,4.2493,93.7042,-1,0.0, -> [background only]
frame_001577,-1.0,1.5687,88.0926,4.5377,94.2006,-1,0.0, -> [background only]
frame_001578,-1.0,1.3513,88.4565,4.265,94.0746,-1,0.0, -> [background only]
frame_001579,-1.0,1.5584,87.9904,4.4274,93.9776,-1,0.0, -> [background only]
frame_001580,-1.0,1.612,88.3344,4.4219,94.3698,-1,0.0, -> [background only]
frame_001581,-1.0,1.5718,89.4972,4.2564,95.3266,-1,0.0, -> [background only]
frame_001582,-1.0,1.5575,87.1655,4.3464,93.0709,-1,0.0, -> [background only]
frame_001583,-1.0,1.6093,88.3689,4.5192,94.4986,-1,0.0, -> [background only]
frame_001584,-1.0,1.6041,89.5233,4.5036,95.6326,-1,0.0, -> [background only]
frame_001585,-1.0,1.676,87.792,4.2659,93.7354,-1,0.0, -> [background only]
frame_001586,-1.0,1.583,87.5558,4.2974,93.4377,-1,0.0, -> [background only]
frame_001587,-1.0,1.5681,87.4676,4.2251,93.2622,-1,0.0, -> [background only]
frame_001588,-1.0,1.5781,87.6451,4.295,93.5199,-1,0.0, -> [background only]
frame_001589,-1.0,1.6135,89.6317,4.1189,95.3651,-1,0.0, -> [background only]
frame_001590,-1.0,1.5255,87.3654,4.1904,93.0828,-1,0.0, -> [tvmonitor (Right): 17%]
frame_001591,-1.0,1.5508,91.668,4.0359,97.2561,-1,0.0, -> [tvmonitor (Right): 35%]
frame_001592,-1.0,1.5563,88.8102,4.311,94.6788,-1,0.0, -> [tvmonitor (Right): 44%]
frame_001593,-1.0,1.3132,91.1069,4.3242,96.7455,-1,0.0, -> [tvmonitor (Right): 4%]
frame_001594,-1.0,1.5925,91.4736,4.0899,97.1575,-1,0.0, -> [background only]
frame_001595,-1.0,1.6333,89.5771,4.0555,95.2673,-1,0.0, -> [background only]
frame_001596,-1.0,1.5309,90.35,4.1152,95.9975,-1,0.0, -> [background only]
frame_001597,-1.0,1.5717,92.4315,4.145,98.1498,-1,0.0, -> [tvmonitor (Center): 1%]
frame_001598,-1.0,1.5659,89.3279,4.0898,94.9851,-1,0.0, -> [background only]
frame_001599,-1.0,1.5826,92.655,3.9417,98.1808,-1,0.0, -> [background only]
frame_001600,-1.0,1.6274,89.9668,4.1628,95.7586,-1,0.0, -> [background only]
frame_001601,-1.0,1.6035,89.5464,4.0367,95.1878,-1,0.0, -> [background only]
frame_001602,-1.0,1.3359,91.8417,4.2909,97.4699,-1,0.0, -> [background only]
frame_001603,-1.0,1.6841,92.1925,4.0169,97.8948,-1,0.0, -> [background only]
frame_001604,-1.0,1.6411,89.0288,4.1491,94.8203,-1,0.0, -> [background only]
frame_001605,-1.0,1.5599,89.6279,4.2458,95.4348,-1,0.0, -> [background only]
frame_001606,-1.0,1.571,89.2777,4.3341,95.1844,-1,0.0, -> [train (Center): 97%]
frame_001607,-1.0,1.6459,89.6594,4.3346,95.6412,-1,0.0, -> [train (Center): 99%]
frame_001608,-1.0,1.3108,89.4883,5.5823,96.3828,-1,0.0, -> [train (Center): 95%]
frame_001609,-1.0,1.7907,89.0892,4.296,95.1772,-1,0.0, -> [car (Center): 61%]
frame_001610,-1.0,1.6012,89.4651,4.0762,95.1437,-1,0.0, -> [background only]
frame_001611,-1.0,1.3757,89.8096,4.0093,95.1958,-1,0.0, -> [background only]
frame_001612,-1.0,1.5909,89.233,4.3813,95.2066,-1,0.0, -> [background only]
frame_001613,-1.0,1.5913,91.4653,4.0506,97.1088,-1,0.0, -> [background only]
frame_001614,-1.0,1.5933,89.5102,3.8668,94.9717,-1,0.0, -> [background only]
frame_001615,-1.0,1.5919,91.0276,4.063,96.6838,-1,0.0, -> [background only]
frame_001616,-1.0,1.6437,89.2538,4.0881,94.987,-1,0.0, -> [background only]
frame_001617,-1.0,1.5546,89.6966,4.1213,95.3738,-1,0.0, -> [chair (Right): 3%]
frame_001618,-1.0,1.6282,89.4381,4.34,95.4077,-1,0.0, -> [chair (Right): 3%]
frame_001619,-1.0,1.5465,89.3074,4.1608,95.0163,-1,0.0, -> [chair (Right): 4%]
frame_001620,-1.0,1.5858,88.8324,4.1826,94.6021,-1,0.0, -> [chair (Right): 2%]
frame_001621,-1.0,1.5523,89.4002,4.2039,95.1578,-1,0.0, -> [chair (Right): 1%]
frame_001622,-1.0,1.629,91.776,4.2187,97.625,-1,0.0, -> [chair (Right): 12%]
frame_001623,-1.0,1.6667,90.3221,4.2138,96.2038,-1,0.0, -> [chair (Right): 7%]
frame_001624,-1.0,1.632,90.1999,4.1664,95.9995,-1,0.0, -> [chair (Right): 12%]
frame_001625,-1.0,1.609,89.9857,4.1716,95.7681,-1,0.0, -> [chair (Center): 10%]
frame_001626,-1.0,1.6061,89.5962,4.2827,95.4866,-1,0.0, -> [chair (Center): 9%]
frame_001627,-1.0,1.6749,92.1932,4.1234,97.993,-1,0.0, -> [chair (Center): 9%]
frame_001628,-1.0,1.6953,89.4143,4.2478,95.3591,-1,0.0, -> [chair (Center): 9%]
frame_001629,-1.0,1.3887,89.4737,4.3217,95.1858,-1,0.0," -> [chair (Center): 9%, tvmonitor (Top): 1%]"
frame_001630,-1.0,1.5936,92.2729,4.1492,98.0173,-1,0.0," -> [chair (Left): 9%, tvmonitor (Top): 1%]"
frame_001631,-1.0,1.8897,90.0745,4.3165,96.2824,-1,0.0, -> [chair (Left): 7%]
frame_001632,-1.0,1.7799,91.5646,4.2725,97.6185,-1,0.0," -> [chair (Left): 7%, tvmonitor (Top): 2%]"
frame_001633,-1.0,1.5833,90.2797,4.27,96.1344,-1,0.0," -> [chair (Left): 10%, tvmonitor (Top): 3%]"
frame_001634,-1.0,1.7948,93.9748,4.2808,100.0519,-1,0.0," -> [chair (Left): 9%, tvmonitor (Top): 2%]"
frame_001635,-1.0,1.3383,88.1513,4.1662,93.6568,-1,0.0, -> [chair (Left): 4%]
frame_001636,-1.0,1.5163,90.362,4.2882,96.168,-1,0.0, -> [chair (Left): 5%]
frame_001637,-1.0,1.5777,90.0477,4.2773,95.9042,-1,0.0, -> [chair (Left): 1%]
frame_001638,-1.0,1.6622,91.9329,4.0969,97.6934,-1,0.0, -> [background only]
frame_001639,-1.0,1.6186,90.5493,4.1744,96.3435,-1,0.0, -> [background only]
frame_001640,-1.0,1.6411,92.0208,4.126,97.7893,-1,0.0, -> [background only]
frame_001641,-1.0,1.6336,89.888,3.9953,95.5181,-1,0.0, -> [background only]
frame_001642,-1.0,1.6563,92.7467,4.0275,98.4317,-1,0.0, -> [background only]
frame_001643,-1.0,1.6516,91.3829,4.2275,97.2633,-1,0.0, -> [car (Right): 1%]
frame_001644,-1.0,1.6122,90.748,4.1268,96.4883,-1,0.0, -> [background only]
frame_001645,-1.0,1.1668,90.7746,4.0884,96.0311,-1,0.0, -> [background only]
frame_001646,-1.0,1.7443,88.3064,4.2008,94.2532,-1,0.0, -> [background only]
frame_001647,-1.0,1.1154,93.904,4.2603,99.2809,-1,0.0, -> [chair (Left): 5%]
frame_001648,-1.0,1.703,92.609,4.2707,98.5844,-1,0.0, -> [chair (Left): 1%]
frame_001649,-1.0,2.1238,91.1711,4.1315,97.4278,-1,0.0, -> [background only]
frame_001650,-1.0,1.6269,90.6845,4.166,96.4789,-1,0.0, -> [background only]
frame_001651,-1.0,1.5651,91.3486,4.124,97.0389,-1,0.0, -> [background only]
frame_001652,-1.0,1.6206,94.469,4.2605,100.3512,-1,0.0, -> [chair (Left): 1%]
frame_001653,-1.0,1.6142,89.1152,4.2653,94.9961,-1,0.0, -> [chair (Left): 4%]
frame_001654,-1.0,1.5882,90.2606,4.1749,96.025,-1,0.0, -> [chair (Left): 2%]
frame_001655,-1.0,1.6181,90.624,4.269,96.5125,-1,0.0, -> [chair (Left): 2%]
frame_001656,-1.0,1.6928,90.2834,4.2308,96.2084,-1,0.0, -> [chair (Left): 4%]
frame_001657,-1.0,1.6309,91.4336,4.2007,97.2667,-1,0.0, -> [chair (Left): 9%]
frame_001658,-1.0,1.7396,89.8659,4.3029,95.9099,-1,0.0, -> [chair (Left): 3%]
frame_001659,-1.0,1.7412,90.5589,4.1226,96.4244,-1,0.0, -> [chair (Left): 11%]
frame_001660,-1.0,1.7053,89.6942,4.4414,95.8423,-1,0.0, -> [chair (Left): 14%]
frame_001661,-1.0,1.6933,91.6706,4.1376,97.503,-1,0.0, -> [chair (Left): 9%]
frame_001662,-1.0,1.4144,91.0662,4.1055,96.5874,-1,0.0, -> [chair (Left): 3%]
frame_001663,-1.0,1.4125,92.3351,4.2166,97.9654,-1,0.0, -> [chair (Left): 4%]
frame_001664,-1.0,1.7427,90.705,4.1549,96.6039,-1,0.0, -> [chair (Left): 8%]
frame_001665,-1.0,1.5388,90.2718,4.3558,96.1678,-1,0.0, -> [chair (Left): 9%]
frame_001666,-1.0,1.2434,91.2615,4.2464,96.7526,-1,0.0," -> [chair (Left): 4%, tvmonitor (Left): 1%]"
frame_001667,-1.0,1.399,90.3077,4.2975,96.0057,-1,0.0," -> [chair (Left): 3%, tvmonitor (Left): 3%]"
frame_001668,-1.0,1.1873,92.8423,4.3001,98.3308,-1,0.0," -> [chair (Left): 2%, tvmonitor (Left): 2%]"
frame_001669,-1.0,1.3934,89.7567,4.2824,95.4338,-1,0.0, -> [chair (Left): 5%]
frame_001670,-1.0,1.1805,90.0583,4.434,95.6741,-1,0.0," -> [chair (Left): 4%, tvmonitor (Bottom-Left): 1%]"
frame_001671,-1.0,2.4937,87.7497,4.2099,94.4548,-1,0.0," -> [chair (Left): 3%, tvmonitor (Left): 2%]"
frame_001672,-1.0,1.1485,93.753,4.3702,99.2731,-1,0.0," -> [chair (Left): 2%, tvmonitor (Left): 1%]"
frame_001673,-1.0,1.6657,92.1457,4.1181,97.9312,-1,0.0, -> [chair (Left): 5%]
frame_001674,-1.0,1.65,90.1293,4.1895,95.9703,-1,0.0, -> [chair (Left): 6%]
frame_001675,-1.0,1.3493,92.4177,5.3477,99.1161,-1,0.0, -> [chair (Left): 5%]
frame_001676,-1.0,1.758,89.6622,4.1533,95.5753,-1,0.0, -> [chair (Left): 4%]
frame_001677,-1.0,1.9328,92.3326,4.1044,98.3713,-1,0.0, -> [chair (Left): 6%]
frame_001678,-1.0,1.6638,90.4178,4.2752,96.3582,-1,0.0, -> [chair (Left): 6%]
frame_001679,-1.0,1.6568,92.0457,4.2992,98.0031,-1,0.0, -> [chair (Left): 6%]
frame_001680,-1.0,1.6401,90.2841,4.1556,96.0813,-1,0.0, -> [chair (Left): 6%]
frame_001681,-1.0,1.6522,90.3041,4.2753,96.233,-1,0.0, -> [chair (Left): 9%]
frame_001682,-1.0,1.6427,90.4757,4.1081,96.228,-1,0.0, -> [chair (Left): 8%]
frame_001683,-1.0,1.6201,91.1412,4.2679,97.0304,-1,0.0, -> [chair (Left): 9%]
frame_001684,-1.0,1.6483,93.3856,4.1372,99.1725,-1,0.0, -> [chair (Left): 10%]
frame_001685,-1.0,1.7547,90.3132,4.2791,96.3482,-1,0.0, -> [chair (Left): 10%]
frame_001686,-1.0,1.6104,92.902,4.3018,98.8156,-1,0.0, -> [chair (Left): 11%]
frame_001687,-1.0,1.7171,90.487,4.2428,96.4481,-1,0.0, -> [chair (Left): 9%]
frame_001688,-1.0,1.5942,91.6402,4.3434,97.5791,-1,0.0, -> [chair (Left): 10%]
frame_001689,-1.0,1.6667,90.0674,4.282,96.0174,-1,0.0, -> [chair (Left): 10%]
frame_001690,-1.0,1.6985,89.8106,4.1132,95.6239,-1,0.0, -> [chair (Left): 10%]
frame_001691,-1.0,1.6547,91.2127,4.7262,97.595,-1,0.0, -> [chair (Left): 6%]
frame_001692,-1.0,1.6485,90.6165,4.2482,96.5147,-1,0.0, -> [chair (Left): 4%]
frame_001693,-1.0,1.6614,90.8531,4.0667,96.5826,-1,0.0, -> [background only]
frame_001694,-1.0,1.6497,91.7522,4.2324,97.6358,-1,0.0, -> [chair (Left): 1%]
frame_001695,-1.0,1.584,90.2593,4.1753,96.0202,-1,0.0, -> [car (Bottom): 3%]
frame_001696,-1.0,1.666,92.0002,4.1847,97.8525,-1,0.0, -> [car (Bottom): 3%]
frame_001697,-1.0,1.6251,90.2493,4.3187,96.1946,-1,0.0, -> [car (Bottom-Left): 4%]
frame_001698,-1.0,1.6068,92.2347,4.0765,97.9197,-1,0.0, -> [chair (Right): 1%]
frame_001699,-1.0,1.6633,90.3694,4.1126,96.1467,-1,0.0, -> [chair (Right): 1%]
frame_001700,-1.0,1.6505,90.3364,4.1903,96.1788,-1,0.0, -> [chair (Right): 1%]
frame_001701,-1.0,1.644,91.4035,4.1957,97.2445,-1,0.0, -> [chair (Center): 1%]
frame_001702,-1.0,1.6069,90.2697,4.2749,96.1529,-1,0.0, -> [chair (Center): 1%]
frame_001703,-1.0,1.6504,92.611,4.0178,98.2806,-1,0.0, -> [background only]
frame_001704,-1.0,1.6828,90.1754,3.9506,95.8104,-1,0.0, -> [background only]
frame_001705,-1.0,1.6277,92.8866,4.1577,98.6733,-1,0.0, -> [chair (Center): 1%]
frame_001706,-1.0,1.6589,90.2746,4.3436,96.2784,-1,0.0," -> [chair (Center): 1%, person (Right): 1%]"
frame_001707,-1.0,1.7528,91.4879,4.1972,97.4392,-1,0.0, -> [chair (Left): 1%]
frame_001708,-1.0,1.593,90.7979,4.3825,96.7747,-1,0.0," -> [chair (Left): 1%, person (Center): 1%]"
frame_001709,-1.0,1.3791,92.7358,4.3021,98.4182,-1,0.0, -> [chair (Left): 1%]
frame_001710,-1.0,1.1836,90.5234,4.2355,95.9437,-1,0.0, -> [chair (Left): 1%]
frame_001711,-1.0,1.625,89.6356,4.2441,95.506,-1,0.0, -> [chair (Center): 4%]
frame_001712,-1.0,4.0139,91.6244,4.2075,99.847,-1,0.0, -> [chair (Center): 4%]
frame_001713,-1.0,1.6083,90.8925,4.296,96.7979,-1,0.0, -> [chair (Center): 5%]
frame_001714,-1.0,1.7463,92.9753,5.5663,100.2891,-1,0.0, -> [chair (Center): 4%]
frame_001715,-1.0,1.6449,88.9898,4.1335,94.7698,-1,0.0, -> [chair (Left): 2%]
frame_001716,-1.0,1.6023,89.0516,4.1877,94.8427,-1,0.0, -> [chair (Center): 6%]
frame_001717,-1.0,1.5503,91.6232,4.1864,97.3613,-1,0.0, -> [chair (Center): 6%]
frame_001718,-1.0,1.5988,89.3784,4.1517,95.1308,-1,0.0, -> [chair (Center): 4%]
frame_001719,-1.0,1.5764,90.0799,4.1955,95.8536,-1,0.0, -> [chair (Center): 3%]
frame_001720,-1.0,1.362,89.9603,4.1813,95.5052,-1,0.0, -> [chair (Center): 4%]
frame_001721,-1.0,1.6791,90.1304,4.1789,95.9899,-1,0.0," -> [chair (Center): 6%, pottedplant (Left): 1%]"
frame_001722,-1.0,1.6003,90.3281,4.281,96.2108,-1,0.0, -> [chair (Center): 6%]
frame_001723,-1.0,1.641,91.9362,4.2081,97.7867,-1,0.0, -> [chair (Center): 7%]
frame_001724,-1.0,1.6282,90.1128,4.3145,96.0569,-1,0.0, -> [chair (Center): 7%]
frame_001725,-1.0,1.7782,89.7369,4.0906,95.6072,-1,0.0, -> [chair (Center): 5%]
frame_001726,-1.0,1.63,90.209,4.2536,96.0938,-1,0.0, -> [chair (Left): 3%]
frame_001727,-1.0,1.5368,90.089,4.2242,95.8512,-1,0.0, -> [chair (Left): 5%]
frame_001728,-1.0,1.6696,92.7191,4.2038,98.5939,-1,0.0, -> [chair (Center): 5%]
frame_001729,-1.0,1.6692,90.2026,4.2004,96.0734,-1,0.0, -> [chair (Left): 3%]
frame_001730,-1.0,1.6305,91.4872,4.1542,97.2732,-1,0.0, -> [chair (Left): 3%]
frame_001731,-1.0,1.6219,90.9257,4.0675,96.6167,-1,0.0, -> [chair (Left): 7%]
frame_001732,-1.0,1.6723,92.4044,4.2627,98.3407,-1,0.0, -> [chair (Left): 5%]
frame_001733,-1.0,1.7901,91.9084,4.1812,97.8814,-1,0.0, -> [chair (Left): 5%]
frame_001734,-1.0,1.6935,91.6354,4.1742,97.5045,-1,0.0, -> [chair (Center): 7%]
frame_001735,-1.0,1.7017,90.4943,4.1359,96.3334,-1,0.0, -> [chair (Left): 4%]
frame_001736,-1.0,1.6316,92.2665,4.2395,98.139,-1,0.0, -> [chair (Left): 4%]
frame_001737,-1.0,1.6676,90.8421,4.1837,96.6948,-1,0.0, -> [chair (Left): 3%]
frame_001738,-1.0,3.031,90.1361,4.1278,97.2963,-1,0.0, -> [chair (Left): 3%]
frame_001739,-1.0,1.6266,90.2736,4.1606,96.0622,-1,0.0, -> [chair (Left): 3%]
frame_001740,-1.0,1.6572,89.8301,4.2878,95.7764,-1,0.0, -> [chair (Left): 2%]
frame_001741,-1.0,1.3777,89.8619,4.1126,95.3533,-1,0.0, -> [chair (Left): 2%]
frame_001742,-1.0,1.6252,92.8517,4.2249,98.7033,-1,0.0, -> [chair (Left): 3%]
frame_001743,-1.0,1.645,90.9121,4.2851,96.8434,-1,0.0, -> [chair (Left): 2%]
frame_001744,-1.0,1.7959,91.0301,4.3174,97.1447,-1,0.0, -> [chair (Left): 3%]
frame_001745,-1.0,1.1596,91.1291,4.201,96.4909,-1,0.0, -> [chair (Left): 1%]
frame_001746,-1.0,1.7753,90.1666,4.0827,96.0261,-1,0.0, -> [chair (Left): 1%]
frame_001747,-1.0,1.6761,90.1304,4.1201,95.928,-1,0.0, -> [chair (Left): 1%]
frame_001748,-1.0,1.6606,91.7489,4.166,97.577,-1,0.0, -> [chair (Left): 1%]
frame_001749,-1.0,1.6674,90.9098,4.2,96.7784,-1,0.0, -> [chair (Left): 1%]
frame_001750,-1.0,1.6604,90.3794,4.0688,96.1099,-1,0.0, -> [background only]
frame_001751,-1.0,1.6408,90.7746,4.0999,96.5168,-1,0.0, -> [background only]
frame_001752,-1.0,1.4431,90.1299,4.0244,95.5984,-1,0.0, -> [background only]
frame_001753,-1.0,1.6693,93.6963,4.1522,99.519,-1,0.0, -> [background only]
frame_001754,-1.0,1.6741,90.9556,4.1521,96.7832,-1,0.0, -> [background only]
frame_001755,-1.0,1.6943,90.1965,4.0228,95.9149,-1,0.0, -> [background only]
frame_001756,-1.0,1.7965,91.0598,4.1221,96.9795,-1,0.0, -> [background only]
frame_001757,-1.0,1.403,90.7899,4.2771,96.4714,-1,0.0, -> [chair (Center): 1%]
frame_001758,-1.0,1.6669,88.7715,4.2311,94.6709,-1,0.0, -> [background only]
frame_001759,-1.0,1.638,89.3109,4.2738,95.2241,-1,0.0, -> [chair (Left): 1%]
frame_001760,-1.0,1.6817,88.6279,4.2459,94.557,-1,0.0, -> [background only]
frame_001761,-1.0,1.3022,88.5113,4.4536,94.2686,-1,0.0, -> [chair (Left): 1%]
frame_001762,-1.0,1.6178,90.7017,4.3281,96.649,-1,0.0, -> [chair (Left): 3%]
frame_001763,-1.0,1.6442,89.1055,4.9477,95.6991,-1,0.0, -> [chair (Left): 2%]
frame_001764,-1.0,1.6817,89.4805,4.381,95.5445,-1,0.0, -> [chair (Center): 7%]
frame_001765,-1.0,1.4397,89.9209,4.5357,95.8976,-1,0.0, -> [chair (Left): 1%]
frame_001766,-1.0,1.6541,91.5104,4.4154,97.5813,-1,0.0, -> [chair (Left): 2%]
frame_001767,-1.0,1.69,89.4362,4.2867,95.4143,-1,0.0, -> [chair (Left): 2%]
frame_001768,-1.0,1.6524,88.1547,4.2781,94.0864,-1,0.0, -> [chair (Left): 5%]
frame_001769,-1.0,1.3325,89.118,4.3716,94.8235,-1,0.0, -> [chair (Left): 2%]
frame_001770,-1.0,1.6724,89.4281,4.1733,95.2753,-1,0.0, -> [background only]
frame_001771,-1.0,1.3812,88.6783,4.1329,94.1939,-1,0.0, -> [background only]
frame_001772,-1.0,1.6401,90.8542,4.3014,96.797,-1,0.0, -> [background only]
frame_001773,-1.0,1.6307,88.7845,4.2509,94.6676,-1,0.0, -> [background only]
frame_001774,-1.0,1.6356,89.1146,4.2804,95.032,-1,0.0, -> [chair (Center): 4%]
frame_001775,-1.0,1.3952,88.8697,4.2247,94.491,-1,0.0, -> [chair (Center): 7%]
frame_001776,-1.0,1.7179,90.6529,4.2272,96.5995,-1,0.0, -> [background only]
frame_001777,-1.0,1.6423,88.506,4.3071,94.4567,-1,0.0, -> [background only]
frame_001778,-1.0,1.612,91.0528,4.1978,96.864,-1,0.0, -> [background only]
frame_001779,-1.0,1.5994,88.252,4.3019,94.1546,-1,0.0, -> [chair (Center): 6%]
frame_001780,-1.0,1.6337,88.6268,4.4295,94.6912,-1,0.0, -> [chair (Center): 4%]
frame_001781,-1.0,1.6286,89.5244,4.2043,95.3586,-1,0.0, -> [background only]
frame_001782,-1.0,1.3152,89.7149,4.2983,95.3301,-1,0.0, -> [background only]
frame_001783,-1.0,1.663,88.6555,4.2533,94.5731,-1,0.0, -> [background only]
frame_001784,-1.0,1.6708,89.9462,4.1105,95.7292,-1,0.0, -> [background only]
frame_001785,-1.0,1.5797,88.6843,4.2739,94.5393,-1,0.0, -> [background only]
frame_001786,-1.0,1.7658,92.5426,4.1617,98.4712,-1,0.0, -> [background only]
frame_001787,-1.0,1.5044,86.6947,4.3933,92.5934,-1,0.0, -> [background only]
frame_001788,-1.0,1.5371,88.2499,4.6373,94.4253,-1,0.0, -> [chair (Center): 1%]
frame_001789,-1.0,1.6168,87.1788,4.5676,93.3645,-1,0.0, -> [background only]
frame_001790,-1.0,1.6104,87.4979,4.5516,93.6613,-1,0.0, -> [background only]
frame_001791,-1.0,1.5651,89.41,4.4085,95.385,-1,0.0, -> [background only]
frame_001792,-1.0,1.6477,87.3953,4.5725,93.6171,-1,0.0, -> [background only]
frame_001793,-1.0,1.2328,88.2098,4.4961,93.9403,-1,0.0, -> [chair (Center): 7%]
frame_001794,-1.0,1.5923,89.0961,4.5456,95.2355,-1,0.0, -> [chair (Center): 15%]
frame_001795,-1.0,1.5703,88.579,4.4937,94.6441,-1,0.0, -> [chair (Right): 35%]
frame_001796,-1.0,1.5961,89.2184,4.4813,95.2974,-1,0.0, -> [chair (Center): 11%]
frame_001797,-1.0,1.6083,87.634,4.6954,93.939,-1,0.0, -> [chair (Center): 13%]
frame_001798,-1.0,1.617,88.5401,4.6074,94.7659,-1,0.0, -> [chair (Center): 27%]
frame_001799,-1.0,1.5895,90.1845,4.4677,96.2428,-1,0.0, -> [chair (Center): 37%]
frame_001800,-1.0,1.6792,87.9009,4.5945,94.1759,-1,0.0, -> [chair (Center): 23%]
frame_001801,-1.0,1.293,87.7644,4.4771,93.5359,-1,0.0, -> [chair (Center): 29%]
frame_001802,-1.0,1.5725,89.4732,4.6427,95.6896,-1,0.0, -> [chair (Center): 45%]
frame_001803,-1.0,1.6449,87.4997,4.6157,93.7617,-1,0.0, -> [chair (Center): 53%]
frame_001804,-1.0,1.6252,87.726,4.4019,93.7545,-1,0.0, -> [chair (Right): 49%]
frame_001805,-1.0,1.559,89.4714,4.9056,95.9372,-1,0.0, -> [chair (Center): 20%]
frame_001806,-1.0,1.7457,87.8052,4.6244,94.1769,-1,0.0, -> [chair (Right): 42%]
frame_001807,-1.0,1.2981,88.2729,4.5797,94.152,-1,0.0, -> [chair (Right): 36%]
frame_001808,-1.0,1.5755,87.5565,4.6981,93.8314,-1,0.0, -> [chair (Right): 40%]
frame_001809,-1.0,1.6274,87.1041,4.4539,93.1866,-1,0.0, -> [chair (Right): 39%]
frame_001810,-1.0,1.5925,89.8615,4.5511,96.0062,-1,0.0, -> [chair (Right): 37%]
frame_001811,-1.0,1.6042,87.9933,4.6206,94.2195,-1,0.0, -> [chair (Right): 34%]
frame_001812,-1.0,1.2685,87.8383,4.6856,93.7941,-1,0.0, -> [chair (Center): 28%]
frame_001813,-1.0,1.6127,88.0776,4.5524,94.2442,-1,0.0, -> [chair (Right): 27%]
frame_001814,-1.0,1.5734,87.7808,4.2832,93.6385,-1,0.0, -> [chair (Center): 21%]
frame_001815,-1.0,1.5298,87.4133,4.6324,93.577,-1,0.0, -> [chair (Center): 22%]
frame_001816,-1.0,1.5471,86.6807,4.5951,92.8242,-1,0.0, -> [chair (Center): 20%]
frame_001817,-1.0,1.5486,90.077,4.6344,96.2615,-1,0.0, -> [chair (Center): 18%]
frame_001818,-1.0,1.632,88.1631,4.4671,94.2635,-1,0.0, -> [chair (Left): 9%]
frame_001819,-1.0,1.2978,87.0785,4.5316,92.909,-1,0.0, -> [chair (Center): 10%]
frame_001820,-1.0,1.2526,88.1192,4.6024,93.9753,-1,0.0, -> [chair (Center): 10%]
frame_001821,-1.0,1.3293,84.7344,4.7324,90.7972,-1,0.0, -> [chair (Center): 12%]
frame_001822,-1.0,0.9789,83.6589,4.525,89.1642,-1,0.0, -> [chair (Center): 12%]
frame_001823,-1.0,0.9347,93.4221,4.5397,98.8976,-1,0.0, -> [chair (Center): 10%]
frame_001824,-1.0,1.6933,89.5985,4.4818,95.7747,-1,0.0, -> [chair (Center): 12%]
frame_001825,-1.0,1.7412,87.8914,4.4822,94.116,-1,0.0, -> [chair (Center): 11%]
frame_001826,-1.0,1.5876,88.9145,4.5876,95.0912,-1,0.0, -> [chair (Center): 12%]
frame_001827,-1.0,1.3556,88.372,4.4292,94.1581,-1,0.0, -> [chair (Center): 11%]
frame_001828,-1.0,1.5693,89.3342,4.5454,95.4501,-1,0.0, -> [chair (Center): 12%]
frame_001829,-1.0,1.699,87.5142,4.748,93.9624,-1,0.0, -> [chair (Center): 13%]
frame_001830,-1.0,1.6583,89.5833,4.5207,95.7635,-1,0.0, -> [chair (Center): 11%]
frame_001831,-1.0,1.6581,87.906,4.6631,94.2282,-1,0.0, -> [chair (Center): 12%]
frame_001832,-1.0,1.6404,87.7049,4.5025,93.8495,-1,0.0, -> [chair (Right): 12%]
frame_001833,-1.0,1.5863,87.8539,4.5168,93.9582,-1,0.0, -> [chair (Right): 11%]
frame_001834,-1.0,1.6178,90.1312,4.5118,96.2622,-1,0.0, -> [chair (Right): 12%]
frame_001835,-1.0,1.665,87.8167,4.5806,94.0635,-1,0.0, -> [chair (Right): 12%]
frame_001836,-1.0,1.2968,86.812,4.4641,92.5743,-1,0.0, -> [chair (Right): 12%]
frame_001837,-1.0,1.595,90.1455,4.4957,96.2378,-1,0.0, -> [chair (Right): 13%]
frame_001838,-1.0,1.6183,87.6403,4.5711,93.8312,-1,0.0, -> [chair (Right): 12%]
frame_001839,-1.0,1.5617,88.0739,4.5212,94.1582,-1,0.0, -> [chair (Right): 10%]
frame_001840,-1.0,1.5721,88.8226,4.5294,94.9254,-1,0.0, -> [chair (Right): 8%]
frame_001841,-1.0,1.6211,87.9992,4.4843,94.1059,-1,0.0, -> [chair (Right): 9%]
frame_001842,-1.0,1.5251,87.9711,4.4726,93.9707,-1,0.0, -> [chair (Right): 11%]
frame_001843,-1.0,1.3566,88.5782,4.5634,94.4995,-1,0.0, -> [chair (Right): 11%]
frame_001844,-1.0,1.6371,89.5389,4.5353,95.7129,-1,0.0, -> [chair (Right): 9%]
frame_001845,-1.0,1.525,87.6958,5.7075,94.9295,-1,0.0, -> [chair (Right): 8%]
frame_001846,-1.0,1.7046,87.8391,4.6503,94.196,-1,0.0, -> [chair (Right): 7%]
frame_001847,-1.0,1.5067,87.7015,4.3334,93.543,-1,0.0, -> [chair (Right): 12%]
frame_001848,-1.0,1.6051,87.323,4.3681,93.2974,-1,0.0, -> [chair (Right): 13%]
frame_001849,-1.0,2.7449,87.8394,4.4083,94.9941,-1,0.0, -> [chair (Right): 11%]
frame_001850,-1.0,1.6812,85.5371,4.5553,91.775,-1,0.0, -> [chair (Right): 10%]
frame_001851,-1.0,1.0073,93.8239,4.4846,99.3169,-1,0.0, -> [chair (Right): 8%]
frame_001852,-1.0,1.6125,90.2391,4.5596,96.4123,-1,0.0, -> [chair (Right): 15%]
frame_001853,-1.0,1.6315,88.5287,4.5042,94.6657,-1,0.0, -> [chair (Right): 14%]
frame_001854,-1.0,1.6392,90.7886,4.5402,96.9696,-1,0.0," -> [bicycle (Right): 3%, chair (Right): 5%]"
frame_001855,-1.0,1.6113,88.8741,4.5364,95.0231,-1,0.0," -> [bicycle (Right): 4%, chair (Top-Right): 3%]"
frame_001856,-1.0,1.6235,89.8494,5.8023,97.2765,-1,0.0," -> [bicycle (Right): 6%, chair (Top-Right): 2%]"
frame_001857,-1.0,1.6221,88.5098,4.4044,94.5377,-1,0.0," -> [bicycle (Right): 4%, chair (Right): 5%]"
frame_001858,-1.0,1.588,88.0391,4.5593,94.1879,-1,0.0," -> [bicycle (Right): 12%, chair (Top-Right): 1%]"
frame_001859,-1.0,1.5764,88.6603,4.5193,94.7574,-1,0.0, -> [bicycle (Right): 14%]
frame_001860,-1.0,1.606,91.0009,4.548,97.1563,-1,0.0, -> [bicycle (Right): 25%]
frame_001861,-1.0,1.6744,88.5847,4.3945,94.655,-1,0.0, -> [bicycle (Right): 23%]
frame_001862,-1.0,1.292,89.7025,4.5237,95.5196,-1,0.0, -> [bicycle (Right): 21%]
frame_001863,-1.0,1.5843,89.4987,4.4373,95.5219,-1,0.0, -> [bicycle (Right): 21%]
frame_001864,-1.0,1.6575,88.0775,4.1421,93.8786,-1,0.0, -> [bicycle (Right): 16%]
frame_001865,-1.0,1.3397,90.4214,4.4409,96.2038,-1,0.0, -> [bicycle (Right): 19%]
frame_001866,-1.0,1.6375,88.2258,4.3258,94.1906,-1,0.0, -> [bicycle (Right): 15%]
frame_001867,-1.0,1.596,88.5941,4.8369,95.0283,-1,0.0," -> [bicycle (Right): 12%, chair (Top-Right): 2%]"
frame_001868,-1.0,1.6648,89.1945,4.4069,95.2675,-1,0.0, -> [bicycle (Right): 19%]
frame_001869,-1.0,1.5836,88.6737,4.4557,94.7144,-1,0.0," -> [bicycle (Right): 9%, chair (Top-Right): 2%]"
frame_001870,-1.0,1.2731,88.6263,4.5876,94.4881,-1,0.0," -> [bicycle (Right): 12%, chair (Top-Right): 1%]"
frame_001871,-1.0,1.6015,89.2443,4.4611,95.3083,-1,0.0," -> [bicycle (Right): 9%, chair (Top-Right): 3%]"
frame_001872,-1.0,1.5909,88.8721,4.5317,94.996,-1,0.0, -> [bicycle (Right): 18%]
frame_001873,-1.0,1.5602,89.0931,4.5148,95.1694,-1,0.0, -> [bicycle (Right): 21%]
frame_001874,-1.0,1.6375,90.6554,4.3859,96.68,-1,0.0," -> [bicycle (Right): 8%, chair (Top-Right): 4%]"
frame_001875,-1.0,1.6513,88.7983,4.634,95.0847,-1,0.0," -> [bicycle (Right): 7%, chair (Top-Right): 5%]"
frame_001876,-1.0,1.6915,88.2284,4.4795,94.4006,-1,0.0," -> [bicycle (Right): 6%, chair (Right): 7%]"
frame_001877,-1.0,1.0815,85.4482,4.4469,90.978,-1,0.0, -> [bicycle (Right): 18%]
frame_001878,-1.0,0.9932,85.0237,4.5518,90.5698,-1,0.0," -> [bicycle (Right): 10%, chair (Right): 4%]"
frame_001879,-1.0,0.9744,92.9253,4.7332,98.634,-1,0.0," -> [bicycle (Right): 2%, chair (Right): 12%]"
frame_001880,-1.0,1.6292,88.1969,4.5513,94.3786,-1,0.0," -> [bicycle (Right): 5%, chair (Right): 7%]"
frame_001881,-1.0,1.5644,88.4163,4.5572,94.5394,-1,0.0," -> [bicycle (Right): 3%, chair (Right): 8%]"
frame_001882,-1.0,1.686,89.3708,4.2033,95.2616,-1,0.0, -> [chair (Right): 13%]
frame_001883,-1.0,1.7186,91.8639,4.2416,97.8254,-1,0.0," -> [bicycle (Right): 3%, chair (Right): 4%]"
frame_001884,-1.0,1.535,89.7983,4.2578,95.5924,-1,0.0," -> [bicycle (Right): 4%, motorbike (Right): 6%]"
frame_001885,-1.0,1.6113,91.8824,3.9863,97.4814,-1,0.0, -> [background only]
frame_001886,-1.0,1.6886,90.3972,4.1028,96.1899,-1,0.0, -> [background only]
frame_001887,-1.0,1.6149,91.6222,4.1126,97.351,-1,0.0, -> [background only]
frame_001888,-1.0,1.6868,90.9018,4.1108,96.7006,-1,0.0, -> [background only]
frame_001889,-1.0,1.698,92.4074,4.1282,98.2348,-1,0.0, -> [background only]
frame_001890,-1.0,1.6514,89.9603,4.0879,95.7008,-1,0.0, -> [background only]
frame_001891,-1.0,1.6278,93.202,4.3283,99.1593,-1,0.0, -> [background only]
frame_001892,-1.0,1.5683,89.0304,4.4047,95.005,-1,0.0, -> [background only]
frame_001893,-1.0,1.7311,90.4274,4.247,96.4068,-1,0.0, -> [background only]
frame_001894,-1.0,1.5025,88.066,4.5249,94.0948,-1,0.0, -> [background only]
frame_001895,-1.0,1.6476,89.1314,4.2498,95.03,-1,0.0, -> [background only]
frame_001896,-1.0,1.787,88.6449,4.0631,94.4964,-1,0.0, -> [background only]
frame_001897,-1.0,1.5582,88.4268,4.3843,94.3705,-1,0.0, -> [background only]
frame_001898,-1.0,1.591,88.9112,4.2616,94.7651,-1,0.0, -> [background only]
frame_001899,-1.0,1.5968,89.6841,4.3932,95.6755,-1,0.0, -> [background only]
frame_001900,-1.0,1.6444,88.7762,4.5293,94.9514,-1,0.0, -> [background only]
frame_001901,-1.0,1.4121,88.5687,4.1905,94.1726,-1,0.0, -> [background only]
frame_001902,-1.0,1.563,89.8115,4.5294,95.9054,-1,0.0, -> [background only]
frame_001903,-1.0,1.7088,88.8192,4.4458,94.9753,-1,0.0, -> [background only]
frame_001904,-1.0,1.6503,87.9815,4.4178,94.0509,-1,0.0, -> [background only]
frame_001905,-1.0,1.2875,88.2087,4.5017,93.9995,-1,0.0, -> [background only]
frame_001906,-1.0,1.5994,88.5508,4.5176,94.6696,-1,0.0, -> [background only]
frame_001907,-1.0,1.6458,88.2135,4.5218,94.3831,-1,0.0, -> [background only]
frame_001908,-1.0,1.6354,88.1186,4.4059,94.1618,-1,0.0, -> [background only]
frame_001909,-1.0,1.8919,88.6453,4.408,94.9471,-1,0.0, -> [background only]
frame_001910,-1.0,1.5154,87.4475,4.3411,93.3053,-1,0.0, -> [background only]
frame_001911,-1.0,1.531,86.8206,4.3644,92.7171,-1,0.0, -> [background only]
frame_001912,-1.0,2.9487,88.0408,4.3967,95.3879,-1,0.0, -> [background only]
frame_001913,-1.0,1.5836,87.6438,4.4139,93.6426,-1,0.0, -> [background only]
frame_001914,-1.0,1.5099,87.8454,4.4478,93.8044,-1,0.0, -> [background only]
frame_001915,-1.0,1.539,88.4753,4.3818,94.3977,-1,0.0, -> [background only]
frame_001916,-1.0,1.5532,87.4426,4.4827,93.4798,-1,0.0, -> [background only]
frame_001917,-1.0,1.571,87.5586,4.3691,93.4999,-1,0.0, -> [background only]
frame_001918,-1.0,1.3232,87.0224,4.2546,92.6014,-1,0.0, -> [background only]
frame_001919,-1.0,1.5142,89.4116,4.2963,95.2234,-1,0.0, -> [background only]
frame_001920,-1.0,1.5397,87.885,4.4119,93.8382,-1,0.0, -> [background only]
frame_001921,-1.0,1.6007,87.8506,4.2198,93.6723,-1,0.0, -> [background only]
frame_001922,-1.0,1.2975,84.8254,4.5245,90.6488,-1,0.0, -> [background only]
frame_001923,-1.0,4.232,90.9163,4.3023,99.4524,-1,0.0, -> [background only]
frame_001924,-1.0,1.5315,88.4127,4.2927,94.2382,-1,0.0, -> [background only]
frame_001925,-1.0,1.598,89.3852,4.2607,95.2451,-1,0.0, -> [background only]
frame_001926,-1.0,1.5961,87.7613,4.2342,93.5929,-1,0.0, -> [background only]
frame_001927,-1.0,1.6333,90.38,4.2539,96.2685,-1,0.0, -> [background only]
frame_001928,-1.0,1.7824,88.2673,4.3367,94.3879,-1,0.0, -> [background only]
frame_001929,-1.0,1.582,89.6008,4.2838,95.4682,-1,0.0, -> [background only]
frame_001930,-1.0,1.6075,88.4529,4.2687,94.3305,-1,0.0, -> [background only]
frame_001931,-1.0,1.6403,88.4118,5.3712,95.4247,-1,0.0, -> [car (Left): 2%]
frame_001932,-1.0,1.7578,90.0718,4.3282,96.1591,-1,0.0, -> [background only]
frame_001933,-1.0,1.6428,88.6442,4.2103,94.4987,-1,0.0, -> [background only]
frame_001934,-1.0,1.2445,87.8492,4.2629,93.358,-1,0.0, -> [background only]
frame_001935,-1.0,2.7976,90.6769,4.2413,97.7171,-1,0.0, -> [background only]
frame_001936,-1.0,1.5756,89.1336,4.331,95.0414,-1,0.0, -> [background only]
frame_001937,-1.0,1.6084,90.3847,4.3927,96.387,-1,0.0, -> [background only]
frame_001938,-1.0,1.6014,88.8464,4.2311,94.6804,-1,0.0, -> [background only]
frame_001939,-1.0,1.5821,89.1222,4.2265,94.9323,-1,0.0, -> [background only]
frame_001940,-1.0,1.5339,90.9495,4.2272,96.7117,-1,0.0, -> [background only]
frame_001941,-1.0,1.5182,88.4673,4.2231,94.2099,-1,0.0, -> [background only]
frame_001942,-1.0,1.6209,90.0322,4.8983,96.5526,-1,0.0, -> [tvmonitor (Top): 1%]
frame_001943,-1.0,2.2605,87.8235,4.4687,94.5539,-1,0.0, -> [tvmonitor (Top): 1%]
frame_001944,-1.0,1.6156,90.4584,4.2646,96.3399,-1,0.0, -> [tvmonitor (Top): 5%]
frame_001945,-1.0,1.5229,88.3285,4.4993,94.3522,-1,0.0, -> [tvmonitor (Top-Right): 15%]
frame_001946,-1.0,1.5615,87.6217,4.5814,93.7657,-1,0.0," -> [chair (Left): 5%, tvmonitor (Top-Right): 1%]"
frame_001947,-1.0,1.5537,88.9646,4.3496,94.8693,-1,0.0, -> [chair (Left): 13%]
frame_001948,-1.0,1.5275,89.1508,4.4262,95.1056,-1,0.0, -> [chair (Left): 17%]
frame_001949,-1.0,1.6339,88.1336,4.4106,94.1799,-1,0.0, -> [chair (Left): 18%]
frame_001950,-1.0,1.5808,88.4024,4.469,94.4534,-1,0.0, -> [chair (Left): 21%]
frame_001951,-1.0,1.2658,90.0034,4.4472,95.718,-1,0.0, -> [chair (Left): 20%]
frame_001952,-1.0,1.6834,88.9108,4.4586,95.0543,-1,0.0, -> [chair (Left): 19%]
frame_001953,-1.0,1.5628,88.7092,4.3702,94.6436,-1,0.0, -> [chair (Center): 23%]
frame_001954,-1.0,1.5597,90.6707,4.6324,96.8641,-1,0.0, -> [chair (Center): 27%]
frame_001955,-1.0,1.6564,89.9075,4.3733,95.9388,-1,0.0, -> [chair (Center): 30%]
frame_001956,-1.0,1.5911,88.1501,4.4625,94.2053,-1,0.0, -> [chair (Center): 31%]
frame_001957,-1.0,1.5806,88.184,4.5743,94.3404,-1,0.0, -> [chair (Center): 28%]
frame_001958,-1.0,1.5161,88.8582,4.4984,94.8741,-1,0.0, -> [chair (Center): 29%]
frame_001959,-1.0,1.6434,90.1279,4.3076,96.0803,-1,0.0, -> [chair (Center): 30%]
frame_001960,-1.0,1.6831,89.2106,4.3617,95.2567,-1,0.0, -> [chair (Center): 27%]
frame_001961,-1.0,1.334,85.2525,4.4556,91.0436,-1,0.0, -> [chair (Right): 34%]
frame_001962,-1.0,1.0158,83.9834,5.5492,90.5498,-1,0.0, -> [chair (Right): 27%]
frame_001963,-1.0,1.1323,94.9522,4.5253,100.6115,-1,0.0, -> [chair (Right): 25%]
frame_001964,-1.0,1.6414,89.0867,4.5015,95.2313,-1,0.0, -> [chair (Right): 24%]
frame_001965,-1.0,1.5936,90.7539,4.1581,96.5062,-1,0.0, -> [chair (Right): 22%]
frame_001966,-1.0,1.5589,88.3398,4.1363,94.0363,-1,0.0, -> [chair (Right): 20%]
frame_001967,-1.0,1.6535,90.1358,4.0932,95.8838,-1,0.0, -> [chair (Right): 21%]
frame_001968,-1.0,1.5167,89.8019,4.3182,95.6378,-1,0.0, -> [chair (Right): 26%]
frame_001969,-1.0,1.3484,88.7451,4.0853,94.1801,-1,0.0, -> [chair (Right): 9%]
frame_001970,-1.0,1.5562,89.6416,4.9423,96.1415,-1,0.0, -> [chair (Top-Right): 2%]
frame_001971,-1.0,1.5607,90.1911,4.2195,95.9726,-1,0.0, -> [chair (Top): 2%]
frame_001972,-1.0,1.5896,90.596,4.0583,96.2453,-1,0.0, -> [tvmonitor (Top): 1%]
frame_001973,-1.0,1.6004,91.1878,4.3674,97.157,-1,0.0," -> [chair (Top-Left): 1%, tvmonitor (Top): 1%]"
frame_001974,-1.0,1.6676,91.0158,4.1822,96.8667,-1,0.0, -> [chair (Center): 3%]
frame_001975,-1.0,1.6253,90.0006,4.1976,95.8249,-1,0.0, -> [chair (Center): 3%]
frame_001976,-1.0,1.6337,91.8705,4.2126,97.7181,-1,0.0, -> [chair (Top): 1%]
frame_001977,-1.0,1.7581,90.5328,4.0488,96.3408,-1,0.0, -> [background only]
frame_001978,-1.0,1.3913,90.2735,5.7606,97.4266,-1,0.0, -> [chair (Top): 1%]
frame_001979,-1.0,1.6692,90.4944,4.1125,96.2773,-1,0.0, -> [chair (Top): 2%]
frame_001980,-1.0,1.4204,91.0371,4.0948,96.5534,-1,0.0, -> [chair (Top): 2%]
frame_001981,-1.0,1.6235,90.1435,4.2363,96.0046,-1,0.0, -> [chair (Top): 3%]
frame_001982,-1.0,1.425,91.4421,3.9873,96.8559,-1,0.0, -> [background only]
frame_001983,-1.0,1.6595,89.6644,4.1552,95.4804,-1,0.0, -> [chair (Top-Right): 1%]
frame_001984,-1.0,1.6255,91.1307,4.1652,96.9227,-1,0.0, -> [background only]
frame_001985,-1.0,1.3283,89.66,4.1227,95.1125,-1,0.0, -> [chair (Top-Right): 1%]
frame_001986,-1.0,1.5802,92.7735,4.0716,98.4267,-1,0.0, -> [background only]
frame_001987,-1.0,1.7597,91.7523,4.0048,97.5184,-1,0.0, -> [background only]
frame_001988,-1.0,1.375,90.2967,4.0841,95.757,-1,0.0, -> [background only]
frame_001989,-1.0,1.6538,93.0162,4.24,98.9112,-1,0.0, -> [aeroplane (Right): 4%]
frame_001990,-1.0,1.5958,90.3903,4.113,96.1002,-1,0.0, -> [aeroplane (Right): 2%]
frame_001991,-1.0,1.6749,90.9031,4.2254,96.8048,-1,0.0, -> [aeroplane (Right): 1%]
frame_001992,-1.0,1.7262,91.0579,4.1487,96.9344,-1,0.0, -> [background only]
frame_001993,-1.0,1.6837,91.8134,4.0963,97.5946,-1,0.0, -> [background only]
frame_001994,-1.0,1.6406,91.9724,4.1295,97.7438,-1,0.0, -> [background only]
frame_001995,-1.0,1.7507,91.9662,3.9812,97.6995,-1,0.0, -> [background only]
frame_001996,-1.0,1.6376,90.1641,4.3129,96.1163,-1,0.0, -> [background only]
frame_001997,-1.0,1.7599,90.5095,4.1696,96.4406,-1,0.0, -> [background only]
frame_001998,-1.0,1.6004,90.7413,4.0221,96.365,-1,0.0, -> [background only]
frame_001999,-1.0,1.6964,90.7568,4.1639,96.6182,-1,0.0, -> [background only]
frame_002000,-1.0,1.6318,90.6295,4.0275,96.2907,-1,0.0, -> [background only]
frame_002001,-1.0,1.6848,91.1423,4.025,96.8535,-1,0.0, -> [background only]
frame_002002,-1.0,1.6774,91.1927,4.1665,97.0382,-1,0.0, -> [background only]
frame_002003,-1.0,1.3181,91.2365,4.0866,96.6423,-1,0.0, -> [background only]
frame_002004,-1.0,1.6947,92.667,4.1143,98.4774,-1,0.0, -> [background only]
frame_002005,-1.0,1.7613,91.3777,4.1918,97.332,-1,0.0, -> [background only]
frame_002006,-1.0,1.3446,90.5104,4.1371,95.9935,-1,0.0, -> [background only]
frame_002007,-1.0,1.6151,91.1652,4.0864,96.8682,-1,0.0, -> [background only]
frame_002008,-1.0,1.6332,90.5323,4.0024,96.1695,-1,0.0, -> [background only]
frame_002009,-1.0,1.6206,90.6126,4.0297,96.2642,-1,0.0, -> [background only]
frame_002010,-1.0,1.6541,90.9653,4.0723,96.6933,-1,0.0, -> [background only]
frame_002011,-1.0,1.6683,89.9498,4.1719,95.7913,-1,0.0, -> [background only]
frame_002012,-1.0,1.5453,90.9586,4.1723,96.6774,-1,0.0, -> [background only]
frame_002013,-1.0,1.643,90.6765,4.1916,96.5124,-1,0.0, -> [background only]
frame_002014,-1.0,1.6942,91.8315,4.0613,97.5884,-1,0.0, -> [background only]
frame_002015,-1.0,1.7341,91.2909,4.7833,97.8099,-1,0.0, -> [background only]
frame_002016,-1.0,1.6162,91.2122,3.9734,96.8031,-1,0.0, -> [background only]
frame_002017,-1.0,1.6453,90.8299,4.2137,96.6902,-1,0.0, -> [background only]
frame_002018,-1.0,1.6274,91.6961,3.9382,97.2631,-1,0.0, -> [background only]
frame_002019,-1.0,1.7344,90.8154,4.1951,96.7461,-1,0.0, -> [background only]
frame_002020,-1.0,1.4101,91.0573,4.1357,96.6043,-1,0.0, -> [background only]
frame_002021,-1.0,1.7072,90.265,3.9871,95.9606,-1,0.0, -> [background only]
frame_002022,-1.0,1.6364,90.2817,5.6037,97.5232,-1,0.0, -> [background only]
frame_002023,-1.0,1.6343,90.5973,4.0537,96.2868,-1,0.0, -> [background only]
frame_002024,-1.0,1.6496,91.0835,4.0268,96.7611,-1,0.0, -> [background only]
frame_002025,-1.0,1.4397,91.6038,4.0861,97.1309,-1,0.0, -> [background only]
frame_002026,-1.0,1.6762,90.8505,4.0639,96.5921,-1,0.0, -> [background only]
frame_002027,-1.0,1.7274,91.0747,3.9551,96.7587,-1,0.0, -> [background only]
frame_002028,-1.0,2.8024,91.0563,4.0572,97.9176,-1,0.0, -> [background only]
frame_002029,-1.0,1.6719,92.9234,4.0438,98.6403,-1,0.0, -> [background only]
frame_002030,-1.0,1.6843,91.1928,4.1501,97.0285,-1,0.0, -> [background only]
frame_002031,-1.0,1.7349,91.2462,4.02,97.0024,-1,0.0, -> [background only]
frame_002032,-1.0,1.6547,93.1667,4.1526,98.9752,-1,0.0, -> [background only]
frame_002033,-1.0,1.7898,91.1164,4.1418,97.0493,-1,0.0, -> [background only]
frame_002034,-1.0,1.6846,92.6869,4.0976,98.4705,-1,0.0, -> [background only]
frame_002035,-1.0,1.6985,91.4327,4.0335,97.1658,-1,0.0, -> [background only]
frame_002036,-1.0,1.6484,91.2059,3.9908,96.8467,-1,0.0, -> [background only]
frame_002037,-1.0,1.4272,90.889,4.0559,96.3733,-1,0.0, -> [background only]
frame_002038,-1.0,1.6983,91.0765,4.1569,96.9331,-1,0.0, -> [background only]
frame_002039,-1.0,1.6512,93.5397,3.8885,99.0807,-1,0.0, -> [background only]
frame_002040,-1.0,1.7403,91.5378,4.1016,97.3809,-1,0.0, -> [background only]
frame_002041,-1.0,1.4139,91.2763,3.9788,96.6705,-1,0.0, -> [background only]
frame_002042,-1.0,1.6124,93.2998,4.1576,99.0709,-1,0.0, -> [background only]
frame_002043,-1.0,1.8274,91.4123,3.8504,97.0913,-1,0.0, -> [background only]
frame_002044,-1.0,1.4617,90.36,4.1015,95.9247,-1,0.0, -> [background only]
frame_002045,-1.0,1.6484,91.5978,4.2037,97.4514,-1,0.0, -> [background only]
frame_002046,-1.0,1.7932,90.7904,4.1432,96.7286,-1,0.0, -> [background only]
frame_002047,-1.0,1.636,90.688,4.1581,96.4834,-1,0.0, -> [background only]
frame_002048,-1.0,1.6517,90.9978,4.1333,96.7842,-1,0.0, -> [background only]
frame_002049,-1.0,1.8096,90.6178,4.0328,96.4616,-1,0.0, -> [background only]
frame_002050,-1.0,1.344,91.7365,4.0451,97.1269,-1,0.0, -> [background only]
frame_002051,-1.0,1.7373,89.6996,4.1285,95.5669,-1,0.0, -> [background only]
frame_002052,-1.0,1.5842,90.0963,4.0167,95.6988,-1,0.0, -> [background only]
frame_002053,-1.0,1.5919,90.5136,4.1298,96.2366,-1,0.0, -> [background only]
frame_002054,-1.0,1.3597,89.3846,4.0784,94.8242,-1,0.0, -> [background only]
frame_002055,-1.0,1.568,89.9955,4.1339,95.6988,-1,0.0, -> [background only]
frame_002056,-1.0,1.681,90.2096,3.8037,95.6957,-1,0.0, -> [background only]
frame_002057,-1.0,1.595,90.7295,4.1489,96.4748,-1,0.0, -> [background only]
frame_002058,-1.0,1.5843,91.4681,3.978,97.0318,-1,0.0, -> [background only]
frame_002059,-1.0,1.6269,89.5847,4.1043,95.3172,-1,0.0, -> [background only]
frame_002060,-1.0,1.5981,90.1814,3.9948,95.7757,-1,0.0, -> [background only]
frame_002061,-1.0,1.6579,90.2488,4.1953,96.103,-1,0.0, -> [background only]
frame_002062,-1.0,1.6758,90.704,4.0044,96.3856,-1,0.0, -> [background only]
frame_002063,-1.0,1.3545,91.4926,3.994,96.8425,-1,0.0, -> [background only]
frame_002064,-1.0,2.844,92.3188,4.0778,99.2422,-1,0.0, -> [background only]
frame_002065,-1.0,1.6685,90.744,4.0917,96.5056,-1,0.0, -> [background only]
frame_002066,-1.0,1.679,90.3273,4.0822,96.09,-1,0.0, -> [background only]
frame_002067,-1.0,1.6608,92.9076,4.0652,98.6348,-1,0.0, -> [background only]
frame_002068,-1.0,1.652,90.244,4.0827,95.98,-1,0.0, -> [background only]
frame_002069,-1.0,1.6926,90.339,4.1742,96.2072,-1,0.0, -> [background only]
frame_002070,-1.0,1.691,90.6165,4.0837,96.3925,-1,0.0, -> [background only]
frame_002071,-1.0,1.6784,90.6625,4.0753,96.4174,-1,0.0, -> [background only]
frame_002072,-1.0,1.6152,90.9923,4.09,96.6989,-1,0.0, -> [background only]
frame_002073,-1.0,1.662,92.185,4.1091,97.957,-1,0.0, -> [background only]
frame_002074,-1.0,1.7523,91.8959,4.0143,97.6638,-1,0.0, -> [background only]
frame_002075,-1.0,1.7151,90.4734,3.8526,96.0424,-1,0.0, -> [background only]
frame_002076,-1.0,1.6989,90.9587,4.0877,96.7466,-1,0.0, -> [background only]
frame_002077,-1.0,1.6805,90.5877,4.0978,96.3674,-1,0.0, -> [background only]
frame_002078,-1.0,1.6899,90.6015,4.0783,96.3709,-1,0.0, -> [background only]
frame_002079,-1.0,1.6374,92.3588,4.0957,98.0933,-1,0.0, -> [background only]
frame_002080,-1.0,1.6302,92.2354,4.1267,97.9939,-1,0.0, -> [background only]
frame_002081,-1.0,1.7494,89.7545,4.0916,95.597,-1,0.0, -> [background only]
frame_002082,-1.0,1.384,90.406,4.1306,95.9219,-1,0.0, -> [background only]
frame_002083,-1.0,1.7324,90.5354,3.9746,96.2438,-1,0.0, -> [background only]
frame_002084,-1.0,1.6969,90.038,4.1202,95.8562,-1,0.0, -> [background only]
frame_002085,-1.0,1.6189,90.4608,3.9237,96.0051,-1,0.0, -> [background only]
frame_002086,-1.0,1.6566,90.6934,3.9861,96.3375,-1,0.0, -> [background only]
frame_002087,-1.0,1.74,91.4241,3.9948,97.16,-1,0.0, -> [background only]
frame_002088,-1.0,1.5912,89.9902,4.7673,96.35,-1,0.0, -> [background only]
frame_002089,-1.0,1.7443,91.7532,4.034,97.5331,-1,0.0, -> [background only]
frame_002090,-1.0,1.7234,89.9177,3.9694,95.6119,-1,0.0, -> [background only]
frame_002091,-1.0,1.3436,91.9716,4.0854,97.402,-1,0.0, -> [background only]
frame_002092,-1.0,1.6736,92.0649,4.0959,97.8359,-1,0.0, -> [background only]
frame_002093,-1.0,1.6994,89.8134,4.0631,95.5776,-1,0.0, -> [background only]
frame_002094,-1.0,1.3394,91.0248,4.8661,97.2317,-1,0.0, -> [background only]
frame_002095,-1.0,1.8597,90.4799,4.0583,96.3991,-1,0.0, -> [background only]
frame_002096,-1.0,1.6875,90.7059,3.9929,96.388,-1,0.0, -> [background only]
frame_002097,-1.0,1.5932,92.3962,4.1261,98.117,-1,0.0, -> [background only]
frame_002098,-1.0,1.4776,88.1376,4.2021,93.8188,-1,0.0, -> [background only]
frame_002099,-1.0,1.5238,87.8561,4.2194,93.6005,-1,0.0, -> [background only]
frame_002100,-1.0,1.5779,89.4245,4.2785,95.2821,-1,0.0, -> [background only]
frame_002101,-1.0,1.6096,89.3936,4.2156,95.2201,-1,0.0, -> [background only]
frame_002102,-1.0,1.5711,87.5779,4.3276,93.4781,-1,0.0, -> [background only]
frame_002103,-1.0,1.5543,87.7592,4.4199,93.7347,-1,0.0, -> [background only]
frame_002104,-1.0,1.6646,89.9334,4.2714,95.8711,-1,0.0, -> [background only]
frame_002105,-1.0,1.6848,87.9941,4.3407,94.0211,-1,0.0, -> [background only]
frame_002106,-1.0,1.3364,89.3118,4.341,94.9905,-1,0.0, -> [background only]
frame_002107,-1.0,1.6411,87.9311,4.1637,93.7371,-1,0.0, -> [background only]
frame_002108,-1.0,1.581,87.8448,4.4525,93.8798,-1,0.0, -> [background only]
frame_002109,-1.0,1.708,90.0779,4.3262,96.1135,-1,0.0, -> [background only]
frame_002110,-1.0,1.5943,87.7802,4.0401,93.416,-1,0.0, -> [background only]
frame_002111,-1.0,1.6351,87.9804,4.6174,94.234,-1,0.0, -> [background only]
frame_002112,-1.0,1.605,90.8466,4.2227,96.6757,-1,0.0, -> [background only]
frame_002113,-1.0,1.6691,88.0236,4.2731,93.967,-1,0.0, -> [background only]
frame_002114,-1.0,1.6551,89.422,4.3657,95.444,-1,0.0, -> [background only]
frame_002115,-1.0,1.5713,90.6795,4.3076,96.5601,-1,0.0, -> [background only]
frame_002116,-1.0,1.6984,91.2689,4.2249,97.1933,-1,0.0, -> [background only]
frame_002117,-1.0,1.9164,88.436,4.2715,94.6253,-1,0.0, -> [background only]
frame_002118,-1.0,1.6333,90.8975,4.21,96.7424,-1,0.0, -> [background only]
frame_002119,-1.0,1.682,89.1747,4.3788,95.2368,-1,0.0, -> [background only]
frame_002120,-1.0,1.664,88.3062,4.348,94.3194,-1,0.0, -> [background only]
frame_002121,-1.0,1.5495,90.4933,4.3544,96.3987,-1,0.0, -> [background only]
frame_002122,-1.0,1.6921,90.6004,4.3352,96.6294,-1,0.0, -> [background only]
frame_002123,-1.0,1.7104,88.8453,4.2565,94.814,-1,0.0, -> [background only]
frame_002124,-1.0,1.5845,90.5461,4.3335,96.4655,-1,0.0, -> [background only]
frame_002125,-1.0,1.6955,90.5677,4.3671,96.6316,-1,0.0, -> [background only]
frame_002126,-1.0,1.6398,88.433,4.2806,94.355,-1,0.0, -> [background only]
frame_002127,-1.0,1.618,91.2663,4.3221,97.2077,-1,0.0, -> [background only]
frame_002128,-1.0,1.667,89.4352,4.2222,95.3259,-1,0.0, -> [background only]
frame_002129,-1.0,1.6806,88.1566,4.2333,94.072,-1,0.0, -> [background only]
frame_002130,-1.0,1.5632,88.4542,4.2858,94.3044,-1,0.0, -> [background only]
frame_002131,-1.0,1.6222,90.873,4.3043,96.8012,-1,0.0, -> [background only]
frame_002132,-1.0,1.7002,89.1093,4.266,95.0767,-1,0.0, -> [background only]
frame_002133,-1.0,1.2973,88.7684,4.311,94.3783,-1,0.0, -> [background only]
frame_002134,-1.0,1.6043,90.3653,4.1133,96.0843,-1,0.0, -> [background only]
frame_002135,-1.0,1.6648,88.4283,4.2554,94.3499,-1,0.0, -> [background only]
frame_002136,-1.0,1.297,88.6511,4.3061,94.2556,-1,0.0, -> [background only]
frame_002137,-1.0,1.5999,89.7587,4.2563,95.6162,-1,0.0, -> [background only]
frame_002138,-1.0,1.6881,88.8648,4.2175,94.7721,-1,0.0, -> [background only]
frame_002139,-1.0,1.3452,89.0151,4.2852,94.6466,-1,0.0, -> [background only]
frame_002140,-1.0,1.6475,88.9453,4.2605,94.8549,-1,0.0, -> [background only]
frame_002141,-1.0,1.6047,88.9113,4.4146,94.932,-1,0.0, -> [background only]
frame_002142,-1.0,1.3989,90.0353,3.9964,95.4323,-1,0.0, -> [background only]
frame_002143,-1.0,1.6988,88.2393,4.2564,94.1956,-1,0.0, -> [background only]
frame_002144,-1.0,1.2721,89.4786,4.3574,95.1094,-1,0.0, -> [background only]
frame_002145,-1.0,1.6787,89.9353,4.2954,95.9113,-1,0.0, -> [background only]
frame_002146,-1.0,1.5832,88.6134,4.3337,94.5313,-1,0.0, -> [background only]
frame_002147,-1.0,1.6026,89.3497,4.412,95.3655,-1,0.0, -> [background only]
frame_002148,-1.0,1.574,89.4147,4.2645,95.255,-1,0.0, -> [background only]
frame_002149,-1.0,1.7359,87.6831,4.3181,93.7389,-1,0.0, -> [background only]
frame_002150,-1.0,2.9021,88.4308,4.2276,95.5619,-1,0.0, -> [background only]
frame_002151,-1.0,1.5706,90.9088,4.2747,96.7555,-1,0.0, -> [background only]
frame_002152,-1.0,2.3262,88.6562,4.3626,95.3461,-1,0.0, -> [background only]
frame_002153,-1.0,1.6007,88.5083,4.3942,94.5048,-1,0.0, -> [background only]
frame_002154,-1.0,1.5437,88.9111,4.2635,94.72,-1,0.0, -> [background only]
frame_002155,-1.0,1.5252,88.8132,4.4494,94.7889,-1,0.0, -> [background only]
frame_002156,-1.0,1.5737,90.5084,4.2263,96.3099,-1,0.0, -> [background only]
frame_002157,-1.0,1.5495,88.7358,4.3286,94.6151,-1,0.0, -> [background only]
frame_002158,-1.0,1.579,90.4693,4.2292,96.2789,-1,0.0, -> [background only]
frame_002159,-1.0,1.7017,88.8176,4.2506,94.7712,-1,0.0, -> [background only]
frame_002160,-1.0,1.6426,88.449,4.2855,94.3785,-1,0.0, -> [background only]
frame_002161,-1.0,1.654,90.6516,4.2804,96.5875,-1,0.0, -> [background only]
frame_002162,-1.0,1.6617,89.9727,4.3055,95.9412,-1,0.0, -> [background only]
frame_002163,-1.0,1.6524,88.7035,4.3266,94.6838,-1,0.0, -> [background only]
frame_002164,-1.0,1.7098,89.465,4.2653,95.4415,-1,0.0, -> [background only]
frame_002165,-1.0,1.586,90.5806,4.353,96.5208,-1,0.0, -> [background only]
frame_002166,-1.0,1.6316,88.8587,4.3804,94.8721,-1,0.0, -> [background only]
frame_002167,-1.0,1.6798,90.1415,4.235,96.0575,-1,0.0, -> [background only]
frame_002168,-1.0,1.6776,89.4167,4.9471,96.043,-1,0.0, -> [background only]
frame_002169,-1.0,1.6296,88.1661,4.2884,94.0862,-1,0.0, -> [background only]
frame_002170,-1.0,1.3118,90.4539,4.2287,95.9962,-1,0.0, -> [background only]
frame_002171,-1.0,1.726,90.269,4.3394,96.3359,-1,0.0, -> [background only]
frame_002172,-1.0,1.6473,88.8002,4.2684,94.7172,-1,0.0, -> [background only]
frame_002173,-1.0,1.3157,88.2262,4.218,93.761,-1,0.0, -> [background only]
frame_002174,-1.0,1.5506,89.2889,4.3792,95.2201,-1,0.0, -> [background only]
frame_002175,-1.0,1.6943,88.358,4.3529,94.4063,-1,0.0, -> [background only]
frame_002176,-1.0,1.3063,90.9336,4.2436,96.4848,-1,0.0, -> [background only]
frame_002177,-1.0,1.7069,88.4825,4.3986,94.5896,-1,0.0, -> [background only]
frame_002178,-1.0,1.6677,87.9834,4.2972,93.9502,-1,0.0, -> [background only]
frame_002179,-1.0,1.2975,88.7618,4.2316,94.2921,-1,0.0, -> [background only]
frame_002180,-1.0,1.6671,90.307,4.4879,96.4634,-1,0.0, -> [background only]
frame_002181,-1.0,1.6951,88.4958,4.3025,94.4947,-1,0.0, -> [background only]
frame_002182,-1.0,1.3154,88.8621,4.4087,94.5877,-1,0.0, -> [background only]
frame_002183,-1.0,1.6848,88.1764,4.3692,94.232,-1,0.0, -> [background only]
frame_002184,-1.0,1.6172,88.74,4.287,94.6455,-1,0.0, -> [background only]
frame_002185,-1.0,1.5532,88.5193,4.7423,94.8161,-1,0.0, -> [background only]
frame_002186,-1.0,1.6565,89.2277,4.2855,95.171,-1,0.0, -> [background only]
frame_002187,-1.0,1.6675,88.5244,4.2132,94.4063,-1,0.0, -> [background only]
frame_002188,-1.0,1.5754,89.1195,4.3325,95.029,-1,0.0, -> [background only]
frame_002189,-1.0,1.6485,89.1342,4.294,95.0781,-1,0.0, -> [background only]
frame_002190,-1.0,1.5564,89.0567,4.3454,94.9603,-1,0.0, -> [background only]
frame_002191,-1.0,1.6341,88.0787,4.2737,93.9875,-1,0.0, -> [background only]
frame_002192,-1.0,1.5936,90.5673,4.2953,96.4579,-1,0.0, -> [background only]
frame_002193,-1.0,1.6599,88.2069,4.3241,94.1924,-1,0.0, -> [background only]
frame_002194,-1.0,1.5929,88.3853,4.3417,94.3214,-1,0.0, -> [background only]
frame_002195,-1.0,1.5685,88.3971,4.2282,94.1951,-1,0.0, -> [background only]
frame_002196,-1.0,1.6335,89.51,3.9497,95.0944,-1,0.0, -> [background only]
frame_002197,-1.0,1.5533,89.3846,4.313,95.2524,-1,0.0, -> [background only]
frame_002198,-1.0,1.5226,87.7542,4.183,93.461,-1,0.0, -> [background only]
frame_002199,-1.0,1.5118,88.9648,4.2047,94.6826,-1,0.0, -> [background only]
frame_002200,-1.0,1.6475,90.4251,4.2766,96.3506,-1,0.0, -> [background only]
frame_002201,-1.0,1.5069,88.713,3.992,94.2132,-1,0.0, -> [background only]
frame_002202,-1.0,1.5622,88.687,4.3156,94.5669,-1,0.0, -> [background only]
frame_002203,-1.0,1.3782,90.6002,4.4312,96.411,-1,0.0, -> [background only]
frame_002204,-1.0,1.6564,89.1162,4.1883,94.9623,-1,0.0, -> [background only]
frame_002205,-1.0,1.5917,88.9273,4.3925,94.9127,-1,0.0, -> [background only]
frame_002206,-1.0,1.6212,90.9259,4.1723,96.721,-1,0.0, -> [background only]
frame_002207,-1.0,1.5752,88.7778,4.3263,94.6807,-1,0.0, -> [background only]
frame_002208,-1.0,1.6507,89.0607,4.2436,94.9562,-1,0.0, -> [background only]
frame_002209,-1.0,1.5676,88.7304,3.9856,94.2848,-1,0.0, -> [background only]
frame_002210,-1.0,1.6048,92.0738,4.4774,98.1573,-1,0.0, -> [background only]
frame_002211,-1.0,1.7584,89.8866,4.3122,95.9586,-1,0.0, -> [background only]
frame_002212,-1.0,1.5666,88.9132,4.2867,94.7675,-1,0.0, -> [background only]
frame_002213,-1.0,1.6704,89.2083,4.367,95.2468,-1,0.0, -> [background only]
frame_002214,-1.0,1.6903,89.7171,4.2977,95.7065,-1,0.0, -> [background only]
frame_002215,-1.0,1.5537,88.8886,4.2798,94.7234,-1,0.0, -> [background only]
frame_002216,-1.0,1.7382,88.6918,4.2926,94.7238,-1,0.0, -> [background only]
frame_002217,-1.0,1.6581,88.9007,4.222,94.7821,-1,0.0, -> [background only]
frame_002218,-1.0,1.3159,91.1834,4.3803,96.8807,-1,0.0, -> [background only]
frame_002219,-1.0,1.7208,89.1039,4.2232,95.0494,-1,0.0, -> [background only]
frame_002220,-1.0,1.6591,88.1201,4.353,94.1335,-1,0.0, -> [background only]
frame_002221,-1.0,1.2309,88.7802,4.2393,94.2518,-1,0.0, -> [background only]
frame_002222,-1.0,1.588,89.2698,4.3783,95.2376,-1,0.0, -> [background only]
frame_002223,-1.0,1.6393,88.7737,4.2869,94.701,-1,0.0, -> [background only]
frame_002224,-1.0,1.6335,92.7207,3.9601,98.3154,-1,0.0, -> [background only]
frame_002225,-1.0,1.6626,87.5387,4.0489,93.2514,-1,0.0, -> [background only]
frame_002226,-1.0,1.4779,87.4033,4.6989,93.5812,-1,0.0, -> [background only]
frame_002227,-1.0,1.585,88.7414,4.0076,94.3355,-1,0.0, -> [background only]
frame_002228,-1.0,1.5903,89.8923,4.0112,95.4956,-1,0.0, -> [background only]
frame_002229,-1.0,1.5905,88.8851,4.0275,94.5048,-1,0.0, -> [background only]
frame_002230,-1.0,1.5431,89.0191,4.1602,94.724,-1,0.0, -> [background only]
frame_002231,-1.0,1.5622,90.368,4.1302,96.0618,-1,0.0, -> [background only]
frame_002232,-1.0,1.5529,89.813,4.1423,95.5096,-1,0.0, -> [background only]
frame_002233,-1.0,1.5611,92.2524,4.0559,97.8711,-1,0.0, -> [background only]
frame_002234,-1.0,1.5523,89.9486,4.0301,95.5323,-1,0.0, -> [background only]
frame_002235,-1.0,1.5922,89.2946,4.0111,94.8993,-1,0.0, -> [background only]
frame_002236,-1.0,1.5691,89.7227,4.0945,95.3879,-1,0.0, -> [background only]
frame_002237,-1.0,1.6022,89.4847,4.0503,95.1388,-1,0.0, -> [background only]
frame_002238,-1.0,1.5967,89.4434,4.1304,95.1719,-1,0.0, -> [background only]
frame_002239,-1.0,1.3788,90.0695,3.9731,95.4228,-1,0.0, -> [background only]
frame_002240,-1.0,1.5568,90.5466,4.155,96.2597,-1,0.0, -> [background only]
frame_002241,-1.0,1.5975,90.5696,4.1127,96.2814,-1,0.0, -> [background only]
frame_002242,-1.0,1.3366,90.2181,4.0472,95.6035,-1,0.0, -> [background only]
frame_002243,-1.0,1.5893,90.2438,3.9904,95.8247,-1,0.0, -> [background only]
frame_002244,-1.0,1.5786,90.3866,4.2161,96.1831,-1,0.0, -> [background only]
frame_002245,-1.0,1.5882,92.1179,4.6757,98.383,-1,0.0, -> [background only]
frame_002246,-1.0,1.7121,91.5915,4.0348,97.3398,-1,0.0, -> [background only]
frame_002247,-1.0,1.6094,90.3519,3.9985,95.9611,-1,0.0, -> [background only]
frame_002248,-1.0,1.3613,91.0515,3.9474,96.3613,-1,0.0, -> [background only]
frame_002249,-1.0,1.5682,88.1182,4.2509,93.9384,-1,0.0, -> [background only]
frame_002250,-1.0,1.526,87.2006,4.3029,93.0307,-1,0.0, -> [background only]
frame_002251,-1.0,1.4795,86.6029,4.307,92.3907,-1,0.0, -> [background only]
frame_002252,-1.0,1.4733,87.7204,4.2017,93.3967,-1,0.0, -> [background only]
frame_002253,-1.0,1.5019,87.2529,4.1721,92.928,-1,0.0, -> [background only]
frame_002254,-1.0,1.5449,87.1981,4.541,93.2854,-1,0.0, -> [bicycle (Right): 12%]
frame_002255,-1.0,1.5721,87.8391,4.4184,93.8306,-1,0.0, -> [bicycle (Right): 10%]
frame_002256,-1.0,1.5508,87.8218,4.5212,93.8952,-1,0.0, -> [chair (Right): 10%]
frame_002257,-1.0,1.2231,88.998,4.4708,94.6934,-1,0.0, -> [chair (Right): 8%]
frame_002258,-1.0,1.5922,88.8684,4.4824,94.9442,-1,0.0, -> [chair (Right): 17%]
frame_002259,-1.0,1.5891,87.3792,4.409,93.3784,-1,0.0, -> [chair (Right): 18%]
frame_002260,-1.0,1.5184,87.87,4.3142,93.7038,-1,0.0, -> [chair (Center): 8%]
frame_002261,-1.0,1.5608,87.9347,4.4516,93.9483,-1,0.0, -> [chair (Center): 24%]
frame_002262,-1.0,1.6101,88.1414,4.3165,94.0692,-1,0.0, -> [chair (Top): 21%]
frame_002263,-1.0,1.5859,87.601,4.5188,93.707,-1,0.0, -> [chair (Top): 21%]
frame_002264,-1.0,1.5762,88.8115,4.3859,94.7749,-1,0.0, -> [background only]
frame_002265,-1.0,1.6595,88.0124,4.4969,94.17,-1,0.0, -> [chair (Top): 24%]
frame_002266,-1.0,3.0879,90.0651,4.5409,97.6956,-1,0.0, -> [chair (Top): 40%]
frame_002267,-1.0,1.9988,88.2505,4.4399,94.6905,-1,0.0, -> [chair (Top): 9%]
frame_002268,-1.0,1.5969,87.6131,4.5088,93.7202,-1,0.0, -> [aeroplane (Top): 5%]
frame_002269,-1.0,1.3313,89.8241,4.2313,95.3878,-1,0.0, -> [background only]
frame_002270,-1.0,1.6558,87.9044,4.2687,93.8301,-1,0.0, -> [background only]
frame_002271,-1.0,1.6565,88.3484,4.3199,94.326,-1,0.0, -> [background only]
frame_002272,-1.0,1.2943,88.2041,4.6167,94.1164,-1,0.0," -> [bicycle (Top): 3%, chair (Bottom-Right): 1%]"
frame_002273,-1.0,1.6472,87.8871,4.381,93.9165,-1,0.0, -> [bicycle (Top): 18%]
frame_002274,-1.0,1.614,88.644,4.5596,94.8189,-1,0.0, -> [bicycle (Top): 39%]
frame_002275,-1.0,1.2887,88.1461,4.2464,93.6824,-1,0.0, -> [background only]
frame_002276,-1.0,1.5751,88.7618,4.5754,94.9136,-1,0.0," -> [bicycle (Top-Left): 8%, chair (Center): 35%]"
frame_002277,-1.0,1.5867,88.346,4.4958,94.4299,-1,0.0, -> [chair (Center): 31%]
frame_002278,-1.0,1.5615,90.6419,4.2775,96.4824,-1,0.0, -> [background only]
frame_002279,-1.0,2.0746,88.2351,4.3448,94.6558,-1,0.0, -> [background only]
frame_002280,-1.0,1.6711,89.3829,4.2732,95.3287,-1,0.0, -> [background only]
frame_002281,-1.0,1.5711,90.3591,4.315,96.2465,-1,0.0, -> [background only]
frame_002282,-1.0,1.6476,88.316,4.6211,94.5858,-1,0.0, -> [background only]
frame_002283,-1.0,1.8206,88.1197,4.2012,94.1431,-1,0.0, -> [background only]
frame_002284,-1.0,1.5337,87.7859,4.3,93.621,-1,0.0, -> [chair (Center): 17%]
frame_002285,-1.0,1.606,89.2946,4.5805,95.4822,-1,0.0, -> [chair (Right): 17%]
frame_002286,-1.0,1.6703,87.4171,4.4761,93.565,-1,0.0, -> [chair (Right): 16%]
frame_002287,-1.0,1.2686,89.098,4.5072,94.8752,-1,0.0," -> [chair (Right): 21%, person (Top-Left): 1%]"
frame_002288,-1.0,1.552,88.7501,4.5665,94.8699,-1,0.0, -> [chair (Right): 27%]
frame_002289,-1.0,1.7114,87.8322,4.4198,93.9649,-1,0.0, -> [chair (Right): 28%]
frame_002290,-1.0,1.2677,88.475,4.4704,94.2144,-1,0.0, -> [chair (Right): 27%]
frame_002291,-1.0,1.6291,90.4119,4.5717,96.6139,-1,0.0, -> [chair (Center): 26%]
frame_002292,-1.0,1.7656,88.3243,4.4402,94.5315,-1,0.0, -> [chair (Center): 20%]
frame_002293,-1.0,1.2721,89.0333,4.4252,94.7319,-1,0.0, -> [chair (Center): 15%]
frame_002294,-1.0,1.5272,90.514,4.5501,96.5926,-1,0.0, -> [chair (Center): 20%]
frame_002295,-1.0,2.158,88.6523,4.5052,95.3166,-1,0.0," -> [bicycle (Bottom-Right): 2%, chair (Left): 8%]"
frame_002296,-1.0,1.2562,87.8961,4.4975,93.6517,-1,0.0, -> [chair (Left): 12%]
frame_002297,-1.0,1.6582,88.8756,4.4765,95.0119,-1,0.0, -> [chair (Left): 16%]
frame_002298,-1.0,1.5954,87.8922,4.2942,93.7831,-1,0.0, -> [chair (Left): 14%]
frame_002299,-1.0,1.5249,89.7766,4.4045,95.7075,-1,0.0, -> [chair (Left): 13%]
frame_002300,-1.0,1.333,88.7684,4.4684,94.571,-1,0.0, -> [background only]
frame_002301,-1.0,1.6036,88.1955,4.4914,94.2919,-1,0.0, -> [bicycle (Bottom): 2%]
frame_002302,-1.0,1.2691,89.0927,4.4722,94.8354,-1,0.0, -> [chair (Left): 1%]
frame_002303,-1.0,1.6094,91.1168,4.2594,96.987,-1,0.0, -> [background only]
frame_002304,-1.0,1.5963,88.7213,4.4011,94.7199,-1,0.0, -> [background only]
frame_002305,-1.0,1.2726,88.1087,4.2057,93.5882,-1,0.0, -> [background only]
frame_002306,-1.0,1.5504,90.2593,4.2815,96.0924,-1,0.0, -> [background only]
frame_002307,-1.0,1.6308,88.9317,4.3428,94.9069,-1,0.0, -> [background only]
frame_002308,-1.0,1.6163,88.5488,4.3556,94.5222,-1,0.0, -> [background only]
frame_002309,-1.0,1.5902,89.2412,4.2993,95.1321,-1,0.0, -> [background only]
frame_002310,-1.0,1.314,88.3774,4.4052,94.0979,-1,0.0, -> [background only]
frame_002311,-1.0,1.36,88.6631,4.3083,94.3327,-1,0.0, -> [background only]
frame_002312,-1.0,1.5564,88.8615,4.2368,94.656,-1,0.0, -> [background only]
frame_002313,-1.0,1.6682,88.6693,4.4879,94.8266,-1,0.0, -> [motorbike (Bottom): 1%]
frame_002314,-1.0,1.6016,90.6167,4.2621,96.4818,-1,0.0, -> [background only]
frame_002315,-1.0,1.6385,89.4639,4.4687,95.5723,-1,0.0, -> [motorbike (Bottom): 2%]
frame_002316,-1.0,1.6719,87.8745,4.3492,93.8969,-1,0.0, -> [background only]
frame_002317,-1.0,1.4907,90.0543,4.2281,95.7744,-1,0.0, -> [background only]
frame_002318,-1.0,1.612,88.4545,4.2604,94.3283,-1,0.0, -> [background only]
frame_002319,-1.0,1.658,88.6934,4.3032,94.6566,-1,0.0, -> [background only]
frame_002320,-1.0,1.5082,88.0043,4.378,93.8919,-1,0.0, -> [motorbike (Bottom): 2%]
frame_002321,-1.0,1.6169,88.3984,4.7104,94.7273,-1,0.0, -> [tvmonitor (Top-Left): 1%]
frame_002322,-1.0,1.7347,88.4768,4.2819,94.495,-1,0.0, -> [background only]
frame_002323,-1.0,1.4867,88.3049,4.1871,93.9801,-1,0.0, -> [background only]
frame_002324,-1.0,1.5771,88.8349,4.5936,95.0074,-1,0.0, -> [motorbike (Bottom): 1%]
frame_002325,-1.0,1.7596,88.5142,4.3263,94.602,-1,0.0, -> [background only]
frame_002326,-1.0,1.5103,88.3715,4.3009,94.1839,-1,0.0, -> [background only]
frame_002327,-1.0,1.5919,88.3157,4.3531,94.262,-1,0.0, -> [background only]
frame_002328,-1.0,1.6245,88.0462,4.2924,93.9644,-1,0.0, -> [background only]
frame_002329,-1.0,1.5142,90.4227,4.2258,96.1639,-1,0.0, -> [background only]
frame_002330,-1.0,1.7138,88.8406,4.3335,94.8893,-1,0.0, -> [background only]
frame_002331,-1.0,1.6297,88.3246,4.2737,94.2292,-1,0.0, -> [background only]
frame_002332,-1.0,1.2446,89.9283,5.1531,96.3274,-1,0.0, -> [background only]
frame_002333,-1.0,1.8276,89.0588,4.2479,95.1359,-1,0.0, -> [background only]
frame_002334,-1.0,1.6052,88.1018,4.2489,93.9574,-1,0.0, -> [background only]
frame_002335,-1.0,1.2682,88.4006,5.1356,94.8058,-1,0.0, -> [background only]
frame_002336,-1.0,1.8654,90.2557,4.306,96.4285,-1,0.0, -> [background only]
frame_002337,-1.0,1.7184,88.5166,4.1719,94.4083,-1,0.0, -> [background only]
frame_002338,-1.0,1.2622,88.827,4.2594,94.3497,-1,0.0, -> [background only]
frame_002339,-1.0,1.6499,89.8765,4.308,95.8355,-1,0.0, -> [background only]
frame_002340,-1.0,1.7468,88.7244,4.4146,94.8875,-1,0.0, -> [background only]
frame_002341,-1.0,1.2748,90.082,4.2023,95.5603,-1,0.0, -> [background only]
frame_002342,-1.0,1.638,89.8171,4.26,95.7165,-1,0.0, -> [background only]
frame_002343,-1.0,1.5784,88.4953,4.2087,94.2834,-1,0.0, -> [background only]
frame_002344,-1.0,1.5642,90.1496,4.2737,95.9887,-1,0.0, -> [background only]
frame_002345,-1.0,1.6759,88.8516,4.3381,94.867,-1,0.0, -> [background only]
frame_002346,-1.0,1.6695,88.0844,4.4307,94.1861,-1,0.0, -> [tvmonitor (Top-Left): 1%]
frame_002347,-1.0,1.675,91.2868,4.2839,97.2473,-1,0.0, -> [background only]
frame_002348,-1.0,1.7114,87.7212,4.2173,93.6513,-1,0.0, -> [background only]
frame_002349,-1.0,1.6382,87.9339,4.6814,94.255,-1,0.0, -> [background only]
frame_002350,-1.0,1.6567,87.6494,4.4381,93.7457,-1,0.0, -> [background only]
frame_002351,-1.0,1.5957,90.1714,4.1737,95.942,-1,0.0, -> [background only]
frame_002352,-1.0,1.678,87.6943,5.3383,94.712,-1,0.0, -> [background only]
frame_002353,-1.0,1.6616,90.7225,4.3319,96.7179,-1,0.0, -> [background only]
frame_002354,-1.0,1.631,87.9201,4.4113,93.964,-1,0.0, -> [background only]
frame_002355,-1.0,1.6935,87.6854,4.5173,93.8975,-1,0.0, -> [background only]
frame_002356,-1.0,1.6959,87.8885,4.3987,93.9845,-1,0.0, -> [background only]
frame_002357,-1.0,1.6698,87.9101,4.3324,93.9136,-1,0.0, -> [background only]
frame_002358,-1.0,1.6123,88.4095,4.3436,94.3668,-1,0.0, -> [background only]
frame_002359,-1.0,1.6322,88.1108,4.3724,94.1166,-1,0.0, -> [background only]
frame_002360,-1.0,1.6127,88.84,4.1795,94.6335,-1,0.0, -> [background only]
frame_002361,-1.0,1.6883,88.7436,4.2585,94.6917,-1,0.0, -> [background only]
frame_002362,-1.0,1.6075,88.7979,4.2795,94.6862,-1,0.0, -> [motorbike (Bottom-Left): 1%]
frame_002363,-1.0,1.6157,89.7805,4.3244,95.722,-1,0.0, -> [background only]
frame_002364,-1.0,1.8773,92.8361,4.2437,98.9586,-1,0.0, -> [motorbike (Bottom): 2%]
frame_002365,-1.0,1.3126,89.554,4.4648,95.3326,-1,0.0, -> [motorbike (Bottom): 5%]
frame_002366,-1.0,1.5757,88.9213,4.2841,94.7824,-1,0.0, -> [background only]
frame_002367,-1.0,1.6793,89.4345,4.2107,95.3261,-1,0.0, -> [chair (Left): 1%]
frame_002368,-1.0,1.586,91.1929,4.4918,97.2722,-1,0.0, -> [background only]
frame_002369,-1.0,3.3028,90.9146,4.4412,98.66,-1,0.0, -> [background only]
frame_002370,-1.0,1.6743,87.8471,4.3077,93.831,-1,0.0, -> [background only]
frame_002371,-1.0,1.6369,88.0346,4.3525,94.0255,-1,0.0, -> [background only]
frame_002372,-1.0,1.7011,89.5237,4.4927,95.7191,-1,0.0, -> [cow (Bottom-Right): 4%]
frame_002373,-1.0,1.6981,88.0481,4.5702,94.3179,-1,0.0, -> [cow (Bottom-Right): 6%]
frame_002374,-1.0,1.3294,90.0387,4.5979,95.9673,-1,0.0, -> [cow (Bottom): 7%]
frame_002375,-1.0,1.7552,88.7513,4.6464,95.1544,-1,0.0, -> [cow (Bottom): 7%]
frame_002376,-1.0,1.7287,87.3323,4.5486,93.6114,-1,0.0, -> [cow (Bottom): 7%]
frame_002377,-1.0,1.625,88.3601,4.5472,94.5337,-1,0.0, -> [cow (Bottom): 7%]
frame_002378,-1.0,1.6396,90.1208,4.4486,96.2106,-1,0.0, -> [cow (Bottom): 7%]
frame_002379,-1.0,1.676,87.564,4.3573,93.5984,-1,0.0, -> [cow (Bottom): 7%]
frame_002380,-1.0,2.508,86.6855,4.4187,93.6142,-1,0.0, -> [cow (Bottom): 8%]
frame_002381,-1.0,1.654,87.6779,4.5609,93.8944,-1,0.0, -> [cow (Bottom): 8%]
frame_002382,-1.0,1.6958,87.817,5.6145,95.1287,-1,0.0, -> [cow (Bottom): 8%]
frame_002383,-1.0,1.7215,90.4048,4.4524,96.58,-1,0.0, -> [cow (Bottom): 7%]
frame_002384,-1.0,1.8611,89.9182,4.412,96.1925,-1,0.0, -> [cow (Bottom): 8%]
frame_002385,-1.0,1.7146,88.8948,4.3272,94.9377,-1,0.0, -> [cow (Bottom): 7%]
frame_002386,-1.0,1.3304,89.5912,4.3141,95.2372,-1,0.0, -> [cow (Bottom-Right): 6%]
frame_002387,-1.0,1.6102,89.5001,4.1711,95.2826,-1,0.0, -> [cow (Bottom): 6%]
frame_002388,-1.0,1.7219,89.5374,4.4456,95.7061,-1,0.0, -> [cow (Bottom): 6%]
frame_002389,-1.0,1.3605,88.9133,4.3667,94.642,-1,0.0, -> [cow (Bottom): 7%]
frame_002390,-1.0,1.7544,89.6635,5.3402,96.7594,-1,0.0, -> [cow (Bottom): 6%]
frame_002391,-1.0,1.9699,89.3737,4.3915,95.7365,-1,0.0, -> [cow (Bottom): 9%]
frame_002392,-1.0,1.5398,89.4609,4.1329,95.1349,-1,0.0, -> [cow (Bottom): 10%]
frame_002393,-1.0,1.744,90.6334,4.1943,96.573,-1,0.0, -> [cow (Bottom): 9%]
frame_002394,-1.0,1.6341,90.2529,4.3399,96.2281,-1,0.0, -> [cow (Bottom): 7%]
frame_002395,-1.0,1.3621,93.697,4.3837,99.4441,-1,0.0, -> [cow (Bottom): 6%]
frame_002396,-1.0,1.6975,90.5454,4.442,96.6863,-1,0.0, -> [cow (Bottom): 8%]
frame_002397,-1.0,1.6766,88.9902,4.2576,94.9256,-1,0.0, -> [cow (Bottom): 9%]
frame_002398,-1.0,1.3795,89.6576,4.3555,95.3939,-1,0.0, -> [cow (Bottom): 8%]
frame_002399,-1.0,1.6096,90.8837,4.4855,96.98,-1,0.0, -> [cow (Bottom): 8%]
frame_002400,-1.0,1.6829,88.1514,4.4541,94.2895,-1,0.0, -> [cow (Bottom): 9%]
frame_002401,-1.0,1.5625,91.4623,4.6702,97.6964,-1,0.0, -> [cow (Bottom): 9%]
frame_002402,-1.0,2.0886,88.8978,4.459,95.4468,-1,0.0, -> [cow (Bottom): 8%]
frame_002403,-1.0,1.7175,88.0545,4.3578,94.1311,-1,0.0, -> [cow (Bottom): 7%]
frame_002404,-1.0,1.3938,87.7742,4.3359,93.5051,-1,0.0, -> [cow (Bottom): 8%]
frame_002405,-1.0,1.7883,89.06,4.5273,95.377,-1,0.0, -> [cow (Bottom): 8%]
frame_002406,-1.0,1.6218,88.1192,4.2456,93.988,-1,0.0, -> [cow (Bottom): 8%]
frame_002407,-1.0,1.6386,87.9046,4.468,94.0125,-1,0.0, -> [cow (Bottom): 6%]
frame_002408,-1.0,1.6825,88.1849,4.5829,94.4516,-1,0.0, -> [cow (Bottom): 6%]
frame_002409,-1.0,1.6206,88.0072,4.4779,94.1073,-1,0.0, -> [cow (Bottom): 6%]
frame_002410,-1.0,3.4234,89.9857,4.4816,97.8925,-1,0.0, -> [cow (Bottom-Right): 6%]
frame_002411,-1.0,1.6919,88.0029,4.501,94.1972,-1,0.0, -> [cow (Bottom): 6%]
frame_002412,-1.0,1.6194,88.8664,4.5045,94.9919,-1,0.0, -> [cow (Bottom): 6%]
frame_002413,-1.0,1.8112,91.5755,4.4406,97.8289,-1,0.0, -> [cow (Bottom): 7%]
frame_002414,-1.0,1.7181,89.1748,4.468,95.362,-1,0.0, -> [cow (Bottom-Right): 5%]
frame_002415,-1.0,1.7186,89.513,4.368,95.6011,-1,0.0, -> [cow (Bottom-Right): 5%]
frame_002416,-1.0,1.7053,88.0187,4.35,94.0757,-1,0.0, -> [cow (Bottom-Right): 3%]
frame_002417,-1.0,1.659,88.8746,4.2776,94.8129,-1,0.0, -> [cow (Bottom-Right): 4%]
frame_002418,-1.0,1.6427,89.5747,4.3572,95.5758,-1,0.0, -> [cow (Bottom-Right): 3%]
frame_002419,-1.0,1.3707,88.4916,4.453,94.317,-1,0.0, -> [cow (Bottom-Right): 4%]
frame_002420,-1.0,1.6303,88.67,4.7061,95.0079,-1,0.0, -> [cow (Bottom-Right): 4%]
frame_002421,-1.0,1.7859,87.6415,4.0571,93.4859,-1,0.0, -> [cow (Bottom-Right): 4%]
frame_002422,-1.0,1.5877,88.2332,4.5171,94.3397,-1,0.0, -> [cow (Bottom-Right): 4%]
frame_002423,-1.0,1.6747,88.874,4.5201,95.0702,-1,0.0, -> [cow (Bottom-Right): 4%]
frame_002424,-1.0,1.7553,88.1688,4.3473,94.2728,-1,0.0, -> [cow (Bottom-Right): 4%]
frame_002425,-1.0,1.6538,87.4337,4.359,93.4482,-1,0.0, -> [cow (Bottom-Right): 4%]
frame_002426,-1.0,4.5512,85.8242,5.775,96.1523,-1,0.0, -> [chair (Top-Right): 10%]
frame_002427,-1.0,1.7593,85.9755,4.6895,92.4255,-1,0.0, -> [chair (Top-Right): 10%]
frame_002428,-1.0,1.2754,88.3623,4.4123,94.0514,-1,0.0, -> [chair (Top-Right): 10%]
frame_002429,-1.0,1.7302,88.2436,4.5327,94.5083,-1,0.0, -> [chair (Top-Right): 10%]
frame_002430,-1.0,1.6771,87.4087,4.4839,93.5711,-1,0.0, -> [chair (Top-Right): 9%]
frame_002431,-1.0,1.3028,87.7568,4.5038,93.5647,-1,0.0, -> [chair (Top-Right): 10%]
frame_002432,-1.0,1.6582,89.2201,4.4134,95.2929,-1,0.0, -> [chair (Top-Right): 10%]
frame_002433,-1.0,1.7348,86.3184,4.3777,92.4322,-1,0.0, -> [chair (Top-Right): 10%]
frame_002434,-1.0,1.562,88.3459,4.4627,94.3719,-1,0.0, -> [chair (Top-Right): 10%]
frame_002435,-1.0,1.6742,87.833,4.4775,93.9861,-1,0.0, -> [chair (Top-Right): 10%]
frame_002436,-1.0,1.7016,85.5002,4.4852,91.6883,-1,0.0, -> [chair (Top-Right): 10%]
frame_002437,-1.0,1.6121,88.8965,4.4593,94.9691,-1,0.0, -> [chair (Top-Right): 10%]
frame_002438,-1.0,1.6587,86.5698,4.3994,92.6294,-1,0.0, -> [chair (Top-Right): 10%]
frame_002439,-1.0,1.6834,85.6434,4.6262,91.9545,-1,0.0, -> [chair (Top-Right): 10%]
frame_002440,-1.0,1.5843,88.4348,4.5096,94.53,-1,0.0, -> [chair (Top-Right): 10%]
frame_002441,-1.0,1.7193,88.5306,4.2805,94.5315,-1,0.0, -> [chair (Top-Right): 9%]
frame_002442,-1.0,1.6673,86.0346,4.3392,92.0425,-1,0.0, -> [chair (Top-Right): 9%]
frame_002443,-1.0,1.661,87.5314,4.3771,93.571,-1,0.0, -> [chair (Top-Right): 9%]
frame_002444,-1.0,1.5963,90.2613,4.3398,96.1988,-1,0.0, -> [chair (Top-Right): 9%]
frame_002445,-1.0,1.7083,88.0288,4.3071,94.0453,-1,0.0, -> [chair (Top-Right): 10%]
frame_002446,-1.0,1.5623,89.3958,4.7224,95.6819,-1,0.0, -> [chair (Top-Right): 9%]
frame_002447,-1.0,2.8033,88.1709,4.3031,95.2788,-1,0.0, -> [chair (Top-Right): 9%]
frame_002448,-1.0,1.6507,87.9875,4.4483,94.088,-1,0.0, -> [chair (Top-Right): 10%]
frame_002449,-1.0,1.5944,91.0268,4.3729,96.9952,-1,0.0, -> [chair (Top-Right): 10%]
frame_002450,-1.0,1.7094,88.0305,4.3626,94.1039,-1,0.0, -> [chair (Top-Right): 10%]
frame_002451,-1.0,1.6801,88.2142,4.4532,94.3488,-1,0.0, -> [chair (Top-Right): 10%]
frame_002452,-1.0,1.5889,89.0965,4.4631,95.1496,-1,0.0, -> [chair (Top-Right): 10%]
frame_002453,-1.0,1.9786,86.2617,4.6456,92.8872,-1,0.0, -> [chair (Top-Right): 10%]
frame_002454,-1.0,1.6332,87.3866,4.3969,93.4182,-1,0.0, -> [chair (Top-Right): 11%]
frame_002455,-1.0,1.3116,86.4832,4.5815,92.3779,-1,0.0, -> [chair (Top-Right): 10%]
frame_002456,-1.0,1.6006,86.3706,4.2793,92.2519,-1,0.0, -> [chair (Top-Right): 10%]
frame_002457,-1.0,1.6198,87.6294,4.4953,93.7459,-1,0.0, -> [chair (Top-Right): 10%]
frame_002458,-1.0,1.6085,87.9129,4.3277,93.8504,-1,0.0, -> [chair (Top-Right): 10%]
frame_002459,-1.0,1.6444,89.39,4.4631,95.4988,-1,0.0, -> [chair (Top-Right): 10%]
frame_002460,-1.0,1.6344,86.7565,4.4552,92.8474,-1,0.0, -> [chair (Top-Right): 10%]
frame_002461,-1.0,1.5959,92.7128,4.4111,98.7213,-1,0.0, -> [chair (Top-Right): 10%]
frame_002462,-1.0,1.6588,88.4365,4.3549,94.4518,-1,0.0, -> [chair (Top-Right): 10%]
frame_002463,-1.0,1.5491,86.2639,5.0247,92.8392,-1,0.0, -> [chair (Top-Right): 10%]
frame_002464,-1.0,1.6748,90.2857,4.3473,96.3091,-1,0.0, -> [chair (Top-Right): 10%]
frame_002465,-1.0,1.5765,89.4073,4.3446,95.3299,-1,0.0, -> [chair (Top-Right): 10%]
frame_002466,-1.0,1.6079,86.513,4.4047,92.5271,-1,0.0, -> [chair (Top-Right): 9%]
frame_002467,-1.0,1.5734,86.6232,4.2848,92.483,-1,0.0, -> [chair (Top-Right): 10%]
frame_002468,-1.0,1.5751,87.1961,4.4873,93.2597,-1,0.0, -> [chair (Top-Right): 10%]
frame_002469,-1.0,1.6742,86.6778,4.2368,92.5901,-1,0.0, -> [chair (Top-Right): 10%]
frame_002470,-1.0,1.6497,87.8319,4.2733,93.7567,-1,0.0, -> [chair (Top-Right): 10%]
frame_002471,-1.0,1.5525,88.4557,4.327,94.3369,-1,0.0, -> [chair (Top-Right): 9%]
frame_002472,-1.0,1.5295,87.6961,4.366,93.593,-1,0.0, -> [chair (Top-Right): 9%]
frame_002473,-1.0,1.7614,89.808,4.1295,95.7003,-1,0.0, -> [chair (Top-Right): 10%]
frame_002474,-1.0,1.6447,89.2963,4.182,95.1244,-1,0.0, -> [chair (Top-Right): 9%]
frame_002475,-1.0,1.8271,88.975,4.3041,95.1075,-1,0.0, -> [chair (Top-Right): 9%]
frame_002476,-1.0,1.6185,90.0745,4.1325,95.8267,-1,0.0, -> [chair (Top-Right): 9%]
frame_002477,-1.0,1.5987,89.377,4.2898,95.2667,-1,0.0, -> [chair (Top-Right): 9%]
frame_002478,-1.0,1.6318,89.336,4.2654,95.2346,-1,0.0, -> [chair (Top-Right): 9%]
frame_002479,-1.0,1.3356,91.9377,4.3901,97.6649,-1,0.0, -> [chair (Top-Right): 9%]
frame_002480,-1.0,1.6379,89.6245,4.5534,95.8173,-1,0.0, -> [chair (Top-Right): 9%]
frame_002481,-1.0,1.7396,87.7521,4.2286,93.7216,-1,0.0, -> [chair (Top-Right): 8%]
frame_002482,-1.0,1.2718,86.1328,4.3307,91.7366,-1,0.0, -> [chair (Top-Right): 9%]
frame_002483,-1.0,1.6396,90.8621,4.1104,96.6132,-1,0.0, -> [chair (Top-Right): 9%]
frame_002484,-1.0,1.8101,87.4511,4.2637,93.5262,-1,0.0, -> [chair (Top-Right): 8%]
frame_002485,-1.0,1.6332,89.7735,4.2143,95.6224,-1,0.0, -> [chair (Top-Right): 8%]
frame_002486,-1.0,1.5797,91.8278,4.315,97.7238,-1,0.0, -> [chair (Top-Right): 9%]
frame_002487,-1.0,1.8826,90.283,4.1362,96.3032,-1,0.0, -> [chair (Top-Right): 9%]
frame_002488,-1.0,1.2815,89.969,4.1632,95.415,-1,0.0, -> [chair (Top-Right): 8%]
frame_002489,-1.0,1.7311,90.4678,4.321,96.5213,-1,0.0, -> [chair (Top-Right): 10%]
frame_002490,-1.0,1.7375,90.904,4.1733,96.8161,-1,0.0, -> [chair (Top-Right): 10%]
frame_002491,-1.0,1.6972,91.4094,4.118,97.2258,-1,0.0, -> [chair (Top-Right): 9%]
frame_002492,-1.0,1.639,90.4385,4.2385,96.3173,-1,0.0, -> [chair (Top-Right): 10%]
frame_002493,-1.0,1.6979,90.0075,4.114,95.8208,-1,0.0, -> [chair (Top-Right): 4%]
frame_002494,-1.0,1.6508,91.6709,4.197,97.5199,-1,0.0, -> [chair (Top-Right): 6%]
frame_002495,-1.0,1.6655,91.0327,4.1042,96.8039,-1,0.0, -> [chair (Top): 6%]
