filename,ros_data_age_ms,preprocessing_ms,inference_ms,postprocessing_ms,e2e_ms,class_id,confidence,info
frame_000000,-1.0,10.1163,28.3755,0.4842,39.1408,526,35.85, -> desk (35.8%)
frame_000001,-1.0,10.4115,15.5141,0.1172,26.128,526,38.07, -> desk (38.1%)
frame_000002,-1.0,10.2127,14.8983,0.1228,25.316,526,47.0, -> desk (47.0%)
frame_000003,-1.0,10.2483,13.611,0.1754,24.1568,532,20.67, -> dining table (20.7%)
frame_000004,-1.0,10.0835,13.7999,0.1736,24.1649,532,17.63, -> dining table (17.6%)
frame_000005,-1.0,10.1635,15.4938,0.1202,25.8607,532,13.46, -> dining table (13.5%)
frame_000006,-1.0,9.9394,14.8,0.1542,24.9781,526,16.34, -> desk (16.3%)
frame_000007,-1.0,13.0967,15.0655,0.1127,28.3569,526,10.1, -> desk (10.1%)
frame_000008,-1.0,13.8383,14.2753,0.1747,28.406,526,12.22, -> desk (12.2%)
frame_000009,-1.0,10.2453,16.3737,0.1265,26.8323,526,12.3, -> desk (12.3%)
frame_000010,-1.0,10.292,12.9043,0.185,23.4988,526,13.71, -> desk (13.7%)
frame_000011,-1.0,11.6972,14.8576,0.1119,26.7476,526,12.32, -> desk (12.3%)
frame_000012,-1.0,10.4862,18.472,0.15,29.2118,526,12.89, -> desk (12.9%)
frame_000013,-1.0,10.3125,14.2475,0.1605,24.8044,526,14.53, -> desk (14.5%)
frame_000014,-1.0,10.2548,13.7907,0.1749,24.3366,526,13.9, -> desk (13.9%)
frame_000015,-1.0,10.2609,13.7284,0.1725,24.2939,526,13.23, -> desk (13.2%)
frame_000016,-1.0,9.976,30.9285,0.2658,41.3932,526,12.2, -> desk (12.2%)
frame_000017,-1.0,10.6398,13.9769,0.1735,24.9095,532,22.01, -> dining table (22.0%)
frame_000018,-1.0,10.0309,12.665,0.1735,22.988,532,49.02, -> dining table (49.0%)
frame_000019,-1.0,13.3663,17.3535,0.1385,30.9583,532,49.42, -> dining table (49.4%)
frame_000020,-1.0,10.6108,12.6313,0.1735,23.5352,532,22.17, -> dining table (22.2%)
frame_000021,-1.0,10.3138,15.5664,0.1223,26.089,526,22.5, -> desk (22.5%)
frame_000022,-1.0,10.2734,16.2168,0.1487,26.7435,526,20.88, -> desk (20.9%)
frame_000023,-1.0,10.3109,13.8575,0.1738,24.4634,526,20.23, -> desk (20.2%)
frame_000024,-1.0,10.2002,14.0063,0.1746,24.5152,526,17.82, -> desk (17.8%)
frame_000025,-1.0,10.448,17.5786,0.1476,28.2691,526,16.59, -> desk (16.6%)
frame_000026,-1.0,10.0997,14.2973,0.1385,24.6248,526,17.91, -> desk (17.9%)
frame_000027,-1.0,9.9344,16.4635,0.1252,26.6093,526,17.34, -> desk (17.3%)
frame_000028,-1.0,10.0471,18.997,0.1331,29.2718,526,16.1, -> desk (16.1%)
frame_000029,-1.0,10.0787,14.3729,0.0956,24.6172,526,18.45, -> desk (18.5%)
frame_000030,-1.0,10.1251,17.1835,0.1322,27.5248,526,16.28, -> desk (16.3%)
frame_000031,-1.0,10.8908,13.8522,0.1723,25.0336,526,16.44, -> desk (16.4%)
frame_000032,-1.0,10.2279,14.2319,0.0909,24.6158,526,14.66, -> desk (14.7%)
frame_000033,-1.0,10.2709,13.1708,0.2417,23.8035,526,13.7, -> desk (13.7%)
frame_000034,-1.0,12.6872,16.063,0.1175,28.9431,526,15.18, -> desk (15.2%)
frame_000035,-1.0,10.6524,14.1093,0.1768,25.0569,526,14.01, -> desk (14.0%)
frame_000036,-1.0,10.0486,13.0598,0.1623,23.3811,526,16.81, -> desk (16.8%)
frame_000037,-1.0,12.7176,13.9811,0.1768,27.0106,526,15.63, -> desk (15.6%)
frame_000038,-1.0,10.0164,20.9542,0.1539,31.2315,526,16.25, -> desk (16.2%)
frame_000039,-1.0,12.0818,15.9676,0.0928,28.2136,526,17.47, -> desk (17.5%)
frame_000040,-1.0,10.3124,17.5371,0.1031,28.0292,526,17.89, -> desk (17.9%)
frame_000041,-1.0,10.0245,17.5654,0.1204,27.7927,532,46.8, -> dining table (46.8%)
frame_000042,-1.0,10.3732,18.9271,0.1456,29.5402,532,9.1, -> dining table (9.1%)
frame_000043,-1.0,10.2418,13.3934,0.1728,23.9284,532,7.94, -> dining table (7.9%)
frame_000044,-1.0,10.0045,16.7246,0.0957,26.8935,532,15.86, -> dining table (15.9%)
frame_000045,-1.0,10.3838,13.6527,0.1742,24.3329,526,24.54, -> desk (24.5%)
frame_000046,-1.0,10.0015,14.3276,0.1114,24.5172,526,24.96, -> desk (25.0%)
frame_000047,-1.0,10.1269,17.8617,0.1252,28.2047,526,24.54, -> desk (24.5%)
frame_000048,-1.0,10.1325,13.5067,0.1772,23.942,526,30.09, -> desk (30.1%)
frame_000049,-1.0,11.1238,12.7766,0.176,24.197,526,24.46, -> desk (24.5%)
frame_000050,-1.0,10.3379,15.2715,0.1192,25.808,526,25.83, -> desk (25.8%)
frame_000051,-1.0,10.1519,14.2449,0.1354,24.612,526,26.15, -> desk (26.2%)
frame_000052,-1.0,10.2171,13.4786,0.1753,23.9906,526,25.4, -> desk (25.4%)
frame_000053,-1.0,10.4894,13.2797,0.179,24.0727,526,26.8, -> desk (26.8%)
frame_000054,-1.0,12.8371,17.8189,0.1339,30.885,526,25.41, -> desk (25.4%)
frame_000055,-1.0,12.1691,13.0846,0.1731,25.5479,526,25.88, -> desk (25.9%)
frame_000056,-1.0,10.5465,14.7386,0.121,25.49,526,24.97, -> desk (25.0%)
frame_000057,-1.0,10.2731,16.5253,0.1076,26.9882,526,25.81, -> desk (25.8%)
frame_000058,-1.0,13.2538,14.8848,0.0977,28.3206,526,23.18, -> desk (23.2%)
frame_000059,-1.0,10.1416,16.1156,0.1106,26.4444,526,32.73, -> desk (32.7%)
frame_000060,-1.0,12.8692,17.526,0.1062,30.5773,526,32.13, -> desk (32.1%)
frame_000061,-1.0,16.2484,14.3327,0.1776,30.8804,526,29.2, -> desk (29.2%)
frame_000062,-1.0,13.1401,14.9669,0.0899,28.2634,532,32.17, -> dining table (32.2%)
frame_000063,-1.0,13.8969,16.6026,0.1123,30.6897,598,7.39, -> home theater (7.4%)
frame_000064,-1.0,10.1634,13.8726,0.1744,24.3312,526,28.15, -> desk (28.2%)
frame_000065,-1.0,10.1818,12.8484,0.1772,23.3267,526,36.66, -> desk (36.7%)
frame_000066,-1.0,12.7909,14.7384,0.0945,27.6929,526,42.25, -> desk (42.2%)
frame_000067,-1.0,13.0316,15.8469,0.127,29.0811,526,23.67, -> desk (23.7%)
frame_000068,-1.0,10.5114,15.6673,0.094,26.3392,423,11.95, -> barber chair (11.9%)
frame_000069,-1.0,10.2976,19.1982,0.1637,29.7749,526,9.83, -> desk (9.8%)
frame_000070,-1.0,10.0195,14.5229,0.1157,24.7429,670,5.38, -> motor scooter (5.4%)
frame_000071,-1.0,10.0951,16.8175,0.1636,27.1939,665,9.34, -> moped (9.3%)
frame_000072,-1.0,10.1353,16.2948,0.1677,26.7015,670,7.48, -> motor scooter (7.5%)
frame_000073,-1.0,10.2103,16.1173,0.1604,26.5976,665,11.71, -> moped (11.7%)
frame_000074,-1.0,10.1226,14.6396,0.1253,24.9808,665,8.98, -> moped (9.0%)
frame_000075,-1.0,10.9623,14.4688,0.1566,25.673,665,3.76, -> moped (3.8%)
frame_000076,-1.0,10.3658,14.5931,0.1327,25.178,829,1.97, -> streetcar (2.0%)
frame_000077,-1.0,10.1432,17.8232,0.1516,28.2206,526,15.54, -> desk (15.5%)
frame_000078,-1.0,10.1497,12.7946,0.1755,23.2383,526,20.78, -> desk (20.8%)
frame_000079,-1.0,10.3778,13.1502,0.1889,23.8366,526,11.75, -> desk (11.8%)
frame_000080,-1.0,10.0969,14.4461,0.13,24.7634,526,8.63, -> desk (8.6%)
frame_000081,-1.0,11.2293,17.0079,0.1846,28.5439,651,4.05, -> microwave (4.1%)
frame_000082,-1.0,10.3524,15.2739,0.1492,25.8713,526,5.01, -> desk (5.0%)
frame_000083,-1.0,10.2284,15.6477,0.1425,26.117,598,4.86, -> home theater (4.9%)
frame_000084,-1.0,10.1109,14.9081,0.125,25.2283,526,4.41, -> desk (4.4%)
frame_000085,-1.0,10.4175,15.9231,0.121,26.5458,526,3.09, -> desk (3.1%)
frame_000086,-1.0,10.2046,13.5331,0.1757,24.0353,526,3.91, -> desk (3.9%)
frame_000087,-1.0,12.959,14.0,0.1883,27.2698,526,3.56, -> desk (3.6%)
frame_000088,-1.0,10.1921,14.72,0.1265,25.1242,876,5.63, -> tub (5.6%)
frame_000089,-1.0,10.05,14.5873,0.1189,24.8411,884,4.12, -> vault (4.1%)
frame_000090,-1.0,10.1115,13.1107,0.1748,23.5143,799,3.05, -> sliding door (3.0%)
frame_000091,-1.0,10.1037,16.1144,0.1439,26.4599,799,3.26, -> sliding door (3.3%)
frame_000092,-1.0,13.2611,17.861,0.1494,31.3753,884,3.84, -> vault (3.8%)
frame_000093,-1.0,13.3576,14.9908,0.1725,28.6403,884,5.66, -> vault (5.7%)
frame_000094,-1.0,10.2293,14.917,0.1127,25.3376,799,3.98, -> sliding door (4.0%)
frame_000095,-1.0,9.9909,15.2885,0.1279,25.4948,884,6.17, -> vault (6.2%)
frame_000096,-1.0,13.5702,15.0117,0.1335,28.8297,884,7.53, -> vault (7.5%)
frame_000097,-1.0,9.9992,15.5216,0.1243,25.7334,799,4.55, -> sliding door (4.5%)
frame_000098,-1.0,12.9394,17.8093,0.131,30.9772,799,4.58, -> sliding door (4.6%)
frame_000099,-1.0,10.387,15.8325,0.1154,26.4157,706,6.01, -> patio (6.0%)
frame_000100,-1.0,10.0809,14.6769,0.1166,24.955,876,7.72, -> tub (7.7%)
frame_000101,-1.0,13.8042,13.7546,0.111,27.7483,799,6.32, -> sliding door (6.3%)
frame_000102,-1.0,17.9875,13.8166,0.0972,31.9798,706,6.72, -> patio (6.7%)
frame_000103,-1.0,13.5905,12.4662,0.1633,26.3318,884,7.61, -> vault (7.6%)
frame_000104,-1.0,11.9751,18.9948,0.15,31.2267,884,5.2, -> vault (5.2%)
frame_000105,-1.0,10.355,12.8464,0.1851,23.505,876,5.84, -> tub (5.8%)
frame_000106,-1.0,10.0982,14.3037,0.1042,24.5857,876,7.57, -> tub (7.6%)
frame_000107,-1.0,10.0778,15.6814,0.1216,25.9675,876,4.93, -> tub (4.9%)
frame_000108,-1.0,10.0954,14.3304,0.1059,24.6047,876,5.92, -> tub (5.9%)
frame_000109,-1.0,12.6087,14.6153,0.099,27.3946,884,4.02, -> vault (4.0%)
frame_000110,-1.0,9.9422,14.2312,0.1018,24.3503,876,4.99, -> tub (5.0%)
frame_000111,-1.0,9.9562,16.4672,0.1309,26.6525,884,5.38, -> vault (5.4%)
frame_000112,-1.0,10.1614,14.6023,0.1131,24.9502,799,5.18, -> sliding door (5.2%)
frame_000113,-1.0,13.3757,15.1809,0.1055,28.7372,884,15.9, -> vault (15.9%)
frame_000114,-1.0,10.1282,14.3625,0.1788,24.7727,884,9.28, -> vault (9.3%)
frame_000115,-1.0,10.0599,14.0263,0.1204,24.2847,884,8.42, -> vault (8.4%)
frame_000116,-1.0,14.0829,14.8049,0.0932,29.054,884,7.47, -> vault (7.5%)
frame_000117,-1.0,12.1273,19.7462,0.1525,32.1313,884,5.94, -> vault (5.9%)
frame_000118,-1.0,37.3774,13.6755,0.3022,51.5056,884,5.99, -> vault (6.0%)
frame_000119,-1.0,10.6712,13.4528,0.1728,24.4153,884,11.6, -> vault (11.6%)
frame_000120,-1.0,10.0969,19.0403,0.147,29.3875,884,11.0, -> vault (11.0%)
frame_000121,-1.0,10.0923,14.609,0.1535,24.9593,884,5.04, -> vault (5.0%)
frame_000122,-1.0,10.0034,16.0606,0.1238,26.2891,884,8.49, -> vault (8.5%)
frame_000123,-1.0,10.0361,14.6634,0.1198,24.9046,884,11.07, -> vault (11.1%)
frame_000124,-1.0,13.7679,14.2197,0.102,28.1635,884,9.71, -> vault (9.7%)
frame_000125,-1.0,11.9364,13.4734,0.1776,25.666,884,5.05, -> vault (5.0%)
frame_000126,-1.0,10.3306,15.1399,0.1168,25.6718,884,6.76, -> vault (6.8%)
frame_000127,-1.0,10.0926,14.0298,0.197,24.4254,884,5.79, -> vault (5.8%)
frame_000128,-1.0,10.0786,14.3665,0.1298,24.6667,884,10.25, -> vault (10.2%)
frame_000129,-1.0,10.5306,14.9223,0.1174,25.6473,884,10.27, -> vault (10.3%)
frame_000130,-1.0,10.079,16.8104,0.1237,27.0993,884,17.38, -> vault (17.4%)
frame_000131,-1.0,10.1359,14.8751,0.1153,25.2182,884,10.35, -> vault (10.4%)
frame_000132,-1.0,10.1526,14.3837,0.1821,24.7963,884,16.65, -> vault (16.6%)
frame_000133,-1.0,10.9772,17.9863,0.1372,29.1915,884,14.11, -> vault (14.1%)
frame_000134,-1.0,10.2903,14.6346,0.0873,25.0807,884,25.17, -> vault (25.2%)
frame_000135,-1.0,9.9492,15.0931,0.107,25.2257,884,22.9, -> vault (22.9%)
frame_000136,-1.0,16.313,19.742,0.146,36.307,884,11.08, -> vault (11.1%)
frame_000137,-1.0,10.3062,15.3785,0.1169,25.8808,884,19.5, -> vault (19.5%)
frame_000138,-1.0,10.2903,15.121,0.1146,25.6069,884,10.32, -> vault (10.3%)
frame_000139,-1.0,10.0793,16.117,0.1218,26.4047,884,5.85, -> vault (5.8%)
frame_000140,-1.0,10.1784,13.8033,0.1729,24.2289,884,9.6, -> vault (9.6%)
frame_000141,-1.0,10.0317,14.6586,0.108,24.8744,884,9.02, -> vault (9.0%)
frame_000142,-1.0,10.4337,14.6781,0.1153,25.3008,884,13.97, -> vault (14.0%)
frame_000143,-1.0,10.2178,13.3229,0.1877,23.8474,884,10.97, -> vault (11.0%)
frame_000144,-1.0,10.2144,21.0264,0.1593,31.5099,884,11.0, -> vault (11.0%)
frame_000145,-1.0,13.3473,14.9526,0.1,28.4702,884,9.79, -> vault (9.8%)
frame_000146,-1.0,10.2336,14.2679,0.1781,24.8001,884,9.78, -> vault (9.8%)
frame_000147,-1.0,13.018,14.1878,0.1789,27.508,884,9.03, -> vault (9.0%)
frame_000148,-1.0,22.2023,15.4543,0.0932,37.8182,884,18.98, -> vault (19.0%)
frame_000149,-1.0,13.5906,13.3605,0.1774,27.2753,884,14.88, -> vault (14.9%)
frame_000150,-1.0,10.2318,12.9448,0.1772,23.4729,884,5.37, -> vault (5.4%)
frame_000151,-1.0,10.024,15.573,0.098,25.7662,884,18.03, -> vault (18.0%)
frame_000152,-1.0,10.0964,16.426,0.1224,26.7307,884,10.09, -> vault (10.1%)
frame_000153,-1.0,15.394,13.3162,0.174,29.0027,884,12.93, -> vault (12.9%)
frame_000154,-1.0,10.3197,18.3538,0.1185,28.8808,884,17.55, -> vault (17.6%)
frame_000155,-1.0,13.1882,14.7249,0.1396,28.1231,884,10.86, -> vault (10.9%)
frame_000156,-1.0,10.5568,14.6739,0.089,25.3846,884,9.97, -> vault (10.0%)
frame_000157,-1.0,11.477,15.0811,0.0959,26.7222,884,12.34, -> vault (12.3%)
frame_000158,-1.0,10.2408,17.7984,0.1162,28.2355,884,12.22, -> vault (12.2%)
frame_000159,-1.0,10.5722,13.7007,0.1792,24.568,884,14.63, -> vault (14.6%)
frame_000160,-1.0,16.0724,13.3328,0.1738,29.6988,884,12.87, -> vault (12.9%)
frame_000161,-1.0,10.7529,15.8591,0.1233,26.8149,884,18.42, -> vault (18.4%)
frame_000162,-1.0,10.066,13.6166,0.1845,23.9902,884,9.68, -> vault (9.7%)
frame_000163,-1.0,12.8041,13.1392,0.1767,26.2398,884,4.8, -> vault (4.8%)
frame_000164,-1.0,10.0268,13.7281,0.1905,24.0662,884,3.0, -> vault (3.0%)
frame_000165,-1.0,9.978,15.4339,0.1218,25.6185,884,4.46, -> vault (4.5%)
frame_000166,-1.0,10.1031,13.8188,0.1759,24.2179,884,6.12, -> vault (6.1%)
frame_000167,-1.0,13.3802,15.6383,0.1347,29.2444,884,5.81, -> vault (5.8%)
frame_000168,-1.0,11.9745,17.7681,0.149,30.0127,884,18.1, -> vault (18.1%)
frame_000169,-1.0,13.6319,15.9746,0.1417,29.8378,884,3.91, -> vault (3.9%)
frame_000170,-1.0,11.9223,14.456,0.1317,26.5964,884,6.36, -> vault (6.4%)
frame_000171,-1.0,10.0988,20.151,0.1769,30.5436,884,10.17, -> vault (10.2%)
frame_000172,-1.0,10.2777,16.8706,0.1612,27.421,884,17.61, -> vault (17.6%)
frame_000173,-1.0,10.164,15.9607,0.1495,26.3742,884,12.9, -> vault (12.9%)
frame_000174,-1.0,10.0003,14.3169,0.1343,24.5399,884,30.78, -> vault (30.8%)
frame_000175,-1.0,10.4671,13.561,0.1817,24.3267,884,9.07, -> vault (9.1%)
frame_000176,-1.0,10.1105,15.3644,0.1294,25.6972,884,25.86, -> vault (25.9%)
frame_000177,-1.0,10.1937,17.1438,0.1515,27.5923,884,23.54, -> vault (23.5%)
frame_000178,-1.0,14.558,13.5217,0.1747,28.3723,884,24.51, -> vault (24.5%)
frame_000179,-1.0,13.9297,13.6939,0.1035,27.8061,884,26.11, -> vault (26.1%)
frame_000180,-1.0,16.5857,19.7814,0.1604,36.649,884,15.51, -> vault (15.5%)
frame_000181,-1.0,12.0397,14.3396,0.1152,26.5713,884,10.23, -> vault (10.2%)
frame_000182,-1.0,10.215,14.0341,0.1019,24.4308,706,6.17, -> patio (6.2%)
frame_000183,-1.0,10.6397,13.9475,0.1764,24.9009,897,6.56, -> washer (6.6%)
frame_000184,-1.0,10.6759,13.646,0.1726,24.617,897,13.15, -> washer (13.1%)
frame_000185,-1.0,10.2609,14.3381,0.1085,24.7839,897,8.72, -> washer (8.7%)
frame_000186,-1.0,10.1459,14.8905,0.1311,25.2642,897,16.11, -> washer (16.1%)
frame_000187,-1.0,10.1407,19.2148,0.1866,29.6708,897,13.3, -> washer (13.3%)
frame_000188,-1.0,10.6358,14.3379,0.177,25.2705,897,9.21, -> washer (9.2%)
frame_000189,-1.0,10.1816,14.336,0.1786,24.7945,897,11.65, -> washer (11.6%)
frame_000190,-1.0,11.1546,12.8314,0.1752,24.2801,897,12.23, -> washer (12.2%)
frame_000191,-1.0,11.2457,15.0222,0.1305,26.4832,897,10.01, -> washer (10.0%)
frame_000192,-1.0,10.296,13.8843,0.1731,24.4717,897,14.55, -> washer (14.5%)
frame_000193,-1.0,10.1552,21.8474,0.2379,32.3975,897,19.72, -> washer (19.7%)
frame_000194,-1.0,10.6881,14.5104,0.1208,25.3929,897,16.22, -> washer (16.2%)
frame_000195,-1.0,10.0331,12.8182,0.1792,23.1522,897,8.4, -> washer (8.4%)
frame_000196,-1.0,13.0312,17.2535,0.1229,30.4903,897,12.6, -> washer (12.6%)
frame_000197,-1.0,10.2105,15.2084,0.114,25.6127,534,17.75, -> dishwasher (17.7%)
frame_000198,-1.0,10.1747,15.6382,0.1065,26.0019,534,23.76, -> dishwasher (23.8%)
frame_000199,-1.0,9.9837,16.8275,0.1432,27.0532,534,23.2, -> dishwasher (23.2%)
frame_000200,-1.0,10.1023,13.5746,0.1719,23.9687,534,19.16, -> dishwasher (19.2%)
frame_000201,-1.0,13.3204,14.6588,0.1732,28.2656,534,38.78, -> dishwasher (38.8%)
frame_000202,-1.0,11.9453,17.032,0.1349,29.2124,534,20.46, -> dishwasher (20.5%)
frame_000203,-1.0,10.1378,18.0362,0.1571,28.4644,534,26.25, -> dishwasher (26.3%)
frame_000204,-1.0,10.2796,13.3604,0.1733,23.9341,534,27.87, -> dishwasher (27.9%)
frame_000205,-1.0,10.2055,14.0494,0.1738,24.5426,534,21.9, -> dishwasher (21.9%)
frame_000206,-1.0,10.3147,16.3985,0.1396,26.9493,534,22.25, -> dishwasher (22.2%)
frame_000207,-1.0,10.6076,15.8561,0.1387,26.6958,534,15.31, -> dishwasher (15.3%)
frame_000208,-1.0,20.741,15.0157,0.1665,36.0178,534,15.45, -> dishwasher (15.5%)
frame_000209,-1.0,10.4515,19.0792,0.1521,29.7902,534,20.97, -> dishwasher (21.0%)
frame_000210,-1.0,12.5603,18.3332,0.1624,31.1533,534,13.81, -> dishwasher (13.8%)
frame_000211,-1.0,10.3164,15.6387,0.11,26.149,534,12.55, -> dishwasher (12.5%)
frame_000212,-1.0,10.1509,19.7767,0.2179,30.2737,651,11.17, -> microwave (11.2%)
frame_000213,-1.0,14.3975,13.0629,0.1744,27.755,651,12.52, -> microwave (12.5%)
frame_000214,-1.0,15.2546,16.1154,0.1048,31.5538,651,25.8, -> microwave (25.8%)
frame_000215,-1.0,12.1637,16.1124,0.1074,28.4584,651,16.38, -> microwave (16.4%)
frame_000216,-1.0,10.1091,16.8742,0.1244,27.2151,662,5.35, -> modem (5.4%)
frame_000217,-1.0,11.3957,14.3011,0.1776,25.9942,651,9.24, -> microwave (9.2%)
frame_000218,-1.0,10.1896,15.5827,0.1192,25.9691,651,11.44, -> microwave (11.4%)
frame_000219,-1.0,10.0683,20.1256,0.1911,30.522,782,4.24, -> screen (4.2%)
frame_000220,-1.0,10.1559,12.6244,0.1722,23.0721,651,4.64, -> microwave (4.6%)
frame_000221,-1.0,14.1471,15.7183,0.1584,30.1227,651,4.3, -> microwave (4.3%)
frame_000222,-1.0,12.1381,13.787,0.1756,26.2219,782,4.63, -> screen (4.6%)
frame_000223,-1.0,10.2555,13.7033,0.1741,24.2681,651,5.05, -> microwave (5.1%)
frame_000224,-1.0,10.3972,13.2228,0.1735,23.9126,662,6.91, -> modem (6.9%)
frame_000225,-1.0,12.9153,17.3373,0.1486,30.5036,662,8.14, -> modem (8.1%)
frame_000226,-1.0,10.1015,14.1922,0.1425,24.5365,662,5.49, -> modem (5.5%)
frame_000227,-1.0,10.3258,13.7768,0.1761,24.3986,662,4.69, -> modem (4.7%)
frame_000228,-1.0,10.2352,16.3115,0.1502,26.8004,782,6.43, -> screen (6.4%)
frame_000229,-1.0,9.9871,14.5578,0.1304,24.7705,851,6.48, -> television (6.5%)
frame_000230,-1.0,10.1023,13.7093,0.1769,24.1208,782,8.63, -> screen (8.6%)
frame_000231,-1.0,10.1251,17.9546,0.148,28.3299,782,8.79, -> screen (8.8%)
frame_000232,-1.0,10.1367,15.9281,0.1201,26.2673,782,6.5, -> screen (6.5%)
frame_000233,-1.0,10.0347,14.3675,0.125,24.6178,782,5.74, -> screen (5.7%)
frame_000234,-1.0,10.0976,19.3022,0.154,29.6642,548,8.05, -> entertainment center (8.1%)
frame_000235,-1.0,12.9966,14.1587,0.1796,27.4551,548,12.53, -> entertainment center (12.5%)
frame_000236,-1.0,10.0467,14.7288,0.1098,24.9623,548,12.3, -> entertainment center (12.3%)
frame_000237,-1.0,10.079,14.4005,0.1037,24.6582,851,7.54, -> television (7.5%)
frame_000238,-1.0,13.1777,14.0591,0.1784,27.5342,548,12.52, -> entertainment center (12.5%)
frame_000239,-1.0,9.9466,15.611,0.0895,25.7114,651,11.83, -> microwave (11.8%)
frame_000240,-1.0,12.8969,13.4394,0.1739,26.6294,651,13.54, -> microwave (13.5%)
frame_000241,-1.0,34.3257,14.5059,0.1053,49.0019,651,14.02, -> microwave (14.0%)
frame_000242,-1.0,12.2637,15.2627,0.0854,27.6759,651,9.4, -> microwave (9.4%)
frame_000243,-1.0,10.0169,13.4647,0.1749,23.776,548,14.13, -> entertainment center (14.1%)
frame_000244,-1.0,15.4039,14.6112,0.1774,30.2619,651,11.06, -> microwave (11.1%)
frame_000245,-1.0,11.4979,20.5605,0.1631,32.3196,526,15.3, -> desk (15.3%)
frame_000246,-1.0,10.1264,16.9548,0.0943,27.2408,526,16.59, -> desk (16.6%)
frame_000247,-1.0,10.3999,17.9597,0.1251,28.5672,526,17.2, -> desk (17.2%)
frame_000248,-1.0,22.3186,14.0465,0.1592,36.6347,526,13.09, -> desk (13.1%)
frame_000249,-1.0,10.2378,15.8015,0.1014,26.2105,548,14.35, -> entertainment center (14.4%)
frame_000250,-1.0,9.9049,14.5851,0.0968,24.6604,526,17.86, -> desk (17.9%)
frame_000251,-1.0,11.1451,14.1999,0.1826,25.6501,548,8.49, -> entertainment center (8.5%)
frame_000252,-1.0,10.0908,14.4212,0.084,24.6615,526,16.38, -> desk (16.4%)
frame_000253,-1.0,10.2492,13.952,0.1701,24.4929,526,15.62, -> desk (15.6%)
frame_000254,-1.0,13.2432,13.8817,0.1769,27.4213,598,8.63, -> home theater (8.6%)
frame_000255,-1.0,10.1643,12.7376,0.1776,23.1993,526,9.9, -> desk (9.9%)
frame_000256,-1.0,10.9281,14.73,0.0892,25.8178,526,12.89, -> desk (12.9%)
frame_000257,-1.0,13.5028,14.7155,0.0917,28.3811,526,19.42, -> desk (19.4%)
frame_000258,-1.0,10.0225,13.1267,0.1766,23.443,526,21.67, -> desk (21.7%)
frame_000259,-1.0,10.1898,12.9685,0.1771,23.4542,526,30.86, -> desk (30.9%)
frame_000260,-1.0,11.0331,14.5383,0.0966,25.7349,526,27.49, -> desk (27.5%)
frame_000261,-1.0,9.9962,17.6372,0.1425,27.8636,526,31.22, -> desk (31.2%)
frame_000262,-1.0,10.1449,18.4371,0.1575,28.8375,526,32.48, -> desk (32.5%)
frame_000263,-1.0,13.4112,14.8074,0.1734,28.5118,526,40.84, -> desk (40.8%)
frame_000264,-1.0,10.3479,16.1659,0.1287,26.7463,526,28.55, -> desk (28.5%)
frame_000265,-1.0,10.2033,16.0026,0.0954,26.3803,526,23.16, -> desk (23.2%)
frame_000266,-1.0,10.155,16.9581,0.1058,27.2917,526,20.52, -> desk (20.5%)
frame_000267,-1.0,13.2007,15.5279,0.0833,28.8765,526,27.56, -> desk (27.6%)
frame_000268,-1.0,10.3154,13.0429,0.1759,23.6524,526,16.06, -> desk (16.1%)
frame_000269,-1.0,10.1968,14.6985,0.0842,25.043,526,29.05, -> desk (29.1%)
frame_000270,-1.0,10.1613,14.0519,0.1067,24.3909,526,11.55, -> desk (11.5%)
frame_000271,-1.0,10.3383,13.8881,0.178,24.5297,742,12.76, -> printer (12.8%)
frame_000272,-1.0,10.0466,16.8794,0.1151,27.1194,527,9.43, -> desktop computer (9.4%)
frame_000273,-1.0,10.2447,16.0714,0.1024,26.4851,527,15.69, -> desktop computer (15.7%)
frame_000274,-1.0,11.7316,13.085,0.177,25.1403,527,13.08, -> desktop computer (13.1%)
frame_000275,-1.0,10.137,12.4288,0.174,22.8598,527,10.26, -> desktop computer (10.3%)
frame_000276,-1.0,10.0953,16.8207,0.0885,27.0696,527,12.4, -> desktop computer (12.4%)
frame_000277,-1.0,10.2549,14.9731,0.0848,25.38,527,12.44, -> desktop computer (12.4%)
frame_000278,-1.0,10.1789,14.3231,0.1013,24.6699,527,11.28, -> desktop computer (11.3%)
frame_000279,-1.0,10.0436,15.2118,0.0864,25.4103,742,9.91, -> printer (9.9%)
frame_000280,-1.0,10.3768,14.5927,0.0834,25.1252,742,15.3, -> printer (15.3%)
frame_000281,-1.0,13.1114,13.9159,0.1764,27.3231,526,13.58, -> desk (13.6%)
frame_000282,-1.0,16.6172,14.7642,0.0824,31.5296,526,16.89, -> desk (16.9%)
frame_000283,-1.0,10.2833,14.8634,0.082,25.289,526,20.56, -> desk (20.6%)
frame_000284,-1.0,10.1083,13.8078,0.1767,24.2173,526,17.45, -> desk (17.4%)
frame_000285,-1.0,10.105,17.3551,0.092,27.6237,526,19.96, -> desk (20.0%)
frame_000286,-1.0,10.4682,15.1498,0.0953,25.7845,526,19.82, -> desk (19.8%)
frame_000287,-1.0,10.1246,14.3408,0.0851,24.6122,526,18.94, -> desk (18.9%)
frame_000288,-1.0,10.5163,15.5753,0.0859,26.2438,526,20.81, -> desk (20.8%)
frame_000289,-1.0,10.0234,27.3171,0.2507,37.8344,526,19.71, -> desk (19.7%)
frame_000290,-1.0,10.5584,13.6624,0.1724,24.5196,526,19.63, -> desk (19.6%)
frame_000291,-1.0,13.0392,13.3004,0.1784,26.6433,526,26.22, -> desk (26.2%)
frame_000292,-1.0,10.2588,15.1187,0.0925,25.5396,526,19.07, -> desk (19.1%)
frame_000293,-1.0,12.3085,14.0262,0.1933,26.6493,526,19.73, -> desk (19.7%)
frame_000294,-1.0,10.2542,13.6566,0.1761,24.2058,526,23.17, -> desk (23.2%)
frame_000295,-1.0,16.138,13.172,0.174,29.6054,526,15.37, -> desk (15.4%)
frame_000296,-1.0,10.4361,16.3337,0.0975,26.9428,526,14.86, -> desk (14.9%)
frame_000297,-1.0,13.294,14.3953,0.1607,27.9329,526,16.62, -> desk (16.6%)
frame_000298,-1.0,13.1157,19.5749,0.1438,32.9372,526,20.68, -> desk (20.7%)
frame_000299,-1.0,10.1232,13.2544,0.1723,23.68,526,24.47, -> desk (24.5%)
frame_000300,-1.0,13.0466,23.6209,0.2687,37.1353,526,20.42, -> desk (20.4%)
frame_000301,-1.0,10.5969,17.0568,0.1727,27.9453,526,20.73, -> desk (20.7%)
frame_000302,-1.0,13.2172,14.0488,0.1748,27.5622,526,16.2, -> desk (16.2%)
frame_000303,-1.0,10.2644,12.5092,0.1864,23.0767,526,18.82, -> desk (18.8%)
frame_000304,-1.0,11.3221,15.1764,0.0932,26.659,526,19.59, -> desk (19.6%)
frame_000305,-1.0,10.6901,13.5954,0.1741,24.5811,526,22.22, -> desk (22.2%)
frame_000306,-1.0,10.3331,13.8431,0.1791,24.485,526,12.66, -> desk (12.7%)
frame_000307,-1.0,10.2121,16.1859,0.0938,26.5587,526,16.7, -> desk (16.7%)
frame_000308,-1.0,14.841,26.3189,0.2426,41.5659,526,13.35, -> desk (13.4%)
frame_000309,-1.0,10.7433,13.776,0.1743,24.8182,526,16.96, -> desk (17.0%)
frame_000310,-1.0,10.6247,13.0986,0.1749,24.0187,526,18.86, -> desk (18.9%)
frame_000311,-1.0,12.7037,17.077,0.1293,29.9938,526,19.37, -> desk (19.4%)
frame_000312,-1.0,10.0893,16.259,0.1039,26.5251,526,17.12, -> desk (17.1%)
frame_000313,-1.0,10.1555,14.8226,0.1114,25.1662,526,16.94, -> desk (16.9%)
frame_000314,-1.0,12.7164,15.0295,0.1105,27.9265,526,14.9, -> desk (14.9%)
frame_000315,-1.0,10.4513,13.69,0.1866,24.4493,526,15.3, -> desk (15.3%)
frame_000316,-1.0,10.0539,13.6474,0.1751,23.9967,526,13.39, -> desk (13.4%)
frame_000317,-1.0,13.2835,16.6974,0.1231,30.1882,526,11.36, -> desk (11.4%)
frame_000318,-1.0,10.3102,17.9338,0.1403,28.4819,548,11.27, -> entertainment center (11.3%)
frame_000319,-1.0,10.3217,12.9432,0.1761,23.5607,742,17.94, -> printer (17.9%)
frame_000320,-1.0,12.8719,13.4186,0.1744,26.5822,742,35.89, -> printer (35.9%)
frame_000321,-1.0,10.123,13.7372,0.1896,24.1718,742,29.01, -> printer (29.0%)
frame_000322,-1.0,10.2347,14.8183,0.1249,25.2665,742,11.79, -> printer (11.8%)
frame_000323,-1.0,10.041,13.5876,0.2009,23.9529,526,22.2, -> desk (22.2%)
frame_000324,-1.0,15.0055,18.4831,0.124,33.699,526,32.15, -> desk (32.2%)
frame_000325,-1.0,10.1838,14.5166,0.1345,24.9136,526,37.36, -> desk (37.4%)
frame_000326,-1.0,10.0569,15.0475,0.1103,25.2978,526,28.51, -> desk (28.5%)
frame_000327,-1.0,10.3241,21.3813,0.1867,32.066,526,25.03, -> desk (25.0%)
frame_000328,-1.0,10.5183,14.5771,0.1692,25.3711,526,27.77, -> desk (27.8%)
frame_000329,-1.0,10.0568,14.1237,0.1467,24.4152,526,41.47, -> desk (41.5%)
frame_000330,-1.0,10.303,14.2349,0.1756,24.8314,526,36.11, -> desk (36.1%)
frame_000331,-1.0,13.0847,15.1462,0.1084,28.4174,526,31.73, -> desk (31.7%)
frame_000332,-1.0,10.0376,14.954,0.1591,25.2336,526,34.24, -> desk (34.2%)
frame_000333,-1.0,10.141,14.397,0.1793,24.7927,526,33.89, -> desk (33.9%)
frame_000334,-1.0,10.2545,13.6905,0.2031,24.2677,526,27.94, -> desk (27.9%)
frame_000335,-1.0,10.4366,16.092,0.1209,26.7325,526,30.76, -> desk (30.8%)
frame_000336,-1.0,10.1195,14.7744,0.1345,25.1169,526,36.58, -> desk (36.6%)
frame_000337,-1.0,10.2874,13.8664,0.176,24.4512,526,32.08, -> desk (32.1%)
frame_000338,-1.0,13.4115,14.4657,0.1839,28.2002,526,29.19, -> desk (29.2%)
frame_000339,-1.0,10.1961,17.3766,0.1372,27.8039,632,7.18, -> loudspeaker (7.2%)
frame_000340,-1.0,25.2247,15.4004,0.085,40.7723,526,29.01, -> desk (29.0%)
frame_000341,-1.0,11.1028,15.9565,0.0954,27.2241,526,25.3, -> desk (25.3%)
frame_000342,-1.0,10.1738,16.6542,0.1285,27.0433,526,7.19, -> desk (7.2%)
frame_000343,-1.0,10.3128,14.7145,0.1254,25.237,526,9.25, -> desk (9.2%)
frame_000344,-1.0,10.2773,13.8292,0.1754,24.4046,526,12.44, -> desk (12.4%)
frame_000345,-1.0,10.2144,17.3545,0.1286,27.786,526,31.17, -> desk (31.2%)
frame_000346,-1.0,10.7018,17.8952,0.1463,28.8527,526,14.76, -> desk (14.8%)
frame_000347,-1.0,10.3532,16.1476,0.1175,26.7017,526,35.1, -> desk (35.1%)
frame_000348,-1.0,10.197,14.7627,0.1252,25.168,526,18.35, -> desk (18.3%)
frame_000349,-1.0,10.0267,17.9482,0.151,28.23,526,33.39, -> desk (33.4%)
frame_000350,-1.0,10.2893,13.651,0.1884,24.2484,526,15.11, -> desk (15.1%)
frame_000351,-1.0,10.1866,14.5483,0.1197,24.9453,526,19.95, -> desk (20.0%)
frame_000352,-1.0,10.2129,18.1901,0.1437,28.6521,526,27.11, -> desk (27.1%)
frame_000353,-1.0,10.1271,13.8048,0.1757,24.2311,526,31.01, -> desk (31.0%)
frame_000354,-1.0,10.2107,14.6373,0.1276,25.0565,526,27.84, -> desk (27.8%)
frame_000355,-1.0,10.1033,14.372,0.1201,24.6799,526,14.74, -> desk (14.7%)
frame_000356,-1.0,10.2984,13.6007,0.173,24.1912,651,12.68, -> microwave (12.7%)
frame_000357,-1.0,10.6406,13.6263,0.175,24.564,526,13.01, -> desk (13.0%)
frame_000358,-1.0,10.238,12.8336,0.173,23.3639,526,13.18, -> desk (13.2%)
frame_000359,-1.0,10.1612,20.1175,0.2025,30.6242,526,49.11, -> desk (49.1%)
frame_000360,-1.0,12.8333,13.0479,0.1751,26.1762,526,34.95, -> desk (35.0%)
frame_000361,-1.0,10.1826,13.3887,0.1902,23.8801,526,36.2, -> desk (36.2%)
frame_000362,-1.0,9.9712,16.9017,0.1166,27.0682,526,17.9, -> desk (17.9%)
frame_000363,-1.0,10.4283,13.7433,0.1742,24.4713,526,16.41, -> desk (16.4%)
frame_000364,-1.0,10.599,13.9999,0.1796,24.9034,526,26.37, -> desk (26.4%)
frame_000365,-1.0,10.1331,17.1259,0.1191,27.4573,526,37.43, -> desk (37.4%)
frame_000366,-1.0,10.6491,15.4742,0.0943,26.2822,526,52.73, -> desk (52.7%)
frame_000367,-1.0,10.3279,13.4828,0.1738,24.1114,526,33.01, -> desk (33.0%)
frame_000368,-1.0,10.0468,15.4522,0.1289,25.7112,526,22.16, -> desk (22.2%)
frame_000369,-1.0,10.1932,13.9916,0.1916,24.5006,651,16.27, -> microwave (16.3%)
frame_000370,-1.0,12.9884,13.1819,0.1761,26.4682,534,11.02, -> dishwasher (11.0%)
frame_000371,-1.0,10.0898,14.9306,0.1272,25.2285,526,17.86, -> desk (17.9%)
frame_000372,-1.0,10.1774,16.2384,0.1288,26.6354,526,37.77, -> desk (37.8%)
frame_000373,-1.0,10.9009,14.0486,0.1741,25.2456,526,28.11, -> desk (28.1%)
frame_000374,-1.0,10.0493,17.1285,0.1352,27.4076,526,32.13, -> desk (32.1%)
frame_000375,-1.0,10.2153,13.4403,0.1748,23.9495,526,28.07, -> desk (28.1%)
frame_000376,-1.0,9.9979,18.11,0.1515,28.3768,534,14.49, -> dishwasher (14.5%)
frame_000377,-1.0,10.7335,14.218,0.177,25.25,534,19.28, -> dishwasher (19.3%)
frame_000378,-1.0,10.0012,12.7236,0.1782,23.0228,534,24.77, -> dishwasher (24.8%)
frame_000379,-1.0,10.0001,13.9932,0.1761,24.2784,534,22.57, -> dishwasher (22.6%)
frame_000380,-1.0,10.2951,13.1941,0.1741,23.782,534,20.86, -> dishwasher (20.9%)
frame_000381,-1.0,17.1583,18.937,0.1353,36.3243,534,24.9, -> dishwasher (24.9%)
frame_000382,-1.0,10.2987,16.1235,0.1112,26.6118,534,23.57, -> dishwasher (23.6%)
frame_000383,-1.0,10.1336,13.3887,0.1637,23.7852,534,25.32, -> dishwasher (25.3%)
frame_000384,-1.0,10.4629,14.9183,0.1166,25.5919,534,23.4, -> dishwasher (23.4%)
frame_000385,-1.0,10.1831,12.7772,0.1761,23.2697,534,15.91, -> dishwasher (15.9%)
frame_000386,-1.0,10.0561,15.9245,0.1212,26.1859,534,19.02, -> dishwasher (19.0%)
frame_000387,-1.0,10.6446,16.2008,0.1186,27.0499,534,14.11, -> dishwasher (14.1%)
frame_000388,-1.0,10.1012,13.7301,0.1726,24.124,534,22.65, -> dishwasher (22.6%)
frame_000389,-1.0,10.4401,13.8391,0.1746,24.5737,534,17.2, -> dishwasher (17.2%)
frame_000390,-1.0,10.0255,13.5412,0.1756,23.8626,534,30.46, -> dishwasher (30.5%)
frame_000391,-1.0,11.866,13.0773,0.1724,25.2355,534,32.76, -> dishwasher (32.8%)
frame_000392,-1.0,13.4849,14.4755,0.1147,28.1508,534,23.3, -> dishwasher (23.3%)
frame_000393,-1.0,10.328,14.7164,0.1429,25.27,534,24.21, -> dishwasher (24.2%)
frame_000394,-1.0,10.0275,13.5401,0.1763,23.8648,534,34.07, -> dishwasher (34.1%)
frame_000395,-1.0,11.0151,13.8309,0.1802,25.1602,534,30.99, -> dishwasher (31.0%)
frame_000396,-1.0,10.4068,14.5855,0.1446,25.2189,534,13.86, -> dishwasher (13.9%)
frame_000397,-1.0,10.2081,15.9034,0.1305,26.3321,534,42.0, -> dishwasher (42.0%)
frame_000398,-1.0,10.5346,14.3786,0.177,25.2084,534,34.11, -> dishwasher (34.1%)
frame_000399,-1.0,17.3082,14.4766,0.1768,32.0888,534,26.29, -> dishwasher (26.3%)
frame_000400,-1.0,10.5533,16.5032,0.12,27.2601,534,42.74, -> dishwasher (42.7%)
frame_000401,-1.0,20.337,17.5243,0.1107,38.0566,534,40.99, -> dishwasher (41.0%)
frame_000402,-1.0,10.9057,16.8145,0.1189,27.9237,534,49.73, -> dishwasher (49.7%)
frame_000403,-1.0,12.2879,16.4393,0.1269,28.9401,534,44.19, -> dishwasher (44.2%)
frame_000404,-1.0,9.9894,16.1647,0.1237,26.3827,534,42.32, -> dishwasher (42.3%)
frame_000405,-1.0,16.2008,13.3175,0.1784,29.8147,534,44.38, -> dishwasher (44.4%)
frame_000406,-1.0,10.6305,17.9747,0.1299,28.8327,534,42.67, -> dishwasher (42.7%)
frame_000407,-1.0,12.0227,14.4841,0.1091,26.6932,534,54.19, -> dishwasher (54.2%)
frame_000408,-1.0,19.4677,13.2939,0.1958,33.079,534,47.14, -> dishwasher (47.1%)
frame_000409,-1.0,11.9055,15.1077,0.098,27.1873,534,52.94, -> dishwasher (52.9%)
frame_000410,-1.0,13.6119,14.3007,0.1109,28.0997,534,40.69, -> dishwasher (40.7%)
frame_000411,-1.0,11.9469,14.571,0.1115,26.7076,534,27.17, -> dishwasher (27.2%)
frame_000412,-1.0,9.9836,15.8662,0.139,26.0754,534,16.21, -> dishwasher (16.2%)
frame_000413,-1.0,10.1136,13.4133,0.1736,23.8201,534,10.01, -> dishwasher (10.0%)
frame_000414,-1.0,10.0402,13.6951,0.1717,24.0263,534,24.72, -> dishwasher (24.7%)
frame_000415,-1.0,13.0406,13.9716,0.1756,27.3084,534,16.94, -> dishwasher (16.9%)
frame_000416,-1.0,10.3242,15.1093,0.118,25.6366,534,11.16, -> dishwasher (11.2%)
frame_000417,-1.0,10.1452,14.2975,0.1754,24.7308,412,7.51, -> ashcan (7.5%)
frame_000418,-1.0,10.0968,14.9298,0.1258,25.2409,534,7.25, -> dishwasher (7.3%)
frame_000419,-1.0,10.1407,14.9267,0.1414,25.323,534,13.62, -> dishwasher (13.6%)
frame_000420,-1.0,10.1991,13.0346,0.1747,23.5288,534,9.05, -> dishwasher (9.0%)
frame_000421,-1.0,10.513,15.078,0.113,25.7824,534,10.02, -> dishwasher (10.0%)
frame_000422,-1.0,13.0568,20.345,0.1623,33.6745,534,5.79, -> dishwasher (5.8%)
frame_000423,-1.0,11.9348,13.7667,0.1845,26.0059,534,7.52, -> dishwasher (7.5%)
frame_000424,-1.0,10.5998,16.9157,0.1306,27.7367,534,6.37, -> dishwasher (6.4%)
frame_000425,-1.0,10.1814,16.0551,0.1232,26.4462,760,6.47, -> refrigerator (6.5%)
frame_000426,-1.0,10.1363,17.1589,0.128,27.5127,760,10.3, -> refrigerator (10.3%)
frame_000427,-1.0,11.9698,17.0478,0.1617,29.2777,534,8.68, -> dishwasher (8.7%)
frame_000428,-1.0,9.976,13.6144,0.1837,23.8994,897,5.26, -> washer (5.3%)
frame_000429,-1.0,10.36,12.8523,0.1725,23.5053,897,4.66, -> washer (4.7%)
frame_000430,-1.0,16.735,14.1257,0.1764,31.1742,897,6.01, -> washer (6.0%)
frame_000431,-1.0,10.4589,16.0887,0.1093,26.7332,760,7.59, -> refrigerator (7.6%)
frame_000432,-1.0,10.0683,13.8781,0.1749,24.2485,897,12.46, -> washer (12.5%)
frame_000433,-1.0,10.1976,14.2375,0.1306,24.6576,897,9.56, -> washer (9.6%)
frame_000434,-1.0,10.9349,14.628,0.1318,25.7875,897,8.82, -> washer (8.8%)
frame_000435,-1.0,10.6574,12.3879,0.1729,23.339,760,10.42, -> refrigerator (10.4%)
frame_000436,-1.0,12.8627,16.0095,0.1275,29.087,760,9.54, -> refrigerator (9.5%)
frame_000437,-1.0,10.1389,15.3729,0.1326,25.737,760,11.13, -> refrigerator (11.1%)
frame_000438,-1.0,14.4151,16.1982,0.1248,30.8394,897,15.44, -> washer (15.4%)
frame_000439,-1.0,13.0799,14.9749,0.1107,28.2439,760,16.58, -> refrigerator (16.6%)
frame_000440,-1.0,10.1691,14.0481,0.1752,24.5145,897,8.74, -> washer (8.7%)
frame_000441,-1.0,13.0485,16.2361,0.1202,29.4892,897,12.28, -> washer (12.3%)
frame_000442,-1.0,10.0959,15.1247,0.1341,25.4423,897,10.5, -> washer (10.5%)
frame_000443,-1.0,10.031,14.659,0.1447,24.9203,760,14.98, -> refrigerator (15.0%)
frame_000444,-1.0,10.1469,14.5492,0.1236,24.9086,897,11.03, -> washer (11.0%)
frame_000445,-1.0,10.2693,14.0031,0.175,24.5665,760,7.59, -> refrigerator (7.6%)
frame_000446,-1.0,10.1967,16.2221,0.1348,26.649,760,14.06, -> refrigerator (14.1%)
frame_000447,-1.0,11.1075,18.9103,0.1677,30.311,760,16.59, -> refrigerator (16.6%)
frame_000448,-1.0,10.3228,14.4041,0.1183,24.9278,760,10.62, -> refrigerator (10.6%)
frame_000449,-1.0,10.8,13.7711,0.1746,24.867,760,10.5, -> refrigerator (10.5%)
frame_000450,-1.0,10.1315,13.4487,0.177,23.8758,760,12.38, -> refrigerator (12.4%)
frame_000451,-1.0,10.2442,14.1818,0.117,24.6301,760,15.64, -> refrigerator (15.6%)
frame_000452,-1.0,10.0106,14.5602,0.1275,24.7857,760,20.4, -> refrigerator (20.4%)
frame_000453,-1.0,14.0507,13.5876,0.2018,27.961,760,16.52, -> refrigerator (16.5%)
frame_000454,-1.0,10.5347,16.0223,0.1502,26.8259,760,12.96, -> refrigerator (13.0%)
frame_000455,-1.0,10.5686,13.8725,0.1759,24.7349,760,14.1, -> refrigerator (14.1%)
frame_000456,-1.0,10.3226,15.1462,0.1248,25.699,760,11.03, -> refrigerator (11.0%)
frame_000457,-1.0,10.1251,16.812,0.1521,27.1929,760,11.98, -> refrigerator (12.0%)
frame_000458,-1.0,10.1955,17.261,0.1513,27.7233,760,9.91, -> refrigerator (9.9%)
frame_000459,-1.0,10.3165,14.2206,0.1881,24.8435,760,11.02, -> refrigerator (11.0%)
frame_000460,-1.0,10.0884,16.0833,0.1433,26.4184,897,10.5, -> washer (10.5%)
frame_000461,-1.0,10.624,16.9629,0.1551,27.8467,760,6.95, -> refrigerator (7.0%)
frame_000462,-1.0,10.0971,17.1324,0.1729,27.5176,760,12.99, -> refrigerator (13.0%)
frame_000463,-1.0,10.1666,16.4226,0.1378,26.8205,897,12.48, -> washer (12.5%)
frame_000464,-1.0,12.9855,13.0386,0.1885,26.3304,897,9.45, -> washer (9.4%)
frame_000465,-1.0,10.0714,15.1109,0.1297,25.4072,799,4.87, -> sliding door (4.9%)
frame_000466,-1.0,10.4741,16.7553,0.1502,27.4849,877,6.13, -> turnstile (6.1%)
frame_000467,-1.0,10.2905,14.9542,0.1265,25.4571,799,3.29, -> sliding door (3.3%)
frame_000468,-1.0,10.0895,14.4317,0.1381,24.7464,884,4.14, -> vault (4.1%)
frame_000469,-1.0,10.396,14.6407,0.1212,25.2426,884,8.94, -> vault (8.9%)
frame_000470,-1.0,10.0766,14.0826,0.1738,24.4566,884,9.99, -> vault (10.0%)
frame_000471,-1.0,10.0961,13.7141,0.1743,24.1034,884,9.5, -> vault (9.5%)
frame_000472,-1.0,13.7299,14.8187,0.1115,28.7384,884,10.92, -> vault (10.9%)
frame_000473,-1.0,10.5464,18.0461,0.1756,28.8877,884,7.2, -> vault (7.2%)
frame_000474,-1.0,18.024,14.7055,0.0965,32.9042,884,6.78, -> vault (6.8%)
frame_000475,-1.0,10.2913,14.3301,0.1792,24.922,884,11.04, -> vault (11.0%)
frame_000476,-1.0,10.5208,19.1693,0.1737,30.0015,884,8.81, -> vault (8.8%)
frame_000477,-1.0,10.4691,16.7734,0.1571,27.5037,884,7.27, -> vault (7.3%)
frame_000478,-1.0,11.1594,14.3947,0.1393,25.7784,884,9.18, -> vault (9.2%)
frame_000479,-1.0,10.2394,21.9944,0.2057,32.5809,884,11.34, -> vault (11.3%)
frame_000480,-1.0,11.0186,14.4175,0.1763,25.7337,884,7.39, -> vault (7.4%)
frame_000481,-1.0,11.6071,13.6949,0.2145,25.6364,884,11.3, -> vault (11.3%)
frame_000482,-1.0,10.5296,16.7056,0.1438,27.4784,884,10.17, -> vault (10.2%)
frame_000483,-1.0,11.7171,13.6679,0.173,25.678,884,15.32, -> vault (15.3%)
frame_000484,-1.0,10.6309,12.7312,0.1754,23.6562,884,10.76, -> vault (10.8%)
frame_000485,-1.0,10.4313,14.1401,0.1349,24.7911,884,8.39, -> vault (8.4%)
frame_000486,-1.0,10.2254,14.2002,0.1739,24.7235,896,6.41, -> washbasin (6.4%)
frame_000487,-1.0,15.6283,14.2224,0.1098,30.0358,884,7.45, -> vault (7.5%)
frame_000488,-1.0,15.6384,13.3769,0.1664,29.2886,799,6.26, -> sliding door (6.3%)
frame_000489,-1.0,15.4044,18.7928,0.1498,34.4555,799,7.68, -> sliding door (7.7%)
frame_000490,-1.0,12.0566,13.0827,0.1768,25.4357,799,7.38, -> sliding door (7.4%)
frame_000491,-1.0,14.1124,14.2938,0.1118,28.6089,799,7.06, -> sliding door (7.1%)
frame_000492,-1.0,12.1521,16.5006,0.1485,28.9025,799,7.54, -> sliding door (7.5%)
frame_000493,-1.0,10.1561,12.6724,0.1739,23.1216,884,7.49, -> vault (7.5%)
frame_000494,-1.0,13.8591,14.0026,0.1049,28.0446,884,6.49, -> vault (6.5%)
frame_000495,-1.0,11.8628,17.1065,0.148,29.2256,884,5.78, -> vault (5.8%)
frame_000496,-1.0,14.1382,16.8183,0.1484,31.2052,884,7.75, -> vault (7.7%)
frame_000497,-1.0,15.4788,14.0376,0.0987,29.6878,884,5.5, -> vault (5.5%)
frame_000498,-1.0,15.8203,18.3154,0.1629,34.4022,884,7.93, -> vault (7.9%)
frame_000499,-1.0,15.3845,15.1915,0.1245,30.7859,884,11.68, -> vault (11.7%)
frame_000500,-1.0,15.5912,13.088,0.1735,28.987,884,12.85, -> vault (12.8%)
frame_000501,-1.0,15.1266,19.7928,0.194,35.2426,884,15.92, -> vault (15.9%)
frame_000502,-1.0,15.0189,13.3484,0.1647,28.6434,884,6.31, -> vault (6.3%)
frame_000503,-1.0,15.077,14.4969,0.1055,29.7616,884,14.87, -> vault (14.9%)
frame_000504,-1.0,15.2444,14.0337,0.108,29.4624,884,11.36, -> vault (11.4%)
frame_000505,-1.0,15.5609,15.8071,0.1355,31.5918,896,5.62, -> washbasin (5.6%)
frame_000506,-1.0,12.0171,14.3292,0.1036,26.5293,884,11.85, -> vault (11.9%)
frame_000507,-1.0,13.7388,15.3878,0.1165,29.3226,884,8.91, -> vault (8.9%)
frame_000508,-1.0,15.147,13.9273,0.0955,29.2369,896,5.97, -> washbasin (6.0%)
frame_000509,-1.0,13.013,13.8082,0.1052,27.0001,884,5.45, -> vault (5.5%)
frame_000510,-1.0,15.5947,13.6217,0.1763,29.491,884,5.64, -> vault (5.6%)
frame_000511,-1.0,11.9782,18.0687,0.1498,30.2948,799,5.94, -> sliding door (5.9%)
frame_000512,-1.0,16.446,14.0,0.1762,30.7423,799,5.39, -> sliding door (5.4%)
frame_000513,-1.0,14.4722,12.9404,0.1754,27.7078,896,5.67, -> washbasin (5.7%)
frame_000514,-1.0,10.0023,18.7355,0.1451,28.9923,884,6.6, -> vault (6.6%)
frame_000515,-1.0,13.8324,14.347,0.101,28.3583,884,5.93, -> vault (5.9%)
frame_000516,-1.0,15.105,15.0082,0.1022,30.2876,884,10.17, -> vault (10.2%)
frame_000517,-1.0,11.8551,16.3981,0.1203,28.4558,884,5.85, -> vault (5.9%)
frame_000518,-1.0,14.1013,14.5157,0.1205,28.8174,799,4.2, -> sliding door (4.2%)
frame_000519,-1.0,16.5026,17.3204,0.134,34.0488,799,3.73, -> sliding door (3.7%)
frame_000520,-1.0,10.3309,19.6002,0.1756,30.2333,884,4.28, -> vault (4.3%)
frame_000521,-1.0,10.164,18.6384,0.1766,29.1152,799,5.07, -> sliding door (5.1%)
frame_000522,-1.0,14.1562,14.7208,0.1847,29.1427,896,5.77, -> washbasin (5.8%)
frame_000523,-1.0,11.0157,17.6526,0.1627,28.9467,884,8.81, -> vault (8.8%)
frame_000524,-1.0,10.5613,15.2421,0.1072,25.9947,884,5.83, -> vault (5.8%)
frame_000525,-1.0,10.7144,15.1712,0.1379,26.1184,896,5.7, -> washbasin (5.7%)
frame_000526,-1.0,10.173,14.7494,0.1214,25.1296,884,25.76, -> vault (25.8%)
frame_000527,-1.0,16.093,15.2033,0.11,31.4842,884,17.96, -> vault (18.0%)
frame_000528,-1.0,12.0078,13.3602,0.1666,25.6464,884,7.15, -> vault (7.1%)
frame_000529,-1.0,10.6489,13.0738,0.1762,24.0169,884,19.94, -> vault (19.9%)
frame_000530,-1.0,11.3283,13.6106,0.1766,25.235,884,6.87, -> vault (6.9%)
frame_000531,-1.0,10.2779,17.444,0.1624,27.9943,618,2.0, -> ladle (2.0%)
frame_000532,-1.0,10.294,15.6283,0.1049,26.1005,876,2.86, -> tub (2.9%)
frame_000533,-1.0,10.0076,17.8756,0.1744,28.2583,876,3.31, -> tub (3.3%)
frame_000534,-1.0,10.6376,14.4651,0.1568,25.3335,799,4.97, -> sliding door (5.0%)
frame_000535,-1.0,6.5149,12.5308,0.1351,19.2865,799,10.42, -> sliding door (10.4%)
frame_000536,-1.0,10.2568,17.7712,0.1195,28.2243,799,10.93, -> sliding door (10.9%)
frame_000537,-1.0,10.4005,16.6272,0.1254,27.2401,884,7.83, -> vault (7.8%)
frame_000538,-1.0,18.0202,14.0031,0.1777,32.3211,799,8.64, -> sliding door (8.6%)
frame_000539,-1.0,15.5141,14.3745,0.0953,30.0596,884,9.11, -> vault (9.1%)
frame_000540,-1.0,15.193,12.8227,0.1643,28.2916,884,10.95, -> vault (10.9%)
frame_000541,-1.0,11.9123,15.8436,0.1253,27.9668,884,12.26, -> vault (12.3%)
frame_000542,-1.0,15.9977,17.1523,0.1281,33.3569,799,11.8, -> sliding door (11.8%)
frame_000543,-1.0,10.8379,12.6154,0.1992,23.7753,799,7.84, -> sliding door (7.8%)
frame_000544,-1.0,10.4513,15.0369,0.1346,25.7178,799,8.85, -> sliding door (8.9%)
frame_000545,-1.0,13.0776,13.7802,0.1324,27.0773,799,10.41, -> sliding door (10.4%)
frame_000546,-1.0,10.3565,36.7782,0.631,48.0582,799,9.94, -> sliding door (9.9%)
frame_000547,-1.0,10.6138,13.8871,0.1762,24.7977,799,9.55, -> sliding door (9.5%)
frame_000548,-1.0,13.3157,14.2799,0.1766,27.8937,884,11.06, -> vault (11.1%)
frame_000549,-1.0,10.38,13.8229,0.1749,24.521,799,8.78, -> sliding door (8.8%)
frame_000550,-1.0,10.2604,12.4164,0.1741,22.9693,884,8.13, -> vault (8.1%)
frame_000551,-1.0,10.1296,14.6647,0.149,25.0309,884,9.03, -> vault (9.0%)
frame_000552,-1.0,10.32,14.7747,0.0892,25.2655,799,11.35, -> sliding door (11.4%)
frame_000553,-1.0,10.0843,13.0869,0.1759,23.4866,799,11.85, -> sliding door (11.8%)
frame_000554,-1.0,10.0359,15.508,0.0937,25.7093,884,12.72, -> vault (12.7%)
frame_000555,-1.0,10.9584,13.9238,0.1745,25.1753,799,9.29, -> sliding door (9.3%)
frame_000556,-1.0,10.292,14.803,0.0839,25.244,799,10.57, -> sliding door (10.6%)
frame_000557,-1.0,14.1002,14.3468,0.084,28.5927,884,12.37, -> vault (12.4%)
frame_000558,-1.0,13.7985,13.829,0.0861,27.7772,799,9.84, -> sliding door (9.8%)
frame_000559,-1.0,10.1114,15.7281,0.0895,25.997,799,9.8, -> sliding door (9.8%)
frame_000560,-1.0,10.208,13.8667,0.1911,24.3916,799,11.38, -> sliding door (11.4%)
frame_000561,-1.0,10.1351,18.7434,0.1256,29.0872,884,11.76, -> vault (11.8%)
frame_000562,-1.0,10.4911,15.0038,0.1037,25.6717,884,7.34, -> vault (7.3%)
frame_000563,-1.0,9.9619,12.548,0.1744,22.8036,884,7.73, -> vault (7.7%)
frame_000564,-1.0,10.1997,19.4913,0.1302,29.9123,884,8.8, -> vault (8.8%)
frame_000565,-1.0,10.4579,12.8584,0.1767,23.6142,884,9.52, -> vault (9.5%)
frame_000566,-1.0,10.4177,14.212,0.1759,24.9159,799,6.42, -> sliding door (6.4%)
frame_000567,-1.0,10.074,13.3167,0.1784,23.6963,799,7.89, -> sliding door (7.9%)
frame_000568,-1.0,10.1597,14.061,0.1799,24.5214,884,7.08, -> vault (7.1%)
frame_000569,-1.0,10.084,16.6885,0.1274,26.9863,884,5.41, -> vault (5.4%)
frame_000570,-1.0,10.2097,13.6577,0.1727,24.1581,799,7.49, -> sliding door (7.5%)
frame_000571,-1.0,10.3485,15.3069,0.0837,25.8064,884,16.43, -> vault (16.4%)
frame_000572,-1.0,10.1256,14.6604,0.0885,24.9367,884,8.08, -> vault (8.1%)
frame_000573,-1.0,13.1194,16.9236,0.1065,30.2233,799,6.93, -> sliding door (6.9%)
frame_000574,-1.0,13.2416,13.5999,0.2006,27.1619,706,7.02, -> patio (7.0%)
frame_000575,-1.0,10.2707,19.039,0.1722,29.6014,884,12.44, -> vault (12.4%)
frame_000576,-1.0,10.1329,13.9399,0.1748,24.3691,884,8.4, -> vault (8.4%)
frame_000577,-1.0,10.0409,19.0723,0.1949,29.4334,706,9.49, -> patio (9.5%)
frame_000578,-1.0,10.5901,14.724,0.1465,25.5581,884,7.85, -> vault (7.9%)
frame_000579,-1.0,10.5251,13.1787,0.1729,23.9969,706,4.93, -> patio (4.9%)
frame_000580,-1.0,11.8451,17.9058,0.1147,29.9541,706,6.85, -> patio (6.9%)
frame_000581,-1.0,12.7893,17.8677,0.1291,30.8743,706,5.76, -> patio (5.8%)
frame_000582,-1.0,10.4311,15.1241,0.0857,25.7044,884,9.35, -> vault (9.3%)
frame_000583,-1.0,10.1576,15.843,0.103,26.1791,884,7.86, -> vault (7.9%)
frame_000584,-1.0,10.3754,13.9726,0.1776,24.6464,884,7.89, -> vault (7.9%)
frame_000585,-1.0,10.3264,13.8197,0.1757,24.4684,884,6.68, -> vault (6.7%)
frame_000586,-1.0,10.2301,14.8807,0.088,25.2669,421,7.49, -> bannister (7.5%)
frame_000587,-1.0,10.208,14.4348,0.1976,24.9282,421,8.61, -> bannister (8.6%)
frame_000588,-1.0,10.2507,14.6795,0.0894,25.0827,884,11.26, -> vault (11.3%)
frame_000589,-1.0,10.5352,13.2229,0.175,24.054,884,17.67, -> vault (17.7%)
frame_000590,-1.0,10.273,13.9954,0.1765,24.5637,884,10.04, -> vault (10.0%)
frame_000591,-1.0,10.1616,14.6827,0.0856,25.0008,884,8.99, -> vault (9.0%)
frame_000592,-1.0,10.4371,14.3246,0.1804,25.0189,884,19.47, -> vault (19.5%)
frame_000593,-1.0,10.1836,16.9259,0.1105,27.2963,884,7.99, -> vault (8.0%)
frame_000594,-1.0,10.1332,14.7186,0.0856,25.0048,884,5.98, -> vault (6.0%)
frame_000595,-1.0,10.108,14.1962,0.1857,24.5835,884,6.56, -> vault (6.6%)
frame_000596,-1.0,10.1226,19.4747,0.1435,29.8412,421,5.18, -> bannister (5.2%)
frame_000597,-1.0,10.2063,15.1364,0.0858,25.4946,787,4.47, -> shield (4.5%)
frame_000598,-1.0,10.1789,17.5724,0.1242,27.9665,733,4.76, -> pole (4.8%)
frame_000599,-1.0,10.5577,16.2432,0.0875,26.963,556,5.55, -> fire screen (5.6%)
frame_000600,-1.0,10.2211,14.9421,0.0844,25.3123,421,3.37, -> bannister (3.4%)
frame_000601,-1.0,16.0731,14.3541,0.1745,30.7263,799,5.85, -> sliding door (5.9%)
frame_000602,-1.0,10.4745,15.3911,0.1048,26.0337,733,2.32, -> pole (2.3%)
frame_000603,-1.0,10.5337,13.2892,0.1777,24.1199,733,3.68, -> pole (3.7%)
frame_000604,-1.0,10.1317,12.9541,0.1886,23.3929,733,3.18, -> pole (3.2%)
frame_000605,-1.0,10.4467,15.2517,0.14,25.9472,733,2.31, -> pole (2.3%)
frame_000606,-1.0,10.5758,14.5117,0.1535,25.3132,799,1.94, -> sliding door (1.9%)
frame_000607,-1.0,10.2904,14.7114,0.1007,25.1663,799,1.92, -> sliding door (1.9%)
frame_000608,-1.0,10.1699,12.9276,0.1707,23.4033,367,1.12, -> chimpanzee (1.1%)
frame_000609,-1.0,10.2646,16.9436,0.1169,27.4052,523,3.61, -> crutch (3.6%)
frame_000610,-1.0,10.0371,13.1472,0.1769,23.4808,880,3.91, -> unicycle (3.9%)
frame_000611,-1.0,13.0717,20.4177,0.1551,33.7541,880,3.08, -> unicycle (3.1%)
frame_000612,-1.0,10.8998,14.9481,0.1487,26.0778,665,3.85, -> moped (3.9%)
frame_000613,-1.0,10.8091,14.8609,0.1021,25.8397,877,9.61, -> turnstile (9.6%)
frame_000614,-1.0,10.2954,14.6172,0.159,25.164,877,5.3, -> turnstile (5.3%)
frame_000615,-1.0,11.1367,20.2604,0.1423,31.636,665,4.63, -> moped (4.6%)
frame_000616,-1.0,11.9371,13.7086,0.1861,25.9518,665,8.74, -> moped (8.7%)
frame_000617,-1.0,13.6002,15.0264,0.089,28.7821,665,8.52, -> moped (8.5%)
frame_000618,-1.0,13.4065,17.8177,0.1216,31.4311,665,11.33, -> moped (11.3%)
frame_000619,-1.0,10.281,13.9877,0.1758,24.5642,665,9.29, -> moped (9.3%)
frame_000620,-1.0,11.1238,18.1411,0.1184,29.4667,665,9.69, -> moped (9.7%)
frame_000621,-1.0,10.4527,16.4745,0.1049,27.102,843,5.21, -> swing (5.2%)
frame_000622,-1.0,10.331,15.335,0.0937,25.8284,799,11.59, -> sliding door (11.6%)
frame_000623,-1.0,10.6615,13.4322,0.1753,24.3951,450,2.95, -> bobsled (2.9%)
frame_000624,-1.0,10.221,14.251,0.1758,24.7678,665,2.45, -> moped (2.5%)
frame_000625,-1.0,10.0352,18.079,0.1726,28.4039,450,2.88, -> bobsled (2.9%)
frame_000626,-1.0,10.1753,14.3196,0.1786,24.792,835,2.4, -> sundial (2.4%)
frame_000627,-1.0,10.8594,14.0989,0.1801,25.2565,835,4.71, -> sundial (4.7%)
frame_000628,-1.0,10.5674,15.6166,0.1299,26.4046,799,4.07, -> sliding door (4.1%)
frame_000629,-1.0,11.4973,14.6391,0.1527,26.382,556,10.33, -> fire screen (10.3%)
frame_000630,-1.0,10.7785,14.997,0.1066,25.9587,556,14.22, -> fire screen (14.2%)
frame_000631,-1.0,10.2776,14.42,0.1797,24.9986,556,11.05, -> fire screen (11.0%)
frame_000632,-1.0,10.3948,16.3293,0.1267,26.9477,799,14.35, -> sliding door (14.4%)
frame_000633,-1.0,10.0285,14.7614,0.1196,24.9917,799,8.38, -> sliding door (8.4%)
frame_000634,-1.0,10.3283,17.795,0.1293,28.342,799,11.11, -> sliding door (11.1%)
frame_000635,-1.0,10.1058,20.0071,0.1648,30.3989,799,10.53, -> sliding door (10.5%)
frame_000636,-1.0,10.2853,14.8972,0.1193,25.3859,799,7.34, -> sliding door (7.3%)
frame_000637,-1.0,10.2065,18.5187,0.1517,28.9823,799,8.78, -> sliding door (8.8%)
frame_000638,-1.0,18.1951,13.0946,0.1751,31.5841,799,7.8, -> sliding door (7.8%)
frame_000639,-1.0,25.663,12.7434,0.1736,38.7002,421,5.42, -> bannister (5.4%)
frame_000640,-1.0,12.7481,14.6625,0.1759,27.7076,556,6.35, -> fire screen (6.3%)
frame_000641,-1.0,10.9726,14.8592,0.0877,25.9873,799,9.85, -> sliding door (9.8%)
frame_000642,-1.0,10.3988,14.5947,0.085,25.1399,799,11.35, -> sliding door (11.3%)
frame_000643,-1.0,10.1865,16.905,0.1532,27.348,884,8.93, -> vault (8.9%)
frame_000644,-1.0,10.3293,14.2299,0.1749,24.8761,799,4.44, -> sliding door (4.4%)
frame_000645,-1.0,16.4916,13.6357,0.2017,30.4502,799,5.08, -> sliding door (5.1%)
frame_000646,-1.0,10.5362,15.1888,0.1511,25.9798,884,4.82, -> vault (4.8%)
frame_000647,-1.0,10.5015,13.9217,0.1777,24.7461,884,6.16, -> vault (6.2%)
frame_000648,-1.0,12.9691,17.2826,0.1252,30.464,799,6.74, -> sliding door (6.7%)
frame_000649,-1.0,10.5956,13.1706,0.1758,24.0617,799,5.97, -> sliding door (6.0%)
frame_000650,-1.0,10.6072,15.8568,0.0924,26.6295,556,8.3, -> fire screen (8.3%)
frame_000651,-1.0,10.4542,19.0277,0.1299,29.7012,799,5.09, -> sliding door (5.1%)
frame_000652,-1.0,10.84,14.7635,0.0881,25.7683,799,5.98, -> sliding door (6.0%)
frame_000653,-1.0,10.9131,19.2671,0.1292,30.3977,884,8.18, -> vault (8.2%)
frame_000654,-1.0,10.5113,14.3751,0.1769,25.1833,884,6.77, -> vault (6.8%)
frame_000655,-1.0,10.7215,14.4121,0.1683,25.3651,421,6.4, -> bannister (6.4%)
frame_000656,-1.0,10.3621,16.5925,0.1025,27.1334,421,6.59, -> bannister (6.6%)
frame_000657,-1.0,10.2853,14.2076,0.1931,24.8127,421,6.76, -> bannister (6.8%)
frame_000658,-1.0,11.2519,13.1167,0.19,24.681,799,5.7, -> sliding door (5.7%)
frame_000659,-1.0,11.1944,14.2991,0.0878,25.6463,556,5.53, -> fire screen (5.5%)
frame_000660,-1.0,10.7849,15.1846,0.0918,26.1293,799,6.2, -> sliding door (6.2%)
frame_000661,-1.0,10.1064,15.3933,0.0853,25.6528,556,6.62, -> fire screen (6.6%)
frame_000662,-1.0,10.2706,16.595,0.0936,27.0317,556,7.06, -> fire screen (7.1%)
frame_000663,-1.0,10.5072,13.1459,0.1744,23.9486,556,6.12, -> fire screen (6.1%)
frame_000664,-1.0,10.3748,13.3321,0.1737,24.0016,799,5.57, -> sliding door (5.6%)
frame_000665,-1.0,10.3341,14.8256,0.1079,25.3346,799,6.89, -> sliding door (6.9%)
frame_000666,-1.0,10.2551,14.8556,0.094,25.279,799,6.6, -> sliding door (6.6%)
frame_000667,-1.0,10.2544,13.1696,0.1876,23.7294,799,6.13, -> sliding door (6.1%)
frame_000668,-1.0,10.2725,12.8021,0.1743,23.3685,421,5.04, -> bannister (5.0%)
frame_000669,-1.0,10.5047,17.1892,0.1126,27.8859,556,5.76, -> fire screen (5.8%)
frame_000670,-1.0,10.3088,14.0884,0.1741,24.691,556,6.06, -> fire screen (6.1%)
frame_000671,-1.0,10.3153,14.6409,0.0843,25.1039,421,4.79, -> bannister (4.8%)
frame_000672,-1.0,10.4284,17.1777,0.1134,27.7961,421,4.59, -> bannister (4.6%)
frame_000673,-1.0,10.3857,15.48,0.1009,26.0379,421,4.95, -> bannister (5.0%)
frame_000674,-1.0,10.4035,14.7795,0.0854,25.3335,421,5.71, -> bannister (5.7%)
frame_000675,-1.0,10.1248,21.9545,0.1737,32.3808,421,5.31, -> bannister (5.3%)
frame_000676,-1.0,10.1765,13.6796,0.1756,24.151,421,5.61, -> bannister (5.6%)
frame_000677,-1.0,10.3341,13.3984,0.1748,24.0265,799,5.55, -> sliding door (5.5%)
frame_000678,-1.0,10.4242,16.2439,0.1047,26.8457,799,6.33, -> sliding door (6.3%)
frame_000679,-1.0,10.084,13.0755,0.1837,23.4629,799,6.11, -> sliding door (6.1%)
frame_000680,-1.0,10.3588,12.944,0.1757,23.5965,799,5.34, -> sliding door (5.3%)
frame_000681,-1.0,11.1559,16.0862,0.0932,27.4088,799,5.81, -> sliding door (5.8%)
frame_000682,-1.0,10.2384,14.7945,0.0879,25.1878,799,5.24, -> sliding door (5.2%)
frame_000683,-1.0,10.1145,13.9118,0.1143,24.2097,799,5.23, -> sliding door (5.2%)
frame_000684,-1.0,10.3773,14.766,0.0931,25.3047,556,4.83, -> fire screen (4.8%)
frame_000685,-1.0,10.0241,20.969,0.2618,31.4177,421,4.49, -> bannister (4.5%)
frame_000686,-1.0,10.3669,14.7723,0.1173,25.3529,421,5.13, -> bannister (5.1%)
frame_000687,-1.0,10.6661,15.6263,0.1292,26.5051,556,4.5, -> fire screen (4.5%)
frame_000688,-1.0,10.2406,15.7942,0.1564,26.2901,556,5.13, -> fire screen (5.1%)
frame_000689,-1.0,11.9643,14.6606,0.1412,26.8564,799,5.7, -> sliding door (5.7%)
frame_000690,-1.0,10.8336,13.2809,0.1721,24.4057,556,4.96, -> fire screen (5.0%)
frame_000691,-1.0,10.0445,14.7162,0.1323,24.9823,556,4.55, -> fire screen (4.5%)
frame_000692,-1.0,12.5195,15.5868,0.1232,28.3206,799,4.6, -> sliding door (4.6%)
frame_000693,-1.0,10.4028,17.517,0.1501,28.1732,421,4.63, -> bannister (4.6%)
frame_000694,-1.0,10.3245,13.3049,0.1771,23.9257,421,4.57, -> bannister (4.6%)
frame_000695,-1.0,12.8751,14.8575,0.1997,28.0519,556,4.8, -> fire screen (4.8%)
frame_000696,-1.0,10.1827,14.9524,0.1598,25.3947,884,4.91, -> vault (4.9%)
frame_000697,-1.0,14.756,15.8486,0.1459,30.8499,556,5.55, -> fire screen (5.6%)
frame_000698,-1.0,14.0236,13.8171,0.1737,28.1113,421,4.8, -> bannister (4.8%)
frame_000699,-1.0,11.9194,14.3425,0.1132,26.454,421,4.71, -> bannister (4.7%)
frame_000700,-1.0,10.4126,14.7059,0.1168,25.3179,556,5.13, -> fire screen (5.1%)
frame_000701,-1.0,10.4387,13.785,0.1741,24.5194,556,5.0, -> fire screen (5.0%)
frame_000702,-1.0,13.4671,14.3514,0.1789,28.1046,421,5.06, -> bannister (5.1%)
frame_000703,-1.0,10.4693,13.1273,0.1751,23.8942,421,4.83, -> bannister (4.8%)
frame_000704,-1.0,10.3109,14.8702,0.1314,25.4059,884,4.51, -> vault (4.5%)
frame_000705,-1.0,12.4587,13.944,0.1756,26.709,556,4.28, -> fire screen (4.3%)
frame_000706,-1.0,9.1994,27.4133,0.2164,36.9508,743,37.01, -> prison (37.0%)
frame_000707,-1.0,20.2199,16.9804,0.4583,37.8211,743,33.26, -> prison (33.3%)
frame_000708,-1.0,12.2096,13.9718,0.0965,26.3339,743,40.22, -> prison (40.2%)
frame_000709,-1.0,11.3785,13.2333,0.1015,24.7832,743,38.51, -> prison (38.5%)
frame_000710,-1.0,9.2563,13.4893,0.1495,22.9829,743,34.42, -> prison (34.4%)
frame_000711,-1.0,12.9837,15.0726,0.0924,28.2026,743,31.62, -> prison (31.6%)
frame_000712,-1.0,11.0951,14.3655,0.0953,25.6103,743,37.29, -> prison (37.3%)
frame_000713,-1.0,10.4923,12.4903,0.0957,23.1314,743,36.09, -> prison (36.1%)
frame_000714,-1.0,7.7362,14.8581,0.1619,22.8235,743,36.47, -> prison (36.5%)
frame_000715,-1.0,12.4683,13.4474,0.0915,26.0612,743,32.84, -> prison (32.8%)
frame_000716,-1.0,8.9519,16.0863,0.0924,25.1824,743,34.08, -> prison (34.1%)
frame_000717,-1.0,12.9613,13.7777,0.0933,26.9015,743,41.55, -> prison (41.6%)
frame_000718,-1.0,9.3974,14.925,0.0931,24.4711,743,32.32, -> prison (32.3%)
frame_000719,-1.0,15.2375,13.0259,0.0916,28.4124,743,35.32, -> prison (35.3%)
frame_000720,-1.0,12.3117,13.4928,0.0969,25.9632,743,31.51, -> prison (31.5%)
frame_000721,-1.0,10.2173,15.1796,0.0933,25.5473,743,26.99, -> prison (27.0%)
frame_000722,-1.0,13.1222,15.8467,0.0911,29.1209,743,29.44, -> prison (29.4%)
frame_000723,-1.0,14.4521,13.7444,0.0917,28.35,743,31.23, -> prison (31.2%)
frame_000724,-1.0,12.7396,12.8634,0.0935,25.7632,743,27.84, -> prison (27.8%)
frame_000725,-1.0,12.5951,12.8381,0.0946,25.601,743,29.64, -> prison (29.6%)
frame_000726,-1.0,12.6343,13.8039,0.1072,26.6111,743,28.3, -> prison (28.3%)
frame_000727,-1.0,14.109,13.85,0.142,28.1894,743,31.16, -> prison (31.2%)
frame_000728,-1.0,8.9895,12.4692,0.1395,21.6652,743,30.46, -> prison (30.5%)
frame_000729,-1.0,11.8516,13.4472,0.1326,25.498,743,23.27, -> prison (23.3%)
frame_000730,-1.0,7.9031,14.3641,0.1467,22.5366,743,26.79, -> prison (26.8%)
frame_000731,-1.0,13.3583,14.7838,0.1278,28.3343,743,41.11, -> prison (41.1%)
frame_000732,-1.0,9.6824,15.47,0.1212,25.3367,743,33.37, -> prison (33.4%)
frame_000733,-1.0,11.8536,12.7473,0.1038,24.7763,743,36.87, -> prison (36.9%)
frame_000734,-1.0,7.7529,16.65,0.1104,24.574,743,52.15, -> prison (52.1%)
frame_000735,-1.0,14.9448,12.9678,0.092,28.0582,743,34.09, -> prison (34.1%)
frame_000736,-1.0,10.3234,13.6617,0.0931,24.1346,743,45.84, -> prison (45.8%)
frame_000737,-1.0,11.1801,14.5193,0.1013,25.8557,743,38.8, -> prison (38.8%)
frame_000738,-1.0,10.9265,16.1391,0.0987,27.2222,743,53.71, -> prison (53.7%)
frame_000739,-1.0,12.3446,12.5824,0.0955,25.0797,743,35.77, -> prison (35.8%)
frame_000740,-1.0,7.7621,13.43,0.0959,21.3433,743,43.01, -> prison (43.0%)
frame_000741,-1.0,11.2096,14.1124,0.0997,25.4806,743,36.84, -> prison (36.8%)
frame_000742,-1.0,10.3378,17.6312,0.1203,28.1554,743,27.4, -> prison (27.4%)
frame_000743,-1.0,12.5802,15.5835,0.0939,28.3149,743,35.59, -> prison (35.6%)
frame_000744,-1.0,8.7687,15.7842,0.0983,24.7101,743,35.52, -> prison (35.5%)
frame_000745,-1.0,14.0684,16.0414,0.1079,30.2808,743,46.84, -> prison (46.8%)
frame_000746,-1.0,12.5794,15.5635,0.0974,28.3042,743,36.4, -> prison (36.4%)
frame_000747,-1.0,12.8596,16.1086,0.0984,29.1519,743,33.01, -> prison (33.0%)
frame_000748,-1.0,15.6701,12.994,0.0968,28.8235,743,59.93, -> prison (59.9%)
frame_000749,-1.0,11.2061,15.1933,0.0974,26.5598,743,49.12, -> prison (49.1%)
frame_000750,-1.0,16.2735,12.8312,0.1042,29.2765,743,24.68, -> prison (24.7%)
frame_000751,-1.0,8.2394,19.9099,0.0977,28.3137,743,36.15, -> prison (36.2%)
frame_000752,-1.0,18.4805,13.8803,0.1206,32.5501,743,27.42, -> prison (27.4%)
frame_000753,-1.0,8.6472,15.1801,0.0952,23.9749,743,18.32, -> prison (18.3%)
frame_000754,-1.0,12.6236,12.9334,0.094,25.7066,743,27.84, -> prison (27.8%)
frame_000755,-1.0,7.4406,13.9845,0.0971,21.5742,743,22.9, -> prison (22.9%)
frame_000756,-1.0,10.2668,16.1057,0.0925,26.5195,743,35.47, -> prison (35.5%)
frame_000757,-1.0,12.3207,14.8621,0.0961,27.3374,743,19.43, -> prison (19.4%)
frame_000758,-1.0,11.545,14.5204,0.1044,26.2289,743,34.32, -> prison (34.3%)
frame_000759,-1.0,11.1853,13.9947,0.0935,25.3306,743,32.72, -> prison (32.7%)
frame_000760,-1.0,11.0275,14.7559,0.0973,25.9391,743,40.68, -> prison (40.7%)
frame_000761,-1.0,11.8635,48.4793,0.1856,60.6409,743,43.59, -> prison (43.6%)
frame_000762,-1.0,16.9305,18.0986,0.1117,35.2074,743,27.48, -> prison (27.5%)
frame_000763,-1.0,12.8463,14.4476,0.1618,27.5588,743,29.51, -> prison (29.5%)
frame_000764,-1.0,10.6517,16.51,0.0987,27.3372,743,33.51, -> prison (33.5%)
frame_000765,-1.0,10.3707,14.8187,0.1116,25.3848,743,27.22, -> prison (27.2%)
frame_000766,-1.0,10.6118,14.7794,0.1176,25.5942,743,36.93, -> prison (36.9%)
frame_000767,-1.0,9.9959,14.3873,0.119,24.5871,743,24.15, -> prison (24.2%)
frame_000768,-1.0,10.4004,17.7484,0.1244,28.3599,743,27.21, -> prison (27.2%)
frame_000769,-1.0,12.3216,20.0203,0.1753,32.6429,743,33.79, -> prison (33.8%)
frame_000770,-1.0,10.2817,15.9403,0.1302,26.432,743,39.91, -> prison (39.9%)
frame_000771,-1.0,10.2226,16.9978,0.1197,27.4183,743,31.35, -> prison (31.3%)
frame_000772,-1.0,10.4813,19.4767,0.1341,30.1863,743,38.78, -> prison (38.8%)
frame_000773,-1.0,10.4132,14.6016,0.1453,25.244,743,41.06, -> prison (41.1%)
frame_000774,-1.0,10.4763,16.8408,0.1276,27.5314,743,32.05, -> prison (32.0%)
frame_000775,-1.0,10.2901,17.1342,0.1365,27.6542,743,29.3, -> prison (29.3%)
frame_000776,-1.0,10.4416,15.1167,0.1748,25.8513,743,23.44, -> prison (23.4%)
frame_000777,-1.0,14.5956,15.4591,0.1013,30.2326,743,39.63, -> prison (39.6%)
frame_000778,-1.0,10.3886,14.7926,0.1152,25.3908,743,27.13, -> prison (27.1%)
frame_000779,-1.0,10.5146,12.5865,0.1762,23.4101,743,36.9, -> prison (36.9%)
frame_000780,-1.0,10.4938,14.2976,0.1779,25.0854,743,27.93, -> prison (27.9%)
frame_000781,-1.0,10.2471,14.8675,0.1185,25.3094,743,31.34, -> prison (31.3%)
frame_000782,-1.0,10.3191,18.1601,0.1558,28.7318,743,35.67, -> prison (35.7%)
frame_000783,-1.0,10.2739,14.873,0.1121,25.3341,743,29.37, -> prison (29.4%)
frame_000784,-1.0,10.5565,16.9802,0.1261,27.7492,743,29.13, -> prison (29.1%)
frame_000785,-1.0,10.1613,15.0645,0.1184,25.4277,743,24.97, -> prison (25.0%)
frame_000786,-1.0,10.5966,14.4537,0.176,25.3388,743,27.03, -> prison (27.0%)
frame_000787,-1.0,13.1697,14.0324,0.1761,27.5063,743,42.9, -> prison (42.9%)
frame_000788,-1.0,10.0849,15.2853,0.1151,25.5656,743,29.25, -> prison (29.2%)
frame_000789,-1.0,12.2958,14.3589,0.1811,26.9567,743,50.5, -> prison (50.5%)
frame_000790,-1.0,10.5255,13.2324,0.175,24.0525,743,26.68, -> prison (26.7%)
frame_000791,-1.0,10.2107,16.6283,0.1239,27.0473,743,26.39, -> prison (26.4%)
frame_000792,-1.0,10.455,17.1485,0.1267,27.8219,743,18.64, -> prison (18.6%)
frame_000793,-1.0,10.3008,13.7099,0.1936,24.3238,743,15.45, -> prison (15.5%)
frame_000794,-1.0,10.4737,17.9091,0.1287,28.6021,743,20.82, -> prison (20.8%)
frame_000795,-1.0,10.3093,13.2523,0.1737,23.857,743,11.31, -> prison (11.3%)
frame_000796,-1.0,10.2983,14.6852,0.1745,25.2497,743,20.67, -> prison (20.7%)
frame_000797,-1.0,10.266,18.0683,0.1515,28.5906,743,19.3, -> prison (19.3%)
frame_000798,-1.0,10.3944,13.7401,0.177,24.4318,743,24.46, -> prison (24.5%)
frame_000799,-1.0,24.2211,13.4555,0.1793,37.9967,743,20.84, -> prison (20.8%)
frame_000800,-1.0,10.6623,12.5974,0.1752,23.5524,743,22.84, -> prison (22.8%)
frame_000801,-1.0,10.2815,15.868,0.1208,26.3541,743,31.37, -> prison (31.4%)
frame_000802,-1.0,10.3331,15.425,0.1068,25.9532,743,25.61, -> prison (25.6%)
frame_000803,-1.0,10.1475,15.8052,0.126,26.1647,743,25.77, -> prison (25.8%)
frame_000804,-1.0,10.2686,13.4854,0.1738,24.0602,743,28.76, -> prison (28.8%)
frame_000805,-1.0,10.6881,14.8018,0.1704,25.7795,743,37.01, -> prison (37.0%)
frame_000806,-1.0,10.6365,16.338,0.1071,27.1571,743,27.71, -> prison (27.7%)
frame_000807,-1.0,10.0243,17.0704,0.1366,27.3258,743,23.15, -> prison (23.2%)
frame_000808,-1.0,10.6507,15.2746,0.1149,26.1209,743,23.62, -> prison (23.6%)
frame_000809,-1.0,16.2593,14.9802,0.1006,31.4116,743,25.59, -> prison (25.6%)
frame_000810,-1.0,11.2903,14.6801,0.1176,26.1651,743,23.63, -> prison (23.6%)
frame_000811,-1.0,10.1009,15.2913,0.1262,25.6064,743,30.86, -> prison (30.9%)
frame_000812,-1.0,10.1479,16.8333,0.116,27.1775,743,15.78, -> prison (15.8%)
frame_000813,-1.0,9.9694,15.0446,0.1585,25.2609,743,19.68, -> prison (19.7%)
frame_000814,-1.0,10.3551,12.9751,0.1737,23.6229,743,19.76, -> prison (19.8%)
frame_000815,-1.0,16.4648,16.5392,0.1625,33.2683,743,17.58, -> prison (17.6%)
frame_000816,-1.0,10.7175,18.6739,0.1324,29.6079,743,21.88, -> prison (21.9%)
frame_000817,-1.0,10.3883,40.068,0.5333,51.455,743,25.43, -> prison (25.4%)
frame_000818,-1.0,10.7345,14.5398,0.1811,25.5756,743,34.3, -> prison (34.3%)
frame_000819,-1.0,10.4191,23.8823,0.2461,34.71,743,25.92, -> prison (25.9%)
frame_000820,-1.0,20.4152,12.9996,0.1742,33.7086,743,31.13, -> prison (31.1%)
frame_000821,-1.0,10.5017,14.1415,0.1757,24.9407,743,20.95, -> prison (20.9%)
frame_000822,-1.0,10.4438,16.5442,0.1208,27.192,743,26.18, -> prison (26.2%)
frame_000823,-1.0,13.8927,13.3686,0.176,27.5571,743,21.36, -> prison (21.4%)
frame_000824,-1.0,11.8742,14.1799,0.1103,26.2433,743,18.46, -> prison (18.5%)
frame_000825,-1.0,13.268,15.2022,0.1063,28.6534,743,33.78, -> prison (33.8%)
frame_000826,-1.0,10.6562,14.1964,0.1786,25.1502,743,21.94, -> prison (21.9%)
frame_000827,-1.0,10.9195,15.4268,0.1837,26.6547,743,23.85, -> prison (23.9%)
frame_000828,-1.0,15.4538,15.0065,0.0985,30.6357,743,17.18, -> prison (17.2%)
frame_000829,-1.0,10.7609,12.9489,0.1753,24.0164,743,20.34, -> prison (20.3%)
frame_000830,-1.0,10.5504,14.9729,0.1159,25.7209,743,20.65, -> prison (20.7%)
frame_000831,-1.0,10.5018,14.4548,0.1751,25.2651,743,13.42, -> prison (13.4%)
frame_000832,-1.0,10.4387,17.6052,0.1367,28.2901,743,28.47, -> prison (28.5%)
frame_000833,-1.0,12.1638,12.7453,0.1759,25.2057,743,14.77, -> prison (14.8%)
frame_000834,-1.0,10.3802,14.9141,0.1233,25.5047,743,19.6, -> prison (19.6%)
frame_000835,-1.0,10.865,19.9351,0.1612,31.0835,743,23.88, -> prison (23.9%)
frame_000836,-1.0,13.1033,13.8295,0.1737,27.226,743,21.43, -> prison (21.4%)
frame_000837,-1.0,13.763,14.2824,0.1623,28.3407,743,14.55, -> prison (14.6%)
frame_000838,-1.0,11.937,15.688,0.1165,27.8229,743,16.42, -> prison (16.4%)
frame_000839,-1.0,10.1891,13.186,0.1759,23.6706,743,24.1, -> prison (24.1%)
frame_000840,-1.0,10.0785,14.3782,0.177,24.7654,743,21.31, -> prison (21.3%)
frame_000841,-1.0,10.2346,14.8974,0.1048,25.3159,743,24.13, -> prison (24.1%)
frame_000842,-1.0,10.8849,16.458,0.1376,27.5667,743,30.93, -> prison (30.9%)
frame_000843,-1.0,10.5594,12.9217,0.1742,23.7742,743,24.65, -> prison (24.6%)
frame_000844,-1.0,10.286,15.6597,0.1447,26.2029,743,19.97, -> prison (20.0%)
frame_000845,-1.0,15.7725,16.191,0.0964,32.129,743,16.38, -> prison (16.4%)
frame_000846,-1.0,11.2944,14.5872,0.1786,26.1838,743,27.35, -> prison (27.3%)
frame_000847,-1.0,10.3365,15.1466,0.0885,25.6362,743,33.81, -> prison (33.8%)
frame_000848,-1.0,13.2455,15.8587,0.1108,29.2926,743,30.09, -> prison (30.1%)
frame_000849,-1.0,10.2064,15.2831,0.0972,25.6541,743,30.76, -> prison (30.8%)
frame_000850,-1.0,10.2612,14.1076,0.1779,24.6666,743,21.64, -> prison (21.6%)
frame_000851,-1.0,10.7252,19.5051,0.161,30.5082,743,26.42, -> prison (26.4%)
frame_000852,-1.0,10.8407,14.1417,0.178,25.2816,743,37.61, -> prison (37.6%)
frame_000853,-1.0,13.8724,13.3035,0.1749,27.4714,743,27.52, -> prison (27.5%)
frame_000854,-1.0,12.0372,19.8393,0.152,32.1315,743,20.22, -> prison (20.2%)
frame_000855,-1.0,13.5779,14.5673,0.172,28.4165,743,14.22, -> prison (14.2%)
frame_000856,-1.0,10.6285,14.1269,0.1766,25.0841,743,25.67, -> prison (25.7%)
frame_000857,-1.0,10.3016,19.1365,0.1532,29.6953,743,23.63, -> prison (23.6%)
frame_000858,-1.0,10.2416,14.6604,0.1126,25.1019,743,20.84, -> prison (20.8%)
frame_000859,-1.0,10.3567,13.9518,0.1767,24.6129,743,40.64, -> prison (40.6%)
frame_000860,-1.0,10.2372,14.5524,0.1395,25.0231,743,26.99, -> prison (27.0%)
frame_000861,-1.0,10.1995,14.2915,0.194,24.8078,743,29.6, -> prison (29.6%)
frame_000862,-1.0,10.1432,14.1322,0.1779,24.5871,743,23.75, -> prison (23.8%)
frame_000863,-1.0,10.1958,14.8314,0.0916,25.1863,743,19.57, -> prison (19.6%)
frame_000864,-1.0,13.4677,17.067,0.1288,30.7645,743,16.97, -> prison (17.0%)
frame_000865,-1.0,12.2737,14.7331,0.1146,27.2051,743,17.21, -> prison (17.2%)
frame_000866,-1.0,10.4052,14.9468,0.1218,25.5541,743,17.15, -> prison (17.1%)
frame_000867,-1.0,11.2331,15.8979,0.1227,27.3382,743,42.26, -> prison (42.3%)
frame_000868,-1.0,13.1011,14.1699,0.1757,27.5672,743,23.27, -> prison (23.3%)
frame_000869,-1.0,10.3754,18.5341,0.1515,29.1628,743,24.43, -> prison (24.4%)
frame_000870,-1.0,11.0251,14.0845,0.1745,25.4019,743,17.91, -> prison (17.9%)
frame_000871,-1.0,10.4777,15.4243,0.1197,26.1044,743,19.24, -> prison (19.2%)
frame_000872,-1.0,10.0364,16.3911,0.1422,26.6682,743,18.5, -> prison (18.5%)
frame_000873,-1.0,10.5201,18.0015,0.1492,28.7646,743,14.21, -> prison (14.2%)
frame_000874,-1.0,10.2236,13.0337,0.1742,23.5505,743,21.6, -> prison (21.6%)
frame_000875,-1.0,10.3293,12.869,0.1782,23.4971,743,27.73, -> prison (27.7%)
frame_000876,-1.0,10.3451,13.9577,0.1753,24.5992,743,22.72, -> prison (22.7%)
frame_000877,-1.0,18.1236,16.0029,0.0969,34.2992,743,12.64, -> prison (12.6%)
frame_000878,-1.0,10.9572,13.435,0.171,24.6834,743,9.43, -> prison (9.4%)
frame_000879,-1.0,10.4631,15.0941,0.1165,25.7573,743,10.68, -> prison (10.7%)
frame_000880,-1.0,10.308,14.7015,0.142,25.2347,743,12.55, -> prison (12.6%)
frame_000881,-1.0,10.2655,14.382,0.1788,24.9319,743,12.32, -> prison (12.3%)
frame_000882,-1.0,12.9641,14.1537,0.1733,27.4153,743,12.87, -> prison (12.9%)
frame_000883,-1.0,10.4001,14.0139,0.1755,24.7099,743,32.74, -> prison (32.7%)
frame_000884,-1.0,10.9248,14.5249,0.1173,25.6438,743,17.49, -> prison (17.5%)
frame_000885,-1.0,10.3728,13.1207,0.1776,23.7965,743,18.52, -> prison (18.5%)
frame_000886,-1.0,10.538,14.985,0.1278,25.7333,743,20.77, -> prison (20.8%)
frame_000887,-1.0,10.6154,16.5337,0.1277,27.363,743,23.17, -> prison (23.2%)
frame_000888,-1.0,10.4887,13.4315,0.1756,24.2145,743,19.24, -> prison (19.2%)
frame_000889,-1.0,10.343,23.1686,0.2624,33.9337,743,23.12, -> prison (23.1%)
frame_000890,-1.0,10.6449,14.2016,0.1755,25.1605,743,40.92, -> prison (40.9%)
frame_000891,-1.0,10.4857,14.933,0.1237,25.6301,743,23.98, -> prison (24.0%)
frame_000892,-1.0,12.6236,17.426,0.1511,30.3047,743,12.36, -> prison (12.4%)
frame_000893,-1.0,10.6199,12.5231,0.1729,23.4349,743,17.07, -> prison (17.1%)
frame_000894,-1.0,10.5793,14.0888,0.1765,24.965,743,24.4, -> prison (24.4%)
frame_000895,-1.0,10.4752,16.3376,0.1543,27.0712,743,26.76, -> prison (26.8%)
frame_000896,-1.0,10.2391,13.9826,0.1773,24.5191,743,28.06, -> prison (28.1%)
frame_000897,-1.0,10.6471,15.1864,0.1289,26.0514,743,32.84, -> prison (32.8%)
frame_000898,-1.0,10.8153,15.4845,0.1357,26.5293,743,20.55, -> prison (20.6%)
frame_000899,-1.0,10.7855,12.8587,0.1754,23.9394,743,16.54, -> prison (16.5%)
frame_000900,-1.0,10.6852,15.8373,0.1456,26.7639,743,32.81, -> prison (32.8%)
frame_000901,-1.0,10.5026,16.0166,0.1683,26.7986,743,22.67, -> prison (22.7%)
frame_000902,-1.0,10.1285,16.5785,0.1048,26.8868,743,27.47, -> prison (27.5%)
frame_000903,-1.0,15.2492,14.7067,0.156,30.1752,743,27.45, -> prison (27.5%)
frame_000904,-1.0,13.9711,14.3315,0.1758,28.5616,743,38.95, -> prison (39.0%)
frame_000905,-1.0,12.0476,19.0304,0.1304,31.2977,743,21.52, -> prison (21.5%)
frame_000906,-1.0,10.3954,15.0609,0.0894,25.6157,743,22.79, -> prison (22.8%)
frame_000907,-1.0,10.4725,13.7507,0.1843,24.5247,743,20.44, -> prison (20.4%)
frame_000908,-1.0,11.1093,14.9789,0.0865,26.2399,743,30.04, -> prison (30.0%)
frame_000909,-1.0,10.4715,15.2805,0.087,25.9083,743,34.65, -> prison (34.6%)
frame_000910,-1.0,10.5394,14.9102,0.0877,25.6008,743,20.65, -> prison (20.6%)
frame_000911,-1.0,10.6216,19.3119,0.135,30.1619,743,34.93, -> prison (34.9%)
frame_000912,-1.0,10.4017,14.0619,0.1745,24.7596,743,24.27, -> prison (24.3%)
frame_000913,-1.0,10.3757,13.4433,0.1763,24.1155,743,32.14, -> prison (32.1%)
frame_000914,-1.0,10.0536,14.8526,0.1221,25.1104,743,48.08, -> prison (48.1%)
frame_000915,-1.0,10.5724,14.0545,0.1775,24.937,743,30.9, -> prison (30.9%)
frame_000916,-1.0,10.2841,14.3254,0.1782,24.9343,743,22.52, -> prison (22.5%)
frame_000917,-1.0,10.1987,16.1639,0.1237,26.5659,743,15.68, -> prison (15.7%)
frame_000918,-1.0,11.4466,13.5768,0.1852,25.3302,743,23.9, -> prison (23.9%)
frame_000919,-1.0,10.6641,13.5871,0.1847,24.5551,743,26.95, -> prison (26.9%)
frame_000920,-1.0,15.001,13.5624,0.1746,28.8578,743,17.65, -> prison (17.7%)
frame_000921,-1.0,11.2806,13.9426,0.1719,25.5162,743,18.94, -> prison (18.9%)
frame_000922,-1.0,10.4365,15.04,0.1281,25.6874,743,13.62, -> prison (13.6%)
frame_000923,-1.0,10.3039,13.5232,0.174,24.1201,743,13.25, -> prison (13.3%)
frame_000924,-1.0,10.822,17.6636,0.1757,28.7771,743,18.0, -> prison (18.0%)
frame_000925,-1.0,11.415,13.4899,0.1765,25.2008,743,10.67, -> prison (10.7%)
frame_000926,-1.0,11.9566,15.1892,0.1409,27.381,743,9.77, -> prison (9.8%)
frame_000927,-1.0,10.5846,18.3628,0.17,29.2364,743,15.06, -> prison (15.1%)
frame_000928,-1.0,10.5392,14.6851,0.1212,25.4307,743,19.56, -> prison (19.6%)
frame_000929,-1.0,10.4263,15.044,0.1749,25.7649,743,21.86, -> prison (21.9%)
frame_000930,-1.0,10.4179,16.802,0.1402,27.4577,743,18.66, -> prison (18.7%)
frame_000931,-1.0,10.4945,16.0201,0.1419,26.7546,743,17.2, -> prison (17.2%)
frame_000932,-1.0,10.1718,14.1313,0.1778,24.6153,743,10.75, -> prison (10.7%)
frame_000933,-1.0,10.9699,17.2199,0.1555,28.4569,743,9.72, -> prison (9.7%)
frame_000934,-1.0,10.5244,15.4131,0.1327,26.1591,743,7.99, -> prison (8.0%)
frame_000935,-1.0,10.6061,13.1979,0.1759,24.1002,743,12.5, -> prison (12.5%)
frame_000936,-1.0,10.5342,14.7465,0.1727,25.5704,743,9.67, -> prison (9.7%)
frame_000937,-1.0,10.6165,14.4833,0.1865,25.3864,743,7.96, -> prison (8.0%)
frame_000938,-1.0,13.602,13.4026,0.2065,27.3312,743,14.13, -> prison (14.1%)
frame_000939,-1.0,10.5727,16.4199,0.093,27.1585,799,6.21, -> sliding door (6.2%)
frame_000940,-1.0,10.686,12.9395,0.1748,23.9186,799,9.66, -> sliding door (9.7%)
frame_000941,-1.0,10.4178,13.3404,0.1752,24.0514,799,17.52, -> sliding door (17.5%)
frame_000942,-1.0,10.4904,14.3488,0.1762,25.1005,743,11.27, -> prison (11.3%)
frame_000943,-1.0,10.5318,14.176,0.1776,25.0051,799,9.9, -> sliding door (9.9%)
frame_000944,-1.0,10.8732,14.6993,0.1055,25.7958,799,8.93, -> sliding door (8.9%)
frame_000945,-1.0,20.4123,14.1538,0.176,34.8633,743,20.8, -> prison (20.8%)
frame_000946,-1.0,13.3945,19.2553,0.1605,32.9209,743,17.13, -> prison (17.1%)
frame_000947,-1.0,10.258,14.7956,0.0882,25.2064,743,10.05, -> prison (10.0%)
frame_000948,-1.0,10.3509,16.3645,0.1217,26.924,743,20.17, -> prison (20.2%)
frame_000949,-1.0,10.2785,19.0415,0.1246,29.5354,743,18.27, -> prison (18.3%)
frame_000950,-1.0,10.486,13.2439,0.1749,24.0256,743,10.47, -> prison (10.5%)
frame_000951,-1.0,10.7818,14.5036,0.1609,25.5118,743,10.92, -> prison (10.9%)
frame_000952,-1.0,10.089,17.4762,0.1093,27.7554,743,11.96, -> prison (12.0%)
frame_000953,-1.0,10.353,13.4335,0.1755,24.0819,743,12.4, -> prison (12.4%)
frame_000954,-1.0,10.7697,12.8675,0.1748,23.9372,743,6.88, -> prison (6.9%)
frame_000955,-1.0,10.2845,13.696,0.1745,24.2751,743,9.02, -> prison (9.0%)
frame_000956,-1.0,10.125,14.6379,0.1628,24.9903,743,6.87, -> prison (6.9%)
frame_000957,-1.0,10.6166,14.7713,0.0923,25.5576,799,7.35, -> sliding door (7.3%)
frame_000958,-1.0,10.1769,14.8509,0.0991,25.1924,799,7.55, -> sliding door (7.6%)
frame_000959,-1.0,10.0534,12.9955,0.1754,23.3564,743,14.01, -> prison (14.0%)
frame_000960,-1.0,10.3424,13.3801,0.1738,24.0175,799,7.83, -> sliding door (7.8%)
frame_000961,-1.0,10.3727,14.0265,0.1864,24.7117,789,9.36, -> shoji (9.4%)
frame_000962,-1.0,11.4934,18.1771,0.17,29.9596,789,7.12, -> shoji (7.1%)
frame_000963,-1.0,12.3518,14.8259,0.1515,27.4306,799,6.99, -> sliding door (7.0%)
frame_000964,-1.0,10.8827,14.2235,0.1876,25.4172,799,9.4, -> sliding door (9.4%)
frame_000965,-1.0,10.3308,13.2297,0.1745,23.8536,799,8.61, -> sliding door (8.6%)
frame_000966,-1.0,10.7498,17.8191,0.172,28.8666,789,6.91, -> shoji (6.9%)
frame_000967,-1.0,10.4469,14.0587,0.1773,24.8006,789,6.25, -> shoji (6.3%)
frame_000968,-1.0,10.2255,15.0302,0.1912,25.5666,799,5.53, -> sliding door (5.5%)
frame_000969,-1.0,11.1722,14.4227,0.1746,25.89,789,7.79, -> shoji (7.8%)
frame_000970,-1.0,10.7166,14.9581,0.1454,25.9071,743,11.67, -> prison (11.7%)
frame_000971,-1.0,11.6689,21.1744,0.1903,33.1802,743,6.56, -> prison (6.6%)
frame_000972,-1.0,10.672,14.7276,0.1266,25.6139,789,6.37, -> shoji (6.4%)
frame_000973,-1.0,10.5491,13.0674,0.1764,23.9133,789,5.98, -> shoji (6.0%)
frame_000974,-1.0,10.3836,14.0027,0.1775,24.6856,799,7.85, -> sliding door (7.9%)
frame_000975,-1.0,10.1386,13.8106,0.1732,24.2419,799,14.01, -> sliding door (14.0%)
frame_000976,-1.0,10.5033,13.4691,0.1741,24.2669,743,6.04, -> prison (6.0%)
frame_000977,-1.0,17.1436,15.8583,0.184,33.2976,799,8.18, -> sliding door (8.2%)
frame_000978,-1.0,10.7561,15.5876,0.0994,26.5128,799,6.75, -> sliding door (6.8%)
frame_000979,-1.0,10.4105,13.5416,0.1728,24.2427,743,7.05, -> prison (7.0%)
frame_000980,-1.0,10.5051,14.3398,0.1775,25.1425,789,8.62, -> shoji (8.6%)
frame_000981,-1.0,13.324,17.96,0.1174,31.4849,799,7.49, -> sliding door (7.5%)
frame_000982,-1.0,10.5371,15.6332,0.1188,26.3664,743,9.03, -> prison (9.0%)
frame_000983,-1.0,10.1745,12.8368,0.1751,23.3297,799,6.94, -> sliding door (6.9%)
frame_000984,-1.0,10.2007,14.2771,0.181,24.7793,799,6.84, -> sliding door (6.8%)
frame_000985,-1.0,12.1782,15.0029,0.1161,27.3816,743,9.19, -> prison (9.2%)
frame_000986,-1.0,10.6322,14.6506,0.1102,25.4726,743,10.02, -> prison (10.0%)
frame_000987,-1.0,12.1472,18.7371,0.1448,31.1283,743,13.09, -> prison (13.1%)
frame_000988,-1.0,13.3661,13.4657,0.2006,27.1539,743,12.25, -> prison (12.2%)
frame_000989,-1.0,10.2202,14.1211,0.1756,24.6494,743,7.38, -> prison (7.4%)
frame_000990,-1.0,10.6105,18.1848,0.1533,29.049,706,6.97, -> patio (7.0%)
frame_000991,-1.0,10.7755,14.1477,0.1768,25.2221,743,9.98, -> prison (10.0%)
frame_000992,-1.0,10.515,14.7237,0.1138,25.4411,706,7.79, -> patio (7.8%)
frame_000993,-1.0,11.9545,15.514,0.1208,27.6815,743,13.05, -> prison (13.0%)
frame_000994,-1.0,13.5969,14.3097,0.106,28.0871,743,8.12, -> prison (8.1%)
frame_000995,-1.0,11.9117,12.9657,0.1641,25.1541,706,6.4, -> patio (6.4%)
frame_000996,-1.0,13.1561,14.4999,0.1771,27.9266,881,6.42, -> upright (6.4%)
frame_000997,-1.0,10.6738,15.4348,0.1155,26.3045,579,7.08, -> grand piano (7.1%)
frame_000998,-1.0,10.9155,17.7552,0.1367,28.9037,579,15.13, -> grand piano (15.1%)
frame_000999,-1.0,10.5497,14.8755,0.1306,25.6459,579,8.23, -> grand piano (8.2%)
frame_001000,-1.0,10.5761,18.6368,0.1734,29.4912,881,10.73, -> upright (10.7%)
frame_001001,-1.0,10.4034,13.7263,0.1911,24.4412,579,13.74, -> grand piano (13.7%)
frame_001002,-1.0,10.4086,15.9704,0.1275,26.5914,579,9.2, -> grand piano (9.2%)
frame_001003,-1.0,10.3701,21.6845,0.2337,32.4339,881,11.16, -> upright (11.2%)
frame_001004,-1.0,10.6961,14.0373,0.1768,25.0291,526,7.83, -> desk (7.8%)
frame_001005,-1.0,10.3465,16.4695,0.1307,27.0382,881,8.56, -> upright (8.6%)
frame_001006,-1.0,10.6323,14.832,0.1019,25.6553,881,17.19, -> upright (17.2%)
frame_001007,-1.0,10.1205,14.8539,0.1728,25.2266,881,14.28, -> upright (14.3%)
frame_001008,-1.0,10.4728,15.8425,0.1162,26.5122,526,15.7, -> desk (15.7%)
frame_001009,-1.0,10.4695,15.8092,0.1216,26.4841,526,11.66, -> desk (11.7%)
frame_001010,-1.0,10.429,16.3159,0.1162,26.9469,881,11.53, -> upright (11.5%)
frame_001011,-1.0,12.7331,13.769,0.1747,26.7971,526,13.21, -> desk (13.2%)
frame_001012,-1.0,10.7626,14.6794,0.1082,25.6268,526,15.55, -> desk (15.6%)
frame_001013,-1.0,10.5772,13.6958,0.178,24.5701,526,14.84, -> desk (14.8%)
frame_001014,-1.0,10.275,14.542,0.1236,25.0283,423,9.64, -> barber chair (9.6%)
frame_001015,-1.0,10.1751,15.6347,0.1211,26.0151,526,16.47, -> desk (16.5%)
frame_001016,-1.0,10.4962,17.0048,0.1367,27.7314,526,22.43, -> desk (22.4%)
frame_001017,-1.0,10.7023,15.3534,0.1078,26.2386,423,14.75, -> barber chair (14.8%)
frame_001018,-1.0,10.4576,13.6009,0.1882,24.3644,526,13.32, -> desk (13.3%)
frame_001019,-1.0,10.5143,17.7764,0.1379,28.521,526,16.36, -> desk (16.4%)
frame_001020,-1.0,14.8176,13.3561,0.2146,28.5069,526,17.26, -> desk (17.3%)
frame_001021,-1.0,10.216,14.0076,0.193,24.5364,423,12.23, -> barber chair (12.2%)
frame_001022,-1.0,10.2839,17.3249,0.135,27.8357,526,16.12, -> desk (16.1%)
frame_001023,-1.0,10.5726,15.977,0.1151,26.7451,526,16.25, -> desk (16.3%)
frame_001024,-1.0,16.3145,14.3453,0.1808,30.9631,881,16.15, -> upright (16.1%)
frame_001025,-1.0,10.576,16.0661,0.1104,26.8307,526,8.56, -> desk (8.6%)
frame_001026,-1.0,10.8188,14.8187,0.1094,25.8228,526,11.72, -> desk (11.7%)
frame_001027,-1.0,15.5386,17.6701,0.1186,33.4104,526,10.08, -> desk (10.1%)
frame_001028,-1.0,12.0522,18.0184,0.1304,30.2928,423,13.6, -> barber chair (13.6%)
frame_001029,-1.0,10.4499,14.1786,0.1752,24.9263,423,12.33, -> barber chair (12.3%)
frame_001030,-1.0,10.3751,13.1012,0.1781,23.7709,526,12.06, -> desk (12.1%)
frame_001031,-1.0,10.218,16.5005,0.1305,26.9465,526,22.88, -> desk (22.9%)
frame_001032,-1.0,10.6267,14.1474,0.1768,25.0687,526,13.87, -> desk (13.9%)
frame_001033,-1.0,10.6837,13.7588,0.188,24.7542,526,14.45, -> desk (14.5%)
frame_001034,-1.0,10.3263,15.3561,0.1138,25.8729,881,11.16, -> upright (11.2%)
frame_001035,-1.0,10.6255,12.5676,0.1756,23.4849,526,15.16, -> desk (15.2%)
frame_001036,-1.0,13.0167,13.3245,0.1777,26.6362,526,12.81, -> desk (12.8%)
frame_001037,-1.0,12.3293,14.5878,0.1561,27.1528,526,15.79, -> desk (15.8%)
frame_001038,-1.0,13.015,16.785,0.1304,30.0126,526,15.12, -> desk (15.1%)
frame_001039,-1.0,10.556,16.6116,0.0905,27.3322,526,23.4, -> desk (23.4%)
frame_001040,-1.0,10.3549,13.2908,0.1803,23.9559,526,17.08, -> desk (17.1%)
frame_001041,-1.0,10.2809,14.8445,0.1259,25.3341,526,12.4, -> desk (12.4%)
frame_001042,-1.0,10.5776,13.329,0.1741,24.1993,526,16.19, -> desk (16.2%)
frame_001043,-1.0,10.3499,12.5279,0.1765,23.1721,526,14.65, -> desk (14.7%)
frame_001044,-1.0,11.1653,13.8221,0.1758,25.2799,526,14.7, -> desk (14.7%)
frame_001045,-1.0,10.3317,14.2463,0.1779,24.8749,526,9.07, -> desk (9.1%)
frame_001046,-1.0,10.8054,13.8259,0.1746,24.9235,884,3.81, -> vault (3.8%)
frame_001047,-1.0,10.5931,21.7166,0.1897,32.6264,884,4.46, -> vault (4.5%)
frame_001048,-1.0,11.0035,14.4585,0.1771,25.7569,827,5.21, -> stove (5.2%)
frame_001049,-1.0,10.1698,13.5878,0.1763,24.052,526,5.03, -> desk (5.0%)
frame_001050,-1.0,10.3995,15.2089,0.1151,25.8053,827,5.81, -> stove (5.8%)
frame_001051,-1.0,10.5423,18.9003,0.1611,29.7135,827,13.1, -> stove (13.1%)
frame_001052,-1.0,10.5258,15.8247,0.0998,26.5221,827,19.23, -> stove (19.2%)
frame_001053,-1.0,10.4852,14.8854,0.0848,25.5181,827,13.35, -> stove (13.3%)
frame_001054,-1.0,10.656,41.7522,0.3491,52.9309,526,5.84, -> desk (5.8%)
frame_001055,-1.0,10.5401,19.517,0.1208,30.2564,827,16.38, -> stove (16.4%)
frame_001056,-1.0,10.8356,14.8649,0.0835,25.8499,745,7.45, -> projector (7.4%)
frame_001057,-1.0,10.9409,18.3345,0.1131,29.462,827,5.74, -> stove (5.7%)
frame_001058,-1.0,10.3781,14.1633,0.1792,24.8477,884,4.79, -> vault (4.8%)
frame_001059,-1.0,10.3814,15.4634,0.1953,26.1678,745,3.42, -> projector (3.4%)
frame_001060,-1.0,10.1472,14.1155,0.1844,24.5732,745,3.06, -> projector (3.1%)
frame_001061,-1.0,10.2233,13.978,0.1874,24.5082,884,3.6, -> vault (3.6%)
frame_001062,-1.0,10.0122,14.6446,0.083,24.8053,745,3.56, -> projector (3.6%)
frame_001063,-1.0,9.882,13.2839,0.1815,23.4727,745,2.94, -> projector (2.9%)
frame_001064,-1.0,10.47,14.7887,0.129,25.4691,743,2.71, -> prison (2.7%)
frame_001065,-1.0,10.5506,13.9181,0.1746,24.7613,745,2.79, -> projector (2.8%)
frame_001066,-1.0,10.6534,18.4601,0.1406,29.3514,897,5.33, -> washer (5.3%)
frame_001067,-1.0,10.4125,16.4499,0.1354,27.08,897,6.16, -> washer (6.2%)
frame_001068,-1.0,10.4996,16.0171,0.1155,26.7189,897,6.19, -> washer (6.2%)
frame_001069,-1.0,9.997,20.4454,0.1623,30.7224,884,3.1, -> vault (3.1%)
frame_001070,-1.0,10.6027,13.6268,0.2039,24.5488,884,4.65, -> vault (4.6%)
frame_001071,-1.0,13.2752,14.8425,0.1752,28.4102,897,5.19, -> washer (5.2%)
frame_001072,-1.0,10.643,15.2666,0.1238,26.1137,745,10.77, -> projector (10.8%)
frame_001073,-1.0,10.3577,13.7592,0.1881,24.4222,745,5.92, -> projector (5.9%)
frame_001074,-1.0,10.2908,13.8586,0.1756,24.4428,827,9.87, -> stove (9.9%)
frame_001075,-1.0,10.4592,13.683,0.1736,24.4448,897,12.65, -> washer (12.6%)
frame_001076,-1.0,10.9058,15.41,0.1286,26.5245,526,9.77, -> desk (9.8%)
frame_001077,-1.0,15.3286,15.1324,0.1048,30.6428,526,15.35, -> desk (15.3%)
frame_001078,-1.0,13.6616,13.0364,0.1778,27.0159,526,18.05, -> desk (18.1%)
frame_001079,-1.0,15.1262,14.0013,0.1115,29.3205,526,24.11, -> desk (24.1%)
frame_001080,-1.0,10.0109,14.9949,0.111,25.1918,526,17.14, -> desk (17.1%)
frame_001081,-1.0,10.0521,15.3232,0.1171,25.5833,526,21.92, -> desk (21.9%)
frame_001082,-1.0,10.6438,15.233,0.1242,26.0928,526,29.09, -> desk (29.1%)
frame_001083,-1.0,10.5433,15.3605,0.1152,26.0974,526,29.55, -> desk (29.5%)
frame_001084,-1.0,10.1797,15.1054,0.1231,25.4893,526,35.94, -> desk (35.9%)
frame_001085,-1.0,10.1741,18.2979,0.1443,28.721,526,32.57, -> desk (32.6%)
frame_001086,-1.0,10.5707,13.9489,0.178,24.8144,526,31.86, -> desk (31.9%)
frame_001087,-1.0,13.2188,13.9214,0.1779,27.4351,526,25.48, -> desk (25.5%)
frame_001088,-1.0,10.39,16.209,0.1037,26.7781,526,20.61, -> desk (20.6%)
frame_001089,-1.0,13.8334,12.7016,0.1752,26.8293,526,20.63, -> desk (20.6%)
frame_001090,-1.0,10.0652,12.7691,0.1755,23.1287,526,22.79, -> desk (22.8%)
frame_001091,-1.0,10.4828,19.3224,0.0866,29.9532,526,27.92, -> desk (27.9%)
frame_001092,-1.0,9.94,14.3173,0.1788,24.5544,526,25.08, -> desk (25.1%)
frame_001093,-1.0,10.2449,12.9469,0.1759,23.4876,827,10.36, -> stove (10.4%)
frame_001094,-1.0,10.3492,14.0248,0.175,24.6722,526,13.4, -> desk (13.4%)
frame_001095,-1.0,10.2997,14.0037,0.1763,24.5998,526,14.32, -> desk (14.3%)
frame_001096,-1.0,11.2676,14.8269,0.0971,26.2561,897,5.34, -> washer (5.3%)
frame_001097,-1.0,10.2589,16.4334,0.1079,26.8734,526,6.55, -> desk (6.6%)
frame_001098,-1.0,10.6376,19.7131,0.1428,30.5887,526,10.06, -> desk (10.1%)
frame_001099,-1.0,10.9002,13.3471,0.179,24.545,897,4.74, -> washer (4.7%)
frame_001100,-1.0,10.3156,13.6745,0.1775,24.2872,526,19.52, -> desk (19.5%)
frame_001101,-1.0,10.5544,17.5738,0.119,28.3251,526,15.28, -> desk (15.3%)
frame_001102,-1.0,10.3228,16.7744,0.0963,27.2726,526,7.41, -> desk (7.4%)
frame_001103,-1.0,10.3471,14.013,0.1853,24.6646,526,12.69, -> desk (12.7%)
frame_001104,-1.0,10.1779,14.9611,0.0834,25.2877,526,16.38, -> desk (16.4%)
frame_001105,-1.0,10.4974,14.7034,0.1105,25.3841,526,7.84, -> desk (7.8%)
frame_001106,-1.0,10.2326,15.1996,0.1187,25.6286,526,8.62, -> desk (8.6%)
frame_001107,-1.0,10.2785,14.3382,0.1618,24.8605,526,7.93, -> desk (7.9%)
frame_001108,-1.0,10.1344,14.4017,0.1813,24.8189,526,9.01, -> desk (9.0%)
frame_001109,-1.0,10.3182,13.4699,0.1801,24.0886,526,10.06, -> desk (10.1%)
frame_001110,-1.0,10.1803,17.1515,0.1668,27.6196,526,14.4, -> desk (14.4%)
frame_001111,-1.0,10.4712,14.6165,0.1262,25.3123,526,15.97, -> desk (16.0%)
frame_001112,-1.0,13.6836,14.2862,0.1997,28.2881,526,15.97, -> desk (16.0%)
frame_001113,-1.0,10.812,14.8838,0.1249,25.9066,526,21.24, -> desk (21.2%)
frame_001114,-1.0,10.4498,15.2299,0.1373,25.9077,526,33.42, -> desk (33.4%)
frame_001115,-1.0,10.1298,13.4578,0.1777,23.8803,526,39.33, -> desk (39.3%)
frame_001116,-1.0,11.9659,13.4197,0.1753,25.702,526,33.42, -> desk (33.4%)
frame_001117,-1.0,10.579,19.3469,0.1927,30.2461,526,39.37, -> desk (39.4%)
frame_001118,-1.0,10.5804,13.0297,0.1757,23.902,526,48.34, -> desk (48.3%)
frame_001119,-1.0,11.9326,22.0018,0.2087,34.2826,526,35.21, -> desk (35.2%)
frame_001120,-1.0,18.0654,13.4642,0.1733,31.8191,526,36.45, -> desk (36.4%)
frame_001121,-1.0,10.6604,19.6802,0.1876,30.6812,526,29.95, -> desk (30.0%)
frame_001122,-1.0,10.8679,17.2216,0.1573,28.3727,526,44.54, -> desk (44.5%)
frame_001123,-1.0,10.4969,12.8349,0.175,23.6233,526,42.44, -> desk (42.4%)
frame_001124,-1.0,10.5891,14.2789,0.1781,25.1639,526,29.13, -> desk (29.1%)
frame_001125,-1.0,12.2893,13.5794,0.1918,26.1916,526,31.79, -> desk (31.8%)
frame_001126,-1.0,15.341,15.398,0.1262,30.9509,526,23.72, -> desk (23.7%)
frame_001127,-1.0,10.2986,52.6476,0.1685,63.2143,526,33.55, -> desk (33.6%)
frame_001128,-1.0,10.7822,13.9615,0.2153,25.0749,526,33.81, -> desk (33.8%)
frame_001129,-1.0,10.3582,23.247,0.2376,34.0042,526,39.08, -> desk (39.1%)
frame_001130,-1.0,11.8155,13.9998,0.175,26.1081,526,28.37, -> desk (28.4%)
frame_001131,-1.0,10.1545,13.424,0.1761,23.8855,526,31.54, -> desk (31.5%)
frame_001132,-1.0,11.9867,15.4593,0.1025,27.6226,526,29.9, -> desk (29.9%)
frame_001133,-1.0,10.2712,13.0178,0.1764,23.5805,526,32.2, -> desk (32.2%)
frame_001134,-1.0,10.505,13.5915,0.1822,24.4063,526,41.05, -> desk (41.0%)
frame_001135,-1.0,35.7612,16.5193,0.1102,52.4695,526,30.57, -> desk (30.6%)
frame_001136,-1.0,10.7258,13.7628,0.2153,24.8221,526,48.17, -> desk (48.2%)
frame_001137,-1.0,10.4435,14.1502,0.1744,24.8873,526,31.5, -> desk (31.5%)
frame_001138,-1.0,10.4122,13.6955,0.1866,24.4117,526,22.09, -> desk (22.1%)
frame_001139,-1.0,11.2514,18.8224,0.1915,30.3885,526,23.67, -> desk (23.7%)
frame_001140,-1.0,10.4638,16.7164,0.1562,27.4338,526,23.54, -> desk (23.5%)
frame_001141,-1.0,10.2293,18.8347,0.1593,29.3333,526,24.81, -> desk (24.8%)
frame_001142,-1.0,10.472,16.3514,0.1362,27.0572,526,18.85, -> desk (18.9%)
frame_001143,-1.0,10.2705,13.5466,0.172,24.1075,526,35.86, -> desk (35.9%)
frame_001144,-1.0,10.6436,14.1389,0.1764,25.0775,526,31.09, -> desk (31.1%)
frame_001145,-1.0,10.7689,19.2004,0.1757,30.271,526,36.07, -> desk (36.1%)
frame_001146,-1.0,10.3967,14.3719,0.1782,25.0617,526,31.06, -> desk (31.1%)
frame_001147,-1.0,10.6587,15.0939,0.185,26.0575,526,45.06, -> desk (45.1%)
frame_001148,-1.0,11.0637,16.2156,0.1427,27.5206,526,41.51, -> desk (41.5%)
frame_001149,-1.0,10.533,14.2138,0.1754,25.0435,526,30.95, -> desk (30.9%)
frame_001150,-1.0,13.4136,15.4722,0.1408,29.1238,526,56.99, -> desk (57.0%)
frame_001151,-1.0,12.4423,13.7992,0.1024,26.421,526,40.09, -> desk (40.1%)
frame_001152,-1.0,11.8512,14.6953,0.1007,26.7194,526,36.89, -> desk (36.9%)
frame_001153,-1.0,10.4437,13.4398,0.1729,24.1738,526,56.1, -> desk (56.1%)
frame_001154,-1.0,10.4082,13.1967,0.1734,23.8964,526,43.32, -> desk (43.3%)
frame_001155,-1.0,10.5746,16.2609,0.1315,27.0553,526,43.04, -> desk (43.0%)
frame_001156,-1.0,12.2076,14.2777,0.1803,26.7832,526,46.49, -> desk (46.5%)
frame_001157,-1.0,10.3155,14.9102,0.1183,25.4265,526,41.19, -> desk (41.2%)
frame_001158,-1.0,10.2854,15.5423,0.1231,26.0371,526,46.13, -> desk (46.1%)
frame_001159,-1.0,10.1095,14.7858,0.1485,25.1329,526,45.93, -> desk (45.9%)
frame_001160,-1.0,10.4591,15.556,0.1179,26.2202,526,42.58, -> desk (42.6%)
frame_001161,-1.0,10.4955,17.2662,0.1354,27.9932,526,46.1, -> desk (46.1%)
frame_001162,-1.0,10.55,15.4219,0.132,26.1994,526,49.88, -> desk (49.9%)
frame_001163,-1.0,11.2634,13.5359,0.1754,25.0909,526,44.86, -> desk (44.9%)
frame_001164,-1.0,10.2169,15.7878,0.1448,26.2591,526,44.67, -> desk (44.7%)
frame_001165,-1.0,10.5944,13.9014,0.1777,24.7919,526,45.39, -> desk (45.4%)
frame_001166,-1.0,10.3322,14.6224,0.1428,25.1879,526,39.72, -> desk (39.7%)
frame_001167,-1.0,10.3255,15.7363,0.1383,26.2978,526,41.09, -> desk (41.1%)
frame_001168,-1.0,10.2202,12.8958,0.1924,23.4261,526,43.31, -> desk (43.3%)
frame_001169,-1.0,10.1962,14.8023,0.1252,25.2081,526,35.85, -> desk (35.8%)
frame_001170,-1.0,10.4609,15.2814,0.1204,25.9407,526,38.07, -> desk (38.1%)
frame_001171,-1.0,10.6913,20.0167,0.1838,31.009,526,47.0, -> desk (47.0%)
frame_001172,-1.0,10.9243,13.8094,0.1748,25.0282,532,20.67, -> dining table (20.7%)
frame_001173,-1.0,10.2578,15.0321,0.1156,25.4978,532,17.63, -> dining table (17.6%)
frame_001174,-1.0,10.3331,19.6241,0.176,30.2507,532,13.46, -> dining table (13.5%)
frame_001175,-1.0,10.988,14.6616,0.1267,25.8577,526,16.34, -> desk (16.3%)
frame_001176,-1.0,10.411,14.9157,0.1739,25.5881,526,10.1, -> desk (10.1%)
frame_001177,-1.0,13.6574,21.3792,0.1849,35.3356,526,12.22, -> desk (12.2%)
frame_001178,-1.0,10.4519,12.8571,0.179,23.6072,526,12.3, -> desk (12.3%)
frame_001179,-1.0,9.961,13.1046,0.2134,23.3985,526,13.71, -> desk (13.7%)
frame_001180,-1.0,10.1292,18.8455,0.1509,29.228,526,12.32, -> desk (12.3%)
frame_001181,-1.0,10.2847,15.5196,0.1121,26.0048,526,12.89, -> desk (12.9%)
frame_001182,-1.0,11.5055,14.9793,0.1054,26.662,526,14.53, -> desk (14.5%)
frame_001183,-1.0,11.2621,13.0264,0.1979,24.6032,526,13.9, -> desk (13.9%)
frame_001184,-1.0,10.3646,17.1121,0.1346,27.6983,526,13.23, -> desk (13.2%)
frame_001185,-1.0,19.9655,14.5142,0.1755,34.7741,526,12.2, -> desk (12.2%)
frame_001186,-1.0,10.7197,15.0315,0.1025,25.9229,532,22.01, -> dining table (22.0%)
frame_001187,-1.0,10.3359,18.1375,0.1363,28.7054,532,49.02, -> dining table (49.0%)
frame_001188,-1.0,10.7413,14.5309,0.1764,25.5238,532,49.42, -> dining table (49.4%)
frame_001189,-1.0,13.4782,13.2065,0.1815,26.9858,532,22.17, -> dining table (22.2%)
frame_001190,-1.0,10.7092,18.68,0.1453,29.633,526,22.5, -> desk (22.5%)
frame_001191,-1.0,10.2201,16.9119,0.1252,27.3403,526,20.88, -> desk (20.9%)
frame_001192,-1.0,10.3437,18.9707,0.1532,29.5717,526,20.23, -> desk (20.2%)
frame_001193,-1.0,10.4188,16.3173,0.1199,26.9539,526,17.82, -> desk (17.8%)
frame_001194,-1.0,10.5652,16.6283,0.1065,27.3708,526,16.59, -> desk (16.6%)
frame_001195,-1.0,10.0125,14.8818,0.1123,25.0838,526,17.91, -> desk (17.9%)
frame_001196,-1.0,10.4161,17.8684,0.1372,28.5144,526,17.34, -> desk (17.3%)
frame_001197,-1.0,10.1494,15.0069,0.1347,25.3974,526,16.1, -> desk (16.1%)
frame_001198,-1.0,10.1401,13.7787,0.1756,24.213,526,18.45, -> desk (18.5%)
frame_001199,-1.0,10.6484,20.0212,0.1622,30.9444,526,16.28, -> desk (16.3%)
frame_001200,-1.0,10.6511,43.6868,0.3634,54.8955,526,16.44, -> desk (16.4%)
frame_001201,-1.0,10.9993,13.9345,0.1764,25.228,526,14.66, -> desk (14.7%)
frame_001202,-1.0,10.6042,15.4301,0.1113,26.2186,526,13.7, -> desk (13.7%)
frame_001203,-1.0,10.3323,13.6105,0.1875,24.2503,526,15.18, -> desk (15.2%)
frame_001204,-1.0,10.1934,16.8057,0.115,27.1941,526,14.01, -> desk (14.0%)
frame_001205,-1.0,10.9937,14.7251,0.1185,25.9194,526,16.81, -> desk (16.8%)
frame_001206,-1.0,10.4057,19.9704,0.1656,30.6504,526,15.63, -> desk (15.6%)
frame_001207,-1.0,10.4031,13.973,0.1749,24.6697,526,16.25, -> desk (16.2%)
frame_001208,-1.0,27.336,15.306,0.0998,42.8149,526,17.47, -> desk (17.5%)
frame_001209,-1.0,10.6252,20.5206,0.1461,31.4054,526,17.89, -> desk (17.9%)
frame_001210,-1.0,10.8704,15.2992,0.1232,26.3685,532,46.8, -> dining table (46.8%)
frame_001211,-1.0,10.3527,15.7851,0.1223,26.3361,532,9.1, -> dining table (9.1%)
frame_001212,-1.0,10.1825,19.3752,0.1602,29.8274,532,7.94, -> dining table (7.9%)
frame_001213,-1.0,17.586,13.7559,0.1755,31.6385,532,15.86, -> dining table (15.9%)
frame_001214,-1.0,11.5445,14.0524,0.1766,25.8921,526,24.54, -> desk (24.5%)
frame_001215,-1.0,10.5462,14.748,0.104,25.4659,526,24.96, -> desk (25.0%)
frame_001216,-1.0,10.3392,13.9613,0.1743,24.593,526,24.54, -> desk (24.5%)
frame_001217,-1.0,10.1859,14.437,0.1758,24.911,526,30.09, -> desk (30.1%)
frame_001218,-1.0,10.3766,14.6214,0.0958,25.1568,526,24.46, -> desk (24.5%)
frame_001219,-1.0,16.1536,12.987,0.1787,29.4388,526,25.83, -> desk (25.8%)
frame_001220,-1.0,10.0825,12.9762,0.1862,23.3633,526,26.15, -> desk (26.2%)
frame_001221,-1.0,10.0613,18.1262,0.1224,28.3966,526,25.4, -> desk (25.4%)
frame_001222,-1.0,13.7205,19.1367,0.1354,33.0835,526,26.8, -> desk (26.8%)
frame_001223,-1.0,10.6178,13.2614,0.1869,24.1866,526,25.41, -> desk (25.4%)
frame_001224,-1.0,12.2838,13.6946,0.1976,26.3142,526,25.88, -> desk (25.9%)
frame_001225,-1.0,10.3951,20.1994,0.1362,30.8327,526,24.97, -> desk (25.0%)
frame_001226,-1.0,10.4305,16.0267,0.0878,26.6134,526,25.81, -> desk (25.8%)
frame_001227,-1.0,10.1234,14.9258,0.0953,25.2064,526,23.18, -> desk (23.2%)
frame_001228,-1.0,10.156,21.0669,0.1849,31.5327,526,32.73, -> desk (32.7%)
frame_001229,-1.0,10.4224,13.029,0.1927,23.7677,526,32.13, -> desk (32.1%)
frame_001230,-1.0,10.1884,12.4105,0.1852,22.8998,526,29.2, -> desk (29.2%)
frame_001231,-1.0,10.0504,18.2579,0.1247,28.5152,532,32.17, -> dining table (32.2%)
frame_001232,-1.0,14.0151,13.4664,0.1759,27.7885,598,7.39, -> home theater (7.4%)
frame_001233,-1.0,16.9333,13.5466,0.1804,30.7856,526,28.15, -> desk (28.2%)
frame_001234,-1.0,12.1466,15.5327,0.0951,27.8426,526,36.66, -> desk (36.7%)
frame_001235,-1.0,10.078,14.0912,0.1748,24.4634,526,42.25, -> desk (42.2%)
frame_001236,-1.0,10.2845,15.4163,0.0939,25.858,526,23.67, -> desk (23.7%)
frame_001237,-1.0,10.3631,16.9287,0.1044,27.4731,423,11.95, -> barber chair (11.9%)
frame_001238,-1.0,10.1462,14.5629,0.1751,24.9822,526,9.83, -> desk (9.8%)
frame_001239,-1.0,11.87,13.068,0.177,25.2335,670,5.38, -> motor scooter (5.4%)
frame_001240,-1.0,10.6318,14.7158,0.0878,25.5091,665,9.34, -> moped (9.3%)
frame_001241,-1.0,13.0444,21.0148,0.1602,34.3267,670,7.48, -> motor scooter (7.5%)
frame_001242,-1.0,10.3602,15.8701,0.096,26.4102,665,11.71, -> moped (11.7%)
frame_001243,-1.0,10.237,13.2606,0.2009,23.8165,665,8.98, -> moped (9.0%)
frame_001244,-1.0,13.0281,16.0392,0.0978,29.2381,665,3.76, -> moped (3.8%)
frame_001245,-1.0,10.3882,13.6436,0.18,24.3327,829,1.97, -> streetcar (2.0%)
frame_001246,-1.0,10.2304,13.5951,0.1761,24.1208,526,15.54, -> desk (15.5%)
frame_001247,-1.0,10.4821,17.9484,0.1269,28.6433,526,20.78, -> desk (20.8%)
frame_001248,-1.0,10.4144,15.1931,0.0998,25.775,526,11.75, -> desk (11.8%)
frame_001249,-1.0,10.0487,14.4418,0.1147,24.671,526,8.63, -> desk (8.6%)
frame_001250,-1.0,13.0465,17.3391,0.1159,30.5823,651,4.05, -> microwave (4.1%)
frame_001251,-1.0,10.4282,14.7836,0.0872,25.3637,526,5.01, -> desk (5.0%)
frame_001252,-1.0,10.638,18.3373,0.1212,29.1789,598,4.86, -> home theater (4.9%)
frame_001253,-1.0,10.0168,12.925,0.1741,23.2323,526,4.41, -> desk (4.4%)
frame_001254,-1.0,10.1773,13.7338,0.1756,24.205,526,3.09, -> desk (3.1%)
frame_001255,-1.0,10.1011,12.8378,0.1764,23.247,526,3.91, -> desk (3.9%)
frame_001256,-1.0,19.2988,13.7027,0.1768,33.3041,526,3.56, -> desk (3.6%)
frame_001257,-1.0,10.4752,14.608,0.1777,25.3533,876,5.63, -> tub (5.6%)
frame_001258,-1.0,10.292,15.4354,0.0975,25.8918,884,4.12, -> vault (4.1%)
frame_001259,-1.0,10.0307,16.2463,0.091,26.4299,799,3.05, -> sliding door (3.0%)
frame_001260,-1.0,11.0045,17.8303,0.136,29.0629,799,3.26, -> sliding door (3.3%)
frame_001261,-1.0,10.2753,16.1109,0.1186,26.5975,884,3.84, -> vault (3.8%)
frame_001262,-1.0,10.4303,16.7856,0.1336,27.4408,884,5.66, -> vault (5.7%)
frame_001263,-1.0,10.9297,15.4138,0.1178,26.5387,799,3.98, -> sliding door (4.0%)
frame_001264,-1.0,10.4313,13.9195,0.1761,24.6446,884,6.17, -> vault (6.2%)
frame_001265,-1.0,15.9589,14.2384,0.1746,30.4928,884,7.53, -> vault (7.5%)
frame_001266,-1.0,10.2891,14.9051,0.1357,25.4238,799,4.55, -> sliding door (4.5%)
frame_001267,-1.0,10.3678,14.4097,0.1405,24.997,799,4.58, -> sliding door (4.6%)
frame_001268,-1.0,10.214,18.1919,0.1439,28.6496,706,6.01, -> patio (6.0%)
frame_001269,-1.0,10.3614,17.6708,0.1503,28.2757,876,7.72, -> tub (7.7%)
frame_001270,-1.0,10.9301,17.1372,0.1132,28.2625,799,6.32, -> sliding door (6.3%)
frame_001271,-1.0,10.7777,14.5778,0.1329,25.555,706,6.72, -> patio (6.7%)
frame_001272,-1.0,11.3242,14.7598,0.0901,26.2373,884,7.61, -> vault (7.6%)
frame_001273,-1.0,10.3555,37.0738,0.2372,47.8076,884,5.2, -> vault (5.2%)
frame_001274,-1.0,10.6369,13.4244,0.175,24.3652,876,5.84, -> tub (5.8%)
frame_001275,-1.0,10.6167,14.3919,0.1781,25.3083,876,7.57, -> tub (7.6%)
frame_001276,-1.0,10.2785,14.5253,0.1755,25.0955,876,4.93, -> tub (4.9%)
frame_001277,-1.0,10.2651,13.5678,0.1821,24.1344,876,5.92, -> tub (5.9%)
frame_001278,-1.0,9.9911,15.7935,0.094,25.9499,884,4.02, -> vault (4.0%)
frame_001279,-1.0,14.0444,14.417,0.1016,28.6393,876,4.99, -> tub (5.0%)
frame_001280,-1.0,9.9753,13.581,0.177,23.8589,884,5.38, -> vault (5.4%)
frame_001281,-1.0,10.125,14.067,0.1851,24.4992,799,5.18, -> sliding door (5.2%)
frame_001282,-1.0,10.0694,14.7966,0.0919,25.0267,884,15.9, -> vault (15.9%)
frame_001283,-1.0,10.3891,14.3465,0.1765,25.0395,884,9.28, -> vault (9.3%)
frame_001284,-1.0,9.9999,13.3068,0.1766,23.6021,884,8.42, -> vault (8.4%)
frame_001285,-1.0,10.3894,16.9334,0.1173,27.5131,884,7.47, -> vault (7.5%)
frame_001286,-1.0,10.3237,14.8253,0.1039,25.3151,884,5.94, -> vault (5.9%)
frame_001287,-1.0,10.0994,14.8314,0.0878,25.0851,884,5.99, -> vault (6.0%)
frame_001288,-1.0,10.131,15.9489,0.1042,26.2599,884,11.6, -> vault (11.6%)
frame_001289,-1.0,10.2617,14.8845,0.143,25.3994,884,11.0, -> vault (11.0%)
frame_001290,-1.0,10.3739,12.5461,0.1751,23.2267,884,5.04, -> vault (5.0%)
frame_001291,-1.0,15.2363,15.3206,0.1092,30.7427,884,8.49, -> vault (8.5%)
frame_001292,-1.0,13.5789,14.3993,0.1454,28.2431,884,11.07, -> vault (11.1%)
frame_001293,-1.0,11.8145,13.6125,0.1527,25.6729,884,9.71, -> vault (9.7%)
frame_001294,-1.0,10.074,14.9738,0.1353,25.2783,884,5.05, -> vault (5.0%)
frame_001295,-1.0,10.3579,13.4813,0.1769,24.1356,884,6.76, -> vault (6.8%)
frame_001296,-1.0,10.511,16.7141,0.105,27.4168,884,5.79, -> vault (5.8%)
frame_001297,-1.0,10.999,14.3864,0.1765,25.6392,884,10.25, -> vault (10.2%)
frame_001298,-1.0,13.3124,15.3383,0.0859,28.8015,884,10.27, -> vault (10.3%)
frame_001299,-1.0,10.3595,13.2556,0.1756,23.9083,884,17.38, -> vault (17.4%)
frame_001300,-1.0,11.0329,17.7456,0.1216,28.9823,884,10.35, -> vault (10.4%)
frame_001301,-1.0,10.6805,16.7689,0.1422,27.6865,884,16.65, -> vault (16.6%)
frame_001302,-1.0,15.3861,13.9213,0.1762,29.603,884,14.11, -> vault (14.1%)
frame_001303,-1.0,10.3645,14.4496,0.1759,25.1074,884,25.17, -> vault (25.2%)
frame_001304,-1.0,10.0227,16.5683,0.1112,26.7775,884,22.9, -> vault (22.9%)
frame_001305,-1.0,10.4239,13.8607,0.1797,24.5852,884,11.08, -> vault (11.1%)
frame_001306,-1.0,12.3164,16.2403,0.1027,28.7292,884,19.5, -> vault (19.5%)
frame_001307,-1.0,10.4998,18.9969,0.1318,29.7236,884,10.32, -> vault (10.3%)
frame_001308,-1.0,10.5167,14.8696,0.0903,25.5461,884,5.85, -> vault (5.8%)
frame_001309,-1.0,10.0872,13.9774,0.186,24.37,884,9.6, -> vault (9.6%)
frame_001310,-1.0,10.4768,16.1735,0.0975,26.8207,884,9.02, -> vault (9.0%)
frame_001311,-1.0,18.6038,14.2594,0.1679,33.1419,884,13.97, -> vault (14.0%)
frame_001312,-1.0,10.3055,13.7369,0.1786,24.3441,884,10.97, -> vault (11.0%)
frame_001313,-1.0,12.3606,14.2752,0.1796,26.9352,884,11.0, -> vault (11.0%)
frame_001314,-1.0,10.5066,12.9819,0.1758,23.7812,884,9.79, -> vault (9.8%)
frame_001315,-1.0,10.5493,13.8451,0.1785,24.691,884,9.78, -> vault (9.8%)
frame_001316,-1.0,10.2569,14.0999,0.1795,24.6274,884,9.03, -> vault (9.0%)
frame_001317,-1.0,10.3267,13.494,0.195,24.1357,884,18.98, -> vault (19.0%)
frame_001318,-1.0,10.5303,14.8902,0.0867,25.5765,884,14.88, -> vault (14.9%)
frame_001319,-1.0,10.5538,14.8522,0.0868,25.555,884,5.37, -> vault (5.4%)
frame_001320,-1.0,13.6102,15.0758,0.0951,28.8454,884,18.03, -> vault (18.0%)
frame_001321,-1.0,10.4214,14.5051,0.0904,25.0823,884,10.09, -> vault (10.1%)
frame_001322,-1.0,13.9421,17.4274,0.0971,31.532,884,12.93, -> vault (12.9%)
frame_001323,-1.0,10.1536,15.7617,0.0853,26.0657,884,17.55, -> vault (17.6%)
frame_001324,-1.0,10.3891,14.0068,0.1848,24.699,884,10.86, -> vault (10.9%)
frame_001325,-1.0,14.3612,14.3371,0.1806,28.9946,884,9.97, -> vault (10.0%)
frame_001326,-1.0,10.6367,19.018,0.1258,29.8644,884,12.34, -> vault (12.3%)
frame_001327,-1.0,13.2505,14.0558,0.1789,27.6028,884,12.22, -> vault (12.2%)
frame_001328,-1.0,10.3233,14.9336,0.1091,25.4445,884,14.63, -> vault (14.6%)
frame_001329,-1.0,10.3234,14.3294,0.1829,24.9537,884,12.87, -> vault (12.9%)
frame_001330,-1.0,16.2907,13.4951,0.1883,30.0938,884,18.42, -> vault (18.4%)
frame_001331,-1.0,12.37,13.4946,0.1746,26.1581,884,9.68, -> vault (9.7%)
frame_001332,-1.0,11.6,14.9797,0.1003,26.7579,884,4.8, -> vault (4.8%)
frame_001333,-1.0,10.9638,13.2355,0.1773,24.4947,884,3.0, -> vault (3.0%)
frame_001334,-1.0,10.0884,15.9032,0.1309,26.2115,884,4.46, -> vault (4.5%)
frame_001335,-1.0,13.5677,13.2318,0.1776,27.0938,884,6.12, -> vault (6.1%)
frame_001336,-1.0,14.8983,16.3735,0.1141,31.4707,884,5.81, -> vault (5.8%)
frame_001337,-1.0,19.4413,17.9369,0.1214,37.5804,884,18.1, -> vault (18.1%)
frame_001338,-1.0,12.0478,20.8706,0.1958,33.2352,884,3.91, -> vault (3.9%)
frame_001339,-1.0,10.5152,14.8639,0.1006,25.549,884,6.36, -> vault (6.4%)
frame_001340,-1.0,10.4866,18.3173,0.1763,29.0975,884,10.17, -> vault (10.2%)
frame_001341,-1.0,10.7263,14.3565,0.1806,25.3866,884,17.61, -> vault (17.6%)
frame_001342,-1.0,11.0446,20.1088,0.154,31.4096,884,12.9, -> vault (12.9%)
frame_001343,-1.0,10.8873,14.9441,0.0841,25.9835,884,30.78, -> vault (30.8%)
frame_001344,-1.0,22.115,13.2055,0.1752,35.6139,884,9.07, -> vault (9.1%)
frame_001345,-1.0,10.9558,16.2956,0.0976,27.4177,884,25.86, -> vault (25.9%)
frame_001346,-1.0,10.7263,18.0221,0.1144,28.9431,884,23.54, -> vault (23.5%)
frame_001347,-1.0,10.7557,13.9057,0.2092,24.9884,884,24.51, -> vault (24.5%)
frame_001348,-1.0,18.2421,13.4924,0.2359,32.0884,884,26.11, -> vault (26.1%)
frame_001349,-1.0,13.6213,15.0118,0.0867,28.7884,884,15.51, -> vault (15.5%)
frame_001350,-1.0,14.778,14.3486,0.0933,29.2852,884,10.23, -> vault (10.2%)
frame_001351,-1.0,10.9593,15.6142,0.1101,26.7602,706,6.17, -> patio (6.2%)
frame_001352,-1.0,10.2382,17.6006,0.1366,28.0751,897,6.56, -> washer (6.6%)
frame_001353,-1.0,10.3435,14.4613,0.1752,25.071,897,13.15, -> washer (13.1%)
frame_001354,-1.0,10.0998,12.9781,0.1889,23.3853,897,8.72, -> washer (8.7%)
frame_001355,-1.0,10.3282,14.1448,0.1742,24.7678,897,16.11, -> washer (16.1%)
frame_001356,-1.0,10.9113,17.7166,0.1162,28.8396,897,13.3, -> washer (13.3%)
frame_001357,-1.0,12.1894,13.9503,0.1765,26.4402,897,9.21, -> washer (9.2%)
frame_001358,-1.0,10.843,14.6236,0.0986,25.6283,897,11.65, -> washer (11.6%)
frame_001359,-1.0,11.1934,12.9132,0.1756,24.3986,897,12.23, -> washer (12.2%)
frame_001360,-1.0,10.2124,13.5524,0.1743,24.0576,897,10.01, -> washer (10.0%)
frame_001361,-1.0,10.4876,19.2841,0.1714,30.0456,897,14.55, -> washer (14.5%)
frame_001362,-1.0,10.4314,14.5684,0.1602,25.2343,897,19.72, -> washer (19.7%)
frame_001363,-1.0,10.2581,14.5576,0.1736,25.0599,897,16.22, -> washer (16.2%)
frame_001364,-1.0,10.0573,13.9481,0.1758,24.3039,897,8.4, -> washer (8.4%)
frame_001365,-1.0,13.7755,17.1808,0.1184,31.1492,897,12.6, -> washer (12.6%)
frame_001366,-1.0,12.0085,16.9882,0.1304,29.2172,534,17.75, -> dishwasher (17.7%)
frame_001367,-1.0,10.0119,17.8899,0.1353,28.1296,534,23.76, -> dishwasher (23.8%)
frame_001368,-1.0,10.3712,14.6237,0.1766,25.29,534,23.2, -> dishwasher (23.2%)
frame_001369,-1.0,10.4227,13.5978,0.1771,24.3164,534,19.16, -> dishwasher (19.2%)
frame_001370,-1.0,10.4335,18.2431,0.1208,28.8785,534,38.78, -> dishwasher (38.8%)
frame_001371,-1.0,11.0245,15.0017,0.089,26.178,534,20.46, -> dishwasher (20.5%)
frame_001372,-1.0,12.9845,14.7536,0.0947,27.9095,534,26.25, -> dishwasher (26.3%)
frame_001373,-1.0,10.3201,13.4795,0.1741,24.0929,534,27.87, -> dishwasher (27.9%)
frame_001374,-1.0,10.8267,13.9425,0.1777,25.0667,534,21.9, -> dishwasher (21.9%)
frame_001375,-1.0,10.1864,18.3794,0.1557,28.8237,534,22.25, -> dishwasher (22.2%)
frame_001376,-1.0,10.4089,19.1849,0.142,29.8221,534,15.31, -> dishwasher (15.3%)
frame_001377,-1.0,10.3246,16.1548,0.1127,26.6702,534,15.45, -> dishwasher (15.5%)
frame_001378,-1.0,13.191,14.5203,0.1981,28.0286,534,20.97, -> dishwasher (21.0%)
frame_001379,-1.0,10.8558,15.0499,0.1106,26.088,534,13.81, -> dishwasher (13.8%)
frame_001380,-1.0,10.5632,16.6315,0.1165,27.3955,534,12.55, -> dishwasher (12.5%)
frame_001381,-1.0,19.7962,14.5386,0.1943,34.6552,651,11.17, -> microwave (11.2%)
frame_001382,-1.0,12.0746,15.9629,0.1033,28.2237,651,12.52, -> microwave (12.5%)
frame_001383,-1.0,10.0367,17.7915,0.1277,28.0416,651,25.8, -> microwave (25.8%)
frame_001384,-1.0,10.3238,14.1858,0.1906,24.8201,651,16.38, -> microwave (16.4%)
frame_001385,-1.0,9.9669,20.7497,0.1628,30.9877,662,5.35, -> modem (5.4%)
frame_001386,-1.0,14.1446,15.9739,0.0912,30.2756,651,9.24, -> microwave (9.2%)
frame_001387,-1.0,11.0774,13.9983,0.1723,25.3652,651,11.44, -> microwave (11.4%)
frame_001388,-1.0,10.2787,13.8162,0.1872,24.4021,782,4.24, -> screen (4.2%)
frame_001389,-1.0,10.936,13.0754,0.2018,24.3314,651,4.64, -> microwave (4.6%)
frame_001390,-1.0,10.1541,14.9175,0.0918,25.2339,651,4.3, -> microwave (4.3%)
frame_001391,-1.0,23.8775,15.1952,0.1565,39.296,782,4.63, -> screen (4.6%)
frame_001392,-1.0,12.4452,14.7001,0.1538,27.3616,651,5.05, -> microwave (5.1%)
frame_001393,-1.0,10.1871,19.3268,0.1563,29.7684,662,6.91, -> modem (6.9%)
frame_001394,-1.0,10.6191,13.1369,0.177,24.0567,662,8.14, -> modem (8.1%)
frame_001395,-1.0,6.8349,14.6295,0.118,21.6697,662,5.49, -> modem (5.5%)
frame_001396,-1.0,13.1533,16.882,0.1057,30.2168,662,4.69, -> modem (4.7%)
frame_001397,-1.0,10.4879,14.7789,0.0947,25.4278,782,6.43, -> screen (6.4%)
frame_001398,-1.0,13.2506,14.5812,0.1924,28.1336,851,6.48, -> television (6.5%)
frame_001399,-1.0,10.1372,18.4315,0.1399,28.7957,782,8.63, -> screen (8.6%)
frame_001400,-1.0,10.5628,13.4232,0.1866,24.2905,782,8.79, -> screen (8.8%)
frame_001401,-1.0,10.6429,14.1594,0.1779,25.102,782,6.5, -> screen (6.5%)
frame_001402,-1.0,10.395,14.9703,0.1324,25.5873,782,5.74, -> screen (5.7%)
frame_001403,-1.0,10.3429,13.9073,0.1774,24.5462,548,8.05, -> entertainment center (8.1%)
frame_001404,-1.0,12.5217,13.2147,0.1782,26.0342,548,12.53, -> entertainment center (12.5%)
frame_001405,-1.0,10.2751,15.2502,0.1271,25.7394,548,12.3, -> entertainment center (12.3%)
frame_001406,-1.0,10.5174,14.1472,0.1902,24.9776,851,7.54, -> television (7.5%)
frame_001407,-1.0,13.6474,13.8226,0.1762,27.7797,548,12.52, -> entertainment center (12.5%)
frame_001408,-1.0,12.0451,14.3762,0.123,26.627,651,11.83, -> microwave (11.8%)
frame_001409,-1.0,10.7143,17.8999,0.1612,28.8851,651,13.54, -> microwave (13.5%)
frame_001410,-1.0,12.3599,13.5171,0.1723,26.1816,651,14.02, -> microwave (14.0%)
frame_001411,-1.0,10.2795,15.1239,0.1399,25.638,651,9.4, -> microwave (9.4%)
frame_001412,-1.0,10.2453,16.637,0.1527,27.1337,548,14.13, -> entertainment center (14.1%)
frame_001413,-1.0,14.5985,14.6351,0.1085,29.4158,651,11.06, -> microwave (11.1%)
frame_001414,-1.0,12.2156,14.731,0.1207,27.1508,526,15.3, -> desk (15.3%)
frame_001415,-1.0,10.1005,13.8897,0.1744,24.2845,526,16.59, -> desk (16.6%)
frame_001416,-1.0,10.305,13.8181,0.1727,24.4153,526,17.2, -> desk (17.2%)
frame_001417,-1.0,10.2523,19.351,0.2087,29.9432,526,13.09, -> desk (13.1%)
frame_001418,-1.0,11.858,17.5904,0.0893,29.6055,548,14.35, -> entertainment center (14.4%)
frame_001419,-1.0,5.5532,30.3277,0.2567,36.3472,526,17.86, -> desk (17.9%)
frame_001420,-1.0,12.8969,12.9951,0.1768,26.1851,548,8.49, -> entertainment center (8.5%)
frame_001421,-1.0,10.0283,15.4172,0.1383,25.6884,526,16.38, -> desk (16.4%)
frame_001422,-1.0,12.4646,13.9089,0.1752,26.6653,526,15.62, -> desk (15.6%)
frame_001423,-1.0,10.4548,13.4974,0.1755,24.2435,598,8.63, -> home theater (8.6%)
frame_001424,-1.0,11.3322,15.6384,0.1353,27.1951,526,9.9, -> desk (9.9%)
frame_001425,-1.0,10.3606,23.5757,0.2405,34.3742,526,12.89, -> desk (12.9%)
frame_001426,-1.0,13.2393,15.1239,0.1129,28.5545,526,19.42, -> desk (19.4%)
frame_001427,-1.0,12.2665,16.9294,0.1497,29.4477,526,21.67, -> desk (21.7%)
frame_001428,-1.0,10.3616,18.909,0.1877,29.5828,526,30.86, -> desk (30.9%)
frame_001429,-1.0,10.7986,15.4799,0.1311,26.499,526,27.49, -> desk (27.5%)
frame_001430,-1.0,10.5401,14.9767,0.1252,25.7283,526,31.22, -> desk (31.2%)
frame_001431,-1.0,10.1941,15.1819,0.1446,25.6201,526,32.48, -> desk (32.5%)
frame_001432,-1.0,10.2833,16.7373,0.1529,27.2766,526,40.84, -> desk (40.8%)
frame_001433,-1.0,10.5002,14.4813,0.1749,25.2638,526,28.55, -> desk (28.5%)
frame_001434,-1.0,11.3577,19.1374,0.18,30.7957,526,23.16, -> desk (23.2%)
frame_001435,-1.0,10.5947,15.3949,0.1252,26.2024,526,20.52, -> desk (20.5%)
frame_001436,-1.0,10.1883,17.2187,0.1603,27.6969,526,27.56, -> desk (27.6%)
frame_001437,-1.0,10.1904,15.454,0.1437,25.8941,526,16.06, -> desk (16.1%)
frame_001438,-1.0,10.4062,13.99,0.1743,24.6881,526,29.05, -> desk (29.1%)
frame_001439,-1.0,10.2424,14.1639,0.1899,24.715,526,11.55, -> desk (11.5%)
frame_001440,-1.0,10.3092,14.8173,0.1234,25.3391,742,12.76, -> printer (12.8%)
frame_001441,-1.0,9.926,15.7946,0.1357,25.9505,527,9.43, -> desktop computer (9.4%)
frame_001442,-1.0,10.1638,15.1095,0.1364,25.514,527,15.69, -> desktop computer (15.7%)
frame_001443,-1.0,10.2138,14.3795,0.1916,24.8951,527,13.08, -> desktop computer (13.1%)
frame_001444,-1.0,13.4978,18.7561,0.1725,32.5721,527,10.26, -> desktop computer (10.3%)
frame_001445,-1.0,12.0272,14.0263,0.1197,26.256,527,12.4, -> desktop computer (12.4%)
frame_001446,-1.0,13.0498,16.288,0.1337,29.5633,527,12.44, -> desktop computer (12.4%)
frame_001447,-1.0,13.8364,13.971,0.1181,27.9988,527,11.28, -> desktop computer (11.3%)
frame_001448,-1.0,12.1284,16.8794,0.1512,29.2659,742,9.91, -> printer (9.9%)
frame_001449,-1.0,10.167,19.2339,0.1982,29.7225,742,15.3, -> printer (15.3%)
frame_001450,-1.0,13.7825,18.4101,0.1776,32.5095,526,13.58, -> desk (13.6%)
frame_001451,-1.0,15.2383,17.3475,0.1445,32.8189,526,16.89, -> desk (16.9%)
frame_001452,-1.0,15.0694,14.1851,0.0995,29.4289,526,20.56, -> desk (20.6%)
frame_001453,-1.0,11.9645,14.4178,0.1162,26.5769,526,17.45, -> desk (17.4%)
frame_001454,-1.0,14.0625,14.2189,0.0987,28.4515,526,19.96, -> desk (20.0%)
frame_001455,-1.0,15.211,13.2468,0.1734,28.7435,526,19.82, -> desk (19.8%)
frame_001456,-1.0,15.2476,13.8969,0.1035,29.32,526,18.94, -> desk (18.9%)
frame_001457,-1.0,12.0201,14.0647,0.1178,26.2844,526,20.81, -> desk (20.8%)
frame_001458,-1.0,10.2757,13.9854,0.1667,24.5171,526,19.71, -> desk (19.7%)
frame_001459,-1.0,10.211,14.012,0.1895,24.5326,526,19.63, -> desk (19.6%)
frame_001460,-1.0,13.0357,16.0536,0.1108,29.2831,526,26.22, -> desk (26.2%)
frame_001461,-1.0,10.8057,13.8764,0.1765,24.976,526,19.07, -> desk (19.1%)
frame_001462,-1.0,10.2838,14.8635,0.1771,25.4745,526,19.73, -> desk (19.7%)
frame_001463,-1.0,10.4464,14.6288,0.1774,25.3716,526,23.17, -> desk (23.2%)
frame_001464,-1.0,11.1942,14.3634,0.175,25.8299,526,15.37, -> desk (15.4%)
frame_001465,-1.0,10.2494,13.5633,0.1765,24.1084,526,14.86, -> desk (14.9%)
frame_001466,-1.0,10.3731,18.5654,0.1255,29.1471,526,16.62, -> desk (16.6%)
frame_001467,-1.0,10.328,14.1309,0.1787,24.7598,526,20.68, -> desk (20.7%)
frame_001468,-1.0,11.3463,12.9868,0.1787,24.6354,526,24.47, -> desk (24.5%)
frame_001469,-1.0,10.4693,17.1035,0.0942,27.7432,526,20.42, -> desk (20.4%)
frame_001470,-1.0,10.1562,14.2397,0.1977,24.7192,526,20.73, -> desk (20.7%)
frame_001471,-1.0,12.6229,14.0587,0.1768,26.9751,526,16.2, -> desk (16.2%)
frame_001472,-1.0,10.1211,14.6085,0.1742,25.0226,526,18.82, -> desk (18.8%)
frame_001473,-1.0,12.383,17.8148,0.1284,30.4153,526,19.59, -> desk (19.6%)
frame_001474,-1.0,10.9758,13.2855,0.1869,24.5684,526,22.22, -> desk (22.2%)
frame_001475,-1.0,10.5254,14.4348,0.1813,25.2212,526,12.66, -> desk (12.7%)
frame_001476,-1.0,10.3895,13.9967,0.1756,24.6975,526,16.7, -> desk (16.7%)
frame_001477,-1.0,10.4611,14.0121,0.1911,24.8063,526,13.35, -> desk (13.4%)
frame_001478,-1.0,10.9036,14.3391,0.1906,25.551,526,16.96, -> desk (17.0%)
frame_001479,-1.0,13.784,14.1972,0.1369,28.2138,526,18.86, -> desk (18.9%)
frame_001480,-1.0,12.8262,15.9949,0.1423,29.0612,526,19.37, -> desk (19.4%)
frame_001481,-1.0,13.6183,14.5987,0.1604,28.4761,526,17.12, -> desk (17.1%)
frame_001482,-1.0,16.9454,14.9491,0.1347,32.111,526,16.94, -> desk (16.9%)
frame_001483,-1.0,12.1238,13.8825,0.089,26.1636,526,14.9, -> desk (14.9%)
frame_001484,-1.0,10.3703,14.0643,0.1775,24.7437,526,15.3, -> desk (15.3%)
frame_001485,-1.0,10.1751,18.085,0.1249,28.4682,526,13.39, -> desk (13.4%)
frame_001486,-1.0,10.7559,14.3102,0.1794,25.3638,526,11.36, -> desk (11.4%)
frame_001487,-1.0,10.4245,14.5705,0.0849,25.1458,548,11.27, -> entertainment center (11.3%)
frame_001488,-1.0,10.5861,15.5215,0.0971,26.2714,742,17.94, -> printer (17.9%)
frame_001489,-1.0,10.3351,17.1722,0.1134,27.6969,742,35.89, -> printer (35.9%)
frame_001490,-1.0,10.3176,14.1256,0.177,24.7433,742,29.01, -> printer (29.0%)
frame_001491,-1.0,10.0184,15.728,0.1004,25.9178,742,11.79, -> printer (11.8%)
frame_001492,-1.0,10.3404,42.7715,0.3461,53.6673,526,22.2, -> desk (22.2%)
frame_001493,-1.0,10.8658,14.8903,0.0839,25.9052,526,32.15, -> desk (32.2%)
frame_001494,-1.0,10.47,14.0064,0.1984,24.7989,526,37.36, -> desk (37.4%)
frame_001495,-1.0,10.238,12.872,0.1783,23.415,526,28.51, -> desk (28.5%)
frame_001496,-1.0,10.0157,13.6029,0.1756,23.9126,526,25.03, -> desk (25.0%)
frame_001497,-1.0,12.9646,13.918,0.1761,27.1866,526,27.77, -> desk (27.8%)
frame_001498,-1.0,9.7997,17.8188,0.1192,27.8208,526,41.47, -> desk (41.5%)
frame_001499,-1.0,10.3481,15.464,0.094,25.981,526,36.11, -> desk (36.1%)
frame_001500,-1.0,10.2839,14.7802,0.0876,25.2228,526,31.73, -> desk (31.7%)
frame_001501,-1.0,10.1505,16.8317,0.1117,27.1713,526,34.24, -> desk (34.2%)
frame_001502,-1.0,10.2135,15.7653,0.0963,26.1436,526,33.89, -> desk (33.9%)
frame_001503,-1.0,14.2964,13.2981,0.1738,27.8919,526,27.94, -> desk (27.9%)
frame_001504,-1.0,10.6644,13.6497,0.176,24.6083,526,30.76, -> desk (30.8%)
frame_001505,-1.0,10.3701,12.8042,0.1786,23.476,526,36.58, -> desk (36.6%)
frame_001506,-1.0,10.318,14.6634,0.1617,25.2102,526,32.08, -> desk (32.1%)
frame_001507,-1.0,10.4928,13.1951,0.1745,23.9791,526,29.19, -> desk (29.2%)
frame_001508,-1.0,11.3845,14.3622,0.1772,26.0115,632,7.18, -> loudspeaker (7.2%)
frame_001509,-1.0,10.4862,13.5218,0.176,24.315,526,29.01, -> desk (29.0%)
frame_001510,-1.0,10.466,14.2206,0.1785,24.9835,526,25.3, -> desk (25.3%)
frame_001511,-1.0,10.28,23.7566,0.2095,34.4235,526,7.19, -> desk (7.2%)
frame_001512,-1.0,13.4432,14.0007,0.1759,27.7379,526,9.25, -> desk (9.2%)
frame_001513,-1.0,10.605,13.7448,0.1881,24.656,526,12.44, -> desk (12.4%)
frame_001514,-1.0,10.5562,20.4513,0.1509,31.2951,526,31.17, -> desk (31.2%)
frame_001515,-1.0,10.2682,15.3938,0.0903,25.8175,526,14.76, -> desk (14.8%)
frame_001516,-1.0,10.3998,14.6522,0.1143,25.2359,526,35.1, -> desk (35.1%)
frame_001517,-1.0,10.932,17.9365,0.1161,29.0652,526,18.35, -> desk (18.3%)
frame_001518,-1.0,13.4063,13.6985,0.1987,27.4274,526,33.39, -> desk (33.4%)
frame_001519,-1.0,15.8068,14.5703,0.1775,30.6323,526,15.11, -> desk (15.1%)
frame_001520,-1.0,14.1594,13.9866,0.1788,28.4406,526,19.95, -> desk (20.0%)
frame_001521,-1.0,10.523,14.0729,0.1748,24.8896,526,27.11, -> desk (27.1%)
frame_001522,-1.0,13.1666,16.5595,0.146,29.9716,526,31.01, -> desk (31.0%)
frame_001523,-1.0,13.5344,13.6949,0.1762,27.5313,526,27.84, -> desk (27.8%)
frame_001524,-1.0,10.6281,17.2589,0.1127,28.0747,526,14.74, -> desk (14.7%)
frame_001525,-1.0,10.7618,13.8981,0.1746,24.956,651,12.68, -> microwave (12.7%)
frame_001526,-1.0,12.6164,15.3473,0.0975,28.13,526,13.01, -> desk (13.0%)
frame_001527,-1.0,10.3788,17.7719,0.1172,28.3544,526,13.18, -> desk (13.2%)
frame_001528,-1.0,13.0492,15.5021,0.1012,28.7276,526,49.11, -> desk (49.1%)
frame_001529,-1.0,10.511,13.9983,0.1775,24.8045,526,34.95, -> desk (35.0%)
frame_001530,-1.0,14.5854,14.54,0.0861,29.2764,526,36.2, -> desk (36.2%)
frame_001531,-1.0,13.684,14.5778,0.089,28.4147,526,17.9, -> desk (17.9%)
frame_001532,-1.0,10.9964,14.5856,0.1427,25.7908,526,16.41, -> desk (16.4%)
frame_001533,-1.0,10.3775,19.4986,0.14,30.1103,526,26.37, -> desk (26.4%)
frame_001534,-1.0,10.2314,16.2474,0.1028,26.6533,526,37.43, -> desk (37.4%)
frame_001535,-1.0,13.2559,13.911,0.1764,27.461,526,52.73, -> desk (52.7%)
frame_001536,-1.0,10.9195,19.3159,0.1988,30.5591,526,33.01, -> desk (33.0%)
frame_001537,-1.0,10.6063,14.6084,0.1382,25.4459,526,22.16, -> desk (22.2%)
frame_001538,-1.0,10.3355,13.425,0.1764,24.0801,651,16.27, -> microwave (16.3%)
frame_001539,-1.0,10.2533,15.3635,0.1618,25.8839,534,11.02, -> dishwasher (11.0%)
frame_001540,-1.0,10.222,13.9842,0.1774,24.5297,526,17.86, -> desk (17.9%)
frame_001541,-1.0,10.4034,13.8438,0.1762,24.542,526,37.77, -> desk (37.8%)
frame_001542,-1.0,10.1209,16.4474,0.1723,26.8737,526,28.11, -> desk (28.1%)
frame_001543,-1.0,10.455,12.9805,0.1737,23.7264,526,32.13, -> desk (32.1%)
frame_001544,-1.0,10.3678,14.2139,0.1808,24.8845,526,28.07, -> desk (28.1%)
frame_001545,-1.0,10.1845,13.9594,0.1755,24.4568,534,14.49, -> dishwasher (14.5%)
frame_001546,-1.0,10.5989,17.8352,0.1095,28.6146,534,19.28, -> dishwasher (19.3%)
frame_001547,-1.0,10.8583,13.7253,0.1759,24.8787,534,24.77, -> dishwasher (24.8%)
frame_001548,-1.0,10.1999,13.6443,0.1752,24.1471,534,22.57, -> dishwasher (22.6%)
frame_001549,-1.0,10.9936,15.2978,0.0862,26.4443,534,20.86, -> dishwasher (20.9%)
frame_001550,-1.0,11.3214,14.9426,0.0876,26.4178,534,24.9, -> dishwasher (24.9%)
frame_001551,-1.0,13.4144,16.4062,0.1118,30.0061,534,23.57, -> dishwasher (23.6%)
frame_001552,-1.0,9.9966,14.2294,0.1745,24.5059,534,25.32, -> dishwasher (25.3%)
frame_001553,-1.0,10.284,13.6943,0.1906,24.2952,534,23.4, -> dishwasher (23.4%)
frame_001554,-1.0,10.7712,15.1362,0.0855,26.0583,534,15.91, -> dishwasher (15.9%)
frame_001555,-1.0,10.1159,17.0656,0.0948,27.3469,534,19.02, -> dishwasher (19.0%)
frame_001556,-1.0,10.1158,15.3533,0.1585,25.7218,534,14.11, -> dishwasher (14.1%)
frame_001557,-1.0,11.1082,16.0372,0.1484,27.3913,534,22.65, -> dishwasher (22.6%)
frame_001558,-1.0,10.4652,14.799,0.1253,25.4729,534,17.2, -> dishwasher (17.2%)
frame_001559,-1.0,10.8699,13.4422,0.1746,24.6057,534,30.46, -> dishwasher (30.5%)
frame_001560,-1.0,10.2711,14.047,0.1772,24.6139,534,32.76, -> dishwasher (32.8%)
frame_001561,-1.0,10.3329,16.4833,0.148,27.0643,534,23.3, -> dishwasher (23.3%)
frame_001562,-1.0,10.5809,14.0379,0.1756,24.913,534,24.21, -> dishwasher (24.2%)
frame_001563,-1.0,10.063,14.4489,0.1768,24.8325,534,34.07, -> dishwasher (34.1%)
frame_001564,-1.0,10.2041,13.7973,0.1767,24.2977,534,30.99, -> dishwasher (31.0%)
frame_001565,-1.0,10.5363,15.5885,0.1768,26.4126,534,13.86, -> dishwasher (13.9%)
frame_001566,-1.0,10.2664,15.7645,0.1532,26.2897,534,42.0, -> dishwasher (42.0%)
frame_001567,-1.0,10.5978,14.9615,0.1524,25.8277,534,34.11, -> dishwasher (34.1%)
frame_001568,-1.0,10.9276,14.0057,0.1953,25.2482,534,26.29, -> dishwasher (26.3%)
frame_001569,-1.0,10.5794,14.4715,0.1967,25.3563,534,42.74, -> dishwasher (42.7%)
frame_001570,-1.0,13.1891,13.1155,0.1766,26.5992,534,40.99, -> dishwasher (41.0%)
frame_001571,-1.0,10.91,19.2254,0.1282,30.3508,534,49.73, -> dishwasher (49.7%)
frame_001572,-1.0,13.7922,14.5223,0.088,28.4683,534,44.19, -> dishwasher (44.2%)
frame_001573,-1.0,12.0239,17.7856,0.1266,30.0176,534,42.32, -> dishwasher (42.3%)
frame_001574,-1.0,10.3518,15.0518,0.1362,25.6148,534,44.38, -> dishwasher (44.4%)
frame_001575,-1.0,13.3032,15.3344,0.0979,28.8121,534,42.67, -> dishwasher (42.7%)
frame_001576,-1.0,15.1167,14.5647,0.178,29.9939,534,54.19, -> dishwasher (54.2%)
frame_001577,-1.0,10.3573,15.1463,0.0899,25.6639,534,47.14, -> dishwasher (47.1%)
frame_001578,-1.0,10.677,13.7868,0.1754,24.7606,534,52.94, -> dishwasher (52.9%)
frame_001579,-1.0,10.3809,13.3363,0.2016,24.039,534,40.69, -> dishwasher (40.7%)
frame_001580,-1.0,10.6398,14.8297,0.0877,25.6191,534,27.17, -> dishwasher (27.2%)
frame_001581,-1.0,10.2069,21.4855,0.1627,31.9858,534,16.21, -> dishwasher (16.2%)
frame_001582,-1.0,10.5395,14.7466,0.0876,25.4356,534,10.01, -> dishwasher (10.0%)
frame_001583,-1.0,10.355,14.3763,0.1788,25.0498,534,24.72, -> dishwasher (24.7%)
frame_001584,-1.0,10.6651,14.2116,0.2031,25.2111,534,16.94, -> dishwasher (16.9%)
frame_001585,-1.0,9.979,17.297,0.1014,27.4531,534,11.16, -> dishwasher (11.2%)
frame_001586,-1.0,10.3222,13.943,0.1758,24.5593,412,7.51, -> ashcan (7.5%)
frame_001587,-1.0,13.9185,19.2992,0.1433,33.4533,534,7.25, -> dishwasher (7.3%)
frame_001588,-1.0,15.3484,14.8104,0.083,30.3056,534,13.62, -> dishwasher (13.6%)
frame_001589,-1.0,10.9912,14.2252,0.1819,25.5162,534,9.05, -> dishwasher (9.0%)
frame_001590,-1.0,13.2664,16.6951,0.1104,30.1434,534,10.02, -> dishwasher (10.0%)
frame_001591,-1.0,13.2062,15.6041,0.0842,28.9589,534,5.79, -> dishwasher (5.8%)
frame_001592,-1.0,12.0641,16.6042,0.1103,28.8525,534,7.52, -> dishwasher (7.5%)
frame_001593,-1.0,13.4654,15.9035,0.0887,29.5246,534,6.37, -> dishwasher (6.4%)
frame_001594,-1.0,10.5016,13.0333,0.1736,23.8264,760,6.47, -> refrigerator (6.5%)
frame_001595,-1.0,10.3633,12.5782,0.1744,23.2582,760,10.3, -> refrigerator (10.3%)
frame_001596,-1.0,10.2684,18.0793,0.0895,28.5106,534,8.68, -> dishwasher (8.7%)
frame_001597,-1.0,10.0802,15.493,0.093,25.7312,897,5.26, -> washer (5.3%)
frame_001598,-1.0,11.2709,13.5017,0.1758,25.0801,897,4.66, -> washer (4.7%)
frame_001599,-1.0,10.2397,14.7831,0.0857,25.1748,897,6.01, -> washer (6.0%)
frame_001600,-1.0,13.2141,19.065,0.0999,32.4529,760,7.59, -> refrigerator (7.6%)
frame_001601,-1.0,10.5052,17.2128,0.1044,27.8949,897,12.46, -> washer (12.5%)
frame_001602,-1.0,10.2391,14.7289,0.0832,25.1119,897,9.56, -> washer (9.6%)
frame_001603,-1.0,10.2263,18.2275,0.12,28.6576,897,8.82, -> washer (8.8%)
frame_001604,-1.0,10.4327,13.2948,0.211,24.061,760,10.42, -> refrigerator (10.4%)
frame_001605,-1.0,10.0636,20.2093,0.1313,30.492,760,9.54, -> refrigerator (9.5%)
frame_001606,-1.0,10.5822,16.7596,0.0974,27.5188,760,11.13, -> refrigerator (11.1%)
frame_001607,-1.0,11.9907,15.783,0.0982,27.9379,897,15.44, -> washer (15.4%)
frame_001608,-1.0,10.2846,12.783,0.1765,23.3648,760,16.58, -> refrigerator (16.6%)
frame_001609,-1.0,10.1149,18.0798,0.1316,28.415,897,8.74, -> washer (8.7%)
frame_001610,-1.0,10.6718,15.1303,0.0918,25.9559,897,12.28, -> washer (12.3%)
frame_001611,-1.0,10.3268,17.0828,0.1,27.5785,897,10.5, -> washer (10.5%)
frame_001612,-1.0,10.4026,16.1079,0.097,26.6779,760,14.98, -> refrigerator (15.0%)
frame_001613,-1.0,10.3386,15.2633,0.089,25.7576,897,11.03, -> washer (11.0%)
frame_001614,-1.0,10.2907,13.9252,0.1784,24.5192,760,7.59, -> refrigerator (7.6%)
frame_001615,-1.0,10.161,14.9118,0.0917,25.2294,760,14.06, -> refrigerator (14.1%)
frame_001616,-1.0,10.4225,15.3542,0.0837,25.9297,760,16.59, -> refrigerator (16.6%)
frame_001617,-1.0,10.3563,17.2322,0.1184,27.7846,760,10.62, -> refrigerator (10.6%)
frame_001618,-1.0,10.3842,14.9302,0.0845,25.4634,760,10.5, -> refrigerator (10.5%)
frame_001619,-1.0,15.127,14.5151,0.1994,29.9506,760,12.38, -> refrigerator (12.4%)
frame_001620,-1.0,10.3934,13.8714,0.1779,24.5597,760,15.64, -> refrigerator (15.6%)
frame_001621,-1.0,10.4805,17.2127,0.1115,27.8857,760,20.4, -> refrigerator (20.4%)
frame_001622,-1.0,10.2758,15.1389,0.0933,25.5738,760,16.52, -> refrigerator (16.5%)
frame_001623,-1.0,12.7023,15.6621,0.0931,28.5246,760,12.96, -> refrigerator (13.0%)
frame_001624,-1.0,10.3567,13.4287,0.1755,24.0805,760,14.1, -> refrigerator (14.1%)
frame_001625,-1.0,10.4719,13.6479,0.1776,24.4239,760,11.03, -> refrigerator (11.0%)
frame_001626,-1.0,11.7889,15.5815,0.0865,27.5208,760,11.98, -> refrigerator (12.0%)
frame_001627,-1.0,10.1577,18.1816,0.127,28.5608,760,9.91, -> refrigerator (9.9%)
frame_001628,-1.0,10.4661,23.9697,0.2521,34.8337,760,11.02, -> refrigerator (11.0%)
frame_001629,-1.0,10.6608,16.2437,0.0908,27.0656,897,10.5, -> washer (10.5%)
frame_001630,-1.0,10.3978,13.3962,0.1813,24.0947,760,6.95, -> refrigerator (7.0%)
frame_001631,-1.0,12.4679,21.0159,0.1638,33.7637,760,12.99, -> refrigerator (13.0%)
frame_001632,-1.0,10.4829,15.8613,0.0969,26.5096,897,12.48, -> washer (12.5%)
frame_001633,-1.0,11.6358,15.1908,0.1043,26.9971,897,9.45, -> washer (9.4%)
frame_001634,-1.0,10.6185,16.9643,0.1078,27.7644,799,4.87, -> sliding door (4.9%)
frame_001635,-1.0,13.6736,14.6788,0.1006,28.5299,877,6.13, -> turnstile (6.1%)
frame_001636,-1.0,12.2002,13.9065,0.1086,26.2836,799,3.29, -> sliding door (3.3%)
frame_001637,-1.0,10.9304,17.942,0.1228,29.0947,884,4.14, -> vault (4.1%)
frame_001638,-1.0,10.8855,14.739,0.1086,25.8014,884,8.94, -> vault (8.9%)
frame_001639,-1.0,10.5014,15.4487,0.0935,26.1105,884,9.99, -> vault (10.0%)
frame_001640,-1.0,11.0156,13.186,0.1773,24.4988,884,9.5, -> vault (9.5%)
frame_001641,-1.0,10.7298,19.6213,0.1356,30.5783,884,10.92, -> vault (10.9%)
frame_001642,-1.0,10.4272,14.8592,0.0877,25.4386,884,7.2, -> vault (7.2%)
frame_001643,-1.0,10.496,15.922,0.1009,26.5997,884,6.78, -> vault (6.8%)
frame_001644,-1.0,10.2954,18.7231,0.131,29.2385,884,11.04, -> vault (11.0%)
frame_001645,-1.0,10.3971,17.9423,0.1308,28.5523,884,8.81, -> vault (8.8%)
frame_001646,-1.0,10.4343,13.9418,0.1891,24.683,884,7.27, -> vault (7.3%)
frame_001647,-1.0,13.7261,17.0705,0.1091,30.9847,884,9.18, -> vault (9.2%)
frame_001648,-1.0,14.0108,13.2572,0.1916,27.5763,884,11.34, -> vault (11.3%)
frame_001649,-1.0,10.2978,13.2288,0.1741,23.8252,884,7.39, -> vault (7.4%)
frame_001650,-1.0,9.9904,18.1823,0.1317,28.3934,884,11.3, -> vault (11.3%)
frame_001651,-1.0,10.7345,18.1589,0.1148,29.0926,884,10.17, -> vault (10.2%)
frame_001652,-1.0,10.1304,15.2121,0.1259,25.5513,884,15.32, -> vault (15.3%)
frame_001653,-1.0,13.5106,14.8769,0.1099,28.5705,884,10.76, -> vault (10.8%)
frame_001654,-1.0,10.3226,12.9281,0.1757,23.5713,884,8.39, -> vault (8.4%)
frame_001655,-1.0,10.8408,14.4346,0.1919,25.5844,896,6.41, -> washbasin (6.4%)
frame_001656,-1.0,10.4278,16.0917,0.1389,26.7516,884,7.45, -> vault (7.5%)
frame_001657,-1.0,14.7022,13.992,0.1747,28.9871,799,6.26, -> sliding door (6.3%)
frame_001658,-1.0,12.7561,14.472,0.1758,27.4913,799,7.68, -> sliding door (7.7%)
frame_001659,-1.0,10.6638,14.571,0.1536,25.4797,799,7.38, -> sliding door (7.4%)
frame_001660,-1.0,13.733,16.0975,0.132,30.0518,799,7.06, -> sliding door (7.1%)
frame_001661,-1.0,11.895,13.7065,0.1315,25.8233,799,7.54, -> sliding door (7.5%)
frame_001662,-1.0,10.8757,14.4458,0.1006,25.4922,884,7.49, -> vault (7.5%)
frame_001663,-1.0,13.5627,18.2465,0.1458,32.0536,884,6.49, -> vault (6.5%)
frame_001664,-1.0,11.8768,15.6844,0.1196,27.7619,884,5.78, -> vault (5.8%)
frame_001665,-1.0,13.6351,15.2564,0.1015,29.0634,884,7.75, -> vault (7.7%)
frame_001666,-1.0,15.4446,19.1013,0.1445,34.7872,884,5.5, -> vault (5.5%)
frame_001667,-1.0,15.2558,13.6887,0.1654,29.2204,884,7.93, -> vault (7.9%)
frame_001668,-1.0,10.0663,14.9005,0.1278,25.1763,884,11.68, -> vault (11.7%)
frame_001669,-1.0,10.3943,19.659,0.1499,30.3049,884,12.85, -> vault (12.8%)
frame_001670,-1.0,10.8423,14.4334,0.1759,25.5483,884,15.92, -> vault (15.9%)
frame_001671,-1.0,10.2415,17.5841,0.1314,28.0484,884,6.31, -> vault (6.3%)
frame_001672,-1.0,10.2124,15.4626,0.1168,25.8717,884,14.87, -> vault (14.9%)
frame_001673,-1.0,10.4001,17.6415,0.1527,28.2874,884,11.36, -> vault (11.4%)
frame_001674,-1.0,10.1635,12.8414,0.1745,23.2991,896,5.62, -> washbasin (5.6%)
frame_001675,-1.0,10.7708,15.4241,0.1118,26.3837,884,11.85, -> vault (11.9%)
frame_001676,-1.0,15.4484,14.0596,0.1876,29.8129,884,8.91, -> vault (8.9%)
frame_001677,-1.0,10.7766,14.9945,0.1129,25.9559,896,5.97, -> washbasin (6.0%)
frame_001678,-1.0,10.2315,13.7026,0.1771,24.23,884,5.45, -> vault (5.5%)
frame_001679,-1.0,10.8753,13.436,0.1727,24.6026,884,5.64, -> vault (5.6%)
frame_001680,-1.0,10.1298,15.4125,0.1266,25.7536,799,5.94, -> sliding door (5.9%)
frame_001681,-1.0,13.1846,13.8787,0.174,27.3575,799,5.39, -> sliding door (5.4%)
frame_001682,-1.0,10.514,14.599,0.137,25.3211,896,5.67, -> washbasin (5.7%)
frame_001683,-1.0,10.5048,18.0831,0.149,28.8375,884,6.6, -> vault (6.6%)
frame_001684,-1.0,10.5555,14.2258,0.1828,25.0819,884,5.93, -> vault (5.9%)
frame_001685,-1.0,10.5314,19.0834,0.1638,29.8771,884,10.17, -> vault (10.2%)
frame_001686,-1.0,10.3878,15.663,0.1193,26.2484,884,5.85, -> vault (5.9%)
frame_001687,-1.0,10.3857,17.0643,0.124,27.6706,799,4.2, -> sliding door (4.2%)
frame_001688,-1.0,10.5133,18.5208,0.1449,29.2754,799,3.73, -> sliding door (3.7%)
frame_001689,-1.0,10.3195,14.0106,0.1783,24.6301,884,4.28, -> vault (4.3%)
frame_001690,-1.0,10.5327,14.126,0.1821,24.9655,799,5.07, -> sliding door (5.1%)
frame_001691,-1.0,10.2715,41.6277,0.2648,52.3952,896,5.77, -> washbasin (5.8%)
frame_001692,-1.0,10.6422,19.8609,0.152,30.7566,884,8.81, -> vault (8.8%)
frame_001693,-1.0,10.5789,13.6958,0.1896,24.5804,884,5.83, -> vault (5.8%)
frame_001694,-1.0,10.3445,14.8268,0.1214,25.394,896,5.7, -> washbasin (5.7%)
frame_001695,-1.0,12.031,14.2057,0.1077,26.42,884,25.76, -> vault (25.8%)
frame_001696,-1.0,13.5396,13.5931,0.1919,27.4454,884,17.96, -> vault (18.0%)
frame_001697,-1.0,12.0049,14.5332,0.1174,26.7366,884,7.15, -> vault (7.1%)
frame_001698,-1.0,13.7035,15.001,0.1017,28.8775,884,19.94, -> vault (19.9%)
frame_001699,-1.0,15.7771,12.8017,0.1802,28.8777,884,6.87, -> vault (6.9%)
frame_001700,-1.0,11.8191,13.2101,0.1668,25.3193,618,2.0, -> ladle (2.0%)
frame_001701,-1.0,10.2469,15.0029,0.1111,25.4375,876,2.86, -> tub (2.9%)
frame_001702,-1.0,10.0142,15.1292,0.1873,25.4431,876,3.31, -> tub (3.3%)
frame_001703,-1.0,10.3528,15.4611,0.1063,25.9931,799,4.97, -> sliding door (5.0%)
frame_001704,-1.0,14.066,16.4132,0.1802,30.7509,799,10.42, -> sliding door (10.4%)
frame_001705,-1.0,11.2287,14.8206,0.0978,26.2095,799,10.93, -> sliding door (10.9%)
frame_001706,-1.0,10.7427,15.4777,0.0922,26.3766,884,7.83, -> vault (7.8%)
frame_001707,-1.0,10.9767,20.0169,0.1505,31.2484,799,8.64, -> sliding door (8.6%)
frame_001708,-1.0,10.3647,13.7627,0.1746,24.4444,884,9.11, -> vault (9.1%)
frame_001709,-1.0,10.3308,13.5193,0.1761,24.1429,884,10.95, -> vault (10.9%)
frame_001710,-1.0,10.2379,13.6564,0.173,24.1844,884,12.26, -> vault (12.3%)
frame_001711,-1.0,10.4743,14.3275,0.179,25.1004,799,11.8, -> sliding door (11.8%)
frame_001712,-1.0,10.9654,13.4867,0.2032,24.7736,799,7.84, -> sliding door (7.8%)
frame_001713,-1.0,10.3971,17.848,0.1361,28.4742,799,8.85, -> sliding door (8.9%)
frame_001714,-1.0,10.0818,13.24,0.1868,23.6258,799,10.41, -> sliding door (10.4%)
frame_001715,-1.0,13.0986,12.9776,0.1751,26.369,799,9.94, -> sliding door (9.9%)
frame_001716,-1.0,10.4822,15.1659,0.1154,25.8428,799,9.55, -> sliding door (9.5%)
frame_001717,-1.0,9.9555,15.2297,0.1271,25.3919,884,11.06, -> vault (11.1%)
frame_001718,-1.0,10.2974,12.5761,0.1773,23.1703,799,8.78, -> sliding door (8.8%)
frame_001719,-1.0,13.851,14.504,0.1783,28.6102,884,8.13, -> vault (8.1%)
frame_001720,-1.0,16.6286,17.2548,0.1173,34.0904,884,9.03, -> vault (9.0%)
frame_001721,-1.0,16.9893,16.6938,0.1064,33.8627,799,11.35, -> sliding door (11.4%)
frame_001722,-1.0,11.0253,14.2934,0.1789,25.6163,799,11.85, -> sliding door (11.8%)
frame_001723,-1.0,10.5253,15.2084,0.1047,25.9196,884,12.72, -> vault (12.7%)
frame_001724,-1.0,11.1563,14.945,0.1166,26.2997,799,9.29, -> sliding door (9.3%)
frame_001725,-1.0,10.3785,15.6769,0.1249,26.2783,799,10.57, -> sliding door (10.6%)
frame_001726,-1.0,10.1586,16.3823,0.1321,26.7625,884,12.37, -> vault (12.4%)
frame_001727,-1.0,10.1994,16.2572,0.1272,26.6743,799,9.84, -> sliding door (9.8%)
frame_001728,-1.0,10.3851,13.0761,0.174,23.7552,799,9.8, -> sliding door (9.8%)
frame_001729,-1.0,10.3502,14.8115,0.1499,25.3928,799,11.38, -> sliding door (11.4%)
frame_001730,-1.0,9.955,14.8127,0.1207,24.9698,884,11.76, -> vault (11.8%)
frame_001731,-1.0,10.4661,13.4281,0.1738,24.1865,884,7.34, -> vault (7.3%)
frame_001732,-1.0,11.9557,13.5122,0.1744,25.7586,884,7.73, -> vault (7.7%)
frame_001733,-1.0,13.3451,15.6813,0.1142,29.2215,884,8.8, -> vault (8.8%)
frame_001734,-1.0,10.1368,13.2312,0.176,23.6615,884,9.52, -> vault (9.5%)
frame_001735,-1.0,10.3924,14.8039,0.1142,25.4055,799,6.42, -> sliding door (6.4%)
frame_001736,-1.0,13.326,16.2435,0.1321,29.7923,799,7.89, -> sliding door (7.9%)
frame_001737,-1.0,10.3875,17.0153,0.1364,27.6515,884,7.08, -> vault (7.1%)
frame_001738,-1.0,10.2547,14.1138,0.1767,24.6657,884,5.41, -> vault (5.4%)
frame_001739,-1.0,11.4224,13.2431,0.177,24.9615,799,7.49, -> sliding door (7.5%)
frame_001740,-1.0,10.4623,13.7562,0.2011,24.5396,884,16.43, -> vault (16.4%)
frame_001741,-1.0,14.7289,16.6315,0.1354,31.5861,884,8.08, -> vault (8.1%)
frame_001742,-1.0,10.4534,17.5641,0.1531,28.273,799,6.93, -> sliding door (6.9%)
frame_001743,-1.0,13.6173,14.4917,0.1145,28.312,706,7.02, -> patio (7.0%)
frame_001744,-1.0,12.1651,13.856,0.1105,26.2149,884,12.44, -> vault (12.4%)
frame_001745,-1.0,10.2441,17.7083,0.1615,28.2333,884,8.4, -> vault (8.4%)
frame_001746,-1.0,10.398,13.6618,0.1755,24.3554,706,9.49, -> patio (9.5%)
frame_001747,-1.0,10.6303,16.6758,0.1231,27.5164,884,7.85, -> vault (7.9%)
frame_001748,-1.0,12.7895,16.4194,0.1192,29.4093,706,4.93, -> patio (4.9%)
frame_001749,-1.0,10.1647,14.5516,0.1226,24.9179,706,6.85, -> patio (6.9%)
frame_001750,-1.0,9.8611,12.4466,0.1945,22.6193,706,5.76, -> patio (5.8%)
frame_001751,-1.0,10.3327,19.2308,0.1508,29.8166,884,9.35, -> vault (9.3%)
frame_001752,-1.0,10.6447,13.9715,0.1774,24.9129,884,7.86, -> vault (7.9%)
frame_001753,-1.0,10.134,13.7974,0.1755,24.2374,884,7.89, -> vault (7.9%)
frame_001754,-1.0,10.4704,16.1383,0.1268,26.8196,884,6.68, -> vault (6.7%)
frame_001755,-1.0,10.8601,15.0878,0.1154,26.1405,421,7.49, -> bannister (7.5%)
frame_001756,-1.0,10.142,13.8277,0.1774,24.2645,421,8.61, -> bannister (8.6%)
frame_001757,-1.0,10.9768,18.1753,0.1382,29.3832,884,11.26, -> vault (11.3%)
frame_001758,-1.0,10.1453,13.3238,0.1763,23.7648,884,17.67, -> vault (17.7%)
frame_001759,-1.0,10.5184,13.3019,0.1751,24.1121,884,10.04, -> vault (10.0%)
frame_001760,-1.0,10.1072,13.3607,0.1859,23.7718,884,8.99, -> vault (9.0%)
frame_001761,-1.0,10.4247,17.5617,0.1476,28.2278,884,19.47, -> vault (19.5%)
frame_001762,-1.0,10.1067,15.8888,0.1093,26.1796,884,7.99, -> vault (8.0%)
frame_001763,-1.0,10.2888,19.3532,0.163,29.9155,884,5.98, -> vault (6.0%)
frame_001764,-1.0,13.1584,17.0341,0.1258,30.4034,884,6.56, -> vault (6.6%)
frame_001765,-1.0,10.7343,13.6504,0.1894,24.6928,421,5.18, -> bannister (5.2%)
frame_001766,-1.0,10.2949,14.6215,0.1935,25.2161,787,4.47, -> shield (4.5%)
frame_001767,-1.0,10.1467,15.5622,0.1351,25.946,733,4.76, -> pole (4.8%)
frame_001768,-1.0,10.7899,16.1229,0.1123,27.1013,556,5.55, -> fire screen (5.6%)
frame_001769,-1.0,10.5596,13.0784,0.1841,23.9437,421,3.37, -> bannister (3.4%)
frame_001770,-1.0,10.1466,15.3767,0.1238,25.7272,799,5.85, -> sliding door (5.9%)
frame_001771,-1.0,10.6095,14.8193,0.1239,25.6344,733,2.32, -> pole (2.3%)
frame_001772,-1.0,10.3546,19.7036,0.1631,30.3318,733,3.68, -> pole (3.7%)
frame_001773,-1.0,10.0575,13.8043,0.1858,24.1674,733,3.18, -> pole (3.2%)
frame_001774,-1.0,10.7177,13.0124,0.1765,24.0262,733,2.31, -> pole (2.3%)
frame_001775,-1.0,11.0238,13.9044,0.1864,25.2318,799,1.94, -> sliding door (1.9%)
frame_001776,-1.0,15.4835,15.9726,0.1051,31.6348,799,1.92, -> sliding door (1.9%)
frame_001777,-1.0,10.3237,13.9401,0.1757,24.5581,367,1.12, -> chimpanzee (1.1%)
frame_001778,-1.0,10.2126,12.8819,0.1798,23.3921,523,3.61, -> crutch (3.6%)
frame_001779,-1.0,13.5572,14.0839,0.1748,27.9373,880,3.91, -> unicycle (3.9%)
frame_001780,-1.0,10.392,14.9691,0.1167,25.5543,880,3.08, -> unicycle (3.1%)
frame_001781,-1.0,10.663,15.9322,0.121,26.7975,665,3.85, -> moped (3.9%)
frame_001782,-1.0,10.6938,14.2489,0.1793,25.242,877,9.61, -> turnstile (9.6%)
frame_001783,-1.0,9.9723,17.3882,0.1349,27.5878,877,5.3, -> turnstile (5.3%)
frame_001784,-1.0,10.6048,14.1425,0.177,25.0445,665,4.63, -> moped (4.6%)
frame_001785,-1.0,10.3361,13.3538,0.1764,23.998,665,8.74, -> moped (8.7%)
frame_001786,-1.0,11.4588,19.1872,0.1458,30.8967,665,8.52, -> moped (8.5%)
frame_001787,-1.0,15.5162,14.8732,0.1588,30.6291,665,11.33, -> moped (11.3%)
frame_001788,-1.0,10.821,14.9494,0.1173,25.9655,665,9.29, -> moped (9.3%)
frame_001789,-1.0,19.781,13.3091,0.1909,33.4,665,9.69, -> moped (9.7%)
frame_001790,-1.0,11.9051,16.8841,0.128,29.0016,843,5.21, -> swing (5.2%)
frame_001791,-1.0,10.6548,15.9558,0.1157,26.8155,799,11.59, -> sliding door (11.6%)
frame_001792,-1.0,14.4155,15.0748,0.1167,29.6838,450,2.95, -> bobsled (2.9%)
frame_001793,-1.0,10.5072,14.6997,0.1118,25.3953,665,2.45, -> moped (2.5%)
frame_001794,-1.0,10.2468,12.4264,0.1758,22.965,450,2.88, -> bobsled (2.9%)
frame_001795,-1.0,10.4089,13.2252,0.1765,23.9247,835,2.4, -> sundial (2.4%)
frame_001796,-1.0,11.2827,14.8009,0.1495,26.3232,835,4.71, -> sundial (4.7%)
frame_001797,-1.0,10.1626,16.5512,0.1526,26.9701,799,4.07, -> sliding door (4.1%)
frame_001798,-1.0,10.5751,14.0195,0.1775,24.8906,556,10.33, -> fire screen (10.3%)
frame_001799,-1.0,10.5283,13.3577,0.175,24.1794,556,14.22, -> fire screen (14.2%)
frame_001800,-1.0,10.5364,14.216,0.1765,25.0455,556,11.05, -> fire screen (11.0%)
frame_001801,-1.0,10.4513,13.424,0.1743,24.1681,799,14.35, -> sliding door (14.4%)
frame_001802,-1.0,10.5503,18.8894,0.1969,29.766,799,8.38, -> sliding door (8.4%)
frame_001803,-1.0,11.7266,13.8856,0.1744,25.9041,799,11.11, -> sliding door (11.1%)
frame_001804,-1.0,10.7094,13.0519,0.1751,24.0552,799,10.53, -> sliding door (10.5%)
frame_001805,-1.0,13.5972,15.6417,0.1393,29.4715,799,7.34, -> sliding door (7.3%)
frame_001806,-1.0,14.9575,13.713,0.1769,28.9467,799,8.78, -> sliding door (8.8%)
frame_001807,-1.0,13.6005,13.6781,0.1784,27.5477,799,7.8, -> sliding door (7.8%)
frame_001808,-1.0,12.7403,14.5129,0.1588,27.4981,421,5.42, -> bannister (5.4%)
frame_001809,-1.0,10.6175,14.1647,0.1745,25.0769,556,6.35, -> fire screen (6.3%)
frame_001810,-1.0,10.6037,17.5356,0.1546,28.3985,799,9.85, -> sliding door (9.8%)
frame_001811,-1.0,11.0002,15.2239,0.1411,26.4523,799,11.35, -> sliding door (11.3%)
frame_001812,-1.0,12.3004,25.7849,0.2397,38.5223,884,8.93, -> vault (8.9%)
frame_001813,-1.0,13.8191,14.4883,0.1797,28.577,799,4.44, -> sliding door (4.4%)
frame_001814,-1.0,12.2687,12.8629,0.1758,25.4404,799,5.08, -> sliding door (5.1%)
frame_001815,-1.0,11.7257,16.9798,0.1426,28.9508,884,4.82, -> vault (4.8%)
frame_001816,-1.0,13.4699,15.6617,0.1441,29.3739,884,6.16, -> vault (6.2%)
frame_001817,-1.0,10.2388,13.6158,0.1745,24.1471,799,6.74, -> sliding door (6.7%)
frame_001818,-1.0,10.8282,14.2507,0.1801,25.3941,799,5.97, -> sliding door (6.0%)
frame_001819,-1.0,12.0053,15.2849,0.0866,27.4458,556,8.3, -> fire screen (8.3%)
frame_001820,-1.0,10.4637,13.128,0.1793,23.8911,799,5.09, -> sliding door (5.1%)
frame_001821,-1.0,14.8615,20.0644,0.1954,35.2451,799,5.98, -> sliding door (6.0%)
frame_001822,-1.0,15.7566,15.0848,0.1115,31.0279,884,8.18, -> vault (8.2%)
frame_001823,-1.0,10.1993,14.334,0.1767,24.8218,884,6.77, -> vault (6.8%)
frame_001824,-1.0,10.8953,21.7731,0.221,33.0804,421,6.4, -> bannister (6.4%)
frame_001825,-1.0,14.4345,14.0121,0.205,28.7706,421,6.59, -> bannister (6.6%)
frame_001826,-1.0,11.9791,15.2671,0.1226,27.4534,421,6.76, -> bannister (6.8%)
frame_001827,-1.0,14.4725,17.886,0.1438,32.6013,799,5.7, -> sliding door (5.7%)
frame_001828,-1.0,15.907,12.9846,0.1758,29.1982,556,5.53, -> fire screen (5.5%)
frame_001829,-1.0,12.3192,13.306,0.1766,25.9196,799,6.2, -> sliding door (6.2%)
frame_001830,-1.0,10.3815,15.1897,0.1301,25.7906,556,6.62, -> fire screen (6.6%)
frame_001831,-1.0,10.6887,18.6221,0.1759,29.6044,556,7.06, -> fire screen (7.1%)
frame_001832,-1.0,10.6505,14.5679,0.1793,25.5067,556,6.12, -> fire screen (6.1%)
frame_001833,-1.0,10.4666,14.5233,0.1796,25.2938,799,5.57, -> sliding door (5.6%)
frame_001834,-1.0,15.9245,17.1317,0.1137,33.2439,799,6.89, -> sliding door (6.9%)
frame_001835,-1.0,13.2181,18.6828,0.1537,32.1479,799,6.6, -> sliding door (6.6%)
frame_001836,-1.0,11.2737,14.1522,0.1766,25.722,799,6.13, -> sliding door (6.1%)
frame_001837,-1.0,12.2422,20.2598,0.1739,32.8042,421,5.04, -> bannister (5.0%)
frame_001838,-1.0,12.1987,19.5797,0.1746,32.0985,556,5.76, -> fire screen (5.8%)
frame_001839,-1.0,10.6419,14.0186,0.1719,24.9503,556,6.06, -> fire screen (6.1%)
frame_001840,-1.0,10.5663,15.089,0.1406,25.8863,421,4.79, -> bannister (4.8%)
frame_001841,-1.0,12.258,16.8869,0.138,29.3778,421,4.59, -> bannister (4.6%)
frame_001842,-1.0,11.3352,14.0295,0.1762,25.6599,421,4.95, -> bannister (5.0%)
frame_001843,-1.0,10.5682,15.1559,0.1367,25.9538,421,5.71, -> bannister (5.7%)
frame_001844,-1.0,12.943,18.6742,0.1795,31.9489,421,5.31, -> bannister (5.3%)
frame_001845,-1.0,10.4202,14.7244,0.1517,25.3862,421,5.61, -> bannister (5.6%)
frame_001846,-1.0,12.1763,19.9126,0.2166,32.4458,799,5.55, -> sliding door (5.5%)
frame_001847,-1.0,10.4857,14.8763,0.1246,25.5721,799,6.33, -> sliding door (6.3%)
frame_001848,-1.0,10.7273,13.3849,0.1892,24.42,799,6.11, -> sliding door (6.1%)
frame_001849,-1.0,13.2019,15.0224,0.1503,28.4685,799,5.34, -> sliding door (5.3%)
frame_001850,-1.0,11.3429,16.2685,0.1364,27.8394,799,5.81, -> sliding door (5.8%)
frame_001851,-1.0,10.6496,14.8211,0.1255,25.6856,799,5.24, -> sliding door (5.2%)
frame_001852,-1.0,10.0992,15.2879,0.1447,25.6284,799,5.23, -> sliding door (5.2%)
frame_001853,-1.0,10.4729,13.6684,0.1774,24.4377,556,4.83, -> fire screen (4.8%)
frame_001854,-1.0,11.4246,14.3749,0.1758,26.094,421,4.49, -> bannister (4.5%)
frame_001855,-1.0,13.6395,13.1415,0.1858,27.0863,421,5.13, -> bannister (5.1%)
frame_001856,-1.0,15.5446,17.3007,0.1443,33.0866,556,4.5, -> fire screen (4.5%)
frame_001857,-1.0,17.1433,15.6768,0.1136,33.0187,556,5.13, -> fire screen (5.1%)
frame_001858,-1.0,12.4632,12.9219,0.1638,25.6585,799,5.7, -> sliding door (5.7%)
frame_001859,-1.0,11.4077,16.8149,0.1276,28.4403,556,4.96, -> fire screen (5.0%)
frame_001860,-1.0,13.7401,15.9063,0.1233,29.8546,556,4.55, -> fire screen (4.5%)
frame_001861,-1.0,17.6382,15.033,0.111,32.8573,799,4.6, -> sliding door (4.6%)
frame_001862,-1.0,15.0721,19.1665,0.1377,34.4701,421,4.63, -> bannister (4.6%)
frame_001863,-1.0,10.3094,13.6665,0.1778,24.2721,421,4.57, -> bannister (4.6%)
frame_001864,-1.0,13.9568,13.8824,0.1194,28.0361,556,4.8, -> fire screen (4.8%)
frame_001865,-1.0,10.2368,14.7579,0.1446,25.2205,884,4.91, -> vault (4.9%)
frame_001866,-1.0,10.3786,15.2073,0.1254,25.8,556,5.55, -> fire screen (5.6%)
frame_001867,-1.0,10.3121,13.8774,0.1756,24.4796,421,4.8, -> bannister (4.8%)
frame_001868,-1.0,10.5453,19.1602,0.1749,29.9991,421,4.71, -> bannister (4.7%)
frame_001869,-1.0,10.2486,13.243,0.1768,23.7966,556,5.13, -> fire screen (5.1%)
frame_001870,-1.0,10.123,17.1948,0.1578,27.5848,556,5.0, -> fire screen (5.0%)
frame_001871,-1.0,24.6597,19.1627,0.1226,44.0299,421,5.06, -> bannister (5.1%)
frame_001872,-1.0,10.6623,17.392,0.145,28.2951,421,4.83, -> bannister (4.8%)
frame_001873,-1.0,14.053,13.3219,0.1758,27.6703,884,4.51, -> vault (4.5%)
frame_001874,-1.0,15.5132,14.7213,0.1172,30.4291,556,4.28, -> fire screen (4.3%)
frame_001875,-1.0,19.179,31.1588,0.1603,50.5887,743,37.01, -> prison (37.0%)
frame_001876,-1.0,15.7742,14.5724,0.2016,30.6593,743,40.22, -> prison (40.2%)
frame_001877,-1.0,14.5707,16.2709,0.0994,30.9998,743,39.64, -> prison (39.6%)
frame_001878,-1.0,17.4521,14.9139,0.1256,32.5745,743,38.51, -> prison (38.5%)
frame_001879,-1.0,11.5551,13.0424,0.089,24.7372,743,31.62, -> prison (31.6%)
frame_001880,-1.0,8.3795,12.3183,0.1032,20.8652,743,37.29, -> prison (37.3%)
frame_001881,-1.0,13.1411,14.1257,0.133,27.4621,743,36.09, -> prison (36.1%)
frame_001882,-1.0,8.8741,13.6438,0.0918,22.662,743,36.47, -> prison (36.5%)
frame_001883,-1.0,9.2319,12.9661,0.1663,22.4934,743,32.84, -> prison (32.8%)
frame_001884,-1.0,8.786,17.2496,0.093,26.1798,743,34.08, -> prison (34.1%)
frame_001885,-1.0,14.3997,13.3823,0.1322,27.9884,743,41.55, -> prison (41.6%)
frame_001886,-1.0,9.702,14.4689,0.0944,24.3203,743,32.32, -> prison (32.3%)
frame_001887,-1.0,11.9353,15.2174,0.0884,27.2932,743,35.32, -> prison (35.3%)
frame_001888,-1.0,11.0955,19.4105,0.0957,30.6637,743,31.51, -> prison (31.5%)
frame_001889,-1.0,16.1407,14.908,0.0894,31.1975,743,26.99, -> prison (27.0%)
frame_001890,-1.0,11.5052,13.8843,0.0994,25.5524,743,29.44, -> prison (29.4%)
frame_001891,-1.0,13.8767,14.9588,0.1725,29.0682,743,31.23, -> prison (31.2%)
frame_001892,-1.0,11.5591,14.9234,0.0885,26.6223,743,29.64, -> prison (29.6%)
frame_001893,-1.0,11.3078,12.2653,0.0979,23.7293,743,28.3, -> prison (28.3%)
frame_001894,-1.0,11.5574,13.1447,0.097,24.8533,743,31.16, -> prison (31.2%)
frame_001895,-1.0,9.6167,14.0137,0.1083,23.7933,743,27.54, -> prison (27.5%)
frame_001896,-1.0,12.5696,15.4388,0.0935,28.1537,743,30.46, -> prison (30.5%)
frame_001897,-1.0,13.8937,13.965,0.0916,28.0076,743,23.27, -> prison (23.3%)
frame_001898,-1.0,9.6495,13.927,0.0959,23.7285,743,26.79, -> prison (26.8%)
frame_001899,-1.0,9.6046,13.1416,0.1522,22.9845,743,41.11, -> prison (41.1%)
frame_001900,-1.0,8.7927,14.83,0.1582,23.9208,743,33.37, -> prison (33.4%)
frame_001901,-1.0,11.1718,14.4001,0.0959,25.7192,743,36.87, -> prison (36.9%)
frame_001902,-1.0,9.5307,13.9349,0.0982,23.6169,743,52.15, -> prison (52.1%)
frame_001903,-1.0,7.4383,14.0985,0.0984,21.6993,743,34.09, -> prison (34.1%)
frame_001904,-1.0,13.2459,16.159,0.0879,29.5599,743,45.84, -> prison (45.8%)
frame_001905,-1.0,10.6947,13.0958,0.0892,23.9319,743,38.8, -> prison (38.8%)
frame_001906,-1.0,10.058,13.9737,0.0926,24.1792,743,53.71, -> prison (53.7%)
frame_001907,-1.0,9.998,13.9467,0.0922,24.0985,743,35.77, -> prison (35.8%)
frame_001908,-1.0,10.4716,13.9866,0.093,24.6054,743,43.01, -> prison (43.0%)
frame_001909,-1.0,8.5324,13.2832,0.0989,21.9663,743,36.84, -> prison (36.8%)
frame_001910,-1.0,11.9713,13.7459,0.1003,25.8725,743,27.4, -> prison (27.4%)
frame_001911,-1.0,7.1895,16.1862,0.1502,23.667,743,35.59, -> prison (35.6%)
frame_001912,-1.0,12.7747,14.8456,0.0883,27.7598,743,35.52, -> prison (35.5%)
frame_001913,-1.0,9.6398,13.0356,0.1283,22.8546,743,46.84, -> prison (46.8%)
frame_001914,-1.0,8.5054,14.8996,0.1662,23.6327,743,36.4, -> prison (36.4%)
frame_001915,-1.0,8.9375,14.5376,0.1724,23.744,743,33.01, -> prison (33.0%)
frame_001916,-1.0,9.5468,15.8823,0.0906,25.5721,743,59.93, -> prison (59.9%)
frame_001917,-1.0,8.3993,41.2857,0.3706,50.226,743,49.12, -> prison (49.1%)
frame_001918,-1.0,16.7329,18.7591,0.1139,35.6669,743,24.68, -> prison (24.7%)
frame_001919,-1.0,13.4384,14.1497,0.0965,27.7444,743,27.42, -> prison (27.4%)
frame_001920,-1.0,12.5559,15.9482,0.0985,28.6696,743,25.06, -> prison (25.1%)
frame_001921,-1.0,16.4673,13.4313,0.1382,30.1263,743,18.32, -> prison (18.3%)
frame_001922,-1.0,9.2366,15.8636,0.1213,25.3037,743,27.84, -> prison (27.8%)
frame_001923,-1.0,10.225,12.592,1.6131,24.543,743,22.9, -> prison (22.9%)
frame_001924,-1.0,11.6964,13.1754,0.2157,25.1607,743,35.47, -> prison (35.5%)
frame_001925,-1.0,9.5638,13.6968,1.0606,24.4115,743,34.32, -> prison (34.3%)
frame_001926,-1.0,16.6522,19.7856,0.0956,36.5958,743,32.72, -> prison (32.7%)
frame_001927,-1.0,17.9095,16.58,0.0969,34.6535,743,40.68, -> prison (40.7%)
frame_001928,-1.0,19.6239,12.1326,0.0923,31.9004,743,43.59, -> prison (43.6%)
frame_001929,-1.0,10.4563,13.1025,0.1002,23.7215,743,27.48, -> prison (27.5%)
frame_001930,-1.0,10.1717,14.0136,0.164,24.4721,743,29.51, -> prison (29.5%)
frame_001931,-1.0,10.4878,14.9171,0.1081,25.5868,743,33.51, -> prison (33.5%)
frame_001932,-1.0,10.0237,15.6981,0.1129,25.9157,743,27.22, -> prison (27.2%)
frame_001933,-1.0,10.57,13.7665,0.1729,24.6687,743,36.93, -> prison (36.9%)
frame_001934,-1.0,10.0985,14.5747,0.1776,24.9687,743,24.15, -> prison (24.2%)
frame_001935,-1.0,10.1955,19.5135,0.1905,30.0325,743,27.21, -> prison (27.2%)
frame_001936,-1.0,10.609,16.7461,0.1254,27.5647,743,33.79, -> prison (33.8%)
frame_001937,-1.0,11.2382,16.6105,0.1289,28.0647,743,39.91, -> prison (39.9%)
frame_001938,-1.0,10.1945,19.543,0.1687,30.0293,743,31.35, -> prison (31.3%)
frame_001939,-1.0,10.4776,16.7229,0.1306,27.4223,743,38.78, -> prison (38.8%)
frame_001940,-1.0,10.443,13.1015,0.1743,23.8367,743,41.06, -> prison (41.1%)
frame_001941,-1.0,17.2707,14.8507,0.0954,32.2843,743,32.05, -> prison (32.0%)
frame_001942,-1.0,10.5124,14.7033,0.1035,25.3919,743,29.3, -> prison (29.3%)
frame_001943,-1.0,10.5472,13.0846,0.1732,23.9299,743,23.44, -> prison (23.4%)
frame_001944,-1.0,21.3,15.842,0.0958,37.3027,743,39.63, -> prison (39.6%)
frame_001945,-1.0,10.6828,16.0206,0.1083,26.8858,743,27.13, -> prison (27.1%)
frame_001946,-1.0,10.1829,13.7283,0.1743,24.2043,743,36.9, -> prison (36.9%)
frame_001947,-1.0,10.5064,13.7757,0.1754,24.5761,743,27.93, -> prison (27.9%)
frame_001948,-1.0,10.1692,14.5645,0.1902,25.0425,743,31.34, -> prison (31.3%)
frame_001949,-1.0,10.5087,19.8278,0.189,30.6788,743,35.67, -> prison (35.7%)
frame_001950,-1.0,10.5089,13.7736,0.1753,24.5881,743,29.37, -> prison (29.4%)
frame_001951,-1.0,10.6512,18.5356,0.1739,29.4756,743,29.13, -> prison (29.1%)
frame_001952,-1.0,11.479,15.4996,0.251,27.373,743,24.97, -> prison (25.0%)
frame_001953,-1.0,15.5466,13.9709,0.1761,29.8138,743,27.03, -> prison (27.0%)
frame_001954,-1.0,12.9303,18.4478,0.1371,31.6149,743,42.9, -> prison (42.9%)
frame_001955,-1.0,10.3943,14.6477,0.1613,25.2988,743,29.25, -> prison (29.2%)
frame_001956,-1.0,10.2877,15.2304,0.108,25.6969,743,50.5, -> prison (50.5%)
frame_001957,-1.0,10.5234,17.0712,0.1165,27.7973,743,26.68, -> prison (26.7%)
frame_001958,-1.0,10.2151,15.1553,0.1387,25.5981,743,26.39, -> prison (26.4%)
frame_001959,-1.0,10.298,16.8061,0.1245,27.3147,743,18.64, -> prison (18.6%)
frame_001960,-1.0,10.7889,16.4786,0.1118,27.4562,743,15.45, -> prison (15.5%)
frame_001961,-1.0,10.3145,18.5367,0.142,29.0915,743,20.82, -> prison (20.8%)
frame_001962,-1.0,10.5582,14.3523,0.1769,25.2052,743,11.31, -> prison (11.3%)
frame_001963,-1.0,10.6607,15.1379,0.1171,25.9991,743,20.67, -> prison (20.7%)
frame_001964,-1.0,10.0494,15.6933,0.0967,25.9068,743,19.3, -> prison (19.3%)
frame_001965,-1.0,13.2387,14.1679,0.1717,27.6966,743,24.46, -> prison (24.5%)
frame_001966,-1.0,10.7527,15.8362,0.0985,26.7561,743,20.84, -> prison (20.8%)
frame_001967,-1.0,11.0059,13.8671,0.1789,25.1756,743,22.84, -> prison (22.8%)
frame_001968,-1.0,10.7357,14.7996,0.0948,25.6983,743,31.37, -> prison (31.4%)
frame_001969,-1.0,25.3064,14.8198,0.0865,40.2796,743,25.61, -> prison (25.6%)
frame_001970,-1.0,20.2696,14.5947,0.0909,35.019,743,25.77, -> prison (25.8%)
frame_001971,-1.0,10.7453,17.1417,0.1113,28.0709,743,28.76, -> prison (28.8%)
frame_001972,-1.0,10.4968,14.6436,0.0843,25.2862,743,37.01, -> prison (37.0%)
frame_001973,-1.0,12.442,19.634,0.1248,32.2836,743,27.71, -> prison (27.7%)
frame_001974,-1.0,10.3337,14.8316,0.0841,25.3201,743,23.15, -> prison (23.2%)
frame_001975,-1.0,10.2592,17.239,0.1117,27.6831,743,23.62, -> prison (23.6%)
frame_001976,-1.0,10.8063,15.979,0.097,26.9557,743,25.59, -> prison (25.6%)
frame_001977,-1.0,10.3164,15.9398,0.0887,26.4043,743,23.63, -> prison (23.6%)
frame_001978,-1.0,13.0005,14.7969,0.0897,27.9587,743,30.86, -> prison (30.9%)
frame_001979,-1.0,10.5682,19.4984,0.1309,30.2874,743,15.78, -> prison (15.8%)
frame_001980,-1.0,10.0802,14.1917,0.1769,24.5473,743,19.68, -> prison (19.7%)
frame_001981,-1.0,10.2811,13.9737,0.1742,24.5502,743,19.76, -> prison (19.8%)
frame_001982,-1.0,23.9776,13.7289,0.1692,37.9729,743,17.58, -> prison (17.6%)
frame_001983,-1.0,10.6101,13.2175,0.1769,24.1238,743,21.88, -> prison (21.9%)
frame_001984,-1.0,11.0311,13.4989,0.1775,24.8407,743,25.43, -> prison (25.4%)
frame_001985,-1.0,10.5688,14.293,0.1775,25.1582,743,34.3, -> prison (34.3%)
frame_001986,-1.0,10.1796,15.2073,0.0917,25.5482,743,25.92, -> prison (25.9%)
frame_001987,-1.0,10.7252,19.2139,0.1561,30.1992,743,31.13, -> prison (31.1%)
frame_001988,-1.0,12.2303,13.8982,0.177,26.4236,743,20.95, -> prison (20.9%)
frame_001989,-1.0,10.7414,13.56,0.1753,24.5929,743,26.18, -> prison (26.2%)
frame_001990,-1.0,13.2412,14.2953,0.1802,27.8594,743,21.36, -> prison (21.4%)
frame_001991,-1.0,10.3756,18.1666,0.1235,28.7595,743,18.46, -> prison (18.5%)
frame_001992,-1.0,10.4648,16.8456,0.1241,27.5164,743,33.78, -> prison (33.8%)
frame_001993,-1.0,10.5486,14.4535,0.1778,25.2806,743,21.94, -> prison (21.9%)
frame_001994,-1.0,10.3397,15.0493,0.1022,25.5674,743,23.85, -> prison (23.9%)
frame_001995,-1.0,10.2213,17.2234,0.1261,27.654,743,17.18, -> prison (17.2%)
frame_001996,-1.0,10.5321,14.3329,0.18,25.1703,743,20.34, -> prison (20.3%)
frame_001997,-1.0,10.3521,17.1023,0.1329,27.683,743,20.65, -> prison (20.7%)
frame_001998,-1.0,14.1605,21.1004,0.1872,35.5766,743,13.42, -> prison (13.4%)
frame_001999,-1.0,16.2396,12.9027,0.2015,29.4622,743,28.47, -> prison (28.5%)
frame_002000,-1.0,15.4416,15.2325,0.0947,30.8362,743,14.77, -> prison (14.8%)
frame_002001,-1.0,10.3826,17.1049,0.1036,27.6744,743,19.6, -> prison (19.6%)
frame_002002,-1.0,13.073,14.853,0.0941,28.0877,743,23.88, -> prison (23.9%)
frame_002003,-1.0,10.2584,13.3605,0.1776,23.9153,743,21.43, -> prison (21.4%)
frame_002004,-1.0,10.3215,15.3137,0.1126,25.826,743,14.55, -> prison (14.6%)
frame_002005,-1.0,10.4676,13.65,0.174,24.4115,743,16.42, -> prison (16.4%)
frame_002006,-1.0,10.7008,14.8527,0.1023,25.7259,743,24.1, -> prison (24.1%)
frame_002007,-1.0,10.4355,15.2678,0.1182,25.9003,743,21.31, -> prison (21.3%)
frame_002008,-1.0,10.5769,14.2365,0.2029,25.1407,743,24.13, -> prison (24.1%)
frame_002009,-1.0,10.2948,14.5285,0.1859,25.1113,743,30.93, -> prison (30.9%)
frame_002010,-1.0,10.3978,15.9472,0.1129,26.5413,743,24.65, -> prison (24.6%)
frame_002011,-1.0,10.5017,19.213,0.1626,29.9865,743,19.97, -> prison (20.0%)
frame_002012,-1.0,10.4656,15.553,0.1085,26.2025,743,16.38, -> prison (16.4%)
frame_002013,-1.0,14.8977,14.2134,0.1737,29.405,743,27.35, -> prison (27.3%)
frame_002014,-1.0,10.3415,14.3206,0.1786,24.9657,743,33.81, -> prison (33.8%)
frame_002015,-1.0,11.208,15.5885,0.1371,27.0214,743,30.09, -> prison (30.1%)
frame_002016,-1.0,10.8952,16.4531,0.123,27.556,743,30.76, -> prison (30.8%)
frame_002017,-1.0,12.2354,19.9719,0.1619,32.4782,743,21.64, -> prison (21.6%)
frame_002018,-1.0,11.8226,13.6667,0.176,25.7822,743,26.42, -> prison (26.4%)
frame_002019,-1.0,10.2254,13.9024,0.1759,24.4214,743,37.61, -> prison (37.6%)
frame_002020,-1.0,10.3829,18.3688,0.1777,29.0379,743,27.52, -> prison (27.5%)
frame_002021,-1.0,10.793,16.3917,0.1223,27.3925,743,20.22, -> prison (20.2%)
frame_002022,-1.0,10.6392,14.3957,0.1797,25.3179,743,14.22, -> prison (14.2%)
frame_002023,-1.0,10.4655,13.3616,0.1781,24.1232,743,25.67, -> prison (25.7%)
frame_002024,-1.0,11.77,14.2073,0.1757,26.2721,743,23.63, -> prison (23.6%)
frame_002025,-1.0,13.163,14.362,0.1784,27.8263,743,20.84, -> prison (20.8%)
frame_002026,-1.0,11.3718,15.0276,0.1109,26.5877,743,40.64, -> prison (40.6%)
frame_002027,-1.0,10.1061,16.2642,0.1338,26.6079,743,26.99, -> prison (27.0%)
frame_002028,-1.0,10.6631,13.445,0.1773,24.4045,743,29.6, -> prison (29.6%)
frame_002029,-1.0,10.7799,14.4501,0.1525,25.4698,743,23.75, -> prison (23.8%)
frame_002030,-1.0,11.0035,15.0404,0.1199,26.2475,743,19.57, -> prison (19.6%)
frame_002031,-1.0,10.4813,15.1785,0.1369,25.888,743,16.97, -> prison (17.0%)
frame_002032,-1.0,13.2403,15.282,0.1356,28.7415,743,17.21, -> prison (17.2%)
frame_002033,-1.0,13.1351,13.6588,0.1813,27.0926,743,17.15, -> prison (17.1%)
frame_002034,-1.0,10.8823,15.4446,0.1355,26.5522,743,42.26, -> prison (42.3%)
frame_002035,-1.0,12.0489,14.8794,0.1232,27.1321,743,23.27, -> prison (23.3%)
frame_002036,-1.0,10.3071,19.7183,0.1875,30.3397,743,24.43, -> prison (24.4%)
frame_002037,-1.0,10.6349,16.14,0.1356,26.9968,743,17.91, -> prison (17.9%)
frame_002038,-1.0,15.4401,14.1249,0.1742,29.8732,743,19.24, -> prison (19.2%)
frame_002039,-1.0,10.3967,14.6507,0.1332,25.2669,743,18.5, -> prison (18.5%)
frame_002040,-1.0,11.122,13.8372,0.1765,25.2528,743,14.21, -> prison (14.2%)
frame_002041,-1.0,10.9131,14.3216,0.1745,25.5271,743,21.6, -> prison (21.6%)
frame_002042,-1.0,10.2289,16.9135,0.1377,27.3733,743,27.73, -> prison (27.7%)
frame_002043,-1.0,10.2995,13.5467,0.1766,24.142,743,22.72, -> prison (22.7%)
frame_002044,-1.0,10.3645,13.4858,0.1766,24.1447,743,12.64, -> prison (12.6%)
frame_002045,-1.0,13.6724,14.6663,0.1121,28.5328,743,9.43, -> prison (9.4%)
frame_002046,-1.0,15.5487,18.0702,0.1312,33.8429,743,10.68, -> prison (10.7%)
frame_002047,-1.0,11.9117,15.2842,0.1087,27.3862,743,12.55, -> prison (12.6%)
frame_002048,-1.0,12.0796,13.9033,0.177,26.2757,743,12.32, -> prison (12.3%)
frame_002049,-1.0,10.7255,18.3858,0.1433,29.366,743,12.87, -> prison (12.9%)
frame_002050,-1.0,10.6326,13.5135,0.1775,24.443,743,32.74, -> prison (32.7%)
frame_002051,-1.0,10.0545,16.9898,0.134,27.2699,743,17.49, -> prison (17.5%)
frame_002052,-1.0,12.4127,17.03,0.128,29.6568,743,18.52, -> prison (18.5%)
frame_002053,-1.0,10.2529,14.5039,0.181,25.0249,743,20.77, -> prison (20.8%)
frame_002054,-1.0,10.2831,13.8367,0.1763,24.416,743,23.17, -> prison (23.2%)
frame_002055,-1.0,10.1394,19.9689,0.2078,30.4568,743,19.24, -> prison (19.2%)
frame_002056,-1.0,10.5392,15.6242,0.1218,26.3656,743,23.12, -> prison (23.1%)
frame_002057,-1.0,13.0944,15.4117,0.1043,28.6828,743,40.92, -> prison (40.9%)
frame_002058,-1.0,14.2089,16.7305,0.1101,31.1339,743,23.98, -> prison (24.0%)
frame_002059,-1.0,10.8814,13.2091,0.1758,24.3854,743,12.36, -> prison (12.4%)
frame_002060,-1.0,10.4027,14.7042,0.1269,25.32,743,17.07, -> prison (17.1%)
frame_002061,-1.0,10.3997,16.7189,0.1652,27.3941,743,24.4, -> prison (24.4%)
frame_002062,-1.0,15.311,14.1986,0.1759,29.8081,743,26.76, -> prison (26.8%)
frame_002063,-1.0,10.6491,15.8994,0.1401,26.7813,743,28.06, -> prison (28.1%)
frame_002064,-1.0,16.317,13.6203,0.1775,30.2338,743,32.84, -> prison (32.8%)
frame_002065,-1.0,10.5245,13.6975,0.1769,24.5166,743,20.55, -> prison (20.6%)
frame_002066,-1.0,11.3355,14.4563,0.1922,26.1074,743,16.54, -> prison (16.5%)
frame_002067,-1.0,10.4995,17.4558,0.161,28.2316,743,32.81, -> prison (32.8%)
frame_002068,-1.0,10.6498,13.291,0.1756,24.2344,743,22.67, -> prison (22.7%)
frame_002069,-1.0,10.6752,14.8893,0.1373,25.7963,743,27.47, -> prison (27.5%)
frame_002070,-1.0,10.5771,15.4501,0.1115,26.2166,743,27.45, -> prison (27.5%)
frame_002071,-1.0,10.3926,17.593,0.1361,28.2137,743,38.95, -> prison (39.0%)
frame_002072,-1.0,10.6179,14.4865,0.156,25.3395,743,21.52, -> prison (21.5%)
frame_002073,-1.0,10.5357,16.8343,0.1289,27.589,743,22.79, -> prison (22.8%)
frame_002074,-1.0,13.6424,17.1147,0.1187,30.957,743,20.44, -> prison (20.4%)
frame_002075,-1.0,10.635,15.8426,0.1302,26.6879,743,30.04, -> prison (30.0%)
frame_002076,-1.0,11.1756,16.5684,0.1267,27.9563,743,34.65, -> prison (34.6%)
frame_002077,-1.0,10.7314,17.9585,0.1444,28.9318,743,20.65, -> prison (20.6%)
frame_002078,-1.0,12.9909,13.1051,0.1743,26.3881,743,34.93, -> prison (34.9%)
frame_002079,-1.0,11.6925,14.4383,0.1555,26.3889,743,24.27, -> prison (24.3%)
frame_002080,-1.0,14.1171,14.2096,0.1265,28.5274,743,32.14, -> prison (32.1%)
frame_002081,-1.0,15.4093,19.1575,0.1842,34.8662,743,48.08, -> prison (48.1%)
frame_002082,-1.0,12.4741,14.7296,0.1141,27.3958,743,30.9, -> prison (30.9%)
frame_002083,-1.0,10.3642,14.8947,0.1166,25.4595,743,22.52, -> prison (22.5%)
frame_002084,-1.0,10.5377,13.4717,0.1747,24.302,743,15.68, -> prison (15.7%)
frame_002085,-1.0,10.4606,15.3846,0.1744,26.1378,743,23.9, -> prison (23.9%)
frame_002086,-1.0,10.3965,16.7588,0.1286,27.3728,743,26.95, -> prison (26.9%)
frame_002087,-1.0,10.2243,16.705,0.1249,27.1441,743,17.65, -> prison (17.7%)
frame_002088,-1.0,12.2301,13.9929,0.1783,26.5209,743,18.94, -> prison (18.9%)
frame_002089,-1.0,10.4558,14.2169,0.1885,24.9818,743,13.62, -> prison (13.6%)
frame_002090,-1.0,10.5833,16.3768,0.1225,27.1656,743,13.25, -> prison (13.3%)
frame_002091,-1.0,10.3826,17.116,0.1466,27.7386,743,18.0, -> prison (18.0%)
frame_002092,-1.0,10.6969,14.5539,0.1689,25.5106,743,10.67, -> prison (10.7%)
frame_002093,-1.0,10.577,18.7809,0.1915,29.6717,743,9.77, -> prison (9.8%)
frame_002094,-1.0,10.4108,13.6694,0.1853,24.384,743,15.06, -> prison (15.1%)
frame_002095,-1.0,10.4365,16.4201,0.1245,27.0731,743,19.56, -> prison (19.6%)
frame_002096,-1.0,10.5274,18.6739,0.1568,29.4648,743,21.86, -> prison (21.9%)
frame_002097,-1.0,10.3921,16.0208,0.1317,26.6269,743,18.66, -> prison (18.7%)
frame_002098,-1.0,10.6005,14.1374,0.1764,25.0342,743,17.2, -> prison (17.2%)
frame_002099,-1.0,9.887,17.5536,0.1446,27.6835,743,10.75, -> prison (10.7%)
frame_002100,-1.0,10.5532,13.4791,0.1756,24.3263,743,9.72, -> prison (9.7%)
frame_002101,-1.0,10.4883,14.7195,0.1126,25.4059,743,7.99, -> prison (8.0%)
frame_002102,-1.0,10.3387,15.0575,0.1155,25.5872,743,12.5, -> prison (12.5%)
frame_002103,-1.0,12.4159,13.231,0.2159,25.98,743,9.67, -> prison (9.7%)
frame_002104,-1.0,12.9401,13.5144,0.175,26.7479,743,7.96, -> prison (8.0%)
frame_002105,-1.0,10.3627,13.7314,0.175,24.3973,743,14.13, -> prison (14.1%)
frame_002106,-1.0,11.1147,15.1855,0.1315,26.5186,799,6.21, -> sliding door (6.2%)
frame_002107,-1.0,9.9767,16.4272,0.1305,26.6234,799,9.66, -> sliding door (9.7%)
frame_002108,-1.0,10.5986,14.1257,0.1885,25.0353,799,17.52, -> sliding door (17.5%)
frame_002109,-1.0,10.1913,13.7648,0.1754,24.2497,743,11.27, -> prison (11.3%)
frame_002110,-1.0,10.2788,13.4923,0.177,24.0737,799,9.9, -> sliding door (9.9%)
frame_002111,-1.0,11.3854,18.3508,0.1441,29.9826,799,8.93, -> sliding door (8.9%)
frame_002112,-1.0,13.4006,13.5425,0.2121,27.2743,743,20.8, -> prison (20.8%)
frame_002113,-1.0,15.0528,14.6067,0.1762,29.9358,743,17.13, -> prison (17.1%)
frame_002114,-1.0,10.2838,13.2622,0.1764,23.8409,743,10.05, -> prison (10.0%)
frame_002115,-1.0,10.9417,16.7671,0.1358,27.9278,743,20.17, -> prison (20.2%)
frame_002116,-1.0,11.192,14.1999,0.1745,25.6889,743,18.27, -> prison (18.3%)
frame_002117,-1.0,10.5624,15.4784,0.1102,26.2266,743,10.47, -> prison (10.5%)
frame_002118,-1.0,10.1881,14.4629,0.1752,24.9108,743,10.92, -> prison (10.9%)
frame_002119,-1.0,10.9062,13.7939,0.1819,25.0018,743,11.96, -> prison (12.0%)
frame_002120,-1.0,10.3591,13.5821,0.1744,24.2335,743,12.4, -> prison (12.4%)
frame_002121,-1.0,10.3339,16.0141,0.1241,26.5545,743,6.88, -> prison (6.9%)
frame_002122,-1.0,10.3862,14.4017,0.1783,25.0835,743,9.02, -> prison (9.0%)
frame_002123,-1.0,10.5598,15.2363,0.115,25.9914,743,6.87, -> prison (6.9%)
frame_002124,-1.0,10.3451,14.754,0.1283,25.3054,799,7.35, -> sliding door (7.3%)
frame_002125,-1.0,10.642,18.6102,0.1516,29.5143,799,7.55, -> sliding door (7.6%)
frame_002126,-1.0,11.0472,14.346,0.1777,25.6896,743,14.01, -> prison (14.0%)
frame_002127,-1.0,10.6504,15.1534,0.1089,25.9931,799,7.83, -> sliding door (7.8%)
frame_002128,-1.0,10.2432,15.883,0.1317,26.3412,789,9.36, -> shoji (9.4%)
frame_002129,-1.0,10.5823,15.0024,0.1174,25.8183,789,7.12, -> shoji (7.1%)
frame_002130,-1.0,10.5632,15.0526,0.1653,25.8694,799,6.99, -> sliding door (7.0%)
frame_002131,-1.0,10.3768,18.6374,0.1523,29.2695,799,9.4, -> sliding door (9.4%)
frame_002132,-1.0,10.6961,15.5115,0.131,26.4326,799,8.61, -> sliding door (8.6%)
frame_002133,-1.0,10.5716,12.9806,0.1766,23.8494,789,6.91, -> shoji (6.9%)
frame_002134,-1.0,10.5052,20.4789,0.1866,31.3085,789,6.25, -> shoji (6.3%)
frame_002135,-1.0,11.6778,15.1567,0.1071,27.0136,799,5.53, -> sliding door (5.5%)
frame_002136,-1.0,10.5021,15.3895,0.1209,26.1018,789,7.79, -> shoji (7.8%)
frame_002137,-1.0,10.4513,18.5076,0.1512,29.213,743,11.67, -> prison (11.7%)
frame_002138,-1.0,13.4671,14.099,0.1737,27.8594,743,6.56, -> prison (6.6%)
frame_002139,-1.0,10.5525,15.7332,0.1282,26.5007,789,6.37, -> shoji (6.4%)
frame_002140,-1.0,10.4051,15.2407,0.1452,25.8851,789,5.98, -> shoji (6.0%)
frame_002141,-1.0,10.6534,15.4027,0.1204,26.2879,799,7.85, -> sliding door (7.9%)
frame_002142,-1.0,11.7012,19.3657,0.1667,31.3516,799,14.01, -> sliding door (14.0%)
frame_002143,-1.0,10.5273,19.1126,0.1536,29.9127,743,6.04, -> prison (6.0%)
frame_002144,-1.0,10.577,15.4928,0.1241,26.2834,799,8.18, -> sliding door (8.2%)
frame_002145,-1.0,10.4359,17.6041,0.1573,28.2971,799,6.75, -> sliding door (6.8%)
frame_002146,-1.0,10.2888,14.9007,0.1281,25.401,743,7.05, -> prison (7.0%)
frame_002147,-1.0,10.1976,17.5655,0.1652,28.0496,789,8.62, -> shoji (8.6%)
frame_002148,-1.0,11.6278,13.4664,0.1747,25.3872,799,7.49, -> sliding door (7.5%)
frame_002149,-1.0,10.6259,17.1492,0.1437,28.0166,743,9.03, -> prison (9.0%)
frame_002150,-1.0,13.218,21.1519,0.1723,34.6592,799,6.94, -> sliding door (6.9%)
frame_002151,-1.0,11.231,14.9478,0.1721,26.4313,799,6.84, -> sliding door (6.8%)
frame_002152,-1.0,10.4991,14.1457,0.175,24.9397,743,9.19, -> prison (9.2%)
frame_002153,-1.0,10.5713,17.4948,0.1481,28.3099,743,10.02, -> prison (10.0%)
frame_002154,-1.0,10.5971,13.9918,0.1761,24.8847,743,13.09, -> prison (13.1%)
frame_002155,-1.0,13.4358,14.4677,0.1752,28.1982,743,12.25, -> prison (12.2%)
frame_002156,-1.0,10.4426,17.8899,0.1187,28.5337,743,7.38, -> prison (7.4%)
frame_002157,-1.0,10.6549,15.2169,0.1126,26.0625,706,6.97, -> patio (7.0%)
frame_002158,-1.0,10.8155,12.9826,0.1774,24.1134,743,9.98, -> prison (10.0%)
frame_002159,-1.0,10.5839,13.8753,0.1759,24.7558,706,7.79, -> patio (7.8%)
frame_002160,-1.0,13.1049,13.2512,0.1748,26.6494,743,13.05, -> prison (13.0%)
frame_002161,-1.0,10.7529,14.3339,0.1985,25.4141,743,8.12, -> prison (8.1%)
frame_002162,-1.0,10.3791,15.2405,0.1137,25.8124,706,6.4, -> patio (6.4%)
frame_002163,-1.0,10.607,14.3968,0.1781,25.2989,881,6.42, -> upright (6.4%)
frame_002164,-1.0,10.4449,14.4643,0.1645,25.1599,579,7.08, -> grand piano (7.1%)
frame_002165,-1.0,11.0098,17.4633,0.1309,28.6923,579,15.13, -> grand piano (15.1%)
frame_002166,-1.0,10.5674,17.8036,0.1362,28.6007,579,8.23, -> grand piano (8.2%)
frame_002167,-1.0,10.425,15.0955,0.1137,25.7105,881,10.73, -> upright (10.7%)
frame_002168,-1.0,11.131,12.9027,0.1776,24.341,579,13.74, -> grand piano (13.7%)
frame_002169,-1.0,10.5761,13.8341,0.1933,24.7219,579,9.2, -> grand piano (9.2%)
frame_002170,-1.0,16.1464,13.6883,0.1771,30.1333,881,11.16, -> upright (11.2%)
frame_002171,-1.0,10.9472,16.8735,0.1212,28.0246,526,7.83, -> desk (7.8%)
frame_002172,-1.0,10.544,22.6399,0.2078,33.5322,881,8.56, -> upright (8.6%)
frame_002173,-1.0,10.7439,15.6777,0.1117,26.6132,881,17.19, -> upright (17.2%)
frame_002174,-1.0,10.3018,13.1141,0.1759,23.7216,881,14.28, -> upright (14.3%)
frame_002175,-1.0,10.4963,18.0004,0.1345,28.7302,526,15.7, -> desk (15.7%)
frame_002176,-1.0,11.2009,14.318,0.1779,25.8163,526,11.66, -> desk (11.7%)
frame_002177,-1.0,10.4089,17.5704,0.1305,28.1989,881,11.53, -> upright (11.5%)
frame_002178,-1.0,13.0657,15.0944,0.1201,28.3569,526,13.21, -> desk (13.2%)
frame_002179,-1.0,10.6443,13.6398,0.1764,24.5781,526,15.55, -> desk (15.6%)
frame_002180,-1.0,16.4707,13.7567,0.1754,30.5206,526,14.84, -> desk (14.8%)
frame_002181,-1.0,13.555,15.209,0.0918,28.9286,423,9.64, -> barber chair (9.6%)
frame_002182,-1.0,10.1418,18.5432,0.1526,28.9398,526,16.47, -> desk (16.5%)
frame_002183,-1.0,10.3274,16.0933,0.1241,26.6306,526,22.43, -> desk (22.4%)
frame_002184,-1.0,10.5401,16.3458,0.1218,27.0904,423,14.75, -> barber chair (14.8%)
frame_002185,-1.0,10.3367,18.9862,0.1527,29.5786,526,13.32, -> desk (13.3%)
frame_002186,-1.0,10.5424,13.8325,0.1756,24.6689,526,16.36, -> desk (16.4%)
frame_002187,-1.0,10.4725,16.4448,0.1216,27.1225,526,17.26, -> desk (17.3%)
frame_002188,-1.0,10.5215,15.1192,0.134,25.86,423,12.23, -> barber chair (12.2%)
frame_002189,-1.0,10.5919,16.03,0.1307,26.8364,526,16.12, -> desk (16.1%)
frame_002190,-1.0,13.9076,14.1727,0.1756,28.3763,526,16.25, -> desk (16.3%)
frame_002191,-1.0,12.8374,20.2032,0.1625,33.2997,881,16.15, -> upright (16.1%)
frame_002192,-1.0,10.5917,15.3042,0.1197,26.0974,526,8.56, -> desk (8.6%)
frame_002193,-1.0,13.0485,13.3085,0.1753,26.653,526,11.72, -> desk (11.7%)
frame_002194,-1.0,10.652,18.4602,0.1837,29.4155,526,10.08, -> desk (10.1%)
frame_002195,-1.0,12.609,13.6222,0.1761,26.5259,423,13.6, -> barber chair (13.6%)
frame_002196,-1.0,10.4031,15.3466,0.1428,25.9884,423,12.33, -> barber chair (12.3%)
frame_002197,-1.0,10.566,16.301,0.145,27.1095,526,12.06, -> desk (12.1%)
frame_002198,-1.0,12.4767,16.8701,0.2418,29.7827,526,22.88, -> desk (22.9%)
frame_002199,-1.0,10.5991,13.7683,0.1748,24.6601,526,13.87, -> desk (13.9%)
frame_002200,-1.0,10.527,14.0326,0.174,24.8714,526,14.45, -> desk (14.5%)
frame_002201,-1.0,10.5852,15.51,0.1381,26.3276,881,11.16, -> upright (11.2%)
frame_002202,-1.0,10.6188,14.6051,0.1496,25.4641,526,15.16, -> desk (15.2%)
frame_002203,-1.0,10.6445,13.6826,0.1744,24.6193,526,12.81, -> desk (12.8%)
frame_002204,-1.0,10.6644,18.1121,0.1485,29.0279,526,15.79, -> desk (15.8%)
frame_002205,-1.0,11.1246,14.6757,0.1268,26.0136,526,15.12, -> desk (15.1%)
frame_002206,-1.0,10.7461,18.4785,0.1529,29.4814,526,23.4, -> desk (23.4%)
frame_002207,-1.0,10.7702,18.7778,0.147,29.7985,526,17.08, -> desk (17.1%)
frame_002208,-1.0,10.5915,15.2448,0.167,26.0884,526,12.4, -> desk (12.4%)
frame_002209,-1.0,10.3164,13.4603,0.1755,24.0706,526,16.19, -> desk (16.2%)
frame_002210,-1.0,10.3001,17.7675,0.1432,28.3088,526,14.65, -> desk (14.7%)
frame_002211,-1.0,12.4113,14.811,0.1116,27.4115,526,14.7, -> desk (14.7%)
frame_002212,-1.0,10.1076,14.7094,0.1332,25.0395,526,9.07, -> desk (9.1%)
frame_002213,-1.0,15.5912,14.9016,0.0977,30.6645,884,3.81, -> vault (3.8%)
frame_002214,-1.0,11.122,13.4737,0.178,24.8912,884,4.46, -> vault (4.5%)
frame_002215,-1.0,10.5705,14.4008,0.1793,25.2692,827,5.21, -> stove (5.2%)
frame_002216,-1.0,10.4389,21.5081,0.1877,32.2627,526,5.03, -> desk (5.0%)
frame_002217,-1.0,10.9098,14.9589,0.1225,26.0766,827,5.81, -> stove (5.8%)
frame_002218,-1.0,10.2533,14.1616,0.1779,24.7125,827,13.1, -> stove (13.1%)
frame_002219,-1.0,10.4735,14.8206,0.1265,25.5025,827,19.23, -> stove (19.2%)
frame_002220,-1.0,13.7524,12.914,0.1751,26.9594,827,13.35, -> stove (13.3%)
frame_002221,-1.0,26.5116,16.3334,0.0991,43.0246,526,5.84, -> desk (5.8%)
frame_002222,-1.0,15.3999,17.1121,0.1024,32.6916,827,16.38, -> stove (16.4%)
frame_002223,-1.0,15.6277,16.6951,0.114,32.5152,745,7.45, -> projector (7.4%)
frame_002224,-1.0,15.2856,13.4121,0.1757,28.9903,827,5.74, -> stove (5.7%)
frame_002225,-1.0,14.9846,13.8803,0.0932,29.024,884,4.79, -> vault (4.8%)
frame_002226,-1.0,15.8961,20.6317,0.1507,36.7804,745,3.42, -> projector (3.4%)
frame_002227,-1.0,12.1882,13.6772,0.1819,26.1762,745,3.06, -> projector (3.1%)
frame_002228,-1.0,10.1497,13.0708,0.1748,23.5135,884,3.6, -> vault (3.6%)
frame_002229,-1.0,10.3396,16.4129,0.1117,26.9526,745,3.56, -> projector (3.6%)
frame_002230,-1.0,10.3759,14.8327,0.1029,25.3844,745,2.94, -> projector (2.9%)
frame_002231,-1.0,10.0687,14.057,0.1747,24.4222,743,2.71, -> prison (2.7%)
frame_002232,-1.0,10.3564,19.5887,0.1681,30.2307,745,2.79, -> projector (2.8%)
frame_002233,-1.0,13.2921,14.0598,0.1759,27.6463,897,5.33, -> washer (5.3%)
frame_002234,-1.0,10.6335,13.9684,0.1725,24.8931,897,6.16, -> washer (6.2%)
frame_002235,-1.0,10.438,18.956,0.1685,29.6636,897,6.19, -> washer (6.2%)
frame_002236,-1.0,10.36,14.9758,0.118,25.5494,884,3.1, -> vault (3.1%)
frame_002237,-1.0,10.8196,14.8236,0.113,25.8391,884,4.65, -> vault (4.6%)
frame_002238,-1.0,10.3976,12.8602,0.1767,23.5529,897,5.19, -> washer (5.2%)
frame_002239,-1.0,10.7613,13.3571,0.1749,24.4111,745,10.77, -> projector (10.8%)
frame_002240,-1.0,10.4366,12.9719,0.1916,23.7178,745,5.92, -> projector (5.9%)
frame_002241,-1.0,10.1515,13.8896,0.1767,24.3383,827,9.87, -> stove (9.9%)
frame_002242,-1.0,9.945,13.61,0.1727,23.8474,897,12.65, -> washer (12.6%)
frame_002243,-1.0,10.4549,13.3219,0.1753,24.072,526,9.77, -> desk (9.8%)
frame_002244,-1.0,13.2406,12.9049,0.176,26.4402,526,15.35, -> desk (15.3%)
frame_002245,-1.0,12.0164,16.641,0.135,28.8783,526,18.05, -> desk (18.1%)
frame_002246,-1.0,10.5368,16.1263,0.1122,26.8532,526,24.11, -> desk (24.1%)
frame_002247,-1.0,10.6091,15.5159,0.0928,26.2831,526,17.14, -> desk (17.1%)
frame_002248,-1.0,10.9571,14.8018,0.0864,25.9078,526,21.92, -> desk (21.9%)
frame_002249,-1.0,10.26,13.3093,0.2536,23.9506,526,29.09, -> desk (29.1%)
frame_002250,-1.0,10.4126,13.8874,0.1857,24.6054,526,29.55, -> desk (29.5%)
frame_002251,-1.0,10.697,20.5977,0.1461,31.5402,526,35.94, -> desk (35.9%)
frame_002252,-1.0,10.378,17.9547,0.1123,28.521,526,32.57, -> desk (32.6%)
frame_002253,-1.0,10.4095,13.8715,0.1797,24.5885,526,31.86, -> desk (31.9%)
frame_002254,-1.0,16.1357,14.2455,0.1805,30.6814,526,25.48, -> desk (25.5%)
frame_002255,-1.0,10.6254,13.8662,0.1769,24.7936,526,20.61, -> desk (20.6%)
frame_002256,-1.0,11.6243,14.2382,0.1751,26.1576,526,20.63, -> desk (20.6%)
frame_002257,-1.0,10.2539,16.1137,0.0994,26.5387,526,22.79, -> desk (22.8%)
frame_002258,-1.0,10.3525,13.5722,0.1767,24.2192,526,27.92, -> desk (27.9%)
frame_002259,-1.0,10.5191,15.0352,0.0943,25.7225,526,25.08, -> desk (25.1%)
frame_002260,-1.0,10.4606,14.0021,0.1745,24.7796,827,10.36, -> stove (10.4%)
frame_002261,-1.0,13.5476,15.9014,0.1114,29.6454,526,13.4, -> desk (13.4%)
frame_002262,-1.0,15.3899,14.5729,0.0903,30.1249,526,14.32, -> desk (14.3%)
frame_002263,-1.0,15.3527,13.5383,0.1637,29.1763,897,5.34, -> washer (5.3%)
frame_002264,-1.0,15.1124,16.6562,0.1254,31.9797,526,6.55, -> desk (6.6%)
frame_002265,-1.0,15.0372,15.371,0.0964,30.5763,526,10.06, -> desk (10.1%)
frame_002266,-1.0,15.2708,17.0071,0.1153,32.4732,897,4.74, -> washer (4.7%)
frame_002267,-1.0,15.2701,21.0864,0.163,36.6337,526,19.52, -> desk (19.5%)
frame_002268,-1.0,15.1609,13.6509,0.1773,29.1069,526,15.28, -> desk (15.3%)
frame_002269,-1.0,12.0914,13.5153,0.1752,25.9007,526,7.41, -> desk (7.4%)
frame_002270,-1.0,13.9855,15.7984,0.1092,29.9736,526,12.69, -> desk (12.7%)
frame_002271,-1.0,13.954,15.2102,0.1132,29.3556,526,16.38, -> desk (16.4%)
frame_002272,-1.0,10.2439,15.0735,0.1033,25.4959,526,7.84, -> desk (7.8%)
frame_002273,-1.0,10.2189,17.2305,0.1259,27.6624,526,8.62, -> desk (8.6%)
frame_002274,-1.0,10.5052,12.9776,0.1778,23.779,526,7.93, -> desk (7.9%)
frame_002275,-1.0,10.5403,13.9889,0.1768,24.8253,526,9.01, -> desk (9.0%)
frame_002276,-1.0,11.0898,16.5932,0.1159,27.8794,526,10.06, -> desk (10.1%)
frame_002277,-1.0,10.2127,14.4532,0.1764,24.9169,526,14.4, -> desk (14.4%)
frame_002278,-1.0,10.2338,13.1801,0.1842,23.7151,526,15.97, -> desk (16.0%)
frame_002279,-1.0,10.3721,16.1701,0.1321,26.7573,526,15.97, -> desk (16.0%)
frame_002280,-1.0,10.8417,12.7199,0.1988,23.8782,526,21.24, -> desk (21.2%)
frame_002281,-1.0,10.3927,14.9605,0.1288,25.5678,526,33.42, -> desk (33.4%)
frame_002282,-1.0,10.1101,16.3612,0.1228,26.6839,526,39.33, -> desk (39.3%)
frame_002283,-1.0,10.802,14.8958,0.1752,25.9928,526,33.42, -> desk (33.4%)
frame_002284,-1.0,10.5021,13.7082,0.1861,24.5129,526,39.37, -> desk (39.4%)
frame_002285,-1.0,10.4412,14.4718,0.1764,25.2087,526,48.34, -> desk (48.3%)
frame_002286,-1.0,10.3428,16.5398,0.1141,27.0772,526,35.21, -> desk (35.2%)
frame_002287,-1.0,10.5809,15.5369,0.1122,26.3154,526,36.45, -> desk (36.4%)
frame_002288,-1.0,10.3306,13.9478,0.209,24.6047,526,29.95, -> desk (30.0%)
frame_002289,-1.0,13.9672,18.231,0.1368,32.4283,526,44.54, -> desk (44.5%)
frame_002290,-1.0,16.8624,13.4403,0.1779,30.6337,526,42.44, -> desk (42.4%)
frame_002291,-1.0,10.5375,14.5596,0.1601,25.3357,526,29.13, -> desk (29.1%)
frame_002292,-1.0,10.5136,18.3192,0.1472,29.0813,526,31.79, -> desk (31.8%)
frame_002293,-1.0,10.0239,12.6877,0.1742,23.0023,526,23.72, -> desk (23.7%)
frame_002294,-1.0,10.1295,13.5822,0.1743,24.0073,526,33.55, -> desk (33.6%)
frame_002295,-1.0,10.4848,13.6811,0.1776,24.4626,526,33.81, -> desk (33.8%)
frame_002296,-1.0,10.6739,14.0134,0.176,24.982,526,39.08, -> desk (39.1%)
frame_002297,-1.0,10.2249,13.7699,0.177,24.3044,526,28.37, -> desk (28.4%)
frame_002298,-1.0,10.4725,16.2314,0.1213,26.9072,526,31.54, -> desk (31.5%)
frame_002299,-1.0,13.2473,12.7769,0.1748,26.3179,526,29.9, -> desk (29.9%)
frame_002300,-1.0,14.132,14.4211,0.1162,28.7443,526,32.2, -> desk (32.2%)
frame_002301,-1.0,12.0497,13.2223,0.1748,25.5814,526,41.05, -> desk (41.0%)
frame_002302,-1.0,10.3669,13.732,0.1768,24.3944,526,30.57, -> desk (30.6%)
frame_002303,-1.0,18.8907,19.8239,0.1105,38.9,526,48.17, -> desk (48.2%)
frame_002304,-1.0,13.9291,14.6894,0.0882,28.7715,526,31.5, -> desk (31.5%)
frame_002305,-1.0,15.7517,12.8681,0.1879,28.9265,526,22.09, -> desk (22.1%)
frame_002306,-1.0,12.1524,16.6687,0.1087,29.0164,526,23.67, -> desk (23.7%)
frame_002307,-1.0,10.2449,15.2381,0.0939,25.6455,526,23.54, -> desk (23.5%)
frame_002308,-1.0,10.565,18.8178,0.1313,29.6034,526,24.81, -> desk (24.8%)
frame_002309,-1.0,17.5035,13.054,0.1763,30.8524,526,18.85, -> desk (18.9%)
frame_002310,-1.0,11.6803,14.2113,0.1764,26.1899,526,35.86, -> desk (35.9%)
frame_002311,-1.0,10.6506,19.4859,0.1625,30.4111,526,31.09, -> desk (31.1%)
frame_002312,-1.0,10.6262,14.6914,0.1042,25.5099,526,36.07, -> desk (36.1%)
frame_002313,-1.0,14.989,14.9242,0.098,30.0815,526,31.06, -> desk (31.1%)
frame_002314,-1.0,10.5719,16.9897,0.1329,27.7857,526,45.06, -> desk (45.1%)
frame_002315,-1.0,13.6101,14.1858,0.1767,28.0804,526,41.51, -> desk (41.5%)
frame_002316,-1.0,10.4882,15.3904,0.104,26.0615,526,30.95, -> desk (30.9%)
frame_002317,-1.0,10.3118,14.9744,0.1225,25.4901,526,56.99, -> desk (57.0%)
frame_002318,-1.0,10.7288,15.4198,0.1097,26.3341,526,40.09, -> desk (40.1%)
frame_002319,-1.0,10.5492,13.4649,0.1742,24.3058,526,36.89, -> desk (36.9%)
frame_002320,-1.0,10.5628,12.7718,0.1765,23.6326,526,56.1, -> desk (56.1%)
frame_002321,-1.0,10.3659,17.4901,0.1356,28.0847,526,43.32, -> desk (43.3%)
frame_002322,-1.0,11.6403,15.916,0.1104,27.7448,526,43.04, -> desk (43.0%)
frame_002323,-1.0,10.7553,13.3249,0.187,24.3863,526,46.49, -> desk (46.5%)
frame_002324,-1.0,10.3539,18.5761,0.1529,29.1856,526,41.19, -> desk (41.2%)
frame_002325,-1.0,10.341,14.2648,0.1806,24.9069,526,46.13, -> desk (46.1%)
frame_002326,-1.0,12.3382,14.8622,0.106,27.3851,526,45.93, -> desk (45.9%)
frame_002327,-1.0,11.0435,18.4672,0.1742,29.7914,526,42.58, -> desk (42.6%)
frame_002328,-1.0,10.5234,18.174,0.1444,28.9397,526,46.1, -> desk (46.1%)
frame_002329,-1.0,10.5431,14.3943,0.1748,25.2308,526,49.88, -> desk (49.9%)
frame_002330,-1.0,10.7501,15.8938,0.1089,26.8313,526,44.86, -> desk (44.9%)
frame_002331,-1.0,10.2132,17.157,0.1395,27.6032,526,44.67, -> desk (44.7%)
frame_002332,-1.0,10.7281,14.8494,0.1416,25.8033,526,45.39, -> desk (45.4%)
frame_002333,-1.0,11.1023,14.4663,0.1758,25.8505,526,39.72, -> desk (39.7%)
frame_002334,-1.0,10.5049,15.6238,0.1103,26.3267,526,41.09, -> desk (41.1%)
frame_002335,-1.0,10.1358,14.6168,0.1195,24.9549,526,43.31, -> desk (43.3%)
frame_002336,-1.0,11.4515,14.6984,0.1216,26.3784,526,35.85, -> desk (35.8%)
frame_002337,-1.0,11.9867,18.4791,0.1639,30.7274,526,38.07, -> desk (38.1%)
frame_002338,-1.0,10.4941,12.993,0.1725,23.7765,526,47.0, -> desk (47.0%)
frame_002339,-1.0,22.2993,14.8584,0.0948,37.3311,532,20.67, -> dining table (20.7%)
frame_002340,-1.0,11.1445,18.5534,0.1348,29.9263,532,17.63, -> dining table (17.6%)
frame_002341,-1.0,13.4726,16.7385,0.1218,30.4165,532,13.46, -> dining table (13.5%)
frame_002342,-1.0,10.4324,14.0329,0.1755,24.7611,526,16.34, -> desk (16.3%)
frame_002343,-1.0,11.2981,15.9907,0.1191,27.4894,526,10.1, -> desk (10.1%)
frame_002344,-1.0,10.5955,14.0435,0.1755,24.9323,526,12.22, -> desk (12.2%)
frame_002345,-1.0,12.7685,14.9445,0.1156,27.9187,526,12.3, -> desk (12.3%)
frame_002346,-1.0,10.7317,15.8523,0.119,26.7858,526,13.71, -> desk (13.7%)
frame_002347,-1.0,11.151,16.174,0.1171,27.5235,526,12.32, -> desk (12.3%)
frame_002348,-1.0,10.5897,14.2491,0.1766,25.133,526,12.89, -> desk (12.9%)
frame_002349,-1.0,10.6773,17.9849,0.143,28.9039,526,14.53, -> desk (14.5%)
frame_002350,-1.0,10.6978,13.1928,0.1883,24.1971,526,13.9, -> desk (13.9%)
frame_002351,-1.0,10.4872,16.4272,0.1246,27.1251,526,13.23, -> desk (13.2%)
frame_002352,-1.0,10.6287,14.7471,0.1206,25.5798,526,12.2, -> desk (12.2%)
frame_002353,-1.0,10.6004,16.9411,0.1244,27.7509,532,22.01, -> dining table (22.0%)
frame_002354,-1.0,10.3585,16.3224,0.1243,26.891,532,49.02, -> dining table (49.0%)
frame_002355,-1.0,13.4746,12.9546,0.1754,26.7234,532,49.42, -> dining table (49.4%)
frame_002356,-1.0,10.6515,17.4901,0.1358,28.364,532,22.17, -> dining table (22.2%)
frame_002357,-1.0,13.1909,16.8722,0.1429,30.3104,526,22.5, -> desk (22.5%)
frame_002358,-1.0,10.6091,14.309,0.1802,25.2152,526,20.88, -> desk (20.9%)
frame_002359,-1.0,13.2447,19.0497,0.1429,32.5416,526,20.23, -> desk (20.2%)
frame_002360,-1.0,10.8453,13.6376,0.1758,24.7768,526,17.82, -> desk (17.8%)
frame_002361,-1.0,10.5298,14.723,0.1584,25.5063,526,16.59, -> desk (16.6%)
frame_002362,-1.0,10.6617,28.4944,0.5577,40.0417,526,17.91, -> desk (17.9%)
frame_002363,-1.0,17.8993,14.3721,0.1768,32.5667,526,17.34, -> desk (17.3%)
frame_002364,-1.0,13.9282,14.5488,0.1638,28.7216,526,16.1, -> desk (16.1%)
frame_002365,-1.0,13.8236,12.68,0.1737,26.796,526,18.45, -> desk (18.5%)
frame_002366,-1.0,15.2008,18.9871,0.1346,34.417,526,16.28, -> desk (16.3%)
frame_002367,-1.0,15.6709,14.3526,0.1221,30.2178,526,16.44, -> desk (16.4%)
frame_002368,-1.0,15.2684,13.9931,0.1068,29.4484,526,14.66, -> desk (14.7%)
frame_002369,-1.0,15.1135,23.8198,0.2169,39.2902,526,13.7, -> desk (13.7%)
frame_002370,-1.0,18.9873,14.7764,0.1282,33.9604,526,15.18, -> desk (15.2%)
frame_002371,-1.0,10.4977,19.9562,0.1534,30.7098,526,14.01, -> desk (14.0%)
frame_002372,-1.0,10.7075,17.5956,0.1367,28.5326,526,16.81, -> desk (16.8%)
frame_002373,-1.0,11.06,15.6057,0.1232,26.8721,526,15.63, -> desk (15.6%)
frame_002374,-1.0,13.4012,13.41,0.1753,27.1161,526,16.25, -> desk (16.2%)
frame_002375,-1.0,16.3949,17.5347,0.1222,34.1345,526,17.47, -> desk (17.5%)
frame_002376,-1.0,10.7728,16.0742,0.1077,27.0299,526,17.89, -> desk (17.9%)
frame_002377,-1.0,10.7858,14.9918,0.1113,25.9673,532,46.8, -> dining table (46.8%)
frame_002378,-1.0,11.1715,15.5466,0.1119,26.9219,532,9.1, -> dining table (9.1%)
frame_002379,-1.0,10.9769,13.9444,0.1758,25.2168,532,7.94, -> dining table (7.9%)
frame_002380,-1.0,10.9955,13.3549,0.1762,24.6454,532,15.86, -> dining table (15.9%)
frame_002381,-1.0,10.4578,17.1379,0.1229,27.8274,526,24.54, -> desk (24.5%)
frame_002382,-1.0,10.3235,13.8493,0.1758,24.4635,526,24.96, -> desk (25.0%)
frame_002383,-1.0,11.0373,12.9105,0.1728,24.2382,526,24.54, -> desk (24.5%)
frame_002384,-1.0,10.3241,15.1533,0.1233,25.6832,526,30.09, -> desk (30.1%)
frame_002385,-1.0,10.4324,13.9904,0.1765,24.7165,526,24.46, -> desk (24.5%)
frame_002386,-1.0,10.2105,13.6526,0.1772,24.1576,526,25.83, -> desk (25.8%)
frame_002387,-1.0,10.6398,15.0671,0.1233,25.9185,526,26.15, -> desk (26.2%)
frame_002388,-1.0,10.1376,18.1371,0.1433,28.5149,526,25.4, -> desk (25.4%)
frame_002389,-1.0,10.4214,14.6601,0.1485,25.3098,526,26.8, -> desk (26.8%)
frame_002390,-1.0,10.6072,18.7162,0.1546,29.5809,526,25.41, -> desk (25.4%)
frame_002391,-1.0,10.6019,15.1594,0.1266,25.9687,526,25.88, -> desk (25.9%)
frame_002392,-1.0,10.6373,19.8604,0.1635,30.7706,526,24.97, -> desk (25.0%)
frame_002393,-1.0,10.5855,14.3913,0.1761,25.2728,526,25.81, -> desk (25.8%)
frame_002394,-1.0,10.4743,13.7733,0.1771,24.5489,526,23.18, -> desk (23.2%)
frame_002395,-1.0,16.7642,15.3296,0.1117,32.2824,526,32.73, -> desk (32.7%)
frame_002396,-1.0,17.8164,13.7763,0.1744,31.8843,526,32.13, -> desk (32.1%)
frame_002397,-1.0,17.2645,17.8578,0.1142,35.324,526,29.2, -> desk (29.2%)
frame_002398,-1.0,15.6226,13.2086,0.1885,29.1471,532,32.17, -> dining table (32.2%)
frame_002399,-1.0,14.9003,13.5812,0.1911,28.7914,598,7.39, -> home theater (7.4%)
frame_002400,-1.0,16.1336,13.2274,0.1743,29.6531,526,28.15, -> desk (28.2%)
frame_002401,-1.0,10.2257,14.6805,0.1502,25.1332,526,36.66, -> desk (36.7%)
frame_002402,-1.0,10.4327,13.653,0.176,24.3815,526,42.25, -> desk (42.2%)
frame_002403,-1.0,10.8156,13.7807,0.1786,24.8964,526,23.67, -> desk (23.7%)
frame_002404,-1.0,10.5103,14.9687,0.1185,25.6921,423,11.95, -> barber chair (11.9%)
frame_002405,-1.0,10.4891,13.1827,0.1759,23.9823,526,9.83, -> desk (9.8%)
frame_002406,-1.0,10.7943,14.3491,0.177,25.4399,670,5.38, -> motor scooter (5.4%)
frame_002407,-1.0,11.0733,16.6515,0.1249,27.9368,665,9.34, -> moped (9.3%)
frame_002408,-1.0,10.6985,16.123,0.1185,27.0208,670,7.48, -> motor scooter (7.5%)
frame_002409,-1.0,10.4941,16.4437,0.1209,27.1456,665,11.71, -> moped (11.7%)
frame_002410,-1.0,10.618,19.3673,0.1652,30.2671,665,8.98, -> moped (9.0%)
frame_002411,-1.0,10.4624,16.6224,0.1247,27.2934,665,3.76, -> moped (3.8%)
frame_002412,-1.0,12.6317,16.9506,0.1291,29.8001,829,1.97, -> streetcar (2.0%)
frame_002413,-1.0,10.7143,22.7944,0.2024,33.8532,526,15.54, -> desk (15.5%)
frame_002414,-1.0,10.5914,13.1909,0.1766,24.0765,526,20.78, -> desk (20.8%)
frame_002415,-1.0,11.4556,14.0152,0.1767,25.7669,526,11.75, -> desk (11.8%)
frame_002416,-1.0,10.2418,16.5409,0.124,26.9928,526,8.63, -> desk (8.6%)
frame_002417,-1.0,10.4753,13.6033,0.1753,24.3731,651,4.05, -> microwave (4.1%)
frame_002418,-1.0,10.1074,13.1932,0.1751,23.5924,526,5.01, -> desk (5.0%)
frame_002419,-1.0,11.3184,20.4724,0.2015,32.1088,598,4.86, -> home theater (4.9%)
frame_002420,-1.0,10.4489,14.4541,0.1808,25.1869,526,4.41, -> desk (4.4%)
frame_002421,-1.0,10.7046,14.2737,0.1758,25.2731,526,3.09, -> desk (3.1%)
frame_002422,-1.0,10.3923,16.64,0.1171,27.2354,526,3.91, -> desk (3.9%)
frame_002423,-1.0,11.0428,16.8766,0.1273,28.1311,526,3.56, -> desk (3.6%)
frame_002424,-1.0,10.8533,15.0454,0.1485,26.1638,876,5.63, -> tub (5.6%)
frame_002425,-1.0,10.2136,14.8662,0.1319,25.2978,884,4.12, -> vault (4.1%)
frame_002426,-1.0,10.5479,19.3194,0.1611,30.1402,799,3.05, -> sliding door (3.0%)
frame_002427,-1.0,19.1088,14.1055,0.1779,33.5119,799,3.26, -> sliding door (3.3%)
frame_002428,-1.0,10.8794,14.0176,0.1758,25.1917,884,3.84, -> vault (3.8%)
frame_002429,-1.0,10.6499,18.3224,0.1458,29.2175,884,5.66, -> vault (5.7%)
frame_002430,-1.0,14.1612,13.0442,0.177,27.5028,799,3.98, -> sliding door (4.0%)
frame_002431,-1.0,12.0275,13.6567,0.1639,25.9641,884,6.17, -> vault (6.2%)
frame_002432,-1.0,10.5371,22.4799,0.1882,33.333,884,7.53, -> vault (7.5%)
frame_002433,-1.0,10.9516,13.5822,0.1784,24.8304,799,4.55, -> sliding door (4.5%)
frame_002434,-1.0,10.3754,13.7191,0.1762,24.3906,799,4.58, -> sliding door (4.6%)
frame_002435,-1.0,10.315,19.4771,0.1307,30.0116,706,6.01, -> patio (6.0%)
frame_002436,-1.0,10.6622,13.7768,0.1792,24.7375,876,7.72, -> tub (7.7%)
frame_002437,-1.0,10.3391,14.6198,0.088,25.1141,799,6.32, -> sliding door (6.3%)
frame_002438,-1.0,10.3971,14.4212,0.1668,25.0474,706,6.72, -> patio (6.7%)
frame_002439,-1.0,10.4399,13.9639,0.1753,24.6982,884,7.61, -> vault (7.6%)
frame_002440,-1.0,10.462,13.1352,0.1783,23.8948,884,5.2, -> vault (5.2%)
frame_002441,-1.0,16.6598,14.4688,0.168,31.3791,876,5.84, -> tub (5.8%)
frame_002442,-1.0,12.1342,16.3152,0.0945,28.6138,876,7.57, -> tub (7.6%)
frame_002443,-1.0,10.2987,13.7667,0.1782,24.3624,876,4.93, -> tub (4.9%)
frame_002444,-1.0,10.6043,14.2113,0.1751,25.1334,876,5.92, -> tub (5.9%)
frame_002445,-1.0,11.1543,21.6627,0.1638,33.0915,884,4.02, -> vault (4.0%)
frame_002446,-1.0,10.9063,13.6933,0.1732,24.8984,876,4.99, -> tub (5.0%)
frame_002447,-1.0,10.4602,14.8138,0.087,25.4242,884,5.38, -> vault (5.4%)
frame_002448,-1.0,10.6953,14.8501,0.0855,25.6924,799,5.18, -> sliding door (5.2%)
frame_002449,-1.0,10.2667,15.4945,0.0995,25.9294,884,15.9, -> vault (15.9%)
frame_002450,-1.0,10.5147,14.5547,0.1292,25.2635,884,9.28, -> vault (9.3%)
frame_002451,-1.0,10.3617,23.0312,0.219,33.7571,884,8.42, -> vault (8.4%)
frame_002452,-1.0,10.5741,16.8689,0.0964,27.6075,884,7.47, -> vault (7.5%)
frame_002453,-1.0,10.534,14.1271,0.1773,24.9669,884,5.94, -> vault (5.9%)
frame_002454,-1.0,11.3,15.3545,0.0852,26.8106,884,5.99, -> vault (6.0%)
frame_002455,-1.0,10.4516,17.1993,0.1134,27.8403,884,11.6, -> vault (11.6%)
frame_002456,-1.0,10.5869,13.882,0.1759,24.7632,884,11.0, -> vault (11.0%)
frame_002457,-1.0,10.2172,15.7217,0.0957,26.1009,884,5.04, -> vault (5.0%)
frame_002458,-1.0,10.5342,13.5819,0.1719,24.4166,884,8.49, -> vault (8.5%)
frame_002459,-1.0,10.3818,12.8445,0.1756,23.5195,884,11.07, -> vault (11.1%)
frame_002460,-1.0,10.6727,12.9504,0.1764,23.918,884,9.71, -> vault (9.7%)
frame_002461,-1.0,10.458,16.0413,0.0899,26.6535,884,5.05, -> vault (5.0%)
frame_002462,-1.0,10.3456,14.453,0.1775,25.0699,884,6.76, -> vault (6.8%)
frame_002463,-1.0,10.5943,18.8753,0.1383,29.6984,884,5.79, -> vault (5.8%)
frame_002464,-1.0,15.5919,13.0954,0.1793,28.9919,884,10.25, -> vault (10.2%)
frame_002465,-1.0,11.1627,18.6723,0.0984,30.0047,884,10.27, -> vault (10.3%)
frame_002466,-1.0,10.8493,16.4241,0.1019,27.4451,884,17.38, -> vault (17.4%)
frame_002467,-1.0,10.4196,28.2146,0.2907,39.1808,884,10.35, -> vault (10.4%)
frame_002468,-1.0,10.6198,14.9247,0.0823,25.6885,884,16.65, -> vault (16.6%)
frame_002469,-1.0,10.4285,18.2391,0.1173,28.8667,884,14.11, -> vault (14.1%)
frame_002470,-1.0,10.678,17.5893,0.1248,28.4717,884,25.17, -> vault (25.2%)
frame_002471,-1.0,10.3997,14.1292,0.1743,24.8256,884,22.9, -> vault (22.9%)
frame_002472,-1.0,10.5625,15.4966,0.0875,26.2109,884,11.08, -> vault (11.1%)
frame_002473,-1.0,13.7082,18.3988,0.1601,32.3606,884,19.5, -> vault (19.5%)
frame_002474,-1.0,10.6664,13.5565,0.1878,24.528,884,10.32, -> vault (10.3%)
frame_002475,-1.0,10.1749,16.4203,0.1008,26.7672,884,5.85, -> vault (5.8%)
frame_002476,-1.0,15.7328,15.257,0.1121,31.1753,884,9.6, -> vault (9.6%)
frame_002477,-1.0,10.819,13.8002,0.1757,24.9109,884,9.02, -> vault (9.0%)
frame_002478,-1.0,10.6306,15.6381,0.1112,26.4562,884,13.97, -> vault (14.0%)
frame_002479,-1.0,10.7055,13.1407,0.1785,24.1701,884,10.97, -> vault (11.0%)
frame_002480,-1.0,10.579,13.995,0.175,24.8686,884,11.0, -> vault (11.0%)
frame_002481,-1.0,10.4047,16.436,0.1383,27.0739,884,9.79, -> vault (9.8%)
frame_002482,-1.0,10.5063,14.5257,0.1667,25.2794,884,9.78, -> vault (9.8%)
frame_002483,-1.0,10.0832,15.0887,0.1209,25.3779,884,9.03, -> vault (9.0%)
frame_002484,-1.0,16.0801,14.544,0.159,30.855,884,18.98, -> vault (19.0%)
frame_002485,-1.0,10.4911,16.5238,0.1496,27.2668,884,14.88, -> vault (14.9%)
frame_002486,-1.0,10.4745,14.6647,0.1187,25.3314,884,5.37, -> vault (5.4%)
frame_002487,-1.0,10.0068,15.7931,0.1277,26.0102,884,18.03, -> vault (18.0%)
frame_002488,-1.0,10.1478,17.217,0.1443,27.6071,884,10.09, -> vault (10.1%)
frame_002489,-1.0,10.4868,13.8512,0.1745,24.6314,884,12.93, -> vault (12.9%)
frame_002490,-1.0,10.4589,13.3896,0.1747,24.1426,884,17.55, -> vault (17.6%)
frame_002491,-1.0,10.3963,15.9864,0.1172,26.5798,884,10.86, -> vault (10.9%)
frame_002492,-1.0,10.4177,17.7821,0.1556,28.4521,884,9.97, -> vault (10.0%)
frame_002493,-1.0,24.675,15.5978,0.0922,40.4296,884,12.34, -> vault (12.3%)
frame_002494,-1.0,10.7093,13.2003,0.1749,24.2014,884,12.22, -> vault (12.2%)
frame_002495,-1.0,10.6536,18.4265,0.1714,29.3677,884,14.63, -> vault (14.6%)
frame_002496,-1.0,10.6007,14.7204,0.1263,25.531,884,12.87, -> vault (12.9%)
frame_002497,-1.0,10.7269,13.5452,0.1773,24.5684,884,18.42, -> vault (18.4%)
frame_002498,-1.0,10.5854,15.0482,0.1914,25.9498,884,9.68, -> vault (9.7%)
frame_002499,-1.0,10.4482,13.1362,0.1762,23.8782,884,4.8, -> vault (4.8%)
frame_002500,-1.0,10.4506,13.5718,0.1766,24.3316,884,3.0, -> vault (3.0%)
frame_002501,-1.0,10.298,13.8427,0.1763,24.4499,884,4.46, -> vault (4.5%)
frame_002502,-1.0,10.5053,15.9737,0.1116,26.6737,884,6.12, -> vault (6.1%)
frame_002503,-1.0,10.4922,17.3166,0.1383,28.0393,884,5.81, -> vault (5.8%)
frame_002504,-1.0,11.3204,12.9136,0.1751,24.5422,884,18.1, -> vault (18.1%)
frame_002505,-1.0,12.1512,16.5838,0.123,28.9548,884,3.91, -> vault (3.9%)
frame_002506,-1.0,10.569,16.1909,0.1205,26.9618,884,6.36, -> vault (6.4%)
frame_002507,-1.0,10.4844,43.2204,0.281,54.1817,884,10.17, -> vault (10.2%)
frame_002508,-1.0,10.7523,17.9489,0.1349,28.9301,884,17.61, -> vault (17.6%)
frame_002509,-1.0,10.572,18.008,0.1458,28.8237,884,12.9, -> vault (12.9%)
frame_002510,-1.0,10.4445,13.7403,0.2044,24.5079,884,30.78, -> vault (30.8%)
frame_002511,-1.0,10.7869,19.7665,0.1608,30.824,884,9.07, -> vault (9.1%)
frame_002512,-1.0,10.3357,13.9767,0.1754,24.613,884,25.86, -> vault (25.9%)
frame_002513,-1.0,10.1474,19.5722,0.17,29.9927,884,23.54, -> vault (23.5%)
frame_002514,-1.0,10.4605,15.0163,0.1199,25.6806,884,24.51, -> vault (24.5%)
frame_002515,-1.0,14.2599,13.1718,0.1747,27.724,884,26.11, -> vault (26.1%)
frame_002516,-1.0,10.8785,14.4466,0.2011,25.6456,884,15.51, -> vault (15.5%)
frame_002517,-1.0,10.5577,15.8479,0.1182,26.6074,884,10.23, -> vault (10.2%)
frame_002518,-1.0,10.559,14.4443,0.1776,25.2806,706,6.17, -> patio (6.2%)
frame_002519,-1.0,10.1085,16.1578,0.1278,26.48,897,6.56, -> washer (6.6%)
frame_002520,-1.0,10.5432,13.2485,0.1757,24.0872,897,13.15, -> washer (13.1%)
frame_002521,-1.0,10.0783,15.2512,0.1315,25.5456,897,8.72, -> washer (8.7%)
frame_002522,-1.0,13.5188,17.3902,0.1417,31.141,897,16.11, -> washer (16.1%)
frame_002523,-1.0,13.1784,16.2262,0.1134,29.5954,897,13.3, -> washer (13.3%)
frame_002524,-1.0,10.6909,17.3712,0.1242,28.2721,897,9.21, -> washer (9.2%)
frame_002525,-1.0,11.188,19.7701,0.1634,31.2352,897,11.65, -> washer (11.6%)
frame_002526,-1.0,16.411,14.4241,0.2113,31.1715,897,12.23, -> washer (12.2%)
frame_002527,-1.0,10.3024,18.4893,0.1307,29.0119,897,10.01, -> washer (10.0%)
frame_002528,-1.0,11.1573,13.0271,0.1758,24.4788,897,14.55, -> washer (14.5%)
frame_002529,-1.0,12.4523,18.2102,0.1637,30.9468,897,19.72, -> washer (19.7%)
frame_002530,-1.0,11.431,18.2885,0.1278,29.9345,897,16.22, -> washer (16.2%)
frame_002531,-1.0,9.9724,18.5883,0.1207,28.7613,897,8.4, -> washer (8.4%)
frame_002532,-1.0,10.5213,14.7328,0.0845,25.401,897,12.6, -> washer (12.6%)
frame_002533,-1.0,10.0911,14.2792,0.1784,24.6676,534,17.75, -> dishwasher (17.7%)
frame_002534,-1.0,20.7927,18.7062,0.1165,39.6907,534,23.76, -> dishwasher (23.8%)
frame_002535,-1.0,10.7814,13.4068,0.1873,24.4952,534,23.2, -> dishwasher (23.2%)
frame_002536,-1.0,10.31,14.9704,0.1085,25.4739,534,19.16, -> dishwasher (19.2%)
frame_002537,-1.0,10.981,16.6089,0.1034,27.7664,534,38.78, -> dishwasher (38.8%)
frame_002538,-1.0,10.5241,14.1322,0.2071,24.9822,534,20.46, -> dishwasher (20.5%)
frame_002539,-1.0,11.3704,17.0722,0.1096,28.6288,534,26.25, -> dishwasher (26.3%)
frame_002540,-1.0,10.516,21.2359,0.1623,32.0244,534,27.87, -> dishwasher (27.9%)
frame_002541,-1.0,11.325,15.075,0.092,26.5573,534,21.9, -> dishwasher (21.9%)
frame_002542,-1.0,10.7083,14.2029,0.1782,25.2086,534,22.25, -> dishwasher (22.2%)
frame_002543,-1.0,12.1023,21.2916,0.1507,33.6476,534,15.31, -> dishwasher (15.3%)
frame_002544,-1.0,11.2451,13.0383,0.1759,24.5784,534,15.45, -> dishwasher (15.5%)
frame_002545,-1.0,19.4247,14.254,0.189,33.9883,534,20.97, -> dishwasher (21.0%)
frame_002546,-1.0,11.0544,19.4473,0.1276,30.7183,534,13.81, -> dishwasher (13.8%)
frame_002547,-1.0,10.6275,14.9778,0.0862,25.7611,534,12.55, -> dishwasher (12.5%)
frame_002548,-1.0,11.3422,13.2537,0.1753,24.9026,651,11.17, -> microwave (11.2%)
frame_002549,-1.0,13.1395,20.2316,0.1524,33.6322,651,12.52, -> microwave (12.5%)
frame_002550,-1.0,11.2663,13.2349,0.1742,24.7934,651,25.8, -> microwave (25.8%)
frame_002551,-1.0,10.5181,13.1499,0.1751,23.9608,651,16.38, -> microwave (16.4%)
frame_002552,-1.0,10.0958,16.3779,0.1054,26.6514,662,5.35, -> modem (5.4%)
frame_002553,-1.0,13.2185,14.1473,0.1748,27.6648,651,9.24, -> microwave (9.2%)
frame_002554,-1.0,11.0375,13.862,0.1763,25.1997,651,11.44, -> microwave (11.4%)
frame_002555,-1.0,13.0972,15.3985,0.0873,28.65,782,4.24, -> screen (4.2%)
frame_002556,-1.0,10.2715,17.1269,0.0952,27.5608,651,4.64, -> microwave (4.6%)
frame_002557,-1.0,10.545,17.6453,0.0996,28.3638,651,4.3, -> microwave (4.3%)
