filename,ros_data_age_ms,preprocessing_ms,inference_ms,postprocessing_ms,e2e_ms,class_id,confidence,info
frame_000000,-1.0,1.5336,67.5502,4.338,73.4228,-1,0.0, -> [chair (Right): 28%]
frame_000001,-1.0,1.0178,56.7517,4.1566,61.9265,-1,0.0, -> [chair (Right): 23%]
frame_000002,-1.0,1.288,55.9525,4.1764,61.418,-1,0.0, -> [chair (Right): 18%]
frame_000003,-1.0,1.2642,56.3117,4.1409,61.7175,-1,0.0, -> [chair (Right): 23%]
frame_000004,-1.0,1.2915,56.4545,4.1133,61.8603,-1,0.0, -> [chair (Center): 19%]
frame_000005,-1.0,1.2949,55.5571,4.1812,61.034,-1,0.0, -> [chair (Right): 19%]
frame_000006,-1.0,1.2931,56.4052,4.1762,61.8756,-1,0.0, -> [chair (Right): 17%]
frame_000007,-1.0,1.2627,56.9375,4.2391,62.4405,-1,0.0, -> [chair (Top-Right): 16%]
frame_000008,-1.0,1.2192,57.2119,4.0056,62.4377,-1,0.0, -> [chair (Left): 4%]
frame_000009,-1.0,1.2741,55.582,4.0265,60.8834,-1,0.0, -> [background only]
frame_000010,-1.0,1.3167,56.1072,4.1407,61.5654,-1,0.0, -> [chair (Left): 3%]
frame_000011,-1.0,1.3049,56.5349,3.9777,61.8183,-1,0.0, -> [chair (Left): 5%]
frame_000012,-1.0,1.3059,56.3617,4.0804,61.7492,-1,0.0, -> [chair (Center): 6%]
frame_000013,-1.0,1.2395,56.1885,5.2125,62.642,-1,0.0, -> [chair (Center): 4%]
frame_000014,-1.0,1.1558,57.2098,4.1236,62.4901,-1,0.0, -> [chair (Center): 5%]
frame_000015,-1.0,1.2517,56.3612,4.1976,61.8116,-1,0.0, -> [chair (Center): 6%]
frame_000016,-1.0,1.2683,57.2961,4.1662,62.7314,-1,0.0, -> [chair (Center): 6%]
frame_000017,-1.0,1.4405,56.9142,4.3046,62.6609,-1,0.0, -> [chair (Center): 7%]
frame_000018,-1.0,1.3179,57.1062,4.2455,62.6705,-1,0.0, -> [chair (Center): 9%]
frame_000019,-1.0,1.2537,56.6771,4.121,62.0528,-1,0.0, -> [chair (Center): 8%]
frame_000020,-1.0,1.2868,56.0484,4.1002,61.4366,-1,0.0, -> [chair (Center): 7%]
frame_000021,-1.0,1.2981,56.0622,4.1013,61.4625,-1,0.0, -> [chair (Center): 7%]
frame_000022,-1.0,1.2466,56.3274,4.0918,61.6672,-1,0.0, -> [chair (Center): 8%]
frame_000023,-1.0,1.2608,55.9963,4.2666,61.5248,-1,0.0, -> [chair (Center): 9%]
frame_000024,-1.0,1.3034,56.762,4.1751,62.2418,-1,0.0, -> [chair (Center): 9%]
frame_000025,-1.0,1.3221,56.8175,4.2175,62.358,-1,0.0, -> [chair (Center): 11%]
frame_000026,-1.0,1.3273,56.5818,3.99,61.9001,-1,0.0, -> [chair (Right): 11%]
frame_000027,-1.0,1.3361,56.2814,4.1838,61.8027,-1,0.0, -> [chair (Right): 11%]
frame_000028,-1.0,1.3579,63.7654,4.3109,69.4354,-1,0.0, -> [chair (Right): 9%]
frame_000029,-1.0,1.0235,56.5905,4.2657,61.8806,-1,0.0, -> [chair (Right): 9%]
frame_000030,-1.0,1.3529,56.5896,4.2775,62.2211,-1,0.0, -> [chair (Right): 9%]
frame_000031,-1.0,1.3077,56.5188,4.1494,61.9775,-1,0.0, -> [chair (Right): 6%]
frame_000032,-1.0,1.3921,56.6304,4.1207,62.1446,-1,0.0, -> [chair (Right): 9%]
frame_000033,-1.0,1.2892,56.7436,4.0318,62.0655,-1,0.0, -> [chair (Right): 10%]
frame_000034,-1.0,1.3593,56.5848,4.1665,62.1116,-1,0.0, -> [chair (Right): 11%]
frame_000035,-1.0,1.3598,56.2807,4.0764,61.718,-1,0.0, -> [chair (Right): 9%]
frame_000036,-1.0,1.3202,56.6538,4.1921,62.1673,-1,0.0, -> [chair (Right): 10%]
frame_000037,-1.0,1.2898,57.2443,4.2817,62.8168,-1,0.0, -> [chair (Right): 9%]
frame_000038,-1.0,1.2934,57.0312,4.2313,62.5569,-1,0.0, -> [chair (Right): 9%]
frame_000039,-1.0,1.3257,56.9631,4.156,62.4458,-1,0.0, -> [chair (Right): 10%]
frame_000040,-1.0,1.2996,57.1488,4.2134,62.6631,-1,0.0, -> [chair (Right): 10%]
frame_000041,-1.0,1.2752,57.1742,4.2625,62.7129,-1,0.0, -> [chair (Right): 9%]
frame_000042,-1.0,1.3619,57.0875,4.1639,62.6141,-1,0.0, -> [chair (Right): 10%]
frame_000043,-1.0,1.2752,57.0183,4.1923,62.4867,-1,0.0, -> [chair (Right): 9%]
frame_000044,-1.0,1.3405,57.0067,4.053,62.4009,-1,0.0, -> [chair (Right): 9%]
frame_000045,-1.0,1.2639,57.1874,4.179,62.631,-1,0.0, -> [chair (Right): 7%]
frame_000046,-1.0,1.2848,56.7937,4.1315,62.2108,-1,0.0, -> [chair (Right): 10%]
frame_000047,-1.0,1.2786,56.5413,4.2221,62.0431,-1,0.0, -> [chair (Right): 11%]
frame_000048,-1.0,1.0179,56.7487,4.1371,61.9045,-1,0.0, -> [chair (Right): 12%]
frame_000049,-1.0,1.2583,56.9214,4.0331,62.2137,-1,0.0, -> [chair (Right): 11%]
frame_000050,-1.0,1.2211,56.4468,4.1197,61.789,-1,0.0, -> [chair (Right): 10%]
frame_000051,-1.0,1.0504,56.8298,4.0777,61.9583,-1,0.0, -> [chair (Right): 10%]
frame_000052,-1.0,1.3789,56.7839,4.1747,62.3388,-1,0.0, -> [chair (Right): 8%]
frame_000053,-1.0,1.2945,57.1983,4.011,62.5049,-1,0.0," -> [chair (Right): 12%, diningtable (Bottom): 2%]"
frame_000054,-1.0,1.2996,57.3234,4.2132,62.8376,-1,0.0," -> [chair (Right): 17%, diningtable (Bottom): 2%]"
frame_000055,-1.0,1.2839,56.8885,4.2227,62.3959,-1,0.0," -> [chair (Right): 18%, diningtable (Bottom): 3%]"
frame_000056,-1.0,1.3881,58.0971,4.2549,63.7411,-1,0.0," -> [chair (Right): 17%, diningtable (Bottom): 2%]"
frame_000057,-1.0,1.2766,57.566,4.2739,63.1178,-1,0.0," -> [chair (Right): 18%, diningtable (Bottom): 2%]"
frame_000058,-1.0,1.2793,57.2063,4.3005,62.7872,-1,0.0," -> [chair (Right): 16%, diningtable (Bottom): 1%]"
frame_000059,-1.0,1.2882,56.5866,4.2939,62.1696,-1,0.0," -> [chair (Right): 15%, diningtable (Bottom): 2%]"
frame_000060,-1.0,1.3668,55.9237,4.2603,61.5516,-1,0.0, -> [chair (Right): 14%]
frame_000061,-1.0,1.2946,57.1578,4.0431,62.4966,-1,0.0, -> [chair (Right): 14%]
frame_000062,-1.0,1.2675,57.4478,4.1794,62.8956,-1,0.0," -> [bicycle (Right): 1%, chair (Top-Right): 7%]"
frame_000063,-1.0,1.2807,57.2039,4.2095,62.6949,-1,0.0, -> [chair (Right): 11%]
frame_000064,-1.0,1.291,56.3952,4.2651,61.9523,-1,0.0," -> [bicycle (Right): 4%, chair (Top-Right): 4%]"
frame_000065,-1.0,1.3212,56.4097,4.1756,61.9077,-1,0.0," -> [bicycle (Right): 6%, chair (Top-Right): 2%]"
frame_000066,-1.0,1.3176,56.8687,4.1378,62.3251,-1,0.0, -> [chair (Top-Right): 8%]
frame_000067,-1.0,1.2824,56.8277,4.1886,62.2996,-1,0.0, -> [chair (Right): 10%]
frame_000068,-1.0,1.3363,56.9419,4.5083,62.7872,-1,0.0," -> [bicycle (Right): 1%, chair (Top-Right): 6%, motorbike (Bottom): 1%]"
frame_000069,-1.0,1.2476,57.5562,4.3317,63.1365,-1,0.0," -> [chair (Top-Right): 7%, diningtable (Bottom-Left): 1%]"
frame_000070,-1.0,1.3317,58.4175,4.3079,64.0583,-1,0.0," -> [chair (Top-Right): 7%, diningtable (Bottom-Left): 2%]"
frame_000071,-1.0,1.1062,56.8176,4.4053,62.3302,-1,0.0, -> [chair (Top-Right): 6%]
frame_000072,-1.0,1.2791,57.1553,4.253,62.6882,-1,0.0," -> [chair (Top-Right): 4%, motorbike (Right): 1%]"
frame_000073,-1.0,0.976,57.9875,4.1676,63.1318,-1,0.0, -> [chair (Top-Right): 7%]
frame_000074,-1.0,1.3003,57.674,6.0073,64.9831,-1,0.0, -> [chair (Top-Right): 8%]
frame_000075,-1.0,1.1624,58.2281,4.1887,63.5801,-1,0.0," -> [bicycle (Right): 1%, chair (Top-Right): 6%]"
frame_000076,-1.0,1.2987,56.8108,4.1003,62.211,-1,0.0, -> [chair (Top-Right): 8%]
frame_000077,-1.0,1.3447,57.2397,4.2862,62.8713,-1,0.0," -> [bicycle (Right): 3%, chair (Top-Right): 4%]"
frame_000078,-1.0,1.2881,56.7319,4.2471,62.268,-1,0.0," -> [bicycle (Right): 2%, chair (Top-Right): 3%]"
frame_000079,-1.0,1.2741,56.9082,4.4135,62.5969,-1,0.0," -> [chair (Top-Right): 4%, motorbike (Right): 1%]"
frame_000080,-1.0,1.2963,56.1291,4.2451,61.6715,-1,0.0," -> [bicycle (Right): 3%, chair (Top-Right): 5%]"
frame_000081,-1.0,1.2519,56.9976,4.3438,62.594,-1,0.0," -> [bicycle (Right): 2%, chair (Top-Right): 5%]"
frame_000082,-1.0,1.2589,57.6023,4.2926,63.1549,-1,0.0," -> [bicycle (Right): 4%, chair (Top-Right): 5%]"
frame_000083,-1.0,1.2837,56.8376,4.1819,62.3043,-1,0.0, -> [chair (Top-Right): 10%]
frame_000084,-1.0,1.5249,61.1494,4.1921,66.8674,-1,0.0," -> [bicycle (Right): 5%, chair (Top-Right): 4%]"
frame_000085,-1.0,1.2935,57.2126,4.3509,62.8578,-1,0.0," -> [bicycle (Right): 6%, chair (Top-Right): 5%]"
frame_000086,-1.0,1.3845,59.1752,4.2396,64.8004,-1,0.0," -> [bicycle (Right): 5%, chair (Top-Right): 5%]"
frame_000087,-1.0,1.0185,56.5267,4.1592,61.7054,-1,0.0," -> [bicycle (Right): 6%, chair (Top-Right): 3%]"
frame_000088,-1.0,1.2903,56.3026,4.3742,61.9681,-1,0.0," -> [bicycle (Right): 9%, chair (Top-Right): 2%, motorbike (Center): 1%]"
frame_000089,-1.0,1.2742,55.916,4.3475,61.5391,-1,0.0," -> [bicycle (Right): 7%, chair (Top-Right): 3%]"
frame_000090,-1.0,1.3026,57.1143,4.246,62.6639,-1,0.0," -> [bicycle (Right): 5%, chair (Top-Right): 2%]"
frame_000091,-1.0,1.2502,56.0137,4.2381,61.5029,-1,0.0," -> [bicycle (Right): 2%, chair (Top-Right): 5%]"
frame_000092,-1.0,0.9757,56.7807,5.034,62.7913,-1,0.0," -> [chair (Top-Right): 5%, motorbike (Right): 4%]"
frame_000093,-1.0,1.042,55.3778,4.3562,60.7771,-1,0.0," -> [chair (Top-Right): 4%, motorbike (Right): 5%]"
frame_000094,-1.0,1.3064,56.7596,4.2727,62.3398,-1,0.0," -> [chair (Top-Right): 6%, motorbike (Right): 1%]"
frame_000095,-1.0,1.2693,56.2142,4.0401,61.5245,-1,0.0, -> [chair (Top-Right): 7%]
frame_000096,-1.0,1.291,56.8233,4.1134,62.2286,-1,0.0, -> [chair (Top-Right): 3%]
frame_000097,-1.0,1.3323,57.3695,4.2615,62.9642,-1,0.0, -> [chair (Right): 6%]
frame_000098,-1.0,1.3117,56.8999,4.0173,62.23,-1,0.0, -> [background only]
frame_000099,-1.0,0.976,56.3382,3.9334,61.2484,-1,0.0, -> [background only]
frame_000100,-1.0,1.2923,56.5666,4.0596,61.9193,-1,0.0, -> [background only]
frame_000101,-1.0,1.3084,56.822,3.9851,62.1163,-1,0.0, -> [background only]
frame_000102,-1.0,1.3181,57.4027,3.9272,62.6488,-1,0.0, -> [background only]
frame_000103,-1.0,1.4759,61.9011,4.1334,67.5111,-1,0.0, -> [background only]
frame_000104,-1.0,1.2543,57.0422,4.0768,62.3741,-1,0.0, -> [background only]
frame_000105,-1.0,1.2937,56.3184,4.0017,61.6154,-1,0.0, -> [background only]
frame_000106,-1.0,1.2588,57.2792,4.0022,62.5411,-1,0.0, -> [background only]
frame_000107,-1.0,1.2959,56.4681,4.0184,61.7834,-1,0.0, -> [person (Bottom-Right): 1%]
frame_000108,-1.0,1.4769,62.351,4.0702,67.8989,-1,0.0, -> [background only]
frame_000109,-1.0,1.0089,55.9604,4.0721,61.0424,-1,0.0, -> [background only]
frame_000110,-1.0,1.2491,57.0996,5.211,63.5607,-1,0.0, -> [background only]
frame_000111,-1.0,1.1302,56.8087,4.0493,61.9893,-1,0.0, -> [background only]
frame_000112,-1.0,1.3518,56.1421,3.965,61.4601,-1,0.0, -> [background only]
frame_000113,-1.0,1.2324,56.373,4.0314,61.6379,-1,0.0, -> [background only]
frame_000114,-1.0,1.2675,56.0541,3.9826,61.3051,-1,0.0, -> [background only]
frame_000115,-1.0,1.3176,57.2139,4.0188,62.5516,-1,0.0, -> [background only]
frame_000116,-1.0,1.2629,56.7352,3.9711,61.9701,-1,0.0, -> [background only]
frame_000117,-1.0,1.2685,55.4057,3.9592,60.6347,-1,0.0, -> [background only]
frame_000118,-1.0,1.2788,56.43,3.9166,61.6262,-1,0.0, -> [background only]
frame_000119,-1.0,1.539,57.6515,3.9475,63.1395,-1,0.0, -> [background only]
frame_000120,-1.0,1.3346,55.9297,4.136,61.4014,-1,0.0, -> [background only]
frame_000121,-1.0,1.2936,56.6744,3.918,61.8871,-1,0.0, -> [background only]
frame_000122,-1.0,1.2259,56.1549,4.0446,61.4264,-1,0.0, -> [background only]
frame_000123,-1.0,1.3241,56.3813,3.9713,61.6778,-1,0.0, -> [background only]
frame_000124,-1.0,1.3852,60.5088,4.0027,65.8977,-1,0.0, -> [background only]
frame_000125,-1.0,1.2962,56.2919,3.9328,61.5221,-1,0.0, -> [background only]
frame_000126,-1.0,1.2911,55.5049,3.9749,60.7716,-1,0.0, -> [background only]
frame_000127,-1.0,1.2551,55.6226,4.1276,61.0067,-1,0.0, -> [background only]
frame_000128,-1.0,1.3938,56.8294,3.9572,62.1815,-1,0.0, -> [background only]
frame_000129,-1.0,1.2957,56.3966,4.035,61.7281,-1,0.0, -> [background only]
frame_000130,-1.0,1.3392,55.6832,4.1788,61.2019,-1,0.0, -> [background only]
frame_000131,-1.0,1.2766,57.8442,4.0277,63.1497,-1,0.0, -> [background only]
frame_000132,-1.0,1.3026,57.2206,4.0014,62.5256,-1,0.0, -> [background only]
frame_000133,-1.0,1.314,57.0869,4.0243,62.426,-1,0.0, -> [background only]
frame_000134,-1.0,1.2918,56.239,4.0461,61.5781,-1,0.0, -> [background only]
frame_000135,-1.0,1.2874,56.4566,3.9077,61.6524,-1,0.0, -> [background only]
frame_000136,-1.0,1.324,56.274,3.8821,61.4807,-1,0.0, -> [background only]
frame_000137,-1.0,1.2803,56.263,4.9942,62.5389,-1,0.0, -> [background only]
frame_000138,-1.0,1.1194,56.7727,4.1432,62.0365,-1,0.0, -> [car (Top-Left): 1%]
frame_000139,-1.0,1.2643,56.9597,4.2732,62.4985,-1,0.0, -> [car (Left): 1%]
frame_000140,-1.0,0.9746,56.9362,3.9923,61.9039,-1,0.0, -> [background only]
frame_000141,-1.0,1.2669,56.3383,4.1187,61.725,-1,0.0, -> [background only]
frame_000142,-1.0,1.3232,56.4792,4.6815,62.4851,-1,0.0, -> [background only]
frame_000143,-1.0,1.0996,57.2382,4.0224,62.3614,-1,0.0, -> [background only]
frame_000144,-1.0,1.264,57.7,3.9442,62.9093,-1,0.0, -> [background only]
frame_000145,-1.0,1.3224,56.6547,4.0867,62.0646,-1,0.0, -> [background only]
frame_000146,-1.0,1.2676,56.7389,4.5298,62.5376,-1,0.0, -> [background only]
frame_000147,-1.0,1.1119,57.4294,4.1877,62.7303,-1,0.0, -> [background only]
frame_000148,-1.0,1.2939,56.8558,4.0817,62.2325,-1,0.0, -> [background only]
frame_000149,-1.0,1.2729,56.7089,3.9564,61.9393,-1,0.0, -> [background only]
frame_000150,-1.0,1.334,56.9546,3.9706,62.2602,-1,0.0, -> [background only]
frame_000151,-1.0,1.2606,57.4922,4.1011,62.8549,-1,0.0, -> [background only]
frame_000152,-1.0,1.3342,57.0031,3.9854,62.3235,-1,0.0, -> [background only]
frame_000153,-1.0,1.5501,62.4106,4.0226,67.9845,-1,0.0, -> [background only]
frame_000154,-1.0,1.1221,56.9051,4.0961,62.1245,-1,0.0, -> [background only]
frame_000155,-1.0,1.297,56.8745,3.8712,62.0444,-1,0.0, -> [background only]
frame_000156,-1.0,1.5236,57.029,4.0295,62.5831,-1,0.0, -> [background only]
frame_000157,-1.0,1.3,56.6242,4.0501,61.9754,-1,0.0, -> [background only]
frame_000158,-1.0,1.2817,56.5734,4.0757,61.9323,-1,0.0, -> [background only]
frame_000159,-1.0,1.2548,56.552,3.926,61.7342,-1,0.0, -> [background only]
frame_000160,-1.0,1.3039,56.3586,4.0767,61.7409,-1,0.0, -> [background only]
frame_000161,-1.0,1.0145,56.8934,4.0889,61.9978,-1,0.0, -> [background only]
frame_000162,-1.0,1.3028,56.4286,3.9823,61.7149,-1,0.0, -> [background only]
frame_000163,-1.0,1.2557,56.9916,4.0305,62.2786,-1,0.0, -> [background only]
frame_000164,-1.0,1.3029,56.2561,3.9751,61.5351,-1,0.0, -> [background only]
frame_000165,-1.0,1.6449,55.0534,4.0058,60.7051,-1,0.0, -> [background only]
frame_000166,-1.0,1.3024,56.4071,4.0757,61.7862,-1,0.0, -> [background only]
frame_000167,-1.0,1.2914,56.4396,4.0679,61.8002,-1,0.0, -> [background only]
frame_000168,-1.0,1.1618,56.7074,4.0231,61.8935,-1,0.0, -> [background only]
frame_000169,-1.0,1.2984,56.6256,4.12,62.0452,-1,0.0, -> [background only]
frame_000170,-1.0,1.2672,57.4855,3.9974,62.7509,-1,0.0, -> [background only]
frame_000171,-1.0,1.3362,56.3866,4.0513,61.7747,-1,0.0, -> [background only]
frame_000172,-1.0,1.2986,56.092,3.9851,61.3772,-1,0.0, -> [background only]
frame_000173,-1.0,0.9915,57.8355,3.9218,62.7497,-1,0.0, -> [background only]
frame_000174,-1.0,1.2981,56.8186,4.0374,62.1553,-1,0.0, -> [background only]
frame_000175,-1.0,1.2358,57.4537,4.0385,62.7289,-1,0.0, -> [background only]
frame_000176,-1.0,1.2736,57.2858,4.1256,62.686,-1,0.0, -> [tvmonitor (Top): 21%]
frame_000177,-1.0,1.252,56.9588,4.003,62.2145,-1,0.0, -> [background only]
frame_000178,-1.0,1.5138,62.2335,5.296,69.0446,-1,0.0, -> [background only]
frame_000179,-1.0,1.121,57.6452,4.2288,62.9962,-1,0.0, -> [tvmonitor (Top-Right): 18%]
frame_000180,-1.0,1.2903,56.8243,4.212,62.3274,-1,0.0, -> [tvmonitor (Top-Right): 8%]
frame_000181,-1.0,1.2411,56.5955,4.2333,62.0708,-1,0.0, -> [tvmonitor (Top-Right): 15%]
frame_000182,-1.0,1.5268,65.279,4.3601,71.1671,-1,0.0," -> [chair (Top-Left): 1%, tvmonitor (Top-Right): 4%]"
frame_000183,-1.0,1.3094,56.2526,4.1879,61.7512,-1,0.0," -> [chair (Left): 10%, tvmonitor (Top-Right): 8%]"
frame_000184,-1.0,1.2677,56.1021,4.3712,61.7421,-1,0.0," -> [chair (Left): 11%, tvmonitor (Top-Right): 1%]"
frame_000185,-1.0,1.1399,56.071,6.2593,63.4715,-1,0.0," -> [chair (Top-Left): 6%, tvmonitor (Right): 17%]"
frame_000186,-1.0,1.125,56.9965,4.2034,62.3259,-1,0.0," -> [chair (Top-Left): 7%, tvmonitor (Top-Right): 14%]"
frame_000187,-1.0,1.2977,56.2573,4.1497,61.7057,-1,0.0, -> [chair (Left): 10%]
frame_000188,-1.0,1.2974,56.3649,4.0734,61.7365,-1,0.0, -> [chair (Left): 6%]
frame_000189,-1.0,1.2582,55.6823,4.2421,61.1835,-1,0.0, -> [chair (Top): 8%]
frame_000190,-1.0,1.3065,56.4388,4.4304,62.1766,-1,0.0," -> [chair (Top): 7%, tvmonitor (Top-Right): 4%]"
frame_000191,-1.0,1.0847,56.7661,4.0633,61.9148,-1,0.0, -> [chair (Top): 6%]
frame_000192,-1.0,1.2933,56.4644,4.2529,62.0119,-1,0.0, -> [chair (Top): 7%]
frame_000193,-1.0,1.2655,56.2802,4.0052,61.5519,-1,0.0, -> [chair (Top): 8%]
frame_000194,-1.0,1.2854,55.9515,4.1837,61.4216,-1,0.0, -> [chair (Center): 15%]
frame_000195,-1.0,1.2984,56.4014,4.0619,61.7627,-1,0.0, -> [chair (Center): 14%]
frame_000196,-1.0,1.3596,57.5015,4.1722,63.0344,-1,0.0, -> [chair (Top): 12%]
frame_000197,-1.0,1.3181,56.5414,4.1889,62.049,-1,0.0, -> [chair (Center): 21%]
frame_000198,-1.0,1.3223,56.8518,4.1012,62.276,-1,0.0, -> [chair (Top): 17%]
frame_000199,-1.0,1.3488,57.4069,4.1843,62.9413,-1,0.0, -> [chair (Center): 22%]
frame_000200,-1.0,1.1334,57.1984,5.5298,63.8627,-1,0.0, -> [chair (Top): 20%]
frame_000201,-1.0,1.0862,54.9153,4.458,60.4606,-1,0.0, -> [chair (Top): 19%]
frame_000202,-1.0,1.3142,56.8183,4.0955,62.2288,-1,0.0, -> [chair (Top-Right): 11%]
frame_000203,-1.0,1.3448,56.4593,4.1897,61.9947,-1,0.0, -> [chair (Top-Right): 12%]
frame_000204,-1.0,1.2885,57.3163,4.1454,62.7518,-1,0.0, -> [chair (Top-Right): 15%]
frame_000205,-1.0,1.1387,57.073,4.2428,62.4558,-1,0.0, -> [chair (Top-Right): 16%]
frame_000206,-1.0,1.2949,56.6459,5.8171,63.7593,-1,0.0, -> [chair (Right): 16%]
frame_000207,-1.0,1.129,57.0143,4.2163,62.3612,-1,0.0, -> [chair (Top-Right): 11%]
frame_000208,-1.0,1.2361,56.876,4.2147,62.3281,-1,0.0, -> [chair (Top-Right): 10%]
frame_000209,-1.0,1.2632,56.5568,4.3181,62.139,-1,0.0, -> [chair (Top-Right): 8%]
frame_000210,-1.0,1.4126,56.878,4.0776,62.3694,-1,0.0, -> [chair (Top-Right): 11%]
frame_000211,-1.0,1.3098,57.0893,4.1586,62.5584,-1,0.0, -> [chair (Top): 10%]
frame_000212,-1.0,1.2938,57.0057,4.1981,62.4985,-1,0.0, -> [chair (Top): 7%]
frame_000213,-1.0,1.2559,56.6494,4.2133,62.1197,-1,0.0, -> [chair (Top): 6%]
frame_000214,-1.0,1.0308,56.9261,4.404,62.3616,-1,0.0," -> [chair (Top): 3%, sofa (Top-Right): 1%]"
frame_000215,-1.0,1.2981,57.0622,4.228,62.5892,-1,0.0, -> [chair (Top): 4%]
frame_000216,-1.0,1.2333,57.7826,4.0716,63.0885,-1,0.0, -> [chair (Top): 4%]
frame_000217,-1.0,1.3624,56.6093,4.1894,62.1619,-1,0.0," -> [chair (Top): 2%, tvmonitor (Top): 1%]"
frame_000218,-1.0,1.3041,56.2174,4.166,61.6881,-1,0.0, -> [chair (Top-Left): 1%]
frame_000219,-1.0,1.2911,56.5067,4.1493,61.9482,-1,0.0, -> [chair (Top-Left): 2%]
frame_000220,-1.0,1.303,56.656,4.1405,62.1004,-1,0.0, -> [chair (Center): 3%]
frame_000221,-1.0,1.2558,56.5234,4.1895,61.9696,-1,0.0, -> [chair (Center): 3%]
frame_000222,-1.0,1.2405,56.8685,4.0578,62.1677,-1,0.0, -> [chair (Top): 1%]
frame_000223,-1.0,1.4684,61.5495,5.61,68.6291,-1,0.0, -> [chair (Top): 1%]
frame_000224,-1.0,1.1185,57.3251,5.1848,63.6297,-1,0.0, -> [chair (Top): 1%]
frame_000225,-1.0,1.1127,57.2691,4.0323,62.4153,-1,0.0, -> [background only]
frame_000226,-1.0,1.2586,57.4739,3.9989,62.7322,-1,0.0, -> [background only]
frame_000227,-1.0,1.2872,56.6894,3.949,61.9262,-1,0.0, -> [background only]
frame_000228,-1.0,1.2763,57.1671,4.1549,62.5993,-1,0.0, -> [background only]
frame_000229,-1.0,1.2912,57.8456,4.1556,63.2934,-1,0.0, -> [chair (Top): 1%]
frame_000230,-1.0,1.2702,57.02,4.1893,62.4806,-1,0.0, -> [chair (Top): 1%]
frame_000231,-1.0,1.2756,58.1332,4.0735,63.4832,-1,0.0, -> [background only]
frame_000232,-1.0,1.3156,57.1366,4.0493,62.5042,-1,0.0, -> [background only]
frame_000233,-1.0,1.3248,57.5531,3.9914,62.8703,-1,0.0, -> [background only]
frame_000234,-1.0,1.299,57.9144,4.0514,63.2657,-1,0.0, -> [background only]
frame_000235,-1.0,1.2398,58.0009,4.2009,63.4422,-1,0.0, -> [chair (Top-Right): 1%]
frame_000236,-1.0,1.3013,56.9477,4.0394,62.2896,-1,0.0, -> [background only]
frame_000237,-1.0,1.2666,57.5034,4.0153,62.7862,-1,0.0, -> [background only]
frame_000238,-1.0,1.0176,57.8831,4.1368,63.0386,-1,0.0, -> [background only]
frame_000239,-1.0,1.5026,57.3096,3.8787,62.692,-1,0.0, -> [background only]
frame_000240,-1.0,1.2969,56.8039,4.0787,62.1806,-1,0.0, -> [background only]
frame_000241,-1.0,1.2836,57.306,4.1697,62.7601,-1,0.0, -> [background only]
frame_000242,-1.0,1.2957,57.0675,3.9683,62.3326,-1,0.0, -> [background only]
frame_000243,-1.0,1.3103,56.6198,3.9743,61.9052,-1,0.0, -> [background only]
frame_000244,-1.0,1.322,56.8097,4.0041,62.1368,-1,0.0, -> [background only]
frame_000245,-1.0,1.3021,56.9174,3.9286,62.1491,-1,0.0, -> [background only]
frame_000246,-1.0,1.3268,56.3758,4.1127,61.8165,-1,0.0, -> [background only]
frame_000247,-1.0,0.9869,57.1201,4.0395,62.1473,-1,0.0, -> [background only]
frame_000248,-1.0,1.26,57.1774,3.9951,62.4337,-1,0.0, -> [background only]
frame_000249,-1.0,1.2647,57.2817,3.9905,62.5379,-1,0.0, -> [background only]
frame_000250,-1.0,1.2882,56.7149,4.0429,62.0472,-1,0.0, -> [background only]
frame_000251,-1.0,1.2375,57.4275,3.8908,62.557,-1,0.0, -> [background only]
frame_000252,-1.0,1.3109,57.6277,3.9871,62.9269,-1,0.0, -> [background only]
frame_000253,-1.0,1.3171,57.6058,3.9863,62.9105,-1,0.0, -> [background only]
frame_000254,-1.0,1.3046,57.7925,3.9415,63.0397,-1,0.0, -> [background only]
frame_000255,-1.0,1.2654,56.8855,3.9512,62.1031,-1,0.0, -> [background only]
frame_000256,-1.0,1.2988,56.834,3.9794,62.1135,-1,0.0, -> [background only]
frame_000257,-1.0,1.2729,57.0274,3.9061,62.2073,-1,0.0, -> [background only]
frame_000258,-1.0,1.2962,56.7945,3.9638,62.0556,-1,0.0, -> [background only]
frame_000259,-1.0,1.2739,56.7979,4.083,62.1559,-1,0.0, -> [background only]
frame_000260,-1.0,1.2992,57.0391,4.0523,62.3916,-1,0.0, -> [background only]
frame_000261,-1.0,1.2627,56.9638,4.052,62.2796,-1,0.0, -> [background only]
frame_000262,-1.0,1.2572,58.2051,4.0616,63.5249,-1,0.0, -> [background only]
frame_000263,-1.0,1.193,57.1834,3.9641,62.3415,-1,0.0, -> [background only]
frame_000264,-1.0,1.2472,56.7402,3.9869,61.9752,-1,0.0, -> [background only]
frame_000265,-1.0,1.237,57.1928,4.0281,62.4586,-1,0.0, -> [background only]
frame_000266,-1.0,1.3209,56.5825,4.0613,61.9656,-1,0.0, -> [background only]
frame_000267,-1.0,1.2818,57.1818,4.0382,62.5027,-1,0.0, -> [background only]
frame_000268,-1.0,1.3184,57.1008,3.9561,62.3764,-1,0.0, -> [background only]
frame_000269,-1.0,1.2602,57.0045,4.0008,62.2664,-1,0.0, -> [background only]
frame_000270,-1.0,1.256,56.3808,4.1791,61.8168,-1,0.0, -> [background only]
frame_000271,-1.0,1.289,57.3996,4.0222,62.7121,-1,0.0, -> [background only]
frame_000272,-1.0,1.2891,56.3198,4.0069,61.6167,-1,0.0, -> [background only]
frame_000273,-1.0,1.2387,56.9541,4.0114,62.2052,-1,0.0, -> [background only]
frame_000274,-1.0,1.3084,57.3036,4.0506,62.6635,-1,0.0, -> [background only]
frame_000275,-1.0,1.1717,56.8515,4.0673,62.0913,-1,0.0, -> [background only]
frame_000276,-1.0,1.254,56.54,3.9388,61.7339,-1,0.0, -> [background only]
frame_000277,-1.0,1.2899,56.8019,4.0398,62.1328,-1,0.0, -> [background only]
frame_000278,-1.0,1.3261,57.1216,3.9567,62.4057,-1,0.0, -> [background only]
frame_000279,-1.0,1.2984,56.6106,4.016,61.9261,-1,0.0, -> [background only]
frame_000280,-1.0,1.3172,56.1865,4.0401,61.5447,-1,0.0, -> [background only]
frame_000281,-1.0,1.2328,57.3827,4.0035,62.6203,-1,0.0, -> [background only]
frame_000282,-1.0,1.2726,56.9653,5.5677,63.8067,-1,0.0, -> [background only]
frame_000283,-1.0,1.1549,57.6399,4.1357,62.9316,-1,0.0, -> [background only]
frame_000284,-1.0,1.3605,61.8341,4.091,67.2866,-1,0.0, -> [background only]
frame_000285,-1.0,0.9945,57.0042,3.9414,61.9409,-1,0.0, -> [background only]
frame_000286,-1.0,1.3503,56.5658,4.0648,61.9819,-1,0.0, -> [background only]
frame_000287,-1.0,1.2522,57.4754,4.0566,62.7851,-1,0.0, -> [background only]
frame_000288,-1.0,1.2804,56.8142,4.0842,62.1796,-1,0.0, -> [background only]
frame_000289,-1.0,1.3174,57.2254,4.0618,62.6056,-1,0.0, -> [background only]
frame_000290,-1.0,1.4615,59.1637,3.9236,64.5501,-1,0.0, -> [background only]
frame_000291,-1.0,1.2837,56.7062,4.0836,62.0743,-1,0.0, -> [background only]
frame_000292,-1.0,1.3373,56.5947,3.9851,61.9179,-1,0.0, -> [background only]
frame_000293,-1.0,1.2486,57.0298,3.9523,62.2322,-1,0.0, -> [background only]
frame_000294,-1.0,1.3132,57.2045,4.0566,62.575,-1,0.0, -> [background only]
frame_000295,-1.0,1.3718,56.9988,3.9611,62.3327,-1,0.0, -> [background only]
frame_000296,-1.0,1.3403,56.8874,4.0319,62.2609,-1,0.0, -> [background only]
frame_000297,-1.0,1.3247,57.1619,5.6275,64.1156,-1,0.0, -> [background only]
frame_000298,-1.0,1.1138,56.6625,4.1104,61.8882,-1,0.0, -> [background only]
frame_000299,-1.0,1.2831,57.3588,4.0107,62.6541,-1,0.0, -> [background only]
frame_000300,-1.0,1.007,56.9385,4.9518,62.8986,-1,0.0, -> [background only]
frame_000301,-1.0,1.1905,58.6915,4.0821,63.9651,-1,0.0, -> [background only]
frame_000302,-1.0,1.4206,58.2368,3.9007,63.559,-1,0.0, -> [background only]
frame_000303,-1.0,1.3337,57.2212,4.154,62.7101,-1,0.0, -> [background only]
frame_000304,-1.0,1.2938,57.3807,4.0808,62.7569,-1,0.0, -> [background only]
frame_000305,-1.0,1.297,58.0882,4.0458,63.4324,-1,0.0, -> [background only]
frame_000306,-1.0,1.3569,57.6309,3.9818,62.971,-1,0.0, -> [background only]
frame_000307,-1.0,1.2594,56.9446,3.9248,62.1298,-1,0.0, -> [background only]
frame_000308,-1.0,1.2572,57.4081,4.0432,62.7098,-1,0.0, -> [background only]
frame_000309,-1.0,1.2946,57.095,3.9729,62.3638,-1,0.0, -> [background only]
frame_000310,-1.0,1.3195,56.8904,4.0329,62.2438,-1,0.0, -> [background only]
frame_000311,-1.0,1.3207,57.4267,4.0101,62.7584,-1,0.0, -> [background only]
frame_000312,-1.0,1.0114,57.3786,4.0514,62.4423,-1,0.0, -> [background only]
frame_000313,-1.0,1.2721,57.1369,3.996,62.4059,-1,0.0, -> [background only]
frame_000314,-1.0,1.2882,57.2975,4.1556,62.7422,-1,0.0, -> [background only]
frame_000315,-1.0,1.3158,57.3144,3.9717,62.6027,-1,0.0, -> [background only]
frame_000316,-1.0,1.3324,56.6535,3.9927,61.9797,-1,0.0, -> [background only]
frame_000317,-1.0,1.2456,57.413,4.0406,62.6999,-1,0.0, -> [background only]
frame_000318,-1.0,1.3722,57.9519,4.0189,63.344,-1,0.0, -> [background only]
frame_000319,-1.0,1.283,57.6044,4.0099,62.8984,-1,0.0, -> [background only]
frame_000320,-1.0,1.309,57.6879,4.0203,63.0184,-1,0.0, -> [background only]
frame_000321,-1.0,1.2975,56.8197,4.1159,62.2342,-1,0.0, -> [background only]
frame_000322,-1.0,1.207,56.3288,4.3752,61.9122,-1,0.0, -> [background only]
frame_000323,-1.0,1.3332,56.986,3.9871,62.3074,-1,0.0, -> [background only]
frame_000324,-1.0,1.3162,57.3178,3.9384,62.5734,-1,0.0, -> [background only]
frame_000325,-1.0,1.2475,56.8329,4.0117,62.0932,-1,0.0, -> [background only]
frame_000326,-1.0,1.5856,54.8681,4.291,60.7459,-1,0.0, -> [background only]
frame_000327,-1.0,1.3011,56.3107,4.0289,61.6417,-1,0.0, -> [background only]
frame_000328,-1.0,1.3113,57.4109,3.9095,62.6329,-1,0.0, -> [background only]
frame_000329,-1.0,1.3385,56.5475,4.1019,61.9889,-1,0.0, -> [background only]
frame_000330,-1.0,1.3195,57.1079,3.9741,62.4026,-1,0.0, -> [background only]
frame_000331,-1.0,1.2328,57.2781,3.9463,62.4581,-1,0.0, -> [background only]
frame_000332,-1.0,1.3073,57.4232,4.1242,62.856,-1,0.0, -> [background only]
frame_000333,-1.0,1.302,56.5636,4.0431,61.9098,-1,0.0, -> [background only]
frame_000334,-1.0,1.3233,57.2196,4.0226,62.5662,-1,0.0, -> [background only]
frame_000335,-1.0,1.3453,56.3706,4.0718,61.7889,-1,0.0, -> [background only]
frame_000336,-1.0,1.2825,57.0529,4.0813,62.4175,-1,0.0, -> [background only]
frame_000337,-1.0,1.319,56.8911,4.0287,62.24,-1,0.0, -> [background only]
frame_000338,-1.0,1.2913,57.0149,4.0487,62.3559,-1,0.0, -> [background only]
frame_000339,-1.0,1.2179,56.7548,4.0141,61.9877,-1,0.0, -> [background only]
frame_000340,-1.0,1.3314,57.3145,3.9975,62.6446,-1,0.0, -> [background only]
frame_000341,-1.0,1.1729,55.3537,4.2597,60.7878,-1,0.0, -> [background only]
frame_000342,-1.0,1.2386,56.6168,4.0168,61.8731,-1,0.0, -> [background only]
frame_000343,-1.0,1.2943,55.6673,4.013,60.9758,-1,0.0, -> [background only]
frame_000344,-1.0,1.2752,56.5146,4.0228,61.8139,-1,0.0, -> [background only]
frame_000345,-1.0,1.3248,61.3334,4.0505,66.7102,-1,0.0, -> [background only]
frame_000346,-1.0,1.2762,56.8076,4.031,62.1158,-1,0.0, -> [background only]
frame_000347,-1.0,1.2549,56.3208,3.9844,61.5615,-1,0.0, -> [background only]
frame_000348,-1.0,1.2755,56.8234,3.9885,62.0888,-1,0.0, -> [background only]
frame_000349,-1.0,1.2933,56.8683,3.932,62.0946,-1,0.0, -> [background only]
frame_000350,-1.0,1.297,56.1709,4.0257,61.4947,-1,0.0, -> [background only]
frame_000351,-1.0,1.3577,60.2407,4.058,65.6574,-1,0.0, -> [background only]
frame_000352,-1.0,0.9282,56.5661,5.2317,62.7271,-1,0.0, -> [background only]
frame_000353,-1.0,1.4125,60.5002,4.2142,66.1279,-1,0.0, -> [background only]
frame_000354,-1.0,1.2274,57.2557,4.1126,62.5964,-1,0.0, -> [background only]
frame_000355,-1.0,1.2304,56.5475,4.5633,62.3425,-1,0.0, -> [background only]
frame_000356,-1.0,1.1196,57.0065,4.1366,62.2639,-1,0.0, -> [background only]
frame_000357,-1.0,1.2908,56.6869,4.0627,62.0411,-1,0.0, -> [background only]
frame_000358,-1.0,1.2409,57.1369,4.0634,62.4423,-1,0.0, -> [background only]
frame_000359,-1.0,1.3129,56.1474,4.0398,61.5008,-1,0.0, -> [background only]
frame_000360,-1.0,1.3279,57.6481,4.0431,63.0202,-1,0.0, -> [background only]
frame_000361,-1.0,1.2898,56.1521,4.0455,61.4886,-1,0.0, -> [background only]
frame_000362,-1.0,1.2093,56.8723,4.0302,62.113,-1,0.0, -> [background only]
frame_000363,-1.0,1.4873,62.5395,4.1362,68.164,-1,0.0, -> [background only]
frame_000364,-1.0,1.04,57.4194,4.0242,62.4844,-1,0.0, -> [background only]
frame_000365,-1.0,1.3232,56.3707,4.152,61.8467,-1,0.0, -> [background only]
frame_000366,-1.0,1.306,56.1502,3.9561,61.4137,-1,0.0, -> [background only]
frame_000367,-1.0,1.2977,56.2758,3.9981,61.5725,-1,0.0, -> [background only]
frame_000368,-1.0,1.2723,56.7544,4.0128,62.0407,-1,0.0, -> [background only]
frame_000369,-1.0,1.5566,57.7655,4.0121,63.335,-1,0.0, -> [background only]
frame_000370,-1.0,1.2818,56.3089,3.9442,61.536,-1,0.0, -> [background only]
frame_000371,-1.0,1.2998,57.3087,4.0231,62.6323,-1,0.0, -> [background only]
frame_000372,-1.0,1.2527,57.0284,4.0704,62.3521,-1,0.0, -> [background only]
frame_000373,-1.0,1.2955,56.7728,3.9447,62.014,-1,0.0, -> [background only]
frame_000374,-1.0,1.4789,60.2519,4.1343,65.8661,-1,0.0, -> [background only]
frame_000375,-1.0,1.2822,57.0107,4.0588,62.3525,-1,0.0, -> [background only]
frame_000376,-1.0,1.3045,59.2098,4.0121,64.528,-1,0.0, -> [background only]
frame_000377,-1.0,1.0896,56.5317,4.1682,61.7906,-1,0.0, -> [background only]
frame_000378,-1.0,1.2842,56.9666,3.9714,62.2236,-1,0.0, -> [background only]
frame_000379,-1.0,1.3457,56.6366,4.1518,62.1351,-1,0.0, -> [background only]
frame_000380,-1.0,1.2712,56.8796,4.1231,62.2751,-1,0.0, -> [background only]
frame_000381,-1.0,1.2983,57.3449,4.0173,62.661,-1,0.0, -> [background only]
frame_000382,-1.0,1.326,57.29,4.01,62.6272,-1,0.0, -> [background only]
frame_000383,-1.0,1.2484,56.4417,3.9608,61.652,-1,0.0, -> [background only]
frame_000384,-1.0,1.3085,56.5523,4.087,61.9485,-1,0.0, -> [background only]
frame_000385,-1.0,1.2683,56.525,4.0074,61.8017,-1,0.0, -> [background only]
frame_000386,-1.0,1.4822,58.242,3.9654,63.6909,-1,0.0, -> [background only]
frame_000387,-1.0,1.2591,57.1082,4.0501,62.4184,-1,0.0, -> [background only]
frame_000388,-1.0,1.3341,57.1382,4.0615,62.5348,-1,0.0, -> [background only]
frame_000389,-1.0,1.3519,56.5744,4.0649,61.9924,-1,0.0, -> [background only]
frame_000390,-1.0,1.4541,57.1089,4.0161,62.5802,-1,0.0, -> [background only]
frame_000391,-1.0,1.3059,57.4944,4.0518,62.8542,-1,0.0, -> [background only]
frame_000392,-1.0,1.1096,57.7165,4.1558,62.9834,-1,0.0, -> [background only]
frame_000393,-1.0,1.3331,55.9541,4.1071,61.3953,-1,0.0, -> [background only]
frame_000394,-1.0,1.277,57.5121,3.9664,62.7568,-1,0.0, -> [background only]
frame_000395,-1.0,1.3124,56.9377,4.046,62.2973,-1,0.0, -> [background only]
frame_000396,-1.0,1.3085,56.7858,3.9918,62.0873,-1,0.0, -> [background only]
frame_000397,-1.0,1.2754,56.6895,3.9914,61.9575,-1,0.0, -> [background only]
frame_000398,-1.0,1.2871,56.5361,4.1156,61.9399,-1,0.0, -> [background only]
frame_000399,-1.0,1.3027,57.4062,4.0205,62.7302,-1,0.0, -> [background only]
frame_000400,-1.0,1.3335,56.6382,4.0662,62.0387,-1,0.0, -> [background only]
frame_000401,-1.0,1.2768,56.8242,4.0236,62.1257,-1,0.0, -> [background only]
frame_000402,-1.0,1.2882,56.6998,4.0635,62.0525,-1,0.0, -> [background only]
frame_000403,-1.0,1.3382,56.8116,4.0604,62.2113,-1,0.0, -> [background only]
frame_000404,-1.0,1.3023,57.5622,4.0698,62.9353,-1,0.0, -> [background only]
frame_000405,-1.0,1.2641,56.1097,4.1459,61.5206,-1,0.0, -> [background only]
frame_000406,-1.0,0.9967,56.6561,3.9677,61.6213,-1,0.0, -> [background only]
frame_000407,-1.0,1.2927,56.5339,4.0554,61.8829,-1,0.0, -> [background only]
frame_000408,-1.0,1.2895,59.0891,4.0398,64.4193,-1,0.0, -> [background only]
frame_000409,-1.0,1.2522,57.0851,3.9781,62.3164,-1,0.0, -> [background only]
frame_000410,-1.0,1.3068,56.9579,3.957,62.2227,-1,0.0, -> [background only]
frame_000411,-1.0,1.3086,57.2684,4.6018,63.1804,-1,0.0, -> [background only]
frame_000412,-1.0,1.1885,57.2085,4.1268,62.5252,-1,0.0, -> [background only]
frame_000413,-1.0,1.3167,57.0687,3.9272,62.3135,-1,0.0, -> [background only]
frame_000414,-1.0,1.3235,56.9152,4.086,62.3259,-1,0.0, -> [background only]
frame_000415,-1.0,1.3051,57.6724,4.0967,63.0752,-1,0.0, -> [background only]
frame_000416,-1.0,1.3009,56.1972,4.024,61.523,-1,0.0, -> [background only]
frame_000417,-1.0,1.282,56.7793,4.0647,62.1269,-1,0.0, -> [background only]
frame_000418,-1.0,1.3303,57.1718,4.0202,62.5237,-1,0.0, -> [background only]
frame_000419,-1.0,1.296,57.6159,4.0675,62.9806,-1,0.0, -> [background only]
frame_000420,-1.0,1.3375,56.9949,4.0485,62.382,-1,0.0, -> [background only]
frame_000421,-1.0,1.3093,57.5006,3.9762,62.7875,-1,0.0, -> [background only]
frame_000422,-1.0,1.5191,56.6841,4.0801,62.2843,-1,0.0, -> [background only]
frame_000423,-1.0,1.2757,56.8351,4.0444,62.1561,-1,0.0, -> [background only]
frame_000424,-1.0,1.279,57.3484,4.048,62.6765,-1,0.0, -> [background only]
frame_000425,-1.0,1.2925,56.6867,5.1431,63.1239,-1,0.0, -> [background only]
frame_000426,-1.0,1.1633,57.2117,3.989,62.3655,-1,0.0, -> [background only]
frame_000427,-1.0,1.248,55.7788,3.9669,60.9945,-1,0.0, -> [background only]
frame_000428,-1.0,1.3845,56.09,4.0929,61.5685,-1,0.0, -> [background only]
frame_000429,-1.0,1.2437,55.9694,3.9455,61.1596,-1,0.0, -> [background only]
frame_000430,-1.0,1.2898,55.7197,4.01,61.0207,-1,0.0, -> [background only]
frame_000431,-1.0,1.3438,56.884,4.0434,62.272,-1,0.0, -> [background only]
frame_000432,-1.0,1.2799,56.1039,4.1298,61.5146,-1,0.0, -> [background only]
frame_000433,-1.0,1.2465,57.1427,3.9735,62.3639,-1,0.0, -> [background only]
frame_000434,-1.0,1.3566,56.7223,3.9251,62.0054,-1,0.0, -> [background only]
frame_000435,-1.0,1.2705,56.3626,4.0044,61.6386,-1,0.0, -> [background only]
frame_000436,-1.0,1.2935,56.4418,4.0225,61.7591,-1,0.0, -> [background only]
frame_000437,-1.0,1.2292,57.2426,3.991,62.4638,-1,0.0, -> [background only]
frame_000438,-1.0,1.2961,56.1182,4.0415,61.4569,-1,0.0, -> [background only]
frame_000439,-1.0,1.24,56.6223,4.0287,61.8921,-1,0.0, -> [background only]
frame_000440,-1.0,1.3163,56.6233,3.9796,61.9202,-1,0.0, -> [background only]
frame_000441,-1.0,1.2456,56.8906,4.1968,62.3338,-1,0.0, -> [background only]
frame_000442,-1.0,1.3116,56.9362,3.9753,62.2241,-1,0.0, -> [background only]
frame_000443,-1.0,1.2788,57.0233,4.0207,62.3239,-1,0.0, -> [background only]
frame_000444,-1.0,1.3107,57.4953,4.1372,62.9441,-1,0.0, -> [background only]
frame_000445,-1.0,1.2638,56.3794,3.9764,61.6208,-1,0.0, -> [background only]
frame_000446,-1.0,1.3401,56.699,4.0311,62.0713,-1,0.0, -> [background only]
frame_000447,-1.0,1.2656,56.0756,4.1032,61.4454,-1,0.0, -> [background only]
frame_000448,-1.0,1.2556,56.1402,3.8957,61.2929,-1,0.0, -> [background only]
frame_000449,-1.0,1.3489,57.219,4.0631,62.6321,-1,0.0, -> [background only]
frame_000450,-1.0,1.2912,56.2693,6.0445,63.606,-1,0.0, -> [background only]
frame_000451,-1.0,1.0363,54.572,4.3026,59.912,-1,0.0, -> [background only]
frame_000452,-1.0,1.2942,56.6018,3.9141,61.811,-1,0.0, -> [background only]
frame_000453,-1.0,1.239,56.8665,4.0672,62.1736,-1,0.0, -> [background only]
frame_000454,-1.0,1.2717,56.4698,4.0575,61.7999,-1,0.0, -> [background only]
frame_000455,-1.0,1.3342,57.041,3.8793,62.2556,-1,0.0, -> [background only]
frame_000456,-1.0,1.2847,56.3786,4.14,61.8046,-1,0.0, -> [background only]
frame_000457,-1.0,1.0111,57.3354,4.1406,62.4883,-1,0.0, -> [background only]
frame_000458,-1.0,1.3402,56.2417,4.0698,61.6526,-1,0.0, -> [background only]
frame_000459,-1.0,1.3129,56.757,3.9847,62.0556,-1,0.0, -> [background only]
frame_000460,-1.0,1.3981,61.5754,4.1189,67.0934,-1,0.0, -> [background only]
frame_000461,-1.0,1.101,57.5134,5.7413,64.357,-1,0.0, -> [background only]
frame_000462,-1.0,1.1246,57.2377,4.1302,62.4937,-1,0.0, -> [background only]
frame_000463,-1.0,1.2925,56.3465,3.9671,61.6071,-1,0.0, -> [background only]
frame_000464,-1.0,1.2766,57.7451,3.9549,62.9776,-1,0.0, -> [background only]
frame_000465,-1.0,1.3252,57.0655,3.9995,62.3914,-1,0.0, -> [background only]
frame_000466,-1.0,1.2675,56.8925,4.0131,62.1744,-1,0.0, -> [background only]
frame_000467,-1.0,1.3416,56.7581,4.0647,62.1654,-1,0.0, -> [background only]
frame_000468,-1.0,1.3677,56.5331,3.9104,61.8122,-1,0.0, -> [background only]
frame_000469,-1.0,1.5068,60.0083,3.9117,65.4279,-1,0.0, -> [background only]
frame_000470,-1.0,1.3308,57.2609,3.9731,62.5655,-1,0.0, -> [background only]
frame_000471,-1.0,1.2053,57.3977,3.9796,62.5836,-1,0.0, -> [background only]
frame_000472,-1.0,1.3125,56.6212,4.1114,62.0463,-1,0.0, -> [background only]
frame_000473,-1.0,1.2951,57.0323,3.9972,62.3255,-1,0.0, -> [background only]
frame_000474,-1.0,1.5047,56.5213,3.9993,62.0266,-1,0.0, -> [background only]
frame_000475,-1.0,1.2585,57.3182,3.9539,62.5313,-1,0.0, -> [background only]
frame_000476,-1.0,1.3302,56.7692,3.9518,62.0521,-1,0.0, -> [background only]
frame_000477,-1.0,1.2096,57.8121,4.1199,63.1427,-1,0.0, -> [background only]
frame_000478,-1.0,1.3757,56.2553,3.9946,61.6267,-1,0.0, -> [background only]
frame_000479,-1.0,1.2882,56.9832,3.9765,62.2488,-1,0.0, -> [background only]
frame_000480,-1.0,1.3397,56.9741,4.0147,62.3298,-1,0.0, -> [background only]
frame_000481,-1.0,1.4991,59.411,4.0883,64.9992,-1,0.0, -> [background only]
frame_000482,-1.0,1.3272,57.4696,3.9682,62.7663,-1,0.0, -> [background only]
frame_000483,-1.0,1.2669,56.6801,4.0395,61.9873,-1,0.0, -> [background only]
frame_000484,-1.0,1.3404,56.03,4.8075,62.1792,-1,0.0, -> [background only]
frame_000485,-1.0,1.1427,56.7301,4.0949,61.9688,-1,0.0, -> [background only]
frame_000486,-1.0,1.3111,57.1078,3.9876,62.4077,-1,0.0, -> [background only]
frame_000487,-1.0,1.2056,57.155,3.9987,62.3599,-1,0.0, -> [background only]
frame_000488,-1.0,1.3176,56.6743,4.0072,62.0002,-1,0.0, -> [background only]
frame_000489,-1.0,1.2338,57.3036,3.9772,62.5155,-1,0.0, -> [background only]
frame_000490,-1.0,1.338,56.1531,4.9326,62.4251,-1,0.0, -> [background only]
frame_000491,-1.0,1.1227,57.1883,4.1414,62.4537,-1,0.0, -> [background only]
frame_000492,-1.0,1.2607,57.0958,3.9322,62.29,-1,0.0, -> [background only]
frame_000493,-1.0,1.2701,57.7281,4.0603,63.0591,-1,0.0, -> [background only]
frame_000494,-1.0,1.3312,57.587,4.1444,63.0635,-1,0.0, -> [background only]
frame_000495,-1.0,1.1993,55.7063,4.2116,61.1185,-1,0.0, -> [background only]
frame_000496,-1.0,1.3248,56.5497,5.0945,62.9705,-1,0.0, -> [background only]
frame_000497,-1.0,1.1246,57.5517,4.0311,62.7085,-1,0.0, -> [background only]
frame_000498,-1.0,1.3693,57.9223,4.0462,63.3389,-1,0.0, -> [background only]
frame_000499,-1.0,1.2397,57.1025,3.9692,62.3123,-1,0.0, -> [background only]
frame_000500,-1.0,1.3417,56.9879,4.0372,62.3678,-1,0.0, -> [background only]
frame_000501,-1.0,1.2718,56.7277,4.0289,62.0296,-1,0.0, -> [background only]
frame_000502,-1.0,1.2825,56.4615,4.9722,62.7175,-1,0.0, -> [background only]
frame_000503,-1.0,1.1203,57.4638,4.0859,62.6712,-1,0.0, -> [background only]
frame_000504,-1.0,1.3349,56.0174,4.0273,61.3808,-1,0.0, -> [background only]
frame_000505,-1.0,1.3391,57.4899,4.0103,62.8404,-1,0.0, -> [background only]
frame_000506,-1.0,1.3318,56.8875,3.9784,62.1986,-1,0.0, -> [background only]
frame_000507,-1.0,1.266,56.5438,4.0254,61.836,-1,0.0, -> [background only]
frame_000508,-1.0,1.2403,56.5944,4.0737,61.9097,-1,0.0, -> [background only]
frame_000509,-1.0,1.295,57.5824,4.1255,63.0037,-1,0.0, -> [background only]
frame_000510,-1.0,1.2338,56.8713,3.9771,62.0835,-1,0.0, -> [background only]
frame_000511,-1.0,1.2607,57.4594,4.0587,62.7798,-1,0.0, -> [background only]
frame_000512,-1.0,1.28,57.1661,4.0814,62.5288,-1,0.0, -> [background only]
frame_000513,-1.0,1.2691,56.9519,4.0591,62.281,-1,0.0, -> [background only]
frame_000514,-1.0,1.3242,56.6362,5.8123,63.7738,-1,0.0, -> [background only]
frame_000515,-1.0,1.2199,58.704,4.146,64.0713,-1,0.0, -> [background only]
frame_000516,-1.0,1.1669,56.915,4.1487,62.2315,-1,0.0, -> [background only]
frame_000517,-1.0,1.3582,58.0826,6.0004,65.4426,-1,0.0, -> [background only]
frame_000518,-1.0,1.1194,56.6902,4.1475,61.9583,-1,0.0, -> [background only]
frame_000519,-1.0,1.3037,58.5284,3.9394,63.7724,-1,0.0, -> [background only]
frame_000520,-1.0,1.5488,64.0269,4.0517,69.6286,-1,0.0, -> [background only]
frame_000521,-1.0,1.026,58.2337,3.9909,63.2518,-1,0.0, -> [background only]
frame_000522,-1.0,1.6736,54.8367,4.2281,60.7392,-1,0.0, -> [background only]
frame_000523,-1.0,1.2696,57.9586,4.0996,63.3289,-1,0.0, -> [background only]
frame_000524,-1.0,1.333,57.4804,4.0161,62.8306,-1,0.0, -> [background only]
frame_000525,-1.0,1.261,57.0733,3.9263,62.2617,-1,0.0, -> [background only]
frame_000526,-1.0,1.3185,56.2133,4.0836,61.6167,-1,0.0, -> [background only]
frame_000527,-1.0,1.2591,57.0733,3.9228,62.2568,-1,0.0, -> [background only]
frame_000528,-1.0,1.2988,56.6728,3.9813,61.9541,-1,0.0, -> [background only]
frame_000529,-1.0,1.4362,57.4055,3.9862,62.8287,-1,0.0, -> [background only]
frame_000530,-1.0,1.3003,56.9949,4.0017,62.2979,-1,0.0, -> [background only]
frame_000531,-1.0,1.3048,57.0853,3.9971,62.3888,-1,0.0, -> [background only]
frame_000532,-1.0,1.2761,57.2886,4.0225,62.5883,-1,0.0, -> [background only]
frame_000533,-1.0,1.2085,57.891,4.1398,63.2405,-1,0.0, -> [background only]
frame_000534,-1.0,1.2951,56.7864,4.047,62.1296,-1,0.0, -> [background only]
frame_000535,-1.0,1.3334,57.0927,4.0009,62.4281,-1,0.0, -> [background only]
frame_000536,-1.0,1.3176,56.443,4.0722,61.8338,-1,0.0, -> [background only]
frame_000537,-1.0,1.3043,58.5478,4.1029,63.9564,-1,0.0, -> [background only]
frame_000538,-1.0,1.0821,57.5003,4.0785,62.6618,-1,0.0, -> [background only]
frame_000539,-1.0,1.3353,56.7211,4.1115,62.1691,-1,0.0, -> [background only]
frame_000540,-1.0,1.2955,56.8475,4.5875,62.7317,-1,0.0, -> [background only]
frame_000541,-1.0,1.0835,57.5844,4.0526,62.7218,-1,0.0, -> [background only]
frame_000542,-1.0,1.2755,58.3856,4.0957,63.7575,-1,0.0, -> [background only]
frame_000543,-1.0,1.2723,57.0064,4.1045,62.3843,-1,0.0, -> [background only]
frame_000544,-1.0,1.355,63.848,4.0936,69.2981,-1,0.0, -> [background only]
frame_000545,-1.0,1.1689,57.8552,4.7276,63.753,-1,0.0, -> [background only]
frame_000546,-1.0,1.1153,57.4084,4.2,62.7248,-1,0.0, -> [background only]
frame_000547,-1.0,1.312,57.2401,3.9227,62.4757,-1,0.0, -> [background only]
frame_000548,-1.0,1.3449,57.5253,4.0265,62.8978,-1,0.0, -> [background only]
frame_000549,-1.0,1.3067,57.1623,4.0096,62.4792,-1,0.0, -> [background only]
frame_000550,-1.0,1.2027,56.3939,4.0776,61.6752,-1,0.0, -> [background only]
frame_000551,-1.0,1.3047,57.3921,4.0406,62.7384,-1,0.0, -> [background only]
frame_000552,-1.0,1.3071,56.9129,3.998,62.219,-1,0.0, -> [background only]
frame_000553,-1.0,1.5141,66.1247,4.0707,71.7108,-1,0.0, -> [background only]
frame_000554,-1.0,1.0753,56.8193,4.1789,62.0745,-1,0.0, -> [background only]
frame_000555,-1.0,1.2466,56.5306,3.9957,61.7739,-1,0.0, -> [background only]
frame_000556,-1.0,1.3166,57.2235,4.1459,62.6869,-1,0.0, -> [background only]
frame_000557,-1.0,1.2794,55.8322,3.9994,61.1123,-1,0.0, -> [background only]
frame_000558,-1.0,1.3294,56.7506,4.0378,62.1186,-1,0.0, -> [background only]
frame_000559,-1.0,1.3004,55.9969,3.8844,61.1823,-1,0.0, -> [background only]
frame_000560,-1.0,1.2981,56.0341,4.2323,61.5656,-1,0.0, -> [background only]
frame_000561,-1.0,1.255,56.0053,4.0286,61.2905,-1,0.0, -> [background only]
frame_000562,-1.0,1.342,56.2965,4.0666,61.7061,-1,0.0, -> [background only]
frame_000563,-1.0,1.2921,56.6233,4.0309,61.9476,-1,0.0, -> [background only]
frame_000564,-1.0,0.8904,56.679,4.1047,61.6748,-1,0.0, -> [background only]
frame_000565,-1.0,1.0388,56.0961,4.0018,61.1377,-1,0.0, -> [background only]
frame_000566,-1.0,1.342,57.1074,4.065,62.5157,-1,0.0, -> [background only]
frame_000567,-1.0,1.5106,70.7789,3.9995,76.2901,-1,0.0, -> [background only]
frame_000568,-1.0,0.901,57.3125,4.0707,62.2856,-1,0.0, -> [background only]
frame_000569,-1.0,0.9939,57.3173,3.9978,62.3099,-1,0.0, -> [background only]
frame_000570,-1.0,1.278,56.4566,4.0936,61.8292,-1,0.0, -> [background only]
frame_000571,-1.0,1.1765,56.4041,4.0208,61.6024,-1,0.0, -> [background only]
frame_000572,-1.0,1.2503,56.3559,4.053,61.6607,-1,0.0, -> [background only]
frame_000573,-1.0,1.3364,56.3776,4.034,61.7491,-1,0.0, -> [background only]
frame_000574,-1.0,1.3491,56.5553,3.9979,61.9034,-1,0.0, -> [background only]
frame_000575,-1.0,1.3194,57.4172,3.9111,62.6486,-1,0.0, -> [background only]
frame_000576,-1.0,1.3482,56.909,4.0446,62.3029,-1,0.0, -> [background only]
frame_000577,-1.0,1.2305,57.1004,4.041,62.3732,-1,0.0, -> [background only]
frame_000578,-1.0,1.3127,57.4419,3.9636,62.7194,-1,0.0, -> [background only]
frame_000579,-1.0,0.9097,56.9835,5.9634,63.8576,-1,0.0, -> [background only]
frame_000580,-1.0,1.1059,57.2455,4.1494,62.5019,-1,0.0, -> [background only]
frame_000581,-1.0,1.2706,57.3768,3.8985,62.5467,-1,0.0, -> [background only]
frame_000582,-1.0,1.3039,56.8488,4.0525,62.2063,-1,0.0, -> [background only]
frame_000583,-1.0,1.3227,57.4281,4.036,62.7878,-1,0.0, -> [background only]
frame_000584,-1.0,1.1552,55.6663,4.2498,61.0725,-1,0.0, -> [background only]
frame_000585,-1.0,1.2782,57.9616,4.0648,63.3059,-1,0.0, -> [background only]
frame_000586,-1.0,1.1636,54.4363,4.1629,59.7635,-1,0.0, -> [background only]
frame_000587,-1.0,1.2584,56.2759,4.097,61.6323,-1,0.0, -> [background only]
frame_000588,-1.0,1.2898,57.3075,5.3008,63.8996,-1,0.0, -> [background only]
frame_000589,-1.0,1.1245,58.1519,4.1389,63.4162,-1,0.0, -> [background only]
frame_000590,-1.0,1.1271,56.6993,4.1154,61.9427,-1,0.0, -> [background only]
frame_000591,-1.0,1.3299,56.2779,4.1397,61.7485,-1,0.0, -> [background only]
frame_000592,-1.0,1.3311,56.19,4.0571,61.5791,-1,0.0, -> [background only]
frame_000593,-1.0,1.2992,56.3714,4.0318,61.7034,-1,0.0, -> [background only]
frame_000594,-1.0,1.2992,56.7108,4.0209,62.0316,-1,0.0, -> [background only]
frame_000595,-1.0,1.2865,56.8118,4.0423,62.1419,-1,0.0, -> [background only]
frame_000596,-1.0,1.311,57.5132,3.9621,62.7873,-1,0.0, -> [background only]
frame_000597,-1.0,1.274,56.6384,3.9569,61.8701,-1,0.0, -> [background only]
frame_000598,-1.0,1.2829,56.2057,3.9922,61.482,-1,0.0, -> [background only]
frame_000599,-1.0,1.2772,56.9563,3.9041,62.1392,-1,0.0, -> [background only]
frame_000600,-1.0,1.3046,57.8402,4.0185,63.1645,-1,0.0, -> [background only]
frame_000601,-1.0,1.3598,62.0917,4.1155,67.5682,-1,0.0, -> [background only]
frame_000602,-1.0,0.9742,57.2684,3.9425,62.1859,-1,0.0, -> [background only]
frame_000603,-1.0,1.3436,56.4092,5.4424,63.1965,-1,0.0, -> [background only]
frame_000604,-1.0,1.3484,55.472,4.6572,61.4789,-1,0.0, -> [bicycle (Right): 3%]
frame_000605,-1.0,1.3399,57.319,4.1314,62.7914,-1,0.0, -> [chair (Right): 8%]
frame_000606,-1.0,1.2901,57.3957,4.2596,62.9463,-1,0.0, -> [chair (Right): 13%]
frame_000607,-1.0,1.3717,57.2287,4.1152,62.7167,-1,0.0, -> [chair (Right): 12%]
frame_000608,-1.0,1.2741,57.3499,4.1229,62.7478,-1,0.0, -> [chair (Right): 11%]
frame_000609,-1.0,1.3258,56.6481,4.0573,62.032,-1,0.0, -> [background only]
frame_000610,-1.0,1.338,57.6166,4.2302,63.1858,-1,0.0, -> [chair (Right): 10%]
frame_000611,-1.0,1.2975,57.3,4.0973,62.6956,-1,0.0, -> [bicycle (Top-Right): 5%]
frame_000612,-1.0,1.536,65.4092,4.3604,71.3066,-1,0.0," -> [chair (Center): 4%, motorbike (Top-Right): 2%]"
frame_000613,-1.0,1.2843,57.8189,5.3368,64.4415,-1,0.0," -> [bicycle (Center): 3%, chair (Top): 2%]"
frame_000614,-1.0,1.0806,57.1264,4.2144,62.4228,-1,0.0, -> [chair (Center): 14%]
frame_000615,-1.0,1.3082,56.9131,4.2987,62.5209,-1,0.0," -> [bicycle (Center): 7%, chair (Top-Right): 10%]"
frame_000616,-1.0,1.2942,57.2497,6.0156,64.5608,-1,0.0," -> [bicycle (Center): 1%, chair (Center): 7%, motorbike (Top-Right): 16%]"
frame_000617,-1.0,1.1089,56.7594,4.3137,62.1833,-1,0.0," -> [bicycle (Center): 8%, chair (Bottom): 2%, motorbike (Top-Right): 27%]"
frame_000618,-1.0,1.246,57.0618,4.2349,62.5436,-1,0.0, -> [chair (Center): 42%]
frame_000619,-1.0,1.2646,57.6447,4.3485,63.2588,-1,0.0," -> [bicycle (Center): 14%, chair (Right): 32%]"
frame_000620,-1.0,1.1903,57.8559,4.145,63.1921,-1,0.0," -> [bicycle (Left): 3%, chair (Top): 11%]"
frame_000621,-1.0,1.3059,56.1556,4.0382,61.5009,-1,0.0, -> [chair (Center): 38%]
frame_000622,-1.0,1.2738,57.6757,4.2828,63.2333,-1,0.0," -> [bicycle (Left): 1%, chair (Top): 26%]"
frame_000623,-1.0,1.2591,57.2168,4.0856,62.5624,-1,0.0, -> [chair (Top): 7%]
frame_000624,-1.0,1.2944,59.0128,4.0241,64.3327,-1,0.0, -> [background only]
frame_000625,-1.0,1.2496,57.6795,4.16,63.0901,-1,0.0, -> [tvmonitor (Bottom-Right): 3%]
frame_000626,-1.0,1.2719,56.9858,4.0833,62.3419,-1,0.0, -> [background only]
frame_000627,-1.0,1.3018,56.8324,3.9152,62.0502,-1,0.0, -> [background only]
frame_000628,-1.0,1.2698,57.1195,4.2167,62.607,-1,0.0, -> [aeroplane (Top): 31%]
frame_000629,-1.0,1.2136,56.3824,4.0669,61.6643,-1,0.0, -> [background only]
frame_000630,-1.0,1.2608,57.1365,3.997,62.3953,-1,0.0, -> [background only]
frame_000631,-1.0,1.2798,57.2182,4.0733,62.572,-1,0.0, -> [background only]
frame_000632,-1.0,1.2926,57.1516,4.1244,62.5696,-1,0.0, -> [background only]
frame_000633,-1.0,1.296,57.2823,4.1255,62.7048,-1,0.0, -> [chair (Top-Left): 6%]
frame_000634,-1.0,1.2976,57.6426,4.1366,63.0778,-1,0.0, -> [chair (Top-Left): 3%]
frame_000635,-1.0,1.2678,57.2333,3.9964,62.4987,-1,0.0, -> [background only]
frame_000636,-1.0,1.2853,56.4509,4.0596,61.7967,-1,0.0, -> [background only]
frame_000637,-1.0,1.2687,56.7816,3.9577,62.0095,-1,0.0, -> [background only]
frame_000638,-1.0,1.3364,56.3523,4.0858,61.7753,-1,0.0, -> [background only]
frame_000639,-1.0,1.2818,56.7976,3.9404,62.0208,-1,0.0, -> [background only]
frame_000640,-1.0,1.2997,56.9488,3.967,62.2166,-1,0.0, -> [background only]
frame_000641,-1.0,1.2797,57.6031,3.989,62.8731,-1,0.0, -> [background only]
frame_000642,-1.0,1.2495,57.3007,4.0359,62.5871,-1,0.0, -> [background only]
frame_000643,-1.0,1.2743,57.6322,4.1042,63.0115,-1,0.0, -> [chair (Top-Right): 4%]
frame_000644,-1.0,1.2922,56.4626,4.0994,61.855,-1,0.0, -> [background only]
frame_000645,-1.0,1.4761,58.48,4.0148,63.9721,-1,0.0, -> [background only]
frame_000646,-1.0,1.2669,55.9703,4.1411,61.3794,-1,0.0, -> [chair (Right): 7%]
frame_000647,-1.0,1.4908,60.0482,4.1927,65.7327,-1,0.0, -> [chair (Top-Right): 2%]
frame_000648,-1.0,1.2994,57.2695,4.3502,62.9204,-1,0.0," -> [chair (Right): 14%, person (Top-Left): 1%, tvmonitor (Bottom-Left): 6%]"
frame_000649,-1.0,1.2305,57.2762,4.281,62.7889,-1,0.0," -> [chair (Right): 19%, person (Top-Left): 1%, tvmonitor (Bottom-Left): 17%]"
frame_000650,-1.0,1.2451,57.3599,4.2901,62.8959,-1,0.0," -> [chair (Right): 21%, person (Top-Left): 3%, tvmonitor (Left): 12%]"
frame_000651,-1.0,1.257,58.5416,4.3101,64.1097,-1,0.0," -> [chair (Right): 22%, tvmonitor (Bottom-Left): 6%]"
frame_000652,-1.0,1.2268,57.865,4.305,63.3978,-1,0.0," -> [chair (Right): 19%, tvmonitor (Bottom-Left): 15%]"
frame_000653,-1.0,1.2718,57.9322,6.2863,65.4919,-1,0.0," -> [chair (Center): 24%, person (Top-Left): 1%]"
frame_000654,-1.0,1.1052,57.3204,4.2076,62.6344,-1,0.0, -> [chair (Center): 14%]
frame_000655,-1.0,1.2382,57.5019,4.1185,62.8595,-1,0.0, -> [chair (Center): 20%]
frame_000656,-1.0,1.2945,56.8823,4.2206,62.3983,-1,0.0, -> [chair (Center): 17%]
frame_000657,-1.0,1.3296,57.403,4.23,62.9639,-1,0.0, -> [chair (Center): 16%]
frame_000658,-1.0,1.3073,56.5035,4.163,61.9748,-1,0.0, -> [chair (Center): 22%]
frame_000659,-1.0,1.3061,58.0145,4.2376,63.5591,-1,0.0, -> [chair (Center): 31%]
frame_000660,-1.0,1.2472,57.1851,4.2126,62.6461,-1,0.0, -> [chair (Center): 18%]
frame_000661,-1.0,1.2923,57.3189,4.1106,62.7223,-1,0.0, -> [chair (Left): 13%]
frame_000662,-1.0,1.2521,57.916,4.1953,63.3646,-1,0.0, -> [chair (Left): 15%]
frame_000663,-1.0,1.2832,57.6225,4.1834,63.0907,-1,0.0, -> [chair (Left): 15%]
frame_000664,-1.0,1.2689,57.6894,4.0515,63.0106,-1,0.0, -> [chair (Left): 18%]
frame_000665,-1.0,1.2582,56.9497,4.087,62.296,-1,0.0, -> [chair (Left): 18%]
frame_000666,-1.0,1.3412,56.9187,4.2061,62.4671,-1,0.0, -> [chair (Left): 17%]
frame_000667,-1.0,1.2748,57.2185,5.4899,63.9848,-1,0.0, -> [chair (Left): 1%]
frame_000668,-1.0,1.5749,57.3209,4.2232,63.1204,-1,0.0, -> [chair (Left): 1%]
frame_000669,-1.0,1.3304,56.5624,3.9866,61.8807,-1,0.0, -> [background only]
frame_000670,-1.0,0.9752,57.2165,3.9726,62.1651,-1,0.0, -> [background only]
frame_000671,-1.0,1.3209,57.0158,3.9794,62.3172,-1,0.0, -> [background only]
frame_000672,-1.0,1.2663,57.6375,3.9964,62.9015,-1,0.0, -> [background only]
frame_000673,-1.0,1.3169,56.9766,3.9955,62.2902,-1,0.0, -> [background only]
frame_000674,-1.0,1.2154,57.6038,3.9456,62.766,-1,0.0, -> [background only]
frame_000675,-1.0,1.3466,56.9592,4.0861,62.3925,-1,0.0, -> [background only]
frame_000676,-1.0,1.3363,57.5948,3.9848,62.9172,-1,0.0, -> [background only]
frame_000677,-1.0,1.3082,56.9502,4.0261,62.2858,-1,0.0, -> [background only]
frame_000678,-1.0,0.8889,57.4811,4.5049,62.8759,-1,0.0, -> [background only]
frame_000679,-1.0,1.1593,57.0577,4.1673,62.3853,-1,0.0, -> [background only]
frame_000680,-1.0,1.2786,57.3893,4.0633,62.732,-1,0.0, -> [background only]
frame_000681,-1.0,1.2487,57.6974,6.0222,64.9697,-1,0.0, -> [background only]
frame_000682,-1.0,1.0896,57.5316,4.1045,62.7267,-1,0.0, -> [background only]
frame_000683,-1.0,1.2588,56.5637,3.9057,61.7293,-1,0.0, -> [background only]
frame_000684,-1.0,1.3468,58.3136,4.133,63.7949,-1,0.0, -> [background only]
frame_000685,-1.0,1.2556,56.5752,4.1407,61.9728,-1,0.0, -> [background only]
frame_000686,-1.0,1.3006,56.6957,4.0907,62.0881,-1,0.0, -> [background only]
frame_000687,-1.0,1.2963,57.0924,3.9948,62.3848,-1,0.0, -> [background only]
frame_000688,-1.0,1.2257,57.5082,4.0266,62.7616,-1,0.0, -> [tvmonitor (Top-Left): 2%]
frame_000689,-1.0,1.3161,57.1113,4.144,62.5727,-1,0.0, -> [tvmonitor (Top-Left): 1%]
frame_000690,-1.0,1.1636,56.9293,4.3035,62.397,-1,0.0, -> [tvmonitor (Top-Left): 2%]
frame_000691,-1.0,1.2608,57.0808,4.1595,62.502,-1,0.0, -> [tvmonitor (Left): 5%]
frame_000692,-1.0,1.2613,57.1133,4.1734,62.5492,-1,0.0, -> [tvmonitor (Top-Left): 5%]
frame_000693,-1.0,1.2259,57.3569,4.0857,62.6694,-1,0.0, -> [background only]
frame_000694,-1.0,1.3881,58.0752,4.1103,63.5749,-1,0.0, -> [tvmonitor (Top-Left): 2%]
frame_000695,-1.0,1.3029,57.4249,4.1115,62.8402,-1,0.0, -> [tvmonitor (Top-Left): 2%]
frame_000696,-1.0,1.5659,70.6056,4.1525,76.3248,-1,0.0, -> [tvmonitor (Top-Left): 2%]
frame_000697,-1.0,0.9275,57.6837,5.3276,63.9399,-1,0.0, -> [tvmonitor (Top-Left): 1%]
frame_000698,-1.0,1.0893,57.7821,4.2137,63.0862,-1,0.0, -> [tvmonitor (Top-Left): 1%]
frame_000699,-1.0,1.2862,58.1573,4.0727,63.5172,-1,0.0, -> [tvmonitor (Top-Left): 1%]
frame_000700,-1.0,1.3268,57.7183,4.0678,63.1139,-1,0.0, -> [background only]
frame_000701,-1.0,1.306,57.3282,4.0243,62.6595,-1,0.0, -> [tvmonitor (Top-Left): 1%]
frame_000702,-1.0,1.2032,56.9404,4.1064,62.2511,-1,0.0, -> [tvmonitor (Top-Left): 2%]
frame_000703,-1.0,1.2808,56.5161,4.3141,62.112,-1,0.0, -> [tvmonitor (Top-Left): 2%]
frame_000704,-1.0,1.3306,58.9364,4.0847,64.3528,-1,0.0, -> [tvmonitor (Top-Left): 2%]
frame_000705,-1.0,1.3557,56.9106,4.0784,62.3459,-1,0.0, -> [tvmonitor (Top-Left): 1%]
frame_000706,-1.0,1.657,60.4719,4.1618,66.2916,-1,0.0, -> [tvmonitor (Top-Left): 2%]
frame_000707,-1.0,1.2201,57.9917,4.182,63.3948,-1,0.0, -> [tvmonitor (Top-Left): 1%]
frame_000708,-1.0,1.3208,57.7773,4.1401,63.2398,-1,0.0, -> [tvmonitor (Top-Left): 1%]
frame_000709,-1.0,1.255,56.7312,4.1445,62.1319,-1,0.0, -> [tvmonitor (Top-Left): 2%]
frame_000710,-1.0,1.2734,58.0625,4.2079,63.5451,-1,0.0, -> [tvmonitor (Top-Left): 1%]
frame_000711,-1.0,1.328,56.3215,4.0722,61.7232,-1,0.0, -> [tvmonitor (Top-Left): 2%]
frame_000712,-1.0,1.258,58.7879,4.1942,64.2411,-1,0.0, -> [tvmonitor (Top-Left): 2%]
frame_000713,-1.0,1.3567,57.9428,4.2063,63.5073,-1,0.0, -> [tvmonitor (Top-Left): 2%]
frame_000714,-1.0,1.3005,57.3939,5.7492,64.4452,-1,0.0, -> [tvmonitor (Top-Left): 2%]
frame_000715,-1.0,1.1091,57.0178,4.3024,62.4304,-1,0.0, -> [tvmonitor (Top-Left): 2%]
frame_000716,-1.0,1.2672,58.5021,4.2154,63.986,-1,0.0, -> [tvmonitor (Top-Left): 2%]
frame_000717,-1.0,1.3244,57.0095,4.1593,62.4942,-1,0.0, -> [tvmonitor (Top-Left): 2%]
frame_000718,-1.0,0.912,57.2636,4.1623,62.3385,-1,0.0, -> [tvmonitor (Top-Left): 1%]
frame_000719,-1.0,1.2197,56.9723,4.3495,62.5425,-1,0.0, -> [tvmonitor (Top-Left): 2%]
frame_000720,-1.0,1.2976,57.7082,4.1232,63.1296,-1,0.0, -> [tvmonitor (Left): 3%]
frame_000721,-1.0,1.3078,57.185,4.1179,62.6117,-1,0.0, -> [tvmonitor (Top-Left): 1%]
frame_000722,-1.0,1.2908,56.7234,4.3105,62.3263,-1,0.0, -> [tvmonitor (Top-Left): 1%]
frame_000723,-1.0,1.259,57.6646,4.307,63.2319,-1,0.0, -> [tvmonitor (Top-Left): 1%]
frame_000724,-1.0,1.2706,56.7201,4.1202,62.1118,-1,0.0, -> [tvmonitor (Top-Left): 1%]
frame_000725,-1.0,1.2698,58.315,4.0304,63.6164,-1,0.0, -> [background only]
frame_000726,-1.0,1.2798,57.5923,5.4886,64.3619,-1,0.0, -> [tvmonitor (Top-Left): 1%]
frame_000727,-1.0,1.1051,58.1558,4.1822,63.4449,-1,0.0, -> [tvmonitor (Top-Left): 1%]
frame_000728,-1.0,1.3331,57.4383,4.2162,62.9886,-1,0.0, -> [tvmonitor (Top-Left): 1%]
frame_000729,-1.0,1.2793,57.7185,4.1415,63.1403,-1,0.0, -> [tvmonitor (Top-Left): 2%]
frame_000730,-1.0,1.3063,58.1899,4.3063,63.8035,-1,0.0, -> [tvmonitor (Top-Left): 1%]
frame_000731,-1.0,0.9285,58.0506,4.2274,63.2075,-1,0.0, -> [tvmonitor (Top-Left): 1%]
frame_000732,-1.0,0.9423,58.2667,4.1938,63.4038,-1,0.0, -> [tvmonitor (Top-Left): 1%]
frame_000733,-1.0,1.0171,58.0224,4.0634,63.1039,-1,0.0, -> [tvmonitor (Top-Left): 1%]
frame_000734,-1.0,1.3264,57.9192,6.13,65.377,-1,0.0, -> [tvmonitor (Top-Left): 1%]
frame_000735,-1.0,1.1503,59.2844,4.0537,64.4897,-1,0.0, -> [tvmonitor (Top-Left): 1%]
frame_000736,-1.0,1.3076,57.4832,4.0995,62.8912,-1,0.0, -> [tvmonitor (Top-Left): 1%]
frame_000737,-1.0,1.2342,57.6237,4.328,63.1909,-1,0.0, -> [tvmonitor (Top-Left): 1%]
frame_000738,-1.0,1.3168,58.181,4.123,63.6215,-1,0.0, -> [tvmonitor (Top-Left): 1%]
frame_000739,-1.0,1.3249,56.7375,4.1575,62.2211,-1,0.0, -> [tvmonitor (Top-Left): 1%]
frame_000740,-1.0,1.2967,57.7515,4.2354,63.2849,-1,0.0, -> [tvmonitor (Top-Left): 1%]
frame_000741,-1.0,1.0606,55.4983,4.4187,60.9787,-1,0.0, -> [tvmonitor (Top-Left): 1%]
frame_000742,-1.0,1.3319,56.3053,4.1619,61.8003,-1,0.0, -> [tvmonitor (Top-Left): 1%]
frame_000743,-1.0,1.3542,57.1742,4.1014,62.631,-1,0.0, -> [tvmonitor (Top-Left): 1%]
frame_000744,-1.0,0.9738,56.8995,4.5296,62.4041,-1,0.0, -> [tvmonitor (Top-Left): 1%]
frame_000745,-1.0,0.9958,54.7297,4.6479,60.3746,-1,0.0, -> [tvmonitor (Top-Left): 1%]
frame_000746,-1.0,1.2825,56.1258,4.1075,61.5185,-1,0.0, -> [tvmonitor (Top-Left): 1%]
frame_000747,-1.0,1.2753,56.5136,3.9675,61.7571,-1,0.0, -> [tvmonitor (Top-Left): 1%]
frame_000748,-1.0,1.375,56.4679,4.2941,62.1378,-1,0.0, -> [tvmonitor (Top-Left): 1%]
frame_000749,-1.0,1.2259,57.0424,4.117,62.3862,-1,0.0, -> [tvmonitor (Top-Left): 1%]
frame_000750,-1.0,1.3237,57.2104,5.4424,63.9776,-1,0.0, -> [tvmonitor (Top-Left): 1%]
frame_000751,-1.0,1.0997,57.1334,4.3072,62.5416,-1,0.0, -> [tvmonitor (Top-Left): 2%]
frame_000752,-1.0,1.2431,57.3146,4.1779,62.7369,-1,0.0, -> [tvmonitor (Top-Left): 1%]
frame_000753,-1.0,1.4565,64.9079,5.4205,71.7861,-1,0.0, -> [background only]
frame_000754,-1.0,1.1459,57.9282,5.6153,64.6907,-1,0.0, -> [background only]
frame_000755,-1.0,1.1466,57.653,4.0806,62.8816,-1,0.0, -> [background only]
frame_000756,-1.0,1.2531,57.1244,3.7754,62.1541,-1,0.0, -> [background only]
frame_000757,-1.0,1.382,57.7822,4.2432,63.4087,-1,0.0, -> [chair (Left): 1%]
frame_000758,-1.0,1.3326,59.068,4.1849,64.5865,-1,0.0, -> [chair (Left): 1%]
frame_000759,-1.0,1.2691,56.932,3.8045,62.007,-1,0.0, -> [background only]
frame_000760,-1.0,1.2842,57.2001,3.9101,62.3953,-1,0.0, -> [background only]
frame_000761,-1.0,1.2924,57.5253,4.069,62.8875,-1,0.0, -> [background only]
frame_000762,-1.0,1.3355,58.2404,3.9286,63.5058,-1,0.0, -> [tvmonitor (Top-Left): 4%]
frame_000763,-1.0,1.3156,57.6862,4.2208,63.2235,-1,0.0, -> [tvmonitor (Top-Left): 9%]
frame_000764,-1.0,1.287,56.5074,4.2024,61.9976,-1,0.0, -> [tvmonitor (Top-Left): 7%]
frame_000765,-1.0,1.3326,57.843,4.1007,63.277,-1,0.0, -> [tvmonitor (Top-Left): 10%]
frame_000766,-1.0,1.2483,57.8279,5.354,64.4316,-1,0.0, -> [tvmonitor (Top-Left): 11%]
frame_000767,-1.0,1.5349,57.8378,4.3695,63.7434,-1,0.0, -> [tvmonitor (Top-Left): 10%]
frame_000768,-1.0,1.604,70.6443,3.8906,76.1397,-1,0.0, -> [tvmonitor (Top-Left): 10%]
frame_000769,-1.0,0.9207,57.5951,5.707,64.2239,-1,0.0, -> [tvmonitor (Top-Left): 11%]
frame_000770,-1.0,1.453,57.0903,4.1853,62.7296,-1,0.0, -> [tvmonitor (Top-Left): 11%]
frame_000771,-1.0,1.2572,56.9022,3.9811,62.1412,-1,0.0, -> [tvmonitor (Top-Left): 11%]
frame_000772,-1.0,1.3242,56.4523,4.074,61.8515,-1,0.0, -> [tvmonitor (Top-Left): 10%]
frame_000773,-1.0,1.3097,56.5061,4.3282,62.1448,-1,0.0, -> [tvmonitor (Top-Left): 10%]
frame_000774,-1.0,1.3262,56.2326,4.056,61.6159,-1,0.0, -> [tvmonitor (Top-Left): 10%]
frame_000775,-1.0,1.3439,57.7171,4.205,63.2667,-1,0.0, -> [tvmonitor (Top-Left): 10%]
frame_000776,-1.0,1.294,56.1102,4.129,61.5344,-1,0.0, -> [tvmonitor (Top-Left): 10%]
frame_000777,-1.0,1.2592,56.9971,4.0947,62.3518,-1,0.0, -> [tvmonitor (Top-Left): 11%]
frame_000778,-1.0,1.3907,55.8674,4.1085,61.3676,-1,0.0, -> [tvmonitor (Top-Left): 11%]
frame_000779,-1.0,1.2663,57.7017,4.1372,63.1063,-1,0.0, -> [tvmonitor (Top-Left): 10%]
frame_000780,-1.0,1.2906,56.3699,4.1768,61.8382,-1,0.0, -> [tvmonitor (Top-Left): 10%]
frame_000781,-1.0,1.1882,58.3304,4.1581,63.6776,-1,0.0, -> [tvmonitor (Top-Left): 10%]
frame_000782,-1.0,1.3357,56.311,4.1037,61.7514,-1,0.0, -> [tvmonitor (Top-Left): 11%]
frame_000783,-1.0,1.3328,57.3926,4.2442,62.9704,-1,0.0, -> [tvmonitor (Top-Left): 11%]
frame_000784,-1.0,1.2774,57.4593,4.201,62.9386,-1,0.0, -> [tvmonitor (Top-Left): 11%]
frame_000785,-1.0,1.2903,58.1733,4.1428,63.6075,-1,0.0, -> [tvmonitor (Top-Left): 10%]
frame_000786,-1.0,1.2856,55.8094,4.2291,61.3248,-1,0.0, -> [tvmonitor (Top-Left): 11%]
frame_000787,-1.0,1.3555,56.6505,4.1183,62.1248,-1,0.0, -> [tvmonitor (Top-Left): 11%]
frame_000788,-1.0,1.2835,56.7923,4.1491,62.2257,-1,0.0, -> [tvmonitor (Top-Left): 11%]
frame_000789,-1.0,1.3356,57.3534,4.1165,62.8064,-1,0.0, -> [tvmonitor (Top-Left): 11%]
frame_000790,-1.0,1.3055,57.4616,4.2332,63.0015,-1,0.0, -> [tvmonitor (Top-Left): 11%]
frame_000791,-1.0,0.9945,57.0728,4.1053,62.1734,-1,0.0, -> [tvmonitor (Top-Left): 11%]
frame_000792,-1.0,1.2714,56.8879,5.5247,63.6851,-1,0.0, -> [tvmonitor (Top-Left): 11%]
frame_000793,-1.0,1.0879,57.6862,4.2734,63.0487,-1,0.0, -> [tvmonitor (Top-Left): 11%]
frame_000794,-1.0,1.3008,57.4745,4.0961,62.8726,-1,0.0, -> [tvmonitor (Top-Left): 11%]
frame_000795,-1.0,1.2547,56.8056,4.2296,62.2906,-1,0.0, -> [tvmonitor (Top-Left): 11%]
frame_000796,-1.0,1.2915,58.7007,4.0811,64.0741,-1,0.0, -> [tvmonitor (Top-Left): 11%]
frame_000797,-1.0,1.3177,58.0918,4.1178,63.5283,-1,0.0, -> [tvmonitor (Top-Left): 11%]
frame_000798,-1.0,1.288,57.2275,4.1186,62.6352,-1,0.0, -> [tvmonitor (Top-Left): 11%]
frame_000799,-1.0,1.5324,58.3908,4.2248,64.1489,-1,0.0, -> [tvmonitor (Top-Left): 11%]
frame_000800,-1.0,1.288,56.912,4.2334,62.4341,-1,0.0, -> [tvmonitor (Top-Left): 11%]
frame_000801,-1.0,1.2955,57.6649,4.1515,63.1131,-1,0.0, -> [tvmonitor (Top-Left): 11%]
frame_000802,-1.0,1.3146,57.3425,4.152,62.8108,-1,0.0, -> [tvmonitor (Top-Left): 11%]
frame_000803,-1.0,1.2589,56.5787,4.2169,62.0559,-1,0.0, -> [tvmonitor (Top-Left): 11%]
frame_000804,-1.0,1.3126,57.1264,5.2735,63.7139,-1,0.0, -> [tvmonitor (Top-Left): 11%]
frame_000805,-1.0,1.1044,56.3095,4.1922,61.6073,-1,0.0, -> [tvmonitor (Top-Left): 11%]
frame_000806,-1.0,1.3095,56.5617,4.1587,62.0311,-1,0.0, -> [tvmonitor (Top-Left): 11%]
frame_000807,-1.0,1.2806,56.8786,4.274,62.4344,-1,0.0, -> [tvmonitor (Top-Left): 11%]
frame_000808,-1.0,1.3038,57.6277,4.1753,63.1078,-1,0.0, -> [tvmonitor (Top-Left): 11%]
frame_000809,-1.0,1.3094,57.2142,4.1294,62.6538,-1,0.0, -> [tvmonitor (Top-Left): 11%]
frame_000810,-1.0,1.3098,56.4297,4.1879,61.9284,-1,0.0, -> [tvmonitor (Top-Left): 11%]
frame_000811,-1.0,1.2359,57.54,4.0552,62.8321,-1,0.0, -> [tvmonitor (Top-Left): 11%]
frame_000812,-1.0,1.4353,57.557,4.1351,63.1285,-1,0.0, -> [tvmonitor (Top-Left): 11%]
frame_000813,-1.0,1.2636,57.5967,4.089,62.9501,-1,0.0, -> [tvmonitor (Top-Left): 11%]
frame_000814,-1.0,1.328,56.3369,5.0968,62.7628,-1,0.0, -> [tvmonitor (Top-Left): 11%]
frame_000815,-1.0,1.0812,57.3653,4.3256,62.7733,-1,0.0, -> [tvmonitor (Top-Left): 11%]
frame_000816,-1.0,1.3271,57.4322,4.1758,62.936,-1,0.0, -> [tvmonitor (Top-Left): 11%]
frame_000817,-1.0,1.3234,56.2807,4.1743,61.7796,-1,0.0, -> [tvmonitor (Top-Left): 11%]
frame_000818,-1.0,1.2778,56.7171,5.872,63.868,-1,0.0, -> [tvmonitor (Top-Left): 11%]
frame_000819,-1.0,1.0924,58.0322,4.2426,63.3685,-1,0.0, -> [tvmonitor (Top-Left): 11%]
frame_000820,-1.0,1.3104,58.3035,4.2417,63.8568,-1,0.0, -> [tvmonitor (Top-Left): 11%]
frame_000821,-1.0,1.0898,56.91,4.2082,62.2088,-1,0.0, -> [tvmonitor (Top-Left): 11%]
frame_000822,-1.0,1.3073,56.7408,4.1854,62.2345,-1,0.0, -> [tvmonitor (Top-Left): 11%]
frame_000823,-1.0,1.2563,56.8205,4.1709,62.2488,-1,0.0, -> [tvmonitor (Top-Left): 11%]
frame_000824,-1.0,1.3238,56.0358,4.1724,61.5328,-1,0.0, -> [tvmonitor (Top-Left): 11%]
frame_000825,-1.0,1.3103,56.6039,4.256,62.1713,-1,0.0, -> [tvmonitor (Top-Left): 11%]
frame_000826,-1.0,1.5298,67.6841,4.2451,73.4602,-1,0.0, -> [tvmonitor (Top-Left): 11%]
frame_000827,-1.0,1.0912,56.6086,4.2827,61.984,-1,0.0, -> [tvmonitor (Top-Left): 11%]
frame_000828,-1.0,1.2865,57.3249,4.1229,62.7357,-1,0.0, -> [tvmonitor (Top-Left): 11%]
frame_000829,-1.0,1.2629,56.7682,4.1477,62.1803,-1,0.0, -> [tvmonitor (Top-Left): 11%]
frame_000830,-1.0,1.3141,56.678,6.0437,64.0369,-1,0.0, -> [tvmonitor (Top-Left): 11%]
frame_000831,-1.0,1.1331,58.4985,4.3403,63.9731,-1,0.0, -> [tvmonitor (Top-Left): 11%]
frame_000832,-1.0,1.5013,62.9232,4.4306,68.8562,-1,0.0, -> [tvmonitor (Top-Left): 11%]
frame_000833,-1.0,1.0108,57.256,4.2687,62.5362,-1,0.0, -> [tvmonitor (Top-Left): 11%]
frame_000834,-1.0,1.3394,57.5231,4.1946,63.0582,-1,0.0, -> [tvmonitor (Top-Left): 11%]
frame_000835,-1.0,1.2001,56.9026,4.2657,62.3694,-1,0.0, -> [tvmonitor (Top-Left): 12%]
frame_000836,-1.0,1.3077,55.9422,4.2493,61.5002,-1,0.0, -> [tvmonitor (Top-Left): 12%]
frame_000837,-1.0,1.586,67.0999,4.3194,73.0061,-1,0.0, -> [tvmonitor (Top-Left): 12%]
frame_000838,-1.0,4.4866,61.641,4.3174,70.4467,-1,0.0, -> [chair (Top-Right): 4%]
frame_000839,-1.0,1.2194,57.3612,4.1157,62.6973,-1,0.0, -> [chair (Top-Right): 5%]
frame_000840,-1.0,1.0239,56.7666,4.2898,62.0816,-1,0.0, -> [chair (Top-Right): 4%]
frame_000841,-1.0,1.0545,57.283,4.1618,62.5006,-1,0.0, -> [chair (Top-Right): 4%]
frame_000842,-1.0,0.9804,57.4716,4.2032,62.6565,-1,0.0, -> [chair (Top-Right): 4%]
frame_000843,-1.0,0.9953,57.7046,4.1738,62.8747,-1,0.0, -> [chair (Top-Right): 4%]
frame_000844,-1.0,1.0093,57.2886,4.2353,62.5341,-1,0.0, -> [chair (Top-Right): 4%]
frame_000845,-1.0,1.0051,60.038,4.1221,65.1664,-1,0.0, -> [chair (Top-Right): 5%]
frame_000846,-1.0,1.0842,57.3396,4.7013,63.1264,-1,0.0, -> [chair (Top-Right): 4%]
frame_000847,-1.0,1.1198,56.5447,4.2071,61.8728,-1,0.0, -> [chair (Top-Right): 4%]
frame_000848,-1.0,1.3055,56.2409,4.2011,61.7486,-1,0.0, -> [chair (Top-Right): 4%]
frame_000849,-1.0,1.2879,56.2368,4.2611,61.7872,-1,0.0, -> [chair (Top-Right): 5%]
frame_000850,-1.0,1.2677,56.9066,4.1899,62.3654,-1,0.0, -> [chair (Top-Right): 4%]
frame_000851,-1.0,1.339,55.9174,4.1367,61.3944,-1,0.0, -> [chair (Top-Right): 4%]
frame_000852,-1.0,1.2893,56.9658,4.2494,62.506,-1,0.0, -> [chair (Top-Right): 4%]
frame_000853,-1.0,1.3263,57.3763,4.16,62.8641,-1,0.0, -> [chair (Top-Right): 4%]
frame_000854,-1.0,1.0845,56.5706,5.0219,62.6783,-1,0.0, -> [chair (Top-Right): 4%]
frame_000855,-1.0,1.1068,56.9305,4.2771,62.3156,-1,0.0, -> [chair (Top-Right): 4%]
frame_000856,-1.0,1.3293,56.5211,4.0998,61.9509,-1,0.0, -> [chair (Top-Right): 4%]
frame_000857,-1.0,1.2949,56.817,4.0595,62.1725,-1,0.0, -> [chair (Top-Right): 4%]
frame_000858,-1.0,1.2956,56.7641,4.173,62.2335,-1,0.0, -> [chair (Top-Right): 4%]
frame_000859,-1.0,1.25,57.1687,4.1832,62.6029,-1,0.0, -> [chair (Top-Right): 4%]
frame_000860,-1.0,1.3179,57.0218,4.2724,62.6131,-1,0.0, -> [chair (Top-Right): 4%]
frame_000861,-1.0,1.3103,55.8412,4.1762,61.329,-1,0.0, -> [chair (Top-Right): 4%]
frame_000862,-1.0,1.3133,56.6659,4.2017,62.1822,-1,0.0, -> [chair (Top-Right): 4%]
frame_000863,-1.0,1.3278,57.2528,4.1994,62.7812,-1,0.0, -> [chair (Top-Right): 4%]
frame_000864,-1.0,1.3134,56.6479,4.2065,62.1689,-1,0.0, -> [chair (Top-Right): 5%]
frame_000865,-1.0,1.302,55.3734,4.1296,60.8065,-1,0.0, -> [chair (Top-Right): 4%]
frame_000866,-1.0,1.2995,56.2382,4.2008,61.7397,-1,0.0, -> [chair (Top-Right): 4%]
frame_000867,-1.0,1.3952,56.7893,4.038,62.2234,-1,0.0, -> [chair (Top-Right): 4%]
frame_000868,-1.0,1.352,54.4603,4.3075,60.1211,-1,0.0, -> [chair (Top-Right): 5%]
frame_000869,-1.0,1.3351,57.8557,4.1656,63.3575,-1,0.0, -> [chair (Top-Right): 4%]
frame_000870,-1.0,1.3576,56.2296,4.1276,61.7159,-1,0.0, -> [chair (Top-Right): 4%]
frame_000871,-1.0,1.3162,55.7719,4.1032,61.1924,-1,0.0, -> [chair (Top-Right): 4%]
frame_000872,-1.0,1.2859,57.3743,4.1315,62.7927,-1,0.0, -> [chair (Top-Right): 4%]
frame_000873,-1.0,1.3053,57.7559,4.122,63.1844,-1,0.0, -> [chair (Top-Right): 4%]
frame_000874,-1.0,1.5512,56.8571,4.0407,62.4501,-1,0.0, -> [chair (Top-Right): 4%]
frame_000875,-1.0,1.263,56.5437,4.1245,61.9319,-1,0.0, -> [chair (Top-Right): 4%]
frame_000876,-1.0,1.3124,56.5759,4.1681,62.0572,-1,0.0, -> [chair (Top-Right): 4%]
frame_000877,-1.0,1.2809,56.1297,4.074,61.4859,-1,0.0, -> [chair (Top-Right): 4%]
frame_000878,-1.0,1.2968,57.3736,4.1438,62.8151,-1,0.0, -> [chair (Top-Right): 4%]
frame_000879,-1.0,1.2983,56.347,4.0921,61.7389,-1,0.0, -> [chair (Top-Right): 4%]
frame_000880,-1.0,1.2665,56.9365,4.1169,62.321,-1,0.0, -> [chair (Top-Right): 4%]
frame_000881,-1.0,1.276,55.8799,4.2172,61.374,-1,0.0, -> [chair (Top-Right): 4%]
frame_000882,-1.0,1.1316,56.0563,4.1534,61.3419,-1,0.0, -> [chair (Top-Right): 4%]
frame_000883,-1.0,1.3435,56.9718,4.7112,63.0278,-1,0.0, -> [chair (Top-Right): 5%]
frame_000884,-1.0,1.1339,57.8339,4.291,63.2599,-1,0.0, -> [chair (Top-Right): 5%]
frame_000885,-1.0,1.4895,58.4462,4.3429,64.2795,-1,0.0, -> [chair (Top-Right): 5%]
frame_000886,-1.0,1.2998,56.5576,4.0424,61.9008,-1,0.0, -> [chair (Top-Right): 5%]
frame_000887,-1.0,1.3278,56.7456,4.1156,62.19,-1,0.0, -> [chair (Top-Right): 5%]
frame_000888,-1.0,1.3421,56.2855,4.0782,61.7065,-1,0.0, -> [chair (Top-Right): 4%]
frame_000889,-1.0,1.3416,56.552,4.2079,62.1024,-1,0.0, -> [chair (Top-Right): 4%]
frame_000890,-1.0,1.3334,56.2839,4.1367,61.7551,-1,0.0, -> [chair (Top-Right): 4%]
frame_000891,-1.0,1.2903,55.528,4.1029,60.9222,-1,0.0, -> [chair (Top-Right): 4%]
frame_000892,-1.0,1.3047,55.5337,4.1909,61.0305,-1,0.0, -> [chair (Top-Right): 5%]
frame_000893,-1.0,1.2552,56.3146,4.1138,61.6846,-1,0.0, -> [chair (Top-Right): 4%]
frame_000894,-1.0,1.3392,55.9433,4.226,61.5098,-1,0.0, -> [chair (Top-Right): 4%]
frame_000895,-1.0,1.4676,72.6676,4.3265,78.4632,-1,0.0, -> [chair (Top-Right): 4%]
frame_000896,-1.0,1.0019,59.4724,4.1187,64.5944,-1,0.0, -> [chair (Top-Right): 4%]
frame_000897,-1.0,1.0945,57.3135,4.1573,62.5666,-1,0.0, -> [chair (Top-Right): 4%]
frame_000898,-1.0,1.3863,59.8091,4.2345,65.4309,-1,0.0, -> [chair (Top-Right): 4%]
frame_000899,-1.0,1.3451,54.6747,4.3404,60.3613,-1,0.0, -> [chair (Top-Right): 4%]
frame_000900,-1.0,1.3138,56.6583,4.1687,62.1418,-1,0.0, -> [chair (Top-Right): 4%]
frame_000901,-1.0,1.3033,56.4481,4.1238,61.8763,-1,0.0, -> [chair (Top-Right): 4%]
frame_000902,-1.0,1.3868,56.3088,4.1182,61.8149,-1,0.0, -> [chair (Top-Right): 4%]
frame_000903,-1.0,1.2453,56.7142,4.0823,62.0431,-1,0.0, -> [chair (Top-Right): 4%]
frame_000904,-1.0,1.2618,55.9772,4.1212,61.3612,-1,0.0, -> [chair (Top-Right): 4%]
frame_000905,-1.0,1.3004,56.8079,4.1657,62.2751,-1,0.0, -> [chair (Top-Right): 4%]
frame_000906,-1.0,1.2727,56.3927,4.0647,61.7313,-1,0.0, -> [chair (Top-Right): 4%]
frame_000907,-1.0,1.2599,56.1759,4.1267,61.5634,-1,0.0, -> [chair (Top-Right): 4%]
frame_000908,-1.0,1.5215,56.196,4.2252,61.9439,-1,0.0, -> [chair (Top-Right): 4%]
frame_000909,-1.0,1.3737,64.9389,4.1679,70.4818,-1,0.0, -> [chair (Top-Right): 4%]
frame_000910,-1.0,0.9572,56.4593,4.1779,61.5955,-1,0.0, -> [chair (Top-Right): 4%]
frame_000911,-1.0,1.3532,57.2794,4.0412,62.6749,-1,0.0, -> [chair (Top-Right): 4%]
frame_000912,-1.0,1.266,56.6243,4.1544,62.0456,-1,0.0, -> [chair (Top-Right): 4%]
frame_000913,-1.0,1.3505,58.4244,4.2474,64.0236,-1,0.0, -> [chair (Top-Right): 4%]
frame_000914,-1.0,1.1465,56.0272,4.4309,61.6057,-1,0.0, -> [chair (Top-Right): 4%]
frame_000915,-1.0,1.2415,57.8503,4.1246,63.2173,-1,0.0, -> [chair (Top-Right): 4%]
frame_000916,-1.0,1.1831,55.8797,4.4545,61.5186,-1,0.0, -> [chair (Top-Right): 4%]
frame_000917,-1.0,1.3645,57.8658,4.0534,63.2851,-1,0.0, -> [chair (Top-Right): 3%]
frame_000918,-1.0,1.3369,57.6134,4.2751,63.2265,-1,0.0, -> [chair (Top-Right): 3%]
frame_000919,-1.0,1.5946,58.6755,4.1443,64.4161,-1,0.0, -> [chair (Top-Right): 5%]
frame_000920,-1.0,1.2922,56.8299,4.1774,62.3007,-1,0.0, -> [chair (Top): 1%]
frame_000921,-1.0,1.314,57.2477,4.136,62.6986,-1,0.0, -> [chair (Top): 2%]
frame_000922,-1.0,1.3657,57.6118,4.1564,63.1348,-1,0.0, -> [chair (Top): 2%]
frame_000923,-1.0,1.4455,56.9919,4.1253,62.5639,-1,0.0, -> [background only]
frame_000924,-1.0,1.2629,56.4883,4.1235,61.8762,-1,0.0, -> [chair (Top): 3%]
frame_000925,-1.0,1.2653,56.6451,4.0561,61.9676,-1,0.0, -> [chair (Top): 1%]
frame_000926,-1.0,1.3141,56.5118,4.0424,61.8693,-1,0.0, -> [background only]
frame_000927,-1.0,1.2003,56.6604,4.0168,61.8789,-1,0.0, -> [background only]
frame_000928,-1.0,1.308,56.7233,4.1928,62.2249,-1,0.0, -> [chair (Top): 1%]
frame_000929,-1.0,1.3498,56.9633,4.1857,62.5,-1,0.0, -> [chair (Top): 2%]
frame_000930,-1.0,1.3599,57.1722,5.3747,63.908,-1,0.0, -> [chair (Top): 2%]
frame_000931,-1.0,1.2556,57.2395,4.2858,62.7822,-1,0.0, -> [tvmonitor (Right): 2%]
frame_000932,-1.0,1.289,56.1289,4.1841,61.603,-1,0.0," -> [chair (Top): 1%, tvmonitor (Right): 2%]"
frame_000933,-1.0,1.2403,56.6609,4.2959,62.1979,-1,0.0," -> [chair (Top): 2%, tvmonitor (Right): 3%]"
frame_000934,-1.0,1.3377,57.3915,4.1715,62.9017,-1,0.0," -> [chair (Top): 1%, tvmonitor (Right): 4%]"
frame_000935,-1.0,1.2645,57.0351,4.0586,62.3589,-1,0.0, -> [tvmonitor (Right): 4%]
frame_000936,-1.0,1.3206,56.5118,5.1758,63.0095,-1,0.0, -> [tvmonitor (Right): 4%]
frame_000937,-1.0,1.0892,54.8983,4.3399,60.3287,-1,0.0, -> [tvmonitor (Bottom-Right): 3%]
frame_000938,-1.0,1.3156,57.2568,4.1714,62.7445,-1,0.0, -> [tvmonitor (Right): 5%]
frame_000939,-1.0,1.3267,56.4302,4.2234,61.9813,-1,0.0, -> [tvmonitor (Bottom-Right): 4%]
frame_000940,-1.0,1.3388,57.707,4.1673,63.2142,-1,0.0, -> [tvmonitor (Bottom-Right): 3%]
frame_000941,-1.0,1.4005,56.8159,4.0354,62.2527,-1,0.0, -> [background only]
frame_000942,-1.0,1.2344,56.7201,3.9699,61.9253,-1,0.0, -> [background only]
frame_000943,-1.0,1.3169,56.2763,4.0035,61.598,-1,0.0, -> [background only]
frame_000944,-1.0,1.2407,56.3517,3.9651,61.5587,-1,0.0, -> [background only]
frame_000945,-1.0,1.2947,57.5459,4.0191,62.8608,-1,0.0, -> [background only]
frame_000946,-1.0,1.3111,54.9122,4.1861,60.4108,-1,0.0, -> [background only]
frame_000947,-1.0,1.245,56.2907,4.0218,61.5586,-1,0.0, -> [background only]
frame_000948,-1.0,1.3082,56.6823,3.9561,61.9475,-1,0.0, -> [background only]
frame_000949,-1.0,1.292,56.5504,4.078,61.9212,-1,0.0, -> [background only]
frame_000950,-1.0,1.2683,56.7631,3.9773,62.0095,-1,0.0, -> [background only]
frame_000951,-1.0,1.3458,56.3606,3.99,61.6973,-1,0.0, -> [background only]
frame_000952,-1.0,1.2669,56.1216,4.1352,61.5249,-1,0.0, -> [background only]
frame_000953,-1.0,1.3095,56.8859,4.0928,62.2896,-1,0.0, -> [background only]
frame_000954,-1.0,1.3016,56.83,4.1277,62.2601,-1,0.0, -> [background only]
frame_000955,-1.0,1.2694,56.4888,4.0355,61.7944,-1,0.0, -> [background only]
frame_000956,-1.0,1.2919,55.7577,4.0499,61.1006,-1,0.0, -> [background only]
frame_000957,-1.0,1.1837,56.0205,4.0422,61.2471,-1,0.0, -> [background only]
frame_000958,-1.0,1.3097,56.501,3.9369,61.7485,-1,0.0, -> [background only]
frame_000959,-1.0,1.269,57.3931,3.9353,62.5984,-1,0.0, -> [background only]
frame_000960,-1.0,1.2753,57.3324,4.0566,62.6654,-1,0.0, -> [background only]
frame_000961,-1.0,1.2807,56.59,3.9322,61.8039,-1,0.0, -> [background only]
frame_000962,-1.0,1.2346,57.1295,5.6102,63.9756,-1,0.0, -> [background only]
frame_000963,-1.0,1.1599,54.8211,4.6438,60.6261,-1,0.0, -> [chair (Top-Left): 2%]
frame_000964,-1.0,1.2882,56.6295,4.3118,62.2304,-1,0.0," -> [chair (Top-Left): 2%, tvmonitor (Top-Right): 1%]"
frame_000965,-1.0,1.2794,56.6182,4.0328,61.9317,-1,0.0, -> [background only]
frame_000966,-1.0,1.2974,56.6853,4.5721,62.5559,-1,0.0, -> [background only]
frame_000967,-1.0,1.1133,58.1255,4.0111,63.2513,-1,0.0, -> [background only]
frame_000968,-1.0,1.2901,57.6231,4.2605,63.1748,-1,0.0," -> [chair (Top-Right): 4%, tvmonitor (Top-Right): 2%]"
frame_000969,-1.0,1.0388,57.8216,4.0685,62.9297,-1,0.0, -> [background only]
frame_000970,-1.0,1.3346,56.5662,4.1286,62.0305,-1,0.0, -> [chair (Top-Right): 3%]
frame_000971,-1.0,1.3024,56.4768,4.3432,62.1233,-1,0.0, -> [chair (Right): 4%]
frame_000972,-1.0,1.382,58.9836,4.0834,64.4498,-1,0.0, -> [chair (Right): 7%]
frame_000973,-1.0,1.4898,59.5409,4.8784,65.9104,-1,0.0, -> [chair (Right): 8%]
frame_000974,-1.0,1.1118,57.5774,4.162,62.8525,-1,0.0, -> [chair (Right): 8%]
frame_000975,-1.0,1.2474,56.4246,4.1869,61.8599,-1,0.0, -> [chair (Right): 11%]
frame_000976,-1.0,1.2911,56.188,4.12,61.5999,-1,0.0, -> [chair (Top-Right): 9%]
frame_000977,-1.0,1.3039,56.4333,4.2199,61.958,-1,0.0," -> [chair (Right): 10%, tvmonitor (Top-Right): 2%]"
frame_000978,-1.0,1.3092,56.3176,4.1362,61.7639,-1,0.0," -> [chair (Right): 11%, tvmonitor (Top): 2%]"
frame_000979,-1.0,1.5831,65.7242,4.3543,71.6625,-1,0.0," -> [chair (Right): 10%, tvmonitor (Top): 2%]"
frame_000980,-1.0,0.9754,56.8869,4.26,62.1228,-1,0.0, -> [chair (Right): 7%]
frame_000981,-1.0,1.3069,56.9909,4.319,62.6177,-1,0.0, -> [chair (Right): 12%]
frame_000982,-1.0,1.31,56.5065,4.2521,62.0696,-1,0.0," -> [chair (Right): 6%, tvmonitor (Top): 1%]"
frame_000983,-1.0,1.2464,57.5336,4.1792,62.9601,-1,0.0," -> [chair (Right): 8%, tvmonitor (Top): 3%]"
frame_000984,-1.0,1.2402,57.5915,4.1798,63.0126,-1,0.0," -> [chair (Right): 7%, tvmonitor (Top): 4%]"
frame_000985,-1.0,1.3159,56.8049,5.6621,63.784,-1,0.0, -> [chair (Right): 13%]
frame_000986,-1.0,1.0646,56.647,4.2521,61.9648,-1,0.0," -> [chair (Center): 11%, tvmonitor (Top): 1%]"
frame_000987,-1.0,1.3124,56.0639,4.2061,61.5835,-1,0.0," -> [chair (Center): 9%, tvmonitor (Top-Right): 8%]"
frame_000988,-1.0,1.2822,56.2207,4.2124,61.7165,-1,0.0," -> [chair (Center): 7%, tvmonitor (Top-Right): 10%]"
frame_000989,-1.0,1.2436,56.1594,4.2413,61.6451,-1,0.0," -> [chair (Center): 6%, tvmonitor (Top-Right): 13%]"
frame_000990,-1.0,1.2991,56.7797,4.3754,62.4553,-1,0.0," -> [chair (Center): 5%, tvmonitor (Top-Right): 15%]"
frame_000991,-1.0,1.3278,56.6834,4.2181,62.2303,-1,0.0," -> [chair (Center): 5%, tvmonitor (Top-Right): 18%]"
frame_000992,-1.0,1.2818,55.8481,5.6742,62.8054,-1,0.0," -> [chair (Center): 13%, tvmonitor (Top-Right): 14%]"
frame_000993,-1.0,1.1853,58.2618,4.3141,63.7625,-1,0.0," -> [chair (Center): 11%, tvmonitor (Top-Right): 16%]"
frame_000994,-1.0,1.2418,56.7295,4.1812,62.1537,-1,0.0," -> [chair (Center): 8%, tvmonitor (Top-Right): 16%]"
frame_000995,-1.0,1.267,56.8791,4.3567,62.5037,-1,0.0," -> [chair (Center): 8%, tvmonitor (Right): 18%]"
frame_000996,-1.0,1.2897,56.7866,4.2924,62.3693,-1,0.0," -> [chair (Center): 7%, tvmonitor (Top): 18%]"
frame_000997,-1.0,1.2607,57.2186,4.2551,62.7351,-1,0.0," -> [chair (Center): 7%, tvmonitor (Top-Right): 21%]"
frame_000998,-1.0,1.3951,56.6063,4.3236,62.3261,-1,0.0," -> [chair (Center): 6%, tvmonitor (Top): 24%]"
frame_000999,-1.0,1.3145,56.9149,4.3962,62.6266,-1,0.0," -> [chair (Center): 9%, tvmonitor (Top): 10%]"
frame_001000,-1.0,1.55,57.0091,4.3283,62.8887,-1,0.0," -> [chair (Left): 11%, tvmonitor (Top): 12%]"
frame_001001,-1.0,1.3243,56.8595,4.2802,62.4652,-1,0.0," -> [chair (Left): 13%, tvmonitor (Top): 13%]"
frame_001002,-1.0,1.2602,57.0931,4.1869,62.541,-1,0.0," -> [chair (Left): 8%, tvmonitor (Right): 28%]"
frame_001003,-1.0,1.2784,56.5323,4.2498,62.0614,-1,0.0," -> [chair (Left): 10%, tvmonitor (Right): 22%]"
frame_001004,-1.0,1.3098,56.4353,4.2656,62.0115,-1,0.0," -> [chair (Top-Left): 10%, tvmonitor (Right): 20%]"
frame_001005,-1.0,1.2846,56.4281,4.2263,61.9401,-1,0.0," -> [chair (Left): 10%, tvmonitor (Right): 26%]"
frame_001006,-1.0,1.3137,55.88,4.1381,61.3328,-1,0.0," -> [chair (Left): 15%, tvmonitor (Top): 2%]"
frame_001007,-1.0,1.2758,57.0321,4.2132,62.5221,-1,0.0, -> [chair (Left): 15%]
frame_001008,-1.0,1.3082,56.5278,4.3167,62.1537,-1,0.0," -> [chair (Left): 13%, tvmonitor (Top): 1%]"
frame_001009,-1.0,1.3047,56.3458,4.2628,61.9141,-1,0.0," -> [chair (Left): 11%, tvmonitor (Center): 27%]"
frame_001010,-1.0,1.3025,56.7432,4.3534,62.3999,-1,0.0," -> [chair (Left): 8%, tvmonitor (Center): 12%]"
frame_001011,-1.0,1.2834,57.6866,4.4184,63.3898,-1,0.0," -> [chair (Left): 7%, tvmonitor (Center): 17%]"
frame_001012,-1.0,1.0498,57.6421,4.1596,62.8522,-1,0.0," -> [chair (Left): 7%, tvmonitor (Center): 24%]"
frame_001013,-1.0,1.6499,66.9784,4.4717,73.1011,-1,0.0," -> [chair (Left): 5%, tvmonitor (Center): 18%]"
frame_001014,-1.0,1.1449,56.7255,4.3409,62.2126,-1,0.0," -> [chair (Left): 5%, tvmonitor (Center): 21%]"
frame_001015,-1.0,1.2702,57.5582,4.6569,63.4867,-1,0.0," -> [chair (Left): 5%, tvmonitor (Center): 26%]"
frame_001016,-1.0,1.2309,57.8025,4.3728,63.4074,-1,0.0," -> [chair (Left): 5%, tvmonitor (Center): 27%]"
frame_001017,-1.0,1.5727,60.6033,4.2687,66.4462,-1,0.0," -> [chair (Left): 4%, tvmonitor (Center): 27%]"
frame_001018,-1.0,1.3153,57.9243,4.2661,63.5068,-1,0.0," -> [chair (Left): 4%, tvmonitor (Center): 27%]"
frame_001019,-1.0,1.3362,56.7247,4.4152,62.4771,-1,0.0," -> [chair (Left): 5%, tvmonitor (Center): 27%]"
frame_001020,-1.0,1.3413,56.203,4.2817,61.8267,-1,0.0," -> [chair (Left): 4%, tvmonitor (Center): 18%]"
frame_001021,-1.0,1.1951,57.4265,4.1382,62.7605,-1,0.0," -> [chair (Left): 4%, tvmonitor (Center): 26%]"
frame_001022,-1.0,1.2727,57.1258,4.3258,62.7253,-1,0.0," -> [chair (Left): 3%, tvmonitor (Center): 27%]"
frame_001023,-1.0,1.2637,56.4744,4.3922,62.1312,-1,0.0," -> [chair (Left): 3%, tvmonitor (Center): 26%]"
frame_001024,-1.0,1.2675,57.1732,4.23,62.6716,-1,0.0," -> [chair (Left): 3%, tvmonitor (Center): 25%]"
frame_001025,-1.0,1.2428,56.5031,4.2988,62.0456,-1,0.0," -> [chair (Left): 3%, tvmonitor (Center): 25%]"
frame_001026,-1.0,1.2577,56.015,4.3098,61.5833,-1,0.0," -> [chair (Left): 3%, tvmonitor (Center): 25%]"
frame_001027,-1.0,1.3001,55.7041,4.2961,61.301,-1,0.0," -> [chair (Left): 3%, tvmonitor (Center): 27%]"
frame_001028,-1.0,1.2779,56.4694,4.3748,62.1227,-1,0.0," -> [chair (Left): 3%, tvmonitor (Center): 27%]"
frame_001029,-1.0,1.2621,57.08,5.2367,63.5804,-1,0.0," -> [chair (Left): 3%, tvmonitor (Center): 27%]"
frame_001030,-1.0,1.0746,56.9616,4.2008,62.2383,-1,0.0," -> [chair (Left): 3%, tvmonitor (Center): 27%]"
frame_001031,-1.0,1.2788,55.9795,4.2422,61.5015,-1,0.0," -> [chair (Left): 3%, tvmonitor (Center): 27%]"
frame_001032,-1.0,1.232,56.8358,4.207,62.2762,-1,0.0," -> [chair (Left): 3%, tvmonitor (Center): 26%]"
frame_001033,-1.0,1.2753,55.8692,4.961,62.107,-1,0.0," -> [chair (Left): 2%, tvmonitor (Center): 26%]"
frame_001034,-1.0,1.1926,56.1169,4.2075,61.5185,-1,0.0," -> [chair (Left): 3%, tvmonitor (Center): 26%]"
frame_001035,-1.0,1.2439,55.7857,4.3821,61.4129,-1,0.0," -> [chair (Left): 3%, tvmonitor (Center): 26%]"
frame_001036,-1.0,1.3224,57.3267,4.2767,62.9265,-1,0.0," -> [chair (Left): 2%, tvmonitor (Center): 26%]"
frame_001037,-1.0,1.2146,55.4852,4.3161,61.0168,-1,0.0," -> [chair (Left): 2%, tvmonitor (Center): 26%]"
frame_001038,-1.0,1.3109,56.3095,4.2903,61.912,-1,0.0," -> [chair (Left): 2%, tvmonitor (Center): 27%]"
frame_001039,-1.0,1.2536,56.5827,4.3866,62.2242,-1,0.0," -> [chair (Left): 2%, tvmonitor (Center): 27%]"
frame_001040,-1.0,1.3129,56.5808,4.3488,62.2435,-1,0.0," -> [chair (Left): 2%, tvmonitor (Center): 27%]"
frame_001041,-1.0,1.2919,56.2683,4.3193,61.8805,-1,0.0," -> [chair (Left): 3%, tvmonitor (Center): 27%]"
frame_001042,-1.0,1.389,56.8096,4.3503,62.5498,-1,0.0," -> [chair (Left): 3%, tvmonitor (Center): 27%]"
frame_001043,-1.0,1.2565,55.9288,4.2392,61.4255,-1,0.0," -> [chair (Left): 3%, tvmonitor (Center): 27%]"
frame_001044,-1.0,1.3449,56.6705,4.3495,62.3659,-1,0.0," -> [chair (Left): 3%, tvmonitor (Center): 27%]"
frame_001045,-1.0,1.0078,56.5295,4.223,61.761,-1,0.0," -> [chair (Left): 3%, tvmonitor (Center): 27%]"
frame_001046,-1.0,1.2241,56.8917,4.3142,62.4312,-1,0.0," -> [chair (Left): 3%, tvmonitor (Center): 27%]"
frame_001047,-1.0,1.3195,55.6655,4.2133,61.1996,-1,0.0," -> [chair (Left): 3%, tvmonitor (Center): 27%]"
frame_001048,-1.0,1.2972,56.2812,4.2455,61.8249,-1,0.0," -> [chair (Left): 3%, tvmonitor (Center): 27%]"
frame_001049,-1.0,1.2793,55.8298,4.3283,61.4385,-1,0.0," -> [chair (Left): 3%, tvmonitor (Center): 27%]"
frame_001050,-1.0,1.3098,55.8086,4.3089,61.428,-1,0.0," -> [chair (Left): 3%, tvmonitor (Center): 27%]"
frame_001051,-1.0,1.3329,55.5302,4.28,61.1441,-1,0.0," -> [chair (Left): 3%, tvmonitor (Center): 27%]"
frame_001052,-1.0,1.3174,55.6215,4.1925,61.1321,-1,0.0," -> [chair (Left): 3%, tvmonitor (Center): 27%]"
frame_001053,-1.0,1.2895,56.2621,4.3631,61.9157,-1,0.0," -> [chair (Left): 3%, tvmonitor (Center): 27%]"
frame_001054,-1.0,1.2709,56.05,4.1977,61.5193,-1,0.0," -> [chair (Left): 3%, tvmonitor (Center): 27%]"
frame_001055,-1.0,1.3342,56.4074,4.293,62.0357,-1,0.0," -> [chair (Left): 3%, tvmonitor (Center): 27%]"
frame_001056,-1.0,1.3175,56.3335,4.2895,61.9415,-1,0.0," -> [chair (Left): 3%, tvmonitor (Center): 27%]"
frame_001057,-1.0,1.2769,56.1343,4.2046,61.6171,-1,0.0," -> [chair (Left): 3%, tvmonitor (Center): 27%]"
frame_001058,-1.0,1.2811,56.1523,4.2156,61.6497,-1,0.0," -> [chair (Left): 3%, tvmonitor (Center): 27%]"
frame_001059,-1.0,1.3159,56.2343,4.3009,61.8522,-1,0.0," -> [chair (Left): 3%, tvmonitor (Center): 27%]"
frame_001060,-1.0,1.0641,57.1056,4.2267,62.3972,-1,0.0," -> [chair (Left): 3%, tvmonitor (Center): 27%]"
frame_001061,-1.0,1.2779,55.9222,4.3039,61.505,-1,0.0," -> [chair (Left): 3%, tvmonitor (Center): 27%]"
frame_001062,-1.0,1.3585,55.9588,4.3122,61.6302,-1,0.0," -> [chair (Left): 3%, tvmonitor (Center): 27%]"
frame_001063,-1.0,1.2532,55.9652,4.2892,61.5084,-1,0.0," -> [chair (Left): 2%, tvmonitor (Center): 27%]"
frame_001064,-1.0,1.3107,56.326,4.1721,61.8094,-1,0.0," -> [chair (Left): 2%, tvmonitor (Center): 27%]"
frame_001065,-1.0,1.3397,56.3198,4.1923,61.8528,-1,0.0," -> [chair (Top-Left): 1%, tvmonitor (Center): 29%]"
frame_001066,-1.0,1.3343,56.0399,4.2403,61.6154,-1,0.0," -> [chair (Left): 2%, tvmonitor (Center): 28%]"
frame_001067,-1.0,0.9451,56.7977,4.1682,61.912,-1,0.0," -> [chair (Top-Left): 2%, tvmonitor (Center): 26%]"
frame_001068,-1.0,1.3817,56.6918,4.2621,62.3368,-1,0.0," -> [chair (Top-Left): 2%, tvmonitor (Center): 25%]"
frame_001069,-1.0,1.2757,56.8211,4.2439,62.342,-1,0.0," -> [chair (Top-Left): 2%, tvmonitor (Center): 26%]"
frame_001070,-1.0,1.3206,56.4857,4.3446,62.1521,-1,0.0," -> [chair (Top-Left): 2%, tvmonitor (Center): 26%]"
frame_001071,-1.0,1.3245,57.2199,4.28,62.8252,-1,0.0," -> [chair (Top-Left): 2%, tvmonitor (Center): 25%]"
frame_001072,-1.0,1.2928,56.2517,4.181,61.7262,-1,0.0," -> [chair (Top-Left): 2%, tvmonitor (Center): 25%]"
frame_001073,-1.0,1.2724,56.568,4.2056,62.0471,-1,0.0," -> [chair (Top-Left): 2%, tvmonitor (Center): 25%]"
frame_001074,-1.0,1.3093,56.5901,4.3293,62.2297,-1,0.0," -> [chair (Top-Left): 2%, tvmonitor (Center): 25%]"
frame_001075,-1.0,1.2616,56.2311,4.299,61.7927,-1,0.0," -> [chair (Top-Left): 2%, tvmonitor (Center): 28%]"
frame_001076,-1.0,1.3182,56.3673,4.3269,62.0132,-1,0.0," -> [chair (Top-Left): 1%, tvmonitor (Center): 29%]"
frame_001077,-1.0,1.2657,56.918,4.3053,62.4901,-1,0.0," -> [chair (Top-Left): 2%, tvmonitor (Center): 27%]"
frame_001078,-1.0,1.2764,56.4351,4.208,61.9205,-1,0.0," -> [chair (Top-Left): 3%, tvmonitor (Top): 27%]"
frame_001079,-1.0,1.2873,56.6373,4.2744,62.2001,-1,0.0," -> [chair (Top-Left): 3%, tvmonitor (Top): 22%]"
frame_001080,-1.0,1.2569,55.6423,6.3167,63.2171,-1,0.0," -> [chair (Top-Left): 3%, tvmonitor (Top): 24%]"
frame_001081,-1.0,1.1226,56.9975,4.1744,62.2957,-1,0.0," -> [chair (Top-Left): 3%, tvmonitor (Top): 25%]"
frame_001082,-1.0,1.3146,56.5217,4.2568,62.0941,-1,0.0," -> [chair (Top-Left): 3%, tvmonitor (Top): 26%]"
frame_001083,-1.0,1.4917,66.4006,4.1872,72.0806,-1,0.0," -> [chair (Top-Left): 3%, tvmonitor (Top): 25%]"
frame_001084,-1.0,1.2682,58.972,4.3431,64.584,-1,0.0," -> [chair (Top-Left): 3%, dog (Bottom): 6%, tvmonitor (Top): 28%]"
frame_001085,-1.0,0.9711,57.3868,4.2869,62.6454,-1,0.0," -> [chair (Top-Left): 2%, dog (Bottom): 13%, tvmonitor (Top): 27%]"
frame_001086,-1.0,1.4478,65.1419,4.4569,71.0476,-1,0.0," -> [chair (Top-Left): 3%, dog (Bottom): 12%, tvmonitor (Top): 26%]"
frame_001087,-1.0,1.0824,57.5988,4.1253,62.8072,-1,0.0," -> [chair (Top-Left): 2%, dog (Bottom): 11%, tvmonitor (Top): 25%]"
frame_001088,-1.0,1.2805,57.0408,4.246,62.5683,-1,0.0," -> [chair (Top-Left): 1%, tvmonitor (Top): 20%]"
frame_001089,-1.0,1.3143,57.1921,4.3752,62.8829,-1,0.0," -> [chair (Top-Left): 1%, tvmonitor (Top): 13%]"
frame_001090,-1.0,1.2358,56.976,4.225,62.4377,-1,0.0," -> [chair (Top-Left): 2%, tvmonitor (Top): 15%]"
frame_001091,-1.0,1.2915,56.3662,4.2921,61.9507,-1,0.0," -> [chair (Top-Left): 2%, tvmonitor (Top): 17%]"
frame_001092,-1.0,1.2758,56.5307,4.1565,61.9638,-1,0.0," -> [chair (Top-Left): 2%, tvmonitor (Top): 11%]"
frame_001093,-1.0,1.3125,55.852,4.8264,61.9922,-1,0.0," -> [chair (Top-Left): 2%, tvmonitor (Top): 15%]"
frame_001094,-1.0,1.03,55.8106,4.5269,61.3688,-1,0.0," -> [chair (Top-Left): 2%, tvmonitor (Top): 6%]"
frame_001095,-1.0,1.2988,56.0615,4.1318,61.4933,-1,0.0," -> [chair (Top-Left): 1%, tvmonitor (Top): 15%]"
frame_001096,-1.0,1.2329,56.7406,4.2313,62.2058,-1,0.0," -> [chair (Top-Left): 1%, tvmonitor (Top): 18%]"
frame_001097,-1.0,1.2554,56.7288,4.1957,62.181,-1,0.0," -> [chair (Top-Left): 1%, tvmonitor (Top): 17%]"
frame_001098,-1.0,1.3356,56.4943,4.2474,62.0779,-1,0.0," -> [chair (Top-Left): 2%, tvmonitor (Top): 15%]"
frame_001099,-1.0,1.6764,56.3559,4.2598,62.2928,-1,0.0," -> [chair (Top-Left): 2%, tvmonitor (Top): 15%]"
frame_001100,-1.0,1.2811,56.3285,4.1635,61.7741,-1,0.0," -> [chair (Top-Left): 2%, tvmonitor (Top): 13%]"
frame_001101,-1.0,1.3272,56.7793,4.2317,62.3388,-1,0.0," -> [chair (Top-Left): 2%, tvmonitor (Top): 15%]"
frame_001102,-1.0,1.3391,56.2379,4.1975,61.7752,-1,0.0," -> [chair (Top-Left): 2%, tvmonitor (Top): 13%]"
frame_001103,-1.0,1.2557,57.2178,4.3255,62.8,-1,0.0," -> [chair (Top-Left): 2%, tvmonitor (Top): 13%]"
frame_001104,-1.0,1.2608,55.2794,4.1829,60.7242,-1,0.0," -> [chair (Top-Left): 2%, tvmonitor (Top): 13%]"
frame_001105,-1.0,1.3044,56.8443,4.295,62.4446,-1,0.0," -> [chair (Top-Left): 2%, tvmonitor (Top): 11%]"
frame_001106,-1.0,1.2953,57.2004,4.3739,62.8708,-1,0.0," -> [chair (Top-Left): 2%, tvmonitor (Top): 9%]"
frame_001107,-1.0,1.0554,56.5942,4.2445,61.8948,-1,0.0," -> [chair (Top-Left): 2%, tvmonitor (Top): 12%]"
frame_001108,-1.0,1.3164,57.1786,4.2218,62.7179,-1,0.0," -> [chair (Top-Left): 2%, tvmonitor (Top): 13%]"
frame_001109,-1.0,1.329,56.255,4.3032,61.8879,-1,0.0," -> [chair (Top-Left): 2%, tvmonitor (Top): 12%]"
frame_001110,-1.0,1.3047,56.5869,4.2102,62.1029,-1,0.0," -> [chair (Top-Left): 2%, tvmonitor (Top): 12%]"
frame_001111,-1.0,1.3227,56.4154,4.1166,61.8556,-1,0.0," -> [chair (Top-Left): 2%, tvmonitor (Top): 17%]"
frame_001112,-1.0,1.3348,57.8307,4.3928,63.5594,-1,0.0," -> [chair (Top-Left): 3%, dog (Bottom): 11%, tvmonitor (Top): 23%]"
frame_001113,-1.0,1.3416,57.5732,4.4393,63.3552,-1,0.0," -> [chair (Top-Left): 3%, tvmonitor (Top): 27%]"
frame_001114,-1.0,1.5372,57.4235,4.3619,63.3234,-1,0.0," -> [chair (Top-Left): 3%, tvmonitor (Top): 28%]"
frame_001115,-1.0,1.322,56.6431,5.8339,63.8005,-1,0.0," -> [chair (Top-Left): 4%, tvmonitor (Top): 27%]"
frame_001116,-1.0,1.4134,54.6813,4.615,60.711,-1,0.0," -> [chair (Top-Left): 3%, tvmonitor (Top): 24%]"
frame_001117,-1.0,1.2752,56.937,4.3704,62.5836,-1,0.0," -> [chair (Top-Left): 3%, tvmonitor (Top): 25%]"
frame_001118,-1.0,1.0776,57.22,4.2369,62.5356,-1,0.0," -> [chair (Top-Left): 3%, tvmonitor (Top): 25%]"
frame_001119,-1.0,1.2605,56.9704,4.2797,62.5116,-1,0.0," -> [chair (Top-Left): 3%, tvmonitor (Top): 24%]"
frame_001120,-1.0,1.3491,55.7095,4.2055,61.2653,-1,0.0," -> [chair (Top-Left): 3%, tvmonitor (Top): 25%]"
frame_001121,-1.0,1.2543,56.7606,4.2415,62.2572,-1,0.0," -> [chair (Top-Left): 3%, tvmonitor (Top): 26%]"
frame_001122,-1.0,1.2845,56.5927,4.2557,62.1339,-1,0.0," -> [chair (Top-Left): 3%, tvmonitor (Top): 25%]"
frame_001123,-1.0,1.33,57.947,4.3031,63.5814,-1,0.0," -> [chair (Top-Left): 3%, tvmonitor (Top): 24%]"
frame_001124,-1.0,1.0984,57.6715,4.2872,63.0585,-1,0.0," -> [chair (Top-Left): 3%, tvmonitor (Top): 25%]"
frame_001125,-1.0,1.2858,56.8175,4.4992,62.6035,-1,0.0," -> [chair (Top-Left): 3%, tvmonitor (Top): 25%]"
frame_001126,-1.0,1.0189,56.2723,4.3064,61.5991,-1,0.0," -> [chair (Top-Left): 3%, tvmonitor (Top): 26%]"
frame_001127,-1.0,1.3079,56.4542,4.4026,62.1659,-1,0.0," -> [chair (Top-Left): 3%, tvmonitor (Top): 26%]"
frame_001128,-1.0,1.3119,56.5144,4.3356,62.1631,-1,0.0," -> [chair (Top-Left): 3%, tvmonitor (Top): 26%]"
frame_001129,-1.0,1.277,56.0481,4.2654,61.5915,-1,0.0," -> [chair (Top-Left): 2%, tvmonitor (Center): 31%]"
frame_001130,-1.0,1.309,56.5687,4.2056,62.084,-1,0.0," -> [chair (Left): 2%, tvmonitor (Center): 26%]"
frame_001131,-1.0,1.2862,56.8174,4.3684,62.4733,-1,0.0," -> [chair (Left): 2%, tvmonitor (Center): 26%]"
frame_001132,-1.0,1.4948,56.9875,4.2893,62.7728,-1,0.0," -> [chair (Left): 2%, tvmonitor (Center): 26%]"
frame_001133,-1.0,1.3629,56.795,4.3077,62.4666,-1,0.0," -> [chair (Left): 2%, tvmonitor (Center): 26%]"
frame_001134,-1.0,1.3027,56.1806,4.1368,61.6208,-1,0.0," -> [chair (Left): 2%, tvmonitor (Center): 24%]"
frame_001135,-1.0,1.256,56.9798,4.1913,62.4282,-1,0.0," -> [chair (Left): 1%, tvmonitor (Center): 28%]"
frame_001136,-1.0,1.2801,56.8265,4.2853,62.3928,-1,0.0," -> [chair (Left): 1%, tvmonitor (Center): 24%]"
frame_001137,-1.0,1.2873,56.8789,4.3545,62.5217,-1,0.0," -> [chair (Left): 1%, tvmonitor (Center): 26%]"
frame_001138,-1.0,1.2608,56.5869,4.203,62.0514,-1,0.0," -> [chair (Left): 2%, tvmonitor (Center): 19%]"
frame_001139,-1.0,1.2726,57.0129,4.2333,62.5198,-1,0.0," -> [chair (Left): 1%, tvmonitor (Center): 25%]"
frame_001140,-1.0,1.31,56.9582,4.213,62.4822,-1,0.0, -> [tvmonitor (Center): 30%]
frame_001141,-1.0,1.2674,56.7764,4.1877,62.2325,-1,0.0, -> [tvmonitor (Center): 27%]
frame_001142,-1.0,1.269,56.6379,4.1409,62.0487,-1,0.0, -> [tvmonitor (Center): 31%]
frame_001143,-1.0,1.2878,57.3201,4.1275,62.7364,-1,0.0, -> [tvmonitor (Center): 28%]
frame_001144,-1.0,1.3445,56.5329,4.204,62.0824,-1,0.0, -> [tvmonitor (Center): 27%]
frame_001145,-1.0,1.2797,57.2765,4.2534,62.8106,-1,0.0, -> [tvmonitor (Center): 29%]
frame_001146,-1.0,1.3157,56.2251,3.9173,61.459,-1,0.0, -> [background only]
frame_001147,-1.0,1.2599,57.1214,4.1655,62.548,-1,0.0, -> [tvmonitor (Center): 31%]
frame_001148,-1.0,1.2412,56.8027,4.2449,62.2898,-1,0.0, -> [tvmonitor (Center): 29%]
frame_001149,-1.0,1.2572,56.0324,4.126,61.4163,-1,0.0, -> [tvmonitor (Center): 32%]
frame_001150,-1.0,1.2947,59.1088,4.2089,64.6132,-1,0.0, -> [tvmonitor (Center): 24%]
frame_001151,-1.0,1.2583,56.7364,4.0752,62.0709,-1,0.0, -> [tvmonitor (Center): 32%]
frame_001152,-1.0,1.259,56.6583,4.1415,62.0594,-1,0.0, -> [tvmonitor (Center): 33%]
frame_001153,-1.0,1.2785,56.3646,4.0346,61.6785,-1,0.0, -> [tvmonitor (Center): 37%]
frame_001154,-1.0,1.3114,56.3441,4.3896,62.0459,-1,0.0, -> [tvmonitor (Center): 34%]
frame_001155,-1.0,1.2876,58.063,4.2814,63.6332,-1,0.0, -> [tvmonitor (Center): 37%]
frame_001156,-1.0,1.0911,57.1568,4.2631,62.5124,-1,0.0, -> [tvmonitor (Center): 32%]
frame_001157,-1.0,1.293,56.7438,4.0625,62.0999,-1,0.0, -> [background only]
frame_001158,-1.0,1.3515,56.7954,4.3505,62.4984,-1,0.0, -> [chair (Left): 1%]
frame_001159,-1.0,1.0046,58.0592,4.0615,63.1263,-1,0.0, -> [chair (Left): 2%]
frame_001160,-1.0,1.2683,57.9222,5.0366,64.2284,-1,0.0," -> [chair (Left): 4%, tvmonitor (Center): 35%]"
frame_001161,-1.0,1.1134,57.3123,4.3678,62.7948,-1,0.0," -> [chair (Left): 5%, tvmonitor (Center): 31%]"
frame_001162,-1.0,1.268,57.1783,4.2705,62.7177,-1,0.0," -> [chair (Left): 9%, tvmonitor (Center): 32%]"
frame_001163,-1.0,1.328,56.9272,4.2874,62.5434,-1,0.0," -> [chair (Left): 11%, tvmonitor (Top): 6%]"
frame_001164,-1.0,1.2649,56.8982,4.0806,62.2445,-1,0.0, -> [chair (Left): 10%]
frame_001165,-1.0,1.2531,57.5738,4.1528,62.9808,-1,0.0, -> [chair (Left): 16%]
frame_001166,-1.0,1.3367,57.249,4.1758,62.7628,-1,0.0," -> [chair (Left): 20%, tvmonitor (Center): 4%]"
frame_001167,-1.0,1.2878,56.8311,4.7104,62.8306,-1,0.0," -> [chair (Left): 16%, tvmonitor (Top-Right): 20%]"
frame_001168,-1.0,1.1735,56.6528,4.4541,62.2817,-1,0.0," -> [chair (Left): 21%, tvmonitor (Top): 1%]"
frame_001169,-1.0,1.2998,56.0086,4.2589,61.5685,-1,0.0," -> [chair (Left): 17%, tvmonitor (Top): 3%]"
frame_001170,-1.0,1.3141,57.2164,4.2438,62.7749,-1,0.0," -> [chair (Left): 23%, tvmonitor (Top): 4%]"
frame_001171,-1.0,1.2934,56.3925,4.1277,61.8148,-1,0.0, -> [chair (Left): 26%]
frame_001172,-1.0,1.2817,56.7435,4.2884,62.3145,-1,0.0," -> [chair (Left): 25%, tvmonitor (Top-Right): 1%]"
frame_001173,-1.0,1.2915,57.5386,4.2845,63.1155,-1,0.0," -> [chair (Left): 16%, tvmonitor (Top-Right): 11%]"
frame_001174,-1.0,1.2888,56.2408,4.3546,61.8853,-1,0.0," -> [chair (Top-Left): 16%, tvmonitor (Right): 18%]"
frame_001175,-1.0,1.0578,57.2915,4.1971,62.5477,-1,0.0," -> [chair (Center): 20%, tvmonitor (Right): 12%]"
frame_001176,-1.0,1.3583,56.5266,4.231,62.117,-1,0.0," -> [chair (Center): 21%, tvmonitor (Top-Right): 15%]"
frame_001177,-1.0,1.3284,56.8889,4.2011,62.4196,-1,0.0," -> [chair (Center): 30%, tvmonitor (Top-Right): 1%]"
frame_001178,-1.0,1.3087,56.7194,4.3443,62.3732,-1,0.0," -> [chair (Center): 38%, tvmonitor (Top-Right): 2%]"
frame_001179,-1.0,1.276,57.0278,4.1947,62.4992,-1,0.0," -> [chair (Center): 32%, tvmonitor (Top-Right): 9%]"
frame_001180,-1.0,1.355,56.305,4.277,61.9375,-1,0.0," -> [chair (Top): 14%, tvmonitor (Right): 11%]"
frame_001181,-1.0,1.3857,56.4436,4.3137,62.144,-1,0.0," -> [chair (Center): 29%, tvmonitor (Right): 10%]"
frame_001182,-1.0,1.2914,57.0575,4.204,62.5539,-1,0.0," -> [chair (Center): 21%, tvmonitor (Right): 8%]"
frame_001183,-1.0,1.5411,69.8084,4.3708,75.7215,-1,0.0," -> [chair (Center): 21%, tvmonitor (Right): 7%]"
frame_001184,-1.0,1.1157,57.0433,4.3753,62.5355,-1,0.0," -> [chair (Center): 29%, tvmonitor (Top-Right): 1%]"
frame_001185,-1.0,1.1023,57.4868,4.2181,62.8081,-1,0.0, -> [chair (Center): 29%]
frame_001186,-1.0,1.2724,57.0232,4.0763,62.3729,-1,0.0, -> [chair (Center): 28%]
frame_001187,-1.0,1.2978,57.549,4.134,62.9818,-1,0.0, -> [chair (Top-Right): 10%]
frame_001188,-1.0,1.3094,56.9926,4.0878,62.3907,-1,0.0, -> [chair (Top-Right): 14%]
frame_001189,-1.0,1.2742,57.7282,4.1611,63.1645,-1,0.0, -> [chair (Top-Right): 14%]
frame_001190,-1.0,1.3105,57.1466,4.1435,62.6014,-1,0.0, -> [chair (Top-Right): 12%]
frame_001191,-1.0,1.2715,57.5101,4.1696,62.952,-1,0.0, -> [chair (Right): 27%]
frame_001192,-1.0,1.2657,58.5429,4.187,63.9966,-1,0.0, -> [chair (Right): 13%]
frame_001193,-1.0,1.2432,56.6964,4.1316,62.072,-1,0.0, -> [chair (Top-Right): 8%]
frame_001194,-1.0,1.2099,57.0015,3.9443,62.1567,-1,0.0, -> [background only]
frame_001195,-1.0,1.3008,56.9124,4.2017,62.4161,-1,0.0, -> [chair (Top-Right): 5%]
frame_001196,-1.0,1.3449,56.994,4.0262,62.3662,-1,0.0, -> [chair (Right): 5%]
frame_001197,-1.0,1.4935,71.4455,4.2079,77.1481,-1,0.0, -> [chair (Top-Right): 2%]
frame_001198,-1.0,1.1152,57.7803,4.0685,62.9653,-1,0.0, -> [background only]
frame_001199,-1.0,1.053,57.4008,4.0002,62.455,-1,0.0, -> [background only]
frame_001200,-1.0,1.3193,58.3568,4.1943,63.8716,-1,0.0, -> [background only]
frame_001201,-1.0,1.288,57.0624,3.9715,62.3228,-1,0.0, -> [background only]
frame_001202,-1.0,1.354,56.3741,4.0668,61.796,-1,0.0, -> [background only]
frame_001203,-1.0,1.5072,57.5535,4.1796,63.2414,-1,0.0, -> [background only]
frame_001204,-1.0,1.3239,56.853,4.1025,62.2802,-1,0.0, -> [background only]
frame_001205,-1.0,1.4889,59.1118,4.0344,64.6358,-1,0.0, -> [background only]
frame_001206,-1.0,1.2871,57.1461,4.1726,62.6071,-1,0.0, -> [chair (Top-Left): 1%]
frame_001207,-1.0,1.3025,56.7708,4.2461,62.3204,-1,0.0, -> [chair (Top-Left): 2%]
frame_001208,-1.0,1.2669,56.8758,4.1028,62.2466,-1,0.0, -> [background only]
frame_001209,-1.0,1.2648,57.429,4.1978,62.8928,-1,0.0," -> [chair (Top-Left): 2%, tvmonitor (Top-Right): 3%]"
frame_001210,-1.0,1.3943,56.4159,4.1439,61.9551,-1,0.0, -> [chair (Top-Left): 2%]
frame_001211,-1.0,1.2579,57.1358,4.0702,62.4649,-1,0.0, -> [chair (Top-Left): 3%]
frame_001212,-1.0,1.2635,57.0752,4.1923,62.532,-1,0.0," -> [chair (Top-Left): 3%, tvmonitor (Top-Right): 2%]"
frame_001213,-1.0,1.3501,59.9487,4.3364,65.636,-1,0.0, -> [chair (Top-Left): 3%]
frame_001214,-1.0,1.1851,59.5242,4.6837,65.3942,-1,0.0, -> [background only]
frame_001215,-1.0,1.2245,57.1874,4.3344,62.7474,-1,0.0, -> [chair (Top-Left): 4%]
frame_001216,-1.0,1.2609,56.4903,4.2002,61.9524,-1,0.0, -> [chair (Top-Left): 3%]
frame_001217,-1.0,1.2521,56.7438,4.0997,62.0971,-1,0.0, -> [background only]
frame_001218,-1.0,1.2874,57.0939,4.0966,62.4791,-1,0.0, -> [chair (Top-Left): 3%]
frame_001219,-1.0,1.6281,56.6685,4.0832,62.3809,-1,0.0, -> [chair (Top-Left): 2%]
frame_001220,-1.0,1.2685,56.9042,4.3076,62.4813,-1,0.0," -> [chair (Top-Left): 3%, person (Top-Right): 1%, tvmonitor (Top-Right): 2%]"
frame_001221,-1.0,1.327,56.6577,6.1058,64.0918,-1,0.0, -> [chair (Top-Left): 4%]
frame_001222,-1.0,1.144,58.0972,4.3557,63.5986,-1,0.0," -> [chair (Top-Left): 2%, tvmonitor (Right): 2%]"
frame_001223,-1.0,1.3058,56.7433,6.2157,64.266,-1,0.0, -> [chair (Top-Left): 2%]
frame_001224,-1.0,1.0981,56.7349,4.1692,62.0033,-1,0.0, -> [chair (Top-Left): 1%]
frame_001225,-1.0,1.2839,55.8428,4.1484,61.2761,-1,0.0, -> [chair (Top-Left): 2%]
frame_001226,-1.0,1.2427,56.0544,4.068,61.3659,-1,0.0, -> [chair (Top-Left): 1%]
frame_001227,-1.0,1.2444,56.1422,4.0491,61.4368,-1,0.0, -> [background only]
frame_001228,-1.0,1.2975,56.518,3.9254,61.7417,-1,0.0, -> [background only]
frame_001229,-1.0,1.3121,56.5576,4.1304,62.0011,-1,0.0, -> [chair (Top-Left): 3%]
frame_001230,-1.0,1.3083,57.202,4.2173,62.7286,-1,0.0, -> [chair (Top-Left): 3%]
frame_001231,-1.0,1.2668,56.174,4.2086,61.6505,-1,0.0, -> [chair (Top-Left): 3%]
frame_001232,-1.0,1.3241,56.7198,4.3361,62.3807,-1,0.0," -> [chair (Top-Left): 3%, person (Top-Right): 1%, tvmonitor (Right): 9%]"
frame_001233,-1.0,1.2808,56.9978,4.24,62.5196,-1,0.0, -> [chair (Top-Left): 3%]
frame_001234,-1.0,1.2967,56.3001,4.1666,61.7644,-1,0.0, -> [chair (Top-Left): 3%]
frame_001235,-1.0,1.2374,56.3228,4.1734,61.7343,-1,0.0, -> [chair (Top-Left): 3%]
frame_001236,-1.0,1.3219,56.4811,4.1389,61.9427,-1,0.0, -> [chair (Top-Left): 3%]
frame_001237,-1.0,1.2483,56.841,4.0194,62.1096,-1,0.0, -> [chair (Top-Left): 3%]
frame_001238,-1.0,1.5166,56.876,4.1407,62.5342,-1,0.0, -> [chair (Top-Left): 3%]
frame_001239,-1.0,1.2962,55.7745,4.0891,61.1609,-1,0.0, -> [chair (Top-Left): 3%]
frame_001240,-1.0,1.5594,58.6507,4.1219,64.3331,-1,0.0, -> [chair (Top-Left): 4%]
frame_001241,-1.0,1.2523,57.0747,4.1973,62.5252,-1,0.0, -> [chair (Top-Left): 5%]
frame_001242,-1.0,1.3015,56.5294,4.2279,62.0597,-1,0.0," -> [chair (Left): 10%, tvmonitor (Bottom-Right): 4%]"
frame_001243,-1.0,1.2421,58.1285,4.1653,63.5365,-1,0.0, -> [chair (Top-Left): 6%]
frame_001244,-1.0,1.4961,60.9058,4.406,66.8089,-1,0.0, -> [chair (Left): 15%]
frame_001245,-1.0,1.1287,57.3188,4.2575,62.7062,-1,0.0," -> [bicycle (Bottom-Left): 3%, chair (Top-Left): 8%]"
frame_001246,-1.0,1.3181,57.1267,4.3877,62.8335,-1,0.0," -> [bicycle (Bottom-Left): 3%, chair (Top-Left): 7%]"
frame_001247,-1.0,1.3152,57.7783,4.0695,63.1638,-1,0.0, -> [chair (Top-Left): 2%]
frame_001248,-1.0,1.27,57.9209,4.1369,63.3291,-1,0.0, -> [chair (Top-Left): 6%]
frame_001249,-1.0,1.3152,57.6597,4.0968,63.0724,-1,0.0, -> [chair (Top-Left): 7%]
frame_001250,-1.0,1.5461,57.4595,4.2206,63.2273,-1,0.0," -> [bicycle (Bottom): 2%, chair (Top-Left): 3%]"
frame_001251,-1.0,1.3265,56.8943,4.0363,62.2577,-1,0.0, -> [chair (Top): 14%]
frame_001252,-1.0,1.2012,58.1157,4.2032,63.521,-1,0.0," -> [bicycle (Center): 1%, chair (Top): 9%]"
frame_001253,-1.0,1.302,57.1576,4.217,62.6777,-1,0.0, -> [chair (Top): 17%]
frame_001254,-1.0,1.3299,57.29,5.6053,64.2264,-1,0.0, -> [chair (Center): 24%]
frame_001255,-1.0,1.1458,59.0198,4.2901,64.457,-1,0.0, -> [motorbike (Center): 28%]
frame_001256,-1.0,1.3039,57.1837,4.2521,62.7407,-1,0.0," -> [chair (Top): 3%, motorbike (Top): 14%]"
frame_001257,-1.0,1.2695,56.8665,4.1939,62.3307,-1,0.0, -> [motorbike (Right): 55%]
frame_001258,-1.0,1.2995,56.539,4.1543,61.9938,-1,0.0, -> [chair (Top): 7%]
frame_001259,-1.0,1.3365,57.419,4.2609,63.0174,-1,0.0, -> [motorbike (Right): 57%]
frame_001260,-1.0,1.3307,57.5165,4.1774,63.0255,-1,0.0, -> [motorbike (Right): 45%]
frame_001261,-1.0,0.971,58.2344,4.2214,63.4275,-1,0.0, -> [motorbike (Right): 36%]
frame_001262,-1.0,0.9102,57.5749,4.1153,62.6016,-1,0.0, -> [motorbike (Right): 34%]
frame_001263,-1.0,0.9132,57.0737,5.6945,63.6826,-1,0.0, -> [motorbike (Top-Right): 10%]
frame_001264,-1.0,1.1243,57.4571,4.1951,62.7781,-1,0.0, -> [motorbike (Top-Right): 13%]
frame_001265,-1.0,1.2262,57.0258,4.2608,62.5142,-1,0.0, -> [motorbike (Right): 29%]
frame_001266,-1.0,1.3039,56.176,4.1267,61.6077,-1,0.0, -> [motorbike (Top-Right): 3%]
frame_001267,-1.0,1.2968,57.1081,4.2918,62.6979,-1,0.0, -> [motorbike (Top-Right): 4%]
frame_001268,-1.0,1.2611,57.6335,4.0221,62.9175,-1,0.0, -> [background only]
frame_001269,-1.0,1.2312,56.3881,4.0896,61.7099,-1,0.0, -> [motorbike (Top-Right): 7%]
frame_001270,-1.0,1.3328,56.7405,4.0422,62.1165,-1,0.0, -> [background only]
frame_001271,-1.0,1.3472,57.376,3.911,62.6349,-1,0.0, -> [background only]
frame_001272,-1.0,1.5146,57.1014,3.9946,62.6114,-1,0.0, -> [background only]
frame_001273,-1.0,1.2486,56.7944,4.1057,62.1493,-1,0.0, -> [background only]
frame_001274,-1.0,1.2492,56.6283,4.0142,61.8925,-1,0.0, -> [background only]
frame_001275,-1.0,1.2352,56.9803,3.9662,62.1826,-1,0.0, -> [background only]
frame_001276,-1.0,1.3524,57.0725,4.1051,62.5308,-1,0.0, -> [background only]
frame_001277,-1.0,1.2865,56.868,4.0724,62.2278,-1,0.0, -> [background only]
frame_001278,-1.0,1.2965,56.8333,4.2092,62.3398,-1,0.0, -> [background only]
frame_001279,-1.0,1.1254,54.4829,4.2239,59.8334,-1,0.0, -> [background only]
frame_001280,-1.0,1.3365,56.9125,3.9758,62.2257,-1,0.0, -> [background only]
frame_001281,-1.0,1.2938,59.1898,4.0453,64.5297,-1,0.0, -> [background only]
frame_001282,-1.0,1.287,56.5731,3.9324,61.7932,-1,0.0, -> [background only]
frame_001283,-1.0,1.4059,65.765,4.5515,71.7235,-1,0.0, -> [background only]
frame_001284,-1.0,1.1478,58.376,5.2536,64.7789,-1,0.0, -> [background only]
frame_001285,-1.0,1.1294,56.856,4.1241,62.1109,-1,0.0, -> [background only]
frame_001286,-1.0,1.284,57.5233,4.0139,62.8222,-1,0.0, -> [background only]
frame_001287,-1.0,1.3219,56.0182,4.0602,61.4014,-1,0.0, -> [background only]
frame_001288,-1.0,1.351,56.3362,5.2865,62.9751,-1,0.0, -> [background only]
frame_001289,-1.0,1.2829,56.6419,4.095,62.021,-1,0.0, -> [background only]
frame_001290,-1.0,1.2318,56.809,4.1105,62.1521,-1,0.0, -> [background only]
frame_001291,-1.0,1.3131,57.9066,4.0635,63.2841,-1,0.0, -> [background only]
frame_001292,-1.0,1.3441,56.9121,3.9865,62.2441,-1,0.0, -> [background only]
frame_001293,-1.0,1.2393,57.3273,4.074,62.6414,-1,0.0, -> [background only]
frame_001294,-1.0,1.3051,57.3797,3.9912,62.6767,-1,0.0, -> [background only]
frame_001295,-1.0,1.2168,57.1198,4.023,62.3608,-1,0.0, -> [background only]
frame_001296,-1.0,1.2843,55.9238,4.0191,61.228,-1,0.0, -> [background only]
frame_001297,-1.0,1.4854,64.4047,4.085,69.9766,-1,0.0, -> [background only]
frame_001298,-1.0,1.0204,56.9824,3.9989,62.0026,-1,0.0, -> [background only]
frame_001299,-1.0,1.3429,55.8556,4.0153,61.2146,-1,0.0, -> [background only]
frame_001300,-1.0,1.3155,56.0869,4.0408,61.4442,-1,0.0, -> [background only]
frame_001301,-1.0,1.2794,56.0786,4.0009,61.36,-1,0.0, -> [background only]
frame_001302,-1.0,1.2735,55.8656,4.0269,61.1671,-1,0.0, -> [background only]
frame_001303,-1.0,1.4528,55.2755,4.239,60.968,-1,0.0, -> [background only]
frame_001304,-1.0,1.3194,56.2698,3.953,61.5433,-1,0.0, -> [background only]
frame_001305,-1.0,1.251,56.4722,3.9425,61.6666,-1,0.0, -> [background only]
frame_001306,-1.0,1.2628,55.833,3.9377,61.0342,-1,0.0, -> [background only]
frame_001307,-1.0,1.2434,55.4427,4.0325,60.72,-1,0.0, -> [background only]
frame_001308,-1.0,1.3074,56.5542,3.9379,61.8005,-1,0.0, -> [background only]
frame_001309,-1.0,1.2704,56.9968,4.0323,62.3005,-1,0.0, -> [background only]
frame_001310,-1.0,1.2937,56.7997,3.9561,62.0507,-1,0.0, -> [background only]
frame_001311,-1.0,1.2631,56.2157,4.1399,61.6196,-1,0.0, -> [background only]
frame_001312,-1.0,1.2928,56.0161,4.0364,61.3463,-1,0.0, -> [background only]
frame_001313,-1.0,1.2385,56.7295,4.0305,61.9994,-1,0.0, -> [background only]
frame_001314,-1.0,1.2663,57.3916,4.0319,62.6914,-1,0.0, -> [background only]
frame_001315,-1.0,1.3973,57.1053,3.9664,62.4701,-1,0.0, -> [background only]
frame_001316,-1.0,1.3173,56.7888,4.0228,62.1302,-1,0.0, -> [background only]
frame_001317,-1.0,1.5591,59.4193,4.0644,65.0441,-1,0.0, -> [background only]
frame_001318,-1.0,1.4011,56.9843,3.9071,62.2935,-1,0.0, -> [background only]
frame_001319,-1.0,1.2883,57.0085,4.0662,62.3637,-1,0.0, -> [background only]
frame_001320,-1.0,1.3118,56.1711,3.9713,61.4552,-1,0.0, -> [background only]
frame_001321,-1.0,1.4962,59.8831,3.9603,65.3404,-1,0.0, -> [background only]
frame_001322,-1.0,1.3106,56.9684,4.0324,62.3127,-1,0.0, -> [background only]
frame_001323,-1.0,1.2993,56.9699,4.0718,62.342,-1,0.0, -> [background only]
frame_001324,-1.0,1.2728,56.6416,4.0688,61.9843,-1,0.0, -> [background only]
frame_001325,-1.0,1.3004,56.443,4.0355,61.7798,-1,0.0, -> [background only]
frame_001326,-1.0,1.3273,56.5445,4.0855,61.9581,-1,0.0, -> [background only]
frame_001327,-1.0,1.2798,56.029,4.0039,61.3138,-1,0.0, -> [background only]
frame_001328,-1.0,1.2729,56.9731,4.1923,62.4395,-1,0.0, -> [background only]
frame_001329,-1.0,1.2712,56.5569,4.088,61.9171,-1,0.0, -> [background only]
frame_001330,-1.0,1.3273,55.9385,4.0303,61.2972,-1,0.0, -> [background only]
frame_001331,-1.0,1.2702,56.8071,3.9754,62.0539,-1,0.0, -> [background only]
frame_001332,-1.0,1.3202,56.0885,3.9298,61.3395,-1,0.0, -> [background only]
frame_001333,-1.0,1.2777,57.0691,3.9941,62.3422,-1,0.0, -> [background only]
frame_001334,-1.0,1.2972,56.5965,3.9522,61.8467,-1,0.0, -> [background only]
frame_001335,-1.0,1.277,56.597,3.9789,61.8542,-1,0.0, -> [background only]
frame_001336,-1.0,1.2748,56.569,4.1067,61.9515,-1,0.0, -> [background only]
frame_001337,-1.0,1.2654,56.858,4.0103,62.1349,-1,0.0, -> [background only]
frame_001338,-1.0,1.2842,56.8622,4.0173,62.1649,-1,0.0, -> [background only]
frame_001339,-1.0,1.3122,56.7196,4.1371,62.1697,-1,0.0, -> [background only]
frame_001340,-1.0,1.3231,57.394,3.9616,62.6796,-1,0.0, -> [background only]
frame_001341,-1.0,1.2576,56.6869,4.0037,61.9497,-1,0.0, -> [background only]
frame_001342,-1.0,1.3149,57.2896,3.9992,62.6049,-1,0.0, -> [background only]
frame_001343,-1.0,1.2704,56.4464,4.0352,61.7533,-1,0.0, -> [background only]
frame_001344,-1.0,1.3171,55.9924,3.9629,61.2736,-1,0.0, -> [background only]
frame_001345,-1.0,1.2924,56.851,4.0558,62.2003,-1,0.0, -> [background only]
frame_001346,-1.0,1.3298,56.4941,3.9383,61.7632,-1,0.0, -> [background only]
frame_001347,-1.0,1.3147,57.0252,4.0224,62.3631,-1,0.0, -> [background only]
frame_001348,-1.0,1.2592,56.344,3.9881,61.5924,-1,0.0, -> [background only]
frame_001349,-1.0,1.2709,56.7163,4.1148,62.1031,-1,0.0, -> [background only]
frame_001350,-1.0,1.4157,56.2087,4.0027,61.6284,-1,0.0, -> [background only]
frame_001351,-1.0,1.2035,57.4236,4.1288,62.7569,-1,0.0, -> [background only]
frame_001352,-1.0,1.2985,56.1362,3.9359,61.3714,-1,0.0, -> [background only]
frame_001353,-1.0,1.3204,56.8595,3.9627,62.1436,-1,0.0, -> [background only]
frame_001354,-1.0,1.3809,58.8985,5.3542,65.6345,-1,0.0, -> [background only]
frame_001355,-1.0,1.246,55.3008,4.2552,60.8034,-1,0.0, -> [background only]
frame_001356,-1.0,1.3377,56.4996,4.0769,61.9152,-1,0.0, -> [background only]
frame_001357,-1.0,1.5147,54.8745,4.1737,60.5641,-1,0.0, -> [background only]
frame_001358,-1.0,1.3246,56.5653,3.928,61.8194,-1,0.0, -> [background only]
frame_001359,-1.0,1.2928,55.8497,4.196,61.3395,-1,0.0, -> [background only]
frame_001360,-1.0,1.3107,56.5852,4.0384,61.9352,-1,0.0, -> [background only]
frame_001361,-1.0,1.3325,57.1635,4.0315,62.5283,-1,0.0, -> [background only]
frame_001362,-1.0,1.3165,57.791,4.0608,63.1694,-1,0.0, -> [background only]
frame_001363,-1.0,1.3322,56.676,4.0693,62.0784,-1,0.0, -> [background only]
frame_001364,-1.0,1.3097,57.2909,4.0554,62.6569,-1,0.0, -> [background only]
frame_001365,-1.0,1.2798,57.9078,4.1496,63.3382,-1,0.0, -> [background only]
frame_001366,-1.0,1.3023,56.7761,4.0031,62.0825,-1,0.0, -> [background only]
frame_001367,-1.0,1.3125,56.8983,3.9341,62.1459,-1,0.0, -> [background only]
frame_001368,-1.0,1.2652,57.4633,4.0841,62.8138,-1,0.0, -> [background only]
frame_001369,-1.0,1.2977,58.1343,4.1564,63.5898,-1,0.0, -> [background only]
frame_001370,-1.0,1.2925,58.0483,3.9297,63.2713,-1,0.0, -> [background only]
frame_001371,-1.0,1.3322,56.4988,4.0749,61.9072,-1,0.0, -> [background only]
frame_001372,-1.0,1.2494,56.6131,3.958,61.8217,-1,0.0, -> [background only]
frame_001373,-1.0,1.3269,57.1584,4.0137,62.5003,-1,0.0, -> [background only]
frame_001374,-1.0,1.5046,56.9393,4.0554,62.5006,-1,0.0, -> [background only]
frame_001375,-1.0,1.3033,57.4813,6.0232,64.809,-1,0.0, -> [background only]
frame_001376,-1.0,1.134,57.486,4.0673,62.6883,-1,0.0, -> [background only]
frame_001377,-1.0,1.2983,56.9092,3.9649,62.1733,-1,0.0, -> [background only]
frame_001378,-1.0,1.2044,53.5044,4.2906,59.0008,-1,0.0, -> [background only]
frame_001379,-1.0,1.2843,56.5204,3.9235,61.729,-1,0.0, -> [background only]
frame_001380,-1.0,1.2851,56.923,4.0977,62.3067,-1,0.0, -> [background only]
frame_001381,-1.0,1.2451,57.2789,3.9598,62.4849,-1,0.0, -> [background only]
frame_001382,-1.0,1.5051,60.3743,4.0401,65.9206,-1,0.0, -> [background only]
frame_001383,-1.0,1.3261,57.205,3.9754,62.5074,-1,0.0, -> [background only]
frame_001384,-1.0,1.2425,57.0356,3.9994,62.2784,-1,0.0, -> [background only]
frame_001385,-1.0,1.2837,57.3141,3.9702,62.569,-1,0.0, -> [background only]
frame_001386,-1.0,1.4753,61.8918,5.4628,68.8314,-1,0.0, -> [background only]
frame_001387,-1.0,1.0292,55.8228,4.2224,61.0756,-1,0.0, -> [background only]
frame_001388,-1.0,1.3023,56.5315,4.0335,61.8681,-1,0.0, -> [background only]
frame_001389,-1.0,1.3273,56.8732,4.0289,62.2307,-1,0.0, -> [background only]
frame_001390,-1.0,1.2728,56.328,3.9612,61.563,-1,0.0, -> [background only]
frame_001391,-1.0,1.3246,56.8958,3.9492,62.1706,-1,0.0, -> [background only]
frame_001392,-1.0,1.2753,56.758,3.9669,62.0011,-1,0.0, -> [background only]
frame_001393,-1.0,1.5377,58.5272,5.8228,65.8891,-1,0.0, -> [background only]
frame_001394,-1.0,1.1516,56.8751,3.9957,62.0236,-1,0.0, -> [background only]
frame_001395,-1.0,1.2943,57.2012,4.6965,63.1933,-1,0.0, -> [background only]
frame_001396,-1.0,0.9581,54.893,4.1755,60.0282,-1,0.0, -> [background only]
frame_001397,-1.0,1.3488,56.0645,3.9669,61.3815,-1,0.0, -> [background only]
frame_001398,-1.0,1.3136,57.5058,3.9663,62.7865,-1,0.0, -> [background only]
frame_001399,-1.0,1.3453,57.1614,3.9933,62.5006,-1,0.0, -> [background only]
frame_001400,-1.0,1.347,56.4717,3.9826,61.802,-1,0.0, -> [background only]
frame_001401,-1.0,1.538,59.744,4.0276,65.3108,-1,0.0, -> [background only]
frame_001402,-1.0,1.0374,56.9453,4.1721,62.1561,-1,0.0, -> [background only]
frame_001403,-1.0,1.2415,57.1822,3.9246,62.3493,-1,0.0, -> [background only]
frame_001404,-1.0,1.2688,55.8759,4.0856,61.2312,-1,0.0, -> [background only]
frame_001405,-1.0,1.2414,56.5131,3.9726,61.7279,-1,0.0, -> [background only]
frame_001406,-1.0,1.0243,56.4438,3.8853,61.3545,-1,0.0, -> [background only]
frame_001407,-1.0,1.285,57.033,4.0052,62.3244,-1,0.0, -> [background only]
frame_001408,-1.0,1.2551,55.901,4.0049,61.1619,-1,0.0, -> [background only]
frame_001409,-1.0,1.3568,58.31,4.0351,63.7025,-1,0.0, -> [background only]
frame_001410,-1.0,1.2751,56.4119,3.9416,61.6296,-1,0.0, -> [background only]
frame_001411,-1.0,1.2821,56.255,3.9977,61.5359,-1,0.0, -> [background only]
frame_001412,-1.0,1.3039,56.3284,4.0911,61.7246,-1,0.0, -> [background only]
frame_001413,-1.0,1.3304,56.4349,3.952,61.718,-1,0.0, -> [background only]
frame_001414,-1.0,1.2636,56.6109,4.0288,61.904,-1,0.0, -> [background only]
frame_001415,-1.0,1.4138,58.7109,4.1231,64.2489,-1,0.0, -> [background only]
frame_001416,-1.0,1.1727,57.3876,4.1628,62.7242,-1,0.0, -> [background only]
frame_001417,-1.0,1.3323,57.8207,3.9976,63.1515,-1,0.0, -> [background only]
frame_001418,-1.0,1.3336,56.9228,4.0295,62.2868,-1,0.0, -> [background only]
frame_001419,-1.0,1.2094,67.4542,4.058,72.7227,-1,0.0, -> [background only]
frame_001420,-1.0,0.8483,56.6955,3.8602,61.4046,-1,0.0, -> [background only]
frame_001421,-1.0,1.1432,56.6113,3.9545,61.7098,-1,0.0, -> [background only]
frame_001422,-1.0,1.2988,55.0921,4.1026,60.4946,-1,0.0, -> [background only]
frame_001423,-1.0,1.3026,57.0002,4.5528,62.857,-1,0.0, -> [background only]
frame_001424,-1.0,1.0721,58.0781,4.0607,63.212,-1,0.0, -> [background only]
frame_001425,-1.0,1.4096,59.0745,4.1367,64.6222,-1,0.0, -> [background only]
frame_001426,-1.0,1.0113,55.2719,4.242,60.526,-1,0.0, -> [background only]
frame_001427,-1.0,1.3925,63.9073,4.0469,69.3484,-1,0.0, -> [background only]
frame_001428,-1.0,0.9919,57.0957,3.9667,62.055,-1,0.0, -> [background only]
frame_001429,-1.0,1.5375,71.9359,4.0387,77.5134,-1,0.0, -> [background only]
frame_001430,-1.0,0.9779,57.4243,4.0853,62.4889,-1,0.0, -> [background only]
frame_001431,-1.0,1.046,57.8415,4.0033,62.8919,-1,0.0, -> [background only]
frame_001432,-1.0,1.2456,57.6504,3.9885,62.8855,-1,0.0, -> [background only]
frame_001433,-1.0,1.2471,56.5306,4.0949,61.8732,-1,0.0, -> [background only]
frame_001434,-1.0,1.2582,57.5024,4.0653,62.827,-1,0.0, -> [background only]
frame_001435,-1.0,1.2819,57.5191,3.9761,62.7778,-1,0.0, -> [background only]
frame_001436,-1.0,1.2597,56.8811,4.0063,62.1479,-1,0.0, -> [background only]
frame_001437,-1.0,1.2627,56.5525,3.9554,61.7715,-1,0.0, -> [background only]
frame_001438,-1.0,1.3061,56.4969,4.0451,61.8492,-1,0.0, -> [background only]
frame_001439,-1.0,1.2387,56.0266,4.0681,61.3344,-1,0.0, -> [background only]
frame_001440,-1.0,1.0861,57.2192,3.9988,62.3049,-1,0.0, -> [background only]
frame_001441,-1.0,1.2954,56.644,4.0139,61.9543,-1,0.0, -> [background only]
frame_001442,-1.0,1.3264,57.5027,3.9447,62.7745,-1,0.0, -> [background only]
frame_001443,-1.0,1.3079,57.0803,3.9944,62.3838,-1,0.0, -> [background only]
frame_001444,-1.0,1.3213,56.6986,4.1278,62.1487,-1,0.0, -> [background only]
frame_001445,-1.0,1.2653,57.4463,3.9932,62.706,-1,0.0, -> [background only]
frame_001446,-1.0,1.3971,56.719,3.9609,62.0778,-1,0.0, -> [background only]
frame_001447,-1.0,1.3197,57.0396,3.9798,62.3397,-1,0.0, -> [background only]
frame_001448,-1.0,1.3148,57.6098,4.0796,63.0056,-1,0.0, -> [background only]
frame_001449,-1.0,1.3101,57.1875,4.015,62.5137,-1,0.0, -> [background only]
frame_001450,-1.0,1.213,57.2818,4.143,62.6388,-1,0.0, -> [background only]
frame_001451,-1.0,1.2941,56.2584,3.9242,61.4777,-1,0.0, -> [background only]
frame_001452,-1.0,1.253,56.5692,3.8887,61.7119,-1,0.0, -> [background only]
frame_001453,-1.0,1.3692,57.52,4.8116,63.7021,-1,0.0, -> [background only]
frame_001454,-1.0,1.1139,57.471,4.0801,62.6662,-1,0.0, -> [background only]
frame_001455,-1.0,1.5734,63.6063,4.1425,69.3233,-1,0.0, -> [background only]
frame_001456,-1.0,0.9884,57.1751,4.0019,62.166,-1,0.0, -> [background only]
frame_001457,-1.0,1.2766,56.7707,4.0787,62.1272,-1,0.0, -> [background only]
frame_001458,-1.0,1.2706,56.6809,4.0182,61.9707,-1,0.0, -> [background only]
frame_001459,-1.0,1.2871,56.6525,3.9165,61.8569,-1,0.0, -> [background only]
frame_001460,-1.0,1.3248,57.0637,3.9617,62.351,-1,0.0, -> [background only]
frame_001461,-1.0,1.2703,56.6694,4.0272,61.9679,-1,0.0, -> [background only]
frame_001462,-1.0,1.2322,57.1091,4.0352,62.3772,-1,0.0, -> [background only]
frame_001463,-1.0,1.3096,56.4572,4.0943,61.8618,-1,0.0, -> [background only]
frame_001464,-1.0,1.3378,56.9874,3.9656,62.2916,-1,0.0, -> [background only]
frame_001465,-1.0,1.3368,56.8114,3.9769,62.1261,-1,0.0, -> [background only]
frame_001466,-1.0,1.3095,56.4443,4.0316,61.786,-1,0.0, -> [background only]
frame_001467,-1.0,1.2848,56.6729,4.0412,61.9997,-1,0.0, -> [background only]
frame_001468,-1.0,1.2587,56.3812,4.0714,61.7124,-1,0.0, -> [background only]
frame_001469,-1.0,1.2927,58.0938,4.0428,63.4305,-1,0.0, -> [background only]
frame_001470,-1.0,1.099,58.1685,4.1311,63.3998,-1,0.0, -> [background only]
frame_001471,-1.0,1.2019,58.3539,4.0617,63.6184,-1,0.0, -> [background only]
frame_001472,-1.0,1.2711,57.9784,4.0757,63.3261,-1,0.0, -> [background only]
frame_001473,-1.0,1.4646,62.1783,4.1353,67.7797,-1,0.0, -> [background only]
frame_001474,-1.0,0.9938,57.1188,4.0174,62.1308,-1,0.0, -> [background only]
frame_001475,-1.0,1.2917,57.3623,4.0807,62.7358,-1,0.0, -> [background only]
frame_001476,-1.0,1.2339,57.8182,4.0229,63.0757,-1,0.0, -> [background only]
frame_001477,-1.0,1.4994,57.0455,4.0785,62.6247,-1,0.0, -> [background only]
frame_001478,-1.0,1.2994,57.3146,4.0633,62.6786,-1,0.0, -> [background only]
frame_001479,-1.0,1.3031,56.9509,4.0089,62.2639,-1,0.0, -> [background only]
frame_001480,-1.0,1.3061,57.2623,4.0677,62.637,-1,0.0, -> [background only]
frame_001481,-1.0,0.9962,56.8164,5.2265,63.04,-1,0.0, -> [background only]
frame_001482,-1.0,1.143,57.6338,4.1175,62.8954,-1,0.0, -> [background only]
frame_001483,-1.0,1.2457,56.6566,4.0205,61.9238,-1,0.0, -> [background only]
frame_001484,-1.0,1.2501,57.5731,3.9283,62.7523,-1,0.0, -> [background only]
frame_001485,-1.0,1.268,56.5094,4.0762,61.8546,-1,0.0, -> [background only]
frame_001486,-1.0,1.306,57.0069,3.9083,62.2219,-1,0.0, -> [background only]
frame_001487,-1.0,1.2877,56.3505,4.0738,61.713,-1,0.0, -> [background only]
frame_001488,-1.0,1.2711,56.9625,3.9203,62.1546,-1,0.0, -> [background only]
frame_001489,-1.0,1.2869,56.3195,3.949,61.5566,-1,0.0, -> [background only]
frame_001490,-1.0,1.3215,56.4199,3.8943,61.6365,-1,0.0, -> [background only]
frame_001491,-1.0,1.313,57.1291,3.9543,62.3979,-1,0.0, -> [background only]
frame_001492,-1.0,1.3564,56.3098,3.9938,61.661,-1,0.0, -> [background only]
frame_001493,-1.0,1.3288,56.9655,3.9311,62.2265,-1,0.0, -> [background only]
frame_001494,-1.0,1.5735,61.0659,3.9688,66.6091,-1,0.0, -> [background only]
frame_001495,-1.0,1.0795,57.3821,4.1144,62.577,-1,0.0, -> [background only]
frame_001496,-1.0,1.2679,56.7473,3.9995,62.0157,-1,0.0, -> [background only]
frame_001497,-1.0,1.3663,57.6174,4.0363,63.0211,-1,0.0, -> [background only]
frame_001498,-1.0,1.3086,57.0994,4.1217,62.5309,-1,0.0, -> [background only]
frame_001499,-1.0,1.2808,56.2289,4.1672,61.6781,-1,0.0, -> [background only]
frame_001500,-1.0,1.3267,56.7588,3.9668,62.0531,-1,0.0, -> [background only]
frame_001501,-1.0,1.3707,56.8724,4.0877,62.3317,-1,0.0, -> [background only]
frame_001502,-1.0,1.3103,56.5562,3.9932,61.8609,-1,0.0, -> [background only]
frame_001503,-1.0,1.0445,57.0099,4.0922,62.1472,-1,0.0, -> [background only]
frame_001504,-1.0,1.3034,55.8959,3.9324,61.1325,-1,0.0, -> [background only]
frame_001505,-1.0,1.3164,56.5987,4.0017,61.9176,-1,0.0, -> [background only]
frame_001506,-1.0,1.3233,57.1852,4.4592,62.9687,-1,0.0, -> [background only]
frame_001507,-1.0,1.1248,57.4117,4.123,62.661,-1,0.0, -> [background only]
frame_001508,-1.0,1.3175,56.2401,3.954,61.5126,-1,0.0, -> [background only]
frame_001509,-1.0,1.4726,59.1329,4.0815,64.6879,-1,0.0, -> [background only]
frame_001510,-1.0,1.3288,56.8663,3.9538,62.1497,-1,0.0, -> [background only]
frame_001511,-1.0,1.3078,57.975,4.0037,63.2876,-1,0.0, -> [background only]
frame_001512,-1.0,1.4836,62.2031,4.0295,67.7175,-1,0.0, -> [background only]
frame_001513,-1.0,1.2275,56.2248,3.9646,61.4177,-1,0.0, -> [background only]
frame_001514,-1.0,1.2764,56.5311,4.142,61.9507,-1,0.0, -> [background only]
frame_001515,-1.0,1.267,57.4819,3.969,62.7189,-1,0.0, -> [background only]
frame_001516,-1.0,1.43,57.437,6.0928,64.961,-1,0.0, -> [background only]
frame_001517,-1.0,1.2294,57.9227,4.182,63.3353,-1,0.0, -> [background only]
frame_001518,-1.0,1.3956,57.2446,4.3618,63.003,-1,0.0, -> [background only]
frame_001519,-1.0,1.5332,54.2976,4.2452,60.0771,-1,0.0, -> [background only]
frame_001520,-1.0,1.3676,58.8278,4.1245,64.3211,-1,0.0, -> [background only]
frame_001521,-1.0,1.0467,57.0917,3.9605,62.1,-1,0.0, -> [background only]
frame_001522,-1.0,1.2884,57.6506,3.9455,62.8858,-1,0.0, -> [background only]
frame_001523,-1.0,1.2939,57.0253,3.9772,62.2975,-1,0.0, -> [background only]
frame_001524,-1.0,1.3117,56.441,4.0634,61.8171,-1,0.0, -> [background only]
frame_001525,-1.0,1.3168,56.0866,3.8533,61.2575,-1,0.0, -> [background only]
frame_001526,-1.0,1.2897,57.4647,3.9935,62.7489,-1,0.0, -> [background only]
frame_001527,-1.0,1.5363,57.276,4.0449,62.8581,-1,0.0, -> [background only]
frame_001528,-1.0,1.2999,54.5993,4.1727,60.073,-1,0.0, -> [background only]
frame_001529,-1.0,1.2803,56.5714,3.9732,61.8259,-1,0.0, -> [background only]
frame_001530,-1.0,1.3006,56.1197,3.9799,61.401,-1,0.0, -> [background only]
frame_001531,-1.0,1.2665,56.8829,4.0244,62.1747,-1,0.0, -> [background only]
frame_001532,-1.0,1.3172,56.3297,4.4634,62.1112,-1,0.0, -> [train (Right): 2%]
frame_001533,-1.0,1.104,57.7357,4.2432,63.0846,-1,0.0, -> [train (Right): 4%]
frame_001534,-1.0,1.2958,57.5385,4.1441,62.9794,-1,0.0, -> [background only]
frame_001535,-1.0,1.2152,55.865,4.2322,61.3135,-1,0.0, -> [background only]
frame_001536,-1.0,1.2536,57.0055,4.0064,62.2667,-1,0.0, -> [background only]
frame_001537,-1.0,1.2654,57.6836,4.0492,62.999,-1,0.0, -> [background only]
frame_001538,-1.0,1.2802,57.2007,3.8516,62.3334,-1,0.0, -> [background only]
frame_001539,-1.0,1.3126,57.2463,4.043,62.6031,-1,0.0, -> [background only]
frame_001540,-1.0,1.3026,56.5556,4.0058,61.8654,-1,0.0, -> [background only]
frame_001541,-1.0,1.2756,57.4732,4.0088,62.7584,-1,0.0, -> [background only]
frame_001542,-1.0,1.3479,57.3734,4.0321,62.7547,-1,0.0, -> [background only]
frame_001543,-1.0,1.2746,56.3843,3.9472,61.607,-1,0.0, -> [background only]
frame_001544,-1.0,1.4773,58.1604,3.9302,63.5689,-1,0.0, -> [background only]
frame_001545,-1.0,1.2243,57.3282,3.992,62.5457,-1,0.0, -> [background only]
frame_001546,-1.0,1.2894,56.9767,4.0148,62.2819,-1,0.0, -> [background only]
frame_001547,-1.0,1.4862,59.1752,3.9743,64.6368,-1,0.0, -> [background only]
frame_001548,-1.0,1.2954,56.9319,3.9787,62.2071,-1,0.0, -> [background only]
frame_001549,-1.0,1.2398,56.6319,3.9952,61.8678,-1,0.0, -> [background only]
frame_001550,-1.0,1.2854,56.2046,4.0921,61.5832,-1,0.0, -> [chair (Right): 2%]
frame_001551,-1.0,1.3218,56.2275,4.0165,61.5665,-1,0.0, -> [background only]
frame_001552,-1.0,1.2952,56.5807,4.0538,61.9305,-1,0.0, -> [background only]
frame_001553,-1.0,1.3151,56.8533,3.9768,62.1463,-1,0.0, -> [background only]
frame_001554,-1.0,1.3535,56.2505,4.2515,61.8565,-1,0.0, -> [chair (Right): 8%]
frame_001555,-1.0,1.3099,56.4998,4.0605,61.871,-1,0.0, -> [chair (Right): 8%]
frame_001556,-1.0,1.2519,56.645,4.1631,62.0612,-1,0.0, -> [chair (Right): 8%]
frame_001557,-1.0,1.2801,56.4824,5.1078,62.8716,-1,0.0, -> [chair (Right): 8%]
frame_001558,-1.0,1.1518,56.8273,4.2593,62.2395,-1,0.0, -> [chair (Right): 8%]
frame_001559,-1.0,1.2546,57.7684,4.1495,63.1735,-1,0.0, -> [chair (Right): 9%]
frame_001560,-1.0,1.2774,57.0868,4.1219,62.4874,-1,0.0, -> [chair (Right): 10%]
frame_001561,-1.0,1.5008,65.0078,5.3261,71.8356,-1,0.0, -> [chair (Right): 14%]
frame_001562,-1.0,1.2144,57.911,4.2782,63.4049,-1,0.0, -> [chair (Right): 12%]
frame_001563,-1.0,1.2676,57.7151,4.1763,63.16,-1,0.0, -> [chair (Right): 14%]
frame_001564,-1.0,1.3319,56.8132,4.1532,62.2991,-1,0.0, -> [chair (Right): 14%]
frame_001565,-1.0,1.2701,57.4328,4.2271,62.9308,-1,0.0, -> [chair (Right): 14%]
frame_001566,-1.0,1.2629,57.2987,4.2232,62.7856,-1,0.0, -> [chair (Right): 15%]
frame_001567,-1.0,1.2429,56.6357,4.1152,61.9947,-1,0.0, -> [chair (Right): 14%]
frame_001568,-1.0,1.3233,56.9285,4.1974,62.4505,-1,0.0, -> [chair (Right): 14%]
frame_001569,-1.0,1.0195,57.1404,4.0535,62.2141,-1,0.0, -> [chair (Right): 13%]
frame_001570,-1.0,1.3354,56.6858,4.1938,62.216,-1,0.0, -> [chair (Right): 15%]
frame_001571,-1.0,1.2357,56.8479,4.0525,62.1369,-1,0.0, -> [chair (Right): 16%]
frame_001572,-1.0,1.3254,56.2939,4.1854,61.8057,-1,0.0, -> [chair (Right): 10%]
frame_001573,-1.0,1.318,56.4808,4.1817,61.9814,-1,0.0, -> [chair (Right): 14%]
frame_001574,-1.0,1.2622,57.0919,4.2132,62.5683,-1,0.0, -> [chair (Right): 11%]
frame_001575,-1.0,1.2663,56.6999,4.1237,62.091,-1,0.0, -> [chair (Right): 15%]
frame_001576,-1.0,1.2717,57.0683,4.0819,62.423,-1,0.0, -> [chair (Right): 10%]
frame_001577,-1.0,1.3047,57.4285,4.1644,62.8986,-1,0.0, -> [chair (Right): 11%]
frame_001578,-1.0,1.3394,55.823,4.3973,61.5606,-1,0.0, -> [chair (Right): 6%]
frame_001579,-1.0,1.2925,59.4934,4.188,64.9752,-1,0.0, -> [chair (Center): 5%]
frame_001580,-1.0,1.37,59.8824,5.5601,66.814,-1,0.0, -> [chair (Right): 6%]
frame_001581,-1.0,1.1897,58.1488,4.184,63.5239,-1,0.0, -> [chair (Center): 4%]
frame_001582,-1.0,1.3156,57.3416,4.1786,62.837,-1,0.0, -> [chair (Center): 6%]
frame_001583,-1.0,1.2347,57.1666,4.2753,62.6776,-1,0.0, -> [chair (Center): 11%]
frame_001584,-1.0,1.2399,56.8006,4.1753,62.2168,-1,0.0, -> [chair (Center): 13%]
frame_001585,-1.0,1.2727,57.244,4.1435,62.6615,-1,0.0, -> [chair (Center): 11%]
frame_001586,-1.0,1.2921,57.4097,4.2456,62.9488,-1,0.0, -> [chair (Center): 9%]
frame_001587,-1.0,1.2334,57.185,4.1915,62.6113,-1,0.0, -> [chair (Center): 15%]
frame_001588,-1.0,1.2908,57.1232,4.0213,62.4364,-1,0.0, -> [chair (Center): 6%]
frame_001589,-1.0,1.2545,57.8085,4.1332,63.1975,-1,0.0, -> [chair (Center): 6%]
frame_001590,-1.0,1.3119,56.0138,4.2078,61.5345,-1,0.0, -> [chair (Center): 9%]
frame_001591,-1.0,1.2408,56.7061,4.1082,62.056,-1,0.0, -> [chair (Center): 13%]
frame_001592,-1.0,1.3161,56.7588,4.1561,62.2322,-1,0.0, -> [chair (Center): 7%]
frame_001593,-1.0,1.2048,56.6541,4.1363,61.9961,-1,0.0, -> [chair (Center): 9%]
frame_001594,-1.0,1.2718,56.6742,4.1482,62.0954,-1,0.0, -> [chair (Center): 12%]
frame_001595,-1.0,1.2143,57.6111,4.0647,62.8911,-1,0.0, -> [chair (Center): 10%]
frame_001596,-1.0,1.2821,57.4885,4.3297,63.1011,-1,0.0," -> [chair (Center): 10%, tvmonitor (Top-Right): 1%]"
frame_001597,-1.0,1.0309,57.3609,4.1397,62.5323,-1,0.0," -> [chair (Center): 14%, tvmonitor (Top-Right): 4%]"
frame_001598,-1.0,1.3395,56.5278,4.2467,62.115,-1,0.0," -> [chair (Center): 15%, tvmonitor (Top-Right): 5%]"
frame_001599,-1.0,1.2897,56.9649,4.1305,62.3859,-1,0.0," -> [chair (Center): 3%, tvmonitor (Top-Right): 1%]"
frame_001600,-1.0,1.33,57.5574,4.1927,63.081,-1,0.0, -> [chair (Center): 15%]
frame_001601,-1.0,1.2754,57.7942,4.2797,63.3502,-1,0.0," -> [chair (Center): 9%, tvmonitor (Top-Right): 4%]"
frame_001602,-1.0,1.317,56.7442,4.235,62.2972,-1,0.0," -> [chair (Center): 12%, tvmonitor (Top-Right): 4%]"
frame_001603,-1.0,1.2538,56.9095,4.2675,62.4316,-1,0.0," -> [chair (Center): 14%, tvmonitor (Top-Right): 4%]"
frame_001604,-1.0,1.485,71.3356,4.277,77.0987,-1,0.0," -> [chair (Center): 14%, tvmonitor (Top-Right): 1%]"
frame_001605,-1.0,1.0119,57.1886,4.2966,62.4981,-1,0.0," -> [chair (Center): 12%, tvmonitor (Top-Right): 4%]"
frame_001606,-1.0,0.9587,58.1747,4.1107,63.2452,-1,0.0, -> [background only]
frame_001607,-1.0,1.0814,57.4623,4.1937,62.7387,-1,0.0, -> [chair (Center): 9%]
frame_001608,-1.0,1.279,60.9687,5.8173,68.0662,-1,0.0, -> [chair (Center): 5%]
frame_001609,-1.0,1.0664,57.3716,4.2166,62.6562,-1,0.0, -> [chair (Center): 9%]
frame_001610,-1.0,1.2864,56.191,4.037,61.5152,-1,0.0, -> [chair (Left): 7%]
frame_001611,-1.0,1.2537,56.3863,4.2806,61.922,-1,0.0," -> [bicycle (Bottom-Right): 1%, chair (Left): 6%]"
frame_001612,-1.0,1.2035,56.1812,4.2053,61.5909,-1,0.0, -> [chair (Left): 6%]
frame_001613,-1.0,1.2932,56.1189,4.171,61.5841,-1,0.0, -> [bicycle (Center): 24%]
frame_001614,-1.0,1.5587,57.8791,4.1684,63.6073,-1,0.0, -> [bicycle (Center): 21%]
frame_001615,-1.0,1.378,56.7466,5.1,63.226,-1,0.0, -> [bicycle (Bottom): 8%]
frame_001616,-1.0,1.0588,57.932,4.2452,63.2371,-1,0.0," -> [bicycle (Bottom-Right): 1%, chair (Left): 7%]"
frame_001617,-1.0,1.2544,57.7008,4.3379,63.2943,-1,0.0," -> [bicycle (Center): 4%, motorbike (Top-Right): 4%]"
frame_001618,-1.0,1.5601,59.1277,4.5053,65.1943,-1,0.0," -> [bicycle (Bottom): 3%, chair (Left): 2%, motorbike (Top-Right): 1%]"
frame_001619,-1.0,1.3364,57.9605,4.1012,63.3991,-1,0.0, -> [chair (Left): 6%]
frame_001620,-1.0,1.2063,57.6454,4.2939,63.1462,-1,0.0," -> [bicycle (Bottom): 8%, chair (Left): 2%]"
frame_001621,-1.0,1.3063,57.4428,4.2927,63.0424,-1,0.0," -> [bicycle (Center): 18%, motorbike (Top-Left): 1%]"
frame_001622,-1.0,1.3415,57.3222,4.2718,62.9364,-1,0.0," -> [bicycle (Center): 1%, chair (Left): 3%]"
frame_001623,-1.0,1.3388,56.7787,5.673,63.7918,-1,0.0, -> [background only]
frame_001624,-1.0,1.1068,57.0845,4.31,62.5025,-1,0.0, -> [motorbike (Center): 37%]
frame_001625,-1.0,1.2682,56.8389,4.1067,62.215,-1,0.0," -> [bicycle (Bottom): 1%, motorbike (Center): 15%]"
frame_001626,-1.0,1.2808,57.1793,4.3959,62.8569,-1,0.0, -> [motorbike (Center): 24%]
frame_001627,-1.0,1.2837,56.052,4.4106,61.7478,-1,0.0," -> [bicycle (Center): 21%, motorbike (Right): 20%]"
frame_001628,-1.0,1.4645,56.7839,4.3663,62.6155,-1,0.0," -> [bicycle (Center): 23%, motorbike (Top): 17%]"
frame_001629,-1.0,1.2843,56.5839,4.1687,62.0379,-1,0.0," -> [bicycle (Center): 23%, motorbike (Center): 33%]"
frame_001630,-1.0,1.2864,57.1714,5.5941,64.0529,-1,0.0, -> [bicycle (Center): 6%]
frame_001631,-1.0,1.065,57.1537,4.3789,62.5987,-1,0.0," -> [bicycle (Bottom): 14%, motorbike (Top): 9%]"
frame_001632,-1.0,1.4219,57.1972,4.1758,62.7956,-1,0.0, -> [bicycle (Center): 4%]
frame_001633,-1.0,1.2874,56.4402,4.174,61.9029,-1,0.0, -> [bicycle (Center): 3%]
frame_001634,-1.0,1.3038,57.2923,4.2658,62.8632,-1,0.0, -> [bicycle (Center): 13%]
frame_001635,-1.0,1.4361,57.5722,4.0768,63.0865,-1,0.0, -> [bicycle (Bottom): 9%]
frame_001636,-1.0,1.2988,57.0966,4.1845,62.5809,-1,0.0," -> [bicycle (Bottom): 4%, chair (Top): 1%]"
frame_001637,-1.0,1.3014,57.3823,4.2417,62.9266,-1,0.0, -> [tvmonitor (Right): 10%]
frame_001638,-1.0,1.3021,56.134,4.093,61.5303,-1,0.0, -> [tvmonitor (Bottom-Right): 3%]
frame_001639,-1.0,1.3632,57.1975,4.276,62.8378,-1,0.0," -> [chair (Top-Left): 2%, tvmonitor (Bottom-Right): 5%]"
frame_001640,-1.0,1.2821,57.7273,4.2518,63.2624,-1,0.0, -> [tvmonitor (Center): 10%]
frame_001641,-1.0,1.272,57.3987,5.636,64.3079,-1,0.0, -> [tvmonitor (Bottom): 6%]
frame_001642,-1.0,1.1273,57.586,4.1784,62.893,-1,0.0, -> [tvmonitor (Bottom): 5%]
frame_001643,-1.0,1.3227,58.2601,4.2042,63.7877,-1,0.0, -> [tvmonitor (Bottom): 1%]
frame_001644,-1.0,1.2978,57.9484,4.3368,63.584,-1,0.0," -> [chair (Center): 11%, tvmonitor (Center): 11%]"
frame_001645,-1.0,1.2371,58.6169,4.1858,64.0406,-1,0.0," -> [chair (Center): 11%, tvmonitor (Bottom): 7%]"
frame_001646,-1.0,1.357,57.4618,4.3894,63.2091,-1,0.0," -> [chair (Center): 13%, tvmonitor (Center): 9%]"
frame_001647,-1.0,1.3679,57.2612,4.1855,62.8154,-1,0.0," -> [chair (Center): 4%, tvmonitor (Bottom): 6%]"
frame_001648,-1.0,1.3617,57.4412,4.2167,63.0204,-1,0.0," -> [chair (Center): 16%, tvmonitor (Center): 13%]"
frame_001649,-1.0,1.3748,58.2843,4.3215,63.9815,-1,0.0," -> [chair (Center): 17%, tvmonitor (Left): 17%]"
frame_001650,-1.0,1.5144,58.1072,4.2086,63.831,-1,0.0," -> [chair (Center): 20%, tvmonitor (Left): 15%]"
frame_001651,-1.0,1.2929,57.904,4.3235,63.5219,-1,0.0," -> [chair (Center): 14%, tvmonitor (Left): 18%]"
frame_001652,-1.0,1.2824,57.6233,4.237,63.1439,-1,0.0," -> [chair (Center): 17%, tvmonitor (Left): 15%]"
frame_001653,-1.0,1.298,58.1239,4.2949,63.7175,-1,0.0," -> [chair (Center): 12%, tvmonitor (Left): 17%]"
frame_001654,-1.0,1.2918,56.6496,4.2621,62.2043,-1,0.0," -> [chair (Center): 12%, tvmonitor (Left): 15%]"
frame_001655,-1.0,1.2911,57.8833,4.2907,63.4659,-1,0.0," -> [chair (Center): 8%, tvmonitor (Left): 15%]"
frame_001656,-1.0,1.3076,57.5553,4.1394,63.0035,-1,0.0," -> [chair (Center): 8%, tvmonitor (Left): 11%]"
frame_001657,-1.0,1.3092,57.6805,4.2545,63.245,-1,0.0," -> [chair (Center): 8%, tvmonitor (Left): 10%]"
frame_001658,-1.0,1.2866,57.9405,4.2721,63.5003,-1,0.0," -> [chair (Center): 7%, tvmonitor (Left): 9%]"
frame_001659,-1.0,1.1101,58.0873,4.0705,63.2693,-1,0.0," -> [chair (Center): 6%, tvmonitor (Left): 10%]"
frame_001660,-1.0,1.2985,57.3173,4.2934,62.9102,-1,0.0," -> [chair (Center): 6%, tvmonitor (Left): 7%]"
frame_001661,-1.0,1.2837,57.1324,4.3122,62.7295,-1,0.0," -> [chair (Center): 9%, tvmonitor (Left): 5%]"
frame_001662,-1.0,1.343,57.5905,4.1655,63.1003,-1,0.0," -> [chair (Center): 8%, tvmonitor (Bottom-Left): 3%]"
frame_001663,-1.0,1.3038,57.2155,4.2135,62.7337,-1,0.0, -> [chair (Left): 7%]
frame_001664,-1.0,1.3217,57.4845,4.248,63.0551,-1,0.0, -> [chair (Left): 8%]
frame_001665,-1.0,1.3044,57.7851,4.256,63.3469,-1,0.0, -> [chair (Left): 11%]
frame_001666,-1.0,1.285,56.8093,4.0785,62.1739,-1,0.0, -> [chair (Left): 9%]
frame_001667,-1.0,1.2373,57.6326,4.3457,63.2162,-1,0.0, -> [chair (Left): 12%]
frame_001668,-1.0,1.3526,57.8533,4.1774,63.3843,-1,0.0, -> [chair (Left): 12%]
frame_001669,-1.0,1.1804,55.4237,4.3246,60.9299,-1,0.0, -> [chair (Left): 7%]
frame_001670,-1.0,1.3111,56.8621,4.1086,62.2828,-1,0.0, -> [chair (Left): 8%]
frame_001671,-1.0,1.2624,56.9307,4.2302,62.4239,-1,0.0, -> [chair (Left): 10%]
frame_001672,-1.0,1.2929,56.3846,4.2262,61.9046,-1,0.0, -> [chair (Left): 5%]
frame_001673,-1.0,1.2421,57.3205,4.2192,62.7825,-1,0.0, -> [chair (Left): 2%]
frame_001674,-1.0,1.2754,56.4819,3.9999,61.7578,-1,0.0, -> [background only]
frame_001675,-1.0,1.2858,56.685,4.0524,62.024,-1,0.0, -> [car (Bottom): 1%]
frame_001676,-1.0,1.3043,57.5781,4.159,63.0424,-1,0.0, -> [car (Bottom-Left): 1%]
frame_001677,-1.0,1.3744,56.4384,4.1057,61.9193,-1,0.0, -> [car (Bottom-Left): 1%]
frame_001678,-1.0,1.2965,56.0762,5.4594,62.8335,-1,0.0, -> [car (Bottom-Left): 1%]
frame_001679,-1.0,1.1179,57.4762,4.1315,62.7269,-1,0.0, -> [car (Bottom-Left): 1%]
frame_001680,-1.0,1.2756,56.3653,4.006,61.6483,-1,0.0, -> [background only]
frame_001681,-1.0,1.3118,56.2241,4.0877,61.6247,-1,0.0, -> [background only]
frame_001682,-1.0,1.311,56.6957,4.0531,62.0612,-1,0.0, -> [car (Bottom-Left): 1%]
frame_001683,-1.0,1.2999,57.0442,4.1405,62.4856,-1,0.0, -> [person (Right): 2%]
frame_001684,-1.0,1.3704,56.5444,4.1166,62.0324,-1,0.0, -> [person (Right): 2%]
frame_001685,-1.0,1.2816,56.6381,4.1864,62.1071,-1,0.0, -> [person (Right): 1%]
