filename,ros_data_age_ms,preprocessing_ms,inference_ms,postprocessing_ms,e2e_ms,class_id,confidence,info
frame_000000,-1.0,2.935,2.6436,0.1463,5.7659,727,1.88, -> planetarium (1.9%)
frame_000001,-1.0,2.3612,2.6785,0.0603,5.1385,727,2.07, -> planetarium (2.1%)
frame_000002,-1.0,1.7664,2.6758,0.0854,4.5767,727,2.12, -> planetarium (2.1%)
frame_000003,-1.0,1.5742,2.7201,0.0722,4.4093,727,1.82, -> planetarium (1.8%)
frame_000004,-1.0,2.9965,2.7074,0.0865,5.8462,727,1.92, -> planetarium (1.9%)
frame_000005,-1.0,3.5464,2.7234,0.0736,6.3907,727,1.7, -> planetarium (1.7%)
frame_000006,-1.0,2.302,2.7117,0.0693,5.1242,727,1.87, -> planetarium (1.9%)
frame_000007,-1.0,1.5599,2.736,0.0751,4.4136,727,2.03, -> planetarium (2.0%)
frame_000008,-1.0,1.5045,2.7173,0.066,4.3254,727,1.85, -> planetarium (1.9%)
frame_000009,-1.0,1.4808,2.6513,0.0643,4.2333,727,1.9, -> planetarium (1.9%)
frame_000010,-1.0,2.5265,2.6962,0.0621,5.3207,727,1.72, -> planetarium (1.7%)
frame_000011,-1.0,2.1365,2.6862,0.0598,4.9159,727,1.73, -> planetarium (1.7%)
frame_000012,-1.0,1.576,2.7117,0.0649,4.3892,727,1.72, -> planetarium (1.7%)
frame_000013,-1.0,2.3536,7.672,0.0816,10.1565,727,1.66, -> planetarium (1.7%)
frame_000014,-1.0,1.5892,2.6944,0.0712,4.3933,727,1.6, -> planetarium (1.6%)
frame_000015,-1.0,1.5694,2.7762,0.0747,4.4637,727,1.69, -> planetarium (1.7%)
frame_000016,-1.0,2.146,2.7155,0.0666,4.967,727,1.71, -> planetarium (1.7%)
frame_000017,-1.0,2.1294,6.6111,0.0761,8.8692,727,1.79, -> planetarium (1.8%)
frame_000018,-1.0,1.6375,2.7105,0.0719,4.4619,727,1.76, -> planetarium (1.8%)
frame_000019,-1.0,2.2655,2.6582,0.0621,5.0225,727,1.56, -> planetarium (1.6%)
frame_000020,-1.0,3.3161,2.7197,0.0692,6.1413,727,1.62, -> planetarium (1.6%)
frame_000021,-1.0,2.1429,2.7034,0.0607,4.9423,727,1.58, -> planetarium (1.6%)
frame_000022,-1.0,4.0701,2.7147,0.0698,6.893,727,1.68, -> planetarium (1.7%)
frame_000023,-1.0,2.5497,6.4727,0.0733,9.1435,727,1.78, -> planetarium (1.8%)
frame_000024,-1.0,1.5358,2.6796,0.0644,4.3189,727,1.79, -> planetarium (1.8%)
frame_000025,-1.0,1.6546,2.6983,0.0647,4.4548,727,1.76, -> planetarium (1.8%)
frame_000026,-1.0,3.0773,2.6981,0.0679,5.879,727,1.64, -> planetarium (1.6%)
frame_000027,-1.0,2.2569,2.8332,0.0651,5.1913,727,1.7, -> planetarium (1.7%)
frame_000028,-1.0,1.5123,2.6987,0.0573,4.303,727,1.64, -> planetarium (1.6%)
frame_000029,-1.0,1.5427,5.2228,0.0619,6.8625,727,1.75, -> planetarium (1.8%)
frame_000030,-1.0,1.5786,2.6997,0.0667,4.3811,727,1.76, -> planetarium (1.8%)
frame_000031,-1.0,3.3489,2.7048,0.0664,6.1544,727,1.86, -> planetarium (1.9%)
frame_000032,-1.0,2.6748,2.6935,0.0604,5.4621,727,1.86, -> planetarium (1.9%)
frame_000033,-1.0,2.2391,2.6544,0.0701,5.0011,727,1.74, -> planetarium (1.7%)
frame_000034,-1.0,1.4063,2.6917,0.0767,4.219,727,1.78, -> planetarium (1.8%)
frame_000035,-1.0,1.5933,7.5187,0.0749,9.2322,727,1.76, -> planetarium (1.8%)
frame_000036,-1.0,3.1263,2.7014,0.0671,5.9339,727,1.91, -> planetarium (1.9%)
frame_000037,-1.0,2.2076,2.6588,0.0667,4.97,727,1.9, -> planetarium (1.9%)
frame_000038,-1.0,1.5,2.6435,0.0693,4.2493,727,1.92, -> planetarium (1.9%)
frame_000039,-1.0,1.4894,7.3718,0.0712,8.9779,727,1.87, -> planetarium (1.9%)
frame_000040,-1.0,1.4547,2.7039,0.0678,4.2665,727,1.79, -> planetarium (1.8%)
frame_000041,-1.0,3.9428,2.6986,0.0658,6.7453,727,1.73, -> planetarium (1.7%)
frame_000042,-1.0,3.4554,2.7027,0.0635,6.2596,727,1.61, -> planetarium (1.6%)
frame_000043,-1.0,1.968,2.707,0.0701,4.7874,727,1.75, -> planetarium (1.8%)
frame_000044,-1.0,3.0322,2.7124,0.0626,5.8423,727,1.8, -> planetarium (1.8%)
frame_000045,-1.0,2.6,2.6338,0.0621,5.3336,727,1.78, -> planetarium (1.8%)
frame_000046,-1.0,3.6755,2.7164,0.0624,6.4899,727,1.77, -> planetarium (1.8%)
frame_000047,-1.0,2.6375,6.7404,0.0726,9.4953,727,1.71, -> planetarium (1.7%)
frame_000048,-1.0,1.5125,2.6872,0.0649,4.3017,727,1.69, -> planetarium (1.7%)
frame_000049,-1.0,1.9263,2.6358,0.0602,4.6566,727,1.61, -> planetarium (1.6%)
frame_000050,-1.0,2.7086,2.7202,0.07,5.5394,727,1.68, -> planetarium (1.7%)
frame_000051,-1.0,3.496,2.6552,0.0654,6.2534,727,1.67, -> planetarium (1.7%)
frame_000052,-1.0,2.1918,2.7014,0.0632,4.9901,727,1.62, -> planetarium (1.6%)
frame_000053,-1.0,2.9771,5.7806,0.0897,8.8986,727,1.58, -> planetarium (1.6%)
frame_000054,-1.0,2.6198,2.7135,0.0731,5.45,727,1.65, -> planetarium (1.6%)
frame_000055,-1.0,2.5773,2.7052,0.0668,5.3856,727,1.61, -> planetarium (1.6%)
frame_000056,-1.0,2.1309,2.7032,0.0607,4.9278,727,1.62, -> planetarium (1.6%)
frame_000057,-1.0,2.0683,2.6655,0.0701,4.8441,727,2.1, -> planetarium (2.1%)
frame_000058,-1.0,1.9804,2.6916,0.0632,4.7709,727,2.38, -> planetarium (2.4%)
frame_000059,-1.0,1.6164,6.2154,0.0717,7.9504,727,1.68, -> planetarium (1.7%)
frame_000060,-1.0,1.6191,2.6902,0.0669,4.4161,727,1.55, -> planetarium (1.5%)
frame_000061,-1.0,2.1437,2.7099,0.0657,4.9571,727,1.59, -> planetarium (1.6%)
frame_000062,-1.0,1.5948,2.6932,0.0616,4.385,727,1.56, -> planetarium (1.6%)
frame_000063,-1.0,1.6942,5.1422,0.1545,7.078,727,1.63, -> planetarium (1.6%)
frame_000064,-1.0,3.1805,2.7243,0.0823,6.0309,727,2.09, -> planetarium (2.1%)
frame_000065,-1.0,2.7521,2.7271,0.0744,5.5944,727,1.55, -> planetarium (1.6%)
frame_000066,-1.0,1.5789,2.8103,0.0713,4.4992,727,1.61, -> planetarium (1.6%)
frame_000067,-1.0,2.0972,2.6959,0.0619,4.8902,727,1.39, -> planetarium (1.4%)
frame_000068,-1.0,1.5381,2.675,0.0633,4.3116,727,1.48, -> planetarium (1.5%)
frame_000069,-1.0,3.855,2.7371,0.0751,6.7122,727,1.47, -> planetarium (1.5%)
frame_000070,-1.0,2.1874,2.6641,0.0703,4.9628,727,1.51, -> planetarium (1.5%)
frame_000071,-1.0,2.1862,2.7198,0.0752,5.0269,727,1.45, -> planetarium (1.5%)
frame_000072,-1.0,3.1475,2.6556,0.0734,5.9149,727,1.46, -> planetarium (1.5%)
frame_000073,-1.0,2.7481,2.7292,0.0668,5.581,727,1.46, -> planetarium (1.5%)
frame_000074,-1.0,2.7405,2.6641,0.0716,5.5122,727,1.36, -> planetarium (1.4%)
frame_000075,-1.0,2.1166,2.7184,0.0667,4.9386,727,1.31, -> planetarium (1.3%)
frame_000076,-1.0,2.1632,2.71,0.0617,4.9687,727,1.36, -> planetarium (1.4%)
frame_000077,-1.0,1.5384,2.71,0.0621,4.3421,727,1.52, -> planetarium (1.5%)
frame_000078,-1.0,2.0044,2.6481,0.0585,4.7448,727,1.48, -> planetarium (1.5%)
frame_000079,-1.0,2.6875,2.7269,0.0607,5.5104,727,1.44, -> planetarium (1.4%)
frame_000080,-1.0,2.0076,2.7727,0.0603,4.8762,727,1.6, -> planetarium (1.6%)
frame_000081,-1.0,1.4984,2.7233,0.0686,4.3265,727,2.07, -> planetarium (2.1%)
frame_000082,-1.0,1.5919,6.6574,0.0735,8.3678,727,2.18, -> planetarium (2.2%)
frame_000083,-1.0,1.5157,2.7103,0.0667,4.3286,727,1.59, -> planetarium (1.6%)
frame_000084,-1.0,2.7298,4.3267,0.0655,7.1593,727,1.74, -> planetarium (1.7%)
frame_000085,-1.0,1.7098,2.7045,0.0655,4.5187,727,1.98, -> planetarium (2.0%)
frame_000086,-1.0,1.5755,5.7537,0.2034,7.5805,727,1.41, -> planetarium (1.4%)
frame_000087,-1.0,3.1612,2.6712,0.0726,5.9428,727,1.41, -> planetarium (1.4%)
frame_000088,-1.0,2.2366,2.6862,0.0596,5.0174,727,1.4, -> planetarium (1.4%)
frame_000089,-1.0,1.5355,2.6913,0.0602,4.3208,727,1.4, -> planetarium (1.4%)
frame_000090,-1.0,2.0453,2.6478,0.0665,4.7966,727,1.4, -> planetarium (1.4%)
frame_000091,-1.0,2.0244,2.7607,0.0594,4.884,727,1.39, -> planetarium (1.4%)
frame_000092,-1.0,2.5999,2.6521,0.0625,5.3494,727,1.39, -> planetarium (1.4%)
frame_000093,-1.0,3.6027,2.7199,0.0848,6.4534,727,1.39, -> planetarium (1.4%)
frame_000094,-1.0,2.2237,7.0707,0.0783,9.4197,727,1.39, -> planetarium (1.4%)
frame_000095,-1.0,1.9738,2.6882,0.0713,4.7729,727,1.39, -> planetarium (1.4%)
frame_000096,-1.0,1.5492,5.0205,0.0747,6.6911,727,1.4, -> planetarium (1.4%)
frame_000097,-1.0,2.7588,2.7254,0.0787,5.6031,727,1.39, -> planetarium (1.4%)
frame_000098,-1.0,2.751,2.6569,0.0687,5.5161,727,1.39, -> planetarium (1.4%)
frame_000099,-1.0,1.48,2.7208,0.0705,4.3096,727,1.39, -> planetarium (1.4%)
frame_000100,-1.0,1.5358,3.1801,0.0663,4.8203,727,1.39, -> planetarium (1.4%)
frame_000101,-1.0,1.5708,2.6589,0.0605,4.3253,727,1.39, -> planetarium (1.4%)
frame_000102,-1.0,2.1608,2.7051,0.0629,4.9645,727,1.39, -> planetarium (1.4%)
frame_000103,-1.0,2.2538,2.6997,0.0657,5.0548,727,1.39, -> planetarium (1.4%)
frame_000104,-1.0,1.6283,5.0879,0.064,6.8796,727,1.39, -> planetarium (1.4%)
frame_000105,-1.0,2.2345,2.7016,0.0641,5.0391,727,1.39, -> planetarium (1.4%)
frame_000106,-1.0,2.663,4.3954,0.0808,7.1964,727,1.39, -> planetarium (1.4%)
frame_000107,-1.0,2.0994,2.7094,0.0647,4.9117,727,1.39, -> planetarium (1.4%)
frame_000108,-1.0,2.1684,2.7139,0.0753,5.0003,727,1.39, -> planetarium (1.4%)
frame_000109,-1.0,2.6854,2.702,0.0631,5.4866,727,1.39, -> planetarium (1.4%)
frame_000110,-1.0,3.5894,2.6636,0.0701,6.3594,727,1.4, -> planetarium (1.4%)
frame_000111,-1.0,2.5532,2.7029,0.0741,5.3706,727,1.4, -> planetarium (1.4%)
frame_000112,-1.0,2.5786,2.7175,0.0632,5.394,727,1.4, -> planetarium (1.4%)
frame_000113,-1.0,3.4738,2.7043,0.0647,6.2791,727,1.4, -> planetarium (1.4%)
frame_000114,-1.0,3.5776,2.7155,0.0661,6.4058,727,1.4, -> planetarium (1.4%)
frame_000115,-1.0,2.1801,2.6598,0.0645,4.9404,727,1.41, -> planetarium (1.4%)
frame_000116,-1.0,2.1289,2.7072,0.0628,4.9331,727,1.41, -> planetarium (1.4%)
frame_000117,-1.0,1.5835,2.7031,0.069,4.3942,727,1.41, -> planetarium (1.4%)
frame_000118,-1.0,1.5575,2.6981,0.06,4.3493,727,1.4, -> planetarium (1.4%)
frame_000119,-1.0,2.0864,2.6585,0.0684,4.848,727,1.4, -> planetarium (1.4%)
frame_000120,-1.0,1.6276,2.7353,0.0693,4.4692,727,1.39, -> planetarium (1.4%)
frame_000121,-1.0,1.5425,2.6495,0.0609,4.285,727,1.39, -> planetarium (1.4%)
frame_000122,-1.0,3.8013,2.7203,0.0768,6.6416,727,1.38, -> planetarium (1.4%)
frame_000123,-1.0,3.4887,2.7657,0.0694,6.364,727,1.5, -> planetarium (1.5%)
frame_000124,-1.0,2.1444,2.8907,0.0712,5.1447,727,1.49, -> planetarium (1.5%)
frame_000125,-1.0,2.2106,2.6542,0.0661,4.9664,727,1.34, -> planetarium (1.3%)
frame_000126,-1.0,2.1004,2.7294,0.0686,4.936,727,1.31, -> planetarium (1.3%)
frame_000127,-1.0,2.1232,6.0206,0.0742,8.2668,727,1.3, -> planetarium (1.3%)
frame_000128,-1.0,2.6906,2.7167,0.0666,5.5147,727,1.3, -> planetarium (1.3%)
frame_000129,-1.0,2.5683,4.9681,0.0679,7.6431,727,1.29, -> planetarium (1.3%)
frame_000130,-1.0,1.5404,2.6797,0.0612,4.318,727,1.29, -> planetarium (1.3%)
frame_000131,-1.0,1.5525,3.4982,0.0638,5.1511,727,1.3, -> planetarium (1.3%)
frame_000132,-1.0,1.6071,2.7045,0.0631,4.4101,727,1.29, -> planetarium (1.3%)
frame_000133,-1.0,1.9768,2.7134,0.0726,4.8024,727,1.44, -> planetarium (1.4%)
frame_000134,-1.0,1.5592,2.7126,0.0649,4.3735,727,1.56, -> planetarium (1.6%)
frame_000135,-1.0,2.5638,2.7121,0.072,5.3855,727,1.55, -> planetarium (1.5%)
frame_000136,-1.0,2.222,2.7291,0.0715,5.0635,727,1.42, -> planetarium (1.4%)
frame_000137,-1.0,2.1441,2.703,0.0621,4.943,727,1.33, -> planetarium (1.3%)
frame_000138,-1.0,1.5318,4.6382,0.0736,6.2845,727,1.33, -> planetarium (1.3%)
frame_000139,-1.0,1.4993,2.7982,0.0638,4.3965,727,1.32, -> planetarium (1.3%)
frame_000140,-1.0,2.0858,2.6981,0.0624,4.881,727,1.39, -> planetarium (1.4%)
frame_000141,-1.0,1.5415,2.7025,0.0648,4.3425,727,1.47, -> planetarium (1.5%)
frame_000142,-1.0,2.8803,2.6461,0.0609,5.6204,727,2.27, -> planetarium (2.3%)
frame_000143,-1.0,2.0591,6.1877,0.0721,8.3649,727,1.59, -> planetarium (1.6%)
frame_000144,-1.0,1.9899,2.6496,0.0758,4.7584,727,1.58, -> planetarium (1.6%)
frame_000145,-1.0,1.577,2.7109,0.0632,4.3883,727,1.58, -> planetarium (1.6%)
frame_000146,-1.0,2.688,2.8444,0.061,5.6293,727,1.51, -> planetarium (1.5%)
frame_000147,-1.0,1.637,2.7353,0.0753,4.4899,727,1.42, -> planetarium (1.4%)
frame_000148,-1.0,2.0306,2.6868,0.0611,4.8125,727,1.44, -> planetarium (1.4%)
frame_000149,-1.0,2.0841,2.6956,0.0609,4.8755,515,1.43, -> cowboy hat (1.4%)
frame_000150,-1.0,1.5684,2.7159,0.0683,4.391,515,1.46, -> cowboy hat (1.5%)
frame_000151,-1.0,2.6848,2.731,0.0692,5.5289,727,1.45, -> planetarium (1.4%)
frame_000152,-1.0,2.6522,2.723,0.0746,5.4957,727,1.53, -> planetarium (1.5%)
frame_000153,-1.0,3.0242,2.7111,0.0693,5.8432,727,1.52, -> planetarium (1.5%)
frame_000154,-1.0,2.1064,2.654,0.0652,4.8637,727,1.55, -> planetarium (1.5%)
frame_000155,-1.0,2.1292,2.7186,0.07,4.9586,727,1.55, -> planetarium (1.5%)
frame_000156,-1.0,1.5114,2.7155,0.0662,4.33,727,1.59, -> planetarium (1.6%)
frame_000157,-1.0,1.6307,2.8587,0.0671,4.5957,727,1.59, -> planetarium (1.6%)
frame_000158,-1.0,1.6114,2.6517,0.0609,4.3579,727,1.62, -> planetarium (1.6%)
frame_000159,-1.0,1.4737,2.7016,0.064,4.2752,727,1.61, -> planetarium (1.6%)
frame_000160,-1.0,3.0559,2.6464,0.0594,5.7964,727,1.62, -> planetarium (1.6%)
frame_000161,-1.0,3.436,2.6547,0.0677,6.1921,727,1.62, -> planetarium (1.6%)
frame_000162,-1.0,3.4905,2.8991,0.0693,6.4947,727,1.64, -> planetarium (1.6%)
frame_000163,-1.0,3.3929,2.709,0.0636,6.2026,727,1.65, -> planetarium (1.6%)
frame_000164,-1.0,3.6525,2.7116,0.0678,6.4681,727,1.64, -> planetarium (1.6%)
frame_000165,-1.0,3.723,2.6707,0.0678,6.4994,727,1.64, -> planetarium (1.6%)
frame_000166,-1.0,3.5078,2.7098,0.0646,6.3174,727,1.64, -> planetarium (1.6%)
frame_000167,-1.0,2.5923,2.6995,0.0643,5.3921,727,1.63, -> planetarium (1.6%)
frame_000168,-1.0,2.0914,2.7255,0.0621,4.9152,727,1.61, -> planetarium (1.6%)
frame_000169,-1.0,1.5112,2.6941,0.0624,4.3021,727,1.81, -> planetarium (1.8%)
frame_000170,-1.0,2.6511,2.6759,0.0726,5.445,727,1.81, -> planetarium (1.8%)
frame_000171,-1.0,2.065,2.6937,0.0729,4.8797,727,1.77, -> planetarium (1.8%)
frame_000172,-1.0,2.0806,2.6955,0.0694,4.8863,727,1.53, -> planetarium (1.5%)
frame_000173,-1.0,1.5865,2.6948,0.0635,4.3818,727,1.39, -> planetarium (1.4%)
frame_000174,-1.0,3.9797,4.1684,0.0836,8.2824,515,1.38, -> cowboy hat (1.4%)
frame_000175,-1.0,2.1593,2.6573,0.0722,4.9315,515,1.38, -> cowboy hat (1.4%)
frame_000176,-1.0,1.4983,2.6813,0.0653,4.2834,515,1.39, -> cowboy hat (1.4%)
frame_000177,-1.0,2.6443,2.686,0.0639,5.4315,515,1.39, -> cowboy hat (1.4%)
frame_000178,-1.0,1.6817,2.6941,0.0649,4.4768,515,1.39, -> cowboy hat (1.4%)
frame_000179,-1.0,2.6328,2.685,0.081,5.4435,515,1.39, -> cowboy hat (1.4%)
frame_000180,-1.0,3.4415,7.1395,0.0753,10.7081,515,1.39, -> cowboy hat (1.4%)
frame_000181,-1.0,2.6427,2.72,0.0756,5.4816,515,1.4, -> cowboy hat (1.4%)
frame_000182,-1.0,3.3489,2.7051,0.0708,6.1663,515,1.4, -> cowboy hat (1.4%)
frame_000183,-1.0,2.6648,2.7187,0.071,5.4951,515,1.39, -> cowboy hat (1.4%)
frame_000184,-1.0,2.0589,2.7083,0.0635,4.8663,515,1.39, -> cowboy hat (1.4%)
frame_000185,-1.0,2.2143,2.7146,0.0723,5.0392,515,1.39, -> cowboy hat (1.4%)
frame_000186,-1.0,2.6059,2.7063,0.0647,5.4148,515,1.52, -> cowboy hat (1.5%)
frame_000187,-1.0,2.1504,2.7044,0.0647,4.9564,727,1.51, -> planetarium (1.5%)
frame_000188,-1.0,3.1151,4.8142,0.0628,8.0283,727,1.38, -> planetarium (1.4%)
frame_000189,-1.0,2.5386,2.6865,0.0639,5.325,727,1.36, -> planetarium (1.4%)
frame_000190,-1.0,2.1087,2.7064,0.0597,4.9103,727,1.48, -> planetarium (1.5%)
frame_000191,-1.0,2.4762,2.6571,0.0681,5.2368,727,1.43, -> planetarium (1.4%)
frame_000192,-1.0,3.3355,2.7956,0.0644,6.2337,727,1.42, -> planetarium (1.4%)
frame_000193,-1.0,3.5844,2.7131,0.0629,6.3962,727,1.49, -> planetarium (1.5%)
frame_000194,-1.0,2.6797,2.7133,0.0659,5.4974,727,1.43, -> planetarium (1.4%)
frame_000195,-1.0,2.1401,2.7162,0.0699,4.964,727,1.43, -> planetarium (1.4%)
frame_000196,-1.0,3.2545,2.7158,0.061,6.0674,727,1.55, -> planetarium (1.5%)
frame_000197,-1.0,3.4775,2.7057,0.0623,6.281,727,1.59, -> planetarium (1.6%)
frame_000198,-1.0,2.6308,2.8228,0.0633,5.5516,727,1.5, -> planetarium (1.5%)
frame_000199,-1.0,2.0456,2.6943,0.0622,4.838,727,1.49, -> planetarium (1.5%)
frame_000200,-1.0,1.5569,2.6373,0.0639,4.295,727,1.53, -> planetarium (1.5%)
frame_000201,-1.0,2.034,2.6526,0.0629,4.7841,727,1.54, -> planetarium (1.5%)
frame_000202,-1.0,1.5418,2.6458,0.0647,4.2868,727,1.59, -> planetarium (1.6%)
frame_000203,-1.0,1.5228,2.6973,0.0616,4.3151,727,1.56, -> planetarium (1.6%)
frame_000204,-1.0,2.2801,2.7295,0.0628,5.1068,727,1.7, -> planetarium (1.7%)
frame_000205,-1.0,3.1058,2.7162,0.0754,5.9355,727,1.56, -> planetarium (1.6%)
frame_000206,-1.0,2.1741,2.718,0.0719,5.0023,727,1.54, -> planetarium (1.5%)
frame_000207,-1.0,2.1639,2.7067,0.0622,4.966,727,1.59, -> planetarium (1.6%)
frame_000208,-1.0,2.6145,2.6733,0.0645,5.3863,727,1.49, -> planetarium (1.5%)
frame_000209,-1.0,2.1407,2.7012,0.0608,4.9342,727,1.48, -> planetarium (1.5%)
frame_000210,-1.0,2.6277,2.717,0.0659,5.4449,727,1.59, -> planetarium (1.6%)
frame_000211,-1.0,1.6305,2.7177,0.0673,4.4516,727,1.68, -> planetarium (1.7%)
frame_000212,-1.0,2.4806,2.6962,0.0688,5.2812,727,1.57, -> planetarium (1.6%)
frame_000213,-1.0,2.1011,6.7635,0.0743,8.9893,727,1.65, -> planetarium (1.7%)
frame_000214,-1.0,2.953,6.0599,0.0762,9.1393,727,1.72, -> planetarium (1.7%)
frame_000215,-1.0,2.162,2.7078,0.0772,4.9877,727,1.74, -> planetarium (1.7%)
frame_000216,-1.0,2.0763,2.6839,0.074,4.8773,727,1.75, -> planetarium (1.8%)
frame_000217,-1.0,2.3721,2.6955,0.0613,5.165,727,1.79, -> planetarium (1.8%)
frame_000218,-1.0,2.1139,2.723,0.0694,4.9449,727,1.62, -> planetarium (1.6%)
frame_000219,-1.0,1.5135,2.6732,0.0618,4.2848,727,1.65, -> planetarium (1.6%)
frame_000220,-1.0,3.1336,2.8568,0.0708,6.1014,727,1.67, -> planetarium (1.7%)
frame_000221,-1.0,3.3589,2.7156,0.0731,6.186,727,1.74, -> planetarium (1.7%)
frame_000222,-1.0,2.6206,2.6613,0.0727,5.3966,727,1.79, -> planetarium (1.8%)
frame_000223,-1.0,2.0151,2.717,0.0682,4.8395,727,1.77, -> planetarium (1.8%)
frame_000224,-1.0,2.6283,4.3372,0.0639,7.0652,727,1.74, -> planetarium (1.7%)
frame_000225,-1.0,3.2396,7.5268,0.0828,10.9022,727,1.7, -> planetarium (1.7%)
frame_000226,-1.0,2.6822,5.8032,0.0774,8.6156,727,1.83, -> planetarium (1.8%)
frame_000227,-1.0,2.0902,2.7115,0.0806,4.927,727,1.93, -> planetarium (1.9%)
frame_000228,-1.0,1.4631,2.6504,0.064,4.217,727,2.09, -> planetarium (2.1%)
frame_000229,-1.0,2.0067,2.6881,0.0611,4.7966,727,2.02, -> planetarium (2.0%)
frame_000230,-1.0,1.6436,4.541,0.0651,6.2866,727,1.98, -> planetarium (2.0%)
frame_000231,-1.0,1.7128,2.7028,0.0649,4.5194,727,1.96, -> planetarium (2.0%)
frame_000232,-1.0,2.8153,2.682,0.0626,5.5968,727,1.93, -> planetarium (1.9%)
frame_000233,-1.0,1.5555,2.679,0.0595,4.3284,727,1.94, -> planetarium (1.9%)
frame_000234,-1.0,1.5342,3.3936,0.0633,5.0263,727,1.92, -> planetarium (1.9%)
frame_000235,-1.0,1.5133,2.6849,0.0612,4.2944,727,2.09, -> planetarium (2.1%)
frame_000236,-1.0,1.5854,2.6775,0.0614,4.3596,727,1.97, -> planetarium (2.0%)
frame_000237,-1.0,1.585,2.6876,0.0656,4.3721,727,1.92, -> planetarium (1.9%)
frame_000238,-1.0,1.5396,2.6244,0.0642,4.2637,727,1.96, -> planetarium (2.0%)
frame_000239,-1.0,3.1537,2.663,0.0658,5.9213,727,1.81, -> planetarium (1.8%)
frame_000240,-1.0,1.8994,2.7224,0.0776,4.7497,727,1.81, -> planetarium (1.8%)
frame_000241,-1.0,3.0292,2.7477,0.0656,5.8816,727,1.91, -> planetarium (1.9%)
frame_000242,-1.0,2.2061,2.7145,0.0719,5.0317,727,1.98, -> planetarium (2.0%)
frame_000243,-1.0,1.6712,2.7121,0.0679,4.4891,727,1.94, -> planetarium (1.9%)
frame_000244,-1.0,2.0383,2.6883,0.0649,4.8278,727,1.94, -> planetarium (1.9%)
frame_000245,-1.0,3.1349,5.876,0.0759,9.1368,727,1.86, -> planetarium (1.9%)
frame_000246,-1.0,3.7369,2.691,0.0674,6.5373,727,1.93, -> planetarium (1.9%)
frame_000247,-1.0,3.4055,7.4375,0.0853,10.9807,727,1.88, -> planetarium (1.9%)
frame_000248,-1.0,3.6932,2.638,0.0857,6.468,727,1.84, -> planetarium (1.8%)
frame_000249,-1.0,3.4497,2.6606,0.0782,6.2323,727,1.98, -> planetarium (2.0%)
frame_000250,-1.0,3.4232,2.689,0.0749,6.226,727,2.04, -> planetarium (2.0%)
frame_000251,-1.0,2.6718,2.7347,0.0655,5.5101,727,1.93, -> planetarium (1.9%)
frame_000252,-1.0,1.7149,2.6966,0.0734,4.527,727,1.78, -> planetarium (1.8%)
frame_000253,-1.0,2.0526,2.5238,0.0729,4.6915,727,1.82, -> planetarium (1.8%)
frame_000254,-1.0,1.7087,2.7007,0.0637,4.5094,727,1.86, -> planetarium (1.9%)
frame_000255,-1.0,1.5898,3.5896,0.0636,5.2791,727,1.82, -> planetarium (1.8%)
frame_000256,-1.0,1.2877,2.6189,0.0656,4.0092,727,1.93, -> planetarium (1.9%)
frame_000257,-1.0,2.7754,5.6383,0.0696,8.5321,727,1.79, -> planetarium (1.8%)
frame_000258,-1.0,2.0701,2.7081,0.0701,4.8879,727,1.77, -> planetarium (1.8%)
frame_000259,-1.0,1.4989,2.6484,0.0609,4.2427,727,1.72, -> planetarium (1.7%)
frame_000260,-1.0,1.5841,2.6316,0.0644,4.3159,727,1.63, -> planetarium (1.6%)
frame_000261,-1.0,3.0234,6.9394,0.0851,10.0964,727,1.63, -> planetarium (1.6%)
frame_000262,-1.0,2.1124,2.6771,0.0638,4.8912,727,1.71, -> planetarium (1.7%)
frame_000263,-1.0,4.1141,4.4459,0.0865,8.6971,727,1.71, -> planetarium (1.7%)
frame_000264,-1.0,3.4375,2.6918,0.0725,6.2425,727,1.65, -> planetarium (1.6%)
frame_000265,-1.0,3.5887,2.7031,0.0699,6.4018,727,1.64, -> planetarium (1.6%)
frame_000266,-1.0,2.1337,2.6446,0.0631,4.8787,727,2.92, -> planetarium (2.9%)
frame_000267,-1.0,1.6173,2.6378,0.0673,4.3606,727,1.82, -> planetarium (1.8%)
frame_000268,-1.0,2.0199,2.6951,0.0656,4.8176,727,1.55, -> planetarium (1.5%)
frame_000269,-1.0,2.0413,2.6544,0.0706,4.8076,727,1.74, -> planetarium (1.7%)
frame_000270,-1.0,2.2102,2.7031,0.07,5.0242,727,1.73, -> planetarium (1.7%)
frame_000271,-1.0,3.7922,4.6466,0.0949,8.5851,727,1.56, -> planetarium (1.6%)
frame_000272,-1.0,3.725,6.3056,0.085,10.1743,727,1.62, -> planetarium (1.6%)
frame_000273,-1.0,3.3866,2.7024,0.0777,6.2093,727,1.7, -> planetarium (1.7%)
frame_000274,-1.0,2.5789,2.637,0.0636,5.3202,727,1.75, -> planetarium (1.8%)
frame_000275,-1.0,2.9809,2.6983,0.065,5.7845,727,1.68, -> planetarium (1.7%)
frame_000276,-1.0,2.0134,2.6932,0.0657,4.8119,727,1.91, -> planetarium (1.9%)
frame_000277,-1.0,2.0344,2.6942,0.063,4.8289,727,1.79, -> planetarium (1.8%)
frame_000278,-1.0,3.4715,7.4679,0.0739,11.064,727,1.76, -> planetarium (1.8%)
frame_000279,-1.0,3.6042,2.6706,0.0688,6.3855,727,1.86, -> planetarium (1.9%)
frame_000280,-1.0,3.4414,2.6497,0.0708,6.2009,727,1.79, -> planetarium (1.8%)
frame_000281,-1.0,2.7235,2.693,0.0683,5.5237,727,1.69, -> planetarium (1.7%)
frame_000282,-1.0,2.1354,2.6836,0.0656,4.9237,727,1.71, -> planetarium (1.7%)
frame_000283,-1.0,2.614,2.6951,0.0749,5.4243,727,1.9, -> planetarium (1.9%)
frame_000284,-1.0,3.0431,2.6403,0.065,5.7864,727,1.75, -> planetarium (1.8%)
frame_000285,-1.0,2.6525,2.6937,0.0696,5.4576,727,1.72, -> planetarium (1.7%)
frame_000286,-1.0,2.0871,2.6398,0.0634,4.8286,727,1.88, -> planetarium (1.9%)
frame_000287,-1.0,2.7286,2.72,0.0738,5.5628,727,1.72, -> planetarium (1.7%)
frame_000288,-1.0,3.1141,4.5894,0.0802,7.8354,727,1.68, -> planetarium (1.7%)
frame_000289,-1.0,3.0797,2.6973,0.0719,5.889,727,1.75, -> planetarium (1.7%)
frame_000290,-1.0,3.6029,2.6391,0.072,6.3525,727,1.7, -> planetarium (1.7%)
frame_000291,-1.0,3.3845,2.7002,0.0711,6.1928,727,1.55, -> planetarium (1.6%)
frame_000292,-1.0,3.5009,2.6411,0.0695,6.2491,727,1.55, -> planetarium (1.5%)
frame_000293,-1.0,3.4359,2.7139,0.0705,6.2572,727,1.69, -> planetarium (1.7%)
frame_000294,-1.0,3.6281,2.721,0.0691,6.457,727,1.5, -> planetarium (1.5%)
frame_000295,-1.0,3.4482,2.6396,0.0672,6.1909,727,1.49, -> planetarium (1.5%)
frame_000296,-1.0,3.2599,2.6315,0.0679,5.9952,727,1.63, -> planetarium (1.6%)
frame_000297,-1.0,3.5472,2.8129,0.0628,6.4601,727,1.64, -> planetarium (1.6%)
frame_000298,-1.0,3.4601,4.0851,0.0786,7.701,727,1.73, -> planetarium (1.7%)
frame_000299,-1.0,3.2384,2.7091,0.0839,6.0792,727,1.74, -> planetarium (1.7%)
frame_000300,-1.0,3.5633,2.7033,0.0708,6.3788,727,1.56, -> planetarium (1.6%)
frame_000301,-1.0,3.4758,2.7082,0.0716,6.2927,727,1.55, -> planetarium (1.6%)
frame_000302,-1.0,2.7976,2.9776,0.0635,5.8761,727,1.66, -> planetarium (1.7%)
frame_000303,-1.0,3.5751,2.6892,0.0641,6.3658,727,1.75, -> planetarium (1.7%)
frame_000304,-1.0,3.5009,3.4949,0.0648,7.0975,727,2.42, -> planetarium (2.4%)
frame_000305,-1.0,3.4055,2.6335,0.0698,6.1467,727,2.13, -> planetarium (2.1%)
frame_000306,-1.0,3.4259,2.6467,0.07,6.1809,727,2.02, -> planetarium (2.0%)
frame_000307,-1.0,2.6418,2.6446,0.0634,5.3852,727,2.32, -> planetarium (2.3%)
frame_000308,-1.0,3.4508,2.6865,0.0637,6.239,727,3.22, -> planetarium (3.2%)
frame_000309,-1.0,3.333,2.6863,0.0706,6.1268,727,1.76, -> planetarium (1.8%)
frame_000310,-1.0,2.2655,4.0484,0.0761,6.4389,727,1.95, -> planetarium (2.0%)
frame_000311,-1.0,1.6481,2.6897,0.074,4.4547,727,2.09, -> planetarium (2.1%)
frame_000312,-1.0,2.0808,2.6495,0.0629,4.8319,727,2.92, -> planetarium (2.9%)
frame_000313,-1.0,2.045,2.7073,0.0662,4.8591,727,2.83, -> planetarium (2.8%)
frame_000314,-1.0,2.6029,3.1598,0.0633,5.8638,727,2.26, -> planetarium (2.3%)
frame_000315,-1.0,1.6536,2.6603,0.0654,4.4174,727,1.58, -> planetarium (1.6%)
frame_000316,-1.0,2.0482,2.6533,0.0695,4.8134,727,1.52, -> planetarium (1.5%)
frame_000317,-1.0,2.1492,2.7149,0.073,4.9792,727,1.59, -> planetarium (1.6%)
frame_000318,-1.0,2.666,2.7398,0.0646,5.509,727,1.53, -> planetarium (1.5%)
frame_000319,-1.0,2.5849,2.6493,0.0662,5.3387,727,1.53, -> planetarium (1.5%)
frame_000320,-1.0,2.1634,2.7,0.0621,4.9615,515,1.49, -> cowboy hat (1.5%)
frame_000321,-1.0,3.5383,5.6716,0.0842,9.3447,515,1.45, -> cowboy hat (1.4%)
frame_000322,-1.0,3.3152,2.6959,0.0744,6.1234,515,1.49, -> cowboy hat (1.5%)
frame_000323,-1.0,2.2236,2.6842,0.0665,5.0145,515,2.19, -> cowboy hat (2.2%)
frame_000324,-1.0,2.1265,2.7061,0.0749,4.9541,727,1.53, -> planetarium (1.5%)
frame_000325,-1.0,1.692,2.6808,0.0743,4.4886,727,1.51, -> planetarium (1.5%)
frame_000326,-1.0,1.6147,2.6244,0.0656,4.341,727,1.6, -> planetarium (1.6%)
frame_000327,-1.0,2.8262,2.7103,0.0647,5.6386,727,1.59, -> planetarium (1.6%)
frame_000328,-1.0,3.4832,2.707,0.0739,6.3076,727,1.58, -> planetarium (1.6%)
frame_000329,-1.0,3.5634,2.6911,0.0848,6.388,727,1.56, -> planetarium (1.6%)
frame_000330,-1.0,2.3424,2.7364,0.0771,5.2016,727,1.7, -> planetarium (1.7%)
frame_000331,-1.0,2.0651,2.6956,0.0736,4.8775,727,1.72, -> planetarium (1.7%)
frame_000332,-1.0,2.103,2.734,0.0683,4.9455,727,1.84, -> planetarium (1.8%)
frame_000333,-1.0,2.5926,2.8222,0.0696,5.5261,727,1.82, -> planetarium (1.8%)
frame_000334,-1.0,2.1449,2.7147,0.0643,4.9641,727,1.91, -> planetarium (1.9%)
frame_000335,-1.0,2.215,7.6341,0.0711,9.9705,727,1.93, -> planetarium (1.9%)
frame_000336,-1.0,1.6146,2.6926,0.0677,4.4161,727,1.96, -> planetarium (2.0%)
frame_000337,-1.0,2.1476,6.256,0.0734,8.5259,727,1.98, -> planetarium (2.0%)
frame_000338,-1.0,3.5086,2.6802,0.0742,6.3054,727,2.14, -> planetarium (2.1%)
frame_000339,-1.0,2.5113,2.7116,0.0653,5.3283,727,2.19, -> planetarium (2.2%)
frame_000340,-1.0,1.6142,2.7099,0.0681,4.433,727,2.19, -> planetarium (2.2%)
frame_000341,-1.0,1.5198,2.6988,0.0616,4.3181,727,2.21, -> planetarium (2.2%)
frame_000342,-1.0,1.6687,2.7135,0.0703,4.4949,727,2.27, -> planetarium (2.3%)
frame_000343,-1.0,1.494,2.646,0.0682,4.2484,727,2.31, -> planetarium (2.3%)
frame_000344,-1.0,2.6677,2.7143,0.0646,5.4857,727,2.28, -> planetarium (2.3%)
frame_000345,-1.0,1.7804,2.7121,0.0745,4.6089,727,2.37, -> planetarium (2.4%)
frame_000346,-1.0,1.6634,2.6969,0.069,4.4698,727,2.31, -> planetarium (2.3%)
frame_000347,-1.0,2.0985,2.7226,0.0677,4.9297,727,2.33, -> planetarium (2.3%)
frame_000348,-1.0,1.6623,2.6602,0.0718,4.4361,727,2.27, -> planetarium (2.3%)
frame_000349,-1.0,1.6054,2.7059,0.0637,4.413,727,2.27, -> planetarium (2.3%)
frame_000350,-1.0,2.554,2.6472,0.0661,5.3055,727,2.33, -> planetarium (2.3%)
frame_000351,-1.0,2.0798,2.6985,0.0672,4.8844,727,2.34, -> planetarium (2.3%)
frame_000352,-1.0,1.5349,2.6428,0.0654,4.2802,727,2.33, -> planetarium (2.3%)
frame_000353,-1.0,3.5181,2.6755,0.0662,6.2998,727,2.33, -> planetarium (2.3%)
frame_000354,-1.0,2.7564,2.711,0.0677,5.5752,727,2.57, -> planetarium (2.6%)
frame_000355,-1.0,2.5977,2.6594,0.0653,5.3593,727,2.3, -> planetarium (2.3%)
frame_000356,-1.0,2.0612,2.6513,0.0682,4.8195,727,2.35, -> planetarium (2.3%)
frame_000357,-1.0,2.8149,2.6503,0.0731,5.5779,727,2.15, -> planetarium (2.2%)
frame_000358,-1.0,1.9679,4.0074,0.0752,6.0951,727,2.16, -> planetarium (2.2%)
frame_000359,-1.0,2.1413,2.7084,0.0718,4.9607,727,2.05, -> planetarium (2.1%)
frame_000360,-1.0,2.8789,2.715,0.0737,5.7078,727,2.12, -> planetarium (2.1%)
frame_000361,-1.0,3.0343,2.6873,0.067,5.8275,727,2.12, -> planetarium (2.1%)
frame_000362,-1.0,2.0245,2.6487,0.0648,4.7746,727,2.12, -> planetarium (2.1%)
frame_000363,-1.0,2.0788,2.7054,0.067,4.8897,727,2.13, -> planetarium (2.1%)
frame_000364,-1.0,2.0687,2.6973,0.0628,4.8635,727,2.27, -> planetarium (2.3%)
frame_000365,-1.0,2.1235,2.6628,0.0757,4.9038,727,2.23, -> planetarium (2.2%)
frame_000366,-1.0,2.9857,2.7107,0.0629,5.7964,727,2.2, -> planetarium (2.2%)
frame_000367,-1.0,2.0286,2.6422,0.063,4.7707,727,2.24, -> planetarium (2.2%)
frame_000368,-1.0,2.0822,2.7134,0.0645,4.8949,727,2.23, -> planetarium (2.2%)
frame_000369,-1.0,2.6783,2.7244,0.0788,5.5203,727,2.17, -> planetarium (2.2%)
frame_000370,-1.0,2.6749,2.7032,0.0635,5.4783,727,2.23, -> planetarium (2.2%)
frame_000371,-1.0,2.2431,2.7033,0.068,5.0538,727,2.21, -> planetarium (2.2%)
frame_000372,-1.0,1.8527,2.8089,0.0978,4.8086,727,2.15, -> planetarium (2.2%)
frame_000373,-1.0,1.7264,2.6449,0.0787,4.5076,727,2.26, -> planetarium (2.3%)
frame_000374,-1.0,2.2288,2.6954,0.0697,5.0338,727,2.25, -> planetarium (2.2%)
frame_000375,-1.0,3.3234,2.6812,0.0761,6.1262,727,2.53, -> planetarium (2.5%)
frame_000376,-1.0,2.1764,2.6969,0.0722,4.9821,727,2.52, -> planetarium (2.5%)
frame_000377,-1.0,1.755,2.7149,0.0729,4.5808,727,2.51, -> planetarium (2.5%)
frame_000378,-1.0,1.5611,2.6952,0.0643,4.3563,727,2.52, -> planetarium (2.5%)
frame_000379,-1.0,2.0533,2.6754,0.0622,4.8274,727,2.56, -> planetarium (2.6%)
frame_000380,-1.0,1.6073,2.6326,0.0646,4.3406,727,2.44, -> planetarium (2.4%)
frame_000381,-1.0,1.6428,2.6391,0.0639,4.3825,727,2.4, -> planetarium (2.4%)
frame_000382,-1.0,1.6702,2.6559,0.0673,4.43,727,2.62, -> planetarium (2.6%)
frame_000383,-1.0,1.5823,2.6955,0.0651,4.381,727,2.79, -> planetarium (2.8%)
frame_000384,-1.0,1.6618,2.6325,0.0633,4.3949,727,2.52, -> planetarium (2.5%)
frame_000385,-1.0,1.5714,2.6338,0.062,4.3056,727,2.45, -> planetarium (2.5%)
frame_000386,-1.0,2.7554,2.6907,0.0623,5.5447,727,2.59, -> planetarium (2.6%)
frame_000387,-1.0,2.2415,2.7041,0.0756,5.0638,727,2.68, -> planetarium (2.7%)
frame_000388,-1.0,2.0998,4.0921,0.077,6.3139,727,2.6, -> planetarium (2.6%)
frame_000389,-1.0,1.6613,2.7194,0.0722,4.4964,727,2.59, -> planetarium (2.6%)
frame_000390,-1.0,2.1283,2.7198,0.0659,4.9536,727,2.65, -> planetarium (2.6%)
frame_000391,-1.0,2.5063,2.6437,0.0626,5.2493,727,2.6, -> planetarium (2.6%)
frame_000392,-1.0,1.6658,2.6434,0.0651,4.4108,727,2.6, -> planetarium (2.6%)
frame_000393,-1.0,2.8577,2.7226,0.0668,5.6836,727,2.72, -> planetarium (2.7%)
frame_000394,-1.0,1.6347,2.6978,0.0589,4.4234,727,2.69, -> planetarium (2.7%)
frame_000395,-1.0,3.0198,2.636,0.0722,5.7642,727,2.58, -> planetarium (2.6%)
frame_000396,-1.0,2.5966,2.6392,0.0611,5.3323,727,2.55, -> planetarium (2.6%)
frame_000397,-1.0,1.6192,2.6826,0.0606,4.3972,727,2.53, -> planetarium (2.5%)
frame_000398,-1.0,2.0454,2.6988,0.0633,4.8419,727,2.51, -> planetarium (2.5%)
frame_000399,-1.0,3.188,2.7081,0.0631,5.9968,727,2.54, -> planetarium (2.5%)
frame_000400,-1.0,3.4641,2.694,0.0627,6.2577,727,2.58, -> planetarium (2.6%)
frame_000401,-1.0,2.1231,2.6867,0.0606,4.9057,727,2.62, -> planetarium (2.6%)
frame_000402,-1.0,1.6038,3.0494,0.0598,4.7473,727,2.59, -> planetarium (2.6%)
frame_000403,-1.0,1.4685,2.6766,0.056,4.2338,727,2.5, -> planetarium (2.5%)
frame_000404,-1.0,1.5226,2.8563,0.0591,4.4713,727,2.61, -> planetarium (2.6%)
frame_000405,-1.0,1.4772,2.6446,0.0574,4.2145,727,2.69, -> planetarium (2.7%)
frame_000406,-1.0,1.4223,2.6201,0.0583,4.1338,727,2.61, -> planetarium (2.6%)
frame_000407,-1.0,3.2951,2.6569,0.0677,6.0541,727,2.58, -> planetarium (2.6%)
frame_000408,-1.0,2.1844,2.7027,0.0639,4.9858,727,2.42, -> planetarium (2.4%)
frame_000409,-1.0,1.4894,5.3697,0.0623,6.9576,727,2.45, -> planetarium (2.5%)
frame_000410,-1.0,1.4837,2.6691,0.0589,4.2433,727,2.58, -> planetarium (2.6%)
frame_000411,-1.0,2.0675,2.6543,0.07,4.8309,727,2.46, -> planetarium (2.5%)
frame_000412,-1.0,2.1887,2.7207,0.0723,5.0201,727,2.45, -> planetarium (2.4%)
frame_000413,-1.0,1.6687,2.6633,0.0609,4.4253,727,2.52, -> planetarium (2.5%)
frame_000414,-1.0,2.0617,2.6967,0.0619,4.8552,727,2.41, -> planetarium (2.4%)
frame_000415,-1.0,2.0281,2.6425,0.0591,4.7622,727,2.4, -> planetarium (2.4%)
frame_000416,-1.0,1.9991,2.6759,0.0597,4.768,727,2.35, -> planetarium (2.3%)
frame_000417,-1.0,1.9451,2.6942,0.0655,4.7477,727,2.3, -> planetarium (2.3%)
frame_000418,-1.0,1.5059,4.1513,0.0701,5.7657,727,2.33, -> planetarium (2.3%)
frame_000419,-1.0,1.5506,2.6962,0.0788,4.3659,727,2.36, -> planetarium (2.4%)
frame_000420,-1.0,2.0286,2.7123,0.0725,4.8542,727,2.35, -> planetarium (2.3%)
frame_000421,-1.0,1.5971,2.8148,0.0671,4.5164,727,2.3, -> planetarium (2.3%)
frame_000422,-1.0,1.946,2.6819,0.0615,4.7236,727,2.17, -> planetarium (2.2%)
frame_000423,-1.0,1.7304,2.6942,0.0714,4.5318,727,2.22, -> planetarium (2.2%)
frame_000424,-1.0,2.5152,2.6939,0.0753,5.3245,727,2.18, -> planetarium (2.2%)
frame_000425,-1.0,1.9827,2.6904,0.0616,4.7681,727,2.34, -> planetarium (2.3%)
frame_000426,-1.0,1.5631,2.6903,0.0602,4.3461,727,2.25, -> planetarium (2.2%)
frame_000427,-1.0,1.5068,2.6296,0.0742,4.2489,727,2.3, -> planetarium (2.3%)
frame_000428,-1.0,1.6112,3.5889,0.0751,5.3159,727,2.32, -> planetarium (2.3%)
frame_000429,-1.0,1.6221,2.7269,0.0753,4.4672,727,2.25, -> planetarium (2.3%)
frame_000430,-1.0,1.6507,2.6404,0.0651,4.3923,727,2.3, -> planetarium (2.3%)
frame_000431,-1.0,1.9845,7.616,0.0699,9.7133,727,2.39, -> planetarium (2.4%)
frame_000432,-1.0,3.0876,2.7026,0.0656,5.8964,727,2.42, -> planetarium (2.4%)
frame_000433,-1.0,3.4592,2.6554,0.0708,6.2282,727,2.42, -> planetarium (2.4%)
frame_000434,-1.0,2.0245,2.6963,0.0617,4.8188,727,2.48, -> planetarium (2.5%)
frame_000435,-1.0,2.1708,2.7313,0.078,5.0227,727,2.79, -> planetarium (2.8%)
frame_000436,-1.0,1.9941,2.6524,0.0624,4.7452,727,2.75, -> planetarium (2.8%)
frame_000437,-1.0,1.5885,2.701,0.0645,4.3906,727,2.81, -> planetarium (2.8%)
frame_000438,-1.0,1.687,2.6945,0.0584,4.4747,727,2.92, -> planetarium (2.9%)
frame_000439,-1.0,2.8289,7.3103,0.0682,10.2517,727,2.8, -> planetarium (2.8%)
frame_000440,-1.0,3.49,2.6995,0.0643,6.2936,727,2.8, -> planetarium (2.8%)
frame_000441,-1.0,2.1395,2.6844,0.0794,4.9491,727,2.67, -> planetarium (2.7%)
frame_000442,-1.0,1.5295,2.7105,0.0672,4.3478,727,2.66, -> planetarium (2.7%)
frame_000443,-1.0,2.2816,2.6926,0.0637,5.074,727,2.72, -> planetarium (2.7%)
frame_000444,-1.0,1.5612,2.6446,0.0748,4.3239,727,2.75, -> planetarium (2.8%)
frame_000445,-1.0,1.8057,2.6547,0.059,4.5557,727,2.69, -> planetarium (2.7%)
frame_000446,-1.0,1.6587,2.679,0.0668,4.4435,727,2.75, -> planetarium (2.8%)
frame_000447,-1.0,2.3592,2.6878,0.0742,5.1656,727,2.75, -> planetarium (2.7%)
frame_000448,-1.0,1.5189,2.6777,0.0669,4.2984,727,2.79, -> planetarium (2.8%)
frame_000449,-1.0,2.1435,5.2507,0.0697,7.5324,727,2.69, -> planetarium (2.7%)
frame_000450,-1.0,1.7545,2.69,0.0694,4.5541,727,2.61, -> planetarium (2.6%)
frame_000451,-1.0,2.1038,5.5065,0.0589,7.7032,727,2.74, -> planetarium (2.7%)
frame_000452,-1.0,1.5588,2.6857,0.0567,4.3328,727,2.72, -> planetarium (2.7%)
frame_000453,-1.0,1.6636,2.6521,0.0653,4.4191,727,2.62, -> planetarium (2.6%)
frame_000454,-1.0,1.4366,2.6273,0.0677,4.1691,727,2.75, -> planetarium (2.7%)
frame_000455,-1.0,1.6757,2.7433,0.0702,4.5249,727,2.73, -> planetarium (2.7%)
frame_000456,-1.0,1.5611,2.6307,0.0679,4.2976,727,2.71, -> planetarium (2.7%)
frame_000457,-1.0,2.0908,2.6704,0.0551,4.8498,727,2.73, -> planetarium (2.7%)
frame_000458,-1.0,4.1607,4.3803,0.0758,8.7366,727,2.79, -> planetarium (2.8%)
frame_000459,-1.0,3.6447,2.6446,0.0669,6.3967,727,2.82, -> planetarium (2.8%)
frame_000460,-1.0,2.1268,2.6964,0.0595,4.9154,727,3.01, -> planetarium (3.0%)
frame_000461,-1.0,3.1738,2.6568,0.0627,5.9292,727,3.1, -> planetarium (3.1%)
frame_000462,-1.0,2.7874,2.6753,0.0754,5.5734,727,2.9, -> planetarium (2.9%)
frame_000463,-1.0,1.6282,2.6485,0.0605,4.372,727,2.89, -> planetarium (2.9%)
frame_000464,-1.0,1.7197,2.684,0.0582,4.4947,727,2.96, -> planetarium (3.0%)
frame_000465,-1.0,2.1608,5.6585,0.0618,7.9237,727,3.05, -> planetarium (3.1%)
frame_000466,-1.0,2.1621,2.6437,0.0636,4.9022,727,3.15, -> planetarium (3.1%)
frame_000467,-1.0,1.7438,3.2995,0.0573,5.1333,727,3.21, -> planetarium (3.2%)
frame_000468,-1.0,1.6308,2.7135,0.069,4.4511,727,3.17, -> planetarium (3.2%)
frame_000469,-1.0,2.1413,2.746,0.0599,4.9804,727,3.16, -> planetarium (3.2%)
frame_000470,-1.0,1.6114,2.6995,0.0633,4.4098,727,3.1, -> planetarium (3.1%)
frame_000471,-1.0,1.649,7.3262,0.0643,9.0822,727,3.11, -> planetarium (3.1%)
frame_000472,-1.0,3.246,2.7002,0.066,6.0472,727,3.18, -> planetarium (3.2%)
frame_000473,-1.0,3.3424,2.7359,0.0676,6.1888,727,3.17, -> planetarium (3.2%)
frame_000474,-1.0,2.531,2.617,0.0628,5.2511,727,3.24, -> planetarium (3.2%)
frame_000475,-1.0,1.7276,2.6521,0.0699,4.4884,727,3.24, -> planetarium (3.2%)
frame_000476,-1.0,2.0083,2.6972,0.0797,4.8347,727,3.23, -> planetarium (3.2%)
frame_000477,-1.0,2.098,5.4438,0.082,7.6751,727,3.27, -> planetarium (3.3%)
frame_000478,-1.0,1.6309,2.7039,0.0716,4.4438,727,3.18, -> planetarium (3.2%)
frame_000479,-1.0,1.5351,2.6646,0.0667,4.3046,727,3.17, -> planetarium (3.2%)
frame_000480,-1.0,2.0809,2.7104,0.0691,4.9029,727,3.29, -> planetarium (3.3%)
frame_000481,-1.0,1.6808,4.6624,0.0593,6.4347,727,3.11, -> planetarium (3.1%)
frame_000482,-1.0,3.0727,2.7064,0.0686,5.885,727,3.2, -> planetarium (3.2%)
frame_000483,-1.0,2.609,2.6526,0.0643,5.3623,727,3.16, -> planetarium (3.2%)
frame_000484,-1.0,1.698,2.6986,0.059,4.4902,727,3.11, -> planetarium (3.1%)
frame_000485,-1.0,1.7202,2.7813,0.0626,4.5984,727,3.18, -> planetarium (3.2%)
frame_000486,-1.0,1.6304,2.6767,0.0568,4.4008,727,3.16, -> planetarium (3.2%)
frame_000487,-1.0,1.6312,2.8736,0.0606,4.602,727,3.27, -> planetarium (3.3%)
frame_000488,-1.0,1.4762,2.6851,0.0573,4.2534,727,3.21, -> planetarium (3.2%)
frame_000489,-1.0,1.58,2.6796,0.0597,4.354,727,3.26, -> planetarium (3.3%)
frame_000490,-1.0,1.8067,2.723,0.0712,4.6406,727,3.2, -> planetarium (3.2%)
frame_000491,-1.0,1.5831,5.6985,0.0563,7.3695,727,3.17, -> planetarium (3.2%)
frame_000492,-1.0,2.3077,2.7203,0.0703,5.1353,727,3.28, -> planetarium (3.3%)
frame_000493,-1.0,1.6713,2.6832,0.0581,4.4454,727,3.29, -> planetarium (3.3%)
frame_000494,-1.0,1.7462,2.7061,0.0634,4.5486,727,3.3, -> planetarium (3.3%)
frame_000495,-1.0,2.0745,2.649,0.0572,4.8129,727,3.42, -> planetarium (3.4%)
frame_000496,-1.0,2.2712,2.7071,0.0586,5.0698,727,3.38, -> planetarium (3.4%)
frame_000497,-1.0,2.5937,2.6347,0.0574,5.3192,727,3.34, -> planetarium (3.3%)
frame_000498,-1.0,1.7579,2.6331,0.0748,4.5045,727,3.32, -> planetarium (3.3%)
frame_000499,-1.0,1.5507,5.2184,0.0548,6.8564,727,3.32, -> planetarium (3.3%)
frame_000500,-1.0,1.6317,2.6791,0.0552,4.3976,727,3.34, -> planetarium (3.3%)
frame_000501,-1.0,1.7412,2.6384,0.063,4.4783,727,3.42, -> planetarium (3.4%)
frame_000502,-1.0,2.1922,2.7159,0.0709,5.0187,727,3.4, -> planetarium (3.4%)
frame_000503,-1.0,2.1192,2.4967,0.0532,4.6996,727,3.44, -> planetarium (3.4%)
frame_000504,-1.0,1.7627,2.704,0.0666,4.5708,727,3.41, -> planetarium (3.4%)
frame_000505,-1.0,1.6855,2.6886,0.0649,4.4759,727,3.31, -> planetarium (3.3%)
frame_000506,-1.0,1.8847,2.6494,0.075,4.6538,727,3.42, -> planetarium (3.4%)
frame_000507,-1.0,1.7812,2.7803,0.078,4.6826,727,3.15, -> planetarium (3.2%)
frame_000508,-1.0,1.7081,2.7248,0.0631,4.5318,727,3.19, -> planetarium (3.2%)
frame_000509,-1.0,1.6585,7.4192,0.0695,9.1962,727,3.03, -> planetarium (3.0%)
frame_000510,-1.0,1.5848,2.6988,0.0604,4.3815,727,3.0, -> planetarium (3.0%)
frame_000511,-1.0,2.011,2.6559,0.0697,4.7754,727,2.94, -> planetarium (2.9%)
frame_000512,-1.0,2.7953,2.7291,0.0608,5.623,727,2.88, -> planetarium (2.9%)
frame_000513,-1.0,2.1768,2.761,0.0601,5.0334,727,2.81, -> planetarium (2.8%)
frame_000514,-1.0,1.6556,2.6819,0.0735,4.4491,727,2.88, -> planetarium (2.9%)
frame_000515,-1.0,2.1698,2.6506,0.0746,4.9346,727,2.9, -> planetarium (2.9%)
frame_000516,-1.0,1.7042,2.6732,0.0567,4.4665,727,2.76, -> planetarium (2.8%)
frame_000517,-1.0,2.1355,2.6785,0.0713,4.9251,727,2.65, -> planetarium (2.7%)
frame_000518,-1.0,1.5811,2.663,0.0625,4.3417,727,2.66, -> planetarium (2.7%)
frame_000519,-1.0,1.5014,2.69,0.0671,4.296,727,2.78, -> planetarium (2.8%)
frame_000520,-1.0,2.2403,2.7059,0.0693,5.0541,727,2.66, -> planetarium (2.7%)
frame_000521,-1.0,2.3267,7.3102,0.0666,9.7458,727,2.59, -> planetarium (2.6%)
frame_000522,-1.0,1.6644,2.6627,0.0706,4.4365,727,2.68, -> planetarium (2.7%)
frame_000523,-1.0,2.0456,3.1748,0.059,5.314,727,2.67, -> planetarium (2.7%)
frame_000524,-1.0,2.0069,2.6575,0.0585,4.7556,727,2.63, -> planetarium (2.6%)
frame_000525,-1.0,2.9501,5.0194,0.0694,8.0816,727,2.66, -> planetarium (2.7%)
frame_000526,-1.0,3.6381,2.6947,0.0591,6.4271,727,2.65, -> planetarium (2.6%)
frame_000527,-1.0,2.2954,2.6877,0.0657,5.0834,727,2.55, -> planetarium (2.6%)
frame_000528,-1.0,1.6817,2.6897,0.0671,4.4765,727,2.55, -> planetarium (2.6%)
frame_000529,-1.0,2.109,2.6296,0.0576,4.8289,727,2.62, -> planetarium (2.6%)
frame_000530,-1.0,1.6473,2.6734,0.0624,4.4184,727,2.53, -> planetarium (2.5%)
frame_000531,-1.0,3.1559,5.7104,0.0738,8.988,727,2.6, -> planetarium (2.6%)
frame_000532,-1.0,1.6589,2.6766,0.0562,4.4247,727,2.63, -> planetarium (2.6%)
frame_000533,-1.0,2.153,2.8029,0.0729,5.0688,727,2.58, -> planetarium (2.6%)
frame_000534,-1.0,2.2141,2.6392,0.0546,4.9411,727,2.57, -> planetarium (2.6%)
frame_000535,-1.0,1.9578,2.6818,0.0798,4.7707,727,2.6, -> planetarium (2.6%)
frame_000536,-1.0,3.6591,2.6516,0.0692,6.4207,727,2.78, -> planetarium (2.8%)
frame_000537,-1.0,2.2363,7.2843,0.0719,9.6404,727,2.71, -> planetarium (2.7%)
frame_000538,-1.0,3.2866,6.3526,0.0739,9.7634,727,2.71, -> planetarium (2.7%)
frame_000539,-1.0,3.7718,2.6181,0.0635,6.4919,727,2.63, -> planetarium (2.6%)
frame_000540,-1.0,3.5014,2.7371,0.063,6.342,727,2.69, -> planetarium (2.7%)
frame_000541,-1.0,2.4034,5.325,0.0635,7.835,727,2.57, -> planetarium (2.6%)
frame_000542,-1.0,2.0154,2.677,0.0703,4.804,727,2.55, -> planetarium (2.6%)
frame_000543,-1.0,1.5975,2.693,0.0741,4.4056,727,2.44, -> planetarium (2.4%)
frame_000544,-1.0,1.6992,2.7122,0.0593,4.5054,727,2.42, -> planetarium (2.4%)
frame_000545,-1.0,1.5512,2.7484,0.0524,4.3832,727,2.38, -> planetarium (2.4%)
frame_000546,-1.0,2.0469,2.6701,0.0531,4.8036,727,2.39, -> planetarium (2.4%)
frame_000547,-1.0,2.0967,2.5222,0.069,4.7244,727,2.45, -> planetarium (2.5%)
frame_000548,-1.0,3.2748,2.6926,0.0612,6.0611,727,2.4, -> planetarium (2.4%)
frame_000549,-1.0,2.3736,5.1186,0.0611,7.5934,727,2.26, -> planetarium (2.3%)
frame_000550,-1.0,2.092,2.7114,0.0597,4.8987,727,2.03, -> planetarium (2.0%)
frame_000551,-1.0,1.6859,7.6089,0.0629,9.4019,727,2.08, -> planetarium (2.1%)
frame_000552,-1.0,1.6427,2.7236,0.0728,4.4843,727,2.19, -> planetarium (2.2%)
frame_000553,-1.0,1.995,2.8248,0.0754,4.9376,727,2.73, -> planetarium (2.7%)
frame_000554,-1.0,2.5419,2.7223,0.0732,5.3781,727,2.91, -> planetarium (2.9%)
frame_000555,-1.0,1.6433,2.6834,0.0629,4.4231,727,2.78, -> planetarium (2.8%)
frame_000556,-1.0,2.0318,2.7207,0.0695,4.8628,727,2.25, -> planetarium (2.3%)
frame_000557,-1.0,2.0717,2.7144,0.0551,4.8722,727,2.3, -> planetarium (2.3%)
frame_000558,-1.0,2.0534,2.6931,0.0691,4.855,727,2.3, -> planetarium (2.3%)
frame_000559,-1.0,3.4567,6.1202,0.0746,9.6969,727,2.24, -> planetarium (2.2%)
frame_000560,-1.0,2.1081,2.6458,0.0601,4.8483,727,2.12, -> planetarium (2.1%)
frame_000561,-1.0,2.2305,2.6523,0.0662,4.9881,727,2.37, -> planetarium (2.4%)
frame_000562,-1.0,2.1615,2.6702,0.0547,4.9181,727,2.07, -> planetarium (2.1%)
frame_000563,-1.0,1.518,2.6219,0.0566,4.2299,727,2.12, -> planetarium (2.1%)
frame_000564,-1.0,2.8232,2.711,0.0723,5.6515,727,2.09, -> planetarium (2.1%)
frame_000565,-1.0,2.2824,2.6574,0.0759,5.0622,727,1.96, -> planetarium (2.0%)
frame_000566,-1.0,1.7235,2.7046,0.0662,4.5295,727,2.06, -> planetarium (2.1%)
frame_000567,-1.0,1.6819,2.7029,0.0757,4.5007,727,1.99, -> planetarium (2.0%)
frame_000568,-1.0,1.5608,2.6851,0.071,4.3535,727,1.96, -> planetarium (2.0%)
frame_000569,-1.0,1.6136,2.8835,0.0616,4.594,727,1.93, -> planetarium (1.9%)
frame_000570,-1.0,1.7416,2.7007,0.0571,4.5308,727,2.03, -> planetarium (2.0%)
frame_000571,-1.0,1.6858,3.3045,0.0578,5.0801,727,1.9, -> planetarium (1.9%)
frame_000572,-1.0,1.63,2.6979,0.0731,4.4411,727,1.92, -> planetarium (1.9%)
frame_000573,-1.0,1.6177,2.7923,0.0694,4.5171,727,2.06, -> planetarium (2.1%)
frame_000574,-1.0,1.6614,2.7252,0.0794,4.515,727,2.03, -> planetarium (2.0%)
frame_000575,-1.0,1.7101,2.6367,0.0577,4.4382,727,2.05, -> planetarium (2.0%)
frame_000576,-1.0,1.6567,2.7003,0.0609,4.4523,727,1.95, -> planetarium (2.0%)
frame_000577,-1.0,1.5554,2.6861,0.0706,4.3485,727,2.03, -> planetarium (2.0%)
frame_000578,-1.0,2.1542,2.6971,0.0675,4.9553,727,1.98, -> planetarium (2.0%)
frame_000579,-1.0,1.7189,2.6947,0.0591,4.5041,727,1.97, -> planetarium (2.0%)
frame_000580,-1.0,1.7853,2.7061,0.0597,4.5832,727,1.95, -> planetarium (2.0%)
frame_000581,-1.0,1.6368,7.4903,0.0658,9.2341,727,1.94, -> planetarium (1.9%)
frame_000582,-1.0,2.6115,2.7017,0.0577,5.4043,727,1.87, -> planetarium (1.9%)
frame_000583,-1.0,3.6258,2.742,0.0594,6.4625,727,2.03, -> planetarium (2.0%)
frame_000584,-1.0,2.1339,2.6819,0.0638,4.9117,727,2.06, -> planetarium (2.1%)
frame_000585,-1.0,1.5455,2.6154,0.0575,4.2501,727,1.99, -> planetarium (2.0%)
frame_000586,-1.0,1.9637,2.6715,0.0736,4.7477,727,2.07, -> planetarium (2.1%)
frame_000587,-1.0,2.8596,6.0693,0.0665,9.0397,727,2.05, -> planetarium (2.1%)
frame_000588,-1.0,2.0558,2.6698,0.0709,4.8374,727,2.02, -> planetarium (2.0%)
frame_000589,-1.0,1.5204,2.6748,0.0711,4.3016,727,2.0, -> planetarium (2.0%)
frame_000590,-1.0,3.3303,2.6928,0.0635,6.1222,727,2.07, -> planetarium (2.1%)
frame_000591,-1.0,2.1528,2.7252,0.0675,4.9825,727,2.11, -> planetarium (2.1%)
frame_000592,-1.0,3.2736,2.6961,0.0641,6.0669,727,2.11, -> planetarium (2.1%)
frame_000593,-1.0,3.4122,2.682,0.0626,6.1899,727,2.04, -> planetarium (2.0%)
frame_000594,-1.0,2.6642,2.6982,0.0749,5.4832,727,2.05, -> planetarium (2.1%)
frame_000595,-1.0,2.1569,2.6624,0.0756,4.9376,727,2.04, -> planetarium (2.0%)
frame_000596,-1.0,1.6097,2.7093,0.0815,4.4448,727,1.99, -> planetarium (2.0%)
frame_000597,-1.0,2.8239,7.1452,0.0644,10.0783,727,2.07, -> planetarium (2.1%)
frame_000598,-1.0,1.5389,2.6863,0.0704,4.3363,727,2.1, -> planetarium (2.1%)
frame_000599,-1.0,2.2147,5.082,0.064,7.402,727,2.1, -> planetarium (2.1%)
frame_000600,-1.0,1.642,2.6798,0.0633,4.4225,727,2.05, -> planetarium (2.0%)
frame_000601,-1.0,2.0296,3.1434,0.0595,5.2678,727,2.09, -> planetarium (2.1%)
frame_000602,-1.0,1.7348,2.6492,0.0691,4.4922,727,2.11, -> planetarium (2.1%)
frame_000603,-1.0,2.1392,3.3635,0.0575,5.5948,727,2.13, -> planetarium (2.1%)
frame_000604,-1.0,2.0603,2.6782,0.0581,4.8313,727,2.12, -> planetarium (2.1%)
frame_000605,-1.0,1.6046,2.6738,0.0657,4.3805,727,2.06, -> planetarium (2.1%)
frame_000606,-1.0,1.5828,2.6766,0.0704,4.3696,727,2.07, -> planetarium (2.1%)
frame_000607,-1.0,1.5381,2.6196,0.0545,4.2444,727,2.07, -> planetarium (2.1%)
frame_000608,-1.0,1.4551,2.6712,0.0535,4.21,727,2.05, -> planetarium (2.1%)
frame_000609,-1.0,1.6147,6.4027,0.0662,8.1274,727,2.16, -> planetarium (2.2%)
frame_000610,-1.0,2.4926,2.6736,0.077,5.291,727,2.15, -> planetarium (2.1%)
frame_000611,-1.0,2.5084,2.7029,0.0642,5.3114,727,2.13, -> planetarium (2.1%)
frame_000612,-1.0,2.0599,2.6731,0.057,4.8238,727,2.15, -> planetarium (2.2%)
frame_000613,-1.0,1.6284,3.3957,0.0566,5.113,727,2.15, -> planetarium (2.1%)
frame_000614,-1.0,1.5912,2.6856,0.0675,4.3819,727,2.12, -> planetarium (2.1%)
frame_000615,-1.0,1.6183,2.6588,0.0569,4.3663,727,2.11, -> planetarium (2.1%)
frame_000616,-1.0,2.1863,2.7044,0.0548,4.9771,727,2.13, -> planetarium (2.1%)
frame_000617,-1.0,1.6264,6.9981,0.072,8.7433,727,2.18, -> planetarium (2.2%)
frame_000618,-1.0,2.0137,2.6891,0.0637,4.8065,727,2.16, -> planetarium (2.2%)
frame_000619,-1.0,2.0362,6.9166,0.0729,9.0722,727,2.24, -> planetarium (2.2%)
frame_000620,-1.0,1.6329,2.7,0.062,4.4301,727,2.16, -> planetarium (2.2%)
frame_000621,-1.0,2.1187,3.9566,0.0643,6.1788,727,2.15, -> planetarium (2.2%)
frame_000622,-1.0,1.5952,2.7064,0.0782,4.423,727,2.19, -> planetarium (2.2%)
frame_000623,-1.0,1.5733,2.6435,0.0746,4.3331,727,2.01, -> planetarium (2.0%)
frame_000624,-1.0,1.7586,2.7033,0.0764,4.5808,727,2.07, -> planetarium (2.1%)
frame_000625,-1.0,2.0531,5.6943,0.0732,7.8672,727,2.09, -> planetarium (2.1%)
frame_000626,-1.0,1.7753,2.7086,0.0638,4.585,727,2.04, -> planetarium (2.0%)
frame_000627,-1.0,2.0855,6.8153,0.0699,9.0166,727,2.1, -> planetarium (2.1%)
frame_000628,-1.0,2.1212,2.6776,0.0647,4.8999,727,2.13, -> planetarium (2.1%)
frame_000629,-1.0,1.5606,2.7135,0.0603,4.3691,727,2.18, -> planetarium (2.2%)
frame_000630,-1.0,1.5747,2.6823,0.057,4.3466,727,2.01, -> planetarium (2.0%)
frame_000631,-1.0,1.5983,2.9419,0.066,4.6429,727,2.16, -> planetarium (2.2%)
frame_000632,-1.0,1.804,2.6339,0.0629,4.5348,727,2.15, -> planetarium (2.1%)
frame_000633,-1.0,2.0501,2.6363,0.0611,4.7827,727,2.04, -> planetarium (2.0%)
frame_000634,-1.0,2.0454,2.6195,0.0558,4.7534,727,2.08, -> planetarium (2.1%)
frame_000635,-1.0,1.5384,2.6527,0.0643,4.2899,727,2.12, -> planetarium (2.1%)
frame_000636,-1.0,1.5486,2.6705,0.0562,4.3086,727,2.23, -> planetarium (2.2%)
frame_000637,-1.0,1.5996,5.9742,0.0632,7.679,727,2.08, -> planetarium (2.1%)
frame_000638,-1.0,2.0498,2.6798,0.0637,4.8302,727,2.13, -> planetarium (2.1%)
frame_000639,-1.0,2.2193,7.2954,0.0683,9.6279,727,2.28, -> planetarium (2.3%)
frame_000640,-1.0,2.1309,2.6952,0.0584,4.9199,727,2.25, -> planetarium (2.2%)
frame_000641,-1.0,2.1258,2.6583,0.0696,4.893,727,2.18, -> planetarium (2.2%)
frame_000642,-1.0,1.7001,2.6884,0.0592,4.4821,727,2.16, -> planetarium (2.2%)
frame_000643,-1.0,1.9627,2.6242,0.0669,4.6904,727,2.19, -> planetarium (2.2%)
frame_000644,-1.0,2.0742,2.6831,0.0559,4.8465,727,2.0, -> planetarium (2.0%)
frame_000645,-1.0,1.6266,6.5083,0.0634,8.2415,727,2.02, -> planetarium (2.0%)
frame_000646,-1.0,1.9527,2.6834,0.0623,4.7336,727,2.04, -> planetarium (2.0%)
frame_000647,-1.0,1.4992,6.5853,0.066,8.1943,727,2.03, -> planetarium (2.0%)
frame_000648,-1.0,2.0604,2.6324,0.0719,4.8046,727,1.96, -> planetarium (2.0%)
frame_000649,-1.0,1.5995,2.6342,0.0646,4.3324,727,1.92, -> planetarium (1.9%)
frame_000650,-1.0,1.5514,2.6315,0.0679,4.2877,727,1.98, -> planetarium (2.0%)
frame_000651,-1.0,1.5102,5.6886,0.0649,7.3068,727,1.9, -> planetarium (1.9%)
frame_000652,-1.0,1.7852,2.6868,0.0578,4.5628,727,1.85, -> planetarium (1.8%)
frame_000653,-1.0,1.675,2.7705,0.0658,4.5509,727,1.86, -> planetarium (1.9%)
frame_000654,-1.0,3.2746,2.8099,0.0834,6.2132,727,1.78, -> planetarium (1.8%)
frame_000655,-1.0,2.3089,6.8308,0.077,9.2666,727,1.69, -> planetarium (1.7%)
frame_000656,-1.0,1.6659,2.694,0.0665,4.4643,727,1.67, -> planetarium (1.7%)
frame_000657,-1.0,2.1883,4.5144,0.0595,6.7994,727,2.12, -> planetarium (2.1%)
frame_000658,-1.0,2.5517,2.6997,0.0697,5.3614,727,2.63, -> planetarium (2.6%)
frame_000659,-1.0,2.601,7.1774,0.0699,9.8929,515,2.62, -> cowboy hat (2.6%)
frame_000660,-1.0,2.0289,2.663,0.0628,4.7924,515,2.74, -> cowboy hat (2.7%)
frame_000661,-1.0,1.7359,2.7035,0.0702,4.5524,515,2.8, -> cowboy hat (2.8%)
frame_000662,-1.0,1.5652,6.7086,0.072,8.3917,515,2.87, -> cowboy hat (2.9%)
frame_000663,-1.0,2.1982,2.7116,0.0762,5.0335,515,2.75, -> cowboy hat (2.8%)
frame_000664,-1.0,1.9753,2.6705,0.06,4.7458,727,1.69, -> planetarium (1.7%)
frame_000665,-1.0,2.1907,5.4437,0.058,7.725,727,1.71, -> planetarium (1.7%)
frame_000666,-1.0,2.1596,2.7051,0.0674,4.9708,727,1.64, -> planetarium (1.6%)
frame_000667,-1.0,1.7796,2.7976,0.0611,4.6747,727,1.61, -> planetarium (1.6%)
frame_000668,-1.0,1.5677,2.6875,0.0606,4.3525,727,1.61, -> planetarium (1.6%)
frame_000669,-1.0,1.5823,2.7354,0.0619,4.4147,727,1.62, -> planetarium (1.6%)
frame_000670,-1.0,1.549,2.6953,0.0648,4.3452,727,1.59, -> planetarium (1.6%)
frame_000671,-1.0,1.5788,2.6322,0.0669,4.3148,727,1.78, -> planetarium (1.8%)
frame_000672,-1.0,1.9036,2.6639,0.0569,4.657,727,1.68, -> planetarium (1.7%)
frame_000673,-1.0,1.5713,2.674,0.0491,4.3226,727,1.68, -> planetarium (1.7%)
frame_000674,-1.0,2.0995,2.6391,0.0666,4.8425,727,1.54, -> planetarium (1.5%)
frame_000675,-1.0,3.2088,2.6538,0.0702,5.9788,727,1.52, -> planetarium (1.5%)
frame_000676,-1.0,3.3943,2.6941,0.0785,6.2237,727,1.45, -> planetarium (1.5%)
frame_000677,-1.0,2.1589,2.6363,0.0761,4.9139,727,1.5, -> planetarium (1.5%)
frame_000678,-1.0,1.4941,2.6754,0.0665,4.2734,727,1.61, -> planetarium (1.6%)
frame_000679,-1.0,1.6444,5.3946,0.0919,7.183,727,1.72, -> planetarium (1.7%)
frame_000680,-1.0,2.0738,2.6759,0.054,4.8398,727,1.54, -> planetarium (1.5%)
frame_000681,-1.0,1.6533,2.6237,0.0559,4.3668,727,1.55, -> planetarium (1.5%)
frame_000682,-1.0,1.9483,2.6723,0.0717,4.7345,727,1.65, -> planetarium (1.7%)
frame_000683,-1.0,1.7408,2.6523,0.0732,4.5078,727,1.66, -> planetarium (1.7%)
frame_000684,-1.0,1.7011,2.6767,0.0607,4.4707,727,1.63, -> planetarium (1.6%)
frame_000685,-1.0,1.5956,2.6246,0.0563,4.3071,727,2.33, -> planetarium (2.3%)
frame_000686,-1.0,2.8054,2.6978,0.0618,5.5975,727,1.75, -> planetarium (1.7%)
frame_000687,-1.0,2.1137,2.6887,0.0731,4.916,727,2.42, -> planetarium (2.4%)
frame_000688,-1.0,2.083,2.6446,0.0716,4.8395,727,2.24, -> planetarium (2.2%)
frame_000689,-1.0,1.6173,2.9663,0.0553,4.6707,727,2.26, -> planetarium (2.3%)
frame_000690,-1.0,2.136,2.7084,0.0536,4.9286,727,2.3, -> planetarium (2.3%)
frame_000691,-1.0,1.9849,2.6808,0.0543,4.7511,727,1.96, -> planetarium (2.0%)
frame_000692,-1.0,1.5609,2.6675,0.0506,4.3074,727,1.8, -> planetarium (1.8%)
frame_000693,-1.0,1.5944,2.6144,0.0569,4.2969,727,1.85, -> planetarium (1.9%)
frame_000694,-1.0,2.7635,2.69,0.0606,5.5458,727,2.39, -> planetarium (2.4%)
frame_000695,-1.0,1.9905,3.4194,0.0518,5.4918,727,2.41, -> planetarium (2.4%)
frame_000696,-1.0,1.548,2.724,0.0741,4.3876,727,2.72, -> planetarium (2.7%)
frame_000697,-1.0,2.0378,2.6896,0.0597,4.8202,727,2.58, -> planetarium (2.6%)
frame_000698,-1.0,1.5145,2.4993,0.0556,4.0985,727,2.28, -> planetarium (2.3%)
frame_000699,-1.0,2.5162,2.7147,0.0577,5.3209,727,2.02, -> planetarium (2.0%)
frame_000700,-1.0,1.9603,2.6431,0.0714,4.7114,727,2.07, -> planetarium (2.1%)
frame_000701,-1.0,3.1859,2.6952,0.0662,5.9799,727,1.9, -> planetarium (1.9%)
frame_000702,-1.0,2.0697,2.717,0.0665,4.8874,727,1.86, -> planetarium (1.9%)
frame_000703,-1.0,2.0319,2.6426,0.0559,4.7597,727,1.87, -> planetarium (1.9%)
frame_000704,-1.0,1.5115,2.7015,0.0684,4.3174,727,1.79, -> planetarium (1.8%)
frame_000705,-1.0,2.0326,2.6725,0.069,4.8108,727,1.97, -> planetarium (2.0%)
frame_000706,-1.0,1.5763,2.735,0.0643,4.4082,727,1.78, -> planetarium (1.8%)
frame_000707,-1.0,2.0416,2.6732,0.0555,4.8013,727,1.79, -> planetarium (1.8%)
frame_000708,-1.0,2.0603,2.8119,0.0673,4.9758,727,1.72, -> planetarium (1.7%)
frame_000709,-1.0,2.7791,2.6428,0.0543,5.5053,727,1.75, -> planetarium (1.8%)
frame_000710,-1.0,2.2181,2.6689,0.077,5.0051,727,1.76, -> planetarium (1.8%)
frame_000711,-1.0,1.5522,2.7026,0.064,4.3531,727,1.78, -> planetarium (1.8%)
frame_000712,-1.0,3.8428,4.0517,0.0972,8.049,727,1.91, -> planetarium (1.9%)
frame_000713,-1.0,2.3361,2.7583,0.0635,5.1977,727,1.82, -> planetarium (1.8%)
frame_000714,-1.0,2.3945,4.9579,0.0661,7.4597,727,1.75, -> planetarium (1.7%)
frame_000715,-1.0,1.8722,2.74,0.0976,4.7606,727,1.73, -> planetarium (1.7%)
frame_000716,-1.0,1.6604,7.6469,0.0682,9.4201,727,1.92, -> planetarium (1.9%)
frame_000717,-1.0,1.768,2.7441,0.0653,4.6147,727,1.81, -> planetarium (1.8%)
frame_000718,-1.0,1.6814,5.6675,0.1019,7.5201,727,1.88, -> planetarium (1.9%)
frame_000719,-1.0,1.8377,2.7271,0.0567,4.6565,727,1.76, -> planetarium (1.8%)
frame_000720,-1.0,2.1956,2.6955,0.0674,4.9989,727,2.63, -> planetarium (2.6%)
frame_000721,-1.0,1.5708,2.7242,0.0864,4.429,727,1.78, -> planetarium (1.8%)
frame_000722,-1.0,3.2237,3.2713,0.072,6.6099,727,1.85, -> planetarium (1.8%)
frame_000723,-1.0,2.7735,2.7552,0.062,5.6289,727,1.76, -> planetarium (1.8%)
frame_000724,-1.0,1.8077,3.388,0.0719,5.3071,727,1.81, -> planetarium (1.8%)
frame_000725,-1.0,2.2887,2.7561,0.062,5.1432,727,1.89, -> planetarium (1.9%)
frame_000726,-1.0,1.8769,2.7071,0.0735,4.6988,727,1.92, -> planetarium (1.9%)
frame_000727,-1.0,2.2558,2.709,0.1005,5.1211,727,2.02, -> planetarium (2.0%)
frame_000728,-1.0,1.8167,6.807,0.0714,8.741,727,2.0, -> planetarium (2.0%)
frame_000729,-1.0,2.2155,2.7623,0.0967,5.1162,727,2.06, -> planetarium (2.1%)
frame_000730,-1.0,1.7032,2.7072,0.0969,4.561,727,3.01, -> planetarium (3.0%)
frame_000731,-1.0,1.7456,2.75,0.0844,4.626,727,3.12, -> planetarium (3.1%)
frame_000732,-1.0,3.6626,6.82,0.0665,10.5973,727,3.2, -> planetarium (3.2%)
frame_000733,-1.0,1.7206,2.7332,0.0668,4.5578,727,3.66, -> planetarium (3.7%)
frame_000734,-1.0,1.6704,6.3582,0.0665,8.143,727,3.64, -> planetarium (3.6%)
frame_000735,-1.0,1.6739,2.7324,0.092,4.5486,727,3.67, -> planetarium (3.7%)
frame_000736,-1.0,2.1687,2.762,0.0967,5.0812,727,3.39, -> planetarium (3.4%)
frame_000737,-1.0,1.6543,2.7,0.0964,4.5048,727,2.46, -> planetarium (2.5%)
frame_000738,-1.0,1.7811,2.6771,0.0708,4.5716,727,2.47, -> planetarium (2.5%)
frame_000739,-1.0,1.6835,2.7331,0.0674,4.5225,727,2.56, -> planetarium (2.6%)
frame_000740,-1.0,1.7389,2.7454,0.0981,4.6359,727,2.44, -> planetarium (2.4%)
frame_000741,-1.0,1.7429,2.7704,0.0959,4.6624,727,2.45, -> planetarium (2.4%)
frame_000742,-1.0,1.4156,2.6301,0.0698,4.1604,727,2.4, -> planetarium (2.4%)
frame_000743,-1.0,1.7732,2.7524,0.0982,4.6776,727,2.36, -> planetarium (2.4%)
frame_000744,-1.0,3.3357,2.5633,0.0607,5.9966,727,2.4, -> planetarium (2.4%)
frame_000745,-1.0,2.7102,2.7456,0.0655,5.5597,727,2.8, -> planetarium (2.8%)
frame_000746,-1.0,1.826,2.7042,0.0968,4.6778,727,3.06, -> planetarium (3.1%)
frame_000747,-1.0,2.1804,2.7563,0.1017,5.0919,727,2.7, -> planetarium (2.7%)
frame_000748,-1.0,2.2505,6.2115,0.0675,8.5748,727,2.71, -> planetarium (2.7%)
frame_000749,-1.0,1.6681,2.6904,0.091,4.4979,727,2.68, -> planetarium (2.7%)
frame_000750,-1.0,1.7437,2.7457,0.0675,4.5974,727,2.59, -> planetarium (2.6%)
frame_000751,-1.0,1.7675,2.5753,0.0948,4.4907,727,2.59, -> planetarium (2.6%)
frame_000752,-1.0,1.6883,5.0805,0.0702,6.8823,727,2.5, -> planetarium (2.5%)
frame_000753,-1.0,2.1728,2.7586,0.0968,5.0807,727,2.48, -> planetarium (2.5%)
frame_000754,-1.0,1.7839,2.7454,0.0707,4.6408,727,2.39, -> planetarium (2.4%)
frame_000755,-1.0,1.7467,2.7114,0.0959,4.6095,727,2.41, -> planetarium (2.4%)
frame_000756,-1.0,3.0492,2.5686,0.0646,5.7219,727,2.45, -> planetarium (2.5%)
frame_000757,-1.0,1.643,2.6485,0.0636,4.3917,727,2.42, -> planetarium (2.4%)
frame_000758,-1.0,3.636,4.0724,0.0619,7.8085,727,2.36, -> planetarium (2.4%)
frame_000759,-1.0,2.3556,2.7588,0.0976,5.2635,727,2.14, -> planetarium (2.1%)
frame_000760,-1.0,1.7275,2.7211,0.0884,4.5853,727,2.13, -> planetarium (2.1%)
frame_000761,-1.0,1.8514,5.3749,0.0636,7.3282,727,2.19, -> planetarium (2.2%)
frame_000762,-1.0,1.6071,3.5787,0.0642,5.2873,727,2.19, -> planetarium (2.2%)
frame_000763,-1.0,1.6606,2.74,0.0963,4.5523,727,2.2, -> planetarium (2.2%)
frame_000764,-1.0,1.8087,4.9618,0.0659,6.8774,727,2.09, -> planetarium (2.1%)
frame_000765,-1.0,2.2594,2.7319,0.0594,5.0873,727,2.16, -> planetarium (2.2%)
frame_000766,-1.0,3.6203,7.1087,0.0689,10.8422,727,2.13, -> planetarium (2.1%)
frame_000767,-1.0,2.7223,2.7595,0.0972,5.6324,727,2.17, -> planetarium (2.2%)
frame_000768,-1.0,2.29,6.0539,0.0673,8.4592,727,2.08, -> planetarium (2.1%)
frame_000769,-1.0,1.692,2.7306,0.0565,4.5136,727,2.06, -> planetarium (2.1%)
frame_000770,-1.0,1.8993,2.6897,0.0611,4.6868,727,2.26, -> planetarium (2.3%)
frame_000771,-1.0,1.8289,2.7563,0.0976,4.7406,727,2.19, -> planetarium (2.2%)
frame_000772,-1.0,2.3042,7.5125,0.0693,9.9317,727,2.23, -> planetarium (2.2%)
frame_000773,-1.0,3.3677,2.7146,0.058,6.1769,727,2.2, -> planetarium (2.2%)
frame_000774,-1.0,2.3102,2.7319,0.0615,5.1419,727,2.19, -> planetarium (2.2%)
frame_000775,-1.0,1.677,7.4815,0.0701,9.2739,727,2.13, -> planetarium (2.1%)
frame_000776,-1.0,2.7902,2.7498,0.0638,5.6466,727,2.18, -> planetarium (2.2%)
frame_000777,-1.0,1.3722,6.4897,0.0771,7.9906,727,2.28, -> planetarium (2.3%)
frame_000778,-1.0,2.6787,2.6949,0.0811,5.5013,727,2.21, -> planetarium (2.2%)
frame_000779,-1.0,2.4504,2.7144,0.0988,5.319,727,2.08, -> planetarium (2.1%)
frame_000780,-1.0,1.7678,2.6908,0.0654,4.562,727,2.08, -> planetarium (2.1%)
frame_000781,-1.0,2.2877,2.7437,0.0732,5.1502,727,2.21, -> planetarium (2.2%)
frame_000782,-1.0,1.9534,3.9824,0.0633,6.0354,727,2.16, -> planetarium (2.2%)
frame_000783,-1.0,3.1405,6.8655,0.0735,10.1265,727,2.07, -> planetarium (2.1%)
frame_000784,-1.0,2.2016,6.6899,0.0681,9.0064,727,2.04, -> planetarium (2.0%)
frame_000785,-1.0,2.1988,2.7218,0.0658,5.0224,727,2.17, -> planetarium (2.2%)
frame_000786,-1.0,1.6941,2.7704,0.0974,4.6145,727,2.22, -> planetarium (2.2%)
frame_000787,-1.0,3.5849,2.8025,0.0636,6.4872,727,2.19, -> planetarium (2.2%)
frame_000788,-1.0,2.9193,2.729,0.0752,5.7685,727,2.24, -> planetarium (2.2%)
frame_000789,-1.0,2.2238,2.7124,0.0781,5.0578,727,2.05, -> planetarium (2.0%)
frame_000790,-1.0,1.7942,2.741,0.0985,4.6867,727,1.98, -> planetarium (2.0%)
frame_000791,-1.0,1.6289,2.7483,0.0703,4.4881,727,1.98, -> planetarium (2.0%)
frame_000792,-1.0,1.7587,6.7853,0.0712,8.662,727,1.99, -> planetarium (2.0%)
frame_000793,-1.0,1.7699,2.7416,0.0792,4.635,727,2.09, -> planetarium (2.1%)
frame_000794,-1.0,3.304,4.4656,0.0646,7.8764,727,2.14, -> planetarium (2.1%)
frame_000795,-1.0,2.2361,2.7589,0.0992,5.1471,727,2.22, -> planetarium (2.2%)
frame_000796,-1.0,2.3162,2.7593,0.1004,5.2286,727,2.01, -> planetarium (2.0%)
frame_000797,-1.0,3.7154,2.7184,0.0573,6.5264,727,2.04, -> planetarium (2.0%)
frame_000798,-1.0,2.688,4.2226,0.0628,7.0117,727,2.07, -> planetarium (2.1%)
frame_000799,-1.0,2.3332,2.7265,0.0969,5.2088,727,2.08, -> planetarium (2.1%)
frame_000800,-1.0,1.8603,2.7228,0.095,4.7305,727,2.1, -> planetarium (2.1%)
frame_000801,-1.0,1.862,2.7771,0.0989,4.795,727,2.12, -> planetarium (2.1%)
frame_000802,-1.0,1.5413,3.9854,0.0634,5.6299,727,2.27, -> planetarium (2.3%)
frame_000803,-1.0,1.6512,2.7387,0.0697,4.4983,727,2.08, -> planetarium (2.1%)
frame_000804,-1.0,1.745,6.052,0.0622,7.8982,727,2.12, -> planetarium (2.1%)
frame_000805,-1.0,1.7408,6.5973,0.0685,8.4512,727,2.27, -> planetarium (2.3%)
frame_000806,-1.0,2.9563,2.5914,0.0671,5.658,727,2.36, -> planetarium (2.4%)
frame_000807,-1.0,2.805,2.7442,0.075,5.6668,727,2.23, -> planetarium (2.2%)
frame_000808,-1.0,2.3244,5.0434,0.0645,7.4732,727,2.12, -> planetarium (2.1%)
frame_000809,-1.0,3.0388,2.7724,0.0718,5.9262,727,2.27, -> planetarium (2.3%)
frame_000810,-1.0,3.4359,2.7648,0.0592,6.2986,727,2.04, -> planetarium (2.0%)
frame_000811,-1.0,2.7439,6.299,0.0704,9.1604,727,1.95, -> planetarium (2.0%)
frame_000812,-1.0,2.2535,2.7639,0.0981,5.1684,727,2.12, -> planetarium (2.1%)
frame_000813,-1.0,1.8101,2.8159,0.0614,4.7258,727,2.01, -> planetarium (2.0%)
frame_000814,-1.0,1.7278,3.3895,0.0661,5.2215,727,1.97, -> planetarium (2.0%)
frame_000815,-1.0,1.7057,2.7612,0.0953,4.6149,727,2.06, -> planetarium (2.1%)
frame_000816,-1.0,1.713,2.7548,0.104,4.6252,727,2.12, -> planetarium (2.1%)
frame_000817,-1.0,3.1027,2.7423,0.058,5.938,727,1.93, -> planetarium (1.9%)
frame_000818,-1.0,3.4643,5.4133,0.0749,9.0007,727,1.96, -> planetarium (2.0%)
frame_000819,-1.0,2.8049,2.7323,0.0597,5.6319,727,2.28, -> planetarium (2.3%)
frame_000820,-1.0,2.3051,2.7599,0.1084,5.229,727,1.88, -> planetarium (1.9%)
frame_000821,-1.0,1.8422,5.9138,0.0739,7.876,727,1.87, -> planetarium (1.9%)
frame_000822,-1.0,3.0132,2.6886,0.0601,5.7996,727,2.03, -> planetarium (2.0%)
frame_000823,-1.0,3.685,2.5597,0.0912,6.3888,727,2.1, -> planetarium (2.1%)
frame_000824,-1.0,3.93,2.6778,0.071,6.7231,727,1.94, -> planetarium (1.9%)
frame_000825,-1.0,2.6856,2.7064,0.0618,5.4905,727,2.0, -> planetarium (2.0%)
frame_000826,-1.0,3.0999,2.7539,0.0582,5.948,727,2.25, -> planetarium (2.3%)
frame_000827,-1.0,3.7894,2.7013,0.0597,6.5871,727,1.89, -> planetarium (1.9%)
frame_000828,-1.0,2.2721,2.6845,0.0722,5.0717,727,1.73, -> planetarium (1.7%)
frame_000829,-1.0,2.1806,2.7396,0.0773,5.0414,727,1.8, -> planetarium (1.8%)
frame_000830,-1.0,2.2817,2.7356,0.0988,5.174,727,2.14, -> planetarium (2.1%)
frame_000831,-1.0,3.4011,2.7178,0.0627,6.2228,727,2.26, -> planetarium (2.3%)
frame_000832,-1.0,2.6912,5.4016,0.0699,8.206,727,1.82, -> planetarium (1.8%)
frame_000833,-1.0,1.6947,2.7479,0.0951,4.5898,727,1.98, -> planetarium (2.0%)
frame_000834,-1.0,3.7826,2.7457,0.0632,6.6293,727,1.77, -> planetarium (1.8%)
frame_000835,-1.0,2.6838,2.7301,0.0582,5.5062,727,1.8, -> planetarium (1.8%)
frame_000836,-1.0,1.6929,2.7429,0.078,4.5569,727,2.58, -> planetarium (2.6%)
frame_000837,-1.0,1.674,2.7498,0.0965,4.5722,727,2.79, -> planetarium (2.8%)
frame_000838,-1.0,1.6542,2.7525,0.0962,4.5562,727,2.07, -> planetarium (2.1%)
frame_000839,-1.0,3.8411,4.5162,0.0655,8.4659,727,1.76, -> planetarium (1.8%)
frame_000840,-1.0,2.7,2.729,0.061,5.5264,727,1.76, -> planetarium (1.8%)
frame_000841,-1.0,3.3653,4.9587,0.0635,8.4299,727,2.59, -> planetarium (2.6%)
frame_000842,-1.0,2.1916,4.3941,0.0608,6.6821,727,2.73, -> planetarium (2.7%)
frame_000843,-1.0,4.064,7.5755,0.0677,11.7572,727,3.0, -> planetarium (3.0%)
frame_000844,-1.0,2.6447,4.0734,0.0611,6.8201,727,2.2, -> planetarium (2.2%)
frame_000845,-1.0,1.709,2.7383,0.0841,4.5778,727,2.14, -> planetarium (2.1%)
frame_000846,-1.0,3.2378,2.6832,0.0598,6.0203,727,1.87, -> planetarium (1.9%)
frame_000847,-1.0,2.3936,2.6436,0.0642,5.1378,727,1.92, -> planetarium (1.9%)
frame_000848,-1.0,2.2313,2.693,0.0695,5.0336,727,1.89, -> planetarium (1.9%)
frame_000849,-1.0,2.788,2.6987,0.062,5.5882,727,1.81, -> planetarium (1.8%)
frame_000850,-1.0,2.1931,2.7584,0.0973,5.1007,727,2.03, -> planetarium (2.0%)
frame_000851,-1.0,1.7115,2.7479,0.0597,4.5549,727,1.84, -> planetarium (1.8%)
frame_000852,-1.0,3.5082,2.7312,0.0614,6.3406,727,1.83, -> planetarium (1.8%)
frame_000853,-1.0,3.8166,2.7396,0.0938,6.6883,727,1.73, -> planetarium (1.7%)
frame_000854,-1.0,2.8372,2.7403,0.0581,5.6707,727,1.74, -> planetarium (1.7%)
frame_000855,-1.0,2.1646,2.6938,0.098,5.0101,727,1.77, -> planetarium (1.8%)
frame_000856,-1.0,3.2992,2.7297,0.0576,6.1228,727,1.89, -> planetarium (1.9%)
frame_000857,-1.0,2.6996,2.728,0.0979,5.5803,727,2.01, -> planetarium (2.0%)
frame_000858,-1.0,3.5642,2.7806,0.0705,6.4538,727,1.9, -> planetarium (1.9%)
frame_000859,-1.0,2.1917,2.848,0.0973,5.189,727,1.74, -> planetarium (1.7%)
frame_000860,-1.0,2.3224,2.7861,0.0983,5.2641,727,1.71, -> planetarium (1.7%)
frame_000861,-1.0,3.8556,2.7078,0.0613,6.6642,727,1.73, -> planetarium (1.7%)
frame_000862,-1.0,3.909,2.7511,0.0604,6.7562,727,1.81, -> planetarium (1.8%)
frame_000863,-1.0,4.0028,2.7714,0.0642,6.8771,727,1.89, -> planetarium (1.9%)
frame_000864,-1.0,1.7706,2.6435,0.0637,4.5165,727,2.02, -> planetarium (2.0%)
frame_000865,-1.0,2.3061,7.0635,0.0732,9.4901,727,2.01, -> planetarium (2.0%)
frame_000866,-1.0,1.6945,2.734,0.0913,4.5691,727,2.02, -> planetarium (2.0%)
frame_000867,-1.0,2.4251,2.6895,0.0624,5.2154,727,1.9, -> planetarium (1.9%)
frame_000868,-1.0,2.0353,2.6097,0.0722,4.7556,727,2.08, -> planetarium (2.1%)
frame_000869,-1.0,2.352,2.6766,0.0622,5.1264,727,2.14, -> planetarium (2.1%)
frame_000870,-1.0,1.766,2.7609,0.0916,4.6684,727,2.26, -> planetarium (2.3%)
frame_000871,-1.0,2.264,2.7134,0.0814,5.1069,727,3.29, -> planetarium (3.3%)
frame_000872,-1.0,1.9501,2.7697,0.0992,4.8723,727,2.4, -> planetarium (2.4%)
frame_000873,-1.0,1.6533,2.6975,0.091,4.4916,727,2.39, -> planetarium (2.4%)
frame_000874,-1.0,2.435,2.7015,0.0998,5.2897,727,2.36, -> planetarium (2.4%)
frame_000875,-1.0,1.8428,2.8923,0.066,4.8391,727,2.42, -> planetarium (2.4%)
frame_000876,-1.0,3.2883,2.7417,0.0615,6.1285,727,2.33, -> planetarium (2.3%)
frame_000877,-1.0,3.8141,2.6306,0.0708,6.5619,727,2.38, -> planetarium (2.4%)
frame_000878,-1.0,1.9179,2.6147,0.0666,4.6394,727,2.25, -> planetarium (2.2%)
frame_000879,-1.0,1.4631,2.661,0.0666,4.2305,727,2.26, -> planetarium (2.3%)
frame_000880,-1.0,1.689,2.7305,0.0601,4.5138,727,2.21, -> planetarium (2.2%)
frame_000881,-1.0,2.3222,2.7085,0.0654,5.1321,727,2.23, -> planetarium (2.2%)
frame_000882,-1.0,2.1778,2.7381,0.0794,5.0397,727,2.11, -> planetarium (2.1%)
frame_000883,-1.0,1.717,2.7471,0.0595,4.5602,727,2.19, -> planetarium (2.2%)
frame_000884,-1.0,2.4939,2.668,0.0744,5.2789,727,2.1, -> planetarium (2.1%)
frame_000885,-1.0,1.8338,2.7361,0.0616,4.669,727,2.08, -> planetarium (2.1%)
frame_000886,-1.0,1.8752,2.7522,0.0857,4.7505,727,2.09, -> planetarium (2.1%)
frame_000887,-1.0,2.345,2.76,0.0997,5.2563,727,2.2, -> planetarium (2.2%)
frame_000888,-1.0,1.9087,2.6924,0.0784,4.7229,727,2.16, -> planetarium (2.2%)
frame_000889,-1.0,2.2845,2.6957,0.0686,5.0896,727,2.2, -> planetarium (2.2%)
frame_000890,-1.0,1.8691,2.704,0.101,4.7273,727,2.14, -> planetarium (2.1%)
frame_000891,-1.0,1.8158,2.6938,0.1008,4.6636,727,2.19, -> planetarium (2.2%)
frame_000892,-1.0,1.9102,2.7458,0.0959,4.8044,727,2.16, -> planetarium (2.2%)
frame_000893,-1.0,2.2332,5.9133,0.0632,8.2532,727,2.22, -> planetarium (2.2%)
frame_000894,-1.0,2.4055,2.6511,0.0598,5.1547,727,2.13, -> planetarium (2.1%)
frame_000895,-1.0,1.6533,2.6345,0.0601,4.3844,727,2.09, -> planetarium (2.1%)
frame_000896,-1.0,1.8264,2.7253,0.0601,4.6483,727,2.16, -> planetarium (2.2%)
frame_000897,-1.0,1.82,2.753,0.0999,4.7268,727,2.33, -> planetarium (2.3%)
frame_000898,-1.0,1.8675,2.7492,0.096,4.7651,727,2.35, -> planetarium (2.4%)
frame_000899,-1.0,1.7259,2.7246,0.062,4.5508,727,2.38, -> planetarium (2.4%)
frame_000900,-1.0,3.4955,2.6847,0.0801,6.3066,727,2.41, -> planetarium (2.4%)
frame_000901,-1.0,3.9819,4.9601,0.0624,9.044,727,2.42, -> planetarium (2.4%)
frame_000902,-1.0,2.2839,2.732,0.0591,5.1102,727,2.45, -> planetarium (2.5%)
frame_000903,-1.0,2.241,2.7139,0.0968,5.1038,727,2.48, -> planetarium (2.5%)
frame_000904,-1.0,1.7215,2.7241,0.0631,4.5453,727,2.66, -> planetarium (2.7%)
frame_000905,-1.0,1.8054,2.8531,0.0982,4.8087,727,2.8, -> planetarium (2.8%)
frame_000906,-1.0,1.7674,2.7602,0.0876,4.6614,727,2.8, -> planetarium (2.8%)
frame_000907,-1.0,2.5114,2.6572,0.0636,5.2702,727,2.85, -> planetarium (2.8%)
frame_000908,-1.0,3.9639,2.7548,0.0611,6.8166,727,2.7, -> planetarium (2.7%)
frame_000909,-1.0,2.7784,2.6855,0.0611,5.5643,727,2.74, -> planetarium (2.7%)
frame_000910,-1.0,2.2477,2.7611,0.088,5.1468,727,2.74, -> planetarium (2.7%)
frame_000911,-1.0,1.7524,2.7412,0.0859,4.6277,727,2.78, -> planetarium (2.8%)
frame_000912,-1.0,3.4304,2.7412,0.0589,6.2678,727,2.87, -> planetarium (2.9%)
frame_000913,-1.0,2.6323,2.752,0.0705,5.4913,727,2.88, -> planetarium (2.9%)
frame_000914,-1.0,3.0278,2.7327,0.0711,5.8728,727,2.91, -> planetarium (2.9%)
frame_000915,-1.0,2.6421,2.543,0.062,5.2843,727,2.89, -> planetarium (2.9%)
frame_000916,-1.0,1.7547,2.7354,0.0647,4.5924,727,3.02, -> planetarium (3.0%)
frame_000917,-1.0,2.2316,2.7447,0.0674,5.0813,727,2.98, -> planetarium (3.0%)
frame_000918,-1.0,1.622,2.8709,0.0594,4.5858,727,2.91, -> planetarium (2.9%)
frame_000919,-1.0,1.8296,2.7646,0.0764,4.7168,727,2.93, -> planetarium (2.9%)
frame_000920,-1.0,1.7741,2.7624,0.102,4.6924,727,2.85, -> planetarium (2.8%)
frame_000921,-1.0,1.6664,2.7503,0.0958,4.5646,727,2.77, -> planetarium (2.8%)
frame_000922,-1.0,1.7598,2.7345,0.0979,4.6454,727,2.81, -> planetarium (2.8%)
frame_000923,-1.0,3.2109,2.7295,0.0627,6.0405,727,2.75, -> planetarium (2.7%)
frame_000924,-1.0,3.8561,2.7291,0.0922,6.7298,727,2.8, -> planetarium (2.8%)
frame_000925,-1.0,3.906,3.734,0.0631,7.7436,727,2.84, -> planetarium (2.8%)
frame_000926,-1.0,2.2764,2.7276,0.0593,5.0982,727,2.87, -> planetarium (2.9%)
frame_000927,-1.0,2.2863,2.7313,0.0897,5.1535,727,2.55, -> planetarium (2.6%)
frame_000928,-1.0,2.3046,2.7386,0.0616,5.1414,727,2.57, -> planetarium (2.6%)
frame_000929,-1.0,2.3264,2.6916,0.0908,5.1599,727,2.52, -> planetarium (2.5%)
frame_000930,-1.0,1.7634,2.7194,0.061,4.5782,727,2.58, -> planetarium (2.6%)
frame_000931,-1.0,3.5271,7.5751,0.0765,11.2256,727,2.49, -> planetarium (2.5%)
frame_000932,-1.0,3.9808,2.7423,0.0664,6.8268,727,2.54, -> planetarium (2.5%)
frame_000933,-1.0,2.6644,2.6826,0.0672,5.4542,727,2.42, -> planetarium (2.4%)
frame_000934,-1.0,1.8169,2.7356,0.0957,4.7009,727,2.39, -> planetarium (2.4%)
frame_000935,-1.0,1.7595,2.7405,0.0654,4.6004,727,2.46, -> planetarium (2.5%)
frame_000936,-1.0,2.7132,2.6923,0.0928,5.5489,727,2.34, -> planetarium (2.3%)
frame_000937,-1.0,1.8367,2.7707,0.0972,4.7567,727,2.41, -> planetarium (2.4%)
frame_000938,-1.0,2.4773,2.7001,0.0636,5.2783,727,2.39, -> planetarium (2.4%)
frame_000939,-1.0,2.3817,2.7585,0.0887,5.2785,727,2.53, -> planetarium (2.5%)
frame_000940,-1.0,2.3713,2.7347,0.0657,5.2095,727,2.4, -> planetarium (2.4%)
frame_000941,-1.0,1.7552,2.6803,0.0592,4.5301,727,2.34, -> planetarium (2.3%)
frame_000942,-1.0,1.7159,2.7316,0.0676,4.5557,727,2.39, -> planetarium (2.4%)
frame_000943,-1.0,1.7202,2.6988,0.0593,4.5137,727,2.4, -> planetarium (2.4%)
frame_000944,-1.0,1.7461,2.772,0.095,4.6633,727,2.4, -> planetarium (2.4%)
frame_000945,-1.0,1.7096,2.6993,0.0761,4.5278,727,2.48, -> planetarium (2.5%)
frame_000946,-1.0,1.6564,2.7455,0.0721,4.5147,727,2.46, -> planetarium (2.5%)
frame_000947,-1.0,2.2717,2.6867,0.0656,5.0619,727,2.47, -> planetarium (2.5%)
frame_000948,-1.0,1.8682,2.7191,0.101,4.7434,727,2.49, -> planetarium (2.5%)
frame_000949,-1.0,3.5947,5.3578,0.0795,9.0747,727,2.51, -> planetarium (2.5%)
frame_000950,-1.0,2.3134,2.7366,0.0672,5.1558,727,2.48, -> planetarium (2.5%)
frame_000951,-1.0,1.8183,6.1975,0.071,8.1307,727,2.56, -> planetarium (2.6%)
frame_000952,-1.0,3.5896,2.7271,0.0573,6.4128,727,2.55, -> planetarium (2.5%)
frame_000953,-1.0,2.4246,2.8214,0.0679,5.3528,727,2.59, -> planetarium (2.6%)
frame_000954,-1.0,4.0134,2.7986,0.0638,6.9131,727,2.61, -> planetarium (2.6%)
frame_000955,-1.0,1.8564,2.5551,0.094,4.5568,727,2.64, -> planetarium (2.6%)
frame_000956,-1.0,2.4401,2.7577,0.0625,5.2961,727,2.85, -> planetarium (2.9%)
frame_000957,-1.0,1.7546,2.6978,0.06,4.5475,727,2.59, -> planetarium (2.6%)
frame_000958,-1.0,1.7264,3.2714,0.0779,5.1179,727,2.52, -> planetarium (2.5%)
frame_000959,-1.0,2.2243,2.6993,0.0627,5.0231,727,2.55, -> planetarium (2.6%)
frame_000960,-1.0,2.3335,2.706,0.098,5.1902,727,2.52, -> planetarium (2.5%)
frame_000961,-1.0,1.7942,4.1726,0.0916,6.1118,727,2.57, -> planetarium (2.6%)
frame_000962,-1.0,1.7801,2.7467,0.0981,4.6778,727,2.61, -> planetarium (2.6%)
frame_000963,-1.0,3.2737,2.6752,0.0626,6.0501,727,2.65, -> planetarium (2.7%)
frame_000964,-1.0,3.9461,2.6904,0.0728,6.7525,727,2.65, -> planetarium (2.6%)
frame_000965,-1.0,2.7456,2.7599,0.0993,5.6589,727,2.56, -> planetarium (2.6%)
frame_000966,-1.0,2.2806,2.7359,0.0607,5.1143,727,2.55, -> planetarium (2.5%)
frame_000967,-1.0,1.6786,2.7388,0.0957,4.5638,727,2.6, -> planetarium (2.6%)
frame_000968,-1.0,1.9061,2.7453,0.0609,4.7475,727,2.58, -> planetarium (2.6%)
frame_000969,-1.0,1.8835,7.4456,0.0691,9.4453,727,2.54, -> planetarium (2.5%)
frame_000970,-1.0,1.8113,2.7423,0.0943,4.699,727,2.56, -> planetarium (2.6%)
frame_000971,-1.0,1.8172,2.69,0.0708,4.6198,727,2.56, -> planetarium (2.6%)
frame_000972,-1.0,1.7528,2.7456,0.0634,4.6003,727,2.59, -> planetarium (2.6%)
frame_000973,-1.0,2.0505,2.9264,0.0617,5.077,727,2.59, -> planetarium (2.6%)
frame_000974,-1.0,3.1914,2.7238,0.084,6.0475,727,2.6, -> planetarium (2.6%)
frame_000975,-1.0,2.2132,2.7408,0.083,5.0829,727,2.61, -> planetarium (2.6%)
frame_000976,-1.0,2.3811,2.6737,0.0608,5.1515,727,2.64, -> planetarium (2.6%)
frame_000977,-1.0,3.5186,2.6679,0.0779,6.3117,727,2.66, -> planetarium (2.7%)
frame_000978,-1.0,1.9278,3.0371,0.0738,5.0898,727,2.61, -> planetarium (2.6%)
frame_000979,-1.0,2.0089,2.6401,0.0641,4.7515,727,2.63, -> planetarium (2.6%)
frame_000980,-1.0,2.7272,2.7147,0.0631,5.5431,727,2.64, -> planetarium (2.6%)
frame_000981,-1.0,2.2578,2.7053,0.1012,5.1181,727,2.49, -> planetarium (2.5%)
frame_000982,-1.0,1.932,2.7298,0.0611,4.7577,727,2.53, -> planetarium (2.5%)
frame_000983,-1.0,1.8396,2.7446,0.0601,4.6792,727,2.51, -> planetarium (2.5%)
frame_000984,-1.0,3.4438,2.7397,0.0627,6.283,727,2.57, -> planetarium (2.6%)
frame_000985,-1.0,2.2895,6.4874,0.0722,8.8946,727,2.52, -> planetarium (2.5%)
frame_000986,-1.0,1.7138,2.7054,0.0952,4.565,727,2.59, -> planetarium (2.6%)
frame_000987,-1.0,1.7811,2.7766,0.0789,4.6814,727,2.6, -> planetarium (2.6%)
frame_000988,-1.0,1.669,2.7368,0.0681,4.5143,727,2.6, -> planetarium (2.6%)
frame_000989,-1.0,2.1634,2.71,0.0835,5.0034,727,2.58, -> planetarium (2.6%)
frame_000990,-1.0,1.9449,2.7396,0.0619,4.7847,727,2.67, -> planetarium (2.7%)
frame_000991,-1.0,1.9219,4.602,0.0597,6.6197,727,2.65, -> planetarium (2.7%)
frame_000992,-1.0,1.8017,2.74,0.062,4.6401,727,2.7, -> planetarium (2.7%)
frame_000993,-1.0,1.9441,2.6906,0.0667,4.74,727,2.66, -> planetarium (2.7%)
frame_000994,-1.0,2.2967,2.7344,0.0703,5.1406,727,2.86, -> planetarium (2.9%)
frame_000995,-1.0,1.8357,6.1529,0.07,8.1043,727,2.64, -> planetarium (2.6%)
frame_000996,-1.0,2.6105,2.7268,0.0605,5.434,727,2.56, -> planetarium (2.6%)
frame_000997,-1.0,3.1384,2.692,0.0612,5.9285,727,2.57, -> planetarium (2.6%)
frame_000998,-1.0,2.3634,2.7339,0.0653,5.1991,727,2.63, -> planetarium (2.6%)
frame_000999,-1.0,2.2081,6.1172,0.0719,8.4443,727,2.38, -> planetarium (2.4%)
frame_001000,-1.0,1.6113,2.631,0.0596,4.3379,727,2.39, -> planetarium (2.4%)
frame_001001,-1.0,2.3229,2.6882,0.0654,5.114,727,2.41, -> planetarium (2.4%)
frame_001002,-1.0,1.6821,2.7577,0.0861,4.563,727,2.31, -> planetarium (2.3%)
frame_001003,-1.0,1.8292,6.8934,0.0734,8.842,727,2.29, -> planetarium (2.3%)
frame_001004,-1.0,1.8325,2.7387,0.0902,4.7108,727,2.31, -> planetarium (2.3%)
frame_001005,-1.0,1.726,7.6262,0.073,9.4705,727,2.36, -> planetarium (2.4%)
frame_001006,-1.0,2.1519,2.7242,0.0889,5.0141,727,2.4, -> planetarium (2.4%)
frame_001007,-1.0,2.3824,2.7088,0.0649,5.1997,727,2.41, -> planetarium (2.4%)
frame_001008,-1.0,2.2709,2.752,0.0666,5.1303,727,2.37, -> planetarium (2.4%)
frame_001009,-1.0,1.7633,5.9628,0.0732,7.8472,727,2.37, -> planetarium (2.4%)
frame_001010,-1.0,3.7691,2.6374,0.0609,6.5044,727,2.36, -> planetarium (2.4%)
frame_001011,-1.0,2.5766,2.5615,0.0958,5.287,727,2.38, -> planetarium (2.4%)
frame_001012,-1.0,2.2194,2.7409,0.0621,5.0604,727,2.37, -> planetarium (2.4%)
frame_001013,-1.0,2.2318,2.9516,0.0643,5.2847,727,2.33, -> planetarium (2.3%)
frame_001014,-1.0,1.8806,2.7402,0.0989,4.7723,727,2.28, -> planetarium (2.3%)
frame_001015,-1.0,2.4178,2.6575,0.0661,5.1817,727,2.3, -> planetarium (2.3%)
frame_001016,-1.0,1.8298,2.705,0.0818,4.6618,727,2.3, -> planetarium (2.3%)
frame_001017,-1.0,3.7996,2.7033,0.0636,6.6068,727,2.35, -> planetarium (2.3%)
frame_001018,-1.0,2.7008,2.6779,0.0625,5.4779,727,2.34, -> planetarium (2.3%)
frame_001019,-1.0,3.5177,5.0448,0.0648,8.6711,727,2.35, -> planetarium (2.4%)
frame_001020,-1.0,3.8469,2.7465,0.061,6.6915,727,2.32, -> planetarium (2.3%)
frame_001021,-1.0,4.1683,2.6932,0.0623,6.9635,727,2.32, -> planetarium (2.3%)
frame_001022,-1.0,3.9812,2.7591,0.0608,6.8372,727,2.31, -> planetarium (2.3%)
frame_001023,-1.0,4.0621,4.5091,0.0706,8.6863,727,2.26, -> planetarium (2.3%)
frame_001024,-1.0,3.8119,2.6645,0.0743,6.5942,727,2.24, -> planetarium (2.2%)
frame_001025,-1.0,2.6743,2.5411,0.0625,5.3152,727,2.22, -> planetarium (2.2%)
frame_001026,-1.0,2.2033,2.7274,0.0618,5.029,727,2.26, -> planetarium (2.3%)
frame_001027,-1.0,1.7228,2.6842,0.0652,4.5114,727,2.27, -> planetarium (2.3%)
frame_001028,-1.0,1.7905,2.7361,0.0697,4.6365,727,2.24, -> planetarium (2.2%)
frame_001029,-1.0,2.5642,2.7237,0.0637,5.3892,727,2.25, -> planetarium (2.2%)
frame_001030,-1.0,2.2426,2.7448,0.0608,5.0844,727,2.31, -> planetarium (2.3%)
frame_001031,-1.0,2.7501,5.5003,0.0684,8.3662,727,2.27, -> planetarium (2.3%)
frame_001032,-1.0,3.7363,2.7425,0.0598,6.576,727,2.23, -> planetarium (2.2%)
frame_001033,-1.0,3.9905,3.3487,0.0721,7.4553,727,2.18, -> planetarium (2.2%)
frame_001034,-1.0,4.0776,2.7498,0.0609,6.9257,727,2.17, -> planetarium (2.2%)
frame_001035,-1.0,2.662,2.5427,0.0698,5.316,727,2.19, -> planetarium (2.2%)
frame_001036,-1.0,2.2968,2.6854,0.0681,5.089,727,2.16, -> planetarium (2.2%)
frame_001037,-1.0,1.5734,2.7683,0.0852,4.4798,727,2.19, -> planetarium (2.2%)
frame_001038,-1.0,1.7378,2.7595,0.098,4.6483,727,2.17, -> planetarium (2.2%)
frame_001039,-1.0,2.2627,2.6955,0.082,5.0835,727,2.18, -> planetarium (2.2%)
frame_001040,-1.0,3.3165,2.7392,0.0674,6.1617,727,2.17, -> planetarium (2.2%)
frame_001041,-1.0,3.6911,4.9703,0.144,8.8463,727,2.17, -> planetarium (2.2%)
frame_001042,-1.0,3.6268,2.6392,0.0642,6.3707,727,2.17, -> planetarium (2.2%)
frame_001043,-1.0,3.687,6.6669,0.0718,10.4714,727,2.16, -> planetarium (2.2%)
frame_001044,-1.0,3.7859,2.7412,0.0636,6.628,727,2.16, -> planetarium (2.2%)
frame_001045,-1.0,2.1585,2.6917,0.0638,4.952,727,2.16, -> planetarium (2.2%)
frame_001046,-1.0,3.5719,2.6744,0.0702,6.3564,727,2.17, -> planetarium (2.2%)
frame_001047,-1.0,2.2712,2.734,0.064,5.1063,727,2.15, -> planetarium (2.1%)
frame_001048,-1.0,1.632,2.6993,0.0962,4.4786,727,2.17, -> planetarium (2.2%)
frame_001049,-1.0,2.3017,5.4001,0.0944,7.8402,727,2.22, -> planetarium (2.2%)
frame_001050,-1.0,3.1961,2.7204,0.0611,6.0144,727,2.27, -> planetarium (2.3%)
frame_001051,-1.0,2.2323,6.0877,0.0686,8.4331,727,2.29, -> planetarium (2.3%)
frame_001052,-1.0,2.1564,2.6775,0.0632,4.9343,727,2.22, -> planetarium (2.2%)
frame_001053,-1.0,2.2038,4.3543,0.0624,6.6617,727,2.16, -> planetarium (2.2%)
frame_001054,-1.0,4.3652,2.67,0.0712,7.145,727,2.19, -> planetarium (2.2%)
frame_001055,-1.0,2.2564,3.2717,0.06,5.6237,727,2.24, -> planetarium (2.2%)
frame_001056,-1.0,1.7005,2.7395,0.0763,4.5585,727,2.27, -> planetarium (2.3%)
frame_001057,-1.0,2.2927,2.7268,0.0681,5.1261,727,2.3, -> planetarium (2.3%)
frame_001058,-1.0,2.1307,2.6922,0.0815,4.9505,727,2.31, -> planetarium (2.3%)
frame_001059,-1.0,2.2747,6.0656,0.069,8.4557,727,2.21, -> planetarium (2.2%)
frame_001060,-1.0,1.6629,2.7167,0.0554,4.4703,727,2.33, -> planetarium (2.3%)
frame_001061,-1.0,2.1785,2.6953,0.099,5.0274,727,2.34, -> planetarium (2.3%)
frame_001062,-1.0,2.2266,2.7245,0.0691,5.0604,727,2.38, -> planetarium (2.4%)
frame_001063,-1.0,1.6945,2.7782,0.0686,4.579,727,2.38, -> planetarium (2.4%)
frame_001064,-1.0,1.6819,2.7302,0.0904,4.5497,727,2.38, -> planetarium (2.4%)
frame_001065,-1.0,3.6702,6.059,0.0724,9.8486,727,2.36, -> planetarium (2.4%)
frame_001066,-1.0,2.7602,2.7843,0.0901,5.6763,727,2.36, -> planetarium (2.4%)
frame_001067,-1.0,2.3151,2.711,0.101,5.1823,727,2.36, -> planetarium (2.4%)
frame_001068,-1.0,3.8641,2.7011,0.0649,6.6674,727,2.35, -> planetarium (2.4%)
frame_001069,-1.0,3.5354,6.0105,0.0675,9.658,727,2.35, -> planetarium (2.3%)
frame_001070,-1.0,4.0445,2.7315,0.0608,6.8722,727,2.37, -> planetarium (2.4%)
frame_001071,-1.0,3.7309,7.1004,0.0738,10.9527,727,2.36, -> planetarium (2.4%)
frame_001072,-1.0,2.6508,2.7232,0.0714,5.4851,727,2.33, -> planetarium (2.3%)
frame_001073,-1.0,1.6674,2.7559,0.0988,4.5734,727,2.35, -> planetarium (2.3%)
frame_001074,-1.0,2.7447,2.6478,0.0612,5.4925,727,2.37, -> planetarium (2.4%)
frame_001075,-1.0,3.1735,6.2176,0.0642,9.4981,727,2.35, -> planetarium (2.3%)
frame_001076,-1.0,2.234,2.745,0.0943,5.1242,727,2.35, -> planetarium (2.3%)
frame_001077,-1.0,1.6841,7.1979,0.0666,8.991,727,2.34, -> planetarium (2.3%)
frame_001078,-1.0,1.5772,2.7145,0.0636,4.3889,727,2.36, -> planetarium (2.4%)
frame_001079,-1.0,3.857,7.0259,0.0846,11.0205,727,2.36, -> planetarium (2.4%)
frame_001080,-1.0,2.877,2.6729,0.0753,5.6745,727,2.36, -> planetarium (2.4%)
frame_001081,-1.0,3.9913,2.673,0.0639,6.7642,727,2.41, -> planetarium (2.4%)
frame_001082,-1.0,2.676,2.6779,0.0631,5.4546,727,2.37, -> planetarium (2.4%)
frame_001083,-1.0,2.3231,2.6815,0.0629,5.1045,727,2.38, -> planetarium (2.4%)
frame_001084,-1.0,1.3663,2.6528,0.0706,4.1307,727,2.36, -> planetarium (2.4%)
frame_001085,-1.0,1.7325,2.8406,0.1011,4.7265,727,2.37, -> planetarium (2.4%)
frame_001086,-1.0,3.3328,2.742,0.0623,6.172,727,2.35, -> planetarium (2.4%)
frame_001087,-1.0,2.3724,2.682,0.0624,5.1521,727,2.37, -> planetarium (2.4%)
frame_001088,-1.0,3.6531,2.7465,0.0657,6.5027,727,2.35, -> planetarium (2.4%)
frame_001089,-1.0,2.7558,2.7325,0.0636,5.5888,727,2.35, -> planetarium (2.4%)
frame_001090,-1.0,4.3891,2.7427,0.0657,7.2355,727,2.36, -> planetarium (2.4%)
frame_001091,-1.0,2.6711,6.781,0.0662,9.5623,727,2.35, -> planetarium (2.4%)
frame_001092,-1.0,1.7711,2.7283,0.0697,4.6083,727,2.36, -> planetarium (2.4%)
frame_001093,-1.0,2.3065,2.6715,0.0607,5.0746,727,2.36, -> planetarium (2.4%)
frame_001094,-1.0,1.8237,2.7597,0.0989,4.7334,727,2.38, -> planetarium (2.4%)
frame_001095,-1.0,1.82,6.4627,0.08,8.4136,727,2.37, -> planetarium (2.4%)
frame_001096,-1.0,1.711,2.5973,0.0646,4.4128,727,2.35, -> planetarium (2.3%)
frame_001097,-1.0,1.8367,2.7251,0.0644,4.6633,727,2.35, -> planetarium (2.3%)
frame_001098,-1.0,2.6137,2.638,0.0604,5.3484,727,2.35, -> planetarium (2.3%)
frame_001099,-1.0,2.7647,2.8069,0.0984,5.724,727,2.35, -> planetarium (2.4%)
frame_001100,-1.0,2.3562,2.7464,0.0654,5.2055,727,2.36, -> planetarium (2.4%)
frame_001101,-1.0,1.8111,2.7471,0.0794,4.6828,727,2.36, -> planetarium (2.4%)
frame_001102,-1.0,3.3643,2.7059,0.0842,6.1945,727,2.35, -> planetarium (2.4%)
frame_001103,-1.0,4.0741,3.103,0.0669,7.2842,727,2.37, -> planetarium (2.4%)
frame_001104,-1.0,2.7838,2.7608,0.097,5.6925,727,2.35, -> planetarium (2.4%)
frame_001105,-1.0,2.3136,2.7586,0.0988,5.2232,727,2.36, -> planetarium (2.4%)
frame_001106,-1.0,3.2289,2.7331,0.0714,6.074,727,2.36, -> planetarium (2.4%)
frame_001107,-1.0,2.4303,2.6881,0.0624,5.2164,727,2.38, -> planetarium (2.4%)
frame_001108,-1.0,1.7894,2.7412,0.082,4.6569,727,2.34, -> planetarium (2.3%)
frame_001109,-1.0,1.5499,2.5926,0.0606,4.237,727,2.34, -> planetarium (2.3%)
frame_001110,-1.0,1.9076,2.7482,0.0957,4.8036,727,2.37, -> planetarium (2.4%)
frame_001111,-1.0,1.7843,2.5493,0.0956,4.4796,727,2.38, -> planetarium (2.4%)
frame_001112,-1.0,1.8209,2.7606,0.0956,4.7322,727,2.34, -> planetarium (2.3%)
frame_001113,-1.0,1.7074,2.7172,0.06,4.5225,727,2.32, -> planetarium (2.3%)
frame_001114,-1.0,3.6981,2.7324,0.0914,6.5716,727,2.34, -> planetarium (2.3%)
frame_001115,-1.0,2.3961,2.7242,0.0597,5.215,727,2.33, -> planetarium (2.3%)
frame_001116,-1.0,1.7267,7.0075,0.0708,8.8497,727,2.34, -> planetarium (2.3%)
frame_001117,-1.0,1.7741,2.7505,0.0757,4.641,727,2.33, -> planetarium (2.3%)
frame_001118,-1.0,3.754,2.7313,0.064,6.5863,727,2.34, -> planetarium (2.3%)
frame_001119,-1.0,3.5959,6.5588,0.0688,10.2701,727,2.3, -> planetarium (2.3%)
frame_001120,-1.0,3.994,2.7092,0.0607,6.7992,727,2.31, -> planetarium (2.3%)
frame_001121,-1.0,2.8632,5.851,0.0715,8.8294,727,2.27, -> planetarium (2.3%)
frame_001122,-1.0,1.7542,2.7378,0.0968,4.6393,727,2.25, -> planetarium (2.2%)
frame_001123,-1.0,3.5777,3.3714,0.0678,7.0566,727,2.25, -> planetarium (2.3%)
frame_001124,-1.0,2.7965,2.742,0.0974,5.6887,727,2.26, -> planetarium (2.3%)
frame_001125,-1.0,2.4493,2.8671,0.0992,5.4744,727,2.25, -> planetarium (2.2%)
frame_001126,-1.0,2.2985,2.7538,0.0973,5.1918,727,2.28, -> planetarium (2.3%)
frame_001127,-1.0,1.8039,2.706,0.0957,4.6594,727,2.24, -> planetarium (2.2%)
frame_001128,-1.0,2.2599,2.7452,0.0652,5.1059,727,2.28, -> planetarium (2.3%)
frame_001129,-1.0,1.7842,6.7831,0.0721,8.686,727,2.22, -> planetarium (2.2%)
frame_001130,-1.0,1.7538,2.7342,0.0958,4.6336,727,2.29, -> planetarium (2.3%)
frame_001131,-1.0,1.7779,2.671,0.0604,4.5458,727,2.46, -> planetarium (2.5%)
frame_001132,-1.0,3.6548,2.6992,0.0643,6.4564,727,2.41, -> planetarium (2.4%)
frame_001133,-1.0,2.2565,7.2831,0.0712,9.6566,727,2.38, -> planetarium (2.4%)
frame_001134,-1.0,2.2782,2.7563,0.0949,5.1737,727,2.37, -> planetarium (2.4%)
frame_001135,-1.0,1.7831,6.0475,0.0679,7.9403,727,2.46, -> planetarium (2.5%)
frame_001136,-1.0,2.9577,2.6927,0.0954,5.7976,727,2.43, -> planetarium (2.4%)
frame_001137,-1.0,2.3585,2.7864,0.0967,5.2941,727,2.52, -> planetarium (2.5%)
frame_001138,-1.0,2.2264,2.7406,0.0838,5.0997,727,2.47, -> planetarium (2.5%)
frame_001139,-1.0,2.4446,5.0722,0.0663,7.6274,727,2.4, -> planetarium (2.4%)
frame_001140,-1.0,2.2762,2.7518,0.0972,5.1776,727,2.36, -> planetarium (2.4%)
frame_001141,-1.0,1.7772,2.7439,0.0985,4.6724,727,2.31, -> planetarium (2.3%)
frame_001142,-1.0,2.288,6.1169,0.0679,8.5182,727,2.4, -> planetarium (2.4%)
frame_001143,-1.0,1.8381,6.0217,0.0672,7.9722,727,2.51, -> planetarium (2.5%)
frame_001144,-1.0,1.6305,2.714,0.054,4.4311,727,2.5, -> planetarium (2.5%)
frame_001145,-1.0,1.7209,2.7082,0.0972,4.5815,727,2.38, -> planetarium (2.4%)
frame_001146,-1.0,1.7566,2.7588,0.0999,4.6697,727,2.46, -> planetarium (2.5%)
frame_001147,-1.0,1.9655,2.6994,0.0956,4.805,727,2.44, -> planetarium (2.4%)
frame_001148,-1.0,1.8115,2.7449,0.1003,4.7114,727,2.45, -> planetarium (2.5%)
frame_001149,-1.0,1.7402,6.663,0.0689,8.5172,727,2.47, -> planetarium (2.5%)
frame_001150,-1.0,2.2692,2.7227,0.0696,5.1068,727,2.47, -> planetarium (2.5%)
frame_001151,-1.0,1.8097,7.1751,0.0689,9.097,727,2.47, -> planetarium (2.5%)
frame_001152,-1.0,1.7869,2.7125,0.06,4.5938,727,2.42, -> planetarium (2.4%)
frame_001153,-1.0,2.3292,2.7111,0.0613,5.1393,727,2.46, -> planetarium (2.5%)
frame_001154,-1.0,2.3708,2.7311,0.0721,5.2184,727,2.44, -> planetarium (2.4%)
frame_001155,-1.0,1.517,2.6636,0.082,4.3108,727,2.45, -> planetarium (2.5%)
frame_001156,-1.0,3.1912,2.6969,0.0696,5.9984,727,2.43, -> planetarium (2.4%)
frame_001157,-1.0,3.7771,2.6555,0.0665,6.536,727,2.46, -> planetarium (2.5%)
frame_001158,-1.0,2.3332,3.565,0.0647,5.9999,727,2.39, -> planetarium (2.4%)
frame_001159,-1.0,3.1134,2.7519,0.0716,5.9765,727,2.47, -> planetarium (2.5%)
frame_001160,-1.0,3.6579,2.7004,0.0636,6.458,727,2.42, -> planetarium (2.4%)
frame_001161,-1.0,2.1221,6.7999,0.0727,9.0384,727,2.56, -> planetarium (2.6%)
frame_001162,-1.0,1.5882,2.6842,0.0638,4.3742,727,2.59, -> planetarium (2.6%)
frame_001163,-1.0,1.5763,4.9403,0.063,6.6141,727,2.58, -> planetarium (2.6%)
frame_001164,-1.0,2.1225,2.676,0.0739,4.9119,727,2.61, -> planetarium (2.6%)
frame_001165,-1.0,2.8997,6.5302,0.0727,9.5483,727,2.68, -> planetarium (2.7%)
frame_001166,-1.0,2.2484,2.6994,0.0741,5.0637,727,2.74, -> planetarium (2.7%)
frame_001167,-1.0,2.0942,2.6365,0.0781,4.8518,727,2.7, -> planetarium (2.7%)
frame_001168,-1.0,2.0763,2.6796,0.0649,4.8606,727,2.67, -> planetarium (2.7%)
frame_001169,-1.0,3.2653,4.4149,0.0683,7.7933,727,2.66, -> planetarium (2.7%)
frame_001170,-1.0,1.7468,2.7119,0.0743,4.5763,727,2.85, -> planetarium (2.8%)
frame_001171,-1.0,2.2318,4.3315,0.0731,6.6794,727,2.75, -> planetarium (2.8%)
frame_001172,-1.0,1.6327,2.7048,0.07,4.4471,727,2.75, -> planetarium (2.7%)
frame_001173,-1.0,3.7468,5.1587,0.0998,9.0502,727,2.75, -> planetarium (2.7%)
frame_001174,-1.0,2.112,2.6679,0.0641,4.8838,727,2.59, -> planetarium (2.6%)
frame_001175,-1.0,2.1787,2.658,0.0718,4.9491,727,2.57, -> planetarium (2.6%)
frame_001176,-1.0,2.1374,2.6899,0.063,4.9262,727,2.64, -> planetarium (2.6%)
frame_001177,-1.0,1.5981,2.6657,0.0609,4.3598,727,2.69, -> planetarium (2.7%)
frame_001178,-1.0,2.2299,3.5368,0.0648,5.8681,727,2.72, -> planetarium (2.7%)
frame_001179,-1.0,2.8444,4.267,0.0709,7.2251,727,2.84, -> planetarium (2.8%)
frame_001180,-1.0,2.2786,2.7097,0.0708,5.1069,727,2.78, -> planetarium (2.8%)
frame_001181,-1.0,3.2833,2.6464,0.0716,6.0455,727,2.79, -> planetarium (2.8%)
frame_001182,-1.0,2.5643,2.6863,0.0656,5.3552,727,2.67, -> planetarium (2.7%)
frame_001183,-1.0,2.0223,2.6224,0.0665,4.7498,727,2.74, -> planetarium (2.7%)
frame_001184,-1.0,2.814,2.6954,0.0663,5.6163,727,2.75, -> planetarium (2.8%)
frame_001185,-1.0,3.2764,7.0759,0.0794,10.4819,727,2.72, -> planetarium (2.7%)
frame_001186,-1.0,2.1031,2.7194,0.0676,4.9334,727,2.77, -> planetarium (2.8%)
frame_001187,-1.0,1.7363,2.6833,0.0779,4.5401,727,2.78, -> planetarium (2.8%)
frame_001188,-1.0,1.5561,2.6849,0.0726,4.3541,727,2.62, -> planetarium (2.6%)
frame_001189,-1.0,2.175,5.0733,0.0706,7.3618,727,2.71, -> planetarium (2.7%)
frame_001190,-1.0,1.6361,2.6873,0.0699,4.4332,727,2.56, -> planetarium (2.6%)
frame_001191,-1.0,1.8255,2.6445,0.0727,4.5829,727,2.69, -> planetarium (2.7%)
frame_001192,-1.0,1.5434,2.6917,0.0682,4.3414,727,2.75, -> planetarium (2.8%)
frame_001193,-1.0,3.5763,2.6546,0.0718,6.3392,727,2.72, -> planetarium (2.7%)
frame_001194,-1.0,2.1133,2.6885,0.0685,4.9083,727,2.56, -> planetarium (2.6%)
frame_001195,-1.0,2.0766,4.724,0.0684,6.9115,727,2.57, -> planetarium (2.6%)
frame_001196,-1.0,2.2054,2.7433,0.0644,5.0508,727,2.48, -> planetarium (2.5%)
frame_001197,-1.0,2.5542,2.6235,0.0643,5.2795,727,2.52, -> planetarium (2.5%)
frame_001198,-1.0,1.7094,2.7013,0.0721,4.5235,727,2.41, -> planetarium (2.4%)
frame_001199,-1.0,2.8469,3.4633,0.0629,6.4095,727,2.33, -> planetarium (2.3%)
frame_001200,-1.0,3.0868,2.6986,0.0702,5.8946,727,2.43, -> planetarium (2.4%)
frame_001201,-1.0,2.1072,2.6474,0.0672,4.86,727,2.82, -> planetarium (2.8%)
frame_001202,-1.0,2.0729,2.6826,0.0673,4.859,727,2.51, -> planetarium (2.5%)
frame_001203,-1.0,1.5756,4.6093,0.0711,6.2948,727,2.39, -> planetarium (2.4%)
frame_001204,-1.0,1.5184,2.678,0.0654,4.2956,727,2.38, -> planetarium (2.4%)
frame_001205,-1.0,2.2012,2.7091,0.065,5.0095,727,2.29, -> planetarium (2.3%)
frame_001206,-1.0,1.5289,2.6763,0.075,4.3197,727,2.31, -> planetarium (2.3%)
frame_001207,-1.0,1.4646,2.7929,0.0598,4.3505,727,1.94, -> planetarium (1.9%)
frame_001208,-1.0,2.0607,2.6831,0.0602,4.8389,727,1.91, -> planetarium (1.9%)
frame_001209,-1.0,2.1076,2.6341,0.0703,4.8521,727,1.89, -> planetarium (1.9%)
frame_001210,-1.0,1.6422,2.6712,0.0617,4.4084,727,1.79, -> planetarium (1.8%)
frame_001211,-1.0,1.5933,3.8769,0.0658,5.5703,727,1.74, -> planetarium (1.7%)
frame_001212,-1.0,1.6646,2.6847,0.0726,4.4608,727,1.9, -> planetarium (1.9%)
frame_001213,-1.0,1.5773,2.6231,0.061,4.294,727,1.93, -> planetarium (1.9%)
frame_001214,-1.0,1.9729,2.6917,0.0699,4.7725,727,1.9, -> planetarium (1.9%)
frame_001215,-1.0,2.3193,2.7283,0.0789,5.1689,727,1.91, -> planetarium (1.9%)
frame_001216,-1.0,3.1562,2.7053,0.0732,5.9763,727,1.93, -> planetarium (1.9%)
frame_001217,-1.0,3.5142,2.6536,0.0712,6.2748,727,1.95, -> planetarium (2.0%)
frame_001218,-1.0,2.234,2.6991,0.0709,5.045,727,1.94, -> planetarium (1.9%)
frame_001219,-1.0,2.119,3.5137,0.0773,5.7579,727,1.9, -> planetarium (1.9%)
frame_001220,-1.0,2.8943,2.6995,0.064,5.6957,727,1.94, -> planetarium (1.9%)
frame_001221,-1.0,2.0969,4.1196,0.0759,6.3388,727,1.94, -> planetarium (1.9%)
frame_001222,-1.0,2.3609,2.7153,0.079,5.2023,727,1.94, -> planetarium (1.9%)
frame_001223,-1.0,1.6925,5.3761,0.0629,7.1679,727,1.9, -> planetarium (1.9%)
frame_001224,-1.0,1.6373,2.6655,0.07,4.4135,727,1.98, -> planetarium (2.0%)
frame_001225,-1.0,1.6857,4.9315,0.0995,6.7637,727,1.91, -> planetarium (1.9%)
frame_001226,-1.0,2.9195,2.694,0.0726,5.727,727,1.97, -> planetarium (2.0%)
frame_001227,-1.0,2.2101,2.6434,0.0708,4.9672,727,1.97, -> planetarium (2.0%)
frame_001228,-1.0,1.6255,2.6973,0.0698,4.4315,727,1.93, -> planetarium (1.9%)
frame_001229,-1.0,1.496,2.6819,0.0676,4.2833,727,1.92, -> planetarium (1.9%)
frame_001230,-1.0,3.6476,2.6879,0.0749,6.4496,727,1.97, -> planetarium (2.0%)
frame_001231,-1.0,3.0948,2.644,0.0687,5.8446,727,1.95, -> planetarium (1.9%)
frame_001232,-1.0,2.5682,2.6717,0.0623,5.3385,727,2.0, -> planetarium (2.0%)
frame_001233,-1.0,2.1925,2.6927,0.0633,4.9878,727,2.01, -> planetarium (2.0%)
frame_001234,-1.0,2.6428,2.7121,0.0686,5.4629,727,1.98, -> planetarium (2.0%)
frame_001235,-1.0,2.0474,4.9234,0.0631,7.0707,727,1.95, -> planetarium (2.0%)
frame_001236,-1.0,2.684,2.7312,0.0795,5.5395,727,1.93, -> planetarium (1.9%)
frame_001237,-1.0,2.2746,2.6785,0.0611,5.053,727,1.94, -> planetarium (1.9%)
frame_001238,-1.0,3.8866,2.7084,0.0662,6.6992,727,2.03, -> planetarium (2.0%)
frame_001239,-1.0,3.7876,2.7316,0.0812,6.6456,727,2.02, -> planetarium (2.0%)
frame_001240,-1.0,2.3888,2.6839,0.0641,5.1722,727,2.12, -> planetarium (2.1%)
frame_001241,-1.0,2.1148,2.6954,0.0744,4.9257,727,2.14, -> planetarium (2.1%)
frame_001242,-1.0,1.9018,2.6513,0.0704,4.663,727,2.1, -> planetarium (2.1%)
frame_001243,-1.0,1.7881,2.6492,0.0672,4.5415,727,2.12, -> planetarium (2.1%)
frame_001244,-1.0,1.8548,2.6569,0.076,4.6305,727,2.08, -> planetarium (2.1%)
frame_001245,-1.0,3.5938,2.7359,0.0832,6.4558,727,2.16, -> planetarium (2.2%)
frame_001246,-1.0,3.7408,2.7398,0.0699,6.5906,727,2.13, -> planetarium (2.1%)
frame_001247,-1.0,3.4963,2.7384,0.0872,6.3646,727,2.22, -> planetarium (2.2%)
frame_001248,-1.0,3.6875,2.7382,0.0847,6.5573,727,2.12, -> planetarium (2.1%)
frame_001249,-1.0,3.6387,2.7256,0.0662,6.468,727,2.19, -> planetarium (2.2%)
frame_001250,-1.0,2.0879,2.676,0.0661,4.8656,727,2.2, -> planetarium (2.2%)
frame_001251,-1.0,1.5494,4.0956,0.0692,5.7528,727,2.13, -> planetarium (2.1%)
frame_001252,-1.0,1.6066,2.6869,0.0842,4.4206,727,2.19, -> planetarium (2.2%)
frame_001253,-1.0,2.1045,3.0406,0.064,5.2453,727,2.16, -> planetarium (2.2%)
frame_001254,-1.0,2.0577,2.6947,0.0773,4.8719,727,2.25, -> planetarium (2.2%)
frame_001255,-1.0,2.725,2.6837,0.0814,5.5339,727,2.24, -> planetarium (2.2%)
frame_001256,-1.0,2.0231,2.6336,0.0719,4.7683,727,2.22, -> planetarium (2.2%)
frame_001257,-1.0,1.594,2.6204,0.0648,4.3136,727,2.13, -> planetarium (2.1%)
frame_001258,-1.0,2.5559,2.7239,0.0681,5.3836,727,2.09, -> planetarium (2.1%)
frame_001259,-1.0,2.8747,2.6896,0.0776,5.6832,727,2.17, -> planetarium (2.2%)
frame_001260,-1.0,2.0264,2.6948,0.0684,4.8267,727,2.22, -> planetarium (2.2%)
frame_001261,-1.0,1.6212,2.7043,0.0694,4.4349,727,2.21, -> planetarium (2.2%)
frame_001262,-1.0,1.5839,2.7468,0.0655,4.4316,727,2.25, -> planetarium (2.3%)
frame_001263,-1.0,2.3606,2.6686,0.067,5.1341,727,2.27, -> planetarium (2.3%)
frame_001264,-1.0,2.7462,2.6819,0.0917,5.5737,727,2.25, -> planetarium (2.3%)
frame_001265,-1.0,2.2309,2.855,0.0662,5.1921,727,2.26, -> planetarium (2.3%)
frame_001266,-1.0,1.5278,2.6246,0.0646,4.2578,727,2.27, -> planetarium (2.3%)
frame_001267,-1.0,1.7553,2.727,0.0732,4.595,727,2.26, -> planetarium (2.3%)
frame_001268,-1.0,1.6995,2.7188,0.0678,4.5239,727,2.26, -> planetarium (2.3%)
frame_001269,-1.0,3.3368,2.7163,0.0669,6.1588,727,2.26, -> planetarium (2.3%)
frame_001270,-1.0,2.149,2.6941,0.0661,4.9465,727,2.28, -> planetarium (2.3%)
frame_001271,-1.0,1.4743,5.8024,0.07,7.3882,727,2.28, -> planetarium (2.3%)
frame_001272,-1.0,2.1928,2.7176,0.0791,5.0351,727,2.28, -> planetarium (2.3%)
frame_001273,-1.0,2.545,2.6607,0.0798,5.332,727,2.27, -> planetarium (2.3%)
frame_001274,-1.0,2.1645,2.7029,0.0735,4.9832,727,2.29, -> planetarium (2.3%)
frame_001275,-1.0,3.3614,2.7062,0.0755,6.1856,727,2.25, -> planetarium (2.3%)
frame_001276,-1.0,3.4625,2.6922,0.0696,6.2638,727,2.26, -> planetarium (2.3%)
frame_001277,-1.0,3.6748,2.6597,0.0855,6.4626,727,2.26, -> planetarium (2.3%)
frame_001278,-1.0,3.7053,2.7024,0.075,6.5217,727,2.27, -> planetarium (2.3%)
frame_001279,-1.0,2.1,5.1418,0.0674,7.3463,727,2.26, -> planetarium (2.3%)
frame_001280,-1.0,2.2489,2.6977,0.07,5.0535,727,2.24, -> planetarium (2.2%)
frame_001281,-1.0,1.6877,2.6462,0.0774,4.4562,727,2.27, -> planetarium (2.3%)
frame_001282,-1.0,1.6848,2.6574,0.0732,4.4601,727,2.27, -> planetarium (2.3%)
frame_001283,-1.0,1.7496,5.7292,0.073,7.5948,727,2.28, -> planetarium (2.3%)
frame_001284,-1.0,1.4897,2.6851,0.0728,4.2886,727,2.27, -> planetarium (2.3%)
frame_001285,-1.0,1.6786,2.7009,0.0666,4.4846,727,2.27, -> planetarium (2.3%)
frame_001286,-1.0,1.5069,2.6358,0.064,4.2427,727,2.27, -> planetarium (2.3%)
frame_001287,-1.0,2.0489,2.6413,0.0679,4.7962,727,2.29, -> planetarium (2.3%)
frame_001288,-1.0,2.2029,2.7008,0.0715,5.0143,727,2.28, -> planetarium (2.3%)
frame_001289,-1.0,2.1014,5.5821,0.0715,7.795,727,2.26, -> planetarium (2.3%)
frame_001290,-1.0,1.6074,2.6889,0.0783,4.4167,727,2.29, -> planetarium (2.3%)
frame_001291,-1.0,2.8565,2.7008,0.0763,5.6758,727,2.28, -> planetarium (2.3%)
frame_001292,-1.0,2.1194,2.7185,0.0766,4.957,727,2.28, -> planetarium (2.3%)
frame_001293,-1.0,3.2879,2.7096,0.0744,6.112,727,2.25, -> planetarium (2.2%)
frame_001294,-1.0,2.1973,2.7117,0.0655,5.0108,727,2.25, -> planetarium (2.2%)
frame_001295,-1.0,3.5976,2.6919,0.0734,6.4023,727,2.26, -> planetarium (2.3%)
frame_001296,-1.0,2.2212,2.7138,0.0762,5.0554,727,2.25, -> planetarium (2.3%)
frame_001297,-1.0,3.5265,2.711,0.0703,6.3461,727,2.34, -> planetarium (2.3%)
frame_001298,-1.0,1.6369,2.7022,0.0792,4.4602,727,2.44, -> planetarium (2.4%)
frame_001299,-1.0,2.0779,2.6963,0.0642,4.8749,727,2.35, -> planetarium (2.4%)
frame_001300,-1.0,3.1463,2.6354,0.0657,5.8832,727,2.4, -> planetarium (2.4%)
frame_001301,-1.0,2.2205,2.6598,0.0637,4.9796,727,2.47, -> planetarium (2.5%)
frame_001302,-1.0,3.3392,2.6602,0.078,6.1169,727,2.5, -> planetarium (2.5%)
frame_001303,-1.0,2.3935,7.2098,0.0826,9.7386,727,2.54, -> planetarium (2.5%)
frame_001304,-1.0,2.1796,2.6479,0.0725,4.9416,727,2.44, -> planetarium (2.4%)
frame_001305,-1.0,3.7615,2.7059,0.0702,6.5785,727,2.4, -> planetarium (2.4%)
frame_001306,-1.0,2.2731,2.7187,0.0763,5.1123,727,2.53, -> planetarium (2.5%)
frame_001307,-1.0,1.6894,2.6899,0.0634,4.4781,727,2.5, -> planetarium (2.5%)
frame_001308,-1.0,2.1365,2.691,0.065,4.9308,727,2.45, -> planetarium (2.5%)
frame_001309,-1.0,1.6428,4.3647,0.0638,6.1075,727,2.47, -> planetarium (2.5%)
frame_001310,-1.0,1.6754,2.7051,0.0708,4.4898,727,2.45, -> planetarium (2.4%)
frame_001311,-1.0,2.2051,2.7367,0.0886,5.0761,727,2.48, -> planetarium (2.5%)
frame_001312,-1.0,2.6767,2.6882,0.064,5.4651,727,2.5, -> planetarium (2.5%)
frame_001313,-1.0,1.7674,2.6529,0.0633,4.5215,727,2.53, -> planetarium (2.5%)
frame_001314,-1.0,1.7216,2.6694,0.0753,4.5097,727,2.54, -> planetarium (2.5%)
frame_001315,-1.0,2.9272,2.713,0.0636,5.741,727,2.58, -> planetarium (2.6%)
frame_001316,-1.0,1.6871,2.6415,0.0694,4.4343,727,2.68, -> planetarium (2.7%)
frame_001317,-1.0,2.1347,2.6757,0.0626,4.9111,727,2.77, -> planetarium (2.8%)
frame_001318,-1.0,1.6134,2.6642,0.0698,4.3866,727,2.63, -> planetarium (2.6%)
frame_001319,-1.0,1.616,3.551,0.0646,5.2675,727,2.75, -> planetarium (2.8%)
frame_001320,-1.0,2.0976,2.7106,0.0808,4.9348,727,2.7, -> planetarium (2.7%)
frame_001321,-1.0,3.4159,2.7003,0.0775,6.236,727,2.72, -> planetarium (2.7%)
frame_001322,-1.0,2.2248,2.6257,0.0627,4.9479,727,2.78, -> planetarium (2.8%)
frame_001323,-1.0,1.4636,6.0807,0.0678,7.6512,727,2.68, -> planetarium (2.7%)
frame_001324,-1.0,2.0966,2.7081,0.0719,4.9168,727,2.6, -> planetarium (2.6%)
frame_001325,-1.0,2.1744,5.2864,0.0672,7.5669,727,3.89, -> planetarium (3.9%)
frame_001326,-1.0,2.0486,2.6484,0.0695,4.8056,727,3.93, -> planetarium (3.9%)
frame_001327,-1.0,2.2391,2.6593,0.0639,4.9972,727,2.6, -> planetarium (2.6%)
frame_001328,-1.0,2.0038,2.6343,0.0615,4.7344,727,2.41, -> planetarium (2.4%)
frame_001329,-1.0,1.6539,6.6896,0.0702,8.4573,727,2.53, -> planetarium (2.5%)
frame_001330,-1.0,2.879,4.1597,0.0657,7.1436,727,2.39, -> planetarium (2.4%)
frame_001331,-1.0,2.0397,2.6901,0.0656,4.8323,727,2.35, -> planetarium (2.4%)
frame_001332,-1.0,1.6414,2.6945,0.0692,4.4453,727,2.39, -> planetarium (2.4%)
frame_001333,-1.0,3.7816,2.7216,0.0814,6.6286,727,2.29, -> planetarium (2.3%)
frame_001334,-1.0,3.3601,2.6831,0.0761,6.1554,727,2.24, -> planetarium (2.2%)
frame_001335,-1.0,3.8163,2.7057,0.0635,6.6214,727,2.07, -> planetarium (2.1%)
frame_001336,-1.0,2.8076,2.7112,0.0729,5.631,727,1.98, -> planetarium (2.0%)
frame_001337,-1.0,2.9062,2.6917,0.063,5.6933,727,1.97, -> planetarium (2.0%)
frame_001338,-1.0,2.5693,2.6345,0.064,5.3026,727,1.84, -> planetarium (1.8%)
frame_001339,-1.0,1.7104,3.2392,0.0608,5.0431,727,1.87, -> planetarium (1.9%)
frame_001340,-1.0,2.1862,2.6847,0.0782,4.9907,727,1.8, -> planetarium (1.8%)
frame_001341,-1.0,1.9998,2.6316,0.0738,4.7451,727,1.74, -> planetarium (1.7%)
frame_001342,-1.0,1.5336,6.6266,0.0658,8.2674,727,1.63, -> planetarium (1.6%)
frame_001343,-1.0,2.2788,2.7303,0.0793,5.1334,727,1.66, -> planetarium (1.7%)
frame_001344,-1.0,3.2372,2.7061,0.0645,6.0454,727,1.66, -> planetarium (1.7%)
frame_001345,-1.0,2.456,2.6747,0.0617,5.2292,727,1.67, -> planetarium (1.7%)
frame_001346,-1.0,1.7306,2.6909,0.0672,4.5261,727,1.72, -> planetarium (1.7%)
frame_001347,-1.0,1.5798,2.7093,0.0703,4.4009,727,1.7, -> planetarium (1.7%)
frame_001348,-1.0,2.2083,2.686,0.0782,5.0164,727,1.75, -> planetarium (1.7%)
frame_001349,-1.0,1.4869,2.6701,0.0586,4.2496,727,1.73, -> planetarium (1.7%)
frame_001350,-1.0,2.0883,2.6388,0.0743,4.8437,727,1.85, -> planetarium (1.8%)
frame_001351,-1.0,1.8083,2.7432,0.0626,4.65,727,1.81, -> planetarium (1.8%)
frame_001352,-1.0,2.0678,5.682,0.0706,7.8642,727,1.87, -> planetarium (1.9%)
frame_001353,-1.0,1.6406,2.6432,0.0753,4.4027,727,1.87, -> planetarium (1.9%)
frame_001354,-1.0,2.129,2.64,0.0686,4.8761,727,1.81, -> planetarium (1.8%)
frame_001355,-1.0,1.7587,2.7158,0.0752,4.5906,727,1.85, -> planetarium (1.9%)
frame_001356,-1.0,1.643,2.7027,0.0636,4.4465,727,1.62, -> planetarium (1.6%)
frame_001357,-1.0,1.6008,2.6821,0.0798,4.4058,727,1.77, -> planetarium (1.8%)
frame_001358,-1.0,2.0548,4.5714,0.1276,6.7952,727,1.68, -> planetarium (1.7%)
frame_001359,-1.0,1.6174,2.6788,0.0743,4.412,727,1.98, -> planetarium (2.0%)
frame_001360,-1.0,2.5667,2.4987,0.0672,5.1736,727,1.82, -> planetarium (1.8%)
frame_001361,-1.0,2.0454,2.6801,0.0629,4.8236,727,1.86, -> planetarium (1.9%)
frame_001362,-1.0,2.1383,2.7341,0.0791,4.9935,727,1.64, -> planetarium (1.6%)
frame_001363,-1.0,1.6364,2.6848,0.0812,4.4455,727,1.73, -> planetarium (1.7%)
frame_001364,-1.0,1.5568,3.021,0.0634,4.6759,727,1.71, -> planetarium (1.7%)
frame_001365,-1.0,2.7845,2.6882,0.0771,5.5852,727,1.77, -> planetarium (1.8%)
frame_001366,-1.0,2.2048,5.4529,0.0671,7.7711,727,1.79, -> planetarium (1.8%)
frame_001367,-1.0,2.0627,2.6875,0.0634,4.8531,727,1.84, -> planetarium (1.8%)
frame_001368,-1.0,2.0164,3.0823,0.0628,5.2,727,1.74, -> planetarium (1.7%)
frame_001369,-1.0,1.438,2.634,0.0748,4.188,727,1.73, -> planetarium (1.7%)
frame_001370,-1.0,2.0315,2.6302,0.0603,4.7558,727,1.73, -> planetarium (1.7%)
frame_001371,-1.0,1.5736,2.6961,0.0794,4.3922,727,1.94, -> planetarium (1.9%)
frame_001372,-1.0,1.5702,2.6988,0.0653,4.3704,727,1.85, -> planetarium (1.9%)
frame_001373,-1.0,1.5423,5.8419,0.069,7.4954,727,1.94, -> planetarium (1.9%)
frame_001374,-1.0,2.0793,2.5729,0.0679,4.7613,727,1.87, -> planetarium (1.9%)
frame_001375,-1.0,1.4443,2.6798,0.0654,4.2272,727,1.85, -> planetarium (1.8%)
frame_001376,-1.0,2.1706,2.6915,0.0646,4.9619,727,1.71, -> planetarium (1.7%)
frame_001377,-1.0,1.6107,3.5134,0.0648,5.2231,727,1.63, -> planetarium (1.6%)
frame_001378,-1.0,3.2669,2.684,0.0702,6.0587,727,1.54, -> planetarium (1.5%)
frame_001379,-1.0,1.7545,4.2758,0.0638,6.1278,727,1.57, -> planetarium (1.6%)
frame_001380,-1.0,1.5647,2.6895,0.0622,4.3507,727,1.63, -> planetarium (1.6%)
frame_001381,-1.0,3.6085,2.6855,0.0638,6.3949,727,1.72, -> planetarium (1.7%)
frame_001382,-1.0,2.2429,2.7157,0.0707,5.0704,727,1.75, -> planetarium (1.8%)
frame_001383,-1.0,1.6734,2.6972,0.0739,4.4891,727,1.66, -> planetarium (1.7%)
frame_001384,-1.0,1.5992,2.691,0.0666,4.394,727,1.85, -> planetarium (1.9%)
frame_001385,-1.0,2.0664,2.721,0.0632,4.8863,727,1.68, -> planetarium (1.7%)
frame_001386,-1.0,1.7949,5.2059,0.069,7.1433,727,1.85, -> planetarium (1.9%)
frame_001387,-1.0,1.6507,7.1791,0.0709,8.9487,727,2.04, -> planetarium (2.0%)
frame_001388,-1.0,1.7282,2.6914,0.0658,4.5244,727,2.04, -> planetarium (2.0%)
frame_001389,-1.0,1.7348,2.6416,0.0665,4.4815,727,1.85, -> planetarium (1.9%)
frame_001390,-1.0,3.0697,2.6285,0.0656,5.7999,727,1.57, -> planetarium (1.6%)
frame_001391,-1.0,2.2331,2.6396,0.0699,4.984,727,1.61, -> planetarium (1.6%)
frame_001392,-1.0,1.7046,2.6894,0.0712,4.5046,727,1.54, -> planetarium (1.5%)
frame_001393,-1.0,2.1548,6.9373,0.0688,9.206,727,1.69, -> planetarium (1.7%)
frame_001394,-1.0,2.2413,2.6531,0.072,5.0071,727,1.54, -> planetarium (1.5%)
frame_001395,-1.0,2.0926,2.6287,0.062,4.8209,727,1.7, -> planetarium (1.7%)
frame_001396,-1.0,2.0523,2.689,0.0605,4.8387,727,1.7, -> planetarium (1.7%)
frame_001397,-1.0,1.6771,2.4681,0.0601,4.2385,727,1.6, -> planetarium (1.6%)
frame_001398,-1.0,2.0999,2.6831,0.0585,4.8757,727,1.72, -> planetarium (1.7%)
frame_001399,-1.0,2.7116,2.6532,0.0645,5.4628,727,1.73, -> planetarium (1.7%)
frame_001400,-1.0,2.0814,2.6707,0.0576,4.8423,727,2.07, -> planetarium (2.1%)
frame_001401,-1.0,2.1411,2.6416,0.0598,4.8779,727,1.92, -> planetarium (1.9%)
frame_001402,-1.0,3.0532,2.6719,0.0604,5.8198,727,1.93, -> planetarium (1.9%)
frame_001403,-1.0,2.5719,6.6206,0.0696,9.3085,727,1.87, -> planetarium (1.9%)
frame_001404,-1.0,1.5226,2.669,0.0627,4.2918,727,1.84, -> planetarium (1.8%)
frame_001405,-1.0,1.5717,5.054,0.0573,6.717,727,1.81, -> planetarium (1.8%)
frame_001406,-1.0,1.5319,2.6764,0.0605,4.3035,727,1.71, -> planetarium (1.7%)
frame_001407,-1.0,1.4978,3.7108,0.0641,5.3099,727,1.77, -> planetarium (1.8%)
frame_001408,-1.0,3.0859,2.6728,0.0614,5.8563,727,1.65, -> planetarium (1.6%)
frame_001409,-1.0,2.7511,2.6929,0.0658,5.5461,727,1.64, -> planetarium (1.6%)
frame_001410,-1.0,1.7556,2.6751,0.0658,4.5331,727,1.64, -> planetarium (1.6%)
frame_001411,-1.0,2.2018,2.6841,0.0635,4.9875,727,1.61, -> planetarium (1.6%)
frame_001412,-1.0,1.6179,2.6746,0.0594,4.3857,727,1.62, -> planetarium (1.6%)
frame_001413,-1.0,1.5351,3.0619,0.061,4.6915,727,1.68, -> planetarium (1.7%)
frame_001414,-1.0,1.5169,2.6727,0.0594,4.285,727,1.74, -> planetarium (1.7%)
frame_001415,-1.0,1.5736,2.6995,0.0604,4.3688,727,1.65, -> planetarium (1.6%)
frame_001416,-1.0,3.0292,2.7758,0.0642,5.9102,727,1.73, -> planetarium (1.7%)
frame_001417,-1.0,2.0628,2.6845,0.061,4.8432,727,1.87, -> planetarium (1.9%)
frame_001418,-1.0,3.4096,2.6557,0.0717,6.1742,727,1.75, -> planetarium (1.8%)
frame_001419,-1.0,2.2943,2.6889,0.0633,5.0818,727,1.72, -> planetarium (1.7%)
frame_001420,-1.0,2.1199,2.6464,0.0613,4.8652,727,1.71, -> planetarium (1.7%)
frame_001421,-1.0,2.6978,2.6625,0.0799,5.4825,727,1.71, -> planetarium (1.7%)
frame_001422,-1.0,2.1208,2.7029,0.0658,4.9277,727,1.68, -> planetarium (1.7%)
frame_001423,-1.0,1.5073,3.6064,0.058,5.2023,727,1.68, -> planetarium (1.7%)
frame_001424,-1.0,2.4825,2.6708,0.0563,5.2421,727,1.68, -> planetarium (1.7%)
frame_001425,-1.0,1.6331,3.3956,0.0563,5.1158,727,1.67, -> planetarium (1.7%)
frame_001426,-1.0,1.6335,2.6817,0.055,4.4011,727,1.68, -> planetarium (1.7%)
frame_001427,-1.0,1.5861,2.6608,0.0585,4.3359,727,1.68, -> planetarium (1.7%)
frame_001428,-1.0,1.4546,2.6657,0.0563,4.2063,727,1.68, -> planetarium (1.7%)
frame_001429,-1.0,2.0828,2.656,0.0548,4.824,727,1.69, -> planetarium (1.7%)
frame_001430,-1.0,2.0436,2.6569,0.055,4.7851,727,1.68, -> planetarium (1.7%)
frame_001431,-1.0,1.7246,2.6372,0.0608,4.4554,727,1.67, -> planetarium (1.7%)
frame_001432,-1.0,2.1691,2.6906,0.0636,4.956,727,1.68, -> planetarium (1.7%)
frame_001433,-1.0,2.1738,4.2889,0.0576,6.553,727,1.67, -> planetarium (1.7%)
frame_001434,-1.0,3.8391,2.6815,0.0638,6.6148,727,1.67, -> planetarium (1.7%)
frame_001435,-1.0,3.6061,2.758,0.059,6.4541,727,1.67, -> planetarium (1.7%)
frame_001436,-1.0,3.6453,2.6654,0.0602,6.404,727,1.68, -> planetarium (1.7%)
frame_001437,-1.0,2.2256,2.6095,0.0553,4.9199,727,1.67, -> planetarium (1.7%)
frame_001438,-1.0,3.1508,2.5989,0.0526,5.8317,727,1.67, -> planetarium (1.7%)
frame_001439,-1.0,2.6786,2.6584,0.0505,5.4159,727,1.68, -> planetarium (1.7%)
frame_001440,-1.0,2.1407,2.6502,0.0542,4.8779,727,1.68, -> planetarium (1.7%)
frame_001441,-1.0,1.6636,2.8311,0.0488,4.5709,727,1.66, -> planetarium (1.7%)
frame_001442,-1.0,2.1154,2.6497,0.0482,4.841,727,1.67, -> planetarium (1.7%)
frame_001443,-1.0,1.5133,3.6704,0.0501,5.2611,727,1.7, -> planetarium (1.7%)
frame_001444,-1.0,1.4428,2.6341,0.049,4.1537,727,1.67, -> planetarium (1.7%)
frame_001445,-1.0,3.3432,2.6551,0.0496,6.077,727,1.63, -> planetarium (1.6%)
frame_001446,-1.0,2.2629,2.6,0.0552,4.947,727,1.73, -> planetarium (1.7%)
frame_001447,-1.0,2.1261,4.0213,0.0488,6.225,727,1.73, -> planetarium (1.7%)
frame_001448,-1.0,1.6053,2.6644,0.0553,4.3561,727,1.68, -> planetarium (1.7%)
frame_001449,-1.0,1.562,3.0335,0.0497,4.6748,727,1.9, -> planetarium (1.9%)
frame_001450,-1.0,1.5901,2.705,0.0702,4.4066,727,1.71, -> planetarium (1.7%)
frame_001451,-1.0,1.8241,2.664,0.0766,4.6073,727,1.85, -> planetarium (1.8%)
frame_001452,-1.0,1.4928,2.6606,0.0603,4.2481,727,1.75, -> planetarium (1.7%)
frame_001453,-1.0,2.0333,2.6651,0.0597,4.7924,727,1.69, -> planetarium (1.7%)
frame_001454,-1.0,3.011,6.9674,0.066,10.0909,727,1.7, -> planetarium (1.7%)
frame_001455,-1.0,2.5041,2.6521,0.0588,5.2506,727,1.68, -> planetarium (1.7%)
frame_001456,-1.0,1.594,7.4449,0.0689,9.1575,727,1.67, -> planetarium (1.7%)
frame_001457,-1.0,1.4575,2.6076,0.0589,4.1625,727,1.68, -> planetarium (1.7%)
frame_001458,-1.0,2.662,2.6682,0.0565,5.4204,727,1.7, -> planetarium (1.7%)
frame_001459,-1.0,1.5544,5.297,0.0575,6.9469,727,1.7, -> planetarium (1.7%)
frame_001460,-1.0,3.6129,2.6725,0.0601,6.3819,727,1.71, -> planetarium (1.7%)
frame_001461,-1.0,2.4023,2.5997,0.0552,5.0904,727,1.71, -> planetarium (1.7%)
frame_001462,-1.0,2.9428,2.6499,0.0532,5.6765,727,1.7, -> planetarium (1.7%)
frame_001463,-1.0,2.1386,3.1139,0.0594,5.3446,727,1.7, -> planetarium (1.7%)
frame_001464,-1.0,3.7444,2.6786,0.0583,6.5126,727,1.69, -> planetarium (1.7%)
frame_001465,-1.0,3.3811,2.915,0.0517,6.3798,727,1.69, -> planetarium (1.7%)
frame_001466,-1.0,2.0851,2.6621,0.0528,4.8299,727,1.69, -> planetarium (1.7%)
frame_001467,-1.0,2.0658,2.6301,0.0602,4.7905,727,1.69, -> planetarium (1.7%)
frame_001468,-1.0,1.5373,2.6429,0.0515,4.2633,727,1.68, -> planetarium (1.7%)
frame_001469,-1.0,2.0355,3.3922,0.0528,5.5103,727,1.68, -> planetarium (1.7%)
frame_001470,-1.0,1.6827,2.609,0.0488,4.3694,727,1.71, -> planetarium (1.7%)
frame_001471,-1.0,3.67,2.7109,0.0578,6.4696,727,1.73, -> planetarium (1.7%)
frame_001472,-1.0,3.6983,2.6131,0.0539,6.3968,727,2.33, -> planetarium (2.3%)
frame_001473,-1.0,3.6323,2.6702,0.0588,6.3923,727,1.75, -> planetarium (1.8%)
frame_001474,-1.0,3.5359,2.6365,0.0523,6.2541,727,1.69, -> planetarium (1.7%)
frame_001475,-1.0,2.5472,2.6057,0.0515,5.2326,727,1.69, -> planetarium (1.7%)
frame_001476,-1.0,1.5415,2.6411,0.0521,4.262,727,1.7, -> planetarium (1.7%)
frame_001477,-1.0,1.57,2.6405,0.0513,4.2877,727,1.71, -> planetarium (1.7%)
frame_001478,-1.0,3.8751,2.6493,0.0508,6.6046,727,1.73, -> planetarium (1.7%)
frame_001479,-1.0,3.5676,2.6458,0.0592,6.304,727,1.72, -> planetarium (1.7%)
frame_001480,-1.0,2.13,2.6719,0.0632,4.9013,727,1.72, -> planetarium (1.7%)
frame_001481,-1.0,3.3337,2.6996,0.0768,6.1488,727,1.6, -> planetarium (1.6%)
frame_001482,-1.0,2.5698,2.6905,0.0611,5.3554,727,1.51, -> planetarium (1.5%)
frame_001483,-1.0,2.9546,2.6995,0.0636,5.7597,727,1.44, -> planetarium (1.4%)
frame_001484,-1.0,2.0683,2.6956,0.0622,4.8691,727,1.43, -> planetarium (1.4%)
frame_001485,-1.0,4.3307,2.6564,0.0578,7.0764,727,1.42, -> planetarium (1.4%)
frame_001486,-1.0,3.5683,2.6163,0.0563,6.273,727,1.43, -> planetarium (1.4%)
frame_001487,-1.0,2.1614,2.6447,0.055,4.8905,727,1.44, -> planetarium (1.4%)
frame_001488,-1.0,3.2747,2.6874,0.0607,6.058,727,1.51, -> planetarium (1.5%)
frame_001489,-1.0,3.7749,2.6716,0.0549,6.533,727,1.63, -> planetarium (1.6%)
frame_001490,-1.0,3.5887,2.7746,0.0589,6.4542,727,1.63, -> planetarium (1.6%)
frame_001491,-1.0,2.4897,2.661,0.0547,5.237,727,1.63, -> planetarium (1.6%)
frame_001492,-1.0,2.1675,2.5971,0.0548,4.8494,727,1.46, -> planetarium (1.5%)
frame_001493,-1.0,1.6314,2.6715,0.0569,4.392,727,1.45, -> planetarium (1.4%)
frame_001494,-1.0,1.5368,2.6052,0.0604,4.2362,727,1.48, -> planetarium (1.5%)
frame_001495,-1.0,3.6619,2.6634,0.0527,6.41,727,1.48, -> planetarium (1.5%)
frame_001496,-1.0,3.702,2.5984,0.0507,6.3807,727,1.46, -> planetarium (1.5%)
frame_001497,-1.0,3.6099,2.6495,0.0524,6.3428,515,1.53, -> cowboy hat (1.5%)
frame_001498,-1.0,3.4092,2.6578,0.0561,6.1503,727,1.65, -> planetarium (1.6%)
frame_001499,-1.0,3.5076,2.6051,0.058,6.201,727,1.57, -> planetarium (1.6%)
frame_001500,-1.0,3.5708,2.6676,0.0555,6.3265,727,1.58, -> planetarium (1.6%)
frame_001501,-1.0,3.6181,2.6896,0.0546,6.3941,727,1.52, -> planetarium (1.5%)
frame_001502,-1.0,3.5179,2.6794,0.0579,6.2871,727,1.51, -> planetarium (1.5%)
frame_001503,-1.0,3.6828,3.5954,0.0536,7.363,727,1.51, -> planetarium (1.5%)
frame_001504,-1.0,2.0826,2.6738,0.0561,4.8441,727,1.52, -> planetarium (1.5%)
frame_001505,-1.0,2.1189,3.2786,0.0566,5.4856,727,1.52, -> planetarium (1.5%)
frame_001506,-1.0,1.6489,2.668,0.057,4.4057,727,1.53, -> planetarium (1.5%)
frame_001507,-1.0,2.1135,2.6782,0.0622,4.8879,727,1.53, -> planetarium (1.5%)
frame_001508,-1.0,4.0614,2.6795,0.0535,6.8238,727,1.53, -> planetarium (1.5%)
frame_001509,-1.0,2.2738,5.6513,0.0791,8.0524,727,1.52, -> planetarium (1.5%)
frame_001510,-1.0,1.7174,2.6829,0.0761,4.5184,727,1.53, -> planetarium (1.5%)
frame_001511,-1.0,3.3018,2.4987,0.0656,5.9027,727,1.54, -> planetarium (1.5%)
frame_001512,-1.0,2.1282,2.696,0.0623,4.9221,727,1.55, -> planetarium (1.5%)
frame_001513,-1.0,3.3484,2.6904,0.0672,6.1393,727,1.55, -> planetarium (1.5%)
frame_001514,-1.0,2.1102,2.6675,0.0589,4.8683,727,1.6, -> planetarium (1.6%)
frame_001515,-1.0,3.3659,2.6913,0.0641,6.1561,727,1.6, -> planetarium (1.6%)
frame_001516,-1.0,3.5663,2.6682,0.0601,6.3255,727,1.6, -> planetarium (1.6%)
frame_001517,-1.0,2.7211,2.6267,0.0535,5.433,727,1.59, -> planetarium (1.6%)
frame_001518,-1.0,1.5322,2.6433,0.0529,4.2585,727,1.59, -> planetarium (1.6%)
frame_001519,-1.0,1.5215,2.6103,0.0567,4.2184,727,1.58, -> planetarium (1.6%)
frame_001520,-1.0,1.6457,2.6858,0.0614,4.4259,727,1.57, -> planetarium (1.6%)
frame_001521,-1.0,1.6619,2.61,0.0529,4.3572,727,1.58, -> planetarium (1.6%)
frame_001522,-1.0,2.8486,2.6567,0.0557,5.5925,727,1.59, -> planetarium (1.6%)
frame_001523,-1.0,3.6988,2.6357,0.0587,6.4243,727,1.56, -> planetarium (1.6%)
frame_001524,-1.0,2.0739,2.666,0.051,4.8208,727,1.56, -> planetarium (1.6%)
frame_001525,-1.0,4.0421,2.6026,0.0533,6.7282,727,1.75, -> planetarium (1.8%)
frame_001526,-1.0,2.474,6.1834,0.0693,8.7736,727,1.87, -> planetarium (1.9%)
frame_001527,-1.0,1.4879,2.658,0.057,4.2374,727,1.74, -> planetarium (1.7%)
frame_001528,-1.0,3.7316,2.4986,0.0539,6.3196,727,1.66, -> planetarium (1.7%)
frame_001529,-1.0,3.5439,2.6574,0.0598,6.2938,727,1.95, -> planetarium (1.9%)
frame_001530,-1.0,2.0483,2.6567,0.0524,4.7881,727,1.91, -> planetarium (1.9%)
frame_001531,-1.0,3.1032,2.659,0.0522,5.8447,727,1.83, -> planetarium (1.8%)
frame_001532,-1.0,2.6189,6.0382,0.0635,8.765,727,1.99, -> planetarium (2.0%)
frame_001533,-1.0,1.6517,2.6618,0.0551,4.4015,727,1.8, -> planetarium (1.8%)
frame_001534,-1.0,1.4873,2.7676,0.0531,4.3385,727,1.83, -> planetarium (1.8%)
frame_001535,-1.0,1.5731,4.5189,0.0525,6.1751,727,2.06, -> planetarium (2.1%)
frame_001536,-1.0,1.6229,2.6542,0.0584,4.3699,727,2.13, -> planetarium (2.1%)
frame_001537,-1.0,1.4415,2.6447,0.049,4.1654,727,1.78, -> planetarium (1.8%)
frame_001538,-1.0,2.9,2.665,0.0574,5.6563,727,1.86, -> planetarium (1.9%)
frame_001539,-1.0,2.1048,4.4872,0.0695,6.7121,727,2.31, -> planetarium (2.3%)
frame_001540,-1.0,1.5437,2.5908,0.056,4.2208,727,2.19, -> planetarium (2.2%)
frame_001541,-1.0,3.5908,2.6648,0.0538,6.342,727,1.89, -> planetarium (1.9%)
frame_001542,-1.0,2.1093,2.5969,0.0543,4.7913,727,1.87, -> planetarium (1.9%)
frame_001543,-1.0,1.6459,2.6117,0.0639,4.3527,727,1.93, -> planetarium (1.9%)
frame_001544,-1.0,1.4147,2.6526,0.0515,4.146,727,1.9, -> planetarium (1.9%)
frame_001545,-1.0,1.6927,2.6095,0.0511,4.3853,727,1.99, -> planetarium (2.0%)
frame_001546,-1.0,1.5569,2.5988,0.052,4.2367,727,1.89, -> planetarium (1.9%)
frame_001547,-1.0,3.4952,2.617,0.0571,6.1986,727,2.24, -> planetarium (2.2%)
frame_001548,-1.0,2.114,2.6492,0.0483,4.8401,727,1.84, -> planetarium (1.8%)
frame_001549,-1.0,2.0176,2.5784,0.0484,4.6726,727,1.89, -> planetarium (1.9%)
frame_001550,-1.0,2.2421,2.6426,0.0479,4.9594,727,1.88, -> planetarium (1.9%)
frame_001551,-1.0,2.1577,2.6681,0.0562,4.9159,727,1.95, -> planetarium (1.9%)
frame_001552,-1.0,1.6115,2.6099,0.058,4.3123,727,1.92, -> planetarium (1.9%)
frame_001553,-1.0,1.658,3.1462,0.0584,4.8943,727,1.91, -> planetarium (1.9%)
frame_001554,-1.0,1.5159,6.7773,0.0652,8.4052,727,1.81, -> planetarium (1.8%)
frame_001555,-1.0,3.0511,2.6498,0.0535,5.7885,727,1.79, -> planetarium (1.8%)
frame_001556,-1.0,3.6494,2.735,0.0622,6.4794,727,1.83, -> planetarium (1.8%)
frame_001557,-1.0,3.5679,2.6657,0.0626,6.328,727,1.66, -> planetarium (1.7%)
frame_001558,-1.0,2.0863,2.6444,0.0564,4.8182,727,1.72, -> planetarium (1.7%)
frame_001559,-1.0,1.394,3.0618,0.0499,4.5331,727,1.73, -> planetarium (1.7%)
frame_001560,-1.0,3.448,2.6119,0.0533,6.1446,727,1.69, -> planetarium (1.7%)
frame_001561,-1.0,2.0949,2.6392,0.0515,4.8142,727,1.78, -> planetarium (1.8%)
frame_001562,-1.0,2.5966,4.1583,0.0503,6.834,727,1.77, -> planetarium (1.8%)
frame_001563,-1.0,3.389,2.6077,0.0508,6.0759,727,1.85, -> planetarium (1.9%)
frame_001564,-1.0,2.1421,2.6464,0.0502,4.8665,727,1.8, -> planetarium (1.8%)
frame_001565,-1.0,2.0879,2.6436,0.0521,4.8118,727,1.83, -> planetarium (1.8%)
frame_001566,-1.0,1.8004,2.6399,0.0521,4.522,727,1.83, -> planetarium (1.8%)
frame_001567,-1.0,2.1756,2.6501,0.0504,4.9049,727,1.74, -> planetarium (1.7%)
frame_001568,-1.0,3.5438,2.6307,0.0626,6.274,727,1.82, -> planetarium (1.8%)
frame_001569,-1.0,2.0791,2.6121,0.0565,4.7795,727,1.85, -> planetarium (1.8%)
frame_001570,-1.0,2.0429,4.5596,0.0512,6.6836,727,1.96, -> planetarium (2.0%)
frame_001571,-1.0,2.0686,2.657,0.0528,4.8118,727,1.8, -> planetarium (1.8%)
frame_001572,-1.0,1.6336,2.6678,0.0531,4.3854,727,1.8, -> planetarium (1.8%)
frame_001573,-1.0,2.6319,2.8537,0.055,5.5692,727,1.78, -> planetarium (1.8%)
frame_001574,-1.0,2.0514,2.6465,0.0518,4.7788,727,1.76, -> planetarium (1.8%)
frame_001575,-1.0,3.0975,2.6464,0.0584,5.8317,727,1.88, -> planetarium (1.9%)
frame_001576,-1.0,2.2321,2.6184,0.0527,4.9306,727,1.93, -> planetarium (1.9%)
frame_001577,-1.0,1.482,2.6016,0.0482,4.1582,727,2.02, -> planetarium (2.0%)
frame_001578,-1.0,3.011,2.6639,0.0574,5.7629,727,1.97, -> planetarium (2.0%)
frame_001579,-1.0,2.5726,2.6049,0.0518,5.2599,727,1.96, -> planetarium (2.0%)
frame_001580,-1.0,2.0274,2.5968,0.053,4.7066,727,2.0, -> planetarium (2.0%)
frame_001581,-1.0,2.7485,2.6412,0.0512,5.4695,727,1.97, -> planetarium (2.0%)
frame_001582,-1.0,2.9358,2.6407,0.06,5.6747,727,1.92, -> planetarium (1.9%)
frame_001583,-1.0,2.0263,3.447,0.0515,5.5546,727,1.93, -> planetarium (1.9%)
frame_001584,-1.0,2.11,2.678,0.0623,4.8926,727,2.01, -> planetarium (2.0%)
frame_001585,-1.0,1.4686,2.637,0.056,4.1914,727,1.97, -> planetarium (2.0%)
frame_001586,-1.0,2.483,2.6792,0.0587,5.2516,727,1.97, -> planetarium (2.0%)
frame_001587,-1.0,1.557,3.7881,0.051,5.4249,727,2.02, -> planetarium (2.0%)
frame_001588,-1.0,1.651,2.6546,0.0573,4.393,727,2.24, -> planetarium (2.2%)
frame_001589,-1.0,2.0119,2.7842,0.0598,4.888,727,2.45, -> planetarium (2.5%)
frame_001590,-1.0,2.872,2.6011,0.0502,5.5526,727,2.5, -> planetarium (2.5%)
frame_001591,-1.0,3.5948,2.6191,0.0514,6.2966,727,2.4, -> planetarium (2.4%)
frame_001592,-1.0,2.0561,6.642,0.0638,8.8049,727,2.52, -> planetarium (2.5%)
frame_001593,-1.0,1.6189,2.6023,0.0561,4.3104,727,2.66, -> planetarium (2.7%)
frame_001594,-1.0,1.9848,2.6985,0.0543,4.7691,727,2.58, -> planetarium (2.6%)
frame_001595,-1.0,1.5027,2.663,0.051,4.2465,727,2.6, -> planetarium (2.6%)
frame_001596,-1.0,1.5331,4.0151,0.0507,5.6293,727,2.51, -> planetarium (2.5%)
frame_001597,-1.0,2.0944,4.8691,0.0525,7.0458,727,2.57, -> planetarium (2.6%)
frame_001598,-1.0,1.6675,2.6885,0.0625,4.454,727,2.67, -> planetarium (2.7%)
frame_001599,-1.0,1.6717,2.6499,0.0679,4.4256,727,2.31, -> planetarium (2.3%)
frame_001600,-1.0,2.1055,2.6594,0.0612,4.8621,727,2.23, -> planetarium (2.2%)
frame_001601,-1.0,1.4966,2.6285,0.0569,4.2128,727,2.16, -> planetarium (2.2%)
frame_001602,-1.0,2.0756,2.6685,0.0567,4.8323,727,2.15, -> planetarium (2.2%)
frame_001603,-1.0,2.0465,2.6265,0.067,4.7775,727,2.14, -> planetarium (2.1%)
frame_001604,-1.0,2.8265,2.6143,0.0531,5.5269,727,2.14, -> planetarium (2.1%)
frame_001605,-1.0,2.1391,2.6581,0.0599,4.8884,727,2.2, -> planetarium (2.2%)
frame_001606,-1.0,2.101,2.6397,0.0515,4.8239,727,2.19, -> planetarium (2.2%)
frame_001607,-1.0,1.5059,2.9423,0.0602,4.5411,727,2.19, -> planetarium (2.2%)
frame_001608,-1.0,1.5184,2.6115,0.0504,4.2091,727,2.2, -> planetarium (2.2%)
frame_001609,-1.0,2.2455,3.8997,0.0533,6.2298,727,2.18, -> planetarium (2.2%)
frame_001610,-1.0,1.5713,2.6617,0.0492,4.3104,727,2.18, -> planetarium (2.2%)
frame_001611,-1.0,1.6245,2.6049,0.0547,4.3142,727,2.19, -> planetarium (2.2%)
frame_001612,-1.0,1.4978,2.657,0.0572,4.241,727,2.18, -> planetarium (2.2%)
frame_001613,-1.0,2.0738,2.6476,0.0522,4.8065,727,2.17, -> planetarium (2.2%)
frame_001614,-1.0,1.6348,2.6578,0.0561,4.3788,727,2.14, -> planetarium (2.1%)
frame_001615,-1.0,3.204,2.604,0.0537,5.8912,727,2.14, -> planetarium (2.1%)
frame_001616,-1.0,2.1457,2.651,0.0537,4.8788,727,2.12, -> planetarium (2.1%)
frame_001617,-1.0,1.4671,3.2869,0.0506,4.8337,727,2.11, -> planetarium (2.1%)
frame_001618,-1.0,1.5062,2.6615,0.0567,4.2546,727,2.06, -> planetarium (2.1%)
frame_001619,-1.0,3.236,2.6649,0.052,5.9836,727,2.1, -> planetarium (2.1%)
frame_001620,-1.0,2.1301,2.6463,0.05,4.8559,727,2.13, -> planetarium (2.1%)
frame_001621,-1.0,3.0422,2.6386,0.0508,5.7595,727,2.13, -> planetarium (2.1%)
frame_001622,-1.0,2.0754,2.6366,0.0484,4.7867,727,2.18, -> planetarium (2.2%)
frame_001623,-1.0,2.05,2.8205,0.0514,4.951,727,2.16, -> planetarium (2.2%)
frame_001624,-1.0,2.2214,2.6765,0.0592,4.9903,727,2.15, -> planetarium (2.1%)
frame_001625,-1.0,1.5419,5.2519,0.0515,6.873,727,2.16, -> planetarium (2.2%)
frame_001626,-1.0,3.4582,2.6361,0.066,6.1945,727,2.15, -> planetarium (2.2%)
frame_001627,-1.0,3.6611,2.6277,0.0653,6.3894,727,2.15, -> planetarium (2.1%)
frame_001628,-1.0,2.1218,2.6986,0.0728,4.9331,727,2.16, -> planetarium (2.2%)
frame_001629,-1.0,2.5477,4.8234,0.0662,7.5454,727,2.17, -> planetarium (2.2%)
frame_001630,-1.0,2.0538,2.6328,0.0593,4.7787,727,2.17, -> planetarium (2.2%)
frame_001631,-1.0,1.4954,2.6229,0.0595,4.2115,727,2.17, -> planetarium (2.2%)
frame_001632,-1.0,3.6333,2.6588,0.0576,6.3827,727,2.17, -> planetarium (2.2%)
frame_001633,-1.0,3.6947,2.6728,0.0673,6.4675,727,2.17, -> planetarium (2.2%)
frame_001634,-1.0,2.693,2.6851,0.0586,5.4684,727,2.17, -> planetarium (2.2%)
frame_001635,-1.0,2.0256,3.4776,0.0605,5.5953,727,2.16, -> planetarium (2.2%)
frame_001636,-1.0,1.4672,2.6801,0.0583,4.2355,727,2.15, -> planetarium (2.2%)
frame_001637,-1.0,2.7606,3.8247,0.0572,6.6734,727,2.18, -> planetarium (2.2%)
frame_001638,-1.0,1.5627,2.6887,0.0665,4.3507,727,2.18, -> planetarium (2.2%)
frame_001639,-1.0,2.1497,5.3364,0.0743,7.6067,727,2.18, -> planetarium (2.2%)
frame_001640,-1.0,2.1136,2.6228,0.0652,4.8368,727,2.18, -> planetarium (2.2%)
frame_001641,-1.0,3.2648,2.6203,0.0613,5.9828,727,2.18, -> planetarium (2.2%)
frame_001642,-1.0,3.6253,2.6433,0.0639,6.3701,727,2.15, -> planetarium (2.1%)
frame_001643,-1.0,3.5489,4.2505,0.0822,7.9298,727,2.14, -> planetarium (2.1%)
frame_001644,-1.0,2.1987,2.7678,0.0608,5.0651,727,2.13, -> planetarium (2.1%)
frame_001645,-1.0,1.9819,2.6574,0.0581,4.7317,727,2.15, -> planetarium (2.2%)
frame_001646,-1.0,2.1944,6.0902,0.0712,8.4041,727,2.19, -> planetarium (2.2%)
frame_001647,-1.0,3.5553,2.6521,0.0725,6.3171,727,2.17, -> planetarium (2.2%)
frame_001648,-1.0,3.6315,2.6071,0.0585,6.3318,727,2.17, -> planetarium (2.2%)
frame_001649,-1.0,3.4463,2.6757,0.071,6.2345,727,2.15, -> planetarium (2.2%)
frame_001650,-1.0,3.6036,2.6806,0.0624,6.3798,727,2.17, -> planetarium (2.2%)
frame_001651,-1.0,2.429,2.6524,0.0568,5.1702,727,2.16, -> planetarium (2.2%)
frame_001652,-1.0,2.0701,2.6716,0.062,4.8356,727,2.17, -> planetarium (2.2%)
frame_001653,-1.0,1.5082,2.6561,0.0579,4.2535,727,2.21, -> planetarium (2.2%)
frame_001654,-1.0,1.6047,2.8346,0.0562,4.5255,727,2.13, -> planetarium (2.1%)
frame_001655,-1.0,3.7391,2.6862,0.0671,6.5242,727,2.17, -> planetarium (2.2%)
frame_001656,-1.0,2.4673,2.6627,0.0557,5.2196,727,2.16, -> planetarium (2.2%)
frame_001657,-1.0,1.7957,2.7037,0.0788,4.6286,727,2.18, -> planetarium (2.2%)
frame_001658,-1.0,1.7934,2.7178,0.0772,4.6302,727,2.27, -> planetarium (2.3%)
frame_001659,-1.0,1.5538,2.7003,0.0684,4.3601,727,2.25, -> planetarium (2.3%)
frame_001660,-1.0,3.4663,2.6562,0.0641,6.2189,727,2.23, -> planetarium (2.2%)
frame_001661,-1.0,2.4554,2.6656,0.0584,5.2118,727,2.2, -> planetarium (2.2%)
frame_001662,-1.0,2.1664,4.7095,0.0555,6.9734,727,2.19, -> planetarium (2.2%)
frame_001663,-1.0,3.7004,2.8116,0.0577,6.6039,727,2.2, -> planetarium (2.2%)
frame_001664,-1.0,2.5616,2.6747,0.0535,5.3192,727,2.21, -> planetarium (2.2%)
frame_001665,-1.0,2.0239,2.679,0.0578,4.7917,727,2.22, -> planetarium (2.2%)
frame_001666,-1.0,1.5425,5.203,0.053,6.8868,727,2.21, -> planetarium (2.2%)
frame_001667,-1.0,1.5782,2.6791,0.0592,4.3485,727,2.24, -> planetarium (2.2%)
frame_001668,-1.0,1.5878,2.6764,0.0658,4.3647,727,2.27, -> planetarium (2.3%)
frame_001669,-1.0,2.7621,2.7147,0.0563,5.563,727,2.22, -> planetarium (2.2%)
frame_001670,-1.0,3.1086,2.6483,0.0585,5.8461,727,2.23, -> planetarium (2.2%)
frame_001671,-1.0,2.4867,2.6756,0.0617,5.262,727,2.25, -> planetarium (2.2%)
frame_001672,-1.0,2.0471,2.6793,0.0659,4.8279,727,2.23, -> planetarium (2.2%)
frame_001673,-1.0,3.251,2.666,0.0544,6.0014,727,2.28, -> planetarium (2.3%)
frame_001674,-1.0,3.661,2.6196,0.0601,6.3735,727,2.31, -> planetarium (2.3%)
frame_001675,-1.0,2.4704,2.6741,0.0699,5.2508,727,2.3, -> planetarium (2.3%)
frame_001676,-1.0,2.073,2.6693,0.0529,4.8254,727,2.31, -> planetarium (2.3%)
frame_001677,-1.0,2.1614,2.6952,0.0628,4.9568,727,2.21, -> planetarium (2.2%)
frame_001678,-1.0,2.7087,2.6656,0.054,5.4593,727,2.26, -> planetarium (2.3%)
frame_001679,-1.0,2.0702,2.6188,0.0537,4.7721,727,2.22, -> planetarium (2.2%)
frame_001680,-1.0,3.3522,2.6611,0.0665,6.1169,727,2.16, -> planetarium (2.2%)
frame_001681,-1.0,2.5128,2.7094,0.0682,5.3259,727,2.18, -> planetarium (2.2%)
frame_001682,-1.0,2.1297,2.6505,0.0675,4.8855,727,2.22, -> planetarium (2.2%)
frame_001683,-1.0,1.5682,2.6793,0.0523,4.3286,727,2.26, -> planetarium (2.3%)
frame_001684,-1.0,2.0053,2.6291,0.0636,4.7318,727,2.27, -> planetarium (2.3%)
frame_001685,-1.0,4.3075,2.65,0.0567,7.051,727,2.25, -> planetarium (2.3%)
frame_001686,-1.0,2.346,2.4811,0.064,4.939,727,2.21, -> planetarium (2.2%)
frame_001687,-1.0,2.2289,2.982,0.0777,5.3338,727,2.25, -> planetarium (2.2%)
frame_001688,-1.0,1.5464,2.7031,0.0694,4.3541,727,2.22, -> planetarium (2.2%)
frame_001689,-1.0,1.5835,2.6944,0.0712,4.3852,727,2.21, -> planetarium (2.2%)
frame_001690,-1.0,1.6453,2.6299,0.0612,4.3697,727,2.21, -> planetarium (2.2%)
frame_001691,-1.0,3.6544,2.6779,0.0595,6.4243,727,2.25, -> planetarium (2.2%)
frame_001692,-1.0,3.6331,2.4839,0.0658,6.2189,727,2.3, -> planetarium (2.3%)
frame_001693,-1.0,2.5897,2.6897,0.059,5.3722,727,2.3, -> planetarium (2.3%)
frame_001694,-1.0,3.1851,2.7217,0.075,6.0204,727,2.32, -> planetarium (2.3%)
frame_001695,-1.0,2.1863,2.6424,0.065,4.9297,727,2.31, -> planetarium (2.3%)
frame_001696,-1.0,2.0894,2.8054,0.0699,5.0029,727,2.24, -> planetarium (2.2%)
frame_001697,-1.0,3.0172,2.6141,0.0567,5.7194,727,2.24, -> planetarium (2.2%)
frame_001698,-1.0,2.1128,2.6181,0.054,4.8144,727,2.22, -> planetarium (2.2%)
frame_001699,-1.0,1.6564,2.699,0.0574,4.4462,727,2.28, -> planetarium (2.3%)
frame_001700,-1.0,1.5258,2.611,0.0609,4.2304,727,2.32, -> planetarium (2.3%)
frame_001701,-1.0,1.6312,2.6778,0.0533,4.3945,727,2.49, -> planetarium (2.5%)
frame_001702,-1.0,1.517,2.6595,0.0541,4.2611,727,2.48, -> planetarium (2.5%)
frame_001703,-1.0,1.5922,2.6209,0.054,4.297,727,2.42, -> planetarium (2.4%)
frame_001704,-1.0,1.7968,2.6639,0.0583,4.5524,727,2.39, -> planetarium (2.4%)
frame_001705,-1.0,2.6645,2.6793,0.0595,5.4369,727,2.36, -> planetarium (2.4%)
frame_001706,-1.0,1.6386,2.6591,0.0542,4.379,727,2.5, -> planetarium (2.5%)
frame_001707,-1.0,2.8651,2.6799,0.0586,5.635,727,2.43, -> planetarium (2.4%)
frame_001708,-1.0,2.0779,2.6624,0.0606,4.8312,727,2.47, -> planetarium (2.5%)
frame_001709,-1.0,1.8095,2.6952,0.0622,4.601,727,2.53, -> planetarium (2.5%)
frame_001710,-1.0,1.5244,6.1055,0.0638,7.7373,727,2.5, -> planetarium (2.5%)
frame_001711,-1.0,2.5192,2.6655,0.0586,5.2794,727,2.4, -> planetarium (2.4%)
frame_001712,-1.0,2.1289,2.6721,0.0576,4.8916,727,2.36, -> planetarium (2.4%)
