filename,ros_data_age_ms,preprocessing_ms,inference_ms,postprocessing_ms,e2e_ms,class_id,confidence,info
frame_000000,-1.0,1.1932,7.8555,0.163,9.2643,423,48.21, -> barber chair (48.2%)
frame_000001,-1.0,1.5957,3.4487,0.0542,5.1332,423,47.85, -> barber chair (47.9%)
frame_000002,-1.0,1.704,3.2569,0.0584,5.057,423,65.6, -> barber chair (65.6%)
frame_000003,-1.0,1.7216,3.2209,0.0581,5.0401,423,65.93, -> barber chair (65.9%)
frame_000004,-1.0,2.3984,3.2053,0.0594,5.7011,423,45.67, -> barber chair (45.7%)
frame_000005,-1.0,2.1558,3.2354,0.0848,5.5222,423,66.66, -> barber chair (66.7%)
frame_000006,-1.0,3.2489,3.2337,0.0768,6.6071,423,90.44, -> barber chair (90.4%)
frame_000007,-1.0,3.7811,3.2233,0.0733,7.1208,423,58.64, -> barber chair (58.6%)
frame_000008,-1.0,3.8052,3.1675,0.0587,7.0693,423,55.84, -> barber chair (55.8%)
frame_000009,-1.0,3.8073,3.2109,0.056,7.11,423,36.17, -> barber chair (36.2%)
frame_000010,-1.0,3.9038,3.2129,0.0572,7.2094,423,46.52, -> barber chair (46.5%)
frame_000011,-1.0,3.7947,3.1409,0.0582,7.03,423,83.3, -> barber chair (83.3%)
frame_000012,-1.0,3.7986,3.2143,0.0581,7.1079,423,59.77, -> barber chair (59.8%)
frame_000013,-1.0,3.8806,3.9582,0.0566,7.9333,423,62.75, -> barber chair (62.7%)
frame_000014,-1.0,3.8053,3.954,0.057,7.8532,423,31.25, -> barber chair (31.3%)
frame_000015,-1.0,3.8297,3.9724,0.0592,7.8993,423,42.16, -> barber chair (42.2%)
frame_000016,-1.0,3.8803,3.9473,0.056,7.9198,423,34.87, -> barber chair (34.9%)
frame_000017,-1.0,3.855,3.9738,0.06,7.9271,423,22.96, -> barber chair (23.0%)
frame_000018,-1.0,3.8343,3.9094,0.057,7.8384,423,54.3, -> barber chair (54.3%)
frame_000019,-1.0,2.3204,3.8343,0.0556,6.2457,423,28.91, -> barber chair (28.9%)
frame_000020,-1.0,3.9149,3.9532,0.0565,7.9616,423,18.77, -> barber chair (18.8%)
frame_000021,-1.0,3.7736,3.2869,0.0575,7.1534,423,19.46, -> barber chair (19.5%)
frame_000022,-1.0,3.8635,3.2783,0.056,7.2327,423,18.65, -> barber chair (18.6%)
frame_000023,-1.0,3.7452,3.2903,0.0562,7.1295,423,17.84, -> barber chair (17.8%)
frame_000024,-1.0,3.7814,3.3177,0.0627,7.2024,877,34.54, -> turnstile (34.5%)
frame_000025,-1.0,3.9237,3.2905,0.0588,7.3102,877,18.34, -> turnstile (18.3%)
frame_000026,-1.0,4.0664,3.2906,0.0616,7.4572,422,8.96, -> barbell (9.0%)
frame_000027,-1.0,3.8559,3.2045,0.0622,7.1611,880,12.14, -> unicycle (12.1%)
frame_000028,-1.0,3.7536,3.218,0.0576,7.0666,727,14.39, -> planetarium (14.4%)
frame_000029,-1.0,3.6926,3.2372,0.0583,7.0256,727,9.69, -> planetarium (9.7%)
frame_000030,-1.0,3.9503,3.5092,0.0611,7.5612,727,14.49, -> planetarium (14.5%)
frame_000031,-1.0,3.768,3.2231,0.0612,7.0913,422,7.82, -> barbell (7.8%)
frame_000032,-1.0,3.8783,3.3017,0.0598,7.2794,422,17.8, -> barbell (17.8%)
frame_000033,-1.0,4.0081,3.4832,0.0604,7.5904,880,12.04, -> unicycle (12.0%)
frame_000034,-1.0,3.9258,3.4032,0.068,7.4404,422,36.82, -> barbell (36.8%)
frame_000035,-1.0,3.8049,3.4409,0.0596,7.3432,422,24.71, -> barbell (24.7%)
frame_000036,-1.0,3.778,3.4147,0.0619,7.2949,422,14.36, -> barbell (14.4%)
frame_000037,-1.0,4.1436,4.7936,0.1055,9.1549,877,35.09, -> turnstile (35.1%)
frame_000038,-1.0,4.0414,3.4478,0.0558,7.5828,877,24.7, -> turnstile (24.7%)
frame_000039,-1.0,4.0834,3.4687,0.0597,7.65,877,18.57, -> turnstile (18.6%)
frame_000040,-1.0,3.9807,3.4901,0.0964,7.6133,877,18.0, -> turnstile (18.0%)
frame_000041,-1.0,4.0179,3.52,0.0595,7.6337,877,21.98, -> turnstile (22.0%)
frame_000042,-1.0,4.071,3.5128,0.0585,7.6809,877,22.98, -> turnstile (23.0%)
frame_000043,-1.0,3.2443,3.447,0.0591,6.7866,877,61.81, -> turnstile (61.8%)
frame_000044,-1.0,3.9181,3.4911,0.0569,7.5023,877,34.9, -> turnstile (34.9%)
frame_000045,-1.0,3.9083,3.469,0.0714,7.495,877,21.1, -> turnstile (21.1%)
frame_000046,-1.0,3.9964,3.5285,0.0599,7.6221,733,10.48, -> pole (10.5%)
frame_000047,-1.0,4.0885,3.5103,0.0595,7.6948,877,17.07, -> turnstile (17.1%)
frame_000048,-1.0,3.9821,3.5019,0.059,7.581,561,17.1, -> forklift (17.1%)
frame_000049,-1.0,3.9892,3.5021,0.0583,7.5876,877,18.1, -> turnstile (18.1%)
frame_000050,-1.0,4.0036,3.5008,0.084,7.6356,561,16.49, -> forklift (16.5%)
frame_000051,-1.0,3.9161,3.4727,0.0593,7.4859,561,48.33, -> forklift (48.3%)
frame_000052,-1.0,3.8821,3.4999,0.059,7.4781,561,29.63, -> forklift (29.6%)
frame_000053,-1.0,3.9742,3.5074,0.0576,7.5754,877,45.26, -> turnstile (45.3%)
frame_000054,-1.0,3.8878,3.4831,0.0818,7.5014,877,24.79, -> turnstile (24.8%)
frame_000055,-1.0,3.8724,3.9356,0.0582,7.9063,561,78.65, -> forklift (78.6%)
frame_000056,-1.0,4.0852,3.4681,0.0582,7.6495,561,70.48, -> forklift (70.5%)
frame_000057,-1.0,4.0203,3.8924,0.0633,8.0163,561,38.12, -> forklift (38.1%)
frame_000058,-1.0,2.8575,3.4062,0.0648,6.3735,561,73.09, -> forklift (73.1%)
frame_000059,-1.0,4.0553,3.4628,0.0649,7.622,476,23.77, -> carousel (23.8%)
frame_000060,-1.0,3.9931,3.4564,0.0588,7.5456,575,15.53, -> golfcart (15.5%)
frame_000061,-1.0,4.0201,4.1707,0.0586,8.2861,423,17.36, -> barber chair (17.4%)
frame_000062,-1.0,4.0186,3.4583,0.0602,7.5749,877,37.71, -> turnstile (37.7%)
frame_000063,-1.0,4.1509,3.4538,0.0621,7.7083,561,89.07, -> forklift (89.1%)
frame_000064,-1.0,3.9499,3.4844,0.0777,7.5566,561,57.93, -> forklift (57.9%)
frame_000065,-1.0,4.1318,3.4853,0.1579,7.8399,561,93.23, -> forklift (93.2%)
frame_000066,-1.0,2.6431,3.3943,0.0648,6.1494,561,85.02, -> forklift (85.0%)
frame_000067,-1.0,4.0146,3.317,0.057,7.4257,561,61.8, -> forklift (61.8%)
frame_000068,-1.0,4.0366,3.4941,0.058,7.6256,561,40.43, -> forklift (40.4%)
frame_000069,-1.0,3.9919,3.3247,0.0568,7.4115,877,51.18, -> turnstile (51.2%)
frame_000070,-1.0,4.0597,3.5169,0.059,7.6759,561,59.62, -> forklift (59.6%)
frame_000071,-1.0,4.0094,3.3468,0.0999,7.5107,561,43.64, -> forklift (43.6%)
frame_000072,-1.0,4.0615,3.5303,0.0622,7.6933,561,31.67, -> forklift (31.7%)
frame_000073,-1.0,3.8738,3.4977,0.0546,7.4616,561,27.11, -> forklift (27.1%)
frame_000074,-1.0,3.9088,3.4483,0.0597,7.4544,476,34.48, -> carousel (34.5%)
frame_000075,-1.0,4.0412,3.5175,0.0595,7.6574,476,25.3, -> carousel (25.3%)
frame_000076,-1.0,3.9009,3.4475,0.0604,7.4471,476,26.43, -> carousel (26.4%)
frame_000077,-1.0,3.963,3.4663,0.0918,7.5587,476,38.05, -> carousel (38.0%)
frame_000078,-1.0,3.9846,3.4806,0.0715,7.58,877,25.05, -> turnstile (25.0%)
frame_000079,-1.0,3.9333,3.5127,0.0578,7.5401,476,55.26, -> carousel (55.3%)
frame_000080,-1.0,4.0069,3.9709,0.0906,8.1262,476,48.24, -> carousel (48.2%)
frame_000081,-1.0,4.0397,4.4555,0.0641,8.6044,476,30.01, -> carousel (30.0%)
frame_000082,-1.0,3.8798,3.5109,0.0585,7.4876,877,32.52, -> turnstile (32.5%)
frame_000083,-1.0,4.0869,3.459,0.0781,7.6704,877,29.85, -> turnstile (29.8%)
frame_000084,-1.0,4.1065,3.4704,0.0607,7.6772,877,23.46, -> turnstile (23.5%)
frame_000085,-1.0,3.8549,3.5072,0.0586,7.4581,476,15.8, -> carousel (15.8%)
frame_000086,-1.0,4.0657,6.7583,0.0691,10.9402,877,18.87, -> turnstile (18.9%)
frame_000087,-1.0,4.0185,3.4608,0.0599,7.5781,829,17.77, -> streetcar (17.8%)
frame_000088,-1.0,4.1999,3.564,0.1064,7.9924,476,33.24, -> carousel (33.2%)
frame_000089,-1.0,3.4046,3.4085,0.0651,6.9237,733,10.8, -> pole (10.8%)
frame_000090,-1.0,3.8632,3.4345,0.0737,7.4149,476,32.05, -> carousel (32.0%)
frame_000091,-1.0,4.0158,3.4642,0.0608,7.5796,476,48.37, -> carousel (48.4%)
frame_000092,-1.0,3.9918,4.4678,0.0677,8.5744,476,55.43, -> carousel (55.4%)
frame_000093,-1.0,4.1111,3.5095,0.0626,7.7234,476,23.98, -> carousel (24.0%)
frame_000094,-1.0,3.8425,8.0743,0.0723,12.0412,476,40.04, -> carousel (40.0%)
frame_000095,-1.0,3.9564,3.4908,0.0587,7.5446,476,29.18, -> carousel (29.2%)
frame_000096,-1.0,3.967,3.5086,0.06,7.5759,476,26.43, -> carousel (26.4%)
frame_000097,-1.0,3.9289,3.5023,0.0605,7.5304,571,16.43, -> gas pump (16.4%)
frame_000098,-1.0,3.9978,3.7046,0.063,7.8051,476,29.27, -> carousel (29.3%)
frame_000099,-1.0,4.0757,3.5235,0.0626,7.7029,877,10.37, -> turnstile (10.4%)
frame_000100,-1.0,3.9478,3.4521,0.0609,7.501,571,25.78, -> gas pump (25.8%)
frame_000101,-1.0,3.9604,3.5118,0.0584,7.5687,476,27.77, -> carousel (27.8%)
frame_000102,-1.0,3.9648,3.4642,0.0584,7.5259,476,35.0, -> carousel (35.0%)
frame_000103,-1.0,3.9327,3.4635,0.0631,7.4984,543,10.86, -> dumbbell (10.9%)
frame_000104,-1.0,3.9424,3.323,0.0611,7.3638,476,12.93, -> carousel (12.9%)
frame_000105,-1.0,4.1509,3.5451,0.0605,7.7964,433,11.8, -> bathing cap (11.8%)
frame_000106,-1.0,3.9124,6.0703,0.0704,10.1025,433,18.31, -> bathing cap (18.3%)
frame_000107,-1.0,3.6732,3.4661,0.0596,7.2383,670,13.93, -> motor scooter (13.9%)
frame_000108,-1.0,4.0573,3.4712,0.0609,7.6292,670,23.25, -> motor scooter (23.2%)
frame_000109,-1.0,3.955,3.5239,0.0601,7.5787,670,32.74, -> motor scooter (32.7%)
frame_000110,-1.0,3.9337,3.5103,0.06,7.5417,543,20.77, -> dumbbell (20.8%)
frame_000111,-1.0,3.987,3.4943,0.0596,7.5791,670,25.86, -> motor scooter (25.9%)
frame_000112,-1.0,3.9571,3.9813,0.0727,8.0492,543,28.95, -> dumbbell (29.0%)
frame_000113,-1.0,3.9612,3.5174,0.0571,7.5717,543,19.39, -> dumbbell (19.4%)
frame_000114,-1.0,4.0115,3.3286,0.0589,7.4367,543,51.04, -> dumbbell (51.0%)
frame_000115,-1.0,3.9832,3.6478,0.0608,7.7328,543,62.72, -> dumbbell (62.7%)
frame_000116,-1.0,3.987,3.4625,0.0854,7.5824,543,43.8, -> dumbbell (43.8%)
frame_000117,-1.0,3.9163,3.4821,0.0858,7.5212,543,44.44, -> dumbbell (44.4%)
frame_000118,-1.0,3.9398,3.4682,0.0584,7.5044,543,33.56, -> dumbbell (33.6%)
frame_000119,-1.0,3.9342,3.4716,0.0605,7.5031,543,20.74, -> dumbbell (20.7%)
frame_000120,-1.0,3.8611,3.318,0.0637,7.2826,543,17.59, -> dumbbell (17.6%)
frame_000121,-1.0,3.9074,7.7162,0.0699,11.7427,830,43.05, -> stretcher (43.1%)
frame_000122,-1.0,3.9351,3.4507,0.0737,7.5058,830,45.41, -> stretcher (45.4%)
frame_000123,-1.0,3.8619,5.3785,0.0681,9.3577,543,55.77, -> dumbbell (55.8%)
frame_000124,-1.0,3.8762,3.4827,0.0556,7.4504,543,35.25, -> dumbbell (35.3%)
frame_000125,-1.0,3.9074,5.8582,0.067,9.8803,830,38.14, -> stretcher (38.1%)
frame_000126,-1.0,3.9763,3.5207,0.0957,7.7043,830,34.48, -> stretcher (34.5%)
frame_000127,-1.0,3.8194,3.4419,0.0544,7.3529,830,40.23, -> stretcher (40.2%)
frame_000128,-1.0,3.861,3.4969,0.0851,7.4922,830,46.71, -> stretcher (46.7%)
frame_000129,-1.0,3.8764,3.4959,0.0946,7.5224,830,51.44, -> stretcher (51.4%)
frame_000130,-1.0,3.8692,3.502,0.0583,7.4665,830,56.42, -> stretcher (56.4%)
frame_000131,-1.0,3.8412,3.5058,0.0614,7.4473,830,46.65, -> stretcher (46.7%)
frame_000132,-1.0,3.8298,6.6061,0.0677,10.5539,830,39.81, -> stretcher (39.8%)
frame_000133,-1.0,3.7638,7.8702,0.0664,11.7483,830,42.19, -> stretcher (42.2%)
frame_000134,-1.0,4.0115,3.5107,0.0561,7.6166,830,38.71, -> stretcher (38.7%)
frame_000135,-1.0,3.8128,3.514,0.0602,7.4253,830,38.57, -> stretcher (38.6%)
frame_000136,-1.0,3.8991,4.5252,0.0649,8.5338,830,43.28, -> stretcher (43.3%)
frame_000137,-1.0,3.9598,3.513,0.0906,7.6166,830,43.86, -> stretcher (43.9%)
frame_000138,-1.0,4.0344,3.3206,0.0608,7.4545,830,40.77, -> stretcher (40.8%)
frame_000139,-1.0,4.0308,3.5285,0.0604,7.6587,830,38.42, -> stretcher (38.4%)
frame_000140,-1.0,3.965,3.4552,0.0605,7.519,830,38.88, -> stretcher (38.9%)
frame_000141,-1.0,4.0345,3.5039,0.0593,7.6366,830,38.68, -> stretcher (38.7%)
frame_000142,-1.0,3.7494,4.3368,0.0611,8.1934,830,41.75, -> stretcher (41.8%)
frame_000143,-1.0,2.965,3.4474,0.0728,6.5306,830,35.98, -> stretcher (36.0%)
frame_000144,-1.0,3.8187,3.4344,0.0833,7.3779,830,38.11, -> stretcher (38.1%)
frame_000145,-1.0,3.9748,3.5135,0.0769,7.6111,830,33.71, -> stretcher (33.7%)
frame_000146,-1.0,3.9929,6.8622,0.0691,10.9725,830,29.24, -> stretcher (29.2%)
frame_000147,-1.0,3.967,3.4955,0.0591,7.5603,830,36.21, -> stretcher (36.2%)
frame_000148,-1.0,4.0123,4.6044,0.0663,8.7307,830,34.99, -> stretcher (35.0%)
frame_000149,-1.0,4.0292,3.4699,0.073,7.619,830,45.58, -> stretcher (45.6%)
frame_000150,-1.0,4.0034,3.5119,0.0604,7.6128,830,48.44, -> stretcher (48.4%)
frame_000151,-1.0,2.8241,3.4154,0.0651,6.3506,830,23.02, -> stretcher (23.0%)
frame_000152,-1.0,3.9728,5.0446,0.1051,9.1733,830,36.55, -> stretcher (36.6%)
frame_000153,-1.0,3.8683,3.5198,0.0579,7.4842,830,19.9, -> stretcher (19.9%)
frame_000154,-1.0,4.1549,3.4445,0.0579,7.6937,830,29.04, -> stretcher (29.0%)
frame_000155,-1.0,3.9357,3.5065,0.0602,7.5409,830,36.55, -> stretcher (36.6%)
frame_000156,-1.0,3.9593,3.6988,0.0592,7.7535,830,40.49, -> stretcher (40.5%)
frame_000157,-1.0,3.9526,3.4489,0.0734,7.5188,830,53.82, -> stretcher (53.8%)
frame_000158,-1.0,3.9649,4.388,0.0652,8.4646,543,15.0, -> dumbbell (15.0%)
frame_000159,-1.0,3.8774,7.8601,0.0699,11.8583,543,39.76, -> dumbbell (39.8%)
frame_000160,-1.0,3.8165,3.4864,0.058,7.4007,543,36.69, -> dumbbell (36.7%)
frame_000161,-1.0,4.0381,7.7538,0.0701,11.9143,543,34.48, -> dumbbell (34.5%)
frame_000162,-1.0,3.9131,3.4943,0.0601,7.5047,422,30.09, -> barbell (30.1%)
frame_000163,-1.0,3.9363,3.4912,0.0577,7.5248,543,26.82, -> dumbbell (26.8%)
frame_000164,-1.0,3.9151,3.3205,0.0598,7.3335,543,28.08, -> dumbbell (28.1%)
frame_000165,-1.0,3.9039,3.5129,0.0587,7.5162,543,32.16, -> dumbbell (32.2%)
frame_000166,-1.0,3.841,5.2173,0.0635,9.1688,543,31.21, -> dumbbell (31.2%)
frame_000167,-1.0,3.7438,3.4968,0.0573,7.3366,543,29.2, -> dumbbell (29.2%)
frame_000168,-1.0,3.9802,3.3211,0.0616,7.4038,543,26.69, -> dumbbell (26.7%)
frame_000169,-1.0,4.1714,3.4717,0.0585,7.7406,543,29.34, -> dumbbell (29.3%)
frame_000170,-1.0,4.0223,3.5673,0.0622,7.6898,543,28.85, -> dumbbell (28.8%)
frame_000171,-1.0,3.995,3.5083,0.0604,7.6042,543,28.71, -> dumbbell (28.7%)
frame_000172,-1.0,3.9803,7.7729,0.0684,11.8728,543,26.34, -> dumbbell (26.3%)
frame_000173,-1.0,3.8897,3.4708,0.0721,7.4751,543,24.92, -> dumbbell (24.9%)
frame_000174,-1.0,3.8716,3.4744,0.0613,7.4455,543,25.99, -> dumbbell (26.0%)
frame_000175,-1.0,3.9277,3.5068,0.0605,7.533,543,27.48, -> dumbbell (27.5%)
frame_000176,-1.0,3.9059,3.4494,0.0584,7.4512,543,31.64, -> dumbbell (31.6%)
frame_000177,-1.0,3.9686,3.4769,0.0616,7.5477,422,30.82, -> barbell (30.8%)
frame_000178,-1.0,3.8946,3.5123,0.0591,7.5039,543,26.21, -> dumbbell (26.2%)
frame_000179,-1.0,3.9895,7.9094,0.0678,12.0157,830,24.78, -> stretcher (24.8%)
frame_000180,-1.0,3.7854,3.4502,0.062,7.338,830,50.62, -> stretcher (50.6%)
frame_000181,-1.0,3.9089,3.5193,0.06,7.5268,830,47.97, -> stretcher (48.0%)
frame_000182,-1.0,3.9791,3.866,0.0595,7.943,830,49.99, -> stretcher (50.0%)
frame_000183,-1.0,3.8955,3.5145,0.0594,7.5074,830,43.45, -> stretcher (43.4%)
frame_000184,-1.0,3.8242,3.8858,0.057,7.8029,830,34.6, -> stretcher (34.6%)
frame_000185,-1.0,4.0837,7.6204,0.0695,11.8249,624,22.9, -> library (22.9%)
frame_000186,-1.0,3.8947,3.3625,0.0681,7.3678,624,18.77, -> library (18.8%)
frame_000187,-1.0,3.8795,3.5128,0.0596,7.4916,624,28.48, -> library (28.5%)
frame_000188,-1.0,4.0004,3.5161,0.0621,7.6184,624,32.47, -> library (32.5%)
frame_000189,-1.0,3.62,3.45,0.0674,7.1841,830,18.29, -> stretcher (18.3%)
frame_000190,-1.0,2.7302,3.3502,0.0657,6.1921,830,23.28, -> stretcher (23.3%)
frame_000191,-1.0,2.6406,3.4061,0.0622,6.1547,830,24.64, -> stretcher (24.6%)
frame_000192,-1.0,3.9299,3.9788,0.0812,8.0313,830,28.45, -> stretcher (28.5%)
frame_000193,-1.0,3.8792,3.4872,0.055,7.4577,830,22.96, -> stretcher (23.0%)
frame_000194,-1.0,3.9358,3.3252,0.0759,7.384,830,17.45, -> stretcher (17.5%)
frame_000195,-1.0,3.9059,8.2741,0.0675,12.2961,624,37.43, -> library (37.4%)
frame_000196,-1.0,3.8427,3.4792,0.0544,7.4113,543,83.75, -> dumbbell (83.7%)
frame_000197,-1.0,4.0136,3.4641,0.059,7.5757,543,28.68, -> dumbbell (28.7%)
frame_000198,-1.0,4.0552,3.5303,0.0589,7.6819,830,32.73, -> stretcher (32.7%)
frame_000199,-1.0,3.9458,3.4629,0.069,7.5191,830,27.5, -> stretcher (27.5%)
frame_000200,-1.0,3.9395,3.52,0.0591,7.5567,830,34.2, -> stretcher (34.2%)
frame_000201,-1.0,3.8718,3.5244,0.0721,7.5117,830,42.08, -> stretcher (42.1%)
frame_000202,-1.0,3.9245,3.4663,0.0574,7.4855,830,48.73, -> stretcher (48.7%)
frame_000203,-1.0,3.9344,3.4732,0.0601,7.5054,830,26.55, -> stretcher (26.5%)
frame_000204,-1.0,4.0081,3.5143,0.06,7.6201,834,23.36, -> suit (23.4%)
frame_000205,-1.0,3.8746,3.4511,0.0589,7.4205,851,36.51, -> television (36.5%)
frame_000206,-1.0,3.8662,3.5301,0.062,7.4978,851,27.05, -> television (27.0%)
frame_000207,-1.0,3.8585,3.4567,0.0595,7.4139,851,45.2, -> television (45.2%)
frame_000208,-1.0,3.3734,3.7342,0.0589,7.2026,851,57.24, -> television (57.2%)
frame_000209,-1.0,3.962,3.4536,0.0579,7.512,851,57.32, -> television (57.3%)
frame_000210,-1.0,3.9713,3.4553,0.0592,7.5251,851,57.56, -> television (57.6%)
frame_000211,-1.0,2.7195,3.398,0.0669,6.229,851,52.57, -> television (52.6%)
frame_000212,-1.0,3.9119,6.7513,0.0661,10.7787,851,52.21, -> television (52.2%)
frame_000213,-1.0,3.814,3.5543,0.0638,7.4776,851,49.43, -> television (49.4%)
frame_000214,-1.0,3.9122,7.8501,0.0679,11.8818,851,49.34, -> television (49.3%)
frame_000215,-1.0,3.8201,3.4889,0.06,7.4062,851,45.21, -> television (45.2%)
frame_000216,-1.0,3.9084,4.3768,0.0664,8.3991,851,39.4, -> television (39.4%)
frame_000217,-1.0,3.7942,3.4934,0.0568,7.3839,851,39.52, -> television (39.5%)
frame_000218,-1.0,3.9636,3.4827,0.0606,7.5454,851,40.22, -> television (40.2%)
frame_000219,-1.0,3.8492,3.5012,0.0584,7.4464,851,36.65, -> television (36.6%)
frame_000220,-1.0,3.9919,6.2403,0.067,10.3499,851,50.2, -> television (50.2%)
frame_000221,-1.0,4.0279,3.5483,0.0926,7.7217,851,44.42, -> television (44.4%)
frame_000222,-1.0,3.9145,3.6117,0.0596,7.6242,851,50.17, -> television (50.2%)
frame_000223,-1.0,3.9734,3.5142,0.0577,7.5818,851,41.21, -> television (41.2%)
frame_000224,-1.0,4.0453,5.5708,0.105,9.7704,851,29.36, -> television (29.4%)
frame_000225,-1.0,3.7489,3.4458,0.0743,7.3127,851,22.12, -> television (22.1%)
frame_000226,-1.0,3.877,4.8684,0.065,8.8562,851,31.09, -> television (31.1%)
frame_000227,-1.0,3.9745,3.5132,0.0577,7.5825,851,25.71, -> television (25.7%)
frame_000228,-1.0,3.6014,3.3902,0.0556,7.0827,830,22.82, -> stretcher (22.8%)
frame_000229,-1.0,3.8761,3.4572,0.0596,7.4284,830,21.46, -> stretcher (21.5%)
frame_000230,-1.0,3.9348,3.5025,0.0591,7.5366,830,18.02, -> stretcher (18.0%)
frame_000231,-1.0,3.8146,3.5063,0.0599,7.4188,851,11.38, -> television (11.4%)
frame_000232,-1.0,3.8278,3.5103,0.0618,7.4381,421,12.45, -> bannister (12.5%)
frame_000233,-1.0,3.9608,3.557,0.0739,7.6342,830,16.24, -> stretcher (16.2%)
frame_000234,-1.0,2.9885,3.4623,0.0879,6.5886,830,44.56, -> stretcher (44.6%)
frame_000235,-1.0,3.9811,3.5233,0.0608,7.6015,877,21.73, -> turnstile (21.7%)
frame_000236,-1.0,3.9107,3.4783,0.0588,7.4855,877,18.69, -> turnstile (18.7%)
frame_000237,-1.0,3.8576,3.4513,0.0603,7.4059,851,11.95, -> television (12.0%)
frame_000238,-1.0,3.9748,3.5041,0.0578,7.5739,851,38.03, -> television (38.0%)
frame_000239,-1.0,3.9407,3.4987,0.0583,7.5344,851,12.25, -> television (12.2%)
frame_000240,-1.0,3.8685,3.4382,0.072,7.4242,543,12.77, -> dumbbell (12.8%)
frame_000241,-1.0,3.89,3.5115,0.0595,7.497,543,21.76, -> dumbbell (21.8%)
frame_000242,-1.0,3.9037,3.5191,0.072,7.5396,480,10.5, -> cash machine (10.5%)
frame_000243,-1.0,3.8946,3.5109,0.0584,7.5018,480,23.74, -> cash machine (23.7%)
frame_000244,-1.0,3.9465,3.5208,0.0679,7.5779,480,24.79, -> cash machine (24.8%)
frame_000245,-1.0,3.8879,3.5318,0.0908,7.5617,480,49.14, -> cash machine (49.1%)
frame_000246,-1.0,4.001,3.5146,0.0606,7.614,543,51.99, -> dumbbell (52.0%)
frame_000247,-1.0,4.0479,3.5037,0.0598,7.648,543,44.1, -> dumbbell (44.1%)
frame_000248,-1.0,3.8799,3.4474,0.0745,7.4463,543,48.19, -> dumbbell (48.2%)
frame_000249,-1.0,3.8785,3.4598,0.0598,7.4361,543,27.44, -> dumbbell (27.4%)
frame_000250,-1.0,3.885,3.5093,0.0585,7.4895,543,60.66, -> dumbbell (60.7%)
frame_000251,-1.0,3.9748,3.6138,0.0608,7.6878,543,49.18, -> dumbbell (49.2%)
frame_000252,-1.0,3.9787,3.4964,0.0604,7.5729,543,27.75, -> dumbbell (27.8%)
frame_000253,-1.0,3.9097,3.6644,0.0872,7.7125,543,33.41, -> dumbbell (33.4%)
frame_000254,-1.0,3.9734,3.5294,0.0602,7.6015,543,23.49, -> dumbbell (23.5%)
frame_000255,-1.0,4.0478,3.5321,0.062,7.681,543,20.06, -> dumbbell (20.1%)
frame_000256,-1.0,3.8426,3.5043,0.0582,7.4427,830,18.57, -> stretcher (18.6%)
frame_000257,-1.0,3.952,3.5351,0.0587,7.5831,480,26.14, -> cash machine (26.1%)
frame_000258,-1.0,3.87,3.4886,0.0847,7.4931,480,47.36, -> cash machine (47.4%)
frame_000259,-1.0,3.9507,3.4566,0.0576,7.501,543,36.36, -> dumbbell (36.4%)
frame_000260,-1.0,3.8435,3.5035,0.0607,7.4446,480,51.94, -> cash machine (51.9%)
frame_000261,-1.0,3.9725,3.5271,0.0584,7.5934,480,37.71, -> cash machine (37.7%)
frame_000262,-1.0,3.937,3.5148,0.0572,7.5458,543,19.39, -> dumbbell (19.4%)
frame_000263,-1.0,3.9739,3.4895,0.0611,7.5623,830,23.35, -> stretcher (23.4%)
frame_000264,-1.0,3.8901,3.5323,0.058,7.5197,543,16.3, -> dumbbell (16.3%)
frame_000265,-1.0,3.9249,3.5033,0.0568,7.5206,422,20.12, -> barbell (20.1%)
frame_000266,-1.0,3.9709,3.4511,0.0585,7.5179,480,17.39, -> cash machine (17.4%)
frame_000267,-1.0,3.9574,4.1882,0.0599,8.242,480,16.6, -> cash machine (16.6%)
frame_000268,-1.0,3.9196,3.5457,0.0653,7.5757,657,11.45, -> missile (11.4%)
frame_000269,-1.0,3.8945,3.4613,0.059,7.4528,480,16.18, -> cash machine (16.2%)
frame_000270,-1.0,4.0945,3.5035,0.0615,7.7013,480,15.06, -> cash machine (15.1%)
frame_000271,-1.0,3.9748,3.4611,0.0592,7.5314,747,18.93, -> punching bag (18.9%)
frame_000272,-1.0,3.9456,3.4715,0.0598,7.5742,830,11.66, -> stretcher (11.7%)
frame_000273,-1.0,3.8966,3.4285,0.0803,7.4526,830,20.94, -> stretcher (20.9%)
frame_000274,-1.0,4.0273,3.5216,0.0604,7.6475,466,16.12, -> bullet train (16.1%)
frame_000275,-1.0,3.899,3.2878,0.0752,7.2984,466,20.59, -> bullet train (20.6%)
frame_000276,-1.0,3.9111,3.5214,0.0882,7.5712,830,31.62, -> stretcher (31.6%)
frame_000277,-1.0,3.9797,3.4743,0.0607,7.5522,830,31.62, -> stretcher (31.6%)
frame_000278,-1.0,3.9782,3.5155,0.0605,7.5922,480,24.93, -> cash machine (24.9%)
frame_000279,-1.0,3.4932,3.3451,0.0675,6.9532,830,42.12, -> stretcher (42.1%)
frame_000280,-1.0,3.9525,3.517,0.0873,7.6086,830,16.0, -> stretcher (16.0%)
frame_000281,-1.0,3.8003,3.5385,0.087,7.4775,480,11.15, -> cash machine (11.2%)
frame_000282,-1.0,3.9482,3.5109,0.0584,7.5566,423,11.72, -> barber chair (11.7%)
frame_000283,-1.0,4.1079,3.4598,0.0581,7.6652,480,23.48, -> cash machine (23.5%)
frame_000284,-1.0,3.9689,3.5081,0.0589,7.5713,830,11.28, -> stretcher (11.3%)
frame_000285,-1.0,3.7432,3.4815,0.0616,7.3257,830,11.5, -> stretcher (11.5%)
frame_000286,-1.0,4.046,3.5175,0.0608,7.6621,830,31.48, -> stretcher (31.5%)
frame_000287,-1.0,3.7546,3.4601,0.0786,7.34,830,13.83, -> stretcher (13.8%)
frame_000288,-1.0,4.0293,3.5047,0.06,7.631,830,12.67, -> stretcher (12.7%)
frame_000289,-1.0,3.8694,3.5111,0.0588,7.4763,830,12.7, -> stretcher (12.7%)
frame_000290,-1.0,3.9037,3.4908,0.0656,7.5054,830,23.74, -> stretcher (23.7%)
frame_000291,-1.0,2.8261,3.3922,0.0649,6.3303,480,44.76, -> cash machine (44.8%)
frame_000292,-1.0,3.8414,3.5082,0.0587,7.4495,480,37.71, -> cash machine (37.7%)
frame_000293,-1.0,3.8516,3.5305,0.0775,7.506,830,16.75, -> stretcher (16.7%)
frame_000294,-1.0,4.082,3.5028,0.0616,7.6851,480,12.18, -> cash machine (12.2%)
frame_000295,-1.0,3.971,3.5357,0.0693,7.6238,480,12.43, -> cash machine (12.4%)
frame_000296,-1.0,3.1288,3.3514,0.0643,6.5893,480,14.33, -> cash machine (14.3%)
frame_000297,-1.0,3.9577,3.5373,0.0587,7.5928,830,18.8, -> stretcher (18.8%)
frame_000298,-1.0,3.7103,3.4834,0.0822,7.3239,480,21.96, -> cash machine (22.0%)
frame_000299,-1.0,3.9939,3.4751,0.0626,7.5697,830,15.39, -> stretcher (15.4%)
frame_000300,-1.0,4.0035,3.5149,0.0602,7.6182,877,9.24, -> turnstile (9.2%)
frame_000301,-1.0,3.9685,3.4677,0.0578,7.5317,830,15.69, -> stretcher (15.7%)
frame_000302,-1.0,3.8164,3.5205,0.0601,7.4342,713,9.78, -> photocopier (9.8%)
frame_000303,-1.0,3.926,6.013,0.0697,10.0606,830,8.67, -> stretcher (8.7%)
frame_000304,-1.0,3.8586,3.4308,0.058,7.3831,713,14.73, -> photocopier (14.7%)
frame_000305,-1.0,4.0916,3.5118,0.0604,7.7016,713,12.88, -> photocopier (12.9%)
frame_000306,-1.0,3.8734,3.5199,0.0598,7.4926,480,19.78, -> cash machine (19.8%)
frame_000307,-1.0,3.9538,3.4963,0.0665,7.5561,480,63.98, -> cash machine (64.0%)
frame_000308,-1.0,3.842,3.5153,0.0605,7.4548,480,34.45, -> cash machine (34.5%)
frame_000309,-1.0,3.8997,3.474,0.0666,7.4823,480,20.14, -> cash machine (20.1%)
frame_000310,-1.0,3.8698,3.5096,0.0589,7.4765,480,22.4, -> cash machine (22.4%)
frame_000311,-1.0,3.9158,3.5027,0.0602,7.5163,480,25.06, -> cash machine (25.1%)
frame_000312,-1.0,3.8455,3.4612,0.0564,7.4001,480,31.22, -> cash machine (31.2%)
frame_000313,-1.0,4.028,3.5156,0.0674,7.652,877,42.69, -> turnstile (42.7%)
frame_000314,-1.0,3.939,3.4952,0.059,7.5309,877,25.6, -> turnstile (25.6%)
frame_000315,-1.0,3.7688,3.3221,0.0594,7.1897,480,36.17, -> cash machine (36.2%)
frame_000316,-1.0,3.8843,3.4832,0.0939,7.5158,480,29.02, -> cash machine (29.0%)
frame_000317,-1.0,4.0614,3.5074,0.0745,7.6909,480,30.53, -> cash machine (30.5%)
frame_000318,-1.0,3.9277,5.099,0.1265,9.2026,480,23.24, -> cash machine (23.2%)
frame_000319,-1.0,3.811,3.4656,0.0566,7.3692,480,56.76, -> cash machine (56.8%)
frame_000320,-1.0,3.8812,3.4224,0.0646,7.4096,480,36.37, -> cash machine (36.4%)
frame_000321,-1.0,3.9045,3.477,0.0771,7.5048,480,34.07, -> cash machine (34.1%)
frame_000322,-1.0,3.9172,3.4946,0.0598,7.51,480,26.11, -> cash machine (26.1%)
frame_000323,-1.0,3.9318,3.5094,0.0603,7.5421,480,32.53, -> cash machine (32.5%)
frame_000324,-1.0,4.016,3.5011,0.0616,7.6167,480,43.03, -> cash machine (43.0%)
frame_000325,-1.0,3.8451,3.5246,0.0571,7.4638,480,41.43, -> cash machine (41.4%)
frame_000326,-1.0,3.899,3.4587,0.0846,7.4915,480,22.07, -> cash machine (22.1%)
frame_000327,-1.0,3.8783,3.5262,0.0625,7.508,877,27.81, -> turnstile (27.8%)
frame_000328,-1.0,3.5301,3.467,0.0778,7.1196,877,28.85, -> turnstile (28.9%)
frame_000329,-1.0,3.8065,3.4627,0.0847,7.4093,877,18.37, -> turnstile (18.4%)
frame_000330,-1.0,3.8951,3.4423,0.0792,7.4555,713,16.45, -> photocopier (16.4%)
frame_000331,-1.0,4.0522,3.5141,0.0586,7.6622,713,19.92, -> photocopier (19.9%)
frame_000332,-1.0,3.8527,3.5282,0.0576,7.4759,877,19.59, -> turnstile (19.6%)
frame_000333,-1.0,3.9726,3.5211,0.0611,7.6275,480,16.54, -> cash machine (16.5%)
frame_000334,-1.0,3.8565,3.4577,0.079,7.4308,877,14.8, -> turnstile (14.8%)
frame_000335,-1.0,3.9232,3.521,0.0573,7.5379,877,15.77, -> turnstile (15.8%)
frame_000336,-1.0,3.7721,3.8075,0.0595,7.6785,877,16.38, -> turnstile (16.4%)
frame_000337,-1.0,3.9533,3.5067,0.0574,7.5555,713,17.36, -> photocopier (17.4%)
frame_000338,-1.0,3.8465,3.4906,0.0583,7.432,713,18.69, -> photocopier (18.7%)
frame_000339,-1.0,3.9598,3.4654,0.0591,7.5219,877,16.31, -> turnstile (16.3%)
frame_000340,-1.0,3.8033,3.505,0.0666,7.4141,877,15.55, -> turnstile (15.6%)
frame_000341,-1.0,3.9526,3.4794,0.0742,7.55,480,17.58, -> cash machine (17.6%)
frame_000342,-1.0,3.8851,3.518,0.0606,7.5009,877,15.8, -> turnstile (15.8%)
frame_000343,-1.0,3.7973,3.4897,0.0576,7.38,877,15.88, -> turnstile (15.9%)
frame_000344,-1.0,3.937,3.4254,0.0574,7.4561,480,16.42, -> cash machine (16.4%)
frame_000345,-1.0,3.9492,3.5153,0.0616,7.5655,877,14.72, -> turnstile (14.7%)
frame_000346,-1.0,3.9101,3.4669,0.0594,7.5389,480,24.37, -> cash machine (24.4%)
frame_000347,-1.0,3.8195,3.4951,0.0542,7.4036,877,25.72, -> turnstile (25.7%)
frame_000348,-1.0,3.9127,3.4936,0.0581,7.502,877,17.35, -> turnstile (17.4%)
frame_000349,-1.0,3.8462,3.4609,0.0594,7.4041,480,20.1, -> cash machine (20.1%)
frame_000350,-1.0,3.9055,3.4918,0.0567,7.4911,480,51.08, -> cash machine (51.1%)
frame_000351,-1.0,3.8194,3.5166,0.0588,7.4307,480,22.87, -> cash machine (22.9%)
frame_000352,-1.0,4.0225,3.5079,0.058,7.6252,480,37.61, -> cash machine (37.6%)
frame_000353,-1.0,3.8931,3.5819,0.0591,7.5715,480,34.35, -> cash machine (34.4%)
frame_000354,-1.0,3.9378,3.514,0.0604,7.5501,480,34.09, -> cash machine (34.1%)
frame_000355,-1.0,3.9618,7.7092,0.0652,11.7835,480,26.88, -> cash machine (26.9%)
frame_000356,-1.0,3.8213,3.3471,0.0636,7.2713,480,43.25, -> cash machine (43.2%)
frame_000357,-1.0,3.832,3.5037,0.0573,7.4333,877,26.1, -> turnstile (26.1%)
frame_000358,-1.0,3.8475,3.51,0.0601,7.4547,480,31.05, -> cash machine (31.1%)
frame_000359,-1.0,3.8608,3.4042,0.064,7.3726,480,73.11, -> cash machine (73.1%)
frame_000360,-1.0,3.8529,3.5089,0.0599,7.4596,480,26.44, -> cash machine (26.4%)
frame_000361,-1.0,3.8751,7.3088,0.0664,11.2974,480,36.87, -> cash machine (36.9%)
frame_000362,-1.0,3.763,3.4807,0.0567,7.3382,480,31.17, -> cash machine (31.2%)
frame_000363,-1.0,3.8873,3.7336,0.0606,7.7204,480,36.49, -> cash machine (36.5%)
frame_000364,-1.0,3.8177,3.4972,0.0583,7.4111,480,50.61, -> cash machine (50.6%)
frame_000365,-1.0,3.8691,3.5012,0.0549,7.4594,480,22.76, -> cash machine (22.8%)
frame_000366,-1.0,3.9455,3.4537,0.0581,7.4941,877,18.99, -> turnstile (19.0%)
frame_000367,-1.0,3.8967,3.5003,0.0579,7.4911,480,19.12, -> cash machine (19.1%)
frame_000368,-1.0,3.8599,3.534,0.0584,7.4913,480,35.62, -> cash machine (35.6%)
frame_000369,-1.0,3.8764,3.4414,0.0589,7.4149,480,46.8, -> cash machine (46.8%)
frame_000370,-1.0,3.9125,3.4481,0.0692,7.4665,480,39.79, -> cash machine (39.8%)
frame_000371,-1.0,3.8063,3.4533,0.0571,7.3527,480,35.84, -> cash machine (35.8%)
frame_000372,-1.0,3.8665,3.4939,0.0585,7.4555,480,35.73, -> cash machine (35.7%)
frame_000373,-1.0,3.9428,3.5621,0.0586,7.5983,480,31.72, -> cash machine (31.7%)
frame_000374,-1.0,3.7109,3.5237,0.056,7.3267,480,39.0, -> cash machine (39.0%)
frame_000375,-1.0,3.7751,6.8718,0.0653,10.7576,480,28.65, -> cash machine (28.6%)
frame_000376,-1.0,3.7555,3.4925,0.054,7.3402,480,25.76, -> cash machine (25.8%)
frame_000377,-1.0,3.8649,3.4177,0.0712,7.398,480,26.61, -> cash machine (26.6%)
frame_000378,-1.0,3.7602,3.5304,0.0718,7.4063,827,12.67, -> stove (12.7%)
frame_000379,-1.0,3.9162,3.5238,0.0766,7.5566,423,14.71, -> barber chair (14.7%)
frame_000380,-1.0,3.9039,3.5338,0.0571,7.5304,423,11.81, -> barber chair (11.8%)
frame_000381,-1.0,3.942,5.7281,0.0648,9.7813,877,25.32, -> turnstile (25.3%)
frame_000382,-1.0,3.8437,3.5277,0.0665,7.4818,480,19.52, -> cash machine (19.5%)
frame_000383,-1.0,3.9632,3.4523,0.0585,7.5114,480,15.25, -> cash machine (15.2%)
frame_000384,-1.0,3.8149,3.3599,0.0637,7.286,877,19.41, -> turnstile (19.4%)
frame_000385,-1.0,3.8206,3.487,0.057,7.404,877,19.95, -> turnstile (20.0%)
frame_000386,-1.0,3.9153,3.5181,0.0596,7.5327,877,17.12, -> turnstile (17.1%)
frame_000387,-1.0,4.0001,3.4751,0.0655,7.5882,877,29.62, -> turnstile (29.6%)
frame_000388,-1.0,3.8017,3.5174,0.0711,7.437,877,24.23, -> turnstile (24.2%)
frame_000389,-1.0,3.7889,3.4199,0.0782,7.3329,877,17.46, -> turnstile (17.5%)
frame_000390,-1.0,3.9918,3.4709,0.0647,7.5756,877,20.54, -> turnstile (20.5%)
frame_000391,-1.0,4.0445,3.5404,0.0712,7.7098,877,26.86, -> turnstile (26.9%)
frame_000392,-1.0,3.0895,5.1518,0.0759,8.3686,877,29.28, -> turnstile (29.3%)
frame_000393,-1.0,3.9091,3.5451,0.0653,7.5673,877,40.2, -> turnstile (40.2%)
frame_000394,-1.0,4.0462,3.5286,0.0605,7.6765,877,28.42, -> turnstile (28.4%)
frame_000395,-1.0,3.757,3.445,0.0826,7.3331,877,36.94, -> turnstile (36.9%)
frame_000396,-1.0,3.873,3.4082,0.0615,7.3841,877,36.16, -> turnstile (36.2%)
frame_000397,-1.0,3.9367,3.4936,0.0645,7.5378,877,21.91, -> turnstile (21.9%)
frame_000398,-1.0,4.0048,3.5054,0.0591,7.6097,713,32.93, -> photocopier (32.9%)
frame_000399,-1.0,3.8589,3.5168,0.0766,7.5026,480,33.19, -> cash machine (33.2%)
frame_000400,-1.0,3.9976,3.4609,0.0598,7.5564,480,70.94, -> cash machine (70.9%)
frame_000401,-1.0,2.7408,3.3933,0.0626,6.241,480,74.54, -> cash machine (74.5%)
frame_000402,-1.0,3.9503,3.4551,0.0586,7.5053,877,24.83, -> turnstile (24.8%)
frame_000403,-1.0,3.9987,3.4689,0.0691,7.5765,877,23.95, -> turnstile (23.9%)
frame_000404,-1.0,3.9226,3.5043,0.0612,7.5272,877,22.51, -> turnstile (22.5%)
frame_000405,-1.0,3.8308,3.4212,0.0819,7.3825,877,18.45, -> turnstile (18.4%)
frame_000406,-1.0,3.9376,3.5038,0.0593,7.5381,877,20.76, -> turnstile (20.8%)
frame_000407,-1.0,3.9605,3.4473,0.0604,7.5072,877,44.4, -> turnstile (44.4%)
frame_000408,-1.0,4.0102,3.4941,0.0599,7.6023,877,18.57, -> turnstile (18.6%)
frame_000409,-1.0,3.9434,3.4506,0.0595,7.4925,877,38.63, -> turnstile (38.6%)
frame_000410,-1.0,3.9114,3.4867,0.0593,7.4945,877,39.2, -> turnstile (39.2%)
frame_000411,-1.0,4.0288,3.4546,0.0596,7.5824,877,28.73, -> turnstile (28.7%)
frame_000412,-1.0,4.0152,3.5116,0.0587,7.6242,877,22.9, -> turnstile (22.9%)
frame_000413,-1.0,4.0224,7.4538,0.0685,11.5936,480,53.7, -> cash machine (53.7%)
frame_000414,-1.0,3.7773,3.5308,0.0596,7.4077,480,76.8, -> cash machine (76.8%)
frame_000415,-1.0,3.9833,3.465,0.0707,7.6332,480,74.48, -> cash machine (74.5%)
frame_000416,-1.0,3.862,3.4642,0.0784,7.447,480,62.1, -> cash machine (62.1%)
frame_000417,-1.0,3.8827,4.1073,0.0737,8.113,480,39.96, -> cash machine (40.0%)
frame_000418,-1.0,3.9786,3.4967,0.0606,7.5748,877,34.16, -> turnstile (34.2%)
frame_000419,-1.0,4.0019,3.4798,0.0611,7.5835,877,29.37, -> turnstile (29.4%)
frame_000420,-1.0,4.1164,3.5179,0.0582,7.7316,480,33.52, -> cash machine (33.5%)
frame_000421,-1.0,2.6026,3.4095,0.1429,6.2002,480,62.95, -> cash machine (63.0%)
frame_000422,-1.0,3.9203,3.4825,0.058,7.4985,480,41.8, -> cash machine (41.8%)
frame_000423,-1.0,3.849,3.4586,0.06,7.4076,480,69.13, -> cash machine (69.1%)
frame_000424,-1.0,2.7664,3.4194,0.0819,6.3137,480,40.91, -> cash machine (40.9%)
frame_000425,-1.0,3.9336,5.4959,0.0684,9.5489,480,57.27, -> cash machine (57.3%)
frame_000426,-1.0,3.7411,3.5062,0.0597,7.3471,877,35.18, -> turnstile (35.2%)
frame_000427,-1.0,4.0269,3.4514,0.0582,7.5734,480,49.21, -> cash machine (49.2%)
frame_000428,-1.0,3.9657,3.5015,0.0588,7.5641,480,31.78, -> cash machine (31.8%)
frame_000429,-1.0,4.0435,3.5625,0.062,7.709,480,43.1, -> cash machine (43.1%)
frame_000430,-1.0,3.9598,3.4997,0.0594,7.5594,480,38.01, -> cash machine (38.0%)
frame_000431,-1.0,4.1199,3.6145,0.0593,7.8907,480,54.44, -> cash machine (54.4%)
frame_000432,-1.0,4.0241,3.4906,0.0583,7.6087,480,38.83, -> cash machine (38.8%)
frame_000433,-1.0,3.9429,3.5061,0.0603,7.5495,480,49.03, -> cash machine (49.0%)
frame_000434,-1.0,3.851,3.6984,0.0591,7.6457,480,53.13, -> cash machine (53.1%)
frame_000435,-1.0,3.8823,3.5072,0.0597,7.4878,480,54.78, -> cash machine (54.8%)
frame_000436,-1.0,3.7456,3.5041,0.0586,7.3455,480,42.77, -> cash machine (42.8%)
frame_000437,-1.0,3.8871,3.6005,0.058,7.5814,480,51.89, -> cash machine (51.9%)
frame_000438,-1.0,3.6911,3.4406,0.0586,7.2286,480,52.68, -> cash machine (52.7%)
frame_000439,-1.0,3.9363,7.8031,0.0675,11.8541,480,50.51, -> cash machine (50.5%)
frame_000440,-1.0,3.7492,3.4998,0.0577,7.3444,480,47.42, -> cash machine (47.4%)
frame_000441,-1.0,3.8448,3.534,0.06,7.4763,480,53.93, -> cash machine (53.9%)
frame_000442,-1.0,4.0033,3.5115,0.0579,7.6098,480,40.13, -> cash machine (40.1%)
frame_000443,-1.0,3.8353,3.5756,0.0583,7.5085,480,55.25, -> cash machine (55.2%)
frame_000444,-1.0,3.8467,4.5641,0.0653,8.5215,480,47.02, -> cash machine (47.0%)
frame_000445,-1.0,3.8222,3.4929,0.0653,7.421,480,37.03, -> cash machine (37.0%)
frame_000446,-1.0,4.0972,3.5114,0.0601,7.717,480,36.41, -> cash machine (36.4%)
frame_000447,-1.0,3.829,3.7417,0.0577,7.6648,480,38.79, -> cash machine (38.8%)
frame_000448,-1.0,3.9145,3.5167,0.0586,7.527,480,31.85, -> cash machine (31.8%)
frame_000449,-1.0,3.9741,3.4653,0.0597,7.5376,480,29.91, -> cash machine (29.9%)
frame_000450,-1.0,3.9526,3.4385,0.0807,7.5232,480,37.02, -> cash machine (37.0%)
frame_000451,-1.0,3.9633,3.4958,0.1309,7.6353,480,41.05, -> cash machine (41.0%)
frame_000452,-1.0,3.9643,3.5112,0.0599,7.572,480,34.54, -> cash machine (34.5%)
frame_000453,-1.0,3.7932,4.0769,0.0608,7.9699,480,21.98, -> cash machine (22.0%)
frame_000454,-1.0,3.1319,3.4316,0.0683,6.6809,480,29.35, -> cash machine (29.4%)
frame_000455,-1.0,3.8911,3.4703,0.0648,7.4684,480,19.54, -> cash machine (19.5%)
frame_000456,-1.0,3.9776,3.494,0.0565,7.5639,480,34.37, -> cash machine (34.4%)
frame_000457,-1.0,3.8772,3.5104,0.0675,7.4967,480,30.15, -> cash machine (30.1%)
frame_000458,-1.0,4.0716,3.5227,0.0781,7.7121,480,34.1, -> cash machine (34.1%)
frame_000459,-1.0,3.6051,3.4634,0.0617,7.1712,480,21.48, -> cash machine (21.5%)
frame_000460,-1.0,4.0054,3.4936,0.0651,7.604,480,54.47, -> cash machine (54.5%)
frame_000461,-1.0,4.025,3.5085,0.0769,7.6581,480,41.24, -> cash machine (41.2%)
frame_000462,-1.0,4.0592,3.67,0.0613,7.8295,480,31.67, -> cash machine (31.7%)
frame_000463,-1.0,4.0029,3.483,0.1178,7.6664,423,15.02, -> barber chair (15.0%)
frame_000464,-1.0,3.9361,3.5088,0.0569,7.5388,480,41.01, -> cash machine (41.0%)
frame_000465,-1.0,3.91,5.5943,0.0644,9.611,480,34.99, -> cash machine (35.0%)
frame_000466,-1.0,3.0099,3.4341,0.0555,6.5356,480,37.51, -> cash machine (37.5%)
frame_000467,-1.0,3.9982,3.5914,0.0607,7.6884,480,27.28, -> cash machine (27.3%)
frame_000468,-1.0,3.9959,3.5056,0.0606,7.601,713,19.82, -> photocopier (19.8%)
frame_000469,-1.0,3.961,3.4644,0.0595,7.5227,480,25.05, -> cash machine (25.1%)
frame_000470,-1.0,3.9008,3.4807,0.0573,7.4734,713,14.73, -> photocopier (14.7%)
frame_000471,-1.0,3.9631,3.6447,0.0597,7.7046,480,22.91, -> cash machine (22.9%)
frame_000472,-1.0,3.9323,4.0523,0.0999,8.1686,480,31.83, -> cash machine (31.8%)
frame_000473,-1.0,3.9943,3.5247,0.0588,7.6168,480,44.47, -> cash machine (44.5%)
frame_000474,-1.0,3.8512,3.505,0.0585,7.4526,480,15.51, -> cash machine (15.5%)
frame_000475,-1.0,4.0009,3.4732,0.0563,7.5677,480,11.82, -> cash machine (11.8%)
frame_000476,-1.0,3.9348,3.475,0.0593,7.5111,480,15.21, -> cash machine (15.2%)
frame_000477,-1.0,4.0171,3.4975,0.0605,7.615,827,11.31, -> stove (11.3%)
frame_000478,-1.0,3.8117,3.4856,0.0812,7.4252,480,13.88, -> cash machine (13.9%)
frame_000479,-1.0,4.0564,3.5866,0.0578,7.7373,480,25.03, -> cash machine (25.0%)
frame_000480,-1.0,4.0867,3.5093,0.059,7.6926,480,32.77, -> cash machine (32.8%)
frame_000481,-1.0,3.9685,3.4434,0.059,7.5103,480,34.26, -> cash machine (34.3%)
frame_000482,-1.0,4.0765,3.5521,0.0893,7.764,480,35.19, -> cash machine (35.2%)
frame_000483,-1.0,4.0817,3.4905,0.0611,7.6729,480,25.8, -> cash machine (25.8%)
frame_000484,-1.0,3.7781,3.4733,0.0604,7.3509,480,32.59, -> cash machine (32.6%)
frame_000485,-1.0,3.9821,3.4515,0.0601,7.5311,480,30.93, -> cash machine (30.9%)
frame_000486,-1.0,3.8894,3.4921,0.067,7.4907,480,36.69, -> cash machine (36.7%)
frame_000487,-1.0,3.927,3.6234,0.0566,7.6442,480,38.72, -> cash machine (38.7%)
frame_000488,-1.0,3.8792,3.5028,0.0621,7.4844,480,53.72, -> cash machine (53.7%)
frame_000489,-1.0,4.0177,3.4538,0.059,7.5692,480,68.86, -> cash machine (68.9%)
frame_000490,-1.0,3.7754,3.5114,0.061,7.3848,480,63.25, -> cash machine (63.3%)
frame_000491,-1.0,4.0,3.463,0.0588,7.5589,480,73.73, -> cash machine (73.7%)
frame_000492,-1.0,4.0849,3.5385,0.0719,7.7467,480,51.71, -> cash machine (51.7%)
frame_000493,-1.0,3.0106,3.9827,0.0678,7.1037,480,37.39, -> cash machine (37.4%)
frame_000494,-1.0,3.9768,3.4947,0.0601,7.5796,480,39.43, -> cash machine (39.4%)
frame_000495,-1.0,3.9622,3.5106,0.0614,7.5736,480,64.13, -> cash machine (64.1%)
frame_000496,-1.0,3.8176,3.4517,0.0583,7.3637,480,85.66, -> cash machine (85.7%)
frame_000497,-1.0,3.9107,3.5052,0.0604,7.514,480,66.74, -> cash machine (66.7%)
frame_000498,-1.0,3.9228,3.429,0.0582,7.4468,480,76.42, -> cash machine (76.4%)
frame_000499,-1.0,3.8929,3.4451,0.0615,7.4378,480,77.37, -> cash machine (77.4%)
frame_000500,-1.0,3.8617,3.4873,0.0592,7.4455,480,75.72, -> cash machine (75.7%)
frame_000501,-1.0,4.0446,3.4427,0.0719,7.6028,480,59.17, -> cash machine (59.2%)
frame_000502,-1.0,3.9115,3.4971,0.0624,7.5109,480,61.61, -> cash machine (61.6%)
frame_000503,-1.0,3.9762,7.5579,0.0651,11.6466,480,52.51, -> cash machine (52.5%)
frame_000504,-1.0,3.8378,3.4771,0.0597,7.4123,480,45.04, -> cash machine (45.0%)
frame_000505,-1.0,3.8919,7.7489,0.0668,11.7576,480,59.31, -> cash machine (59.3%)
frame_000506,-1.0,3.8922,3.4872,0.0567,7.4729,480,58.96, -> cash machine (59.0%)
frame_000507,-1.0,3.9464,3.3978,0.0631,7.4549,480,58.36, -> cash machine (58.4%)
frame_000508,-1.0,3.8383,3.4828,0.0578,7.4165,480,27.55, -> cash machine (27.6%)
frame_000509,-1.0,3.9846,3.459,0.0595,7.5412,480,29.76, -> cash machine (29.8%)
frame_000510,-1.0,4.0382,3.4997,0.0597,7.638,480,32.23, -> cash machine (32.2%)
frame_000511,-1.0,3.9342,3.5915,0.0592,7.6235,480,40.75, -> cash machine (40.8%)
frame_000512,-1.0,3.9361,3.5179,0.0608,7.5544,480,41.14, -> cash machine (41.1%)
frame_000513,-1.0,3.9846,3.6338,0.0615,7.7196,480,30.82, -> cash machine (30.8%)
frame_000514,-1.0,3.9444,3.5211,0.0615,7.5846,480,39.92, -> cash machine (39.9%)
frame_000515,-1.0,4.0656,3.4951,0.0587,7.6584,713,20.17, -> photocopier (20.2%)
frame_000516,-1.0,3.9191,3.5194,0.0598,7.5374,480,23.54, -> cash machine (23.5%)
frame_000517,-1.0,3.9752,3.5854,0.06,7.6584,480,23.66, -> cash machine (23.7%)
frame_000518,-1.0,4.025,3.4592,0.0791,7.612,480,38.95, -> cash machine (39.0%)
frame_000519,-1.0,4.0809,3.4906,0.0607,7.6704,480,20.01, -> cash machine (20.0%)
frame_000520,-1.0,2.6585,3.3539,0.0645,6.1201,480,26.94, -> cash machine (26.9%)
frame_000521,-1.0,3.8697,3.4665,0.068,7.4432,480,23.56, -> cash machine (23.6%)
frame_000522,-1.0,4.1564,3.4985,0.0601,7.7543,480,29.16, -> cash machine (29.2%)
frame_000523,-1.0,3.8669,3.4945,0.0684,7.4718,480,41.35, -> cash machine (41.4%)
frame_000524,-1.0,3.9957,3.5126,0.0619,7.6096,480,34.04, -> cash machine (34.0%)
frame_000525,-1.0,3.91,3.4923,0.0595,7.501,896,9.39, -> washbasin (9.4%)
frame_000526,-1.0,3.9036,3.5083,0.059,7.51,480,45.06, -> cash machine (45.1%)
frame_000527,-1.0,3.6082,3.6749,0.0642,7.3875,480,28.91, -> cash machine (28.9%)
frame_000528,-1.0,3.7741,3.5128,0.0607,7.3865,480,24.74, -> cash machine (24.7%)
frame_000529,-1.0,3.7214,3.4683,0.0597,7.2869,480,40.36, -> cash machine (40.4%)
frame_000530,-1.0,3.7978,3.5068,0.0621,7.4057,480,37.72, -> cash machine (37.7%)
frame_000531,-1.0,3.6225,3.5213,0.061,7.2456,480,29.9, -> cash machine (29.9%)
frame_000532,-1.0,3.7524,3.5041,0.1114,7.4543,480,25.25, -> cash machine (25.2%)
frame_000533,-1.0,3.9721,5.0157,0.0659,9.0996,480,16.63, -> cash machine (16.6%)
frame_000534,-1.0,4.0085,3.5183,0.0692,7.6396,877,15.97, -> turnstile (16.0%)
frame_000535,-1.0,3.9656,3.51,0.0623,7.5771,877,17.12, -> turnstile (17.1%)
frame_000536,-1.0,3.8241,3.5041,0.06,7.4271,480,18.65, -> cash machine (18.7%)
frame_000537,-1.0,4.0239,3.6687,0.0635,7.7969,877,47.6, -> turnstile (47.6%)
frame_000538,-1.0,3.9327,3.5095,0.0613,7.5418,877,15.61, -> turnstile (15.6%)
frame_000539,-1.0,3.9214,3.4564,0.0608,7.4782,877,11.76, -> turnstile (11.8%)
frame_000540,-1.0,4.0351,3.4609,0.0618,7.5974,877,8.04, -> turnstile (8.0%)
frame_000541,-1.0,3.9302,7.0449,0.0667,11.0902,877,20.52, -> turnstile (20.5%)
frame_000542,-1.0,4.0669,3.5084,0.057,7.6702,877,22.56, -> turnstile (22.6%)
frame_000543,-1.0,3.8831,3.5156,0.0631,7.5033,877,20.01, -> turnstile (20.0%)
frame_000544,-1.0,3.8153,3.5102,0.0608,7.4237,877,15.57, -> turnstile (15.6%)
frame_000545,-1.0,3.8556,3.5062,0.0601,7.4607,480,15.26, -> cash machine (15.3%)
frame_000546,-1.0,3.8502,3.5145,0.0607,7.4648,480,16.24, -> cash machine (16.2%)
frame_000547,-1.0,4.0287,3.5802,0.0736,7.7295,877,19.85, -> turnstile (19.8%)
frame_000548,-1.0,3.9426,3.514,0.0605,7.5564,877,16.81, -> turnstile (16.8%)
frame_000549,-1.0,3.9972,3.4506,0.0604,7.5499,877,19.32, -> turnstile (19.3%)
frame_000550,-1.0,4.0015,3.5116,0.0593,7.6131,480,18.62, -> cash machine (18.6%)
frame_000551,-1.0,4.0088,5.6203,0.0697,9.7471,480,15.88, -> cash machine (15.9%)
frame_000552,-1.0,3.8809,3.4533,0.0747,7.4553,480,25.83, -> cash machine (25.8%)
frame_000553,-1.0,2.7946,3.3635,0.0671,6.2689,480,16.8, -> cash machine (16.8%)
frame_000554,-1.0,3.9401,3.5111,0.0612,7.5533,480,23.88, -> cash machine (23.9%)
frame_000555,-1.0,4.0194,3.5036,0.0616,7.6246,480,23.16, -> cash machine (23.2%)
frame_000556,-1.0,3.9277,3.4646,0.085,7.5878,480,42.3, -> cash machine (42.3%)
frame_000557,-1.0,3.9018,3.6392,0.0644,7.6476,480,24.75, -> cash machine (24.7%)
frame_000558,-1.0,4.0288,3.5146,0.0598,7.6442,877,18.48, -> turnstile (18.5%)
frame_000559,-1.0,3.8501,3.4753,0.0672,7.44,480,13.38, -> cash machine (13.4%)
frame_000560,-1.0,3.6525,3.4584,0.0621,7.2124,480,17.84, -> cash machine (17.8%)
frame_000561,-1.0,4.0148,3.5045,0.0626,7.6209,480,13.59, -> cash machine (13.6%)
frame_000562,-1.0,4.2097,3.5247,0.0618,7.8354,480,16.97, -> cash machine (17.0%)
frame_000563,-1.0,4.0279,3.5668,0.0667,7.7077,480,20.82, -> cash machine (20.8%)
frame_000564,-1.0,3.9943,3.5261,0.0596,7.6208,480,15.57, -> cash machine (15.6%)
frame_000565,-1.0,3.7551,3.5585,0.078,7.4397,480,17.77, -> cash machine (17.8%)
frame_000566,-1.0,4.083,3.4859,0.0782,7.695,713,11.43, -> photocopier (11.4%)
frame_000567,-1.0,3.8348,3.491,0.0646,7.436,713,9.01, -> photocopier (9.0%)
frame_000568,-1.0,4.0193,3.5029,0.1342,7.7122,480,20.53, -> cash machine (20.5%)
frame_000569,-1.0,2.7979,6.0393,0.0668,8.9526,480,11.79, -> cash machine (11.8%)
frame_000570,-1.0,3.8694,3.5013,0.0578,7.5556,480,9.92, -> cash machine (9.9%)
frame_000571,-1.0,3.9904,3.4896,0.0575,7.5774,480,10.09, -> cash machine (10.1%)
frame_000572,-1.0,4.0645,3.5166,0.0611,7.6814,480,11.69, -> cash machine (11.7%)
frame_000573,-1.0,3.9082,3.4721,0.0668,7.4954,480,11.05, -> cash machine (11.1%)
frame_000574,-1.0,3.9282,3.4914,0.0611,7.5185,480,14.76, -> cash machine (14.8%)
frame_000575,-1.0,3.97,3.5544,0.0601,7.6245,480,13.6, -> cash machine (13.6%)
frame_000576,-1.0,3.7996,3.4726,0.0614,7.3733,480,13.62, -> cash machine (13.6%)
frame_000577,-1.0,3.9915,3.5926,0.0634,7.6973,480,11.2, -> cash machine (11.2%)
frame_000578,-1.0,4.0962,3.4612,0.0698,7.6691,480,14.74, -> cash machine (14.7%)
frame_000579,-1.0,3.7407,3.4643,0.0683,7.319,480,14.44, -> cash machine (14.4%)
frame_000580,-1.0,3.7455,3.5093,0.0625,7.357,480,15.03, -> cash machine (15.0%)
frame_000581,-1.0,3.8162,3.4959,0.061,7.4127,480,16.26, -> cash machine (16.3%)
frame_000582,-1.0,3.8779,3.5093,0.0608,7.4901,480,14.71, -> cash machine (14.7%)
frame_000583,-1.0,3.9892,7.651,0.0664,11.757,480,18.64, -> cash machine (18.6%)
frame_000584,-1.0,3.8722,3.4534,0.0589,7.4247,480,8.39, -> cash machine (8.4%)
frame_000585,-1.0,3.978,3.5145,0.0608,7.5945,760,12.55, -> refrigerator (12.6%)
frame_000586,-1.0,4.0191,3.5248,0.0606,7.644,760,17.72, -> refrigerator (17.7%)
frame_000587,-1.0,3.9605,3.5081,0.0593,7.5655,480,13.13, -> cash machine (13.1%)
frame_000588,-1.0,3.8769,3.532,0.0635,7.5161,877,12.8, -> turnstile (12.8%)
frame_000589,-1.0,3.8391,3.4503,0.0639,7.3937,480,10.25, -> cash machine (10.3%)
frame_000590,-1.0,3.8114,3.4701,0.0754,7.4037,877,8.39, -> turnstile (8.4%)
frame_000591,-1.0,4.0024,8.1494,0.0692,12.2699,877,10.47, -> turnstile (10.5%)
frame_000592,-1.0,3.8742,3.4199,0.0703,7.4104,480,9.41, -> cash machine (9.4%)
frame_000593,-1.0,4.0813,3.534,0.069,7.7299,480,10.02, -> cash machine (10.0%)
frame_000594,-1.0,4.0063,3.4172,0.0683,7.5389,713,10.42, -> photocopier (10.4%)
frame_000595,-1.0,3.8776,6.0221,0.068,10.0171,713,15.1, -> photocopier (15.1%)
frame_000596,-1.0,4.0371,3.4521,0.0602,7.5884,480,11.12, -> cash machine (11.1%)
frame_000597,-1.0,3.9488,3.508,0.0616,7.5603,480,16.84, -> cash machine (16.8%)
frame_000598,-1.0,4.0428,3.5009,0.0614,7.6458,480,17.32, -> cash machine (17.3%)
frame_000599,-1.0,4.059,5.3811,0.0686,9.5586,480,14.82, -> cash machine (14.8%)
frame_000600,-1.0,4.0204,3.5234,0.1068,7.7051,480,14.24, -> cash machine (14.2%)
frame_000601,-1.0,3.9272,3.4999,0.0581,7.5248,713,15.48, -> photocopier (15.5%)
frame_000602,-1.0,4.0478,3.5126,0.0608,7.6628,480,39.25, -> cash machine (39.2%)
frame_000603,-1.0,3.9379,5.5712,0.069,9.6296,480,37.91, -> cash machine (37.9%)
frame_000604,-1.0,3.9987,4.1303,0.063,8.2401,480,34.25, -> cash machine (34.3%)
frame_000605,-1.0,2.7611,5.4972,0.0617,8.3658,480,29.56, -> cash machine (29.6%)
frame_000606,-1.0,3.9451,3.4452,0.0762,7.514,480,27.16, -> cash machine (27.2%)
frame_000607,-1.0,3.9572,3.4474,0.0642,7.6115,480,28.67, -> cash machine (28.7%)
frame_000608,-1.0,4.0215,3.5258,0.0604,7.6473,480,24.85, -> cash machine (24.9%)
frame_000609,-1.0,4.0494,6.8421,0.0692,11.0126,480,19.69, -> cash machine (19.7%)
frame_000610,-1.0,4.0287,3.5076,0.059,7.6342,480,19.06, -> cash machine (19.1%)
frame_000611,-1.0,4.0181,4.4961,0.0941,8.6537,760,21.19, -> refrigerator (21.2%)
frame_000612,-1.0,2.72,3.404,0.0623,6.2317,553,9.31, -> file (9.3%)
frame_000613,-1.0,3.9808,6.4126,0.0683,10.5128,480,27.93, -> cash machine (27.9%)
frame_000614,-1.0,4.019,3.5269,0.0985,7.6906,480,22.55, -> cash machine (22.6%)
frame_000615,-1.0,4.0474,6.0449,0.068,10.2112,480,29.86, -> cash machine (29.9%)
frame_000616,-1.0,3.2442,3.4373,0.0596,6.7783,877,16.76, -> turnstile (16.8%)
frame_000617,-1.0,4.0494,3.4545,0.0662,7.6146,553,11.78, -> file (11.8%)
frame_000618,-1.0,3.9803,3.5001,0.0607,7.5839,526,8.64, -> desk (8.6%)
frame_000619,-1.0,3.689,7.2083,0.0676,11.0139,760,14.97, -> refrigerator (15.0%)
frame_000620,-1.0,3.8919,3.4314,0.0575,7.4183,760,11.87, -> refrigerator (11.9%)
frame_000621,-1.0,4.0136,6.3618,0.0685,10.4942,760,16.96, -> refrigerator (17.0%)
frame_000622,-1.0,3.7686,3.4522,0.0823,7.3532,480,12.85, -> cash machine (12.8%)
frame_000623,-1.0,4.0778,3.441,0.0723,7.6321,760,18.59, -> refrigerator (18.6%)
frame_000624,-1.0,3.9665,3.4995,0.0814,7.6472,760,21.81, -> refrigerator (21.8%)
frame_000625,-1.0,3.9751,3.4435,0.0586,7.5167,526,13.09, -> desk (13.1%)
frame_000626,-1.0,4.1858,3.503,0.0603,7.7898,760,18.27, -> refrigerator (18.3%)
frame_000627,-1.0,4.1598,3.4648,0.0604,7.7239,713,12.95, -> photocopier (12.9%)
frame_000628,-1.0,4.0569,3.5034,0.0672,7.6711,713,9.51, -> photocopier (9.5%)
frame_000629,-1.0,4.0132,3.4958,0.0647,7.62,713,17.91, -> photocopier (17.9%)
frame_000630,-1.0,3.9626,3.5185,0.0822,7.677,480,40.51, -> cash machine (40.5%)
frame_000631,-1.0,3.7817,3.4388,0.0662,7.3256,480,18.0, -> cash machine (18.0%)
frame_000632,-1.0,4.0234,3.469,0.078,7.6185,480,28.99, -> cash machine (29.0%)
frame_000633,-1.0,4.0615,3.4934,0.0606,7.6541,760,20.02, -> refrigerator (20.0%)
frame_000634,-1.0,3.9872,3.5063,0.0606,7.5926,480,20.14, -> cash machine (20.1%)
frame_000635,-1.0,4.1369,6.7054,0.0651,10.9558,480,18.64, -> cash machine (18.6%)
frame_000636,-1.0,4.0649,3.5089,0.0589,7.672,480,51.53, -> cash machine (51.5%)
frame_000637,-1.0,3.7356,3.4259,0.0804,7.2931,480,72.57, -> cash machine (72.6%)
frame_000638,-1.0,4.0699,3.5629,0.1033,7.7815,480,46.47, -> cash machine (46.5%)
frame_000639,-1.0,4.0874,7.3817,0.0676,11.586,480,44.4, -> cash machine (44.4%)
frame_000640,-1.0,4.1398,3.5086,0.0576,7.7446,480,41.85, -> cash machine (41.8%)
frame_000641,-1.0,4.0481,3.5087,0.1404,7.758,480,40.96, -> cash machine (41.0%)
frame_000642,-1.0,3.9568,3.5132,0.0583,7.5663,480,43.01, -> cash machine (43.0%)
frame_000643,-1.0,3.9642,3.573,0.087,7.6714,480,72.64, -> cash machine (72.6%)
frame_000644,-1.0,4.1407,3.509,0.0588,7.7472,480,77.4, -> cash machine (77.4%)
frame_000645,-1.0,3.9977,7.4979,0.0693,11.615,480,58.47, -> cash machine (58.5%)
frame_000646,-1.0,3.7613,3.334,0.06,7.1986,480,75.29, -> cash machine (75.3%)
frame_000647,-1.0,3.8371,6.5681,0.0659,10.5191,480,69.61, -> cash machine (69.6%)
frame_000648,-1.0,3.9624,3.4962,0.0586,7.5555,480,52.05, -> cash machine (52.0%)
frame_000649,-1.0,3.9553,6.8944,0.0731,10.9735,480,64.44, -> cash machine (64.4%)
frame_000650,-1.0,3.9171,3.4967,0.0592,7.5098,480,47.4, -> cash machine (47.4%)
frame_000651,-1.0,4.1121,6.0489,0.0685,10.2806,480,42.35, -> cash machine (42.3%)
frame_000652,-1.0,3.818,3.5069,0.065,7.4298,480,18.58, -> cash machine (18.6%)
frame_000653,-1.0,4.0616,4.4691,0.0635,8.6409,480,34.41, -> cash machine (34.4%)
frame_000654,-1.0,3.9976,3.5051,0.0607,7.6016,480,28.46, -> cash machine (28.5%)
frame_000655,-1.0,4.0657,3.4532,0.0604,7.6182,713,37.98, -> photocopier (38.0%)
frame_000656,-1.0,3.9858,3.4555,0.0601,7.5396,480,26.97, -> cash machine (27.0%)
frame_000657,-1.0,3.8922,3.483,0.0605,7.4763,480,41.32, -> cash machine (41.3%)
frame_000658,-1.0,4.0577,3.5056,0.0614,7.6657,480,27.0, -> cash machine (27.0%)
frame_000659,-1.0,3.8697,5.6935,0.0662,9.6779,480,42.02, -> cash machine (42.0%)
frame_000660,-1.0,3.8056,3.4994,0.0595,7.4049,480,30.84, -> cash machine (30.8%)
frame_000661,-1.0,3.424,5.4631,0.0653,8.9984,480,46.39, -> cash machine (46.4%)
frame_000662,-1.0,3.6858,3.5147,0.0578,7.2978,480,40.55, -> cash machine (40.6%)
frame_000663,-1.0,3.7439,7.1263,0.0658,10.9828,480,60.53, -> cash machine (60.5%)
frame_000664,-1.0,4.045,3.5072,0.0585,7.6504,480,32.84, -> cash machine (32.8%)
frame_000665,-1.0,3.8812,6.3942,0.0662,10.3899,480,31.11, -> cash machine (31.1%)
frame_000666,-1.0,3.8797,3.4861,0.063,7.4722,480,40.49, -> cash machine (40.5%)
frame_000667,-1.0,3.8197,3.4648,0.0699,7.3995,480,25.39, -> cash machine (25.4%)
frame_000668,-1.0,4.0699,4.6266,0.065,8.8073,713,21.23, -> photocopier (21.2%)
frame_000669,-1.0,3.9659,4.0585,0.0607,8.1277,480,26.93, -> cash machine (26.9%)
frame_000670,-1.0,3.8897,3.5135,0.0587,7.5008,480,28.58, -> cash machine (28.6%)
frame_000671,-1.0,3.957,4.879,0.0642,8.9474,553,14.79, -> file (14.8%)
frame_000672,-1.0,4.0113,3.5412,0.1065,7.7062,553,10.06, -> file (10.1%)
frame_000673,-1.0,3.9881,3.4034,0.0603,7.491,480,11.75, -> cash machine (11.7%)
frame_000674,-1.0,3.9347,3.4565,0.0589,7.4888,553,12.88, -> file (12.9%)
frame_000675,-1.0,3.8777,6.9672,0.0643,10.957,553,13.07, -> file (13.1%)
frame_000676,-1.0,3.9942,3.4415,0.0821,7.6214,771,11.65, -> safe (11.7%)
frame_000677,-1.0,3.0469,4.8401,0.0622,7.9951,713,20.73, -> photocopier (20.7%)
frame_000678,-1.0,3.7818,3.4423,0.0586,7.3244,713,16.58, -> photocopier (16.6%)
frame_000679,-1.0,3.8399,4.4321,0.066,8.3845,713,13.13, -> photocopier (13.1%)
frame_000680,-1.0,4.1131,3.4995,0.0596,7.7115,713,16.69, -> photocopier (16.7%)
frame_000681,-1.0,4.0699,3.3297,0.0614,7.504,526,11.57, -> desk (11.6%)
frame_000682,-1.0,4.0324,3.5113,0.0613,7.6459,526,14.49, -> desk (14.5%)
frame_000683,-1.0,4.0067,5.5696,0.0673,9.6898,897,12.51, -> washer (12.5%)
frame_000684,-1.0,3.8491,3.4967,0.0623,7.448,713,23.47, -> photocopier (23.5%)
frame_000685,-1.0,3.999,3.3944,0.0728,7.508,713,14.69, -> photocopier (14.7%)
frame_000686,-1.0,4.084,3.4927,0.0611,7.6782,526,26.48, -> desk (26.5%)
frame_000687,-1.0,3.8425,3.3804,0.0714,7.3384,713,16.94, -> photocopier (16.9%)
frame_000688,-1.0,4.0349,3.5066,0.0611,7.6397,526,14.47, -> desk (14.5%)
frame_000689,-1.0,3.9598,6.6485,0.0647,10.721,526,15.7, -> desk (15.7%)
frame_000690,-1.0,4.0154,3.5213,0.0608,7.6373,526,20.17, -> desk (20.2%)
frame_000691,-1.0,3.9011,4.5913,0.1194,8.6804,526,17.83, -> desk (17.8%)
frame_000692,-1.0,4.0579,3.5073,0.0589,7.6634,526,12.08, -> desk (12.1%)
frame_000693,-1.0,4.0119,6.3536,0.064,10.4789,526,20.44, -> desk (20.4%)
frame_000694,-1.0,4.109,3.541,0.0674,7.7647,480,17.15, -> cash machine (17.1%)
frame_000695,-1.0,3.0944,6.5668,0.0759,9.7916,526,14.71, -> desk (14.7%)
frame_000696,-1.0,4.106,3.5233,0.0611,7.7324,526,13.82, -> desk (13.8%)
frame_000697,-1.0,4.0863,3.4365,0.0587,7.6165,526,19.19, -> desk (19.2%)
frame_000698,-1.0,4.0575,3.5105,0.0629,7.6721,526,13.58, -> desk (13.6%)
frame_000699,-1.0,4.049,4.5535,0.0623,8.7116,526,10.43, -> desk (10.4%)
frame_000700,-1.0,3.8982,3.4125,0.0698,7.4244,526,11.52, -> desk (11.5%)
frame_000701,-1.0,4.0371,5.9627,0.0661,10.1144,526,14.8, -> desk (14.8%)
frame_000702,-1.0,4.0516,3.4944,0.0823,7.6969,526,13.38, -> desk (13.4%)
frame_000703,-1.0,3.9735,6.0786,0.0671,10.1715,526,11.63, -> desk (11.6%)
frame_000704,-1.0,3.8984,3.4929,0.0585,7.4876,526,12.59, -> desk (12.6%)
frame_000705,-1.0,4.0454,4.2664,0.0664,8.4276,526,16.46, -> desk (16.5%)
frame_000706,-1.0,3.191,3.3543,0.0649,6.6569,526,11.53, -> desk (11.5%)
frame_000707,-1.0,3.9338,3.5225,0.0641,7.5657,526,21.37, -> desk (21.4%)
frame_000708,-1.0,3.9075,3.5051,0.0618,7.5153,526,29.11, -> desk (29.1%)
frame_000709,-1.0,3.99,5.2292,0.1233,9.3945,526,23.25, -> desk (23.3%)
frame_000710,-1.0,4.029,3.3944,0.0664,7.5357,526,18.41, -> desk (18.4%)
frame_000711,-1.0,3.9702,3.448,0.0597,7.5178,526,27.13, -> desk (27.1%)
frame_000712,-1.0,3.9775,3.4982,0.0601,7.5752,526,25.75, -> desk (25.7%)
frame_000713,-1.0,3.9866,7.4855,0.068,11.5911,526,26.28, -> desk (26.3%)
frame_000714,-1.0,3.9951,3.505,0.0611,7.6012,713,18.24, -> photocopier (18.2%)
frame_000715,-1.0,4.1328,3.4726,0.0606,7.7067,526,31.13, -> desk (31.1%)
frame_000716,-1.0,4.0019,3.4519,0.0598,7.5517,526,17.45, -> desk (17.5%)
frame_000717,-1.0,3.9983,3.4691,0.0629,7.5716,526,24.07, -> desk (24.1%)
frame_000718,-1.0,4.0527,3.4618,0.0599,7.6101,713,15.64, -> photocopier (15.6%)
frame_000719,-1.0,4.0106,3.5233,0.0659,7.6399,526,14.73, -> desk (14.7%)
frame_000720,-1.0,4.0267,3.4957,0.0598,7.6236,526,14.16, -> desk (14.2%)
frame_000721,-1.0,3.8923,3.2568,0.065,7.2554,877,10.21, -> turnstile (10.2%)
frame_000722,-1.0,4.1362,3.5145,0.062,7.7525,526,14.07, -> desk (14.1%)
frame_000723,-1.0,3.3985,3.2789,0.0596,6.7764,713,14.13, -> photocopier (14.1%)
frame_000724,-1.0,4.0628,3.5061,0.0618,7.6715,713,18.98, -> photocopier (19.0%)
frame_000725,-1.0,4.0415,5.0747,0.0662,9.2279,713,12.67, -> photocopier (12.7%)
frame_000726,-1.0,4.1634,3.4718,0.0603,7.8052,480,18.93, -> cash machine (18.9%)
frame_000727,-1.0,3.9062,3.9414,0.058,7.9475,713,11.14, -> photocopier (11.1%)
frame_000728,-1.0,4.0573,3.5207,0.0599,7.6754,713,11.62, -> photocopier (11.6%)
frame_000729,-1.0,4.0519,3.644,0.064,7.8049,480,30.93, -> cash machine (30.9%)
frame_000730,-1.0,3.8155,3.5086,0.0577,7.4197,480,24.65, -> cash machine (24.6%)
frame_000731,-1.0,3.9576,3.4392,0.0598,7.4961,480,22.69, -> cash machine (22.7%)
frame_000732,-1.0,4.0581,3.4479,0.0619,7.6107,799,14.59, -> sliding door (14.6%)
frame_000733,-1.0,4.0142,3.505,0.0592,7.6176,480,13.77, -> cash machine (13.8%)
frame_000734,-1.0,3.8915,3.4303,0.0713,7.4341,778,13.48, -> scale (13.5%)
frame_000735,-1.0,4.1077,6.4471,0.0674,10.6724,713,16.37, -> photocopier (16.4%)
frame_000736,-1.0,4.0092,3.482,0.0575,7.5867,480,21.83, -> cash machine (21.8%)
frame_000737,-1.0,3.9454,6.6844,0.0662,10.7441,713,31.9, -> photocopier (31.9%)
frame_000738,-1.0,3.8989,3.482,0.0591,7.4783,713,19.27, -> photocopier (19.3%)
frame_000739,-1.0,3.9411,3.5088,0.0607,7.5498,778,15.92, -> scale (15.9%)
frame_000740,-1.0,4.0497,3.4582,0.0738,7.6256,713,39.42, -> photocopier (39.4%)
frame_000741,-1.0,4.0045,3.3239,0.0622,7.4311,713,48.12, -> photocopier (48.1%)
frame_000742,-1.0,4.0171,3.5161,0.0603,7.6316,713,56.79, -> photocopier (56.8%)
frame_000743,-1.0,3.9623,5.9017,0.0674,9.9823,713,32.87, -> photocopier (32.9%)
frame_000744,-1.0,4.0693,3.4811,0.0589,7.649,713,29.27, -> photocopier (29.3%)
frame_000745,-1.0,3.8947,3.4856,0.0626,7.4836,713,26.47, -> photocopier (26.5%)
frame_000746,-1.0,4.1148,3.4609,0.0601,7.674,713,10.79, -> photocopier (10.8%)
frame_000747,-1.0,3.8916,3.496,0.0586,7.4825,859,11.63, -> toaster (11.6%)
frame_000748,-1.0,4.0844,3.5133,0.0668,7.7073,859,19.09, -> toaster (19.1%)
frame_000749,-1.0,4.0614,5.8527,0.0671,10.0314,760,47.73, -> refrigerator (47.7%)
frame_000750,-1.0,3.9136,3.5086,0.0588,7.5171,760,42.22, -> refrigerator (42.2%)
frame_000751,-1.0,4.026,4.5109,0.0639,8.6487,760,47.71, -> refrigerator (47.7%)
frame_000752,-1.0,4.0422,3.4227,0.0672,7.5742,760,66.3, -> refrigerator (66.3%)
frame_000753,-1.0,3.997,5.313,0.0719,9.4325,760,60.51, -> refrigerator (60.5%)
frame_000754,-1.0,3.956,3.4725,0.0668,7.5421,760,62.3, -> refrigerator (62.3%)
frame_000755,-1.0,3.912,6.6713,0.0685,10.7041,760,68.08, -> refrigerator (68.1%)
frame_000756,-1.0,4.1143,6.4733,0.0666,10.7037,760,35.62, -> refrigerator (35.6%)
frame_000757,-1.0,3.9466,3.4433,0.0581,7.4864,760,47.71, -> refrigerator (47.7%)
frame_000758,-1.0,4.023,3.5564,0.1399,7.7676,760,33.49, -> refrigerator (33.5%)
frame_000759,-1.0,4.0298,3.4839,0.0653,7.6259,760,52.93, -> refrigerator (52.9%)
frame_000760,-1.0,3.902,3.4952,0.0672,7.5072,760,50.31, -> refrigerator (50.3%)
frame_000761,-1.0,4.0383,3.2627,0.0766,7.4253,760,16.4, -> refrigerator (16.4%)
frame_000762,-1.0,4.043,6.073,0.0693,10.2353,897,12.56, -> washer (12.6%)
frame_000763,-1.0,3.7974,3.4873,0.0581,7.3818,894,8.74, -> wardrobe (8.7%)
frame_000764,-1.0,3.9918,3.5243,0.1285,7.6918,799,10.61, -> sliding door (10.6%)
frame_000765,-1.0,3.8875,3.3169,0.0669,7.3149,894,5.94, -> wardrobe (5.9%)
frame_000766,-1.0,3.9743,3.4507,0.0598,7.5264,799,7.57, -> sliding door (7.6%)
frame_000767,-1.0,4.0873,3.5403,0.0615,7.7281,799,9.51, -> sliding door (9.5%)
frame_000768,-1.0,4.1908,3.5332,0.0623,7.8287,799,6.82, -> sliding door (6.8%)
frame_000769,-1.0,3.7953,5.6887,0.064,9.5928,423,9.82, -> barber chair (9.8%)
frame_000770,-1.0,3.8865,3.5032,0.0595,7.4889,799,7.16, -> sliding door (7.2%)
frame_000771,-1.0,3.7025,3.5085,0.0634,7.3196,553,9.52, -> file (9.5%)
frame_000772,-1.0,3.7759,3.4922,0.0955,7.4625,526,12.93, -> desk (12.9%)
frame_000773,-1.0,3.5488,4.3613,0.0726,8.0454,579,8.45, -> grand piano (8.4%)
frame_000774,-1.0,3.928,3.506,0.0599,7.5336,526,9.58, -> desk (9.6%)
frame_000775,-1.0,3.9162,7.3844,0.0663,11.4152,526,8.81, -> desk (8.8%)
frame_000776,-1.0,3.824,3.445,0.0591,7.3689,423,8.59, -> barber chair (8.6%)
frame_000777,-1.0,3.9615,3.416,0.0794,7.5025,526,16.24, -> desk (16.2%)
frame_000778,-1.0,3.8713,3.5051,0.0612,7.4783,526,23.84, -> desk (23.8%)
frame_000779,-1.0,2.7573,4.2386,0.0666,7.1066,422,20.16, -> barbell (20.2%)
frame_000780,-1.0,4.0144,3.5016,0.0605,7.6198,422,18.95, -> barbell (18.9%)
frame_000781,-1.0,3.7327,3.212,0.0644,7.0549,598,14.79, -> home theater (14.8%)
frame_000782,-1.0,4.0408,8.1213,0.0692,12.2811,598,14.05, -> home theater (14.1%)
frame_000783,-1.0,3.9437,3.3871,0.0632,7.4363,422,21.66, -> barbell (21.7%)
frame_000784,-1.0,3.9539,3.4276,0.0814,7.5138,526,23.78, -> desk (23.8%)
frame_000785,-1.0,3.9867,4.9304,0.0653,9.0305,598,25.01, -> home theater (25.0%)
frame_000786,-1.0,4.0167,3.403,0.0754,7.5435,526,39.73, -> desk (39.7%)
frame_000787,-1.0,3.7989,3.5136,0.0588,7.4116,423,23.25, -> barber chair (23.3%)
frame_000788,-1.0,3.9207,3.5274,0.061,7.5508,851,24.31, -> television (24.3%)
frame_000789,-1.0,4.0533,3.461,0.0605,7.6144,526,30.81, -> desk (30.8%)
frame_000790,-1.0,4.042,3.5261,0.0623,7.6681,526,55.43, -> desk (55.4%)
frame_000791,-1.0,3.7918,3.4594,0.0595,7.348,526,21.45, -> desk (21.4%)
frame_000792,-1.0,4.0267,3.515,0.0617,7.6438,424,19.77, -> barbershop (19.8%)
frame_000793,-1.0,3.8325,5.0475,0.0647,8.9891,423,28.0, -> barber chair (28.0%)
frame_000794,-1.0,4.0789,3.5083,0.0599,7.6863,423,25.03, -> barber chair (25.0%)
frame_000795,-1.0,3.525,3.4175,0.0674,7.0577,877,24.49, -> turnstile (24.5%)
frame_000796,-1.0,2.9064,3.3789,0.0662,6.3958,423,23.14, -> barber chair (23.1%)
frame_000797,-1.0,4.0532,3.4375,0.0687,7.5975,423,35.86, -> barber chair (35.9%)
frame_000798,-1.0,4.0517,3.4804,0.0711,7.6492,877,44.52, -> turnstile (44.5%)
frame_000799,-1.0,3.8823,3.4076,0.0752,7.4108,423,26.02, -> barber chair (26.0%)
frame_000800,-1.0,4.035,3.5108,0.0588,7.6471,423,27.16, -> barber chair (27.2%)
frame_000801,-1.0,4.0663,3.3208,0.0591,7.4855,424,30.06, -> barbershop (30.1%)
frame_000802,-1.0,4.0287,3.5196,0.0611,7.6472,424,11.81, -> barbershop (11.8%)
frame_000803,-1.0,4.0058,3.3204,0.0593,7.4628,424,20.37, -> barbershop (20.4%)
frame_000804,-1.0,3.9024,3.5055,0.1492,7.6021,424,26.18, -> barbershop (26.2%)
frame_000805,-1.0,2.6152,4.8247,0.0632,7.5489,561,12.25, -> forklift (12.3%)
frame_000806,-1.0,4.0157,3.4575,0.0595,7.5705,424,29.53, -> barbershop (29.5%)
frame_000807,-1.0,3.9109,3.524,0.0599,7.5362,424,33.46, -> barbershop (33.5%)
frame_000808,-1.0,4.026,5.5313,0.0706,9.6786,561,10.81, -> forklift (10.8%)
frame_000809,-1.0,2.7828,3.7895,0.063,6.6787,423,28.69, -> barber chair (28.7%)
frame_000810,-1.0,3.9462,6.5776,0.0682,10.6428,424,12.31, -> barbershop (12.3%)
frame_000811,-1.0,3.9332,3.5022,0.0564,7.5324,424,17.29, -> barbershop (17.3%)
frame_000812,-1.0,3.9612,5.4999,0.0683,9.5809,424,12.47, -> barbershop (12.5%)
frame_000813,-1.0,3.9446,3.4592,0.0591,7.5044,424,20.06, -> barbershop (20.1%)
frame_000814,-1.0,4.0062,3.477,0.0736,7.6005,424,19.39, -> barbershop (19.4%)
frame_000815,-1.0,4.0044,3.538,0.0606,7.6442,526,13.43, -> desk (13.4%)
frame_000816,-1.0,4.0142,5.8482,0.0702,9.9831,424,14.58, -> barbershop (14.6%)
frame_000817,-1.0,3.9816,3.4574,0.0571,7.5352,851,16.63, -> television (16.6%)
frame_000818,-1.0,4.0754,3.4943,0.0611,7.6726,851,18.77, -> television (18.8%)
frame_000819,-1.0,4.0148,4.4405,0.0631,8.5642,424,10.84, -> barbershop (10.8%)
frame_000820,-1.0,3.9248,3.478,0.0626,7.5064,851,10.33, -> television (10.3%)
frame_000821,-1.0,3.9346,3.5004,0.0929,7.5694,424,10.57, -> barbershop (10.6%)
frame_000822,-1.0,3.9768,8.1261,0.0675,12.2209,424,15.51, -> barbershop (15.5%)
frame_000823,-1.0,3.789,3.3966,0.0577,7.2833,851,15.62, -> television (15.6%)
frame_000824,-1.0,4.0601,3.516,0.0614,7.6784,851,28.87, -> television (28.9%)
frame_000825,-1.0,4.0321,3.4737,0.061,7.6065,423,12.4, -> barber chair (12.4%)
frame_000826,-1.0,3.9286,3.4096,0.0619,7.4454,424,28.82, -> barbershop (28.8%)
frame_000827,-1.0,3.9008,3.4693,0.0588,7.4679,424,20.16, -> barbershop (20.2%)
frame_000828,-1.0,3.985,3.5255,0.0639,7.6307,424,18.36, -> barbershop (18.4%)
frame_000829,-1.0,4.0711,3.5457,0.1184,7.7825,424,18.21, -> barbershop (18.2%)
frame_000830,-1.0,3.9701,3.4311,0.0586,7.4984,851,17.72, -> television (17.7%)
frame_000831,-1.0,3.9824,3.3298,0.0632,7.4166,675,16.48, -> moving van (16.5%)
frame_000832,-1.0,4.0616,3.4838,0.0623,7.6484,851,8.71, -> television (8.7%)
frame_000833,-1.0,4.066,3.521,0.0608,7.6876,851,12.76, -> television (12.8%)
frame_000834,-1.0,3.9152,3.457,0.061,7.473,598,17.84, -> home theater (17.8%)
frame_000835,-1.0,4.0969,3.4936,0.0598,7.6903,851,26.85, -> television (26.8%)
frame_000836,-1.0,3.8266,3.4484,0.0613,7.3746,851,31.49, -> television (31.5%)
frame_000837,-1.0,3.9831,3.4661,0.06,7.548,851,27.22, -> television (27.2%)
frame_000838,-1.0,3.9573,4.0055,0.0605,8.0607,851,38.03, -> television (38.0%)
frame_000839,-1.0,4.0096,3.746,0.0609,7.8557,851,21.53, -> television (21.5%)
frame_000840,-1.0,3.9354,3.4527,0.0602,7.4886,851,22.97, -> television (23.0%)
frame_000841,-1.0,4.1231,4.3403,0.0636,8.5712,851,18.95, -> television (18.9%)
frame_000842,-1.0,3.873,3.4707,0.0612,7.4435,851,19.73, -> television (19.7%)
frame_000843,-1.0,4.0806,3.5075,0.0593,7.6892,598,15.3, -> home theater (15.3%)
frame_000844,-1.0,3.8573,3.4613,0.065,7.4261,851,31.59, -> television (31.6%)
frame_000845,-1.0,4.0241,3.494,0.0587,7.6151,851,42.03, -> television (42.0%)
frame_000846,-1.0,4.1947,3.4963,0.0607,7.7922,598,24.25, -> home theater (24.2%)
frame_000847,-1.0,3.8638,3.5189,0.0611,7.4827,851,28.61, -> television (28.6%)
frame_000848,-1.0,4.0274,3.4656,0.0596,7.5921,851,26.75, -> television (26.7%)
frame_000849,-1.0,3.9635,3.5177,0.071,7.6106,851,17.11, -> television (17.1%)
frame_000850,-1.0,3.9813,3.5102,0.0583,7.5879,851,45.82, -> television (45.8%)
frame_000851,-1.0,4.0144,3.5026,0.0618,7.6175,851,49.71, -> television (49.7%)
frame_000852,-1.0,3.9987,3.5281,0.0642,7.6345,851,33.06, -> television (33.1%)
frame_000853,-1.0,3.867,3.4785,0.055,7.4368,851,24.53, -> television (24.5%)
frame_000854,-1.0,3.8988,3.4503,0.0599,7.4468,851,33.77, -> television (33.8%)
frame_000855,-1.0,3.9223,3.4594,0.0714,7.5012,851,41.13, -> television (41.1%)
frame_000856,-1.0,3.9845,3.5166,0.0609,7.599,851,63.28, -> television (63.3%)
frame_000857,-1.0,3.9413,3.4967,0.0603,7.5371,851,67.53, -> television (67.5%)
frame_000858,-1.0,3.9835,3.3633,0.0649,7.4562,851,72.12, -> television (72.1%)
frame_000859,-1.0,3.9208,3.4353,0.0572,7.4501,851,52.54, -> television (52.5%)
frame_000860,-1.0,3.3902,3.3448,0.066,6.8448,851,67.84, -> television (67.8%)
frame_000861,-1.0,3.9058,3.4238,0.0584,7.429,851,63.79, -> television (63.8%)
frame_000862,-1.0,3.9199,3.5091,0.0598,7.5267,851,78.3, -> television (78.3%)
frame_000863,-1.0,3.9871,3.5041,0.0615,7.591,851,63.87, -> television (63.9%)
frame_000864,-1.0,3.8972,3.4495,0.1493,7.5435,851,38.85, -> television (38.8%)
frame_000865,-1.0,3.9052,3.2394,0.0605,7.295,851,48.1, -> television (48.1%)
frame_000866,-1.0,3.8784,3.439,0.0569,7.411,851,66.49, -> television (66.5%)
frame_000867,-1.0,4.0144,5.0557,0.0909,9.2094,851,56.33, -> television (56.3%)
frame_000868,-1.0,3.9101,3.4797,0.0565,7.4836,851,44.04, -> television (44.0%)
frame_000869,-1.0,3.8366,3.5081,0.0611,7.4462,851,24.26, -> television (24.3%)
frame_000870,-1.0,3.954,3.4576,0.0597,7.5113,851,16.91, -> television (16.9%)
frame_000871,-1.0,3.9771,3.4595,0.0593,7.5332,422,15.87, -> barbell (15.9%)
frame_000872,-1.0,3.8253,3.4334,0.0579,7.3533,561,19.27, -> forklift (19.3%)
frame_000873,-1.0,3.863,3.4412,0.0606,7.4035,561,14.9, -> forklift (14.9%)
frame_000874,-1.0,3.8141,3.5029,0.0592,7.412,561,39.39, -> forklift (39.4%)
frame_000875,-1.0,3.8383,3.3454,0.1534,7.3809,561,16.51, -> forklift (16.5%)
frame_000876,-1.0,3.9271,6.5357,0.0649,10.5751,561,28.85, -> forklift (28.8%)
frame_000877,-1.0,3.9177,3.5417,0.0857,7.5904,422,18.52, -> barbell (18.5%)
frame_000878,-1.0,3.7005,3.4479,0.0585,7.2448,561,21.67, -> forklift (21.7%)
frame_000879,-1.0,3.7331,3.4865,0.0597,7.3192,624,14.69, -> library (14.7%)
frame_000880,-1.0,3.6188,3.4167,0.0595,7.1325,422,18.28, -> barbell (18.3%)
frame_000881,-1.0,3.7724,3.5017,0.0621,7.374,422,57.57, -> barbell (57.6%)
frame_000882,-1.0,3.7557,3.5072,0.0571,7.3573,422,45.63, -> barbell (45.6%)
frame_000883,-1.0,3.8729,3.5406,0.0637,7.5155,422,28.87, -> barbell (28.9%)
frame_000884,-1.0,4.0539,3.505,0.0617,7.6607,422,18.6, -> barbell (18.6%)
frame_000885,-1.0,3.9236,3.4739,0.0592,7.495,422,10.43, -> barbell (10.4%)
frame_000886,-1.0,3.3089,3.3693,0.0649,6.7866,579,18.25, -> grand piano (18.3%)
frame_000887,-1.0,3.817,3.5061,0.0605,7.5193,579,45.29, -> grand piano (45.3%)
frame_000888,-1.0,3.8942,3.4578,0.0597,7.4486,579,47.97, -> grand piano (48.0%)
frame_000889,-1.0,3.993,3.6739,0.0605,7.765,579,61.63, -> grand piano (61.6%)
frame_000890,-1.0,3.891,3.4673,0.061,7.4573,579,13.47, -> grand piano (13.5%)
frame_000891,-1.0,3.9323,3.5035,0.06,7.5338,579,62.72, -> grand piano (62.7%)
frame_000892,-1.0,3.8935,3.4425,0.0587,7.4316,624,10.36, -> library (10.4%)
frame_000893,-1.0,3.823,3.4926,0.0595,7.4127,579,11.34, -> grand piano (11.3%)
frame_000894,-1.0,3.9092,3.4096,0.0663,7.4309,624,16.19, -> library (16.2%)
frame_000895,-1.0,3.7956,3.4613,0.058,7.3514,579,19.57, -> grand piano (19.6%)
frame_000896,-1.0,4.077,5.5808,0.0725,9.7792,526,48.21, -> desk (48.2%)
frame_000897,-1.0,3.2077,3.439,0.0646,6.7583,526,13.82, -> desk (13.8%)
frame_000898,-1.0,3.6238,7.0905,0.0664,10.8313,526,30.69, -> desk (30.7%)
frame_000899,-1.0,4.0296,3.4873,0.0572,7.6149,526,25.18, -> desk (25.2%)
frame_000900,-1.0,4.069,3.4911,0.0612,7.6626,526,25.1, -> desk (25.1%)
frame_000901,-1.0,3.366,3.466,0.0641,6.9423,526,45.21, -> desk (45.2%)
frame_000902,-1.0,3.9717,6.789,0.0698,10.881,526,51.18, -> desk (51.2%)
frame_000903,-1.0,4.021,3.4419,0.0727,7.5806,526,61.1, -> desk (61.1%)
frame_000904,-1.0,3.9666,3.4536,0.0621,7.5222,526,18.87, -> desk (18.9%)
frame_000905,-1.0,3.8747,3.5126,0.0611,7.487,526,66.78, -> desk (66.8%)
frame_000906,-1.0,4.0547,3.4563,0.0585,7.6072,526,57.2, -> desk (57.2%)
frame_000907,-1.0,3.8731,3.4857,0.0599,7.4578,526,69.06, -> desk (69.1%)
frame_000908,-1.0,4.1358,8.0697,0.0691,12.3264,526,51.13, -> desk (51.1%)
frame_000909,-1.0,3.9589,3.5002,0.0667,7.5729,526,47.71, -> desk (47.7%)
frame_000910,-1.0,4.0757,6.3706,0.066,10.5618,526,64.91, -> desk (64.9%)
frame_000911,-1.0,4.0862,3.4903,0.0588,7.6732,526,26.08, -> desk (26.1%)
frame_000912,-1.0,4.1196,3.5231,0.0615,7.7469,579,40.53, -> grand piano (40.5%)
frame_000913,-1.0,3.9199,3.5113,0.065,7.5395,526,34.25, -> desk (34.2%)
frame_000914,-1.0,3.9331,3.4525,0.0588,7.484,526,64.71, -> desk (64.7%)
frame_000915,-1.0,4.032,3.4702,0.0596,7.6007,526,37.88, -> desk (37.9%)
frame_000916,-1.0,4.0531,3.503,0.1093,7.7495,526,39.35, -> desk (39.3%)
frame_000917,-1.0,3.9829,3.4784,0.0584,7.5607,526,61.0, -> desk (61.0%)
frame_000918,-1.0,4.0172,3.4729,0.0605,7.5916,579,19.41, -> grand piano (19.4%)
frame_000919,-1.0,4.1494,3.5118,0.0603,7.7619,526,32.79, -> desk (32.8%)
frame_000920,-1.0,4.1077,7.4366,0.0698,11.664,526,35.89, -> desk (35.9%)
frame_000921,-1.0,3.6203,3.3379,0.0647,7.0703,526,20.36, -> desk (20.4%)
frame_000922,-1.0,3.2297,7.2911,0.0707,10.6454,579,37.89, -> grand piano (37.9%)
frame_000923,-1.0,3.9322,3.4585,0.0978,7.5795,526,33.04, -> desk (33.0%)
frame_000924,-1.0,4.1009,3.4661,0.1396,7.7533,526,40.62, -> desk (40.6%)
frame_000925,-1.0,4.0503,3.5088,0.0603,7.6605,526,19.01, -> desk (19.0%)
frame_000926,-1.0,4.0582,3.4447,0.0628,7.6055,526,37.65, -> desk (37.6%)
frame_000927,-1.0,3.9247,3.5172,0.0681,7.6482,526,45.12, -> desk (45.1%)
frame_000928,-1.0,4.0055,4.5697,0.0633,8.6857,526,24.58, -> desk (24.6%)
frame_000929,-1.0,3.971,3.4984,0.0686,7.5846,526,46.04, -> desk (46.0%)
frame_000930,-1.0,4.0452,3.4711,0.0619,7.6183,526,47.43, -> desk (47.4%)
frame_000931,-1.0,4.0869,3.4654,0.0596,7.6517,526,59.76, -> desk (59.8%)
frame_000932,-1.0,4.1353,3.4772,0.0738,7.7293,526,33.54, -> desk (33.5%)
frame_000933,-1.0,4.0426,3.5275,0.0665,7.6823,526,36.84, -> desk (36.8%)
frame_000934,-1.0,4.1119,3.4023,0.0588,7.6114,526,67.42, -> desk (67.4%)
frame_000935,-1.0,4.1688,3.5063,0.0625,7.7929,526,42.96, -> desk (43.0%)
frame_000936,-1.0,4.0637,5.0961,0.0632,9.2694,526,70.76, -> desk (70.8%)
frame_000937,-1.0,3.9369,3.3942,0.0588,7.4279,526,64.64, -> desk (64.6%)
frame_000938,-1.0,4.1279,3.5262,0.0622,7.7541,526,64.36, -> desk (64.4%)
frame_000939,-1.0,4.0703,3.5018,0.0625,7.6737,526,36.8, -> desk (36.8%)
frame_000940,-1.0,4.1168,3.3881,0.0611,7.6047,526,38.79, -> desk (38.8%)
frame_000941,-1.0,4.243,3.5228,0.0625,7.8663,526,48.6, -> desk (48.6%)
frame_000942,-1.0,4.0238,6.5352,0.0674,10.6774,526,39.65, -> desk (39.7%)
frame_000943,-1.0,4.0516,3.5015,0.0652,7.6661,526,64.34, -> desk (64.3%)
frame_000944,-1.0,3.9527,3.5115,0.0582,7.5614,526,70.77, -> desk (70.8%)
frame_000945,-1.0,3.8753,3.4557,0.0594,7.43,526,25.26, -> desk (25.3%)
frame_000946,-1.0,4.1449,3.508,0.0762,7.8451,526,46.49, -> desk (46.5%)
frame_000947,-1.0,4.007,3.4001,0.0584,7.5029,526,71.77, -> desk (71.8%)
frame_000948,-1.0,4.1071,3.4652,0.0986,7.7677,526,75.48, -> desk (75.5%)
frame_000949,-1.0,4.0814,3.4584,0.0593,7.6392,526,58.25, -> desk (58.2%)
frame_000950,-1.0,3.9939,3.4952,0.0584,7.5855,526,66.05, -> desk (66.1%)
frame_000951,-1.0,4.006,3.5121,0.0612,7.6198,526,67.88, -> desk (67.9%)
frame_000952,-1.0,4.1524,7.0556,0.0668,11.325,526,22.85, -> desk (22.8%)
frame_000953,-1.0,3.9368,3.4215,0.0589,7.4569,526,48.28, -> desk (48.3%)
frame_000954,-1.0,4.0597,4.4146,0.0638,8.5862,526,60.46, -> desk (60.5%)
frame_000955,-1.0,3.9663,3.4582,0.0659,7.5309,526,65.25, -> desk (65.3%)
frame_000956,-1.0,4.1755,3.5131,0.0595,7.7888,526,65.88, -> desk (65.9%)
frame_000957,-1.0,4.1305,3.5281,0.0616,7.8112,526,68.16, -> desk (68.2%)
frame_000958,-1.0,3.9467,3.4192,0.0602,7.4636,526,67.56, -> desk (67.6%)
frame_000959,-1.0,4.0552,3.3485,0.0613,7.6036,745,18.41, -> projector (18.4%)
frame_000960,-1.0,3.8987,3.4855,0.0597,7.4834,526,48.88, -> desk (48.9%)
frame_000961,-1.0,4.1093,3.538,0.1475,7.8428,526,46.44, -> desk (46.4%)
frame_000962,-1.0,3.9647,3.4609,0.0729,7.5582,526,24.24, -> desk (24.2%)
frame_000963,-1.0,4.1557,3.4435,0.0593,7.6995,579,17.16, -> grand piano (17.2%)
frame_000964,-1.0,4.0459,3.5171,0.0634,7.6672,526,16.79, -> desk (16.8%)
frame_000965,-1.0,3.9791,3.4395,0.0606,7.5175,541,27.88, -> drum (27.9%)
frame_000966,-1.0,3.9808,6.7769,0.0693,10.8769,526,46.8, -> desk (46.8%)
frame_000967,-1.0,4.0203,3.4897,0.0583,7.6084,541,29.07, -> drum (29.1%)
frame_000968,-1.0,4.1872,3.5395,0.1341,7.9079,579,40.93, -> grand piano (40.9%)
frame_000969,-1.0,3.9415,3.4776,0.0643,7.5275,541,46.23, -> drum (46.2%)
frame_000970,-1.0,3.9974,6.2308,0.0669,10.3459,541,68.02, -> drum (68.0%)
frame_000971,-1.0,4.0507,3.5028,0.1008,7.7009,526,38.8, -> desk (38.8%)
frame_000972,-1.0,4.0396,3.5201,0.1425,7.7515,526,49.15, -> desk (49.1%)
frame_000973,-1.0,4.0651,6.604,0.0674,10.7877,541,76.18, -> drum (76.2%)
frame_000974,-1.0,4.303,3.5131,0.0625,7.9245,541,46.84, -> drum (46.8%)
frame_000975,-1.0,3.5947,3.4172,0.0608,7.1147,541,31.11, -> drum (31.1%)
frame_000976,-1.0,4.1536,7.8725,0.07,12.1466,541,47.02, -> drum (47.0%)
frame_000977,-1.0,3.9825,3.4875,0.0578,7.567,526,25.18, -> desk (25.2%)
frame_000978,-1.0,3.9965,3.5891,0.0617,7.6943,423,31.79, -> barber chair (31.8%)
frame_000979,-1.0,4.1294,3.5026,0.1247,7.8039,541,19.26, -> drum (19.3%)
frame_000980,-1.0,4.0292,3.5671,0.126,7.7689,541,50.72, -> drum (50.7%)
frame_000981,-1.0,4.141,3.4641,0.0639,7.7151,423,45.23, -> barber chair (45.2%)
frame_000982,-1.0,3.0553,3.5974,0.0879,6.7841,423,37.64, -> barber chair (37.6%)
frame_000983,-1.0,3.9686,3.5629,0.078,7.6557,541,40.03, -> drum (40.0%)
frame_000984,-1.0,4.0083,3.4477,0.0722,7.5691,786,20.84, -> sewing machine (20.8%)
frame_000985,-1.0,3.9922,3.5186,0.0613,7.6127,786,26.29, -> sewing machine (26.3%)
frame_000986,-1.0,4.0967,6.595,0.0691,10.8113,423,15.82, -> barber chair (15.8%)
frame_000987,-1.0,3.9078,3.4415,0.0593,7.4473,423,20.84, -> barber chair (20.8%)
frame_000988,-1.0,3.9532,3.3771,0.0623,7.4321,757,16.88, -> recreational vehicle (16.9%)
frame_000989,-1.0,4.0528,3.4729,0.0612,7.6273,526,20.94, -> desk (20.9%)
frame_000990,-1.0,4.1289,6.7187,0.0683,10.9679,830,17.26, -> stretcher (17.3%)
frame_000991,-1.0,3.9305,3.4379,0.0598,7.4715,423,18.95, -> barber chair (19.0%)
frame_000992,-1.0,4.0502,6.3047,0.0692,10.476,423,24.27, -> barber chair (24.3%)
frame_000993,-1.0,4.1145,3.5146,0.06,7.7301,423,15.65, -> barber chair (15.6%)
frame_000994,-1.0,4.1113,3.4658,0.0624,7.6807,423,58.1, -> barber chair (58.1%)
frame_000995,-1.0,4.1805,3.513,0.0623,7.8758,650,18.18, -> microphone (18.2%)
frame_000996,-1.0,4.0259,3.4979,0.1412,7.7266,650,30.13, -> microphone (30.1%)
frame_000997,-1.0,4.0846,3.4878,0.059,7.6727,650,22.81, -> microphone (22.8%)
frame_000998,-1.0,3.8906,3.5247,0.0615,7.5159,650,16.06, -> microphone (16.1%)
frame_000999,-1.0,3.82,3.6071,0.0613,7.5301,757,16.41, -> recreational vehicle (16.4%)
frame_001000,-1.0,3.7778,3.6189,0.0591,7.4931,650,25.01, -> microphone (25.0%)
frame_001001,-1.0,3.6413,3.4924,0.0611,7.2334,650,15.1, -> microphone (15.1%)
frame_001002,-1.0,3.6197,7.7862,0.0703,11.5269,895,15.91, -> warplane (15.9%)
frame_001003,-1.0,3.7779,3.4934,0.059,7.3687,526,13.3, -> desk (13.3%)
frame_001004,-1.0,4.1237,3.4705,0.0646,7.7041,895,12.88, -> warplane (12.9%)
frame_001005,-1.0,3.9669,3.5603,0.0821,7.6606,506,10.28, -> coil (10.3%)
frame_001006,-1.0,3.7184,8.1954,0.0694,12.0343,895,13.36, -> warplane (13.4%)
frame_001007,-1.0,3.9328,3.4825,0.0576,7.5128,895,9.61, -> warplane (9.6%)
frame_001008,-1.0,3.9497,3.5039,0.0836,7.6499,650,9.83, -> microphone (9.8%)
frame_001009,-1.0,3.8748,3.4967,0.0578,7.4783,744,9.75, -> projectile (9.8%)
frame_001010,-1.0,3.9898,5.5088,0.0729,9.6225,895,12.26, -> warplane (12.3%)
frame_001011,-1.0,4.045,3.5391,0.0648,7.6989,830,11.89, -> stretcher (11.9%)
frame_001012,-1.0,3.7834,3.7439,0.0648,7.641,830,17.79, -> stretcher (17.8%)
frame_001013,-1.0,3.9044,3.5611,0.0595,7.5656,830,18.04, -> stretcher (18.0%)
frame_001014,-1.0,4.0182,3.6066,0.0786,7.7544,541,20.19, -> drum (20.2%)
frame_001015,-1.0,3.7302,3.441,0.06,7.2707,579,28.26, -> grand piano (28.3%)
frame_001016,-1.0,3.9662,3.5569,0.0678,7.6334,579,12.58, -> grand piano (12.6%)
frame_001017,-1.0,4.0443,3.5276,0.0605,7.6742,830,9.94, -> stretcher (9.9%)
frame_001018,-1.0,3.7145,5.892,0.0634,9.7153,423,19.74, -> barber chair (19.7%)
frame_001019,-1.0,4.0338,3.5121,0.0652,7.6573,579,16.96, -> grand piano (17.0%)
frame_001020,-1.0,3.9424,3.5028,0.0599,7.5471,579,21.17, -> grand piano (21.2%)
frame_001021,-1.0,3.9534,3.5097,0.0637,7.5681,423,11.32, -> barber chair (11.3%)
frame_001022,-1.0,3.9873,3.4674,0.0617,7.5567,579,14.62, -> grand piano (14.6%)
frame_001023,-1.0,3.6027,3.3497,0.0671,7.0648,830,15.78, -> stretcher (15.8%)
frame_001024,-1.0,3.8591,3.3468,0.0992,7.3905,423,31.67, -> barber chair (31.7%)
frame_001025,-1.0,4.0356,3.4993,0.0668,7.6437,423,20.04, -> barber chair (20.0%)
frame_001026,-1.0,4.1099,3.7291,0.0616,7.941,532,10.8, -> dining table (10.8%)
frame_001027,-1.0,3.884,3.511,0.0598,7.4944,518,10.94, -> crash helmet (10.9%)
frame_001028,-1.0,2.7722,3.3664,0.0653,6.2508,560,19.46, -> football helmet (19.5%)
frame_001029,-1.0,4.0909,3.5314,0.0618,7.7253,518,27.96, -> crash helmet (28.0%)
frame_001030,-1.0,4.0771,3.3785,0.0612,7.5561,579,17.12, -> grand piano (17.1%)
frame_001031,-1.0,4.095,3.5207,0.0606,7.7154,518,8.64, -> crash helmet (8.6%)
frame_001032,-1.0,3.9564,4.4702,0.0664,8.5381,541,17.72, -> drum (17.7%)
frame_001033,-1.0,4.0301,3.4808,0.0615,7.6129,579,12.18, -> grand piano (12.2%)
frame_001034,-1.0,4.1252,3.5415,0.1082,7.8224,579,18.18, -> grand piano (18.2%)
frame_001035,-1.0,4.0419,3.3592,0.0629,7.5124,579,27.12, -> grand piano (27.1%)
frame_001036,-1.0,3.9823,3.5026,0.0587,7.5825,579,17.77, -> grand piano (17.8%)
frame_001037,-1.0,4.011,3.4424,0.0618,7.5551,518,19.67, -> crash helmet (19.7%)
frame_001038,-1.0,3.9199,3.392,0.0623,7.413,423,13.69, -> barber chair (13.7%)
frame_001039,-1.0,3.9585,3.5147,0.0638,7.5766,423,31.99, -> barber chair (32.0%)
frame_001040,-1.0,4.064,3.5072,0.0611,7.6826,579,9.8, -> grand piano (9.8%)
frame_001041,-1.0,4.003,3.513,0.0731,7.6351,579,60.73, -> grand piano (60.7%)
frame_001042,-1.0,4.1429,3.4468,0.0601,7.6879,518,17.78, -> crash helmet (17.8%)
frame_001043,-1.0,3.7389,3.4578,0.0613,7.2968,518,17.32, -> crash helmet (17.3%)
frame_001044,-1.0,3.7716,3.4527,0.0619,7.3267,589,13.65, -> hand blower (13.6%)
frame_001045,-1.0,4.0794,3.5059,0.0608,7.6888,223,32.15, -> schipperke (32.2%)
frame_001046,-1.0,4.0643,3.5124,0.0611,7.6772,589,19.52, -> hand blower (19.5%)
frame_001047,-1.0,3.9452,6.7607,0.0707,10.8252,550,34.49, -> espresso maker (34.5%)
frame_001048,-1.0,3.8759,3.4841,0.1264,7.5555,550,35.16, -> espresso maker (35.2%)
frame_001049,-1.0,3.9481,3.5567,0.0623,7.612,550,28.25, -> espresso maker (28.2%)
frame_001050,-1.0,3.9817,3.5479,0.0817,7.6594,550,21.93, -> espresso maker (21.9%)
frame_001051,-1.0,3.9904,3.4791,0.0595,7.568,550,61.03, -> espresso maker (61.0%)
frame_001052,-1.0,4.0032,3.4216,0.0602,7.5237,550,19.84, -> espresso maker (19.8%)
frame_001053,-1.0,4.1071,3.3826,0.0612,7.5905,422,9.45, -> barbell (9.5%)
frame_001054,-1.0,4.0303,3.4135,0.0616,7.5456,550,10.29, -> espresso maker (10.3%)
frame_001055,-1.0,4.1714,3.4563,0.065,7.7379,550,16.34, -> espresso maker (16.3%)
frame_001056,-1.0,4.0813,3.5143,0.0602,7.6958,423,54.53, -> barber chair (54.5%)
frame_001057,-1.0,4.0116,5.1404,0.0644,9.2939,423,41.21, -> barber chair (41.2%)
frame_001058,-1.0,3.9981,3.4522,0.0594,7.5479,423,38.32, -> barber chair (38.3%)
frame_001059,-1.0,3.9858,7.79,0.068,11.8971,423,47.62, -> barber chair (47.6%)
frame_001060,-1.0,4.0589,3.4819,0.0644,7.6505,423,15.71, -> barber chair (15.7%)
frame_001061,-1.0,4.0205,3.4381,0.0588,7.557,423,40.1, -> barber chair (40.1%)
frame_001062,-1.0,3.9525,3.5264,0.0603,7.5806,423,51.77, -> barber chair (51.8%)
frame_001063,-1.0,3.8479,3.4406,0.1199,7.4568,423,54.94, -> barber chair (54.9%)
frame_001064,-1.0,3.9128,3.4416,0.1137,7.5155,423,18.87, -> barber chair (18.9%)
frame_001065,-1.0,4.1091,3.4438,0.0594,7.6541,423,39.04, -> barber chair (39.0%)
frame_001066,-1.0,3.9136,3.4519,0.0812,7.4949,423,55.25, -> barber chair (55.3%)
frame_001067,-1.0,3.9626,3.511,0.0601,7.5723,423,58.4, -> barber chair (58.4%)
frame_001068,-1.0,4.0295,3.5269,0.0628,7.6609,423,53.6, -> barber chair (53.6%)
frame_001069,-1.0,4.0866,6.8184,0.07,11.0266,423,64.0, -> barber chair (64.0%)
frame_001070,-1.0,3.6692,3.4466,0.0596,7.2152,423,60.98, -> barber chair (61.0%)
frame_001071,-1.0,4.2015,3.4497,0.0625,7.7546,423,79.58, -> barber chair (79.6%)
frame_001072,-1.0,3.9615,3.4544,0.0607,7.5161,423,84.48, -> barber chair (84.5%)
frame_001073,-1.0,4.2377,8.0477,0.0676,12.4063,423,57.74, -> barber chair (57.7%)
frame_001074,-1.0,4.0435,3.4989,0.0614,7.6421,423,45.78, -> barber chair (45.8%)
frame_001075,-1.0,4.0325,3.2439,0.0711,7.3932,423,54.65, -> barber chair (54.7%)
frame_001076,-1.0,4.0855,3.4919,0.0604,7.6783,423,75.31, -> barber chair (75.3%)
frame_001077,-1.0,3.624,5.763,0.0634,9.4951,423,67.63, -> barber chair (67.6%)
frame_001078,-1.0,3.6725,3.4372,0.0734,7.2232,423,50.05, -> barber chair (50.1%)
frame_001079,-1.0,3.8434,3.4518,0.0728,7.4073,423,51.36, -> barber chair (51.4%)
frame_001080,-1.0,3.8003,3.4602,0.0605,7.3597,423,59.77, -> barber chair (59.8%)
frame_001081,-1.0,3.5801,3.5245,0.0601,7.2037,423,42.21, -> barber chair (42.2%)
frame_001082,-1.0,4.1765,3.4751,0.0743,7.7731,423,68.01, -> barber chair (68.0%)
frame_001083,-1.0,3.9543,7.7128,0.0678,11.7852,423,74.84, -> barber chair (74.8%)
frame_001084,-1.0,4.0064,3.4434,0.0597,7.5497,423,67.93, -> barber chair (67.9%)
frame_001085,-1.0,3.8362,3.4038,0.062,7.3422,423,46.32, -> barber chair (46.3%)
frame_001086,-1.0,3.9863,3.4659,0.0606,7.553,423,55.21, -> barber chair (55.2%)
frame_001087,-1.0,3.907,3.3758,0.0609,7.3836,423,47.76, -> barber chair (47.8%)
frame_001088,-1.0,4.1154,3.5,0.0619,7.7158,423,61.5, -> barber chair (61.5%)
frame_001089,-1.0,3.8871,3.5424,0.0613,7.5396,423,88.97, -> barber chair (89.0%)
frame_001090,-1.0,3.691,3.4536,0.0597,7.2408,423,67.95, -> barber chair (67.9%)
frame_001091,-1.0,3.8325,3.8799,0.0652,7.8251,423,41.95, -> barber chair (42.0%)
frame_001092,-1.0,3.9001,3.5007,0.0601,7.5017,423,42.08, -> barber chair (42.1%)
frame_001093,-1.0,3.9587,3.4543,0.0614,7.5278,423,58.42, -> barber chair (58.4%)
frame_001094,-1.0,3.8966,3.5139,0.0633,7.5157,423,42.64, -> barber chair (42.6%)
frame_001095,-1.0,3.9163,3.4319,0.1027,7.542,423,42.99, -> barber chair (43.0%)
frame_001096,-1.0,3.9857,3.5158,0.0577,7.596,423,65.56, -> barber chair (65.6%)
frame_001097,-1.0,4.1385,6.757,0.0669,11.0107,423,74.95, -> barber chair (74.9%)
frame_001098,-1.0,3.9617,3.5028,0.0586,7.5648,423,56.05, -> barber chair (56.1%)
frame_001099,-1.0,4.0396,8.1227,0.0671,12.2848,423,60.21, -> barber chair (60.2%)
frame_001100,-1.0,3.9396,3.4946,0.0565,7.5288,830,40.14, -> stretcher (40.1%)
frame_001101,-1.0,4.0271,3.4701,0.063,7.6022,830,49.75, -> stretcher (49.7%)
frame_001102,-1.0,4.067,3.5062,0.0621,7.6754,830,40.73, -> stretcher (40.7%)
frame_001103,-1.0,4.0328,3.4095,0.0848,7.5765,423,42.29, -> barber chair (42.3%)
frame_001104,-1.0,4.071,3.5036,0.0618,7.6767,423,60.26, -> barber chair (60.3%)
frame_001105,-1.0,3.7123,3.4956,0.0572,7.3027,423,39.77, -> barber chair (39.8%)
frame_001106,-1.0,3.9229,3.5383,0.1041,7.6094,423,29.81, -> barber chair (29.8%)
frame_001107,-1.0,3.8941,3.4234,0.0621,7.4169,778,45.2, -> scale (45.2%)
frame_001108,-1.0,3.8517,3.53,0.0725,7.4982,778,65.97, -> scale (66.0%)
frame_001109,-1.0,3.9207,3.4754,0.0813,7.5208,778,68.14, -> scale (68.1%)
frame_001110,-1.0,3.8924,3.4593,0.0604,7.4522,778,37.7, -> scale (37.7%)
frame_001111,-1.0,4.1206,3.4239,0.0711,7.6587,423,53.57, -> barber chair (53.6%)
frame_001112,-1.0,4.0974,3.516,0.0619,7.7135,778,71.76, -> scale (71.8%)
frame_001113,-1.0,4.0226,3.4875,0.0623,7.6424,778,64.17, -> scale (64.2%)
frame_001114,-1.0,3.9033,3.4888,0.0591,7.4887,778,91.36, -> scale (91.4%)
frame_001115,-1.0,3.9649,3.5861,0.0579,7.6455,778,92.96, -> scale (93.0%)
frame_001116,-1.0,4.0121,3.5594,0.0741,7.6903,778,88.6, -> scale (88.6%)
frame_001117,-1.0,3.852,3.4493,0.06,7.4002,778,60.32, -> scale (60.3%)
frame_001118,-1.0,4.0266,3.5259,0.0721,7.666,778,46.48, -> scale (46.5%)
frame_001119,-1.0,4.1944,3.6141,0.1224,7.9765,778,49.1, -> scale (49.1%)
frame_001120,-1.0,3.8705,3.5001,0.0591,7.4689,778,55.58, -> scale (55.6%)
frame_001121,-1.0,4.004,3.5055,0.0593,7.6065,778,57.87, -> scale (57.9%)
frame_001122,-1.0,3.9062,3.4926,0.0701,7.5124,778,66.81, -> scale (66.8%)
frame_001123,-1.0,4.0128,4.5534,0.0641,8.6741,778,79.28, -> scale (79.3%)
frame_001124,-1.0,3.687,3.454,0.0612,7.2399,778,42.24, -> scale (42.2%)
frame_001125,-1.0,4.0238,6.8116,0.0675,10.9528,778,38.42, -> scale (38.4%)
frame_001126,-1.0,4.0694,3.4877,0.0583,7.6547,778,13.66, -> scale (13.7%)
frame_001127,-1.0,4.1183,6.0475,0.068,10.2819,778,21.79, -> scale (21.8%)
frame_001128,-1.0,3.9414,4.0655,0.1026,8.1577,526,15.78, -> desk (15.8%)
frame_001129,-1.0,4.0724,3.4495,0.0586,7.6192,778,41.57, -> scale (41.6%)
frame_001130,-1.0,4.0374,3.5562,0.0891,7.7274,778,74.53, -> scale (74.5%)
frame_001131,-1.0,4.0316,3.4514,0.0599,7.5853,778,60.25, -> scale (60.2%)
frame_001132,-1.0,4.0342,3.5183,0.065,7.6633,778,51.35, -> scale (51.3%)
frame_001133,-1.0,4.038,3.5932,0.059,7.7301,872,38.52, -> tripod (38.5%)
frame_001134,-1.0,3.6095,3.4112,0.0641,7.1314,872,17.05, -> tripod (17.1%)
frame_001135,-1.0,4.1201,3.5094,0.0597,7.7282,543,20.27, -> dumbbell (20.3%)
frame_001136,-1.0,3.8016,3.444,0.0595,7.3433,423,10.35, -> barber chair (10.4%)
frame_001137,-1.0,4.1136,4.1807,0.067,8.4101,532,21.07, -> dining table (21.1%)
frame_001138,-1.0,3.9704,3.4479,0.0599,7.5183,532,31.99, -> dining table (32.0%)
frame_001139,-1.0,4.0395,8.234,0.0695,12.3965,877,18.98, -> turnstile (19.0%)
frame_001140,-1.0,3.9386,3.4734,0.06,7.5126,877,14.51, -> turnstile (14.5%)
frame_001141,-1.0,3.9042,3.7192,0.0642,7.738,743,8.72, -> prison (8.7%)
frame_001142,-1.0,4.0849,3.4964,0.0767,7.787,713,5.01, -> photocopier (5.0%)
frame_001143,-1.0,4.0567,3.4836,0.0606,7.6392,743,5.52, -> prison (5.5%)
frame_001144,-1.0,3.9678,3.4191,0.0588,7.4856,713,25.47, -> photocopier (25.5%)
frame_001145,-1.0,3.9431,3.4499,0.0582,7.5768,713,12.11, -> photocopier (12.1%)
frame_001146,-1.0,3.9213,3.4529,0.059,7.4727,713,10.22, -> photocopier (10.2%)
frame_001147,-1.0,3.8988,3.4465,0.0606,7.4455,877,17.53, -> turnstile (17.5%)
frame_001148,-1.0,4.0099,3.3875,0.0597,7.4964,423,8.73, -> barber chair (8.7%)
frame_001149,-1.0,3.9729,3.5005,0.0678,7.6723,877,13.47, -> turnstile (13.5%)
frame_001150,-1.0,4.0115,3.4468,0.0588,7.5565,743,10.36, -> prison (10.4%)
frame_001151,-1.0,3.9332,3.4883,0.0595,7.5195,830,14.51, -> stretcher (14.5%)
frame_001152,-1.0,4.0413,3.4374,0.0628,7.5825,830,17.9, -> stretcher (17.9%)
frame_001153,-1.0,4.0161,3.6834,0.0995,7.8968,553,16.9, -> file (16.9%)
frame_001154,-1.0,4.0541,3.4445,0.0587,7.5938,553,27.12, -> file (27.1%)
frame_001155,-1.0,3.9576,3.448,0.0605,7.5058,553,24.27, -> file (24.3%)
frame_001156,-1.0,3.9846,3.4544,0.0659,7.5503,877,60.6, -> turnstile (60.6%)
frame_001157,-1.0,4.0846,6.2802,0.0684,10.4839,877,82.42, -> turnstile (82.4%)
frame_001158,-1.0,3.8315,3.5073,0.0599,7.4387,771,37.51, -> safe (37.5%)
frame_001159,-1.0,4.1411,6.202,0.0674,10.4615,553,36.83, -> file (36.8%)
frame_001160,-1.0,3.9372,3.5066,0.0604,7.5446,771,29.74, -> safe (29.7%)
frame_001161,-1.0,4.1859,3.4692,0.0625,7.7604,877,31.65, -> turnstile (31.7%)
frame_001162,-1.0,4.0528,3.5137,0.0611,7.6692,877,23.95, -> turnstile (24.0%)
frame_001163,-1.0,3.9465,5.5918,0.0657,9.651,771,77.6, -> safe (77.6%)
frame_001164,-1.0,3.8224,3.4487,0.0597,7.3698,771,51.88, -> safe (51.9%)
frame_001165,-1.0,2.5616,3.5778,0.0654,6.249,771,65.59, -> safe (65.6%)
frame_001166,-1.0,3.8489,3.4905,0.0793,7.4666,771,35.89, -> safe (35.9%)
frame_001167,-1.0,4.1433,3.4954,0.1594,7.8462,771,58.14, -> safe (58.1%)
frame_001168,-1.0,3.8228,3.4605,0.0594,7.3838,771,77.43, -> safe (77.4%)
frame_001169,-1.0,3.9829,7.3534,0.0695,11.4544,771,69.45, -> safe (69.5%)
frame_001170,-1.0,4.0357,3.4463,0.06,7.5826,771,63.32, -> safe (63.3%)
frame_001171,-1.0,3.8409,3.8989,0.0622,7.8834,771,41.77, -> safe (41.8%)
frame_001172,-1.0,3.992,3.4364,0.0593,7.5251,771,51.8, -> safe (51.8%)
frame_001173,-1.0,3.9115,3.4372,0.0613,7.4503,771,52.3, -> safe (52.3%)
frame_001174,-1.0,3.9986,3.5187,0.0602,7.6176,771,43.63, -> safe (43.6%)
frame_001175,-1.0,3.8809,7.6491,0.0673,11.6448,771,56.74, -> safe (56.7%)
frame_001176,-1.0,4.0992,3.5107,0.0982,7.8011,771,52.51, -> safe (52.5%)
frame_001177,-1.0,3.9059,3.5273,0.0676,7.5432,757,41.07, -> recreational vehicle (41.1%)
frame_001178,-1.0,3.4973,3.3901,0.0657,6.9988,771,50.97, -> safe (51.0%)
frame_001179,-1.0,3.8325,3.431,0.059,7.3605,771,70.24, -> safe (70.2%)
frame_001180,-1.0,4.0668,3.5194,0.0605,7.6876,757,51.67, -> recreational vehicle (51.7%)
frame_001181,-1.0,3.8784,3.3092,0.0625,7.2886,771,47.51, -> safe (47.5%)
frame_001182,-1.0,4.0939,3.5567,0.066,7.7647,771,62.7, -> safe (62.7%)
frame_001183,-1.0,3.9656,3.456,0.0616,7.5217,757,45.94, -> recreational vehicle (45.9%)
frame_001184,-1.0,3.6824,3.4605,0.0619,7.2472,771,39.23, -> safe (39.2%)
frame_001185,-1.0,3.7497,3.4636,0.0613,7.3151,771,52.38, -> safe (52.4%)
frame_001186,-1.0,3.8296,3.5012,0.0637,7.4326,757,38.97, -> recreational vehicle (39.0%)
frame_001187,-1.0,3.618,3.4518,0.0613,7.1678,757,42.23, -> recreational vehicle (42.2%)
frame_001188,-1.0,4.0657,3.5235,0.0613,7.6887,757,36.63, -> recreational vehicle (36.6%)
frame_001189,-1.0,3.9165,4.2847,0.0655,8.3111,771,28.56, -> safe (28.6%)
frame_001190,-1.0,3.7511,3.4235,0.0593,7.2716,757,44.79, -> recreational vehicle (44.8%)
frame_001191,-1.0,3.4772,3.4406,0.0625,7.0208,757,62.97, -> recreational vehicle (63.0%)
frame_001192,-1.0,3.9064,3.5043,0.0615,7.5119,771,44.85, -> safe (44.9%)
frame_001193,-1.0,3.5658,4.3494,0.0743,8.0343,757,69.6, -> recreational vehicle (69.6%)
frame_001194,-1.0,3.9199,3.635,0.1384,7.7402,757,58.73, -> recreational vehicle (58.7%)
frame_001195,-1.0,3.8604,3.4347,0.0677,7.4026,757,50.64, -> recreational vehicle (50.6%)
frame_001196,-1.0,3.8432,3.4899,0.0616,7.4321,675,21.61, -> moving van (21.6%)
frame_001197,-1.0,4.0175,3.4372,0.0615,7.5558,561,45.69, -> forklift (45.7%)
frame_001198,-1.0,3.6255,4.956,0.0668,8.6922,561,25.89, -> forklift (25.9%)
frame_001199,-1.0,3.9734,3.4173,0.0589,7.4858,771,55.57, -> safe (55.6%)
frame_001200,-1.0,3.984,3.4889,0.0964,7.6157,771,66.14, -> safe (66.1%)
frame_001201,-1.0,3.9903,3.5062,0.1446,7.6868,771,72.23, -> safe (72.2%)
frame_001202,-1.0,3.8817,3.451,0.0578,7.431,771,38.62, -> safe (38.6%)
frame_001203,-1.0,3.8387,3.4762,0.0595,7.415,561,51.65, -> forklift (51.7%)
frame_001204,-1.0,3.9212,3.4519,0.0598,7.4712,561,52.89, -> forklift (52.9%)
frame_001205,-1.0,4.1423,3.5446,0.0633,7.7952,561,54.96, -> forklift (55.0%)
frame_001206,-1.0,3.9394,6.6949,0.0698,10.7541,675,32.98, -> moving van (33.0%)
frame_001207,-1.0,3.7829,3.3722,0.058,7.2517,561,32.85, -> forklift (32.8%)
frame_001208,-1.0,3.9127,3.4501,0.065,7.4692,561,23.16, -> forklift (23.2%)
frame_001209,-1.0,3.8952,3.567,0.059,7.5581,561,36.95, -> forklift (36.9%)
frame_001210,-1.0,3.9718,7.4628,0.0672,11.5514,561,56.21, -> forklift (56.2%)
frame_001211,-1.0,3.6905,3.4645,0.0583,7.25,561,91.29, -> forklift (91.3%)
frame_001212,-1.0,3.7523,7.1024,0.0702,10.9748,561,87.12, -> forklift (87.1%)
frame_001213,-1.0,3.861,3.4037,0.0646,7.3703,561,21.78, -> forklift (21.8%)
frame_001214,-1.0,4.0099,3.4628,0.0628,7.5733,561,85.68, -> forklift (85.7%)
frame_001215,-1.0,3.7684,3.4682,0.0613,7.3374,561,65.1, -> forklift (65.1%)
frame_001216,-1.0,3.8189,6.8048,0.0686,10.741,561,76.19, -> forklift (76.2%)
frame_001217,-1.0,3.9119,3.4213,0.058,7.4276,561,52.45, -> forklift (52.5%)
frame_001218,-1.0,3.9434,3.3966,0.06,7.4409,561,46.84, -> forklift (46.8%)
frame_001219,-1.0,3.6373,3.4157,0.0725,7.169,561,44.05, -> forklift (44.0%)
frame_001220,-1.0,3.763,3.4481,0.0615,7.3099,561,67.92, -> forklift (67.9%)
frame_001221,-1.0,3.9198,3.511,0.0614,7.5304,561,61.01, -> forklift (61.0%)
frame_001222,-1.0,3.6038,3.4404,0.0602,7.1411,561,67.06, -> forklift (67.1%)
frame_001223,-1.0,3.9591,3.4422,0.0587,7.4964,561,54.59, -> forklift (54.6%)
frame_001224,-1.0,3.8708,3.4684,0.0613,7.4401,561,38.49, -> forklift (38.5%)
frame_001225,-1.0,3.9815,3.4814,0.0607,7.5619,561,59.05, -> forklift (59.1%)
frame_001226,-1.0,3.8894,3.5044,0.0759,7.5142,561,51.21, -> forklift (51.2%)
frame_001227,-1.0,3.9021,3.6574,0.1538,7.759,575,25.09, -> golfcart (25.1%)
frame_001228,-1.0,3.9328,3.4784,0.0575,7.5066,561,80.77, -> forklift (80.8%)
frame_001229,-1.0,3.8467,3.4471,0.0567,7.3882,561,62.94, -> forklift (62.9%)
frame_001230,-1.0,3.9643,3.4132,0.0664,7.4845,561,38.59, -> forklift (38.6%)
frame_001231,-1.0,4.0319,7.4134,0.07,11.5626,561,40.02, -> forklift (40.0%)
frame_001232,-1.0,3.8545,3.4528,0.0592,7.4031,423,21.77, -> barber chair (21.8%)
frame_001233,-1.0,4.0897,5.1882,0.0701,9.3973,877,38.23, -> turnstile (38.2%)
frame_001234,-1.0,3.8748,3.4546,0.0649,7.435,423,27.7, -> barber chair (27.7%)
frame_001235,-1.0,3.8442,3.6298,0.0623,7.5784,526,13.22, -> desk (13.2%)
frame_001236,-1.0,3.9626,3.4756,0.0624,7.5417,526,18.88, -> desk (18.9%)
frame_001237,-1.0,4.0427,3.5552,0.0645,7.7013,877,34.32, -> turnstile (34.3%)
frame_001238,-1.0,3.6994,3.4579,0.0606,7.2556,561,33.52, -> forklift (33.5%)
frame_001239,-1.0,4.2103,8.2299,0.0701,12.5607,422,18.9, -> barbell (18.9%)
frame_001240,-1.0,3.9205,3.4742,0.0748,7.5155,526,15.32, -> desk (15.3%)
frame_001241,-1.0,3.9343,5.3725,0.07,9.4267,526,52.43, -> desk (52.4%)
frame_001242,-1.0,3.917,3.4834,0.0758,7.5178,526,16.18, -> desk (16.2%)
frame_001243,-1.0,2.7345,4.0967,0.0594,6.9296,526,37.3, -> desk (37.3%)
frame_001244,-1.0,4.0002,3.4549,0.0611,7.5567,526,26.42, -> desk (26.4%)
frame_001245,-1.0,3.9686,3.5006,0.0658,7.5837,526,23.03, -> desk (23.0%)
frame_001246,-1.0,3.9043,3.4722,0.0623,7.481,526,22.62, -> desk (22.6%)
frame_001247,-1.0,3.9059,6.2662,0.0715,10.295,526,56.3, -> desk (56.3%)
frame_001248,-1.0,3.9238,3.4987,0.0748,7.5601,526,55.33, -> desk (55.3%)
frame_001249,-1.0,3.9133,3.4412,0.0724,7.4685,526,38.46, -> desk (38.5%)
frame_001250,-1.0,3.8721,3.4475,0.0611,7.4201,526,37.35, -> desk (37.3%)
frame_001251,-1.0,4.0244,4.8452,0.0667,8.9857,526,40.35, -> desk (40.3%)
frame_001252,-1.0,3.8976,3.4979,0.1534,7.596,526,36.01, -> desk (36.0%)
frame_001253,-1.0,3.93,3.5659,0.0613,7.5994,422,30.75, -> barbell (30.8%)
frame_001254,-1.0,4.0988,3.422,0.0608,7.6217,526,56.63, -> desk (56.6%)
frame_001255,-1.0,3.7887,3.845,0.062,7.7348,422,23.41, -> barbell (23.4%)
frame_001256,-1.0,3.8415,3.5391,0.0599,7.4803,526,38.33, -> desk (38.3%)
frame_001257,-1.0,4.0033,3.5136,0.0621,7.6223,526,49.86, -> desk (49.9%)
frame_001258,-1.0,3.8815,3.5074,0.0732,7.5085,423,29.43, -> barber chair (29.4%)
frame_001259,-1.0,3.8134,3.3016,0.0586,7.2111,526,16.91, -> desk (16.9%)
frame_001260,-1.0,3.9525,6.6595,0.0689,10.7307,877,23.23, -> turnstile (23.2%)
frame_001261,-1.0,3.9176,3.4869,0.061,7.5039,526,23.67, -> desk (23.7%)
frame_001262,-1.0,3.8871,3.5073,0.0614,7.4965,877,63.73, -> turnstile (63.7%)
frame_001263,-1.0,4.0313,3.4593,0.0625,7.593,877,64.14, -> turnstile (64.1%)
frame_001264,-1.0,3.9471,3.4646,0.0593,7.5124,526,26.95, -> desk (26.9%)
frame_001265,-1.0,3.5851,3.3931,0.0587,7.0737,877,89.05, -> turnstile (89.0%)
frame_001266,-1.0,3.8915,3.5156,0.063,7.5125,877,61.68, -> turnstile (61.7%)
frame_001267,-1.0,3.9974,3.7574,0.0603,7.8567,877,53.83, -> turnstile (53.8%)
frame_001268,-1.0,4.0766,3.5477,0.0991,7.7694,877,47.65, -> turnstile (47.6%)
frame_001269,-1.0,3.8106,3.4383,0.0756,7.3721,877,77.37, -> turnstile (77.4%)
frame_001270,-1.0,3.9096,3.4633,0.1026,7.5601,526,58.09, -> desk (58.1%)
frame_001271,-1.0,3.8826,3.462,0.0698,7.4528,877,61.89, -> turnstile (61.9%)
frame_001272,-1.0,3.9238,3.4957,0.0617,7.523,877,60.4, -> turnstile (60.4%)
frame_001273,-1.0,3.9302,4.4378,0.0639,8.4756,877,78.91, -> turnstile (78.9%)
frame_001274,-1.0,3.799,3.4349,0.0614,7.3354,877,61.0, -> turnstile (61.0%)
frame_001275,-1.0,3.6994,3.4042,0.061,7.2048,877,49.06, -> turnstile (49.1%)
frame_001276,-1.0,3.8534,3.4576,0.082,7.4409,877,82.93, -> turnstile (82.9%)
frame_001277,-1.0,3.8553,4.646,0.0654,8.6106,877,80.11, -> turnstile (80.1%)
frame_001278,-1.0,3.7905,3.5498,0.065,7.4523,877,69.41, -> turnstile (69.4%)
frame_001279,-1.0,3.8576,5.5366,0.0684,9.5125,877,67.61, -> turnstile (67.6%)
frame_001280,-1.0,3.9146,3.4911,0.0613,7.5059,877,61.47, -> turnstile (61.5%)
frame_001281,-1.0,4.0852,4.5907,0.0661,8.7896,877,27.35, -> turnstile (27.4%)
frame_001282,-1.0,3.8044,3.4429,0.0612,7.347,877,63.93, -> turnstile (63.9%)
frame_001283,-1.0,4.049,3.5406,0.067,7.7031,877,33.79, -> turnstile (33.8%)
frame_001284,-1.0,3.8228,3.4851,0.0611,7.412,877,59.17, -> turnstile (59.2%)
frame_001285,-1.0,3.9309,4.6255,0.0639,8.6624,877,52.04, -> turnstile (52.0%)
frame_001286,-1.0,3.9034,3.4925,0.0622,7.4974,877,49.63, -> turnstile (49.6%)
frame_001287,-1.0,3.8604,3.4733,0.0588,7.4317,877,67.98, -> turnstile (68.0%)
frame_001288,-1.0,3.936,3.3552,0.061,7.3913,877,78.38, -> turnstile (78.4%)
frame_001289,-1.0,3.966,4.1321,0.0676,8.2086,480,48.91, -> cash machine (48.9%)
frame_001290,-1.0,3.8612,3.4023,0.066,7.3741,480,80.07, -> cash machine (80.1%)
frame_001291,-1.0,3.9528,5.49,0.0691,9.5607,480,62.72, -> cash machine (62.7%)
frame_001292,-1.0,3.817,3.4893,0.0579,7.4014,877,54.19, -> turnstile (54.2%)
frame_001293,-1.0,4.0172,3.4484,0.0637,7.5715,877,55.22, -> turnstile (55.2%)
frame_001294,-1.0,3.6755,3.4179,0.0605,7.1926,480,56.77, -> cash machine (56.8%)
frame_001295,-1.0,4.1531,3.4976,0.1238,7.8183,877,51.79, -> turnstile (51.8%)
frame_001296,-1.0,3.8947,3.5309,0.0611,7.5278,480,68.9, -> cash machine (68.9%)
frame_001297,-1.0,4.0229,4.0215,0.0637,8.1547,480,62.81, -> cash machine (62.8%)
frame_001298,-1.0,4.0141,3.4869,0.0603,7.5992,480,64.71, -> cash machine (64.7%)
frame_001299,-1.0,4.1775,3.8076,0.0672,8.0993,480,78.67, -> cash machine (78.7%)
frame_001300,-1.0,3.7134,3.4561,0.0599,7.2694,480,48.07, -> cash machine (48.1%)
frame_001301,-1.0,4.1516,4.0809,0.0618,8.3322,877,38.18, -> turnstile (38.2%)
frame_001302,-1.0,4.0466,3.4985,0.0609,7.6463,877,51.92, -> turnstile (51.9%)
frame_001303,-1.0,3.9474,4.5843,0.0651,8.6422,480,56.59, -> cash machine (56.6%)
frame_001304,-1.0,3.934,3.4148,0.0594,7.4453,480,49.46, -> cash machine (49.5%)
frame_001305,-1.0,3.9616,3.3917,0.0605,7.4554,480,71.81, -> cash machine (71.8%)
frame_001306,-1.0,3.9276,3.4941,0.0601,7.5203,877,59.59, -> turnstile (59.6%)
frame_001307,-1.0,4.0816,3.4958,0.0604,7.6772,877,69.6, -> turnstile (69.6%)
frame_001308,-1.0,4.0666,3.4987,0.0618,7.6656,480,60.84, -> cash machine (60.8%)
frame_001309,-1.0,3.9366,3.4925,0.0597,7.5249,877,69.69, -> turnstile (69.7%)
frame_001310,-1.0,3.9858,3.4175,0.0582,7.4967,480,73.37, -> cash machine (73.4%)
frame_001311,-1.0,4.1081,4.988,0.1288,9.2758,480,76.39, -> cash machine (76.4%)
frame_001312,-1.0,3.9636,3.5529,0.0644,7.6282,877,63.02, -> turnstile (63.0%)
frame_001313,-1.0,3.6045,4.1586,0.0602,7.8617,480,83.37, -> cash machine (83.4%)
frame_001314,-1.0,4.1068,3.4629,0.073,7.6884,480,87.85, -> cash machine (87.8%)
frame_001315,-1.0,3.8077,3.4105,0.0772,7.3345,480,69.49, -> cash machine (69.5%)
frame_001316,-1.0,3.9227,3.4523,0.0628,7.4777,480,67.99, -> cash machine (68.0%)
frame_001317,-1.0,3.9275,3.4478,0.0637,7.481,877,59.76, -> turnstile (59.8%)
frame_001318,-1.0,3.9182,3.4234,0.0593,7.4386,877,80.01, -> turnstile (80.0%)
frame_001319,-1.0,3.9042,3.4982,0.0602,7.5008,480,44.01, -> cash machine (44.0%)
frame_001320,-1.0,3.9961,3.4565,0.0622,7.5533,877,66.54, -> turnstile (66.5%)
frame_001321,-1.0,3.9797,3.5059,0.0613,7.5876,877,55.9, -> turnstile (55.9%)
frame_001322,-1.0,3.9002,3.4996,0.0647,7.5081,877,65.69, -> turnstile (65.7%)
frame_001323,-1.0,3.9704,3.506,0.0681,7.5871,877,66.82, -> turnstile (66.8%)
frame_001324,-1.0,3.6561,3.4715,0.0616,7.2277,877,50.13, -> turnstile (50.1%)
frame_001325,-1.0,4.042,3.5064,0.0609,7.6476,877,36.7, -> turnstile (36.7%)
frame_001326,-1.0,3.9162,3.5086,0.0595,7.5253,877,37.41, -> turnstile (37.4%)
frame_001327,-1.0,3.7241,5.2471,0.0649,9.0816,877,44.8, -> turnstile (44.8%)
frame_001328,-1.0,3.794,3.4455,0.0572,7.335,877,50.47, -> turnstile (50.5%)
frame_001329,-1.0,3.9772,3.3256,0.0617,7.4056,480,41.41, -> cash machine (41.4%)
frame_001330,-1.0,3.9869,3.5147,0.0783,7.6263,480,30.09, -> cash machine (30.1%)
frame_001331,-1.0,3.9157,3.4724,0.061,7.4891,480,38.97, -> cash machine (39.0%)
frame_001332,-1.0,3.975,3.5085,0.0618,7.5851,480,51.48, -> cash machine (51.5%)
frame_001333,-1.0,4.1226,3.4909,0.058,7.7093,480,34.61, -> cash machine (34.6%)
frame_001334,-1.0,3.7658,8.2457,0.072,12.1319,480,57.82, -> cash machine (57.8%)
frame_001335,-1.0,3.9568,3.3506,0.0635,7.4174,480,47.05, -> cash machine (47.0%)
frame_001336,-1.0,3.7782,3.4603,0.0591,7.3381,480,41.3, -> cash machine (41.3%)
frame_001337,-1.0,3.9436,3.4968,0.0613,7.5406,480,64.24, -> cash machine (64.2%)
frame_001338,-1.0,4.0026,3.4592,0.0606,7.562,877,42.42, -> turnstile (42.4%)
frame_001339,-1.0,4.1416,3.3076,0.0694,7.5585,877,74.46, -> turnstile (74.5%)
frame_001340,-1.0,3.9332,3.5305,0.0614,7.5699,877,67.88, -> turnstile (67.9%)
frame_001341,-1.0,3.9929,3.4601,0.1506,7.6512,877,68.59, -> turnstile (68.6%)
frame_001342,-1.0,3.8162,3.5282,0.0905,7.4801,480,53.17, -> cash machine (53.2%)
frame_001343,-1.0,3.972,5.6026,0.0678,9.6925,480,55.35, -> cash machine (55.3%)
frame_001344,-1.0,3.8755,3.4662,0.0593,7.4406,877,58.21, -> turnstile (58.2%)
frame_001345,-1.0,3.703,3.4134,0.0578,7.2953,877,48.88, -> turnstile (48.9%)
frame_001346,-1.0,4.0544,3.5025,0.0585,7.6516,877,36.79, -> turnstile (36.8%)
frame_001347,-1.0,3.7192,3.4435,0.0573,7.2569,877,61.59, -> turnstile (61.6%)
frame_001348,-1.0,3.8653,3.4233,0.0588,7.3856,877,59.24, -> turnstile (59.2%)
frame_001349,-1.0,3.9374,6.1012,0.0693,10.1577,877,51.48, -> turnstile (51.5%)
frame_001350,-1.0,3.9197,3.4887,0.0617,7.5102,877,62.41, -> turnstile (62.4%)
frame_001351,-1.0,4.0645,3.4441,0.0599,7.6084,877,31.5, -> turnstile (31.5%)
frame_001352,-1.0,3.5749,3.4556,0.0606,7.1288,877,35.48, -> turnstile (35.5%)
frame_001353,-1.0,3.883,5.4298,0.0709,9.4346,877,29.6, -> turnstile (29.6%)
frame_001354,-1.0,3.938,3.5029,0.0591,7.5375,480,30.83, -> cash machine (30.8%)
frame_001355,-1.0,3.8601,3.4376,0.0574,7.3943,877,42.58, -> turnstile (42.6%)
frame_001356,-1.0,3.8012,3.4504,0.061,7.3528,877,54.57, -> turnstile (54.6%)
frame_001357,-1.0,3.9615,4.7003,0.0644,8.7685,877,77.86, -> turnstile (77.9%)
frame_001358,-1.0,3.9879,3.4694,0.1038,7.607,877,46.82, -> turnstile (46.8%)
frame_001359,-1.0,3.952,6.4177,0.067,10.4874,877,47.94, -> turnstile (47.9%)
frame_001360,-1.0,3.8178,3.5376,0.094,7.4944,877,49.49, -> turnstile (49.5%)
frame_001361,-1.0,3.7462,3.4064,0.0572,7.2499,877,49.09, -> turnstile (49.1%)
frame_001362,-1.0,3.8542,3.4381,0.0615,7.3933,877,32.25, -> turnstile (32.3%)
frame_001363,-1.0,4.0308,4.6131,0.0641,8.7522,877,31.96, -> turnstile (32.0%)
frame_001364,-1.0,3.9105,3.4434,0.0588,7.4518,877,70.03, -> turnstile (70.0%)
frame_001365,-1.0,3.9799,3.4563,0.0629,7.5418,877,43.23, -> turnstile (43.2%)
frame_001366,-1.0,3.873,3.4995,0.1156,7.5644,877,51.09, -> turnstile (51.1%)
frame_001367,-1.0,3.7516,6.7676,0.0662,10.6332,877,30.08, -> turnstile (30.1%)
frame_001368,-1.0,3.8495,3.4271,0.059,7.3751,877,40.26, -> turnstile (40.3%)
frame_001369,-1.0,3.8774,3.3058,0.0566,7.278,877,28.74, -> turnstile (28.7%)
frame_001370,-1.0,3.8035,3.458,0.0573,7.3553,877,29.0, -> turnstile (29.0%)
frame_001371,-1.0,4.0797,3.8728,0.0581,8.0509,877,28.56, -> turnstile (28.6%)
frame_001372,-1.0,3.935,3.4484,0.0589,7.4793,877,40.05, -> turnstile (40.1%)
frame_001373,-1.0,4.1048,3.72,0.0647,7.9321,877,37.28, -> turnstile (37.3%)
frame_001374,-1.0,3.9484,3.4466,0.0606,7.4931,480,35.46, -> cash machine (35.5%)
frame_001375,-1.0,3.9736,3.4417,0.0596,7.5125,877,34.22, -> turnstile (34.2%)
frame_001376,-1.0,4.019,3.5316,0.091,7.6888,877,31.68, -> turnstile (31.7%)
frame_001377,-1.0,3.8443,3.4864,0.0604,7.4294,877,40.41, -> turnstile (40.4%)
frame_001378,-1.0,3.9105,3.4943,0.0635,7.5078,877,48.3, -> turnstile (48.3%)
frame_001379,-1.0,4.0005,3.3125,0.0599,7.4101,877,35.19, -> turnstile (35.2%)
frame_001380,-1.0,4.0499,3.4965,0.0617,7.6486,877,29.28, -> turnstile (29.3%)
frame_001381,-1.0,3.9323,5.1331,0.072,9.1861,877,44.32, -> turnstile (44.3%)
frame_001382,-1.0,3.9153,3.4939,0.0637,7.5127,480,32.78, -> cash machine (32.8%)
frame_001383,-1.0,3.0399,3.4111,0.0634,6.56,480,42.5, -> cash machine (42.5%)
frame_001384,-1.0,3.9987,3.4476,0.0714,7.5969,480,26.79, -> cash machine (26.8%)
frame_001385,-1.0,4.1016,3.4545,0.0576,7.6503,877,43.52, -> turnstile (43.5%)
frame_001386,-1.0,3.9423,3.4703,0.0616,7.5153,877,49.32, -> turnstile (49.3%)
frame_001387,-1.0,3.893,3.4564,0.077,7.4746,877,50.65, -> turnstile (50.7%)
frame_001388,-1.0,3.8707,5.4986,0.0812,9.499,877,72.13, -> turnstile (72.1%)
frame_001389,-1.0,3.9574,4.1385,0.1058,8.2475,877,58.23, -> turnstile (58.2%)
frame_001390,-1.0,3.9257,3.4937,0.0627,7.521,480,22.86, -> cash machine (22.9%)
frame_001391,-1.0,3.9937,3.4894,0.1077,7.6385,480,28.83, -> cash machine (28.8%)
frame_001392,-1.0,4.0202,4.079,0.0648,8.2117,877,53.07, -> turnstile (53.1%)
frame_001393,-1.0,3.97,6.4512,0.07,10.5414,877,41.89, -> turnstile (41.9%)
frame_001394,-1.0,3.9961,3.502,0.0599,7.596,877,34.66, -> turnstile (34.7%)
frame_001395,-1.0,4.0688,3.4578,0.0731,7.6441,877,48.21, -> turnstile (48.2%)
frame_001396,-1.0,3.9504,3.3987,0.0653,7.4603,877,43.42, -> turnstile (43.4%)
frame_001397,-1.0,4.0581,5.75,0.0705,9.9281,877,35.55, -> turnstile (35.5%)
frame_001398,-1.0,3.9788,8.3672,0.0707,12.4666,480,27.42, -> cash machine (27.4%)
frame_001399,-1.0,3.9085,3.3427,0.0657,7.3647,877,40.34, -> turnstile (40.3%)
frame_001400,-1.0,3.8332,3.4705,0.0607,7.4031,877,35.84, -> turnstile (35.8%)
frame_001401,-1.0,4.0278,4.0599,0.065,8.1999,877,31.32, -> turnstile (31.3%)
frame_001402,-1.0,3.8306,3.41,0.0585,7.3366,877,52.74, -> turnstile (52.7%)
frame_001403,-1.0,4.0856,6.0289,0.0695,10.2333,877,29.77, -> turnstile (29.8%)
frame_001404,-1.0,3.8949,3.4687,0.0604,7.4624,877,59.69, -> turnstile (59.7%)
frame_001405,-1.0,3.9404,3.3372,0.0661,7.3895,877,44.95, -> turnstile (45.0%)
frame_001406,-1.0,3.9923,3.4752,0.0594,7.5655,877,53.08, -> turnstile (53.1%)
frame_001407,-1.0,4.0667,3.5069,0.1179,7.7404,480,19.41, -> cash machine (19.4%)
frame_001408,-1.0,3.9092,3.4897,0.0638,7.5037,480,24.84, -> cash machine (24.8%)
frame_001409,-1.0,4.0034,3.2965,0.0745,7.4204,877,18.69, -> turnstile (18.7%)
frame_001410,-1.0,4.101,3.5074,0.0625,7.7107,877,26.43, -> turnstile (26.4%)
frame_001411,-1.0,4.0017,3.5448,0.0714,7.6655,877,36.78, -> turnstile (36.8%)
frame_001412,-1.0,3.874,3.4549,0.0595,7.4454,877,24.84, -> turnstile (24.8%)
frame_001413,-1.0,3.2584,3.4617,0.0589,6.817,877,38.9, -> turnstile (38.9%)
frame_001414,-1.0,3.9253,3.5465,0.104,7.6216,877,43.13, -> turnstile (43.1%)
frame_001415,-1.0,3.8946,3.4726,0.0633,7.4783,877,28.72, -> turnstile (28.7%)
frame_001416,-1.0,3.8591,3.5042,0.0625,7.4667,877,28.49, -> turnstile (28.5%)
frame_001417,-1.0,3.8475,6.6605,0.0706,10.6293,877,42.55, -> turnstile (42.6%)
frame_001418,-1.0,3.8545,3.4919,0.0664,7.4513,877,36.86, -> turnstile (36.9%)
frame_001419,-1.0,3.9927,3.4145,0.0606,7.5087,877,51.33, -> turnstile (51.3%)
frame_001420,-1.0,3.8993,3.5074,0.0611,7.5114,877,42.38, -> turnstile (42.4%)
frame_001421,-1.0,4.0594,3.445,0.0624,7.6059,877,22.33, -> turnstile (22.3%)
frame_001422,-1.0,3.8711,3.8318,0.0613,7.8042,877,32.56, -> turnstile (32.6%)
frame_001423,-1.0,4.0963,3.5312,0.0802,7.7503,894,18.68, -> wardrobe (18.7%)
frame_001424,-1.0,3.8312,3.4422,0.0571,7.3685,894,20.75, -> wardrobe (20.8%)
frame_001425,-1.0,3.9263,3.3875,0.0857,7.4472,894,27.87, -> wardrobe (27.9%)
frame_001426,-1.0,3.7242,3.4316,0.0601,7.254,877,22.31, -> turnstile (22.3%)
frame_001427,-1.0,4.0705,3.4697,0.0601,7.6389,877,22.82, -> turnstile (22.8%)
frame_001428,-1.0,3.9689,3.5193,0.0606,7.589,894,36.35, -> wardrobe (36.3%)
frame_001429,-1.0,3.9409,3.3099,0.0616,7.3508,894,26.53, -> wardrobe (26.5%)
frame_001430,-1.0,4.0663,3.5277,0.0612,7.6938,894,33.63, -> wardrobe (33.6%)
frame_001431,-1.0,3.8835,5.9469,0.0677,9.9463,894,27.31, -> wardrobe (27.3%)
frame_001432,-1.0,3.8901,3.4909,0.0603,7.4806,894,29.71, -> wardrobe (29.7%)
frame_001433,-1.0,4.0194,5.0691,0.0655,9.1971,894,32.97, -> wardrobe (33.0%)
frame_001434,-1.0,3.8856,3.391,0.0608,7.3773,894,39.08, -> wardrobe (39.1%)
frame_001435,-1.0,4.0009,3.4984,0.0821,7.6651,894,33.3, -> wardrobe (33.3%)
frame_001436,-1.0,3.8445,3.4913,0.0578,7.4309,894,30.65, -> wardrobe (30.7%)
frame_001437,-1.0,3.9832,3.5044,0.0605,7.587,894,39.06, -> wardrobe (39.1%)
frame_001438,-1.0,3.9965,3.506,0.0633,7.6075,894,31.53, -> wardrobe (31.5%)
frame_001439,-1.0,4.0045,3.323,0.0617,7.4291,894,25.49, -> wardrobe (25.5%)
frame_001440,-1.0,3.9551,3.478,0.0616,7.5352,894,24.09, -> wardrobe (24.1%)
frame_001441,-1.0,3.9728,3.5241,0.0866,7.6542,894,29.52, -> wardrobe (29.5%)
frame_001442,-1.0,3.9818,4.1818,0.0615,8.2695,894,34.63, -> wardrobe (34.6%)
frame_001443,-1.0,3.9677,6.909,0.0733,11.0003,894,35.97, -> wardrobe (36.0%)
frame_001444,-1.0,4.0343,3.4642,0.0626,7.6076,894,42.63, -> wardrobe (42.6%)
frame_001445,-1.0,3.6944,3.3994,0.0595,7.1907,894,44.1, -> wardrobe (44.1%)
frame_001446,-1.0,3.919,3.5115,0.0716,7.547,894,57.4, -> wardrobe (57.4%)
frame_001447,-1.0,3.9531,5.3957,0.0663,9.4985,894,27.15, -> wardrobe (27.2%)
frame_001448,-1.0,4.0025,3.4592,0.0567,7.556,894,32.46, -> wardrobe (32.5%)
frame_001449,-1.0,3.9911,6.0571,0.0739,10.1717,894,41.66, -> wardrobe (41.7%)
frame_001450,-1.0,3.7148,3.4821,0.0575,7.2933,894,41.92, -> wardrobe (41.9%)
frame_001451,-1.0,3.5533,3.4588,0.0752,7.1321,894,41.95, -> wardrobe (41.9%)
frame_001452,-1.0,3.7567,3.4961,0.0623,7.3543,894,33.81, -> wardrobe (33.8%)
frame_001453,-1.0,4.0041,3.4277,0.0615,7.531,894,34.07, -> wardrobe (34.1%)
frame_001454,-1.0,3.8815,3.4988,0.0589,7.4752,480,48.62, -> cash machine (48.6%)
frame_001455,-1.0,4.0484,3.5033,0.0587,7.6482,894,35.7, -> wardrobe (35.7%)
frame_001456,-1.0,3.8545,3.454,0.0579,7.4019,480,41.43, -> cash machine (41.4%)
frame_001457,-1.0,4.1829,3.5173,0.0628,7.8087,894,45.64, -> wardrobe (45.6%)
frame_001458,-1.0,3.8779,3.4935,0.06,7.4718,894,34.57, -> wardrobe (34.6%)
frame_001459,-1.0,4.0478,3.3018,0.0601,7.4477,894,49.4, -> wardrobe (49.4%)
frame_001460,-1.0,2.8088,3.387,0.0634,6.3027,894,36.89, -> wardrobe (36.9%)
frame_001461,-1.0,3.8377,3.4365,0.0586,7.3713,894,57.17, -> wardrobe (57.2%)
frame_001462,-1.0,4.0164,3.4572,0.0585,7.5705,894,63.43, -> wardrobe (63.4%)
frame_001463,-1.0,3.8287,3.4321,0.0573,7.3536,894,70.53, -> wardrobe (70.5%)
frame_001464,-1.0,3.9045,3.4533,0.059,7.4557,894,49.46, -> wardrobe (49.5%)
frame_001465,-1.0,3.9385,3.4865,0.1081,7.5795,894,69.41, -> wardrobe (69.4%)
frame_001466,-1.0,3.9296,3.486,0.0645,7.5304,894,62.47, -> wardrobe (62.5%)
frame_001467,-1.0,3.8962,3.5318,0.0936,7.5659,894,58.52, -> wardrobe (58.5%)
frame_001468,-1.0,2.7769,3.3901,0.0773,6.3262,894,64.79, -> wardrobe (64.8%)
frame_001469,-1.0,3.8167,3.469,0.056,7.3776,894,86.37, -> wardrobe (86.4%)
frame_001470,-1.0,4.0719,3.4988,0.0618,7.6767,894,90.35, -> wardrobe (90.3%)
frame_001471,-1.0,3.7038,3.4512,0.0578,7.2509,894,77.91, -> wardrobe (77.9%)
frame_001472,-1.0,4.0046,3.3601,0.1043,7.5459,894,75.41, -> wardrobe (75.4%)
frame_001473,-1.0,3.8917,3.4738,0.0587,7.464,894,86.1, -> wardrobe (86.1%)
frame_001474,-1.0,3.7591,3.4357,0.0559,7.2878,894,71.57, -> wardrobe (71.6%)
frame_001475,-1.0,3.8138,3.4984,0.0592,7.4065,894,87.11, -> wardrobe (87.1%)
frame_001476,-1.0,2.782,3.4349,0.0603,6.3144,894,86.75, -> wardrobe (86.7%)
frame_001477,-1.0,3.9795,3.7377,0.0589,7.8144,894,69.96, -> wardrobe (70.0%)
frame_001478,-1.0,3.8193,3.4194,0.0608,7.3374,894,78.19, -> wardrobe (78.2%)
frame_001479,-1.0,3.7727,3.4457,0.0619,7.3214,894,83.81, -> wardrobe (83.8%)
frame_001480,-1.0,3.6996,3.3806,0.0619,7.1806,894,82.44, -> wardrobe (82.4%)
frame_001481,-1.0,3.6699,3.445,0.0712,7.2245,894,58.13, -> wardrobe (58.1%)
frame_001482,-1.0,3.7995,3.5213,0.0663,7.4325,894,74.23, -> wardrobe (74.2%)
frame_001483,-1.0,3.4019,3.4485,0.0615,6.9508,894,70.76, -> wardrobe (70.8%)
frame_001484,-1.0,3.7836,3.4611,0.0653,7.352,894,77.17, -> wardrobe (77.2%)
frame_001485,-1.0,3.9156,3.5016,0.0601,7.5158,894,83.91, -> wardrobe (83.9%)
frame_001486,-1.0,3.6496,3.4046,0.058,7.1481,894,85.35, -> wardrobe (85.4%)
frame_001487,-1.0,3.8826,3.4832,0.0629,7.4723,894,82.38, -> wardrobe (82.4%)
frame_001488,-1.0,3.8122,3.4377,0.0612,7.3494,894,79.12, -> wardrobe (79.1%)
frame_001489,-1.0,3.8611,3.5065,0.0597,7.4626,894,77.38, -> wardrobe (77.4%)
frame_001490,-1.0,3.8658,3.4939,0.0563,7.4512,894,82.33, -> wardrobe (82.3%)
frame_001491,-1.0,3.6886,3.4618,0.0593,7.2477,894,86.84, -> wardrobe (86.8%)
frame_001492,-1.0,3.8865,3.5446,0.0671,7.5424,894,84.54, -> wardrobe (84.5%)
frame_001493,-1.0,3.8671,3.4885,0.0589,7.4498,894,85.22, -> wardrobe (85.2%)
frame_001494,-1.0,3.6745,3.4156,0.0603,7.189,894,84.47, -> wardrobe (84.5%)
frame_001495,-1.0,4.0748,3.4727,0.066,7.6578,894,84.49, -> wardrobe (84.5%)
frame_001496,-1.0,3.9695,3.4787,0.0579,7.5459,894,82.03, -> wardrobe (82.0%)
frame_001497,-1.0,4.0217,3.2407,0.0614,7.3635,894,81.85, -> wardrobe (81.9%)
frame_001498,-1.0,4.0319,3.4501,0.0582,7.5808,894,84.14, -> wardrobe (84.1%)
frame_001499,-1.0,3.7499,3.4378,0.0594,7.2824,894,82.81, -> wardrobe (82.8%)
frame_001500,-1.0,4.043,3.5097,0.0888,7.727,894,84.92, -> wardrobe (84.9%)
frame_001501,-1.0,3.8872,3.4737,0.0698,7.474,894,83.58, -> wardrobe (83.6%)
frame_001502,-1.0,3.7532,3.4403,0.0574,7.2877,894,83.05, -> wardrobe (83.1%)
frame_001503,-1.0,3.9307,3.6957,0.0666,7.7362,894,85.82, -> wardrobe (85.8%)
frame_001504,-1.0,3.9658,3.4365,0.0583,7.4967,894,85.81, -> wardrobe (85.8%)
frame_001505,-1.0,3.9237,3.4311,0.0603,7.472,894,85.44, -> wardrobe (85.4%)
frame_001506,-1.0,3.9207,3.4914,0.0593,7.51,894,83.04, -> wardrobe (83.0%)
frame_001507,-1.0,3.8294,3.5408,0.0776,7.4926,894,83.38, -> wardrobe (83.4%)
frame_001508,-1.0,3.8157,3.4193,0.0558,7.3274,894,85.21, -> wardrobe (85.2%)
frame_001509,-1.0,3.9958,3.398,0.0641,7.5033,894,78.92, -> wardrobe (78.9%)
frame_001510,-1.0,3.9562,3.5031,0.0597,7.5628,894,85.96, -> wardrobe (86.0%)
frame_001511,-1.0,3.9654,3.4634,0.0614,7.5316,894,82.23, -> wardrobe (82.2%)
frame_001512,-1.0,3.9688,3.4939,0.0614,7.5634,894,83.5, -> wardrobe (83.5%)
frame_001513,-1.0,3.9098,3.4949,0.0595,7.5012,894,86.08, -> wardrobe (86.1%)
frame_001514,-1.0,4.1202,3.5052,0.0619,7.7256,894,82.67, -> wardrobe (82.7%)
frame_001515,-1.0,4.0423,3.5175,0.0684,7.6999,894,83.2, -> wardrobe (83.2%)
frame_001516,-1.0,3.7837,3.5011,0.059,7.3827,894,81.51, -> wardrobe (81.5%)
frame_001517,-1.0,3.9448,3.4513,0.0624,7.4967,894,83.1, -> wardrobe (83.1%)
frame_001518,-1.0,3.8768,3.5081,0.0755,7.5421,894,83.0, -> wardrobe (83.0%)
frame_001519,-1.0,3.8547,3.3042,0.0598,7.2552,894,78.84, -> wardrobe (78.8%)
frame_001520,-1.0,3.8691,3.5382,0.0796,7.5297,894,83.53, -> wardrobe (83.5%)
frame_001521,-1.0,4.0009,3.5034,0.0609,7.6044,894,81.35, -> wardrobe (81.3%)
frame_001522,-1.0,4.0216,3.4304,0.0612,7.5518,894,85.47, -> wardrobe (85.5%)
frame_001523,-1.0,3.8366,3.5008,0.0734,7.4539,894,82.75, -> wardrobe (82.7%)
frame_001524,-1.0,3.9974,3.4478,0.0611,7.5891,894,84.85, -> wardrobe (84.9%)
frame_001525,-1.0,3.8193,3.499,0.0602,7.4156,894,86.31, -> wardrobe (86.3%)
frame_001526,-1.0,3.9356,3.4921,0.0606,7.526,894,82.99, -> wardrobe (83.0%)
frame_001527,-1.0,3.9158,3.4301,0.0626,7.4504,894,86.55, -> wardrobe (86.6%)
frame_001528,-1.0,4.1768,3.5249,0.0686,7.8164,894,84.2, -> wardrobe (84.2%)
frame_001529,-1.0,3.9511,3.4396,0.0603,7.4922,894,80.98, -> wardrobe (81.0%)
frame_001530,-1.0,3.9725,3.525,0.069,7.6082,894,81.74, -> wardrobe (81.7%)
frame_001531,-1.0,3.9596,3.4646,0.0702,7.5413,894,77.27, -> wardrobe (77.3%)
frame_001532,-1.0,3.9668,3.504,0.0648,7.5798,894,79.1, -> wardrobe (79.1%)
frame_001533,-1.0,3.8913,3.2542,0.0659,7.2533,894,79.56, -> wardrobe (79.6%)
frame_001534,-1.0,3.7892,3.4529,0.0618,7.3448,894,82.58, -> wardrobe (82.6%)
frame_001535,-1.0,4.0319,3.5198,0.0632,7.6529,894,82.91, -> wardrobe (82.9%)
frame_001536,-1.0,4.0147,3.5059,0.0621,7.626,894,82.24, -> wardrobe (82.2%)
frame_001537,-1.0,3.8186,3.4893,0.0586,7.4042,894,79.96, -> wardrobe (80.0%)
frame_001538,-1.0,3.8926,3.5193,0.0603,7.5092,894,82.82, -> wardrobe (82.8%)
frame_001539,-1.0,3.8452,3.4972,0.0621,7.444,894,83.85, -> wardrobe (83.8%)
frame_001540,-1.0,3.8765,3.5112,0.0601,7.4836,894,79.2, -> wardrobe (79.2%)
frame_001541,-1.0,3.919,3.4654,0.0811,7.5122,894,84.43, -> wardrobe (84.4%)
frame_001542,-1.0,3.701,3.4486,0.0596,7.2466,894,70.2, -> wardrobe (70.2%)
frame_001543,-1.0,2.6074,3.4098,0.063,6.1239,894,70.92, -> wardrobe (70.9%)
frame_001544,-1.0,3.9201,3.4996,0.0604,7.52,894,73.44, -> wardrobe (73.4%)
frame_001545,-1.0,3.8356,3.4447,0.0623,7.3817,894,72.96, -> wardrobe (73.0%)
frame_001546,-1.0,3.8898,3.5029,0.062,7.4926,894,84.42, -> wardrobe (84.4%)
frame_001547,-1.0,3.5674,3.4268,0.0588,7.0899,894,91.43, -> wardrobe (91.4%)
frame_001548,-1.0,3.813,3.4614,0.0592,7.3721,894,68.69, -> wardrobe (68.7%)
frame_001549,-1.0,4.0153,3.509,0.0967,7.6651,894,57.71, -> wardrobe (57.7%)
frame_001550,-1.0,3.8014,5.8331,0.0679,9.7499,894,31.88, -> wardrobe (31.9%)
frame_001551,-1.0,4.0438,3.4408,0.0594,7.5827,894,20.46, -> wardrobe (20.5%)
frame_001552,-1.0,3.9608,3.5847,0.0635,7.6488,480,25.61, -> cash machine (25.6%)
frame_001553,-1.0,3.7362,3.5097,0.0591,7.3421,480,34.93, -> cash machine (34.9%)
frame_001554,-1.0,3.9079,3.6164,0.0592,7.6368,894,30.33, -> wardrobe (30.3%)
frame_001555,-1.0,3.9933,3.4915,0.0589,7.5818,894,46.46, -> wardrobe (46.5%)
frame_001556,-1.0,3.8126,3.4962,0.0558,7.3996,894,27.37, -> wardrobe (27.4%)
frame_001557,-1.0,3.8953,3.4579,0.0587,7.4511,480,24.03, -> cash machine (24.0%)
frame_001558,-1.0,3.724,3.4417,0.0588,7.2613,480,22.6, -> cash machine (22.6%)
frame_001559,-1.0,3.581,3.4153,0.0582,7.0911,480,25.94, -> cash machine (25.9%)
frame_001560,-1.0,3.8007,3.4559,0.0595,7.3546,480,32.85, -> cash machine (32.9%)
frame_001561,-1.0,3.9132,3.4593,0.058,7.5005,480,25.69, -> cash machine (25.7%)
frame_001562,-1.0,3.8223,3.4597,0.0569,7.3743,480,21.15, -> cash machine (21.2%)
frame_001563,-1.0,3.6791,3.437,0.0577,7.2098,480,53.95, -> cash machine (53.9%)
frame_001564,-1.0,3.9753,3.5499,0.0912,7.6592,713,13.85, -> photocopier (13.9%)
frame_001565,-1.0,3.9325,3.4831,0.0575,7.5115,480,26.96, -> cash machine (27.0%)
frame_001566,-1.0,3.9184,3.5045,0.0613,7.5281,480,39.02, -> cash machine (39.0%)
frame_001567,-1.0,3.4336,3.4093,0.0666,6.9553,480,36.47, -> cash machine (36.5%)
frame_001568,-1.0,3.8968,3.4823,0.0599,7.4769,760,20.11, -> refrigerator (20.1%)
frame_001569,-1.0,3.8001,3.5236,0.0629,7.4277,480,20.35, -> cash machine (20.4%)
frame_001570,-1.0,3.8438,3.473,0.0599,7.418,480,46.91, -> cash machine (46.9%)
frame_001571,-1.0,3.6367,3.4622,0.0592,7.1937,480,40.86, -> cash machine (40.9%)
frame_001572,-1.0,3.8878,3.5045,0.0616,7.4931,480,25.69, -> cash machine (25.7%)
frame_001573,-1.0,3.9283,3.4932,0.0587,7.518,480,27.94, -> cash machine (27.9%)
frame_001574,-1.0,3.7305,3.3891,0.0603,7.2157,480,33.23, -> cash machine (33.2%)
frame_001575,-1.0,3.9742,3.4265,0.0597,7.4993,480,24.66, -> cash machine (24.7%)
frame_001576,-1.0,3.902,3.4148,0.0566,7.4085,713,15.54, -> photocopier (15.5%)
frame_001577,-1.0,3.9047,3.4918,0.0583,7.4886,480,20.5, -> cash machine (20.5%)
frame_001578,-1.0,3.4548,7.3453,0.0701,10.9191,480,54.57, -> cash machine (54.6%)
frame_001579,-1.0,3.9945,3.4856,0.0581,7.5756,480,72.05, -> cash machine (72.0%)
frame_001580,-1.0,3.8116,3.6165,0.059,7.526,480,52.65, -> cash machine (52.7%)
frame_001581,-1.0,4.0837,3.458,0.0878,7.7036,713,28.53, -> photocopier (28.5%)
frame_001582,-1.0,4.0636,4.2464,0.0621,8.4152,713,33.56, -> photocopier (33.6%)
frame_001583,-1.0,3.7847,3.4986,0.0584,7.378,713,28.83, -> photocopier (28.8%)
frame_001584,-1.0,3.9767,3.4525,0.06,7.5261,827,15.04, -> stove (15.0%)
frame_001585,-1.0,3.4193,3.4846,0.0709,7.014,480,25.39, -> cash machine (25.4%)
frame_001586,-1.0,3.3618,4.1747,0.0672,7.6412,760,11.37, -> refrigerator (11.4%)
frame_001587,-1.0,3.4046,3.4683,0.0967,7.0509,480,41.47, -> cash machine (41.5%)
frame_001588,-1.0,3.4622,8.3261,0.0738,11.9124,480,15.97, -> cash machine (16.0%)
frame_001589,-1.0,3.2411,3.3932,0.0676,6.7411,480,21.27, -> cash machine (21.3%)
frame_001590,-1.0,3.3672,3.4614,0.0675,6.9366,894,30.83, -> wardrobe (30.8%)
frame_001591,-1.0,3.4078,3.4494,0.0667,6.9592,894,14.14, -> wardrobe (14.1%)
frame_001592,-1.0,3.3904,3.4295,0.0621,6.9175,894,21.37, -> wardrobe (21.4%)
frame_001593,-1.0,3.4505,3.4665,0.0685,7.0257,713,15.97, -> photocopier (16.0%)
frame_001594,-1.0,3.6285,3.5971,0.0627,7.3244,760,18.66, -> refrigerator (18.7%)
frame_001595,-1.0,3.1788,3.4909,0.0622,6.7666,894,26.19, -> wardrobe (26.2%)
frame_001596,-1.0,3.56,3.5435,0.0725,7.2169,894,84.8, -> wardrobe (84.8%)
frame_001597,-1.0,3.4988,3.4651,0.0677,7.0681,894,88.14, -> wardrobe (88.1%)
frame_001598,-1.0,3.5399,3.585,0.0664,7.2285,894,81.94, -> wardrobe (81.9%)
frame_001599,-1.0,3.416,3.4825,0.0673,7.0031,894,76.99, -> wardrobe (77.0%)
frame_001600,-1.0,3.4826,3.4484,0.0634,7.0309,894,71.88, -> wardrobe (71.9%)
frame_001601,-1.0,3.2435,3.4483,0.064,6.791,894,75.56, -> wardrobe (75.6%)
frame_001602,-1.0,3.3338,3.5338,0.0638,6.9695,894,64.95, -> wardrobe (64.9%)
frame_001603,-1.0,3.4156,3.4433,0.0665,6.962,894,91.21, -> wardrobe (91.2%)
frame_001604,-1.0,3.2986,8.0883,0.0778,11.5113,894,84.68, -> wardrobe (84.7%)
frame_001605,-1.0,3.2562,3.4624,0.066,6.8241,894,73.2, -> wardrobe (73.2%)
frame_001606,-1.0,3.5478,3.4601,0.0647,7.1118,894,65.43, -> wardrobe (65.4%)
frame_001607,-1.0,3.2241,3.4421,0.0645,6.7661,894,59.81, -> wardrobe (59.8%)
frame_001608,-1.0,3.39,3.4436,0.0642,6.9372,894,58.7, -> wardrobe (58.7%)
frame_001609,-1.0,3.3363,3.4577,0.0666,6.8984,894,66.97, -> wardrobe (67.0%)
frame_001610,-1.0,3.4309,3.4871,0.0648,7.0193,894,48.7, -> wardrobe (48.7%)
frame_001611,-1.0,3.3692,3.3967,0.0653,6.8697,894,41.12, -> wardrobe (41.1%)
frame_001612,-1.0,3.382,3.5133,0.0634,6.995,894,30.26, -> wardrobe (30.3%)
frame_001613,-1.0,3.3321,3.4486,0.0618,6.8774,894,22.89, -> wardrobe (22.9%)
frame_001614,-1.0,3.4117,3.4291,0.0665,6.945,894,24.72, -> wardrobe (24.7%)
frame_001615,-1.0,3.6842,3.4105,0.0631,7.194,894,16.74, -> wardrobe (16.7%)
frame_001616,-1.0,3.404,3.445,0.0625,6.9478,877,13.54, -> turnstile (13.5%)
frame_001617,-1.0,3.3762,3.4416,0.0642,6.9189,877,16.73, -> turnstile (16.7%)
frame_001618,-1.0,3.312,3.4559,0.0638,6.8674,877,15.77, -> turnstile (15.8%)
frame_001619,-1.0,3.3628,3.4583,0.0647,6.9219,480,21.03, -> cash machine (21.0%)
frame_001620,-1.0,3.3815,3.5072,0.0645,6.9913,727,12.05, -> planetarium (12.1%)
frame_001621,-1.0,3.4007,3.4778,0.0624,6.9774,412,15.96, -> ashcan (16.0%)
frame_001622,-1.0,3.2342,3.4341,0.063,6.7647,771,12.75, -> safe (12.8%)
frame_001623,-1.0,3.3773,3.4427,0.0644,6.9216,771,11.99, -> safe (12.0%)
frame_001624,-1.0,3.3629,3.392,0.0647,6.8548,480,20.22, -> cash machine (20.2%)
frame_001625,-1.0,3.5572,7.9098,0.072,11.586,771,18.22, -> safe (18.2%)
frame_001626,-1.0,3.5292,3.474,0.0662,7.1102,480,26.92, -> cash machine (26.9%)
frame_001627,-1.0,3.3423,3.4539,0.0638,6.8985,877,19.21, -> turnstile (19.2%)
frame_001628,-1.0,3.4639,3.5633,0.0626,7.1267,771,22.17, -> safe (22.2%)
frame_001629,-1.0,3.3747,3.4584,0.0648,6.9359,771,18.56, -> safe (18.6%)
frame_001630,-1.0,3.3781,3.3897,0.0628,6.8667,651,14.83, -> microwave (14.8%)
frame_001631,-1.0,3.5162,3.4566,0.0666,7.0754,771,31.8, -> safe (31.8%)
frame_001632,-1.0,3.5434,3.4208,0.0665,7.068,771,18.04, -> safe (18.0%)
frame_001633,-1.0,3.5426,3.4484,0.0632,7.0911,771,18.22, -> safe (18.2%)
frame_001634,-1.0,3.4603,3.4096,0.0631,6.9678,651,8.8, -> microwave (8.8%)
frame_001635,-1.0,3.2539,3.4427,0.0642,6.7983,706,8.07, -> patio (8.1%)
frame_001636,-1.0,3.4167,3.4414,0.0634,6.956,550,7.05, -> espresso maker (7.0%)
frame_001637,-1.0,3.3423,3.455,0.0621,6.8941,550,15.79, -> espresso maker (15.8%)
frame_001638,-1.0,3.6527,4.2291,0.0702,7.9997,706,6.85, -> patio (6.9%)
frame_001639,-1.0,3.3756,3.4532,0.0667,6.9335,223,15.73, -> schipperke (15.7%)
frame_001640,-1.0,3.5284,4.2983,0.0637,7.9281,872,35.44, -> tripod (35.4%)
frame_001641,-1.0,3.5726,3.4686,0.065,7.1455,872,14.77, -> tripod (14.8%)
frame_001642,-1.0,3.2952,3.4791,0.074,6.8868,872,7.33, -> tripod (7.3%)
frame_001643,-1.0,3.4344,3.4506,0.0621,6.9847,872,5.08, -> tripod (5.1%)
frame_001644,-1.0,3.5087,3.5008,0.0646,7.1129,422,51.17, -> barbell (51.2%)
frame_001645,-1.0,3.4681,3.4546,0.0719,7.0346,422,74.52, -> barbell (74.5%)
frame_001646,-1.0,3.5138,3.4394,0.0664,7.0564,422,39.61, -> barbell (39.6%)
frame_001647,-1.0,3.6424,3.4541,0.0658,7.1998,422,60.96, -> barbell (61.0%)
frame_001648,-1.0,3.4695,3.4253,0.0629,6.9941,422,65.38, -> barbell (65.4%)
frame_001649,-1.0,3.3624,3.4449,0.0643,6.9064,422,43.96, -> barbell (44.0%)
frame_001650,-1.0,3.3238,4.0709,0.0637,7.497,422,44.6, -> barbell (44.6%)
frame_001651,-1.0,3.5029,3.3932,0.0632,6.9947,422,25.04, -> barbell (25.0%)
frame_001652,-1.0,3.4947,4.3281,0.0641,7.9221,422,50.9, -> barbell (50.9%)
frame_001653,-1.0,3.4557,3.4652,0.0644,7.0243,579,33.19, -> grand piano (33.2%)
frame_001654,-1.0,3.5444,7.9032,0.0725,11.5686,422,17.12, -> barbell (17.1%)
frame_001655,-1.0,3.3963,3.438,0.0645,6.9366,877,13.03, -> turnstile (13.0%)
frame_001656,-1.0,3.4352,7.7574,0.0739,11.3173,471,29.48, -> cannon (29.5%)
frame_001657,-1.0,3.2251,3.4304,0.073,6.7744,561,29.52, -> forklift (29.5%)
frame_001658,-1.0,3.5061,4.9954,0.0692,8.6151,471,33.14, -> cannon (33.1%)
frame_001659,-1.0,3.4174,3.4387,0.0681,6.9658,471,23.13, -> cannon (23.1%)
frame_001660,-1.0,3.4181,5.485,0.0714,9.0243,561,12.3, -> forklift (12.3%)
frame_001661,-1.0,3.454,3.4536,0.0651,7.0127,471,11.19, -> cannon (11.2%)
frame_001662,-1.0,3.4259,3.4324,0.0655,6.9626,877,50.96, -> turnstile (51.0%)
frame_001663,-1.0,3.4168,3.4628,0.064,6.9812,877,42.06, -> turnstile (42.1%)
frame_001664,-1.0,3.4295,7.5469,0.072,11.0975,877,52.56, -> turnstile (52.6%)
frame_001665,-1.0,3.4559,3.4468,0.0661,7.0092,877,28.14, -> turnstile (28.1%)
frame_001666,-1.0,3.4969,3.7285,0.0632,7.3265,877,48.96, -> turnstile (49.0%)
frame_001667,-1.0,3.3624,3.4693,0.0609,6.9279,877,42.25, -> turnstile (42.3%)
frame_001668,-1.0,3.5822,6.9195,0.0731,10.626,877,18.53, -> turnstile (18.5%)
frame_001669,-1.0,3.365,3.4428,0.0659,6.9126,877,21.69, -> turnstile (21.7%)
frame_001670,-1.0,3.3258,5.0905,0.0751,8.5701,745,18.88, -> projector (18.9%)
frame_001671,-1.0,3.4896,3.3914,0.0639,6.9883,859,8.6, -> toaster (8.6%)
frame_001672,-1.0,3.3891,3.4117,0.0623,6.9001,859,29.15, -> toaster (29.1%)
frame_001673,-1.0,3.4065,3.4566,0.0638,6.9664,859,12.13, -> toaster (12.1%)
frame_001674,-1.0,3.4748,6.2255,0.0722,9.821,745,17.21, -> projector (17.2%)
frame_001675,-1.0,3.4383,3.4435,0.0654,6.9881,877,25.56, -> turnstile (25.6%)
frame_001676,-1.0,3.4162,3.459,0.064,6.9774,745,10.0, -> projector (10.0%)
frame_001677,-1.0,3.5341,3.397,0.0657,7.0352,745,12.17, -> projector (12.2%)
frame_001678,-1.0,3.4508,4.2085,0.0682,7.7736,877,16.65, -> turnstile (16.7%)
frame_001679,-1.0,3.4716,3.4709,0.0642,7.0441,662,22.61, -> modem (22.6%)
frame_001680,-1.0,3.4525,3.4638,0.0649,7.0218,859,20.03, -> toaster (20.0%)
frame_001681,-1.0,3.5193,3.3898,0.0637,7.0108,859,10.81, -> toaster (10.8%)
frame_001682,-1.0,3.4816,4.8498,0.0674,8.4413,859,11.24, -> toaster (11.2%)
frame_001683,-1.0,3.3513,3.4596,0.0704,6.9224,877,16.9, -> turnstile (16.9%)
frame_001684,-1.0,3.4734,3.6899,0.0665,7.2713,877,37.13, -> turnstile (37.1%)
frame_001685,-1.0,3.5083,3.4487,0.067,7.0634,877,15.94, -> turnstile (15.9%)
frame_001686,-1.0,3.2841,4.2899,0.0658,7.711,877,37.56, -> turnstile (37.6%)
frame_001687,-1.0,3.5542,8.3954,0.0766,12.0813,877,27.76, -> turnstile (27.8%)
frame_001688,-1.0,3.3067,3.3917,0.0686,6.8067,877,53.48, -> turnstile (53.5%)
frame_001689,-1.0,3.5445,3.4574,0.0667,7.1085,877,54.83, -> turnstile (54.8%)
frame_001690,-1.0,3.4228,3.4518,0.0675,6.9799,877,35.2, -> turnstile (35.2%)
frame_001691,-1.0,3.4161,3.3875,0.0646,6.9048,877,21.75, -> turnstile (21.7%)
frame_001692,-1.0,3.4767,3.4091,0.0656,6.9916,526,9.88, -> desk (9.9%)
frame_001693,-1.0,3.444,3.4493,0.0631,6.9943,877,24.45, -> turnstile (24.4%)
frame_001694,-1.0,3.3161,3.457,0.0628,6.8728,877,28.04, -> turnstile (28.0%)
frame_001695,-1.0,3.5077,3.4578,0.0656,7.0698,877,33.0, -> turnstile (33.0%)
frame_001696,-1.0,3.4565,3.445,0.0645,7.0013,877,14.87, -> turnstile (14.9%)
frame_001697,-1.0,3.4341,3.4073,0.0626,6.9423,877,14.53, -> turnstile (14.5%)
frame_001698,-1.0,3.3517,3.4427,0.0632,6.8948,670,16.56, -> motor scooter (16.6%)
frame_001699,-1.0,3.3186,3.4543,0.0629,6.8723,423,21.66, -> barber chair (21.7%)
frame_001700,-1.0,3.4248,3.46,0.0676,6.9867,670,13.62, -> motor scooter (13.6%)
frame_001701,-1.0,3.3997,3.4448,0.0639,6.9486,670,14.33, -> motor scooter (14.3%)
frame_001702,-1.0,3.4849,3.4329,0.0634,7.0151,811,16.99, -> space heater (17.0%)
frame_001703,-1.0,3.5842,3.6315,0.0652,7.3172,670,16.19, -> motor scooter (16.2%)
frame_001704,-1.0,3.3348,3.4588,0.0692,6.9013,561,11.01, -> forklift (11.0%)
frame_001705,-1.0,3.5245,3.4627,0.0843,7.1195,877,16.73, -> turnstile (16.7%)
frame_001706,-1.0,3.5414,3.4634,0.0677,7.1105,422,18.97, -> barbell (19.0%)
frame_001707,-1.0,3.369,3.4254,0.0671,6.9025,561,12.61, -> forklift (12.6%)
frame_001708,-1.0,3.3989,3.44,0.0627,6.9374,766,22.75, -> rotisserie (22.8%)
frame_001709,-1.0,3.3862,3.4229,0.0646,6.9092,851,10.57, -> television (10.6%)
frame_001710,-1.0,3.3737,3.4588,0.066,6.9363,744,34.17, -> projectile (34.2%)
frame_001711,-1.0,3.4414,3.4018,0.0639,6.9433,757,8.8, -> recreational vehicle (8.8%)
frame_001712,-1.0,3.3488,3.4582,0.0611,6.9051,480,14.81, -> cash machine (14.8%)
frame_001713,-1.0,3.4028,3.248,0.0641,6.7524,561,10.71, -> forklift (10.7%)
frame_001714,-1.0,3.4143,4.3721,0.0669,7.8896,561,21.12, -> forklift (21.1%)
frame_001715,-1.0,3.3114,3.562,0.0645,6.9755,561,32.97, -> forklift (33.0%)
frame_001716,-1.0,3.3552,3.4645,0.0653,6.9218,561,32.58, -> forklift (32.6%)
frame_001717,-1.0,3.2373,3.4168,0.0662,6.7574,561,37.71, -> forklift (37.7%)
frame_001718,-1.0,3.3797,3.4625,0.0687,6.9473,561,30.9, -> forklift (30.9%)
frame_001719,-1.0,3.4993,3.4364,0.0691,7.0433,561,21.33, -> forklift (21.3%)
frame_001720,-1.0,3.3764,3.4474,0.0652,6.9259,561,22.32, -> forklift (22.3%)
frame_001721,-1.0,3.4642,3.4655,0.0655,7.0304,561,34.33, -> forklift (34.3%)
frame_001722,-1.0,3.4089,3.4661,0.0682,6.9827,561,40.72, -> forklift (40.7%)
frame_001723,-1.0,3.5249,3.4602,0.0631,7.0855,561,19.53, -> forklift (19.5%)
frame_001724,-1.0,3.2181,3.4501,0.0621,6.7657,561,51.2, -> forklift (51.2%)
frame_001725,-1.0,3.4061,3.4426,0.0658,6.9534,561,34.18, -> forklift (34.2%)
frame_001726,-1.0,3.3199,3.4652,0.0648,6.8868,561,27.44, -> forklift (27.4%)
frame_001727,-1.0,3.4214,3.4543,0.0627,6.9728,851,36.21, -> television (36.2%)
frame_001728,-1.0,3.471,3.4875,0.064,7.0604,851,20.42, -> television (20.4%)
frame_001729,-1.0,3.3207,3.4637,0.0647,6.8842,851,27.67, -> television (27.7%)
frame_001730,-1.0,3.2941,3.4405,0.0618,6.8293,851,42.0, -> television (42.0%)
frame_001731,-1.0,3.2842,3.4086,0.0656,6.7973,561,36.67, -> forklift (36.7%)
frame_001732,-1.0,3.5302,3.4644,0.0662,7.0957,561,26.48, -> forklift (26.5%)
frame_001733,-1.0,3.5294,3.4558,0.0622,7.0839,561,37.03, -> forklift (37.0%)
frame_001734,-1.0,3.491,3.4907,0.067,7.0865,561,22.43, -> forklift (22.4%)
frame_001735,-1.0,3.4572,3.448,0.0665,7.0101,561,62.69, -> forklift (62.7%)
frame_001736,-1.0,3.3801,3.4181,0.0628,6.896,561,75.88, -> forklift (75.9%)
frame_001737,-1.0,3.4325,3.5372,0.0663,7.074,561,39.89, -> forklift (39.9%)
frame_001738,-1.0,3.5238,3.4557,0.0601,7.0761,561,34.25, -> forklift (34.2%)
frame_001739,-1.0,3.4347,3.4675,0.0655,7.0027,561,60.37, -> forklift (60.4%)
frame_001740,-1.0,3.3107,3.4507,0.0658,6.8639,561,57.09, -> forklift (57.1%)
frame_001741,-1.0,3.4175,3.4038,0.0629,6.9194,561,37.49, -> forklift (37.5%)
frame_001742,-1.0,3.303,3.4381,0.0619,6.8371,561,21.49, -> forklift (21.5%)
frame_001743,-1.0,3.5043,3.4569,0.0666,7.0656,422,25.99, -> barbell (26.0%)
frame_001744,-1.0,3.3652,3.3983,0.0623,6.8605,561,35.29, -> forklift (35.3%)
frame_001745,-1.0,3.4479,3.4547,0.0627,7.0001,561,45.68, -> forklift (45.7%)
frame_001746,-1.0,3.5953,3.4609,0.0638,7.1562,561,31.92, -> forklift (31.9%)
frame_001747,-1.0,3.4456,3.4461,0.0623,6.9895,561,38.56, -> forklift (38.6%)
frame_001748,-1.0,3.3822,3.4092,0.0641,6.8901,561,45.39, -> forklift (45.4%)
frame_001749,-1.0,3.3028,3.4453,0.0682,6.8534,561,49.2, -> forklift (49.2%)
frame_001750,-1.0,3.5324,3.4455,0.0631,7.0759,561,39.84, -> forklift (39.8%)
frame_001751,-1.0,3.5069,3.463,0.0656,7.07,561,48.35, -> forklift (48.3%)
frame_001752,-1.0,3.3963,3.4586,0.0668,6.958,561,54.14, -> forklift (54.1%)
frame_001753,-1.0,3.4541,3.5797,0.0671,7.1384,561,58.3, -> forklift (58.3%)
frame_001754,-1.0,3.5048,3.4109,0.0652,7.0168,561,60.99, -> forklift (61.0%)
frame_001755,-1.0,3.4359,3.3967,0.0657,6.9349,561,57.88, -> forklift (57.9%)
frame_001756,-1.0,3.6304,3.4438,0.0704,7.1808,561,36.48, -> forklift (36.5%)
frame_001757,-1.0,3.2523,8.3684,0.0734,11.7413,561,33.24, -> forklift (33.2%)
frame_001758,-1.0,3.5901,3.456,0.0665,7.1536,561,45.61, -> forklift (45.6%)
frame_001759,-1.0,3.6221,3.4005,0.0636,7.1245,561,18.28, -> forklift (18.3%)
frame_001760,-1.0,3.4003,3.4627,0.063,6.9631,561,17.04, -> forklift (17.0%)
frame_001761,-1.0,3.4236,7.8622,0.0723,11.4085,561,16.23, -> forklift (16.2%)
frame_001762,-1.0,3.4402,3.453,0.0646,6.9984,561,20.42, -> forklift (20.4%)
frame_001763,-1.0,3.4452,3.4418,0.0953,7.054,561,21.36, -> forklift (21.4%)
frame_001764,-1.0,3.3644,3.4606,0.0649,6.9294,561,26.8, -> forklift (26.8%)
frame_001765,-1.0,3.3193,3.4011,0.073,6.8349,561,44.2, -> forklift (44.2%)
frame_001766,-1.0,3.2763,3.4403,0.0623,6.8142,561,39.97, -> forklift (40.0%)
frame_001767,-1.0,3.3703,3.3887,0.0634,6.8619,561,42.3, -> forklift (42.3%)
frame_001768,-1.0,3.2005,3.2508,0.0631,6.5507,561,47.03, -> forklift (47.0%)
frame_001769,-1.0,3.2499,3.5289,0.0614,6.8765,561,42.6, -> forklift (42.6%)
frame_001770,-1.0,3.3889,3.4497,0.0645,6.9429,561,46.97, -> forklift (47.0%)
frame_001771,-1.0,3.1084,6.2106,0.0712,9.4377,561,43.15, -> forklift (43.2%)
frame_001772,-1.0,3.31,3.4318,0.0729,6.8578,561,42.86, -> forklift (42.9%)
frame_001773,-1.0,3.276,3.4801,0.0652,6.8619,561,44.87, -> forklift (44.9%)
frame_001774,-1.0,3.2811,4.0456,0.0632,7.4268,561,39.96, -> forklift (40.0%)
frame_001775,-1.0,3.2859,3.3981,0.0619,6.7833,561,40.39, -> forklift (40.4%)
frame_001776,-1.0,3.4567,3.4562,0.0631,7.0148,561,39.53, -> forklift (39.5%)
frame_001777,-1.0,3.3966,3.4564,0.0621,6.9522,561,36.89, -> forklift (36.9%)
frame_001778,-1.0,3.3408,3.393,0.0599,6.8283,561,41.38, -> forklift (41.4%)
frame_001779,-1.0,3.3913,3.4641,0.0637,6.9576,561,44.76, -> forklift (44.8%)
frame_001780,-1.0,3.3373,7.2982,0.0724,10.7584,561,41.05, -> forklift (41.1%)
frame_001781,-1.0,3.368,3.3832,0.0629,6.8572,561,39.83, -> forklift (39.8%)
frame_001782,-1.0,3.4405,3.4406,0.0642,6.9853,561,39.11, -> forklift (39.1%)
frame_001783,-1.0,3.314,8.0813,0.0733,11.5182,561,35.64, -> forklift (35.6%)
frame_001784,-1.0,3.4053,3.4465,0.0648,6.9545,561,31.36, -> forklift (31.4%)
frame_001785,-1.0,3.5527,3.4865,0.0674,7.1478,561,35.95, -> forklift (35.9%)
frame_001786,-1.0,3.4916,3.4481,0.0637,7.0427,561,41.16, -> forklift (41.2%)
frame_001787,-1.0,3.4198,5.5357,0.0884,9.0929,561,17.45, -> forklift (17.5%)
frame_001788,-1.0,3.2589,3.4385,0.0651,6.8027,561,65.6, -> forklift (65.6%)
frame_001789,-1.0,3.3086,3.3975,0.065,6.8122,561,33.16, -> forklift (33.2%)
frame_001790,-1.0,3.2095,3.4647,0.0631,6.7742,561,39.11, -> forklift (39.1%)
frame_001791,-1.0,3.3767,6.4734,0.0704,9.9702,561,63.46, -> forklift (63.5%)
frame_001792,-1.0,3.4247,3.4558,0.0636,6.983,561,73.39, -> forklift (73.4%)
frame_001793,-1.0,3.3454,4.2032,0.063,7.6508,422,45.55, -> barbell (45.6%)
frame_001794,-1.0,3.4584,3.4452,0.0634,7.0066,561,27.84, -> forklift (27.8%)
frame_001795,-1.0,3.257,3.4681,0.0723,6.8377,561,49.41, -> forklift (49.4%)
frame_001796,-1.0,2.9689,3.4566,0.0842,6.5629,561,71.52, -> forklift (71.5%)
frame_001797,-1.0,4.6742,3.5153,0.0782,8.3151,561,47.06, -> forklift (47.1%)
frame_001798,-1.0,4.5412,3.5111,0.0707,8.1705,867,28.76, -> trailer truck (28.8%)
frame_001799,-1.0,4.7767,3.3988,0.0679,8.2895,867,61.98, -> trailer truck (62.0%)
frame_001800,-1.0,4.527,3.5445,0.0678,8.1862,867,53.64, -> trailer truck (53.6%)
frame_001801,-1.0,4.6332,3.4385,0.0664,8.1831,867,51.24, -> trailer truck (51.2%)
frame_001802,-1.0,4.4708,3.4022,0.0664,7.984,867,54.7, -> trailer truck (54.7%)
frame_001803,-1.0,5.0227,3.8082,0.066,8.9439,867,47.0, -> trailer truck (47.0%)
frame_001804,-1.0,4.5894,3.4992,0.0667,8.2,867,44.3, -> trailer truck (44.3%)
frame_001805,-1.0,4.694,8.1651,0.0805,12.9984,867,44.86, -> trailer truck (44.9%)
frame_001806,-1.0,4.7567,3.4337,0.0671,8.3038,867,39.48, -> trailer truck (39.5%)
frame_001807,-1.0,4.5632,6.4061,0.0742,11.0951,867,37.79, -> trailer truck (37.8%)
frame_001808,-1.0,4.6392,3.4804,0.0691,8.2363,867,43.3, -> trailer truck (43.3%)
frame_001809,-1.0,3.8577,3.4325,0.0726,7.4134,867,42.38, -> trailer truck (42.4%)
frame_001810,-1.0,5.1115,3.4132,0.0773,8.6522,867,41.23, -> trailer truck (41.2%)
frame_001811,-1.0,3.572,3.4717,0.0648,7.1546,867,36.56, -> trailer truck (36.6%)
frame_001812,-1.0,3.1569,3.4142,0.0646,6.6813,867,37.76, -> trailer truck (37.8%)
frame_001813,-1.0,3.443,3.359,0.0637,6.9109,867,33.43, -> trailer truck (33.4%)
frame_001814,-1.0,3.3715,3.3383,0.0644,6.8181,867,31.96, -> trailer truck (32.0%)
frame_001815,-1.0,3.4848,4.2968,0.0648,7.8919,867,35.56, -> trailer truck (35.6%)
frame_001816,-1.0,3.9084,3.4149,0.0646,7.4321,867,37.53, -> trailer truck (37.5%)
frame_001817,-1.0,3.3331,7.5435,0.0669,10.9975,867,38.85, -> trailer truck (38.8%)
frame_001818,-1.0,3.9122,3.3865,0.0653,7.4111,867,37.91, -> trailer truck (37.9%)
frame_001819,-1.0,3.7139,3.5055,0.0664,7.332,867,39.31, -> trailer truck (39.3%)
frame_001820,-1.0,3.9931,3.4019,0.0656,7.5059,867,39.3, -> trailer truck (39.3%)
frame_001821,-1.0,3.8369,7.7965,0.07,11.7553,867,39.4, -> trailer truck (39.4%)
frame_001822,-1.0,4.0094,3.3395,0.0647,7.4593,867,38.35, -> trailer truck (38.4%)
frame_001823,-1.0,3.7654,3.3461,0.0658,7.2246,867,35.52, -> trailer truck (35.5%)
frame_001824,-1.0,4.3834,3.4035,0.0646,7.8988,867,35.46, -> trailer truck (35.5%)
frame_001825,-1.0,3.8581,3.3822,0.0668,7.3531,867,34.39, -> trailer truck (34.4%)
frame_001826,-1.0,3.9643,3.402,0.0659,7.4788,867,31.2, -> trailer truck (31.2%)
frame_001827,-1.0,3.6996,3.4121,0.066,7.2216,867,44.73, -> trailer truck (44.7%)
frame_001828,-1.0,3.9912,3.41,0.0648,7.5113,867,42.54, -> trailer truck (42.5%)
frame_001829,-1.0,3.906,3.3806,0.064,7.3947,867,43.67, -> trailer truck (43.7%)
frame_001830,-1.0,3.9961,3.4005,0.0673,7.5113,867,43.77, -> trailer truck (43.8%)
frame_001831,-1.0,3.9426,3.3566,0.0664,7.413,867,42.45, -> trailer truck (42.5%)
frame_001832,-1.0,3.7053,3.3867,0.0667,7.2063,867,40.06, -> trailer truck (40.1%)
frame_001833,-1.0,3.7257,8.2499,0.0693,12.0944,867,40.37, -> trailer truck (40.4%)
frame_001834,-1.0,3.8687,3.3909,0.0645,7.3708,867,44.23, -> trailer truck (44.2%)
frame_001835,-1.0,3.7217,3.3334,0.0674,7.1689,867,45.5, -> trailer truck (45.5%)
frame_001836,-1.0,3.9195,3.3964,0.0651,7.4274,867,49.48, -> trailer truck (49.5%)
frame_001837,-1.0,3.9138,3.4091,0.0652,7.4332,867,44.19, -> trailer truck (44.2%)
frame_001838,-1.0,3.819,3.3356,0.0656,7.265,867,42.14, -> trailer truck (42.1%)
frame_001839,-1.0,3.8228,3.3923,0.0686,7.3318,867,37.95, -> trailer truck (38.0%)
frame_001840,-1.0,4.0693,3.3995,0.0662,7.581,867,39.05, -> trailer truck (39.0%)
frame_001841,-1.0,3.7642,4.6357,0.0647,8.5099,867,40.76, -> trailer truck (40.8%)
frame_001842,-1.0,4.1033,3.3979,0.0666,7.6126,867,39.2, -> trailer truck (39.2%)
frame_001843,-1.0,3.6837,7.6452,0.069,11.446,867,39.68, -> trailer truck (39.7%)
frame_001844,-1.0,3.9033,3.3862,0.0668,7.401,867,40.14, -> trailer truck (40.1%)
frame_001845,-1.0,3.7424,8.2563,0.0699,12.1194,867,39.11, -> trailer truck (39.1%)
frame_001846,-1.0,4.7154,3.3907,0.0651,8.2155,867,34.14, -> trailer truck (34.1%)
frame_001847,-1.0,3.9988,7.819,0.0702,11.9379,867,34.38, -> trailer truck (34.4%)
frame_001848,-1.0,3.7982,3.3834,0.0662,7.2952,867,39.95, -> trailer truck (39.9%)
frame_001849,-1.0,3.8983,3.3433,0.0668,7.3554,867,37.68, -> trailer truck (37.7%)
frame_001850,-1.0,3.7042,3.3946,0.0642,7.2086,867,38.11, -> trailer truck (38.1%)
frame_001851,-1.0,3.9833,3.4505,0.0649,7.5432,867,39.79, -> trailer truck (39.8%)
frame_001852,-1.0,3.6639,3.3967,0.0649,7.1731,867,41.39, -> trailer truck (41.4%)
frame_001853,-1.0,3.8468,7.5989,0.0708,11.5651,867,41.59, -> trailer truck (41.6%)
frame_001854,-1.0,3.8118,3.404,0.0663,7.3295,867,41.97, -> trailer truck (42.0%)
frame_001855,-1.0,3.8089,6.5287,0.0694,10.457,867,43.02, -> trailer truck (43.0%)
frame_001856,-1.0,3.9804,3.3953,0.0649,7.4876,867,39.36, -> trailer truck (39.4%)
frame_001857,-1.0,3.9134,3.3941,0.0628,7.4162,867,50.62, -> trailer truck (50.6%)
frame_001858,-1.0,3.7142,3.3422,0.0662,7.1666,867,53.6, -> trailer truck (53.6%)
frame_001859,-1.0,3.8904,3.5347,0.0655,7.535,867,48.92, -> trailer truck (48.9%)
frame_001860,-1.0,3.7378,3.4081,0.0642,7.2591,867,48.32, -> trailer truck (48.3%)
frame_001861,-1.0,3.7429,5.2396,0.0656,9.0947,867,50.58, -> trailer truck (50.6%)
frame_001862,-1.0,4.0543,3.4041,0.0649,7.5675,867,48.15, -> trailer truck (48.1%)
frame_001863,-1.0,3.8998,3.4002,0.0664,7.4116,867,46.27, -> trailer truck (46.3%)
frame_001864,-1.0,3.8538,3.4011,0.0667,7.3672,867,47.77, -> trailer truck (47.8%)
frame_001865,-1.0,3.8275,3.874,0.0651,7.8146,867,43.77, -> trailer truck (43.8%)
frame_001866,-1.0,3.8309,3.4116,0.0648,7.3539,867,46.81, -> trailer truck (46.8%)
frame_001867,-1.0,3.8629,5.132,0.0635,9.1043,867,44.85, -> trailer truck (44.9%)
frame_001868,-1.0,3.818,3.38,0.0623,7.3065,867,45.57, -> trailer truck (45.6%)
frame_001869,-1.0,3.8407,3.4018,0.0633,7.3518,867,45.14, -> trailer truck (45.1%)
frame_001870,-1.0,4.0567,3.3999,0.0653,7.5657,867,48.1, -> trailer truck (48.1%)
frame_001871,-1.0,3.7465,6.5993,0.0777,10.4727,867,45.89, -> trailer truck (45.9%)
frame_001872,-1.0,3.9481,3.3342,0.0652,7.3954,867,48.37, -> trailer truck (48.4%)
frame_001873,-1.0,3.7349,3.3965,0.0645,7.2433,867,44.96, -> trailer truck (45.0%)
frame_001874,-1.0,4.1186,3.4155,0.07,7.6556,867,44.38, -> trailer truck (44.4%)
frame_001875,-1.0,7.5348,3.8415,0.11,11.528,598,59.83, -> home theater (59.8%)
frame_001876,-1.0,3.9251,3.5266,0.1265,7.6178,598,62.64, -> home theater (62.6%)
frame_001877,-1.0,4.8712,3.5101,0.1315,8.5527,598,66.29, -> home theater (66.3%)
frame_001878,-1.0,6.356,3.3055,0.1056,9.8107,598,61.64, -> home theater (61.6%)
frame_001879,-1.0,5.5403,3.9047,0.0873,9.5756,598,69.49, -> home theater (69.5%)
frame_001880,-1.0,2.6149,3.3526,0.0602,6.0653,598,69.91, -> home theater (69.9%)
frame_001881,-1.0,3.8377,3.4306,0.0718,7.3805,598,72.69, -> home theater (72.7%)
frame_001882,-1.0,4.2187,6.384,0.0708,10.724,598,66.93, -> home theater (66.9%)
frame_001883,-1.0,4.784,3.5493,0.0669,8.4431,598,69.98, -> home theater (70.0%)
frame_001884,-1.0,4.7508,7.5601,0.067,12.4248,598,71.04, -> home theater (71.0%)
frame_001885,-1.0,5.746,3.4109,0.0681,9.2712,598,70.61, -> home theater (70.6%)
frame_001886,-1.0,5.2039,3.5994,0.0634,8.912,598,68.24, -> home theater (68.2%)
frame_001887,-1.0,5.4398,3.5298,0.0621,9.0763,598,71.56, -> home theater (71.6%)
frame_001888,-1.0,4.9989,3.6361,0.0618,8.7414,598,66.94, -> home theater (66.9%)
frame_001889,-1.0,5.4217,3.478,0.0636,9.0064,598,63.71, -> home theater (63.7%)
frame_001890,-1.0,4.6666,3.6619,0.0656,8.4402,598,63.72, -> home theater (63.7%)
frame_001891,-1.0,4.6342,3.4894,0.0624,8.2319,598,66.34, -> home theater (66.3%)
frame_001892,-1.0,4.8301,3.4921,0.0662,8.4315,598,65.75, -> home theater (65.8%)
frame_001893,-1.0,5.9735,3.4369,0.061,9.5152,598,64.65, -> home theater (64.7%)
frame_001894,-1.0,4.4375,3.3814,0.0601,7.9248,598,65.94, -> home theater (65.9%)
frame_001895,-1.0,5.2772,3.4809,0.0601,8.861,598,66.57, -> home theater (66.6%)
frame_001896,-1.0,5.3029,3.4665,0.0626,8.8743,598,65.83, -> home theater (65.8%)
frame_001897,-1.0,5.1065,3.5482,0.0634,8.7636,598,66.98, -> home theater (67.0%)
frame_001898,-1.0,5.7782,3.483,0.0616,9.3672,598,64.68, -> home theater (64.7%)
frame_001899,-1.0,5.3452,3.5427,0.0669,9.0002,598,65.42, -> home theater (65.4%)
frame_001900,-1.0,5.3974,8.2291,0.0659,13.7422,598,64.65, -> home theater (64.7%)
frame_001901,-1.0,5.4457,3.5423,0.059,9.0905,598,64.84, -> home theater (64.8%)
frame_001902,-1.0,5.2357,3.591,0.0616,8.9313,598,63.47, -> home theater (63.5%)
frame_001903,-1.0,5.1338,3.4339,0.0609,8.6751,598,64.21, -> home theater (64.2%)
frame_001904,-1.0,4.647,3.3698,0.0606,8.1216,598,63.42, -> home theater (63.4%)
frame_001905,-1.0,5.2714,3.52,0.0595,8.8931,598,62.39, -> home theater (62.4%)
frame_001906,-1.0,5.4797,4.0096,0.0616,9.5962,598,61.63, -> home theater (61.6%)
frame_001907,-1.0,5.1609,3.4994,0.0625,8.766,598,60.44, -> home theater (60.4%)
frame_001908,-1.0,5.4531,3.4813,0.0673,9.0476,598,60.3, -> home theater (60.3%)
frame_001909,-1.0,5.8848,3.5726,0.0667,9.5743,598,57.97, -> home theater (58.0%)
frame_001910,-1.0,5.3157,7.7552,0.065,13.1828,598,56.78, -> home theater (56.8%)
frame_001911,-1.0,5.0835,3.5375,0.07,8.7389,598,60.07, -> home theater (60.1%)
frame_001912,-1.0,4.9274,3.539,0.0662,8.5797,598,58.46, -> home theater (58.5%)
frame_001913,-1.0,6.0722,3.5015,0.0631,9.6813,598,60.53, -> home theater (60.5%)
frame_001914,-1.0,5.4279,8.1737,0.0696,13.7206,598,66.37, -> home theater (66.4%)
frame_001915,-1.0,5.6816,3.4513,0.0623,9.2425,598,64.25, -> home theater (64.3%)
frame_001916,-1.0,5.1107,3.5176,0.0617,8.7357,598,63.87, -> home theater (63.9%)
frame_001917,-1.0,5.8235,3.5533,0.0658,9.4872,598,68.11, -> home theater (68.1%)
frame_001918,-1.0,5.7296,3.5358,0.0613,9.3741,598,63.79, -> home theater (63.8%)
frame_001919,-1.0,4.3793,3.3822,0.0622,7.8679,598,63.65, -> home theater (63.6%)
frame_001920,-1.0,5.3822,7.4597,0.0649,12.9512,598,63.63, -> home theater (63.6%)
frame_001921,-1.0,5.3241,3.4029,0.0603,8.833,598,65.0, -> home theater (65.0%)
frame_001922,-1.0,5.4801,3.494,0.0629,9.0814,598,67.64, -> home theater (67.6%)
frame_001923,-1.0,5.4945,3.5515,0.0619,9.1524,598,64.48, -> home theater (64.5%)
frame_001924,-1.0,5.6607,6.9325,0.0655,12.7096,598,68.04, -> home theater (68.0%)
frame_001925,-1.0,5.7789,3.4977,0.0623,9.3834,598,68.49, -> home theater (68.5%)
frame_001926,-1.0,5.5368,3.6299,0.0663,9.2798,598,64.05, -> home theater (64.1%)
frame_001927,-1.0,5.2262,3.4932,0.0655,8.8332,598,68.42, -> home theater (68.4%)
frame_001928,-1.0,4.5982,7.5999,0.0678,12.3166,598,63.11, -> home theater (63.1%)
frame_001929,-1.0,5.5271,3.4066,0.0619,9.0414,598,61.75, -> home theater (61.8%)
frame_001930,-1.0,5.6168,5.9867,0.0626,11.7134,598,66.57, -> home theater (66.6%)
frame_001931,-1.0,4.8031,3.3699,0.0642,8.2832,598,63.1, -> home theater (63.1%)
frame_001932,-1.0,5.887,3.5774,0.0603,9.5679,598,64.92, -> home theater (64.9%)
frame_001933,-1.0,5.522,3.3944,0.0606,9.0237,598,65.98, -> home theater (66.0%)
frame_001934,-1.0,5.5295,3.5422,0.0645,9.1823,598,60.43, -> home theater (60.4%)
frame_001935,-1.0,5.5814,3.5516,0.0605,9.2366,598,59.71, -> home theater (59.7%)
frame_001936,-1.0,5.6345,4.0787,0.0605,9.821,598,60.96, -> home theater (61.0%)
frame_001937,-1.0,5.3885,3.5419,0.0602,9.0358,598,64.61, -> home theater (64.6%)
frame_001938,-1.0,5.3915,3.6467,0.0621,9.1443,598,64.81, -> home theater (64.8%)
frame_001939,-1.0,6.3396,3.4459,0.0603,9.8927,598,59.69, -> home theater (59.7%)
frame_001940,-1.0,5.3925,3.5016,0.0617,9.0004,598,63.46, -> home theater (63.5%)
frame_001941,-1.0,5.7871,3.5269,0.0628,9.422,598,59.98, -> home theater (60.0%)
frame_001942,-1.0,5.4517,3.5844,0.0602,9.1418,598,62.65, -> home theater (62.6%)
frame_001943,-1.0,5.8294,3.5357,0.0606,9.4744,598,61.99, -> home theater (62.0%)
frame_001944,-1.0,5.2604,6.2992,0.0655,11.6747,598,64.58, -> home theater (64.6%)
frame_001945,-1.0,5.6681,3.5277,0.0707,9.3196,598,65.22, -> home theater (65.2%)
frame_001946,-1.0,5.7674,3.4513,0.0597,9.3224,598,67.3, -> home theater (67.3%)
frame_001947,-1.0,5.1425,3.5253,0.0618,8.7733,598,67.55, -> home theater (67.5%)
frame_001948,-1.0,5.3483,3.4917,0.0606,8.9463,598,68.81, -> home theater (68.8%)
frame_001949,-1.0,5.2697,3.5473,0.0714,8.9377,598,67.04, -> home theater (67.0%)
frame_001950,-1.0,5.2672,3.5376,0.0607,8.91,598,66.45, -> home theater (66.5%)
frame_001951,-1.0,5.3798,3.4826,0.0607,8.9676,598,71.2, -> home theater (71.2%)
frame_001952,-1.0,5.5809,6.2654,0.0654,11.962,598,65.61, -> home theater (65.6%)
frame_001953,-1.0,5.5433,3.5543,0.0662,9.2123,598,70.4, -> home theater (70.4%)
frame_001954,-1.0,5.9571,3.5201,0.0697,9.5968,598,68.98, -> home theater (69.0%)
frame_001955,-1.0,5.5173,3.4699,0.0607,9.0935,598,69.57, -> home theater (69.6%)
frame_001956,-1.0,5.5193,3.5436,0.0674,9.1768,598,69.46, -> home theater (69.5%)
frame_001957,-1.0,5.5448,3.5402,0.0601,9.1951,598,66.82, -> home theater (66.8%)
frame_001958,-1.0,5.4848,6.7146,0.0673,12.3156,598,69.59, -> home theater (69.6%)
frame_001959,-1.0,6.0072,3.4694,0.0626,9.5857,598,68.88, -> home theater (68.9%)
frame_001960,-1.0,5.4573,3.2258,0.061,8.792,598,67.22, -> home theater (67.2%)
frame_001961,-1.0,4.5127,3.4611,0.0669,8.0905,598,64.17, -> home theater (64.2%)
frame_001962,-1.0,3.8335,6.8991,0.0723,10.8585,598,65.94, -> home theater (65.9%)
frame_001963,-1.0,5.8668,3.4617,0.0643,9.4405,598,64.42, -> home theater (64.4%)
frame_001964,-1.0,5.3956,3.5506,0.0764,9.0748,598,71.34, -> home theater (71.3%)
frame_001965,-1.0,5.0755,3.5178,0.0613,8.6976,598,70.4, -> home theater (70.4%)
frame_001966,-1.0,5.2505,3.4868,0.062,8.8459,598,70.82, -> home theater (70.8%)
frame_001967,-1.0,5.0215,3.5286,0.0596,8.6542,598,71.67, -> home theater (71.7%)
frame_001968,-1.0,5.082,3.4939,0.0613,8.6805,598,73.3, -> home theater (73.3%)
frame_001969,-1.0,5.3518,3.5262,0.0605,8.9843,598,66.03, -> home theater (66.0%)
frame_001970,-1.0,5.1431,5.6296,0.0606,10.876,423,14.84, -> barber chair (14.8%)
frame_001971,-1.0,6.1024,3.406,0.0603,9.6112,526,23.61, -> desk (23.6%)
frame_001972,-1.0,6.0456,3.3701,0.06,9.5227,598,27.54, -> home theater (27.5%)
frame_001973,-1.0,4.9834,3.4517,0.0883,8.577,526,25.31, -> desk (25.3%)
frame_001974,-1.0,4.9535,3.2798,0.0851,8.3739,526,45.25, -> desk (45.3%)
frame_001975,-1.0,4.871,3.3211,0.0597,8.2965,526,28.6, -> desk (28.6%)
frame_001976,-1.0,4.8263,3.4868,0.0651,8.422,526,40.13, -> desk (40.1%)
frame_001977,-1.0,4.1521,3.3766,0.0599,7.6313,526,45.19, -> desk (45.2%)
frame_001978,-1.0,5.1637,7.8296,0.0645,13.1092,526,40.03, -> desk (40.0%)
frame_001979,-1.0,5.434,3.444,0.0606,8.9821,526,41.42, -> desk (41.4%)
frame_001980,-1.0,5.1555,3.5112,0.0653,8.778,526,32.76, -> desk (32.8%)
frame_001981,-1.0,4.8274,3.5302,0.0585,8.4619,526,35.74, -> desk (35.7%)
frame_001982,-1.0,4.9783,5.4235,0.0604,10.504,526,30.26, -> desk (30.3%)
frame_001983,-1.0,5.1165,3.6922,0.0586,8.9112,526,43.64, -> desk (43.6%)
frame_001984,-1.0,4.8565,4.7591,0.0598,9.7207,526,32.54, -> desk (32.5%)
frame_001985,-1.0,4.9561,3.5313,0.0598,8.5903,526,31.69, -> desk (31.7%)
frame_001986,-1.0,4.9518,3.4696,0.0602,8.5246,526,36.49, -> desk (36.5%)
frame_001987,-1.0,4.7957,3.4304,0.0832,8.3589,526,41.91, -> desk (41.9%)
frame_001988,-1.0,4.7371,7.1087,0.0662,11.9618,526,69.37, -> desk (69.4%)
frame_001989,-1.0,6.1442,3.5037,0.0699,9.7643,526,67.26, -> desk (67.3%)
frame_001990,-1.0,5.7068,3.2381,0.0773,9.0746,526,45.82, -> desk (45.8%)
frame_001991,-1.0,4.8008,3.5036,0.0579,8.4055,526,66.97, -> desk (67.0%)
frame_001992,-1.0,4.6752,6.8232,0.0657,11.6121,526,51.5, -> desk (51.5%)
frame_001993,-1.0,4.9932,3.4804,0.0602,8.5804,526,62.62, -> desk (62.6%)
frame_001994,-1.0,4.7918,3.4492,0.0596,8.345,526,58.96, -> desk (59.0%)
frame_001995,-1.0,4.7647,3.4405,0.0601,8.3083,526,50.05, -> desk (50.1%)
frame_001996,-1.0,4.8006,3.4481,0.0879,8.3968,526,44.15, -> desk (44.2%)
frame_001997,-1.0,4.7734,3.4577,0.0595,8.3342,526,43.21, -> desk (43.2%)
frame_001998,-1.0,5.7361,4.5623,0.0594,10.4015,526,71.48, -> desk (71.5%)
frame_001999,-1.0,4.7949,3.378,0.084,8.3125,877,51.66, -> turnstile (51.7%)
frame_002000,-1.0,4.8311,4.9167,0.0595,9.85,877,50.17, -> turnstile (50.2%)
frame_002001,-1.0,4.5425,3.5101,0.0604,8.157,526,33.3, -> desk (33.3%)
frame_002002,-1.0,4.8143,3.6889,0.0588,8.6077,526,40.79, -> desk (40.8%)
frame_002003,-1.0,4.5623,3.4916,0.0815,8.1853,526,69.11, -> desk (69.1%)
frame_002004,-1.0,5.3238,3.4038,0.0602,8.8331,526,71.63, -> desk (71.6%)
frame_002005,-1.0,5.0068,3.4392,0.0584,8.5501,526,55.93, -> desk (55.9%)
frame_002006,-1.0,4.7011,3.3843,0.0812,8.219,526,62.44, -> desk (62.4%)
frame_002007,-1.0,4.6543,7.6265,0.0646,12.3956,526,47.69, -> desk (47.7%)
frame_002008,-1.0,4.9379,3.4926,0.0596,8.5358,526,44.14, -> desk (44.1%)
frame_002009,-1.0,4.8536,3.6263,0.0595,8.5843,526,31.33, -> desk (31.3%)
frame_002010,-1.0,4.7146,3.5227,0.079,8.3609,877,42.53, -> turnstile (42.5%)
frame_002011,-1.0,5.6781,3.3605,0.0588,9.1429,877,45.63, -> turnstile (45.6%)
frame_002012,-1.0,4.7448,4.5031,0.0593,9.3502,526,48.85, -> desk (48.9%)
frame_002013,-1.0,4.7402,3.501,0.0594,8.3488,526,63.74, -> desk (63.7%)
frame_002014,-1.0,4.5527,6.4727,0.059,11.1294,526,40.71, -> desk (40.7%)
frame_002015,-1.0,4.8068,3.469,0.0719,8.3962,526,41.3, -> desk (41.3%)
frame_002016,-1.0,4.7569,3.4365,0.063,8.3013,526,39.55, -> desk (39.6%)
frame_002017,-1.0,4.6834,3.5173,0.0932,8.3546,877,36.91, -> turnstile (36.9%)
frame_002018,-1.0,4.6943,3.4523,0.0605,8.2512,877,51.42, -> turnstile (51.4%)
frame_002019,-1.0,5.4929,5.8979,0.061,11.4953,526,52.22, -> desk (52.2%)
frame_002020,-1.0,5.4724,3.5114,0.1001,9.1482,526,54.27, -> desk (54.3%)
frame_002021,-1.0,5.0456,3.6304,0.0579,8.7784,526,67.23, -> desk (67.2%)
frame_002022,-1.0,5.4596,3.3828,0.0616,8.9473,526,47.81, -> desk (47.8%)
frame_002023,-1.0,4.5412,3.4611,0.0669,8.1168,877,65.6, -> turnstile (65.6%)
frame_002024,-1.0,5.177,3.496,0.0637,8.7792,877,25.68, -> turnstile (25.7%)
frame_002025,-1.0,4.7033,3.3623,0.0582,8.167,877,19.5, -> turnstile (19.5%)
frame_002026,-1.0,4.4711,3.4441,0.0578,8.0176,527,39.76, -> desktop computer (39.8%)
frame_002027,-1.0,4.7267,3.4486,0.0636,8.2874,526,19.97, -> desk (20.0%)
frame_002028,-1.0,4.4706,3.4866,0.059,8.059,877,40.77, -> turnstile (40.8%)
frame_002029,-1.0,4.6721,3.4886,0.0799,8.2937,877,12.53, -> turnstile (12.5%)
frame_002030,-1.0,4.5389,3.3056,0.0609,7.9487,877,20.96, -> turnstile (21.0%)
frame_002031,-1.0,4.6691,3.3876,0.0588,8.1583,877,26.27, -> turnstile (26.3%)
frame_002032,-1.0,4.0923,3.8894,0.057,8.0817,877,32.83, -> turnstile (32.8%)
frame_002033,-1.0,5.0428,3.4992,0.0596,8.6448,877,20.43, -> turnstile (20.4%)
frame_002034,-1.0,4.7161,3.4669,0.0575,8.2832,877,43.02, -> turnstile (43.0%)
frame_002035,-1.0,4.8003,3.4455,0.0587,8.3493,877,70.73, -> turnstile (70.7%)
frame_002036,-1.0,5.0089,3.4229,0.0935,8.5863,877,21.32, -> turnstile (21.3%)
frame_002037,-1.0,4.3948,3.4356,0.058,7.9311,877,49.06, -> turnstile (49.1%)
frame_002038,-1.0,4.8495,4.8891,0.0593,9.8432,877,34.81, -> turnstile (34.8%)
frame_002039,-1.0,5.0684,3.5104,0.0986,8.739,527,28.86, -> desktop computer (28.9%)
frame_002040,-1.0,4.9509,3.5067,0.0712,8.5778,877,24.88, -> turnstile (24.9%)
frame_002041,-1.0,4.5584,3.4182,0.0585,8.0791,877,19.7, -> turnstile (19.7%)
frame_002042,-1.0,4.9447,3.4894,0.0598,8.5399,877,18.11, -> turnstile (18.1%)
frame_002043,-1.0,4.4367,3.4403,0.0624,7.9834,877,27.29, -> turnstile (27.3%)
frame_002044,-1.0,5.0797,3.4546,0.0572,8.6372,877,15.25, -> turnstile (15.2%)
frame_002045,-1.0,4.6583,3.5039,0.0601,8.2656,877,16.48, -> turnstile (16.5%)
frame_002046,-1.0,5.6395,3.4321,0.0584,9.1741,851,17.33, -> television (17.3%)
frame_002047,-1.0,4.4738,7.9486,0.0657,12.5385,877,17.96, -> turnstile (18.0%)
frame_002048,-1.0,5.4721,3.4326,0.0807,9.0365,877,37.2, -> turnstile (37.2%)
frame_002049,-1.0,4.5281,3.9024,0.0598,8.5336,851,16.78, -> television (16.8%)
frame_002050,-1.0,4.6121,3.4975,0.0599,8.2158,877,87.32, -> turnstile (87.3%)
frame_002051,-1.0,4.5855,3.4951,0.0757,8.2068,877,68.42, -> turnstile (68.4%)
frame_002052,-1.0,5.4212,3.3197,0.0614,8.8469,877,74.34, -> turnstile (74.3%)
frame_002053,-1.0,5.0183,3.4493,0.0869,8.6003,851,12.6, -> television (12.6%)
frame_002054,-1.0,5.2738,3.3581,0.0582,8.7344,877,32.63, -> turnstile (32.6%)
frame_002055,-1.0,5.4532,7.9175,0.0679,13.4897,877,23.45, -> turnstile (23.4%)
frame_002056,-1.0,4.9989,3.4905,0.0604,8.5953,548,14.27, -> entertainment center (14.3%)
frame_002057,-1.0,4.7525,5.3357,0.0607,10.1928,877,49.67, -> turnstile (49.7%)
frame_002058,-1.0,4.6292,3.5024,0.0605,8.2359,877,61.3, -> turnstile (61.3%)
frame_002059,-1.0,4.663,3.4553,0.0613,8.2263,877,48.33, -> turnstile (48.3%)
frame_002060,-1.0,4.6497,3.5136,0.0595,8.2677,548,19.37, -> entertainment center (19.4%)
frame_002061,-1.0,5.4059,6.6863,0.0647,12.2061,877,16.87, -> turnstile (16.9%)
frame_002062,-1.0,4.8344,7.3912,0.0819,12.3702,877,24.01, -> turnstile (24.0%)
frame_002063,-1.0,4.1077,3.4273,0.0719,7.6587,548,15.29, -> entertainment center (15.3%)
frame_002064,-1.0,5.2625,3.5031,0.0828,8.9021,877,52.43, -> turnstile (52.4%)
frame_002065,-1.0,4.1626,7.5673,0.0693,11.8498,877,33.5, -> turnstile (33.5%)
frame_002066,-1.0,5.3214,3.5185,0.0628,8.9493,548,22.17, -> entertainment center (22.2%)
frame_002067,-1.0,4.2001,7.0626,0.0672,11.3814,664,13.39, -> monitor (13.4%)
frame_002068,-1.0,4.1357,3.4889,0.063,7.7358,664,14.16, -> monitor (14.2%)
frame_002069,-1.0,5.4559,4.3838,0.0639,9.9504,548,16.38, -> entertainment center (16.4%)
frame_002070,-1.0,4.6226,3.4513,0.0618,8.1779,548,13.26, -> entertainment center (13.3%)
frame_002071,-1.0,4.9466,3.4174,0.0735,8.4892,877,23.88, -> turnstile (23.9%)
frame_002072,-1.0,5.0103,3.4281,0.0772,8.5667,877,11.35, -> turnstile (11.4%)
frame_002073,-1.0,4.782,3.4194,0.0608,8.306,771,13.62, -> safe (13.6%)
frame_002074,-1.0,5.2792,3.5095,0.0631,8.8975,548,24.99, -> entertainment center (25.0%)
frame_002075,-1.0,5.1861,4.3905,0.0651,9.6874,548,33.01, -> entertainment center (33.0%)
frame_002076,-1.0,5.8238,3.4008,0.0595,9.3296,548,22.64, -> entertainment center (22.6%)
frame_002077,-1.0,4.924,3.5061,0.0649,8.5442,548,22.74, -> entertainment center (22.7%)
frame_002078,-1.0,4.6719,3.5097,0.0592,8.2888,548,14.12, -> entertainment center (14.1%)
frame_002079,-1.0,5.0465,3.4913,0.0599,8.6408,548,14.84, -> entertainment center (14.8%)
frame_002080,-1.0,4.613,3.3887,0.0607,8.1066,664,13.56, -> monitor (13.6%)
frame_002081,-1.0,4.6943,3.7625,0.0645,8.5663,664,16.29, -> monitor (16.3%)
frame_002082,-1.0,4.8392,3.374,0.0637,8.3199,664,15.33, -> monitor (15.3%)
frame_002083,-1.0,5.4382,3.6587,0.0644,9.2094,664,16.43, -> monitor (16.4%)
frame_002084,-1.0,4.5721,3.4777,0.104,8.2164,664,16.39, -> monitor (16.4%)
frame_002085,-1.0,4.8306,3.5052,0.0621,8.443,664,17.31, -> monitor (17.3%)
frame_002086,-1.0,5.0558,3.5078,0.0628,8.6704,664,17.17, -> monitor (17.2%)
frame_002087,-1.0,4.815,3.3061,0.0718,8.246,664,16.93, -> monitor (16.9%)
frame_002088,-1.0,5.5586,3.4532,0.0631,9.1187,664,18.41, -> monitor (18.4%)
frame_002089,-1.0,4.0494,3.1944,0.0604,7.3479,664,17.5, -> monitor (17.5%)
frame_002090,-1.0,4.8029,3.507,0.0617,8.4159,664,18.37, -> monitor (18.4%)
frame_002091,-1.0,4.5002,3.4057,0.0594,8.0072,664,19.39, -> monitor (19.4%)
frame_002092,-1.0,4.9409,3.3952,0.0592,8.4389,664,18.97, -> monitor (19.0%)
frame_002093,-1.0,5.3037,3.4861,0.0934,8.9407,664,19.75, -> monitor (19.7%)
frame_002094,-1.0,5.7626,5.2672,0.0604,11.1363,664,18.77, -> monitor (18.8%)
frame_002095,-1.0,4.8931,3.4549,0.063,8.4563,664,19.81, -> monitor (19.8%)
frame_002096,-1.0,4.7214,8.2207,0.0667,13.0603,664,18.17, -> monitor (18.2%)
frame_002097,-1.0,4.7997,3.5087,0.0625,8.4151,664,18.74, -> monitor (18.7%)
frame_002098,-1.0,4.8351,3.566,0.0611,8.5069,664,17.62, -> monitor (17.6%)
frame_002099,-1.0,4.9545,3.4204,0.0604,8.4813,664,17.68, -> monitor (17.7%)
frame_002100,-1.0,4.6631,3.6173,0.0618,8.3858,664,16.71, -> monitor (16.7%)
frame_002101,-1.0,4.6632,3.4622,0.0636,8.2325,664,17.09, -> monitor (17.1%)
frame_002102,-1.0,5.5687,6.6471,0.0674,12.3341,664,17.58, -> monitor (17.6%)
frame_002103,-1.0,4.8734,3.4649,0.0616,8.4444,664,18.14, -> monitor (18.1%)
frame_002104,-1.0,5.8413,6.4294,0.0664,12.3882,664,17.68, -> monitor (17.7%)
frame_002105,-1.0,4.9763,3.4844,0.093,8.6059,664,17.89, -> monitor (17.9%)
frame_002106,-1.0,4.9639,6.7292,0.0693,11.814,664,18.11, -> monitor (18.1%)
frame_002107,-1.0,5.0447,3.492,0.0611,8.6448,664,17.67, -> monitor (17.7%)
frame_002108,-1.0,4.5961,3.4979,0.0611,8.198,664,15.73, -> monitor (15.7%)
frame_002109,-1.0,5.052,3.4979,0.0609,8.6534,664,15.36, -> monitor (15.4%)
frame_002110,-1.0,4.6503,3.4308,0.061,8.1863,664,16.51, -> monitor (16.5%)
frame_002111,-1.0,4.7621,3.4562,0.0639,8.3259,664,18.3, -> monitor (18.3%)
frame_002112,-1.0,5.1971,5.3778,0.0615,10.6793,664,16.99, -> monitor (17.0%)
frame_002113,-1.0,4.5499,3.4871,0.064,8.1483,664,17.67, -> monitor (17.7%)
frame_002114,-1.0,4.7483,3.4851,0.0616,8.3381,664,12.8, -> monitor (12.8%)
frame_002115,-1.0,4.9339,3.4697,0.0649,8.5118,548,10.8, -> entertainment center (10.8%)
frame_002116,-1.0,4.9961,3.4844,0.0638,8.5897,548,8.96, -> entertainment center (9.0%)
frame_002117,-1.0,4.6447,3.4685,0.0891,8.2485,548,11.49, -> entertainment center (11.5%)
frame_002118,-1.0,5.7579,3.4999,0.0637,9.3674,664,14.45, -> monitor (14.4%)
frame_002119,-1.0,4.7823,3.4622,0.0634,8.3533,851,14.16, -> television (14.2%)
frame_002120,-1.0,4.6397,3.5,0.0694,8.2536,851,16.67, -> television (16.7%)
frame_002121,-1.0,4.984,3.4861,0.0607,8.5745,851,17.14, -> television (17.1%)
frame_002122,-1.0,4.6889,3.4899,0.0613,8.2849,851,17.08, -> television (17.1%)
frame_002123,-1.0,4.7347,3.4455,0.0615,8.286,851,16.65, -> television (16.6%)
frame_002124,-1.0,4.5917,3.4658,0.092,8.2065,851,16.8, -> television (16.8%)
frame_002125,-1.0,4.1387,3.3886,0.0638,7.6379,851,17.34, -> television (17.3%)
frame_002126,-1.0,4.1724,3.4849,0.0847,7.7964,771,9.96, -> safe (10.0%)
frame_002127,-1.0,4.0861,3.4562,0.0607,7.6478,766,7.55, -> rotisserie (7.6%)
frame_002128,-1.0,4.1056,3.4663,0.0781,7.7052,757,9.84, -> recreational vehicle (9.8%)
frame_002129,-1.0,4.047,3.5069,0.0625,7.6596,548,23.81, -> entertainment center (23.8%)
frame_002130,-1.0,4.3249,3.5043,0.0607,7.9337,548,37.39, -> entertainment center (37.4%)
frame_002131,-1.0,4.0876,3.5349,0.0815,7.759,548,20.53, -> entertainment center (20.5%)
frame_002132,-1.0,4.4535,3.4986,0.0595,8.0551,548,18.16, -> entertainment center (18.2%)
frame_002133,-1.0,4.7602,6.6955,0.0617,11.5643,548,18.6, -> entertainment center (18.6%)
frame_002134,-1.0,5.771,3.3796,0.0591,9.2554,851,21.65, -> television (21.7%)
frame_002135,-1.0,4.9002,3.4557,0.0799,8.4887,851,16.81, -> television (16.8%)
frame_002136,-1.0,4.9282,3.5081,0.0602,8.5409,851,14.76, -> television (14.8%)
frame_002137,-1.0,5.5726,3.4575,0.0693,9.1482,830,8.77, -> stretcher (8.8%)
frame_002138,-1.0,4.9949,3.4981,0.0591,8.5963,851,9.95, -> television (9.9%)
frame_002139,-1.0,4.5528,6.7279,0.0661,11.3972,719,13.33, -> piggy bank (13.3%)
frame_002140,-1.0,4.2819,3.3792,0.063,7.7718,851,10.21, -> television (10.2%)
frame_002141,-1.0,5.1852,4.1616,0.0611,9.4514,851,13.47, -> television (13.5%)
frame_002142,-1.0,4.5908,3.3764,0.0602,8.0688,851,17.13, -> television (17.1%)
frame_002143,-1.0,5.3659,3.5055,0.0785,9.0001,851,14.34, -> television (14.3%)
frame_002144,-1.0,4.0833,3.3949,0.061,7.5824,851,15.43, -> television (15.4%)
frame_002145,-1.0,4.7249,5.4685,0.0669,10.3106,851,16.46, -> television (16.5%)
frame_002146,-1.0,4.9408,3.4604,0.0595,8.5079,851,20.39, -> television (20.4%)
frame_002147,-1.0,4.8023,3.4464,0.06,8.3552,851,19.37, -> television (19.4%)
frame_002148,-1.0,4.9784,3.4366,0.0602,8.5186,851,19.2, -> television (19.2%)
frame_002149,-1.0,4.9494,3.4973,0.0603,8.5525,851,13.5, -> television (13.5%)
frame_002150,-1.0,4.9074,3.5065,0.0991,8.5734,851,14.4, -> television (14.4%)
frame_002151,-1.0,5.3705,6.2754,0.0665,11.7633,851,13.64, -> television (13.6%)
frame_002152,-1.0,4.9699,3.51,0.0615,8.5883,851,13.26, -> television (13.3%)
frame_002153,-1.0,5.6352,7.1059,0.0675,12.8571,851,12.99, -> television (13.0%)
frame_002154,-1.0,4.5546,3.4582,0.082,8.1531,851,11.86, -> television (11.9%)
frame_002155,-1.0,4.9593,3.4645,0.0713,8.5442,851,11.48, -> television (11.5%)
frame_002156,-1.0,4.7972,3.4799,0.0656,8.3904,851,12.79, -> television (12.8%)
frame_002157,-1.0,5.5549,3.4034,0.0672,9.0719,851,12.85, -> television (12.8%)
frame_002158,-1.0,5.8925,3.4302,0.0634,9.4349,851,12.14, -> television (12.1%)
frame_002159,-1.0,4.6181,3.4505,0.0632,8.1764,851,10.61, -> television (10.6%)
frame_002160,-1.0,4.9819,3.515,0.0622,8.6046,851,9.74, -> television (9.7%)
frame_002161,-1.0,5.039,5.7846,0.0878,10.9629,851,6.68, -> television (6.7%)
frame_002162,-1.0,4.6213,3.4673,0.0647,8.2009,830,5.58, -> stretcher (5.6%)
frame_002163,-1.0,5.1002,4.8833,0.0762,10.1279,830,4.94, -> stretcher (4.9%)
frame_002164,-1.0,5.6742,3.4509,0.0637,9.2368,740,5.3, -> power drill (5.3%)
frame_002165,-1.0,5.2216,4.3276,0.0663,9.6616,830,6.22, -> stretcher (6.2%)
frame_002166,-1.0,4.5448,3.3879,0.0671,8.044,548,14.01, -> entertainment center (14.0%)
frame_002167,-1.0,4.6579,3.3435,0.0632,8.1113,548,19.88, -> entertainment center (19.9%)
frame_002168,-1.0,5.2156,5.1107,0.0642,10.4376,548,18.46, -> entertainment center (18.5%)
frame_002169,-1.0,4.9235,7.3548,0.0677,12.4004,548,13.96, -> entertainment center (14.0%)
frame_002170,-1.0,4.9852,3.4952,0.0658,8.5981,548,11.39, -> entertainment center (11.4%)
frame_002171,-1.0,5.7124,7.1057,0.0715,12.9403,548,13.31, -> entertainment center (13.3%)
frame_002172,-1.0,5.1802,3.4533,0.0652,8.7438,548,11.7, -> entertainment center (11.7%)
frame_002173,-1.0,5.1654,3.4662,0.0642,8.7436,548,13.37, -> entertainment center (13.4%)
frame_002174,-1.0,5.1433,3.4123,0.064,8.6672,548,9.41, -> entertainment center (9.4%)
frame_002175,-1.0,4.9101,3.454,0.0653,8.4746,664,10.3, -> monitor (10.3%)
frame_002176,-1.0,5.5384,3.5386,0.0642,9.191,664,9.75, -> monitor (9.8%)
frame_002177,-1.0,4.9701,3.517,0.064,8.5965,664,10.57, -> monitor (10.6%)
frame_002178,-1.0,4.7958,3.5041,0.0644,8.4091,664,9.47, -> monitor (9.5%)
frame_002179,-1.0,4.6876,6.4414,0.0674,11.2479,598,18.24, -> home theater (18.2%)
frame_002180,-1.0,4.7034,3.4897,0.0637,8.304,771,10.03, -> safe (10.0%)
frame_002181,-1.0,4.8826,3.5016,0.0637,8.4952,771,13.55, -> safe (13.6%)
frame_002182,-1.0,3.9957,3.3893,0.0649,7.4962,771,11.7, -> safe (11.7%)
frame_002183,-1.0,4.9413,5.8309,0.0673,10.8899,771,18.2, -> safe (18.2%)
frame_002184,-1.0,4.8102,3.466,0.0627,8.3863,771,10.91, -> safe (10.9%)
frame_002185,-1.0,4.8704,3.3229,0.0689,8.3104,771,9.98, -> safe (10.0%)
frame_002186,-1.0,4.7598,3.5207,0.0631,8.39,771,16.1, -> safe (16.1%)
frame_002187,-1.0,4.3079,7.0764,0.0699,11.5037,771,12.31, -> safe (12.3%)
frame_002188,-1.0,4.7729,3.4531,0.0631,8.3389,422,7.04, -> barbell (7.0%)
frame_002189,-1.0,3.9261,3.4359,0.0646,7.4723,664,7.98, -> monitor (8.0%)
frame_002190,-1.0,4.9938,3.4914,0.0633,8.5941,422,11.2, -> barbell (11.2%)
frame_002191,-1.0,5.4073,3.4906,0.0643,9.0097,771,23.68, -> safe (23.7%)
frame_002192,-1.0,4.8014,3.5112,0.0713,8.4311,771,25.15, -> safe (25.1%)
frame_002193,-1.0,4.6605,3.2996,0.0625,8.0675,771,38.05, -> safe (38.0%)
frame_002194,-1.0,5.4292,3.433,0.0612,8.9701,771,21.36, -> safe (21.4%)
frame_002195,-1.0,5.0713,3.4616,0.0626,8.6418,771,26.29, -> safe (26.3%)
frame_002196,-1.0,4.4311,3.3849,0.0634,7.9233,771,35.8, -> safe (35.8%)
frame_002197,-1.0,4.7577,4.0284,0.0646,8.8983,771,31.91, -> safe (31.9%)
frame_002198,-1.0,5.135,3.4766,0.0628,8.7227,771,35.27, -> safe (35.3%)
frame_002199,-1.0,5.3876,7.7073,0.0701,13.2152,771,42.87, -> safe (42.9%)
frame_002200,-1.0,4.7703,3.4696,0.0636,8.351,771,42.13, -> safe (42.1%)
frame_002201,-1.0,4.8024,7.9486,0.0684,12.8697,771,69.71, -> safe (69.7%)
frame_002202,-1.0,4.9755,3.476,0.0632,8.5587,771,52.54, -> safe (52.5%)
frame_002203,-1.0,4.907,6.0486,0.067,11.0731,771,69.96, -> safe (70.0%)
frame_002204,-1.0,4.5575,3.5141,0.0623,8.1795,771,57.3, -> safe (57.3%)
frame_002205,-1.0,5.2197,3.5009,0.0616,8.8253,771,25.85, -> safe (25.8%)
frame_002206,-1.0,4.5989,3.4948,0.0666,8.2063,757,34.64, -> recreational vehicle (34.6%)
frame_002207,-1.0,5.0755,3.4734,0.0677,8.6634,771,45.34, -> safe (45.3%)
frame_002208,-1.0,4.8631,3.4911,0.0619,8.4605,877,25.74, -> turnstile (25.7%)
frame_002209,-1.0,4.6973,3.4331,0.0614,8.2386,877,72.67, -> turnstile (72.7%)
frame_002210,-1.0,4.4399,3.3733,0.0615,7.9194,877,48.2, -> turnstile (48.2%)
frame_002211,-1.0,4.6434,3.4211,0.0617,8.1695,771,19.46, -> safe (19.5%)
frame_002212,-1.0,4.9615,3.4872,0.0628,8.5568,771,22.59, -> safe (22.6%)
frame_002213,-1.0,4.5503,5.4943,0.0623,10.1518,771,17.21, -> safe (17.2%)
frame_002214,-1.0,4.4005,3.3821,0.0635,7.8926,877,18.91, -> turnstile (18.9%)
frame_002215,-1.0,5.3121,3.4695,0.0627,8.8905,877,36.11, -> turnstile (36.1%)
frame_002216,-1.0,4.8375,3.4498,0.069,8.4029,877,52.25, -> turnstile (52.3%)
frame_002217,-1.0,4.7496,3.513,0.0636,8.3679,877,11.86, -> turnstile (11.9%)
frame_002218,-1.0,4.7541,4.8274,0.0633,9.6905,548,13.66, -> entertainment center (13.7%)
frame_002219,-1.0,4.5127,3.3742,0.0634,7.9939,877,19.7, -> turnstile (19.7%)
frame_002220,-1.0,4.6613,3.4977,0.0638,8.2682,877,18.95, -> turnstile (18.9%)
frame_002221,-1.0,4.7961,3.4306,0.0621,8.3343,877,35.76, -> turnstile (35.8%)
frame_002222,-1.0,4.5191,3.5388,0.0612,8.1639,877,47.02, -> turnstile (47.0%)
frame_002223,-1.0,4.875,3.4802,0.0614,8.4607,877,55.17, -> turnstile (55.2%)
frame_002224,-1.0,4.5862,3.5013,0.0614,8.1954,423,18.17, -> barber chair (18.2%)
frame_002225,-1.0,4.0895,3.4117,0.0669,7.6154,423,20.64, -> barber chair (20.6%)
frame_002226,-1.0,3.9879,3.4442,0.0665,7.5442,877,25.56, -> turnstile (25.6%)
frame_002227,-1.0,3.9821,3.4756,0.0638,7.5695,423,30.46, -> barber chair (30.5%)
frame_002228,-1.0,5.3422,4.1687,0.0641,9.6216,423,30.28, -> barber chair (30.3%)
frame_002229,-1.0,4.5845,3.3949,0.063,8.0878,877,65.6, -> turnstile (65.6%)
frame_002230,-1.0,4.2859,3.3415,0.0641,7.7374,877,78.22, -> turnstile (78.2%)
frame_002231,-1.0,4.8964,3.4317,0.0632,8.4361,423,42.38, -> barber chair (42.4%)
frame_002232,-1.0,4.7579,3.446,0.0651,8.3128,423,33.45, -> barber chair (33.4%)
frame_002233,-1.0,4.5341,3.4768,0.0631,8.1198,877,17.25, -> turnstile (17.3%)
frame_002234,-1.0,4.5914,3.3864,0.0631,8.0855,877,21.78, -> turnstile (21.8%)
frame_002235,-1.0,4.1046,3.3851,0.0641,7.5986,877,23.45, -> turnstile (23.4%)
frame_002236,-1.0,4.5285,7.4919,0.0668,12.1369,877,59.79, -> turnstile (59.8%)
frame_002237,-1.0,5.0617,3.4658,0.0634,8.6367,877,50.11, -> turnstile (50.1%)
frame_002238,-1.0,4.4247,3.1914,0.0875,7.748,632,10.29, -> loudspeaker (10.3%)
frame_002239,-1.0,4.9518,3.5422,0.0624,8.6056,877,27.79, -> turnstile (27.8%)
frame_002240,-1.0,5.1217,4.3938,0.0637,9.6243,877,20.22, -> turnstile (20.2%)
frame_002241,-1.0,5.0606,3.5631,0.0623,8.7322,877,13.82, -> turnstile (13.8%)
frame_002242,-1.0,4.8506,3.5071,0.0603,8.4646,877,82.05, -> turnstile (82.0%)
frame_002243,-1.0,4.5314,3.423,0.061,8.0602,877,91.24, -> turnstile (91.2%)
frame_002244,-1.0,4.9981,3.3658,0.0619,8.4716,877,80.28, -> turnstile (80.3%)
frame_002245,-1.0,4.8608,3.4289,0.0617,8.3994,527,24.49, -> desktop computer (24.5%)
frame_002246,-1.0,4.3763,3.3365,0.0642,7.824,688,13.55, -> oscilloscope (13.6%)
frame_002247,-1.0,4.8164,7.7661,0.0677,12.6993,877,35.95, -> turnstile (35.9%)
frame_002248,-1.0,5.4861,3.3935,0.0611,8.9932,527,20.59, -> desktop computer (20.6%)
frame_002249,-1.0,4.8017,3.481,0.0611,8.39,877,41.79, -> turnstile (41.8%)
frame_002250,-1.0,4.6986,3.5153,0.0615,8.3194,877,56.47, -> turnstile (56.5%)
frame_002251,-1.0,4.6964,3.5055,0.0612,8.3096,877,46.09, -> turnstile (46.1%)
frame_002252,-1.0,4.8318,3.4412,0.063,8.3808,527,32.51, -> desktop computer (32.5%)
frame_002253,-1.0,4.7728,5.8721,0.0633,10.7533,877,26.89, -> turnstile (26.9%)
frame_002254,-1.0,4.7711,3.3868,0.0601,8.264,877,54.72, -> turnstile (54.7%)
frame_002255,-1.0,4.9477,3.5691,0.0608,8.6198,877,39.46, -> turnstile (39.5%)
frame_002256,-1.0,5.9684,3.4315,0.0609,9.5064,877,51.27, -> turnstile (51.3%)
frame_002257,-1.0,4.6058,3.4691,0.0649,8.1875,877,67.39, -> turnstile (67.4%)
frame_002258,-1.0,4.987,3.4944,0.0642,8.5895,527,31.91, -> desktop computer (31.9%)
frame_002259,-1.0,4.9378,4.9647,0.0607,10.0063,527,68.36, -> desktop computer (68.4%)
frame_002260,-1.0,4.5953,3.4468,0.063,8.1512,527,32.58, -> desktop computer (32.6%)
frame_002261,-1.0,4.8387,3.4925,0.0667,8.4445,527,53.26, -> desktop computer (53.3%)
frame_002262,-1.0,4.8456,3.4547,0.0678,8.4139,877,75.03, -> turnstile (75.0%)
frame_002263,-1.0,4.3308,3.3754,0.0665,7.8192,527,33.83, -> desktop computer (33.8%)
frame_002264,-1.0,4.8955,3.4731,0.0709,8.4965,527,36.78, -> desktop computer (36.8%)
frame_002265,-1.0,4.9657,3.4721,0.0654,8.5507,527,28.23, -> desktop computer (28.2%)
frame_002266,-1.0,5.6987,3.408,0.0649,9.2202,527,52.3, -> desktop computer (52.3%)
frame_002267,-1.0,4.7526,4.1424,0.0649,9.0057,527,62.13, -> desktop computer (62.1%)
frame_002268,-1.0,4.6968,3.4528,0.0659,8.2606,527,71.93, -> desktop computer (71.9%)
frame_002269,-1.0,4.4318,6.3295,0.0683,10.8797,527,37.16, -> desktop computer (37.2%)
frame_002270,-1.0,4.8952,3.5191,0.0639,8.5251,527,56.44, -> desktop computer (56.4%)
frame_002271,-1.0,4.6587,3.3816,0.0639,8.1499,527,46.29, -> desktop computer (46.3%)
frame_002272,-1.0,4.7166,3.4393,0.0655,8.2675,527,32.37, -> desktop computer (32.4%)
frame_002273,-1.0,5.4846,3.3791,0.0727,8.9828,527,36.64, -> desktop computer (36.6%)
frame_002274,-1.0,4.5322,3.4427,0.0644,8.0839,527,45.74, -> desktop computer (45.7%)
frame_002275,-1.0,4.8372,5.833,0.0686,10.7904,527,48.63, -> desktop computer (48.6%)
frame_002276,-1.0,5.6381,3.9544,0.0659,9.7057,527,40.66, -> desktop computer (40.7%)
frame_002277,-1.0,5.279,3.3898,0.0645,8.7791,527,57.81, -> desktop computer (57.8%)
frame_002278,-1.0,4.8388,3.5228,0.0642,8.4736,526,36.26, -> desk (36.3%)
frame_002279,-1.0,4.0138,3.3942,0.064,7.5161,527,32.0, -> desktop computer (32.0%)
frame_002280,-1.0,4.7421,3.4664,0.0628,8.3183,527,59.93, -> desktop computer (59.9%)
frame_002281,-1.0,4.5305,3.4398,0.0637,8.0804,527,59.73, -> desktop computer (59.7%)
frame_002282,-1.0,5.2688,3.422,0.0731,8.8111,527,40.69, -> desktop computer (40.7%)
frame_002283,-1.0,4.6882,3.4146,0.0631,8.2125,527,30.28, -> desktop computer (30.3%)
frame_002284,-1.0,4.5482,3.4228,0.0626,8.0789,527,33.43, -> desktop computer (33.4%)
frame_002285,-1.0,4.6087,3.5095,0.0631,8.2241,527,35.77, -> desktop computer (35.8%)
frame_002286,-1.0,4.5478,3.4384,0.0621,8.0915,527,63.15, -> desktop computer (63.2%)
frame_002287,-1.0,4.5267,3.4422,0.0629,8.0779,526,49.66, -> desk (49.7%)
frame_002288,-1.0,4.4888,3.4645,0.0634,8.0593,526,55.91, -> desk (55.9%)
frame_002289,-1.0,4.4944,3.3708,0.0644,7.9731,526,40.28, -> desk (40.3%)
frame_002290,-1.0,4.7062,6.4946,0.0685,11.3198,527,24.35, -> desktop computer (24.4%)
frame_002291,-1.0,4.5492,3.5059,0.0651,8.1655,877,32.6, -> turnstile (32.6%)
frame_002292,-1.0,4.3902,7.822,0.069,12.3289,561,70.18, -> forklift (70.2%)
frame_002293,-1.0,4.6852,3.4472,0.0631,8.2429,526,28.53, -> desk (28.5%)
frame_002294,-1.0,3.961,3.3629,0.067,7.436,561,37.87, -> forklift (37.9%)
frame_002295,-1.0,4.4409,3.4031,0.0635,7.9518,561,67.03, -> forklift (67.0%)
frame_002296,-1.0,4.2892,3.376,0.0642,7.7747,423,32.9, -> barber chair (32.9%)
frame_002297,-1.0,4.5978,3.4005,0.0629,8.1068,877,28.48, -> turnstile (28.5%)
frame_002298,-1.0,4.412,3.4222,0.0621,7.9417,561,30.75, -> forklift (30.7%)
frame_002299,-1.0,4.9794,3.3975,0.0691,8.4917,561,26.61, -> forklift (26.6%)
frame_002300,-1.0,4.612,5.3382,0.0645,10.0597,423,74.27, -> barber chair (74.3%)
frame_002301,-1.0,4.2937,3.4531,0.063,7.8567,561,45.38, -> forklift (45.4%)
frame_002302,-1.0,4.8302,5.9023,0.0684,10.8505,561,44.52, -> forklift (44.5%)
frame_002303,-1.0,4.5012,3.4149,0.0635,8.0246,423,39.41, -> barber chair (39.4%)
frame_002304,-1.0,4.5158,8.1723,0.0678,12.8038,561,37.43, -> forklift (37.4%)
frame_002305,-1.0,4.8236,3.4479,0.0809,8.4076,573,39.86, -> go-kart (39.9%)
frame_002306,-1.0,5.1689,3.4645,0.0663,8.7467,561,44.56, -> forklift (44.6%)
frame_002307,-1.0,4.2425,3.4505,0.0652,7.802,561,25.24, -> forklift (25.2%)
frame_002308,-1.0,4.4428,7.2125,0.0686,11.7743,561,69.56, -> forklift (69.6%)
frame_002309,-1.0,4.7618,3.4103,0.064,8.2816,561,78.98, -> forklift (79.0%)
frame_002310,-1.0,5.2834,7.9685,0.0712,13.374,561,28.65, -> forklift (28.6%)
frame_002311,-1.0,4.6424,3.4814,0.0636,8.2346,423,28.66, -> barber chair (28.7%)
frame_002312,-1.0,4.2621,3.4645,0.0634,7.8357,561,28.09, -> forklift (28.1%)
frame_002313,-1.0,4.3383,3.4469,0.065,7.8971,423,77.48, -> barber chair (77.5%)
frame_002314,-1.0,4.2658,4.6557,0.0634,9.032,561,32.05, -> forklift (32.0%)
frame_002315,-1.0,5.151,3.4838,0.0671,8.7492,561,44.38, -> forklift (44.4%)
frame_002316,-1.0,4.4607,3.394,0.0622,7.9634,561,21.59, -> forklift (21.6%)
frame_002317,-1.0,4.391,3.4402,0.0674,7.9459,561,29.81, -> forklift (29.8%)
frame_002318,-1.0,4.4238,3.4211,0.063,7.9529,877,13.04, -> turnstile (13.0%)
frame_002319,-1.0,4.2318,3.4303,0.0615,7.7679,877,30.82, -> turnstile (30.8%)
frame_002320,-1.0,4.8825,6.9336,0.073,11.938,877,23.3, -> turnstile (23.3%)
frame_002321,-1.0,4.5024,3.4858,0.0638,8.1005,877,27.14, -> turnstile (27.1%)
frame_002322,-1.0,4.5194,3.3238,0.0641,7.954,598,17.44, -> home theater (17.4%)
frame_002323,-1.0,4.4138,3.4133,0.0646,7.9389,598,20.06, -> home theater (20.1%)
frame_002324,-1.0,4.6234,3.8171,0.0644,8.5522,877,30.4, -> turnstile (30.4%)
frame_002325,-1.0,4.2187,3.4848,0.0964,7.8585,877,37.69, -> turnstile (37.7%)
frame_002326,-1.0,4.427,6.8134,0.0678,11.361,877,31.37, -> turnstile (31.4%)
frame_002327,-1.0,4.8873,3.3972,0.0664,8.397,877,38.57, -> turnstile (38.6%)
frame_002328,-1.0,4.9105,3.4439,0.0635,8.466,877,38.9, -> turnstile (38.9%)
frame_002329,-1.0,4.7265,3.5071,0.0641,8.3427,760,11.61, -> refrigerator (11.6%)
frame_002330,-1.0,4.1188,3.3868,0.0643,7.6158,877,29.04, -> turnstile (29.0%)
frame_002331,-1.0,5.2049,3.6364,0.0657,8.9517,877,14.01, -> turnstile (14.0%)
frame_002332,-1.0,4.0966,3.3768,0.0667,7.5875,877,33.1, -> turnstile (33.1%)
frame_002333,-1.0,4.2251,3.45,0.0645,7.7862,877,41.51, -> turnstile (41.5%)
frame_002334,-1.0,5.0693,7.6118,0.0677,12.7989,877,49.62, -> turnstile (49.6%)
frame_002335,-1.0,4.116,3.4445,0.0638,7.6731,877,49.65, -> turnstile (49.7%)
frame_002336,-1.0,4.5485,3.5513,0.064,8.2109,877,43.39, -> turnstile (43.4%)
frame_002337,-1.0,4.848,3.4292,0.0632,8.3841,877,67.44, -> turnstile (67.4%)
frame_002338,-1.0,5.1504,5.673,0.0698,10.9443,877,50.28, -> turnstile (50.3%)
frame_002339,-1.0,4.3863,3.4987,0.0723,8.0051,877,62.08, -> turnstile (62.1%)
frame_002340,-1.0,4.4957,3.555,0.0758,8.179,894,45.14, -> wardrobe (45.1%)
frame_002341,-1.0,4.3056,3.4217,0.0655,7.8411,894,55.53, -> wardrobe (55.5%)
frame_002342,-1.0,4.3442,3.6299,0.0633,8.0828,894,80.86, -> wardrobe (80.9%)
frame_002343,-1.0,4.2766,3.4382,0.0646,7.8244,894,60.05, -> wardrobe (60.1%)
frame_002344,-1.0,4.942,4.2501,0.0637,9.304,894,56.25, -> wardrobe (56.3%)
frame_002345,-1.0,5.1037,3.4647,0.0663,8.6799,877,39.64, -> turnstile (39.6%)
frame_002346,-1.0,4.5792,3.3747,0.0636,8.0657,894,60.93, -> wardrobe (60.9%)
frame_002347,-1.0,4.2035,3.4609,0.0627,7.7735,877,50.78, -> turnstile (50.8%)
frame_002348,-1.0,4.444,3.5524,0.0636,8.1064,894,45.91, -> wardrobe (45.9%)
frame_002349,-1.0,4.5522,3.494,0.0623,8.1526,894,36.77, -> wardrobe (36.8%)
frame_002350,-1.0,4.2238,8.2507,0.0671,12.5929,894,62.07, -> wardrobe (62.1%)
frame_002351,-1.0,3.7596,3.3905,0.0662,7.2636,894,30.9, -> wardrobe (30.9%)
frame_002352,-1.0,4.5097,6.3902,0.0686,11.0193,877,42.63, -> turnstile (42.6%)
frame_002353,-1.0,5.0433,3.5003,0.0669,8.6609,877,41.99, -> turnstile (42.0%)
frame_002354,-1.0,4.479,3.3992,0.078,8.0045,894,37.26, -> wardrobe (37.3%)
frame_002355,-1.0,4.8327,3.5069,0.0626,8.4454,894,31.03, -> wardrobe (31.0%)
frame_002356,-1.0,4.3806,3.54,0.0648,8.0332,877,35.38, -> turnstile (35.4%)
frame_002357,-1.0,4.3278,3.4818,0.0662,7.9221,877,25.14, -> turnstile (25.1%)
frame_002358,-1.0,4.1392,3.4998,0.0628,7.7496,877,36.74, -> turnstile (36.7%)
frame_002359,-1.0,4.5366,3.4028,0.0639,8.049,894,37.48, -> wardrobe (37.5%)
frame_002360,-1.0,3.8776,3.3465,0.0651,7.335,894,39.38, -> wardrobe (39.4%)
frame_002361,-1.0,4.4332,3.4526,0.0643,7.9945,894,62.41, -> wardrobe (62.4%)
frame_002362,-1.0,5.0647,7.0391,0.0685,12.2245,894,58.3, -> wardrobe (58.3%)
frame_002363,-1.0,4.5063,3.4504,0.0655,8.069,894,38.2, -> wardrobe (38.2%)
frame_002364,-1.0,3.531,6.1133,0.0692,9.7641,894,23.36, -> wardrobe (23.4%)
frame_002365,-1.0,4.5659,3.4819,0.0733,8.177,877,39.75, -> turnstile (39.7%)
frame_002366,-1.0,4.5458,3.5961,0.0648,8.2527,894,22.34, -> wardrobe (22.3%)
frame_002367,-1.0,4.3673,3.3714,0.0685,7.8545,894,23.41, -> wardrobe (23.4%)
frame_002368,-1.0,4.9948,6.1337,0.0693,11.2494,480,28.54, -> cash machine (28.5%)
frame_002369,-1.0,4.0592,3.4485,0.0672,7.6197,894,34.0, -> wardrobe (34.0%)
frame_002370,-1.0,4.4999,3.4405,0.0622,8.0472,894,38.54, -> wardrobe (38.5%)
frame_002371,-1.0,4.297,3.439,0.064,7.8458,894,66.32, -> wardrobe (66.3%)
frame_002372,-1.0,5.0135,3.4173,0.0638,8.5404,894,34.25, -> wardrobe (34.2%)
frame_002373,-1.0,4.2478,3.4463,0.0636,7.8042,480,38.23, -> cash machine (38.2%)
frame_002374,-1.0,4.2891,6.6712,0.0675,11.0794,480,28.32, -> cash machine (28.3%)
frame_002375,-1.0,4.8165,3.5041,0.067,8.435,480,40.75, -> cash machine (40.8%)
frame_002376,-1.0,4.4536,3.3049,0.0642,7.8671,480,45.17, -> cash machine (45.2%)
frame_002377,-1.0,4.8589,3.4379,0.0672,8.4123,480,86.71, -> cash machine (86.7%)
frame_002378,-1.0,4.4097,3.4524,0.0632,7.9703,480,64.26, -> cash machine (64.3%)
frame_002379,-1.0,5.0413,3.4551,0.0703,8.6116,480,42.46, -> cash machine (42.5%)
frame_002380,-1.0,4.3934,3.4213,0.0641,7.9247,480,67.82, -> cash machine (67.8%)
frame_002381,-1.0,4.2237,3.4743,0.0729,7.8159,480,84.28, -> cash machine (84.3%)
frame_002382,-1.0,4.2816,3.4069,0.0633,7.7932,480,88.23, -> cash machine (88.2%)
frame_002383,-1.0,4.7085,3.3904,0.0646,8.2102,480,80.28, -> cash machine (80.3%)
frame_002384,-1.0,4.332,5.8996,0.0645,10.3898,480,46.18, -> cash machine (46.2%)
frame_002385,-1.0,4.2231,3.4262,0.0639,7.7579,480,57.89, -> cash machine (57.9%)
frame_002386,-1.0,4.0815,7.74,0.0683,11.9414,480,40.75, -> cash machine (40.7%)
frame_002387,-1.0,4.5585,3.5079,0.0632,8.1767,480,25.17, -> cash machine (25.2%)
frame_002388,-1.0,4.7361,3.5516,0.064,8.3993,480,57.07, -> cash machine (57.1%)
frame_002389,-1.0,3.9198,3.3751,0.0665,7.4109,480,70.57, -> cash machine (70.6%)
frame_002390,-1.0,4.2428,7.399,0.0672,11.7592,480,72.6, -> cash machine (72.6%)
frame_002391,-1.0,4.3188,3.4268,0.065,7.856,480,85.93, -> cash machine (85.9%)
frame_002392,-1.0,4.8525,7.8427,0.0672,12.8117,480,60.65, -> cash machine (60.7%)
frame_002393,-1.0,5.0197,3.4343,0.0666,8.5665,480,42.49, -> cash machine (42.5%)
frame_002394,-1.0,4.1808,3.5062,0.0634,7.797,480,54.3, -> cash machine (54.3%)
frame_002395,-1.0,4.2296,3.4409,0.0636,7.7832,480,68.4, -> cash machine (68.4%)
frame_002396,-1.0,4.2398,3.3683,0.0712,7.7262,480,67.8, -> cash machine (67.8%)
frame_002397,-1.0,5.07,3.4061,0.0627,8.5828,480,80.27, -> cash machine (80.3%)
frame_002398,-1.0,3.7672,3.3742,0.0625,7.2491,480,67.23, -> cash machine (67.2%)
frame_002399,-1.0,4.3486,3.4828,0.0656,7.9425,480,82.05, -> cash machine (82.1%)
frame_002400,-1.0,4.3303,3.5845,0.0631,8.0228,480,34.86, -> cash machine (34.9%)
frame_002401,-1.0,5.0909,3.4675,0.0622,8.6685,480,18.48, -> cash machine (18.5%)
frame_002402,-1.0,4.2454,3.4482,0.0643,7.8048,480,71.01, -> cash machine (71.0%)
frame_002403,-1.0,4.3673,3.4307,0.0707,7.9158,480,28.92, -> cash machine (28.9%)
frame_002404,-1.0,4.1393,7.2161,0.0716,11.4787,480,25.08, -> cash machine (25.1%)
frame_002405,-1.0,4.5605,3.5136,0.0663,8.186,480,60.04, -> cash machine (60.0%)
frame_002406,-1.0,4.2332,3.5379,0.0656,7.8814,480,42.66, -> cash machine (42.7%)
frame_002407,-1.0,4.3176,3.5144,0.0697,7.9493,480,33.77, -> cash machine (33.8%)
frame_002408,-1.0,5.0167,3.4046,0.065,8.5324,480,66.07, -> cash machine (66.1%)
frame_002409,-1.0,4.2527,3.4922,0.0649,7.8591,480,71.12, -> cash machine (71.1%)
frame_002410,-1.0,3.7206,3.3824,0.0629,7.2159,480,77.86, -> cash machine (77.9%)
frame_002411,-1.0,4.2523,3.3802,0.0642,7.7415,480,80.09, -> cash machine (80.1%)
frame_002412,-1.0,4.9035,3.5546,0.0637,8.5675,480,71.4, -> cash machine (71.4%)
frame_002413,-1.0,4.5521,3.5033,0.0633,8.1664,480,71.74, -> cash machine (71.7%)
frame_002414,-1.0,4.1292,3.4319,0.0654,7.6725,480,46.53, -> cash machine (46.5%)
frame_002415,-1.0,5.1396,3.4332,0.063,8.6804,480,48.24, -> cash machine (48.2%)
frame_002416,-1.0,4.2093,7.9724,0.0686,12.3017,480,40.3, -> cash machine (40.3%)
frame_002417,-1.0,5.022,3.4474,0.0726,8.591,480,46.47, -> cash machine (46.5%)
frame_002418,-1.0,4.4385,3.286,0.0644,7.8346,480,65.38, -> cash machine (65.4%)
frame_002419,-1.0,4.0147,3.3709,0.0641,7.4974,480,64.68, -> cash machine (64.7%)
frame_002420,-1.0,4.371,7.1623,0.0708,11.6548,480,43.31, -> cash machine (43.3%)
frame_002421,-1.0,4.9214,3.4597,0.0661,8.4935,480,63.8, -> cash machine (63.8%)
frame_002422,-1.0,4.3639,6.6458,0.0684,11.128,480,72.77, -> cash machine (72.8%)
frame_002423,-1.0,4.5179,3.4959,0.0637,8.1254,480,72.27, -> cash machine (72.3%)
frame_002424,-1.0,4.2795,4.2707,0.0634,8.6589,480,82.24, -> cash machine (82.2%)
frame_002425,-1.0,4.1982,3.3846,0.0648,7.6945,480,77.74, -> cash machine (77.7%)
frame_002426,-1.0,4.039,3.4628,0.0642,7.613,480,80.02, -> cash machine (80.0%)
frame_002427,-1.0,5.193,3.4242,0.0647,8.7295,480,64.95, -> cash machine (65.0%)
frame_002428,-1.0,4.8912,3.4548,0.0636,8.4603,480,56.28, -> cash machine (56.3%)
frame_002429,-1.0,4.4993,3.5023,0.0634,8.1107,480,61.03, -> cash machine (61.0%)
frame_002430,-1.0,4.2186,5.9875,0.0695,10.3251,480,77.91, -> cash machine (77.9%)
frame_002431,-1.0,4.565,3.4783,0.0644,8.1563,480,81.74, -> cash machine (81.7%)
frame_002432,-1.0,4.694,3.8835,0.0648,8.6892,480,52.03, -> cash machine (52.0%)
frame_002433,-1.0,4.3989,3.5044,0.0658,8.0143,480,48.6, -> cash machine (48.6%)
frame_002434,-1.0,4.2617,6.049,0.069,10.4317,480,44.24, -> cash machine (44.2%)
frame_002435,-1.0,4.8406,3.3989,0.0677,8.3535,480,60.36, -> cash machine (60.4%)
frame_002436,-1.0,4.1422,6.0847,0.0698,10.3471,480,49.57, -> cash machine (49.6%)
frame_002437,-1.0,5.0063,3.4079,0.0637,8.5267,480,33.69, -> cash machine (33.7%)
frame_002438,-1.0,5.2112,3.4222,0.0655,8.7467,480,34.37, -> cash machine (34.4%)
frame_002439,-1.0,4.4957,3.4994,0.0663,8.1065,480,32.97, -> cash machine (33.0%)
frame_002440,-1.0,4.2852,4.4655,0.0647,8.8639,480,52.78, -> cash machine (52.8%)
frame_002441,-1.0,4.2247,3.3883,0.0649,7.7241,480,26.46, -> cash machine (26.5%)
frame_002442,-1.0,4.3816,3.8837,0.0632,8.3744,480,28.67, -> cash machine (28.7%)
frame_002443,-1.0,4.16,3.4672,0.0648,7.74,480,33.29, -> cash machine (33.3%)
frame_002444,-1.0,4.4594,3.5046,0.0638,8.0731,480,15.38, -> cash machine (15.4%)
frame_002445,-1.0,4.1727,3.4093,0.0627,7.6887,480,30.31, -> cash machine (30.3%)
frame_002446,-1.0,4.3842,3.4264,0.0639,7.9214,480,36.96, -> cash machine (37.0%)
frame_002447,-1.0,4.9081,3.4799,0.0692,8.5056,480,25.2, -> cash machine (25.2%)
frame_002448,-1.0,3.9463,3.3337,0.0625,7.3857,480,40.36, -> cash machine (40.4%)
frame_002449,-1.0,4.3604,3.4604,0.0635,7.9301,480,30.3, -> cash machine (30.3%)
frame_002450,-1.0,4.3767,5.8019,0.0958,10.3233,480,27.91, -> cash machine (27.9%)
frame_002451,-1.0,4.1719,3.4167,0.0829,7.7257,480,32.22, -> cash machine (32.2%)
frame_002452,-1.0,4.3438,3.437,0.0637,7.8917,480,42.68, -> cash machine (42.7%)
frame_002453,-1.0,4.1723,3.4558,0.0628,7.7352,480,50.23, -> cash machine (50.2%)
frame_002454,-1.0,4.3617,4.0098,0.0633,8.4792,480,33.42, -> cash machine (33.4%)
frame_002455,-1.0,4.3682,3.4369,0.0636,7.9153,480,42.15, -> cash machine (42.2%)
frame_002456,-1.0,4.3255,3.4423,0.0627,7.8744,480,45.1, -> cash machine (45.1%)
frame_002457,-1.0,4.4963,3.4604,0.0627,8.0641,480,51.07, -> cash machine (51.1%)
frame_002458,-1.0,4.0435,3.3911,0.0613,7.5427,713,17.04, -> photocopier (17.0%)
frame_002459,-1.0,4.8892,3.3837,0.063,8.3809,480,23.71, -> cash machine (23.7%)
frame_002460,-1.0,4.1689,3.3863,0.0635,7.6615,480,13.5, -> cash machine (13.5%)
frame_002461,-1.0,4.3607,3.3838,0.0618,7.8528,480,36.2, -> cash machine (36.2%)
frame_002462,-1.0,4.3098,4.4589,0.0648,8.8791,480,16.68, -> cash machine (16.7%)
frame_002463,-1.0,4.5619,3.418,0.0622,8.0858,713,15.52, -> photocopier (15.5%)
frame_002464,-1.0,4.9057,3.3773,0.0623,8.3911,480,9.92, -> cash machine (9.9%)
frame_002465,-1.0,4.9822,3.3903,0.0633,8.4803,526,12.55, -> desk (12.5%)
frame_002466,-1.0,3.6903,3.4167,0.0756,7.2382,480,18.39, -> cash machine (18.4%)
frame_002467,-1.0,4.0397,3.3504,0.063,7.4992,480,25.93, -> cash machine (25.9%)
frame_002468,-1.0,4.535,3.451,0.0715,8.1067,480,22.4, -> cash machine (22.4%)
frame_002469,-1.0,4.3175,3.4304,0.0624,7.8556,480,20.02, -> cash machine (20.0%)
frame_002470,-1.0,4.3463,3.3843,0.0627,7.8397,480,27.48, -> cash machine (27.5%)
frame_002471,-1.0,4.2919,3.3922,0.064,7.7925,480,21.94, -> cash machine (21.9%)
frame_002472,-1.0,4.1412,4.0268,0.0616,8.2734,480,17.55, -> cash machine (17.5%)
frame_002473,-1.0,4.3579,3.3954,0.0624,7.8605,526,17.12, -> desk (17.1%)
frame_002474,-1.0,4.893,3.3868,0.065,8.3893,526,24.19, -> desk (24.2%)
frame_002475,-1.0,4.9565,3.3964,0.0626,8.4607,480,21.01, -> cash machine (21.0%)
frame_002476,-1.0,4.2786,3.4203,0.0632,7.8079,480,22.49, -> cash machine (22.5%)
frame_002477,-1.0,4.9771,3.4463,0.0622,8.5311,480,26.51, -> cash machine (26.5%)
frame_002478,-1.0,5.1264,3.4633,0.0658,8.7023,480,18.9, -> cash machine (18.9%)
frame_002479,-1.0,4.2199,3.4188,0.0628,7.7474,526,33.72, -> desk (33.7%)
frame_002480,-1.0,4.4412,5.2215,0.0669,9.7758,480,29.41, -> cash machine (29.4%)
frame_002481,-1.0,4.8842,3.4711,0.0643,8.4654,480,28.8, -> cash machine (28.8%)
frame_002482,-1.0,4.9781,4.2085,0.0649,9.299,480,39.21, -> cash machine (39.2%)
frame_002483,-1.0,4.366,3.5144,0.064,7.9899,480,68.48, -> cash machine (68.5%)
frame_002484,-1.0,4.2208,3.4967,0.0635,7.8252,480,48.6, -> cash machine (48.6%)
frame_002485,-1.0,3.6164,3.3836,0.0638,7.1113,526,21.81, -> desk (21.8%)
frame_002486,-1.0,4.4353,7.0916,0.0666,11.6441,480,63.5, -> cash machine (63.5%)
frame_002487,-1.0,4.6589,3.4333,0.0796,8.2232,480,55.19, -> cash machine (55.2%)
frame_002488,-1.0,4.8711,3.3482,0.0623,8.33,480,41.44, -> cash machine (41.4%)
frame_002489,-1.0,4.3017,3.3937,0.0633,7.8034,480,48.39, -> cash machine (48.4%)
frame_002490,-1.0,4.3445,3.4598,0.062,7.9119,480,51.6, -> cash machine (51.6%)
frame_002491,-1.0,4.3793,3.4835,0.0649,7.9731,480,58.71, -> cash machine (58.7%)
frame_002492,-1.0,5.0247,3.4623,0.0635,8.5965,480,64.46, -> cash machine (64.5%)
frame_002493,-1.0,4.8147,3.3523,0.0635,8.2771,480,48.94, -> cash machine (48.9%)
frame_002494,-1.0,4.3966,3.4026,0.0632,7.9103,480,31.58, -> cash machine (31.6%)
frame_002495,-1.0,4.568,3.4452,0.0637,8.122,480,18.35, -> cash machine (18.3%)
frame_002496,-1.0,4.4623,4.2555,0.0639,8.8247,480,34.06, -> cash machine (34.1%)
frame_002497,-1.0,5.0698,3.5039,0.0629,8.6838,480,40.84, -> cash machine (40.8%)
frame_002498,-1.0,4.2578,3.4582,0.0689,7.8339,480,28.35, -> cash machine (28.3%)
frame_002499,-1.0,4.3695,3.4488,0.0622,7.926,480,48.38, -> cash machine (48.4%)
frame_002500,-1.0,4.1079,4.5283,0.0644,8.7474,480,28.2, -> cash machine (28.2%)
frame_002501,-1.0,4.1366,3.4241,0.0641,7.6701,480,53.67, -> cash machine (53.7%)
frame_002502,-1.0,4.4083,3.3794,0.0644,7.8991,480,51.24, -> cash machine (51.2%)
frame_002503,-1.0,4.5289,3.4977,0.0638,8.137,480,53.59, -> cash machine (53.6%)
frame_002504,-1.0,4.3342,3.3786,0.0641,7.8225,480,34.11, -> cash machine (34.1%)
frame_002505,-1.0,4.8222,3.481,0.0624,8.4119,480,37.62, -> cash machine (37.6%)
frame_002506,-1.0,4.2798,7.8319,0.0665,12.2285,480,55.13, -> cash machine (55.1%)
frame_002507,-1.0,4.2956,3.497,0.0632,7.9031,480,26.38, -> cash machine (26.4%)
frame_002508,-1.0,4.4406,3.6079,0.0632,8.1579,480,29.72, -> cash machine (29.7%)
frame_002509,-1.0,4.9845,3.5166,0.0628,8.6144,480,28.29, -> cash machine (28.3%)
frame_002510,-1.0,4.4421,6.8438,0.0674,11.4034,480,34.6, -> cash machine (34.6%)
frame_002511,-1.0,4.2713,3.4051,0.0637,7.7857,480,53.14, -> cash machine (53.1%)
frame_002512,-1.0,4.4002,6.0528,0.0688,10.5829,480,41.68, -> cash machine (41.7%)
frame_002513,-1.0,4.1814,3.4969,0.0654,7.7915,480,30.74, -> cash machine (30.7%)
frame_002514,-1.0,4.2929,7.3969,0.0676,11.8086,480,38.66, -> cash machine (38.7%)
frame_002515,-1.0,4.3482,3.4045,0.0661,7.8674,526,48.82, -> desk (48.8%)
frame_002516,-1.0,4.7385,4.9234,0.0648,9.7724,526,38.97, -> desk (39.0%)
frame_002517,-1.0,4.3138,3.3552,0.0624,7.7763,526,30.75, -> desk (30.7%)
frame_002518,-1.0,4.3289,3.4121,0.0654,7.854,526,29.42, -> desk (29.4%)
frame_002519,-1.0,4.8456,3.4369,0.0709,8.4018,526,36.9, -> desk (36.9%)
frame_002520,-1.0,4.3669,3.4367,0.0647,7.9147,713,30.0, -> photocopier (30.0%)
frame_002521,-1.0,4.4806,3.4042,0.063,7.9969,713,36.2, -> photocopier (36.2%)
frame_002522,-1.0,4.1565,7.9923,0.0679,12.269,713,44.06, -> photocopier (44.1%)
frame_002523,-1.0,4.1595,3.4406,0.0651,7.7113,713,43.48, -> photocopier (43.5%)
frame_002524,-1.0,4.6932,4.8697,0.0647,9.6755,526,35.17, -> desk (35.2%)
frame_002525,-1.0,4.2647,3.4899,0.0647,7.8652,526,40.17, -> desk (40.2%)
frame_002526,-1.0,4.0902,5.2035,0.0629,9.4012,480,30.47, -> cash machine (30.5%)
frame_002527,-1.0,3.9568,3.4148,0.0617,7.4795,713,39.81, -> photocopier (39.8%)
frame_002528,-1.0,4.4168,3.4311,0.0617,7.9528,713,57.1, -> photocopier (57.1%)
frame_002529,-1.0,4.2359,3.3766,0.0623,7.7164,480,47.51, -> cash machine (47.5%)
frame_002530,-1.0,4.6261,5.8114,0.0983,10.5882,480,50.43, -> cash machine (50.4%)
frame_002531,-1.0,4.7531,5.984,0.0696,10.8559,480,38.78, -> cash machine (38.8%)
frame_002532,-1.0,4.2382,3.4596,0.0709,7.8142,480,48.6, -> cash machine (48.6%)
frame_002533,-1.0,4.3993,3.4814,0.0633,7.9923,480,59.74, -> cash machine (59.7%)
frame_002534,-1.0,4.1898,4.2534,0.0631,8.5528,713,49.38, -> photocopier (49.4%)
frame_002535,-1.0,4.976,3.4108,0.064,8.4946,713,28.95, -> photocopier (28.9%)
frame_002536,-1.0,4.2049,7.3475,0.0678,11.6714,713,45.39, -> photocopier (45.4%)
frame_002537,-1.0,4.325,3.3837,0.0628,7.8165,713,62.73, -> photocopier (62.7%)
frame_002538,-1.0,5.1538,3.4449,0.0634,8.7056,713,54.39, -> photocopier (54.4%)
frame_002539,-1.0,4.4857,3.4448,0.0762,8.059,713,69.56, -> photocopier (69.6%)
frame_002540,-1.0,4.3665,6.0515,0.0634,10.5306,713,45.24, -> photocopier (45.2%)
frame_002541,-1.0,4.4921,3.485,0.0635,8.0856,713,49.93, -> photocopier (49.9%)
frame_002542,-1.0,4.9173,3.351,0.0625,8.3752,713,82.9, -> photocopier (82.9%)
frame_002543,-1.0,4.4306,3.4447,0.0645,7.9842,713,81.76, -> photocopier (81.8%)
frame_002544,-1.0,4.9711,3.3192,0.0624,8.3939,713,64.13, -> photocopier (64.1%)
frame_002545,-1.0,4.4872,3.4936,0.0621,8.0877,713,80.63, -> photocopier (80.6%)
frame_002546,-1.0,4.8546,7.4585,0.0685,12.4334,894,36.25, -> wardrobe (36.3%)
frame_002547,-1.0,4.6036,3.4258,0.0638,8.1376,713,51.27, -> photocopier (51.3%)
frame_002548,-1.0,4.3824,3.6948,0.0733,8.2023,480,31.46, -> cash machine (31.5%)
frame_002549,-1.0,4.5269,3.4905,0.0613,8.1248,480,37.11, -> cash machine (37.1%)
frame_002550,-1.0,4.3693,7.6384,0.0667,12.1239,480,37.23, -> cash machine (37.2%)
frame_002551,-1.0,4.8734,3.3436,0.0667,8.3324,480,36.66, -> cash machine (36.7%)
frame_002552,-1.0,4.33,3.2553,0.0624,7.6922,480,45.93, -> cash machine (45.9%)
frame_002553,-1.0,4.2354,8.1204,0.0686,12.4754,713,59.29, -> photocopier (59.3%)
frame_002554,-1.0,4.8394,6.3057,0.0658,11.2635,713,36.83, -> photocopier (36.8%)
frame_002555,-1.0,4.3117,3.4958,0.0791,7.9369,771,27.66, -> safe (27.7%)
frame_002556,-1.0,4.2903,3.4067,0.0639,7.8043,713,34.06, -> photocopier (34.1%)
frame_002557,-1.0,4.3816,3.4457,0.067,7.9434,713,56.62, -> photocopier (56.6%)
frame_002558,-1.0,4.2417,3.4691,0.0627,7.8193,713,65.42, -> photocopier (65.4%)
frame_002559,-1.0,4.2721,3.4074,0.0721,7.7985,713,38.9, -> photocopier (38.9%)
frame_002560,-1.0,4.5593,7.9977,0.0707,12.6885,713,63.6, -> photocopier (63.6%)
frame_002561,-1.0,4.3432,3.4131,0.065,7.869,713,38.62, -> photocopier (38.6%)
frame_002562,-1.0,4.5774,7.0423,0.0693,11.7394,713,75.02, -> photocopier (75.0%)
frame_002563,-1.0,4.6956,3.5293,0.0623,8.3353,713,74.23, -> photocopier (74.2%)
frame_002564,-1.0,4.517,3.4463,0.0654,8.0764,713,25.19, -> photocopier (25.2%)
frame_002565,-1.0,4.6932,3.5265,0.0617,8.3244,713,26.25, -> photocopier (26.2%)
frame_002566,-1.0,4.5907,4.8324,0.0623,9.5322,713,30.79, -> photocopier (30.8%)
frame_002567,-1.0,4.4401,3.4583,0.0809,8.0364,894,22.46, -> wardrobe (22.5%)
frame_002568,-1.0,3.5991,3.5311,0.0787,7.2682,713,39.5, -> photocopier (39.5%)
frame_002569,-1.0,4.2973,3.4142,0.0674,7.8256,742,20.4, -> printer (20.4%)
frame_002570,-1.0,4.6491,7.4112,0.0694,12.1794,742,14.14, -> printer (14.1%)
frame_002571,-1.0,4.6884,7.7036,0.0691,12.512,742,53.51, -> printer (53.5%)
frame_002572,-1.0,4.8183,4.5881,0.0647,9.5192,742,36.38, -> printer (36.4%)
frame_002573,-1.0,4.3475,3.4844,0.0649,7.9425,742,21.88, -> printer (21.9%)
frame_002574,-1.0,4.6859,4.4602,0.0639,9.2546,742,34.77, -> printer (34.8%)
frame_002575,-1.0,4.478,3.5149,0.0629,8.1031,713,9.53, -> photocopier (9.5%)
frame_002576,-1.0,4.5364,8.4367,0.0693,13.093,894,12.43, -> wardrobe (12.4%)
frame_002577,-1.0,5.1529,3.438,0.0675,8.703,799,17.41, -> sliding door (17.4%)
frame_002578,-1.0,4.8618,3.3984,0.0632,8.3708,799,14.78, -> sliding door (14.8%)
frame_002579,-1.0,4.8135,3.4958,0.0623,8.4165,894,8.98, -> wardrobe (9.0%)
frame_002580,-1.0,4.5541,5.0138,0.0625,9.6746,799,8.05, -> sliding door (8.0%)
frame_002581,-1.0,4.6006,3.3949,0.062,8.1024,543,5.39, -> dumbbell (5.4%)
frame_002582,-1.0,4.5232,3.2511,0.0624,7.8816,706,14.91, -> patio (14.9%)
frame_002583,-1.0,4.6482,3.4671,0.0616,8.2215,706,7.92, -> patio (7.9%)
frame_002584,-1.0,5.0711,6.1808,0.066,11.3681,706,13.58, -> patio (13.6%)
frame_002585,-1.0,4.584,3.5237,0.0618,8.2132,706,11.26, -> patio (11.3%)
frame_002586,-1.0,4.7347,6.5019,0.0656,11.3521,706,35.71, -> patio (35.7%)
frame_002587,-1.0,4.5946,3.51,0.0615,8.2125,706,11.78, -> patio (11.8%)
frame_002588,-1.0,5.1687,3.4686,0.0599,8.7401,706,30.45, -> patio (30.4%)
frame_002589,-1.0,4.6562,3.4313,0.0618,8.1946,706,17.27, -> patio (17.3%)
frame_002590,-1.0,4.4392,6.2173,0.0668,10.7732,422,14.04, -> barbell (14.0%)
frame_002591,-1.0,5.3864,3.4441,0.0608,8.936,422,36.27, -> barbell (36.3%)
frame_002592,-1.0,4.3846,3.1899,0.0587,7.6758,543,32.35, -> dumbbell (32.4%)
frame_002593,-1.0,5.0979,3.3852,0.0624,8.5909,543,29.77, -> dumbbell (29.8%)
frame_002594,-1.0,4.7315,3.3659,0.0594,8.1996,543,30.18, -> dumbbell (30.2%)
frame_002595,-1.0,4.7693,3.515,0.0579,8.3863,872,45.3, -> tripod (45.3%)
frame_002596,-1.0,4.6661,6.6354,0.0656,11.4183,872,35.28, -> tripod (35.3%)
frame_002597,-1.0,5.1172,3.4449,0.0671,8.6779,543,42.62, -> dumbbell (42.6%)
frame_002598,-1.0,4.6844,3.3813,0.0611,8.1741,543,64.3, -> dumbbell (64.3%)
frame_002599,-1.0,4.4143,3.48,0.0613,8.0027,543,49.08, -> dumbbell (49.1%)
frame_002600,-1.0,4.622,7.9977,0.0651,12.7331,543,42.03, -> dumbbell (42.0%)
frame_002601,-1.0,4.9296,3.4358,0.0749,8.4909,543,23.07, -> dumbbell (23.1%)
frame_002602,-1.0,4.4722,3.4442,0.0597,8.0203,422,37.87, -> barbell (37.9%)
frame_002603,-1.0,4.7974,3.5029,0.0588,8.4029,422,30.72, -> barbell (30.7%)
frame_002604,-1.0,5.0708,6.3482,0.0657,11.5337,872,29.91, -> tripod (29.9%)
frame_002605,-1.0,4.7084,3.5198,0.0628,8.3401,543,36.62, -> dumbbell (36.6%)
frame_002606,-1.0,4.564,5.0194,0.0613,9.6885,422,31.29, -> barbell (31.3%)
frame_002607,-1.0,4.6343,3.505,0.06,8.2464,422,33.69, -> barbell (33.7%)
frame_002608,-1.0,5.2683,3.3996,0.0585,8.7718,422,22.31, -> barbell (22.3%)
frame_002609,-1.0,4.7727,3.4244,0.0611,8.3019,872,32.29, -> tripod (32.3%)
frame_002610,-1.0,4.3596,3.6234,0.059,8.0853,872,33.12, -> tripod (33.1%)
frame_002611,-1.0,5.341,3.4214,0.0598,8.8708,872,32.46, -> tripod (32.5%)
frame_002612,-1.0,4.5549,5.3957,0.0614,10.0554,543,36.13, -> dumbbell (36.1%)
frame_002613,-1.0,4.3983,3.4216,0.0599,7.9222,543,28.93, -> dumbbell (28.9%)
frame_002614,-1.0,4.6724,3.462,0.0591,8.2405,872,23.43, -> tripod (23.4%)
frame_002615,-1.0,4.3631,3.4708,0.0608,7.9394,745,25.38, -> projector (25.4%)
frame_002616,-1.0,4.5967,3.4562,0.0607,8.1563,745,18.34, -> projector (18.3%)
frame_002617,-1.0,4.3948,3.4421,0.0608,7.9453,745,17.21, -> projector (17.2%)
frame_002618,-1.0,4.5921,3.3318,0.0607,8.0277,745,18.77, -> projector (18.8%)
frame_002619,-1.0,5.1024,7.6963,0.0668,12.9148,872,20.51, -> tripod (20.5%)
frame_002620,-1.0,4.7844,6.3253,0.0652,11.228,872,22.51, -> tripod (22.5%)
frame_002621,-1.0,4.8842,3.4075,0.0612,8.3983,471,28.01, -> cannon (28.0%)
frame_002622,-1.0,4.5861,6.9791,0.0653,11.6816,471,49.54, -> cannon (49.5%)
frame_002623,-1.0,4.5501,3.4407,0.0604,8.0986,745,19.78, -> projector (19.8%)
frame_002624,-1.0,4.4287,3.3946,0.0625,7.9288,543,34.96, -> dumbbell (35.0%)
frame_002625,-1.0,4.8631,3.4403,0.0609,8.4087,650,23.87, -> microphone (23.9%)
frame_002626,-1.0,4.5306,4.7563,0.0627,9.3955,422,20.57, -> barbell (20.6%)
frame_002627,-1.0,4.5092,3.4223,0.0604,8.0365,422,25.01, -> barbell (25.0%)
frame_002628,-1.0,4.234,3.375,0.0616,7.7134,422,35.01, -> barbell (35.0%)
frame_002629,-1.0,4.6295,3.4517,0.0612,8.188,422,31.13, -> barbell (31.1%)
frame_002630,-1.0,4.4298,3.4198,0.0605,7.9549,422,33.13, -> barbell (33.1%)
frame_002631,-1.0,4.8086,3.4229,0.0606,8.3375,422,37.75, -> barbell (37.8%)
frame_002632,-1.0,5.1466,3.3199,0.0663,8.5821,543,34.52, -> dumbbell (34.5%)
frame_002633,-1.0,4.4856,3.3723,0.0608,7.9652,422,44.44, -> barbell (44.4%)
frame_002634,-1.0,4.5332,5.9845,0.0608,10.622,422,58.11, -> barbell (58.1%)
frame_002635,-1.0,4.592,3.5032,0.0609,8.2011,422,63.28, -> barbell (63.3%)
frame_002636,-1.0,4.4739,3.7945,0.0591,8.3702,422,42.97, -> barbell (43.0%)
frame_002637,-1.0,4.2691,3.3192,0.0606,7.6951,422,34.2, -> barbell (34.2%)
frame_002638,-1.0,4.4266,3.3565,0.062,7.8904,422,42.8, -> barbell (42.8%)
frame_002639,-1.0,4.6232,3.5408,0.0617,8.2706,422,50.03, -> barbell (50.0%)
frame_002640,-1.0,4.3054,3.4089,0.0607,7.8177,422,58.74, -> barbell (58.7%)
frame_002641,-1.0,4.3068,8.2374,0.0648,12.6605,422,64.91, -> barbell (64.9%)
frame_002642,-1.0,4.6854,3.5164,0.0616,8.3083,422,60.34, -> barbell (60.3%)
frame_002643,-1.0,4.4635,3.4886,0.0608,8.0569,422,57.57, -> barbell (57.6%)
frame_002644,-1.0,4.7016,3.3698,0.0613,8.1778,422,45.79, -> barbell (45.8%)
frame_002645,-1.0,4.7841,3.6566,0.059,8.5436,422,22.45, -> barbell (22.4%)
frame_002646,-1.0,4.4778,3.4201,0.0614,8.0045,422,36.38, -> barbell (36.4%)
frame_002647,-1.0,4.3815,7.2034,0.0653,11.7006,422,33.08, -> barbell (33.1%)
frame_002648,-1.0,4.6865,3.3589,0.0597,8.1507,422,29.83, -> barbell (29.8%)
frame_002649,-1.0,4.5748,3.4994,0.0618,8.1806,422,16.86, -> barbell (16.9%)
frame_002650,-1.0,4.0815,4.9734,0.0931,9.2026,422,30.02, -> barbell (30.0%)
frame_002651,-1.0,4.444,3.4497,0.0617,7.9996,851,12.72, -> television (12.7%)
frame_002652,-1.0,4.5227,3.2712,0.0601,7.8976,851,17.43, -> television (17.4%)
frame_002653,-1.0,5.207,3.5158,0.0592,8.8305,422,33.83, -> barbell (33.8%)
frame_002654,-1.0,4.7057,3.4577,0.0596,8.2695,851,23.02, -> television (23.0%)
frame_002655,-1.0,4.3904,3.4499,0.0598,7.9464,851,22.35, -> television (22.3%)
frame_002656,-1.0,4.4031,3.352,0.0595,7.8603,664,27.03, -> monitor (27.0%)
frame_002657,-1.0,5.1726,3.408,0.0653,8.6929,422,26.29, -> barbell (26.3%)
frame_002658,-1.0,4.4955,3.4582,0.0588,8.0579,422,28.6, -> barbell (28.6%)
frame_002659,-1.0,4.9528,3.4158,0.0616,8.4763,422,39.93, -> barbell (39.9%)
frame_002660,-1.0,4.3714,3.4403,0.0596,7.9153,422,32.06, -> barbell (32.1%)
frame_002661,-1.0,4.3241,3.4684,0.061,7.8971,423,30.86, -> barber chair (30.9%)
frame_002662,-1.0,4.5521,3.3925,0.0617,8.0525,423,27.0, -> barber chair (27.0%)
frame_002663,-1.0,4.506,3.4373,0.058,8.0479,526,34.5, -> desk (34.5%)
frame_002664,-1.0,4.3244,3.44,0.062,7.8694,422,26.01, -> barbell (26.0%)
frame_002665,-1.0,4.4479,3.4879,0.0592,8.0391,423,15.83, -> barber chair (15.8%)
frame_002666,-1.0,4.7126,3.5036,0.0633,8.3237,422,22.38, -> barbell (22.4%)
frame_002667,-1.0,4.455,3.5479,0.0608,8.108,526,32.92, -> desk (32.9%)
frame_002668,-1.0,4.55,3.4939,0.0691,8.167,526,23.39, -> desk (23.4%)
frame_002669,-1.0,5.2962,3.4975,0.0627,8.8998,526,30.69, -> desk (30.7%)
frame_002670,-1.0,4.8985,3.3882,0.0625,8.3938,526,49.57, -> desk (49.6%)
frame_002671,-1.0,4.7826,3.537,0.0609,8.4259,423,18.39, -> barber chair (18.4%)
frame_002672,-1.0,4.6626,3.2453,0.0615,8.0132,422,22.59, -> barbell (22.6%)
frame_002673,-1.0,4.4935,3.5362,0.0599,8.1323,422,40.48, -> barbell (40.5%)
frame_002674,-1.0,4.1291,3.3673,0.0611,7.6062,526,36.33, -> desk (36.3%)
frame_002675,-1.0,4.4096,3.4328,0.0593,7.9467,526,18.87, -> desk (18.9%)
frame_002676,-1.0,4.4134,3.3191,0.0596,7.8356,423,48.89, -> barber chair (48.9%)
frame_002677,-1.0,4.8922,3.4205,0.06,8.4195,526,36.77, -> desk (36.8%)
frame_002678,-1.0,4.2498,3.4661,0.0587,7.8211,423,31.58, -> barber chair (31.6%)
frame_002679,-1.0,4.449,3.5013,0.0615,8.0566,882,36.05, -> vacuum (36.1%)
frame_002680,-1.0,5.0885,3.5083,0.0596,8.703,526,6.86, -> desk (6.9%)
frame_002681,-1.0,4.4768,4.6353,0.0612,9.2174,526,15.63, -> desk (15.6%)
frame_002682,-1.0,4.6204,3.4616,0.0636,8.1904,882,55.64, -> vacuum (55.6%)
frame_002683,-1.0,4.4138,7.4663,0.0661,11.9961,526,29.37, -> desk (29.4%)
frame_002684,-1.0,4.4471,3.4554,0.0608,8.0087,526,41.91, -> desk (41.9%)
frame_002685,-1.0,4.4002,3.3129,0.059,7.8174,561,12.34, -> forklift (12.3%)
frame_002686,-1.0,4.4012,3.4188,0.0587,7.9262,882,16.42, -> vacuum (16.4%)
frame_002687,-1.0,4.6372,3.4336,0.062,8.1772,882,25.51, -> vacuum (25.5%)
frame_002688,-1.0,4.5674,3.4157,0.0601,8.0883,526,58.91, -> desk (58.9%)
frame_002689,-1.0,4.2893,3.47,0.0591,7.8645,882,42.27, -> vacuum (42.3%)
frame_002690,-1.0,4.3018,3.4862,0.0593,7.8921,526,25.52, -> desk (25.5%)
frame_002691,-1.0,4.4981,3.4119,0.0665,8.0228,526,33.21, -> desk (33.2%)
frame_002692,-1.0,4.1716,3.455,0.0583,7.7289,423,20.89, -> barber chair (20.9%)
frame_002693,-1.0,4.5036,8.2293,0.0648,12.8452,423,21.59, -> barber chair (21.6%)
frame_002694,-1.0,4.3661,3.464,0.0617,7.9369,526,12.85, -> desk (12.9%)
frame_002695,-1.0,4.7665,3.4938,0.0596,8.3668,526,41.44, -> desk (41.4%)
frame_002696,-1.0,4.7192,3.4036,0.0595,8.2257,526,20.9, -> desk (20.9%)
frame_002697,-1.0,4.4475,6.6945,0.0695,11.261,882,22.93, -> vacuum (22.9%)
frame_002698,-1.0,4.4105,3.417,0.06,7.9343,526,16.97, -> desk (17.0%)
frame_002699,-1.0,4.5463,5.9857,0.0652,10.6477,561,38.89, -> forklift (38.9%)
frame_002700,-1.0,3.6372,3.3767,0.0638,7.1226,561,13.75, -> forklift (13.7%)
frame_002701,-1.0,4.0436,5.0005,0.0987,9.1935,561,19.25, -> forklift (19.3%)
frame_002702,-1.0,4.2896,3.4771,0.0617,7.875,526,36.92, -> desk (36.9%)
frame_002703,-1.0,4.4306,6.3102,0.0676,10.8595,526,23.05, -> desk (23.1%)
frame_002704,-1.0,5.2029,3.4753,0.0641,8.7902,526,23.66, -> desk (23.7%)
frame_002705,-1.0,4.2282,3.3673,0.061,7.7005,561,17.44, -> forklift (17.4%)
frame_002706,-1.0,4.3077,3.4446,0.0613,7.8568,561,36.45, -> forklift (36.4%)
frame_002707,-1.0,3.7657,4.8603,0.0604,8.7311,561,32.74, -> forklift (32.7%)
frame_002708,-1.0,4.3066,3.3889,0.0619,7.8019,526,20.53, -> desk (20.5%)
frame_002709,-1.0,4.3392,3.2332,0.0611,7.6797,526,16.29, -> desk (16.3%)
frame_002710,-1.0,4.4779,3.4309,0.0603,8.0168,526,19.36, -> desk (19.4%)
frame_002711,-1.0,4.3971,3.4523,0.0632,7.9589,526,21.89, -> desk (21.9%)
frame_002712,-1.0,4.6156,3.4266,0.0608,8.1457,561,29.79, -> forklift (29.8%)
frame_002713,-1.0,4.3617,3.4327,0.058,7.8987,561,44.05, -> forklift (44.0%)
frame_002714,-1.0,4.4465,3.5099,0.0604,8.0602,561,12.32, -> forklift (12.3%)
frame_002715,-1.0,4.5726,3.5054,0.0592,8.1826,561,16.94, -> forklift (16.9%)
frame_002716,-1.0,4.4719,3.4494,0.0596,8.0267,851,21.21, -> television (21.2%)
frame_002717,-1.0,4.6871,3.4012,0.0614,8.1956,851,22.15, -> television (22.2%)
frame_002718,-1.0,4.2055,3.4536,0.059,7.7613,851,22.12, -> television (22.1%)
frame_002719,-1.0,5.3003,3.4556,0.0621,8.8657,851,8.95, -> television (8.9%)
frame_002720,-1.0,4.5561,3.4258,0.0587,8.0865,598,11.78, -> home theater (11.8%)
frame_002721,-1.0,4.4582,4.6611,0.0601,9.223,765,15.28, -> rocking chair (15.3%)
frame_002722,-1.0,3.9933,3.3751,0.0581,7.4713,851,19.04, -> television (19.0%)
frame_002723,-1.0,5.3713,3.4401,0.0601,8.9164,548,19.21, -> entertainment center (19.2%)
frame_002724,-1.0,4.4954,3.4964,0.06,8.0959,877,51.04, -> turnstile (51.0%)
frame_002725,-1.0,4.8461,3.3508,0.0587,8.3005,877,22.86, -> turnstile (22.9%)
frame_002726,-1.0,4.6122,3.5215,0.0618,8.2411,877,15.7, -> turnstile (15.7%)
frame_002727,-1.0,5.1702,3.719,0.0621,8.9935,598,15.7, -> home theater (15.7%)
frame_002728,-1.0,4.5409,3.4556,0.0599,8.1015,598,13.81, -> home theater (13.8%)
frame_002729,-1.0,4.5721,3.5115,0.0618,8.1909,851,11.93, -> television (11.9%)
frame_002730,-1.0,4.5579,3.5063,0.0594,8.1679,422,20.67, -> barbell (20.7%)
frame_002731,-1.0,4.4238,5.6954,0.0614,10.2242,894,10.23, -> wardrobe (10.2%)
frame_002732,-1.0,4.4301,3.4979,0.0674,8.04,894,10.75, -> wardrobe (10.7%)
frame_002733,-1.0,5.2378,5.1152,0.0593,10.4538,788,9.88, -> shoe shop (9.9%)
frame_002734,-1.0,4.6008,3.5126,0.0614,8.2192,579,17.8, -> grand piano (17.8%)
frame_002735,-1.0,4.3677,7.944,0.0671,12.4281,579,10.55, -> grand piano (10.5%)
frame_002736,-1.0,4.8843,3.4123,0.0629,8.4031,881,9.98, -> upright (10.0%)
frame_002737,-1.0,5.0439,6.1479,0.066,11.3072,624,14.0, -> library (14.0%)
frame_002738,-1.0,4.5252,3.4931,0.0616,8.1232,624,19.02, -> library (19.0%)
frame_002739,-1.0,4.402,6.3124,0.0665,10.8312,624,14.11, -> library (14.1%)
frame_002740,-1.0,4.9805,3.4014,0.0617,8.4892,624,19.65, -> library (19.6%)
frame_002741,-1.0,4.8145,4.9245,0.0631,9.8471,624,24.49, -> library (24.5%)
frame_002742,-1.0,4.2953,3.4063,0.063,7.8088,624,43.73, -> library (43.7%)
frame_002743,-1.0,5.1032,3.4152,0.0612,8.6248,624,26.02, -> library (26.0%)
frame_002744,-1.0,5.1296,4.4313,0.0596,9.6658,526,33.77, -> desk (33.8%)
frame_002745,-1.0,4.6076,3.4985,0.0597,8.2091,526,34.37, -> desk (34.4%)
frame_002746,-1.0,5.2854,3.4172,0.0634,8.8103,526,26.46, -> desk (26.5%)
frame_002747,-1.0,5.1397,3.5245,0.0648,8.7758,526,37.22, -> desk (37.2%)
frame_002748,-1.0,4.7004,3.5129,0.0639,8.3205,526,50.53, -> desk (50.5%)
frame_002749,-1.0,5.2303,3.4472,0.0606,8.7824,526,34.12, -> desk (34.1%)
frame_002750,-1.0,4.4784,3.3905,0.0601,7.9709,526,46.41, -> desk (46.4%)
frame_002751,-1.0,4.6461,3.4605,0.0646,8.2153,526,40.66, -> desk (40.7%)
frame_002752,-1.0,4.3945,3.4505,0.0625,7.9543,526,42.88, -> desk (42.9%)
frame_002753,-1.0,4.4272,3.4613,0.0616,7.9937,526,30.36, -> desk (30.4%)
frame_002754,-1.0,4.5181,3.9381,0.0613,8.5619,526,51.3, -> desk (51.3%)
frame_002755,-1.0,4.2437,3.4366,0.0629,7.7875,526,48.83, -> desk (48.8%)
frame_002756,-1.0,4.4892,3.5563,0.0631,8.1541,624,38.45, -> library (38.4%)
frame_002757,-1.0,4.7875,3.7339,0.0644,8.6306,526,57.03, -> desk (57.0%)
frame_002758,-1.0,4.4979,3.4331,0.0623,8.0389,526,54.08, -> desk (54.1%)
frame_002759,-1.0,4.3014,7.1177,0.0688,11.5394,526,63.61, -> desk (63.6%)
frame_002760,-1.0,4.3631,3.4596,0.0635,7.9312,526,50.09, -> desk (50.1%)
frame_002761,-1.0,4.4732,4.5509,0.0634,9.1336,526,48.27, -> desk (48.3%)
frame_002762,-1.0,4.3069,3.4887,0.063,7.9058,526,39.7, -> desk (39.7%)
frame_002763,-1.0,3.9923,3.3865,0.0625,7.4859,624,19.38, -> library (19.4%)
frame_002764,-1.0,4.4304,3.3796,0.0601,7.9144,526,55.17, -> desk (55.2%)
frame_002765,-1.0,4.8611,3.5171,0.0641,8.4859,526,57.39, -> desk (57.4%)
frame_002766,-1.0,4.5481,3.3851,0.0605,8.0378,526,40.07, -> desk (40.1%)
frame_002767,-1.0,4.7291,3.52,0.0596,8.3545,526,29.12, -> desk (29.1%)
frame_002768,-1.0,4.6403,5.8962,0.0675,10.6525,526,30.45, -> desk (30.5%)
frame_002769,-1.0,4.2612,3.4562,0.0829,7.8534,624,19.06, -> library (19.1%)
frame_002770,-1.0,3.3175,3.4496,0.0766,6.8948,624,35.65, -> library (35.7%)
frame_002771,-1.0,4.6076,3.4897,0.0648,8.206,624,12.8, -> library (12.8%)
frame_002772,-1.0,4.825,3.5565,0.0652,8.492,624,16.86, -> library (16.9%)
frame_002773,-1.0,4.7516,3.4856,0.0688,8.3532,526,10.42, -> desk (10.4%)
frame_002774,-1.0,4.4049,3.4401,0.0624,7.9514,624,29.65, -> library (29.6%)
frame_002775,-1.0,4.6886,3.5425,0.0621,8.3382,526,34.9, -> desk (34.9%)
frame_002776,-1.0,4.7659,3.4892,0.0627,8.366,526,16.65, -> desk (16.6%)
frame_002777,-1.0,4.4658,5.9515,0.0673,10.5352,526,26.57, -> desk (26.6%)
frame_002778,-1.0,4.5129,3.4394,0.0603,8.0572,713,15.48, -> photocopier (15.5%)
frame_002779,-1.0,4.8835,3.4196,0.0612,8.4107,526,30.16, -> desk (30.2%)
frame_002780,-1.0,4.0024,3.3546,0.0604,7.4615,526,36.2, -> desk (36.2%)
frame_002781,-1.0,4.1472,3.337,0.0603,7.5889,526,14.44, -> desk (14.4%)
frame_002782,-1.0,4.4886,3.463,0.0603,8.0589,526,45.93, -> desk (45.9%)
frame_002783,-1.0,4.3553,3.4715,0.0605,7.9318,526,38.81, -> desk (38.8%)
frame_002784,-1.0,4.7217,3.4901,0.0623,8.3182,526,34.2, -> desk (34.2%)
frame_002785,-1.0,4.5903,3.4167,0.0619,8.1149,526,17.03, -> desk (17.0%)
frame_002786,-1.0,4.5474,3.4731,0.0598,8.1226,713,27.32, -> photocopier (27.3%)
frame_002787,-1.0,4.5121,6.2459,0.092,10.8995,713,29.55, -> photocopier (29.6%)
frame_002788,-1.0,4.8734,3.4361,0.0616,8.4179,526,31.19, -> desk (31.2%)
frame_002789,-1.0,4.5441,3.4198,0.0608,8.0682,713,36.02, -> photocopier (36.0%)
frame_002790,-1.0,4.6869,3.514,0.0591,8.3049,526,39.71, -> desk (39.7%)
frame_002791,-1.0,4.8161,3.3709,0.0672,8.3024,526,51.19, -> desk (51.2%)
frame_002792,-1.0,4.6418,3.3932,0.0639,8.1468,526,47.3, -> desk (47.3%)
frame_002793,-1.0,4.3349,3.4063,0.0628,7.8512,526,54.29, -> desk (54.3%)
frame_002794,-1.0,4.586,3.5882,0.0603,8.2813,526,60.15, -> desk (60.2%)
frame_002795,-1.0,4.5384,3.4619,0.0682,8.1167,526,36.47, -> desk (36.5%)
frame_002796,-1.0,3.9164,3.3597,0.0587,7.379,526,53.58, -> desk (53.6%)
frame_002797,-1.0,4.9279,4.0724,0.0578,9.1042,526,52.37, -> desk (52.4%)
frame_002798,-1.0,4.347,5.2891,0.0598,9.74,526,55.9, -> desk (55.9%)
frame_002799,-1.0,5.0673,3.5199,0.0599,8.6948,526,38.95, -> desk (39.0%)
frame_002800,-1.0,4.2262,3.38,0.0586,7.7094,713,39.46, -> photocopier (39.5%)
frame_002801,-1.0,4.4612,3.4163,0.0611,7.982,713,43.34, -> photocopier (43.3%)
frame_002802,-1.0,5.1752,3.4158,0.0589,8.6937,526,50.61, -> desk (50.6%)
frame_002803,-1.0,4.4059,3.4659,0.0601,7.9765,526,53.34, -> desk (53.3%)
frame_002804,-1.0,4.5318,3.4476,0.0613,8.0856,526,38.97, -> desk (39.0%)
frame_002805,-1.0,4.3987,3.4165,0.0612,7.9195,526,52.36, -> desk (52.4%)
frame_002806,-1.0,4.5661,7.1553,0.0637,11.8352,526,59.88, -> desk (59.9%)
frame_002807,-1.0,4.2331,3.4626,0.0618,7.8011,713,37.86, -> photocopier (37.9%)
frame_002808,-1.0,4.5229,3.4507,0.0658,8.0845,526,37.54, -> desk (37.5%)
frame_002809,-1.0,4.4004,3.4898,0.0614,7.9972,579,43.02, -> grand piano (43.0%)
frame_002810,-1.0,5.2026,3.4858,0.0615,8.7931,526,34.38, -> desk (34.4%)
frame_002811,-1.0,3.6992,4.8112,0.0602,8.6161,713,29.95, -> photocopier (29.9%)
frame_002812,-1.0,4.2038,7.3248,0.0654,11.6438,713,38.33, -> photocopier (38.3%)
frame_002813,-1.0,4.7933,3.33,0.0658,8.2351,713,38.28, -> photocopier (38.3%)
frame_002814,-1.0,5.2107,3.5456,0.0608,8.8623,526,48.05, -> desk (48.1%)
frame_002815,-1.0,4.5393,3.4869,0.0608,8.1323,526,74.06, -> desk (74.1%)
frame_002816,-1.0,4.3391,3.3167,0.0656,7.7671,526,50.33, -> desk (50.3%)
frame_002817,-1.0,3.7878,3.3795,0.0597,7.2709,526,53.52, -> desk (53.5%)
frame_002818,-1.0,4.9239,3.3739,0.0585,8.404,526,36.73, -> desk (36.7%)
frame_002819,-1.0,4.7026,3.3321,0.0606,8.1396,526,12.0, -> desk (12.0%)
frame_002820,-1.0,4.4316,5.0523,0.0592,9.5852,526,53.26, -> desk (53.3%)
frame_002821,-1.0,4.2701,3.4521,0.0592,7.8259,526,47.63, -> desk (47.6%)
frame_002822,-1.0,4.385,3.4195,0.0624,7.9113,526,30.1, -> desk (30.1%)
frame_002823,-1.0,4.6762,3.4171,0.0583,8.194,526,54.66, -> desk (54.7%)
frame_002824,-1.0,5.0449,3.4463,0.0628,8.5996,526,42.8, -> desk (42.8%)
frame_002825,-1.0,4.3517,3.4845,0.0596,7.9382,526,26.03, -> desk (26.0%)
frame_002826,-1.0,4.0584,3.6127,0.059,7.7729,526,24.76, -> desk (24.8%)
frame_002827,-1.0,4.6092,3.508,0.0575,8.2195,526,33.48, -> desk (33.5%)
frame_002828,-1.0,4.5685,3.4602,0.0592,8.1334,526,13.59, -> desk (13.6%)
frame_002829,-1.0,4.301,3.4338,0.0633,7.8427,822,19.98, -> steel drum (20.0%)
frame_002830,-1.0,4.9766,3.491,0.062,8.5775,822,15.87, -> steel drum (15.9%)
frame_002831,-1.0,4.3188,3.4904,0.0647,7.9178,541,26.2, -> drum (26.2%)
frame_002832,-1.0,4.509,3.3646,0.0612,7.9778,541,36.37, -> drum (36.4%)
frame_002833,-1.0,4.5205,3.4985,0.0603,8.1255,526,30.13, -> desk (30.1%)
frame_002834,-1.0,4.1133,3.4107,0.0678,7.6364,579,9.6, -> grand piano (9.6%)
frame_002835,-1.0,5.1455,3.5119,0.0639,8.7706,788,25.54, -> shoe shop (25.5%)
frame_002836,-1.0,4.2805,7.3807,0.0663,11.7792,541,16.91, -> drum (16.9%)
frame_002837,-1.0,4.5027,3.4891,0.0605,8.0998,541,26.29, -> drum (26.3%)
frame_002838,-1.0,4.2518,3.4207,0.0611,7.7766,541,27.3, -> drum (27.3%)
frame_002839,-1.0,4.2697,3.4312,0.0606,7.8075,788,35.14, -> shoe shop (35.1%)
frame_002840,-1.0,4.4204,3.5543,0.0605,8.0788,579,35.04, -> grand piano (35.0%)
frame_002841,-1.0,4.9162,3.3818,0.0612,8.4017,579,18.39, -> grand piano (18.4%)
frame_002842,-1.0,4.046,3.3774,0.0687,7.5367,541,58.99, -> drum (59.0%)
frame_002843,-1.0,4.6666,3.4411,0.0581,8.2101,541,55.18, -> drum (55.2%)
frame_002844,-1.0,4.8504,3.3958,0.0611,8.3542,541,25.54, -> drum (25.5%)
frame_002845,-1.0,4.2445,3.4618,0.058,7.8098,579,42.86, -> grand piano (42.9%)
frame_002846,-1.0,4.3735,3.5651,0.0609,8.0435,541,21.79, -> drum (21.8%)
frame_002847,-1.0,4.2602,3.4595,0.0605,7.8234,895,20.59, -> warplane (20.6%)
frame_002848,-1.0,4.3016,3.3637,0.0609,7.7722,579,24.67, -> grand piano (24.7%)
frame_002849,-1.0,4.3098,3.3676,0.0599,7.7807,579,49.55, -> grand piano (49.6%)
frame_002850,-1.0,4.5338,7.5727,0.0679,12.2236,788,6.64, -> shoe shop (6.6%)
frame_002851,-1.0,4.1338,3.4391,0.0607,7.6798,579,12.04, -> grand piano (12.0%)
frame_002852,-1.0,4.2254,3.522,0.0608,7.8538,579,8.37, -> grand piano (8.4%)
frame_002853,-1.0,4.411,3.4479,0.0679,7.9754,526,14.63, -> desk (14.6%)
frame_002854,-1.0,4.4887,3.5565,0.0621,8.1541,550,17.03, -> espresso maker (17.0%)
frame_002855,-1.0,4.4971,3.4818,0.0598,8.0826,550,9.61, -> espresso maker (9.6%)
frame_002856,-1.0,4.1297,3.4342,0.0607,7.669,579,15.84, -> grand piano (15.8%)
frame_002857,-1.0,4.2418,3.3792,0.0582,7.725,422,12.33, -> barbell (12.3%)
frame_002858,-1.0,4.2852,4.391,0.0592,8.7785,550,18.65, -> espresso maker (18.7%)
frame_002859,-1.0,4.361,3.4916,0.0613,7.9574,422,16.32, -> barbell (16.3%)
frame_002860,-1.0,4.5689,3.4438,0.0735,8.14,550,13.18, -> espresso maker (13.2%)
frame_002861,-1.0,4.8761,3.447,0.0678,8.4371,550,17.25, -> espresso maker (17.3%)
frame_002862,-1.0,4.9679,3.4794,0.0667,8.5614,550,10.89, -> espresso maker (10.9%)
frame_002863,-1.0,4.6865,3.4129,0.0693,8.2194,423,22.88, -> barber chair (22.9%)
frame_002864,-1.0,4.2769,3.4252,0.0591,7.8052,423,10.36, -> barber chair (10.4%)
frame_002865,-1.0,4.9441,3.6213,0.0598,8.6682,423,32.88, -> barber chair (32.9%)
frame_002866,-1.0,3.806,3.5234,0.0595,7.4335,423,14.96, -> barber chair (15.0%)
frame_002867,-1.0,4.409,3.5092,0.061,8.022,526,17.81, -> desk (17.8%)
frame_002868,-1.0,4.415,7.7467,0.0637,12.2735,423,26.57, -> barber chair (26.6%)
frame_002869,-1.0,4.7313,3.4108,0.0604,8.2479,423,32.11, -> barber chair (32.1%)
frame_002870,-1.0,4.4435,6.0812,0.0715,10.6524,550,38.59, -> espresso maker (38.6%)
frame_002871,-1.0,4.8281,3.5294,0.0687,8.478,423,20.74, -> barber chair (20.7%)
frame_002872,-1.0,4.1588,4.0838,0.0706,8.3681,423,14.45, -> barber chair (14.4%)
frame_002873,-1.0,4.1932,3.5258,0.0692,7.8373,423,33.72, -> barber chair (33.7%)
frame_002874,-1.0,4.1516,6.7146,0.0686,10.9864,423,33.41, -> barber chair (33.4%)
frame_002875,-1.0,4.3182,3.5156,0.0634,7.9455,423,38.34, -> barber chair (38.3%)
frame_002876,-1.0,4.2113,3.5428,0.0624,7.8621,423,49.2, -> barber chair (49.2%)
frame_002877,-1.0,2.686,3.3891,0.0647,6.1831,423,76.47, -> barber chair (76.5%)
frame_002878,-1.0,4.0021,3.4558,0.0625,7.566,423,86.68, -> barber chair (86.7%)
frame_002879,-1.0,4.5565,3.4697,0.0735,8.148,423,80.21, -> barber chair (80.2%)
frame_002880,-1.0,4.0846,3.5337,0.0668,7.7333,423,47.96, -> barber chair (48.0%)
frame_002881,-1.0,4.8053,3.465,0.072,8.3911,423,53.55, -> barber chair (53.5%)
frame_002882,-1.0,4.5368,3.4682,0.0703,8.1246,423,31.25, -> barber chair (31.3%)
frame_002883,-1.0,4.3502,3.5158,0.0644,7.9765,423,27.4, -> barber chair (27.4%)
frame_002884,-1.0,5.0501,3.4517,0.0641,8.6124,423,13.0, -> barber chair (13.0%)
frame_002885,-1.0,4.432,3.5258,0.0663,8.0708,532,14.88, -> dining table (14.9%)
frame_002886,-1.0,4.975,3.4223,0.0679,8.5097,532,11.88, -> dining table (11.9%)
frame_002887,-1.0,4.1951,3.5049,0.0628,7.8106,532,70.73, -> dining table (70.7%)
frame_002888,-1.0,4.2486,3.4633,0.0617,7.8193,532,64.01, -> dining table (64.0%)
frame_002889,-1.0,4.1949,3.4546,0.0618,7.7557,532,38.23, -> dining table (38.2%)
frame_002890,-1.0,5.2127,3.3436,0.0634,8.6664,532,48.09, -> dining table (48.1%)
frame_002891,-1.0,4.5281,3.4508,0.0637,8.0883,830,22.02, -> stretcher (22.0%)
frame_002892,-1.0,4.3093,3.3891,0.0602,7.8038,532,17.82, -> dining table (17.8%)
frame_002893,-1.0,4.4673,3.5228,0.0615,8.0964,830,21.11, -> stretcher (21.1%)
frame_002894,-1.0,4.5454,5.071,0.0623,9.7245,532,14.89, -> dining table (14.9%)
frame_002895,-1.0,4.6051,3.4632,0.0601,8.1725,532,16.38, -> dining table (16.4%)
frame_002896,-1.0,4.6128,7.4166,0.0667,12.1464,778,13.07, -> scale (13.1%)
frame_002897,-1.0,4.3595,3.4794,0.0612,7.9459,706,8.87, -> patio (8.9%)
frame_002898,-1.0,5.3775,5.0905,0.0606,10.5736,579,6.76, -> grand piano (6.8%)
frame_002899,-1.0,4.6085,3.3839,0.0603,8.0999,743,10.31, -> prison (10.3%)
frame_002900,-1.0,5.5201,3.4112,0.0599,9.0356,743,9.87, -> prison (9.9%)
frame_002901,-1.0,5.4812,3.3989,0.06,8.9839,884,13.51, -> vault (13.5%)
frame_002902,-1.0,4.4412,3.4011,0.0627,7.9516,713,53.92, -> photocopier (53.9%)
frame_002903,-1.0,4.784,3.5649,0.0603,8.4536,713,64.97, -> photocopier (65.0%)
frame_002904,-1.0,4.7998,3.5168,0.0604,8.4214,713,74.39, -> photocopier (74.4%)
frame_002905,-1.0,5.2538,3.3955,0.0601,8.7554,713,48.75, -> photocopier (48.7%)
frame_002906,-1.0,5.1789,3.5356,0.0597,8.8192,713,63.28, -> photocopier (63.3%)
frame_002907,-1.0,3.7284,3.3707,0.06,7.2039,713,58.0, -> photocopier (58.0%)
frame_002908,-1.0,4.4674,3.4622,0.0602,8.0358,713,29.19, -> photocopier (29.2%)
frame_002909,-1.0,4.892,3.5575,0.0633,8.5578,713,29.6, -> photocopier (29.6%)
frame_002910,-1.0,4.5589,3.5111,0.0609,8.1772,713,40.53, -> photocopier (40.5%)
frame_002911,-1.0,4.8976,3.4278,0.0597,8.4285,713,26.21, -> photocopier (26.2%)
frame_002912,-1.0,4.8444,3.39,0.0612,8.3384,713,47.54, -> photocopier (47.5%)
frame_002913,-1.0,4.4944,3.4687,0.0613,8.0682,713,36.73, -> photocopier (36.7%)
frame_002914,-1.0,4.6754,3.4352,0.0623,8.2186,713,43.14, -> photocopier (43.1%)
frame_002915,-1.0,4.5525,3.4774,0.0639,8.1395,713,43.46, -> photocopier (43.5%)
frame_002916,-1.0,4.1149,3.5097,0.0613,7.7307,713,39.3, -> photocopier (39.3%)
frame_002917,-1.0,4.873,3.5216,0.0616,8.5023,713,50.93, -> photocopier (50.9%)
frame_002918,-1.0,4.8295,3.482,0.0614,8.418,713,49.26, -> photocopier (49.3%)
frame_002919,-1.0,4.5017,3.3753,0.0597,7.9849,713,50.44, -> photocopier (50.4%)
frame_002920,-1.0,4.4469,3.485,0.0608,8.0379,713,22.78, -> photocopier (22.8%)
frame_002921,-1.0,5.3547,3.4001,0.0599,8.8586,713,22.11, -> photocopier (22.1%)
frame_002922,-1.0,5.369,3.3466,0.0616,8.8208,526,18.99, -> desk (19.0%)
frame_002923,-1.0,4.5655,3.4257,0.0589,8.0943,553,26.45, -> file (26.5%)
frame_002924,-1.0,4.4476,7.0041,0.065,11.5646,553,35.21, -> file (35.2%)
frame_002925,-1.0,5.2148,3.407,0.0618,8.7273,553,45.99, -> file (46.0%)
frame_002926,-1.0,4.4826,3.4169,0.0627,8.0084,553,31.78, -> file (31.8%)
frame_002927,-1.0,4.9625,3.4359,0.0612,8.5044,553,40.47, -> file (40.5%)
frame_002928,-1.0,4.5647,3.5706,0.0602,8.2392,553,41.72, -> file (41.7%)
frame_002929,-1.0,4.2413,3.3649,0.0597,7.7119,553,25.39, -> file (25.4%)
frame_002930,-1.0,4.7146,7.5443,0.065,12.3729,553,26.96, -> file (27.0%)
frame_002931,-1.0,5.2084,3.4492,0.0616,8.764,553,28.49, -> file (28.5%)
frame_002932,-1.0,4.9319,3.4103,0.0608,8.4505,553,35.81, -> file (35.8%)
frame_002933,-1.0,5.4996,3.4012,0.061,9.0061,553,29.02, -> file (29.0%)
frame_002934,-1.0,4.7336,3.5204,0.07,8.3716,553,39.35, -> file (39.4%)
frame_002935,-1.0,4.9339,3.4253,0.0617,8.4658,553,37.58, -> file (37.6%)
frame_002936,-1.0,4.5196,5.1861,0.0604,9.8105,526,28.96, -> desk (29.0%)
frame_002937,-1.0,4.6574,3.4534,0.0594,8.2142,553,21.84, -> file (21.8%)
frame_002938,-1.0,3.2413,7.6076,0.0637,10.9616,713,27.42, -> photocopier (27.4%)
frame_002939,-1.0,4.7614,3.4633,0.0685,8.3417,526,21.05, -> desk (21.0%)
frame_002940,-1.0,5.5401,5.3698,0.0612,11.0157,713,35.67, -> photocopier (35.7%)
frame_002941,-1.0,5.4116,3.4981,0.0612,9.0186,713,43.84, -> photocopier (43.8%)
frame_002942,-1.0,4.8711,3.5448,0.0644,8.5304,713,46.58, -> photocopier (46.6%)
frame_002943,-1.0,5.3748,3.3961,0.0603,8.8746,713,29.37, -> photocopier (29.4%)
frame_002944,-1.0,4.6232,3.4696,0.0603,8.1983,757,21.65, -> recreational vehicle (21.6%)
frame_002945,-1.0,5.593,6.8385,0.0681,12.548,713,29.44, -> photocopier (29.4%)
frame_002946,-1.0,4.5881,6.1132,0.0683,10.8208,713,25.45, -> photocopier (25.5%)
frame_002947,-1.0,4.7448,3.3357,0.0653,8.1917,713,36.58, -> photocopier (36.6%)
frame_002948,-1.0,4.7678,7.1032,0.0671,11.9886,713,32.01, -> photocopier (32.0%)
frame_002949,-1.0,5.0475,3.3773,0.0617,8.532,713,39.62, -> photocopier (39.6%)
frame_002950,-1.0,4.5881,4.6169,0.0626,9.3136,713,36.68, -> photocopier (36.7%)
frame_002951,-1.0,4.7663,3.4027,0.0611,8.2753,713,33.57, -> photocopier (33.6%)
frame_002952,-1.0,5.2493,3.3299,0.0613,8.6827,713,24.58, -> photocopier (24.6%)
frame_002953,-1.0,4.58,3.5272,0.0584,8.2114,713,21.77, -> photocopier (21.8%)
frame_002954,-1.0,5.3382,3.4008,0.061,8.8461,713,19.71, -> photocopier (19.7%)
frame_002955,-1.0,5.4069,3.5347,0.0621,9.0501,713,24.77, -> photocopier (24.8%)
frame_002956,-1.0,4.6446,3.5363,0.0617,8.2897,713,23.35, -> photocopier (23.3%)
frame_002957,-1.0,4.493,3.4571,0.0606,8.0609,713,22.29, -> photocopier (22.3%)
frame_002958,-1.0,4.6823,3.4312,0.0613,8.2199,713,23.93, -> photocopier (23.9%)
frame_002959,-1.0,5.1672,3.4688,0.0598,8.7422,526,23.52, -> desk (23.5%)
frame_002960,-1.0,3.736,3.3651,0.059,7.2038,713,21.02, -> photocopier (21.0%)
frame_002961,-1.0,4.4708,3.4279,0.061,8.0046,526,23.38, -> desk (23.4%)
frame_002962,-1.0,4.5218,3.4326,0.0603,8.0585,526,27.27, -> desk (27.3%)
frame_002963,-1.0,5.2342,3.3991,0.0593,8.7362,526,24.11, -> desk (24.1%)
frame_002964,-1.0,4.4465,7.09,0.0665,11.652,526,14.13, -> desk (14.1%)
frame_002965,-1.0,5.1059,3.3989,0.0605,8.6122,526,17.43, -> desk (17.4%)
frame_002966,-1.0,4.32,6.9971,0.0676,11.4332,526,18.67, -> desk (18.7%)
frame_002967,-1.0,4.83,3.5453,0.067,8.4893,526,26.6, -> desk (26.6%)
frame_002968,-1.0,5.0465,5.1404,0.0616,10.3293,526,32.62, -> desk (32.6%)
frame_002969,-1.0,4.5579,3.524,0.062,8.19,526,32.73, -> desk (32.7%)
frame_002970,-1.0,4.4229,6.0268,0.0604,10.5554,713,26.27, -> photocopier (26.3%)
frame_002971,-1.0,4.6248,3.3584,0.0638,8.1003,713,30.18, -> photocopier (30.2%)
frame_002972,-1.0,3.1754,3.3514,0.0653,6.6424,713,34.18, -> photocopier (34.2%)
frame_002973,-1.0,4.8656,3.5455,0.0643,8.5204,713,37.58, -> photocopier (37.6%)
frame_002974,-1.0,4.4886,3.4499,0.0617,8.0473,713,21.99, -> photocopier (22.0%)
frame_002975,-1.0,4.53,3.5504,0.0683,8.1965,713,32.85, -> photocopier (32.9%)
frame_002976,-1.0,4.652,8.0827,0.0663,12.8508,526,20.28, -> desk (20.3%)
frame_002977,-1.0,4.3086,3.3816,0.0639,7.8015,713,11.27, -> photocopier (11.3%)
frame_002978,-1.0,5.2248,3.9405,0.0615,9.2719,713,45.59, -> photocopier (45.6%)
frame_002979,-1.0,5.2521,3.5252,0.0645,8.8884,713,49.67, -> photocopier (49.7%)
frame_002980,-1.0,4.2912,5.5835,0.0614,9.9996,713,66.77, -> photocopier (66.8%)
frame_002981,-1.0,4.2468,3.5121,0.0607,7.8637,713,37.71, -> photocopier (37.7%)
frame_002982,-1.0,4.1899,3.4166,0.0624,7.7139,713,49.88, -> photocopier (49.9%)
frame_002983,-1.0,4.6661,3.4179,0.06,8.1892,713,41.78, -> photocopier (41.8%)
frame_002984,-1.0,4.1718,3.558,0.0597,7.8341,713,52.64, -> photocopier (52.6%)
frame_002985,-1.0,4.3489,3.4346,0.0612,7.8879,713,41.71, -> photocopier (41.7%)
frame_002986,-1.0,4.2712,6.6427,0.0651,11.0294,713,54.47, -> photocopier (54.5%)
frame_002987,-1.0,3.7904,3.3686,0.063,7.2678,713,27.75, -> photocopier (27.8%)
frame_002988,-1.0,4.5886,5.2617,0.0622,9.9557,713,51.06, -> photocopier (51.1%)
frame_002989,-1.0,4.2062,3.4104,0.0602,7.7244,713,48.28, -> photocopier (48.3%)
frame_002990,-1.0,4.3308,7.7906,0.0661,12.2366,713,44.64, -> photocopier (44.6%)
frame_002991,-1.0,4.1568,3.4435,0.0623,7.708,713,41.14, -> photocopier (41.1%)
frame_002992,-1.0,4.1161,3.3404,0.0623,7.5648,713,42.18, -> photocopier (42.2%)
frame_002993,-1.0,4.087,3.4545,0.0626,7.6494,713,40.71, -> photocopier (40.7%)
frame_002994,-1.0,4.2129,4.5885,0.0614,8.9065,713,52.85, -> photocopier (52.8%)
frame_002995,-1.0,3.9848,3.4792,0.0597,7.5692,713,56.27, -> photocopier (56.3%)
frame_002996,-1.0,4.1944,3.3261,0.0597,7.6239,526,32.88, -> desk (32.9%)
frame_002997,-1.0,4.0666,3.4851,0.0584,7.6537,713,31.58, -> photocopier (31.6%)
frame_002998,-1.0,4.1925,5.729,0.0615,10.0295,713,50.92, -> photocopier (50.9%)
frame_002999,-1.0,4.1611,3.3951,0.0622,7.662,713,42.71, -> photocopier (42.7%)
frame_003000,-1.0,4.7957,6.2385,0.0667,11.1495,713,47.71, -> photocopier (47.7%)
frame_003001,-1.0,4.9124,3.4241,0.0638,8.448,713,53.18, -> photocopier (53.2%)
frame_003002,-1.0,4.6993,3.3384,0.0599,8.142,713,42.43, -> photocopier (42.4%)
frame_003003,-1.0,4.1783,3.5101,0.0609,7.7943,526,30.91, -> desk (30.9%)
frame_003004,-1.0,3.9871,3.3709,0.062,7.4657,713,38.03, -> photocopier (38.0%)
frame_003005,-1.0,4.1917,3.4548,0.062,7.7537,713,37.22, -> photocopier (37.2%)
frame_003006,-1.0,4.035,4.8177,0.0611,8.9575,713,66.75, -> photocopier (66.7%)
frame_003007,-1.0,3.8517,3.4451,0.0602,7.4045,713,51.92, -> photocopier (51.9%)
frame_003008,-1.0,4.0395,3.4439,0.0605,7.5878,713,62.38, -> photocopier (62.4%)
frame_003009,-1.0,4.007,3.481,0.0616,7.5947,713,64.3, -> photocopier (64.3%)
frame_003010,-1.0,4.1452,7.7866,0.0657,12.0477,713,67.79, -> photocopier (67.8%)
frame_003011,-1.0,4.1449,3.4975,0.0645,7.7537,713,56.04, -> photocopier (56.0%)
frame_003012,-1.0,3.968,3.454,0.0694,7.5392,713,58.42, -> photocopier (58.4%)
frame_003013,-1.0,4.0108,3.4406,0.0585,7.5556,713,57.71, -> photocopier (57.7%)
frame_003014,-1.0,4.7465,3.4969,0.0599,8.3487,713,52.83, -> photocopier (52.8%)
frame_003015,-1.0,4.5497,3.4854,0.0623,8.1438,713,75.43, -> photocopier (75.4%)
frame_003016,-1.0,4.053,5.4237,0.0586,9.581,713,42.32, -> photocopier (42.3%)
frame_003017,-1.0,3.9969,3.4435,0.0597,7.5445,713,59.05, -> photocopier (59.1%)
frame_003018,-1.0,3.9328,3.4636,0.0608,7.5012,713,83.61, -> photocopier (83.6%)
frame_003019,-1.0,4.034,3.4483,0.0602,7.587,713,89.64, -> photocopier (89.6%)
frame_003020,-1.0,4.1108,3.2378,0.0807,7.4799,713,85.82, -> photocopier (85.8%)
frame_003021,-1.0,4.0407,3.4361,0.0792,7.6089,713,91.34, -> photocopier (91.3%)
frame_003022,-1.0,4.1946,3.4208,0.0726,7.7399,713,85.67, -> photocopier (85.7%)
frame_003023,-1.0,3.8916,3.3955,0.0612,7.3932,713,91.09, -> photocopier (91.1%)
frame_003024,-1.0,4.1134,7.0864,0.0654,11.3156,713,94.28, -> photocopier (94.3%)
frame_003025,-1.0,4.5817,3.496,0.0672,8.193,713,86.47, -> photocopier (86.5%)
frame_003026,-1.0,4.0291,4.3932,0.0643,8.532,713,89.67, -> photocopier (89.7%)
frame_003027,-1.0,4.679,3.5141,0.0653,8.3042,713,94.67, -> photocopier (94.7%)
frame_003028,-1.0,4.7605,5.2483,0.0608,10.1151,713,87.83, -> photocopier (87.8%)
frame_003029,-1.0,4.7222,3.4523,0.0619,8.2802,713,88.19, -> photocopier (88.2%)
frame_003030,-1.0,3.8848,4.5754,0.0588,8.5615,713,88.49, -> photocopier (88.5%)
frame_003031,-1.0,4.0756,3.4367,0.0601,7.6185,713,94.07, -> photocopier (94.1%)
frame_003032,-1.0,4.6452,3.4848,0.0672,8.2463,713,94.4, -> photocopier (94.4%)
frame_003033,-1.0,4.0919,3.4687,0.059,7.6636,713,92.96, -> photocopier (93.0%)
frame_003034,-1.0,3.9905,5.5508,0.058,9.6456,713,92.35, -> photocopier (92.3%)
frame_003035,-1.0,4.0875,3.4882,0.0637,7.6843,713,92.65, -> photocopier (92.7%)
frame_003036,-1.0,4.3266,6.9588,0.0651,11.3994,713,92.88, -> photocopier (92.9%)
frame_003037,-1.0,4.008,3.4527,0.0614,7.5681,713,93.76, -> photocopier (93.8%)
frame_003038,-1.0,4.7512,5.8659,0.066,10.7331,713,93.47, -> photocopier (93.5%)
frame_003039,-1.0,4.0175,3.4895,0.0625,7.6169,713,93.56, -> photocopier (93.6%)
frame_003040,-1.0,4.6562,3.4289,0.0617,8.1929,713,94.23, -> photocopier (94.2%)
frame_003041,-1.0,4.0334,3.4998,0.0606,7.6363,713,93.89, -> photocopier (93.9%)
frame_003042,-1.0,4.0721,3.4948,0.0617,7.6721,713,86.04, -> photocopier (86.0%)
frame_003043,-1.0,4.0381,3.5046,0.0674,7.6591,713,85.39, -> photocopier (85.4%)
frame_003044,-1.0,4.1093,5.0281,0.0589,9.2406,713,81.75, -> photocopier (81.7%)
frame_003045,-1.0,3.9996,3.5154,0.0627,7.6233,713,97.69, -> photocopier (97.7%)
frame_003046,-1.0,4.0396,4.7996,0.0565,8.9408,713,97.06, -> photocopier (97.1%)
frame_003047,-1.0,4.2551,3.4887,0.0589,7.8476,713,90.29, -> photocopier (90.3%)
frame_003048,-1.0,3.969,4.7121,0.0584,8.7827,713,92.11, -> photocopier (92.1%)
frame_003049,-1.0,4.6763,3.5026,0.0594,8.2838,713,86.64, -> photocopier (86.6%)
frame_003050,-1.0,4.1843,3.4319,0.0601,7.7212,713,87.56, -> photocopier (87.6%)
frame_003051,-1.0,4.1487,3.4297,0.0623,7.6837,713,74.65, -> photocopier (74.7%)
frame_003052,-1.0,4.6922,3.4484,0.0602,8.2457,713,83.42, -> photocopier (83.4%)
frame_003053,-1.0,4.6817,3.4991,0.0619,8.2864,713,85.45, -> photocopier (85.4%)
frame_003054,-1.0,3.8966,7.1059,0.0651,11.1165,713,85.31, -> photocopier (85.3%)
frame_003055,-1.0,4.0255,3.4924,0.0653,7.6281,713,89.37, -> photocopier (89.4%)
frame_003056,-1.0,4.0842,6.4543,0.0666,10.6548,713,86.5, -> photocopier (86.5%)
frame_003057,-1.0,4.7725,3.4979,0.0619,8.3809,713,86.69, -> photocopier (86.7%)
frame_003058,-1.0,4.0132,3.4491,0.0614,7.5688,713,89.95, -> photocopier (90.0%)
frame_003059,-1.0,4.7661,3.5017,0.0613,8.3733,713,87.45, -> photocopier (87.5%)
frame_003060,-1.0,4.5481,3.2164,0.0608,7.8695,713,86.38, -> photocopier (86.4%)
frame_003061,-1.0,4.2329,3.4981,0.061,7.8394,713,87.43, -> photocopier (87.4%)
frame_003062,-1.0,4.0518,3.4512,0.0601,7.607,713,85.8, -> photocopier (85.8%)
frame_003063,-1.0,4.0021,3.387,0.0609,7.4948,713,85.9, -> photocopier (85.9%)
frame_003064,-1.0,3.9065,7.8166,0.0652,11.8379,713,83.54, -> photocopier (83.5%)
frame_003065,-1.0,4.6842,3.4621,0.0607,8.2558,713,86.55, -> photocopier (86.5%)
frame_003066,-1.0,3.9952,3.4962,0.0601,7.5949,713,90.39, -> photocopier (90.4%)
frame_003067,-1.0,4.74,3.4559,0.0602,8.3011,713,88.94, -> photocopier (88.9%)
frame_003068,-1.0,4.6546,5.6884,0.0672,10.4595,713,90.78, -> photocopier (90.8%)
frame_003069,-1.0,3.9984,3.4583,0.0627,7.5641,713,90.39, -> photocopier (90.4%)
frame_003070,-1.0,4.7425,4.625,0.0594,9.4732,713,87.79, -> photocopier (87.8%)
frame_003071,-1.0,4.7712,3.4971,0.0612,8.3739,713,87.05, -> photocopier (87.1%)
frame_003072,-1.0,3.9514,3.7888,0.071,7.8664,713,87.92, -> photocopier (87.9%)
frame_003073,-1.0,4.0334,3.5093,0.072,7.6617,713,88.51, -> photocopier (88.5%)
frame_003074,-1.0,4.0993,3.5077,0.0601,7.7093,713,88.19, -> photocopier (88.2%)
frame_003075,-1.0,4.7595,3.4892,0.0587,8.3503,713,87.77, -> photocopier (87.8%)
frame_003076,-1.0,3.9819,6.8025,0.0647,10.8984,713,87.39, -> photocopier (87.4%)
frame_003077,-1.0,3.8801,3.4599,0.0621,7.4457,713,88.58, -> photocopier (88.6%)
frame_003078,-1.0,3.8651,7.0684,0.0668,11.0487,713,87.62, -> photocopier (87.6%)
frame_003079,-1.0,3.8604,3.4575,0.085,7.457,713,88.5, -> photocopier (88.5%)
frame_003080,-1.0,3.8086,4.2964,0.061,8.21,713,87.59, -> photocopier (87.6%)
frame_003081,-1.0,3.9058,3.4999,0.0826,7.5397,713,86.38, -> photocopier (86.4%)
frame_003082,-1.0,3.8686,3.5907,0.0658,7.5718,713,87.25, -> photocopier (87.2%)
frame_003083,-1.0,3.8759,3.4905,0.0639,7.4743,713,84.31, -> photocopier (84.3%)
frame_003084,-1.0,4.1149,5.8125,0.0595,10.0296,713,83.95, -> photocopier (84.0%)
frame_003085,-1.0,4.5664,3.4892,0.0604,8.1604,713,87.56, -> photocopier (87.6%)
frame_003086,-1.0,3.8612,7.8245,0.0645,11.7991,713,84.67, -> photocopier (84.7%)
frame_003087,-1.0,4.3858,3.397,0.0605,7.8867,713,82.81, -> photocopier (82.8%)
frame_003088,-1.0,3.8502,4.6681,0.0601,8.6218,713,81.44, -> photocopier (81.4%)
frame_003089,-1.0,3.952,3.4473,0.0784,7.5285,713,83.14, -> photocopier (83.1%)
frame_003090,-1.0,4.469,3.4676,0.0588,8.0398,713,86.44, -> photocopier (86.4%)
frame_003091,-1.0,3.8895,3.5029,0.0671,7.5077,713,85.87, -> photocopier (85.9%)
frame_003092,-1.0,3.8415,3.7972,0.0607,7.7413,713,85.11, -> photocopier (85.1%)
frame_003093,-1.0,4.7261,3.4957,0.0623,8.3275,713,85.56, -> photocopier (85.6%)
frame_003094,-1.0,3.8685,3.5023,0.0608,7.4759,713,85.53, -> photocopier (85.5%)
frame_003095,-1.0,3.8508,3.4446,0.0599,7.3975,713,83.78, -> photocopier (83.8%)
frame_003096,-1.0,3.8507,3.9847,0.0614,7.9404,713,85.82, -> photocopier (85.8%)
frame_003097,-1.0,3.3099,3.3936,0.0613,6.8099,713,84.21, -> photocopier (84.2%)
frame_003098,-1.0,3.7775,3.4632,0.0611,7.3433,713,82.43, -> photocopier (82.4%)
frame_003099,-1.0,4.6041,6.7838,0.0642,11.4974,713,82.35, -> photocopier (82.4%)
frame_003100,-1.0,3.7206,8.1443,0.0656,11.9782,713,81.05, -> photocopier (81.1%)
frame_003101,-1.0,3.9678,3.4715,0.063,7.5456,713,81.64, -> photocopier (81.6%)
frame_003102,-1.0,3.8009,3.8282,0.0599,7.7338,713,81.67, -> photocopier (81.7%)
frame_003103,-1.0,3.8614,3.4819,0.0593,7.4475,713,82.88, -> photocopier (82.9%)
frame_003104,-1.0,3.9622,3.461,0.065,7.5348,713,87.42, -> photocopier (87.4%)
frame_003105,-1.0,3.7796,3.4215,0.0599,7.3028,713,85.56, -> photocopier (85.6%)
frame_003106,-1.0,4.5262,8.1292,0.0655,12.769,713,86.85, -> photocopier (86.9%)
frame_003107,-1.0,4.8331,3.4974,0.0659,8.4413,713,85.17, -> photocopier (85.2%)
frame_003108,-1.0,3.8627,3.504,0.0647,7.476,713,85.48, -> photocopier (85.5%)
frame_003109,-1.0,4.6125,3.4459,0.0606,8.1625,713,82.8, -> photocopier (82.8%)
frame_003110,-1.0,3.2878,7.8093,0.0664,11.2126,713,82.83, -> photocopier (82.8%)
frame_003111,-1.0,4.5387,3.4397,0.0663,8.0907,713,88.61, -> photocopier (88.6%)
frame_003112,-1.0,3.9559,3.6715,0.06,7.7321,713,74.02, -> photocopier (74.0%)
frame_003113,-1.0,4.3195,3.4141,0.0634,7.8396,713,84.08, -> photocopier (84.1%)
frame_003114,-1.0,3.8754,6.3807,0.0649,10.3699,713,80.27, -> photocopier (80.3%)
frame_003115,-1.0,3.9029,3.4269,0.0606,7.4395,713,79.59, -> photocopier (79.6%)
frame_003116,-1.0,3.897,5.9064,0.095,9.9462,713,83.35, -> photocopier (83.4%)
frame_003117,-1.0,4.0947,3.3843,0.0609,7.5839,713,85.16, -> photocopier (85.2%)
frame_003118,-1.0,3.9188,6.9491,0.0645,10.9808,713,80.5, -> photocopier (80.5%)
frame_003119,-1.0,3.851,3.4998,0.0789,7.4817,713,93.14, -> photocopier (93.1%)
frame_003120,-1.0,4.567,3.5044,0.0651,8.1838,713,89.09, -> photocopier (89.1%)
frame_003121,-1.0,3.884,3.3916,0.0594,7.3799,713,90.17, -> photocopier (90.2%)
frame_003122,-1.0,3.8742,3.3088,0.0612,7.2862,713,85.57, -> photocopier (85.6%)
frame_003123,-1.0,4.6766,3.5001,0.0601,8.2796,713,69.72, -> photocopier (69.7%)
frame_003124,-1.0,4.7356,3.4895,0.0609,8.3323,713,82.98, -> photocopier (83.0%)
frame_003125,-1.0,4.5053,3.4911,0.0621,8.104,713,83.92, -> photocopier (83.9%)
frame_003126,-1.0,3.8713,5.9413,0.0597,9.9152,713,85.14, -> photocopier (85.1%)
frame_003127,-1.0,4.7323,3.4897,0.0594,8.3257,713,85.61, -> photocopier (85.6%)
frame_003128,-1.0,4.548,3.883,0.0612,8.5364,713,90.47, -> photocopier (90.5%)
frame_003129,-1.0,3.9865,3.4916,0.06,7.5813,713,81.08, -> photocopier (81.1%)
frame_003130,-1.0,4.5981,7.1797,0.0652,11.892,713,61.2, -> photocopier (61.2%)
frame_003131,-1.0,3.9601,3.4864,0.0599,7.5505,713,64.55, -> photocopier (64.6%)
frame_003132,-1.0,3.8428,3.3686,0.0611,7.315,713,51.95, -> photocopier (51.9%)
frame_003133,-1.0,4.5021,3.3673,0.0588,7.9725,713,64.28, -> photocopier (64.3%)
frame_003134,-1.0,3.9438,3.4527,0.0588,7.4983,713,52.55, -> photocopier (52.6%)
frame_003135,-1.0,3.8754,5.0656,0.0595,9.0407,713,75.72, -> photocopier (75.7%)
frame_003136,-1.0,3.9374,4.4623,0.061,8.5063,713,48.7, -> photocopier (48.7%)
frame_003137,-1.0,3.936,3.483,0.0976,7.573,713,41.52, -> photocopier (41.5%)
frame_003138,-1.0,3.9111,6.4449,0.0655,10.4693,713,61.58, -> photocopier (61.6%)
frame_003139,-1.0,4.478,5.0637,0.062,9.6485,713,57.46, -> photocopier (57.5%)
frame_003140,-1.0,4.6485,5.6586,0.0714,10.4283,713,61.24, -> photocopier (61.2%)
frame_003141,-1.0,3.9052,3.4405,0.0602,7.4487,713,54.46, -> photocopier (54.5%)
frame_003142,-1.0,4.6692,3.4398,0.06,8.2152,713,71.55, -> photocopier (71.6%)
frame_003143,-1.0,3.8828,3.4838,0.0606,7.4724,713,37.24, -> photocopier (37.2%)
frame_003144,-1.0,3.8565,5.9593,0.0719,9.9607,713,45.41, -> photocopier (45.4%)
frame_003145,-1.0,3.9887,3.48,0.0595,7.5755,713,33.2, -> photocopier (33.2%)
frame_003146,-1.0,4.5687,6.0324,0.0639,10.7147,713,32.56, -> photocopier (32.6%)
frame_003147,-1.0,4.7136,3.5087,0.0639,8.3316,713,42.26, -> photocopier (42.3%)
frame_003148,-1.0,3.7901,4.6845,0.0616,8.5814,713,39.67, -> photocopier (39.7%)
frame_003149,-1.0,4.6033,3.5035,0.0607,8.2116,713,34.06, -> photocopier (34.1%)
frame_003150,-1.0,3.8398,5.6387,0.0669,9.5916,799,19.61, -> sliding door (19.6%)
frame_003151,-1.0,3.9155,5.8601,0.0612,9.8831,713,29.03, -> photocopier (29.0%)
frame_003152,-1.0,3.9132,3.442,0.0633,7.4625,713,22.55, -> photocopier (22.5%)
frame_003153,-1.0,3.8671,3.4775,0.0613,7.4498,713,38.62, -> photocopier (38.6%)
frame_003154,-1.0,4.5284,5.6263,0.0949,10.2995,713,40.43, -> photocopier (40.4%)
frame_003155,-1.0,4.5501,3.3848,0.0678,8.0498,713,36.76, -> photocopier (36.8%)
frame_003156,-1.0,3.905,4.1218,0.059,8.1301,713,32.26, -> photocopier (32.3%)
frame_003157,-1.0,4.0802,3.41,0.0595,7.595,713,25.02, -> photocopier (25.0%)
frame_003158,-1.0,3.7736,3.8499,0.0664,7.7361,799,20.75, -> sliding door (20.8%)
frame_003159,-1.0,3.9637,3.4129,0.0704,7.4937,713,26.49, -> photocopier (26.5%)
frame_003160,-1.0,4.2509,3.3975,0.0602,7.754,799,25.83, -> sliding door (25.8%)
frame_003161,-1.0,3.7679,3.4327,0.0613,7.3049,799,31.59, -> sliding door (31.6%)
frame_003162,-1.0,3.8951,3.3101,0.0647,7.3144,799,31.29, -> sliding door (31.3%)
frame_003163,-1.0,4.7109,3.5005,0.0612,8.3175,713,36.14, -> photocopier (36.1%)
frame_003164,-1.0,3.9846,3.4463,0.0598,7.5338,713,24.56, -> photocopier (24.6%)
frame_003165,-1.0,4.5659,3.5008,0.0648,8.1763,799,26.3, -> sliding door (26.3%)
frame_003166,-1.0,3.9659,6.5629,0.0627,10.6391,799,16.85, -> sliding door (16.8%)
frame_003167,-1.0,3.9625,3.4727,0.0618,7.5394,799,32.5, -> sliding door (32.5%)
frame_003168,-1.0,3.1786,8.2413,0.0649,11.5307,799,32.56, -> sliding door (32.6%)
frame_003169,-1.0,3.9748,3.4918,0.0608,7.5739,799,23.46, -> sliding door (23.5%)
frame_003170,-1.0,3.8668,6.1693,0.0667,10.1527,799,24.76, -> sliding door (24.8%)
frame_003171,-1.0,4.0626,4.0549,0.0627,8.2233,713,21.97, -> photocopier (22.0%)
frame_003172,-1.0,3.8603,3.4349,0.0611,7.4022,713,30.77, -> photocopier (30.8%)
frame_003173,-1.0,4.0246,3.4666,0.0869,7.639,713,23.0, -> photocopier (23.0%)
frame_003174,-1.0,3.5409,3.33,0.0628,6.9759,799,14.37, -> sliding door (14.4%)
frame_003175,-1.0,4.4429,3.3881,0.0616,7.9384,713,33.11, -> photocopier (33.1%)
frame_003176,-1.0,3.9497,7.354,0.0675,11.416,713,38.39, -> photocopier (38.4%)
frame_003177,-1.0,4.5725,3.48,0.0678,8.1657,713,17.96, -> photocopier (18.0%)
frame_003178,-1.0,3.7874,3.1912,0.0609,7.0854,713,13.43, -> photocopier (13.4%)
frame_003179,-1.0,4.7715,3.4929,0.0624,8.3701,713,9.34, -> photocopier (9.3%)
frame_003180,-1.0,4.5519,4.2843,0.0604,8.9389,713,16.34, -> photocopier (16.3%)
frame_003181,-1.0,3.8215,3.4152,0.0593,7.3394,713,13.4, -> photocopier (13.4%)
frame_003182,-1.0,4.0447,3.4848,0.0596,7.6341,713,20.85, -> photocopier (20.8%)
frame_003183,-1.0,4.5804,3.5083,0.062,8.1941,713,10.13, -> photocopier (10.1%)
frame_003184,-1.0,3.9101,3.4526,0.0601,7.4685,877,21.75, -> turnstile (21.7%)
frame_003185,-1.0,4.548,3.6504,0.0674,8.3091,799,10.05, -> sliding door (10.0%)
frame_003186,-1.0,4.5032,3.4141,0.0617,8.0202,799,8.44, -> sliding door (8.4%)
frame_003187,-1.0,4.2101,3.3939,0.0684,7.7223,877,18.54, -> turnstile (18.5%)
frame_003188,-1.0,4.5318,3.4102,0.0601,8.0474,877,13.09, -> turnstile (13.1%)
frame_003189,-1.0,3.8535,3.4826,0.0592,7.4374,877,14.55, -> turnstile (14.6%)
frame_003190,-1.0,3.921,3.4556,0.0644,7.4868,896,11.64, -> washbasin (11.6%)
frame_003191,-1.0,4.5555,3.4352,0.0597,8.093,877,9.17, -> turnstile (9.2%)
frame_003192,-1.0,3.9267,3.4951,0.0638,7.5307,799,4.59, -> sliding door (4.6%)
frame_003193,-1.0,3.1616,3.3719,0.0598,6.6392,423,4.51, -> barber chair (4.5%)
frame_003194,-1.0,3.9672,3.4893,0.0654,7.5677,713,7.73, -> photocopier (7.7%)
frame_003195,-1.0,4.7006,3.4849,0.0637,8.2915,713,12.52, -> photocopier (12.5%)
frame_003196,-1.0,3.814,3.3563,0.0617,7.2763,713,13.17, -> photocopier (13.2%)
frame_003197,-1.0,3.8904,3.5063,0.0697,7.513,713,25.29, -> photocopier (25.3%)
frame_003198,-1.0,4.611,7.7467,0.068,12.4714,713,14.76, -> photocopier (14.8%)
frame_003199,-1.0,3.5143,3.3759,0.0602,6.9957,423,25.5, -> barber chair (25.5%)
frame_003200,-1.0,4.0076,3.5005,0.0688,7.6249,423,30.32, -> barber chair (30.3%)
frame_003201,-1.0,3.9689,3.4402,0.0606,7.5117,423,77.3, -> barber chair (77.3%)
frame_003202,-1.0,3.7435,3.4471,0.0598,7.2952,423,41.55, -> barber chair (41.5%)
frame_003203,-1.0,3.6563,3.3705,0.059,7.1268,423,48.0, -> barber chair (48.0%)
frame_003204,-1.0,4.0909,3.4443,0.0845,7.6736,423,58.59, -> barber chair (58.6%)
frame_003205,-1.0,4.6773,3.4943,0.0629,8.2801,423,39.58, -> barber chair (39.6%)
frame_003206,-1.0,3.8628,3.2472,0.079,7.2413,423,74.29, -> barber chair (74.3%)
frame_003207,-1.0,3.8991,3.4979,0.0673,7.5101,423,78.2, -> barber chair (78.2%)
frame_003208,-1.0,4.6161,3.4787,0.0671,8.2093,423,89.12, -> barber chair (89.1%)
frame_003209,-1.0,3.8548,3.7681,0.0633,7.7303,423,85.61, -> barber chair (85.6%)
frame_003210,-1.0,4.0157,3.4459,0.0612,7.5646,423,87.16, -> barber chair (87.2%)
frame_003211,-1.0,3.8808,3.5199,0.0596,7.5041,423,57.03, -> barber chair (57.0%)
frame_003212,-1.0,4.5029,3.4129,0.0638,8.0265,423,64.04, -> barber chair (64.0%)
frame_003213,-1.0,4.6789,3.5108,0.0614,8.2939,423,26.74, -> barber chair (26.7%)
frame_003214,-1.0,3.9483,3.429,0.0665,7.4893,423,39.7, -> barber chair (39.7%)
frame_003215,-1.0,4.6122,3.4717,0.0606,8.1878,423,57.56, -> barber chair (57.6%)
frame_003216,-1.0,3.956,3.5015,0.0593,7.5606,423,72.05, -> barber chair (72.0%)
frame_003217,-1.0,3.8599,3.486,0.0691,7.4656,423,77.89, -> barber chair (77.9%)
frame_003218,-1.0,3.9512,3.4288,0.0747,7.5036,423,52.83, -> barber chair (52.8%)
frame_003219,-1.0,3.8535,3.4937,0.0616,7.4521,423,67.85, -> barber chair (67.8%)
frame_003220,-1.0,3.9017,3.5127,0.0578,7.5159,423,64.18, -> barber chair (64.2%)
frame_003221,-1.0,4.5688,3.5028,0.0646,8.182,423,53.65, -> barber chair (53.6%)
frame_003222,-1.0,3.8535,3.4483,0.0663,7.4103,423,65.74, -> barber chair (65.7%)
frame_003223,-1.0,3.9576,3.519,0.0629,7.5843,423,75.09, -> barber chair (75.1%)
frame_003224,-1.0,4.5332,3.4792,0.0591,8.1139,423,85.59, -> barber chair (85.6%)
frame_003225,-1.0,4.0415,3.5347,0.0844,7.7136,423,32.06, -> barber chair (32.1%)
frame_003226,-1.0,4.6288,3.4863,0.0604,8.2224,423,66.68, -> barber chair (66.7%)
frame_003227,-1.0,4.4869,3.5088,0.0622,8.1025,423,91.46, -> barber chair (91.5%)
frame_003228,-1.0,3.9277,3.3078,0.0598,7.3387,423,78.58, -> barber chair (78.6%)
frame_003229,-1.0,3.9388,3.491,0.0671,7.5488,423,80.47, -> barber chair (80.5%)
frame_003230,-1.0,4.5924,3.4548,0.0655,8.1581,423,62.8, -> barber chair (62.8%)
frame_003231,-1.0,3.8967,3.4485,0.0577,7.4448,423,88.24, -> barber chair (88.2%)
frame_003232,-1.0,4.1676,3.4246,0.078,7.7208,423,41.89, -> barber chair (41.9%)
frame_003233,-1.0,3.8546,3.4924,0.0665,7.4604,423,32.01, -> barber chair (32.0%)
frame_003234,-1.0,4.3806,3.3669,0.0599,7.8508,423,40.25, -> barber chair (40.3%)
frame_003235,-1.0,4.589,3.4546,0.0645,8.1552,423,52.91, -> barber chair (52.9%)
frame_003236,-1.0,3.8448,8.4463,0.0658,12.4053,526,28.69, -> desk (28.7%)
frame_003237,-1.0,4.6534,3.4565,0.0597,8.2126,423,68.19, -> barber chair (68.2%)
frame_003238,-1.0,3.8678,3.4518,0.0655,7.4333,423,76.2, -> barber chair (76.2%)
frame_003239,-1.0,4.6977,3.5111,0.0649,8.3195,423,59.71, -> barber chair (59.7%)
frame_003240,-1.0,3.8666,3.4049,0.0612,7.379,423,70.13, -> barber chair (70.1%)
frame_003241,-1.0,4.2583,3.3205,0.0608,7.6827,423,83.42, -> barber chair (83.4%)
frame_003242,-1.0,3.939,3.4489,0.0639,7.498,423,68.7, -> barber chair (68.7%)
frame_003243,-1.0,3.8181,3.594,0.0684,7.5264,423,65.03, -> barber chair (65.0%)
frame_003244,-1.0,4.009,3.4428,0.0591,7.5563,423,73.06, -> barber chair (73.1%)
frame_003245,-1.0,3.9608,3.4336,0.0586,7.4969,423,82.31, -> barber chair (82.3%)
frame_003246,-1.0,3.9988,3.3767,0.0571,7.4773,423,80.98, -> barber chair (81.0%)
frame_003247,-1.0,4.5622,8.1892,0.0653,12.8644,423,68.36, -> barber chair (68.4%)
frame_003248,-1.0,3.7913,3.4422,0.0603,7.3383,423,65.58, -> barber chair (65.6%)
frame_003249,-1.0,4.0014,3.5287,0.061,7.6332,423,66.87, -> barber chair (66.9%)
frame_003250,-1.0,4.3993,3.397,0.0673,7.9124,423,78.62, -> barber chair (78.6%)
frame_003251,-1.0,4.5109,3.378,0.0699,8.005,423,20.39, -> barber chair (20.4%)
frame_003252,-1.0,3.9028,3.4462,0.0604,7.4549,423,27.04, -> barber chair (27.0%)
frame_003253,-1.0,4.0118,3.5065,0.0592,7.6227,423,66.85, -> barber chair (66.8%)
frame_003254,-1.0,3.9128,3.4835,0.0603,7.5009,423,68.18, -> barber chair (68.2%)
frame_003255,-1.0,3.7891,3.3625,0.0574,7.253,423,65.32, -> barber chair (65.3%)
frame_003256,-1.0,4.6538,3.4671,0.0618,8.2288,423,72.57, -> barber chair (72.6%)
frame_003257,-1.0,3.8351,3.4464,0.0594,7.3828,423,66.84, -> barber chair (66.8%)
frame_003258,-1.0,4.5674,3.5094,0.0595,8.1789,423,55.61, -> barber chair (55.6%)
frame_003259,-1.0,3.7184,3.4469,0.0794,7.3008,423,55.6, -> barber chair (55.6%)
frame_003260,-1.0,4.7663,3.4968,0.064,8.3709,423,46.88, -> barber chair (46.9%)
frame_003261,-1.0,4.0053,3.5308,0.0834,7.6723,423,56.15, -> barber chair (56.1%)
frame_003262,-1.0,4.6009,3.5009,0.0577,8.2041,423,51.88, -> barber chair (51.9%)
frame_003263,-1.0,3.9934,3.4649,0.0648,7.5674,423,51.58, -> barber chair (51.6%)
frame_003264,-1.0,4.5396,3.447,0.0589,8.0882,423,50.45, -> barber chair (50.5%)
frame_003265,-1.0,3.8062,5.9265,0.0606,9.8377,423,51.43, -> barber chair (51.4%)
frame_003266,-1.0,4.2683,3.478,0.0611,7.8484,423,54.38, -> barber chair (54.4%)
frame_003267,-1.0,4.5047,3.4537,0.0596,8.0608,423,51.59, -> barber chair (51.6%)
frame_003268,-1.0,3.9778,3.437,0.0624,7.5222,423,46.79, -> barber chair (46.8%)
frame_003269,-1.0,3.9107,3.49,0.0595,7.5025,423,46.74, -> barber chair (46.7%)
frame_003270,-1.0,4.037,3.452,0.0591,7.5896,423,57.22, -> barber chair (57.2%)
frame_003271,-1.0,4.5398,3.4579,0.0644,8.1077,423,55.89, -> barber chair (55.9%)
frame_003272,-1.0,3.9978,3.4407,0.0645,7.548,423,51.41, -> barber chair (51.4%)
frame_003273,-1.0,4.5223,3.6588,0.0646,8.2869,423,47.61, -> barber chair (47.6%)
frame_003274,-1.0,4.0662,3.5012,0.0658,7.6855,423,41.46, -> barber chair (41.5%)
frame_003275,-1.0,3.9387,3.5019,0.0648,7.5477,423,52.53, -> barber chair (52.5%)
frame_003276,-1.0,4.1891,3.4331,0.0598,7.7243,423,54.5, -> barber chair (54.5%)
frame_003277,-1.0,3.9895,3.4925,0.0596,7.5868,423,61.06, -> barber chair (61.1%)
frame_003278,-1.0,4.5628,3.4903,0.0665,8.1643,423,55.63, -> barber chair (55.6%)
frame_003279,-1.0,2.3743,3.3762,0.0609,5.8562,423,55.14, -> barber chair (55.1%)
frame_003280,-1.0,3.7565,3.3207,0.0602,7.1819,423,56.95, -> barber chair (56.9%)
frame_003281,-1.0,4.5236,3.425,0.0606,8.0523,423,58.74, -> barber chair (58.7%)
frame_003282,-1.0,4.2619,3.3842,0.0627,7.7527,423,44.94, -> barber chair (44.9%)
frame_003283,-1.0,3.9102,3.4826,0.071,7.5102,423,40.89, -> barber chair (40.9%)
frame_003284,-1.0,3.9839,3.4986,0.0589,7.5855,423,46.04, -> barber chair (46.0%)
frame_003285,-1.0,4.3881,3.4089,0.0688,7.9134,423,40.74, -> barber chair (40.7%)
frame_003286,-1.0,3.8725,5.4222,0.0588,9.397,423,39.08, -> barber chair (39.1%)
frame_003287,-1.0,3.9234,3.3899,0.0588,7.4143,423,48.21, -> barber chair (48.2%)
frame_003288,-1.0,3.7589,3.4774,0.0609,7.3388,423,47.85, -> barber chair (47.9%)
frame_003289,-1.0,3.9923,3.4448,0.0629,7.5484,423,65.6, -> barber chair (65.6%)
frame_003290,-1.0,3.9337,3.4571,0.0681,7.5053,423,65.93, -> barber chair (65.9%)
frame_003291,-1.0,3.9366,3.4127,0.0607,7.4517,423,45.67, -> barber chair (45.7%)
frame_003292,-1.0,4.6334,3.4856,0.0599,8.224,423,66.66, -> barber chair (66.7%)
frame_003293,-1.0,4.7174,3.3152,0.0617,8.1394,423,90.44, -> barber chair (90.4%)
frame_003294,-1.0,4.2407,3.3732,0.0595,7.7168,423,58.64, -> barber chair (58.6%)
frame_003295,-1.0,4.538,6.3323,0.0651,10.9832,423,55.84, -> barber chair (55.8%)
frame_003296,-1.0,3.9438,3.4887,0.0721,7.5531,423,36.17, -> barber chair (36.2%)
frame_003297,-1.0,4.6073,3.4647,0.0612,8.1781,423,46.52, -> barber chair (46.5%)
frame_003298,-1.0,3.9468,3.5029,0.0614,7.5549,423,83.3, -> barber chair (83.3%)
frame_003299,-1.0,4.033,3.532,0.0641,7.672,423,59.77, -> barber chair (59.8%)
frame_003300,-1.0,3.8794,3.501,0.0726,7.504,423,62.75, -> barber chair (62.7%)
frame_003301,-1.0,3.9847,3.5031,0.0628,7.5957,423,31.25, -> barber chair (31.3%)
frame_003302,-1.0,3.9594,3.4933,0.0641,7.5629,423,42.16, -> barber chair (42.2%)
frame_003303,-1.0,3.9177,3.4286,0.0582,7.4481,423,34.87, -> barber chair (34.9%)
frame_003304,-1.0,3.9574,3.4859,0.0602,7.5515,423,22.96, -> barber chair (23.0%)
frame_003305,-1.0,3.8642,7.9851,0.0628,11.9603,423,54.3, -> barber chair (54.3%)
frame_003306,-1.0,4.6263,3.4378,0.0598,8.1685,423,28.91, -> barber chair (28.9%)
frame_003307,-1.0,3.9222,6.489,0.0657,10.5267,423,18.77, -> barber chair (18.8%)
frame_003308,-1.0,4.1991,3.4913,0.0608,7.7967,423,19.46, -> barber chair (19.5%)
frame_003309,-1.0,4.0233,3.4187,0.0596,7.5464,423,18.65, -> barber chair (18.6%)
frame_003310,-1.0,3.9816,3.4901,0.0677,7.5885,423,17.84, -> barber chair (17.8%)
frame_003311,-1.0,4.5626,7.3045,0.065,11.9808,877,34.54, -> turnstile (34.5%)
frame_003312,-1.0,4.1937,3.4402,0.0743,7.7521,877,18.34, -> turnstile (18.3%)
frame_003313,-1.0,3.9255,7.6261,0.0656,11.6651,422,8.96, -> barbell (9.0%)
frame_003314,-1.0,4.6529,3.4968,0.061,8.2555,880,12.14, -> unicycle (12.1%)
frame_003315,-1.0,3.9081,4.9568,0.0626,8.9699,727,14.39, -> planetarium (14.4%)
frame_003316,-1.0,3.9335,3.5033,0.07,7.5575,727,9.69, -> planetarium (9.7%)
frame_003317,-1.0,3.8839,6.7076,0.0671,10.7082,727,14.49, -> planetarium (14.5%)
frame_003318,-1.0,4.6318,3.4246,0.0622,8.1615,422,7.82, -> barbell (7.8%)
frame_003319,-1.0,4.5522,3.417,0.0625,8.0778,422,17.8, -> barbell (17.8%)
frame_003320,-1.0,3.9585,3.4857,0.0639,7.5536,880,12.04, -> unicycle (12.0%)
frame_003321,-1.0,4.5422,3.4928,0.0666,8.1491,422,36.82, -> barbell (36.8%)
frame_003322,-1.0,4.0117,3.4601,0.0647,7.5832,422,24.71, -> barbell (24.7%)
frame_003323,-1.0,4.7016,3.5009,0.0655,8.3139,422,14.36, -> barbell (14.4%)
frame_003324,-1.0,4.0763,3.4863,0.0675,7.6769,877,35.09, -> turnstile (35.1%)
frame_003325,-1.0,4.8304,4.7774,0.0609,9.7143,877,24.7, -> turnstile (24.7%)
frame_003326,-1.0,4.0588,3.5012,0.0595,7.6689,877,18.57, -> turnstile (18.6%)
frame_003327,-1.0,3.1529,7.2722,0.065,10.5366,877,18.0, -> turnstile (18.0%)
frame_003328,-1.0,4.0926,3.498,0.0624,7.6978,877,21.98, -> turnstile (22.0%)
frame_003329,-1.0,4.071,3.3195,0.0599,7.4932,877,22.98, -> turnstile (23.0%)
frame_003330,-1.0,3.9064,3.4855,0.0593,7.4954,877,61.81, -> turnstile (61.8%)
frame_003331,-1.0,4.0204,8.0602,0.0657,12.1971,877,34.9, -> turnstile (34.9%)
frame_003332,-1.0,4.5971,3.4945,0.0619,8.1993,877,21.1, -> turnstile (21.1%)
frame_003333,-1.0,4.6735,3.9714,0.0607,8.7492,733,10.48, -> pole (10.5%)
frame_003334,-1.0,3.9079,3.479,0.0608,7.4931,877,17.07, -> turnstile (17.1%)
frame_003335,-1.0,4.7482,3.4946,0.0601,8.3486,561,17.1, -> forklift (17.1%)
frame_003336,-1.0,4.0369,3.4951,0.0605,7.6349,877,18.1, -> turnstile (18.1%)
frame_003337,-1.0,4.1534,3.5054,0.0648,7.7712,561,16.49, -> forklift (16.5%)
frame_003338,-1.0,3.9863,3.501,0.0598,7.5925,561,48.33, -> forklift (48.3%)
frame_003339,-1.0,4.1738,3.468,0.0676,7.7553,561,29.63, -> forklift (29.6%)
frame_003340,-1.0,4.0438,3.46,0.075,7.6315,877,45.26, -> turnstile (45.3%)
frame_003341,-1.0,4.8171,5.7661,0.0689,10.7012,877,24.79, -> turnstile (24.8%)
frame_003342,-1.0,4.2369,3.5953,0.0635,7.9407,561,78.65, -> forklift (78.6%)
frame_003343,-1.0,4.1454,6.0086,0.0654,10.2848,561,70.48, -> forklift (70.5%)
frame_003344,-1.0,4.1423,3.4994,0.0682,7.7551,561,38.12, -> forklift (38.1%)
frame_003345,-1.0,4.2253,3.5037,0.0663,7.8389,561,73.09, -> forklift (73.1%)
frame_003346,-1.0,4.4858,3.3918,0.0614,7.9872,476,23.77, -> carousel (23.8%)
frame_003347,-1.0,3.8905,5.9183,0.062,9.9152,575,15.53, -> golfcart (15.5%)
frame_003348,-1.0,4.1662,3.4821,0.0691,7.7642,423,17.36, -> barber chair (17.4%)
frame_003349,-1.0,4.5471,3.4406,0.0742,8.1145,877,37.71, -> turnstile (37.7%)
frame_003350,-1.0,4.5242,3.4334,0.0617,8.0633,561,89.07, -> forklift (89.1%)
frame_003351,-1.0,4.688,3.5059,0.0635,8.302,561,57.93, -> forklift (57.9%)
frame_003352,-1.0,4.1974,3.4576,0.0634,7.7628,561,93.23, -> forklift (93.2%)
frame_003353,-1.0,4.138,3.5065,0.0621,7.7502,561,85.02, -> forklift (85.0%)
frame_003354,-1.0,4.1182,3.491,0.0646,7.7179,561,61.8, -> forklift (61.8%)
frame_003355,-1.0,4.1371,3.4054,0.0603,7.6479,561,40.43, -> forklift (40.4%)
frame_003356,-1.0,4.7258,3.5482,0.0624,8.3843,877,51.18, -> turnstile (51.2%)
frame_003357,-1.0,4.5805,3.43,0.0603,8.1119,561,59.62, -> forklift (59.6%)
frame_003358,-1.0,4.8348,6.9832,0.065,11.9316,561,43.64, -> forklift (43.6%)
frame_003359,-1.0,4.0968,3.509,0.0632,7.7141,561,31.67, -> forklift (31.7%)
frame_003360,-1.0,4.1501,3.4413,0.0606,7.6968,561,27.11, -> forklift (27.1%)
frame_003361,-1.0,4.1389,3.4333,0.0608,7.6774,476,34.48, -> carousel (34.5%)
frame_003362,-1.0,4.7822,3.4996,0.0614,8.388,476,25.3, -> carousel (25.3%)
frame_003363,-1.0,4.1771,3.451,0.0603,7.7323,476,26.43, -> carousel (26.4%)
frame_003364,-1.0,4.0392,3.4315,0.0592,7.5734,476,38.05, -> carousel (38.0%)
frame_003365,-1.0,4.1783,3.5107,0.066,7.7998,877,25.05, -> turnstile (25.0%)
frame_003366,-1.0,4.1979,3.5089,0.0708,7.8243,476,55.26, -> carousel (55.3%)
frame_003367,-1.0,4.8129,3.5093,0.0602,8.4269,476,48.24, -> carousel (48.2%)
frame_003368,-1.0,4.1715,3.4805,0.0699,7.7704,476,30.01, -> carousel (30.0%)
frame_003369,-1.0,3.942,3.4612,0.0614,7.5068,877,32.52, -> turnstile (32.5%)
frame_003370,-1.0,3.9196,3.4648,0.0589,7.4894,877,29.85, -> turnstile (29.8%)
frame_003371,-1.0,4.1435,3.5019,0.062,7.7533,877,23.46, -> turnstile (23.5%)
frame_003372,-1.0,3.9778,3.4615,0.0602,7.5425,476,15.8, -> carousel (15.8%)
frame_003373,-1.0,4.0595,3.49,0.0822,7.68,877,18.87, -> turnstile (18.9%)
frame_003374,-1.0,3.9711,3.5049,0.0655,7.5877,829,17.77, -> streetcar (17.8%)
frame_003375,-1.0,4.9754,3.5139,0.0691,8.614,476,33.24, -> carousel (33.2%)
frame_003376,-1.0,4.2229,3.3617,0.0626,7.6945,733,10.8, -> pole (10.8%)
frame_003377,-1.0,4.1122,3.513,0.0667,7.7365,476,32.05, -> carousel (32.0%)
frame_003378,-1.0,4.8569,5.8406,0.0662,10.8118,476,48.37, -> carousel (48.4%)
frame_003379,-1.0,4.6875,3.4449,0.0676,8.2501,476,55.43, -> carousel (55.4%)
frame_003380,-1.0,3.861,3.6126,0.0624,7.5802,476,23.98, -> carousel (24.0%)
frame_003381,-1.0,4.0321,3.4287,0.0613,7.5667,476,40.04, -> carousel (40.0%)
frame_003382,-1.0,4.0529,5.3128,0.0602,9.4722,476,29.18, -> carousel (29.2%)
frame_003383,-1.0,3.9772,3.5458,0.0625,7.6305,476,26.43, -> carousel (26.4%)
frame_003384,-1.0,4.7614,3.4903,0.0623,8.3605,571,16.43, -> gas pump (16.4%)
frame_003385,-1.0,3.968,3.5632,0.061,7.6359,476,29.27, -> carousel (29.3%)
frame_003386,-1.0,4.6304,3.4814,0.0667,8.2234,877,10.37, -> turnstile (10.4%)
frame_003387,-1.0,4.1178,3.4503,0.0619,7.6747,571,25.78, -> gas pump (25.8%)
frame_003388,-1.0,4.9227,3.5005,0.0592,8.5259,476,27.77, -> carousel (27.8%)
frame_003389,-1.0,4.2541,3.4905,0.0583,7.846,476,35.0, -> carousel (35.0%)
frame_003390,-1.0,4.2206,3.5099,0.0653,7.8418,543,10.86, -> dumbbell (10.9%)
frame_003391,-1.0,4.2018,3.5033,0.0598,7.8096,476,12.93, -> carousel (12.9%)
frame_003392,-1.0,4.8438,4.2254,0.0594,9.172,433,11.8, -> bathing cap (11.8%)
frame_003393,-1.0,4.0907,3.505,0.061,7.7012,433,18.31, -> bathing cap (18.3%)
frame_003394,-1.0,4.7878,3.4172,0.0661,8.3194,670,13.93, -> motor scooter (13.9%)
frame_003395,-1.0,4.0292,3.559,0.0695,7.7033,670,23.25, -> motor scooter (23.2%)
frame_003396,-1.0,4.3961,3.5328,0.0724,8.0478,670,32.74, -> motor scooter (32.7%)
frame_003397,-1.0,4.5964,8.2437,0.0731,12.966,543,20.77, -> dumbbell (20.8%)
frame_003398,-1.0,4.424,3.3665,0.0676,7.9034,670,25.86, -> motor scooter (25.9%)
frame_003399,-1.0,4.0947,3.4556,0.0631,7.6593,543,28.95, -> dumbbell (29.0%)
frame_003400,-1.0,4.3091,3.3807,0.0655,7.8022,543,19.39, -> dumbbell (19.4%)
frame_003401,-1.0,4.4155,3.4974,0.0627,8.0215,543,51.04, -> dumbbell (51.0%)
frame_003402,-1.0,4.2813,3.5254,0.0629,7.9126,543,62.72, -> dumbbell (62.7%)
frame_003403,-1.0,4.3362,3.8341,0.0654,8.2816,543,43.8, -> dumbbell (43.8%)
frame_003404,-1.0,3.5222,3.3507,0.0614,6.975,543,44.44, -> dumbbell (44.4%)
frame_003405,-1.0,4.3968,3.552,0.062,8.0542,543,33.56, -> dumbbell (33.6%)
frame_003406,-1.0,4.3972,3.4194,0.0624,7.9246,543,20.74, -> dumbbell (20.7%)
frame_003407,-1.0,5.0366,3.3629,0.0619,8.5047,543,17.59, -> dumbbell (17.6%)
frame_003408,-1.0,4.3571,3.4269,0.0617,7.8891,830,43.05, -> stretcher (43.1%)
frame_003409,-1.0,4.544,5.9287,0.0645,10.5865,830,45.41, -> stretcher (45.4%)
frame_003410,-1.0,4.5517,3.5297,0.0648,8.1926,543,55.77, -> dumbbell (55.8%)
frame_003411,-1.0,4.8891,3.4471,0.063,8.4445,543,35.25, -> dumbbell (35.3%)
frame_003412,-1.0,4.2999,3.4301,0.0597,7.8337,830,38.14, -> stretcher (38.1%)
