filename,ros_data_age_ms,preprocessing_ms,inference_ms,postprocessing_ms,e2e_ms,class_id,confidence,info
frame_000000,-1.0,1.2356,82.3638,4.771,88.3717,-1,0.0, -> [background only]
frame_000001,-1.0,0.9551,82.569,4.3099,87.836,-1,0.0, -> [background only]
frame_000002,-1.0,0.9584,83.5096,4.2025,88.6721,-1,0.0, -> [background only]
frame_000003,-1.0,0.9144,84.7296,4.2491,89.8946,-1,0.0, -> [background only]
frame_000004,-1.0,0.9537,82.5511,4.1685,87.6749,-1,0.0, -> [background only]
frame_000005,-1.0,0.9567,83.956,4.273,89.187,-1,0.0, -> [background only]
frame_000006,-1.0,0.9535,82.9929,4.2705,88.2188,-1,0.0, -> [background only]
frame_000007,-1.0,0.9466,84.4208,4.1649,89.534,-1,0.0, -> [background only]
frame_000008,-1.0,0.9294,82.1727,4.3807,87.4844,-1,0.0, -> [background only]
frame_000009,-1.0,0.9481,83.8233,4.0899,88.863,-1,0.0, -> [background only]
frame_000010,-1.0,0.9668,86.1625,4.1016,91.2326,-1,0.0, -> [background only]
frame_000011,-1.0,1.185,85.0828,4.0139,90.2834,-1,0.0, -> [background only]
frame_000012,-1.0,1.2496,84.949,3.9779,90.1781,-1,0.0, -> [background only]
frame_000013,-1.0,1.0472,85.1209,4.0038,90.1734,-1,0.0, -> [background only]
frame_000014,-1.0,1.0456,86.7441,4.0603,91.8515,-1,0.0, -> [background only]
frame_000015,-1.0,1.055,84.835,3.9954,89.8869,-1,0.0, -> [background only]
frame_000016,-1.0,1.0599,85.0126,4.0777,90.1519,-1,0.0, -> [background only]
frame_000017,-1.0,1.0142,88.4989,3.992,93.5067,-1,0.0, -> [background only]
frame_000018,-1.0,1.0319,85.1113,4.0123,90.1569,-1,0.0, -> [background only]
frame_000019,-1.0,1.0158,85.3565,4.0687,90.443,-1,0.0, -> [background only]
frame_000020,-1.0,1.0044,87.7117,3.948,92.6658,-1,0.0, -> [background only]
frame_000021,-1.0,1.1471,84.7414,4.0929,89.9832,-1,0.0, -> [background only]
frame_000022,-1.0,1.0013,86.5258,4.0589,91.5875,-1,0.0, -> [background only]
frame_000023,-1.0,1.027,87.4585,4.0172,92.5044,-1,0.0, -> [background only]
frame_000024,-1.0,1.1358,85.6858,3.9792,90.8023,-1,0.0, -> [background only]
frame_000025,-1.0,1.0392,88.3464,4.0913,93.4786,-1,0.0, -> [background only]
frame_000026,-1.0,1.0545,85.5505,4.2394,90.8459,-1,0.0, -> [background only]
frame_000027,-1.0,2.957,86.82,4.1446,93.9232,-1,0.0, -> [background only]
frame_000028,-1.0,1.061,89.0917,4.028,94.1825,-1,0.0, -> [background only]
frame_000029,-1.0,1.0046,84.6679,5.64,91.3141,-1,0.0, -> [background only]
frame_000030,-1.0,1.113,84.6814,4.0673,89.8637,-1,0.0, -> [background only]
frame_000031,-1.0,1.0824,85.9128,4.1961,91.1928,-1,0.0, -> [background only]
frame_000032,-1.0,1.0557,86.1772,4.0941,91.3286,-1,0.0, -> [background only]
frame_000033,-1.0,1.1307,87.8307,4.0144,92.9769,-1,0.0, -> [background only]
frame_000034,-1.0,1.053,85.8377,4.0464,90.9385,-1,0.0, -> [background only]
frame_000035,-1.0,1.0207,85.6013,4.0851,90.7085,-1,0.0, -> [background only]
frame_000036,-1.0,1.0435,86.9723,3.9497,91.9668,-1,0.0, -> [background only]
frame_000037,-1.0,1.0201,84.5617,3.9968,89.5802,-1,0.0, -> [background only]
frame_000038,-1.0,1.0055,87.3233,4.0747,92.4048,-1,0.0, -> [background only]
frame_000039,-1.0,1.0205,87.8768,4.0805,92.9792,-1,0.0, -> [background only]
frame_000040,-1.0,1.1232,85.7816,4.038,90.9442,-1,0.0, -> [background only]
frame_000041,-1.0,1.0708,85.4944,3.9112,90.4781,-1,0.0, -> [background only]
frame_000042,-1.0,1.0329,86.3989,4.0686,91.5021,-1,0.0, -> [background only]
frame_000043,-1.0,3.0935,85.307,4.0736,92.4758,-1,0.0, -> [background only]
frame_000044,-1.0,1.0863,84.9016,3.9755,89.9648,-1,0.0, -> [background only]
frame_000045,-1.0,1.0452,85.8048,3.9952,90.8465,-1,0.0, -> [background only]
frame_000046,-1.0,1.0667,86.2307,4.1346,91.4335,-1,0.0, -> [background only]
frame_000047,-1.0,1.0141,84.5781,4.0296,89.6229,-1,0.0, -> [background only]
frame_000048,-1.0,1.0629,85.7111,3.961,90.7365,-1,0.0, -> [background only]
frame_000049,-1.0,1.02,87.6324,3.8993,92.5529,-1,0.0, -> [background only]
frame_000050,-1.0,1.0547,84.7887,4.041,89.8859,-1,0.0, -> [background only]
frame_000051,-1.0,0.9907,84.9701,4.1336,90.0961,-1,0.0, -> [background only]
frame_000052,-1.0,1.0492,85.3569,3.9715,90.3794,-1,0.0, -> [background only]
frame_000053,-1.0,1.0419,86.9813,4.024,92.0491,-1,0.0, -> [background only]
frame_000054,-1.0,1.0536,84.2472,4.2484,89.5507,-1,0.0, -> [tvmonitor (Right): 17%]
frame_000055,-1.0,1.0082,85.5381,4.2245,90.7726,-1,0.0, -> [tvmonitor (Right): 35%]
frame_000056,-1.0,1.0241,88.8487,4.2352,94.1102,-1,0.0, -> [tvmonitor (Right): 44%]
frame_000057,-1.0,1.0156,85.9548,4.2129,91.1851,-1,0.0, -> [tvmonitor (Right): 4%]
frame_000058,-1.0,1.0088,85.1566,4.0061,90.1733,-1,0.0, -> [background only]
frame_000059,-1.0,1.0759,87.0582,3.9784,92.1149,-1,0.0, -> [background only]
frame_000060,-1.0,1.0646,85.4552,3.7097,90.2317,-1,0.0, -> [background only]
frame_000061,-1.0,1.059,86.1614,4.2211,91.4436,-1,0.0, -> [tvmonitor (Center): 1%]
frame_000062,-1.0,1.0272,86.8038,4.0465,91.8794,-1,0.0, -> [tvmonitor (Center): 83%]
frame_000063,-1.0,1.1189,86.2098,4.073,91.4041,-1,0.0, -> [background only]
frame_000064,-1.0,0.983,85.8727,4.0137,90.8712,-1,0.0, -> [background only]
frame_000065,-1.0,1.0223,85.4152,3.9679,90.4075,-1,0.0, -> [background only]
frame_000066,-1.0,2.2035,84.8638,4.0189,91.088,-1,0.0, -> [background only]
frame_000067,-1.0,0.9988,88.4554,4.365,93.8213,-1,0.0, -> [background only]
frame_000068,-1.0,1.0958,85.7927,4.0635,90.9536,-1,0.0, -> [background only]
frame_000069,-1.0,2.4785,85.3925,4.0033,91.8759,-1,0.0, -> [background only]
frame_000070,-1.0,1.0445,84.9855,4.031,90.0625,-1,0.0, -> [background only]
frame_000071,-1.0,1.0351,85.2961,4.0851,90.4179,-1,0.0, -> [train (Center): 97%]
frame_000072,-1.0,1.0897,88.7999,4.2013,94.0924,-1,0.0, -> [train (Center): 99%]
frame_000073,-1.0,1.1382,84.0118,4.0617,89.2132,-1,0.0, -> [background only]
frame_000074,-1.0,1.0215,86.2861,4.0891,91.3979,-1,0.0, -> [car (Center): 61%]
frame_000075,-1.0,1.0761,89.8105,4.0777,94.9658,-1,0.0, -> [background only]
frame_000076,-1.0,1.0634,85.3678,3.9137,90.3464,-1,0.0, -> [background only]
frame_000077,-1.0,0.9835,86.6918,4.0659,91.7426,-1,0.0, -> [background only]
frame_000078,-1.0,1.078,85.996,4.0073,91.0827,-1,0.0, -> [background only]
frame_000079,-1.0,1.0778,84.9548,4.1196,90.1538,-1,0.0, -> [background only]
frame_000080,-1.0,1.0348,85.1979,4.1741,90.4084,-1,0.0, -> [background only]
frame_000081,-1.0,1.0175,85.4181,4.1648,90.6019,-1,0.0, -> [background only]
frame_000082,-1.0,1.1649,85.4892,3.8641,90.5195,-1,0.0, -> [chair (Right): 1%]
frame_000083,-1.0,1.0399,84.2983,4.1814,89.521,-1,0.0, -> [chair (Right): 3%]
frame_000084,-1.0,1.0155,86.1911,4.1281,91.3362,-1,0.0, -> [chair (Right): 4%]
frame_000085,-1.0,1.0759,85.8622,4.0262,90.9654,-1,0.0, -> [chair (Right): 4%]
frame_000086,-1.0,1.0032,82.9452,4.0091,87.9592,-1,0.0, -> [chair (Right): 1%]
frame_000087,-1.0,1.0129,85.3648,4.1171,90.4965,-1,0.0, -> [chair (Right): 12%]
frame_000088,-1.0,1.0345,86.4558,4.9006,92.3923,-1,0.0, -> [chair (Right): 12%]
frame_000089,-1.0,1.2123,83.7201,4.3182,89.2521,-1,0.0, -> [chair (Right): 12%]
frame_000090,-1.0,1.0122,86.376,4.1698,91.5592,-1,0.0, -> [chair (Right): 11%]
frame_000091,-1.0,1.0238,86.2088,6.2766,93.5105,-1,0.0, -> [chair (Center): 10%]
frame_000092,-1.0,1.1871,85.9889,4.3142,91.4915,-1,0.0, -> [chair (Center): 9%]
frame_000093,-1.0,1.0626,85.6957,4.181,90.9407,-1,0.0, -> [chair (Center): 9%]
frame_000094,-1.0,0.9802,85.3865,4.0872,90.4555,-1,0.0, -> [chair (Center): 9%]
frame_000095,-1.0,1.0288,86.1266,4.2874,91.4441,-1,0.0," -> [chair (Center): 9%, tvmonitor (Top): 1%]"
frame_000096,-1.0,1.0575,84.726,4.2135,89.9987,-1,0.0," -> [chair (Left): 9%, tvmonitor (Top): 1%]"
frame_000097,-1.0,1.1643,85.6569,4.2771,91.1001,-1,0.0, -> [chair (Left): 7%]
frame_000098,-1.0,1.0335,86.9622,4.1083,92.1055,-1,0.0," -> [chair (Left): 7%, tvmonitor (Top): 2%]"
frame_000099,-1.0,1.1471,84.3957,4.2981,89.8426,-1,0.0," -> [chair (Left): 10%, tvmonitor (Top): 3%]"
frame_000100,-1.0,0.9895,86.058,4.4591,91.5082,-1,0.0," -> [chair (Left): 9%, tvmonitor (Top): 2%]"
frame_000101,-1.0,1.045,84.9343,4.3634,90.3442,-1,0.0," -> [chair (Left): 6%, tvmonitor (Top): 1%]"
frame_000102,-1.0,3.2468,86.2251,4.1517,93.625,-1,0.0, -> [chair (Left): 4%]
frame_000103,-1.0,1.1626,86.5896,4.2265,91.9804,-1,0.0, -> [chair (Left): 1%]
frame_000104,-1.0,1.0066,85.3557,4.1987,90.5626,-1,0.0, -> [background only]
frame_000105,-1.0,1.1901,87.593,4.0041,92.7882,-1,0.0, -> [background only]
frame_000106,-1.0,1.0234,85.8777,4.0514,90.954,-1,0.0, -> [background only]
frame_000107,-1.0,1.052,85.6208,4.1971,90.8716,-1,0.0, -> [background only]
frame_000108,-1.0,1.0121,87.0864,4.2078,92.3081,-1,0.0, -> [background only]
frame_000109,-1.0,1.0443,85.1351,4.2113,90.3921,-1,0.0," -> [car (Right): 1%, person (Top-Left): 1%]"
frame_000110,-1.0,1.0351,84.9745,4.1083,90.1194,-1,0.0, -> [car (Right): 1%]
frame_000111,-1.0,1.0587,87.6573,4.0101,92.7275,-1,0.0, -> [background only]
frame_000112,-1.0,1.0162,85.44,4.2025,90.6601,-1,0.0," -> [chair (Left): 1%, person (Top-Left): 1%]"
frame_000113,-1.0,1.0142,85.3368,4.4583,90.8109,-1,0.0, -> [background only]
frame_000114,-1.0,1.0906,88.0897,4.1464,93.3281,-1,0.0, -> [chair (Left): 5%]
frame_000115,-1.0,1.0604,85.6455,4.1557,90.8629,-1,0.0, -> [chair (Left): 1%]
frame_000116,-1.0,1.0275,86.2259,4.0757,91.3305,-1,0.0, -> [background only]
frame_000117,-1.0,0.9976,85.6083,4.1323,90.7399,-1,0.0, -> [background only]
frame_000118,-1.0,1.0836,83.7869,4.1426,89.0147,-1,0.0, -> [background only]
frame_000119,-1.0,1.0285,86.4132,4.2834,91.7263,-1,0.0, -> [chair (Left): 1%]
frame_000120,-1.0,1.048,86.9984,4.1094,92.1569,-1,0.0, -> [chair (Left): 5%]
frame_000121,-1.0,1.3835,88.9114,4.1093,94.4056,-1,0.0, -> [chair (Left): 4%]
frame_000122,-1.0,1.0984,84.1126,4.1242,89.3367,-1,0.0, -> [chair (Left): 2%]
frame_000123,-1.0,1.0215,85.9208,4.2732,91.2169,-1,0.0, -> [chair (Left): 2%]
frame_000124,-1.0,1.0345,86.9807,4.1386,92.1551,-1,0.0, -> [chair (Left): 4%]
frame_000125,-1.0,1.0082,86.0951,4.1125,91.2173,-1,0.0, -> [chair (Left): 10%]
frame_000126,-1.0,1.0417,86.7271,4.1626,91.9327,-1,0.0, -> [chair (Left): 3%]
frame_000127,-1.0,1.1205,91.512,4.1998,96.8338,-1,0.0, -> [chair (Left): 11%]
frame_000128,-1.0,1.0456,85.2415,4.2762,90.5648,-1,0.0," -> [car (Right): 1%, chair (Left): 11%]"
frame_000129,-1.0,1.0468,86.4592,3.9374,91.4448,-1,0.0, -> [chair (Left): 9%]
frame_000130,-1.0,1.091,88.0438,4.1663,93.3023,-1,0.0, -> [chair (Left): 3%]
frame_000131,-1.0,1.0598,85.3933,4.1189,90.5763,-1,0.0, -> [chair (Left): 4%]
frame_000132,-1.0,1.0552,87.0692,4.163,92.289,-1,0.0, -> [chair (Left): 8%]
frame_000133,-1.0,1.0513,86.0552,4.2504,91.3585,-1,0.0, -> [chair (Left): 9%]
frame_000134,-1.0,1.1403,86.7732,4.3082,92.2232,-1,0.0," -> [chair (Left): 4%, tvmonitor (Left): 1%]"
frame_000135,-1.0,1.0741,85.0359,4.2058,90.3173,-1,0.0," -> [chair (Left): 3%, tvmonitor (Left): 3%]"
frame_000136,-1.0,1.0258,85.5497,4.1656,90.7428,-1,0.0," -> [chair (Left): 2%, tvmonitor (Left): 2%]"
frame_000137,-1.0,3.3232,86.1305,4.3427,93.7979,-1,0.0," -> [chair (Left): 4%, tvmonitor (Bottom-Left): 1%]"
frame_000138,-1.0,1.0774,86.0592,4.2562,91.3944,-1,0.0," -> [chair (Left): 4%, tvmonitor (Bottom-Left): 1%]"
frame_000139,-1.0,1.0891,84.8573,4.0518,89.9999,-1,0.0," -> [chair (Left): 3%, tvmonitor (Left): 2%]"
frame_000140,-1.0,1.0471,85.9672,4.1684,91.1838,-1,0.0," -> [chair (Left): 4%, tvmonitor (Left): 2%]"
frame_000141,-1.0,1.067,84.3456,4.1133,89.5273,-1,0.0, -> [chair (Left): 5%]
frame_000142,-1.0,1.0413,84.1968,4.3799,89.6196,-1,0.0," -> [chair (Left): 5%, tvmonitor (Left): 1%]"
frame_000143,-1.0,1.0159,86.1322,4.9782,92.1279,-1,0.0, -> [chair (Left): 6%]
frame_000144,-1.0,1.0387,82.1947,4.4558,87.6905,-1,0.0, -> [chair (Left): 6%]
frame_000145,-1.0,0.9092,83.1257,4.3205,88.3568,-1,0.0, -> [chair (Left): 4%]
frame_000146,-1.0,0.9562,84.6245,4.13,89.712,-1,0.0, -> [chair (Left): 6%]
frame_000147,-1.0,1.0417,86.4314,4.1994,91.6738,-1,0.0, -> [chair (Left): 6%]
frame_000148,-1.0,1.0551,86.5105,4.07,91.6369,-1,0.0, -> [chair (Left): 6%]
frame_000149,-1.0,1.1063,86.4216,4.1521,91.6813,-1,0.0, -> [chair (Left): 6%]
frame_000150,-1.0,1.0141,86.9824,4.1099,92.1077,-1,0.0, -> [chair (Left): 9%]
frame_000151,-1.0,1.0287,84.7924,4.0447,89.867,-1,0.0, -> [chair (Left): 8%]
frame_000152,-1.0,0.9825,86.294,4.2242,91.5023,-1,0.0, -> [chair (Left): 9%]
frame_000153,-1.0,1.0476,87.6086,4.097,92.7545,-1,0.0, -> [chair (Left): 9%]
frame_000154,-1.0,1.0542,84.1005,4.1627,89.3187,-1,0.0, -> [chair (Left): 10%]
frame_000155,-1.0,1.03,84.561,4.2153,89.8076,-1,0.0, -> [chair (Left): 11%]
frame_000156,-1.0,1.036,85.286,4.1886,90.5119,-1,0.0, -> [chair (Left): 10%]
frame_000157,-1.0,1.1847,86.8195,4.3005,92.3061,-1,0.0, -> [chair (Left): 9%]
frame_000158,-1.0,0.9175,84.2185,4.2238,89.3613,-1,0.0, -> [chair (Left): 10%]
frame_000159,-1.0,0.9236,83.9245,4.3884,89.238,-1,0.0, -> [chair (Left): 10%]
frame_000160,-1.0,0.9911,83.9712,4.1466,89.1103,-1,0.0, -> [chair (Left): 10%]
frame_000161,-1.0,1.0043,82.2075,4.1308,87.344,-1,0.0, -> [chair (Left): 6%]
frame_000162,-1.0,0.8939,83.9773,4.231,89.1039,-1,0.0, -> [chair (Left): 4%]
frame_000163,-1.0,0.9249,83.2289,4.3929,88.5484,-1,0.0, -> [background only]
frame_000164,-1.0,0.9459,83.5134,4.233,88.6939,-1,0.0, -> [chair (Left): 1%]
frame_000165,-1.0,0.9725,82.6961,4.4005,88.0709,-1,0.0, -> [car (Bottom): 3%]
frame_000166,-1.0,0.9087,83.4982,4.3568,88.7651,-1,0.0, -> [car (Bottom): 3%]
frame_000167,-1.0,0.9101,82.686,6.1421,89.7396,-1,0.0, -> [car (Bottom-Left): 3%]
frame_000168,-1.0,1.0725,82.5342,4.2772,87.8856,-1,0.0, -> [chair (Right): 1%]
frame_000169,-1.0,0.8815,83.4373,4.3806,88.7009,-1,0.0, -> [chair (Right): 1%]
frame_000170,-1.0,0.9288,84.8985,4.2588,90.0874,-1,0.0, -> [chair (Right): 1%]
frame_000171,-1.0,0.902,85.0188,3.9647,89.8866,-1,0.0, -> [chair (Right): 1%]
frame_000172,-1.0,0.9166,84.64,4.2867,89.8447,-1,0.0, -> [chair (Center): 1%]
frame_000173,-1.0,0.98,83.54,4.3373,88.8588,-1,0.0, -> [chair (Center): 1%]
frame_000174,-1.0,0.889,84.8003,5.9598,91.6508,-1,0.0, -> [background only]
frame_000175,-1.0,1.1189,83.9753,4.391,89.4868,-1,0.0, -> [chair (Center): 1%]
frame_000176,-1.0,0.911,85.5099,4.3439,90.7661,-1,0.0, -> [chair (Center): 1%]
frame_000177,-1.0,0.9467,84.4583,4.3998,89.806,-1,0.0," -> [chair (Center): 1%, person (Right): 1%]"
frame_000178,-1.0,0.9895,85.2931,4.2873,90.5712,-1,0.0, -> [chair (Left): 1%]
frame_000179,-1.0,0.9774,85.4353,4.5198,90.9342,-1,0.0," -> [chair (Left): 1%, person (Center): 1%]"
frame_000180,-1.0,0.9693,86.9068,4.3757,92.2532,-1,0.0, -> [chair (Left): 1%]
frame_000181,-1.0,1.0805,87.6814,4.1835,92.9467,-1,0.0, -> [chair (Left): 1%]
frame_000182,-1.0,1.0217,83.6185,4.3484,88.9901,-1,0.0, -> [chair (Center): 4%]
frame_000183,-1.0,0.9472,86.1977,4.4368,91.5831,-1,0.0, -> [chair (Center): 4%]
frame_000184,-1.0,0.9631,84.8454,5.6908,91.501,-1,0.0, -> [chair (Center): 3%]
frame_000185,-1.0,1.275,83.0901,4.3894,88.7561,-1,0.0, -> [chair (Center): 5%]
frame_000186,-1.0,0.941,83.1068,4.3648,88.414,-1,0.0, -> [chair (Center): 5%]
frame_000187,-1.0,0.9515,84.9762,4.302,90.2311,-1,0.0, -> [chair (Left): 2%]
frame_000188,-1.0,0.9624,86.3043,4.302,91.5703,-1,0.0, -> [chair (Center): 6%]
frame_000189,-1.0,0.9498,84.6608,4.185,89.7971,-1,0.0, -> [chair (Center): 7%]
frame_000190,-1.0,0.9417,84.0298,4.2506,89.2234,-1,0.0, -> [chair (Center): 4%]
frame_000191,-1.0,0.9353,85.0955,4.3043,90.3366,-1,0.0, -> [chair (Center): 3%]
frame_000192,-1.0,0.9826,85.1058,4.282,90.3722,-1,0.0, -> [chair (Center): 4%]
frame_000193,-1.0,0.9626,85.0988,4.4873,90.5502,-1,0.0," -> [chair (Center): 6%, pottedplant (Left): 1%]"
frame_000194,-1.0,0.9296,85.2149,4.285,90.4309,-1,0.0, -> [chair (Center): 6%]
frame_000195,-1.0,0.9334,86.7271,4.3738,92.0358,-1,0.0, -> [chair (Center): 5%]
frame_000196,-1.0,0.9938,83.7256,4.1637,88.8843,-1,0.0, -> [chair (Center): 7%]
frame_000197,-1.0,0.9131,83.7157,4.4252,89.0554,-1,0.0," -> [chair (Center): 7%, pottedplant (Bottom-Left): 1%]"
frame_000198,-1.0,0.9877,86.2526,4.1266,91.3681,-1,0.0, -> [chair (Center): 5%]
frame_000199,-1.0,1.0336,84.1547,4.4123,89.6023,-1,0.0, -> [chair (Left): 5%]
frame_000200,-1.0,0.9558,84.7377,4.4238,90.119,-1,0.0, -> [chair (Center): 5%]
frame_000201,-1.0,0.9693,85.1873,4.305,90.4636,-1,0.0, -> [chair (Center): 5%]
frame_000202,-1.0,1.0408,86.6608,4.3862,92.0896,-1,0.0, -> [chair (Left): 3%]
frame_000203,-1.0,0.9381,85.2305,4.4267,90.5972,-1,0.0, -> [chair (Left): 5%]
frame_000204,-1.0,0.9484,85.639,4.3465,90.9356,-1,0.0, -> [chair (Left): 7%]
frame_000205,-1.0,1.0585,86.4823,4.3685,91.9113,-1,0.0, -> [chair (Left): 5%]
frame_000206,-1.0,0.9303,83.3129,4.4279,88.6727,-1,0.0, -> [chair (Center): 8%]
frame_000207,-1.0,0.9507,89.1076,4.2823,94.3421,-1,0.0, -> [chair (Center): 7%]
frame_000208,-1.0,1.0013,85.2832,4.3159,90.6022,-1,0.0, -> [chair (Left): 4%]
frame_000209,-1.0,0.9755,88.3914,4.2925,93.6606,-1,0.0, -> [chair (Left): 4%]
frame_000210,-1.0,1.0186,84.4583,4.1852,89.6636,-1,0.0, -> [chair (Left): 3%]
frame_000211,-1.0,0.9101,87.2932,4.2608,92.4652,-1,0.0, -> [chair (Left): 3%]
frame_000212,-1.0,0.9881,82.8133,4.4703,88.2731,-1,0.0, -> [chair (Left): 3%]
frame_000213,-1.0,0.8618,85.6912,4.1738,90.7281,-1,0.0, -> [chair (Left): 2%]
frame_000214,-1.0,1.0141,86.9854,4.8786,92.8798,-1,0.0, -> [chair (Left): 3%]
frame_000215,-1.0,1.1227,87.0024,4.0814,92.2082,-1,0.0, -> [chair (Left): 3%]
frame_000216,-1.0,0.9966,85.5937,4.2359,90.8275,-1,0.0, -> [chair (Left): 2%]
frame_000217,-1.0,1.0462,85.9865,4.1291,91.163,-1,0.0, -> [chair (Left): 3%]
frame_000218,-1.0,1.0205,87.5101,4.3035,92.8355,-1,0.0, -> [chair (Left): 3%]
frame_000219,-1.0,1.2388,86.0706,4.1329,91.4434,-1,0.0, -> [chair (Left): 1%]
frame_000220,-1.0,1.0494,87.8691,4.1543,93.0742,-1,0.0, -> [chair (Left): 1%]
frame_000221,-1.0,1.0148,86.243,4.1142,91.3736,-1,0.0, -> [chair (Left): 1%]
frame_000222,-1.0,1.0113,85.9292,4.2522,91.194,-1,0.0, -> [chair (Left): 1%]
frame_000223,-1.0,1.059,86.6268,4.1733,91.8609,-1,0.0, -> [chair (Left): 1%]
frame_000224,-1.0,1.1229,87.2523,4.0549,92.4315,-1,0.0, -> [background only]
frame_000225,-1.0,1.0862,85.2341,4.1241,90.4462,-1,0.0, -> [background only]
frame_000226,-1.0,1.0311,87.229,4.0468,92.3084,-1,0.0, -> [background only]
frame_000227,-1.0,0.9658,86.7891,3.9195,91.6759,-1,0.0, -> [background only]
frame_000228,-1.0,1.0123,86.5318,3.9968,91.5428,-1,0.0, -> [background only]
frame_000229,-1.0,1.0522,86.4265,4.0589,91.5388,-1,0.0, -> [background only]
frame_000230,-1.0,1.0105,87.2788,4.6256,92.9164,-1,0.0, -> [background only]
frame_000231,-1.0,1.154,86.4982,4.1667,91.8203,-1,0.0, -> [chair (Center): 1%]
frame_000232,-1.0,1.0599,85.9917,4.006,91.0589,-1,0.0, -> [background only]
frame_000233,-1.0,1.0854,87.6775,4.0135,92.778,-1,0.0, -> [background only]
frame_000234,-1.0,1.4344,85.7429,4.3253,91.504,-1,0.0, -> [chair (Left): 1%]
frame_000235,-1.0,1.0698,86.7907,4.2794,92.1414,-1,0.0, -> [chair (Left): 1%]
frame_000236,-1.0,1.0194,86.711,4.1245,91.8564,-1,0.0, -> [chair (Center): 8%]
frame_000237,-1.0,1.1031,88.923,4.1135,94.1411,-1,0.0, -> [chair (Left): 3%]
frame_000238,-1.0,1.0044,86.0813,4.1177,91.2051,-1,0.0, -> [chair (Center): 7%]
frame_000239,-1.0,1.043,86.4297,4.2724,91.7465,-1,0.0, -> [chair (Center): 7%]
frame_000240,-1.0,1.0196,86.9113,4.1999,92.1322,-1,0.0, -> [chair (Left): 1%]
frame_000241,-1.0,1.0793,85.0827,4.0517,90.2152,-1,0.0, -> [chair (Left): 2%]
frame_000242,-1.0,1.0034,86.2149,4.1722,91.3916,-1,0.0, -> [chair (Left): 2%]
frame_000243,-1.0,1.0829,87.8483,4.2296,93.1619,-1,0.0, -> [chair (Left): 5%]
frame_000244,-1.0,1.133,85.9172,4.2979,91.3496,-1,0.0, -> [chair (Left): 2%]
frame_000245,-1.0,1.07,86.626,4.0323,91.73,-1,0.0, -> [background only]
frame_000246,-1.0,1.0156,86.6192,4.1402,91.7764,-1,0.0, -> [background only]
frame_000247,-1.0,1.0279,85.1995,4.1101,90.339,-1,0.0, -> [background only]
frame_000248,-1.0,1.1047,86.3117,4.1749,91.5926,-1,0.0, -> [background only]
frame_000249,-1.0,1.1549,86.6371,4.2687,92.0625,-1,0.0, -> [chair (Center): 4%]
frame_000250,-1.0,1.1342,85.2404,4.068,90.4441,-1,0.0, -> [background only]
frame_000251,-1.0,1.0494,86.6624,4.0654,91.7789,-1,0.0, -> [background only]
frame_000252,-1.0,1.0579,85.5686,4.0423,90.6701,-1,0.0, -> [background only]
frame_000253,-1.0,1.1702,86.4212,3.8328,91.4256,-1,0.0, -> [background only]
frame_000254,-1.0,1.0201,86.6371,4.2072,91.8658,-1,0.0, -> [chair (Center): 6%]
frame_000255,-1.0,1.0842,89.2738,4.2625,94.6217,-1,0.0, -> [chair (Center): 4%]
frame_000256,-1.0,1.1047,88.4722,4.1212,93.6999,-1,0.0, -> [background only]
frame_000257,-1.0,1.1145,87.1003,4.1689,92.3855,-1,0.0, -> [background only]
frame_000258,-1.0,1.1017,86.1782,3.9135,91.1947,-1,0.0, -> [background only]
frame_000259,-1.0,1.043,87.8667,3.9899,92.9014,-1,0.0, -> [background only]
frame_000260,-1.0,1.0475,86.4982,4.2297,91.7772,-1,0.0, -> [background only]
frame_000261,-1.0,1.1078,87.745,4.0415,92.896,-1,0.0, -> [background only]
frame_000262,-1.0,3.2989,87.4376,4.1618,94.8997,-1,0.0, -> [background only]
frame_000263,-1.0,1.0328,86.2086,4.2977,91.5405,-1,0.0, -> [chair (Center): 1%]
frame_000264,-1.0,1.0866,86.5852,4.1534,91.8266,-1,0.0, -> [chair (Center): 3%]
frame_000265,-1.0,1.0223,90.2709,4.0837,95.3787,-1,0.0, -> [background only]
frame_000266,-1.0,1.0699,86.1992,4.0521,91.3224,-1,0.0, -> [background only]
frame_000267,-1.0,1.028,87.0481,4.1509,92.2283,-1,0.0, -> [chair (Center): 2%]
frame_000268,-1.0,1.0721,86.4065,3.9091,91.3892,-1,0.0, -> [background only]
frame_000269,-1.0,1.0727,85.1069,4.1371,90.3183,-1,0.0, -> [chair (Center): 15%]
frame_000270,-1.0,1.0248,87.0096,4.1635,92.1993,-1,0.0, -> [chair (Center): 19%]
frame_000271,-1.0,1.0538,87.7507,4.1999,93.0059,-1,0.0, -> [chair (Right): 35%]
frame_000272,-1.0,1.0482,86.0686,4.1687,91.2868,-1,0.0, -> [chair (Center): 13%]
frame_000273,-1.0,0.9914,86.8491,4.1103,91.9521,-1,0.0, -> [chair (Center): 9%]
frame_000274,-1.0,1.0307,88.3804,4.1455,93.5582,-1,0.0, -> [chair (Center): 27%]
frame_000275,-1.0,1.0615,84.6598,4.1752,89.898,-1,0.0, -> [chair (Center): 23%]
frame_000276,-1.0,1.06,85.6747,4.2401,90.9762,-1,0.0, -> [chair (Center): 49%]
frame_000277,-1.0,1.0086,85.9917,4.3021,91.3038,-1,0.0, -> [chair (Center): 29%]
frame_000278,-1.0,1.8666,86.7474,4.3115,92.9268,-1,0.0, -> [chair (Center): 45%]
frame_000279,-1.0,1.0238,86.6438,4.269,91.9381,-1,0.0, -> [chair (Center): 52%]
frame_000280,-1.0,1.0852,87.6657,5.3572,94.1097,-1,0.0, -> [chair (Right): 49%]
frame_000281,-1.0,1.1293,86.3478,4.2713,91.7499,-1,0.0, -> [chair (Right): 44%]
frame_000282,-1.0,1.0735,87.6055,4.3573,93.0377,-1,0.0, -> [chair (Right): 42%]
frame_000283,-1.0,1.036,86.8535,4.2522,92.1431,-1,0.0, -> [chair (Right): 36%]
frame_000284,-1.0,1.1224,89.9913,4.2514,95.3669,-1,0.0, -> [chair (Right): 40%]
frame_000285,-1.0,1.0414,87.2585,4.1888,92.4899,-1,0.0, -> [chair (Right): 39%]
frame_000286,-1.0,1.0433,85.7623,4.3325,91.1394,-1,0.0, -> [chair (Right): 37%]
frame_000287,-1.0,1.0543,89.0828,4.2246,94.3631,-1,0.0, -> [chair (Right): 34%]
frame_000288,-1.0,1.0688,85.3181,4.2465,90.6349,-1,0.0, -> [chair (Center): 28%]
frame_000289,-1.0,1.0721,85.8424,4.2723,91.1881,-1,0.0, -> [chair (Right): 27%]
frame_000290,-1.0,1.0702,89.2659,4.2169,94.555,-1,0.0, -> [chair (Center): 21%]
frame_000291,-1.0,1.0755,86.4436,4.1904,91.7108,-1,0.0, -> [chair (Center): 22%]
frame_000292,-1.0,1.0478,86.5868,4.2438,91.8803,-1,0.0, -> [chair (Center): 20%]
frame_000293,-1.0,1.0115,86.8853,4.198,92.0961,-1,0.0, -> [chair (Center): 18%]
frame_000294,-1.0,1.0792,85.8055,4.1507,91.0373,-1,0.0, -> [chair (Left): 9%]
frame_000295,-1.0,1.0084,87.6265,4.2193,92.8554,-1,0.0, -> [chair (Center): 10%]
frame_000296,-1.0,1.0173,86.9244,4.3876,92.331,-1,0.0, -> [chair (Center): 10%]
frame_000297,-1.0,1.0518,86.412,4.1994,91.6647,-1,0.0, -> [chair (Center): 12%]
frame_000298,-1.0,1.0276,85.8508,4.1092,90.9889,-1,0.0, -> [chair (Center): 12%]
frame_000299,-1.0,1.0219,89.1851,4.2084,94.417,-1,0.0, -> [chair (Center): 10%]
frame_000300,-1.0,1.0966,85.9367,4.0224,91.057,-1,0.0, -> [chair (Center): 12%]
frame_000301,-1.0,1.0268,86.0602,4.1667,91.2553,-1,0.0, -> [chair (Center): 11%]
frame_000302,-1.0,1.0378,86.126,4.2935,91.4586,-1,0.0, -> [chair (Center): 12%]
frame_000303,-1.0,1.1965,85.9676,4.2762,91.4419,-1,0.0, -> [chair (Center): 11%]
frame_000304,-1.0,1.0388,85.923,4.1438,91.107,-1,0.0, -> [chair (Center): 12%]
frame_000305,-1.0,1.0067,87.1843,5.7662,93.9586,-1,0.0, -> [chair (Center): 13%]
frame_000306,-1.0,1.2204,86.4298,4.0699,91.7216,-1,0.0, -> [chair (Center): 11%]
frame_000307,-1.0,1.0067,88.0027,4.3227,93.3336,-1,0.0, -> [chair (Center): 12%]
frame_000308,-1.0,1.0286,87.722,4.1945,92.9464,-1,0.0, -> [chair (Right): 12%]
frame_000309,-1.0,1.7095,83.4886,4.4754,89.6751,-1,0.0, -> [chair (Right): 12%]
frame_000310,-1.0,0.9336,85.9703,4.2627,91.168,-1,0.0, -> [chair (Right): 12%]
frame_000311,-1.0,1.0148,86.9159,4.2065,92.1387,-1,0.0, -> [chair (Right): 13%]
frame_000312,-1.0,1.0956,89.8091,4.3546,95.2608,-1,0.0, -> [chair (Right): 12%]
frame_000313,-1.0,1.0727,86.6111,4.1022,91.7875,-1,0.0, -> [chair (Right): 13%]
frame_000314,-1.0,1.0418,86.8284,4.2448,92.1168,-1,0.0, -> [chair (Right): 12%]
frame_000315,-1.0,1.0746,88.6978,4.1178,93.8916,-1,0.0, -> [chair (Right): 12%]
frame_000316,-1.0,1.1032,85.1386,4.3621,90.6054,-1,0.0, -> [chair (Right): 8%]
frame_000317,-1.0,1.0267,84.9081,4.0963,90.0325,-1,0.0, -> [chair (Right): 8%]
frame_000318,-1.0,1.0283,87.6886,4.0996,92.8182,-1,0.0, -> [chair (Right): 9%]
frame_000319,-1.0,1.0404,87.4295,4.3327,92.804,-1,0.0, -> [chair (Right): 11%]
frame_000320,-1.0,1.1176,87.5797,4.0556,92.7545,-1,0.0, -> [chair (Right): 11%]
frame_000321,-1.0,1.0276,90.056,4.1285,95.2134,-1,0.0, -> [chair (Right): 9%]
frame_000322,-1.0,1.0222,86.4895,4.2038,91.7168,-1,0.0, -> [chair (Right): 7%]
frame_000323,-1.0,1.0259,86.7885,4.4326,92.2481,-1,0.0, -> [chair (Right): 12%]
frame_000324,-1.0,1.0149,87.1614,4.267,92.4447,-1,0.0, -> [chair (Right): 12%]
frame_000325,-1.0,1.0657,86.4077,4.2052,91.6802,-1,0.0, -> [chair (Right): 11%]
frame_000326,-1.0,1.0005,87.1513,4.2769,92.4301,-1,0.0, -> [chair (Right): 12%]
frame_000327,-1.0,1.0275,87.7647,4.2658,93.0591,-1,0.0, -> [chair (Right): 10%]
frame_000328,-1.0,1.0527,85.3604,4.1949,90.6096,-1,0.0, -> [chair (Right): 13%]
frame_000329,-1.0,1.0195,86.2268,4.2922,91.5399,-1,0.0, -> [chair (Right): 15%]
frame_000330,-1.0,1.0046,87.5083,3.8437,92.3577,-1,0.0, -> [chair (Right): 14%]
frame_000331,-1.0,1.0709,85.5282,4.3091,90.9096,-1,0.0," -> [bicycle (Right): 1%, chair (Right): 9%]"
frame_000332,-1.0,1.0781,89.641,4.2856,95.0061,-1,0.0," -> [bicycle (Right): 4%, chair (Top-Right): 3%]"
frame_000333,-1.0,1.1176,88.0389,4.2504,93.4083,-1,0.0," -> [bicycle (Right): 6%, chair (Top-Right): 2%]"
frame_000334,-1.0,1.1311,85.9848,4.0906,91.208,-1,0.0," -> [bicycle (Right): 4%, chair (Right): 5%]"
frame_000335,-1.0,0.9403,86.8021,4.2515,91.9952,-1,0.0," -> [bicycle (Right): 12%, chair (Top-Right): 1%]"
frame_000336,-1.0,1.0334,87.4056,4.0031,92.4435,-1,0.0, -> [bicycle (Right): 14%]
frame_000337,-1.0,1.1536,87.1114,4.3049,92.5718,-1,0.0, -> [bicycle (Right): 25%]
frame_000338,-1.0,1.1016,86.7328,3.9119,91.7478,-1,0.0, -> [bicycle (Right): 23%]
frame_000339,-1.0,1.0585,88.9624,4.2416,94.2637,-1,0.0, -> [bicycle (Right): 21%]
frame_000340,-1.0,1.053,87.3048,4.1828,92.5425,-1,0.0, -> [bicycle (Right): 21%]
frame_000341,-1.0,1.0477,86.8691,4.2412,92.1593,-1,0.0, -> [bicycle (Right): 16%]
frame_000342,-1.0,1.035,87.2515,4.2089,92.4969,-1,0.0, -> [bicycle (Right): 19%]
frame_000343,-1.0,1.2218,86.5069,4.2804,92.0103,-1,0.0, -> [bicycle (Right): 15%]
frame_000344,-1.0,1.0179,86.2272,4.2039,91.4504,-1,0.0," -> [bicycle (Right): 12%, chair (Top-Right): 2%]"
frame_000345,-1.0,1.0265,87.8662,5.9318,94.8257,-1,0.0," -> [bicycle (Right): 10%, chair (Right): 3%]"
frame_000346,-1.0,1.1628,85.9191,4.2777,91.3613,-1,0.0," -> [bicycle (Right): 9%, chair (Top-Right): 2%]"
frame_000347,-1.0,1.0162,86.1636,4.2539,91.4351,-1,0.0," -> [bicycle (Right): 12%, chair (Top-Right): 1%]"
frame_000348,-1.0,1.0571,88.0435,4.213,93.3152,-1,0.0," -> [bicycle (Right): 12%, chair (Top-Right): 1%]"
frame_000349,-1.0,1.0952,89.8226,4.1725,95.0917,-1,0.0," -> [bicycle (Right): 9%, chair (Top-Right): 3%]"
frame_000350,-1.0,1.0304,86.1334,4.2381,91.4033,-1,0.0, -> [bicycle (Right): 21%]
frame_000351,-1.0,1.0144,86.9135,4.2502,92.1795,-1,0.0," -> [bicycle (Right): 11%, chair (Top-Right): 2%]"
frame_000352,-1.0,2.4023,89.1658,4.2198,95.7893,-1,0.0," -> [bicycle (Right): 8%, chair (Top-Right): 4%]"
frame_000353,-1.0,0.999,87.6343,4.2465,92.8811,-1,0.0," -> [bicycle (Right): 6%, chair (Right): 7%]"
frame_000354,-1.0,1.0529,86.3655,6.4128,93.8326,-1,0.0," -> [bicycle (Right): 12%, chair (Top-Right): 3%]"
frame_000355,-1.0,1.1213,86.5472,4.0793,91.7493,-1,0.0," -> [bicycle (Right): 10%, chair (Right): 4%]"
frame_000356,-1.0,1.0578,87.3125,4.3223,92.6945,-1,0.0," -> [bicycle (Right): 2%, chair (Right): 12%]"
frame_000357,-1.0,1.0224,86.7436,4.2927,92.0602,-1,0.0," -> [bicycle (Right): 8%, chair (Top-Right): 5%]"
frame_000358,-1.0,1.1437,86.7905,4.3342,92.2701,-1,0.0," -> [bicycle (Right): 3%, chair (Right): 8%]"
frame_000359,-1.0,1.0196,87.0893,4.2231,92.3333,-1,0.0," -> [bicycle (Top-Right): 3%, chair (Right): 10%]"
frame_000360,-1.0,1.0829,86.6503,4.2555,91.9903,-1,0.0, -> [chair (Right): 13%]
frame_000361,-1.0,1.3149,87.3363,4.2796,92.9323,-1,0.0," -> [bicycle (Right): 3%, chair (Right): 4%]"
frame_000362,-1.0,1.0834,85.9066,4.203,91.1944,-1,0.0, -> [chair (Top-Right): 2%]
frame_000363,-1.0,1.0615,88.0741,3.9564,93.0935,-1,0.0, -> [background only]
frame_000364,-1.0,1.0408,88.222,4.1795,93.4437,-1,0.0, -> [background only]
frame_000365,-1.0,1.0686,86.5414,3.9752,91.5866,-1,0.0, -> [background only]
frame_000366,-1.0,1.0391,88.0269,3.9377,93.0053,-1,0.0, -> [background only]
frame_000367,-1.0,1.055,88.0109,3.7163,92.7836,-1,0.0, -> [background only]
frame_000368,-1.0,1.0332,85.9367,4.0618,91.033,-1,0.0, -> [background only]
frame_000369,-1.0,1.0379,86.4568,4.2622,91.7583,-1,0.0, -> [background only]
frame_000370,-1.0,1.0097,89.1054,4.0432,94.1597,-1,0.0, -> [background only]
frame_000371,-1.0,1.0441,86.2989,4.047,91.3912,-1,0.0, -> [background only]
frame_000372,-1.0,1.091,87.3996,3.9658,92.4578,-1,0.0, -> [background only]
frame_000373,-1.0,1.0728,87.3424,4.0573,92.4738,-1,0.0, -> [background only]
frame_000374,-1.0,1.0161,86.1879,4.03,91.2356,-1,0.0, -> [background only]
frame_000375,-1.0,1.0782,86.197,3.8856,91.1621,-1,0.0, -> [background only]
frame_000376,-1.0,1.0081,87.0931,3.9865,92.0889,-1,0.0, -> [background only]
frame_000377,-1.0,1.0891,84.8382,4.0931,90.0235,-1,0.0, -> [background only]
frame_000378,-1.0,0.9845,88.0429,4.0525,93.0813,-1,0.0, -> [background only]
frame_000379,-1.0,1.0289,90.2485,3.9687,95.2476,-1,0.0, -> [background only]
frame_000380,-1.0,1.1154,86.5702,4.2548,91.9418,-1,0.0, -> [background only]
frame_000381,-1.0,1.0082,87.2164,3.9401,92.1662,-1,0.0, -> [background only]
frame_000382,-1.0,1.0431,86.8979,3.9858,91.928,-1,0.0, -> [background only]
frame_000383,-1.0,1.1118,86.7896,4.0355,91.9385,-1,0.0, -> [background only]
frame_000384,-1.0,1.0506,86.7138,4.0302,91.7961,-1,0.0, -> [background only]
frame_000385,-1.0,1.0333,89.1497,3.707,93.8911,-1,0.0, -> [background only]
frame_000386,-1.0,1.9867,85.2254,4.1074,91.3211,-1,0.0, -> [background only]
frame_000387,-1.0,1.0084,85.5517,4.1645,90.7258,-1,0.0, -> [background only]
frame_000388,-1.0,1.0285,85.5508,5.3849,91.966,-1,0.0, -> [background only]
frame_000389,-1.0,1.2165,85.7998,4.0202,91.0378,-1,0.0, -> [background only]
frame_000390,-1.0,1.006,86.2474,4.0801,91.3349,-1,0.0, -> [background only]
frame_000391,-1.0,1.0232,86.4186,4.1947,91.6379,-1,0.0, -> [background only]
frame_000392,-1.0,1.0188,87.9668,4.0368,93.0237,-1,0.0, -> [background only]
frame_000393,-1.0,1.0529,87.9036,4.0452,93.003,-1,0.0, -> [background only]
frame_000394,-1.0,1.0068,87.1304,4.0648,92.2034,-1,0.0, -> [background only]
frame_000395,-1.0,1.0729,87.2878,4.2158,92.5776,-1,0.0, -> [background only]
frame_000396,-1.0,1.0632,87.0064,4.1115,92.1826,-1,0.0, -> [background only]
frame_000397,-1.0,1.0316,86.5213,4.123,91.6771,-1,0.0, -> [background only]
frame_000398,-1.0,1.0627,88.0676,3.9087,93.0404,-1,0.0, -> [background only]
frame_000399,-1.0,1.0975,86.3791,4.0715,91.5495,-1,0.0, -> [background only]
frame_000400,-1.0,1.0446,87.6411,4.2294,92.9164,-1,0.0, -> [background only]
frame_000401,-1.0,1.0302,87.8923,4.143,93.0672,-1,0.0, -> [background only]
frame_000402,-1.0,0.9783,85.2426,4.072,90.2945,-1,0.0, -> [background only]
frame_000403,-1.0,1.0843,87.1614,4.0022,92.2493,-1,0.0, -> [background only]
frame_000404,-1.0,1.0768,89.3021,4.01,94.3903,-1,0.0, -> [background only]
frame_000405,-1.0,1.091,85.5714,4.0655,90.7295,-1,0.0, -> [background only]
frame_000406,-1.0,1.0414,87.7683,3.7015,92.5127,-1,0.0, -> [background only]
frame_000407,-1.0,1.0065,86.5857,4.0532,91.6469,-1,0.0, -> [background only]
frame_000408,-1.0,1.1523,85.7765,4.0503,90.9809,-1,0.0, -> [background only]
frame_000409,-1.0,1.0469,87.3716,4.1217,92.5416,-1,0.0, -> [background only]
frame_000410,-1.0,1.0163,86.6498,4.1878,91.8554,-1,0.0, -> [car (Left): 2%]
frame_000411,-1.0,1.13,89.0224,4.1117,94.2656,-1,0.0, -> [background only]
frame_000412,-1.0,1.0878,86.252,4.1784,91.5198,-1,0.0, -> [background only]
frame_000413,-1.0,1.0434,86.5589,3.9905,91.5942,-1,0.0, -> [background only]
frame_000414,-1.0,1.0488,86.7792,3.8274,91.6567,-1,0.0, -> [background only]
frame_000415,-1.0,1.0469,85.8485,3.9379,90.8344,-1,0.0, -> [background only]
frame_000416,-1.0,1.0053,86.5798,4.0774,91.664,-1,0.0, -> [background only]
frame_000417,-1.0,1.0434,87.9999,4.1806,93.2252,-1,0.0, -> [background only]
frame_000418,-1.0,1.1842,85.3156,3.8376,90.3388,-1,0.0, -> [background only]
frame_000419,-1.0,1.0538,87.4862,3.8926,92.4339,-1,0.0, -> [background only]
frame_000420,-1.0,1.0222,87.5896,4.0282,92.6414,-1,0.0, -> [background only]
frame_000421,-1.0,1.2091,87.7828,4.1238,93.1172,-1,0.0, -> [tvmonitor (Top): 1%]
frame_000422,-1.0,1.0637,85.713,4.1954,90.9735,-1,0.0, -> [tvmonitor (Top): 1%]
frame_000423,-1.0,1.0595,89.0322,4.2352,94.328,-1,0.0, -> [tvmonitor (Top): 3%]
frame_000424,-1.0,1.1822,87.8316,4.0716,93.0866,-1,0.0, -> [tvmonitor (Top-Right): 15%]
frame_000425,-1.0,1.0879,87.2299,4.2611,92.5803,-1,0.0, -> [tvmonitor (Top-Right): 20%]
frame_000426,-1.0,1.01,85.4191,4.2033,90.6334,-1,0.0," -> [chair (Left): 5%, tvmonitor (Top-Right): 1%]"
frame_000427,-1.0,1.0544,87.1373,4.2799,92.473,-1,0.0, -> [chair (Left): 13%]
frame_000428,-1.0,1.039,86.5914,4.1957,91.8273,-1,0.0, -> [chair (Left): 21%]
frame_000429,-1.0,1.0652,87.3878,4.241,92.6957,-1,0.0, -> [chair (Left): 18%]
frame_000430,-1.0,1.0599,87.5476,4.0771,92.6862,-1,0.0, -> [chair (Left): 21%]
frame_000431,-1.0,1.1017,87.5414,4.1492,92.7937,-1,0.0, -> [chair (Left): 24%]
frame_000432,-1.0,1.0595,86.1531,4.0636,91.2777,-1,0.0, -> [chair (Left): 19%]
frame_000433,-1.0,1.0455,90.1267,4.2059,95.3794,-1,0.0, -> [chair (Center): 23%]
frame_000434,-1.0,1.0649,85.5469,4.1812,90.7946,-1,0.0, -> [chair (Center): 30%]
frame_000435,-1.0,1.018,86.7634,4.2544,92.0372,-1,0.0, -> [chair (Center): 30%]
frame_000436,-1.0,1.0487,89.2605,4.1525,94.4629,-1,0.0, -> [chair (Center): 31%]
frame_000437,-1.0,1.0198,86.0261,4.1788,91.2261,-1,0.0, -> [chair (Center): 26%]
frame_000438,-1.0,1.0428,86.8762,4.2115,92.1322,-1,0.0, -> [chair (Center): 29%]
frame_000439,-1.0,1.0352,86.1395,4.1739,91.3501,-1,0.0, -> [chair (Center): 30%]
frame_000440,-1.0,1.043,85.2437,4.1417,90.4298,-1,0.0, -> [chair (Center): 27%]
frame_000441,-1.0,1.0052,87.7857,4.0855,92.8774,-1,0.0, -> [chair (Right): 34%]
frame_000442,-1.0,1.0574,87.6742,4.0508,92.7838,-1,0.0, -> [chair (Right): 27%]
frame_000443,-1.0,1.0193,87.3715,4.318,92.7103,-1,0.0, -> [chair (Right): 25%]
frame_000444,-1.0,1.0496,85.9305,4.3262,91.3081,-1,0.0, -> [chair (Right): 24%]
frame_000445,-1.0,1.0486,89.3935,4.1784,94.622,-1,0.0, -> [chair (Right): 22%]
frame_000446,-1.0,1.1412,85.9105,3.9867,91.0399,-1,0.0, -> [chair (Right): 20%]
frame_000447,-1.0,0.9701,86.9445,3.9778,91.8936,-1,0.0, -> [chair (Right): 21%]
frame_000448,-1.0,1.0295,86.4061,4.2191,91.6561,-1,0.0, -> [chair (Right): 26%]
frame_000449,-1.0,1.0304,88.7362,4.2209,93.9889,-1,0.0, -> [chair (Right): 19%]
frame_000450,-1.0,1.0216,86.5336,4.249,91.8055,-1,0.0, -> [chair (Top-Right): 2%]
frame_000451,-1.0,1.0546,87.3138,4.2369,92.6065,-1,0.0, -> [chair (Top-Right): 2%]
frame_000452,-1.0,2.9751,84.7949,4.308,92.0795,-1,0.0, -> [chair (Top): 2%]
frame_000453,-1.0,0.9472,83.8241,4.3557,89.1286,-1,0.0," -> [chair (Top-Left): 1%, tvmonitor (Top): 1%]"
frame_000454,-1.0,0.934,84.4408,4.3315,89.7077,-1,0.0, -> [chair (Top-Left): 2%]
frame_000455,-1.0,0.9102,85.9141,4.3422,91.1679,-1,0.0, -> [chair (Center): 3%]
frame_000456,-1.0,0.8925,83.2954,4.3059,88.4952,-1,0.0, -> [chair (Top): 1%]
frame_000457,-1.0,0.917,84.0696,4.2321,89.2201,-1,0.0, -> [chair (Top): 1%]
frame_000458,-1.0,0.9239,85.2815,4.5315,90.7384,-1,0.0, -> [background only]
frame_000459,-1.0,1.0742,82.8406,4.3286,88.2448,-1,0.0, -> [chair (Top): 2%]
frame_000460,-1.0,0.9351,84.5241,4.399,89.8595,-1,0.0, -> [chair (Top): 2%]
frame_000461,-1.0,0.9624,83.8577,4.2528,89.0742,-1,0.0, -> [chair (Top): 2%]
frame_000462,-1.0,0.9345,85.3853,4.1535,90.4746,-1,0.0, -> [chair (Top): 3%]
frame_000463,-1.0,0.9951,83.9171,4.45,89.3636,-1,0.0, -> [background only]
frame_000464,-1.0,0.927,84.4786,4.2961,89.7034,-1,0.0, -> [chair (Top-Right): 1%]
frame_000465,-1.0,0.9575,84.2255,5.7219,90.9066,-1,0.0, -> [background only]
frame_000466,-1.0,1.3328,86.1846,4.0916,91.6104,-1,0.0, -> [background only]
frame_000467,-1.0,1.0389,85.0415,4.1581,90.2399,-1,0.0, -> [background only]
frame_000468,-1.0,1.045,86.0486,3.9284,91.0233,-1,0.0, -> [background only]
frame_000469,-1.0,1.0358,88.9985,3.9972,94.0329,-1,0.0, -> [background only]
frame_000470,-1.0,0.9858,87.1245,4.1312,92.243,-1,0.0, -> [aeroplane (Right): 4%]
frame_000471,-1.0,1.0558,85.7815,4.0528,90.8914,-1,0.0, -> [aeroplane (Right): 3%]
frame_000472,-1.0,1.028,89.2238,3.92,94.1731,-1,0.0, -> [aeroplane (Right): 2%]
frame_000473,-1.0,1.0721,87.6044,4.0895,92.7673,-1,0.0, -> [background only]
frame_000474,-1.0,1.0195,85.7202,3.9481,90.6891,-1,0.0, -> [background only]
frame_000475,-1.0,1.0335,87.6265,4.1507,92.8124,-1,0.0, -> [background only]
frame_000476,-1.0,1.0408,85.6011,4.0666,90.7102,-1,0.0, -> [background only]
frame_000477,-1.0,1.0204,87.1443,4.0129,92.179,-1,0.0, -> [background only]
frame_000478,-1.0,1.0792,89.0162,4.1772,94.2742,-1,0.0, -> [background only]
frame_000479,-1.0,1.043,86.1182,4.0012,91.1639,-1,0.0, -> [background only]
frame_000480,-1.0,1.0353,85.4351,3.9891,90.461,-1,0.0, -> [background only]
frame_000481,-1.0,1.0059,88.696,4.0747,93.7785,-1,0.0, -> [background only]
frame_000482,-1.0,1.0833,87.2602,4.0403,92.3852,-1,0.0, -> [background only]
frame_000483,-1.0,1.0331,90.1593,4.0041,95.1979,-1,0.0, -> [background only]
frame_000484,-1.0,1.0502,87.3891,4.1342,92.5749,-1,0.0, -> [background only]
frame_000485,-1.0,1.0609,86.3198,4.1123,91.4948,-1,0.0, -> [background only]
frame_000486,-1.0,1.1121,87.0623,3.97,92.1457,-1,0.0, -> [background only]
frame_000487,-1.0,1.0998,87.0247,3.9976,92.1234,-1,0.0, -> [background only]
frame_000488,-1.0,1.0548,86.0073,4.0198,91.0833,-1,0.0, -> [background only]
frame_000489,-1.0,0.9822,86.3057,4.0192,91.3087,-1,0.0, -> [background only]
frame_000490,-1.0,1.0829,85.7006,4.1371,90.9223,-1,0.0, -> [background only]
frame_000491,-1.0,1.1103,85.9536,4.0113,91.0766,-1,0.0, -> [background only]
frame_000492,-1.0,1.0354,87.8636,3.9161,92.8165,-1,0.0, -> [background only]
frame_000493,-1.0,1.0083,87.1793,4.1645,92.3535,-1,0.0, -> [background only]
frame_000494,-1.0,1.0975,87.8194,4.0282,92.9464,-1,0.0, -> [background only]
frame_000495,-1.0,1.0502,87.0742,4.0364,92.1621,-1,0.0, -> [background only]
frame_000496,-1.0,1.0401,86.7322,4.0069,91.7806,-1,0.0, -> [background only]
frame_000497,-1.0,1.136,87.6728,3.9131,92.7234,-1,0.0, -> [background only]
frame_000498,-1.0,1.0917,86.5725,3.9196,91.5852,-1,0.0, -> [background only]
frame_000499,-1.0,1.028,87.0107,4.0366,92.0767,-1,0.0, -> [background only]
frame_000500,-1.0,1.047,87.261,4.1783,92.4878,-1,0.0, -> [background only]
frame_000501,-1.0,1.0456,86.8157,4.017,91.8798,-1,0.0, -> [background only]
frame_000502,-1.0,1.0369,86.8935,4.1141,92.0459,-1,0.0, -> [background only]
frame_000503,-1.0,1.009,86.6047,3.8633,91.4785,-1,0.0, -> [background only]
frame_000504,-1.0,1.0346,85.4621,3.8748,90.3729,-1,0.0, -> [background only]
frame_000505,-1.0,1.0219,86.7887,4.1086,91.9207,-1,0.0, -> [background only]
frame_000506,-1.0,1.0834,88.046,4.0269,93.1577,-1,0.0, -> [background only]
frame_000507,-1.0,1.1106,86.3927,4.095,91.5996,-1,0.0, -> [background only]
frame_000508,-1.0,1.1008,87.2977,4.106,92.5057,-1,0.0, -> [background only]
frame_000509,-1.0,1.0734,88.627,3.9586,93.6603,-1,0.0, -> [background only]
frame_000510,-1.0,1.0261,86.1699,4.1019,91.2993,-1,0.0, -> [background only]
frame_000511,-1.0,1.0143,86.8411,3.8938,91.7506,-1,0.0, -> [background only]
frame_000512,-1.0,1.0133,85.9629,4.2532,91.231,-1,0.0, -> [background only]
frame_000513,-1.0,1.1867,86.303,4.1372,91.6283,-1,0.0, -> [background only]
frame_000514,-1.0,1.0122,85.9676,4.0283,91.0096,-1,0.0, -> [background only]
frame_000515,-1.0,1.0366,86.6568,4.2705,91.9654,-1,0.0, -> [background only]
frame_000516,-1.0,1.1263,85.8714,4.0344,91.0334,-1,0.0, -> [background only]
frame_000517,-1.0,1.0734,86.1578,3.7912,91.0236,-1,0.0, -> [background only]
frame_000518,-1.0,1.021,88.3658,4.2466,93.6347,-1,0.0, -> [background only]
frame_000519,-1.0,2.6395,86.749,4.1891,93.5791,-1,0.0, -> [background only]
frame_000520,-1.0,1.0248,85.7027,3.9866,90.7157,-1,0.0, -> [background only]
frame_000521,-1.0,1.0821,90.138,4.1828,95.4043,-1,0.0, -> [background only]
frame_000522,-1.0,1.063,87.5633,4.0108,92.6389,-1,0.0, -> [background only]
frame_000523,-1.0,1.1077,86.6248,4.0911,91.8252,-1,0.0, -> [background only]
frame_000524,-1.0,1.0427,86.1617,4.1378,91.3438,-1,0.0, -> [background only]
frame_000525,-1.0,1.1033,88.2646,4.1056,93.475,-1,0.0, -> [background only]
frame_000526,-1.0,1.0262,87.1727,3.963,92.1633,-1,0.0, -> [background only]
frame_000527,-1.0,1.118,87.5124,4.1927,92.8246,-1,0.0, -> [background only]
frame_000528,-1.0,1.0735,87.6653,4.1123,92.8525,-1,0.0, -> [background only]
frame_000529,-1.0,1.0545,86.8724,4.0186,91.9469,-1,0.0, -> [background only]
frame_000530,-1.0,1.0566,86.8864,4.0012,91.9454,-1,0.0, -> [background only]
frame_000531,-1.0,1.0086,86.7336,4.2184,91.9619,-1,0.0, -> [background only]
frame_000532,-1.0,1.0661,85.585,4.0756,90.7283,-1,0.0, -> [background only]
frame_000533,-1.0,1.0844,86.4157,4.2256,91.727,-1,0.0, -> [background only]
frame_000534,-1.0,1.0387,87.0541,4.0072,92.1014,-1,0.0, -> [background only]
frame_000535,-1.0,1.0691,85.2227,3.9997,90.2927,-1,0.0, -> [background only]
frame_000536,-1.0,1.0067,87.0335,4.0477,92.0894,-1,0.0, -> [background only]
frame_000537,-1.0,1.0099,90.0075,3.8292,94.8479,-1,0.0, -> [background only]
frame_000538,-1.0,1.0487,85.7457,4.0921,90.8881,-1,0.0, -> [background only]
frame_000539,-1.0,1.008,86.165,4.0939,91.2682,-1,0.0, -> [background only]
frame_000540,-1.0,1.064,89.6271,3.9625,94.6551,-1,0.0, -> [background only]
frame_000541,-1.0,1.0597,86.2484,4.0563,91.3657,-1,0.0, -> [background only]
frame_000542,-1.0,1.029,87.146,3.9073,92.0834,-1,0.0, -> [background only]
frame_000543,-1.0,1.0563,89.132,4.0994,94.2891,-1,0.0, -> [background only]
frame_000544,-1.0,1.0894,85.5,4.0,90.5907,-1,0.0, -> [background only]
frame_000545,-1.0,1.0635,88.0633,4.0002,93.1282,-1,0.0, -> [background only]
frame_000546,-1.0,1.052,87.8662,4.0229,92.9425,-1,0.0, -> [background only]
frame_000547,-1.0,1.0591,86.2294,4.1694,91.4597,-1,0.0, -> [background only]
frame_000548,-1.0,1.0415,86.675,3.9375,91.6553,-1,0.0, -> [background only]
frame_000549,-1.0,1.058,87.8114,4.0653,92.9363,-1,0.0, -> [background only]
frame_000550,-1.0,2.0141,86.1366,3.9038,92.0559,-1,0.0, -> [background only]
frame_000551,-1.0,1.0145,85.9175,4.0296,90.963,-1,0.0, -> [background only]
frame_000552,-1.0,1.0169,86.5738,4.1763,91.7683,-1,0.0, -> [background only]
frame_000553,-1.0,2.667,85.6925,4.0194,92.3802,-1,0.0, -> [background only]
frame_000554,-1.0,1.0557,87.2471,4.0828,92.3867,-1,0.0, -> [background only]
frame_000555,-1.0,1.0706,86.6926,4.0555,91.8199,-1,0.0, -> [background only]
frame_000556,-1.0,3.2602,86.0249,3.6245,92.9111,-1,0.0, -> [background only]
frame_000557,-1.0,1.034,85.9758,4.2222,91.2337,-1,0.0, -> [background only]
frame_000558,-1.0,0.9902,83.7063,4.1928,88.8909,-1,0.0, -> [background only]
frame_000559,-1.0,0.9784,86.2516,4.2727,91.5041,-1,0.0, -> [background only]
frame_000560,-1.0,0.9608,84.0913,4.2122,89.2657,-1,0.0, -> [background only]
frame_000561,-1.0,0.9894,84.8227,4.2717,90.0854,-1,0.0, -> [background only]
frame_000562,-1.0,0.9267,86.4616,4.2717,91.6616,-1,0.0, -> [background only]
frame_000563,-1.0,0.9676,83.9143,4.195,89.0788,-1,0.0, -> [background only]
frame_000564,-1.0,0.9257,84.774,4.1492,89.8504,-1,0.0, -> [background only]
frame_000565,-1.0,0.9939,85.3725,3.9982,90.3662,-1,0.0, -> [background only]
frame_000566,-1.0,0.9182,86.257,4.1895,91.3661,-1,0.0, -> [background only]
frame_000567,-1.0,0.9535,84.8215,4.23,90.0064,-1,0.0, -> [background only]
frame_000568,-1.0,0.9306,84.4996,4.2417,89.6737,-1,0.0, -> [background only]
frame_000569,-1.0,0.9211,86.269,4.2673,91.4592,-1,0.0, -> [background only]
frame_000570,-1.0,0.9698,83.4825,4.2368,88.6906,-1,0.0, -> [background only]
frame_000571,-1.0,0.9108,84.9226,4.0366,89.8716,-1,0.0, -> [background only]
frame_000572,-1.0,0.9741,85.7364,4.2107,90.9227,-1,0.0, -> [background only]
frame_000573,-1.0,0.9258,85.2175,4.1186,90.2635,-1,0.0, -> [background only]
frame_000574,-1.0,0.9379,84.6845,4.1303,89.7542,-1,0.0, -> [background only]
frame_000575,-1.0,0.9362,86.5316,4.4157,91.8848,-1,0.0, -> [background only]
frame_000576,-1.0,0.9472,88.6906,4.1928,93.8323,-1,0.0, -> [background only]
frame_000577,-1.0,1.0778,88.209,4.1136,93.402,-1,0.0, -> [background only]
frame_000578,-1.0,0.997,87.6116,3.9905,92.6007,-1,0.0, -> [background only]
frame_000579,-1.0,1.0895,90.4242,4.1778,95.6929,-1,0.0, -> [background only]
frame_000580,-1.0,1.0687,87.755,4.1422,92.9673,-1,0.0, -> [background only]
frame_000581,-1.0,0.9343,86.3171,3.898,91.1509,-1,0.0, -> [background only]
frame_000582,-1.0,0.9796,88.4404,4.2888,93.7105,-1,0.0, -> [background only]
frame_000583,-1.0,0.9265,85.815,4.3541,91.0971,-1,0.0, -> [background only]
frame_000584,-1.0,0.9206,86.3097,3.9832,91.2152,-1,0.0, -> [background only]
frame_000585,-1.0,0.9528,86.5385,4.2905,91.7834,-1,0.0, -> [background only]
frame_000586,-1.0,0.9909,85.0512,4.2428,90.2864,-1,0.0, -> [background only]
frame_000587,-1.0,0.9428,85.9556,4.0354,90.9352,-1,0.0, -> [background only]
frame_000588,-1.0,0.9143,87.0242,4.3861,92.326,-1,0.0, -> [background only]
frame_000589,-1.0,1.0381,86.1233,4.1757,91.3391,-1,0.0, -> [background only]
frame_000590,-1.0,0.9425,85.9139,4.4114,91.2696,-1,0.0, -> [background only]
frame_000591,-1.0,0.9131,86.4207,4.3036,91.6389,-1,0.0, -> [background only]
frame_000592,-1.0,1.0297,86.4922,4.2126,91.736,-1,0.0, -> [background only]
frame_000593,-1.0,0.8986,85.5899,4.1319,90.6218,-1,0.0, -> [background only]
frame_000594,-1.0,0.9992,85.4849,4.0344,90.5201,-1,0.0, -> [background only]
frame_000595,-1.0,0.9482,87.627,4.2761,92.8528,-1,0.0, -> [background only]
frame_000596,-1.0,0.9149,85.2661,4.0659,90.2486,-1,0.0, -> [background only]
frame_000597,-1.0,1.0147,86.3516,4.1061,91.474,-1,0.0, -> [background only]
frame_000598,-1.0,0.9572,87.2798,4.0467,92.2851,-1,0.0, -> [background only]
frame_000599,-1.0,1.0056,86.7391,4.369,92.1153,-1,0.0, -> [background only]
frame_000600,-1.0,0.9196,85.65,4.1653,90.7367,-1,0.0, -> [background only]
frame_000601,-1.0,1.0043,86.8463,4.4791,92.3312,-1,0.0, -> [background only]
frame_000602,-1.0,1.0327,86.3046,4.5354,91.8742,-1,0.0, -> [background only]
frame_000603,-1.0,0.9079,86.4899,4.2725,91.6717,-1,0.0, -> [background only]
frame_000604,-1.0,0.9121,87.0713,4.2079,92.1928,-1,0.0, -> [background only]
frame_000605,-1.0,1.03,85.6402,4.0599,90.7319,-1,0.0, -> [background only]
frame_000606,-1.0,0.9476,85.8858,4.2729,91.1078,-1,0.0, -> [background only]
frame_000607,-1.0,0.9309,85.7044,4.513,91.1496,-1,0.0, -> [background only]
frame_000608,-1.0,1.0525,85.5531,4.3564,90.9637,-1,0.0, -> [background only]
frame_000609,-1.0,0.926,85.3741,4.4115,90.713,-1,0.0, -> [background only]
frame_000610,-1.0,0.9778,86.2137,4.2402,91.4332,-1,0.0, -> [background only]
frame_000611,-1.0,0.9296,87.9775,4.1919,93.1003,-1,0.0, -> [background only]
frame_000612,-1.0,0.9371,84.8582,4.3175,90.1141,-1,0.0, -> [background only]
frame_000613,-1.0,0.9683,85.7482,4.2778,90.9958,-1,0.0, -> [background only]
frame_000614,-1.0,0.9896,85.9858,3.9333,90.9105,-1,0.0, -> [background only]
frame_000615,-1.0,0.9732,85.4451,4.296,90.7163,-1,0.0, -> [background only]
frame_000616,-1.0,0.9136,86.3713,4.1589,91.4456,-1,0.0, -> [background only]
frame_000617,-1.0,0.9296,86.7018,4.112,91.7452,-1,0.0, -> [background only]
frame_000618,-1.0,0.9824,86.0046,4.2014,91.1901,-1,0.0, -> [background only]
frame_000619,-1.0,0.9088,86.2277,4.0175,91.1554,-1,0.0, -> [background only]
frame_000620,-1.0,0.9196,85.9751,4.1085,91.0047,-1,0.0, -> [background only]
frame_000621,-1.0,1.0173,84.5227,4.1418,89.6833,-1,0.0, -> [background only]
frame_000622,-1.0,0.9197,86.633,4.2071,91.7612,-1,0.0, -> [background only]
frame_000623,-1.0,0.9163,85.6889,4.2958,90.9024,-1,0.0, -> [background only]
frame_000624,-1.0,0.9376,87.3637,4.1547,92.4576,-1,0.0, -> [background only]
frame_000625,-1.0,0.9173,87.3812,4.2679,92.5682,-1,0.0, -> [background only]
frame_000626,-1.0,0.9734,85.0371,4.3378,90.3502,-1,0.0, -> [background only]
frame_000627,-1.0,0.9574,86.835,4.1663,91.96,-1,0.0, -> [background only]
frame_000628,-1.0,0.9582,85.5299,4.0773,90.5672,-1,0.0, -> [background only]
frame_000629,-1.0,0.9734,84.9678,4.1724,90.1151,-1,0.0, -> [background only]
frame_000630,-1.0,1.0011,86.0462,4.4438,91.4927,-1,0.0, -> [background only]
frame_000631,-1.0,1.0324,84.7978,4.3762,90.2083,-1,0.0, -> [background only]
frame_000632,-1.0,0.9379,85.6782,4.1203,90.7378,-1,0.0, -> [background only]
frame_000633,-1.0,0.9513,85.9564,4.3745,91.2838,-1,0.0, -> [background only]
frame_000634,-1.0,0.9207,88.0344,4.1833,93.1401,-1,0.0, -> [background only]
frame_000635,-1.0,0.9673,86.4823,4.1867,91.638,-1,0.0, -> [background only]
frame_000636,-1.0,0.9064,86.0558,4.2118,91.1755,-1,0.0, -> [background only]
frame_000637,-1.0,0.9209,86.7732,3.8823,91.5782,-1,0.0, -> [background only]
frame_000638,-1.0,0.9221,85.512,4.0634,90.4989,-1,0.0, -> [background only]
frame_000639,-1.0,0.9442,85.6084,4.2111,90.7654,-1,0.0, -> [background only]
frame_000640,-1.0,0.9091,85.8994,3.8185,90.6286,-1,0.0, -> [background only]
frame_000641,-1.0,0.9263,84.639,4.3538,89.9207,-1,0.0, -> [background only]
frame_000642,-1.0,0.9552,85.0319,4.1969,90.1854,-1,0.0, -> [background only]
frame_000643,-1.0,0.9372,87.904,4.3312,93.1739,-1,0.0, -> [background only]
frame_000644,-1.0,0.8892,84.8796,4.3786,90.1489,-1,0.0, -> [background only]
frame_000645,-1.0,0.9121,85.102,4.2171,90.2327,-1,0.0, -> [background only]
frame_000646,-1.0,0.9428,85.997,4.5739,91.5156,-1,0.0, -> [background only]
frame_000647,-1.0,1.0438,85.0662,4.2685,90.3803,-1,0.0, -> [background only]
frame_000648,-1.0,0.9429,87.031,4.3,92.2757,-1,0.0, -> [background only]
frame_000649,-1.0,0.9036,86.4119,4.3292,91.6467,-1,0.0, -> [background only]
frame_000650,-1.0,2.96,86.4606,4.1944,93.6165,-1,0.0, -> [background only]
frame_000651,-1.0,0.953,86.2427,4.2211,91.4187,-1,0.0, -> [background only]
frame_000652,-1.0,0.9407,85.3105,4.3253,90.578,-1,0.0, -> [background only]
frame_000653,-1.0,0.9146,86.8962,4.1423,91.9549,-1,0.0, -> [background only]
frame_000654,-1.0,0.9342,86.3777,4.3189,91.6323,-1,0.0, -> [background only]
frame_000655,-1.0,0.9437,85.6161,4.4162,90.9777,-1,0.0, -> [background only]
frame_000656,-1.0,0.9643,87.4674,4.1936,92.6267,-1,0.0, -> [background only]
frame_000657,-1.0,1.0344,85.3753,4.1713,90.5824,-1,0.0, -> [background only]
frame_000658,-1.0,0.9556,87.97,4.1962,93.1238,-1,0.0, -> [background only]
frame_000659,-1.0,0.9061,87.3049,4.2023,92.4147,-1,0.0, -> [background only]
frame_000660,-1.0,1.0576,85.4673,4.2588,90.785,-1,0.0, -> [background only]
frame_000661,-1.0,0.9384,87.2684,4.1314,92.3399,-1,0.0, -> [background only]
frame_000662,-1.0,0.9357,86.2251,4.3323,91.4953,-1,0.0, -> [background only]
frame_000663,-1.0,1.0917,85.5011,4.198,90.7923,-1,0.0, -> [background only]
frame_000664,-1.0,0.9724,86.6729,4.2115,91.8587,-1,0.0, -> [background only]
frame_000665,-1.0,0.9539,86.2326,5.4706,92.6588,-1,0.0, -> [background only]
frame_000666,-1.0,1.1128,84.9463,4.1682,90.2288,-1,0.0, -> [background only]
frame_000667,-1.0,0.9648,85.838,4.329,91.1335,-1,0.0, -> [background only]
frame_000668,-1.0,0.9111,86.563,4.4881,91.9636,-1,0.0, -> [background only]
frame_000669,-1.0,0.9256,89.8217,4.3615,95.1102,-1,0.0, -> [background only]
frame_000670,-1.0,0.913,86.9164,4.2435,92.0744,-1,0.0, -> [background only]
frame_000671,-1.0,0.931,85.7743,4.3283,91.0354,-1,0.0, -> [background only]
frame_000672,-1.0,0.9445,86.4973,4.2054,91.649,-1,0.0, -> [background only]
frame_000673,-1.0,0.9382,86.9407,4.2997,92.18,-1,0.0, -> [background only]
frame_000674,-1.0,0.9002,86.3657,4.3682,91.6359,-1,0.0, -> [background only]
frame_000675,-1.0,0.9636,86.3802,4.3281,91.6737,-1,0.0, -> [background only]
frame_000676,-1.0,0.9615,86.473,4.1744,91.6106,-1,0.0, -> [background only]
frame_000677,-1.0,0.9352,85.9307,4.2813,91.1488,-1,0.0, -> [background only]
frame_000678,-1.0,0.9115,88.4287,4.2263,93.568,-1,0.0, -> [background only]
frame_000679,-1.0,0.9852,85.7563,4.4108,91.1536,-1,0.0, -> [background only]
frame_000680,-1.0,0.9581,85.258,4.4245,90.6423,-1,0.0, -> [background only]
frame_000681,-1.0,0.9637,87.9494,4.1188,93.0335,-1,0.0, -> [background only]
frame_000682,-1.0,0.981,85.1989,4.2248,90.4063,-1,0.0, -> [background only]
frame_000683,-1.0,0.9185,85.2748,4.1846,90.3796,-1,0.0, -> [background only]
frame_000684,-1.0,0.91,86.5358,4.0387,91.4862,-1,0.0, -> [background only]
frame_000685,-1.0,1.0685,85.6048,4.3575,91.0323,-1,0.0, -> [background only]
frame_000686,-1.0,0.9412,86.4901,4.2539,91.687,-1,0.0, -> [background only]
frame_000687,-1.0,0.9397,85.2027,4.327,90.4711,-1,0.0, -> [background only]
frame_000688,-1.0,0.9046,87.6703,4.1549,92.7312,-1,0.0, -> [background only]
frame_000689,-1.0,0.9341,85.3848,4.113,90.4337,-1,0.0, -> [background only]
frame_000690,-1.0,0.9146,86.2402,4.2039,91.3605,-1,0.0, -> [background only]
frame_000691,-1.0,0.9114,87.2654,4.2341,92.4123,-1,0.0, -> [background only]
frame_000692,-1.0,0.9046,85.2751,4.2424,90.4238,-1,0.0, -> [background only]
frame_000693,-1.0,0.8846,88.3889,4.3632,93.6383,-1,0.0, -> [background only]
frame_000694,-1.0,0.9791,86.8689,4.2647,92.1141,-1,0.0, -> [background only]
frame_000695,-1.0,0.909,85.8638,4.1844,90.9591,-1,0.0, -> [background only]
frame_000696,-1.0,0.9584,85.8938,4.0598,90.9136,-1,0.0, -> [background only]
frame_000697,-1.0,0.9237,85.5084,4.2637,90.6975,-1,0.0, -> [background only]
frame_000698,-1.0,0.9113,87.3335,4.1134,92.3596,-1,0.0, -> [background only]
frame_000699,-1.0,0.95,86.6163,4.3047,91.8727,-1,0.0, -> [background only]
frame_000700,-1.0,0.9412,86.1561,4.1974,91.2962,-1,0.0, -> [background only]
frame_000701,-1.0,0.9434,88.0374,4.4067,93.389,-1,0.0, -> [background only]
frame_000702,-1.0,0.8731,86.0734,4.268,91.216,-1,0.0, -> [background only]
frame_000703,-1.0,0.9917,85.7342,4.1451,90.8727,-1,0.0, -> [background only]
frame_000704,-1.0,1.0143,87.3578,4.3349,92.7084,-1,0.0, -> [background only]
frame_000705,-1.0,0.9311,84.3653,3.9961,89.2944,-1,0.0, -> [background only]
frame_000706,-1.0,0.9339,85.1451,4.3945,90.4747,-1,0.0, -> [background only]
frame_000707,-1.0,0.9588,86.1178,3.892,90.9705,-1,0.0, -> [background only]
frame_000708,-1.0,0.9972,84.8765,4.3652,90.2403,-1,0.0, -> [background only]
frame_000709,-1.0,0.9747,85.5828,4.2446,90.8038,-1,0.0, -> [background only]
frame_000710,-1.0,0.9271,86.4535,4.6499,92.0325,-1,0.0, -> [background only]
frame_000711,-1.0,1.0454,84.9179,4.3,90.2649,-1,0.0, -> [background only]
frame_000712,-1.0,0.9533,86.2616,4.1247,91.3412,-1,0.0, -> [background only]
frame_000713,-1.0,0.9828,86.6184,3.9091,91.512,-1,0.0, -> [background only]
frame_000714,-1.0,1.0398,88.3411,4.2907,93.6731,-1,0.0, -> [background only]
frame_000715,-1.0,0.9605,85.7409,4.4905,91.1934,-1,0.0, -> [background only]
frame_000716,-1.0,0.9697,87.9378,4.1549,93.0638,-1,0.0, -> [background only]
frame_000717,-1.0,0.8998,87.2803,4.2317,92.4133,-1,0.0, -> [background only]
frame_000718,-1.0,0.9578,84.3941,4.3809,89.7343,-1,0.0, -> [background only]
frame_000719,-1.0,0.9293,85.7249,4.2872,90.9429,-1,0.0, -> [background only]
frame_000720,-1.0,0.9539,87.3992,4.0211,92.3757,-1,0.0, -> [background only]
frame_000721,-1.0,0.9567,85.432,4.395,90.7852,-1,0.0, -> [background only]
frame_000722,-1.0,0.9318,85.6054,4.1367,90.6755,-1,0.0, -> [background only]
frame_000723,-1.0,0.9977,87.9617,4.1974,93.1584,-1,0.0, -> [background only]
frame_000724,-1.0,1.0102,84.6166,4.1369,89.765,-1,0.0, -> [background only]
frame_000725,-1.0,0.9726,85.5741,4.048,90.5962,-1,0.0, -> [background only]
frame_000726,-1.0,0.9383,86.2986,4.2775,91.5158,-1,0.0, -> [background only]
frame_000727,-1.0,0.9242,86.5023,4.3026,91.7308,-1,0.0, -> [background only]
frame_000728,-1.0,0.9607,85.8357,4.1421,90.94,-1,0.0, -> [background only]
frame_000729,-1.0,0.9886,85.9949,4.2752,91.2603,-1,0.0, -> [background only]
frame_000730,-1.0,1.0391,87.0841,4.3067,92.4314,-1,0.0, -> [background only]
frame_000731,-1.0,0.8812,86.1511,4.0516,91.0856,-1,0.0, -> [background only]
frame_000732,-1.0,0.9956,85.7341,4.18,90.9115,-1,0.0, -> [background only]
frame_000733,-1.0,0.9244,86.7294,4.1581,91.8137,-1,0.0, -> [background only]
frame_000734,-1.0,0.9517,85.5514,4.1175,90.6223,-1,0.0, -> [background only]
frame_000735,-1.0,0.9569,86.5815,4.3494,91.8894,-1,0.0, -> [background only]
frame_000736,-1.0,0.9423,87.3298,3.9933,92.2667,-1,0.0, -> [background only]
frame_000737,-1.0,0.946,84.9854,3.8421,89.775,-1,0.0, -> [background only]
frame_000738,-1.0,0.9595,85.6061,4.2359,90.8029,-1,0.0, -> [background only]
frame_000739,-1.0,0.9097,84.5125,4.5395,89.9636,-1,0.0, -> [background only]
frame_000740,-1.0,1.0162,85.2081,4.2827,90.5084,-1,0.0, -> [background only]
frame_000741,-1.0,0.9393,86.4514,3.967,91.3593,-1,0.0, -> [background only]
frame_000742,-1.0,0.939,86.5254,4.1338,91.5996,-1,0.0, -> [background only]
frame_000743,-1.0,1.0163,86.9002,4.2839,92.2019,-1,0.0, -> [background only]
frame_000744,-1.0,0.9245,84.7209,4.3659,90.0128,-1,0.0, -> [background only]
frame_000745,-1.0,0.9487,86.1525,4.3261,91.4289,-1,0.0, -> [background only]
frame_000746,-1.0,0.9814,86.5557,4.4372,91.9758,-1,0.0, -> [background only]
frame_000747,-1.0,0.9353,83.9355,4.506,89.3784,-1,0.0, -> [bicycle (Right): 12%]
frame_000748,-1.0,0.9271,85.3776,4.3352,90.6412,-1,0.0, -> [bicycle (Right): 7%]
frame_000749,-1.0,0.9606,87.5312,4.4448,92.9381,-1,0.0, -> [bicycle (Right): 10%]
frame_000750,-1.0,0.9667,84.8054,4.4232,90.1971,-1,0.0, -> [chair (Right): 8%]
frame_000751,-1.0,0.9109,85.8121,4.2765,91.001,-1,0.0, -> [chair (Right): 13%]
frame_000752,-1.0,0.9469,86.1716,4.3833,91.5036,-1,0.0, -> [chair (Right): 17%]
frame_000753,-1.0,1.0473,86.0742,4.449,91.5722,-1,0.0, -> [chair (Center): 8%]
frame_000754,-1.0,0.9349,86.9351,4.4357,92.3072,-1,0.0, -> [chair (Top): 9%]
frame_000755,-1.0,0.9763,86.9044,4.3061,92.1884,-1,0.0, -> [chair (Center): 24%]
frame_000756,-1.0,0.9195,87.8798,4.3412,93.1422,-1,0.0, -> [chair (Top): 21%]
frame_000757,-1.0,0.94,86.0072,4.3318,91.2806,-1,0.0, -> [chair (Top): 13%]
frame_000758,-1.0,0.9431,86.1735,4.3012,91.4196,-1,0.0, -> [background only]
frame_000759,-1.0,1.1552,86.4297,4.369,91.9556,-1,0.0, -> [chair (Top): 24%]
frame_000760,-1.0,0.9436,84.7877,4.351,90.0839,-1,0.0, -> [chair (Top): 25%]
frame_000761,-1.0,0.9844,85.6471,4.4333,91.0661,-1,0.0, -> [chair (Top): 9%]
frame_000762,-1.0,0.9511,86.1646,4.5439,91.661,-1,0.0, -> [aeroplane (Top): 5%]
frame_000763,-1.0,0.9497,84.9729,4.2789,90.2032,-1,0.0, -> [background only]
frame_000764,-1.0,0.9379,85.2524,4.0109,90.2028,-1,0.0, -> [background only]
frame_000765,-1.0,0.9192,86.2564,4.446,91.6235,-1,0.0, -> [background only]
frame_000766,-1.0,1.1605,85.0232,4.317,90.5026,-1,0.0, -> [bicycle (Top): 12%]
frame_000767,-1.0,0.9522,85.4441,4.409,90.8068,-1,0.0, -> [bicycle (Top): 18%]
frame_000768,-1.0,0.9426,85.3973,4.3729,90.7142,-1,0.0, -> [bicycle (Top): 39%]
frame_000769,-1.0,0.9312,87.0853,4.5728,92.5908,-1,0.0, -> [bicycle (Top-Left): 24%]
frame_000770,-1.0,0.9431,84.9067,4.4889,90.3401,-1,0.0," -> [bicycle (Top-Left): 8%, chair (Center): 35%]"
frame_000771,-1.0,0.9415,85.2145,4.4969,90.6541,-1,0.0, -> [chair (Center): 31%]
frame_000772,-1.0,0.9194,86.9166,4.4241,92.2616,-1,0.0, -> [chair (Center): 58%]
frame_000773,-1.0,0.9233,84.4465,4.3111,89.6826,-1,0.0, -> [background only]
frame_000774,-1.0,0.9171,85.0864,4.4552,90.4602,-1,0.0, -> [background only]
frame_000775,-1.0,0.8797,90.0215,4.1057,95.0084,-1,0.0, -> [background only]
frame_000776,-1.0,1.0516,85.0836,4.2068,90.3436,-1,0.0, -> [background only]
frame_000777,-1.0,0.9398,84.8713,3.9481,89.7609,-1,0.0, -> [background only]
frame_000778,-1.0,0.9467,86.2767,4.3784,91.6037,-1,0.0, -> [chair (Center): 15%]
frame_000779,-1.0,2.6726,84.0204,4.444,91.1385,-1,0.0, -> [chair (Center): 17%]
frame_000780,-1.0,0.931,84.9165,4.5154,90.3644,-1,0.0, -> [chair (Right): 9%]
frame_000781,-1.0,0.9196,85.9322,4.6288,91.482,-1,0.0, -> [chair (Right): 16%]
frame_000782,-1.0,0.9601,85.4971,4.3903,90.8486,-1,0.0," -> [chair (Right): 21%, person (Top-Left): 1%]"
frame_000783,-1.0,0.9306,85.7389,4.629,91.3,-1,0.0, -> [chair (Right): 25%]
frame_000784,-1.0,0.9908,85.7,4.3843,91.0769,-1,0.0, -> [chair (Right): 28%]
frame_000785,-1.0,0.9067,86.7874,4.3337,92.029,-1,0.0, -> [chair (Right): 27%]
frame_000786,-1.0,0.9702,85.3868,4.3837,90.7421,-1,0.0, -> [chair (Center): 27%]
frame_000787,-1.0,0.9394,86.0275,4.4564,91.4248,-1,0.0, -> [chair (Center): 20%]
frame_000788,-1.0,0.9893,85.7652,4.8092,91.5656,-1,0.0, -> [chair (Center): 15%]
frame_000789,-1.0,1.0276,85.5623,4.1426,90.734,-1,0.0, -> [chair (Center): 20%]
frame_000790,-1.0,0.9436,85.4876,4.4392,90.8716,-1,0.0," -> [bicycle (Bottom-Right): 2%, chair (Left): 8%]"
frame_000791,-1.0,0.8955,86.333,4.4997,91.7295,-1,0.0, -> [chair (Left): 12%]
frame_000792,-1.0,0.911,87.7342,4.3454,92.9921,-1,0.0, -> [chair (Left): 16%]
frame_000793,-1.0,0.9493,85.3266,3.9947,90.2721,-1,0.0, -> [chair (Left): 14%]
frame_000794,-1.0,0.9791,86.4704,4.322,91.7727,-1,0.0, -> [chair (Left): 13%]
frame_000795,-1.0,0.9539,86.6725,4.506,92.1339,-1,0.0, -> [chair (Left): 4%]
frame_000796,-1.0,0.9545,84.9197,4.2924,90.1683,-1,0.0, -> [bicycle (Bottom): 2%]
frame_000797,-1.0,0.9261,85.9731,4.2065,91.1073,-1,0.0, -> [chair (Left): 1%]
frame_000798,-1.0,0.9149,87.5944,4.0842,92.5952,-1,0.0, -> [background only]
frame_000799,-1.0,0.9783,84.8578,4.2992,90.1368,-1,0.0, -> [background only]
frame_000800,-1.0,0.9017,86.0919,4.2859,91.2813,-1,0.0, -> [background only]
frame_000801,-1.0,0.9444,85.5174,5.3637,91.8273,-1,0.0, -> [background only]
frame_000802,-1.0,1.2365,86.429,4.2233,91.8905,-1,0.0, -> [background only]
frame_000803,-1.0,0.9265,85.7841,4.1141,90.8265,-1,0.0, -> [background only]
frame_000804,-1.0,0.9428,85.7255,4.2239,90.8947,-1,0.0, -> [background only]
frame_000805,-1.0,1.284,85.0208,4.1656,90.4724,-1,0.0, -> [background only]
frame_000806,-1.0,0.9193,86.1676,4.3316,91.4204,-1,0.0, -> [background only]
frame_000807,-1.0,0.993,86.1366,4.1156,91.2468,-1,0.0, -> [background only]
frame_000808,-1.0,0.9369,85.9115,4.1307,90.9808,-1,0.0, -> [background only]
frame_000809,-1.0,0.9039,84.2742,4.1998,89.3794,-1,0.0, -> [background only]
frame_000810,-1.0,0.9907,85.6015,3.8794,90.4733,-1,0.0, -> [background only]
frame_000811,-1.0,0.9437,89.0971,4.2302,94.2723,-1,0.0, -> [motorbike (Bottom): 2%]
frame_000812,-1.0,0.986,85.6909,4.444,91.1225,-1,0.0, -> [motorbike (Bottom): 5%]
frame_000813,-1.0,0.9427,85.6096,4.1728,90.7269,-1,0.0, -> [background only]
frame_000814,-1.0,0.9223,87.6704,4.2926,92.8871,-1,0.0, -> [background only]
frame_000815,-1.0,0.998,86.0738,4.361,91.4344,-1,0.0, -> [background only]
frame_000816,-1.0,0.8938,86.2961,4.449,91.6404,-1,0.0, -> [motorbike (Bottom): 2%]
frame_000817,-1.0,0.9618,88.7135,4.2735,93.9501,-1,0.0, -> [tvmonitor (Top-Left): 1%]
frame_000818,-1.0,1.0158,85.9185,4.2812,91.2173,-1,0.0, -> [background only]
frame_000819,-1.0,0.9835,86.8667,4.3883,92.2401,-1,0.0, -> [background only]
frame_000820,-1.0,0.944,86.2294,4.465,91.6398,-1,0.0, -> [motorbike (Bottom): 1%]
frame_000821,-1.0,1.0661,87.0675,4.3172,92.4524,-1,0.0, -> [background only]
frame_000822,-1.0,0.9219,84.9825,4.0205,89.9263,-1,0.0, -> [background only]
frame_000823,-1.0,0.9771,87.0956,4.385,92.4594,-1,0.0, -> [background only]
frame_000824,-1.0,1.0549,86.0685,4.2902,91.4151,-1,0.0, -> [tvmonitor (Top-Left): 1%]
frame_000825,-1.0,0.9868,86.2984,4.0658,91.3527,-1,0.0, -> [background only]
frame_000826,-1.0,0.9296,86.3852,4.0929,91.4092,-1,0.0, -> [background only]
frame_000827,-1.0,1.0047,87.37,4.2257,92.6016,-1,0.0, -> [background only]
frame_000828,-1.0,0.9433,85.2235,4.4479,90.6162,-1,0.0, -> [background only]
frame_000829,-1.0,0.998,85.9676,4.1238,91.0911,-1,0.0, -> [background only]
frame_000830,-1.0,0.9547,86.4919,4.9678,92.4163,-1,0.0, -> [background only]
frame_000831,-1.0,1.0846,84.7593,4.1852,90.0305,-1,0.0, -> [background only]
frame_000832,-1.0,0.9713,86.3293,4.2285,91.5304,-1,0.0, -> [background only]
frame_000833,-1.0,0.9324,87.4073,4.1621,92.5033,-1,0.0, -> [background only]
frame_000834,-1.0,0.9852,84.1402,4.2993,89.426,-1,0.0, -> [background only]
frame_000835,-1.0,0.9359,84.8587,4.1369,89.933,-1,0.0, -> [background only]
frame_000836,-1.0,0.9018,85.4251,4.1325,90.461,-1,0.0, -> [background only]
frame_000837,-1.0,0.9264,86.281,4.3681,91.5772,-1,0.0, -> [background only]
frame_000838,-1.0,0.9462,84.4313,4.3035,89.6824,-1,0.0, -> [background only]
frame_000839,-1.0,0.912,84.9357,4.4099,90.2592,-1,0.0, -> [background only]
frame_000840,-1.0,0.8998,87.1509,4.3398,92.3921,-1,0.0, -> [background only]
frame_000841,-1.0,0.9954,85.0443,4.2986,90.3396,-1,0.0, -> [background only]
frame_000842,-1.0,0.9408,85.5001,4.2195,90.662,-1,0.0, -> [background only]
frame_000843,-1.0,1.0404,88.3058,4.2172,93.5648,-1,0.0, -> [tvmonitor (Top-Left): 1%]
frame_000844,-1.0,0.9744,84.9381,4.4572,90.3713,-1,0.0, -> [background only]
frame_000845,-1.0,1.0397,87.5435,4.2222,92.8069,-1,0.0, -> [background only]
frame_000846,-1.0,0.9402,85.986,4.2984,91.2265,-1,0.0, -> [background only]
frame_000847,-1.0,1.0416,85.4889,4.3394,90.8717,-1,0.0, -> [background only]
frame_000848,-1.0,0.9432,85.3265,4.208,90.4795,-1,0.0, -> [background only]
frame_000849,-1.0,0.9271,85.8883,4.4967,91.3135,-1,0.0, -> [background only]
frame_000850,-1.0,0.914,85.7023,4.2644,90.8822,-1,0.0, -> [background only]
frame_000851,-1.0,0.9161,85.5434,4.2219,90.6831,-1,0.0, -> [background only]
frame_000852,-1.0,0.9798,86.0277,4.3385,91.3474,-1,0.0, -> [background only]
frame_000853,-1.0,0.9823,86.0535,4.0376,91.0749,-1,0.0, -> [background only]
frame_000854,-1.0,0.9375,85.0353,4.1601,90.1345,-1,0.0, -> [background only]
frame_000855,-1.0,0.9488,84.9871,4.2995,90.2369,-1,0.0, -> [background only]
frame_000856,-1.0,0.9354,86.305,4.2497,91.4918,-1,0.0, -> [background only]
frame_000857,-1.0,1.0466,85.7202,4.3279,91.0965,-1,0.0, -> [background only]
frame_000858,-1.0,0.9443,85.0874,4.3155,90.3487,-1,0.0, -> [background only]
frame_000859,-1.0,0.9901,86.4988,4.1907,91.681,-1,0.0, -> [background only]
frame_000860,-1.0,1.0338,87.6051,4.3383,92.9787,-1,0.0, -> [motorbike (Bottom-Left): 1%]
frame_000861,-1.0,0.9145,85.2274,4.5245,90.6678,-1,0.0, -> [motorbike (Bottom): 4%]
frame_000862,-1.0,0.9221,86.3095,4.4512,91.6843,-1,0.0, -> [motorbike (Bottom): 2%]
frame_000863,-1.0,0.953,87.6506,4.307,92.9124,-1,0.0, -> [motorbike (Bottom): 5%]
frame_000864,-1.0,0.8703,84.657,4.2126,89.7414,-1,0.0, -> [background only]
frame_000865,-1.0,0.9165,86.5096,4.2422,91.6699,-1,0.0, -> [chair (Left): 1%]
frame_000866,-1.0,0.9339,86.5938,4.2607,91.7901,-1,0.0, -> [background only]
frame_000867,-1.0,0.947,83.8128,4.3772,89.1386,-1,0.0, -> [background only]
frame_000868,-1.0,0.9051,85.8257,4.15,90.8824,-1,0.0, -> [background only]
frame_000869,-1.0,0.9581,85.8021,4.4564,91.2182,-1,0.0, -> [background only]
frame_000870,-1.0,1.0335,85.701,4.3274,91.0632,-1,0.0, -> [cow (Bottom-Right): 4%]
frame_000871,-1.0,0.9418,86.0973,4.2616,91.3021,-1,0.0, -> [cow (Bottom-Right): 6%]
frame_000872,-1.0,0.9758,85.5258,4.5159,91.0188,-1,0.0, -> [cow (Bottom): 7%]
frame_000873,-1.0,1.0788,85.3129,4.3669,90.7601,-1,0.0, -> [cow (Bottom): 7%]
frame_000874,-1.0,1.0048,85.3522,4.4299,90.7882,-1,0.0, -> [cow (Bottom): 7%]
frame_000875,-1.0,0.9673,84.785,4.2849,90.0385,-1,0.0, -> [cow (Bottom): 7%]
frame_000876,-1.0,0.9595,86.8251,4.4341,92.2204,-1,0.0, -> [cow (Bottom): 6%]
frame_000877,-1.0,0.9312,84.1609,4.4083,89.502,-1,0.0, -> [cow (Bottom): 7%]
frame_000878,-1.0,0.9296,86.9562,4.411,92.2982,-1,0.0, -> [cow (Bottom): 8%]
frame_000879,-1.0,0.9125,87.2344,4.3385,92.4867,-1,0.0, -> [cow (Bottom): 8%]
frame_000880,-1.0,0.9885,84.781,4.478,90.2492,-1,0.0, -> [cow (Bottom): 8%]
frame_000881,-1.0,0.9161,84.4298,4.3649,89.712,-1,0.0, -> [cow (Bottom): 7%]
frame_000882,-1.0,0.9751,85.0395,4.3184,90.3344,-1,0.0, -> [cow (Bottom): 7%]
frame_000883,-1.0,1.0287,84.1072,4.3674,89.5047,-1,0.0, -> [cow (Bottom): 7%]
frame_000884,-1.0,0.8926,85.2938,4.3046,90.4922,-1,0.0, -> [cow (Bottom): 7%]
frame_000885,-1.0,0.9448,85.1395,4.3069,90.3925,-1,0.0, -> [cow (Bottom-Right): 6%]
frame_000886,-1.0,0.9185,85.8652,4.4194,91.2044,-1,0.0, -> [cow (Bottom): 6%]
frame_000887,-1.0,0.9466,85.6221,4.3907,90.961,-1,0.0, -> [cow (Bottom-Right): 6%]
frame_000888,-1.0,0.9302,85.9181,4.1191,90.9686,-1,0.0, -> [cow (Bottom): 7%]
frame_000889,-1.0,0.9269,86.1569,4.3966,91.4816,-1,0.0, -> [cow (Bottom): 6%]
frame_000890,-1.0,0.979,85.0319,4.5416,90.5538,-1,0.0, -> [cow (Bottom): 9%]
frame_000891,-1.0,0.9394,85.8926,4.3849,91.2182,-1,0.0, -> [cow (Bottom): 10%]
frame_000892,-1.0,0.9289,87.8011,4.3722,93.1039,-1,0.0, -> [cow (Bottom): 9%]
frame_000893,-1.0,1.0783,85.8861,4.4972,91.4634,-1,0.0, -> [cow (Bottom): 7%]
frame_000894,-1.0,0.9375,86.8839,4.4287,92.252,-1,0.0, -> [cow (Bottom): 6%]
frame_000895,-1.0,0.9396,85.7327,4.5409,91.2146,-1,0.0, -> [cow (Bottom): 8%]
frame_000896,-1.0,1.0635,85.8599,4.4502,91.3753,-1,0.0, -> [cow (Bottom): 9%]
frame_000897,-1.0,0.994,85.6037,4.3007,90.8999,-1,0.0, -> [cow (Bottom): 8%]
frame_000898,-1.0,0.9711,86.7365,4.4569,92.166,-1,0.0, -> [cow (Bottom): 8%]
frame_000899,-1.0,1.0318,86.5594,4.412,92.0047,-1,0.0, -> [cow (Bottom): 8%]
frame_000900,-1.0,0.9861,84.9126,4.4482,90.3488,-1,0.0, -> [cow (Bottom): 9%]
frame_000901,-1.0,0.9415,87.3845,4.3155,92.6431,-1,0.0, -> [cow (Bottom): 7%]
frame_000902,-1.0,0.9683,86.8175,4.3273,92.1144,-1,0.0, -> [cow (Bottom): 8%]
frame_000903,-1.0,0.9727,84.4411,4.317,89.7324,-1,0.0, -> [cow (Bottom): 8%]
frame_000904,-1.0,0.9621,86.0166,4.3272,91.3073,-1,0.0, -> [cow (Bottom): 8%]
frame_000905,-1.0,0.9526,86.8294,4.2797,92.0631,-1,0.0, -> [cow (Bottom): 8%]
frame_000906,-1.0,0.9666,85.3128,4.3676,90.6486,-1,0.0, -> [cow (Bottom): 6%]
frame_000907,-1.0,1.0116,85.8334,4.3842,91.2307,-1,0.0, -> [cow (Bottom): 7%]
frame_000908,-1.0,0.9446,85.0391,4.6136,90.5989,-1,0.0, -> [cow (Bottom): 6%]
frame_000909,-1.0,1.0544,84.696,4.5512,90.3031,-1,0.0, -> [cow (Bottom-Right): 6%]
frame_000910,-1.0,0.8891,85.6204,4.4823,90.9931,-1,0.0, -> [cow (Bottom): 7%]
frame_000911,-1.0,0.9718,86.1516,4.3943,91.5193,-1,0.0, -> [cow (Bottom): 6%]
frame_000912,-1.0,0.9091,86.155,4.2471,91.3129,-1,0.0, -> [cow (Bottom): 6%]
frame_000913,-1.0,0.9204,84.7582,4.5246,90.2049,-1,0.0, -> [cow (Bottom): 7%]
frame_000914,-1.0,0.9359,85.8437,4.3797,91.1607,-1,0.0, -> [cow (Bottom-Right): 5%]
frame_000915,-1.0,0.9229,86.5266,4.2134,91.6643,-1,0.0, -> [cow (Bottom-Right): 5%]
frame_000916,-1.0,0.949,85.4322,4.2566,90.6393,-1,0.0, -> [cow (Bottom-Right): 3%]
frame_000917,-1.0,0.9275,85.3972,4.4072,90.7334,-1,0.0, -> [cow (Bottom-Right): 4%]
frame_000918,-1.0,0.9432,86.8431,4.3321,92.1196,-1,0.0, -> [cow (Bottom-Right): 3%]
frame_000919,-1.0,1.0104,85.9889,4.5197,91.5206,-1,0.0, -> [cow (Bottom-Right): 4%]
frame_000920,-1.0,0.9378,89.7071,4.2611,94.9076,-1,0.0, -> [cow (Bottom-Right): 4%]
frame_000921,-1.0,1.0079,87.2736,4.2898,92.5727,-1,0.0, -> [cow (Bottom-Right): 4%]
frame_000922,-1.0,1.0078,84.7105,4.4162,90.1358,-1,0.0, -> [cow (Bottom-Right): 4%]
frame_000923,-1.0,0.9449,85.3546,4.4361,90.7371,-1,0.0, -> [cow (Bottom-Right): 4%]
frame_000924,-1.0,0.9534,86.1446,4.327,91.4265,-1,0.0, -> [cow (Bottom-Right): 4%]
frame_000925,-1.0,1.2319,86.7359,4.4912,92.4604,-1,0.0, -> [cow (Bottom-Right): 4%]
frame_000926,-1.0,2.9512,102.9192,4.2334,110.1049,-1,0.0, -> [chair (Top-Right): 10%]
frame_000927,-1.0,0.8875,83.3524,4.095,88.3365,-1,0.0, -> [chair (Top-Right): 10%]
frame_000928,-1.0,0.9818,84.1962,4.3513,89.5311,-1,0.0, -> [chair (Top-Right): 10%]
frame_000929,-1.0,1.0096,86.3764,4.509,91.8965,-1,0.0, -> [chair (Top-Right): 10%]
frame_000930,-1.0,0.9242,82.1289,4.2655,87.3201,-1,0.0, -> [chair (Top-Right): 9%]
frame_000931,-1.0,1.0073,84.9957,4.2942,90.2988,-1,0.0, -> [chair (Top-Right): 10%]
frame_000932,-1.0,0.9357,83.2819,5.4458,89.6648,-1,0.0, -> [chair (Top-Right): 10%]
frame_000933,-1.0,1.0322,83.3857,4.2426,88.6619,-1,0.0, -> [chair (Top-Right): 10%]
frame_000934,-1.0,0.9757,82.598,4.2538,87.8288,-1,0.0, -> [chair (Top-Right): 10%]
frame_000935,-1.0,0.9202,83.2983,4.2357,88.4557,-1,0.0, -> [chair (Top-Right): 10%]
frame_000936,-1.0,0.927,83.041,4.3666,88.336,-1,0.0, -> [chair (Top-Right): 10%]
frame_000937,-1.0,0.9435,84.0184,4.2878,89.2512,-1,0.0, -> [chair (Top-Right): 10%]
frame_000938,-1.0,0.9117,81.8704,4.2987,87.0824,-1,0.0, -> [chair (Top-Right): 10%]
frame_000939,-1.0,0.9719,82.632,4.3235,87.9291,-1,0.0, -> [chair (Top-Right): 10%]
frame_000940,-1.0,0.9665,85.4688,4.2659,90.703,-1,0.0, -> [chair (Top-Right): 10%]
frame_000941,-1.0,0.9805,83.3517,4.3291,88.6628,-1,0.0, -> [chair (Top-Right): 9%]
frame_000942,-1.0,0.9375,83.8088,4.1815,88.9298,-1,0.0, -> [chair (Top-Right): 9%]
frame_000943,-1.0,0.9537,82.8447,5.492,89.292,-1,0.0, -> [chair (Top-Right): 9%]
frame_000944,-1.0,1.0853,83.7306,4.3652,89.1824,-1,0.0, -> [chair (Top-Right): 9%]
frame_000945,-1.0,1.0926,83.3952,4.3181,88.8073,-1,0.0, -> [chair (Top-Right): 10%]
frame_000946,-1.0,0.9729,83.5525,4.397,88.9237,-1,0.0, -> [chair (Top-Right): 10%]
frame_000947,-1.0,1.0169,85.6196,4.1254,90.7634,-1,0.0, -> [chair (Top-Right): 9%]
frame_000948,-1.0,1.0753,83.4241,4.3052,88.8061,-1,0.0, -> [chair (Top-Right): 10%]
frame_000949,-1.0,0.923,84.7224,4.4595,90.1065,-1,0.0, -> [chair (Top-Right): 10%]
frame_000950,-1.0,0.9282,84.4039,4.1509,89.4845,-1,0.0, -> [chair (Top-Right): 10%]
frame_000951,-1.0,1.0724,83.9769,4.4385,89.4891,-1,0.0, -> [chair (Top-Right): 10%]
frame_000952,-1.0,0.9107,82.0455,4.3701,87.3281,-1,0.0, -> [chair (Top-Right): 10%]
frame_000953,-1.0,0.9538,83.8268,4.1469,88.9288,-1,0.0, -> [chair (Top-Right): 10%]
frame_000954,-1.0,0.9214,85.7819,4.0503,90.755,-1,0.0, -> [chair (Top-Right): 10%]
frame_000955,-1.0,0.96,82.7278,4.3718,88.0612,-1,0.0, -> [chair (Top-Right): 11%]
frame_000956,-1.0,0.9153,84.6529,4.3607,89.9303,-1,0.0, -> [chair (Top-Right): 10%]
frame_000957,-1.0,0.928,85.3875,4.3462,90.6633,-1,0.0, -> [chair (Top-Right): 10%]
frame_000958,-1.0,0.9345,85.804,4.2462,90.9859,-1,0.0, -> [chair (Top-Right): 10%]
frame_000959,-1.0,1.04,82.5985,4.0678,87.708,-1,0.0, -> [chair (Top-Right): 10%]
frame_000960,-1.0,0.9856,83.2666,4.3082,88.5619,-1,0.0, -> [chair (Top-Right): 10%]
frame_000961,-1.0,0.9733,86.1087,4.3849,91.4682,-1,0.0, -> [chair (Top-Right): 10%]
frame_000962,-1.0,1.0536,83.0728,4.4074,88.5354,-1,0.0, -> [chair (Top-Right): 10%]
frame_000963,-1.0,0.8876,87.702,4.4066,92.9977,-1,0.0, -> [chair (Top-Right): 10%]
frame_000964,-1.0,1.0018,84.1352,4.3512,89.4894,-1,0.0, -> [chair (Top-Right): 10%]
frame_000965,-1.0,0.9214,84.664,4.3906,89.9774,-1,0.0, -> [chair (Top-Right): 10%]
frame_000966,-1.0,0.9857,82.6935,4.1969,87.8776,-1,0.0, -> [chair (Top-Right): 9%]
frame_000967,-1.0,0.8992,83.8161,4.3791,89.096,-1,0.0, -> [chair (Top-Right): 10%]
frame_000968,-1.0,1.0021,85.7138,4.2879,91.005,-1,0.0, -> [chair (Top-Right): 9%]
frame_000969,-1.0,0.9796,83.3317,4.3972,88.7097,-1,0.0, -> [chair (Top-Right): 10%]
frame_000970,-1.0,0.9444,83.7818,4.3549,89.0829,-1,0.0, -> [chair (Top-Right): 10%]
frame_000971,-1.0,0.9182,83.0567,4.3124,88.2887,-1,0.0, -> [chair (Top-Right): 10%]
frame_000972,-1.0,0.9434,83.9281,4.3081,89.1812,-1,0.0, -> [chair (Top-Right): 10%]
frame_000973,-1.0,0.9373,85.0109,4.4087,90.3586,-1,0.0, -> [chair (Top-Right): 9%]
frame_000974,-1.0,0.9268,85.0213,4.2753,90.2247,-1,0.0, -> [chair (Top-Right): 9%]
frame_000975,-1.0,0.9468,83.5739,4.2202,88.7423,-1,0.0, -> [chair (Top-Right): 9%]
frame_000976,-1.0,1.0354,82.1921,4.2545,87.4833,-1,0.0, -> [chair (Top-Right): 9%]
frame_000977,-1.0,0.9196,83.8298,4.2381,88.989,-1,0.0, -> [chair (Top-Right): 9%]
frame_000978,-1.0,0.9757,83.6534,4.2498,88.8803,-1,0.0, -> [chair (Top-Right): 9%]
frame_000979,-1.0,0.9133,85.5976,4.3612,90.8731,-1,0.0, -> [chair (Top-Right): 9%]
frame_000980,-1.0,1.0007,83.1428,4.5449,88.6895,-1,0.0, -> [chair (Top-Right): 9%]
frame_000981,-1.0,0.9364,84.3937,4.3116,89.6432,-1,0.0, -> [chair (Top-Right): 9%]
frame_000982,-1.0,0.9736,84.8494,5.9991,91.8241,-1,0.0, -> [chair (Top-Right): 9%]
frame_000983,-1.0,1.0163,84.1548,4.2697,89.4422,-1,0.0, -> [chair (Top-Right): 9%]
frame_000984,-1.0,0.9126,84.2595,4.4551,89.6287,-1,0.0, -> [chair (Top-Right): 8%]
frame_000985,-1.0,0.9092,84.0705,4.3575,89.3386,-1,0.0, -> [chair (Top-Right): 9%]
frame_000986,-1.0,0.9708,84.9567,4.2753,90.2041,-1,0.0, -> [chair (Top-Right): 9%]
frame_000987,-1.0,0.9648,82.3449,4.3266,87.6378,-1,0.0, -> [chair (Top-Right): 8%]
frame_000988,-1.0,0.9238,83.6825,4.3648,88.9724,-1,0.0, -> [chair (Top-Right): 8%]
frame_000989,-1.0,0.9845,88.3688,4.3599,93.7147,-1,0.0, -> [chair (Top-Right): 9%]
frame_000990,-1.0,1.7623,85.2361,4.6172,91.6174,-1,0.0, -> [chair (Top-Right): 9%]
frame_000991,-1.0,0.8976,84.8151,4.2883,90.0023,-1,0.0, -> [chair (Top-Right): 8%]
frame_000992,-1.0,0.9348,85.5974,4.4927,91.0263,-1,0.0, -> [chair (Top-Right): 10%]
frame_000993,-1.0,0.9295,86.2293,4.4801,91.6401,-1,0.0, -> [chair (Top-Right): 10%]
frame_000994,-1.0,0.9322,85.8591,4.2806,91.0731,-1,0.0, -> [chair (Top-Right): 9%]
frame_000995,-1.0,0.9388,86.3249,4.3753,91.6402,-1,0.0, -> [chair (Top-Right): 10%]
frame_000996,-1.0,0.96,86.5665,4.3055,91.8333,-1,0.0, -> [chair (Top-Right): 10%]
frame_000997,-1.0,0.8987,84.4288,4.3676,89.6963,-1,0.0, -> [chair (Top-Right): 6%]
frame_000998,-1.0,0.8929,85.874,4.3209,91.0891,-1,0.0, -> [chair (Top-Right): 7%]
frame_000999,-1.0,0.9407,86.6665,4.3334,91.9419,-1,0.0, -> [chair (Top): 6%]
frame_001000,-1.0,1.0179,84.9271,3.9328,89.8794,-1,0.0, -> [chair (Top): 3%]
frame_001001,-1.0,0.9243,86.1764,4.5031,91.6053,-1,0.0, -> [chair (Top): 2%]
frame_001002,-1.0,0.9311,86.048,5.3463,92.3269,-1,0.0, -> [chair (Top): 1%]
frame_001003,-1.0,1.02,84.7908,4.5046,90.3167,-1,0.0, -> [chair (Top): 1%]
frame_001004,-1.0,0.9205,84.1663,4.359,89.447,-1,0.0, -> [chair (Top): 3%]
frame_001005,-1.0,0.9176,85.411,4.3369,90.6672,-1,0.0, -> [chair (Top): 3%]
frame_001006,-1.0,0.9226,85.1636,4.3759,90.4636,-1,0.0, -> [chair (Top): 3%]
frame_001007,-1.0,0.9372,85.1986,4.385,90.5222,-1,0.0, -> [chair (Top): 5%]
frame_001008,-1.0,0.99,85.3467,4.3174,90.6554,-1,0.0, -> [chair (Top): 6%]
frame_001009,-1.0,0.8914,87.5812,4.3332,92.8071,-1,0.0, -> [chair (Top): 5%]
frame_001010,-1.0,0.9269,85.0126,4.4248,90.3658,-1,0.0, -> [chair (Top): 4%]
frame_001011,-1.0,0.9586,85.1723,4.2782,90.4103,-1,0.0, -> [chair (Top): 1%]
frame_001012,-1.0,0.9615,85.5761,4.5458,91.0849,-1,0.0, -> [chair (Top): 5%]
frame_001013,-1.0,1.0173,84.6574,4.2951,89.9709,-1,0.0, -> [chair (Top): 4%]
frame_001014,-1.0,0.9289,86.7988,4.2909,92.02,-1,0.0, -> [chair (Top): 5%]
frame_001015,-1.0,0.9496,85.215,4.356,90.5219,-1,0.0, -> [chair (Top): 5%]
frame_001016,-1.0,0.9746,87.0935,4.2412,92.3107,-1,0.0, -> [chair (Top): 4%]
frame_001017,-1.0,0.9716,84.4753,4.2337,89.6819,-1,0.0, -> [chair (Top-Left): 5%]
frame_001018,-1.0,0.8986,85.8205,4.4002,91.1206,-1,0.0, -> [chair (Top-Left): 5%]
frame_001019,-1.0,0.962,86.3911,4.0473,91.4019,-1,0.0, -> [background only]
frame_001020,-1.0,0.9583,84.8823,4.216,90.0578,-1,0.0, -> [chair (Top-Left): 4%]
frame_001021,-1.0,0.906,85.4191,4.3396,90.6659,-1,0.0, -> [chair (Top-Left): 4%]
frame_001022,-1.0,1.0482,85.2268,4.4025,90.679,-1,0.0, -> [chair (Top-Left): 4%]
frame_001023,-1.0,1.0368,85.9631,4.3606,91.3617,-1,0.0," -> [chair (Top-Left): 3%, tvmonitor (Top-Right): 1%]"
frame_001024,-1.0,0.9232,84.738,4.2487,89.9113,-1,0.0, -> [chair (Top-Left): 1%]
frame_001025,-1.0,0.92,85.4813,4.4337,90.8361,-1,0.0," -> [chair (Top-Left): 1%, tvmonitor (Top-Right): 1%]"
frame_001026,-1.0,0.9704,86.9703,4.3905,92.3325,-1,0.0, -> [tvmonitor (Top-Right): 2%]
frame_001027,-1.0,0.9351,84.3319,4.4256,89.6943,-1,0.0, -> [chair (Top-Left): 2%]
frame_001028,-1.0,0.9022,85.8307,4.2914,91.0259,-1,0.0, -> [chair (Top-Left): 2%]
frame_001029,-1.0,0.9355,86.1908,4.241,91.3689,-1,0.0, -> [chair (Top-Left): 1%]
frame_001030,-1.0,0.9634,84.0716,4.2891,89.3255,-1,0.0, -> [background only]
frame_001031,-1.0,0.9304,85.806,4.2921,91.0301,-1,0.0, -> [tvmonitor (Top-Right): 3%]
frame_001032,-1.0,0.9177,86.6194,3.9548,91.4931,-1,0.0, -> [background only]
frame_001033,-1.0,0.9736,85.0901,4.4029,90.468,-1,0.0, -> [chair (Top-Left): 1%]
frame_001034,-1.0,0.9238,85.5685,4.6063,91.1001,-1,0.0," -> [chair (Center): 6%, tvmonitor (Top-Right): 5%]"
frame_001035,-1.0,0.8949,86.3827,4.3927,91.6717,-1,0.0," -> [chair (Top-Right): 4%, tvmonitor (Top-Right): 4%]"
frame_001036,-1.0,0.8835,86.5299,4.4745,91.8893,-1,0.0," -> [chair (Right): 4%, tvmonitor (Top-Right): 3%]"
frame_001037,-1.0,0.8804,85.1953,4.4874,90.5644,-1,0.0," -> [chair (Right): 8%, tvmonitor (Top-Right): 4%]"
frame_001038,-1.0,0.9377,85.6964,4.4507,91.0861,-1,0.0," -> [chair (Right): 10%, tvmonitor (Top-Right): 5%]"
frame_001039,-1.0,0.9149,87.2525,4.492,92.661,-1,0.0," -> [chair (Right): 10%, tvmonitor (Top-Right): 5%]"
frame_001040,-1.0,0.9397,84.1194,4.3042,89.3646,-1,0.0," -> [chair (Right): 10%, tvmonitor (Top-Right): 4%]"
frame_001041,-1.0,0.9276,85.8884,4.3679,91.1852,-1,0.0," -> [chair (Right): 9%, tvmonitor (Top-Right): 5%]"
frame_001042,-1.0,0.9327,86.4647,4.4302,91.8294,-1,0.0," -> [chair (Right): 12%, tvmonitor (Top-Right): 4%]"
frame_001043,-1.0,0.9536,84.1401,4.5514,89.6466,-1,0.0," -> [chair (Right): 7%, tvmonitor (Top): 4%]"
frame_001044,-1.0,0.9433,86.7391,4.4428,92.1264,-1,0.0," -> [chair (Right): 14%, tvmonitor (Top): 5%]"
frame_001045,-1.0,0.9087,85.9673,4.7925,91.67,-1,0.0," -> [chair (Right): 10%, tvmonitor (Top): 5%]"
frame_001046,-1.0,1.071,85.3452,4.5474,90.9651,-1,0.0," -> [chair (Right): 8%, tvmonitor (Top): 5%]"
frame_001047,-1.0,0.992,85.2452,4.4658,90.7048,-1,0.0," -> [chair (Right): 13%, tvmonitor (Top): 3%]"
frame_001048,-1.0,0.9348,85.5335,4.5094,90.9792,-1,0.0," -> [chair (Right): 14%, tvmonitor (Top-Right): 5%]"
frame_001049,-1.0,0.9679,88.5722,4.5599,94.1016,-1,0.0," -> [chair (Center): 12%, tvmonitor (Top-Right): 10%]"
frame_001050,-1.0,0.9359,84.1424,4.4283,89.5082,-1,0.0," -> [chair (Center): 11%, tvmonitor (Top-Right): 12%]"
frame_001051,-1.0,0.9322,85.278,4.5754,90.787,-1,0.0," -> [chair (Center): 10%, tvmonitor (Top-Right): 14%]"
frame_001052,-1.0,0.9309,86.0621,4.3563,91.351,-1,0.0," -> [chair (Center): 11%, tvmonitor (Top-Right): 15%]"
frame_001053,-1.0,0.9635,85.0546,4.5439,90.5635,-1,0.0," -> [chair (Center): 15%, tvmonitor (Top-Right): 13%]"
frame_001054,-1.0,0.9224,85.2586,4.3461,90.5287,-1,0.0," -> [chair (Center): 14%, tvmonitor (Top): 11%]"
frame_001055,-1.0,0.9035,85.2234,5.0426,91.1711,-1,0.0," -> [chair (Center): 13%, tvmonitor (Top): 3%]"
frame_001056,-1.0,1.069,85.6672,4.3263,91.0637,-1,0.0," -> [chair (Center): 12%, tvmonitor (Top): 4%]"
frame_001057,-1.0,0.9303,85.3179,4.5285,90.7783,-1,0.0," -> [chair (Center): 10%, tvmonitor (Top): 8%]"
frame_001058,-1.0,0.924,85.829,6.0488,92.8034,-1,0.0," -> [chair (Center): 19%, tvmonitor (Top-Left): 1%]"
frame_001059,-1.0,1.0814,85.1164,4.5203,90.7197,-1,0.0," -> [chair (Left): 17%, tvmonitor (Top): 5%]"
frame_001060,-1.0,0.9008,84.5342,4.4923,89.9287,-1,0.0," -> [chair (Left): 10%, tvmonitor (Top): 10%]"
frame_001061,-1.0,0.9383,86.0169,4.412,91.3686,-1,0.0," -> [chair (Left): 10%, tvmonitor (Top): 11%]"
frame_001062,-1.0,0.9275,86.3455,4.3956,91.6702,-1,0.0," -> [chair (Left): 9%, tvmonitor (Top): 12%]"
frame_001063,-1.0,0.9502,85.6162,4.0479,90.6157,-1,0.0, -> [chair (Left): 14%]
frame_001064,-1.0,0.9367,85.9207,4.428,91.2866,-1,0.0, -> [chair (Left): 14%]
frame_001065,-1.0,0.9516,87.5577,4.3165,92.8273,-1,0.0, -> [chair (Left): 11%]
frame_001066,-1.0,0.9995,87.6944,4.691,93.3864,-1,0.0," -> [chair (Left): 8%, tvmonitor (Top-Left): 2%]"
frame_001067,-1.0,1.0875,88.4623,4.1954,93.7465,-1,0.0," -> [chair (Left): 7%, tvmonitor (Top): 8%]"
frame_001068,-1.0,0.9495,87.1057,4.3538,92.4103,-1,0.0," -> [chair (Top-Left): 4%, tvmonitor (Top-Left): 2%]"
frame_001069,-1.0,0.9923,85.0758,4.5629,90.6325,-1,0.0," -> [chair (Top-Left): 3%, tvmonitor (Top-Left): 4%]"
frame_001070,-1.0,0.9342,86.3874,4.3226,91.6456,-1,0.0," -> [chair (Top-Left): 3%, tvmonitor (Center): 8%]"
frame_001071,-1.0,0.9185,84.8951,4.3316,90.1467,-1,0.0," -> [chair (Top-Left): 2%, tvmonitor (Center): 10%]"
frame_001072,-1.0,1.8867,85.6253,4.5178,92.0312,-1,0.0," -> [chair (Top-Left): 3%, tvmonitor (Top): 10%]"
frame_001073,-1.0,0.9533,84.7079,4.5497,90.2124,-1,0.0," -> [chair (Left): 3%, tvmonitor (Center): 11%]"
frame_001074,-1.0,0.9284,86.337,4.3273,91.5942,-1,0.0," -> [chair (Top-Left): 2%, tvmonitor (Center): 1%]"
frame_001075,-1.0,1.0099,87.454,4.4822,92.9475,-1,0.0," -> [chair (Left): 1%, tvmonitor (Center): 6%]"
frame_001076,-1.0,0.9307,84.5626,4.3019,89.7966,-1,0.0," -> [chair (Left): 1%, tvmonitor (Center): 10%]"
frame_001077,-1.0,0.9337,85.077,4.3401,90.3525,-1,0.0," -> [chair (Left): 2%, tvmonitor (Center): 10%]"
frame_001078,-1.0,0.9126,86.9762,4.5077,92.398,-1,0.0," -> [chair (Left): 3%, tvmonitor (Center): 10%]"
frame_001079,-1.0,0.966,84.746,4.5011,90.2147,-1,0.0," -> [chair (Left): 1%, tvmonitor (Center): 10%]"
frame_001080,-1.0,0.9338,85.9389,4.2683,91.1426,-1,0.0," -> [chair (Left): 2%, tvmonitor (Center): 9%]"
frame_001081,-1.0,0.9249,85.2397,4.5168,90.6827,-1,0.0," -> [chair (Left): 2%, tvmonitor (Center): 8%]"
frame_001082,-1.0,1.0067,84.7655,4.609,90.3827,-1,0.0," -> [chair (Left): 2%, tvmonitor (Center): 11%]"
frame_001083,-1.0,0.9299,84.703,4.5965,90.231,-1,0.0," -> [chair (Left): 2%, tvmonitor (Center): 11%]"
frame_001084,-1.0,0.9088,85.5409,4.4771,90.9281,-1,0.0," -> [chair (Left): 2%, tvmonitor (Center): 13%]"
frame_001085,-1.0,0.9985,86.5193,4.3362,91.8557,-1,0.0," -> [chair (Left): 2%, tvmonitor (Center): 11%]"
frame_001086,-1.0,0.9016,86.8269,4.5651,92.295,-1,0.0," -> [chair (Left): 2%, tvmonitor (Center): 11%]"
frame_001087,-1.0,0.8988,85.3754,4.6063,90.8817,-1,0.0," -> [chair (Left): 2%, tvmonitor (Center): 13%]"
frame_001088,-1.0,0.9179,85.9123,4.4474,91.2788,-1,0.0," -> [chair (Left): 2%, tvmonitor (Center): 12%]"
frame_001089,-1.0,0.9457,84.6875,4.4448,90.0794,-1,0.0," -> [chair (Left): 2%, tvmonitor (Center): 12%]"
frame_001090,-1.0,0.9735,85.1882,4.4591,90.6223,-1,0.0," -> [chair (Left): 2%, tvmonitor (Center): 12%]"
frame_001091,-1.0,1.0383,85.1473,4.6196,90.8065,-1,0.0," -> [chair (Left): 2%, tvmonitor (Center): 11%]"
frame_001092,-1.0,0.9244,88.2512,4.4625,93.6396,-1,0.0," -> [chair (Left): 2%, tvmonitor (Center): 11%]"
frame_001093,-1.0,0.9578,85.4133,4.5297,90.9023,-1,0.0," -> [chair (Left): 2%, tvmonitor (Center): 13%]"
frame_001094,-1.0,0.9018,85.9618,5.3518,92.217,-1,0.0," -> [chair (Left): 2%, tvmonitor (Center): 13%]"
frame_001095,-1.0,0.9863,85.2055,4.5641,90.7572,-1,0.0," -> [chair (Left): 2%, tvmonitor (Center): 13%]"
frame_001096,-1.0,0.9208,85.2665,4.5127,90.7017,-1,0.0," -> [chair (Left): 2%, tvmonitor (Center): 14%]"
frame_001097,-1.0,0.9223,86.1797,4.515,91.6188,-1,0.0," -> [chair (Left): 2%, tvmonitor (Center): 13%]"
frame_001098,-1.0,0.9541,85.8676,4.5106,91.3336,-1,0.0," -> [chair (Left): 2%, tvmonitor (Center): 12%]"
frame_001099,-1.0,0.9559,85.2684,4.5611,90.7868,-1,0.0," -> [chair (Left): 2%, tvmonitor (Center): 13%]"
frame_001100,-1.0,0.9487,86.2307,4.4582,91.6386,-1,0.0," -> [chair (Left): 2%, tvmonitor (Center): 11%]"
frame_001101,-1.0,0.9531,85.5993,4.4162,90.9702,-1,0.0," -> [chair (Left): 2%, tvmonitor (Center): 12%]"
frame_001102,-1.0,1.0672,85.4048,4.498,90.9713,-1,0.0," -> [chair (Left): 1%, tvmonitor (Center): 11%]"
frame_001103,-1.0,0.98,84.3829,4.5282,89.8925,-1,0.0," -> [chair (Left): 1%, tvmonitor (Center): 11%]"
frame_001104,-1.0,0.9307,85.9535,5.8596,92.7454,-1,0.0," -> [chair (Top-Left): 1%, tvmonitor (Center): 9%]"
frame_001105,-1.0,0.9907,85.6235,4.423,91.0384,-1,0.0," -> [chair (Top-Left): 1%, tvmonitor (Center): 10%]"
frame_001106,-1.0,0.9385,84.522,4.5307,89.9925,-1,0.0," -> [chair (Top-Left): 1%, tvmonitor (Center): 11%]"
frame_001107,-1.0,0.954,86.1374,4.3868,91.4796,-1,0.0," -> [chair (Top-Left): 1%, tvmonitor (Center): 13%]"
frame_001108,-1.0,0.9652,85.3464,4.6493,90.9623,-1,0.0," -> [chair (Top-Left): 1%, tvmonitor (Center): 13%]"
frame_001109,-1.0,1.4914,84.8955,4.1686,90.5571,-1,0.0," -> [chair (Top-Left): 1%, tvmonitor (Center): 20%]"
frame_001110,-1.0,0.9215,85.6108,4.4813,91.0149,-1,0.0," -> [chair (Top-Left): 1%, tvmonitor (Center): 13%]"
frame_001111,-1.0,0.9201,87.5223,4.3675,92.8114,-1,0.0," -> [chair (Left): 2%, tvmonitor (Center): 8%]"
frame_001112,-1.0,0.9184,85.9783,4.5706,91.4686,-1,0.0," -> [chair (Left): 2%, tvmonitor (Top): 10%]"
frame_001113,-1.0,0.9363,86.1122,4.5563,91.6063,-1,0.0," -> [chair (Left): 2%, tvmonitor (Top): 11%]"
frame_001114,-1.0,0.9418,87.4452,4.474,92.8621,-1,0.0," -> [chair (Left): 2%, tvmonitor (Top): 9%]"
frame_001115,-1.0,1.031,85.2573,4.4179,90.7075,-1,0.0," -> [chair (Left): 2%, tvmonitor (Top): 9%]"
frame_001116,-1.0,0.9214,84.3947,4.731,90.0482,-1,0.0," -> [chair (Top-Left): 2%, dog (Bottom): 1%, tvmonitor (Center): 21%]"
frame_001117,-1.0,0.9493,84.7624,4.2838,89.9968,-1,0.0, -> [tvmonitor (Center): 27%]
frame_001118,-1.0,0.9165,86.524,4.4219,91.8639,-1,0.0," -> [chair (Top-Left): 1%, tvmonitor (Top): 25%]"
frame_001119,-1.0,0.9391,85.3174,4.5232,90.7813,-1,0.0," -> [chair (Top-Left): 1%, tvmonitor (Top): 11%]"
frame_001120,-1.0,0.963,85.6544,4.5402,91.1592,-1,0.0," -> [chair (Top-Left): 1%, tvmonitor (Top): 12%]"
frame_001121,-1.0,0.9606,86.1071,4.3908,91.4597,-1,0.0," -> [chair (Top-Left): 1%, tvmonitor (Top): 11%]"
frame_001122,-1.0,0.9803,84.2205,4.4697,89.6721,-1,0.0," -> [chair (Top-Left): 1%, tvmonitor (Top): 13%]"
frame_001123,-1.0,0.9422,85.5764,4.6408,91.1608,-1,0.0," -> [chair (Top-Left): 1%, dog (Bottom): 5%, tvmonitor (Top): 24%]"
frame_001124,-1.0,0.9392,85.4544,4.4571,90.8527,-1,0.0," -> [chair (Top-Left): 1%, tvmonitor (Top): 20%]"
frame_001125,-1.0,1.0375,84.4263,4.6845,90.1498,-1,0.0," -> [chair (Top-Left): 1%, dog (Bottom): 3%, tvmonitor (Top): 14%]"
frame_001126,-1.0,0.9224,85.5416,4.4436,90.909,-1,0.0," -> [chair (Top-Left): 1%, tvmonitor (Top-Left): 1%]"
frame_001127,-1.0,0.9313,86.0704,4.3366,91.3398,-1,0.0, -> [chair (Top-Left): 1%]
frame_001128,-1.0,0.9336,86.0585,4.4531,91.4467,-1,0.0, -> [chair (Top-Left): 1%]
frame_001129,-1.0,0.9355,84.9827,4.2216,90.1413,-1,0.0, -> [chair (Top-Left): 1%]
frame_001130,-1.0,0.9033,86.3474,4.4125,91.6645,-1,0.0, -> [chair (Top-Left): 1%]
frame_001131,-1.0,0.9062,85.6765,4.2933,90.8775,-1,0.0, -> [chair (Top-Left): 2%]
frame_001132,-1.0,0.9638,85.1256,4.4272,90.5178,-1,0.0, -> [chair (Top-Left): 2%]
frame_001133,-1.0,0.8943,85.1494,4.4026,90.4477,-1,0.0, -> [chair (Top-Left): 3%]
frame_001134,-1.0,0.9262,87.7294,4.4068,93.0637,-1,0.0, -> [chair (Top-Left): 3%]
frame_001135,-1.0,0.9854,85.1003,4.4224,90.5094,-1,0.0, -> [chair (Top-Left): 3%]
frame_001136,-1.0,0.9337,85.1239,4.3559,90.415,-1,0.0, -> [chair (Top-Left): 3%]
frame_001137,-1.0,0.9006,85.2041,4.464,90.5703,-1,0.0, -> [chair (Top-Left): 3%]
frame_001138,-1.0,0.9441,86.1755,4.2197,91.3407,-1,0.0, -> [chair (Top-Left): 3%]
frame_001139,-1.0,0.9426,84.7022,4.2647,89.9112,-1,0.0, -> [chair (Top-Left): 3%]
frame_001140,-1.0,0.9143,85.776,4.3954,91.0873,-1,0.0, -> [chair (Top-Left): 3%]
frame_001141,-1.0,0.9391,86.4486,4.3303,91.7196,-1,0.0, -> [chair (Top-Left): 3%]
frame_001142,-1.0,0.9269,84.3493,4.3037,89.5816,-1,0.0, -> [chair (Top-Left): 3%]
frame_001143,-1.0,0.9717,85.92,4.4423,91.3352,-1,0.0, -> [chair (Top-Left): 4%]
frame_001144,-1.0,0.971,88.0895,4.2694,93.3313,-1,0.0, -> [chair (Top-Left): 3%]
frame_001145,-1.0,1.0601,86.0197,4.3555,91.4367,-1,0.0," -> [chair (Top-Left): 3%, tvmonitor (Top): 11%]"
frame_001146,-1.0,0.9249,86.0243,4.5521,91.5026,-1,0.0," -> [chair (Top-Left): 3%, tvmonitor (Top): 22%]"
frame_001147,-1.0,0.9136,86.1756,4.3155,91.4063,-1,0.0," -> [chair (Top-Left): 3%, tvmonitor (Top): 13%]"
frame_001148,-1.0,0.979,86.1184,4.5518,91.6504,-1,0.0," -> [chair (Top-Left): 2%, tvmonitor (Top): 8%]"
frame_001149,-1.0,0.9522,86.3359,4.5133,91.803,-1,0.0," -> [chair (Top-Left): 3%, tvmonitor (Top): 9%]"
frame_001150,-1.0,0.9119,86.2595,5.8117,92.9846,-1,0.0," -> [chair (Top-Left): 2%, tvmonitor (Top): 11%]"
frame_001151,-1.0,0.9631,85.5469,4.4879,90.9993,-1,0.0," -> [chair (Top-Left): 3%, tvmonitor (Top): 11%]"
frame_001152,-1.0,0.9299,84.4804,4.511,89.9228,-1,0.0," -> [chair (Top-Left): 3%, tvmonitor (Top): 10%]"
frame_001153,-1.0,0.9078,85.4462,4.5472,90.9024,-1,0.0," -> [chair (Top-Left): 3%, tvmonitor (Top): 10%]"
frame_001154,-1.0,0.9742,87.0433,4.3292,92.3483,-1,0.0," -> [chair (Top-Left): 3%, tvmonitor (Top): 9%]"
frame_001155,-1.0,0.9296,84.2119,4.1073,89.25,-1,0.0," -> [chair (Top-Left): 3%, tvmonitor (Top): 10%]"
frame_001156,-1.0,0.91,85.5302,4.4423,90.8841,-1,0.0," -> [chair (Top-Left): 3%, tvmonitor (Top): 10%]"
frame_001157,-1.0,0.9505,87.953,4.507,93.4119,-1,0.0," -> [chair (Top-Left): 4%, tvmonitor (Top): 16%]"
frame_001158,-1.0,1.0494,84.1975,4.4127,89.6611,-1,0.0," -> [chair (Top-Left): 2%, tvmonitor (Top): 10%]"
frame_001159,-1.0,0.9575,85.4466,4.4181,90.8237,-1,0.0," -> [chair (Left): 2%, tvmonitor (Top): 11%]"
frame_001160,-1.0,0.9238,86.2725,4.6045,91.8024,-1,0.0," -> [chair (Left): 2%, tvmonitor (Top): 13%]"
frame_001161,-1.0,1.0152,84.1089,4.3114,89.437,-1,0.0," -> [chair (Left): 2%, tvmonitor (Top-Left): 1%]"
frame_001162,-1.0,0.9774,86.2329,4.5334,91.7451,-1,0.0," -> [chair (Left): 1%, tvmonitor (Center): 9%]"
frame_001163,-1.0,0.9386,85.7068,5.9834,92.6305,-1,0.0, -> [chair (Left): 2%]
frame_001164,-1.0,1.0002,84.9689,4.4386,90.4091,-1,0.0, -> [chair (Left): 2%]
frame_001165,-1.0,0.9734,84.5565,4.3472,89.8783,-1,0.0," -> [chair (Top-Left): 1%, tvmonitor (Top): 5%]"
frame_001166,-1.0,0.964,86.0021,4.4184,91.3859,-1,0.0, -> [tvmonitor (Top): 2%]
frame_001167,-1.0,0.9258,86.7206,4.3486,91.9966,-1,0.0, -> [background only]
frame_001168,-1.0,0.9243,84.3324,4.3283,89.5866,-1,0.0, -> [tvmonitor (Top-Left): 2%]
frame_001169,-1.0,0.9615,86.0942,4.5242,91.5814,-1,0.0," -> [chair (Left): 1%, tvmonitor (Top-Left): 5%]"
frame_001170,-1.0,0.9134,87.6266,4.3766,92.9181,-1,0.0," -> [chair (Left): 1%, tvmonitor (Top): 12%]"
frame_001171,-1.0,1.0027,84.8333,4.3343,90.1717,-1,0.0, -> [tvmonitor (Top-Left): 7%]
frame_001172,-1.0,0.9029,85.4994,4.3171,90.721,-1,0.0, -> [tvmonitor (Top-Left): 5%]
frame_001173,-1.0,0.9627,85.9341,4.4291,91.3274,-1,0.0, -> [tvmonitor (Top-Left): 1%]
frame_001174,-1.0,1.0503,85.4316,4.4543,90.9373,-1,0.0, -> [tvmonitor (Top-Left): 4%]
frame_001175,-1.0,0.9445,83.9988,4.3685,89.3133,-1,0.0, -> [tvmonitor (Left): 13%]
frame_001176,-1.0,0.9308,85.052,4.4332,90.4174,-1,0.0, -> [tvmonitor (Center): 26%]
frame_001177,-1.0,0.889,86.3449,4.2918,91.5271,-1,0.0, -> [tvmonitor (Left): 18%]
frame_001178,-1.0,0.9285,85.4762,4.4991,90.9055,-1,0.0, -> [tvmonitor (Center): 15%]
frame_001179,-1.0,0.9383,85.3816,4.2853,90.6067,-1,0.0, -> [background only]
frame_001180,-1.0,0.9076,85.8327,5.5424,92.2843,-1,0.0, -> [chair (Top-Left): 1%]
frame_001181,-1.0,1.0511,84.4035,4.377,89.8329,-1,0.0," -> [chair (Left): 5%, tvmonitor (Center): 17%]"
frame_001182,-1.0,0.9192,86.2875,4.5282,91.7363,-1,0.0," -> [chair (Left): 7%, tvmonitor (Center): 11%]"
frame_001183,-1.0,0.9759,85.181,4.8316,90.9902,-1,0.0," -> [chair (Left): 8%, tvmonitor (Top): 7%]"
frame_001184,-1.0,1.0829,85.6595,4.4968,91.2409,-1,0.0, -> [chair (Left): 11%]
frame_001185,-1.0,0.9362,84.8953,4.207,90.04,-1,0.0, -> [chair (Left): 15%]
frame_001186,-1.0,0.9165,85.4337,4.4597,90.8111,-1,0.0," -> [chair (Left): 17%, tvmonitor (Top): 1%]"
frame_001187,-1.0,0.9185,85.8106,4.4375,91.1681,-1,0.0," -> [chair (Left): 21%, tvmonitor (Top): 1%]"
frame_001188,-1.0,0.9809,84.5916,4.6186,90.1925,-1,0.0, -> [chair (Left): 20%]
frame_001189,-1.0,0.9075,85.3717,4.4094,90.6899,-1,0.0," -> [chair (Left): 25%, tvmonitor (Top): 3%]"
frame_001190,-1.0,0.951,86.6037,4.3867,91.9429,-1,0.0," -> [chair (Left): 30%, tvmonitor (Top-Right): 6%]"
frame_001191,-1.0,0.9858,85.5542,4.458,90.9995,-1,0.0, -> [chair (Left): 27%]
frame_001192,-1.0,0.9122,85.3463,4.5087,90.7684,-1,0.0, -> [chair (Left): 27%]
frame_001193,-1.0,0.9453,86.0856,4.6125,91.6448,-1,0.0, -> [chair (Left): 31%]
frame_001194,-1.0,0.9886,86.8842,4.412,92.2862,-1,0.0, -> [chair (Center): 27%]
frame_001195,-1.0,0.9064,85.4535,4.5742,90.9357,-1,0.0," -> [chair (Center): 34%, tvmonitor (Top-Right): 5%]"
frame_001196,-1.0,0.9079,85.7487,4.6183,91.2763,-1,0.0," -> [chair (Center): 36%, tvmonitor (Right): 11%]"
frame_001197,-1.0,0.9519,85.4705,4.579,91.0031,-1,0.0," -> [chair (Center): 24%, tvmonitor (Right): 11%]"
frame_001198,-1.0,0.9347,85.9045,4.5012,91.3418,-1,0.0," -> [chair (Center): 25%, tvmonitor (Right): 8%]"
frame_001199,-1.0,0.9088,84.8607,4.5577,90.3288,-1,0.0," -> [chair (Center): 25%, tvmonitor (Right): 7%]"
frame_001200,-1.0,0.9116,84.4731,4.3919,89.7781,-1,0.0," -> [chair (Center): 29%, tvmonitor (Top-Right): 4%]"
frame_001201,-1.0,1.046,85.4299,4.5941,91.0714,-1,0.0, -> [chair (Center): 31%]
frame_001202,-1.0,0.8952,87.2775,4.5109,92.6853,-1,0.0, -> [chair (Right): 14%]
frame_001203,-1.0,1.0098,86.7481,4.4392,92.1984,-1,0.0, -> [chair (Top): 20%]
frame_001204,-1.0,0.9941,86.5447,4.4935,92.0337,-1,0.0, -> [chair (Right): 22%]
frame_001205,-1.0,0.9443,85.4154,4.3881,90.749,-1,0.0, -> [chair (Right): 25%]
frame_001206,-1.0,0.9066,85.587,4.432,90.9271,-1,0.0, -> [chair (Right): 22%]
frame_001207,-1.0,0.9179,86.036,4.5367,91.4919,-1,0.0, -> [chair (Right): 18%]
frame_001208,-1.0,0.9153,84.5429,4.4102,89.8697,-1,0.0, -> [chair (Top-Right): 12%]
frame_001209,-1.0,0.928,84.9598,4.3296,90.2186,-1,0.0, -> [chair (Top-Right): 13%]
frame_001210,-1.0,0.9154,87.0496,4.2649,92.2312,-1,0.0, -> [chair (Top-Right): 12%]
frame_001211,-1.0,0.9911,83.9838,4.5597,89.536,-1,0.0, -> [chair (Top-Right): 7%]
frame_001212,-1.0,0.8797,85.0915,4.1752,90.1477,-1,0.0, -> [background only]
frame_001213,-1.0,0.9452,85.5376,5.3352,91.8195,-1,0.0, -> [background only]
frame_001214,-1.0,1.257,84.3231,4.0556,89.6372,-1,0.0, -> [background only]
frame_001215,-1.0,0.963,85.1083,4.516,90.5888,-1,0.0, -> [chair (Top-Left): 1%]
frame_001216,-1.0,1.0169,84.7325,4.424,90.1748,-1,0.0, -> [chair (Top-Left): 1%]
frame_001217,-1.0,0.8948,87.2026,4.2294,92.3282,-1,0.0, -> [chair (Top-Left): 2%]
frame_001218,-1.0,0.9516,84.8882,4.1927,90.0341,-1,0.0, -> [background only]
frame_001219,-1.0,0.9528,86.1932,4.2607,91.4083,-1,0.0, -> [background only]
frame_001220,-1.0,0.946,86.9371,4.45,92.3345,-1,0.0, -> [background only]
frame_001221,-1.0,0.971,85.0052,4.4401,90.4177,-1,0.0, -> [chair (Top-Left): 4%]
frame_001222,-1.0,1.028,86.499,4.4191,91.9472,-1,0.0, -> [chair (Top-Left): 4%]
frame_001223,-1.0,0.9813,85.2052,4.3048,90.4926,-1,0.0, -> [chair (Top-Left): 3%]
frame_001224,-1.0,0.9835,88.1366,4.346,93.4676,-1,0.0, -> [chair (Top-Left): 4%]
frame_001225,-1.0,1.0986,87.2954,4.3164,92.7119,-1,0.0, -> [chair (Top-Left): 1%]
frame_001226,-1.0,1.1156,87.5387,4.1248,92.7805,-1,0.0, -> [chair (Top-Left): 2%]
frame_001227,-1.0,3.0732,86.5431,4.0586,93.6763,-1,0.0, -> [chair (Top-Left): 4%]
frame_001228,-1.0,1.0073,87.1475,4.0871,92.2432,-1,0.0, -> [chair (Top-Left): 5%]
frame_001229,-1.0,1.053,89.1581,6.0343,96.2466,-1,0.0, -> [chair (Top-Left): 4%]
frame_001230,-1.0,1.1811,88.3874,4.0513,93.621,-1,0.0, -> [background only]
frame_001231,-1.0,1.0242,86.3546,4.1747,91.5548,-1,0.0, -> [chair (Top-Left): 2%]
frame_001232,-1.0,1.0643,86.8176,4.2071,92.0903,-1,0.0, -> [chair (Top-Left): 5%]
frame_001233,-1.0,0.9528,89.9751,4.0735,95.0029,-1,0.0, -> [chair (Top-Left): 5%]
frame_001234,-1.0,1.0104,87.5914,4.1635,92.7666,-1,0.0, -> [chair (Top-Left): 3%]
frame_001235,-1.0,1.067,87.3725,4.217,92.6579,-1,0.0, -> [chair (Top-Left): 4%]
frame_001236,-1.0,1.0236,88.8014,4.1815,94.008,-1,0.0, -> [chair (Top-Left): 3%]
frame_001237,-1.0,1.0175,87.2757,4.0218,92.3163,-1,0.0, -> [background only]
frame_001238,-1.0,1.0337,86.8626,4.295,92.1925,-1,0.0, -> [chair (Top-Left): 4%]
frame_001239,-1.0,1.0321,88.0959,4.3202,93.4494,-1,0.0, -> [chair (Top-Left): 4%]
frame_001240,-1.0,1.0587,87.569,3.9661,92.5953,-1,0.0, -> [chair (Top-Left): 5%]
frame_001241,-1.0,1.0436,87.2342,4.2921,92.5713,-1,0.0, -> [chair (Top-Left): 4%]
frame_001242,-1.0,0.9816,88.1267,4.1581,93.2676,-1,0.0, -> [chair (Top-Left): 3%]
frame_001243,-1.0,1.0366,88.6844,4.2315,93.9539,-1,0.0, -> [chair (Top-Left): 4%]
frame_001244,-1.0,1.053,87.4884,3.9676,92.5102,-1,0.0, -> [chair (Top-Left): 9%]
frame_001245,-1.0,1.0515,88.6389,4.2411,93.9329,-1,0.0, -> [chair (Top-Left): 8%]
frame_001246,-1.0,1.0229,86.4548,4.1901,91.6689,-1,0.0, -> [bicycle (Bottom): 24%]
frame_001247,-1.0,1.0471,87.0336,4.1109,92.1931,-1,0.0, -> [chair (Top-Left): 8%]
frame_001248,-1.0,1.0817,88.6146,4.2438,93.9411,-1,0.0," -> [bicycle (Bottom-Left): 3%, chair (Top-Left): 6%]"
frame_001249,-1.0,1.0279,89.498,4.1816,94.7089,-1,0.0, -> [chair (Top-Left): 5%]
frame_001250,-1.0,1.1296,87.5375,4.0915,92.7601,-1,0.0, -> [bicycle (Bottom): 9%]
frame_001251,-1.0,1.0143,88.3875,4.2477,93.6508,-1,0.0," -> [bicycle (Bottom): 3%, chair (Top): 10%]"
frame_001252,-1.0,0.9882,85.5127,4.2015,90.7037,-1,0.0, -> [background only]
frame_001253,-1.0,1.0316,86.6681,4.2177,91.9186,-1,0.0, -> [chair (Top): 3%]
frame_001254,-1.0,1.0011,87.0945,4.1425,92.2393,-1,0.0, -> [bicycle (Center): 12%]
frame_001255,-1.0,1.03,86.9321,4.3298,92.2933,-1,0.0," -> [bicycle (Right): 15%, chair (Top): 8%]"
frame_001256,-1.0,1.0234,87.3428,4.3654,92.7328,-1,0.0," -> [bicycle (Center): 12%, chair (Top): 9%]"
frame_001257,-1.0,1.0209,87.1404,4.5161,92.6789,-1,0.0," -> [bicycle (Right): 18%, chair (Top): 5%]"
frame_001258,-1.0,1.0869,86.6239,4.2607,91.9729,-1,0.0, -> [bicycle (Right): 37%]
frame_001259,-1.0,1.0466,86.8924,4.2473,92.1878,-1,0.0, -> [bicycle (Right): 32%]
frame_001260,-1.0,0.9969,88.2785,4.2608,93.5378,-1,0.0, -> [bicycle (Right): 32%]
frame_001261,-1.0,1.0059,86.1349,4.3163,91.4587,-1,0.0, -> [bicycle (Right): 27%]
frame_001262,-1.0,0.997,86.4599,4.2582,91.7163,-1,0.0, -> [bicycle (Right): 21%]
frame_001263,-1.0,1.0546,88.8967,4.2031,94.1561,-1,0.0, -> [bicycle (Right): 22%]
frame_001264,-1.0,1.0358,86.9527,4.2109,92.2006,-1,0.0, -> [bicycle (Right): 14%]
frame_001265,-1.0,1.0552,87.6055,4.3319,92.994,-1,0.0," -> [bicycle (Right): 5%, chair (Top-Right): 1%]"
frame_001266,-1.0,0.9993,88.7086,4.0492,93.7583,-1,0.0," -> [bicycle (Bottom-Right): 2%, chair (Top-Right): 1%]"
frame_001267,-1.0,1.0906,86.4568,4.1483,91.6973,-1,0.0, -> [background only]
frame_001268,-1.0,1.0214,87.1384,4.163,92.3241,-1,0.0, -> [background only]
frame_001269,-1.0,1.0112,88.5154,4.1549,93.683,-1,0.0, -> [background only]
frame_001270,-1.0,1.1569,86.2824,3.9393,91.3799,-1,0.0, -> [background only]
frame_001271,-1.0,1.0461,87.5113,3.9029,92.4616,-1,0.0, -> [background only]
frame_001272,-1.0,1.0895,91.3619,3.8581,96.3108,-1,0.0, -> [background only]
frame_001273,-1.0,1.1684,86.3515,4.2642,91.7854,-1,0.0, -> [background only]
frame_001274,-1.0,1.0065,87.0099,4.1346,92.1522,-1,0.0, -> [background only]
frame_001275,-1.0,1.0059,89.0636,3.9808,94.0516,-1,0.0, -> [background only]
frame_001276,-1.0,1.0927,85.7458,4.0596,90.8994,-1,0.0, -> [background only]
frame_001277,-1.0,1.0692,87.1417,4.0753,92.2876,-1,0.0, -> [background only]
frame_001278,-1.0,1.0448,88.9084,3.9587,93.9134,-1,0.0, -> [background only]
frame_001279,-1.0,1.0032,85.801,3.9518,90.7574,-1,0.0, -> [background only]
frame_001280,-1.0,0.9727,86.8306,4.1148,91.9195,-1,0.0, -> [background only]
frame_001281,-1.0,0.9722,87.5905,4.1343,92.6986,-1,0.0, -> [background only]
frame_001282,-1.0,1.1104,87.7111,4.0478,92.8707,-1,0.0, -> [background only]
frame_001283,-1.0,1.0113,86.4787,4.0563,91.5478,-1,0.0, -> [background only]
frame_001284,-1.0,1.0331,86.596,4.0207,91.6512,-1,0.0, -> [background only]
frame_001285,-1.0,1.1349,86.1741,4.0965,91.4068,-1,0.0, -> [background only]
frame_001286,-1.0,1.0055,86.3128,4.0881,91.4078,-1,0.0, -> [background only]
frame_001287,-1.0,1.0331,86.6501,4.0897,91.7742,-1,0.0, -> [background only]
frame_001288,-1.0,1.1107,88.4089,4.1016,93.6225,-1,0.0, -> [background only]
frame_001289,-1.0,1.0803,87.186,4.1431,92.4108,-1,0.0, -> [background only]
frame_001290,-1.0,1.0344,87.7908,4.1875,93.0141,-1,0.0, -> [background only]
frame_001291,-1.0,1.1441,88.1379,4.1817,93.465,-1,0.0, -> [background only]
frame_001292,-1.0,1.1161,87.8348,4.2651,93.2173,-1,0.0, -> [background only]
frame_001293,-1.0,1.0348,86.896,4.0302,91.9626,-1,0.0, -> [background only]
frame_001294,-1.0,3.675,88.8776,4.1358,96.69,-1,0.0, -> [background only]
