filename,ros_data_age_ms,preprocessing_ms,inference_ms,postprocessing_ms,e2e_ms,class_id,confidence,info
frame_000000,-1.0,1.6982,31.9355,0.1624,33.8704,877,7.13, -> turnstile (7.1%)
frame_000001,-1.0,2.6045,45.5268,0.0753,48.2706,877,7.27, -> turnstile (7.3%)
frame_000002,-1.0,2.9745,43.5525,0.0743,46.6665,877,5.06, -> turnstile (5.1%)
frame_000003,-1.0,1.8134,51.5522,0.0762,53.5054,877,6.05, -> turnstile (6.0%)
frame_000004,-1.0,1.6482,43.0301,0.0743,44.818,877,6.23, -> turnstile (6.2%)
frame_000005,-1.0,1.5944,42.4002,0.0808,44.1395,877,7.66, -> turnstile (7.7%)
frame_000006,-1.0,1.5374,38.4179,0.1279,40.1812,877,10.19, -> turnstile (10.2%)
frame_000007,-1.0,1.4917,44.0508,0.0769,45.6862,877,9.45, -> turnstile (9.4%)
frame_000008,-1.0,1.8995,31.9168,0.0773,33.9575,877,7.53, -> turnstile (7.5%)
frame_000009,-1.0,2.9359,30.7713,0.0761,33.8456,877,6.5, -> turnstile (6.5%)
frame_000010,-1.0,2.5752,32.2232,0.077,34.9417,877,5.91, -> turnstile (5.9%)
frame_000011,-1.0,2.7953,39.4396,0.078,42.3755,877,7.11, -> turnstile (7.1%)
frame_000012,-1.0,3.5678,30.8341,0.0763,34.5413,760,6.14, -> refrigerator (6.1%)
frame_000013,-1.0,2.1895,32.7592,0.0771,35.089,877,6.01, -> turnstile (6.0%)
frame_000014,-1.0,1.6092,38.7479,0.0752,40.4956,877,7.06, -> turnstile (7.1%)
frame_000015,-1.0,2.0698,29.9053,0.0756,32.1147,877,6.72, -> turnstile (6.7%)
frame_000016,-1.0,2.2151,34.2365,0.0744,36.5887,877,6.74, -> turnstile (6.7%)
frame_000017,-1.0,2.3908,47.0887,0.0773,49.6218,877,6.21, -> turnstile (6.2%)
frame_000018,-1.0,1.5491,40.7448,0.0766,42.4344,877,5.41, -> turnstile (5.4%)
frame_000019,-1.0,2.9937,42.6934,0.077,45.8338,877,4.5, -> turnstile (4.5%)
frame_000020,-1.0,1.841,52.0364,0.0776,54.0488,526,5.19, -> desk (5.2%)
frame_000021,-1.0,1.7875,53.6886,0.0762,55.6154,897,3.84, -> washer (3.8%)
frame_000022,-1.0,1.4464,53.8421,0.0763,55.4303,877,3.87, -> turnstile (3.9%)
frame_000023,-1.0,1.3769,52.7701,0.0802,54.292,877,4.88, -> turnstile (4.9%)
frame_000024,-1.0,1.5434,29.8717,0.0763,31.5564,897,5.26, -> washer (5.3%)
frame_000025,-1.0,1.7416,58.4672,0.0762,60.3304,897,4.44, -> washer (4.4%)
frame_000026,-1.0,1.8764,35.3407,0.0768,37.3573,526,4.5, -> desk (4.5%)
frame_000027,-1.0,1.6659,45.7599,0.0793,47.5712,877,6.7, -> turnstile (6.7%)
frame_000028,-1.0,1.5046,30.7727,0.0747,32.415,422,4.45, -> barbell (4.4%)
frame_000029,-1.0,1.6527,36.2329,0.0802,38.0297,894,4.31, -> wardrobe (4.3%)
frame_000030,-1.0,1.6316,32.727,0.0752,34.4966,422,4.19, -> barbell (4.2%)
frame_000031,-1.0,1.5858,31.3042,0.0758,33.0324,760,4.45, -> refrigerator (4.4%)
frame_000032,-1.0,2.8907,30.3265,0.0738,33.3538,760,6.12, -> refrigerator (6.1%)
frame_000033,-1.0,1.971,31.0029,0.0758,33.1142,423,5.16, -> barber chair (5.2%)
frame_000034,-1.0,2.0829,31.4969,0.0765,33.7195,526,5.12, -> desk (5.1%)
frame_000035,-1.0,2.6796,30.4225,0.0748,33.2461,760,5.21, -> refrigerator (5.2%)
frame_000036,-1.0,2.1212,31.2211,0.0778,33.4847,526,4.65, -> desk (4.6%)
frame_000037,-1.0,1.7181,36.4333,0.0777,38.2932,760,5.38, -> refrigerator (5.4%)
frame_000038,-1.0,1.722,36.9284,0.0755,38.7905,894,4.31, -> wardrobe (4.3%)
frame_000039,-1.0,1.3806,33.4107,0.0782,34.9344,760,6.65, -> refrigerator (6.7%)
frame_000040,-1.0,1.7565,34.0373,0.0744,35.9315,526,5.86, -> desk (5.9%)
frame_000041,-1.0,2.6031,31.5189,0.0775,34.2644,760,7.42, -> refrigerator (7.4%)
frame_000042,-1.0,1.5837,29.4216,0.0762,31.1456,877,5.35, -> turnstile (5.3%)
frame_000043,-1.0,3.1387,47.7225,0.0768,51.0022,877,6.11, -> turnstile (6.1%)
frame_000044,-1.0,1.7053,38.8134,0.0731,40.6561,877,5.6, -> turnstile (5.6%)
frame_000045,-1.0,3.0735,29.6793,0.0801,32.8976,526,6.43, -> desk (6.4%)
frame_000046,-1.0,3.496,34.604,0.0756,38.2403,526,5.38, -> desk (5.4%)
frame_000047,-1.0,2.6407,34.6714,0.0759,37.4517,526,11.76, -> desk (11.8%)
frame_000048,-1.0,2.0994,31.2517,0.0758,33.4923,894,7.14, -> wardrobe (7.1%)
frame_000049,-1.0,2.0665,31.0243,0.0752,33.23,526,6.2, -> desk (6.2%)
frame_000050,-1.0,3.1005,41.2393,0.0745,44.4791,760,6.13, -> refrigerator (6.1%)
frame_000051,-1.0,1.6291,40.8017,0.0793,42.5743,760,5.99, -> refrigerator (6.0%)
frame_000052,-1.0,1.5879,32.6109,0.108,34.4078,760,7.9, -> refrigerator (7.9%)
frame_000053,-1.0,1.4862,30.78,0.0771,32.4071,760,8.07, -> refrigerator (8.1%)
frame_000054,-1.0,1.6831,31.1978,0.0798,33.027,760,5.03, -> refrigerator (5.0%)
frame_000055,-1.0,1.7478,31.1069,0.0831,33.0044,760,6.68, -> refrigerator (6.7%)
frame_000056,-1.0,2.3787,31.7352,0.0777,34.2581,877,5.06, -> turnstile (5.1%)
frame_000057,-1.0,1.5049,34.9116,0.0757,36.555,760,6.64, -> refrigerator (6.6%)
frame_000058,-1.0,1.8049,54.7513,0.0739,56.6941,526,6.59, -> desk (6.6%)
frame_000059,-1.0,1.6015,46.4786,0.0771,48.2215,526,9.56, -> desk (9.6%)
frame_000060,-1.0,1.6624,33.7318,0.0756,35.5435,526,6.62, -> desk (6.6%)
frame_000061,-1.0,2.4836,33.7039,0.0756,36.3266,526,10.75, -> desk (10.8%)
frame_000062,-1.0,2.3867,36.178,0.0767,38.7063,526,6.45, -> desk (6.5%)
frame_000063,-1.0,1.6556,47.2854,0.0778,49.0828,526,11.15, -> desk (11.2%)
frame_000064,-1.0,2.7555,44.4752,0.0778,47.3725,526,10.39, -> desk (10.4%)
frame_000065,-1.0,1.9096,39.4049,0.0785,41.4563,526,11.39, -> desk (11.4%)
frame_000066,-1.0,1.3816,47.1958,0.0765,48.7178,526,7.19, -> desk (7.2%)
frame_000067,-1.0,1.7468,42.9167,0.0751,44.8039,526,4.91, -> desk (4.9%)
frame_000068,-1.0,1.6993,30.1749,0.0768,32.0153,526,14.97, -> desk (15.0%)
frame_000069,-1.0,1.8181,37.9001,0.0837,39.8652,526,8.42, -> desk (8.4%)
frame_000070,-1.0,1.6972,31.9883,0.0778,33.8282,526,10.11, -> desk (10.1%)
frame_000071,-1.0,1.855,36.3051,0.1172,38.3415,526,10.16, -> desk (10.2%)
frame_000072,-1.0,1.6706,30.8962,0.077,32.7083,526,8.24, -> desk (8.2%)
frame_000073,-1.0,2.2206,32.6792,0.0753,35.039,526,6.14, -> desk (6.1%)
frame_000074,-1.0,1.8647,38.6622,0.1333,40.7616,526,6.43, -> desk (6.4%)
frame_000075,-1.0,1.3802,45.5729,0.0779,47.0967,526,12.72, -> desk (12.7%)
frame_000076,-1.0,2.0205,35.546,0.0763,37.7398,526,9.29, -> desk (9.3%)
frame_000077,-1.0,3.0408,35.2986,0.0762,38.4805,526,5.75, -> desk (5.7%)
frame_000078,-1.0,2.6111,42.758,0.0784,45.5148,526,10.15, -> desk (10.1%)
frame_000079,-1.0,1.4522,43.1495,0.0975,44.7839,526,11.41, -> desk (11.4%)
frame_000080,-1.0,1.5412,44.2325,0.076,45.915,526,9.98, -> desk (10.0%)
frame_000081,-1.0,1.4641,40.6611,0.0772,42.2665,526,10.58, -> desk (10.6%)
frame_000082,-1.0,1.3566,36.5224,0.0759,38.0186,526,7.17, -> desk (7.2%)
frame_000083,-1.0,1.6205,30.5467,0.0767,32.3083,526,6.46, -> desk (6.5%)
frame_000084,-1.0,1.6772,31.6538,0.0768,33.4711,526,5.69, -> desk (5.7%)
frame_000085,-1.0,2.9304,38.6021,0.0773,41.6912,526,8.83, -> desk (8.8%)
frame_000086,-1.0,1.9784,36.9589,0.0763,39.0777,526,7.5, -> desk (7.5%)
frame_000087,-1.0,1.7511,35.4586,0.0769,37.3504,526,6.28, -> desk (6.3%)
frame_000088,-1.0,3.5739,32.9868,0.0772,36.7023,526,6.47, -> desk (6.5%)
frame_000089,-1.0,1.7873,54.9978,0.0749,56.9226,526,7.55, -> desk (7.6%)
frame_000090,-1.0,1.7246,39.563,0.0771,41.4298,526,11.87, -> desk (11.9%)
frame_000091,-1.0,2.3297,44.0228,0.076,46.4929,526,10.03, -> desk (10.0%)
frame_000092,-1.0,1.7741,31.3386,0.0765,33.252,526,9.28, -> desk (9.3%)
frame_000093,-1.0,2.2152,31.9531,0.0761,34.3073,526,12.48, -> desk (12.5%)
frame_000094,-1.0,1.6916,33.4338,0.0753,35.2633,526,7.71, -> desk (7.7%)
frame_000095,-1.0,1.4198,32.0516,0.0759,33.6314,526,9.18, -> desk (9.2%)
frame_000096,-1.0,1.4466,31.0995,0.0761,32.6864,526,6.4, -> desk (6.4%)
frame_000097,-1.0,1.6418,32.4612,0.0766,34.245,526,5.77, -> desk (5.8%)
frame_000098,-1.0,2.5355,36.7235,0.0763,39.4001,526,10.36, -> desk (10.4%)
frame_000099,-1.0,1.4466,39.1599,0.0783,40.7506,526,9.68, -> desk (9.7%)
frame_000100,-1.0,2.2042,31.4491,0.0766,33.7939,526,11.06, -> desk (11.1%)
frame_000101,-1.0,1.3774,37.4264,0.0785,38.9453,526,8.41, -> desk (8.4%)
frame_000102,-1.0,3.2,30.3146,0.0779,33.6573,526,6.29, -> desk (6.3%)
frame_000103,-1.0,2.2936,32.6062,0.1243,35.0901,526,10.63, -> desk (10.6%)
frame_000104,-1.0,2.229,38.7395,0.0752,41.1079,526,15.49, -> desk (15.5%)
frame_000105,-1.0,1.8159,32.3823,0.078,34.3404,526,14.16, -> desk (14.2%)
frame_000106,-1.0,1.4551,43.1558,0.0745,44.749,526,11.43, -> desk (11.4%)
frame_000107,-1.0,1.343,37.6141,0.0772,39.0976,526,10.7, -> desk (10.7%)
frame_000108,-1.0,1.4008,39.7663,0.077,41.3082,526,7.97, -> desk (8.0%)
frame_000109,-1.0,1.7229,34.109,0.0759,35.9748,526,18.63, -> desk (18.6%)
frame_000110,-1.0,1.7506,29.8019,0.074,31.6983,526,24.58, -> desk (24.6%)
frame_000111,-1.0,2.5473,30.9576,0.0758,33.6464,526,16.95, -> desk (16.9%)
frame_000112,-1.0,1.703,36.2083,0.0809,38.0576,526,11.5, -> desk (11.5%)
frame_000113,-1.0,1.7092,37.6705,0.0782,39.5243,526,20.9, -> desk (20.9%)
frame_000114,-1.0,1.7116,41.9073,0.0754,43.7592,526,20.78, -> desk (20.8%)
frame_000115,-1.0,1.6486,33.4017,0.0787,35.195,526,18.59, -> desk (18.6%)
frame_000116,-1.0,1.7275,34.4544,0.0779,36.3246,526,18.27, -> desk (18.3%)
frame_000117,-1.0,1.89,30.7061,0.0818,32.7414,526,11.38, -> desk (11.4%)
frame_000118,-1.0,1.3301,38.4048,0.0759,39.8759,526,15.8, -> desk (15.8%)
frame_000119,-1.0,2.8779,42.5077,0.0757,45.525,526,9.05, -> desk (9.1%)
frame_000120,-1.0,1.8766,35.1038,0.0753,37.1201,526,11.66, -> desk (11.7%)
frame_000121,-1.0,1.7653,31.7139,0.0767,33.6195,526,11.6, -> desk (11.6%)
frame_000122,-1.0,2.6274,33.696,0.0771,36.4623,526,16.85, -> desk (16.8%)
frame_000123,-1.0,1.6982,30.3755,0.0771,32.2161,526,20.39, -> desk (20.4%)
frame_000124,-1.0,3.0708,47.2754,0.075,50.4855,526,17.14, -> desk (17.1%)
frame_000125,-1.0,1.6487,47.9998,0.0763,49.7895,526,18.15, -> desk (18.2%)
frame_000126,-1.0,1.5302,45.2251,0.079,46.9021,526,16.18, -> desk (16.2%)
frame_000127,-1.0,1.9794,42.5309,0.0747,44.6494,526,19.35, -> desk (19.4%)
frame_000128,-1.0,1.4673,40.0761,0.0743,41.6831,526,21.18, -> desk (21.2%)
frame_000129,-1.0,1.7843,32.1389,0.0768,34.0642,526,20.31, -> desk (20.3%)
frame_000130,-1.0,1.5786,41.1676,0.1378,42.9803,526,19.13, -> desk (19.1%)
frame_000131,-1.0,1.4095,37.6158,0.0761,39.1669,526,22.81, -> desk (22.8%)
frame_000132,-1.0,1.8194,49.0424,0.0765,51.003,526,26.51, -> desk (26.5%)
frame_000133,-1.0,1.3771,50.9678,0.0757,52.4843,526,25.82, -> desk (25.8%)
frame_000134,-1.0,1.352,44.0379,0.0759,45.5305,526,17.36, -> desk (17.4%)
frame_000135,-1.0,1.5039,39.6448,0.0759,41.2892,526,17.41, -> desk (17.4%)
frame_000136,-1.0,1.4291,38.6514,0.0813,40.2273,526,18.94, -> desk (18.9%)
frame_000137,-1.0,1.6928,32.8935,0.075,34.7268,526,26.24, -> desk (26.2%)
frame_000138,-1.0,1.7057,31.4827,0.0767,33.3291,526,28.06, -> desk (28.1%)
frame_000139,-1.0,1.8617,32.5172,0.0769,34.5203,526,42.3, -> desk (42.3%)
frame_000140,-1.0,1.6403,29.3153,0.0761,31.0944,526,32.3, -> desk (32.3%)
frame_000141,-1.0,1.595,33.5444,0.0774,35.2807,526,40.23, -> desk (40.2%)
frame_000142,-1.0,1.4685,56.4939,0.0759,58.1013,526,40.59, -> desk (40.6%)
frame_000143,-1.0,3.3783,37.1107,0.0765,40.6308,526,9.34, -> desk (9.3%)
frame_000144,-1.0,1.7741,61.26,0.0798,63.1822,423,9.48, -> barber chair (9.5%)
frame_000145,-1.0,1.5722,45.4413,0.0768,47.1546,526,10.67, -> desk (10.7%)
frame_000146,-1.0,1.6978,32.2448,0.0767,34.0826,423,11.65, -> barber chair (11.7%)
frame_000147,-1.0,1.714,42.5615,0.0749,44.4156,526,5.26, -> desk (5.3%)
frame_000148,-1.0,1.4036,51.7678,0.0844,53.3212,526,5.93, -> desk (5.9%)
frame_000149,-1.0,1.6745,37.3656,0.0764,39.1808,526,9.12, -> desk (9.1%)
frame_000150,-1.0,1.5779,34.5025,0.1094,36.2549,424,6.29, -> barbershop (6.3%)
frame_000151,-1.0,1.5356,32.1094,0.0762,33.7849,877,5.22, -> turnstile (5.2%)
frame_000152,-1.0,1.5026,32.2705,0.077,33.9153,877,11.77, -> turnstile (11.8%)
frame_000153,-1.0,2.0999,30.6347,0.0772,32.8764,799,5.24, -> sliding door (5.2%)
frame_000154,-1.0,1.5796,31.1749,0.0747,32.893,799,7.48, -> sliding door (7.5%)
frame_000155,-1.0,1.5775,31.0744,0.0772,32.7934,799,7.31, -> sliding door (7.3%)
frame_000156,-1.0,1.4786,33.3322,0.076,34.9519,799,8.11, -> sliding door (8.1%)
frame_000157,-1.0,1.5346,31.6075,0.0766,33.283,799,9.93, -> sliding door (9.9%)
frame_000158,-1.0,1.434,33.2002,0.076,34.7735,713,10.11, -> photocopier (10.1%)
frame_000159,-1.0,2.602,31.2499,0.0781,33.9944,799,16.43, -> sliding door (16.4%)
frame_000160,-1.0,1.7459,31.4233,0.0763,33.3098,799,27.19, -> sliding door (27.2%)
frame_000161,-1.0,1.6983,39.4472,0.0774,41.2855,799,10.71, -> sliding door (10.7%)
frame_000162,-1.0,1.7498,31.8729,0.0754,33.7621,713,13.78, -> photocopier (13.8%)
frame_000163,-1.0,1.693,33.5604,0.0756,35.3925,771,25.51, -> safe (25.5%)
frame_000164,-1.0,2.09,45.5137,0.0767,47.7435,799,28.99, -> sliding door (29.0%)
frame_000165,-1.0,2.1322,30.92,0.0767,33.1917,799,15.49, -> sliding door (15.5%)
frame_000166,-1.0,2.609,45.5256,0.0754,48.2739,799,16.81, -> sliding door (16.8%)
frame_000167,-1.0,1.3716,46.7381,0.0777,48.2516,771,14.55, -> safe (14.5%)
frame_000168,-1.0,1.6064,48.615,0.077,50.3631,771,12.66, -> safe (12.7%)
frame_000169,-1.0,1.4335,48.3532,0.0779,49.9287,771,16.27, -> safe (16.3%)
frame_000170,-1.0,1.5126,38.8817,0.0772,40.5365,771,14.01, -> safe (14.0%)
frame_000171,-1.0,1.3876,52.2729,0.0767,53.8013,771,12.61, -> safe (12.6%)
frame_000172,-1.0,1.4129,42.9111,0.0766,44.4642,859,10.93, -> toaster (10.9%)
frame_000173,-1.0,1.4878,37.0194,0.0752,38.6484,859,9.27, -> toaster (9.3%)
frame_000174,-1.0,1.6145,32.1781,0.0761,33.9321,894,14.4, -> wardrobe (14.4%)
frame_000175,-1.0,1.5254,46.8991,0.0751,48.5636,729,7.37, -> plate rack (7.4%)
frame_000176,-1.0,1.3771,45.4604,0.0759,46.9784,799,8.7, -> sliding door (8.7%)
frame_000177,-1.0,1.6503,36.5869,0.0771,38.3792,729,9.99, -> plate rack (10.0%)
frame_000178,-1.0,1.6061,49.9825,0.0775,51.7301,729,8.03, -> plate rack (8.0%)
frame_000179,-1.0,1.5984,31.1823,0.0768,32.9222,799,8.88, -> sliding door (8.9%)
frame_000180,-1.0,2.9328,31.6144,0.0771,34.6871,729,10.38, -> plate rack (10.4%)
frame_000181,-1.0,1.6207,41.6565,0.0747,43.4154,799,5.73, -> sliding door (5.7%)
frame_000182,-1.0,3.7123,29.3496,0.0758,33.2015,799,9.55, -> sliding door (9.5%)
frame_000183,-1.0,2.0914,41.9615,0.0756,44.1918,799,18.01, -> sliding door (18.0%)
frame_000184,-1.0,3.1442,32.9772,0.0725,36.2577,799,10.04, -> sliding door (10.0%)
frame_000185,-1.0,1.8606,38.7222,0.0764,40.7241,799,16.43, -> sliding door (16.4%)
frame_000186,-1.0,1.6929,38.1905,0.075,40.0235,799,9.58, -> sliding door (9.6%)
frame_000187,-1.0,2.2504,32.7426,0.0761,35.1328,799,10.27, -> sliding door (10.3%)
frame_000188,-1.0,1.6929,31.2698,0.0772,33.1035,799,6.09, -> sliding door (6.1%)
frame_000189,-1.0,1.713,30.0008,0.1097,31.8876,729,5.52, -> plate rack (5.5%)
frame_000190,-1.0,1.7557,32.9781,0.0797,34.8773,799,4.81, -> sliding door (4.8%)
frame_000191,-1.0,2.738,29.4374,0.0763,32.3156,760,11.87, -> refrigerator (11.9%)
frame_000192,-1.0,1.591,29.6631,0.0775,31.396,799,9.46, -> sliding door (9.5%)
frame_000193,-1.0,2.1327,32.5465,0.0774,34.8221,799,9.41, -> sliding door (9.4%)
frame_000194,-1.0,2.1531,31.5055,0.0781,33.8011,804,3.74, -> soap dispenser (3.7%)
frame_000195,-1.0,1.7552,29.3833,0.0777,31.2807,799,4.21, -> sliding door (4.2%)
frame_000196,-1.0,1.7027,41.5213,0.0803,43.3708,799,8.74, -> sliding door (8.7%)
frame_000197,-1.0,1.743,31.0911,0.0785,32.978,799,5.07, -> sliding door (5.1%)
frame_000198,-1.0,2.5818,34.9725,0.0787,37.7031,799,6.19, -> sliding door (6.2%)
frame_000199,-1.0,1.5792,70.9591,0.0763,72.664,799,10.87, -> sliding door (10.9%)
frame_000200,-1.0,1.3643,26.4247,0.075,27.9297,799,12.44, -> sliding door (12.4%)
frame_000201,-1.0,3.0769,40.3708,0.0783,43.5927,423,10.4, -> barber chair (10.4%)
frame_000202,-1.0,2.113,33.2108,0.0824,35.4742,423,6.78, -> barber chair (6.8%)
frame_000203,-1.0,2.2367,30.668,0.0798,33.0479,423,6.32, -> barber chair (6.3%)
frame_000204,-1.0,2.904,37.2212,0.0791,40.2694,713,5.72, -> photocopier (5.7%)
frame_000205,-1.0,2.0087,30.8509,0.079,33.0043,471,7.48, -> cannon (7.5%)
frame_000206,-1.0,1.838,29.6072,0.0796,31.5892,422,14.34, -> barbell (14.3%)
frame_000207,-1.0,1.7416,30.6886,0.0789,32.5735,423,11.65, -> barber chair (11.6%)
frame_000208,-1.0,1.7663,33.0161,0.0779,34.9259,543,14.73, -> dumbbell (14.7%)
frame_000209,-1.0,1.5198,31.988,0.0784,33.6527,422,29.74, -> barbell (29.7%)
frame_000210,-1.0,2.2305,29.1492,0.0788,31.5246,422,23.89, -> barbell (23.9%)
frame_000211,-1.0,1.7985,29.7852,0.0788,31.7277,422,32.16, -> barbell (32.2%)
frame_000212,-1.0,1.6696,31.4361,0.0779,33.2485,422,40.65, -> barbell (40.6%)
frame_000213,-1.0,1.496,46.7927,0.0771,48.4323,422,37.11, -> barbell (37.1%)
frame_000214,-1.0,1.5274,37.9883,0.0791,39.6601,422,29.74, -> barbell (29.7%)
frame_000215,-1.0,2.91,53.9507,0.0781,57.0045,422,39.33, -> barbell (39.3%)
frame_000216,-1.0,1.6981,64.8284,0.0681,66.6383,526,11.92, -> desk (11.9%)
frame_000217,-1.0,1.4355,28.8326,0.0712,30.398,422,16.87, -> barbell (16.9%)
frame_000218,-1.0,2.0128,34.5106,0.069,36.6554,526,11.95, -> desk (11.9%)
frame_000219,-1.0,1.6446,31.8087,0.0679,33.58,422,7.86, -> barbell (7.9%)
frame_000220,-1.0,2.8395,42.1008,0.1279,45.1284,422,10.92, -> barbell (10.9%)
frame_000221,-1.0,1.4087,29.3118,0.0688,30.8503,526,7.42, -> desk (7.4%)
frame_000222,-1.0,1.7333,32.6694,0.0693,34.5321,526,13.07, -> desk (13.1%)
frame_000223,-1.0,1.4796,43.2544,0.0706,44.865,423,6.2, -> barber chair (6.2%)
frame_000224,-1.0,1.2921,35.9313,0.0743,37.3571,782,5.47, -> screen (5.5%)
frame_000225,-1.0,1.5279,38.5484,0.0727,40.2107,423,7.89, -> barber chair (7.9%)
frame_000226,-1.0,1.4404,30.9718,0.0693,32.5413,782,6.55, -> screen (6.6%)
frame_000227,-1.0,2.8367,31.2725,0.0739,34.2481,423,11.56, -> barber chair (11.6%)
frame_000228,-1.0,1.5199,38.0903,0.0712,39.7419,877,26.07, -> turnstile (26.1%)
frame_000229,-1.0,1.2761,57.1668,0.0706,58.5746,423,9.54, -> barber chair (9.5%)
frame_000230,-1.0,1.5461,38.7613,0.0686,40.4356,877,25.0, -> turnstile (25.0%)
frame_000231,-1.0,1.7322,32.749,0.0699,34.6116,877,18.09, -> turnstile (18.1%)
frame_000232,-1.0,1.4066,44.1355,0.0728,45.6751,423,16.84, -> barber chair (16.8%)
frame_000233,-1.0,1.2901,32.4586,0.067,33.8768,877,30.37, -> turnstile (30.4%)
frame_000234,-1.0,3.3766,31.1503,0.149,34.74,561,12.79, -> forklift (12.8%)
frame_000235,-1.0,1.5812,35.8188,0.0898,37.5508,561,21.93, -> forklift (21.9%)
frame_000236,-1.0,1.733,37.4975,0.0715,39.3623,561,23.04, -> forklift (23.0%)
frame_000237,-1.0,3.4696,46.3091,0.0698,49.9106,877,25.38, -> turnstile (25.4%)
frame_000238,-1.0,1.4775,37.9383,0.0702,39.5467,830,14.27, -> stretcher (14.3%)
frame_000239,-1.0,1.8069,32.4592,0.0692,34.3955,830,10.13, -> stretcher (10.1%)
frame_000240,-1.0,2.8019,31.119,0.0696,34.0508,877,27.35, -> turnstile (27.3%)
frame_000241,-1.0,1.494,36.2112,0.0704,37.8361,526,9.77, -> desk (9.8%)
frame_000242,-1.0,2.2356,31.2967,0.0697,33.6668,526,18.13, -> desk (18.1%)
frame_000243,-1.0,2.5837,42.8976,0.069,45.6122,526,19.37, -> desk (19.4%)
frame_000244,-1.0,1.6166,52.8705,0.0692,54.6165,526,17.92, -> desk (17.9%)
frame_000245,-1.0,2.9316,44.1004,0.0687,47.1591,526,15.33, -> desk (15.3%)
frame_000246,-1.0,3.5276,41.5773,0.0713,45.2385,526,17.55, -> desk (17.6%)
frame_000247,-1.0,3.0112,42.7079,0.0699,45.8494,526,12.99, -> desk (13.0%)
frame_000248,-1.0,3.4315,29.9442,0.0709,33.5066,526,10.48, -> desk (10.5%)
frame_000249,-1.0,2.7441,32.8733,0.0701,35.7477,526,13.33, -> desk (13.3%)
frame_000250,-1.0,3.9401,37.28,0.0701,41.3508,526,9.17, -> desk (9.2%)
frame_000251,-1.0,1.5225,43.4667,0.0696,45.1192,526,6.36, -> desk (6.4%)
frame_000252,-1.0,2.3866,33.5797,0.0695,36.0957,526,5.85, -> desk (5.9%)
frame_000253,-1.0,1.5167,29.8291,0.0697,31.4772,526,6.84, -> desk (6.8%)
frame_000254,-1.0,1.9938,30.0065,0.068,32.1289,526,11.96, -> desk (12.0%)
frame_000255,-1.0,1.6807,36.3025,0.0683,38.1114,526,11.49, -> desk (11.5%)
frame_000256,-1.0,1.4969,31.4925,0.0689,33.1186,526,11.18, -> desk (11.2%)
frame_000257,-1.0,1.7485,51.8303,0.0706,53.7105,423,8.42, -> barber chair (8.4%)
frame_000258,-1.0,1.3029,37.2701,0.07,38.7035,526,8.56, -> desk (8.6%)
frame_000259,-1.0,3.0155,43.1592,0.0689,46.3032,526,8.76, -> desk (8.8%)
frame_000260,-1.0,1.4379,58.3234,0.0775,59.9007,526,9.42, -> desk (9.4%)
frame_000261,-1.0,1.312,56.7966,0.0694,58.2363,851,7.51, -> television (7.5%)
frame_000262,-1.0,1.4708,54.1347,0.0727,55.7397,851,7.35, -> television (7.3%)
frame_000263,-1.0,1.2993,53.2034,0.0695,54.687,526,5.4, -> desk (5.4%)
frame_000264,-1.0,2.8074,31.5554,0.0686,34.4936,526,10.41, -> desk (10.4%)
frame_000265,-1.0,2.206,34.1707,0.0691,36.5055,526,6.45, -> desk (6.5%)
frame_000266,-1.0,3.3833,32.2824,0.0682,35.7941,851,10.2, -> television (10.2%)
frame_000267,-1.0,1.4873,39.0644,0.0656,40.6788,851,8.69, -> television (8.7%)
frame_000268,-1.0,1.4187,36.1532,0.0686,37.7009,851,14.88, -> television (14.9%)
frame_000269,-1.0,1.779,33.085,0.0691,34.9934,598,7.92, -> home theater (7.9%)
frame_000270,-1.0,1.9608,36.7032,0.0687,38.793,851,8.38, -> television (8.4%)
frame_000271,-1.0,1.5633,39.0669,0.0712,40.762,526,7.87, -> desk (7.9%)
frame_000272,-1.0,1.404,34.2414,0.0756,35.7861,851,10.25, -> television (10.2%)
frame_000273,-1.0,3.4006,32.112,0.0679,35.6404,851,7.96, -> television (8.0%)
frame_000274,-1.0,2.2831,31.7411,0.0687,34.1535,526,6.95, -> desk (6.9%)
frame_000275,-1.0,1.7849,33.7384,0.0711,35.6544,851,11.42, -> television (11.4%)
frame_000276,-1.0,3.581,35.8601,0.0931,39.5964,851,8.94, -> television (8.9%)
frame_000277,-1.0,2.2882,42.1141,0.0698,44.5314,526,17.5, -> desk (17.5%)
frame_000278,-1.0,1.713,39.4991,0.0711,41.3445,526,11.93, -> desk (11.9%)
frame_000279,-1.0,1.3042,39.8982,0.0699,41.3324,851,7.28, -> television (7.3%)
frame_000280,-1.0,1.2049,41.4167,0.0667,42.747,598,8.01, -> home theater (8.0%)
frame_000281,-1.0,1.6544,40.9625,0.0705,42.7502,526,7.19, -> desk (7.2%)
frame_000282,-1.0,1.3029,50.2598,0.0732,51.7,598,6.8, -> home theater (6.8%)
frame_000283,-1.0,1.4596,41.699,0.0682,43.283,598,7.69, -> home theater (7.7%)
frame_000284,-1.0,1.7238,32.6649,0.0674,34.5149,526,6.71, -> desk (6.7%)
frame_000285,-1.0,1.6573,30.3808,0.0686,32.1651,526,6.51, -> desk (6.5%)
frame_000286,-1.0,1.2274,44.7526,0.0727,46.1136,526,6.82, -> desk (6.8%)
frame_000287,-1.0,1.34,40.0555,0.0694,41.5227,526,9.04, -> desk (9.0%)
frame_000288,-1.0,1.6841,34.9935,0.0721,36.8118,526,8.73, -> desk (8.7%)
frame_000289,-1.0,1.8278,36.9189,0.0716,38.8785,526,9.45, -> desk (9.5%)
frame_000290,-1.0,1.7221,32.7103,0.0687,34.562,526,9.07, -> desk (9.1%)
frame_000291,-1.0,1.937,47.6245,0.0694,49.6966,526,10.93, -> desk (10.9%)
frame_000292,-1.0,1.3159,44.8411,0.0686,46.2848,851,7.56, -> television (7.6%)
frame_000293,-1.0,1.3561,49.9084,0.0678,51.3927,526,8.26, -> desk (8.3%)
frame_000294,-1.0,2.5874,38.0729,0.0688,40.7871,526,12.37, -> desk (12.4%)
frame_000295,-1.0,1.554,36.543,0.0674,38.2243,526,9.41, -> desk (9.4%)
frame_000296,-1.0,2.4614,34.6918,0.0722,37.287,526,11.8, -> desk (11.8%)
frame_000297,-1.0,1.4797,32.8578,0.0692,34.4646,526,14.75, -> desk (14.8%)
frame_000298,-1.0,2.4099,32.8271,0.0992,35.3985,526,10.68, -> desk (10.7%)
frame_000299,-1.0,2.3581,29.824,0.0687,32.3107,526,9.31, -> desk (9.3%)
frame_000300,-1.0,1.7067,33.2332,0.0684,35.0696,894,5.53, -> wardrobe (5.5%)
frame_000301,-1.0,2.6788,37.2676,0.0682,40.0753,526,10.02, -> desk (10.0%)
frame_000302,-1.0,1.4925,35.7038,0.0679,37.3246,526,10.64, -> desk (10.6%)
frame_000303,-1.0,1.7605,34.3481,0.0701,36.2397,526,6.52, -> desk (6.5%)
frame_000304,-1.0,1.5876,46.3327,0.0693,48.0491,422,11.79, -> barbell (11.8%)
frame_000305,-1.0,2.3403,40.8884,0.0672,43.3577,422,8.3, -> barbell (8.3%)
frame_000306,-1.0,1.5615,74.6438,0.0699,76.3354,422,11.19, -> barbell (11.2%)
frame_000307,-1.0,2.7658,34.748,0.0705,37.6454,543,8.02, -> dumbbell (8.0%)
frame_000308,-1.0,3.0286,28.2729,0.0703,31.4317,830,8.33, -> stretcher (8.3%)
frame_000309,-1.0,1.5173,52.8296,0.0674,54.4721,543,22.48, -> dumbbell (22.5%)
frame_000310,-1.0,1.3103,49.6746,0.0706,51.1156,543,23.3, -> dumbbell (23.3%)
frame_000311,-1.0,1.3372,40.3758,0.0691,41.8418,543,22.07, -> dumbbell (22.1%)
frame_000312,-1.0,1.3215,60.6234,0.0686,62.0737,799,4.6, -> sliding door (4.6%)
frame_000313,-1.0,1.3559,46.2101,0.0688,47.7003,543,10.46, -> dumbbell (10.5%)
frame_000314,-1.0,1.2862,44.7191,0.0678,46.1311,894,9.16, -> wardrobe (9.2%)
frame_000315,-1.0,2.612,43.9626,0.0673,46.7013,543,8.17, -> dumbbell (8.2%)
frame_000316,-1.0,1.4793,43.1067,0.071,44.7163,543,11.02, -> dumbbell (11.0%)
frame_000317,-1.0,2.4437,48.7843,0.0683,51.3566,543,8.32, -> dumbbell (8.3%)
frame_000318,-1.0,1.8752,31.453,0.0711,33.4597,422,18.01, -> barbell (18.0%)
frame_000319,-1.0,2.682,33.8114,0.0676,36.6211,422,12.72, -> barbell (12.7%)
frame_000320,-1.0,1.3952,30.5538,0.0695,32.0796,579,17.23, -> grand piano (17.2%)
frame_000321,-1.0,1.6561,39.0889,0.0684,40.8731,579,15.12, -> grand piano (15.1%)
frame_000322,-1.0,1.2767,36.6831,0.0687,38.0895,579,17.76, -> grand piano (17.8%)
frame_000323,-1.0,1.3757,63.1739,0.0686,64.6781,579,39.91, -> grand piano (39.9%)
frame_000324,-1.0,2.5653,48.9869,0.0672,51.682,579,12.01, -> grand piano (12.0%)
frame_000325,-1.0,1.6603,35.8043,0.0727,37.6475,579,9.2, -> grand piano (9.2%)
frame_000326,-1.0,3.5095,35.8781,0.0682,39.5155,579,6.74, -> grand piano (6.7%)
frame_000327,-1.0,1.3013,71.2424,0.0732,72.6652,579,8.62, -> grand piano (8.6%)
frame_000328,-1.0,1.5649,31.7609,0.0748,33.4676,526,19.64, -> desk (19.6%)
frame_000329,-1.0,1.4976,34.8363,0.0692,36.4644,526,7.71, -> desk (7.7%)
frame_000330,-1.0,1.333,38.212,0.0712,39.6776,526,17.32, -> desk (17.3%)
frame_000331,-1.0,3.5597,42.4924,0.0684,46.1803,526,12.38, -> desk (12.4%)
frame_000332,-1.0,1.7049,46.54,0.0705,48.3775,526,9.74, -> desk (9.7%)
frame_000333,-1.0,1.2919,55.2062,0.0682,56.6275,526,10.55, -> desk (10.5%)
frame_000334,-1.0,1.2863,38.5744,0.0692,39.9871,526,17.35, -> desk (17.4%)
frame_000335,-1.0,1.8104,35.1901,0.0681,37.1339,526,19.33, -> desk (19.3%)
frame_000336,-1.0,3.5441,28.9309,0.0686,32.6054,526,8.27, -> desk (8.3%)
frame_000337,-1.0,1.6472,46.9571,0.071,48.7355,526,11.34, -> desk (11.3%)
frame_000338,-1.0,1.315,44.0778,0.0881,45.5408,526,11.94, -> desk (11.9%)
frame_000339,-1.0,1.8052,32.8861,0.0702,34.8212,526,13.16, -> desk (13.2%)
frame_000340,-1.0,1.5113,33.0527,0.0728,34.6978,526,11.76, -> desk (11.8%)
frame_000341,-1.0,2.2695,51.6472,0.0694,54.0464,526,25.31, -> desk (25.3%)
frame_000342,-1.0,1.3641,42.4824,0.0687,43.9759,526,33.51, -> desk (33.5%)
frame_000343,-1.0,1.6129,33.3118,0.0741,35.0607,526,15.29, -> desk (15.3%)
frame_000344,-1.0,1.8659,33.7762,0.0687,35.7769,526,15.54, -> desk (15.5%)
frame_000345,-1.0,1.4875,31.9715,0.0703,33.5887,526,16.09, -> desk (16.1%)
frame_000346,-1.0,1.8004,35.8739,0.0912,37.8265,526,14.8, -> desk (14.8%)
frame_000347,-1.0,1.4414,40.2845,0.0683,41.8541,526,13.92, -> desk (13.9%)
frame_000348,-1.0,1.3086,36.7831,0.072,38.2249,526,12.34, -> desk (12.3%)
frame_000349,-1.0,1.303,44.6163,0.0719,46.0515,526,12.31, -> desk (12.3%)
frame_000350,-1.0,1.7015,44.0137,0.0705,45.8472,526,14.84, -> desk (14.8%)
frame_000351,-1.0,1.4923,29.9111,0.0666,31.5286,526,23.78, -> desk (23.8%)
frame_000352,-1.0,1.4829,30.7725,0.068,32.3838,526,16.51, -> desk (16.5%)
frame_000353,-1.0,1.3312,32.764,0.0705,34.2257,526,21.41, -> desk (21.4%)
frame_000354,-1.0,1.5024,40.9292,0.0682,42.5602,830,14.83, -> stretcher (14.8%)
frame_000355,-1.0,1.463,51.0374,0.071,52.6347,526,16.43, -> desk (16.4%)
frame_000356,-1.0,2.7785,37.0454,0.0703,39.9545,830,31.77, -> stretcher (31.8%)
frame_000357,-1.0,1.6611,31.3934,0.0724,33.1887,526,12.03, -> desk (12.0%)
frame_000358,-1.0,1.8516,32.7393,0.1181,34.7721,526,19.95, -> desk (20.0%)
frame_000359,-1.0,2.735,31.271,0.0698,34.1371,526,21.66, -> desk (21.7%)
frame_000360,-1.0,3.1329,43.7587,0.069,47.0211,526,11.45, -> desk (11.5%)
frame_000361,-1.0,1.9668,33.5944,0.0694,35.6931,526,10.2, -> desk (10.2%)
frame_000362,-1.0,1.5001,36.9912,0.0695,38.621,526,10.48, -> desk (10.5%)
frame_000363,-1.0,2.6666,47.986,0.0683,50.7794,526,22.47, -> desk (22.5%)
frame_000364,-1.0,2.5256,51.3293,0.0696,53.9843,526,18.34, -> desk (18.3%)
frame_000365,-1.0,1.5146,40.0773,0.0697,41.7213,526,24.3, -> desk (24.3%)
frame_000366,-1.0,1.3111,52.1757,0.0692,53.6133,526,34.05, -> desk (34.0%)
frame_000367,-1.0,3.0465,44.6829,0.0809,47.8699,526,27.35, -> desk (27.3%)
frame_000368,-1.0,2.1114,34.0993,0.0706,36.3423,526,19.55, -> desk (19.5%)
frame_000369,-1.0,2.5708,44.6983,0.069,47.3993,526,19.06, -> desk (19.1%)
frame_000370,-1.0,2.5938,41.2309,0.0912,43.9942,526,34.17, -> desk (34.2%)
frame_000371,-1.0,2.1114,34.9593,0.0695,37.2004,526,17.48, -> desk (17.5%)
frame_000372,-1.0,1.8236,30.8181,0.0687,32.7694,526,19.77, -> desk (19.8%)
frame_000373,-1.0,1.8411,38.8734,0.0718,40.8456,526,43.13, -> desk (43.1%)
frame_000374,-1.0,1.8292,32.6734,0.07,34.6323,526,21.57, -> desk (21.6%)
frame_000375,-1.0,2.6867,38.3588,0.0683,41.1739,526,30.84, -> desk (30.8%)
frame_000376,-1.0,3.8682,55.1651,0.0699,59.1623,526,26.6, -> desk (26.6%)
frame_000377,-1.0,1.3269,40.7912,0.0698,42.2477,526,22.44, -> desk (22.4%)
frame_000378,-1.0,1.8045,31.8325,0.07,33.7675,526,24.12, -> desk (24.1%)
frame_000379,-1.0,2.654,55.2261,0.0708,58.0121,526,20.97, -> desk (21.0%)
frame_000380,-1.0,1.5522,33.5221,0.0684,35.2009,526,17.84, -> desk (17.8%)
frame_000381,-1.0,1.7565,34.8201,0.0679,36.7041,526,14.46, -> desk (14.5%)
frame_000382,-1.0,2.4177,47.3965,0.0673,49.942,526,16.92, -> desk (16.9%)
frame_000383,-1.0,1.6197,30.9595,0.0698,32.7537,526,26.3, -> desk (26.3%)
frame_000384,-1.0,2.9079,36.966,0.0696,40.0025,526,12.6, -> desk (12.6%)
frame_000385,-1.0,2.1636,34.5228,0.0713,36.8169,526,13.61, -> desk (13.6%)
frame_000386,-1.0,2.9529,42.5284,0.0676,45.6301,526,16.28, -> desk (16.3%)
frame_000387,-1.0,1.5654,30.7285,0.0685,32.4217,526,16.74, -> desk (16.7%)
frame_000388,-1.0,2.2955,31.7091,0.0706,34.1349,526,33.6, -> desk (33.6%)
frame_000389,-1.0,1.839,30.763,0.0696,32.7373,526,14.64, -> desk (14.6%)
frame_000390,-1.0,1.4473,33.6459,0.0682,35.2221,526,15.8, -> desk (15.8%)
frame_000391,-1.0,1.5927,32.288,0.069,34.0085,526,11.17, -> desk (11.2%)
frame_000392,-1.0,1.9171,34.367,0.0696,36.4143,526,21.79, -> desk (21.8%)
frame_000393,-1.0,1.4057,52.4374,0.0698,53.974,526,28.22, -> desk (28.2%)
frame_000394,-1.0,2.6443,42.0899,0.0684,44.8606,526,18.05, -> desk (18.0%)
frame_000395,-1.0,2.071,30.7457,0.0665,32.9422,526,14.16, -> desk (14.2%)
frame_000396,-1.0,1.8452,30.0834,0.0704,32.0617,526,15.13, -> desk (15.1%)
frame_000397,-1.0,1.5104,46.1125,0.0697,47.7556,526,13.14, -> desk (13.1%)
frame_000398,-1.0,1.63,34.5753,0.0704,36.3351,526,19.88, -> desk (19.9%)
frame_000399,-1.0,1.8221,41.1513,0.0728,43.111,526,26.73, -> desk (26.7%)
frame_000400,-1.0,1.3072,36.1525,0.0713,37.5933,526,38.63, -> desk (38.6%)
frame_000401,-1.0,1.6422,30.8379,0.0714,32.6135,423,18.71, -> barber chair (18.7%)
frame_000402,-1.0,1.7592,31.175,0.0694,33.0653,526,25.56, -> desk (25.6%)
frame_000403,-1.0,1.4947,30.0558,0.0669,31.6809,526,22.89, -> desk (22.9%)
frame_000404,-1.0,1.4094,42.5702,0.0688,44.1063,526,13.2, -> desk (13.2%)
frame_000405,-1.0,1.4205,44.332,0.0682,45.88,526,15.38, -> desk (15.4%)
frame_000406,-1.0,1.3469,38.7323,0.0681,40.2062,526,11.89, -> desk (11.9%)
frame_000407,-1.0,1.4337,34.9187,0.073,36.4847,526,21.73, -> desk (21.7%)
frame_000408,-1.0,1.4538,30.615,0.0672,32.2008,526,23.96, -> desk (24.0%)
frame_000409,-1.0,1.4421,36.9186,0.0688,38.4887,526,10.37, -> desk (10.4%)
frame_000410,-1.0,1.6109,31.8198,0.0718,33.5627,526,8.53, -> desk (8.5%)
frame_000411,-1.0,1.7691,45.653,0.0724,47.5546,830,12.37, -> stretcher (12.4%)
frame_000412,-1.0,2.6297,43.9068,0.0683,46.6649,830,9.3, -> stretcher (9.3%)
frame_000413,-1.0,1.4782,42.5242,0.0681,44.1297,830,14.53, -> stretcher (14.5%)
frame_000414,-1.0,1.8066,32.7814,0.069,34.7162,526,13.22, -> desk (13.2%)
frame_000415,-1.0,1.3512,35.22,0.0686,36.7003,526,23.55, -> desk (23.5%)
frame_000416,-1.0,1.4252,43.6675,0.0906,45.2618,830,21.39, -> stretcher (21.4%)
frame_000417,-1.0,1.5941,36.5356,0.0705,38.2662,830,25.34, -> stretcher (25.3%)
frame_000418,-1.0,1.5276,42.4511,0.0704,44.1088,830,29.17, -> stretcher (29.2%)
frame_000419,-1.0,1.3453,53.081,0.0681,54.5812,526,16.58, -> desk (16.6%)
frame_000420,-1.0,1.3197,38.4671,0.0685,39.9158,526,15.82, -> desk (15.8%)
frame_000421,-1.0,1.409,37.869,0.0688,39.4073,526,23.99, -> desk (24.0%)
frame_000422,-1.0,1.3836,35.9196,0.0703,37.4337,526,21.94, -> desk (21.9%)
frame_000423,-1.0,1.2867,53.3105,0.0728,54.7311,526,26.94, -> desk (26.9%)
frame_000424,-1.0,1.4702,39.9506,0.0691,41.5507,526,8.4, -> desk (8.4%)
frame_000425,-1.0,1.6883,29.5512,0.0682,31.3684,830,17.4, -> stretcher (17.4%)
frame_000426,-1.0,1.8665,32.2078,0.0713,34.2072,526,19.52, -> desk (19.5%)
frame_000427,-1.0,1.6303,36.2831,0.0705,38.0464,526,17.61, -> desk (17.6%)
frame_000428,-1.0,3.0904,38.6888,0.0697,41.9086,526,28.3, -> desk (28.3%)
frame_000429,-1.0,1.5535,43.0723,0.0677,44.7546,526,21.43, -> desk (21.4%)
frame_000430,-1.0,1.2811,43.0478,0.0698,44.4585,526,22.19, -> desk (22.2%)
frame_000431,-1.0,1.5721,50.9571,0.071,52.6595,526,25.85, -> desk (25.8%)
frame_000432,-1.0,1.294,35.8814,0.0686,37.3035,526,8.29, -> desk (8.3%)
frame_000433,-1.0,1.8409,33.0087,0.0687,34.9789,526,15.47, -> desk (15.5%)
frame_000434,-1.0,1.3321,30.8624,0.0684,32.3229,526,12.8, -> desk (12.8%)
frame_000435,-1.0,1.2793,35.2928,0.0676,36.6987,526,21.05, -> desk (21.0%)
frame_000436,-1.0,1.4557,38.8482,0.0908,40.4715,526,11.75, -> desk (11.8%)
frame_000437,-1.0,1.6359,29.9966,0.0696,31.7612,526,10.7, -> desk (10.7%)
frame_000438,-1.0,1.8018,37.1243,0.0704,39.0575,526,18.98, -> desk (19.0%)
frame_000439,-1.0,1.7427,47.9708,0.069,49.8418,423,8.47, -> barber chair (8.5%)
frame_000440,-1.0,1.3111,36.8995,0.0684,38.337,423,10.56, -> barber chair (10.6%)
frame_000441,-1.0,2.5821,39.927,0.0706,42.6381,526,8.75, -> desk (8.7%)
frame_000442,-1.0,2.3153,53.9458,0.0707,56.3912,526,7.45, -> desk (7.5%)
frame_000443,-1.0,1.3411,44.1794,0.0696,45.6524,830,10.76, -> stretcher (10.8%)
frame_000444,-1.0,1.6576,35.5003,0.0711,37.2912,423,9.73, -> barber chair (9.7%)
frame_000445,-1.0,1.7831,32.7698,0.0687,34.6828,423,11.84, -> barber chair (11.8%)
frame_000446,-1.0,1.3387,54.6209,0.0728,56.0948,830,6.76, -> stretcher (6.8%)
frame_000447,-1.0,1.3108,40.4446,0.0693,41.8854,423,6.18, -> barber chair (6.2%)
frame_000448,-1.0,1.358,42.9217,0.0705,44.4119,423,8.97, -> barber chair (9.0%)
frame_000449,-1.0,1.3847,45.7404,0.0693,47.2535,830,5.42, -> stretcher (5.4%)
frame_000450,-1.0,1.2742,35.8451,0.0683,37.2471,830,7.02, -> stretcher (7.0%)
frame_000451,-1.0,1.2449,50.288,0.0688,51.6651,830,7.92, -> stretcher (7.9%)
frame_000452,-1.0,1.5416,39.4653,0.069,41.1374,830,6.49, -> stretcher (6.5%)
frame_000453,-1.0,1.7813,32.837,0.1123,34.7912,423,11.28, -> barber chair (11.3%)
frame_000454,-1.0,1.7345,33.0861,0.069,34.9496,830,13.32, -> stretcher (13.3%)
frame_000455,-1.0,2.5285,54.9539,0.0704,57.6145,830,14.36, -> stretcher (14.4%)
frame_000456,-1.0,1.6247,92.1369,0.068,93.8863,423,12.23, -> barber chair (12.2%)
frame_000457,-1.0,1.1409,28.6575,0.0682,29.928,788,6.35, -> shoe shop (6.3%)
frame_000458,-1.0,1.3829,42.7072,0.2241,44.3724,788,6.49, -> shoe shop (6.5%)
frame_000459,-1.0,1.5897,30.4997,0.0682,32.2179,423,8.07, -> barber chair (8.1%)
frame_000460,-1.0,2.672,60.1963,0.0666,62.9955,423,11.34, -> barber chair (11.3%)
frame_000461,-1.0,1.5105,43.0892,0.0699,44.7286,830,8.82, -> stretcher (8.8%)
frame_000462,-1.0,1.3038,44.155,0.0689,45.5845,830,6.19, -> stretcher (6.2%)
frame_000463,-1.0,2.346,32.396,0.0656,34.8636,423,4.45, -> barber chair (4.5%)
frame_000464,-1.0,3.1668,28.9573,0.0679,32.251,423,3.41, -> barber chair (3.4%)
frame_000465,-1.0,2.3613,32.5378,0.0691,35.0334,518,5.32, -> crash helmet (5.3%)
frame_000466,-1.0,3.5959,31.2327,0.1243,35.0127,423,4.94, -> barber chair (4.9%)
frame_000467,-1.0,1.6095,38.1119,0.0682,39.8479,526,3.9, -> desk (3.9%)
frame_000468,-1.0,1.7682,54.3355,0.0701,56.2338,423,6.97, -> barber chair (7.0%)
frame_000469,-1.0,2.6618,39.5354,0.0677,42.325,526,4.67, -> desk (4.7%)
frame_000470,-1.0,1.3711,34.0418,0.0685,35.5399,423,8.39, -> barber chair (8.4%)
frame_000471,-1.0,2.2703,33.3693,0.067,35.7667,518,11.52, -> crash helmet (11.5%)
frame_000472,-1.0,2.5628,50.4424,0.0688,53.1355,518,17.34, -> crash helmet (17.3%)
frame_000473,-1.0,1.652,38.9735,0.0692,40.7569,423,6.59, -> barber chair (6.6%)
frame_000474,-1.0,1.6745,29.8236,0.0716,31.6359,518,4.3, -> crash helmet (4.3%)
frame_000475,-1.0,1.74,37.8027,0.0695,39.6735,526,4.63, -> desk (4.6%)
frame_000476,-1.0,1.441,29.8087,0.069,31.3778,526,11.76, -> desk (11.8%)
frame_000477,-1.0,1.5209,33.0434,0.0677,34.6902,543,3.85, -> dumbbell (3.8%)
frame_000478,-1.0,1.3288,41.4578,0.0707,42.9183,543,8.22, -> dumbbell (8.2%)
frame_000479,-1.0,1.3487,39.5368,0.069,41.0133,550,7.53, -> espresso maker (7.5%)
frame_000480,-1.0,1.4031,34.8174,0.0726,36.3545,739,4.59, -> potter's wheel (4.6%)
frame_000481,-1.0,1.4842,44.8735,0.0716,46.4902,739,4.46, -> potter's wheel (4.5%)
frame_000482,-1.0,1.3297,50.5394,0.0709,52.0015,550,2.58, -> espresso maker (2.6%)
frame_000483,-1.0,2.6387,44.3679,0.07,47.1382,550,3.58, -> espresso maker (3.6%)
frame_000484,-1.0,1.3731,63.057,0.0883,64.5609,526,5.81, -> desk (5.8%)
frame_000485,-1.0,1.3234,31.1291,0.0789,32.595,526,4.82, -> desk (4.8%)
frame_000486,-1.0,2.3319,34.4111,0.0789,36.8884,526,3.5, -> desk (3.5%)
frame_000487,-1.0,1.3606,43.4965,0.0694,44.9858,550,6.11, -> espresso maker (6.1%)
frame_000488,-1.0,1.3004,43.1776,0.1012,44.6382,550,7.65, -> espresso maker (7.6%)
frame_000489,-1.0,1.2135,46.1983,0.0677,47.5386,526,5.16, -> desk (5.2%)
frame_000490,-1.0,1.31,32.8616,0.0674,34.3001,550,5.06, -> espresso maker (5.1%)
frame_000491,-1.0,1.5231,38.0743,0.0684,39.7259,526,8.4, -> desk (8.4%)
frame_000492,-1.0,1.3752,53.992,0.0707,55.4966,550,4.15, -> espresso maker (4.1%)
frame_000493,-1.0,1.2592,39.4888,0.0701,40.8781,526,4.69, -> desk (4.7%)
frame_000494,-1.0,1.6891,61.4307,0.0724,63.2539,550,6.26, -> espresso maker (6.3%)
frame_000495,-1.0,1.4573,40.5864,0.0707,42.1752,526,10.67, -> desk (10.7%)
frame_000496,-1.0,1.3179,37.1321,0.0694,38.5789,526,15.16, -> desk (15.2%)
frame_000497,-1.0,1.3502,49.0954,0.0692,50.5746,526,15.66, -> desk (15.7%)
frame_000498,-1.0,1.5191,38.5505,0.0693,40.1992,526,5.11, -> desk (5.1%)
frame_000499,-1.0,1.3832,48.9999,0.0684,50.5097,894,3.65, -> wardrobe (3.6%)
frame_000500,-1.0,1.5461,56.2174,0.0694,57.8921,526,9.96, -> desk (10.0%)
frame_000501,-1.0,1.4174,37.1951,0.0693,38.7414,526,10.37, -> desk (10.4%)
frame_000502,-1.0,1.323,62.5371,0.0712,63.9908,894,10.7, -> wardrobe (10.7%)
frame_000503,-1.0,1.5041,40.2178,0.0908,41.8704,894,14.28, -> wardrobe (14.3%)
frame_000504,-1.0,1.403,43.4603,0.0683,44.9902,526,5.8, -> desk (5.8%)
frame_000505,-1.0,1.3518,45.977,0.0698,47.4578,894,16.23, -> wardrobe (16.2%)
frame_000506,-1.0,1.4283,50.014,0.1017,51.6205,894,14.57, -> wardrobe (14.6%)
frame_000507,-1.0,2.6437,46.8735,0.0681,49.6453,894,15.37, -> wardrobe (15.4%)
frame_000508,-1.0,1.6553,40.9306,0.0721,42.7173,894,21.98, -> wardrobe (22.0%)
frame_000509,-1.0,1.4416,41.62,0.0702,43.191,894,19.24, -> wardrobe (19.2%)
frame_000510,-1.0,2.6061,50.0683,0.0683,52.8192,894,26.79, -> wardrobe (26.8%)
frame_000511,-1.0,2.6511,40.7699,0.0705,43.5504,894,20.99, -> wardrobe (21.0%)
frame_000512,-1.0,1.5369,41.2491,0.0695,42.9162,894,26.83, -> wardrobe (26.8%)
frame_000513,-1.0,2.4645,36.3884,0.0682,38.98,894,26.51, -> wardrobe (26.5%)
frame_000514,-1.0,1.5429,42.7194,0.0738,44.3964,894,16.03, -> wardrobe (16.0%)
frame_000515,-1.0,1.3429,43.0826,0.0676,44.5547,894,23.81, -> wardrobe (23.8%)
frame_000516,-1.0,1.3336,39.7856,0.068,41.2461,894,21.95, -> wardrobe (22.0%)
frame_000517,-1.0,1.3138,53.5842,0.072,55.0297,894,20.46, -> wardrobe (20.5%)
frame_000518,-1.0,1.3217,48.0235,0.0659,49.4698,894,18.88, -> wardrobe (18.9%)
frame_000519,-1.0,1.7175,36.5707,0.0682,38.4157,894,20.27, -> wardrobe (20.3%)
frame_000520,-1.0,1.2973,43.0745,0.0715,44.504,894,24.05, -> wardrobe (24.1%)
frame_000521,-1.0,1.245,45.5203,0.0692,46.8929,894,17.49, -> wardrobe (17.5%)
frame_000522,-1.0,2.5468,41.7217,0.0691,44.3968,894,17.19, -> wardrobe (17.2%)
frame_000523,-1.0,1.5704,40.6489,0.0691,42.3475,894,15.63, -> wardrobe (15.6%)
frame_000524,-1.0,2.1806,54.1228,0.0694,56.4328,894,9.27, -> wardrobe (9.3%)
frame_000525,-1.0,1.5112,59.0573,0.0699,60.6984,894,12.24, -> wardrobe (12.2%)
frame_000526,-1.0,1.4226,38.5946,0.0707,40.1499,894,11.01, -> wardrobe (11.0%)
frame_000527,-1.0,2.7192,36.6251,0.0701,39.4794,894,15.7, -> wardrobe (15.7%)
frame_000528,-1.0,2.8819,45.8338,0.0728,48.8503,423,10.91, -> barber chair (10.9%)
frame_000529,-1.0,1.404,43.7983,0.0688,45.3299,894,16.81, -> wardrobe (16.8%)
frame_000530,-1.0,2.6096,45.001,0.0697,47.7394,894,12.19, -> wardrobe (12.2%)
frame_000531,-1.0,2.6433,35.1807,0.0715,37.9557,423,18.31, -> barber chair (18.3%)
frame_000532,-1.0,1.7287,58.2873,0.069,60.1463,894,16.44, -> wardrobe (16.4%)
frame_000533,-1.0,1.3703,40.3095,0.0728,41.8131,423,12.11, -> barber chair (12.1%)
frame_000534,-1.0,1.3165,36.4626,0.0711,37.9127,894,15.19, -> wardrobe (15.2%)
frame_000535,-1.0,1.4503,47.36,0.0675,48.9358,894,13.42, -> wardrobe (13.4%)
frame_000536,-1.0,1.541,50.4044,0.0699,52.0783,894,9.7, -> wardrobe (9.7%)
frame_000537,-1.0,1.5848,45.8909,0.0697,47.6053,894,9.52, -> wardrobe (9.5%)
frame_000538,-1.0,1.4907,39.6242,0.072,41.2479,423,9.11, -> barber chair (9.1%)
frame_000539,-1.0,1.4558,42.8368,0.0721,44.4268,894,7.85, -> wardrobe (7.8%)
frame_000540,-1.0,1.3519,44.4615,0.0666,45.9369,894,12.86, -> wardrobe (12.9%)
frame_000541,-1.0,1.5138,41.6544,0.07,43.2985,894,12.88, -> wardrobe (12.9%)
frame_000542,-1.0,1.4393,49.8411,0.071,51.4109,423,8.9, -> barber chair (8.9%)
frame_000543,-1.0,1.3872,44.4534,0.0737,45.9764,778,7.97, -> scale (8.0%)
frame_000544,-1.0,1.3837,44.9393,0.0676,46.451,778,6.49, -> scale (6.5%)
frame_000545,-1.0,1.3372,48.3798,0.0703,49.8468,894,7.63, -> wardrobe (7.6%)
frame_000546,-1.0,1.3651,39.9341,0.0712,41.4317,894,10.74, -> wardrobe (10.7%)
frame_000547,-1.0,1.3353,42.5804,0.0669,44.039,894,12.85, -> wardrobe (12.8%)
frame_000548,-1.0,1.3656,45.8328,0.0677,47.3318,894,11.8, -> wardrobe (11.8%)
frame_000549,-1.0,1.3098,47.0806,0.0706,48.522,894,10.86, -> wardrobe (10.9%)
frame_000550,-1.0,1.3387,47.2513,0.0709,48.7231,894,9.48, -> wardrobe (9.5%)
frame_000551,-1.0,1.3645,57.1122,0.0683,58.6044,894,9.23, -> wardrobe (9.2%)
frame_000552,-1.0,1.4084,52.6683,0.1099,54.2475,894,7.55, -> wardrobe (7.6%)
frame_000553,-1.0,2.6479,38.8024,0.0683,41.577,894,12.43, -> wardrobe (12.4%)
frame_000554,-1.0,1.4932,44.4987,0.0682,46.1203,894,8.12, -> wardrobe (8.1%)
frame_000555,-1.0,1.2965,39.2553,0.0712,40.6829,894,12.31, -> wardrobe (12.3%)
frame_000556,-1.0,2.7169,48.1177,0.0936,51.0048,894,12.38, -> wardrobe (12.4%)
frame_000557,-1.0,1.9251,53.7789,0.0689,55.834,550,9.21, -> espresso maker (9.2%)
frame_000558,-1.0,1.5438,45.7478,0.0711,47.4231,894,12.54, -> wardrobe (12.5%)
frame_000559,-1.0,1.3377,42.0083,0.0705,43.4791,894,11.56, -> wardrobe (11.6%)
frame_000560,-1.0,1.2612,51.3048,0.0716,52.6993,894,11.85, -> wardrobe (11.9%)
frame_000561,-1.0,1.3758,73.6361,0.0681,75.1377,894,7.74, -> wardrobe (7.7%)
frame_000562,-1.0,1.4344,42.5211,0.0667,44.0837,894,7.78, -> wardrobe (7.8%)
frame_000563,-1.0,1.3665,37.5969,0.0684,39.0957,526,6.36, -> desk (6.4%)
frame_000564,-1.0,1.4953,40.6195,0.0673,42.2428,550,5.68, -> espresso maker (5.7%)
frame_000565,-1.0,1.2956,54.8254,0.0709,56.2518,550,7.73, -> espresso maker (7.7%)
frame_000566,-1.0,1.3,38.4823,0.0698,39.9108,799,4.52, -> sliding door (4.5%)
frame_000567,-1.0,1.732,37.3633,0.0698,39.2271,799,24.34, -> sliding door (24.3%)
frame_000568,-1.0,1.3468,50.7004,0.0695,52.175,799,17.72, -> sliding door (17.7%)
frame_000569,-1.0,1.3118,39.7482,0.0704,41.1871,799,20.93, -> sliding door (20.9%)
frame_000570,-1.0,1.3546,40.3633,0.0679,41.8452,799,29.98, -> sliding door (30.0%)
frame_000571,-1.0,2.4497,36.5497,0.0675,39.1257,877,32.4, -> turnstile (32.4%)
frame_000572,-1.0,1.5192,40.7362,0.0687,42.382,877,21.36, -> turnstile (21.4%)
frame_000573,-1.0,1.8103,39.4991,0.0688,41.4378,877,11.49, -> turnstile (11.5%)
frame_000574,-1.0,1.3144,47.2592,0.0672,48.7006,799,13.75, -> sliding door (13.8%)
frame_000575,-1.0,1.3525,43.4067,0.0673,44.8855,799,12.05, -> sliding door (12.1%)
frame_000576,-1.0,1.3361,47.6275,0.0724,49.0969,713,17.91, -> photocopier (17.9%)
frame_000577,-1.0,1.3317,44.6116,0.0674,46.07,526,6.42, -> desk (6.4%)
frame_000578,-1.0,1.3772,46.4617,0.0688,47.9643,877,29.7, -> turnstile (29.7%)
frame_000579,-1.0,2.3941,40.3877,0.0705,42.9134,877,15.99, -> turnstile (16.0%)
frame_000580,-1.0,1.4928,56.5946,0.0922,58.2548,877,20.21, -> turnstile (20.2%)
frame_000581,-1.0,2.7849,46.7384,0.0682,49.6517,877,49.35, -> turnstile (49.3%)
frame_000582,-1.0,2.8835,47.5349,0.0682,50.5448,877,47.56, -> turnstile (47.6%)
frame_000583,-1.0,2.6523,40.7977,0.0705,43.5811,526,13.64, -> desk (13.6%)
frame_000584,-1.0,1.5287,46.5695,0.0685,48.2267,877,6.49, -> turnstile (6.5%)
frame_000585,-1.0,1.2899,51.1418,0.0688,52.5598,877,12.72, -> turnstile (12.7%)
frame_000586,-1.0,1.5995,40.5254,0.069,42.2544,877,17.48, -> turnstile (17.5%)
frame_000587,-1.0,2.909,44.6921,0.0673,47.7265,877,17.46, -> turnstile (17.5%)
frame_000588,-1.0,1.7812,39.3523,0.0686,41.2605,561,16.7, -> forklift (16.7%)
frame_000589,-1.0,2.6016,60.2469,0.0937,63.025,877,30.28, -> turnstile (30.3%)
frame_000590,-1.0,1.4805,33.6893,0.0678,35.2955,553,15.78, -> file (15.8%)
frame_000591,-1.0,1.817,29.5278,0.0691,31.4758,553,11.85, -> file (11.8%)
frame_000592,-1.0,1.5036,35.0447,0.0703,36.6781,569,6.81, -> garbage truck (6.8%)
frame_000593,-1.0,1.3257,39.7301,0.0696,41.1849,553,8.1, -> file (8.1%)
frame_000594,-1.0,2.619,38.4789,0.073,41.2307,561,14.59, -> forklift (14.6%)
frame_000595,-1.0,1.6107,30.3764,0.0695,32.1162,553,7.87, -> file (7.9%)
frame_000596,-1.0,1.6891,39.0145,0.0711,40.8333,553,6.29, -> file (6.3%)
frame_000597,-1.0,1.3083,44.9806,0.069,46.4182,553,8.45, -> file (8.5%)
frame_000598,-1.0,1.3313,53.3737,0.0685,54.835,757,7.85, -> recreational vehicle (7.9%)
frame_000599,-1.0,1.2928,45.3117,0.0664,46.7297,553,9.34, -> file (9.3%)
frame_000600,-1.0,1.2543,57.5007,0.0702,58.8852,553,12.79, -> file (12.8%)
frame_000601,-1.0,1.3671,40.9627,0.0682,42.4582,757,10.6, -> recreational vehicle (10.6%)
frame_000602,-1.0,1.5199,29.8586,0.0682,31.5072,757,9.47, -> recreational vehicle (9.5%)
frame_000603,-1.0,1.5388,31.79,0.069,33.4564,553,9.78, -> file (9.8%)
frame_000604,-1.0,1.6392,33.3965,0.0693,35.1653,553,9.79, -> file (9.8%)
frame_000605,-1.0,1.3665,42.489,0.0741,43.9882,553,7.23, -> file (7.2%)
frame_000606,-1.0,1.3411,52.0529,0.0686,53.5208,675,8.67, -> moving van (8.7%)
frame_000607,-1.0,1.6163,37.7483,0.0657,39.489,553,10.24, -> file (10.2%)
frame_000608,-1.0,1.3552,35.2798,0.069,36.7626,553,7.5, -> file (7.5%)
frame_000609,-1.0,1.546,40.8347,0.0697,42.5098,553,7.54, -> file (7.5%)
frame_000610,-1.0,1.6669,43.5075,0.0888,45.3411,553,6.69, -> file (6.7%)
frame_000611,-1.0,2.668,34.7195,0.0722,37.52,553,6.74, -> file (6.7%)
frame_000612,-1.0,1.3352,62.4705,0.0715,63.9397,675,7.65, -> moving van (7.7%)
frame_000613,-1.0,1.751,41.9733,0.0674,43.8545,675,4.12, -> moving van (4.1%)
frame_000614,-1.0,1.3288,35.9051,0.0738,37.3698,553,8.0, -> file (8.0%)
frame_000615,-1.0,1.8545,42.8507,0.07,44.8356,553,6.41, -> file (6.4%)
frame_000616,-1.0,1.4045,46.4362,0.0698,47.9716,553,4.92, -> file (4.9%)
frame_000617,-1.0,2.8331,42.2858,0.0685,45.2465,553,4.45, -> file (4.4%)
frame_000618,-1.0,1.4092,50.5466,0.0671,52.0812,553,7.03, -> file (7.0%)
frame_000619,-1.0,1.3868,47.4843,0.068,48.9995,553,3.78, -> file (3.8%)
frame_000620,-1.0,1.8305,30.1812,0.0704,32.1426,553,5.84, -> file (5.8%)
frame_000621,-1.0,1.4537,34.4265,0.0676,36.0063,553,5.93, -> file (5.9%)
frame_000622,-1.0,1.4188,38.4183,0.1076,40.0389,553,4.46, -> file (4.5%)
frame_000623,-1.0,1.2994,64.3628,0.0715,65.7927,553,3.31, -> file (3.3%)
frame_000624,-1.0,1.3739,55.7935,0.0694,57.2976,732,3.99, -> Polaroid camera (4.0%)
frame_000625,-1.0,1.3949,39.9608,0.0691,41.4853,553,3.81, -> file (3.8%)
frame_000626,-1.0,1.7984,57.7781,0.0702,59.709,757,5.88, -> recreational vehicle (5.9%)
frame_000627,-1.0,1.3469,37.7629,0.0686,39.2392,757,4.34, -> recreational vehicle (4.3%)
frame_000628,-1.0,1.8118,62.5191,0.0719,64.4642,830,4.71, -> stretcher (4.7%)
frame_000629,-1.0,1.3421,44.7072,0.0673,46.174,553,5.95, -> file (6.0%)
frame_000630,-1.0,1.3482,53.2097,0.0685,54.6848,675,4.73, -> moving van (4.7%)
frame_000631,-1.0,1.2968,72.0889,0.0689,73.5359,771,7.57, -> safe (7.6%)
frame_000632,-1.0,1.3868,34.5387,0.0663,36.0515,757,5.85, -> recreational vehicle (5.8%)
frame_000633,-1.0,1.3749,48.2883,0.0657,49.787,675,8.85, -> moving van (8.8%)
frame_000634,-1.0,1.4165,55.5881,0.0681,57.1327,757,6.32, -> recreational vehicle (6.3%)
frame_000635,-1.0,1.314,42.7747,0.067,44.2148,561,15.55, -> forklift (15.6%)
frame_000636,-1.0,1.3328,35.7182,0.0681,37.1782,675,9.17, -> moving van (9.2%)
frame_000637,-1.0,2.882,49.7633,0.0869,52.8077,561,10.2, -> forklift (10.2%)
frame_000638,-1.0,1.6753,39.5041,0.072,41.3117,675,11.65, -> moving van (11.6%)
frame_000639,-1.0,1.6048,35.6256,0.0706,37.361,771,7.21, -> safe (7.2%)
frame_000640,-1.0,1.4392,42.7513,0.1302,44.3813,561,18.49, -> forklift (18.5%)
frame_000641,-1.0,1.3176,49.7521,0.0682,51.1959,771,6.01, -> safe (6.0%)
frame_000642,-1.0,2.8597,40.4407,0.0681,43.4294,561,33.09, -> forklift (33.1%)
frame_000643,-1.0,1.5503,73.0055,0.0677,74.6694,561,20.31, -> forklift (20.3%)
frame_000644,-1.0,1.3082,28.6184,0.0699,30.0578,561,20.15, -> forklift (20.2%)
frame_000645,-1.0,1.3059,42.2045,0.0714,43.6425,757,5.11, -> recreational vehicle (5.1%)
frame_000646,-1.0,1.5808,39.4091,0.0706,41.1209,675,4.65, -> moving van (4.7%)
frame_000647,-1.0,2.6014,47.2378,0.0684,49.9681,675,3.19, -> moving van (3.2%)
frame_000648,-1.0,1.5226,41.9657,0.0685,43.6148,675,5.22, -> moving van (5.2%)
frame_000649,-1.0,1.4623,40.0484,0.0737,41.6433,561,16.22, -> forklift (16.2%)
frame_000650,-1.0,1.3139,46.496,0.0687,47.941,561,27.87, -> forklift (27.9%)
frame_000651,-1.0,1.2848,55.9675,0.0687,57.3793,561,8.8, -> forklift (8.8%)
frame_000652,-1.0,3.0063,65.1519,0.1008,68.3365,526,5.56, -> desk (5.6%)
frame_000653,-1.0,1.5895,54.2004,0.0702,55.9197,561,13.25, -> forklift (13.3%)
frame_000654,-1.0,1.2875,40.8468,0.069,42.2639,561,24.11, -> forklift (24.1%)
frame_000655,-1.0,1.4255,33.8914,0.0686,35.445,561,12.31, -> forklift (12.3%)
frame_000656,-1.0,1.363,32.6818,0.0676,34.1734,561,13.72, -> forklift (13.7%)
frame_000657,-1.0,1.5331,32.2908,0.0698,33.9542,561,16.31, -> forklift (16.3%)
frame_000658,-1.0,1.6515,31.6054,0.1067,33.4219,561,22.81, -> forklift (22.8%)
frame_000659,-1.0,1.7726,35.8712,0.0664,37.7679,423,12.07, -> barber chair (12.1%)
frame_000660,-1.0,1.3561,50.5393,0.0683,52.0219,561,11.67, -> forklift (11.7%)
frame_000661,-1.0,1.3016,43.8157,0.0672,45.2423,423,14.63, -> barber chair (14.6%)
frame_000662,-1.0,1.3663,31.3683,0.0694,32.8621,423,14.05, -> barber chair (14.1%)
frame_000663,-1.0,1.7018,31.725,0.068,33.5566,561,10.92, -> forklift (10.9%)
frame_000664,-1.0,1.8629,31.1039,0.0678,33.0934,423,9.3, -> barber chair (9.3%)
frame_000665,-1.0,1.3149,55.0432,0.0663,56.4837,877,23.11, -> turnstile (23.1%)
frame_000666,-1.0,1.4332,41.2219,0.0673,42.7822,423,6.89, -> barber chair (6.9%)
frame_000667,-1.0,1.3479,42.9723,0.068,44.4469,423,6.42, -> barber chair (6.4%)
frame_000668,-1.0,1.7001,29.9299,0.0669,31.7582,423,7.16, -> barber chair (7.2%)
frame_000669,-1.0,1.5874,39.306,0.0701,41.0249,423,13.22, -> barber chair (13.2%)
frame_000670,-1.0,1.4842,39.9545,0.0698,41.5666,877,11.07, -> turnstile (11.1%)
frame_000671,-1.0,1.3254,38.236,0.0703,39.693,561,16.71, -> forklift (16.7%)
frame_000672,-1.0,1.274,42.279,0.0695,43.6827,877,5.86, -> turnstile (5.9%)
frame_000673,-1.0,1.2955,35.6779,0.0684,37.1014,877,8.69, -> turnstile (8.7%)
frame_000674,-1.0,3.36,30.9647,0.0712,34.4557,877,7.5, -> turnstile (7.5%)
frame_000675,-1.0,1.8637,39.9995,0.0692,41.993,526,6.95, -> desk (7.0%)
frame_000676,-1.0,1.3459,53.0275,0.0719,54.5054,561,15.26, -> forklift (15.3%)
frame_000677,-1.0,1.4409,47.1273,0.0682,48.6955,561,21.26, -> forklift (21.3%)
frame_000678,-1.0,2.7586,35.0589,0.0681,37.9443,561,13.94, -> forklift (13.9%)
frame_000679,-1.0,1.8177,40.2123,0.0694,42.1605,877,12.17, -> turnstile (12.2%)
frame_000680,-1.0,1.7565,36.1083,0.0917,38.0355,877,11.52, -> turnstile (11.5%)
frame_000681,-1.0,1.7169,32.1578,0.0699,34.0051,877,18.37, -> turnstile (18.4%)
frame_000682,-1.0,1.6355,35.4058,0.0671,37.1698,526,12.64, -> desk (12.6%)
frame_000683,-1.0,1.5462,47.8139,0.0696,49.49,877,13.78, -> turnstile (13.8%)
frame_000684,-1.0,1.3559,37.673,0.0709,39.1639,877,14.09, -> turnstile (14.1%)
frame_000685,-1.0,1.5858,77.2889,0.068,79.0001,561,9.04, -> forklift (9.0%)
frame_000686,-1.0,1.3209,34.5088,0.0698,35.9591,526,12.74, -> desk (12.7%)
frame_000687,-1.0,1.396,44.5952,0.0819,46.1318,877,15.58, -> turnstile (15.6%)
frame_000688,-1.0,1.5088,73.2638,0.0679,74.8969,877,11.32, -> turnstile (11.3%)
frame_000689,-1.0,1.7455,32.579,0.0663,34.4482,526,15.25, -> desk (15.3%)
frame_000690,-1.0,1.2985,59.527,0.0767,60.9623,526,9.35, -> desk (9.4%)
frame_000691,-1.0,1.3317,40.1438,0.0695,41.6077,877,6.54, -> turnstile (6.5%)
frame_000692,-1.0,1.3687,28.8984,0.0716,30.3972,877,8.39, -> turnstile (8.4%)
frame_000693,-1.0,1.6544,32.2136,0.0713,34.0015,526,37.48, -> desk (37.5%)
frame_000694,-1.0,1.3077,51.0625,0.0953,52.5418,526,34.94, -> desk (34.9%)
frame_000695,-1.0,1.4918,30.4504,0.0698,32.0739,526,35.42, -> desk (35.4%)
frame_000696,-1.0,1.4955,42.0207,0.0699,43.6474,526,49.04, -> desk (49.0%)
frame_000697,-1.0,1.3999,65.0085,0.0725,66.5443,526,28.27, -> desk (28.3%)
frame_000698,-1.0,1.2303,34.7118,0.0701,36.0711,526,35.38, -> desk (35.4%)
frame_000699,-1.0,1.7404,38.3323,0.0715,40.205,526,28.56, -> desk (28.6%)
frame_000700,-1.0,1.4137,43.9794,0.0676,45.5203,526,41.3, -> desk (41.3%)
frame_000701,-1.0,1.4124,48.4763,0.0698,50.0195,526,46.61, -> desk (46.6%)
frame_000702,-1.0,2.7389,45.2383,0.0674,48.103,526,29.48, -> desk (29.5%)
frame_000703,-1.0,1.3848,41.4889,0.0677,43.001,526,27.02, -> desk (27.0%)
frame_000704,-1.0,2.7319,55.4379,0.0687,58.3315,526,24.41, -> desk (24.4%)
frame_000705,-1.0,1.4861,41.179,0.0699,42.7934,526,17.96, -> desk (18.0%)
frame_000706,-1.0,1.5403,33.1285,0.0683,34.7978,526,20.47, -> desk (20.5%)
frame_000707,-1.0,1.5988,40.2587,0.0735,41.9923,526,17.01, -> desk (17.0%)
frame_000708,-1.0,1.3062,41.859,0.0687,43.294,526,12.72, -> desk (12.7%)
frame_000709,-1.0,1.3135,43.231,0.0687,44.6706,526,10.36, -> desk (10.4%)
frame_000710,-1.0,1.5084,32.2434,0.0687,33.8855,877,7.31, -> turnstile (7.3%)
frame_000711,-1.0,1.6192,31.066,0.0645,32.8063,526,16.35, -> desk (16.3%)
frame_000712,-1.0,1.6768,35.5693,0.0679,37.3725,526,16.08, -> desk (16.1%)
frame_000713,-1.0,1.3493,42.6809,0.0693,44.1595,526,14.1, -> desk (14.1%)
frame_000714,-1.0,1.3152,54.232,0.0686,55.6781,877,9.87, -> turnstile (9.9%)
frame_000715,-1.0,1.3695,53.5911,0.0709,55.0916,877,12.02, -> turnstile (12.0%)
frame_000716,-1.0,2.7247,40.9874,0.0716,43.8448,526,10.28, -> desk (10.3%)
frame_000717,-1.0,2.5491,41.2265,0.0699,43.9043,877,38.47, -> turnstile (38.5%)
frame_000718,-1.0,1.6395,36.03,0.0699,37.7987,877,25.79, -> turnstile (25.8%)
frame_000719,-1.0,1.71,29.7725,0.0699,31.6099,877,33.49, -> turnstile (33.5%)
frame_000720,-1.0,1.3543,43.1172,0.0692,44.6001,877,27.88, -> turnstile (27.9%)
frame_000721,-1.0,1.7183,67.2909,0.0686,69.1179,894,11.01, -> wardrobe (11.0%)
frame_000722,-1.0,1.5829,34.6773,0.0731,36.3936,894,10.97, -> wardrobe (11.0%)
frame_000723,-1.0,2.8218,41.5473,0.0675,44.4953,526,15.06, -> desk (15.1%)
frame_000724,-1.0,1.3447,40.8243,0.0706,42.3012,526,11.28, -> desk (11.3%)
frame_000725,-1.0,1.679,34.1224,0.0722,35.9339,894,9.07, -> wardrobe (9.1%)
frame_000726,-1.0,1.2962,46.2699,0.0685,47.6968,877,9.28, -> turnstile (9.3%)
frame_000727,-1.0,1.6799,51.8342,0.1161,53.7366,526,7.57, -> desk (7.6%)
frame_000728,-1.0,1.34,37.1163,0.0694,38.5864,877,8.44, -> turnstile (8.4%)
frame_000729,-1.0,2.7185,36.4669,0.0694,39.3151,877,8.37, -> turnstile (8.4%)
frame_000730,-1.0,3.4306,46.0712,0.0697,49.631,894,9.06, -> wardrobe (9.1%)
frame_000731,-1.0,2.9902,35.7223,0.0695,38.8421,894,11.45, -> wardrobe (11.5%)
frame_000732,-1.0,1.5376,39.695,0.068,41.36,526,10.07, -> desk (10.1%)
frame_000733,-1.0,1.3784,39.6069,0.0686,41.1132,526,8.67, -> desk (8.7%)
frame_000734,-1.0,1.3213,43.0361,0.0706,44.4892,526,10.47, -> desk (10.5%)
frame_000735,-1.0,1.5355,30.4078,0.0719,32.0763,894,8.68, -> wardrobe (8.7%)
frame_000736,-1.0,1.4428,35.9992,0.071,37.5742,526,8.08, -> desk (8.1%)
frame_000737,-1.0,1.3215,53.4657,0.0694,54.9166,480,9.58, -> cash machine (9.6%)
frame_000738,-1.0,2.8226,40.1657,0.072,43.1203,894,9.49, -> wardrobe (9.5%)
frame_000739,-1.0,1.381,57.7879,0.1028,59.3342,894,10.2, -> wardrobe (10.2%)
frame_000740,-1.0,1.6177,45.6561,0.0715,47.4063,480,9.95, -> cash machine (9.9%)
frame_000741,-1.0,1.4069,37.7734,0.0698,39.308,480,11.86, -> cash machine (11.9%)
frame_000742,-1.0,1.3299,46.9766,0.0695,48.439,894,9.55, -> wardrobe (9.6%)
frame_000743,-1.0,1.3826,41.5624,0.0668,43.0718,894,13.12, -> wardrobe (13.1%)
frame_000744,-1.0,1.5032,33.3523,0.0695,34.9854,526,14.98, -> desk (15.0%)
frame_000745,-1.0,1.8502,39.2913,0.0671,41.2725,894,9.58, -> wardrobe (9.6%)
frame_000746,-1.0,1.4316,48.9828,0.0708,50.5462,894,9.37, -> wardrobe (9.4%)
frame_000747,-1.0,1.3522,40.7032,0.0709,42.1875,894,12.07, -> wardrobe (12.1%)
frame_000748,-1.0,1.3449,61.3423,0.0721,62.8204,480,16.24, -> cash machine (16.2%)
frame_000749,-1.0,1.4044,35.7314,0.0688,37.2653,526,12.48, -> desk (12.5%)
frame_000750,-1.0,3.2507,41.0163,0.0693,44.3962,894,14.03, -> wardrobe (14.0%)
frame_000751,-1.0,1.3461,41.6846,0.07,43.1603,526,14.15, -> desk (14.2%)
frame_000752,-1.0,1.5506,50.5583,0.0712,52.2394,894,14.98, -> wardrobe (15.0%)
frame_000753,-1.0,1.3886,42.0664,0.0675,43.5819,894,11.37, -> wardrobe (11.4%)
frame_000754,-1.0,1.5216,44.3475,0.0692,45.9998,894,11.66, -> wardrobe (11.7%)
frame_000755,-1.0,2.6116,34.1513,0.0685,36.893,526,14.56, -> desk (14.6%)
frame_000756,-1.0,1.4304,31.5863,0.0689,33.1459,526,8.83, -> desk (8.8%)
frame_000757,-1.0,2.2779,48.489,0.071,50.9012,894,10.6, -> wardrobe (10.6%)
frame_000758,-1.0,1.3926,33.6707,0.0685,35.1908,526,11.98, -> desk (12.0%)
frame_000759,-1.0,1.3565,47.0829,0.0687,48.566,526,9.77, -> desk (9.8%)
frame_000760,-1.0,1.4079,40.2052,0.068,41.7399,894,9.83, -> wardrobe (9.8%)
frame_000761,-1.0,1.3911,39.8794,0.0693,41.3999,526,10.4, -> desk (10.4%)
frame_000762,-1.0,1.4157,36.1116,0.0837,37.6728,526,10.59, -> desk (10.6%)
frame_000763,-1.0,1.4557,32.6072,0.0689,34.1916,526,9.8, -> desk (9.8%)
frame_000764,-1.0,1.8864,30.0163,0.0663,32.0286,526,11.11, -> desk (11.1%)
frame_000765,-1.0,1.458,44.1466,0.0688,45.74,526,8.4, -> desk (8.4%)
frame_000766,-1.0,1.313,42.1758,0.0688,43.6169,894,11.12, -> wardrobe (11.1%)
frame_000767,-1.0,1.3419,38.3961,0.068,39.8639,894,11.19, -> wardrobe (11.2%)
frame_000768,-1.0,1.715,33.196,0.0697,35.0412,526,8.91, -> desk (8.9%)
frame_000769,-1.0,1.3393,55.309,0.0718,56.7807,526,15.15, -> desk (15.2%)
frame_000770,-1.0,1.3336,42.6554,0.0702,44.1183,526,17.73, -> desk (17.7%)
frame_000771,-1.0,2.7121,44.8013,0.0672,47.6408,526,13.55, -> desk (13.6%)
frame_000772,-1.0,2.7641,54.6228,0.0698,57.5185,526,13.51, -> desk (13.5%)
frame_000773,-1.0,2.8854,40.1632,0.0689,43.1775,526,12.18, -> desk (12.2%)
frame_000774,-1.0,3.4106,43.7901,0.0674,47.3278,526,12.19, -> desk (12.2%)
frame_000775,-1.0,1.3971,49.6696,0.0694,51.1973,526,17.47, -> desk (17.5%)
frame_000776,-1.0,1.6032,36.9052,0.0725,38.6418,526,15.06, -> desk (15.1%)
frame_000777,-1.0,1.6301,39.9064,0.0708,41.668,526,16.32, -> desk (16.3%)
frame_000778,-1.0,1.6698,44.4232,0.0704,46.2246,526,14.95, -> desk (15.0%)
frame_000779,-1.0,1.5801,30.0202,0.0694,31.7309,526,13.7, -> desk (13.7%)
frame_000780,-1.0,1.7394,32.3501,0.0691,34.2197,526,15.04, -> desk (15.0%)
frame_000781,-1.0,1.292,37.4113,0.0715,38.837,526,10.49, -> desk (10.5%)
frame_000782,-1.0,1.659,30.9014,0.0709,32.6921,526,8.56, -> desk (8.6%)
frame_000783,-1.0,1.3836,42.5431,0.0743,44.0636,894,8.05, -> wardrobe (8.0%)
frame_000784,-1.0,1.4917,37.839,0.072,39.4669,894,9.77, -> wardrobe (9.8%)
frame_000785,-1.0,1.3757,50.2061,0.0732,51.7194,894,15.22, -> wardrobe (15.2%)
frame_000786,-1.0,1.401,45.4317,0.0742,46.9685,894,9.25, -> wardrobe (9.3%)
frame_000787,-1.0,1.5508,45.466,0.069,47.149,894,11.97, -> wardrobe (12.0%)
frame_000788,-1.0,1.3408,41.1663,0.068,42.6365,894,11.51, -> wardrobe (11.5%)
frame_000789,-1.0,1.4215,53.2122,0.0681,54.7623,894,8.96, -> wardrobe (9.0%)
frame_000790,-1.0,1.393,47.1501,0.0683,48.6728,894,12.27, -> wardrobe (12.3%)
frame_000791,-1.0,1.3212,37.9568,0.0698,39.4072,894,10.85, -> wardrobe (10.8%)
frame_000792,-1.0,1.7769,35.9216,0.0691,37.8331,894,10.42, -> wardrobe (10.4%)
frame_000793,-1.0,1.6138,39.6483,0.0722,41.3973,526,10.47, -> desk (10.5%)
frame_000794,-1.0,1.3234,45.5889,0.0706,47.0446,526,12.23, -> desk (12.2%)
frame_000795,-1.0,1.3908,49.6682,0.0696,51.1903,894,10.51, -> wardrobe (10.5%)
frame_000796,-1.0,1.6991,50.5549,0.0709,52.3876,894,14.31, -> wardrobe (14.3%)
frame_000797,-1.0,1.4906,48.2562,0.0673,49.8712,894,11.26, -> wardrobe (11.3%)
frame_000798,-1.0,1.5636,37.2676,0.0664,38.9574,894,12.86, -> wardrobe (12.9%)
frame_000799,-1.0,1.7327,44.24,0.0705,46.1049,894,12.64, -> wardrobe (12.6%)
frame_000800,-1.0,1.3987,44.4162,0.0702,45.9475,894,13.06, -> wardrobe (13.1%)
frame_000801,-1.0,1.3236,43.3752,0.0729,44.8303,894,12.75, -> wardrobe (12.8%)
frame_000802,-1.0,1.4054,38.0388,0.0999,39.6273,894,13.51, -> wardrobe (13.5%)
frame_000803,-1.0,1.4284,42.3257,0.0704,43.8852,894,14.08, -> wardrobe (14.1%)
frame_000804,-1.0,1.3136,46.5397,0.0701,47.9824,894,11.41, -> wardrobe (11.4%)
frame_000805,-1.0,1.5535,45.9148,0.069,47.5982,894,13.08, -> wardrobe (13.1%)
frame_000806,-1.0,1.4944,70.6628,0.0684,72.2738,894,9.18, -> wardrobe (9.2%)
frame_000807,-1.0,1.3715,29.3598,0.0656,30.8567,771,7.94, -> safe (7.9%)
frame_000808,-1.0,1.3283,34.3566,0.0747,35.8189,894,10.15, -> wardrobe (10.1%)
frame_000809,-1.0,1.6498,31.3626,0.068,33.1401,894,9.46, -> wardrobe (9.5%)
frame_000810,-1.0,1.6176,32.5173,0.0679,34.2619,771,10.61, -> safe (10.6%)
frame_000811,-1.0,1.587,31.3372,0.0724,33.057,894,10.93, -> wardrobe (10.9%)
frame_000812,-1.0,1.8261,38.2842,0.0727,40.2444,894,13.32, -> wardrobe (13.3%)
frame_000813,-1.0,3.1254,35.3356,0.0714,38.5941,894,9.59, -> wardrobe (9.6%)
frame_000814,-1.0,1.8779,43.1727,0.0696,45.1798,894,9.75, -> wardrobe (9.8%)
frame_000815,-1.0,2.6597,50.4804,0.0721,53.2731,894,8.4, -> wardrobe (8.4%)
frame_000816,-1.0,1.702,38.008,0.0696,39.841,894,10.67, -> wardrobe (10.7%)
frame_000817,-1.0,1.7348,36.1484,0.0749,38.022,894,8.26, -> wardrobe (8.3%)
frame_000818,-1.0,1.6888,31.369,0.0719,33.191,894,12.96, -> wardrobe (13.0%)
frame_000819,-1.0,1.8798,32.2675,0.0685,34.2757,894,13.93, -> wardrobe (13.9%)
frame_000820,-1.0,1.6645,40.3465,0.0733,42.1479,894,11.07, -> wardrobe (11.1%)
frame_000821,-1.0,1.4392,49.9276,0.0701,51.5017,894,8.89, -> wardrobe (8.9%)
frame_000822,-1.0,1.4882,45.1435,0.0716,46.7656,894,14.09, -> wardrobe (14.1%)
frame_000823,-1.0,1.4731,53.3172,0.0753,54.928,894,13.67, -> wardrobe (13.7%)
frame_000824,-1.0,2.6296,56.1423,0.0737,58.9059,894,15.84, -> wardrobe (15.8%)
frame_000825,-1.0,1.6669,33.8652,0.0699,35.6632,894,11.94, -> wardrobe (11.9%)
frame_000826,-1.0,3.1953,47.2486,0.0714,50.5765,894,13.02, -> wardrobe (13.0%)
frame_000827,-1.0,1.6665,31.5064,0.0712,33.3064,894,9.24, -> wardrobe (9.2%)
frame_000828,-1.0,1.609,29.9384,0.0711,31.6813,894,13.56, -> wardrobe (13.6%)
frame_000829,-1.0,1.3807,58.0169,0.0968,59.5736,894,11.18, -> wardrobe (11.2%)
frame_000830,-1.0,1.4268,46.9664,0.0699,48.5216,894,14.52, -> wardrobe (14.5%)
frame_000831,-1.0,1.5577,40.2587,0.0687,41.944,894,10.51, -> wardrobe (10.5%)
frame_000832,-1.0,1.6977,37.3522,0.0688,39.178,894,16.25, -> wardrobe (16.3%)
frame_000833,-1.0,1.4869,31.0647,0.068,32.6781,894,18.68, -> wardrobe (18.7%)
frame_000834,-1.0,1.8724,31.2174,0.0659,33.216,894,13.25, -> wardrobe (13.2%)
frame_000835,-1.0,1.8553,31.315,0.0692,33.3005,894,17.06, -> wardrobe (17.1%)
frame_000836,-1.0,1.5046,54.3341,0.0693,55.9677,894,14.44, -> wardrobe (14.4%)
frame_000837,-1.0,1.3717,35.2818,0.0684,36.7805,894,11.54, -> wardrobe (11.5%)
frame_000838,-1.0,1.4841,40.2378,0.0702,41.8791,894,10.72, -> wardrobe (10.7%)
frame_000839,-1.0,1.3912,46.5041,0.0722,48.0287,894,10.54, -> wardrobe (10.5%)
frame_000840,-1.0,1.5881,38.3066,0.0676,40.0202,771,14.77, -> safe (14.8%)
frame_000841,-1.0,1.9467,33.1508,0.0717,35.2323,894,11.89, -> wardrobe (11.9%)
frame_000842,-1.0,1.9175,29.5326,0.072,31.5857,894,15.94, -> wardrobe (15.9%)
frame_000843,-1.0,3.1315,53.1939,0.0693,56.4565,894,17.93, -> wardrobe (17.9%)
frame_000844,-1.0,1.8349,32.3513,0.0718,34.3217,771,10.88, -> safe (10.9%)
frame_000845,-1.0,1.3945,33.919,0.072,35.4467,894,15.37, -> wardrobe (15.4%)
frame_000846,-1.0,2.6783,42.135,0.0724,44.9493,894,17.86, -> wardrobe (17.9%)
frame_000847,-1.0,1.6465,40.7683,0.0718,42.5511,894,15.47, -> wardrobe (15.5%)
frame_000848,-1.0,1.8504,35.5969,0.07,37.5768,894,14.99, -> wardrobe (15.0%)
frame_000849,-1.0,1.8847,35.3412,0.0732,37.3651,894,18.09, -> wardrobe (18.1%)
frame_000850,-1.0,1.6091,32.9073,0.0735,34.6523,894,15.05, -> wardrobe (15.1%)
frame_000851,-1.0,1.8673,32.5765,0.0683,34.5723,771,12.28, -> safe (12.3%)
frame_000852,-1.0,2.7693,44.9915,0.0732,47.8953,771,16.24, -> safe (16.2%)
frame_000853,-1.0,1.7391,65.2327,0.1095,67.1615,894,24.98, -> wardrobe (25.0%)
frame_000854,-1.0,1.6726,48.2178,0.0709,50.0212,894,18.23, -> wardrobe (18.2%)
frame_000855,-1.0,2.6001,38.4865,0.0699,41.2186,894,24.36, -> wardrobe (24.4%)
frame_000856,-1.0,1.8189,63.8199,0.0697,65.7536,894,23.02, -> wardrobe (23.0%)
frame_000857,-1.0,2.3268,29.537,0.0677,31.9929,894,21.33, -> wardrobe (21.3%)
frame_000858,-1.0,3.6333,33.5616,0.069,37.3264,894,9.63, -> wardrobe (9.6%)
frame_000859,-1.0,3.952,51.9848,0.0909,56.1099,894,23.39, -> wardrobe (23.4%)
frame_000860,-1.0,1.6678,35.6784,0.0723,37.4818,894,29.39, -> wardrobe (29.4%)
frame_000861,-1.0,3.6314,39.3894,0.0696,43.1525,894,18.81, -> wardrobe (18.8%)
frame_000862,-1.0,1.6728,45.0008,0.0707,46.8047,894,30.37, -> wardrobe (30.4%)
frame_000863,-1.0,1.4527,31.6237,0.0703,33.2077,894,30.06, -> wardrobe (30.1%)
frame_000864,-1.0,2.8637,39.4869,0.0722,42.4849,894,27.27, -> wardrobe (27.3%)
frame_000865,-1.0,1.531,51.495,0.0694,53.157,894,23.03, -> wardrobe (23.0%)
frame_000866,-1.0,1.4097,44.5727,0.0693,46.113,894,30.94, -> wardrobe (30.9%)
frame_000867,-1.0,1.4124,40.1713,0.0716,41.718,894,24.73, -> wardrobe (24.7%)
frame_000868,-1.0,1.384,46.2133,0.0899,47.7484,894,23.36, -> wardrobe (23.4%)
frame_000869,-1.0,1.3902,35.5822,0.0708,37.103,894,27.3, -> wardrobe (27.3%)
frame_000870,-1.0,2.4378,36.9864,0.0709,39.5535,894,28.34, -> wardrobe (28.3%)
frame_000871,-1.0,2.3875,33.5805,0.0729,36.1034,894,26.19, -> wardrobe (26.2%)
frame_000872,-1.0,1.6089,33.5566,0.0722,35.299,894,25.42, -> wardrobe (25.4%)
frame_000873,-1.0,3.5892,35.4268,0.0709,39.149,894,24.2, -> wardrobe (24.2%)
frame_000874,-1.0,4.0476,51.6758,0.0716,55.8572,894,24.89, -> wardrobe (24.9%)
frame_000875,-1.0,1.5567,60.0721,0.0702,61.7626,894,25.71, -> wardrobe (25.7%)
frame_000876,-1.0,1.4451,53.4198,0.0712,54.9976,894,30.32, -> wardrobe (30.3%)
frame_000877,-1.0,1.53,37.0292,0.0688,38.6892,894,26.44, -> wardrobe (26.4%)
frame_000878,-1.0,1.3844,48.1556,0.0714,49.6716,894,25.04, -> wardrobe (25.0%)
frame_000879,-1.0,1.4068,43.6058,0.0719,45.1452,894,28.59, -> wardrobe (28.6%)
frame_000880,-1.0,3.6091,35.03,0.074,38.7748,894,29.23, -> wardrobe (29.2%)
frame_000881,-1.0,2.866,74.8596,0.071,77.8541,894,32.22, -> wardrobe (32.2%)
frame_000882,-1.0,1.4817,28.4427,0.0687,30.0536,894,35.74, -> wardrobe (35.7%)
frame_000883,-1.0,1.6356,30.6554,0.0773,32.434,894,27.17, -> wardrobe (27.2%)
frame_000884,-1.0,1.8845,34.0542,0.0761,36.0771,894,26.83, -> wardrobe (26.8%)
frame_000885,-1.0,2.7115,43.9928,0.0759,46.8441,894,20.72, -> wardrobe (20.7%)
frame_000886,-1.0,1.9057,65.9839,0.0757,68.0284,894,26.75, -> wardrobe (26.7%)
frame_000887,-1.0,2.7922,41.218,0.0754,44.1516,894,25.02, -> wardrobe (25.0%)
frame_000888,-1.0,2.0864,35.0705,0.0756,37.2963,894,21.36, -> wardrobe (21.4%)
frame_000889,-1.0,1.8372,36.0087,0.0799,37.992,894,20.64, -> wardrobe (20.6%)
frame_000890,-1.0,1.5682,36.7618,0.0781,38.4711,894,32.15, -> wardrobe (32.1%)
frame_000891,-1.0,1.4841,44.6679,0.0763,46.2916,894,28.9, -> wardrobe (28.9%)
frame_000892,-1.0,1.7041,68.2635,0.078,70.1109,894,22.9, -> wardrobe (22.9%)
frame_000893,-1.0,2.7423,58.5206,0.0773,61.4049,894,23.14, -> wardrobe (23.1%)
frame_000894,-1.0,1.9432,46.245,0.0805,48.334,894,19.94, -> wardrobe (19.9%)
frame_000895,-1.0,1.7043,59.4298,0.0747,61.2738,894,24.66, -> wardrobe (24.7%)
frame_000896,-1.0,1.4941,45.7473,0.0761,47.3839,894,22.85, -> wardrobe (22.9%)
frame_000897,-1.0,3.1384,28.7368,0.0823,32.023,894,20.21, -> wardrobe (20.2%)
frame_000898,-1.0,1.7414,34.4863,0.0761,36.3678,894,21.75, -> wardrobe (21.7%)
frame_000899,-1.0,1.821,48.1059,0.1323,50.1715,894,21.34, -> wardrobe (21.3%)
frame_000900,-1.0,1.5395,53.8273,0.0782,55.5153,894,30.15, -> wardrobe (30.1%)
frame_000901,-1.0,1.5447,48.6845,0.0812,50.3752,894,33.69, -> wardrobe (33.7%)
frame_000902,-1.0,1.5223,43.8613,0.0774,45.5267,894,28.54, -> wardrobe (28.5%)
frame_000903,-1.0,1.7304,30.9732,0.0785,32.8477,894,33.31, -> wardrobe (33.3%)
frame_000904,-1.0,3.11,59.8226,0.0778,63.077,894,32.41, -> wardrobe (32.4%)
frame_000905,-1.0,1.9244,34.5313,0.0769,36.5966,894,38.48, -> wardrobe (38.5%)
frame_000906,-1.0,1.4478,43.7082,0.0784,45.2997,894,24.13, -> wardrobe (24.1%)
frame_000907,-1.0,1.6338,31.9284,0.0798,33.7087,894,31.73, -> wardrobe (31.7%)
frame_000908,-1.0,3.1327,31.7504,0.0811,35.0293,894,41.19, -> wardrobe (41.2%)
frame_000909,-1.0,3.5035,44.3624,0.0793,48.01,894,41.0, -> wardrobe (41.0%)
frame_000910,-1.0,2.8743,49.7522,0.0759,52.7688,894,41.62, -> wardrobe (41.6%)
frame_000911,-1.0,3.0004,44.7076,0.0791,47.8598,894,40.98, -> wardrobe (41.0%)
frame_000912,-1.0,1.6558,37.3667,0.078,39.1703,894,50.55, -> wardrobe (50.6%)
frame_000913,-1.0,2.6612,37.6222,0.1365,40.4857,894,49.13, -> wardrobe (49.1%)
frame_000914,-1.0,1.6745,39.467,0.0787,41.2867,894,48.97, -> wardrobe (49.0%)
frame_000915,-1.0,1.5231,50.2755,0.0765,51.9401,894,58.57, -> wardrobe (58.6%)
frame_000916,-1.0,2.8588,46.8706,0.0756,49.8685,894,53.34, -> wardrobe (53.3%)
frame_000917,-1.0,3.1354,38.0593,0.0794,41.3396,894,49.31, -> wardrobe (49.3%)
frame_000918,-1.0,2.2362,28.8795,0.0787,31.2606,894,52.44, -> wardrobe (52.4%)
frame_000919,-1.0,3.3374,35.1451,0.0787,38.6253,894,39.02, -> wardrobe (39.0%)
frame_000920,-1.0,3.0569,41.6871,0.0763,44.8907,894,56.64, -> wardrobe (56.6%)
frame_000921,-1.0,2.7941,58.5364,0.0781,61.4744,894,56.47, -> wardrobe (56.5%)
frame_000922,-1.0,1.7247,42.2641,0.0777,44.1378,894,48.01, -> wardrobe (48.0%)
frame_000923,-1.0,1.5372,52.8414,0.0785,54.5213,894,43.76, -> wardrobe (43.8%)
frame_000924,-1.0,1.4984,31.2295,0.0784,32.8731,894,46.37, -> wardrobe (46.4%)
frame_000925,-1.0,1.7115,43.4956,0.08,45.3533,894,48.1, -> wardrobe (48.1%)
frame_000926,-1.0,1.6794,53.856,0.1003,55.7218,894,48.13, -> wardrobe (48.1%)
frame_000927,-1.0,2.6136,40.5455,0.0777,43.3032,894,51.7, -> wardrobe (51.7%)
frame_000928,-1.0,1.4105,45.2746,0.0774,46.8286,894,45.46, -> wardrobe (45.5%)
frame_000929,-1.0,1.5676,37.1019,0.0787,38.8221,894,43.11, -> wardrobe (43.1%)
frame_000930,-1.0,1.465,33.6888,0.08,35.2996,894,45.92, -> wardrobe (45.9%)
frame_000931,-1.0,1.7452,33.3865,0.0781,35.2753,894,49.34, -> wardrobe (49.3%)
frame_000932,-1.0,1.5357,30.2553,0.0799,31.9359,894,47.02, -> wardrobe (47.0%)
frame_000933,-1.0,1.5679,34.1703,0.0799,35.8828,894,48.7, -> wardrobe (48.7%)
frame_000934,-1.0,1.7013,38.836,0.0784,40.6815,894,49.88, -> wardrobe (49.9%)
frame_000935,-1.0,1.4808,39.555,0.066,41.1619,894,46.74, -> wardrobe (46.7%)
frame_000936,-1.0,2.4025,40.744,0.068,43.2741,894,48.14, -> wardrobe (48.1%)
frame_000937,-1.0,2.8223,40.2339,0.0666,43.1809,894,48.41, -> wardrobe (48.4%)
frame_000938,-1.0,1.5427,39.0039,0.0676,40.6729,894,45.57, -> wardrobe (45.6%)
frame_000939,-1.0,1.4173,46.7026,0.0701,48.2484,894,53.59, -> wardrobe (53.6%)
frame_000940,-1.0,1.4152,43.6802,0.0708,45.2275,894,47.83, -> wardrobe (47.8%)
frame_000941,-1.0,1.6207,87.2525,0.0704,89.0032,894,50.55, -> wardrobe (50.6%)
frame_000942,-1.0,1.4511,27.6405,0.0671,29.2177,894,50.9, -> wardrobe (50.9%)
frame_000943,-1.0,1.4406,43.7413,0.0663,45.3077,894,52.94, -> wardrobe (52.9%)
frame_000944,-1.0,1.3809,66.5099,0.0687,68.0186,894,52.24, -> wardrobe (52.2%)
frame_000945,-1.0,1.4543,43.2435,0.0694,44.8249,894,49.92, -> wardrobe (49.9%)
frame_000946,-1.0,1.5256,39.0344,0.0724,40.6934,894,48.84, -> wardrobe (48.8%)
frame_000947,-1.0,1.4656,35.915,0.0701,37.51,894,44.93, -> wardrobe (44.9%)
frame_000948,-1.0,1.8819,34.4028,0.0695,36.4172,894,54.66, -> wardrobe (54.7%)
frame_000949,-1.0,1.3882,60.9649,0.0696,62.483,894,47.35, -> wardrobe (47.4%)
frame_000950,-1.0,1.4016,38.3502,0.068,39.8782,894,49.62, -> wardrobe (49.6%)
frame_000951,-1.0,1.8245,34.3027,0.0694,36.2559,894,39.93, -> wardrobe (39.9%)
frame_000952,-1.0,1.8916,30.5636,0.0719,32.5883,894,47.9, -> wardrobe (47.9%)
frame_000953,-1.0,1.837,41.6878,0.0735,43.6595,894,49.04, -> wardrobe (49.0%)
frame_000954,-1.0,1.531,30.2964,0.0698,31.9562,894,57.6, -> wardrobe (57.6%)
frame_000955,-1.0,3.0362,55.9479,0.0666,59.1094,894,56.71, -> wardrobe (56.7%)
frame_000956,-1.0,2.7336,37.0208,0.0687,39.884,894,51.9, -> wardrobe (51.9%)
frame_000957,-1.0,1.5242,46.9936,0.0706,48.65,894,49.1, -> wardrobe (49.1%)
frame_000958,-1.0,2.8348,45.8017,0.0849,48.7974,894,53.62, -> wardrobe (53.6%)
frame_000959,-1.0,1.5704,35.661,0.0693,37.3602,894,50.52, -> wardrobe (50.5%)
frame_000960,-1.0,1.6503,29.5272,0.068,31.3112,894,48.92, -> wardrobe (48.9%)
frame_000961,-1.0,1.8515,31.6077,0.0688,33.5898,894,48.72, -> wardrobe (48.7%)
frame_000962,-1.0,2.7631,84.9883,0.0689,87.8768,894,49.51, -> wardrobe (49.5%)
frame_000963,-1.0,1.6647,27.1051,0.0635,28.8906,894,52.14, -> wardrobe (52.1%)
frame_000964,-1.0,2.4526,42.7988,0.0703,45.3806,894,56.89, -> wardrobe (56.9%)
frame_000965,-1.0,2.6958,34.6953,0.0691,37.5223,894,49.61, -> wardrobe (49.6%)
frame_000966,-1.0,1.6928,41.254,0.0668,43.0712,894,48.5, -> wardrobe (48.5%)
frame_000967,-1.0,1.5587,32.7782,0.0908,34.5035,894,56.45, -> wardrobe (56.4%)
frame_000968,-1.0,2.5556,57.6519,0.0705,60.3357,894,48.03, -> wardrobe (48.0%)
frame_000969,-1.0,1.7533,39.2667,0.0698,41.1504,894,43.74, -> wardrobe (43.7%)
frame_000970,-1.0,1.4945,45.4745,0.0685,47.0966,894,51.61, -> wardrobe (51.6%)
frame_000971,-1.0,1.5354,48.4102,0.0675,50.0721,894,48.6, -> wardrobe (48.6%)
frame_000972,-1.0,2.6356,41.2155,0.0699,43.9833,894,45.09, -> wardrobe (45.1%)
frame_000973,-1.0,2.7701,51.1788,0.0695,54.0771,894,51.52, -> wardrobe (51.5%)
frame_000974,-1.0,2.9313,36.2067,0.0706,39.2683,894,43.98, -> wardrobe (44.0%)
frame_000975,-1.0,1.5595,39.7613,0.0685,41.4483,894,48.02, -> wardrobe (48.0%)
frame_000976,-1.0,3.4487,30.8141,0.0696,34.3912,894,44.85, -> wardrobe (44.9%)
frame_000977,-1.0,3.6675,29.1697,0.068,32.9646,894,45.41, -> wardrobe (45.4%)
frame_000978,-1.0,2.2435,38.6351,0.0679,41.0054,894,44.18, -> wardrobe (44.2%)
frame_000979,-1.0,1.3815,39.8096,0.0696,41.3199,894,38.86, -> wardrobe (38.9%)
frame_000980,-1.0,2.8761,29.6072,0.0702,32.6154,894,38.81, -> wardrobe (38.8%)
frame_000981,-1.0,2.3688,36.1952,0.0692,38.6945,894,29.52, -> wardrobe (29.5%)
frame_000982,-1.0,1.4017,40.9515,0.0697,42.4833,894,39.39, -> wardrobe (39.4%)
frame_000983,-1.0,1.4471,33.8714,0.069,35.4522,894,24.74, -> wardrobe (24.7%)
frame_000984,-1.0,3.5463,58.3186,0.072,62.0001,894,31.6, -> wardrobe (31.6%)
frame_000985,-1.0,2.5488,42.68,0.0674,45.3553,894,27.4, -> wardrobe (27.4%)
frame_000986,-1.0,4.0416,42.2272,0.07,46.4036,894,21.55, -> wardrobe (21.5%)
frame_000987,-1.0,1.5562,53.9349,0.0716,55.6222,894,21.42, -> wardrobe (21.4%)
frame_000988,-1.0,1.514,34.8116,0.0696,36.4542,894,19.0, -> wardrobe (19.0%)
frame_000989,-1.0,1.5661,37.6698,0.0668,39.3612,771,14.94, -> safe (14.9%)
frame_000990,-1.0,2.6065,46.0906,0.0674,48.8642,894,13.43, -> wardrobe (13.4%)
frame_000991,-1.0,1.5627,42.7342,0.0691,44.4241,771,9.71, -> safe (9.7%)
frame_000992,-1.0,1.7515,31.2366,0.0673,33.1148,894,11.0, -> wardrobe (11.0%)
frame_000993,-1.0,1.5453,40.5035,0.0685,42.1767,894,8.13, -> wardrobe (8.1%)
frame_000994,-1.0,1.7303,42.832,0.0711,44.6936,894,11.35, -> wardrobe (11.3%)
frame_000995,-1.0,1.4432,57.6188,0.0691,59.1909,894,6.67, -> wardrobe (6.7%)
frame_000996,-1.0,1.7006,42.4481,0.0699,44.2785,526,10.52, -> desk (10.5%)
frame_000997,-1.0,1.4522,40.9572,0.0703,42.5383,894,9.78, -> wardrobe (9.8%)
frame_000998,-1.0,1.5172,43.032,0.0721,44.6822,894,8.93, -> wardrobe (8.9%)
frame_000999,-1.0,1.5599,39.1644,0.0706,40.8547,526,6.58, -> desk (6.6%)
frame_001000,-1.0,1.7675,48.157,0.0708,50.0535,526,15.56, -> desk (15.6%)
frame_001001,-1.0,1.5394,30.6332,0.0738,32.3081,423,6.77, -> barber chair (6.8%)
frame_001002,-1.0,3.1816,31.8723,0.0683,35.1836,713,10.39, -> photocopier (10.4%)
frame_001003,-1.0,1.6369,34.0241,0.069,35.7881,894,5.75, -> wardrobe (5.8%)
frame_001004,-1.0,1.3878,35.3209,0.0699,36.8348,526,17.36, -> desk (17.4%)
frame_001005,-1.0,2.8074,40.096,0.0718,43.0365,526,16.26, -> desk (16.3%)
frame_001006,-1.0,3.4468,34.5809,0.0674,38.1535,526,10.5, -> desk (10.5%)
frame_001007,-1.0,1.5614,47.1504,0.0698,48.8406,877,15.05, -> turnstile (15.0%)
frame_001008,-1.0,1.3693,35.4873,0.0691,36.9864,526,7.63, -> desk (7.6%)
frame_001009,-1.0,1.3821,42.5474,0.0666,44.054,526,9.93, -> desk (9.9%)
frame_001010,-1.0,1.3486,40.4315,0.0715,41.9135,526,9.37, -> desk (9.4%)
frame_001011,-1.0,3.2342,36.7461,0.0699,40.1099,526,8.28, -> desk (8.3%)
frame_001012,-1.0,2.8206,66.2893,0.0695,69.2368,526,13.74, -> desk (13.7%)
frame_001013,-1.0,2.5551,38.7589,0.0678,41.4411,526,9.46, -> desk (9.5%)
frame_001014,-1.0,1.5634,34.8343,0.0696,36.5274,771,7.1, -> safe (7.1%)
frame_001015,-1.0,3.5985,49.4012,0.0703,53.1332,713,11.67, -> photocopier (11.7%)
frame_001016,-1.0,2.7326,48.0529,0.0689,50.913,713,10.49, -> photocopier (10.5%)
frame_001017,-1.0,1.5677,38.0582,0.0697,39.7566,894,9.2, -> wardrobe (9.2%)
frame_001018,-1.0,3.5771,41.4574,0.0681,45.1626,877,16.13, -> turnstile (16.1%)
frame_001019,-1.0,1.3664,38.8561,0.0972,40.3791,675,6.28, -> moving van (6.3%)
frame_001020,-1.0,1.9316,35.6259,0.0694,37.6922,894,9.49, -> wardrobe (9.5%)
frame_001021,-1.0,2.5678,36.7124,0.0694,39.4087,894,14.76, -> wardrobe (14.8%)
frame_001022,-1.0,3.6545,40.9361,0.0718,44.7238,894,12.65, -> wardrobe (12.6%)
frame_001023,-1.0,2.9367,31.3388,0.0724,34.4074,894,16.9, -> wardrobe (16.9%)
frame_001024,-1.0,2.3751,33.1442,0.0683,35.6468,894,15.77, -> wardrobe (15.8%)
frame_001025,-1.0,1.4869,38.0645,0.0682,39.6862,894,14.73, -> wardrobe (14.7%)
frame_001026,-1.0,1.9068,31.5847,0.0683,33.6208,894,28.13, -> wardrobe (28.1%)
frame_001027,-1.0,1.6381,36.5305,0.0678,38.2947,894,19.98, -> wardrobe (20.0%)
frame_001028,-1.0,1.399,33.7414,0.0697,35.2676,894,35.8, -> wardrobe (35.8%)
frame_001029,-1.0,1.3961,46.1493,0.069,47.6728,894,36.81, -> wardrobe (36.8%)
frame_001030,-1.0,1.3702,51.5848,0.0708,53.0835,894,51.51, -> wardrobe (51.5%)
frame_001031,-1.0,1.7666,29.8966,0.0698,31.7924,894,52.2, -> wardrobe (52.2%)
frame_001032,-1.0,1.8756,42.5142,0.0775,44.5264,894,41.87, -> wardrobe (41.9%)
frame_001033,-1.0,1.4181,32.168,0.0681,33.714,894,47.34, -> wardrobe (47.3%)
frame_001034,-1.0,1.8133,45.1485,0.067,47.0879,894,46.71, -> wardrobe (46.7%)
frame_001035,-1.0,1.3901,46.8349,0.0681,48.3516,894,48.32, -> wardrobe (48.3%)
frame_001036,-1.0,1.785,38.1436,0.0676,40.0548,894,44.64, -> wardrobe (44.6%)
frame_001037,-1.0,1.3225,47.2195,0.0888,48.7099,894,41.72, -> wardrobe (41.7%)
frame_001038,-1.0,1.6895,31.6006,0.0695,33.42,894,32.91, -> wardrobe (32.9%)
frame_001039,-1.0,1.8856,45.0581,0.0653,47.068,894,31.7, -> wardrobe (31.7%)
frame_001040,-1.0,3.0509,44.8057,0.0706,47.9874,894,41.63, -> wardrobe (41.6%)
frame_001041,-1.0,1.5037,43.2247,0.0692,44.8558,894,30.68, -> wardrobe (30.7%)
frame_001042,-1.0,2.4784,35.0025,0.0747,37.6142,894,26.13, -> wardrobe (26.1%)
frame_001043,-1.0,3.4496,30.0497,0.0692,33.627,894,22.63, -> wardrobe (22.6%)
frame_001044,-1.0,1.7837,33.3203,0.0682,35.2294,894,17.91, -> wardrobe (17.9%)
frame_001045,-1.0,1.5214,45.7929,0.0696,47.4425,894,26.52, -> wardrobe (26.5%)
frame_001046,-1.0,1.353,39.7924,0.0723,41.2802,894,27.22, -> wardrobe (27.2%)
frame_001047,-1.0,3.6,51.8374,0.0708,55.5565,894,17.17, -> wardrobe (17.2%)
frame_001048,-1.0,2.8024,27.1487,0.0697,30.0802,894,22.23, -> wardrobe (22.2%)
frame_001049,-1.0,1.8077,52.938,0.0728,54.8788,894,19.44, -> wardrobe (19.4%)
frame_001050,-1.0,1.4346,32.6706,0.0664,34.2305,799,14.99, -> sliding door (15.0%)
frame_001051,-1.0,3.4909,51.3929,0.094,55.0345,760,7.78, -> refrigerator (7.8%)
frame_001052,-1.0,2.8579,40.0926,0.0691,43.078,799,11.2, -> sliding door (11.2%)
frame_001053,-1.0,2.3181,30.1027,0.0738,32.5549,799,6.78, -> sliding door (6.8%)
frame_001054,-1.0,3.2733,35.0059,0.0668,38.4048,760,7.54, -> refrigerator (7.5%)
frame_001055,-1.0,1.8926,30.3212,0.0671,32.3398,897,8.6, -> washer (8.6%)
frame_001056,-1.0,1.6444,30.9871,0.069,32.7593,897,7.31, -> washer (7.3%)
frame_001057,-1.0,3.6121,31.9594,0.0675,35.6983,897,8.34, -> washer (8.3%)
frame_001058,-1.0,3.5657,39.2986,0.0726,42.9965,894,8.13, -> wardrobe (8.1%)
frame_001059,-1.0,1.9912,42.0946,0.068,44.217,897,6.1, -> washer (6.1%)
frame_001060,-1.0,1.4295,41.8416,0.0689,43.3993,897,6.59, -> washer (6.6%)
frame_001061,-1.0,1.8097,31.1566,0.0691,33.0951,526,6.88, -> desk (6.9%)
frame_001062,-1.0,1.5383,31.7587,0.0686,33.4253,851,5.83, -> television (5.8%)
frame_001063,-1.0,3.3073,33.2596,0.0688,36.694,526,4.7, -> desk (4.7%)
frame_001064,-1.0,1.709,30.371,0.0675,32.2058,897,6.84, -> washer (6.8%)
frame_001065,-1.0,1.3559,50.1087,0.0673,51.5886,526,6.01, -> desk (6.0%)
frame_001066,-1.0,1.408,37.7981,0.068,39.3338,480,5.87, -> cash machine (5.9%)
frame_001067,-1.0,2.3456,42.2511,0.0713,44.7264,526,4.15, -> desk (4.2%)
frame_001068,-1.0,1.5601,45.0045,0.0682,46.691,480,5.65, -> cash machine (5.6%)
frame_001069,-1.0,2.7495,43.8814,0.0673,46.7559,526,13.44, -> desk (13.4%)
frame_001070,-1.0,1.564,62.3971,0.279,64.2806,526,8.65, -> desk (8.6%)
frame_001071,-1.0,1.4839,30.7864,0.066,32.3942,851,4.32, -> television (4.3%)
frame_001072,-1.0,1.8509,29.852,0.0681,31.8284,543,8.94, -> dumbbell (8.9%)
frame_001073,-1.0,1.8401,35.7041,0.0692,37.6744,543,16.83, -> dumbbell (16.8%)
frame_001074,-1.0,1.8294,33.4628,0.0685,35.4216,561,4.44, -> forklift (4.4%)
frame_001075,-1.0,1.3351,40.1567,0.069,41.6267,543,7.67, -> dumbbell (7.7%)
frame_001076,-1.0,1.8021,29.5694,0.0697,31.5005,543,14.66, -> dumbbell (14.7%)
frame_001077,-1.0,1.8589,31.8664,0.0733,33.8617,543,11.34, -> dumbbell (11.3%)
frame_001078,-1.0,1.7018,31.6671,0.0698,33.497,543,24.28, -> dumbbell (24.3%)
frame_001079,-1.0,1.8421,29.3998,0.0703,31.3754,543,26.62, -> dumbbell (26.6%)
frame_001080,-1.0,1.8618,30.9806,0.071,32.9746,543,57.51, -> dumbbell (57.5%)
frame_001081,-1.0,1.8816,40.3369,0.0688,42.3465,543,28.56, -> dumbbell (28.6%)
frame_001082,-1.0,2.6084,38.6961,0.07,41.4348,543,31.21, -> dumbbell (31.2%)
frame_001083,-1.0,2.8034,52.6511,0.1157,55.6684,526,6.28, -> desk (6.3%)
frame_001084,-1.0,2.123,43.4077,0.0702,45.6628,543,15.34, -> dumbbell (15.3%)
frame_001085,-1.0,1.4198,30.2236,0.0702,31.7723,543,14.9, -> dumbbell (14.9%)
frame_001086,-1.0,1.3855,40.7692,0.0674,42.2812,543,24.61, -> dumbbell (24.6%)
frame_001087,-1.0,1.3445,61.1577,0.0675,62.6299,543,12.3, -> dumbbell (12.3%)
frame_001088,-1.0,1.6344,38.7194,0.0895,40.5035,471,14.61, -> cannon (14.6%)
frame_001089,-1.0,1.3381,37.6089,0.0686,39.0749,543,15.83, -> dumbbell (15.8%)
frame_001090,-1.0,1.7736,31.0862,0.07,32.9909,543,9.59, -> dumbbell (9.6%)
frame_001091,-1.0,1.3295,39.0884,0.0704,40.5482,543,11.91, -> dumbbell (11.9%)
frame_001092,-1.0,1.3382,51.66,0.0712,53.129,543,7.91, -> dumbbell (7.9%)
frame_001093,-1.0,1.474,46.7168,0.0702,48.3197,895,8.46, -> warplane (8.5%)
frame_001094,-1.0,2.5944,68.5489,0.0689,71.258,877,16.55, -> turnstile (16.5%)
frame_001095,-1.0,3.7027,30.1987,0.0699,34.0307,877,6.48, -> turnstile (6.5%)
frame_001096,-1.0,1.7335,35.6303,0.071,37.4964,466,5.87, -> bullet train (5.9%)
frame_001097,-1.0,1.3082,46.5038,0.0672,47.9379,895,18.96, -> warplane (19.0%)
frame_001098,-1.0,1.4015,36.7777,0.0703,38.309,404,9.07, -> airliner (9.1%)
frame_001099,-1.0,1.3393,35.9325,0.0683,37.3984,908,7.83, -> wing (7.8%)
frame_001100,-1.0,1.5736,37.1155,0.0719,38.8194,466,10.99, -> bullet train (11.0%)
frame_001101,-1.0,1.2906,44.7864,0.0683,46.2044,751,6.32, -> racer (6.3%)
frame_001102,-1.0,1.3313,49.5599,0.0712,51.0223,466,8.76, -> bullet train (8.8%)
frame_001103,-1.0,1.3141,44.6352,0.0688,46.0766,466,6.86, -> bullet train (6.9%)
frame_001104,-1.0,1.5025,43.6252,0.069,45.2563,877,6.5, -> turnstile (6.5%)
frame_001105,-1.0,1.4392,54.0643,0.0705,55.6343,466,8.37, -> bullet train (8.4%)
frame_001106,-1.0,1.4046,35.9248,0.0681,37.4584,877,15.76, -> turnstile (15.8%)
frame_001107,-1.0,1.3696,36.6717,0.0709,38.1719,877,37.46, -> turnstile (37.5%)
frame_001108,-1.0,2.2225,39.1874,0.0691,41.5399,877,14.58, -> turnstile (14.6%)
frame_001109,-1.0,1.3556,52.901,0.0708,54.386,466,17.41, -> bullet train (17.4%)
frame_001110,-1.0,1.3766,36.2944,0.0697,37.8003,877,12.18, -> turnstile (12.2%)
frame_001111,-1.0,1.3314,61.0029,0.0674,62.4611,782,3.74, -> screen (3.7%)
frame_001112,-1.0,1.3333,43.909,0.0717,45.3743,877,16.02, -> turnstile (16.0%)
frame_001113,-1.0,2.8297,70.9973,0.0727,73.9545,466,6.05, -> bullet train (6.1%)
frame_001114,-1.0,1.2213,27.8635,0.0679,29.2129,877,11.7, -> turnstile (11.7%)
frame_001115,-1.0,1.6832,39.3362,0.0917,41.1894,877,13.54, -> turnstile (13.5%)
frame_001116,-1.0,1.3548,56.5266,0.0683,58.0082,877,17.17, -> turnstile (17.2%)
frame_001117,-1.0,1.3326,32.9134,0.0705,34.3795,877,12.17, -> turnstile (12.2%)
frame_001118,-1.0,1.6678,32.723,0.0686,34.5164,877,33.06, -> turnstile (33.1%)
frame_001119,-1.0,1.8309,37.8273,0.0691,39.7866,877,6.26, -> turnstile (6.3%)
frame_001120,-1.0,1.3634,40.8173,0.0708,42.3096,877,8.64, -> turnstile (8.6%)
frame_001121,-1.0,1.3534,41.5518,0.0679,43.0343,877,38.01, -> turnstile (38.0%)
frame_001122,-1.0,1.4195,36.9362,0.0695,38.4863,665,15.37, -> moped (15.4%)
frame_001123,-1.0,1.3307,41.094,0.0701,42.5554,665,21.28, -> moped (21.3%)
frame_001124,-1.0,1.3586,43.7265,0.0689,45.2129,877,19.58, -> turnstile (19.6%)
frame_001125,-1.0,1.4947,46.8121,0.0684,48.435,877,15.71, -> turnstile (15.7%)
frame_001126,-1.0,2.627,50.1052,0.0678,52.8589,665,13.42, -> moped (13.4%)
frame_001127,-1.0,1.3975,38.5717,0.0704,40.1017,543,14.66, -> dumbbell (14.7%)
frame_001128,-1.0,1.6448,48.6091,0.0709,50.3845,670,14.5, -> motor scooter (14.5%)
frame_001129,-1.0,1.3419,38.7346,0.0697,40.2058,665,18.89, -> moped (18.9%)
frame_001130,-1.0,1.3215,51.0641,0.0706,52.5176,665,25.3, -> moped (25.3%)
frame_001131,-1.0,1.4742,43.4105,0.0699,45.0161,543,6.09, -> dumbbell (6.1%)
frame_001132,-1.0,1.6107,46.3101,0.0672,48.0447,877,9.8, -> turnstile (9.8%)
frame_001133,-1.0,1.4578,51.8041,0.0678,53.3884,543,12.45, -> dumbbell (12.5%)
frame_001134,-1.0,1.5093,61.0373,0.0707,62.6779,543,12.15, -> dumbbell (12.1%)
frame_001135,-1.0,1.2796,36.5284,0.0679,37.9348,877,35.22, -> turnstile (35.2%)
frame_001136,-1.0,1.3452,39.584,0.0671,41.0538,877,40.94, -> turnstile (40.9%)
frame_001137,-1.0,1.2829,36.5306,0.0709,37.9478,877,23.28, -> turnstile (23.3%)
frame_001138,-1.0,2.0239,41.0746,0.0714,43.2348,543,5.64, -> dumbbell (5.6%)
frame_001139,-1.0,1.3427,40.7736,0.0687,42.2443,543,15.99, -> dumbbell (16.0%)
frame_001140,-1.0,1.359,37.9565,0.0695,39.445,548,10.02, -> entertainment center (10.0%)
frame_001141,-1.0,1.3496,71.158,0.0691,72.623,894,8.89, -> wardrobe (8.9%)
frame_001142,-1.0,1.4538,53.6093,0.0676,55.1894,422,15.9, -> barbell (15.9%)
frame_001143,-1.0,1.3661,36.166,0.0706,37.6616,543,4.52, -> dumbbell (4.5%)
frame_001144,-1.0,1.4964,48.7742,0.0713,50.404,548,11.21, -> entertainment center (11.2%)
frame_001145,-1.0,1.4577,56.026,0.0726,57.6171,548,10.31, -> entertainment center (10.3%)
frame_001146,-1.0,2.6055,58.7895,0.071,61.5244,548,10.2, -> entertainment center (10.2%)
frame_001147,-1.0,3.276,45.3223,0.0924,48.7566,548,11.24, -> entertainment center (11.2%)
frame_001148,-1.0,1.71,48.6154,0.0706,50.459,548,10.12, -> entertainment center (10.1%)
frame_001149,-1.0,1.4077,39.5531,0.0696,41.0883,894,7.35, -> wardrobe (7.4%)
frame_001150,-1.0,2.789,46.8342,0.0699,49.7527,561,6.53, -> forklift (6.5%)
frame_001151,-1.0,1.6797,45.6267,0.0678,47.4314,894,8.98, -> wardrobe (9.0%)
frame_001152,-1.0,1.558,46.0454,0.0689,47.73,894,5.96, -> wardrobe (6.0%)
frame_001153,-1.0,1.5972,40.1172,0.0668,41.8409,422,5.86, -> barbell (5.9%)
frame_001154,-1.0,1.4096,45.0133,0.0681,46.5507,894,5.64, -> wardrobe (5.6%)
frame_001155,-1.0,1.4127,40.2131,0.0716,41.7575,543,8.53, -> dumbbell (8.5%)
frame_001156,-1.0,1.4676,41.3841,0.0981,43.0331,561,9.59, -> forklift (9.6%)
frame_001157,-1.0,1.398,41.0977,0.0714,42.6268,561,7.85, -> forklift (7.9%)
frame_001158,-1.0,1.5002,49.4897,0.0703,51.1187,894,6.05, -> wardrobe (6.1%)
frame_001159,-1.0,1.4575,56.1106,0.076,57.7421,561,13.49, -> forklift (13.5%)
frame_001160,-1.0,1.5065,47.0634,0.0971,48.7286,894,7.4, -> wardrobe (7.4%)
frame_001161,-1.0,1.4469,62.8895,0.0702,64.4688,894,12.39, -> wardrobe (12.4%)
frame_001162,-1.0,1.4115,48.9688,0.0705,50.5113,543,7.73, -> dumbbell (7.7%)
frame_001163,-1.0,2.8036,43.4343,0.071,46.3706,561,5.29, -> forklift (5.3%)
frame_001164,-1.0,1.6076,44.0787,0.0718,45.8195,894,6.38, -> wardrobe (6.4%)
frame_001165,-1.0,1.4292,41.8978,0.0907,43.4939,894,7.2, -> wardrobe (7.2%)
frame_001166,-1.0,1.3929,40.3842,0.0701,41.9075,543,8.35, -> dumbbell (8.4%)
frame_001167,-1.0,1.3662,43.7434,0.0697,45.2387,894,12.62, -> wardrobe (12.6%)
frame_001168,-1.0,1.5999,38.2547,0.0699,39.9847,894,6.99, -> wardrobe (7.0%)
frame_001169,-1.0,1.4864,33.3427,0.0694,34.9598,894,6.94, -> wardrobe (6.9%)
frame_001170,-1.0,1.4322,58.0986,0.0754,59.6678,894,12.13, -> wardrobe (12.1%)
frame_001171,-1.0,1.383,39.4735,0.0708,40.99,894,17.51, -> wardrobe (17.5%)
frame_001172,-1.0,1.4381,45.0061,0.0718,46.5742,894,7.0, -> wardrobe (7.0%)
frame_001173,-1.0,1.3793,34.2527,0.072,35.7651,894,7.09, -> wardrobe (7.1%)
frame_001174,-1.0,1.4597,45.4974,0.0698,47.0859,894,11.06, -> wardrobe (11.1%)
frame_001175,-1.0,1.4401,48.2758,0.0729,49.8512,894,7.72, -> wardrobe (7.7%)
frame_001176,-1.0,1.5038,47.2495,0.072,48.887,561,8.84, -> forklift (8.8%)
frame_001177,-1.0,1.6581,41.257,0.072,43.0501,561,9.18, -> forklift (9.2%)
frame_001178,-1.0,2.6499,52.8807,0.0722,55.6885,561,10.1, -> forklift (10.1%)
frame_001179,-1.0,2.8438,45.8205,0.0711,48.7982,561,8.79, -> forklift (8.8%)
frame_001180,-1.0,1.5712,47.7278,0.0715,49.4305,561,8.84, -> forklift (8.8%)
frame_001181,-1.0,1.3739,43.3201,0.0715,44.8262,561,9.95, -> forklift (10.0%)
frame_001182,-1.0,2.6441,39.7842,0.0715,42.5608,561,8.96, -> forklift (9.0%)
frame_001183,-1.0,1.7809,43.9568,0.1009,45.9115,894,8.21, -> wardrobe (8.2%)
frame_001184,-1.0,1.4266,40.9476,0.0696,42.5047,894,8.62, -> wardrobe (8.6%)
frame_001185,-1.0,1.4043,34.6079,0.0705,36.1429,561,10.52, -> forklift (10.5%)
frame_001186,-1.0,1.8197,47.3651,0.07,49.3156,561,10.49, -> forklift (10.5%)
frame_001187,-1.0,1.4337,42.327,0.0691,43.8897,561,10.27, -> forklift (10.3%)
frame_001188,-1.0,1.3933,58.3396,0.0705,59.8628,894,14.23, -> wardrobe (14.2%)
frame_001189,-1.0,1.4217,59.1273,0.0721,60.6812,894,11.65, -> wardrobe (11.7%)
frame_001190,-1.0,1.5118,36.9238,0.0697,38.5644,894,12.77, -> wardrobe (12.8%)
frame_001191,-1.0,1.4109,51.951,0.0692,53.4897,894,17.98, -> wardrobe (18.0%)
frame_001192,-1.0,1.426,42.5596,0.0691,44.1127,894,18.09, -> wardrobe (18.1%)
frame_001193,-1.0,2.4986,57.1811,0.0958,59.8569,894,16.19, -> wardrobe (16.2%)
frame_001194,-1.0,1.5606,37.6253,0.0701,39.3161,894,16.6, -> wardrobe (16.6%)
frame_001195,-1.0,1.4772,55.2321,0.0673,56.836,894,12.85, -> wardrobe (12.9%)
frame_001196,-1.0,2.795,34.3546,0.0701,37.2778,894,12.97, -> wardrobe (13.0%)
frame_001197,-1.0,2.1066,44.4295,0.0698,46.6676,894,9.73, -> wardrobe (9.7%)
frame_001198,-1.0,2.5474,47.5069,0.0894,50.2223,894,9.23, -> wardrobe (9.2%)
frame_001199,-1.0,3.0721,50.5917,0.0686,53.787,894,12.78, -> wardrobe (12.8%)
frame_001200,-1.0,2.7322,38.9891,0.0682,41.8498,894,12.98, -> wardrobe (13.0%)
frame_001201,-1.0,1.8321,50.1244,0.0691,52.0857,894,13.17, -> wardrobe (13.2%)
frame_001202,-1.0,1.4284,50.4392,0.0696,51.9951,894,11.5, -> wardrobe (11.5%)
frame_001203,-1.0,1.3313,43.389,0.0692,44.8474,894,9.13, -> wardrobe (9.1%)
frame_001204,-1.0,1.3979,52.2306,0.072,53.7617,894,10.88, -> wardrobe (10.9%)
frame_001205,-1.0,1.4125,41.6709,0.0686,43.2095,894,12.25, -> wardrobe (12.2%)
frame_001206,-1.0,2.7448,36.9174,0.0707,39.7927,894,9.76, -> wardrobe (9.8%)
frame_001207,-1.0,1.6679,49.7571,0.0688,51.5515,894,12.53, -> wardrobe (12.5%)
frame_001208,-1.0,1.3941,45.3273,0.0693,46.8499,894,12.98, -> wardrobe (13.0%)
frame_001209,-1.0,1.4012,42.4226,0.0684,43.951,894,11.41, -> wardrobe (11.4%)
frame_001210,-1.0,1.4323,38.7344,0.0841,40.3097,894,12.16, -> wardrobe (12.2%)
frame_001211,-1.0,1.427,59.3459,0.0697,60.9022,894,12.56, -> wardrobe (12.6%)
frame_001212,-1.0,1.6553,38.4532,0.0688,40.237,894,10.01, -> wardrobe (10.0%)
frame_001213,-1.0,1.429,38.5997,0.07,40.1581,894,10.18, -> wardrobe (10.2%)
frame_001214,-1.0,1.4008,59.5258,0.0677,61.0536,894,11.47, -> wardrobe (11.5%)
frame_001215,-1.0,1.3619,51.2133,0.0751,52.7133,894,10.67, -> wardrobe (10.7%)
frame_001216,-1.0,1.5544,43.2247,0.067,44.9034,894,9.93, -> wardrobe (9.9%)
frame_001217,-1.0,1.5305,38.8347,0.0679,40.4926,894,7.84, -> wardrobe (7.8%)
frame_001218,-1.0,1.4292,42.6209,0.0699,44.1812,894,10.27, -> wardrobe (10.3%)
frame_001219,-1.0,1.3443,42.4545,0.069,43.9267,894,13.49, -> wardrobe (13.5%)
frame_001220,-1.0,1.335,55.6416,0.0699,57.1063,894,19.44, -> wardrobe (19.4%)
frame_001221,-1.0,1.4406,38.0329,0.0667,39.6003,894,10.74, -> wardrobe (10.7%)
frame_001222,-1.0,1.5786,45.1094,0.0691,46.8144,543,10.54, -> dumbbell (10.5%)
frame_001223,-1.0,1.5111,61.3966,0.2949,63.2448,561,8.78, -> forklift (8.8%)
frame_001224,-1.0,1.5399,31.0343,0.0647,32.6976,561,10.58, -> forklift (10.6%)
frame_001225,-1.0,1.5988,51.0948,0.0741,52.8284,543,8.14, -> dumbbell (8.1%)
frame_001226,-1.0,1.4996,44.4805,0.0677,46.1072,561,5.69, -> forklift (5.7%)
frame_001227,-1.0,2.8672,53.2041,0.0689,56.199,548,12.91, -> entertainment center (12.9%)
frame_001228,-1.0,2.9237,58.1892,0.065,61.2358,543,17.29, -> dumbbell (17.3%)
frame_001229,-1.0,3.1488,41.8987,0.0664,45.1765,543,17.92, -> dumbbell (17.9%)
frame_001230,-1.0,1.6641,49.0216,0.0703,50.8155,744,5.77, -> projectile (5.8%)
frame_001231,-1.0,1.4594,51.9935,0.0685,53.5795,561,10.3, -> forklift (10.3%)
frame_001232,-1.0,1.4447,36.1896,0.0695,37.763,561,7.94, -> forklift (7.9%)
frame_001233,-1.0,2.6497,35.2293,0.071,38.0109,561,6.25, -> forklift (6.2%)
frame_001234,-1.0,1.6537,43.2238,0.0681,45.003,561,8.17, -> forklift (8.2%)
frame_001235,-1.0,2.6531,41.7445,0.0685,44.5245,561,8.13, -> forklift (8.1%)
frame_001236,-1.0,1.6209,40.6037,0.0685,42.3533,561,10.13, -> forklift (10.1%)
frame_001237,-1.0,1.3549,43.6663,0.0686,45.1497,561,10.59, -> forklift (10.6%)
frame_001238,-1.0,1.3813,36.6252,0.0682,38.1329,561,11.51, -> forklift (11.5%)
frame_001239,-1.0,1.8029,36.4189,0.0719,38.3555,561,11.48, -> forklift (11.5%)
frame_001240,-1.0,1.4111,35.6413,0.0707,37.1877,561,12.21, -> forklift (12.2%)
frame_001241,-1.0,1.4299,43.3231,0.07,44.8812,561,10.3, -> forklift (10.3%)
frame_001242,-1.0,1.4508,44.4835,0.0694,46.063,561,11.38, -> forklift (11.4%)
frame_001243,-1.0,1.3888,38.8906,0.0673,40.4043,561,12.02, -> forklift (12.0%)
frame_001244,-1.0,1.5405,35.1825,0.0723,36.8541,561,14.28, -> forklift (14.3%)
frame_001245,-1.0,1.4352,48.5317,0.0694,50.0962,561,15.74, -> forklift (15.7%)
frame_001246,-1.0,2.9224,48.7392,0.0679,51.7881,561,17.38, -> forklift (17.4%)
frame_001247,-1.0,1.6159,40.7728,0.0754,42.522,561,15.17, -> forklift (15.2%)
frame_001248,-1.0,1.4634,43.6322,0.0663,45.2184,561,14.89, -> forklift (14.9%)
frame_001249,-1.0,1.288,56.5259,0.0695,57.9432,561,13.08, -> forklift (13.1%)
frame_001250,-1.0,1.2973,37.7287,0.0695,39.1557,561,13.63, -> forklift (13.6%)
frame_001251,-1.0,1.3547,42.3542,0.0665,43.8313,561,12.75, -> forklift (12.7%)
frame_001252,-1.0,1.3581,46.2413,0.0674,47.7245,561,12.42, -> forklift (12.4%)
frame_001253,-1.0,2.8356,52.2252,0.0685,55.1898,561,14.1, -> forklift (14.1%)
frame_001254,-1.0,1.3056,45.4108,0.0679,46.8434,561,13.85, -> forklift (13.9%)
frame_001255,-1.0,1.4599,36.4066,0.0882,38.0271,561,14.57, -> forklift (14.6%)
frame_001256,-1.0,1.4184,53.8392,0.0691,55.3875,561,13.18, -> forklift (13.2%)
frame_001257,-1.0,1.3541,36.9395,0.069,38.4212,561,14.06, -> forklift (14.1%)
frame_001258,-1.0,1.4177,47.1954,0.0698,48.7419,561,15.52, -> forklift (15.5%)
frame_001259,-1.0,1.4526,33.8797,0.068,35.4576,561,16.33, -> forklift (16.3%)
frame_001260,-1.0,1.3522,41.9941,0.07,43.4793,561,15.73, -> forklift (15.7%)
frame_001261,-1.0,2.728,46.8205,0.0666,49.672,561,13.71, -> forklift (13.7%)
frame_001262,-1.0,2.9631,33.9971,0.0671,37.085,561,14.38, -> forklift (14.4%)
frame_001263,-1.0,1.5178,40.6466,0.0681,42.2913,561,16.55, -> forklift (16.5%)
frame_001264,-1.0,1.5675,42.808,0.0709,44.5057,561,14.65, -> forklift (14.6%)
frame_001265,-1.0,1.3802,53.1367,0.0689,54.6421,561,14.11, -> forklift (14.1%)
frame_001266,-1.0,1.4039,51.4834,0.0703,53.0159,561,14.45, -> forklift (14.4%)
frame_001267,-1.0,1.4202,60.6087,0.0692,62.1579,561,13.52, -> forklift (13.5%)
frame_001268,-1.0,1.3981,54.3054,0.0671,55.8329,561,14.37, -> forklift (14.4%)
frame_001269,-1.0,1.3737,36.8493,0.0762,38.358,561,13.57, -> forklift (13.6%)
frame_001270,-1.0,1.3015,38.7533,0.0691,40.1817,561,14.0, -> forklift (14.0%)
frame_001271,-1.0,3.3868,38.0046,0.0724,41.5245,561,12.83, -> forklift (12.8%)
frame_001272,-1.0,1.6152,39.9546,0.0705,41.7001,561,12.83, -> forklift (12.8%)
frame_001273,-1.0,1.3411,49.5753,0.0716,51.0466,561,13.87, -> forklift (13.9%)
frame_001274,-1.0,1.4692,40.9373,0.0698,42.5358,561,15.06, -> forklift (15.1%)
frame_001275,-1.0,2.6893,45.8482,0.0698,48.6659,561,16.05, -> forklift (16.0%)
frame_001276,-1.0,1.8391,48.6384,0.0678,50.6039,561,14.48, -> forklift (14.5%)
frame_001277,-1.0,1.3424,36.8619,0.0703,38.3329,561,14.97, -> forklift (15.0%)
frame_001278,-1.0,2.6631,55.0704,0.068,57.8615,561,14.89, -> forklift (14.9%)
frame_001279,-1.0,2.8844,38.027,0.0736,41.0443,561,16.2, -> forklift (16.2%)
frame_001280,-1.0,1.6268,43.4921,0.069,45.2483,561,17.5, -> forklift (17.5%)
frame_001281,-1.0,1.3548,46.1402,0.0706,47.6223,561,18.33, -> forklift (18.3%)
frame_001282,-1.0,1.318,47.612,0.0676,49.0565,561,16.31, -> forklift (16.3%)
frame_001283,-1.0,2.7307,38.5109,0.0693,41.3698,561,14.75, -> forklift (14.7%)
frame_001284,-1.0,1.5476,47.548,0.0699,49.2249,561,15.65, -> forklift (15.6%)
frame_001285,-1.0,1.3945,41.5203,0.0677,43.0419,561,16.15, -> forklift (16.1%)
frame_001286,-1.0,1.3133,58.2124,0.0734,59.6577,561,13.92, -> forklift (13.9%)
frame_001287,-1.0,1.7362,52.5681,0.0677,54.4301,561,15.47, -> forklift (15.5%)
frame_001288,-1.0,1.3456,38.2281,0.0744,39.7092,561,13.54, -> forklift (13.5%)
frame_001289,-1.0,3.4055,63.6915,0.0695,67.216,561,17.98, -> forklift (18.0%)
frame_001290,-1.0,1.8987,31.5193,0.0682,33.5476,561,20.1, -> forklift (20.1%)
frame_001291,-1.0,1.5698,39.2675,0.0673,40.9639,561,22.93, -> forklift (22.9%)
frame_001292,-1.0,1.3343,38.8538,0.0685,40.3161,561,21.25, -> forklift (21.3%)
frame_001293,-1.0,2.7853,45.2421,0.0924,48.1812,561,21.64, -> forklift (21.6%)
frame_001294,-1.0,1.6511,42.9917,0.0671,44.7681,561,18.78, -> forklift (18.8%)
frame_001295,-1.0,2.9395,43.0115,0.0699,46.0808,561,22.23, -> forklift (22.2%)
frame_001296,-1.0,1.5965,47.7054,0.0717,49.4353,561,22.46, -> forklift (22.5%)
frame_001297,-1.0,2.6344,38.5101,0.0691,41.2743,561,22.82, -> forklift (22.8%)
frame_001298,-1.0,1.7852,53.989,0.0709,55.9052,561,24.26, -> forklift (24.3%)
frame_001299,-1.0,1.4186,49.3851,0.073,50.9366,561,22.19, -> forklift (22.2%)
frame_001300,-1.0,1.4213,55.9178,0.0699,57.4678,561,21.28, -> forklift (21.3%)
frame_001301,-1.0,1.3955,50.4726,0.0698,51.997,561,21.07, -> forklift (21.1%)
frame_001302,-1.0,3.063,44.5243,0.0681,47.7157,561,20.88, -> forklift (20.9%)
frame_001303,-1.0,2.8374,44.1526,0.0704,47.1218,561,19.21, -> forklift (19.2%)
frame_001304,-1.0,1.5604,41.6521,0.0698,43.3424,561,20.69, -> forklift (20.7%)
frame_001305,-1.0,2.6571,65.2996,0.0725,68.0797,561,21.08, -> forklift (21.1%)
frame_001306,-1.0,3.292,37.2011,0.0697,40.6261,561,19.14, -> forklift (19.1%)
frame_001307,-1.0,13.378,53.7205,0.0914,67.2583,632,5.57, -> loudspeaker (5.6%)
frame_001308,-1.0,1.7524,32.4618,0.0675,34.3268,632,6.28, -> loudspeaker (6.3%)
frame_001309,-1.0,2.2817,27.6406,0.0666,30.0483,526,6.62, -> desk (6.6%)
frame_001310,-1.0,1.6617,45.0099,0.0702,46.8024,632,6.76, -> loudspeaker (6.8%)
frame_001311,-1.0,1.2631,52.6041,0.0698,53.9973,632,7.32, -> loudspeaker (7.3%)
frame_001312,-1.0,1.3912,40.578,0.071,42.102,632,6.98, -> loudspeaker (7.0%)
frame_001313,-1.0,1.361,50.2299,0.0688,51.7199,632,7.33, -> loudspeaker (7.3%)
frame_001314,-1.0,1.3527,38.1077,0.0707,39.5891,632,7.68, -> loudspeaker (7.7%)
frame_001315,-1.0,1.4848,42.1911,0.0665,43.8005,632,6.76, -> loudspeaker (6.8%)
frame_001316,-1.0,1.3995,55.4115,0.0678,56.9379,632,7.84, -> loudspeaker (7.8%)
frame_001317,-1.0,1.5434,37.6465,0.0693,39.3164,632,7.81, -> loudspeaker (7.8%)
frame_001318,-1.0,1.3527,43.8512,0.0667,45.3289,632,7.65, -> loudspeaker (7.6%)
frame_001319,-1.0,1.3847,45.397,0.07,46.9128,632,7.65, -> loudspeaker (7.7%)
frame_001320,-1.0,1.4138,43.0191,0.0743,44.5673,632,7.91, -> loudspeaker (7.9%)
frame_001321,-1.0,1.3729,58.9864,0.0673,60.486,632,7.07, -> loudspeaker (7.1%)
frame_001322,-1.0,1.3575,37.3984,0.0708,38.8918,632,6.45, -> loudspeaker (6.5%)
frame_001323,-1.0,1.3223,42.7744,0.0698,44.2257,632,7.18, -> loudspeaker (7.2%)
frame_001324,-1.0,1.3138,43.3904,0.0871,44.8513,632,7.4, -> loudspeaker (7.4%)
frame_001325,-1.0,1.3395,52.173,0.0683,53.6412,632,7.13, -> loudspeaker (7.1%)
frame_001326,-1.0,1.3499,54.2597,0.1185,55.8267,632,8.17, -> loudspeaker (8.2%)
frame_001327,-1.0,1.7085,68.7348,0.0744,70.5757,632,7.64, -> loudspeaker (7.6%)
frame_001328,-1.0,1.9636,31.0553,0.0749,33.1587,632,6.97, -> loudspeaker (7.0%)
frame_001329,-1.0,1.5774,56.3384,0.0739,58.0538,632,7.29, -> loudspeaker (7.3%)
frame_001330,-1.0,1.4276,49.6471,0.0758,51.2213,632,7.22, -> loudspeaker (7.2%)
frame_001331,-1.0,1.6543,55.8267,0.0755,57.6207,632,6.96, -> loudspeaker (7.0%)
frame_001332,-1.0,3.1313,41.3849,0.077,44.6559,526,8.78, -> desk (8.8%)
frame_001333,-1.0,1.7007,39.7167,0.0788,41.5608,526,8.82, -> desk (8.8%)
frame_001334,-1.0,1.6317,41.0751,0.0784,42.8504,526,9.11, -> desk (9.1%)
frame_001335,-1.0,2.91,37.7449,0.0772,40.7955,526,8.7, -> desk (8.7%)
frame_001336,-1.0,1.8658,46.2555,0.0755,48.2604,526,8.59, -> desk (8.6%)
frame_001337,-1.0,1.2791,40.9387,0.0764,42.3579,526,8.0, -> desk (8.0%)
frame_001338,-1.0,1.5831,46.8091,0.0758,48.5305,526,8.27, -> desk (8.3%)
frame_001339,-1.0,1.4759,42.3349,0.0767,43.9507,526,8.14, -> desk (8.1%)
frame_001340,-1.0,1.6536,40.0761,0.0799,41.8753,526,8.14, -> desk (8.1%)
frame_001341,-1.0,2.1531,46.2354,0.0765,48.5293,526,7.59, -> desk (7.6%)
frame_001342,-1.0,1.6868,45.7005,0.0764,47.5298,526,7.86, -> desk (7.9%)
frame_001343,-1.0,1.7032,49.5665,0.0746,51.407,526,7.36, -> desk (7.4%)
frame_001344,-1.0,3.4174,41.4932,0.0744,45.0493,526,6.57, -> desk (6.6%)
frame_001345,-1.0,1.7057,40.9338,0.0741,42.7727,526,7.01, -> desk (7.0%)
frame_001346,-1.0,2.7844,39.0359,0.0751,41.9597,526,6.94, -> desk (6.9%)
frame_001347,-1.0,1.8669,35.9909,0.0747,37.9981,526,6.38, -> desk (6.4%)
frame_001348,-1.0,2.7763,54.5021,0.0749,57.4154,526,6.9, -> desk (6.9%)
frame_001349,-1.0,1.7128,46.0507,0.0758,47.9047,526,5.9, -> desk (5.9%)
frame_001350,-1.0,1.653,34.5789,0.0794,36.3768,526,6.46, -> desk (6.5%)
frame_001351,-1.0,1.4092,40.3091,0.074,41.8554,526,6.02, -> desk (6.0%)
frame_001352,-1.0,2.7783,34.2975,0.0828,37.2238,526,7.27, -> desk (7.3%)
frame_001353,-1.0,1.6029,45.2497,0.0742,46.9896,526,5.82, -> desk (5.8%)
frame_001354,-1.0,1.4511,47.9287,0.0756,49.5191,526,7.46, -> desk (7.5%)
frame_001355,-1.0,1.6216,44.8984,0.0753,46.6645,632,6.21, -> loudspeaker (6.2%)
frame_001356,-1.0,1.4808,50.6047,0.0752,52.2244,526,6.77, -> desk (6.8%)
frame_001357,-1.0,1.3572,40.2649,0.076,41.7635,526,6.24, -> desk (6.2%)
frame_001358,-1.0,1.3589,42.2208,0.08,43.7249,632,5.84, -> loudspeaker (5.8%)
frame_001359,-1.0,1.8506,43.0139,0.0758,45.0047,632,6.42, -> loudspeaker (6.4%)
frame_001360,-1.0,1.6541,41.8074,0.2286,43.7576,632,7.33, -> loudspeaker (7.3%)
frame_001361,-1.0,1.4243,53.4849,0.0752,55.0486,632,7.26, -> loudspeaker (7.3%)
frame_001362,-1.0,1.7341,34.275,0.0756,36.1496,526,6.56, -> desk (6.6%)
frame_001363,-1.0,1.6991,51.6294,0.0729,53.464,526,6.44, -> desk (6.4%)
frame_001364,-1.0,1.6177,48.7187,0.0752,50.4758,526,4.9, -> desk (4.9%)
frame_001365,-1.0,1.4685,46.9702,0.0744,48.5766,526,5.18, -> desk (5.2%)
frame_001366,-1.0,1.5067,43.7128,0.0722,45.3531,632,4.56, -> loudspeaker (4.6%)
frame_001367,-1.0,1.6356,39.6315,0.0757,41.4081,526,4.59, -> desk (4.6%)
frame_001368,-1.0,1.4381,38.7181,0.0758,40.2966,632,5.07, -> loudspeaker (5.1%)
frame_001369,-1.0,1.4939,44.302,0.1193,45.9773,526,5.53, -> desk (5.5%)
frame_001370,-1.0,2.7032,40.5388,0.0745,43.3798,526,5.73, -> desk (5.7%)
frame_001371,-1.0,1.7872,37.7562,0.0761,39.683,632,5.22, -> loudspeaker (5.2%)
frame_001372,-1.0,4.1788,55.7827,0.0996,60.1266,526,5.03, -> desk (5.0%)
frame_001373,-1.0,2.9397,38.5887,0.0764,41.6694,632,5.05, -> loudspeaker (5.1%)
frame_001374,-1.0,1.4871,37.5875,0.0809,39.2204,526,5.71, -> desk (5.7%)
frame_001375,-1.0,1.3554,71.2546,0.0719,72.7407,526,4.65, -> desk (4.7%)
frame_001376,-1.0,2.6985,30.7505,0.0729,33.5838,526,5.48, -> desk (5.5%)
frame_001377,-1.0,3.605,32.3385,0.08,36.0892,632,5.39, -> loudspeaker (5.4%)
frame_001378,-1.0,1.6627,40.1603,0.075,41.9605,632,5.03, -> loudspeaker (5.0%)
frame_001379,-1.0,1.4161,69.9004,0.0741,71.4486,632,5.17, -> loudspeaker (5.2%)
frame_001380,-1.0,1.3954,32.3575,0.0748,33.8944,632,5.51, -> loudspeaker (5.5%)
frame_001381,-1.0,3.6311,37.0834,0.0746,40.8527,632,5.68, -> loudspeaker (5.7%)
frame_001382,-1.0,2.8385,45.1137,0.0762,48.095,632,5.86, -> loudspeaker (5.9%)
frame_001383,-1.0,2.9066,39.0905,0.0745,42.1359,632,5.66, -> loudspeaker (5.7%)
frame_001384,-1.0,1.681,51.275,0.1309,53.1531,632,5.43, -> loudspeaker (5.4%)
frame_001385,-1.0,1.4239,38.9407,0.0739,40.5019,632,5.3, -> loudspeaker (5.3%)
frame_001386,-1.0,1.426,47.9229,0.0744,49.4871,632,5.28, -> loudspeaker (5.3%)
frame_001387,-1.0,1.5437,41.5867,0.0737,43.2685,632,5.7, -> loudspeaker (5.7%)
frame_001388,-1.0,1.4401,59.7408,0.0761,61.321,632,5.67, -> loudspeaker (5.7%)
frame_001389,-1.0,1.6823,40.9195,0.0801,42.7489,632,5.29, -> loudspeaker (5.3%)
frame_001390,-1.0,1.4251,54.639,0.075,56.2022,632,5.54, -> loudspeaker (5.5%)
frame_001391,-1.0,1.5335,46.9215,0.075,48.5982,632,5.19, -> loudspeaker (5.2%)
frame_001392,-1.0,1.6366,49.0796,0.074,50.8916,526,8.54, -> desk (8.5%)
frame_001393,-1.0,1.5359,36.7324,0.0746,38.4068,526,9.38, -> desk (9.4%)
frame_001394,-1.0,1.4635,68.1436,0.0754,69.7417,526,7.71, -> desk (7.7%)
frame_001395,-1.0,1.2827,26.9019,0.0741,28.3238,526,7.0, -> desk (7.0%)
frame_001396,-1.0,1.5211,48.6986,0.0775,50.3615,526,7.42, -> desk (7.4%)
frame_001397,-1.0,1.4247,45.0719,0.0763,46.6387,526,7.25, -> desk (7.3%)
frame_001398,-1.0,1.6276,51.3,0.0758,53.068,561,10.25, -> forklift (10.2%)
frame_001399,-1.0,1.3494,40.836,0.0738,42.3216,526,16.03, -> desk (16.0%)
frame_001400,-1.0,1.6315,42.5014,0.1347,44.3726,526,20.92, -> desk (20.9%)
frame_001401,-1.0,1.6587,43.8601,0.0797,45.6617,526,11.07, -> desk (11.1%)
frame_001402,-1.0,1.445,48.0514,0.0763,49.6349,526,5.3, -> desk (5.3%)
frame_001403,-1.0,1.4493,36.1282,0.0758,37.7184,526,6.6, -> desk (6.6%)
frame_001404,-1.0,1.4125,54.6021,0.0743,56.1524,526,7.61, -> desk (7.6%)
frame_001405,-1.0,1.462,43.7439,0.0752,45.3434,526,9.44, -> desk (9.4%)
frame_001406,-1.0,2.6536,39.5787,0.0751,42.3738,526,12.22, -> desk (12.2%)
frame_001407,-1.0,3.1338,44.08,0.0755,47.3548,526,7.21, -> desk (7.2%)
frame_001408,-1.0,3.5189,39.354,0.0758,43.0093,526,5.5, -> desk (5.5%)
frame_001409,-1.0,1.5792,36.8775,0.0745,38.5924,830,5.68, -> stretcher (5.7%)
frame_001410,-1.0,3.6222,58.4462,0.0754,62.2093,526,13.07, -> desk (13.1%)
frame_001411,-1.0,1.7088,42.1691,0.0734,44.0146,526,3.85, -> desk (3.9%)
frame_001412,-1.0,2.865,48.1735,0.0781,51.1795,526,7.96, -> desk (8.0%)
frame_001413,-1.0,2.9886,64.0664,0.074,67.1755,526,5.36, -> desk (5.4%)
frame_001414,-1.0,1.6084,29.3336,0.0749,31.082,526,6.13, -> desk (6.1%)
frame_001415,-1.0,3.2062,42.8713,0.0749,46.2159,526,5.51, -> desk (5.5%)
frame_001416,-1.0,1.5981,47.6018,0.0745,49.3402,526,6.0, -> desk (6.0%)
frame_001417,-1.0,1.4863,39.9587,0.1434,41.6981,526,6.49, -> desk (6.5%)
frame_001418,-1.0,3.0238,34.9414,0.0757,38.1057,526,6.22, -> desk (6.2%)
frame_001419,-1.0,3.2651,39.1145,0.0756,42.5182,526,9.44, -> desk (9.4%)
frame_001420,-1.0,3.7263,38.681,0.076,42.548,526,7.85, -> desk (7.9%)
frame_001421,-1.0,1.8642,38.6003,0.0762,40.6055,754,6.57, -> radio (6.6%)
frame_001422,-1.0,1.5563,50.7116,0.0757,52.4094,754,8.11, -> radio (8.1%)
frame_001423,-1.0,1.4339,39.9611,0.077,41.5347,526,7.15, -> desk (7.1%)
frame_001424,-1.0,1.6179,42.2241,0.0767,43.9848,526,5.57, -> desk (5.6%)
frame_001425,-1.0,2.0311,36.6459,0.0749,38.8174,527,5.81, -> desktop computer (5.8%)
frame_001426,-1.0,1.7904,45.3444,0.0761,47.2741,526,8.17, -> desk (8.2%)
frame_001427,-1.0,1.4359,52.2673,0.0756,53.8439,877,15.56, -> turnstile (15.6%)
frame_001428,-1.0,1.5413,40.4333,0.0745,42.111,877,30.84, -> turnstile (30.8%)
frame_001429,-1.0,2.9688,46.0716,0.0727,49.176,877,26.43, -> turnstile (26.4%)
frame_001430,-1.0,1.6339,42.0393,0.0894,43.825,877,31.19, -> turnstile (31.2%)
frame_001431,-1.0,3.6197,45.867,0.0776,49.6307,526,7.15, -> desk (7.1%)
frame_001432,-1.0,1.6824,43.335,0.076,45.1563,527,13.17, -> desktop computer (13.2%)
frame_001433,-1.0,3.0453,38.0657,0.0744,41.2506,527,10.58, -> desktop computer (10.6%)
frame_001434,-1.0,3.0763,54.1306,0.0763,57.3476,527,13.26, -> desktop computer (13.3%)
frame_001435,-1.0,1.6537,47.9751,0.075,49.7877,527,14.15, -> desktop computer (14.1%)
frame_001436,-1.0,1.8781,50.258,0.0761,52.2756,527,8.97, -> desktop computer (9.0%)
frame_001437,-1.0,3.2937,46.928,0.0761,50.3607,877,6.47, -> turnstile (6.5%)
frame_001438,-1.0,1.7969,35.367,0.0769,37.3058,527,7.51, -> desktop computer (7.5%)
frame_001439,-1.0,3.0455,38.8863,0.0739,42.0684,527,7.07, -> desktop computer (7.1%)
frame_001440,-1.0,3.513,36.4716,0.0751,40.1243,527,9.42, -> desktop computer (9.4%)
frame_001441,-1.0,1.8862,36.9364,0.0842,38.9702,527,9.47, -> desktop computer (9.5%)
frame_001442,-1.0,1.3579,60.9605,0.1043,62.5104,754,11.46, -> radio (11.5%)
frame_001443,-1.0,1.5464,37.6105,0.0817,39.3275,527,8.95, -> desktop computer (9.0%)
frame_001444,-1.0,1.3998,48.3103,0.0769,49.85,877,8.62, -> turnstile (8.6%)
frame_001445,-1.0,1.4235,67.7183,0.0748,69.2691,877,19.64, -> turnstile (19.6%)
frame_001446,-1.0,1.5443,43.0586,0.0747,44.743,877,21.99, -> turnstile (22.0%)
frame_001447,-1.0,1.7387,46.447,0.0722,48.322,754,14.47, -> radio (14.5%)
frame_001448,-1.0,1.4126,38.3319,0.0764,39.9025,527,18.2, -> desktop computer (18.2%)
frame_001449,-1.0,1.4906,41.9802,0.0776,43.6117,527,12.91, -> desktop computer (12.9%)
frame_001450,-1.0,1.6704,52.4312,0.0746,54.2376,526,8.34, -> desk (8.3%)
frame_001451,-1.0,1.5712,40.0713,0.075,41.7794,561,5.47, -> forklift (5.5%)
frame_001452,-1.0,1.6879,40.018,0.0771,41.8757,877,13.78, -> turnstile (13.8%)
frame_001453,-1.0,1.6027,49.3947,0.0738,51.1347,877,4.2, -> turnstile (4.2%)
frame_001454,-1.0,1.4846,45.3134,0.074,46.9342,527,16.73, -> desktop computer (16.7%)
frame_001455,-1.0,1.7426,41.3753,0.078,43.2618,527,12.53, -> desktop computer (12.5%)
frame_001456,-1.0,1.904,45.1471,0.0757,47.1921,527,13.97, -> desktop computer (14.0%)
frame_001457,-1.0,1.6638,38.9281,0.0761,40.7345,877,15.24, -> turnstile (15.2%)
frame_001458,-1.0,1.5672,38.295,0.0742,40.0,877,39.64, -> turnstile (39.6%)
frame_001459,-1.0,2.307,39.6732,0.0828,42.1282,877,9.67, -> turnstile (9.7%)
frame_001460,-1.0,1.6665,43.3232,0.0745,45.1288,877,39.72, -> turnstile (39.7%)
frame_001461,-1.0,1.4991,39.8183,0.0751,41.4575,527,11.26, -> desktop computer (11.3%)
frame_001462,-1.0,1.6336,41.8882,0.0768,43.6636,782,10.55, -> screen (10.6%)
frame_001463,-1.0,1.4501,34.9489,0.0774,36.5406,526,13.43, -> desk (13.4%)
frame_001464,-1.0,1.553,35.8146,0.0764,37.5071,877,33.58, -> turnstile (33.6%)
frame_001465,-1.0,1.3873,41.5703,0.0799,43.1011,877,14.01, -> turnstile (14.0%)
frame_001466,-1.0,1.8299,43.6068,0.0732,45.5735,877,40.31, -> turnstile (40.3%)
frame_001467,-1.0,3.3212,42.4856,0.0756,45.9442,877,25.22, -> turnstile (25.2%)
frame_001468,-1.0,3.1437,37.3889,0.0755,40.672,877,18.88, -> turnstile (18.9%)
frame_001469,-1.0,3.2846,49.7551,0.0742,53.1774,851,9.12, -> television (9.1%)
frame_001470,-1.0,1.6809,37.6948,0.0752,39.5216,526,14.28, -> desk (14.3%)
frame_001471,-1.0,1.6729,40.75,0.0753,42.5621,561,33.25, -> forklift (33.2%)
frame_001472,-1.0,1.5371,54.2667,0.0776,55.9474,877,32.14, -> turnstile (32.1%)
frame_001473,-1.0,1.4647,49.7673,0.0743,51.3707,877,48.32, -> turnstile (48.3%)
frame_001474,-1.0,1.7323,46.703,0.0778,48.5779,561,14.33, -> forklift (14.3%)
frame_001475,-1.0,1.5229,50.8184,0.0759,52.4807,561,14.9, -> forklift (14.9%)
frame_001476,-1.0,1.7916,42.9578,0.0753,44.8891,877,11.48, -> turnstile (11.5%)
frame_001477,-1.0,3.0047,52.5801,0.0746,55.7222,851,7.9, -> television (7.9%)
frame_001478,-1.0,1.4657,48.7188,0.0747,50.3241,877,37.95, -> turnstile (37.9%)
frame_001479,-1.0,1.6523,34.0811,0.0752,35.8727,877,64.57, -> turnstile (64.6%)
frame_001480,-1.0,1.8594,45.5874,0.0772,47.5882,877,35.44, -> turnstile (35.4%)
frame_001481,-1.0,1.4156,38.1372,0.0776,39.6953,675,6.08, -> moving van (6.1%)
frame_001482,-1.0,3.464,47.5537,0.0782,51.1588,877,5.23, -> turnstile (5.2%)
frame_001483,-1.0,3.3829,36.6198,0.0751,40.1427,526,4.84, -> desk (4.8%)
frame_001484,-1.0,3.146,36.7882,0.0763,40.0746,771,10.87, -> safe (10.9%)
frame_001485,-1.0,1.7283,41.592,0.0779,43.465,561,20.17, -> forklift (20.2%)
frame_001486,-1.0,1.7153,40.8039,0.0825,42.6649,877,35.79, -> turnstile (35.8%)
frame_001487,-1.0,2.9,45.7973,0.0769,48.839,877,24.75, -> turnstile (24.8%)
frame_001488,-1.0,1.4249,38.5366,0.075,40.1017,771,22.47, -> safe (22.5%)
frame_001489,-1.0,1.6554,52.9889,0.0782,54.7864,543,4.25, -> dumbbell (4.3%)
frame_001490,-1.0,3.2432,37.4831,0.0876,40.892,877,7.12, -> turnstile (7.1%)
frame_001491,-1.0,3.4599,42.6345,0.0754,46.2345,771,16.66, -> safe (16.7%)
frame_001492,-1.0,1.5933,42.6273,0.0771,44.3614,877,6.68, -> turnstile (6.7%)
frame_001493,-1.0,1.6963,47.2933,0.0767,49.1294,771,11.64, -> safe (11.6%)
frame_001494,-1.0,1.4685,40.2803,0.0755,41.8884,771,19.3, -> safe (19.3%)
frame_001495,-1.0,1.4394,40.4236,0.0756,42.0036,771,21.55, -> safe (21.6%)
frame_001496,-1.0,2.8757,42.7374,0.0748,45.7519,771,13.78, -> safe (13.8%)
frame_001497,-1.0,1.4752,51.3829,0.0775,52.9987,771,18.97, -> safe (19.0%)
frame_001498,-1.0,1.4298,48.2475,0.0755,49.8184,771,21.27, -> safe (21.3%)
frame_001499,-1.0,1.5338,46.6538,0.0758,48.3283,771,5.74, -> safe (5.7%)
frame_001500,-1.0,1.4507,40.2886,0.0778,41.8832,771,9.95, -> safe (9.9%)
frame_001501,-1.0,1.5134,41.3434,0.0763,42.9955,771,22.38, -> safe (22.4%)
frame_001502,-1.0,3.7422,40.3172,0.0757,44.1992,771,18.9, -> safe (18.9%)
frame_001503,-1.0,1.6131,39.1234,0.0771,40.8766,771,17.76, -> safe (17.8%)
frame_001504,-1.0,1.4557,42.4556,0.0808,44.056,771,22.47, -> safe (22.5%)
frame_001505,-1.0,1.4586,42.3521,0.0967,43.9705,771,20.34, -> safe (20.3%)
frame_001506,-1.0,2.9921,70.0811,0.0757,73.1948,771,27.98, -> safe (28.0%)
frame_001507,-1.0,1.4001,33.7394,0.0776,35.2819,771,25.99, -> safe (26.0%)
frame_001508,-1.0,1.8273,45.0324,0.0749,46.9974,771,27.12, -> safe (27.1%)
frame_001509,-1.0,1.4438,45.3748,0.0761,46.9569,771,26.48, -> safe (26.5%)
frame_001510,-1.0,1.3275,39.3617,0.0775,40.8313,771,28.18, -> safe (28.2%)
frame_001511,-1.0,1.7347,44.3305,0.078,46.211,771,29.36, -> safe (29.4%)
frame_001512,-1.0,1.4927,56.2994,0.0768,57.9366,771,19.7, -> safe (19.7%)
frame_001513,-1.0,1.7292,35.2898,0.0768,37.1598,771,20.11, -> safe (20.1%)
frame_001514,-1.0,1.7249,36.1403,0.0769,38.0068,771,21.26, -> safe (21.3%)
frame_001515,-1.0,1.7257,56.7212,0.0774,58.5895,771,22.8, -> safe (22.8%)
frame_001516,-1.0,1.6431,36.957,0.0769,38.7436,771,23.01, -> safe (23.0%)
frame_001517,-1.0,1.7555,45.2299,0.0756,47.1257,771,24.23, -> safe (24.2%)
frame_001518,-1.0,1.716,50.5249,0.0755,52.3821,771,20.69, -> safe (20.7%)
frame_001519,-1.0,1.7022,45.0348,0.0764,46.8775,771,19.07, -> safe (19.1%)
frame_001520,-1.0,1.679,42.7845,0.077,44.6048,771,19.16, -> safe (19.2%)
frame_001521,-1.0,1.7792,37.9324,0.0772,39.855,771,16.87, -> safe (16.9%)
frame_001522,-1.0,3.1787,66.8715,0.0753,70.1909,771,19.45, -> safe (19.4%)
frame_001523,-1.0,1.684,41.7492,0.0747,43.5725,771,19.38, -> safe (19.4%)
frame_001524,-1.0,1.7114,41.6583,0.0757,43.5094,771,16.81, -> safe (16.8%)
frame_001525,-1.0,1.6347,35.9048,0.0769,37.681,771,17.34, -> safe (17.3%)
frame_001526,-1.0,1.5352,39.3782,0.0761,41.0543,771,16.55, -> safe (16.6%)
frame_001527,-1.0,1.5249,47.6913,0.0768,49.3583,771,16.4, -> safe (16.4%)
frame_001528,-1.0,1.7129,37.9064,0.0758,39.7608,771,16.33, -> safe (16.3%)
frame_001529,-1.0,3.4081,35.9991,0.0736,39.546,771,17.26, -> safe (17.3%)
frame_001530,-1.0,1.8217,47.3611,0.0752,49.3217,771,15.38, -> safe (15.4%)
frame_001531,-1.0,1.5619,36.1567,0.0748,37.86,771,15.31, -> safe (15.3%)
frame_001532,-1.0,1.6791,39.2768,0.0762,41.0974,771,12.86, -> safe (12.9%)
frame_001533,-1.0,1.7275,46.9734,0.0761,48.8416,771,15.33, -> safe (15.3%)
frame_001534,-1.0,3.0361,38.8992,0.0766,42.0774,771,12.16, -> safe (12.2%)
frame_001535,-1.0,1.5985,46.3879,0.078,48.1292,771,14.97, -> safe (15.0%)
frame_001536,-1.0,3.0812,44.7703,0.0766,47.9936,771,13.36, -> safe (13.4%)
frame_001537,-1.0,1.5326,67.6609,0.0766,69.3353,771,15.35, -> safe (15.4%)
frame_001538,-1.0,1.6661,36.1621,0.0777,37.985,771,20.92, -> safe (20.9%)
frame_001539,-1.0,1.7697,42.4606,0.0754,44.389,771,21.99, -> safe (22.0%)
frame_001540,-1.0,1.5905,37.9164,0.0769,39.6496,771,24.66, -> safe (24.7%)
frame_001541,-1.0,1.6959,41.743,0.0754,43.5807,771,29.11, -> safe (29.1%)
frame_001542,-1.0,1.7098,42.1695,0.0788,44.0231,771,26.23, -> safe (26.2%)
frame_001543,-1.0,1.4535,39.7832,0.077,41.4173,771,26.29, -> safe (26.3%)
frame_001544,-1.0,1.7774,40.6777,0.0782,42.5977,771,14.34, -> safe (14.3%)
frame_001545,-1.0,2.0434,35.4195,0.0758,37.6052,771,7.56, -> safe (7.6%)
frame_001546,-1.0,1.4448,49.499,0.0762,51.0841,771,17.4, -> safe (17.4%)
frame_001547,-1.0,1.4277,40.8675,0.0756,42.4345,771,13.33, -> safe (13.3%)
frame_001548,-1.0,1.455,36.4369,0.0768,38.0316,771,12.27, -> safe (12.3%)
frame_001549,-1.0,1.5243,42.2149,0.0734,43.8766,771,12.84, -> safe (12.8%)
frame_001550,-1.0,1.4502,40.1427,0.0738,41.7278,771,12.06, -> safe (12.1%)
frame_001551,-1.0,1.5398,41.2982,0.0776,42.9803,771,11.94, -> safe (11.9%)
frame_001552,-1.0,1.5381,41.8619,0.076,43.5445,771,13.36, -> safe (13.4%)
frame_001553,-1.0,1.4922,42.3972,0.0752,44.0297,771,16.38, -> safe (16.4%)
frame_001554,-1.0,1.5006,47.56,0.0773,49.2031,771,12.82, -> safe (12.8%)
frame_001555,-1.0,1.4775,35.7949,0.0812,37.4213,799,6.67, -> sliding door (6.7%)
frame_001556,-1.0,2.1421,38.929,0.0758,41.2132,548,4.09, -> entertainment center (4.1%)
frame_001557,-1.0,1.5122,51.8945,0.0763,53.5471,598,5.75, -> home theater (5.8%)
frame_001558,-1.0,1.4579,54.6772,0.075,56.2733,830,9.63, -> stretcher (9.6%)
frame_001559,-1.0,1.4418,42.2993,0.0909,43.8935,830,8.86, -> stretcher (8.9%)
frame_001560,-1.0,1.4396,54.5745,0.076,56.153,771,7.52, -> safe (7.5%)
frame_001561,-1.0,1.8275,34.7836,0.077,36.7535,830,6.39, -> stretcher (6.4%)
frame_001562,-1.0,1.5714,39.608,0.0775,41.3223,830,6.79, -> stretcher (6.8%)
frame_001563,-1.0,3.2229,48.0914,0.0768,51.457,598,12.26, -> home theater (12.3%)
frame_001564,-1.0,1.9373,40.5012,0.0759,42.5771,598,8.45, -> home theater (8.5%)
frame_001565,-1.0,3.2491,53.2364,0.0771,56.6251,543,4.38, -> dumbbell (4.4%)
frame_001566,-1.0,3.2407,48.088,0.0762,51.4705,598,4.92, -> home theater (4.9%)
frame_001567,-1.0,1.6509,50.2251,0.0765,52.0176,543,6.48, -> dumbbell (6.5%)
frame_001568,-1.0,1.6462,71.312,0.078,73.0838,830,11.9, -> stretcher (11.9%)
frame_001569,-1.0,1.358,31.4845,0.0759,33.0245,830,10.53, -> stretcher (10.5%)
frame_001570,-1.0,1.4614,46.7922,0.0781,48.3967,830,10.56, -> stretcher (10.6%)
frame_001571,-1.0,1.4511,66.8746,0.0779,68.4693,830,9.64, -> stretcher (9.6%)
frame_001572,-1.0,3.1834,34.6206,0.1144,37.9859,830,6.16, -> stretcher (6.2%)
frame_001573,-1.0,1.7181,43.7423,0.0764,45.6004,830,6.29, -> stretcher (6.3%)
frame_001574,-1.0,1.4646,39.5507,0.0767,41.1571,830,5.59, -> stretcher (5.6%)
frame_001575,-1.0,1.8544,43.2692,0.0753,45.2629,830,6.81, -> stretcher (6.8%)
frame_001576,-1.0,1.4149,46.0252,0.0748,47.5784,830,6.69, -> stretcher (6.7%)
frame_001577,-1.0,1.4,40.3364,0.0742,41.8755,830,8.25, -> stretcher (8.2%)
frame_001578,-1.0,1.4268,35.6977,0.0773,37.2662,830,7.03, -> stretcher (7.0%)
frame_001579,-1.0,1.626,49.6413,0.0746,51.4117,830,7.6, -> stretcher (7.6%)
frame_001580,-1.0,1.532,47.2627,0.076,48.9354,830,7.98, -> stretcher (8.0%)
frame_001581,-1.0,1.4555,37.4556,0.0756,39.0501,830,7.09, -> stretcher (7.1%)
frame_001582,-1.0,1.519,33.5569,0.0773,35.2183,830,5.94, -> stretcher (5.9%)
frame_001583,-1.0,2.825,35.1575,0.075,38.1203,830,6.88, -> stretcher (6.9%)
frame_001584,-1.0,3.4705,37.4381,0.0765,41.0488,744,6.43, -> projectile (6.4%)
frame_001585,-1.0,1.7551,46.0647,0.0759,47.9616,744,6.19, -> projectile (6.2%)
frame_001586,-1.0,1.6209,49.3881,0.0752,51.1477,830,6.83, -> stretcher (6.8%)
frame_001587,-1.0,1.6568,42.2064,0.0773,44.007,830,7.04, -> stretcher (7.0%)
frame_001588,-1.0,1.8645,48.1434,0.0778,50.1516,830,7.88, -> stretcher (7.9%)
frame_001589,-1.0,2.8948,48.9285,0.0756,51.9638,830,8.21, -> stretcher (8.2%)
frame_001590,-1.0,1.9794,44.6119,0.0783,46.7408,543,6.01, -> dumbbell (6.0%)
frame_001591,-1.0,3.2251,50.3385,0.0771,53.707,543,5.73, -> dumbbell (5.7%)
frame_001592,-1.0,3.1168,50.6841,0.077,53.9467,543,4.39, -> dumbbell (4.4%)
frame_001593,-1.0,1.8047,47.5758,0.0813,49.5283,771,5.52, -> safe (5.5%)
frame_001594,-1.0,1.7923,48.2614,0.1229,50.2409,830,8.92, -> stretcher (8.9%)
frame_001595,-1.0,3.1315,41.4328,0.0774,44.7078,771,8.59, -> safe (8.6%)
frame_001596,-1.0,1.6724,43.2977,0.0773,45.1115,830,8.35, -> stretcher (8.4%)
frame_001597,-1.0,3.1623,47.0428,0.0787,50.3789,830,8.16, -> stretcher (8.2%)
frame_001598,-1.0,1.7794,68.8166,0.075,70.7205,830,6.4, -> stretcher (6.4%)
frame_001599,-1.0,2.845,27.7711,0.075,30.7561,830,5.49, -> stretcher (5.5%)
frame_001600,-1.0,4.1964,49.5324,0.0762,53.8729,830,5.48, -> stretcher (5.5%)
frame_001601,-1.0,1.6916,42.028,0.0753,43.8598,830,6.45, -> stretcher (6.4%)
frame_001602,-1.0,1.4334,42.8004,0.0774,44.377,830,6.63, -> stretcher (6.6%)
frame_001603,-1.0,3.1644,43.6113,0.0755,46.9151,771,6.88, -> safe (6.9%)
frame_001604,-1.0,1.6622,39.1793,0.075,40.9813,830,7.67, -> stretcher (7.7%)
frame_001605,-1.0,1.3865,48.3718,0.076,49.8982,830,7.37, -> stretcher (7.4%)
frame_001606,-1.0,1.5668,42.4136,0.0784,44.1246,830,8.14, -> stretcher (8.1%)
frame_001607,-1.0,1.4907,43.3722,0.0765,45.0044,598,8.49, -> home theater (8.5%)
frame_001608,-1.0,1.5159,46.9591,0.0786,48.6188,771,4.73, -> safe (4.7%)
frame_001609,-1.0,1.4193,53.2214,0.0769,54.7882,771,8.82, -> safe (8.8%)
frame_001610,-1.0,1.451,40.1842,0.0768,41.7806,771,11.68, -> safe (11.7%)
frame_001611,-1.0,1.5902,42.7385,0.0771,44.4702,771,9.07, -> safe (9.1%)
frame_001612,-1.0,1.7035,43.0261,0.078,44.873,771,15.86, -> safe (15.9%)
frame_001613,-1.0,1.4433,51.3778,0.0774,52.9652,771,10.51, -> safe (10.5%)
frame_001614,-1.0,1.7138,36.9317,0.0771,38.7878,771,13.06, -> safe (13.1%)
frame_001615,-1.0,1.7016,45.7352,0.0743,47.5752,771,15.04, -> safe (15.0%)
frame_001616,-1.0,1.4993,55.1069,0.0763,56.7471,771,9.68, -> safe (9.7%)
frame_001617,-1.0,1.7163,52.2523,0.0774,54.1084,771,11.02, -> safe (11.0%)
frame_001618,-1.0,1.452,47.6876,0.0752,49.2791,771,7.79, -> safe (7.8%)
frame_001619,-1.0,2.9944,41.0767,0.076,44.2169,771,12.32, -> safe (12.3%)
frame_001620,-1.0,3.203,47.1055,0.0771,50.4508,771,10.18, -> safe (10.2%)
frame_001621,-1.0,1.7179,40.4913,0.0763,42.3506,771,13.37, -> safe (13.4%)
frame_001622,-1.0,1.6974,46.8762,0.1374,48.7785,771,18.14, -> safe (18.1%)
frame_001623,-1.0,2.9636,42.2366,0.0773,45.3411,771,18.41, -> safe (18.4%)
frame_001624,-1.0,3.155,39.7877,0.0846,43.0927,771,29.28, -> safe (29.3%)
frame_001625,-1.0,1.9461,38.0032,0.0764,40.0908,771,13.45, -> safe (13.4%)
frame_001626,-1.0,1.7187,41.4173,0.0771,43.2793,771,17.07, -> safe (17.1%)
frame_001627,-1.0,1.6822,45.4299,0.0776,47.2541,771,24.13, -> safe (24.1%)
frame_001628,-1.0,1.4816,56.5383,0.0756,58.1601,771,32.31, -> safe (32.3%)
frame_001629,-1.0,1.5647,50.1098,0.1251,51.8666,771,24.11, -> safe (24.1%)
frame_001630,-1.0,1.7741,48.9477,0.0779,50.8656,771,31.22, -> safe (31.2%)
frame_001631,-1.0,1.4251,41.6715,0.0767,43.2392,771,31.96, -> safe (32.0%)
frame_001632,-1.0,1.4648,34.5632,0.0768,36.1704,771,28.33, -> safe (28.3%)
frame_001633,-1.0,1.6931,58.291,0.0752,60.1242,771,23.95, -> safe (23.9%)
frame_001634,-1.0,1.5445,37.5166,0.0756,39.2011,771,25.19, -> safe (25.2%)
frame_001635,-1.0,1.449,45.3368,0.0768,46.9275,771,19.92, -> safe (19.9%)
frame_001636,-1.0,1.4639,60.1463,0.0781,61.7507,877,17.35, -> turnstile (17.4%)
frame_001637,-1.0,1.445,51.0512,0.0755,52.636,877,35.7, -> turnstile (35.7%)
frame_001638,-1.0,1.7098,38.9539,0.0771,40.804,877,12.43, -> turnstile (12.4%)
frame_001639,-1.0,2.0165,40.5217,0.0763,42.6787,771,20.87, -> safe (20.9%)
frame_001640,-1.0,1.4721,38.4175,0.0762,40.0311,771,14.13, -> safe (14.1%)
frame_001641,-1.0,1.4279,34.8217,0.0767,36.3894,771,16.27, -> safe (16.3%)
frame_001642,-1.0,1.6949,40.4988,0.0768,42.3354,877,12.64, -> turnstile (12.6%)
frame_001643,-1.0,1.4232,40.1322,0.0791,41.6989,877,37.25, -> turnstile (37.2%)
frame_001644,-1.0,1.6616,41.8849,0.0786,43.6896,877,19.9, -> turnstile (19.9%)
frame_001645,-1.0,1.4234,40.5933,0.0754,42.1546,771,7.05, -> safe (7.0%)
frame_001646,-1.0,1.4492,44.1249,0.0757,45.7137,771,19.46, -> safe (19.5%)
frame_001647,-1.0,1.5717,47.6404,0.0759,49.3521,877,18.41, -> turnstile (18.4%)
frame_001648,-1.0,1.6167,52.3212,0.0787,54.0843,561,6.13, -> forklift (6.1%)
frame_001649,-1.0,1.5111,48.472,0.0768,50.124,877,17.46, -> turnstile (17.5%)
frame_001650,-1.0,1.595,37.4041,0.0766,39.1399,877,29.36, -> turnstile (29.4%)
frame_001651,-1.0,1.4773,35.2312,0.0827,36.8563,877,69.06, -> turnstile (69.1%)
frame_001652,-1.0,1.4632,44.9961,0.076,46.5993,877,17.35, -> turnstile (17.4%)
frame_001653,-1.0,2.6962,56.7127,0.2411,59.6938,526,9.04, -> desk (9.0%)
frame_001654,-1.0,1.3902,36.1498,0.0751,37.6793,877,33.7, -> turnstile (33.7%)
frame_001655,-1.0,1.778,42.9688,0.0765,44.8882,877,26.42, -> turnstile (26.4%)
frame_001656,-1.0,1.6852,71.0415,0.0777,72.8666,877,61.59, -> turnstile (61.6%)
frame_001657,-1.0,1.4307,33.1257,0.0739,34.6951,877,68.27, -> turnstile (68.3%)
frame_001658,-1.0,1.5335,36.9563,0.0773,38.6313,877,65.19, -> turnstile (65.2%)
frame_001659,-1.0,1.5572,46.7384,0.0759,48.4367,851,8.91, -> television (8.9%)
frame_001660,-1.0,1.714,50.1584,0.076,52.0134,877,12.8, -> turnstile (12.8%)
frame_001661,-1.0,1.468,41.5094,0.0792,43.1227,877,31.57, -> turnstile (31.6%)
frame_001662,-1.0,1.8008,45.3235,0.0761,47.2659,877,10.21, -> turnstile (10.2%)
frame_001663,-1.0,3.3111,45.3243,0.1107,48.813,877,31.15, -> turnstile (31.1%)
frame_001664,-1.0,1.7013,43.5881,0.0774,45.4311,877,18.63, -> turnstile (18.6%)
frame_001665,-1.0,1.8654,43.3239,0.1211,45.3769,561,29.49, -> forklift (29.5%)
frame_001666,-1.0,1.6731,77.9996,0.0779,79.8046,423,6.29, -> barber chair (6.3%)
frame_001667,-1.0,1.8603,36.3958,0.2557,38.6219,877,11.74, -> turnstile (11.7%)
frame_001668,-1.0,1.4653,48.3318,0.0783,49.9421,877,24.49, -> turnstile (24.5%)
frame_001669,-1.0,1.5659,40.1917,0.0754,41.9,877,30.23, -> turnstile (30.2%)
frame_001670,-1.0,1.4467,41.9823,0.0777,43.5725,830,14.24, -> stretcher (14.2%)
frame_001671,-1.0,1.4243,46.8097,0.0755,48.3748,561,19.69, -> forklift (19.7%)
frame_001672,-1.0,1.3708,38.7005,0.077,40.2258,561,20.66, -> forklift (20.7%)
frame_001673,-1.0,1.6639,40.1567,0.0786,41.9666,527,13.55, -> desktop computer (13.6%)
frame_001674,-1.0,1.5519,54.1203,0.0766,55.8133,877,25.34, -> turnstile (25.3%)
frame_001675,-1.0,1.64,45.1153,0.0768,46.8975,877,22.5, -> turnstile (22.5%)
frame_001676,-1.0,1.3734,46.8868,0.0741,48.3985,877,12.54, -> turnstile (12.5%)
frame_001677,-1.0,1.4755,34.4341,0.0752,36.051,561,35.55, -> forklift (35.6%)
frame_001678,-1.0,1.671,44.3692,0.0756,46.1813,561,21.61, -> forklift (21.6%)
frame_001679,-1.0,1.4492,47.7623,0.0763,49.3531,561,17.03, -> forklift (17.0%)
frame_001680,-1.0,1.6229,35.6035,0.077,37.3674,527,6.62, -> desktop computer (6.6%)
frame_001681,-1.0,1.4177,44.234,0.0764,45.7936,877,5.56, -> turnstile (5.6%)
frame_001682,-1.0,1.4585,34.3745,0.0777,35.9769,877,5.93, -> turnstile (5.9%)
frame_001683,-1.0,1.7566,42.9809,0.0774,44.8819,527,4.0, -> desktop computer (4.0%)
frame_001684,-1.0,1.5986,35.7283,0.0755,37.4688,877,16.31, -> turnstile (16.3%)
frame_001685,-1.0,1.4207,40.2329,0.0737,41.7925,877,25.37, -> turnstile (25.4%)
frame_001686,-1.0,2.1524,40.8599,0.0751,43.1582,877,8.86, -> turnstile (8.9%)
frame_001687,-1.0,1.7688,43.9675,0.0764,45.8766,527,8.43, -> desktop computer (8.4%)
frame_001688,-1.0,1.6273,50.9634,0.0763,52.7284,527,5.71, -> desktop computer (5.7%)
frame_001689,-1.0,1.4193,46.5431,0.0778,48.1057,527,8.82, -> desktop computer (8.8%)
frame_001690,-1.0,1.3708,51.1812,0.0775,52.6936,527,5.47, -> desktop computer (5.5%)
frame_001691,-1.0,1.4824,33.1928,0.0784,34.821,527,4.88, -> desktop computer (4.9%)
frame_001692,-1.0,2.4167,45.4699,0.0845,48.0398,527,3.98, -> desktop computer (4.0%)
frame_001693,-1.0,1.4914,57.175,0.095,58.8271,632,6.95, -> loudspeaker (7.0%)
frame_001694,-1.0,1.356,36.405,0.0773,37.9028,527,6.82, -> desktop computer (6.8%)
