filename,ros_data_age_ms,preprocessing_ms,inference_ms,postprocessing_ms,e2e_ms,class_id,confidence,info
frame_000000,-1.0,2.9407,15.2921,37.3919,55.6875,867,45.9, -> trailer truck (45.9%)
frame_000001,-1.0,2.6951,15.6895,0.0964,18.5365,867,48.37, -> trailer truck (48.4%)
frame_000002,-1.0,3.0,15.8031,0.1342,19.001,867,44.96, -> trailer truck (45.0%)
frame_000003,-1.0,3.2754,16.7463,0.1355,20.2208,867,44.38, -> trailer truck (44.4%)
frame_000004,-1.0,3.3545,17.7427,0.1546,21.3053,598,59.83, -> home theater (59.8%)
frame_000005,-1.0,3.6156,17.8149,0.1472,21.6213,598,65.03, -> home theater (65.0%)
frame_000006,-1.0,3.5162,14.6332,0.1435,18.3518,598,71.26, -> home theater (71.3%)
frame_000007,-1.0,0.9408,14.0211,0.1243,15.1455,598,69.98, -> home theater (70.0%)
frame_000008,-1.0,1.3006,13.4907,0.1143,14.9675,598,71.04, -> home theater (71.0%)
frame_000009,-1.0,1.4934,14.2456,0.1175,15.9112,598,70.61, -> home theater (70.6%)
frame_000010,-1.0,1.6639,14.6432,0.1157,16.4792,598,68.24, -> home theater (68.2%)
frame_000011,-1.0,1.5223,15.1047,0.1121,16.7948,598,71.56, -> home theater (71.6%)
frame_000012,-1.0,4.1197,15.0198,0.1168,19.3146,598,66.94, -> home theater (66.9%)
frame_000013,-1.0,3.7337,15.2093,0.1302,19.132,598,63.71, -> home theater (63.7%)
frame_000014,-1.0,3.7462,15.4841,0.1099,19.4001,598,63.72, -> home theater (63.7%)
frame_000015,-1.0,2.0819,14.6977,0.1123,16.9515,598,66.34, -> home theater (66.3%)
frame_000016,-1.0,2.1937,14.7432,0.1091,17.106,598,65.75, -> home theater (65.8%)
frame_000017,-1.0,1.479,14.3563,0.1131,16.0093,598,64.65, -> home theater (64.7%)
frame_000018,-1.0,1.4704,15.311,0.1081,16.9496,598,65.94, -> home theater (65.9%)
frame_000019,-1.0,1.5216,14.663,0.1353,16.3821,598,66.57, -> home theater (66.6%)
frame_000020,-1.0,2.1397,14.2452,0.1194,16.5661,598,65.83, -> home theater (65.8%)
frame_000021,-1.0,1.5033,14.4097,0.1142,16.0918,598,66.98, -> home theater (67.0%)
frame_000022,-1.0,1.4871,14.6573,0.1184,16.3234,598,64.68, -> home theater (64.7%)
frame_000023,-1.0,1.498,14.4037,0.1092,16.07,598,65.42, -> home theater (65.4%)
frame_000024,-1.0,4.2349,14.917,0.1115,19.3248,598,64.65, -> home theater (64.7%)
frame_000025,-1.0,2.1426,15.6074,0.1326,17.9472,598,64.84, -> home theater (64.8%)
frame_000026,-1.0,2.0136,15.1444,0.1171,17.3353,598,63.47, -> home theater (63.5%)
frame_000027,-1.0,1.6363,15.1292,0.1204,16.9479,598,64.21, -> home theater (64.2%)
frame_000028,-1.0,1.4775,14.434,0.1111,16.0815,598,63.42, -> home theater (63.4%)
frame_000029,-1.0,1.5158,14.7273,0.1115,16.4133,598,62.39, -> home theater (62.4%)
frame_000030,-1.0,1.6375,14.772,0.1089,16.5771,598,61.63, -> home theater (61.6%)
frame_000031,-1.0,1.4801,15.6388,0.1275,17.3073,598,60.44, -> home theater (60.4%)
frame_000032,-1.0,1.9455,15.3249,0.1155,17.4452,598,60.3, -> home theater (60.3%)
frame_000033,-1.0,1.4638,14.6684,0.1159,16.3083,598,57.97, -> home theater (58.0%)
frame_000034,-1.0,1.5351,14.1422,0.1108,15.8471,598,56.77, -> home theater (56.8%)
frame_000035,-1.0,1.5596,14.9012,0.111,16.6311,598,60.07, -> home theater (60.1%)
frame_000036,-1.0,1.5654,15.4094,0.1093,17.1412,598,58.46, -> home theater (58.5%)
frame_000037,-1.0,1.5095,15.2855,0.1122,16.9652,598,60.53, -> home theater (60.5%)
frame_000038,-1.0,1.4944,17.5954,0.1273,19.278,598,66.37, -> home theater (66.4%)
frame_000039,-1.0,4.0938,16.233,0.1197,20.5116,598,64.25, -> home theater (64.3%)
frame_000040,-1.0,3.594,15.0277,0.1117,18.7922,598,63.87, -> home theater (63.9%)
frame_000041,-1.0,3.7051,15.562,0.1156,19.4445,598,68.11, -> home theater (68.1%)
frame_000042,-1.0,3.9358,14.9149,0.1131,19.0268,598,63.79, -> home theater (63.8%)
frame_000043,-1.0,3.8539,14.7059,0.112,18.7313,598,63.65, -> home theater (63.6%)
frame_000044,-1.0,3.7372,15.7088,0.1111,19.6163,598,63.63, -> home theater (63.6%)
frame_000045,-1.0,3.9403,15.2845,0.1074,19.3915,598,65.0, -> home theater (65.0%)
frame_000046,-1.0,3.8074,15.2892,0.11,19.2681,598,67.64, -> home theater (67.6%)
frame_000047,-1.0,2.0541,13.9534,0.1147,16.1823,598,64.48, -> home theater (64.5%)
frame_000048,-1.0,2.2624,15.5417,0.1102,17.9736,598,68.04, -> home theater (68.0%)
frame_000049,-1.0,1.5391,14.8993,0.1142,16.6124,598,68.49, -> home theater (68.5%)
frame_000050,-1.0,1.5188,14.636,0.1182,16.3331,598,64.05, -> home theater (64.1%)
frame_000051,-1.0,1.4983,15.1598,0.1271,16.846,598,68.42, -> home theater (68.4%)
frame_000052,-1.0,1.7216,14.5893,0.1164,16.4882,598,63.11, -> home theater (63.1%)
frame_000053,-1.0,1.5118,14.2678,0.1155,15.9552,598,61.75, -> home theater (61.8%)
frame_000054,-1.0,1.4929,14.3184,0.1163,15.9867,598,66.57, -> home theater (66.6%)
frame_000055,-1.0,1.5608,14.769,0.1076,16.4962,598,63.1, -> home theater (63.1%)
frame_000056,-1.0,4.0351,15.0125,0.1109,19.2193,598,64.92, -> home theater (64.9%)
frame_000057,-1.0,2.0375,14.9698,0.1295,17.2003,598,65.98, -> home theater (66.0%)
frame_000058,-1.0,1.9757,14.2675,0.1127,16.4147,598,60.43, -> home theater (60.4%)
frame_000059,-1.0,1.5843,14.9524,0.1089,16.7063,598,59.71, -> home theater (59.7%)
frame_000060,-1.0,1.4984,14.848,0.113,16.5192,598,60.96, -> home theater (61.0%)
frame_000061,-1.0,4.2544,15.8938,0.1222,20.3309,598,64.61, -> home theater (64.6%)
frame_000062,-1.0,3.9665,14.7054,0.1134,18.8461,598,64.81, -> home theater (64.8%)
frame_000063,-1.0,2.1243,15.1271,0.1229,17.4366,598,59.69, -> home theater (59.7%)
frame_000064,-1.0,3.637,15.5527,0.1346,19.3851,598,63.46, -> home theater (63.5%)
frame_000065,-1.0,3.5943,15.3509,0.1275,19.133,598,59.98, -> home theater (60.0%)
frame_000066,-1.0,2.0574,14.8919,0.1226,17.1332,598,62.65, -> home theater (62.6%)
frame_000067,-1.0,2.279,14.0492,0.1362,16.5289,598,61.99, -> home theater (62.0%)
frame_000068,-1.0,2.2588,14.9826,0.1352,17.4407,598,64.58, -> home theater (64.6%)
frame_000069,-1.0,1.5118,13.7638,0.1241,15.4599,598,65.22, -> home theater (65.2%)
frame_000070,-1.0,1.5768,14.3466,0.1301,16.1156,598,67.3, -> home theater (67.3%)
frame_000071,-1.0,1.5676,15.0132,0.1262,16.7692,598,67.55, -> home theater (67.5%)
frame_000072,-1.0,1.5088,14.932,0.1187,16.619,598,68.81, -> home theater (68.8%)
frame_000073,-1.0,1.5,14.0595,0.1177,15.7368,598,67.04, -> home theater (67.0%)
frame_000074,-1.0,1.455,16.1123,0.1073,17.7308,598,66.45, -> home theater (66.5%)
frame_000075,-1.0,2.9269,14.5535,0.1034,17.6417,598,71.2, -> home theater (71.2%)
frame_000076,-1.0,2.2814,14.1968,0.1168,16.655,598,65.61, -> home theater (65.6%)
frame_000077,-1.0,1.4458,14.3693,0.1101,15.9874,598,70.4, -> home theater (70.4%)
frame_000078,-1.0,4.1226,15.2432,0.1111,19.5368,598,68.98, -> home theater (69.0%)
frame_000079,-1.0,2.1058,14.0745,0.1123,16.3524,598,69.57, -> home theater (69.6%)
frame_000080,-1.0,1.4632,14.2598,0.1099,15.8908,598,69.46, -> home theater (69.5%)
frame_000081,-1.0,1.4904,14.3517,0.1035,16.0035,598,66.82, -> home theater (66.8%)
frame_000082,-1.0,4.217,15.362,0.1104,19.7494,598,69.59, -> home theater (69.6%)
frame_000083,-1.0,2.1276,15.3522,0.1273,17.6699,598,68.88, -> home theater (68.9%)
frame_000084,-1.0,4.7084,14.3289,0.1217,19.2162,598,67.22, -> home theater (67.2%)
frame_000085,-1.0,2.2901,15.7002,0.1438,18.2008,598,64.17, -> home theater (64.2%)
frame_000086,-1.0,2.1116,14.2162,0.1371,16.5275,598,65.94, -> home theater (65.9%)
frame_000087,-1.0,1.5294,14.982,0.1222,16.6953,598,64.42, -> home theater (64.4%)
frame_000088,-1.0,3.1057,14.039,0.1167,17.3206,598,71.34, -> home theater (71.3%)
frame_000089,-1.0,1.8614,14.1322,0.1231,16.1773,598,70.4, -> home theater (70.4%)
frame_000090,-1.0,1.7568,14.6776,0.1237,16.6187,598,70.82, -> home theater (70.8%)
frame_000091,-1.0,1.6685,15.0547,0.1121,16.8951,598,71.67, -> home theater (71.7%)
frame_000092,-1.0,2.1095,16.5914,0.1316,18.8944,598,73.3, -> home theater (73.3%)
frame_000093,-1.0,1.9763,14.6132,0.119,16.7688,598,66.03, -> home theater (66.0%)
frame_000094,-1.0,1.5029,14.5786,0.1152,16.2553,423,14.84, -> barber chair (14.8%)
frame_000095,-1.0,3.7262,14.6673,0.125,18.5811,526,23.61, -> desk (23.6%)
frame_000096,-1.0,2.1915,15.2705,0.1325,17.6568,598,27.54, -> home theater (27.5%)
frame_000097,-1.0,2.2083,14.1556,0.119,16.5447,526,25.31, -> desk (25.3%)
frame_000098,-1.0,1.4709,14.2279,0.1118,15.8672,526,45.25, -> desk (45.3%)
frame_000099,-1.0,1.6003,14.2134,0.1169,15.9934,526,28.6, -> desk (28.6%)
frame_000100,-1.0,1.5755,14.3758,0.1219,16.1334,526,40.13, -> desk (40.1%)
frame_000101,-1.0,2.1668,14.5669,0.113,16.908,526,45.19, -> desk (45.2%)
frame_000102,-1.0,1.6165,14.778,0.118,16.5745,526,40.03, -> desk (40.0%)
frame_000103,-1.0,1.571,14.9674,0.1203,16.719,526,41.42, -> desk (41.4%)
frame_000104,-1.0,1.6192,14.0764,0.1159,15.8717,526,32.76, -> desk (32.8%)
frame_000105,-1.0,1.5309,14.493,0.1239,16.2089,526,35.74, -> desk (35.7%)
frame_000106,-1.0,1.4933,14.4697,0.1213,16.1441,526,30.26, -> desk (30.3%)
frame_000107,-1.0,1.538,13.9373,0.1183,15.6529,526,43.64, -> desk (43.6%)
frame_000108,-1.0,1.5469,14.5766,0.1103,16.2913,526,32.54, -> desk (32.5%)
frame_000109,-1.0,1.6202,14.169,0.1163,15.9641,526,31.69, -> desk (31.7%)
frame_000110,-1.0,5.1057,14.255,0.1133,19.5333,526,36.49, -> desk (36.5%)
frame_000111,-1.0,3.6188,15.1687,0.1155,18.9627,526,41.91, -> desk (41.9%)
frame_000112,-1.0,3.4277,15.0613,0.1255,18.6759,526,69.37, -> desk (69.4%)
frame_000113,-1.0,2.0322,14.5058,0.1132,16.7112,526,67.26, -> desk (67.3%)
frame_000114,-1.0,1.5673,14.3799,0.1189,16.1247,526,45.82, -> desk (45.8%)
frame_000115,-1.0,3.4164,15.5761,0.1183,19.1696,526,66.97, -> desk (67.0%)
frame_000116,-1.0,3.7471,15.0069,0.1155,18.9285,526,51.5, -> desk (51.5%)
frame_000117,-1.0,3.8824,15.0345,0.1138,19.0897,526,62.62, -> desk (62.6%)
frame_000118,-1.0,4.0243,14.1374,0.1139,18.3337,526,58.96, -> desk (59.0%)
frame_000119,-1.0,3.8854,14.8579,0.1126,18.9158,526,50.05, -> desk (50.1%)
frame_000120,-1.0,3.9211,14.7079,0.1158,18.8041,526,44.15, -> desk (44.2%)
frame_000121,-1.0,3.9219,15.6321,0.1138,19.7304,526,43.21, -> desk (43.2%)
frame_000122,-1.0,4.1128,14.9412,0.1134,19.2264,526,71.48, -> desk (71.5%)
frame_000123,-1.0,3.6513,15.4083,0.1189,19.2392,877,51.66, -> turnstile (51.7%)
frame_000124,-1.0,3.7861,14.7239,0.1146,18.684,877,50.17, -> turnstile (50.2%)
frame_000125,-1.0,3.8071,15.3178,0.1147,19.2979,526,33.3, -> desk (33.3%)
frame_000126,-1.0,2.1685,15.3773,0.1293,17.7355,526,40.79, -> desk (40.8%)
frame_000127,-1.0,2.0368,14.1037,0.1207,16.321,526,69.11, -> desk (69.1%)
frame_000128,-1.0,1.583,14.8679,0.119,16.6306,526,71.63, -> desk (71.6%)
frame_000129,-1.0,1.5508,14.3789,0.116,16.1048,526,55.93, -> desk (55.9%)
frame_000130,-1.0,1.5663,14.8459,0.1099,16.5779,526,62.44, -> desk (62.4%)
frame_000131,-1.0,1.5646,14.4806,0.1127,16.2216,526,47.69, -> desk (47.7%)
frame_000132,-1.0,1.5325,14.351,0.1286,16.0726,526,44.14, -> desk (44.1%)
frame_000133,-1.0,1.5987,14.2233,0.1216,16.0052,526,31.33, -> desk (31.3%)
frame_000134,-1.0,1.5813,14.1936,0.1241,15.9594,877,42.53, -> turnstile (42.5%)
frame_000135,-1.0,1.5248,14.6919,0.1237,16.4012,877,45.63, -> turnstile (45.6%)
frame_000136,-1.0,1.5307,14.7085,0.1204,16.4188,526,48.85, -> desk (48.9%)
frame_000137,-1.0,1.5067,14.9547,0.1172,16.6385,526,63.74, -> desk (63.7%)
frame_000138,-1.0,1.5096,14.7226,0.1144,16.4049,526,40.71, -> desk (40.7%)
frame_000139,-1.0,1.5965,15.1871,0.1144,16.9565,526,41.3, -> desk (41.3%)
frame_000140,-1.0,1.5237,14.2124,0.1095,15.9043,526,39.55, -> desk (39.6%)
frame_000141,-1.0,4.2527,15.3354,0.1152,19.762,877,36.91, -> turnstile (36.9%)
frame_000142,-1.0,3.6041,14.2998,0.1152,18.0785,877,51.42, -> turnstile (51.4%)
frame_000143,-1.0,3.9494,15.1316,0.1195,19.2607,526,52.22, -> desk (52.2%)
frame_000144,-1.0,4.0416,14.5311,0.1106,18.7399,526,54.27, -> desk (54.3%)
frame_000145,-1.0,3.7252,15.0439,0.115,18.9424,526,67.23, -> desk (67.2%)
frame_000146,-1.0,3.6204,14.9173,0.1147,18.7115,526,47.81, -> desk (47.8%)
frame_000147,-1.0,3.7687,14.249,0.1159,18.1944,877,65.6, -> turnstile (65.6%)
frame_000148,-1.0,2.0958,15.2232,0.1293,17.5093,877,25.68, -> turnstile (25.7%)
frame_000149,-1.0,2.0019,14.7216,0.1274,16.9116,877,19.5, -> turnstile (19.5%)
frame_000150,-1.0,1.6304,14.565,0.1114,16.3638,527,39.76, -> desktop computer (39.8%)
frame_000151,-1.0,4.2782,15.4226,0.1139,19.8748,526,19.97, -> desk (20.0%)
frame_000152,-1.0,3.5848,14.537,0.115,18.2981,877,40.77, -> turnstile (40.8%)
frame_000153,-1.0,3.8148,14.9696,0.1139,18.9578,877,12.53, -> turnstile (12.5%)
frame_000154,-1.0,3.9839,14.8293,0.1098,18.9828,877,20.96, -> turnstile (21.0%)
frame_000155,-1.0,3.7712,15.2288,0.1128,19.1704,877,26.27, -> turnstile (26.3%)
frame_000156,-1.0,4.2053,14.5578,0.1153,18.9373,877,32.83, -> turnstile (32.8%)
frame_000157,-1.0,2.2426,14.7485,0.1172,17.1675,877,20.43, -> turnstile (20.4%)
frame_000158,-1.0,2.0978,14.0971,0.1186,16.3738,877,43.02, -> turnstile (43.0%)
frame_000159,-1.0,1.5252,15.3435,0.1255,17.0603,877,70.73, -> turnstile (70.7%)
frame_000160,-1.0,2.2149,14.5374,0.1243,16.9366,877,21.32, -> turnstile (21.3%)
frame_000161,-1.0,2.2512,13.9258,0.1216,16.358,877,49.06, -> turnstile (49.1%)
frame_000162,-1.0,1.4912,14.1063,0.1092,15.7639,877,34.81, -> turnstile (34.8%)
frame_000163,-1.0,1.5958,14.6969,0.1147,16.4661,527,28.86, -> desktop computer (28.9%)
frame_000164,-1.0,1.5979,14.0237,0.1117,15.8041,877,24.88, -> turnstile (24.9%)
frame_000165,-1.0,1.6785,14.4291,0.1222,16.2906,877,19.7, -> turnstile (19.7%)
frame_000166,-1.0,1.6336,14.5071,0.1094,16.3087,877,18.11, -> turnstile (18.1%)
frame_000167,-1.0,1.6321,18.0123,0.1295,19.8352,877,27.29, -> turnstile (27.3%)
frame_000168,-1.0,3.5923,14.291,0.1148,18.0572,877,15.25, -> turnstile (15.2%)
frame_000169,-1.0,3.6233,15.0524,0.1137,18.849,877,16.48, -> turnstile (16.5%)
frame_000170,-1.0,4.0847,14.6156,0.1141,18.876,851,17.33, -> television (17.3%)
frame_000171,-1.0,3.705,14.2564,0.1173,18.1381,877,17.96, -> turnstile (18.0%)
frame_000172,-1.0,2.3204,14.6294,0.133,17.1459,877,37.2, -> turnstile (37.2%)
frame_000173,-1.0,2.2818,14.2005,0.1272,16.6713,851,16.78, -> television (16.8%)
frame_000174,-1.0,1.5215,14.6704,0.1224,16.3763,877,87.32, -> turnstile (87.3%)
frame_000175,-1.0,1.7185,14.4019,0.1232,16.3056,877,68.42, -> turnstile (68.4%)
frame_000176,-1.0,1.5233,14.9365,0.1251,16.6472,877,74.34, -> turnstile (74.3%)
frame_000177,-1.0,1.5536,14.5851,0.1257,16.3252,851,12.6, -> television (12.6%)
frame_000178,-1.0,1.5405,14.1823,0.1253,15.9087,877,32.63, -> turnstile (32.6%)
frame_000179,-1.0,1.5534,14.0823,0.1197,15.8155,877,23.45, -> turnstile (23.4%)
frame_000180,-1.0,1.6185,14.4892,0.1182,16.2859,548,14.27, -> entertainment center (14.3%)
frame_000181,-1.0,2.0498,15.1095,0.1198,17.3399,877,49.67, -> turnstile (49.7%)
frame_000182,-1.0,1.5817,14.058,0.1195,15.8204,877,61.3, -> turnstile (61.3%)
frame_000183,-1.0,1.4876,14.9966,0.1247,16.672,877,48.33, -> turnstile (48.3%)
frame_000184,-1.0,1.6492,14.6778,0.125,16.5141,548,19.37, -> entertainment center (19.4%)
frame_000185,-1.0,1.5952,14.8445,0.119,16.6181,877,16.87, -> turnstile (16.9%)
frame_000186,-1.0,1.7668,15.4219,0.1327,17.3855,877,24.01, -> turnstile (24.0%)
frame_000187,-1.0,1.6821,15.2635,0.1458,17.1627,548,15.29, -> entertainment center (15.3%)
frame_000188,-1.0,1.5774,14.7873,0.128,16.5519,877,52.43, -> turnstile (52.4%)
frame_000189,-1.0,1.63,14.8678,0.1249,16.6828,877,33.5, -> turnstile (33.5%)
frame_000190,-1.0,1.6184,14.7051,0.1272,16.514,548,22.17, -> entertainment center (22.2%)
frame_000191,-1.0,1.5527,14.3891,0.1287,16.1329,664,13.39, -> monitor (13.4%)
frame_000192,-1.0,1.5474,14.7919,0.1162,16.5156,664,14.16, -> monitor (14.2%)
frame_000193,-1.0,1.5607,14.4761,0.1231,16.2226,548,16.38, -> entertainment center (16.4%)
frame_000194,-1.0,1.6124,15.1323,0.109,16.913,548,13.26, -> entertainment center (13.3%)
frame_000195,-1.0,4.2176,14.5829,0.1154,18.9778,877,23.88, -> turnstile (23.9%)
frame_000196,-1.0,2.0603,14.5435,0.1178,16.7819,877,11.35, -> turnstile (11.4%)
frame_000197,-1.0,2.2376,14.7366,0.1224,17.1564,771,13.62, -> safe (13.6%)
frame_000198,-1.0,2.2248,14.0506,0.1194,16.4542,548,24.99, -> entertainment center (25.0%)
frame_000199,-1.0,1.6378,14.5967,0.1216,16.4167,548,33.0, -> entertainment center (33.0%)
frame_000200,-1.0,1.5873,14.5907,0.12,16.3611,548,22.64, -> entertainment center (22.6%)
frame_000201,-1.0,1.9195,14.8544,0.1164,16.9476,548,22.74, -> entertainment center (22.7%)
frame_000202,-1.0,3.0915,14.7343,0.1318,18.0207,548,14.12, -> entertainment center (14.1%)
frame_000203,-1.0,1.9705,14.0198,0.1265,16.1789,548,14.84, -> entertainment center (14.8%)
frame_000204,-1.0,1.6511,14.3887,0.1178,16.2163,664,13.56, -> monitor (13.6%)
frame_000205,-1.0,1.494,14.722,0.1065,16.3793,664,16.29, -> monitor (16.3%)
frame_000206,-1.0,4.2147,17.0595,0.1278,21.4625,664,15.33, -> monitor (15.3%)
frame_000207,-1.0,3.7884,15.2055,0.1139,19.1682,664,16.43, -> monitor (16.4%)
frame_000208,-1.0,4.0956,15.21,0.1145,19.4806,664,16.39, -> monitor (16.4%)
frame_000209,-1.0,3.6055,14.5043,0.1174,18.2881,664,17.31, -> monitor (17.3%)
frame_000210,-1.0,2.239,14.0639,0.1145,16.4778,664,17.17, -> monitor (17.2%)
frame_000211,-1.0,2.3044,13.7491,0.1235,16.2377,664,16.93, -> monitor (16.9%)
frame_000212,-1.0,3.583,14.627,0.1203,18.3906,664,18.41, -> monitor (18.4%)
frame_000213,-1.0,1.5062,15.4986,0.1301,17.1954,664,17.5, -> monitor (17.5%)
frame_000214,-1.0,2.8393,17.545,0.136,20.5802,664,18.37, -> monitor (18.4%)
frame_000215,-1.0,1.6626,14.676,0.1254,16.5214,664,19.39, -> monitor (19.4%)
frame_000216,-1.0,1.63,14.4824,0.1214,16.2941,664,18.97, -> monitor (19.0%)
frame_000217,-1.0,1.7292,15.0328,0.1165,16.9402,664,19.75, -> monitor (19.7%)
frame_000218,-1.0,1.6054,14.7701,0.122,16.5584,664,18.77, -> monitor (18.8%)
frame_000219,-1.0,1.636,15.0694,0.1156,16.8813,664,19.81, -> monitor (19.8%)
frame_000220,-1.0,1.6067,14.849,0.1246,16.644,664,18.17, -> monitor (18.2%)
frame_000221,-1.0,2.3203,14.5471,0.1192,17.0482,664,18.74, -> monitor (18.7%)
frame_000222,-1.0,2.2752,14.4827,0.1177,16.9367,664,17.62, -> monitor (17.6%)
frame_000223,-1.0,1.7399,15.871,0.1189,17.7916,664,17.68, -> monitor (17.7%)
frame_000224,-1.0,1.5759,14.5908,0.1088,16.3337,664,16.71, -> monitor (16.7%)
frame_000225,-1.0,1.5366,14.7316,0.1072,16.4323,664,17.09, -> monitor (17.1%)
frame_000226,-1.0,1.6212,15.025,0.1145,16.8219,664,17.58, -> monitor (17.6%)
frame_000227,-1.0,1.5793,14.6422,0.1127,16.3968,664,18.14, -> monitor (18.1%)
frame_000228,-1.0,1.607,15.3053,0.1122,17.0842,664,17.68, -> monitor (17.7%)
frame_000229,-1.0,1.5398,14.8466,0.1228,16.5696,664,17.89, -> monitor (17.9%)
frame_000230,-1.0,1.6447,14.9811,0.1264,16.8152,664,18.11, -> monitor (18.1%)
frame_000231,-1.0,3.3434,14.8509,0.1307,18.3856,664,17.67, -> monitor (17.7%)
frame_000232,-1.0,1.5605,15.4519,0.1351,17.2108,664,15.73, -> monitor (15.7%)
frame_000233,-1.0,2.182,15.2938,0.1217,17.658,664,15.36, -> monitor (15.4%)
frame_000234,-1.0,1.624,15.0359,0.1198,16.8412,664,16.51, -> monitor (16.5%)
frame_000235,-1.0,1.5607,14.8664,0.1134,16.6008,664,18.3, -> monitor (18.3%)
frame_000236,-1.0,1.5818,14.7028,0.1238,16.4709,664,16.99, -> monitor (17.0%)
frame_000237,-1.0,1.6261,14.798,0.1159,16.6015,664,17.67, -> monitor (17.7%)
frame_000238,-1.0,1.7068,14.8846,0.1178,16.7697,664,12.8, -> monitor (12.8%)
frame_000239,-1.0,1.5646,14.9621,0.1152,16.7018,548,10.8, -> entertainment center (10.8%)
frame_000240,-1.0,4.1645,14.8874,0.1199,19.2327,548,8.96, -> entertainment center (9.0%)
frame_000241,-1.0,2.2378,15.1886,0.1224,17.61,548,11.49, -> entertainment center (11.5%)
frame_000242,-1.0,1.7644,13.9713,0.1142,15.9108,664,14.45, -> monitor (14.4%)
frame_000243,-1.0,3.9779,15.3405,0.1342,19.5145,851,14.16, -> television (14.2%)
frame_000244,-1.0,3.6187,15.4129,0.125,19.219,851,16.67, -> television (16.7%)
frame_000245,-1.0,1.9814,15.2625,0.1166,17.4221,851,17.14, -> television (17.1%)
frame_000246,-1.0,2.1721,14.9177,0.1208,17.2711,851,17.08, -> television (17.1%)
frame_000247,-1.0,1.5702,15.0886,0.1169,16.8352,851,16.65, -> television (16.6%)
frame_000248,-1.0,4.0262,15.3432,0.1239,19.5563,851,16.8, -> television (16.8%)
frame_000249,-1.0,3.9991,14.8714,0.1196,19.0483,851,17.34, -> television (17.3%)
frame_000250,-1.0,3.6004,15.4172,0.1269,19.2062,771,9.96, -> safe (10.0%)
frame_000251,-1.0,3.9972,15.0066,0.1196,19.1839,766,7.55, -> rotisserie (7.6%)
frame_000252,-1.0,2.1851,14.8945,0.1213,17.2605,757,9.84, -> recreational vehicle (9.8%)
frame_000253,-1.0,2.0429,15.1316,0.1219,17.358,548,23.81, -> entertainment center (23.8%)
frame_000254,-1.0,1.6663,15.3723,0.1142,17.2118,548,37.39, -> entertainment center (37.4%)
frame_000255,-1.0,1.5887,15.2754,0.1356,17.0612,548,20.53, -> entertainment center (20.5%)
frame_000256,-1.0,4.0191,15.1634,0.1314,19.3773,548,18.16, -> entertainment center (18.2%)
frame_000257,-1.0,2.033,15.147,0.1199,17.3617,548,18.6, -> entertainment center (18.6%)
frame_000258,-1.0,2.3389,15.1753,0.1202,17.6954,851,21.65, -> television (21.7%)
frame_000259,-1.0,1.7369,15.0667,0.122,16.9873,851,16.81, -> television (16.8%)
frame_000260,-1.0,1.6366,14.3684,0.1341,16.2024,851,14.76, -> television (14.8%)
frame_000261,-1.0,1.6071,14.9799,0.1231,16.771,830,8.77, -> stretcher (8.8%)
frame_000262,-1.0,1.5773,14.8925,0.1231,16.6551,851,9.95, -> television (9.9%)
frame_000263,-1.0,2.3629,15.5529,0.1261,18.1046,719,13.33, -> piggy bank (13.3%)
frame_000264,-1.0,1.703,15.1787,0.1231,17.0652,851,10.21, -> television (10.2%)
frame_000265,-1.0,1.6021,14.9514,0.1244,16.7405,851,13.47, -> television (13.5%)
frame_000266,-1.0,1.5515,15.6498,0.1233,17.3856,851,17.13, -> television (17.1%)
frame_000267,-1.0,1.5988,14.6933,0.12,16.4769,851,14.34, -> television (14.3%)
frame_000268,-1.0,1.5171,15.4864,0.1314,17.1958,851,15.43, -> television (15.4%)
frame_000269,-1.0,1.524,14.8885,0.1241,16.5977,851,16.46, -> television (16.5%)
frame_000270,-1.0,1.6265,14.5655,0.1223,16.3756,851,20.39, -> television (20.4%)
frame_000271,-1.0,1.6621,15.5556,0.1188,17.3965,851,19.37, -> television (19.4%)
frame_000272,-1.0,1.3974,13.91,0.1225,15.4902,851,19.2, -> television (19.2%)
frame_000273,-1.0,1.6329,15.5035,0.1311,17.3311,851,13.5, -> television (13.5%)
frame_000274,-1.0,1.623,15.1937,0.1312,17.0111,851,14.4, -> television (14.4%)
frame_000275,-1.0,1.6496,15.5305,0.1297,17.3709,851,13.64, -> television (13.6%)
frame_000276,-1.0,1.5735,14.7435,0.1313,16.5103,851,13.26, -> television (13.3%)
frame_000277,-1.0,1.582,14.5384,0.1233,16.3083,851,12.99, -> television (13.0%)
frame_000278,-1.0,1.613,15.2972,0.1327,17.1112,851,11.86, -> television (11.9%)
frame_000279,-1.0,1.5797,14.7861,0.1277,16.5546,851,11.48, -> television (11.5%)
frame_000280,-1.0,1.6304,15.6168,0.1197,17.4278,851,12.79, -> television (12.8%)
frame_000281,-1.0,1.5432,14.8485,0.1285,16.5829,851,12.85, -> television (12.8%)
frame_000282,-1.0,1.6636,15.5616,0.1265,17.4126,851,12.14, -> television (12.1%)
frame_000283,-1.0,1.5706,14.7717,0.1269,16.5297,851,10.61, -> television (10.6%)
frame_000284,-1.0,1.6174,15.3184,0.1269,17.13,851,9.74, -> television (9.7%)
frame_000285,-1.0,1.6002,15.1497,0.1284,16.9414,851,6.68, -> television (6.7%)
frame_000286,-1.0,1.7129,14.7762,0.1214,16.6726,830,5.58, -> stretcher (5.6%)
frame_000287,-1.0,1.7772,14.1519,0.1397,16.1334,830,4.94, -> stretcher (4.9%)
frame_000288,-1.0,1.501,14.5186,0.1221,16.2023,740,5.3, -> power drill (5.3%)
frame_000289,-1.0,1.6531,15.1176,0.1229,16.9545,830,6.22, -> stretcher (6.2%)
frame_000290,-1.0,1.7513,14.9048,0.1158,16.8316,548,14.01, -> entertainment center (14.0%)
frame_000291,-1.0,1.5724,14.5811,0.1237,16.3376,548,19.88, -> entertainment center (19.9%)
frame_000292,-1.0,1.6244,14.9627,0.119,16.7686,548,18.46, -> entertainment center (18.5%)
frame_000293,-1.0,1.583,14.8864,0.1104,16.6401,548,13.96, -> entertainment center (14.0%)
frame_000294,-1.0,1.6894,15.0257,0.1224,16.9003,548,11.39, -> entertainment center (11.4%)
frame_000295,-1.0,1.6218,14.6851,0.124,16.493,548,13.31, -> entertainment center (13.3%)
frame_000296,-1.0,1.5367,14.4212,0.1123,16.1308,548,11.7, -> entertainment center (11.7%)
frame_000297,-1.0,1.5863,15.3159,0.1286,17.0927,548,13.37, -> entertainment center (13.4%)
frame_000298,-1.0,1.6461,15.3155,0.1276,17.1503,548,9.41, -> entertainment center (9.4%)
frame_000299,-1.0,1.5763,14.5635,0.1213,16.3227,664,10.3, -> monitor (10.3%)
frame_000300,-1.0,1.7386,14.8576,0.1339,16.7896,664,9.75, -> monitor (9.8%)
frame_000301,-1.0,1.5737,14.5531,0.1175,16.3026,664,10.57, -> monitor (10.6%)
frame_000302,-1.0,1.6646,15.435,0.1283,17.289,664,9.47, -> monitor (9.5%)
frame_000303,-1.0,1.6211,15.5916,0.1157,17.3896,598,18.24, -> home theater (18.2%)
frame_000304,-1.0,1.5987,15.3454,0.1144,17.1177,771,10.03, -> safe (10.0%)
frame_000305,-1.0,2.1766,15.6098,0.1153,17.9631,771,13.55, -> safe (13.6%)
frame_000306,-1.0,2.3174,15.1448,0.1287,17.6524,771,11.7, -> safe (11.7%)
frame_000307,-1.0,3.4691,14.484,0.127,18.1412,771,18.2, -> safe (18.2%)
frame_000308,-1.0,2.1045,14.6753,0.1094,16.9501,771,10.91, -> safe (10.9%)
frame_000309,-1.0,2.319,14.8463,0.1212,17.3487,771,9.98, -> safe (10.0%)
frame_000310,-1.0,2.2447,15.2195,0.1312,17.6581,771,16.1, -> safe (16.1%)
frame_000311,-1.0,1.7145,15.0543,0.1231,16.954,771,12.31, -> safe (12.3%)
frame_000312,-1.0,1.6398,14.66,0.1111,16.4701,422,7.04, -> barbell (7.0%)
frame_000313,-1.0,1.5203,15.4667,0.1265,17.175,664,7.98, -> monitor (8.0%)
frame_000314,-1.0,1.6184,15.0211,0.1213,16.821,422,11.2, -> barbell (11.2%)
frame_000315,-1.0,1.8019,14.7615,0.1229,16.7474,771,23.68, -> safe (23.7%)
frame_000316,-1.0,1.5812,15.4001,0.1158,17.1571,771,25.15, -> safe (25.1%)
frame_000317,-1.0,1.651,14.901,0.111,16.7252,771,38.05, -> safe (38.0%)
frame_000318,-1.0,1.6062,15.4031,0.1126,17.1831,771,21.36, -> safe (21.4%)
frame_000319,-1.0,2.2062,14.7032,0.117,17.0848,771,26.29, -> safe (26.3%)
frame_000320,-1.0,2.4104,15.4463,0.1367,18.0579,771,35.8, -> safe (35.8%)
frame_000321,-1.0,1.6937,15.4315,0.1352,17.325,771,31.91, -> safe (31.9%)
frame_000322,-1.0,1.7346,15.519,0.1246,17.4416,771,35.27, -> safe (35.3%)
frame_000323,-1.0,1.5883,15.5167,0.1224,17.2879,771,42.87, -> safe (42.9%)
frame_000324,-1.0,1.6872,14.7609,0.1217,16.6306,771,42.13, -> safe (42.1%)
frame_000325,-1.0,1.5808,14.884,0.1246,16.6509,771,69.71, -> safe (69.7%)
frame_000326,-1.0,1.6347,15.0507,0.1151,16.8612,771,52.54, -> safe (52.5%)
frame_000327,-1.0,1.5412,15.3865,0.1081,17.0938,771,69.96, -> safe (70.0%)
frame_000328,-1.0,4.112,14.9564,0.1216,19.2513,771,57.3, -> safe (57.3%)
frame_000329,-1.0,2.1876,15.1269,0.1314,17.5109,771,25.85, -> safe (25.8%)
frame_000330,-1.0,2.1286,15.0665,0.1233,17.38,757,34.64, -> recreational vehicle (34.6%)
frame_000331,-1.0,1.6118,14.5515,0.122,16.3459,771,45.34, -> safe (45.3%)
frame_000332,-1.0,1.6208,15.1547,0.1132,16.9478,877,25.74, -> turnstile (25.7%)
frame_000333,-1.0,4.0002,14.6622,0.1223,18.8464,877,72.67, -> turnstile (72.7%)
frame_000334,-1.0,2.1276,14.833,0.1232,17.1452,877,48.2, -> turnstile (48.2%)
frame_000335,-1.0,2.175,15.4877,0.1232,17.8469,771,19.46, -> safe (19.5%)
frame_000336,-1.0,1.7005,15.2095,0.115,17.0849,771,22.59, -> safe (22.6%)
frame_000337,-1.0,3.0263,15.0145,0.1234,18.2254,771,17.21, -> safe (17.2%)
frame_000338,-1.0,3.9811,15.6615,0.1248,19.8296,877,18.91, -> turnstile (18.9%)
frame_000339,-1.0,3.7471,16.152,0.1281,20.0881,877,36.11, -> turnstile (36.1%)
frame_000340,-1.0,3.9847,14.655,0.1204,18.8213,877,52.25, -> turnstile (52.3%)
frame_000341,-1.0,2.1319,15.2534,0.1307,17.5788,877,11.86, -> turnstile (11.9%)
frame_000342,-1.0,2.6763,15.3626,0.1255,18.2278,548,13.66, -> entertainment center (13.7%)
frame_000343,-1.0,1.5875,18.018,0.1307,19.797,877,19.7, -> turnstile (19.7%)
frame_000344,-1.0,3.5833,14.9834,0.1225,18.7497,877,18.95, -> turnstile (18.9%)
frame_000345,-1.0,3.981,15.0327,0.1242,19.1965,877,35.76, -> turnstile (35.8%)
frame_000346,-1.0,3.2552,15.2725,0.1269,18.7182,877,47.02, -> turnstile (47.0%)
frame_000347,-1.0,4.2869,15.2098,0.1188,19.6783,877,55.17, -> turnstile (55.2%)
frame_000348,-1.0,3.4663,15.1943,0.1212,18.8455,423,18.17, -> barber chair (18.2%)
frame_000349,-1.0,3.8725,15.58,0.1194,19.6393,423,20.64, -> barber chair (20.6%)
frame_000350,-1.0,3.5363,15.2772,0.1183,18.9945,877,25.56, -> turnstile (25.6%)
frame_000351,-1.0,2.0997,14.877,0.1332,17.174,423,30.46, -> barber chair (30.5%)
frame_000352,-1.0,2.0996,15.114,0.1352,17.4141,423,30.28, -> barber chair (30.3%)
frame_000353,-1.0,2.73,14.9214,0.1214,17.8338,877,65.59, -> turnstile (65.6%)
frame_000354,-1.0,1.7169,15.3341,0.1202,17.2345,877,78.22, -> turnstile (78.2%)
frame_000355,-1.0,1.5905,14.708,0.118,16.4759,423,42.38, -> barber chair (42.4%)
frame_000356,-1.0,4.127,15.1276,0.1147,19.4295,423,33.45, -> barber chair (33.4%)
frame_000357,-1.0,3.9767,16.0559,0.1209,20.2137,877,17.25, -> turnstile (17.3%)
frame_000358,-1.0,3.8326,15.2447,0.123,19.2616,877,21.78, -> turnstile (21.8%)
frame_000359,-1.0,4.1535,15.3503,0.1184,19.6826,877,23.45, -> turnstile (23.4%)
frame_000360,-1.0,3.6357,15.007,0.124,18.8278,877,59.79, -> turnstile (59.8%)
frame_000361,-1.0,3.5622,15.518,0.1184,19.2608,877,50.11, -> turnstile (50.1%)
frame_000362,-1.0,3.9548,15.2826,0.1191,19.4162,632,10.29, -> loudspeaker (10.3%)
frame_000363,-1.0,2.09,14.7675,0.1192,17.0382,877,27.79, -> turnstile (27.8%)
frame_000364,-1.0,2.2438,15.1589,0.1222,17.585,877,20.22, -> turnstile (20.2%)
frame_000365,-1.0,1.5947,15.2356,0.1142,17.0029,877,13.82, -> turnstile (13.8%)
frame_000366,-1.0,4.105,15.0544,0.1295,19.3504,877,82.05, -> turnstile (82.0%)
frame_000367,-1.0,2.9569,14.4987,0.1133,17.6316,877,91.24, -> turnstile (91.2%)
frame_000368,-1.0,3.6286,15.5477,0.1258,19.3622,877,80.28, -> turnstile (80.3%)
frame_000369,-1.0,1.9944,14.5458,0.1177,16.7235,527,24.49, -> desktop computer (24.5%)
frame_000370,-1.0,1.6699,15.1707,0.1151,17.0125,688,13.55, -> oscilloscope (13.6%)
frame_000371,-1.0,2.1479,14.7881,0.1253,17.1228,877,35.95, -> turnstile (35.9%)
frame_000372,-1.0,1.6051,14.4629,0.1205,16.2483,527,20.59, -> desktop computer (20.6%)
frame_000373,-1.0,2.2987,14.4939,0.122,16.9757,877,41.79, -> turnstile (41.8%)
frame_000374,-1.0,1.7267,14.4359,0.1293,16.3527,877,56.47, -> turnstile (56.5%)
frame_000375,-1.0,1.6187,15.1929,0.1238,16.9974,877,46.09, -> turnstile (46.1%)
frame_000376,-1.0,2.323,15.9364,0.1261,18.448,527,32.51, -> desktop computer (32.5%)
frame_000377,-1.0,2.1581,15.2528,0.1326,17.6056,877,26.89, -> turnstile (26.9%)
frame_000378,-1.0,1.6865,14.728,0.122,16.6014,877,54.72, -> turnstile (54.7%)
frame_000379,-1.0,1.6758,14.9518,0.1188,16.8104,877,39.46, -> turnstile (39.5%)
frame_000380,-1.0,1.7369,14.7284,0.123,16.6482,877,51.27, -> turnstile (51.3%)
frame_000381,-1.0,1.6564,14.9617,0.1265,16.8069,877,67.39, -> turnstile (67.4%)
frame_000382,-1.0,1.8025,15.4642,0.1345,17.4627,527,31.91, -> desktop computer (31.9%)
frame_000383,-1.0,1.7071,14.5199,0.1205,16.4127,527,68.36, -> desktop computer (68.4%)
frame_000384,-1.0,1.5878,14.8251,0.1143,16.5866,527,32.58, -> desktop computer (32.6%)
frame_000385,-1.0,1.5702,14.5553,0.123,16.3083,527,53.26, -> desktop computer (53.3%)
frame_000386,-1.0,1.6379,14.9915,0.1157,16.8049,877,75.03, -> turnstile (75.0%)
frame_000387,-1.0,1.5979,13.7873,0.116,15.5597,527,33.83, -> desktop computer (33.8%)
frame_000388,-1.0,1.7904,15.3495,0.127,17.3292,527,36.78, -> desktop computer (36.8%)
frame_000389,-1.0,1.7373,16.424,0.1362,18.3606,527,28.23, -> desktop computer (28.2%)
frame_000390,-1.0,1.6379,15.238,0.113,17.0467,527,52.3, -> desktop computer (52.3%)
frame_000391,-1.0,3.5281,14.8593,0.1349,18.5839,527,62.13, -> desktop computer (62.1%)
frame_000392,-1.0,2.0796,14.7268,0.1188,16.9855,527,71.93, -> desktop computer (71.9%)
frame_000393,-1.0,1.6464,14.9041,0.1218,16.7348,527,37.16, -> desktop computer (37.2%)
frame_000394,-1.0,1.5474,14.9585,0.1226,16.6884,527,56.44, -> desktop computer (56.4%)
frame_000395,-1.0,1.5619,15.4032,0.1352,17.1617,527,46.29, -> desktop computer (46.3%)
frame_000396,-1.0,1.6873,14.5666,0.117,16.43,527,32.37, -> desktop computer (32.4%)
frame_000397,-1.0,1.5375,14.5841,0.1169,16.2982,527,36.64, -> desktop computer (36.6%)
frame_000398,-1.0,1.5832,14.8927,0.1136,16.6482,527,45.74, -> desktop computer (45.7%)
frame_000399,-1.0,1.6028,14.3211,0.1125,16.0957,527,48.63, -> desktop computer (48.6%)
frame_000400,-1.0,1.5057,17.6621,0.1306,19.3587,527,40.66, -> desktop computer (40.7%)
frame_000401,-1.0,2.182,15.3426,0.1342,17.7208,527,57.81, -> desktop computer (57.8%)
frame_000402,-1.0,2.1667,15.0756,0.1274,17.4304,526,36.26, -> desk (36.3%)
frame_000403,-1.0,1.6461,14.8187,0.1355,16.6623,527,32.0, -> desktop computer (32.0%)
frame_000404,-1.0,1.6499,15.1071,0.1281,16.9445,527,59.93, -> desktop computer (59.9%)
frame_000405,-1.0,1.6987,14.8549,0.1181,16.7307,527,59.73, -> desktop computer (59.7%)
frame_000406,-1.0,1.6582,13.9035,0.1092,15.7291,527,40.69, -> desktop computer (40.7%)
frame_000407,-1.0,3.7302,15.4215,0.1322,19.346,527,30.28, -> desktop computer (30.3%)
frame_000408,-1.0,2.1461,15.1351,0.1234,17.4651,527,33.43, -> desktop computer (33.4%)
frame_000409,-1.0,1.4876,14.6128,0.1188,16.2776,527,35.77, -> desktop computer (35.8%)
frame_000410,-1.0,1.647,14.8595,0.1201,16.6861,527,63.15, -> desktop computer (63.2%)
frame_000411,-1.0,1.599,14.9505,0.1115,16.7192,526,49.66, -> desk (49.7%)
frame_000412,-1.0,2.2279,14.2437,0.1231,16.6557,526,55.91, -> desk (55.9%)
frame_000413,-1.0,1.8113,15.2749,0.1271,17.2755,526,40.28, -> desk (40.3%)
frame_000414,-1.0,1.6812,15.3634,0.1154,17.2193,527,24.35, -> desktop computer (24.4%)
frame_000415,-1.0,2.8941,14.5469,0.1136,17.616,877,32.6, -> turnstile (32.6%)
frame_000416,-1.0,2.1017,15.5286,0.1272,17.8191,561,70.18, -> forklift (70.2%)
frame_000417,-1.0,2.233,14.7731,0.1234,17.1905,526,28.53, -> desk (28.5%)
frame_000418,-1.0,1.5966,14.1592,0.1147,15.9287,561,37.87, -> forklift (37.9%)
frame_000419,-1.0,1.5832,14.9531,0.112,16.7056,561,67.03, -> forklift (67.0%)
frame_000420,-1.0,3.896,15.1149,0.1177,19.1903,423,32.9, -> barber chair (32.9%)
frame_000421,-1.0,4.1154,14.7799,0.1177,19.0716,877,28.48, -> turnstile (28.5%)
frame_000422,-1.0,3.5424,15.7705,0.1183,19.4905,561,30.75, -> forklift (30.7%)
frame_000423,-1.0,3.9802,15.2749,0.1156,19.4287,561,26.61, -> forklift (26.6%)
frame_000424,-1.0,3.6465,14.9675,0.1191,18.7925,423,74.27, -> barber chair (74.3%)
frame_000425,-1.0,3.8445,15.1045,0.1148,19.1234,561,45.38, -> forklift (45.4%)
frame_000426,-1.0,3.7184,15.337,0.1252,19.2377,561,44.52, -> forklift (44.5%)
frame_000427,-1.0,2.1092,14.7185,0.1203,17.0081,423,39.41, -> barber chair (39.4%)
frame_000428,-1.0,2.1166,14.8246,0.1094,17.1105,561,37.43, -> forklift (37.4%)
frame_000429,-1.0,1.6785,14.6288,0.1215,16.4894,573,39.86, -> go-kart (39.9%)
frame_000430,-1.0,2.8812,14.7016,0.1159,17.7587,561,44.56, -> forklift (44.6%)
frame_000431,-1.0,3.0655,14.86,0.1239,18.1097,561,25.24, -> forklift (25.2%)
frame_000432,-1.0,1.6577,14.7069,0.123,16.5474,561,69.56, -> forklift (69.6%)
frame_000433,-1.0,2.2832,14.538,0.1116,16.9906,561,78.98, -> forklift (79.0%)
frame_000434,-1.0,1.601,15.3824,0.1165,17.1604,561,28.65, -> forklift (28.6%)
frame_000435,-1.0,2.2009,14.5792,0.1043,16.942,423,28.66, -> barber chair (28.7%)
frame_000436,-1.0,1.7738,14.478,0.1222,16.434,561,28.09, -> forklift (28.1%)
frame_000437,-1.0,2.3161,14.5971,0.1298,17.1059,423,77.48, -> barber chair (77.5%)
frame_000438,-1.0,1.6301,14.7787,0.1213,16.5911,561,32.05, -> forklift (32.0%)
frame_000439,-1.0,1.641,14.3924,0.121,16.215,561,44.38, -> forklift (44.4%)
frame_000440,-1.0,1.6557,14.6296,0.1244,16.4717,561,21.59, -> forklift (21.6%)
frame_000441,-1.0,1.5493,15.532,0.1132,17.2544,561,29.81, -> forklift (29.8%)
frame_000442,-1.0,1.5329,14.5812,0.1074,16.2797,877,13.04, -> turnstile (13.0%)
frame_000443,-1.0,3.9753,16.5174,0.1275,20.6808,877,30.82, -> turnstile (30.8%)
frame_000444,-1.0,3.6226,14.8433,0.1208,18.6461,877,23.3, -> turnstile (23.3%)
frame_000445,-1.0,3.9492,15.3302,0.1238,19.462,877,27.14, -> turnstile (27.1%)
frame_000446,-1.0,3.5809,14.8516,0.1201,18.6117,598,17.44, -> home theater (17.4%)
frame_000447,-1.0,3.7379,14.9786,0.1263,18.9029,598,20.06, -> home theater (20.1%)
frame_000448,-1.0,3.7885,15.233,0.1206,19.2026,877,30.4, -> turnstile (30.4%)
frame_000449,-1.0,2.1773,14.6265,0.1215,16.9846,877,37.69, -> turnstile (37.7%)
frame_000450,-1.0,2.1739,15.2494,0.1131,17.5963,877,31.37, -> turnstile (31.4%)
frame_000451,-1.0,3.5285,15.0485,0.1227,18.7605,877,38.57, -> turnstile (38.6%)
frame_000452,-1.0,2.1604,14.5526,0.1253,16.8979,877,38.9, -> turnstile (38.9%)
frame_000453,-1.0,1.6053,14.2182,0.1139,15.9963,760,11.61, -> refrigerator (11.6%)
frame_000454,-1.0,4.0928,14.8487,0.1203,19.1214,877,29.04, -> turnstile (29.0%)
frame_000455,-1.0,2.0787,15.1647,0.1205,17.4235,877,14.01, -> turnstile (14.0%)
frame_000456,-1.0,3.4753,15.1859,0.1251,18.8475,877,33.1, -> turnstile (33.1%)
frame_000457,-1.0,3.9326,15.5894,0.1206,19.7015,877,41.51, -> turnstile (41.5%)
frame_000458,-1.0,3.6317,15.2208,0.1249,19.0381,877,49.62, -> turnstile (49.6%)
frame_000459,-1.0,3.86,15.2975,0.121,19.3379,877,49.65, -> turnstile (49.7%)
frame_000460,-1.0,3.8317,15.3032,0.1184,19.3127,877,43.39, -> turnstile (43.4%)
frame_000461,-1.0,3.954,14.8998,0.1155,19.0292,877,67.44, -> turnstile (67.4%)
frame_000462,-1.0,3.6499,15.1047,0.1221,18.936,877,50.28, -> turnstile (50.3%)
frame_000463,-1.0,2.1113,14.7401,0.1138,17.0229,877,62.08, -> turnstile (62.1%)
frame_000464,-1.0,1.5485,17.071,0.1224,18.8011,894,45.14, -> wardrobe (45.1%)
frame_000465,-1.0,3.9153,15.5122,0.1178,19.605,894,55.53, -> wardrobe (55.5%)
frame_000466,-1.0,3.6616,15.0113,0.1209,18.8518,894,80.86, -> wardrobe (80.9%)
frame_000467,-1.0,3.4691,15.27,0.1247,18.9263,894,60.05, -> wardrobe (60.1%)
frame_000468,-1.0,2.0005,14.7902,0.1199,16.9709,894,56.25, -> wardrobe (56.3%)
frame_000469,-1.0,3.4189,14.8932,0.124,18.497,877,39.64, -> turnstile (39.6%)
frame_000470,-1.0,2.2028,14.787,0.1334,17.1854,894,60.93, -> wardrobe (60.9%)
frame_000471,-1.0,2.0994,15.4395,0.1261,17.7248,877,50.78, -> turnstile (50.8%)
frame_000472,-1.0,1.659,15.3292,0.1232,17.1715,894,45.91, -> wardrobe (45.9%)
frame_000473,-1.0,3.9756,15.2725,0.1183,19.4274,894,36.77, -> wardrobe (36.8%)
frame_000474,-1.0,2.143,14.9984,0.135,17.3385,894,62.07, -> wardrobe (62.1%)
frame_000475,-1.0,2.1337,14.7309,0.1221,17.0474,894,30.9, -> wardrobe (30.9%)
frame_000476,-1.0,1.6006,14.8567,0.1155,16.6306,877,42.63, -> turnstile (42.6%)
frame_000477,-1.0,1.6222,15.1784,0.1103,16.9676,877,41.99, -> turnstile (42.0%)
frame_000478,-1.0,1.7107,14.9468,0.1286,16.8473,894,37.26, -> wardrobe (37.3%)
frame_000479,-1.0,1.5823,14.8208,0.112,16.5731,894,31.03, -> wardrobe (31.0%)
frame_000480,-1.0,1.5927,14.7784,0.1142,16.547,877,35.38, -> turnstile (35.4%)
frame_000481,-1.0,3.3751,14.6232,0.1197,18.1769,877,25.14, -> turnstile (25.1%)
frame_000482,-1.0,3.8534,15.2497,0.1187,19.2811,877,36.74, -> turnstile (36.7%)
frame_000483,-1.0,3.5342,15.8088,0.1213,19.5232,894,37.48, -> wardrobe (37.5%)
frame_000484,-1.0,2.1479,14.4996,0.1207,16.8283,894,39.38, -> wardrobe (39.4%)
frame_000485,-1.0,1.5173,14.1246,0.1104,15.8108,894,62.41, -> wardrobe (62.4%)
frame_000486,-1.0,2.1561,15.0493,0.1224,17.3884,894,58.3, -> wardrobe (58.3%)
frame_000487,-1.0,1.5801,15.0174,0.129,16.7885,894,38.2, -> wardrobe (38.2%)
frame_000488,-1.0,1.6552,14.8444,0.1243,16.6856,894,23.36, -> wardrobe (23.4%)
frame_000489,-1.0,1.9753,15.8904,0.1483,18.0786,877,39.75, -> turnstile (39.7%)
frame_000490,-1.0,1.6771,14.0337,0.1339,15.908,894,22.34, -> wardrobe (22.3%)
frame_000491,-1.0,4.1447,15.6384,0.1198,19.9611,894,23.41, -> wardrobe (23.4%)
frame_000492,-1.0,2.1201,14.9058,0.1333,17.2205,480,28.54, -> cash machine (28.5%)
frame_000493,-1.0,2.1374,14.9115,0.1232,17.2316,894,34.0, -> wardrobe (34.0%)
frame_000494,-1.0,1.5515,15.0,0.1131,16.723,894,38.54, -> wardrobe (38.5%)
frame_000495,-1.0,1.6019,15.4666,0.114,17.2426,894,66.32, -> wardrobe (66.3%)
frame_000496,-1.0,1.6249,14.9678,0.124,16.7768,894,34.25, -> wardrobe (34.2%)
frame_000497,-1.0,1.6247,15.2562,0.1128,17.0539,480,38.23, -> cash machine (38.2%)
frame_000498,-1.0,1.575,14.5961,0.1258,16.3594,480,28.32, -> cash machine (28.3%)
frame_000499,-1.0,1.65,14.545,0.1173,16.3727,480,40.75, -> cash machine (40.8%)
frame_000500,-1.0,1.5946,15.4464,0.1171,17.2178,480,45.17, -> cash machine (45.2%)
frame_000501,-1.0,1.7947,15.1657,0.1171,17.1371,480,86.71, -> cash machine (86.7%)
frame_000502,-1.0,1.5725,15.2512,0.1261,17.0114,480,64.26, -> cash machine (64.3%)
frame_000503,-1.0,1.6654,14.5952,0.1132,16.4344,480,42.46, -> cash machine (42.5%)
frame_000504,-1.0,1.4276,14.7531,0.1271,16.3733,480,67.82, -> cash machine (67.8%)
frame_000505,-1.0,1.6529,14.9397,0.1159,16.7678,480,84.28, -> cash machine (84.3%)
frame_000506,-1.0,1.6477,14.182,0.1196,16.0104,480,88.23, -> cash machine (88.2%)
frame_000507,-1.0,1.5878,15.1306,0.11,16.8883,480,80.28, -> cash machine (80.3%)
frame_000508,-1.0,1.6431,15.1856,0.1268,17.0168,480,46.18, -> cash machine (46.2%)
frame_000509,-1.0,1.6179,15.1313,0.1235,16.9344,480,57.89, -> cash machine (57.9%)
frame_000510,-1.0,1.5159,14.8351,0.1301,16.5433,480,40.75, -> cash machine (40.7%)
frame_000511,-1.0,1.6295,15.1337,0.1203,16.9448,480,25.17, -> cash machine (25.2%)
frame_000512,-1.0,1.6365,14.7531,0.1154,16.5639,480,57.07, -> cash machine (57.1%)
frame_000513,-1.0,1.5282,15.0787,0.1259,16.794,480,70.57, -> cash machine (70.6%)
frame_000514,-1.0,4.1169,14.8532,0.1177,19.1487,480,72.6, -> cash machine (72.6%)
frame_000515,-1.0,3.92,15.1837,0.1189,19.2825,480,85.93, -> cash machine (85.9%)
frame_000516,-1.0,3.6211,14.7386,0.124,18.5452,480,60.65, -> cash machine (60.7%)
frame_000517,-1.0,3.9579,15.6282,0.1211,19.7692,480,42.49, -> cash machine (42.5%)
frame_000518,-1.0,2.1967,14.8884,0.1195,17.2648,480,54.3, -> cash machine (54.3%)
frame_000519,-1.0,3.6551,15.1818,0.1253,19.0236,480,68.4, -> cash machine (68.4%)
frame_000520,-1.0,1.9157,14.8744,0.1356,16.9899,480,67.8, -> cash machine (67.8%)
frame_000521,-1.0,2.0136,15.0993,0.1295,17.3031,480,80.26, -> cash machine (80.3%)
frame_000522,-1.0,1.6199,14.953,0.1222,16.7557,480,67.23, -> cash machine (67.2%)
frame_000523,-1.0,1.5638,14.6517,0.1153,16.3895,480,82.05, -> cash machine (82.1%)
frame_000524,-1.0,1.5543,14.3561,0.1153,16.0871,480,34.86, -> cash machine (34.9%)
frame_000525,-1.0,3.0454,15.3547,0.1301,18.5922,480,18.48, -> cash machine (18.5%)
frame_000526,-1.0,2.1815,15.0983,0.1276,17.4681,480,71.01, -> cash machine (71.0%)
frame_000527,-1.0,2.1744,14.8137,0.1247,17.1742,480,28.92, -> cash machine (28.9%)
frame_000528,-1.0,1.5625,15.069,0.1185,16.8099,480,25.08, -> cash machine (25.1%)
frame_000529,-1.0,1.6623,15.0572,0.1159,16.8957,480,60.04, -> cash machine (60.0%)
frame_000530,-1.0,1.7099,14.9302,0.116,16.8156,480,42.66, -> cash machine (42.7%)
frame_000531,-1.0,1.5148,14.6895,0.1323,16.3982,480,33.77, -> cash machine (33.8%)
frame_000532,-1.0,1.5698,14.9279,0.1291,16.6927,480,66.07, -> cash machine (66.1%)
frame_000533,-1.0,1.7374,14.887,0.1315,16.8156,480,71.12, -> cash machine (71.1%)
frame_000534,-1.0,2.2382,15.2957,0.1213,17.7171,480,77.86, -> cash machine (77.9%)
frame_000535,-1.0,1.8005,14.8221,0.1281,16.8114,480,80.09, -> cash machine (80.1%)
frame_000536,-1.0,1.6062,14.9334,0.1258,16.7281,480,71.4, -> cash machine (71.4%)
frame_000537,-1.0,1.6305,15.123,0.1164,16.9304,480,71.74, -> cash machine (71.7%)
frame_000538,-1.0,1.5847,14.7538,0.1189,16.5202,480,46.53, -> cash machine (46.5%)
frame_000539,-1.0,1.6104,14.5831,0.1221,16.3784,480,48.24, -> cash machine (48.2%)
frame_000540,-1.0,1.5363,14.3899,0.12,16.1067,480,40.3, -> cash machine (40.3%)
frame_000541,-1.0,1.6362,14.6746,0.1308,16.5055,480,46.47, -> cash machine (46.5%)
frame_000542,-1.0,1.5658,14.7787,0.1221,16.5295,480,65.37, -> cash machine (65.4%)
frame_000543,-1.0,1.5033,14.4378,0.1143,16.1166,480,64.68, -> cash machine (64.7%)
frame_000544,-1.0,1.5806,14.7884,0.1226,16.5543,480,43.31, -> cash machine (43.3%)
frame_000545,-1.0,1.4557,14.8043,0.1187,16.4402,480,63.8, -> cash machine (63.8%)
frame_000546,-1.0,1.5975,14.3214,0.1196,16.0996,480,72.77, -> cash machine (72.8%)
frame_000547,-1.0,1.5403,14.4603,0.1177,16.1797,480,72.27, -> cash machine (72.3%)
frame_000548,-1.0,1.5825,14.1459,0.1199,15.9096,480,82.24, -> cash machine (82.2%)
frame_000549,-1.0,1.5651,14.5969,0.1266,16.3508,480,77.74, -> cash machine (77.7%)
frame_000550,-1.0,1.5283,14.7757,0.1189,16.4818,480,80.02, -> cash machine (80.0%)
frame_000551,-1.0,1.5159,14.9102,0.1256,16.6129,480,64.95, -> cash machine (65.0%)
frame_000552,-1.0,3.0513,14.0731,0.1268,17.3133,480,56.28, -> cash machine (56.3%)
frame_000553,-1.0,3.9361,13.8203,0.1233,17.9397,480,61.03, -> cash machine (61.0%)
frame_000554,-1.0,2.2342,14.5688,0.1237,16.9887,480,77.91, -> cash machine (77.9%)
frame_000555,-1.0,1.5418,15.1591,0.1168,16.8808,480,81.74, -> cash machine (81.7%)
frame_000556,-1.0,1.7004,15.2135,0.1254,17.1021,480,52.03, -> cash machine (52.0%)
frame_000557,-1.0,1.5076,15.0051,0.1249,16.6994,480,48.6, -> cash machine (48.6%)
frame_000558,-1.0,1.5831,14.7323,0.1275,16.5057,480,44.24, -> cash machine (44.2%)
frame_000559,-1.0,1.6041,14.77,0.1262,16.5628,480,60.36, -> cash machine (60.4%)
frame_000560,-1.0,1.6087,14.2735,0.1212,16.0662,480,49.57, -> cash machine (49.6%)
frame_000561,-1.0,1.6235,14.6766,0.1202,16.4825,480,33.69, -> cash machine (33.7%)
frame_000562,-1.0,1.5221,14.0156,0.1195,15.7179,480,34.37, -> cash machine (34.4%)
frame_000563,-1.0,1.5714,14.8477,0.1163,16.5991,480,32.97, -> cash machine (33.0%)
frame_000564,-1.0,1.7117,14.6928,0.1196,16.5854,480,52.78, -> cash machine (52.8%)
frame_000565,-1.0,1.6322,14.9474,0.1168,16.7555,480,26.46, -> cash machine (26.5%)
frame_000566,-1.0,3.9466,14.7725,0.1187,18.9013,480,28.67, -> cash machine (28.7%)
frame_000567,-1.0,2.0044,14.2678,0.1197,16.4513,480,33.29, -> cash machine (33.3%)
frame_000568,-1.0,3.6939,14.9296,0.1279,18.8146,480,15.38, -> cash machine (15.4%)
frame_000569,-1.0,3.4543,14.365,0.1251,18.0062,480,30.31, -> cash machine (30.3%)
frame_000570,-1.0,3.4965,15.4791,0.1296,19.1685,480,36.96, -> cash machine (37.0%)
frame_000571,-1.0,3.7119,14.6404,0.1155,18.5293,480,25.2, -> cash machine (25.2%)
frame_000572,-1.0,2.7715,13.9514,0.1166,16.8992,480,40.36, -> cash machine (40.4%)
frame_000573,-1.0,2.1395,14.5148,0.1276,16.8434,480,30.3, -> cash machine (30.3%)
frame_000574,-1.0,3.6709,14.2036,0.1284,18.0635,480,27.91, -> cash machine (27.9%)
frame_000575,-1.0,2.5975,14.1291,0.1261,16.9141,480,32.22, -> cash machine (32.2%)
frame_000576,-1.0,1.6866,14.4139,0.113,16.274,480,42.68, -> cash machine (42.7%)
frame_000577,-1.0,4.0165,14.8426,0.1167,19.0363,480,50.23, -> cash machine (50.2%)
frame_000578,-1.0,3.9334,15.1882,0.1186,19.2962,480,33.42, -> cash machine (33.4%)
frame_000579,-1.0,3.667,15.0663,0.1212,18.9166,480,42.15, -> cash machine (42.2%)
frame_000580,-1.0,3.6698,14.5669,0.1199,18.4154,480,45.1, -> cash machine (45.1%)
frame_000581,-1.0,3.3141,14.9103,0.1195,18.4053,480,51.07, -> cash machine (51.1%)
frame_000582,-1.0,3.8955,15.1613,0.1186,19.2368,713,17.04, -> photocopier (17.0%)
frame_000583,-1.0,2.2954,14.088,0.1187,16.5629,480,23.71, -> cash machine (23.7%)
frame_000584,-1.0,2.1156,14.9336,0.1388,17.2505,480,13.5, -> cash machine (13.5%)
frame_000585,-1.0,1.9809,14.866,0.1263,17.036,480,36.2, -> cash machine (36.2%)
frame_000586,-1.0,1.5178,14.3244,0.1192,16.0204,480,16.68, -> cash machine (16.7%)
frame_000587,-1.0,1.4775,14.7207,0.1146,16.3722,713,15.52, -> photocopier (15.5%)
frame_000588,-1.0,2.632,14.15,0.1151,16.9571,480,9.92, -> cash machine (9.9%)
frame_000589,-1.0,2.1202,14.4099,0.1268,16.7201,526,12.55, -> desk (12.5%)
frame_000590,-1.0,2.1514,14.7559,0.1421,17.1132,480,18.39, -> cash machine (18.4%)
frame_000591,-1.0,1.7457,14.6469,0.1502,16.6108,480,25.93, -> cash machine (25.9%)
frame_000592,-1.0,2.3356,14.5211,0.1209,17.0384,480,22.4, -> cash machine (22.4%)
frame_000593,-1.0,1.326,13.7033,0.1295,15.2207,480,20.02, -> cash machine (20.0%)
frame_000594,-1.0,1.599,14.5869,0.1245,16.3708,480,27.48, -> cash machine (27.5%)
frame_000595,-1.0,1.581,14.1807,0.1256,15.9475,480,21.94, -> cash machine (21.9%)
frame_000596,-1.0,1.5415,14.4213,0.1248,16.1509,480,17.55, -> cash machine (17.5%)
frame_000597,-1.0,1.5665,14.6211,0.1294,16.3794,526,17.12, -> desk (17.1%)
frame_000598,-1.0,4.1942,15.1399,0.1229,19.5174,526,24.19, -> desk (24.2%)
frame_000599,-1.0,3.7144,14.7953,0.1192,18.6893,480,21.01, -> cash machine (21.0%)
frame_000600,-1.0,3.8943,15.1005,0.1196,19.1762,480,22.49, -> cash machine (22.5%)
frame_000601,-1.0,2.2042,13.9985,0.1196,16.3873,480,26.51, -> cash machine (26.5%)
frame_000602,-1.0,2.1079,14.168,0.1167,16.4525,480,18.9, -> cash machine (18.9%)
frame_000603,-1.0,1.578,14.2446,0.1136,15.9937,526,33.72, -> desk (33.7%)
frame_000604,-1.0,1.5538,15.2283,0.122,16.9655,480,29.41, -> cash machine (29.4%)
frame_000605,-1.0,3.392,14.5401,0.118,18.1116,480,28.8, -> cash machine (28.8%)
frame_000606,-1.0,3.6944,14.9771,0.1177,18.8604,480,39.21, -> cash machine (39.2%)
frame_000607,-1.0,3.5632,14.91,0.1126,18.6466,480,68.48, -> cash machine (68.5%)
frame_000608,-1.0,3.7386,16.4167,0.1264,20.3445,480,48.6, -> cash machine (48.6%)
frame_000609,-1.0,3.4315,14.9224,0.1142,18.5304,526,21.81, -> desk (21.8%)
frame_000610,-1.0,2.0637,14.8105,0.1136,17.0516,480,63.5, -> cash machine (63.5%)
frame_000611,-1.0,1.588,16.2634,0.1264,18.0394,480,55.19, -> cash machine (55.2%)
frame_000612,-1.0,2.049,14.8323,0.1246,17.0678,480,41.44, -> cash machine (41.4%)
frame_000613,-1.0,3.4452,15.0486,0.1281,18.6855,480,48.39, -> cash machine (48.4%)
frame_000614,-1.0,3.8403,15.4153,0.1213,19.4391,480,51.6, -> cash machine (51.6%)
frame_000615,-1.0,3.7224,15.1316,0.1145,19.0296,480,58.71, -> cash machine (58.7%)
frame_000616,-1.0,2.2875,15.5355,0.1332,18.0201,480,64.46, -> cash machine (64.5%)
frame_000617,-1.0,2.158,16.7512,0.1258,19.0959,480,48.94, -> cash machine (48.9%)
frame_000618,-1.0,2.5771,14.6877,0.1304,17.4565,480,31.58, -> cash machine (31.6%)
frame_000619,-1.0,1.961,14.2747,0.1259,16.4238,480,18.35, -> cash machine (18.3%)
frame_000620,-1.0,4.0416,13.9895,0.1253,18.2199,480,34.06, -> cash machine (34.1%)
frame_000621,-1.0,2.6572,14.7825,0.1196,17.6186,480,40.84, -> cash machine (40.8%)
frame_000622,-1.0,1.5875,15.384,0.1216,17.1529,480,28.35, -> cash machine (28.3%)
frame_000623,-1.0,3.509,14.8044,0.1216,18.4966,480,48.38, -> cash machine (48.4%)
frame_000624,-1.0,1.9948,14.7506,0.1216,16.9287,480,28.2, -> cash machine (28.2%)
frame_000625,-1.0,2.2191,14.1038,0.1128,16.4941,480,53.67, -> cash machine (53.7%)
frame_000626,-1.0,1.5318,14.4646,0.1242,16.1812,480,51.24, -> cash machine (51.2%)
frame_000627,-1.0,1.5087,14.5054,0.1154,16.1893,480,53.59, -> cash machine (53.6%)
frame_000628,-1.0,1.4711,15.3666,0.1202,17.0182,480,34.11, -> cash machine (34.1%)
frame_000629,-1.0,4.2748,14.8983,0.1294,19.365,480,37.62, -> cash machine (37.6%)
frame_000630,-1.0,2.0831,15.0961,0.12,17.361,480,55.13, -> cash machine (55.1%)
frame_000631,-1.0,3.6661,14.624,0.1137,18.4646,480,26.38, -> cash machine (26.4%)
frame_000632,-1.0,3.7338,14.7852,0.1247,18.7039,480,29.72, -> cash machine (29.7%)
frame_000633,-1.0,3.7218,14.9397,0.1144,18.8373,480,28.29, -> cash machine (28.3%)
frame_000634,-1.0,2.1036,14.6072,0.1195,16.8908,480,34.6, -> cash machine (34.6%)
frame_000635,-1.0,3.6008,14.5782,0.1143,18.3546,480,53.14, -> cash machine (53.1%)
frame_000636,-1.0,2.0805,14.6899,0.1184,16.95,480,41.68, -> cash machine (41.7%)
frame_000637,-1.0,3.4767,14.4641,0.1238,18.1268,480,30.74, -> cash machine (30.7%)
frame_000638,-1.0,4.1114,14.561,0.1189,18.8529,480,38.66, -> cash machine (38.7%)
frame_000639,-1.0,3.7153,14.6336,0.1143,18.5241,526,48.82, -> desk (48.8%)
frame_000640,-1.0,2.1489,13.8996,0.1197,16.2301,526,38.97, -> desk (39.0%)
frame_000641,-1.0,2.1971,13.7284,0.1215,16.1086,526,30.75, -> desk (30.7%)
frame_000642,-1.0,1.5365,14.0509,0.1122,15.76,526,29.42, -> desk (29.4%)
frame_000643,-1.0,1.5503,14.2879,0.1197,16.0206,526,36.9, -> desk (36.9%)
frame_000644,-1.0,3.5888,14.9942,0.1252,18.7726,713,30.0, -> photocopier (30.0%)
frame_000645,-1.0,3.8964,14.4018,0.1133,18.4735,713,36.2, -> photocopier (36.2%)
frame_000646,-1.0,2.1297,14.7801,0.1331,17.1063,713,44.06, -> photocopier (44.1%)
frame_000647,-1.0,4.4573,14.6771,0.1195,19.3168,713,43.48, -> photocopier (43.5%)
frame_000648,-1.0,2.6339,14.3879,0.1204,17.2047,526,35.17, -> desk (35.2%)
frame_000649,-1.0,2.346,13.821,0.116,16.3424,526,40.17, -> desk (40.2%)
frame_000650,-1.0,3.551,14.7613,0.1388,18.519,480,30.47, -> cash machine (30.5%)
frame_000651,-1.0,2.0987,14.6995,0.1175,16.9776,713,39.82, -> photocopier (39.8%)
frame_000652,-1.0,2.2909,14.1977,0.1137,16.6673,713,57.1, -> photocopier (57.1%)
frame_000653,-1.0,1.7033,14.3603,0.1226,16.2473,480,47.51, -> cash machine (47.5%)
frame_000654,-1.0,1.5695,14.6321,0.1174,16.3833,480,50.43, -> cash machine (50.4%)
frame_000655,-1.0,1.5593,14.1384,0.1167,15.8747,480,38.78, -> cash machine (38.8%)
frame_000656,-1.0,4.7325,14.4199,0.1277,19.3413,480,48.6, -> cash machine (48.6%)
frame_000657,-1.0,2.0926,14.3836,0.1222,16.663,480,59.74, -> cash machine (59.7%)
frame_000658,-1.0,3.5875,15.0175,0.1254,18.7915,713,49.38, -> photocopier (49.4%)
frame_000659,-1.0,2.1986,14.7202,0.1321,17.1145,713,28.95, -> photocopier (28.9%)
frame_000660,-1.0,2.1383,14.3942,0.1205,16.7122,713,45.39, -> photocopier (45.4%)
frame_000661,-1.0,3.6709,14.7932,0.1389,18.6662,713,62.73, -> photocopier (62.7%)
frame_000662,-1.0,2.0342,14.4451,0.1242,16.6652,713,54.39, -> photocopier (54.4%)
frame_000663,-1.0,2.1667,14.9023,0.1326,17.2652,713,69.56, -> photocopier (69.6%)
frame_000664,-1.0,2.2548,14.096,0.126,16.5408,713,45.24, -> photocopier (45.2%)
frame_000665,-1.0,1.5603,14.6487,0.1205,16.3901,713,49.93, -> photocopier (49.9%)
frame_000666,-1.0,1.4905,14.9303,0.1126,16.5927,713,82.9, -> photocopier (82.9%)
frame_000667,-1.0,4.6865,14.7449,0.1306,19.6241,713,81.76, -> photocopier (81.8%)
frame_000668,-1.0,3.817,15.0695,0.1182,19.0651,713,64.13, -> photocopier (64.1%)
frame_000669,-1.0,2.1398,14.4948,0.121,16.8158,713,80.63, -> photocopier (80.6%)
frame_000670,-1.0,2.0003,15.2275,0.1133,17.4003,894,36.25, -> wardrobe (36.2%)
frame_000671,-1.0,1.5824,14.4955,0.1164,16.2529,713,51.27, -> photocopier (51.3%)
frame_000672,-1.0,2.2107,14.3314,0.1143,16.717,480,31.46, -> cash machine (31.5%)
frame_000673,-1.0,1.4542,14.8632,0.1122,16.4891,480,37.11, -> cash machine (37.1%)
frame_000674,-1.0,1.5614,14.7841,0.1119,16.5165,480,37.23, -> cash machine (37.2%)
frame_000675,-1.0,1.6022,14.5201,0.1221,16.3108,480,36.66, -> cash machine (36.7%)
frame_000676,-1.0,2.2128,14.1396,0.1145,16.5295,480,45.93, -> cash machine (45.9%)
frame_000677,-1.0,1.6268,14.3047,0.1088,16.1004,713,59.29, -> photocopier (59.3%)
frame_000678,-1.0,1.5276,16.3564,0.1254,18.07,713,36.83, -> photocopier (36.8%)
frame_000679,-1.0,3.5825,15.5098,0.1174,19.2731,771,27.66, -> safe (27.7%)
frame_000680,-1.0,2.0967,14.4816,0.1216,16.7656,713,34.06, -> photocopier (34.1%)
frame_000681,-1.0,2.0322,14.1859,0.1151,16.395,713,56.62, -> photocopier (56.6%)
frame_000682,-1.0,1.5665,14.6202,0.1258,16.3755,713,65.42, -> photocopier (65.4%)
frame_000683,-1.0,2.1625,14.5458,0.122,16.8931,713,38.9, -> photocopier (38.9%)
frame_000684,-1.0,1.551,14.7497,0.1164,16.4781,713,63.6, -> photocopier (63.6%)
frame_000685,-1.0,1.6782,14.9157,0.124,16.7853,713,38.62, -> photocopier (38.6%)
frame_000686,-1.0,1.6299,14.2981,0.1211,16.1099,713,75.02, -> photocopier (75.0%)
frame_000687,-1.0,1.6341,14.6151,0.1168,16.4261,713,74.23, -> photocopier (74.2%)
frame_000688,-1.0,1.5787,14.4489,0.1237,16.2129,713,25.19, -> photocopier (25.2%)
frame_000689,-1.0,1.6401,14.6108,0.1162,16.428,713,26.25, -> photocopier (26.2%)
frame_000690,-1.0,2.7807,14.2606,0.1272,17.2309,713,30.79, -> photocopier (30.8%)
frame_000691,-1.0,3.6193,15.0256,0.1409,18.8515,894,22.46, -> wardrobe (22.5%)
frame_000692,-1.0,1.891,14.2282,0.128,16.3108,713,39.5, -> photocopier (39.5%)
frame_000693,-1.0,2.1361,14.8138,0.1317,17.1439,742,20.4, -> printer (20.4%)
frame_000694,-1.0,1.5819,14.0768,0.1163,15.8371,742,14.14, -> printer (14.1%)
frame_000695,-1.0,1.5097,14.3483,0.1315,16.0516,742,53.51, -> printer (53.5%)
frame_000696,-1.0,1.5443,14.9197,0.1232,16.6502,742,36.38, -> printer (36.4%)
frame_000697,-1.0,1.6265,15.0053,0.114,16.8066,742,21.88, -> printer (21.9%)
frame_000698,-1.0,1.6454,14.5301,0.1153,16.3503,742,34.77, -> printer (34.8%)
frame_000699,-1.0,1.5369,14.7227,0.1146,16.4358,713,9.53, -> photocopier (9.5%)
frame_000700,-1.0,1.6494,14.4857,0.113,16.3091,894,12.43, -> wardrobe (12.4%)
frame_000701,-1.0,1.5113,14.6068,0.1195,16.3044,799,17.41, -> sliding door (17.4%)
frame_000702,-1.0,4.1674,15.5117,0.1153,19.8556,799,14.78, -> sliding door (14.8%)
frame_000703,-1.0,2.1424,15.385,0.1328,17.7231,894,8.98, -> wardrobe (9.0%)
frame_000704,-1.0,2.1292,14.4995,0.1204,16.809,799,8.05, -> sliding door (8.0%)
frame_000705,-1.0,1.6017,14.2672,0.1172,16.0471,543,5.39, -> dumbbell (5.4%)
frame_000706,-1.0,1.6724,14.8793,0.1161,16.7288,706,14.91, -> patio (14.9%)
frame_000707,-1.0,1.6087,14.423,0.1186,16.2099,706,7.92, -> patio (7.9%)
frame_000708,-1.0,1.5657,14.6204,0.1121,16.3559,706,13.58, -> patio (13.6%)
frame_000709,-1.0,4.0956,14.7269,0.1273,19.0111,706,11.26, -> patio (11.3%)
frame_000710,-1.0,2.0513,14.0892,0.1136,16.3139,706,35.71, -> patio (35.7%)
frame_000711,-1.0,1.4833,14.4507,0.1135,16.1093,706,11.78, -> patio (11.8%)
frame_000712,-1.0,2.1549,14.4513,0.1261,16.7951,706,30.45, -> patio (30.4%)
frame_000713,-1.0,2.3543,14.8713,0.1237,17.4123,706,17.27, -> patio (17.3%)
frame_000714,-1.0,1.5938,14.361,0.128,16.1473,422,14.04, -> barbell (14.0%)
frame_000715,-1.0,1.5462,14.4201,0.1142,16.1424,422,36.27, -> barbell (36.3%)
frame_000716,-1.0,4.4029,14.4308,0.1348,19.0323,543,32.35, -> dumbbell (32.4%)
frame_000717,-1.0,2.2346,14.4943,0.1186,16.9086,543,29.77, -> dumbbell (29.8%)
frame_000718,-1.0,1.5957,14.7785,0.1201,16.5548,543,30.18, -> dumbbell (30.2%)
frame_000719,-1.0,2.1275,15.1651,0.1283,17.4839,872,45.3, -> tripod (45.3%)
frame_000720,-1.0,1.6482,14.9156,0.1273,16.7553,872,35.28, -> tripod (35.3%)
frame_000721,-1.0,1.4732,14.9276,0.1248,16.5927,543,42.62, -> dumbbell (42.6%)
frame_000722,-1.0,1.6143,14.8255,0.1307,16.6343,543,64.3, -> dumbbell (64.3%)
frame_000723,-1.0,1.6105,16.748,0.1349,18.559,543,49.08, -> dumbbell (49.1%)
frame_000724,-1.0,3.6049,15.2,0.1299,18.9982,543,42.03, -> dumbbell (42.0%)
frame_000725,-1.0,2.1214,15.0298,0.1394,17.3545,543,23.07, -> dumbbell (23.1%)
frame_000726,-1.0,2.1424,14.5403,0.135,16.882,422,37.87, -> barbell (37.9%)
frame_000727,-1.0,1.5334,14.6466,0.1316,16.3758,422,30.72, -> barbell (30.7%)
frame_000728,-1.0,1.5796,14.6335,0.1119,16.3826,872,29.91, -> tripod (29.9%)
frame_000729,-1.0,1.5848,15.0516,0.1296,16.8293,543,36.62, -> dumbbell (36.6%)
frame_000730,-1.0,1.5064,13.5253,0.1214,15.2142,422,31.29, -> barbell (31.3%)
frame_000731,-1.0,1.6099,14.5334,0.1185,16.3233,422,33.69, -> barbell (33.7%)
frame_000732,-1.0,1.6556,15.0555,0.1259,16.8993,422,22.31, -> barbell (22.3%)
frame_000733,-1.0,1.5576,14.4528,0.1182,16.1887,872,32.29, -> tripod (32.3%)
frame_000734,-1.0,1.552,14.3438,0.1104,16.0646,872,33.12, -> tripod (33.1%)
frame_000735,-1.0,3.9256,14.6563,0.1276,18.7737,872,32.46, -> tripod (32.5%)
frame_000736,-1.0,2.0923,14.6475,0.1163,16.9166,543,36.13, -> dumbbell (36.1%)
frame_000737,-1.0,1.5853,14.9558,0.137,16.7418,543,28.93, -> dumbbell (28.9%)
frame_000738,-1.0,1.9516,14.7401,0.1154,16.8682,872,23.43, -> tripod (23.4%)
frame_000739,-1.0,1.586,14.4319,0.1315,16.2117,745,25.38, -> projector (25.4%)
frame_000740,-1.0,2.1656,14.2531,0.1225,16.6026,745,18.34, -> projector (18.3%)
frame_000741,-1.0,1.6489,14.8421,0.1226,16.6742,745,17.21, -> projector (17.2%)
frame_000742,-1.0,3.158,14.819,0.1219,18.1584,745,18.77, -> projector (18.8%)
frame_000743,-1.0,2.1733,14.5457,0.1195,16.899,872,20.51, -> tripod (20.5%)
frame_000744,-1.0,1.5716,14.3933,0.1223,16.149,872,22.51, -> tripod (22.5%)
frame_000745,-1.0,2.1275,14.5327,0.1218,16.8452,471,28.01, -> cannon (28.0%)
frame_000746,-1.0,1.5011,14.4151,0.1155,16.0915,471,49.54, -> cannon (49.5%)
frame_000747,-1.0,1.6242,14.5911,0.1208,16.3978,745,19.78, -> projector (19.8%)
frame_000748,-1.0,1.5691,14.4459,0.1204,16.1974,543,34.96, -> dumbbell (35.0%)
frame_000749,-1.0,1.5705,14.7842,0.1191,16.5327,650,23.87, -> microphone (23.9%)
frame_000750,-1.0,1.5314,14.652,0.1143,16.3564,422,20.57, -> barbell (20.6%)
frame_000751,-1.0,4.7101,14.598,0.1159,19.4855,422,25.01, -> barbell (25.0%)
frame_000752,-1.0,3.5966,14.9317,0.117,18.7063,422,35.01, -> barbell (35.0%)
frame_000753,-1.0,3.8627,15.1867,0.1146,19.2254,422,31.13, -> barbell (31.1%)
frame_000754,-1.0,3.6712,14.4389,0.1187,18.2919,422,33.13, -> barbell (33.1%)
frame_000755,-1.0,3.5772,14.5813,0.1249,18.3459,422,37.75, -> barbell (37.8%)
frame_000756,-1.0,3.6892,15.0309,0.113,18.896,543,34.52, -> dumbbell (34.5%)
frame_000757,-1.0,2.0483,14.6866,0.132,16.9295,422,44.44, -> barbell (44.4%)
frame_000758,-1.0,2.0334,14.1391,0.1257,16.3613,422,58.11, -> barbell (58.1%)
frame_000759,-1.0,1.5029,14.3902,0.1203,16.076,422,63.28, -> barbell (63.3%)
frame_000760,-1.0,1.5503,14.8836,0.1127,16.6075,422,42.97, -> barbell (43.0%)
frame_000761,-1.0,3.1581,14.3973,0.127,17.7453,422,34.2, -> barbell (34.2%)
frame_000762,-1.0,2.0774,13.8132,0.1121,16.0631,422,42.8, -> barbell (42.8%)
frame_000763,-1.0,1.5375,15.1039,0.1208,16.8244,422,50.03, -> barbell (50.0%)
frame_000764,-1.0,2.2138,14.3595,0.112,16.747,422,58.74, -> barbell (58.7%)
frame_000765,-1.0,1.5651,14.9078,0.1143,16.6482,422,64.91, -> barbell (64.9%)
frame_000766,-1.0,1.6144,14.7157,0.1151,16.5068,422,60.34, -> barbell (60.3%)
frame_000767,-1.0,1.521,14.305,0.1136,16.0002,422,57.57, -> barbell (57.6%)
frame_000768,-1.0,1.618,14.1976,0.1124,15.9888,422,45.79, -> barbell (45.8%)
frame_000769,-1.0,1.5604,14.6517,0.1196,16.3936,422,22.45, -> barbell (22.4%)
frame_000770,-1.0,1.6251,14.0529,0.1126,15.8506,422,36.38, -> barbell (36.4%)
frame_000771,-1.0,1.5204,14.3624,0.118,16.0605,422,33.08, -> barbell (33.1%)
frame_000772,-1.0,1.7395,14.6241,0.1112,16.5353,422,29.83, -> barbell (29.8%)
frame_000773,-1.0,1.5267,14.6779,0.1222,16.3881,422,16.86, -> barbell (16.9%)
frame_000774,-1.0,4.4621,14.4914,0.1234,19.1407,422,30.02, -> barbell (30.0%)
frame_000775,-1.0,2.1544,14.7572,0.1157,17.0873,851,12.72, -> television (12.7%)
frame_000776,-1.0,1.5513,16.6883,0.1273,18.4294,851,17.43, -> television (17.4%)
frame_000777,-1.0,2.0942,14.8378,0.1209,17.1145,422,33.83, -> barbell (33.8%)
frame_000778,-1.0,2.0498,14.3056,0.1159,16.5323,851,23.02, -> television (23.0%)
frame_000779,-1.0,1.4669,14.9114,0.1157,16.5541,851,22.35, -> television (22.3%)
frame_000780,-1.0,1.7234,14.2996,0.1116,16.1959,664,27.03, -> monitor (27.0%)
frame_000781,-1.0,1.5576,14.7839,0.1184,16.5215,422,26.29, -> barbell (26.3%)
frame_000782,-1.0,3.8291,14.0308,0.1107,18.0289,422,28.6, -> barbell (28.6%)
frame_000783,-1.0,2.0322,15.0065,0.1302,17.2311,422,39.93, -> barbell (39.9%)
frame_000784,-1.0,2.0622,14.6018,0.1176,16.8473,422,32.06, -> barbell (32.1%)
frame_000785,-1.0,1.6168,14.8928,0.1177,16.6889,423,30.86, -> barber chair (30.9%)
frame_000786,-1.0,1.5472,13.46,0.1098,15.1765,423,27.0, -> barber chair (27.0%)
frame_000787,-1.0,1.557,14.8794,0.1157,16.6137,526,34.5, -> desk (34.5%)
frame_000788,-1.0,1.5301,14.2751,0.1114,15.9774,422,26.01, -> barbell (26.0%)
frame_000789,-1.0,1.5267,13.8497,0.1232,15.5617,423,15.83, -> barber chair (15.8%)
frame_000790,-1.0,1.6,14.4943,0.1216,16.2768,422,22.38, -> barbell (22.4%)
frame_000791,-1.0,1.5911,14.9878,0.115,16.7549,526,32.92, -> desk (32.9%)
frame_000792,-1.0,1.7004,14.6806,0.1254,16.5737,526,23.39, -> desk (23.4%)
frame_000793,-1.0,3.373,14.2118,0.1327,17.7814,526,30.69, -> desk (30.7%)
frame_000794,-1.0,1.7801,14.8514,0.1206,16.8149,526,49.57, -> desk (49.6%)
frame_000795,-1.0,1.6168,14.8996,0.1317,16.7114,423,18.39, -> barber chair (18.4%)
frame_000796,-1.0,3.1674,14.4809,0.1294,17.8402,422,22.59, -> barbell (22.6%)
frame_000797,-1.0,3.7813,14.3918,0.138,18.3765,422,40.48, -> barbell (40.5%)
frame_000798,-1.0,1.8624,14.0387,0.1169,16.0786,526,36.33, -> desk (36.3%)
frame_000799,-1.0,3.1022,14.7887,0.1374,18.0921,526,18.87, -> desk (18.9%)
frame_000800,-1.0,3.2454,14.9785,0.1232,18.4088,423,48.89, -> barber chair (48.9%)
frame_000801,-1.0,2.1563,14.6748,0.1204,17.0128,526,36.77, -> desk (36.8%)
frame_000802,-1.0,1.9532,14.5905,0.1189,16.7233,423,31.58, -> barber chair (31.6%)
frame_000803,-1.0,1.5913,15.038,0.1222,16.8126,882,36.05, -> vacuum (36.1%)
frame_000804,-1.0,3.8877,14.557,0.1188,18.6246,526,6.86, -> desk (6.9%)
frame_000805,-1.0,2.1307,14.5223,0.1222,16.8369,526,15.63, -> desk (15.6%)
frame_000806,-1.0,1.9483,14.9098,0.1158,17.0342,882,55.64, -> vacuum (55.6%)
frame_000807,-1.0,1.5565,15.0168,0.1206,16.7513,526,29.37, -> desk (29.4%)
frame_000808,-1.0,1.5776,14.4634,0.1202,16.2189,526,41.91, -> desk (41.9%)
frame_000809,-1.0,2.9747,15.1488,0.1341,18.3231,561,12.34, -> forklift (12.3%)
frame_000810,-1.0,1.8551,14.5104,0.1246,16.5514,882,16.42, -> vacuum (16.4%)
frame_000811,-1.0,2.1836,14.3996,0.1281,16.7741,882,25.51, -> vacuum (25.5%)
frame_000812,-1.0,1.6623,14.6807,0.1113,16.5139,526,58.91, -> desk (58.9%)
frame_000813,-1.0,1.5528,14.8535,0.12,16.5879,882,42.27, -> vacuum (42.3%)
frame_000814,-1.0,1.6742,14.6054,0.1169,16.4569,526,25.52, -> desk (25.5%)
frame_000815,-1.0,1.6938,15.0236,0.1211,16.9002,526,33.21, -> desk (33.2%)
frame_000816,-1.0,1.4684,14.3788,0.1235,16.0317,423,20.89, -> barber chair (20.9%)
frame_000817,-1.0,1.5479,14.8614,0.1101,16.5797,423,21.59, -> barber chair (21.6%)
frame_000818,-1.0,1.6848,14.3022,0.1174,16.1645,526,12.85, -> desk (12.9%)
frame_000819,-1.0,1.6697,14.3401,0.1112,16.1796,526,41.44, -> desk (41.4%)
frame_000820,-1.0,4.4914,15.3638,0.1252,20.0418,526,20.9, -> desk (20.9%)
frame_000821,-1.0,2.047,15.1865,0.1256,17.4206,882,22.93, -> vacuum (22.9%)
frame_000822,-1.0,1.9203,14.4413,0.1168,16.5422,526,16.97, -> desk (17.0%)
frame_000823,-1.0,1.56,14.2492,0.1179,15.9852,561,38.89, -> forklift (38.9%)
frame_000824,-1.0,2.2488,14.6388,0.1244,17.0746,561,13.75, -> forklift (13.7%)
frame_000825,-1.0,1.5972,14.4943,0.1223,16.2763,561,19.25, -> forklift (19.3%)
frame_000826,-1.0,2.1955,14.5878,0.1243,16.9678,526,36.92, -> desk (36.9%)
frame_000827,-1.0,1.6641,14.6214,0.1217,16.4663,526,23.05, -> desk (23.1%)
frame_000828,-1.0,1.5788,15.1344,0.1141,16.8841,526,23.66, -> desk (23.7%)
frame_000829,-1.0,1.7317,14.5641,0.1197,16.4774,561,17.44, -> forklift (17.4%)
frame_000830,-1.0,1.588,14.7831,0.123,16.5596,561,36.45, -> forklift (36.4%)
frame_000831,-1.0,1.6722,14.6446,0.1127,16.4901,561,32.74, -> forklift (32.7%)
frame_000832,-1.0,4.0258,14.8811,0.1185,19.0874,526,20.53, -> desk (20.5%)
frame_000833,-1.0,3.7934,14.6006,0.1176,18.5735,526,16.29, -> desk (16.3%)
frame_000834,-1.0,2.1138,14.473,0.12,16.7676,526,19.36, -> desk (19.4%)
frame_000835,-1.0,1.82,14.7471,0.117,16.7444,526,21.89, -> desk (21.9%)
frame_000836,-1.0,1.5686,14.6904,0.1132,16.435,561,29.79, -> forklift (29.8%)
frame_000837,-1.0,1.4638,15.004,0.1143,16.6402,561,44.05, -> forklift (44.0%)
frame_000838,-1.0,2.2427,14.3557,0.1121,16.7724,561,12.32, -> forklift (12.3%)
frame_000839,-1.0,1.66,14.5746,0.1186,16.4143,561,16.94, -> forklift (16.9%)
frame_000840,-1.0,3.7337,15.2822,0.1233,19.1996,851,21.21, -> television (21.2%)
frame_000841,-1.0,2.1736,15.2872,0.1335,17.6567,851,22.15, -> television (22.2%)
frame_000842,-1.0,1.7692,14.7385,0.1251,16.6942,851,22.12, -> television (22.1%)
frame_000843,-1.0,1.6517,14.434,0.1266,16.2736,851,8.95, -> television (8.9%)
frame_000844,-1.0,1.7261,14.5069,0.1194,16.4127,598,11.78, -> home theater (11.8%)
frame_000845,-1.0,4.2938,16.2718,0.1307,20.7594,765,15.28, -> rocking chair (15.3%)
frame_000846,-1.0,3.8097,15.4792,0.1202,19.4708,851,19.04, -> television (19.0%)
frame_000847,-1.0,3.7995,14.9046,0.1167,18.8818,548,19.21, -> entertainment center (19.2%)
frame_000848,-1.0,3.5542,14.9947,0.1158,18.7272,877,51.04, -> turnstile (51.0%)
frame_000849,-1.0,2.1633,14.6193,0.1241,16.9684,877,22.86, -> turnstile (22.9%)
frame_000850,-1.0,1.983,14.1623,0.1261,16.3344,877,15.7, -> turnstile (15.7%)
frame_000851,-1.0,2.1742,14.8576,0.1271,17.2211,598,15.7, -> home theater (15.7%)
frame_000852,-1.0,2.7527,14.2175,0.1226,17.1561,598,13.81, -> home theater (13.8%)
frame_000853,-1.0,2.2677,14.7926,0.1286,17.2541,851,11.93, -> television (11.9%)
frame_000854,-1.0,1.7068,14.6375,0.1357,16.5445,422,20.67, -> barbell (20.7%)
frame_000855,-1.0,1.624,14.4527,0.1247,16.2634,894,10.23, -> wardrobe (10.2%)
frame_000856,-1.0,1.687,14.5852,0.132,16.4663,894,10.75, -> wardrobe (10.7%)
frame_000857,-1.0,1.5872,14.2144,0.1289,15.9926,788,9.88, -> shoe shop (9.9%)
frame_000858,-1.0,1.7242,14.8998,0.1261,16.8149,579,17.8, -> grand piano (17.8%)
frame_000859,-1.0,1.6446,14.4845,0.1226,16.3138,579,10.55, -> grand piano (10.5%)
frame_000860,-1.0,1.6569,14.4843,0.1177,16.3174,881,9.98, -> upright (10.0%)
frame_000861,-1.0,1.6585,14.5445,0.122,16.3862,624,14.0, -> library (14.0%)
frame_000862,-1.0,1.6911,14.2178,0.1139,16.0827,624,19.02, -> library (19.0%)
frame_000863,-1.0,1.6415,14.7627,0.1126,16.5767,624,14.11, -> library (14.1%)
frame_000864,-1.0,1.6201,14.6606,0.1298,16.4726,624,19.65, -> library (19.6%)
frame_000865,-1.0,3.9428,14.4626,0.1255,18.5927,624,24.49, -> library (24.5%)
frame_000866,-1.0,2.4282,14.3175,0.1255,16.9323,624,43.73, -> library (43.7%)
frame_000867,-1.0,2.1021,14.6013,0.1293,16.8962,624,26.02, -> library (26.0%)
frame_000868,-1.0,1.661,14.9599,0.1265,16.8072,526,33.77, -> desk (33.8%)
frame_000869,-1.0,1.637,14.1558,0.1226,15.9764,526,34.37, -> desk (34.4%)
frame_000870,-1.0,3.8587,14.9641,0.1218,19.0081,526,26.46, -> desk (26.5%)
frame_000871,-1.0,3.4015,15.9167,0.1222,19.5026,526,37.22, -> desk (37.2%)
frame_000872,-1.0,3.0759,15.1757,0.1151,18.4284,526,50.53, -> desk (50.5%)
frame_000873,-1.0,3.488,15.4101,0.125,19.0861,526,34.12, -> desk (34.1%)
frame_000874,-1.0,3.2086,15.092,0.1192,18.4815,526,46.41, -> desk (46.4%)
frame_000875,-1.0,2.1557,14.7692,0.1178,17.1027,526,40.66, -> desk (40.7%)
frame_000876,-1.0,1.5957,14.2942,0.1122,16.0601,526,42.88, -> desk (42.9%)
frame_000877,-1.0,2.2543,14.0958,0.1202,16.5324,526,30.36, -> desk (30.4%)
frame_000878,-1.0,4.246,14.709,0.1282,19.1451,526,51.3, -> desk (51.3%)
frame_000879,-1.0,2.0882,14.0525,0.1245,16.3261,526,48.83, -> desk (48.8%)
frame_000880,-1.0,1.9655,14.3175,0.1188,16.463,624,38.45, -> library (38.4%)
frame_000881,-1.0,1.5991,16.8844,0.1299,18.6765,526,57.03, -> desk (57.0%)
frame_000882,-1.0,3.8544,14.7259,0.1194,18.7614,526,54.08, -> desk (54.1%)
frame_000883,-1.0,1.6247,14.0873,0.1346,15.9083,526,63.61, -> desk (63.6%)
frame_000884,-1.0,1.9638,14.1883,0.1208,16.3346,526,50.09, -> desk (50.1%)
frame_000885,-1.0,1.5949,14.1339,0.1288,15.9198,526,48.27, -> desk (48.3%)
frame_000886,-1.0,1.6939,14.6826,0.1232,16.562,526,39.7, -> desk (39.7%)
frame_000887,-1.0,1.6141,15.1972,0.1143,16.9859,624,19.38, -> library (19.4%)
frame_000888,-1.0,1.6839,14.534,0.1266,16.4055,526,55.17, -> desk (55.2%)
frame_000889,-1.0,1.6879,14.1742,0.1166,16.0395,526,57.39, -> desk (57.4%)
frame_000890,-1.0,3.8946,14.998,0.124,19.0787,526,40.07, -> desk (40.1%)
frame_000891,-1.0,3.8688,14.2823,0.1225,18.3342,526,29.12, -> desk (29.1%)
frame_000892,-1.0,2.1525,14.5223,0.1316,16.8687,526,30.45, -> desk (30.5%)
frame_000893,-1.0,1.9396,14.0544,0.145,16.2087,624,19.06, -> library (19.1%)
frame_000894,-1.0,1.3667,13.7225,0.1299,15.2813,624,35.65, -> library (35.7%)
frame_000895,-1.0,1.7396,15.0547,0.118,16.9733,624,12.8, -> library (12.8%)
frame_000896,-1.0,1.985,14.3567,0.1216,16.5242,624,16.86, -> library (16.9%)
frame_000897,-1.0,4.354,14.6391,0.1233,19.1776,526,10.42, -> desk (10.4%)
frame_000898,-1.0,2.1874,15.4023,0.1343,17.7869,624,29.65, -> library (29.6%)
frame_000899,-1.0,1.7819,14.1002,0.1178,16.0605,526,34.9, -> desk (34.9%)
frame_000900,-1.0,1.5996,14.9755,0.1221,16.7592,526,16.65, -> desk (16.6%)
frame_000901,-1.0,4.0961,15.1399,0.1268,19.4263,526,26.57, -> desk (26.6%)
frame_000902,-1.0,2.0801,15.1836,0.127,17.451,713,15.48, -> photocopier (15.5%)
frame_000903,-1.0,3.5474,14.34,0.1184,18.0664,526,30.16, -> desk (30.2%)
frame_000904,-1.0,2.2392,14.523,0.1366,16.9634,526,36.2, -> desk (36.2%)
frame_000905,-1.0,1.8257,14.6171,0.1269,16.6318,526,14.44, -> desk (14.4%)
frame_000906,-1.0,1.7091,14.406,0.1287,16.3086,526,45.93, -> desk (45.9%)
frame_000907,-1.0,2.3669,17.3697,0.1352,19.9362,526,38.81, -> desk (38.8%)
frame_000908,-1.0,1.6424,14.28,0.1271,16.1141,526,34.2, -> desk (34.2%)
frame_000909,-1.0,2.8346,14.571,0.127,17.5956,526,17.03, -> desk (17.0%)
frame_000910,-1.0,1.6203,14.2527,0.1244,16.0586,713,27.32, -> photocopier (27.3%)
frame_000911,-1.0,1.7012,14.5678,0.1264,16.4571,713,29.55, -> photocopier (29.6%)
frame_000912,-1.0,2.3476,14.3065,0.1372,16.8552,526,31.19, -> desk (31.2%)
frame_000913,-1.0,3.5954,13.9494,0.12,17.724,713,36.02, -> photocopier (36.0%)
frame_000914,-1.0,1.5616,14.3452,0.1259,16.0938,526,39.71, -> desk (39.7%)
frame_000915,-1.0,2.2016,14.7534,0.1128,17.1277,526,51.19, -> desk (51.2%)
frame_000916,-1.0,1.6789,14.7865,0.131,16.6619,526,47.3, -> desk (47.3%)
frame_000917,-1.0,1.7272,14.4677,0.1132,16.368,526,54.29, -> desk (54.3%)
frame_000918,-1.0,3.9545,14.8121,0.1213,18.9508,526,60.15, -> desk (60.2%)
frame_000919,-1.0,2.0562,14.5611,0.135,16.8162,526,36.48, -> desk (36.5%)
frame_000920,-1.0,1.8302,14.4201,0.1197,16.4351,526,53.58, -> desk (53.6%)
frame_000921,-1.0,1.6461,17.5691,0.13,19.409,526,52.37, -> desk (52.4%)
frame_000922,-1.0,3.8978,14.6569,0.1223,18.7364,526,55.9, -> desk (55.9%)
frame_000923,-1.0,1.9705,14.0757,0.1244,16.2319,526,38.95, -> desk (39.0%)
frame_000924,-1.0,3.5115,14.6027,0.12,18.2962,713,39.46, -> photocopier (39.5%)
frame_000925,-1.0,3.5206,15.0327,0.1307,18.7464,713,43.34, -> photocopier (43.3%)
frame_000926,-1.0,1.8578,15.2172,0.1188,17.2543,526,50.61, -> desk (50.6%)
frame_000927,-1.0,1.6112,14.5164,0.1153,16.3034,526,53.34, -> desk (53.3%)
frame_000928,-1.0,1.5485,14.3308,0.1114,16.0503,526,38.97, -> desk (39.0%)
frame_000929,-1.0,1.5463,14.2536,0.1177,15.9781,526,52.36, -> desk (52.4%)
frame_000930,-1.0,1.5391,14.322,0.1119,16.0289,526,59.88, -> desk (59.9%)
frame_000931,-1.0,3.5868,14.8048,0.1185,18.5716,713,37.86, -> photocopier (37.9%)
frame_000932,-1.0,2.1707,14.4266,0.1215,16.7817,526,37.54, -> desk (37.5%)
frame_000933,-1.0,1.8282,14.4807,0.1196,16.4902,579,43.02, -> grand piano (43.0%)
frame_000934,-1.0,1.5673,14.761,0.1237,16.5141,526,34.38, -> desk (34.4%)
frame_000935,-1.0,1.3479,13.7908,0.1292,15.3294,713,29.95, -> photocopier (29.9%)
frame_000936,-1.0,2.3462,14.6834,0.1274,17.2199,713,38.33, -> photocopier (38.3%)
frame_000937,-1.0,3.4247,14.4969,0.1324,18.1164,713,38.28, -> photocopier (38.3%)
frame_000938,-1.0,3.527,15.2372,0.1331,18.9598,526,48.05, -> desk (48.1%)
frame_000939,-1.0,1.8381,14.5735,0.1248,16.599,526,74.06, -> desk (74.1%)
frame_000940,-1.0,3.6855,14.7812,0.1348,18.6632,526,50.33, -> desk (50.3%)
frame_000941,-1.0,1.6571,14.4201,0.12,16.2583,526,53.52, -> desk (53.5%)
frame_000942,-1.0,1.6622,14.2503,0.1272,16.1015,526,36.73, -> desk (36.7%)
frame_000943,-1.0,2.8796,14.2781,0.1325,17.3515,526,12.0, -> desk (12.0%)
frame_000944,-1.0,1.8782,14.4379,0.1296,16.5062,526,53.26, -> desk (53.3%)
frame_000945,-1.0,1.5502,14.4527,0.1237,16.1876,526,47.63, -> desk (47.6%)
frame_000946,-1.0,1.5653,14.4776,0.118,16.2196,526,30.1, -> desk (30.1%)
frame_000947,-1.0,1.9746,14.8745,0.1258,17.0351,526,54.66, -> desk (54.7%)
frame_000948,-1.0,1.6283,14.6821,0.1246,16.4953,526,42.8, -> desk (42.8%)
frame_000949,-1.0,1.6536,15.375,0.1217,17.2112,526,26.03, -> desk (26.0%)
frame_000950,-1.0,1.6289,14.5181,0.126,16.3341,526,24.76, -> desk (24.8%)
frame_000951,-1.0,2.1985,14.7155,0.1147,17.089,526,33.48, -> desk (33.5%)
frame_000952,-1.0,2.3209,14.379,0.1248,16.8852,526,13.59, -> desk (13.6%)
frame_000953,-1.0,1.6203,15.0999,0.1339,16.9171,822,19.98, -> steel drum (20.0%)
frame_000954,-1.0,1.7209,14.1786,0.1206,16.0823,822,15.87, -> steel drum (15.9%)
frame_000955,-1.0,2.3706,14.7148,0.118,17.2653,541,26.2, -> drum (26.2%)
frame_000956,-1.0,1.6665,14.5192,0.126,16.3738,541,36.37, -> drum (36.4%)
frame_000957,-1.0,1.5905,14.4266,0.1162,16.1913,526,30.13, -> desk (30.1%)
frame_000958,-1.0,4.3964,14.722,0.1333,19.3135,579,9.6, -> grand piano (9.6%)
frame_000959,-1.0,2.1378,14.8759,0.1208,17.1948,788,25.54, -> shoe shop (25.5%)
frame_000960,-1.0,1.6105,15.3853,0.1149,17.1696,541,16.91, -> drum (16.9%)
frame_000961,-1.0,1.5903,15.5794,0.1367,17.3689,541,26.29, -> drum (26.3%)
frame_000962,-1.0,1.8513,14.663,0.1243,16.7005,541,27.3, -> drum (27.3%)
frame_000963,-1.0,1.5589,14.4375,0.1181,16.174,788,35.14, -> shoe shop (35.1%)
frame_000964,-1.0,1.6694,15.0794,0.1156,16.9243,579,35.04, -> grand piano (35.0%)
frame_000965,-1.0,1.6325,14.795,0.1306,16.6213,579,18.39, -> grand piano (18.4%)
frame_000966,-1.0,1.6537,14.9369,0.1172,16.7691,541,58.99, -> drum (59.0%)
frame_000967,-1.0,1.3879,14.0875,0.1219,15.6599,541,55.18, -> drum (55.2%)
frame_000968,-1.0,1.7153,14.722,0.1206,16.6181,541,25.54, -> drum (25.5%)
frame_000969,-1.0,1.6899,14.9432,0.1325,16.8293,579,42.86, -> grand piano (42.9%)
frame_000970,-1.0,1.6572,14.4677,0.1224,16.3092,541,21.79, -> drum (21.8%)
frame_000971,-1.0,1.5792,14.6642,0.1292,16.4362,895,20.59, -> warplane (20.6%)
frame_000972,-1.0,1.6692,14.3756,0.1327,16.2415,579,24.67, -> grand piano (24.7%)
frame_000973,-1.0,3.3698,14.675,0.1311,18.2388,579,49.55, -> grand piano (49.6%)
frame_000974,-1.0,1.8067,14.156,0.1265,16.1505,788,6.64, -> shoe shop (6.6%)
frame_000975,-1.0,1.4937,14.7264,0.1175,16.3981,579,12.04, -> grand piano (12.0%)
frame_000976,-1.0,1.6886,14.4239,0.1184,16.2903,579,8.37, -> grand piano (8.4%)
frame_000977,-1.0,4.1397,15.9282,0.1303,20.2603,526,14.63, -> desk (14.6%)
frame_000978,-1.0,2.1642,14.5251,0.1343,16.8865,550,17.03, -> espresso maker (17.0%)
frame_000979,-1.0,1.782,14.1846,0.122,16.1498,550,9.61, -> espresso maker (9.6%)
frame_000980,-1.0,1.6947,14.913,0.1182,16.786,579,15.84, -> grand piano (15.8%)
frame_000981,-1.0,1.5179,14.1356,0.1208,15.8354,422,12.33, -> barbell (12.3%)
frame_000982,-1.0,1.5848,15.0027,0.1176,16.7651,550,18.65, -> espresso maker (18.7%)
frame_000983,-1.0,4.1055,14.6399,0.1194,18.9265,422,16.32, -> barbell (16.3%)
frame_000984,-1.0,2.1125,14.491,0.123,16.7875,550,13.18, -> espresso maker (13.2%)
frame_000985,-1.0,1.8763,14.6474,0.1182,16.7035,550,17.25, -> espresso maker (17.3%)
frame_000986,-1.0,1.6062,14.1032,0.1223,15.8919,550,10.89, -> espresso maker (10.9%)
frame_000987,-1.0,2.2932,14.1851,0.1151,16.6547,423,22.88, -> barber chair (22.9%)
frame_000988,-1.0,2.1004,13.9957,0.1269,16.2841,423,10.36, -> barber chair (10.4%)
frame_000989,-1.0,1.7167,14.6206,0.1238,16.5218,423,32.88, -> barber chair (32.9%)
frame_000990,-1.0,1.5693,14.3028,0.1217,16.0537,423,14.96, -> barber chair (15.0%)
frame_000991,-1.0,1.7217,15.019,0.1185,16.919,526,17.81, -> desk (17.8%)
frame_000992,-1.0,1.447,14.1415,0.1197,15.7684,423,26.57, -> barber chair (26.6%)
frame_000993,-1.0,5.0634,14.5891,0.1254,19.8409,423,32.11, -> barber chair (32.1%)
frame_000994,-1.0,2.2986,14.8293,0.1485,17.3439,550,38.59, -> espresso maker (38.6%)
frame_000995,-1.0,1.615,13.4833,0.1182,15.2762,423,20.74, -> barber chair (20.7%)
frame_000996,-1.0,2.1693,14.8998,0.1268,17.256,423,14.45, -> barber chair (14.4%)
frame_000997,-1.0,1.524,14.8994,0.1194,16.6028,423,33.72, -> barber chair (33.7%)
frame_000998,-1.0,1.6231,14.9454,0.1197,16.748,423,33.41, -> barber chair (33.4%)
frame_000999,-1.0,1.5785,14.6406,0.1181,16.4001,423,38.34, -> barber chair (38.3%)
frame_001000,-1.0,1.6341,14.9352,0.1172,16.7461,423,49.2, -> barber chair (49.2%)
frame_001001,-1.0,2.1481,14.2847,0.1225,16.616,423,76.47, -> barber chair (76.5%)
frame_001002,-1.0,1.5996,14.8234,0.1373,16.6224,423,86.68, -> barber chair (86.7%)
frame_001003,-1.0,1.7053,14.7642,0.1299,16.6629,423,80.21, -> barber chair (80.2%)
frame_001004,-1.0,1.5762,16.4201,0.1275,18.1849,423,47.96, -> barber chair (48.0%)
frame_001005,-1.0,2.2999,14.9714,0.1304,17.4646,423,53.55, -> barber chair (53.5%)
frame_001006,-1.0,1.5262,14.578,0.1286,16.2948,423,31.25, -> barber chair (31.3%)
frame_001007,-1.0,2.2475,14.126,0.1187,16.5522,423,27.4, -> barber chair (27.4%)
frame_001008,-1.0,1.6824,14.6203,0.131,16.4966,423,13.0, -> barber chair (13.0%)
frame_001009,-1.0,1.7275,14.5565,0.1272,16.4736,532,14.88, -> dining table (14.9%)
frame_001010,-1.0,1.5565,14.2518,0.1228,15.9908,532,11.88, -> dining table (11.9%)
frame_001011,-1.0,1.8156,14.5314,0.1186,16.5262,532,70.73, -> dining table (70.7%)
frame_001012,-1.0,1.6519,13.8341,0.124,15.6736,532,64.01, -> dining table (64.0%)
frame_001013,-1.0,1.5731,14.3185,0.1268,16.0835,532,38.23, -> dining table (38.2%)
frame_001014,-1.0,1.5098,14.5462,0.1282,16.2471,532,48.09, -> dining table (48.1%)
frame_001015,-1.0,3.3496,14.2812,0.1382,17.8325,830,22.02, -> stretcher (22.0%)
frame_001016,-1.0,2.3028,14.9197,0.1288,17.4153,532,17.82, -> dining table (17.8%)
frame_001017,-1.0,1.59,15.0423,0.1111,16.8049,830,21.11, -> stretcher (21.1%)
frame_001018,-1.0,1.646,14.4578,0.1233,16.2901,532,14.89, -> dining table (14.9%)
frame_001019,-1.0,2.1483,14.0804,0.1408,16.4321,532,16.38, -> dining table (16.4%)
frame_001020,-1.0,1.6242,14.6364,0.1317,16.4595,778,13.07, -> scale (13.1%)
frame_001021,-1.0,1.5792,14.1517,0.1291,15.9222,706,8.87, -> patio (8.9%)
frame_001022,-1.0,1.5232,14.6043,0.1272,16.319,579,6.76, -> grand piano (6.8%)
frame_001023,-1.0,1.4607,14.2523,0.1215,15.8964,743,10.31, -> prison (10.3%)
frame_001024,-1.0,1.5801,14.5852,0.1109,16.3331,743,9.87, -> prison (9.9%)
frame_001025,-1.0,4.654,14.6272,0.1319,19.4748,884,13.51, -> vault (13.5%)
frame_001026,-1.0,2.117,14.0525,0.1202,16.3499,713,53.92, -> photocopier (53.9%)
frame_001027,-1.0,2.6384,14.1846,0.1231,17.0068,713,64.97, -> photocopier (65.0%)
frame_001028,-1.0,1.6422,15.1708,0.1278,17.0023,713,74.39, -> photocopier (74.4%)
frame_001029,-1.0,1.6153,14.306,0.1183,16.1,713,48.75, -> photocopier (48.7%)
frame_001030,-1.0,1.6361,14.2039,0.1163,16.0181,713,63.28, -> photocopier (63.3%)
frame_001031,-1.0,1.5031,14.5752,0.111,16.2475,713,58.0, -> photocopier (58.0%)
frame_001032,-1.0,1.5436,14.6609,0.1121,16.3761,713,29.19, -> photocopier (29.2%)
frame_001033,-1.0,1.5369,15.3131,0.1333,17.0466,713,29.6, -> photocopier (29.6%)
frame_001034,-1.0,3.3199,14.9211,0.1403,18.4477,713,40.53, -> photocopier (40.5%)
frame_001035,-1.0,2.5292,14.5348,0.1329,17.2594,713,26.21, -> photocopier (26.2%)
frame_001036,-1.0,1.6747,14.5592,0.1242,16.4208,713,47.54, -> photocopier (47.5%)
frame_001037,-1.0,1.5471,15.2961,0.123,17.0264,713,36.73, -> photocopier (36.7%)
frame_001038,-1.0,1.5746,14.3089,0.1256,16.0702,713,43.14, -> photocopier (43.1%)
frame_001039,-1.0,1.4667,14.8625,0.1171,16.5095,713,43.46, -> photocopier (43.5%)
frame_001040,-1.0,1.69,14.534,0.1349,16.4229,713,39.3, -> photocopier (39.3%)
frame_001041,-1.0,1.7935,14.8131,0.1322,16.8009,713,50.93, -> photocopier (50.9%)
frame_001042,-1.0,1.599,14.9141,0.1273,16.7011,713,49.26, -> photocopier (49.3%)
frame_001043,-1.0,1.7143,14.2779,0.1315,16.1857,713,50.44, -> photocopier (50.4%)
frame_001044,-1.0,1.66,14.6723,0.1268,16.5211,713,22.78, -> photocopier (22.8%)
frame_001045,-1.0,1.6202,14.2154,0.1176,16.0131,713,22.11, -> photocopier (22.1%)
frame_001046,-1.0,1.6221,14.3375,0.1229,16.1437,526,18.99, -> desk (19.0%)
frame_001047,-1.0,1.5184,14.954,0.1171,16.6508,553,26.45, -> file (26.5%)
frame_001048,-1.0,1.5292,14.0793,0.1195,15.7914,553,35.21, -> file (35.2%)
frame_001049,-1.0,1.5728,14.1189,0.1112,15.8609,553,45.99, -> file (46.0%)
frame_001050,-1.0,3.8727,14.5359,0.1196,18.5874,553,31.78, -> file (31.8%)
frame_001051,-1.0,2.0704,14.5794,0.1214,16.8316,553,40.47, -> file (40.5%)
frame_001052,-1.0,1.8815,14.3415,0.1164,16.3995,553,41.72, -> file (41.7%)
frame_001053,-1.0,3.3699,14.5164,0.1305,18.0792,553,25.39, -> file (25.4%)
frame_001054,-1.0,1.7446,14.3539,0.1149,16.2715,553,26.96, -> file (27.0%)
frame_001055,-1.0,1.5542,14.3479,0.115,16.0769,553,28.49, -> file (28.5%)
frame_001056,-1.0,2.2037,14.306,0.1132,16.681,553,35.81, -> file (35.8%)
frame_001057,-1.0,1.627,14.9836,0.1248,16.795,553,29.02, -> file (29.0%)
frame_001058,-1.0,1.5901,14.2972,0.1128,16.0585,553,39.35, -> file (39.4%)
frame_001059,-1.0,3.8009,14.9132,0.1233,18.909,553,37.58, -> file (37.6%)
frame_001060,-1.0,3.7938,14.9879,0.1219,18.9655,526,28.96, -> desk (29.0%)
frame_001061,-1.0,3.5214,14.4447,0.1185,18.1448,553,21.84, -> file (21.8%)
frame_001062,-1.0,3.7426,14.4959,0.1198,18.4197,713,27.42, -> photocopier (27.4%)
frame_001063,-1.0,2.1098,14.4307,0.1223,16.7243,526,21.05, -> desk (21.0%)
frame_001064,-1.0,3.4501,14.6988,0.1229,18.3328,713,35.67, -> photocopier (35.7%)
frame_001065,-1.0,2.3049,14.1593,0.1303,16.6582,713,43.84, -> photocopier (43.8%)
frame_001066,-1.0,1.9752,14.8688,0.1303,17.0408,713,46.58, -> photocopier (46.6%)
frame_001067,-1.0,2.2013,14.9173,0.1189,17.2997,713,29.37, -> photocopier (29.4%)
frame_001068,-1.0,4.5189,14.8501,0.1311,19.5622,757,21.65, -> recreational vehicle (21.6%)
frame_001069,-1.0,3.9942,15.0979,0.1304,19.2852,713,29.44, -> photocopier (29.4%)
frame_001070,-1.0,1.722,14.1185,0.136,16.0401,713,25.45, -> photocopier (25.5%)
frame_001071,-1.0,1.9349,14.2643,0.1274,16.3891,713,36.58, -> photocopier (36.6%)
frame_001072,-1.0,1.618,14.2517,0.1283,16.0601,713,32.01, -> photocopier (32.0%)
frame_001073,-1.0,1.5296,15.1104,0.1261,16.8302,713,39.62, -> photocopier (39.6%)
frame_001074,-1.0,2.1588,14.8944,0.1309,17.2458,713,36.68, -> photocopier (36.7%)
frame_001075,-1.0,2.1723,14.571,0.1163,16.9189,713,33.57, -> photocopier (33.6%)
frame_001076,-1.0,1.5602,14.5766,0.1298,16.3297,713,24.58, -> photocopier (24.6%)
frame_001077,-1.0,1.655,15.0296,0.1156,16.8598,713,21.77, -> photocopier (21.8%)
frame_001078,-1.0,1.5232,14.2977,0.1146,15.9962,713,19.71, -> photocopier (19.7%)
frame_001079,-1.0,1.6924,14.5268,0.1156,16.3929,713,24.77, -> photocopier (24.8%)
frame_001080,-1.0,1.5668,14.185,0.1246,15.9387,713,23.35, -> photocopier (23.3%)
frame_001081,-1.0,3.2034,13.5053,0.1302,16.902,713,22.29, -> photocopier (22.3%)
frame_001082,-1.0,2.2933,14.2672,0.1151,16.7341,713,23.93, -> photocopier (23.9%)
frame_001083,-1.0,1.6495,15.0315,0.1231,16.8665,526,23.52, -> desk (23.5%)
frame_001084,-1.0,1.56,14.3202,0.1146,16.0537,713,21.02, -> photocopier (21.0%)
frame_001085,-1.0,1.6108,14.0651,0.1196,15.8546,526,23.38, -> desk (23.4%)
frame_001086,-1.0,4.3612,14.9291,0.1222,19.474,526,27.27, -> desk (27.3%)
frame_001087,-1.0,2.1522,14.3058,0.1141,16.6327,526,24.11, -> desk (24.1%)
frame_001088,-1.0,1.4918,16.4777,0.1273,18.1583,526,14.13, -> desk (14.1%)
frame_001089,-1.0,2.1466,14.581,0.1322,16.9214,526,17.43, -> desk (17.4%)
frame_001090,-1.0,1.7223,14.4269,0.1161,16.3261,526,18.67, -> desk (18.7%)
frame_001091,-1.0,1.6903,14.5549,0.1327,16.4398,526,26.6, -> desk (26.6%)
frame_001092,-1.0,2.2981,14.4508,0.1255,16.9356,526,32.62, -> desk (32.6%)
frame_001093,-1.0,1.6462,14.2037,0.1332,16.0464,526,32.73, -> desk (32.7%)
frame_001094,-1.0,1.7056,15.0763,0.1298,16.973,713,26.27, -> photocopier (26.3%)
frame_001095,-1.0,1.8761,14.5565,0.1416,16.6415,713,30.18, -> photocopier (30.2%)
frame_001096,-1.0,1.8798,13.8408,0.1347,15.9176,713,34.18, -> photocopier (34.2%)
frame_001097,-1.0,2.4148,14.6883,0.1284,17.2942,713,37.58, -> photocopier (37.6%)
frame_001098,-1.0,1.7826,14.9605,0.1277,16.9337,713,21.99, -> photocopier (22.0%)
frame_001099,-1.0,1.7448,14.9341,0.1289,16.8676,713,32.85, -> photocopier (32.9%)
frame_001100,-1.0,1.5113,14.5097,0.1173,16.1982,526,20.28, -> desk (20.3%)
frame_001101,-1.0,4.8958,14.0903,0.1301,19.1784,713,11.27, -> photocopier (11.3%)
frame_001102,-1.0,1.8168,15.297,0.1233,17.2983,713,45.59, -> photocopier (45.6%)
frame_001103,-1.0,1.665,14.9002,0.1187,16.744,713,49.67, -> photocopier (49.7%)
frame_001104,-1.0,2.2168,14.584,0.1276,16.9893,713,66.77, -> photocopier (66.8%)
frame_001105,-1.0,1.6021,14.5106,0.125,16.298,713,37.71, -> photocopier (37.7%)
frame_001106,-1.0,1.648,13.7964,0.1308,15.6361,713,49.88, -> photocopier (49.9%)
frame_001107,-1.0,1.6367,14.3419,0.1157,16.1542,713,41.78, -> photocopier (41.8%)
frame_001108,-1.0,1.7162,14.6699,0.1283,16.5782,713,52.64, -> photocopier (52.6%)
frame_001109,-1.0,1.6255,14.6991,0.1265,16.5135,713,41.71, -> photocopier (41.7%)
frame_001110,-1.0,1.6757,14.6038,0.1223,16.4581,713,54.47, -> photocopier (54.5%)
frame_001111,-1.0,1.6306,14.9716,0.1162,16.7772,713,27.75, -> photocopier (27.8%)
frame_001112,-1.0,2.849,14.3524,0.1179,17.3795,713,51.06, -> photocopier (51.1%)
frame_001113,-1.0,2.192,14.4412,0.1258,16.8206,713,48.28, -> photocopier (48.3%)
frame_001114,-1.0,1.8992,14.9155,0.1366,17.0133,713,44.64, -> photocopier (44.6%)
frame_001115,-1.0,1.8237,13.8687,0.1236,15.877,713,41.14, -> photocopier (41.1%)
frame_001116,-1.0,1.7352,14.6718,0.1307,16.5989,713,42.18, -> photocopier (42.2%)
frame_001117,-1.0,1.6002,15.3877,0.1156,17.1675,713,40.71, -> photocopier (40.7%)
frame_001118,-1.0,1.6318,15.1438,0.1125,16.9488,713,52.85, -> photocopier (52.8%)
frame_001119,-1.0,1.6164,14.7111,0.1161,16.502,713,56.27, -> photocopier (56.3%)
frame_001120,-1.0,3.8483,15.0957,0.13,19.1367,526,32.88, -> desk (32.9%)
frame_001121,-1.0,1.8419,14.692,0.1138,16.7068,713,31.58, -> photocopier (31.6%)
frame_001122,-1.0,2.3065,14.3624,0.127,16.8584,713,50.92, -> photocopier (50.9%)
frame_001123,-1.0,2.4057,14.8804,0.1261,17.4753,713,42.71, -> photocopier (42.7%)
frame_001124,-1.0,1.5141,16.743,0.1393,18.4642,713,47.71, -> photocopier (47.7%)
frame_001125,-1.0,1.8205,14.2842,0.1231,16.2889,713,53.18, -> photocopier (53.2%)
frame_001126,-1.0,1.7052,14.5212,0.1231,16.41,713,42.43, -> photocopier (42.4%)
frame_001127,-1.0,1.6132,15.078,0.1253,16.8774,526,30.91, -> desk (30.9%)
frame_001128,-1.0,1.6043,15.2474,0.1221,17.0342,713,38.03, -> photocopier (38.0%)
frame_001129,-1.0,3.9794,15.4452,0.1182,19.6047,713,37.22, -> photocopier (37.2%)
frame_001130,-1.0,2.1943,14.4448,0.1239,16.8298,713,66.75, -> photocopier (66.7%)
frame_001131,-1.0,1.941,14.9023,0.115,17.0205,713,51.92, -> photocopier (51.9%)
frame_001132,-1.0,1.6792,14.6294,0.1125,16.4813,713,62.38, -> photocopier (62.4%)
frame_001133,-1.0,1.6036,14.6395,0.1116,16.4136,713,64.3, -> photocopier (64.3%)
frame_001134,-1.0,1.7052,14.7675,0.1218,16.6563,713,67.79, -> photocopier (67.8%)
frame_001135,-1.0,1.5502,14.6842,0.1207,16.4148,713,56.04, -> photocopier (56.0%)
frame_001136,-1.0,1.5179,14.5295,0.1212,16.2291,713,58.42, -> photocopier (58.4%)
frame_001137,-1.0,1.6123,15.0111,0.1142,16.7971,713,57.71, -> photocopier (57.7%)
frame_001138,-1.0,3.8918,15.5105,0.1189,19.5809,713,52.83, -> photocopier (52.8%)
frame_001139,-1.0,3.4924,15.0208,0.12,18.6939,713,75.43, -> photocopier (75.4%)
frame_001140,-1.0,3.8647,15.4566,0.1193,19.5008,713,42.32, -> photocopier (42.3%)
frame_001141,-1.0,2.0681,15.046,0.1342,17.3097,713,59.05, -> photocopier (59.1%)
frame_001142,-1.0,1.8283,14.5319,0.1183,16.5383,713,83.61, -> photocopier (83.6%)
frame_001143,-1.0,1.6218,14.3844,0.1332,16.2025,713,89.64, -> photocopier (89.6%)
frame_001144,-1.0,3.4653,15.1987,0.1309,18.8575,713,85.82, -> photocopier (85.8%)
frame_001145,-1.0,1.447,14.6029,0.1157,16.2254,713,91.34, -> photocopier (91.3%)
frame_001146,-1.0,2.1928,15.3768,0.1162,17.7462,713,85.67, -> photocopier (85.7%)
frame_001147,-1.0,3.225,15.1995,0.1354,18.6248,713,91.09, -> photocopier (91.1%)
frame_001148,-1.0,3.3076,14.572,0.1271,18.0703,713,94.28, -> photocopier (94.3%)
frame_001149,-1.0,1.7985,14.6165,0.1179,16.5943,713,86.47, -> photocopier (86.5%)
frame_001150,-1.0,2.1894,14.8736,0.1283,17.2543,713,89.67, -> photocopier (89.7%)
frame_001151,-1.0,1.5781,14.4434,0.1236,16.2066,713,94.67, -> photocopier (94.7%)
frame_001152,-1.0,1.6574,14.2834,0.1225,16.1246,713,87.83, -> photocopier (87.8%)
frame_001153,-1.0,1.824,13.5568,0.1169,15.557,713,88.19, -> photocopier (88.2%)
frame_001154,-1.0,1.6906,15.2184,0.1273,17.0971,713,88.49, -> photocopier (88.5%)
frame_001155,-1.0,1.5934,14.455,0.129,16.2371,713,94.07, -> photocopier (94.1%)
frame_001156,-1.0,1.6205,14.988,0.1269,16.7983,713,94.4, -> photocopier (94.4%)
frame_001157,-1.0,1.6595,14.8965,0.1201,16.7375,713,92.96, -> photocopier (93.0%)
frame_001158,-1.0,3.9083,15.4909,0.1158,19.5746,713,92.35, -> photocopier (92.3%)
frame_001159,-1.0,2.1388,14.4113,0.129,16.739,713,92.65, -> photocopier (92.7%)
frame_001160,-1.0,1.7741,15.0455,0.1176,16.9977,713,92.88, -> photocopier (92.9%)
frame_001161,-1.0,4.1217,14.6739,0.1326,18.9905,713,93.76, -> photocopier (93.8%)
frame_001162,-1.0,1.8778,14.8904,0.1186,16.9466,713,93.47, -> photocopier (93.5%)
frame_001163,-1.0,2.2551,14.7696,0.1263,17.2139,713,93.56, -> photocopier (93.6%)
frame_001164,-1.0,2.7229,14.4421,0.1164,17.342,713,94.23, -> photocopier (94.2%)
frame_001165,-1.0,1.6935,14.6843,0.1254,16.565,713,93.89, -> photocopier (93.9%)
frame_001166,-1.0,2.3819,14.0809,0.1252,16.6497,713,86.04, -> photocopier (86.0%)
frame_001167,-1.0,1.6259,15.0052,0.1239,16.8164,713,85.39, -> photocopier (85.4%)
frame_001168,-1.0,1.69,14.4584,0.1121,16.3199,713,81.75, -> photocopier (81.7%)
frame_001169,-1.0,1.6091,14.9303,0.1216,16.7213,713,97.69, -> photocopier (97.7%)
frame_001170,-1.0,1.5688,14.4764,0.1104,16.2133,713,97.06, -> photocopier (97.1%)
frame_001171,-1.0,2.8264,14.527,0.1175,17.5302,713,90.29, -> photocopier (90.3%)
frame_001172,-1.0,2.0684,14.7092,0.1279,16.9662,713,92.11, -> photocopier (92.1%)
frame_001173,-1.0,1.8854,14.3962,0.1204,16.4615,713,86.64, -> photocopier (86.6%)
frame_001174,-1.0,1.5734,15.4664,0.1196,17.2197,713,87.56, -> photocopier (87.6%)
frame_001175,-1.0,1.6385,15.251,0.1248,17.0746,713,74.65, -> photocopier (74.7%)
frame_001176,-1.0,2.7246,14.8681,0.1303,17.7856,713,83.42, -> photocopier (83.4%)
frame_001177,-1.0,1.7272,14.2881,0.1261,16.2028,713,85.45, -> photocopier (85.4%)
frame_001178,-1.0,4.0032,14.863,0.1321,19.0621,713,85.31, -> photocopier (85.3%)
frame_001179,-1.0,1.8936,14.5144,0.124,16.5939,713,89.37, -> photocopier (89.4%)
frame_001180,-1.0,1.4517,14.3135,0.1244,15.9501,713,86.5, -> photocopier (86.5%)
frame_001181,-1.0,3.5368,14.67,0.1282,18.397,713,86.69, -> photocopier (86.7%)
frame_001182,-1.0,1.926,14.395,0.1229,16.5035,713,89.95, -> photocopier (90.0%)
frame_001183,-1.0,2.2287,14.2958,0.1233,16.7086,713,87.45, -> photocopier (87.5%)
frame_001184,-1.0,3.4808,14.2023,0.1317,17.8753,713,86.38, -> photocopier (86.4%)
frame_001185,-1.0,1.737,14.6043,0.1266,16.5292,713,87.43, -> photocopier (87.4%)
frame_001186,-1.0,1.6021,14.2393,0.1241,16.0274,713,85.8, -> photocopier (85.8%)
frame_001187,-1.0,2.317,15.2749,0.125,17.7784,713,85.9, -> photocopier (85.9%)
frame_001188,-1.0,2.3281,14.4694,0.1237,16.9831,713,83.54, -> photocopier (83.5%)
frame_001189,-1.0,1.7759,14.9596,0.129,16.9275,713,86.55, -> photocopier (86.5%)
frame_001190,-1.0,1.6946,15.2695,0.1267,17.153,713,90.39, -> photocopier (90.4%)
frame_001191,-1.0,1.6258,14.5952,0.1241,16.4047,713,88.94, -> photocopier (88.9%)
frame_001192,-1.0,1.5943,15.0212,0.1315,16.8083,713,90.78, -> photocopier (90.8%)
frame_001193,-1.0,1.577,14.5514,0.1276,16.3178,713,90.39, -> photocopier (90.4%)
frame_001194,-1.0,3.5481,14.4044,0.1257,18.1437,713,87.79, -> photocopier (87.8%)
frame_001195,-1.0,2.0904,15.2787,0.13,17.5657,713,87.05, -> photocopier (87.1%)
frame_001196,-1.0,3.6006,15.4041,0.1494,19.2222,713,87.92, -> photocopier (87.9%)
frame_001197,-1.0,3.2516,14.4377,0.1318,17.8836,713,88.51, -> photocopier (88.5%)
frame_001198,-1.0,1.8938,14.9914,0.1425,17.0937,713,88.19, -> photocopier (88.2%)
frame_001199,-1.0,2.3361,14.7056,0.1287,17.2338,713,87.77, -> photocopier (87.8%)
frame_001200,-1.0,3.0968,14.05,0.1333,17.3404,713,87.39, -> photocopier (87.4%)
frame_001201,-1.0,2.3385,14.5403,0.1277,17.0674,713,88.58, -> photocopier (88.6%)
frame_001202,-1.0,1.7868,14.8499,0.1331,16.836,713,87.62, -> photocopier (87.6%)
frame_001203,-1.0,1.587,15.0625,0.1292,16.8403,713,88.5, -> photocopier (88.5%)
frame_001204,-1.0,2.2342,15.0853,0.1301,17.5111,713,87.59, -> photocopier (87.6%)
frame_001205,-1.0,1.709,14.4257,0.1244,16.3215,713,86.38, -> photocopier (86.4%)
frame_001206,-1.0,3.8254,14.658,0.1453,18.6911,713,87.25, -> photocopier (87.2%)
frame_001207,-1.0,2.3778,14.2397,0.1262,16.8046,713,84.31, -> photocopier (84.3%)
frame_001208,-1.0,1.6685,14.8709,0.1307,16.7318,713,83.95, -> photocopier (84.0%)
frame_001209,-1.0,1.544,14.5755,0.1329,16.3144,713,87.56, -> photocopier (87.6%)
frame_001210,-1.0,1.5397,14.6202,0.1328,16.3548,713,84.67, -> photocopier (84.7%)
frame_001211,-1.0,1.5359,15.0723,0.1419,16.8135,713,82.81, -> photocopier (82.8%)
frame_001212,-1.0,2.9156,14.5947,0.1362,17.7079,713,81.44, -> photocopier (81.4%)
frame_001213,-1.0,1.7418,15.2787,0.1303,17.2122,713,83.14, -> photocopier (83.1%)
frame_001214,-1.0,1.6665,15.142,0.1289,16.9987,713,86.44, -> photocopier (86.4%)
frame_001215,-1.0,1.6215,17.0076,0.1356,18.8279,713,85.87, -> photocopier (85.9%)
frame_001216,-1.0,2.3905,14.0003,0.1285,16.5824,713,85.11, -> photocopier (85.1%)
frame_001217,-1.0,1.6411,14.849,0.1253,16.6781,713,85.56, -> photocopier (85.6%)
frame_001218,-1.0,1.6658,14.6676,0.1231,16.5165,713,85.53, -> photocopier (85.5%)
frame_001219,-1.0,1.7749,15.3784,0.1287,17.3432,713,83.78, -> photocopier (83.8%)
frame_001220,-1.0,1.5229,15.0516,0.1271,16.7656,713,85.82, -> photocopier (85.8%)
frame_001221,-1.0,1.6057,14.7391,0.1273,16.5334,713,84.21, -> photocopier (84.2%)
frame_001222,-1.0,2.232,15.3364,0.1269,17.7558,713,82.43, -> photocopier (82.4%)
frame_001223,-1.0,1.6392,14.5121,0.127,16.3381,713,82.35, -> photocopier (82.4%)
frame_001224,-1.0,1.6394,14.93,0.1277,16.759,713,81.05, -> photocopier (81.1%)
frame_001225,-1.0,3.182,14.4376,0.1288,17.8119,713,81.64, -> photocopier (81.6%)
frame_001226,-1.0,2.3042,14.5583,0.1299,17.055,713,81.67, -> photocopier (81.7%)
frame_001227,-1.0,1.5919,15.3972,0.1241,17.1746,713,82.88, -> photocopier (82.9%)
frame_001228,-1.0,2.9526,14.7339,0.1359,17.8864,713,87.42, -> photocopier (87.4%)
frame_001229,-1.0,2.3721,14.4095,0.1269,16.9704,713,85.56, -> photocopier (85.6%)
frame_001230,-1.0,2.4041,14.7009,0.1283,17.2991,713,86.85, -> photocopier (86.9%)
frame_001231,-1.0,1.5953,15.2372,0.1269,17.0203,713,85.17, -> photocopier (85.2%)
frame_001232,-1.0,1.7636,14.9357,0.1272,16.8897,713,85.48, -> photocopier (85.5%)
frame_001233,-1.0,1.6749,15.2088,0.13,17.076,713,82.8, -> photocopier (82.8%)
frame_001234,-1.0,1.7911,14.3376,0.1288,16.3189,713,82.83, -> photocopier (82.8%)
frame_001235,-1.0,1.6332,15.0738,0.129,16.8974,713,88.61, -> photocopier (88.6%)
frame_001236,-1.0,1.5869,14.3667,0.1262,16.1402,713,74.02, -> photocopier (74.0%)
frame_001237,-1.0,1.6693,14.089,0.1258,15.9447,713,84.08, -> photocopier (84.1%)
frame_001238,-1.0,1.6732,14.1506,0.1309,16.0175,713,80.27, -> photocopier (80.3%)
frame_001239,-1.0,1.7419,14.8439,0.1378,16.7886,713,79.59, -> photocopier (79.6%)
frame_001240,-1.0,3.3385,14.3673,0.134,17.9032,713,83.35, -> photocopier (83.4%)
frame_001241,-1.0,2.1739,15.1328,0.1357,17.5071,713,85.16, -> photocopier (85.2%)
frame_001242,-1.0,1.6074,14.5702,0.1307,16.3704,713,80.5, -> photocopier (80.5%)
frame_001243,-1.0,3.0571,15.2898,0.1371,18.5484,713,93.14, -> photocopier (93.1%)
frame_001244,-1.0,1.8546,14.5051,0.1295,16.5513,713,89.09, -> photocopier (89.1%)
frame_001245,-1.0,2.1525,14.8627,0.1301,17.2101,713,90.17, -> photocopier (90.2%)
frame_001246,-1.0,1.614,14.3169,0.1276,16.1196,713,85.57, -> photocopier (85.6%)
frame_001247,-1.0,1.6011,14.4496,0.1265,16.2389,713,69.72, -> photocopier (69.7%)
frame_001248,-1.0,1.678,14.3389,0.1304,16.2097,713,82.98, -> photocopier (83.0%)
frame_001249,-1.0,1.5355,14.1027,0.1274,15.8286,713,83.92, -> photocopier (83.9%)
frame_001250,-1.0,4.272,14.1364,0.1464,18.6192,713,85.14, -> photocopier (85.1%)
frame_001251,-1.0,1.8442,14.9265,0.128,16.9614,713,85.61, -> photocopier (85.6%)
frame_001252,-1.0,1.6055,14.3153,0.1327,16.1165,713,90.47, -> photocopier (90.5%)
frame_001253,-1.0,2.2692,14.917,0.1283,17.3751,713,81.08, -> photocopier (81.1%)
frame_001254,-1.0,4.3518,14.8075,0.1441,19.3676,713,61.2, -> photocopier (61.2%)
frame_001255,-1.0,1.8324,15.2366,0.1246,17.2563,713,64.55, -> photocopier (64.6%)
frame_001256,-1.0,2.3156,14.7955,0.1242,17.3007,713,51.95, -> photocopier (51.9%)
frame_001257,-1.0,2.2224,14.7926,0.1348,17.2127,713,64.28, -> photocopier (64.3%)
frame_001258,-1.0,1.5653,14.7084,0.1261,16.4615,713,52.55, -> photocopier (52.6%)
frame_001259,-1.0,1.6369,14.4924,0.1298,16.3256,713,75.72, -> photocopier (75.7%)
frame_001260,-1.0,3.5075,14.2932,0.139,18.0029,713,48.7, -> photocopier (48.7%)
frame_001261,-1.0,2.1766,14.3782,0.1301,16.7464,713,41.52, -> photocopier (41.5%)
frame_001262,-1.0,1.5988,14.1153,0.1273,15.9025,713,61.58, -> photocopier (61.6%)
frame_001263,-1.0,2.1089,14.2563,0.1221,16.5481,713,57.46, -> photocopier (57.5%)
frame_001264,-1.0,2.3576,14.582,0.1305,17.1302,713,61.24, -> photocopier (61.2%)
frame_001265,-1.0,2.1366,14.7415,0.1248,17.0636,713,54.46, -> photocopier (54.5%)
frame_001266,-1.0,1.682,14.8444,0.1281,16.7164,713,71.55, -> photocopier (71.6%)
frame_001267,-1.0,4.3886,14.7677,0.1273,19.3458,713,37.24, -> photocopier (37.2%)
frame_001268,-1.0,1.7545,14.7681,0.1348,16.7211,713,45.41, -> photocopier (45.4%)
frame_001269,-1.0,1.9293,14.8643,0.1329,16.9901,713,33.2, -> photocopier (33.2%)
frame_001270,-1.0,2.596,14.3813,0.13,17.1651,713,32.56, -> photocopier (32.6%)
frame_001271,-1.0,2.2534,14.6107,0.1197,17.0449,713,42.26, -> photocopier (42.3%)
frame_001272,-1.0,2.2485,14.5274,0.1235,16.962,713,39.67, -> photocopier (39.7%)
frame_001273,-1.0,1.7252,14.4385,0.1302,16.3549,713,34.06, -> photocopier (34.1%)
frame_001274,-1.0,1.5778,15.2412,0.1317,17.0112,799,19.61, -> sliding door (19.6%)
frame_001275,-1.0,1.6175,15.0322,0.1284,16.8402,713,29.03, -> photocopier (29.0%)
frame_001276,-1.0,1.6467,14.1633,0.1298,16.0038,713,22.55, -> photocopier (22.5%)
frame_001277,-1.0,1.5247,14.6991,0.1303,16.4174,713,38.62, -> photocopier (38.6%)
frame_001278,-1.0,1.5442,15.2444,0.1278,16.9762,713,40.43, -> photocopier (40.4%)
frame_001279,-1.0,3.0536,15.0422,0.1402,18.2997,713,36.76, -> photocopier (36.8%)
frame_001280,-1.0,1.7546,14.5047,0.1276,16.446,713,32.26, -> photocopier (32.3%)
frame_001281,-1.0,1.5688,14.8514,0.1327,16.6144,713,25.02, -> photocopier (25.0%)
frame_001282,-1.0,1.4746,14.6641,0.131,16.3327,799,20.75, -> sliding door (20.8%)
frame_001283,-1.0,3.7113,14.6124,0.1327,18.5179,713,26.49, -> photocopier (26.5%)
frame_001284,-1.0,1.7525,14.8427,0.1258,16.7816,799,25.83, -> sliding door (25.8%)
frame_001285,-1.0,1.5837,15.0651,0.14,16.8515,799,31.59, -> sliding door (31.6%)
frame_001286,-1.0,1.8348,14.9886,0.1347,17.0206,799,31.29, -> sliding door (31.3%)
frame_001287,-1.0,2.3576,14.5879,0.1296,17.1375,713,36.14, -> photocopier (36.1%)
frame_001288,-1.0,3.3016,14.6944,0.1384,18.198,713,24.56, -> photocopier (24.6%)
frame_001289,-1.0,1.2392,13.6382,0.1279,15.0675,799,26.3, -> sliding door (26.3%)
frame_001290,-1.0,1.615,14.8436,0.1289,16.6484,799,16.85, -> sliding door (16.8%)
frame_001291,-1.0,1.6024,14.4259,0.1316,16.2216,799,32.5, -> sliding door (32.5%)
frame_001292,-1.0,2.19,14.2672,0.1283,16.6504,799,32.56, -> sliding door (32.6%)
frame_001293,-1.0,4.1697,14.6321,0.1345,18.9977,799,23.46, -> sliding door (23.5%)
frame_001294,-1.0,2.3338,14.1414,0.1247,16.6606,799,24.76, -> sliding door (24.8%)
frame_001295,-1.0,1.665,14.9227,0.1218,16.7699,713,21.97, -> photocopier (22.0%)
frame_001296,-1.0,1.6043,14.8283,0.1252,16.6189,713,30.77, -> photocopier (30.8%)
frame_001297,-1.0,1.6371,14.6606,0.1491,16.5154,713,23.0, -> photocopier (23.0%)
frame_001298,-1.0,1.6796,13.9501,0.1365,15.8259,799,14.37, -> sliding door (14.4%)
frame_001299,-1.0,2.3426,14.2143,0.1321,16.75,713,33.11, -> photocopier (33.1%)
frame_001300,-1.0,1.6946,14.4961,0.1308,16.3825,713,38.39, -> photocopier (38.4%)
frame_001301,-1.0,2.3562,14.1817,0.1301,16.7297,713,17.96, -> photocopier (18.0%)
frame_001302,-1.0,1.7527,14.0085,0.1265,15.9514,713,13.43, -> photocopier (13.4%)
frame_001303,-1.0,1.7583,14.5194,0.1323,16.4732,713,9.34, -> photocopier (9.3%)
frame_001304,-1.0,1.5567,14.7831,0.1285,16.5299,713,16.34, -> photocopier (16.3%)
frame_001305,-1.0,1.5669,14.8182,0.1296,16.5767,713,13.4, -> photocopier (13.4%)
frame_001306,-1.0,2.247,14.5708,0.1329,17.0109,713,20.85, -> photocopier (20.8%)
frame_001307,-1.0,1.6314,14.2084,0.1275,16.0282,713,10.13, -> photocopier (10.1%)
frame_001308,-1.0,1.6943,14.2979,0.1263,16.1803,877,21.75, -> turnstile (21.7%)
frame_001309,-1.0,1.754,14.4613,0.1332,16.4102,799,10.05, -> sliding door (10.0%)
frame_001310,-1.0,1.6073,14.4181,0.1299,16.2177,799,8.44, -> sliding door (8.4%)
frame_001311,-1.0,1.6126,15.0275,0.1322,16.8324,877,18.54, -> turnstile (18.5%)
frame_001312,-1.0,1.7695,15.13,0.1288,17.0944,877,13.09, -> turnstile (13.1%)
frame_001313,-1.0,1.5647,14.7091,0.1211,16.4532,877,14.55, -> turnstile (14.6%)
frame_001314,-1.0,5.4425,14.3392,0.1383,19.9851,896,11.64, -> washbasin (11.6%)
frame_001315,-1.0,3.2671,14.1963,0.1314,17.6591,877,9.17, -> turnstile (9.2%)
frame_001316,-1.0,1.8831,14.7748,0.1273,16.846,799,4.59, -> sliding door (4.6%)
frame_001317,-1.0,2.9025,14.0652,0.1253,17.1551,423,4.51, -> barber chair (4.5%)
frame_001318,-1.0,1.6455,14.5075,0.1269,16.3416,713,7.73, -> photocopier (7.7%)
frame_001319,-1.0,1.6376,14.4928,0.1218,16.3137,713,12.52, -> photocopier (12.5%)
frame_001320,-1.0,1.5409,14.9314,0.1248,16.658,713,13.17, -> photocopier (13.2%)
frame_001321,-1.0,2.2195,14.315,0.1322,16.7305,713,25.29, -> photocopier (25.3%)
frame_001322,-1.0,1.7537,14.2747,0.1275,16.2188,713,14.76, -> photocopier (14.8%)
frame_001323,-1.0,1.697,16.6037,0.1367,18.4995,423,25.5, -> barber chair (25.5%)
frame_001324,-1.0,3.0555,14.6218,0.1332,17.8719,423,30.32, -> barber chair (30.3%)
frame_001325,-1.0,1.7805,14.1384,0.1282,16.1103,423,77.3, -> barber chair (77.3%)
frame_001326,-1.0,2.3146,14.5255,0.1268,17.0277,423,41.55, -> barber chair (41.5%)
frame_001327,-1.0,2.6738,14.0802,0.1253,16.941,423,48.0, -> barber chair (48.0%)
frame_001328,-1.0,3.0048,14.4355,0.1308,17.634,423,58.59, -> barber chair (58.6%)
frame_001329,-1.0,1.5525,14.9503,0.1258,16.6911,423,39.58, -> barber chair (39.6%)
frame_001330,-1.0,1.7503,14.5488,0.1286,16.4909,423,74.29, -> barber chair (74.3%)
frame_001331,-1.0,1.6095,14.9935,0.1269,16.791,423,78.2, -> barber chair (78.2%)
frame_001332,-1.0,3.6975,14.037,0.1278,17.9252,423,89.12, -> barber chair (89.1%)
frame_001333,-1.0,1.5734,14.6372,0.1353,16.4095,423,85.61, -> barber chair (85.6%)
frame_001334,-1.0,1.7851,14.5957,0.1239,16.5655,423,87.16, -> barber chair (87.2%)
frame_001335,-1.0,2.2347,14.5955,0.1327,17.0252,423,57.03, -> barber chair (57.0%)
frame_001336,-1.0,2.2469,14.5244,0.1319,16.9651,423,64.04, -> barber chair (64.0%)
frame_001337,-1.0,1.684,14.4312,0.1254,16.3011,423,26.74, -> barber chair (26.7%)
frame_001338,-1.0,1.865,14.4972,0.1337,16.5585,423,39.7, -> barber chair (39.7%)
frame_001339,-1.0,1.2918,13.7069,0.1328,15.1934,423,57.56, -> barber chair (57.6%)
frame_001340,-1.0,1.7222,15.0596,0.1328,16.9759,423,72.05, -> barber chair (72.0%)
frame_001341,-1.0,1.6493,14.9329,0.1259,16.7696,423,77.89, -> barber chair (77.9%)
frame_001342,-1.0,3.2363,14.3644,0.1274,17.7903,423,52.83, -> barber chair (52.8%)
frame_001343,-1.0,1.6247,14.6058,0.1258,16.4181,423,67.85, -> barber chair (67.8%)
frame_001344,-1.0,1.5419,14.4675,0.1274,16.2008,423,64.18, -> barber chair (64.2%)
frame_001345,-1.0,3.7391,14.2033,0.1414,18.1477,423,53.65, -> barber chair (53.6%)
frame_001346,-1.0,2.2476,13.7122,0.1266,16.1489,423,65.74, -> barber chair (65.7%)
frame_001347,-1.0,1.5986,14.8066,0.1268,16.5941,423,75.09, -> barber chair (75.1%)
frame_001348,-1.0,1.5578,14.4909,0.1247,16.2347,423,85.59, -> barber chair (85.6%)
frame_001349,-1.0,1.5262,14.2861,0.1319,16.01,423,32.06, -> barber chair (32.1%)
frame_001350,-1.0,1.5802,14.5775,0.1345,16.3563,423,66.68, -> barber chair (66.7%)
frame_001351,-1.0,1.4966,14.8577,0.1238,16.539,423,91.46, -> barber chair (91.5%)
frame_001352,-1.0,1.7154,14.9881,0.1351,16.9017,423,78.58, -> barber chair (78.6%)
frame_001353,-1.0,1.6911,14.578,0.1331,16.4654,423,80.47, -> barber chair (80.5%)
frame_001354,-1.0,2.2727,14.7316,0.1298,17.195,423,62.8, -> barber chair (62.8%)
frame_001355,-1.0,1.4915,14.9449,0.1299,16.6281,423,88.24, -> barber chair (88.2%)
frame_001356,-1.0,1.5423,14.2756,0.1286,16.0089,423,41.89, -> barber chair (41.9%)
frame_001357,-1.0,1.673,14.6586,0.1234,16.5183,423,32.01, -> barber chair (32.0%)
frame_001358,-1.0,1.6128,14.8033,0.1349,16.6165,423,40.25, -> barber chair (40.3%)
frame_001359,-1.0,1.4982,14.7457,0.1358,16.4424,423,52.91, -> barber chair (52.9%)
frame_001360,-1.0,1.5876,14.1988,0.12,15.9677,526,28.69, -> desk (28.7%)
frame_001361,-1.0,2.0481,14.7345,0.1278,16.9726,423,68.19, -> barber chair (68.2%)
frame_001362,-1.0,1.5641,14.5179,0.1249,16.2687,423,76.2, -> barber chair (76.2%)
frame_001363,-1.0,1.5296,14.1782,0.1209,15.8944,423,59.71, -> barber chair (59.7%)
frame_001364,-1.0,2.2522,14.6309,0.1353,17.0835,423,70.13, -> barber chair (70.1%)
frame_001365,-1.0,3.3882,14.66,0.139,18.2506,423,83.42, -> barber chair (83.4%)
frame_001366,-1.0,1.9683,15.1509,0.1316,17.3122,423,68.7, -> barber chair (68.7%)
frame_001367,-1.0,2.0614,14.3837,0.1258,16.6322,423,65.03, -> barber chair (65.0%)
frame_001368,-1.0,1.5757,14.5692,0.1363,16.3429,423,73.06, -> barber chair (73.1%)
frame_001369,-1.0,2.2066,14.6109,0.1315,17.0137,423,82.31, -> barber chair (82.3%)
frame_001370,-1.0,2.7421,14.282,0.1294,17.2134,423,80.98, -> barber chair (81.0%)
frame_001371,-1.0,1.7321,14.5769,0.1325,16.5016,423,68.36, -> barber chair (68.4%)
frame_001372,-1.0,3.7102,14.2642,0.1261,18.1636,423,65.58, -> barber chair (65.6%)
frame_001373,-1.0,2.2474,13.7609,0.1307,16.2022,423,66.87, -> barber chair (66.9%)
frame_001374,-1.0,1.7233,14.8114,0.1257,16.7213,423,78.62, -> barber chair (78.6%)
frame_001375,-1.0,1.5732,15.0145,0.1376,16.7893,423,20.39, -> barber chair (20.4%)
frame_001376,-1.0,1.754,15.033,0.1349,16.9858,423,27.04, -> barber chair (27.0%)
frame_001377,-1.0,1.5627,15.0119,0.1279,16.7652,423,66.85, -> barber chair (66.8%)
frame_001378,-1.0,1.744,14.4117,0.127,16.3459,423,68.18, -> barber chair (68.2%)
frame_001379,-1.0,1.6811,14.8855,0.1302,16.7591,423,65.32, -> barber chair (65.3%)
frame_001380,-1.0,1.7567,14.99,0.1273,16.9345,423,72.57, -> barber chair (72.6%)
frame_001381,-1.0,1.5388,13.9498,0.1176,15.6659,423,66.84, -> barber chair (66.8%)
frame_001382,-1.0,1.6797,14.3623,0.1252,16.2294,423,55.61, -> barber chair (55.6%)
frame_001383,-1.0,2.3456,14.5032,0.123,17.0338,423,55.59, -> barber chair (55.6%)
frame_001384,-1.0,1.7914,14.2199,0.1151,16.1866,423,46.88, -> barber chair (46.9%)
frame_001385,-1.0,1.7016,14.8081,0.1287,16.7013,423,56.15, -> barber chair (56.1%)
frame_001386,-1.0,1.5926,14.8464,0.1335,16.6365,423,51.88, -> barber chair (51.9%)
frame_001387,-1.0,1.5066,14.3489,0.1279,16.0458,423,51.58, -> barber chair (51.6%)
frame_001388,-1.0,1.5352,14.3413,0.1314,16.0718,423,50.45, -> barber chair (50.5%)
frame_001389,-1.0,1.5129,15.6925,0.1385,17.4071,423,51.43, -> barber chair (51.4%)
frame_001390,-1.0,1.6154,15.0034,0.1318,16.8149,423,54.38, -> barber chair (54.4%)
frame_001391,-1.0,3.4553,14.6595,0.1275,18.3051,423,51.59, -> barber chair (51.6%)
frame_001392,-1.0,3.404,14.7248,0.1338,18.3254,423,46.79, -> barber chair (46.8%)
frame_001393,-1.0,3.2264,14.5962,0.1336,18.0193,423,46.74, -> barber chair (46.7%)
frame_001394,-1.0,1.7992,14.6337,0.1259,16.6197,423,57.22, -> barber chair (57.2%)
frame_001395,-1.0,2.2482,14.2187,0.1267,16.655,423,55.89, -> barber chair (55.9%)
frame_001396,-1.0,3.1347,14.6384,0.1313,17.9674,423,51.41, -> barber chair (51.4%)
frame_001397,-1.0,1.7203,14.4054,0.124,16.3129,423,47.61, -> barber chair (47.6%)
frame_001398,-1.0,2.8237,14.6772,0.1382,17.709,423,41.46, -> barber chair (41.5%)
frame_001399,-1.0,3.6081,14.112,0.1396,17.9236,423,52.53, -> barber chair (52.5%)
frame_001400,-1.0,1.6721,14.7494,0.1329,16.6171,423,54.5, -> barber chair (54.5%)
frame_001401,-1.0,2.2303,14.238,0.1263,16.6587,423,61.06, -> barber chair (61.1%)
frame_001402,-1.0,1.6458,14.702,0.1331,16.5433,423,55.63, -> barber chair (55.6%)
frame_001403,-1.0,1.5452,14.8119,0.1259,16.5465,423,55.14, -> barber chair (55.1%)
frame_001404,-1.0,1.5475,14.3265,0.1231,16.0591,423,56.95, -> barber chair (56.9%)
frame_001405,-1.0,1.6579,14.5791,0.1293,16.43,423,58.74, -> barber chair (58.7%)
frame_001406,-1.0,1.6347,14.1646,0.13,15.9929,423,44.94, -> barber chair (44.9%)
frame_001407,-1.0,1.5333,14.4251,0.1373,16.1603,423,40.89, -> barber chair (40.9%)
frame_001408,-1.0,1.5777,14.2073,0.1398,15.9896,423,46.04, -> barber chair (46.0%)
frame_001409,-1.0,1.5089,14.5582,0.1369,16.2679,423,40.74, -> barber chair (40.7%)
frame_001410,-1.0,2.0441,14.7262,0.1369,16.9726,423,39.07, -> barber chair (39.1%)
frame_001411,-1.0,2.3125,14.2868,0.1204,16.7801,423,48.21, -> barber chair (48.2%)
frame_001412,-1.0,1.761,14.6005,0.133,16.5581,423,47.85, -> barber chair (47.9%)
frame_001413,-1.0,1.6119,14.3159,0.1069,16.0927,423,65.6, -> barber chair (65.6%)
frame_001414,-1.0,1.6523,14.1883,0.0981,15.992,423,65.93, -> barber chair (65.9%)
frame_001415,-1.0,1.7369,14.2741,0.0995,16.1646,423,45.67, -> barber chair (45.7%)
frame_001416,-1.0,1.6842,14.6035,0.0993,16.4414,423,66.66, -> barber chair (66.7%)
frame_001417,-1.0,1.6328,14.0605,0.0963,15.8442,423,90.44, -> barber chair (90.4%)
frame_001418,-1.0,1.8134,14.5029,0.1006,16.473,423,58.64, -> barber chair (58.6%)
frame_001419,-1.0,1.8006,14.3133,0.1028,16.2726,423,55.84, -> barber chair (55.8%)
frame_001420,-1.0,1.7293,14.3457,0.1014,16.2326,423,36.17, -> barber chair (36.2%)
frame_001421,-1.0,3.3087,15.8349,0.1103,19.3104,423,46.52, -> barber chair (46.5%)
frame_001422,-1.0,2.0537,14.7698,0.0999,16.9782,423,83.3, -> barber chair (83.3%)
frame_001423,-1.0,2.1441,15.473,0.1095,17.7833,423,59.77, -> barber chair (59.8%)
frame_001424,-1.0,2.4832,14.141,0.1014,16.7817,423,62.75, -> barber chair (62.7%)
frame_001425,-1.0,1.5946,13.9908,0.0957,15.735,423,31.25, -> barber chair (31.3%)
frame_001426,-1.0,1.9234,14.9887,0.1039,17.0732,423,42.16, -> barber chair (42.2%)
frame_001427,-1.0,3.4575,14.3798,0.1049,18.0012,423,34.87, -> barber chair (34.9%)
frame_001428,-1.0,1.9519,14.0283,0.0966,16.132,423,22.96, -> barber chair (23.0%)
frame_001429,-1.0,2.2921,13.9945,0.0956,16.4372,423,54.3, -> barber chair (54.3%)
frame_001430,-1.0,4.2185,14.6979,0.107,19.0811,423,28.91, -> barber chair (28.9%)
frame_001431,-1.0,2.9729,14.0663,0.1045,17.2027,423,18.77, -> barber chair (18.8%)
frame_001432,-1.0,1.9544,14.5579,0.1029,16.671,423,19.46, -> barber chair (19.5%)
frame_001433,-1.0,1.6808,13.9885,0.0997,15.8239,423,18.65, -> barber chair (18.6%)
frame_001434,-1.0,2.9515,13.9488,0.095,17.0515,423,17.84, -> barber chair (17.8%)
frame_001435,-1.0,1.7592,14.2045,0.1018,16.1225,877,34.54, -> turnstile (34.5%)
frame_001436,-1.0,1.804,13.9254,0.1038,15.8885,877,18.34, -> turnstile (18.3%)
frame_001437,-1.0,1.6571,14.4548,0.0955,16.2628,422,8.96, -> barbell (9.0%)
frame_001438,-1.0,1.6367,14.2839,0.1029,16.0798,880,12.14, -> unicycle (12.1%)
frame_001439,-1.0,1.7045,14.0714,0.097,15.929,727,14.39, -> planetarium (14.4%)
frame_001440,-1.0,1.6914,14.1745,0.0979,16.0178,727,9.69, -> planetarium (9.7%)
frame_001441,-1.0,3.8858,13.7891,0.1111,17.8447,727,14.49, -> planetarium (14.5%)
frame_001442,-1.0,1.8792,14.6872,0.0985,16.7187,422,7.82, -> barbell (7.8%)
frame_001443,-1.0,1.613,14.4127,0.098,16.1795,422,17.8, -> barbell (17.8%)
frame_001444,-1.0,2.4007,13.7269,0.0951,16.277,880,12.04, -> unicycle (12.0%)
frame_001445,-1.0,3.6132,13.9675,0.1028,17.7399,422,36.82, -> barbell (36.8%)
frame_001446,-1.0,3.2396,14.2131,0.1085,17.6182,422,24.71, -> barbell (24.7%)
frame_001447,-1.0,3.0161,14.2403,0.1063,17.4191,422,14.36, -> barbell (14.4%)
frame_001448,-1.0,1.8578,14.0841,0.0945,16.0902,877,35.09, -> turnstile (35.1%)
frame_001449,-1.0,2.3677,14.0707,0.1003,16.5933,877,24.7, -> turnstile (24.7%)
frame_001450,-1.0,1.7218,14.5265,0.1044,16.409,877,18.57, -> turnstile (18.6%)
frame_001451,-1.0,1.6685,14.6117,0.0951,16.4297,877,18.0, -> turnstile (18.0%)
frame_001452,-1.0,1.8336,14.6646,0.0964,16.6483,877,21.98, -> turnstile (22.0%)
frame_001453,-1.0,1.6395,14.1375,0.0954,15.9279,877,22.98, -> turnstile (23.0%)
frame_001454,-1.0,1.9864,14.2394,0.1003,16.3848,877,61.81, -> turnstile (61.8%)
frame_001455,-1.0,2.4234,14.1533,0.0998,16.7329,877,34.9, -> turnstile (34.9%)
frame_001456,-1.0,1.8235,13.8711,0.1002,15.851,877,21.1, -> turnstile (21.1%)
frame_001457,-1.0,1.6203,14.4628,0.096,16.2336,733,10.48, -> pole (10.5%)
frame_001458,-1.0,1.6618,14.3217,0.1061,16.1467,877,17.07, -> turnstile (17.1%)
frame_001459,-1.0,1.7755,14.1182,0.1002,16.049,561,17.1, -> forklift (17.1%)
frame_001460,-1.0,2.1197,13.4602,0.1008,15.7381,877,18.1, -> turnstile (18.1%)
frame_001461,-1.0,2.4323,13.8824,0.0973,16.4703,561,16.49, -> forklift (16.5%)
frame_001462,-1.0,1.5708,14.161,0.098,15.8848,561,48.33, -> forklift (48.3%)
frame_001463,-1.0,1.6701,14.583,0.1043,16.4143,561,29.63, -> forklift (29.6%)
frame_001464,-1.0,1.6431,14.0894,0.1032,15.8911,877,45.26, -> turnstile (45.3%)
frame_001465,-1.0,2.2183,14.2011,0.1014,16.5765,877,24.79, -> turnstile (24.8%)
frame_001466,-1.0,1.8548,14.894,0.1012,16.9055,561,78.65, -> forklift (78.6%)
frame_001467,-1.0,1.6222,14.3465,0.1026,16.1286,561,70.48, -> forklift (70.5%)
frame_001468,-1.0,3.7739,13.8876,0.1084,17.8246,561,38.12, -> forklift (38.1%)
frame_001469,-1.0,1.9269,14.0569,0.0999,16.137,561,73.09, -> forklift (73.1%)
frame_001470,-1.0,1.6707,14.1434,0.0983,15.9676,476,23.77, -> carousel (23.8%)
frame_001471,-1.0,2.8255,13.6682,0.0984,16.6488,575,15.53, -> golfcart (15.5%)
frame_001472,-1.0,1.8502,14.7251,0.0973,16.7304,423,17.36, -> barber chair (17.4%)
frame_001473,-1.0,1.6779,14.0355,0.1069,15.8764,877,37.71, -> turnstile (37.7%)
frame_001474,-1.0,3.6748,14.267,0.1066,18.1053,561,89.07, -> forklift (89.1%)
frame_001475,-1.0,1.9347,14.2615,0.1016,16.3545,561,57.93, -> forklift (57.9%)
frame_001476,-1.0,2.4194,14.0466,0.0988,16.6226,561,93.23, -> forklift (93.2%)
frame_001477,-1.0,1.7577,14.5826,0.1011,16.4958,561,85.02, -> forklift (85.0%)
frame_001478,-1.0,1.8499,13.8838,0.0972,15.8847,561,61.8, -> forklift (61.8%)
frame_001479,-1.0,4.4132,13.8602,0.1048,18.4358,561,40.43, -> forklift (40.4%)
frame_001480,-1.0,2.9494,14.2152,0.1055,17.3256,877,51.17, -> turnstile (51.2%)
frame_001481,-1.0,1.7427,14.6893,0.108,16.597,561,59.62, -> forklift (59.6%)
frame_001482,-1.0,1.8832,14.6461,0.098,16.682,561,43.64, -> forklift (43.6%)
frame_001483,-1.0,3.6342,13.7499,0.1065,17.5479,561,31.67, -> forklift (31.7%)
frame_001484,-1.0,2.0151,14.0986,0.1052,16.2752,561,27.11, -> forklift (27.1%)
frame_001485,-1.0,1.5455,14.1706,0.1032,15.8749,476,34.48, -> carousel (34.5%)
frame_001486,-1.0,1.7333,14.1599,0.0979,16.0473,476,25.3, -> carousel (25.3%)
frame_001487,-1.0,1.7349,14.2096,0.1016,16.102,476,26.43, -> carousel (26.4%)
frame_001488,-1.0,1.7168,14.3004,0.1031,16.176,476,38.05, -> carousel (38.0%)
frame_001489,-1.0,1.5956,13.9216,0.1013,15.6741,877,25.05, -> turnstile (25.0%)
frame_001490,-1.0,2.4194,14.2629,0.1037,16.8432,476,55.26, -> carousel (55.3%)
frame_001491,-1.0,1.8022,14.4508,0.1017,16.4104,476,48.24, -> carousel (48.2%)
frame_001492,-1.0,1.6196,14.617,0.0945,16.3835,476,30.01, -> carousel (30.0%)
frame_001493,-1.0,2.3756,14.2217,0.1046,16.7595,877,32.52, -> turnstile (32.5%)
frame_001494,-1.0,1.736,14.8743,0.1029,16.7695,877,29.85, -> turnstile (29.8%)
frame_001495,-1.0,1.8606,14.7463,0.1046,16.772,877,23.46, -> turnstile (23.5%)
frame_001496,-1.0,1.6404,14.3748,0.1004,16.1718,476,15.8, -> carousel (15.8%)
frame_001497,-1.0,1.7758,14.8137,0.1057,16.7526,877,18.87, -> turnstile (18.9%)
frame_001498,-1.0,1.6748,14.4927,0.1007,16.3246,829,17.77, -> streetcar (17.8%)
frame_001499,-1.0,1.8805,14.4781,0.1158,16.5321,476,33.24, -> carousel (33.2%)
frame_001500,-1.0,1.5507,13.5831,0.1011,15.2903,733,10.8, -> pole (10.8%)
frame_001501,-1.0,1.9213,14.6912,0.0983,16.7673,476,32.05, -> carousel (32.0%)
frame_001502,-1.0,1.8674,14.7311,0.1057,16.7626,476,48.37, -> carousel (48.4%)
frame_001503,-1.0,1.7985,14.8127,0.1019,16.7695,476,55.43, -> carousel (55.4%)
frame_001504,-1.0,1.7841,14.8663,0.0983,16.8038,476,23.98, -> carousel (24.0%)
frame_001505,-1.0,1.859,14.7579,0.1019,16.7745,476,40.04, -> carousel (40.0%)
frame_001506,-1.0,1.6377,14.6577,0.097,16.4479,476,29.18, -> carousel (29.2%)
frame_001507,-1.0,4.9434,14.2228,0.1067,19.3278,476,26.43, -> carousel (26.4%)
frame_001508,-1.0,1.9927,14.6089,0.11,16.7687,571,16.43, -> gas pump (16.4%)
frame_001509,-1.0,2.5537,14.2538,0.1088,16.9852,476,29.27, -> carousel (29.3%)
frame_001510,-1.0,1.7028,14.5814,0.1086,16.4489,877,10.37, -> turnstile (10.4%)
frame_001511,-1.0,1.623,14.6565,0.103,16.438,571,25.78, -> gas pump (25.8%)
frame_001512,-1.0,1.7311,14.3221,0.108,16.2185,476,27.77, -> carousel (27.8%)
frame_001513,-1.0,1.6535,14.3512,0.1024,16.164,476,35.0, -> carousel (35.0%)
frame_001514,-1.0,3.5788,14.0113,0.1088,17.7567,543,10.86, -> dumbbell (10.9%)
frame_001515,-1.0,3.5878,14.5183,0.1135,18.2772,476,12.93, -> carousel (12.9%)
frame_001516,-1.0,1.947,14.2923,0.1039,16.3998,433,11.81, -> bathing cap (11.8%)
frame_001517,-1.0,2.966,14.1482,0.1034,17.2717,433,18.31, -> bathing cap (18.3%)
frame_001518,-1.0,1.8173,14.4805,0.1025,16.456,670,13.93, -> motor scooter (13.9%)
frame_001519,-1.0,1.7745,14.4623,0.0963,16.3885,670,23.25, -> motor scooter (23.2%)
frame_001520,-1.0,1.7875,14.7482,0.0986,16.6893,670,32.74, -> motor scooter (32.7%)
frame_001521,-1.0,3.4276,14.2197,0.1028,17.8068,543,20.77, -> dumbbell (20.8%)
frame_001522,-1.0,2.0438,14.1473,0.1033,16.351,670,25.86, -> motor scooter (25.9%)
frame_001523,-1.0,2.2851,14.2579,0.1036,16.7018,543,28.95, -> dumbbell (29.0%)
frame_001524,-1.0,1.7965,14.2732,0.0981,16.2231,543,19.39, -> dumbbell (19.4%)
frame_001525,-1.0,1.7192,14.0172,0.0995,15.8906,543,51.04, -> dumbbell (51.0%)
frame_001526,-1.0,1.777,14.3437,0.1002,16.2773,543,62.72, -> dumbbell (62.7%)
frame_001527,-1.0,1.938,14.2666,0.1044,16.3648,543,43.8, -> dumbbell (43.8%)
frame_001528,-1.0,1.6602,14.5201,0.1029,16.3376,543,44.44, -> dumbbell (44.4%)
frame_001529,-1.0,1.5747,14.3156,0.103,16.0489,543,33.56, -> dumbbell (33.6%)
frame_001530,-1.0,3.7521,13.6484,0.1034,17.5632,543,20.74, -> dumbbell (20.7%)
frame_001531,-1.0,2.7847,13.774,0.1012,16.717,543,17.59, -> dumbbell (17.6%)
frame_001532,-1.0,2.4427,14.3094,0.106,16.9154,830,43.05, -> stretcher (43.1%)
frame_001533,-1.0,1.8013,14.591,0.1075,16.5551,830,45.41, -> stretcher (45.4%)
frame_001534,-1.0,1.6969,14.1593,0.0968,16.0069,543,55.77, -> dumbbell (55.8%)
frame_001535,-1.0,1.7774,14.4196,0.1086,16.3622,543,35.25, -> dumbbell (35.3%)
frame_001536,-1.0,2.3441,14.1221,0.1075,16.6313,830,38.14, -> stretcher (38.1%)
frame_001537,-1.0,2.8279,14.1196,0.1067,17.1117,830,34.48, -> stretcher (34.5%)
frame_001538,-1.0,1.8667,15.4238,0.112,17.4602,830,40.23, -> stretcher (40.2%)
frame_001539,-1.0,2.3833,14.145,0.1065,16.6933,830,46.71, -> stretcher (46.7%)
frame_001540,-1.0,2.278,13.8347,0.0998,16.268,830,51.44, -> stretcher (51.4%)
frame_001541,-1.0,1.8253,14.4801,0.0964,16.4574,830,56.42, -> stretcher (56.4%)
frame_001542,-1.0,1.6354,15.3512,0.1025,17.1453,830,46.65, -> stretcher (46.7%)
frame_001543,-1.0,2.8297,14.2565,0.1042,17.2473,830,39.81, -> stretcher (39.8%)
frame_001544,-1.0,1.8336,14.5053,0.1045,16.503,830,42.19, -> stretcher (42.2%)
frame_001545,-1.0,2.331,13.8531,0.0981,16.3364,830,38.71, -> stretcher (38.7%)
frame_001546,-1.0,2.3717,14.3655,0.1044,16.8999,830,38.57, -> stretcher (38.6%)
frame_001547,-1.0,1.7731,14.503,0.102,16.4337,830,43.28, -> stretcher (43.3%)
frame_001548,-1.0,1.6928,14.5943,0.1012,16.4427,830,43.86, -> stretcher (43.9%)
frame_001549,-1.0,1.7343,14.3362,0.1032,16.2316,830,40.77, -> stretcher (40.8%)
frame_001550,-1.0,3.4642,15.2615,0.1042,18.8865,830,38.42, -> stretcher (38.4%)
frame_001551,-1.0,2.5632,14.0411,0.1036,16.7636,830,38.88, -> stretcher (38.9%)
frame_001552,-1.0,2.3318,14.2174,0.1071,16.7124,830,38.68, -> stretcher (38.7%)
frame_001553,-1.0,3.2213,14.3711,0.1058,17.7543,830,41.75, -> stretcher (41.8%)
frame_001554,-1.0,3.5179,14.3655,0.1084,18.0496,830,35.98, -> stretcher (36.0%)
frame_001555,-1.0,3.3588,14.9739,0.1086,18.4969,830,38.11, -> stretcher (38.1%)
frame_001556,-1.0,2.0387,14.4531,0.1013,16.6495,830,33.71, -> stretcher (33.7%)
frame_001557,-1.0,3.768,14.5574,0.1129,18.4952,830,29.24, -> stretcher (29.2%)
frame_001558,-1.0,1.9649,15.0478,0.1024,17.1718,830,36.21, -> stretcher (36.2%)
frame_001559,-1.0,1.9185,13.7352,0.1051,15.816,830,34.99, -> stretcher (35.0%)
frame_001560,-1.0,2.3578,14.4173,0.1072,16.9386,830,45.58, -> stretcher (45.6%)
frame_001561,-1.0,2.2925,14.0442,0.0988,16.4906,830,48.44, -> stretcher (48.4%)
frame_001562,-1.0,1.867,14.2699,0.102,16.2941,830,23.02, -> stretcher (23.0%)
frame_001563,-1.0,1.8206,14.5042,0.0981,16.4803,830,36.55, -> stretcher (36.6%)
frame_001564,-1.0,1.7546,14.0162,0.0952,15.9208,830,19.9, -> stretcher (19.9%)
frame_001565,-1.0,1.7449,14.4859,0.0981,16.383,830,29.04, -> stretcher (29.0%)
frame_001566,-1.0,1.8119,14.3954,0.1053,16.3687,830,36.55, -> stretcher (36.6%)
frame_001567,-1.0,1.7076,14.2807,0.1083,16.1552,830,40.49, -> stretcher (40.5%)
frame_001568,-1.0,3.6137,13.8335,0.1017,17.6046,830,53.82, -> stretcher (53.8%)
frame_001569,-1.0,1.6203,14.2257,0.1054,16.0066,543,15.0, -> dumbbell (15.0%)
frame_001570,-1.0,1.6712,14.4308,0.0981,16.2546,543,39.76, -> dumbbell (39.8%)
frame_001571,-1.0,1.6822,14.0355,0.0998,15.8734,543,36.69, -> dumbbell (36.7%)
frame_001572,-1.0,1.8118,13.7155,0.1022,15.6859,543,34.48, -> dumbbell (34.5%)
frame_001573,-1.0,1.8312,14.3227,0.102,16.3126,422,30.09, -> barbell (30.1%)
frame_001574,-1.0,1.6081,14.0738,0.1024,15.8398,543,26.82, -> dumbbell (26.8%)
frame_001575,-1.0,1.6364,14.5271,0.0994,16.3173,543,28.08, -> dumbbell (28.1%)
frame_001576,-1.0,1.6581,17.2002,0.1129,19.0282,543,32.16, -> dumbbell (32.2%)
frame_001577,-1.0,2.0646,14.367,0.0994,16.587,543,31.21, -> dumbbell (31.2%)
frame_001578,-1.0,3.3701,14.3278,0.1049,17.8596,543,29.2, -> dumbbell (29.2%)
frame_001579,-1.0,1.9087,14.2615,0.1025,16.3295,543,26.69, -> dumbbell (26.7%)
frame_001580,-1.0,3.8663,14.4971,0.106,18.5278,543,29.34, -> dumbbell (29.3%)
frame_001581,-1.0,1.9605,14.4416,0.0989,16.5576,543,28.85, -> dumbbell (28.8%)
frame_001582,-1.0,1.6187,14.421,0.1005,16.1968,543,28.71, -> dumbbell (28.7%)
frame_001583,-1.0,1.6568,14.2191,0.0916,16.0219,543,26.34, -> dumbbell (26.3%)
frame_001584,-1.0,1.7238,14.0873,0.1017,15.9669,543,24.92, -> dumbbell (24.9%)
frame_001585,-1.0,2.3245,14.3194,0.1,16.7988,543,25.99, -> dumbbell (26.0%)
frame_001586,-1.0,1.8353,14.6253,0.1079,16.6247,543,27.48, -> dumbbell (27.5%)
frame_001587,-1.0,1.6946,14.3282,0.0943,16.1708,543,31.64, -> dumbbell (31.6%)
frame_001588,-1.0,1.6583,13.7525,0.1016,15.5686,422,30.82, -> barbell (30.8%)
frame_001589,-1.0,1.9023,14.3758,0.1003,16.4338,543,26.21, -> dumbbell (26.2%)
frame_001590,-1.0,1.7345,14.7352,0.1109,16.6384,830,24.78, -> stretcher (24.8%)
frame_001591,-1.0,1.6855,14.7936,0.1033,16.6395,830,50.62, -> stretcher (50.6%)
frame_001592,-1.0,1.833,14.2139,0.1037,16.208,830,47.97, -> stretcher (48.0%)
frame_001593,-1.0,1.6663,14.4444,0.099,16.2658,830,49.99, -> stretcher (50.0%)
frame_001594,-1.0,2.4249,14.3502,0.1022,16.9334,830,43.45, -> stretcher (43.4%)
frame_001595,-1.0,1.7178,14.6085,0.0991,16.4816,830,34.6, -> stretcher (34.6%)
frame_001596,-1.0,2.3882,14.4566,0.103,17.0048,624,22.9, -> library (22.9%)
frame_001597,-1.0,1.6754,13.9342,0.1031,15.7694,624,18.77, -> library (18.8%)
frame_001598,-1.0,1.6001,14.3493,0.1051,16.111,624,28.48, -> library (28.5%)
frame_001599,-1.0,1.6337,14.6579,0.1011,16.4484,624,32.47, -> library (32.5%)
frame_001600,-1.0,1.8075,15.0991,0.1105,17.0759,830,18.29, -> stretcher (18.3%)
frame_001601,-1.0,1.5804,14.0123,0.1102,15.7599,830,23.28, -> stretcher (23.3%)
frame_001602,-1.0,1.804,14.7882,0.1078,16.7569,830,24.65, -> stretcher (24.6%)
frame_001603,-1.0,1.8381,14.8134,0.1035,16.8128,830,28.45, -> stretcher (28.5%)
frame_001604,-1.0,1.7769,14.6938,0.1018,16.6302,830,22.96, -> stretcher (23.0%)
frame_001605,-1.0,1.5916,14.94,0.1054,16.6934,830,17.45, -> stretcher (17.5%)
frame_001606,-1.0,1.7755,14.8069,0.1029,16.7396,624,37.43, -> library (37.4%)
frame_001607,-1.0,2.4673,13.9432,0.1018,16.568,543,83.75, -> dumbbell (83.7%)
frame_001608,-1.0,1.64,14.1784,0.1005,15.9756,543,28.68, -> dumbbell (28.7%)
frame_001609,-1.0,1.7345,14.0911,0.0998,15.9805,830,32.73, -> stretcher (32.7%)
frame_001610,-1.0,1.8184,14.2702,0.0986,16.2419,830,27.5, -> stretcher (27.5%)
frame_001611,-1.0,1.8889,14.8708,0.1035,16.9192,830,34.2, -> stretcher (34.2%)
frame_001612,-1.0,1.7832,14.8605,0.1052,16.804,830,42.08, -> stretcher (42.1%)
frame_001613,-1.0,1.8561,14.9121,0.1095,16.9365,830,48.73, -> stretcher (48.7%)
frame_001614,-1.0,1.8661,14.8642,0.1017,16.8876,830,26.55, -> stretcher (26.5%)
frame_001615,-1.0,2.5277,14.258,0.0994,16.9427,834,23.36, -> suit (23.4%)
frame_001616,-1.0,1.7234,14.0943,0.0923,15.9627,851,36.51, -> television (36.5%)
frame_001617,-1.0,1.7353,13.9417,0.0975,15.8286,851,27.05, -> television (27.0%)
frame_001618,-1.0,1.8168,15.0959,0.1036,17.0707,851,45.2, -> television (45.2%)
frame_001619,-1.0,1.7016,14.6537,0.103,16.5146,851,57.24, -> television (57.2%)
frame_001620,-1.0,4.2953,13.8438,0.112,18.3094,851,57.32, -> television (57.3%)
frame_001621,-1.0,3.4606,15.4292,0.1067,19.0524,851,57.56, -> television (57.6%)
frame_001622,-1.0,4.4007,14.7356,0.1066,19.3008,851,52.57, -> television (52.6%)
frame_001623,-1.0,2.0138,14.8025,0.106,16.9792,851,52.21, -> television (52.2%)
frame_001624,-1.0,1.7459,14.1165,0.1029,16.0225,851,49.43, -> television (49.4%)
frame_001625,-1.0,2.3991,15.1719,0.1018,17.7288,851,49.34, -> television (49.3%)
frame_001626,-1.0,2.0105,14.3126,0.1077,16.4881,851,45.21, -> television (45.2%)
frame_001627,-1.0,1.8157,14.3733,0.1021,16.3462,851,39.4, -> television (39.4%)
frame_001628,-1.0,2.3344,14.4861,0.1003,16.9779,851,39.52, -> television (39.5%)
frame_001629,-1.0,1.8654,14.2314,0.0971,16.2489,851,40.22, -> television (40.2%)
frame_001630,-1.0,1.7465,15.0625,0.1016,16.966,851,36.65, -> television (36.6%)
frame_001631,-1.0,4.5256,14.4777,0.1024,19.1624,851,50.2, -> television (50.2%)
frame_001632,-1.0,2.8834,13.8309,0.0948,16.8628,851,44.42, -> television (44.4%)
frame_001633,-1.0,1.6962,14.4735,0.0934,16.3167,851,50.17, -> television (50.2%)
frame_001634,-1.0,4.1535,14.1042,0.1106,18.4252,851,41.21, -> television (41.2%)
frame_001635,-1.0,1.6488,13.5659,0.0953,15.3634,851,29.36, -> television (29.4%)
frame_001636,-1.0,1.7091,14.5243,0.0938,16.3805,851,22.12, -> television (22.1%)
frame_001637,-1.0,1.6833,14.058,0.0928,15.8892,851,31.09, -> television (31.1%)
frame_001638,-1.0,3.8087,14.2236,0.109,18.1982,851,25.71, -> television (25.7%)
frame_001639,-1.0,1.8843,13.8962,0.0996,15.9339,830,22.82, -> stretcher (22.8%)
frame_001640,-1.0,2.4238,14.1683,0.0938,16.7418,830,21.46, -> stretcher (21.5%)
frame_001641,-1.0,1.7297,14.6396,0.0914,16.5151,830,18.02, -> stretcher (18.0%)
frame_001642,-1.0,1.6428,13.8729,0.095,15.6669,851,11.38, -> television (11.4%)
frame_001643,-1.0,1.6638,14.1865,0.0897,15.9925,421,12.45, -> bannister (12.5%)
frame_001644,-1.0,1.6791,13.9392,0.0906,15.7614,830,16.24, -> stretcher (16.2%)
frame_001645,-1.0,2.021,14.4802,0.096,16.6521,830,44.56, -> stretcher (44.6%)
frame_001646,-1.0,2.3071,14.6606,0.0974,17.1205,877,21.73, -> turnstile (21.7%)
frame_001647,-1.0,1.7309,14.1081,0.0994,15.995,877,18.69, -> turnstile (18.7%)
frame_001648,-1.0,1.8618,13.9272,0.0992,15.944,851,11.95, -> television (12.0%)
frame_001649,-1.0,1.8345,14.9429,0.1047,16.9396,851,38.03, -> television (38.0%)
frame_001650,-1.0,1.7126,14.1651,0.0962,16.0293,851,12.25, -> television (12.2%)
frame_001651,-1.0,1.7892,14.5141,0.0997,16.4573,543,12.77, -> dumbbell (12.8%)
frame_001652,-1.0,1.8287,14.9018,0.0953,16.8796,543,21.76, -> dumbbell (21.8%)
frame_001653,-1.0,1.7607,14.1684,0.1011,16.0859,480,10.5, -> cash machine (10.5%)
frame_001654,-1.0,1.8179,14.2782,0.0958,16.2459,480,23.74, -> cash machine (23.7%)
frame_001655,-1.0,1.8181,14.1514,0.0965,16.1202,480,24.79, -> cash machine (24.8%)
frame_001656,-1.0,1.8102,14.4794,0.0888,16.4306,480,49.14, -> cash machine (49.1%)
frame_001657,-1.0,3.9211,14.8521,0.1042,18.9392,543,51.99, -> dumbbell (52.0%)
frame_001658,-1.0,2.0287,14.1302,0.0908,16.3018,543,44.1, -> dumbbell (44.1%)
frame_001659,-1.0,2.3054,14.051,0.1036,16.5177,543,48.19, -> dumbbell (48.2%)
frame_001660,-1.0,4.2447,14.348,0.1047,18.7542,543,27.44, -> dumbbell (27.4%)
frame_001661,-1.0,1.9834,14.7701,0.0952,16.9045,543,60.66, -> dumbbell (60.7%)
frame_001662,-1.0,1.6582,13.9947,0.0962,15.8042,543,49.18, -> dumbbell (49.2%)
frame_001663,-1.0,1.8038,14.6768,0.0917,16.625,543,27.75, -> dumbbell (27.8%)
frame_001664,-1.0,1.7165,14.009,0.0887,15.8688,543,33.41, -> dumbbell (33.4%)
frame_001665,-1.0,1.7628,15.3748,0.1104,17.3054,543,23.49, -> dumbbell (23.5%)
frame_001666,-1.0,1.985,15.1351,0.1026,17.2801,543,20.06, -> dumbbell (20.1%)
frame_001667,-1.0,1.696,14.3095,0.0907,16.1493,830,18.57, -> stretcher (18.6%)
frame_001668,-1.0,1.7901,14.6255,0.0964,16.5674,480,26.14, -> cash machine (26.1%)
frame_001669,-1.0,1.3361,13.4962,0.093,14.9782,480,47.36, -> cash machine (47.4%)
frame_001670,-1.0,1.8647,14.5601,0.096,16.575,543,36.36, -> dumbbell (36.4%)
frame_001671,-1.0,1.6976,14.7421,0.0975,16.591,480,51.94, -> cash machine (51.9%)
frame_001672,-1.0,1.6943,14.5388,0.096,16.3847,480,37.71, -> cash machine (37.7%)
frame_001673,-1.0,1.7448,14.2382,0.0896,16.1267,543,19.39, -> dumbbell (19.4%)
frame_001674,-1.0,1.844,15.2425,0.097,17.2385,830,23.35, -> stretcher (23.4%)
frame_001675,-1.0,1.8612,14.5408,0.0956,16.551,543,16.3, -> dumbbell (16.3%)
frame_001676,-1.0,1.6788,14.1405,0.1004,15.9754,422,20.12, -> barbell (20.1%)
frame_001677,-1.0,4.3071,14.9627,0.1063,19.4324,480,17.39, -> cash machine (17.4%)
frame_001678,-1.0,3.574,14.2795,0.0971,18.0068,480,16.6, -> cash machine (16.6%)
frame_001679,-1.0,2.1031,14.197,0.1014,16.4559,657,11.45, -> missile (11.4%)
frame_001680,-1.0,2.0273,14.519,0.093,16.6942,480,16.18, -> cash machine (16.2%)
frame_001681,-1.0,2.4636,14.351,0.1031,16.9743,480,15.06, -> cash machine (15.1%)
frame_001682,-1.0,1.4201,16.6574,0.1087,18.2423,747,18.93, -> punching bag (18.9%)
frame_001683,-1.0,2.2574,14.8216,0.104,17.2385,830,11.66, -> stretcher (11.7%)
frame_001684,-1.0,2.1624,15.0715,0.0975,17.3891,830,20.94, -> stretcher (20.9%)
frame_001685,-1.0,1.8541,14.7115,0.0956,16.7141,466,16.12, -> bullet train (16.1%)
frame_001686,-1.0,3.719,14.9966,0.1029,18.8745,466,20.59, -> bullet train (20.6%)
frame_001687,-1.0,3.848,14.2539,0.095,18.2524,830,31.62, -> stretcher (31.6%)
frame_001688,-1.0,2.1587,14.5661,0.105,16.8851,830,31.62, -> stretcher (31.6%)
frame_001689,-1.0,1.967,14.7371,0.0948,16.8529,480,24.93, -> cash machine (24.9%)
frame_001690,-1.0,3.5641,15.1315,0.1103,18.8642,830,42.12, -> stretcher (42.1%)
frame_001691,-1.0,1.999,14.9404,0.099,17.0907,830,16.0, -> stretcher (16.0%)
frame_001692,-1.0,1.708,14.332,0.096,16.189,480,11.15, -> cash machine (11.2%)
frame_001693,-1.0,2.3589,14.515,0.1003,17.0271,423,11.72, -> barber chair (11.7%)
frame_001694,-1.0,2.3439,14.7748,0.0964,17.2698,480,23.48, -> cash machine (23.5%)
frame_001695,-1.0,1.7811,14.0831,0.0966,16.0153,830,11.28, -> stretcher (11.3%)
frame_001696,-1.0,1.6698,15.0672,0.1038,16.8975,830,11.5, -> stretcher (11.5%)
frame_001697,-1.0,1.6657,14.362,0.11,16.1925,830,31.48, -> stretcher (31.5%)
frame_001698,-1.0,1.7545,14.1499,0.1041,16.0663,830,13.83, -> stretcher (13.8%)
frame_001699,-1.0,1.8036,14.1286,0.1018,16.0895,830,12.67, -> stretcher (12.7%)
frame_001700,-1.0,1.7945,14.6229,0.0924,16.5642,830,12.7, -> stretcher (12.7%)
frame_001701,-1.0,1.9677,14.9778,0.1154,17.1227,830,23.74, -> stretcher (23.7%)
frame_001702,-1.0,1.5421,13.4821,0.0893,15.1661,480,44.76, -> cash machine (44.8%)
frame_001703,-1.0,1.7646,14.2403,0.0981,16.1575,480,37.71, -> cash machine (37.7%)
frame_001704,-1.0,1.6747,14.3967,0.1068,16.2336,830,16.75, -> stretcher (16.7%)
frame_001705,-1.0,1.7653,14.1559,0.1029,16.0795,480,12.18, -> cash machine (12.2%)
frame_001706,-1.0,1.7691,14.3631,0.0967,16.2841,480,12.43, -> cash machine (12.4%)
frame_001707,-1.0,1.8232,14.7525,0.0917,16.7198,480,14.33, -> cash machine (14.3%)
frame_001708,-1.0,1.7546,14.3201,0.0956,16.2251,830,18.8, -> stretcher (18.8%)
frame_001709,-1.0,2.3593,14.5749,0.0945,17.0846,480,21.96, -> cash machine (22.0%)
frame_001710,-1.0,2.2405,13.8451,0.0965,16.2375,830,15.39, -> stretcher (15.4%)
frame_001711,-1.0,3.8732,14.62,0.0971,18.6448,877,9.24, -> turnstile (9.2%)
frame_001712,-1.0,2.2575,14.7866,0.1029,17.2036,830,15.69, -> stretcher (15.7%)
frame_001713,-1.0,2.1352,14.9201,0.1015,17.2108,713,9.78, -> photocopier (9.8%)
frame_001714,-1.0,1.5117,16.7627,0.1086,18.4407,830,8.67, -> stretcher (8.7%)
frame_001715,-1.0,2.3932,14.3193,0.1094,16.8772,713,14.73, -> photocopier (14.7%)
frame_001716,-1.0,2.0201,14.7495,0.0955,16.9204,713,12.88, -> photocopier (12.9%)
frame_001717,-1.0,2.2763,14.5229,0.0994,16.9509,480,19.78, -> cash machine (19.8%)
frame_001718,-1.0,1.8167,14.9158,0.0976,16.8853,480,63.98, -> cash machine (64.0%)
frame_001719,-1.0,1.8314,14.7866,0.0947,16.7678,480,34.45, -> cash machine (34.5%)
frame_001720,-1.0,1.8121,14.5262,0.1011,16.4958,480,20.14, -> cash machine (20.1%)
frame_001721,-1.0,1.8275,15.5211,0.0967,17.4992,480,22.4, -> cash machine (22.4%)
frame_001722,-1.0,3.1302,14.7988,0.097,18.0837,480,25.06, -> cash machine (25.1%)
frame_001723,-1.0,2.3361,14.1711,0.1015,16.665,480,31.22, -> cash machine (31.2%)
frame_001724,-1.0,3.5022,15.0086,0.1059,18.6744,877,42.69, -> turnstile (42.7%)
frame_001725,-1.0,3.936,15.2201,0.1071,19.3211,877,25.6, -> turnstile (25.6%)
frame_001726,-1.0,3.3153,15.1242,0.1075,18.6054,480,36.17, -> cash machine (36.2%)
frame_001727,-1.0,2.0474,14.4602,0.0952,16.6579,480,29.02, -> cash machine (29.0%)
frame_001728,-1.0,1.706,14.7586,0.0987,16.6165,480,30.53, -> cash machine (30.5%)
frame_001729,-1.0,1.6528,14.2581,0.0947,16.0594,480,23.24, -> cash machine (23.2%)
frame_001730,-1.0,1.8912,14.9707,0.0992,17.0151,480,56.76, -> cash machine (56.8%)
frame_001731,-1.0,2.3146,14.4491,0.0982,16.9162,480,36.37, -> cash machine (36.4%)
frame_001732,-1.0,1.7891,14.9285,0.1015,16.8756,480,34.07, -> cash machine (34.1%)
frame_001733,-1.0,2.4275,15.7138,0.1038,18.3007,480,26.11, -> cash machine (26.1%)
frame_001734,-1.0,1.7631,14.8842,0.1002,16.8046,480,32.53, -> cash machine (32.5%)
frame_001735,-1.0,1.7759,14.6666,0.0963,16.5942,480,43.03, -> cash machine (43.0%)
frame_001736,-1.0,1.7846,15.2372,0.0944,17.1691,480,41.43, -> cash machine (41.4%)
frame_001737,-1.0,1.7667,14.2285,0.0982,16.1486,480,22.07, -> cash machine (22.1%)
frame_001738,-1.0,1.7811,14.3645,0.0917,16.2905,877,27.81, -> turnstile (27.8%)
frame_001739,-1.0,3.996,14.9228,0.1063,19.082,877,28.85, -> turnstile (28.9%)
frame_001740,-1.0,3.5689,14.9811,0.093,18.6961,877,18.37, -> turnstile (18.4%)
frame_001741,-1.0,2.5051,14.304,0.0959,16.9602,713,16.45, -> photocopier (16.4%)
frame_001742,-1.0,2.5794,14.4537,0.0917,17.1784,713,19.92, -> photocopier (19.9%)
frame_001743,-1.0,1.8585,14.4919,0.0901,16.4954,877,19.59, -> turnstile (19.6%)
frame_001744,-1.0,1.7943,15.2686,0.0909,17.2058,480,16.54, -> cash machine (16.5%)
frame_001745,-1.0,1.7747,14.2921,0.0951,16.217,877,14.8, -> turnstile (14.8%)
frame_001746,-1.0,1.7702,14.8267,0.0912,16.7435,877,15.77, -> turnstile (15.8%)
frame_001747,-1.0,1.8035,15.2122,0.1003,17.1737,877,16.38, -> turnstile (16.4%)
frame_001748,-1.0,1.8247,14.5267,0.1019,16.5092,713,17.36, -> photocopier (17.4%)
frame_001749,-1.0,1.8902,14.6845,0.0969,16.7262,713,18.69, -> photocopier (18.7%)
frame_001750,-1.0,1.2157,13.6073,0.1009,14.9777,877,16.31, -> turnstile (16.3%)
frame_001751,-1.0,1.7362,14.8766,0.0981,16.7647,877,15.55, -> turnstile (15.6%)
frame_001752,-1.0,1.6769,14.4635,0.0965,16.2916,480,17.58, -> cash machine (17.6%)
frame_001753,-1.0,1.8236,14.6119,0.0899,16.5792,877,15.8, -> turnstile (15.8%)
frame_001754,-1.0,1.7745,14.9368,0.0921,16.8577,877,15.88, -> turnstile (15.9%)
frame_001755,-1.0,3.6134,15.207,0.1018,18.9784,480,16.42, -> cash machine (16.4%)
frame_001756,-1.0,2.0073,14.2266,0.0997,16.3904,877,14.72, -> turnstile (14.7%)
frame_001757,-1.0,1.7682,15.1132,0.1074,17.0451,480,24.37, -> cash machine (24.4%)
frame_001758,-1.0,2.0963,14.5179,0.1009,16.7693,877,25.72, -> turnstile (25.7%)
frame_001759,-1.0,1.8253,14.4395,0.1029,16.422,877,17.35, -> turnstile (17.4%)
frame_001760,-1.0,1.7259,14.7712,0.098,16.6503,480,20.1, -> cash machine (20.1%)
frame_001761,-1.0,1.6249,14.1915,0.0995,15.9713,480,51.08, -> cash machine (51.1%)
frame_001762,-1.0,2.0953,15.0888,0.1006,17.3432,480,22.87, -> cash machine (22.9%)
frame_001763,-1.0,3.1266,14.4787,0.1018,17.7644,480,37.61, -> cash machine (37.6%)
frame_001764,-1.0,3.9797,13.8593,0.109,18.0063,480,34.35, -> cash machine (34.4%)
frame_001765,-1.0,1.9654,14.9456,0.1002,17.0673,480,34.09, -> cash machine (34.1%)
frame_001766,-1.0,1.8708,14.8509,0.1033,16.8802,480,26.88, -> cash machine (26.9%)
frame_001767,-1.0,2.0269,14.0086,0.0921,16.1821,480,43.25, -> cash machine (43.2%)
frame_001768,-1.0,3.5663,14.724,0.106,18.4799,877,26.1, -> turnstile (26.1%)
frame_001769,-1.0,1.8468,14.3656,0.0979,16.365,480,31.05, -> cash machine (31.1%)
frame_001770,-1.0,2.3924,14.2967,0.0981,16.8415,480,73.11, -> cash machine (73.1%)
frame_001771,-1.0,1.876,15.232,0.0963,17.2605,480,26.44, -> cash machine (26.4%)
frame_001772,-1.0,1.719,14.6624,0.0933,16.5281,480,36.87, -> cash machine (36.9%)
frame_001773,-1.0,1.3315,14.486,0.0955,15.9669,480,31.17, -> cash machine (31.2%)
frame_001774,-1.0,1.8501,14.5659,0.093,16.5637,480,36.49, -> cash machine (36.5%)
frame_001775,-1.0,1.6784,14.1509,0.1004,15.9872,480,50.61, -> cash machine (50.6%)
frame_001776,-1.0,1.8606,14.484,0.0919,16.4902,480,22.76, -> cash machine (22.8%)
frame_001777,-1.0,1.7177,14.2927,0.097,16.161,877,18.99, -> turnstile (19.0%)
frame_001778,-1.0,1.7461,14.2174,0.1,16.1189,480,19.12, -> cash machine (19.1%)
frame_001779,-1.0,1.5724,14.4064,0.1024,16.1367,480,35.62, -> cash machine (35.6%)
frame_001780,-1.0,1.824,15.018,0.098,16.9959,480,46.8, -> cash machine (46.8%)
frame_001781,-1.0,1.6656,14.804,0.0949,16.6192,480,39.79, -> cash machine (39.8%)
frame_001782,-1.0,4.7334,14.5193,0.1027,19.4101,480,35.84, -> cash machine (35.8%)
frame_001783,-1.0,2.3312,14.4421,0.1066,16.9391,480,35.73, -> cash machine (35.7%)
frame_001784,-1.0,1.9616,14.0067,0.0941,16.1166,480,31.72, -> cash machine (31.7%)
frame_001785,-1.0,2.6231,14.7502,0.1066,17.538,480,39.0, -> cash machine (39.0%)
frame_001786,-1.0,3.6447,14.3011,0.1074,18.1089,480,28.64, -> cash machine (28.6%)
frame_001787,-1.0,1.8776,14.0055,0.0908,16.0276,480,25.76, -> cash machine (25.8%)
frame_001788,-1.0,2.5093,14.235,0.0982,16.8987,480,26.61, -> cash machine (26.6%)
frame_001789,-1.0,2.2805,14.1631,0.0925,16.592,827,12.67, -> stove (12.7%)
frame_001790,-1.0,2.3586,14.5286,0.1013,17.0436,423,14.71, -> barber chair (14.7%)
frame_001791,-1.0,1.7347,15.0057,0.0971,16.8922,423,11.81, -> barber chair (11.8%)
frame_001792,-1.0,1.8138,14.208,0.0972,16.1754,877,25.32, -> turnstile (25.3%)
frame_001793,-1.0,2.5013,14.4984,0.1037,17.1583,480,19.52, -> cash machine (19.5%)
frame_001794,-1.0,2.551,14.5917,0.1051,17.3028,480,15.25, -> cash machine (15.2%)
frame_001795,-1.0,1.7896,14.269,0.0981,16.2125,877,19.41, -> turnstile (19.4%)
frame_001796,-1.0,1.9022,14.4826,0.1015,16.5415,877,19.95, -> turnstile (20.0%)
frame_001797,-1.0,1.7062,14.2642,0.1035,16.1314,877,17.12, -> turnstile (17.1%)
frame_001798,-1.0,1.7246,14.8305,0.0994,16.7099,877,29.62, -> turnstile (29.6%)
frame_001799,-1.0,1.7951,14.3459,0.0891,16.2819,877,24.23, -> turnstile (24.2%)
frame_001800,-1.0,5.0216,14.4897,0.1058,19.6746,877,17.46, -> turnstile (17.5%)
frame_001801,-1.0,2.2778,14.4174,0.095,16.844,877,20.54, -> turnstile (20.5%)
frame_001802,-1.0,2.1241,14.657,0.1167,16.9588,877,26.86, -> turnstile (26.9%)
frame_001803,-1.0,1.2675,13.5026,0.0963,14.9181,877,29.28, -> turnstile (29.3%)
frame_001804,-1.0,1.8898,15.0762,0.0973,17.118,877,40.2, -> turnstile (40.2%)
frame_001805,-1.0,1.8346,15.0193,0.1011,17.0121,877,28.42, -> turnstile (28.4%)
frame_001806,-1.0,1.7908,15.0126,0.1025,16.9622,877,36.94, -> turnstile (36.9%)
frame_001807,-1.0,1.858,14.2734,0.1017,16.2882,877,36.16, -> turnstile (36.2%)
frame_001808,-1.0,1.8217,15.2487,0.1036,17.2311,877,21.91, -> turnstile (21.9%)
frame_001809,-1.0,2.313,14.5624,0.0947,17.0249,713,32.93, -> photocopier (32.9%)
frame_001810,-1.0,1.8156,14.9281,0.1031,16.904,480,33.19, -> cash machine (33.2%)
frame_001811,-1.0,1.7459,14.8618,0.1011,16.7625,480,70.94, -> cash machine (70.9%)
frame_001812,-1.0,1.8758,15.4445,0.0983,17.4724,480,74.54, -> cash machine (74.5%)
frame_001813,-1.0,1.3519,14.1865,0.0924,15.6849,877,24.83, -> turnstile (24.8%)
frame_001814,-1.0,1.6862,14.1736,0.0973,16.01,877,23.95, -> turnstile (23.9%)
frame_001815,-1.0,1.7184,15.0366,0.1022,16.9119,877,22.51, -> turnstile (22.5%)
frame_001816,-1.0,1.7424,14.3801,0.1001,16.2787,877,18.45, -> turnstile (18.4%)
frame_001817,-1.0,1.7309,14.1821,0.093,16.0591,877,20.76, -> turnstile (20.8%)
frame_001818,-1.0,1.7168,14.4434,0.0971,16.3143,877,44.4, -> turnstile (44.4%)
frame_001819,-1.0,1.7643,14.8304,0.0993,16.7483,877,18.57, -> turnstile (18.6%)
frame_001820,-1.0,1.7177,14.0352,0.0975,15.9039,877,38.63, -> turnstile (38.6%)
frame_001821,-1.0,2.3197,14.1486,0.1015,16.6245,877,39.2, -> turnstile (39.2%)
frame_001822,-1.0,2.3317,14.4158,0.1025,16.9074,877,28.73, -> turnstile (28.7%)
frame_001823,-1.0,1.6037,14.5503,0.0957,16.3044,877,22.9, -> turnstile (22.9%)
frame_001824,-1.0,1.6993,14.1967,0.0964,16.0457,480,53.7, -> cash machine (53.7%)
frame_001825,-1.0,1.7672,14.5967,0.0984,16.5175,480,76.8, -> cash machine (76.8%)
frame_001826,-1.0,3.5214,14.5414,0.1034,18.2229,480,74.48, -> cash machine (74.5%)
frame_001827,-1.0,2.1983,14.4114,0.1012,16.7679,480,62.1, -> cash machine (62.1%)
frame_001828,-1.0,1.984,14.1471,0.0991,16.2858,480,39.96, -> cash machine (40.0%)
frame_001829,-1.0,1.6744,14.7349,0.1045,16.5711,877,34.16, -> turnstile (34.2%)
frame_001830,-1.0,1.6951,14.4251,0.0978,16.2717,877,29.37, -> turnstile (29.4%)
frame_001831,-1.0,1.7639,14.5507,0.0971,16.4654,480,33.52, -> cash machine (33.5%)
frame_001832,-1.0,3.2609,14.4825,0.1074,17.9088,480,62.95, -> cash machine (63.0%)
frame_001833,-1.0,2.0634,15.0342,0.1005,17.2512,480,41.8, -> cash machine (41.8%)
frame_001834,-1.0,1.5901,15.52,0.1028,17.2678,480,69.13, -> cash machine (69.1%)
frame_001835,-1.0,2.1605,14.6616,0.0942,16.9727,480,40.91, -> cash machine (40.9%)
frame_001836,-1.0,1.6822,13.9491,0.1007,15.787,480,57.27, -> cash machine (57.3%)
frame_001837,-1.0,1.6404,14.3834,0.0992,16.1796,877,35.18, -> turnstile (35.2%)
frame_001838,-1.0,1.7942,14.4307,0.0982,16.3779,480,49.21, -> cash machine (49.2%)
frame_001839,-1.0,1.7892,14.0338,0.1036,15.9826,480,31.78, -> cash machine (31.8%)
frame_001840,-1.0,4.2645,14.5427,0.1007,18.9655,480,43.1, -> cash machine (43.1%)
frame_001841,-1.0,2.5558,14.4087,0.1001,17.1191,480,38.01, -> cash machine (38.0%)
frame_001842,-1.0,1.7548,14.3414,0.1024,16.2558,480,54.44, -> cash machine (54.4%)
frame_001843,-1.0,2.7382,14.1413,0.1037,17.0394,480,38.83, -> cash machine (38.8%)
frame_001844,-1.0,2.2858,13.8461,0.0911,16.2771,480,49.03, -> cash machine (49.0%)
frame_001845,-1.0,1.817,15.1489,0.1064,17.1318,480,53.13, -> cash machine (53.1%)
frame_001846,-1.0,1.8075,14.1741,0.0967,16.1329,480,54.78, -> cash machine (54.8%)
frame_001847,-1.0,1.7082,14.259,0.0911,16.1139,480,42.77, -> cash machine (42.8%)
frame_001848,-1.0,1.8105,13.8484,0.0916,15.8054,480,51.89, -> cash machine (51.9%)
frame_001849,-1.0,2.24,14.1309,0.103,16.5308,480,52.68, -> cash machine (52.7%)
frame_001850,-1.0,1.733,14.2311,0.0957,16.1169,480,50.51, -> cash machine (50.5%)
frame_001851,-1.0,1.7393,14.3839,0.0967,16.2751,480,47.42, -> cash machine (47.4%)
frame_001852,-1.0,1.6109,14.4364,0.0896,16.1879,480,53.93, -> cash machine (53.9%)
frame_001853,-1.0,1.766,14.2907,0.093,16.2041,480,40.13, -> cash machine (40.1%)
frame_001854,-1.0,1.6994,14.8522,0.0894,16.6947,480,55.25, -> cash machine (55.2%)
frame_001855,-1.0,1.7779,14.28,0.097,16.2113,480,47.02, -> cash machine (47.0%)
frame_001856,-1.0,1.7529,14.2649,0.0976,16.1706,480,37.03, -> cash machine (37.0%)
frame_001857,-1.0,1.2397,13.52,0.0929,14.9069,480,36.41, -> cash machine (36.4%)
frame_001858,-1.0,1.6904,14.9533,0.0933,16.7899,480,38.79, -> cash machine (38.8%)
frame_001859,-1.0,4.3941,14.7976,0.0955,19.3417,480,31.85, -> cash machine (31.8%)
frame_001860,-1.0,3.9827,14.5382,0.1036,18.6802,480,29.91, -> cash machine (29.9%)
frame_001861,-1.0,3.5897,14.3437,0.0941,18.0838,480,37.02, -> cash machine (37.0%)
frame_001862,-1.0,2.3422,14.4831,0.1053,16.9851,480,41.05, -> cash machine (41.0%)
frame_001863,-1.0,1.9227,14.4248,0.0981,16.502,480,34.54, -> cash machine (34.5%)
frame_001864,-1.0,1.8056,14.6713,0.0943,16.6265,480,21.98, -> cash machine (22.0%)
frame_001865,-1.0,3.4344,14.5694,0.0953,18.1541,480,29.35, -> cash machine (29.4%)
frame_001866,-1.0,3.837,14.7028,0.1095,18.7053,480,19.54, -> cash machine (19.5%)
frame_001867,-1.0,2.0587,14.3358,0.0945,16.5438,480,34.37, -> cash machine (34.4%)
frame_001868,-1.0,2.3114,14.563,0.0946,17.0239,480,30.15, -> cash machine (30.1%)
frame_001869,-1.0,4.1555,14.7026,0.1103,19.0251,480,34.1, -> cash machine (34.1%)
frame_001870,-1.0,1.6076,15.1013,0.0905,16.8512,480,21.48, -> cash machine (21.5%)
frame_001871,-1.0,1.7911,14.6498,0.0979,16.5921,480,54.47, -> cash machine (54.5%)
frame_001872,-1.0,1.6954,14.6857,0.0956,16.5314,480,41.24, -> cash machine (41.2%)
frame_001873,-1.0,1.5286,13.935,0.0892,15.6036,480,31.67, -> cash machine (31.7%)
frame_001874,-1.0,2.9376,13.4994,0.0929,16.5827,423,15.02, -> barber chair (15.0%)
frame_001875,-1.0,2.245,14.3232,0.1064,16.7297,480,41.01, -> cash machine (41.0%)
frame_001876,-1.0,2.0354,15.1656,0.1068,17.3641,480,34.99, -> cash machine (35.0%)
frame_001877,-1.0,2.2753,14.074,0.1023,16.5067,480,37.51, -> cash machine (37.5%)
frame_001878,-1.0,1.8235,14.7974,0.0995,16.7762,480,27.28, -> cash machine (27.3%)
frame_001879,-1.0,1.7475,14.8206,0.0969,16.7204,713,19.82, -> photocopier (19.8%)
frame_001880,-1.0,1.7128,14.8299,0.1021,16.7013,480,25.05, -> cash machine (25.1%)
frame_001881,-1.0,1.8131,14.4679,0.1039,16.442,713,14.73, -> photocopier (14.7%)
frame_001882,-1.0,1.7555,14.4789,0.1005,16.3871,480,22.91, -> cash machine (22.9%)
frame_001883,-1.0,1.7384,15.0579,0.0955,16.9458,480,31.83, -> cash machine (31.8%)
frame_001884,-1.0,1.6459,14.5597,0.0957,16.3549,480,44.47, -> cash machine (44.5%)
frame_001885,-1.0,1.6817,14.2359,0.101,16.0742,480,15.51, -> cash machine (15.5%)
frame_001886,-1.0,1.7864,14.2692,0.1007,16.2092,480,11.82, -> cash machine (11.8%)
frame_001887,-1.0,3.472,14.3029,0.0969,17.9272,480,15.21, -> cash machine (15.2%)
frame_001888,-1.0,2.2277,14.9368,0.1061,17.328,827,11.31, -> stove (11.3%)
frame_001889,-1.0,2.0136,14.5974,0.0895,16.7542,480,13.88, -> cash machine (13.9%)
frame_001890,-1.0,3.258,14.4516,0.101,17.867,480,25.03, -> cash machine (25.0%)
frame_001891,-1.0,2.5372,14.509,0.0948,17.1953,480,32.77, -> cash machine (32.8%)
frame_001892,-1.0,1.7913,16.3083,0.1136,18.2707,480,34.26, -> cash machine (34.3%)
frame_001893,-1.0,2.0317,14.0592,0.0988,16.246,480,35.19, -> cash machine (35.2%)
frame_001894,-1.0,2.3201,16.3099,0.1126,18.8012,480,25.8, -> cash machine (25.8%)
frame_001895,-1.0,2.0554,14.3135,0.0993,16.5232,480,32.59, -> cash machine (32.6%)
frame_001896,-1.0,1.6732,13.672,0.0996,15.5017,480,30.93, -> cash machine (30.9%)
frame_001897,-1.0,1.7366,14.2567,0.0927,16.1401,480,36.69, -> cash machine (36.7%)
frame_001898,-1.0,1.6559,14.5533,0.0911,16.3537,480,38.72, -> cash machine (38.7%)
frame_001899,-1.0,3.1535,14.4798,0.0949,17.7817,480,53.72, -> cash machine (53.7%)
frame_001900,-1.0,2.0625,13.5036,0.0945,15.7136,480,68.86, -> cash machine (68.9%)
frame_001901,-1.0,1.7119,14.0236,0.0928,15.8812,480,63.25, -> cash machine (63.3%)
frame_001902,-1.0,2.2102,14.0485,0.0938,16.4071,480,73.73, -> cash machine (73.7%)
frame_001903,-1.0,1.7639,14.0476,0.1005,15.9713,480,51.71, -> cash machine (51.7%)
frame_001904,-1.0,3.0992,14.5756,0.1115,17.8438,480,37.39, -> cash machine (37.4%)
frame_001905,-1.0,3.4525,14.3556,0.0971,17.9609,480,39.43, -> cash machine (39.4%)
frame_001906,-1.0,3.5918,14.2601,0.0987,18.0079,480,64.13, -> cash machine (64.1%)
frame_001907,-1.0,3.7092,14.7337,0.0933,18.5927,480,85.66, -> cash machine (85.7%)
frame_001908,-1.0,2.2205,14.9949,0.1042,17.3761,480,66.74, -> cash machine (66.7%)
frame_001909,-1.0,1.6166,13.977,0.0942,15.7417,480,76.42, -> cash machine (76.4%)
frame_001910,-1.0,1.833,13.7762,0.0907,15.7555,480,77.37, -> cash machine (77.4%)
frame_001911,-1.0,1.6946,14.2269,0.0909,16.0609,480,75.72, -> cash machine (75.7%)
frame_001912,-1.0,2.7318,13.3861,0.0926,16.2649,480,59.17, -> cash machine (59.2%)
frame_001913,-1.0,2.3402,14.6366,0.1078,17.1437,480,61.61, -> cash machine (61.6%)
frame_001914,-1.0,1.9461,14.8095,0.1035,16.9157,480,52.51, -> cash machine (52.5%)
frame_001915,-1.0,1.7768,14.5539,0.0879,16.4717,480,45.04, -> cash machine (45.0%)
frame_001916,-1.0,1.789,14.3857,0.0915,16.3184,480,59.31, -> cash machine (59.3%)
frame_001917,-1.0,2.3729,14.5472,0.1074,17.0852,480,58.96, -> cash machine (59.0%)
frame_001918,-1.0,1.8106,14.6477,0.0951,16.6082,480,58.36, -> cash machine (58.4%)
frame_001919,-1.0,1.7108,14.1569,0.1008,16.0256,480,27.55, -> cash machine (27.6%)
frame_001920,-1.0,1.7973,15.2984,0.095,17.2446,480,29.76, -> cash machine (29.8%)
frame_001921,-1.0,2.3479,14.4319,0.1008,16.9386,480,32.23, -> cash machine (32.2%)
frame_001922,-1.0,1.8958,14.8955,0.0953,16.9436,480,40.75, -> cash machine (40.8%)
frame_001923,-1.0,1.9092,14.2078,0.1036,16.2773,480,41.14, -> cash machine (41.1%)
frame_001924,-1.0,1.8857,14.3082,0.1065,16.3586,480,30.82, -> cash machine (30.8%)
frame_001925,-1.0,1.3302,13.9382,0.0982,15.4214,480,39.92, -> cash machine (39.9%)
frame_001926,-1.0,1.9229,14.5673,0.0964,16.6414,713,20.17, -> photocopier (20.2%)
frame_001927,-1.0,1.8121,14.0951,0.0965,16.0585,480,23.54, -> cash machine (23.5%)
frame_001928,-1.0,1.8796,14.1126,0.0982,16.1473,480,23.66, -> cash machine (23.7%)
frame_001929,-1.0,1.778,14.9258,0.102,16.8628,480,38.95, -> cash machine (39.0%)
frame_001930,-1.0,2.2879,14.3715,0.0959,16.8096,480,20.01, -> cash machine (20.0%)
frame_001931,-1.0,1.7591,14.798,0.1053,16.7219,480,26.94, -> cash machine (26.9%)
frame_001932,-1.0,1.6406,14.0076,0.098,15.8006,480,23.56, -> cash machine (23.6%)
frame_001933,-1.0,1.8503,14.4281,0.098,16.4312,480,29.16, -> cash machine (29.2%)
frame_001934,-1.0,1.7724,14.6032,0.0943,16.5232,480,41.35, -> cash machine (41.4%)
frame_001935,-1.0,1.7081,14.0438,0.0976,15.9048,480,34.04, -> cash machine (34.0%)
frame_001936,-1.0,1.7855,14.4369,0.0939,16.3704,896,9.39, -> washbasin (9.4%)
frame_001937,-1.0,1.7,14.5184,0.0924,16.3642,480,45.06, -> cash machine (45.1%)
frame_001938,-1.0,1.7103,14.2827,0.1046,16.1544,480,28.91, -> cash machine (28.9%)
frame_001939,-1.0,1.653,14.1461,0.0901,15.9419,480,24.74, -> cash machine (24.7%)
frame_001940,-1.0,1.6602,14.6878,0.1085,16.515,480,40.36, -> cash machine (40.4%)
frame_001941,-1.0,3.9881,13.9231,0.1104,18.0787,480,37.72, -> cash machine (37.7%)
frame_001942,-1.0,1.9323,13.8422,0.1012,15.9322,480,29.9, -> cash machine (29.9%)
frame_001943,-1.0,2.3869,14.1629,0.1065,16.7136,480,25.25, -> cash machine (25.2%)
frame_001944,-1.0,1.772,14.2062,0.1006,16.1363,480,16.63, -> cash machine (16.6%)
frame_001945,-1.0,1.614,15.9632,0.1077,17.7418,877,15.97, -> turnstile (16.0%)
frame_001946,-1.0,2.5159,13.9535,0.0996,16.626,877,17.12, -> turnstile (17.1%)
frame_001947,-1.0,1.6951,14.6604,0.0983,16.5088,480,18.65, -> cash machine (18.7%)
frame_001948,-1.0,2.3522,14.2086,0.0922,16.7081,877,47.6, -> turnstile (47.6%)
frame_001949,-1.0,1.7668,14.4784,0.0982,16.4019,877,15.61, -> turnstile (15.6%)
frame_001950,-1.0,1.7009,14.4984,0.1053,16.3628,877,11.76, -> turnstile (11.8%)
frame_001951,-1.0,1.6747,14.1284,0.1064,15.9676,877,8.04, -> turnstile (8.0%)
frame_001952,-1.0,1.7195,13.9651,0.0961,15.8344,877,20.52, -> turnstile (20.5%)
frame_001953,-1.0,2.3426,14.2357,0.099,16.7323,877,22.56, -> turnstile (22.6%)
frame_001954,-1.0,1.8379,14.9214,0.0975,16.9107,877,20.01, -> turnstile (20.0%)
frame_001955,-1.0,1.7884,14.5281,0.1005,16.4715,877,15.57, -> turnstile (15.6%)
frame_001956,-1.0,1.7858,14.3514,0.0956,16.2887,480,15.26, -> cash machine (15.3%)
frame_001957,-1.0,1.7985,14.5601,0.1002,16.5144,480,16.24, -> cash machine (16.2%)
frame_001958,-1.0,4.7077,14.6209,0.1065,19.4906,877,19.85, -> turnstile (19.8%)
frame_001959,-1.0,2.2442,14.3885,0.1011,16.7879,877,16.81, -> turnstile (16.8%)
frame_001960,-1.0,3.6917,15.0758,0.0968,18.9194,877,19.32, -> turnstile (19.3%)
frame_001961,-1.0,2.2455,14.5157,0.0967,16.9131,480,18.62, -> cash machine (18.6%)
frame_001962,-1.0,2.005,14.1453,0.0977,16.3029,480,15.88, -> cash machine (15.9%)
frame_001963,-1.0,2.3504,13.9132,0.0927,16.4112,480,25.83, -> cash machine (25.8%)
frame_001964,-1.0,1.7862,14.5604,0.0889,16.4873,480,16.8, -> cash machine (16.8%)
frame_001965,-1.0,1.7439,14.8298,0.0967,16.7246,480,23.88, -> cash machine (23.9%)
frame_001966,-1.0,1.7178,14.2574,0.0969,16.1272,480,23.16, -> cash machine (23.2%)
frame_001967,-1.0,1.7885,14.1081,0.1037,16.0553,480,42.3, -> cash machine (42.3%)
frame_001968,-1.0,1.7408,14.4627,0.0969,16.3551,480,24.75, -> cash machine (24.7%)
frame_001969,-1.0,1.6668,15.0515,0.1014,16.8753,877,18.48, -> turnstile (18.5%)
frame_001970,-1.0,1.7859,15.0668,0.1024,17.0093,480,13.38, -> cash machine (13.4%)
frame_001971,-1.0,2.3429,14.0616,0.0953,16.5549,480,17.84, -> cash machine (17.8%)
frame_001972,-1.0,1.7833,14.6189,0.0993,16.5554,480,13.59, -> cash machine (13.6%)
frame_001973,-1.0,1.6959,14.4477,0.1024,16.3019,480,16.97, -> cash machine (17.0%)
frame_001974,-1.0,1.685,14.3924,0.0954,16.2267,480,20.82, -> cash machine (20.8%)
frame_001975,-1.0,1.6875,14.6289,0.0959,16.4658,480,15.57, -> cash machine (15.6%)
frame_001976,-1.0,3.2338,14.6844,0.0931,18.0654,480,17.77, -> cash machine (17.8%)
frame_001977,-1.0,2.2879,14.7265,0.1052,17.1745,713,11.43, -> photocopier (11.4%)
frame_001978,-1.0,1.957,14.8343,0.1033,16.9505,713,9.01, -> photocopier (9.0%)
frame_001979,-1.0,3.6085,14.2069,0.1042,17.9749,480,20.53, -> cash machine (20.5%)
frame_001980,-1.0,1.9503,15.2053,0.1075,17.3202,480,11.79, -> cash machine (11.8%)
frame_001981,-1.0,1.9467,14.2789,0.0946,16.3728,480,9.92, -> cash machine (9.9%)
frame_001982,-1.0,1.7833,14.4402,0.1021,16.381,480,10.09, -> cash machine (10.1%)
frame_001983,-1.0,1.8125,14.5299,0.1003,16.5022,480,11.69, -> cash machine (11.7%)
frame_001984,-1.0,2.3332,14.3416,0.101,16.8322,480,11.05, -> cash machine (11.1%)
frame_001985,-1.0,1.6305,14.2937,0.0981,16.0784,480,14.76, -> cash machine (14.8%)
frame_001986,-1.0,1.6242,14.2162,0.101,15.9967,480,13.6, -> cash machine (13.6%)
frame_001987,-1.0,1.8227,14.7045,0.0968,16.6794,480,13.62, -> cash machine (13.6%)
frame_001988,-1.0,1.7723,13.9764,0.0925,15.8933,480,11.19, -> cash machine (11.2%)
frame_001989,-1.0,3.7186,14.5738,0.1021,18.4517,480,14.74, -> cash machine (14.7%)
frame_001990,-1.0,3.4235,15.4326,0.1073,19.0205,480,14.44, -> cash machine (14.4%)
frame_001991,-1.0,1.9797,14.1936,0.095,16.323,480,15.03, -> cash machine (15.0%)
frame_001992,-1.0,1.7292,14.1495,0.0918,16.0221,480,16.26, -> cash machine (16.3%)
frame_001993,-1.0,2.9745,14.4516,0.0937,17.5761,480,14.71, -> cash machine (14.7%)
frame_001994,-1.0,3.3674,14.3529,0.0985,17.8742,480,18.64, -> cash machine (18.6%)
frame_001995,-1.0,2.2724,14.5302,0.1029,16.9626,480,8.39, -> cash machine (8.4%)
frame_001996,-1.0,2.4683,14.5385,0.0981,17.1607,760,12.55, -> refrigerator (12.6%)
frame_001997,-1.0,1.7731,14.6347,0.0958,16.5573,760,17.72, -> refrigerator (17.7%)
frame_001998,-1.0,1.8031,14.2656,0.0984,16.2202,480,13.13, -> cash machine (13.1%)
frame_001999,-1.0,1.4738,14.0574,0.0929,15.6762,877,12.8, -> turnstile (12.8%)
frame_002000,-1.0,2.2963,13.6158,0.0973,16.0634,480,10.25, -> cash machine (10.3%)
frame_002001,-1.0,1.8436,14.8197,0.0977,16.8158,877,8.39, -> turnstile (8.4%)
frame_002002,-1.0,1.7693,14.3593,0.1,16.2838,877,10.47, -> turnstile (10.5%)
frame_002003,-1.0,3.5123,14.9089,0.0984,18.5739,480,9.41, -> cash machine (9.4%)
frame_002004,-1.0,2.0489,13.9289,0.1076,16.1446,480,10.02, -> cash machine (10.0%)
frame_002005,-1.0,1.7481,14.1148,0.1156,16.0391,713,10.42, -> photocopier (10.4%)
frame_002006,-1.0,2.4848,14.5299,0.0975,17.1666,713,15.1, -> photocopier (15.1%)
frame_002007,-1.0,4.4812,14.542,0.1053,19.1846,480,11.12, -> cash machine (11.1%)
frame_002008,-1.0,3.8094,15.2641,0.1008,19.2283,480,16.84, -> cash machine (16.8%)
frame_002009,-1.0,3.5376,14.8777,0.1022,18.5763,480,17.32, -> cash machine (17.3%)
frame_002010,-1.0,2.352,13.9748,0.1006,16.484,480,14.82, -> cash machine (14.8%)
frame_002011,-1.0,2.1466,14.2423,0.1005,16.5458,480,14.24, -> cash machine (14.2%)
frame_002012,-1.0,2.3525,14.1615,0.1021,16.6719,713,15.48, -> photocopier (15.5%)
frame_002013,-1.0,1.6533,13.8808,0.1029,15.6937,480,39.25, -> cash machine (39.2%)
frame_002014,-1.0,2.3272,13.636,0.0936,16.1092,480,37.91, -> cash machine (37.9%)
frame_002015,-1.0,1.9157,14.7654,0.1002,16.836,480,34.25, -> cash machine (34.3%)
frame_002016,-1.0,1.614,13.8685,0.0943,15.6318,480,29.56, -> cash machine (29.6%)
frame_002017,-1.0,1.6977,14.4823,0.0907,16.3244,480,27.16, -> cash machine (27.2%)
frame_002018,-1.0,4.3475,15.0916,0.1057,19.6018,480,28.67, -> cash machine (28.7%)
frame_002019,-1.0,1.9461,14.0725,0.1068,16.1824,480,24.85, -> cash machine (24.9%)
frame_002020,-1.0,2.0862,14.3216,0.0985,16.5624,480,19.69, -> cash machine (19.7%)
frame_002021,-1.0,1.7699,14.776,0.0987,16.7023,480,19.06, -> cash machine (19.1%)
frame_002022,-1.0,1.7343,14.4519,0.0967,16.3389,760,21.19, -> refrigerator (21.2%)
frame_002023,-1.0,1.7649,14.7782,0.0974,16.6982,553,9.31, -> file (9.3%)
frame_002024,-1.0,1.7665,14.1537,0.097,16.0715,480,27.93, -> cash machine (27.9%)
frame_002025,-1.0,1.7816,14.2825,0.094,16.2143,480,22.55, -> cash machine (22.6%)
frame_002026,-1.0,1.7097,14.5377,0.0945,16.3955,480,29.86, -> cash machine (29.9%)
frame_002027,-1.0,1.7763,14.5577,0.0938,16.4828,877,16.76, -> turnstile (16.8%)
frame_002028,-1.0,1.71,14.69,0.0958,16.5496,553,11.78, -> file (11.8%)
frame_002029,-1.0,1.6769,14.1759,0.0985,16.006,526,8.64, -> desk (8.6%)
frame_002030,-1.0,1.772,17.3686,0.1052,19.3048,760,14.97, -> refrigerator (15.0%)
frame_002031,-1.0,4.1889,14.392,0.1046,18.7415,760,11.87, -> refrigerator (11.9%)
frame_002032,-1.0,3.5711,14.6339,0.0928,18.3527,760,16.96, -> refrigerator (17.0%)
frame_002033,-1.0,2.1436,14.6912,0.1056,16.9979,480,12.85, -> cash machine (12.8%)
frame_002034,-1.0,1.9542,14.5269,0.0944,16.6291,760,18.59, -> refrigerator (18.6%)
frame_002035,-1.0,1.8404,14.0188,0.1028,16.0185,760,21.81, -> refrigerator (21.8%)
frame_002036,-1.0,1.7224,14.6508,0.0955,16.5225,526,13.09, -> desk (13.1%)
frame_002037,-1.0,1.7116,14.4096,0.0903,16.2638,760,18.27, -> refrigerator (18.3%)
frame_002038,-1.0,1.5871,13.5796,0.0921,15.3116,713,12.95, -> photocopier (12.9%)
frame_002039,-1.0,1.67,14.1898,0.1047,16.0188,713,9.51, -> photocopier (9.5%)
frame_002040,-1.0,1.7285,14.1951,0.1022,16.082,713,17.91, -> photocopier (17.9%)
frame_002041,-1.0,1.7505,14.4457,0.1013,16.3552,480,40.51, -> cash machine (40.5%)
frame_002042,-1.0,1.6174,14.1887,0.0953,15.954,480,18.0, -> cash machine (18.0%)
frame_002043,-1.0,3.5155,14.3874,0.1,18.059,480,28.99, -> cash machine (29.0%)
frame_002044,-1.0,2.5955,14.0779,0.0999,16.8298,760,20.02, -> refrigerator (20.0%)
frame_002045,-1.0,2.0993,13.9666,0.1007,16.2219,480,20.14, -> cash machine (20.1%)
frame_002046,-1.0,1.7717,14.2159,0.1072,16.1534,480,18.64, -> cash machine (18.6%)
frame_002047,-1.0,1.8256,14.2601,0.092,16.2317,480,51.53, -> cash machine (51.5%)
frame_002048,-1.0,1.7129,14.3566,0.0956,16.2198,480,72.57, -> cash machine (72.6%)
frame_002049,-1.0,1.7698,13.8556,0.0916,15.7707,480,46.47, -> cash machine (46.5%)
frame_002050,-1.0,1.7388,13.9494,0.0982,15.8419,480,44.4, -> cash machine (44.4%)
frame_002051,-1.0,1.805,14.0349,0.1015,15.9983,480,41.85, -> cash machine (41.8%)
frame_002052,-1.0,1.687,13.9724,0.1003,15.8151,480,40.96, -> cash machine (41.0%)
frame_002053,-1.0,1.5916,14.0818,0.0936,15.8241,480,43.01, -> cash machine (43.0%)
frame_002054,-1.0,1.808,14.4869,0.0928,16.4436,480,72.64, -> cash machine (72.6%)
frame_002055,-1.0,2.0878,13.6543,0.0888,15.8862,480,77.4, -> cash machine (77.4%)
frame_002056,-1.0,1.7837,14.4513,0.1014,16.3914,480,58.47, -> cash machine (58.5%)
frame_002057,-1.0,1.7326,14.0358,0.1011,15.9246,480,75.29, -> cash machine (75.3%)
frame_002058,-1.0,1.7102,14.6507,0.0977,16.5137,480,69.61, -> cash machine (69.6%)
frame_002059,-1.0,1.759,14.3537,0.0935,16.26,480,52.05, -> cash machine (52.0%)
frame_002060,-1.0,1.7678,14.3354,0.0926,16.2483,480,64.44, -> cash machine (64.4%)
frame_002061,-1.0,1.7448,14.391,0.0933,16.2832,480,47.4, -> cash machine (47.4%)
frame_002062,-1.0,1.8295,13.9149,0.0955,15.894,480,42.35, -> cash machine (42.3%)
frame_002063,-1.0,4.1575,14.5549,0.1043,18.868,480,18.58, -> cash machine (18.6%)
frame_002064,-1.0,3.7374,14.5397,0.1045,18.4374,480,34.41, -> cash machine (34.4%)
frame_002065,-1.0,3.5893,14.3097,0.0977,18.0504,480,28.46, -> cash machine (28.5%)
frame_002066,-1.0,2.1881,14.3773,0.1052,16.7275,713,37.98, -> photocopier (38.0%)
frame_002067,-1.0,3.7032,14.3823,0.1111,18.2532,480,26.97, -> cash machine (27.0%)
frame_002068,-1.0,1.8576,14.311,0.0957,16.3199,480,41.32, -> cash machine (41.3%)
frame_002069,-1.0,2.2656,14.2598,0.0998,16.6814,480,27.0, -> cash machine (27.0%)
frame_002070,-1.0,1.7845,14.1827,0.0989,16.1209,480,42.02, -> cash machine (42.0%)
frame_002071,-1.0,1.7601,14.2031,0.0956,16.1113,480,30.84, -> cash machine (30.8%)
frame_002072,-1.0,1.6923,14.4411,0.0966,16.2828,480,46.39, -> cash machine (46.4%)
frame_002073,-1.0,2.1298,14.1265,0.1033,16.4153,480,40.55, -> cash machine (40.6%)
frame_002074,-1.0,1.8146,14.9323,0.0973,16.8992,480,60.53, -> cash machine (60.5%)
frame_002075,-1.0,1.8223,14.3867,0.0938,16.3575,480,32.84, -> cash machine (32.8%)
frame_002076,-1.0,1.7245,14.0188,0.0954,15.8924,480,31.11, -> cash machine (31.1%)
frame_002077,-1.0,1.7961,14.2413,0.0932,16.1885,480,40.49, -> cash machine (40.5%)
frame_002078,-1.0,3.1168,14.4541,0.1084,17.7355,480,25.39, -> cash machine (25.4%)
frame_002079,-1.0,4.2353,14.2832,0.0941,18.6691,713,21.23, -> photocopier (21.2%)
frame_002080,-1.0,2.0548,14.3254,0.1064,16.5436,480,26.93, -> cash machine (26.9%)
frame_002081,-1.0,2.0531,14.6437,0.1066,16.8621,480,28.58, -> cash machine (28.6%)
frame_002082,-1.0,3.6347,14.32,0.1038,18.118,553,14.79, -> file (14.8%)
frame_002083,-1.0,1.9734,14.3435,0.0987,16.4723,553,10.06, -> file (10.1%)
frame_002084,-1.0,2.4167,14.4153,0.1035,16.9923,480,11.75, -> cash machine (11.7%)
frame_002085,-1.0,2.4537,14.4115,0.0992,17.0183,553,12.88, -> file (12.9%)
frame_002086,-1.0,1.7345,14.1958,0.0969,16.0815,553,13.07, -> file (13.1%)
frame_002087,-1.0,1.7452,14.2985,0.0964,16.1945,771,11.65, -> safe (11.7%)
frame_002088,-1.0,1.7536,14.0671,0.1033,15.9801,713,20.73, -> photocopier (20.7%)
frame_002089,-1.0,1.744,14.2911,0.1031,16.1954,713,16.58, -> photocopier (16.6%)
frame_002090,-1.0,1.6854,14.0974,0.1023,15.941,713,13.13, -> photocopier (13.1%)
frame_002091,-1.0,1.7829,14.5874,0.0925,16.5173,713,16.69, -> photocopier (16.7%)
frame_002092,-1.0,1.6991,13.822,0.0877,15.6629,526,11.57, -> desk (11.6%)
frame_002093,-1.0,2.9465,14.2123,0.0933,17.3075,526,14.49, -> desk (14.5%)
frame_002094,-1.0,2.2058,14.2237,0.1113,16.5993,897,12.51, -> washer (12.5%)
frame_002095,-1.0,2.0272,13.8281,0.0937,16.0073,713,23.47, -> photocopier (23.5%)
frame_002096,-1.0,1.6946,13.9676,0.1059,15.8279,713,14.69, -> photocopier (14.7%)
frame_002097,-1.0,1.6835,14.2912,0.094,16.1226,526,26.48, -> desk (26.5%)
frame_002098,-1.0,1.7719,14.5211,0.0989,16.4462,713,16.94, -> photocopier (16.9%)
frame_002099,-1.0,1.6971,14.1337,0.0953,15.9805,526,14.47, -> desk (14.5%)
frame_002100,-1.0,1.674,14.3945,0.1017,16.2263,526,15.7, -> desk (15.7%)
frame_002101,-1.0,1.8153,14.1352,0.0913,16.095,526,20.17, -> desk (20.2%)
frame_002102,-1.0,1.7896,14.4619,0.0965,16.401,526,17.83, -> desk (17.8%)
frame_002103,-1.0,4.1005,14.5197,0.0963,18.772,526,12.08, -> desk (12.1%)
frame_002104,-1.0,1.7698,13.7065,0.0937,15.624,526,20.44, -> desk (20.4%)
frame_002105,-1.0,1.802,14.2083,0.1064,16.1773,480,17.15, -> cash machine (17.1%)
frame_002106,-1.0,1.8448,14.1647,0.1034,16.1698,526,14.71, -> desk (14.7%)
frame_002107,-1.0,2.9809,14.3848,0.1008,17.5217,526,13.82, -> desk (13.8%)
frame_002108,-1.0,2.3425,14.7043,0.107,17.2132,526,19.19, -> desk (19.2%)
frame_002109,-1.0,1.9795,15.0384,0.0984,17.1725,526,13.58, -> desk (13.6%)
frame_002110,-1.0,1.8674,14.2532,0.0968,16.2708,526,10.43, -> desk (10.4%)
frame_002111,-1.0,1.81,14.6816,0.1027,16.6504,526,11.52, -> desk (11.5%)
frame_002112,-1.0,1.7135,15.3462,0.0971,17.2116,526,14.8, -> desk (14.8%)
frame_002113,-1.0,3.4399,14.7198,0.0922,18.3074,526,13.38, -> desk (13.4%)
frame_002114,-1.0,3.5351,14.4005,0.097,18.0875,526,11.63, -> desk (11.6%)
frame_002115,-1.0,3.3087,14.4971,0.0959,17.9569,526,12.59, -> desk (12.6%)
frame_002116,-1.0,4.1156,14.7604,0.1048,19.0371,526,16.46, -> desk (16.5%)
frame_002117,-1.0,3.1879,14.3892,0.0955,17.7294,526,11.53, -> desk (11.5%)
frame_002118,-1.0,3.3023,14.3963,0.1032,17.8582,526,21.37, -> desk (21.4%)
frame_002119,-1.0,2.9586,14.4238,0.0958,17.533,526,29.11, -> desk (29.1%)
frame_002120,-1.0,3.8117,15.1449,0.1019,19.1144,526,23.25, -> desk (23.3%)
frame_002121,-1.0,3.3604,14.5644,0.0963,18.0773,526,18.41, -> desk (18.4%)
frame_002122,-1.0,2.2792,14.6894,0.0958,17.1191,526,27.13, -> desk (27.1%)
frame_002123,-1.0,1.7927,14.0523,0.0936,15.9926,526,25.75, -> desk (25.7%)
frame_002124,-1.0,2.7884,14.4901,0.1087,17.4447,526,26.28, -> desk (26.3%)
frame_002125,-1.0,1.424,13.7031,0.097,15.2793,713,18.24, -> photocopier (18.2%)
frame_002126,-1.0,1.8799,14.8532,0.0969,16.8855,526,31.13, -> desk (31.1%)
frame_002127,-1.0,1.8839,14.4913,0.0968,16.5272,526,17.45, -> desk (17.5%)
frame_002128,-1.0,3.8647,14.6819,0.0955,18.6987,526,24.07, -> desk (24.1%)
frame_002129,-1.0,2.1434,14.6781,0.0946,16.9718,713,15.64, -> photocopier (15.6%)
frame_002130,-1.0,1.703,15.1698,0.0878,17.0139,526,14.73, -> desk (14.7%)
frame_002131,-1.0,2.415,14.2143,0.1025,16.7894,526,14.16, -> desk (14.2%)
frame_002132,-1.0,1.8434,14.6528,0.0932,16.643,877,10.21, -> turnstile (10.2%)
frame_002133,-1.0,1.7223,14.5193,0.0976,16.3966,526,14.07, -> desk (14.1%)
frame_002134,-1.0,1.7711,14.2661,0.0921,16.1848,713,14.13, -> photocopier (14.1%)
frame_002135,-1.0,3.0116,13.9289,0.1036,17.1018,713,18.98, -> photocopier (19.0%)
frame_002136,-1.0,1.9524,14.774,0.1035,16.8863,713,12.67, -> photocopier (12.7%)
frame_002137,-1.0,1.8361,14.3156,0.0977,16.3038,480,18.93, -> cash machine (18.9%)
frame_002138,-1.0,1.844,14.645,0.0898,16.6309,713,11.14, -> photocopier (11.1%)
frame_002139,-1.0,2.3172,13.3334,0.0941,15.8008,713,11.62, -> photocopier (11.6%)
frame_002140,-1.0,2.3039,14.4827,0.1025,16.9455,480,30.93, -> cash machine (30.9%)
frame_002141,-1.0,2.062,14.6204,0.1028,16.8424,480,24.65, -> cash machine (24.6%)
frame_002142,-1.0,2.4776,14.3857,0.1037,17.0248,480,22.69, -> cash machine (22.7%)
frame_002143,-1.0,1.7492,14.3358,0.1047,16.2482,799,14.59, -> sliding door (14.6%)
frame_002144,-1.0,1.7874,14.5341,0.0932,16.4697,480,13.77, -> cash machine (13.8%)
frame_002145,-1.0,1.8332,14.7907,0.0949,16.7744,778,13.48, -> scale (13.5%)
frame_002146,-1.0,3.4234,14.2217,0.0983,17.7985,713,16.37, -> photocopier (16.4%)
frame_002147,-1.0,3.7095,14.7109,0.0997,18.5745,480,21.83, -> cash machine (21.8%)
frame_002148,-1.0,3.5711,14.3145,0.1091,18.0509,713,31.9, -> photocopier (31.9%)
frame_002149,-1.0,2.1534,14.8769,0.0898,17.1736,713,19.27, -> photocopier (19.3%)
frame_002150,-1.0,2.3486,13.8367,0.0955,16.3364,778,15.92, -> scale (15.9%)
frame_002151,-1.0,1.6357,14.0808,0.0911,15.8612,713,39.42, -> photocopier (39.4%)
frame_002152,-1.0,1.6952,14.4189,0.1027,16.2726,713,48.12, -> photocopier (48.1%)
frame_002153,-1.0,1.7968,14.4569,0.1024,16.4135,713,56.79, -> photocopier (56.8%)
frame_002154,-1.0,1.8097,14.2844,0.0988,16.2469,713,32.87, -> photocopier (32.9%)
frame_002155,-1.0,1.7662,14.4135,0.1021,16.3378,713,29.27, -> photocopier (29.3%)
frame_002156,-1.0,1.8058,14.6402,0.0976,16.5979,713,26.47, -> photocopier (26.5%)
frame_002157,-1.0,1.8583,14.9668,0.0925,16.9708,713,10.79, -> photocopier (10.8%)
frame_002158,-1.0,1.7967,14.9175,0.1012,16.8713,859,11.63, -> toaster (11.6%)
frame_002159,-1.0,1.7739,14.4182,0.1026,16.3496,859,19.09, -> toaster (19.1%)
frame_002160,-1.0,1.7638,14.2751,0.0998,16.193,760,47.73, -> refrigerator (47.7%)
frame_002161,-1.0,1.3123,13.6754,0.096,15.1391,760,42.22, -> refrigerator (42.2%)
frame_002162,-1.0,1.772,14.388,0.1007,16.3168,760,47.71, -> refrigerator (47.7%)
frame_002163,-1.0,1.7924,15.0231,0.0977,16.9676,760,66.3, -> refrigerator (66.3%)
frame_002164,-1.0,1.7749,14.2815,0.102,16.2142,760,60.51, -> refrigerator (60.5%)
frame_002165,-1.0,4.1547,14.9351,0.0993,19.2442,760,62.3, -> refrigerator (62.3%)
frame_002166,-1.0,2.1657,14.7891,0.1048,17.1171,760,68.08, -> refrigerator (68.1%)
frame_002167,-1.0,2.2216,14.9778,0.0934,17.347,760,35.62, -> refrigerator (35.6%)
frame_002168,-1.0,1.5559,14.2182,0.1011,15.9322,760,47.71, -> refrigerator (47.7%)
frame_002169,-1.0,2.4984,14.8267,0.0956,17.4761,760,33.49, -> refrigerator (33.5%)
frame_002170,-1.0,1.7323,15.0626,0.0935,16.9442,760,52.93, -> refrigerator (52.9%)
frame_002171,-1.0,1.2676,13.6393,0.0891,15.0504,760,50.31, -> refrigerator (50.3%)
frame_002172,-1.0,1.7932,15.0115,0.0972,16.9561,760,16.4, -> refrigerator (16.4%)
frame_002173,-1.0,1.8466,14.6559,0.0935,16.6508,897,12.56, -> washer (12.6%)
frame_002174,-1.0,3.1717,14.5915,0.0953,17.9129,894,8.74, -> wardrobe (8.7%)
frame_002175,-1.0,2.2816,14.3686,0.1022,16.8097,799,10.61, -> sliding door (10.6%)
frame_002176,-1.0,2.1148,13.7868,0.092,16.0469,894,5.94, -> wardrobe (5.9%)
frame_002177,-1.0,1.7389,14.2233,0.0965,16.1141,799,7.57, -> sliding door (7.6%)
frame_002178,-1.0,1.8414,14.7554,0.0878,16.739,799,9.51, -> sliding door (9.5%)
frame_002179,-1.0,1.7618,14.9302,0.0991,16.8464,799,6.82, -> sliding door (6.8%)
frame_002180,-1.0,2.4069,14.4477,0.0942,17.0032,423,9.82, -> barber chair (9.8%)
frame_002181,-1.0,1.8918,14.3338,0.0962,16.3762,799,7.16, -> sliding door (7.2%)
frame_002182,-1.0,1.9115,14.5478,0.0897,16.6023,553,9.52, -> file (9.5%)
frame_002183,-1.0,1.7776,15.0536,0.1063,16.9952,526,12.93, -> desk (12.9%)
frame_002184,-1.0,1.2784,13.9699,0.0894,15.3925,579,8.45, -> grand piano (8.4%)
frame_002185,-1.0,1.8999,14.5732,0.0941,16.6216,526,9.58, -> desk (9.6%)
frame_002186,-1.0,1.7409,14.871,0.0949,16.7618,526,8.81, -> desk (8.8%)
frame_002187,-1.0,1.7594,13.8392,0.0975,15.7535,423,8.59, -> barber chair (8.6%)
frame_002188,-1.0,3.0287,14.4166,0.0984,17.5994,526,16.24, -> desk (16.2%)
frame_002189,-1.0,2.197,14.5187,0.1106,16.8846,526,23.84, -> desk (23.8%)
frame_002190,-1.0,2.0595,14.0059,0.1001,16.222,422,20.16, -> barbell (20.2%)
frame_002191,-1.0,1.7104,14.6586,0.091,16.5137,422,18.95, -> barbell (18.9%)
frame_002192,-1.0,1.876,14.9144,0.101,16.9467,598,14.79, -> home theater (14.8%)
frame_002193,-1.0,1.8322,14.5474,0.1035,16.5403,598,14.05, -> home theater (14.1%)
frame_002194,-1.0,2.4735,13.7258,0.1008,16.3558,422,21.66, -> barbell (21.7%)
frame_002195,-1.0,1.8465,15.2869,0.1065,17.2968,526,23.78, -> desk (23.8%)
frame_002196,-1.0,1.7557,14.5782,0.0965,16.4837,598,25.01, -> home theater (25.0%)
frame_002197,-1.0,1.8941,14.8107,0.1007,16.8622,526,39.73, -> desk (39.7%)
frame_002198,-1.0,1.7877,14.857,0.0937,16.7918,423,23.25, -> barber chair (23.3%)
frame_002199,-1.0,1.8571,14.5302,0.0977,16.5401,851,24.31, -> television (24.3%)
frame_002200,-1.0,1.7483,15.0761,0.1028,16.9849,526,30.81, -> desk (30.8%)
frame_002201,-1.0,1.8344,14.4417,0.1036,16.4379,526,55.43, -> desk (55.4%)
frame_002202,-1.0,1.7066,14.2866,0.1071,16.1573,526,21.45, -> desk (21.4%)
frame_002203,-1.0,1.914,15.2725,0.1092,17.3549,424,19.77, -> barbershop (19.8%)
frame_002204,-1.0,1.3322,13.5722,0.1009,15.0594,423,28.0, -> barber chair (28.0%)
frame_002205,-1.0,1.8112,14.6021,0.096,16.5632,423,25.03, -> barber chair (25.0%)
frame_002206,-1.0,1.8945,14.432,0.1128,16.4994,877,24.49, -> turnstile (24.5%)
frame_002207,-1.0,1.2446,13.5832,0.093,14.9744,423,23.14, -> barber chair (23.1%)
frame_002208,-1.0,1.726,14.5826,0.1076,16.4744,423,35.86, -> barber chair (35.9%)
frame_002209,-1.0,1.8006,14.4937,0.0922,16.4429,877,44.52, -> turnstile (44.5%)
frame_002210,-1.0,3.2444,13.6509,0.0931,17.0441,423,26.02, -> barber chair (26.0%)
frame_002211,-1.0,3.8772,14.1287,0.0935,18.1557,423,27.16, -> barber chair (27.2%)
frame_002212,-1.0,2.3186,14.8033,0.097,17.2766,424,30.06, -> barbershop (30.1%)
frame_002213,-1.0,1.973,14.2406,0.1015,16.3714,424,11.81, -> barbershop (11.8%)
frame_002214,-1.0,2.0798,14.8716,0.1081,17.1162,424,20.37, -> barbershop (20.4%)
frame_002215,-1.0,2.1155,14.6782,0.1038,16.956,424,26.18, -> barbershop (26.2%)
frame_002216,-1.0,1.6484,14.7744,0.0961,16.5732,561,12.25, -> forklift (12.3%)
frame_002217,-1.0,1.5251,14.6377,0.093,16.3087,424,29.53, -> barbershop (29.5%)
frame_002218,-1.0,1.8258,14.276,0.0972,16.2563,424,33.46, -> barbershop (33.5%)
frame_002219,-1.0,1.6703,14.4205,0.0892,16.2312,561,10.81, -> forklift (10.8%)
frame_002220,-1.0,2.0083,14.7569,0.1052,16.9283,423,28.69, -> barber chair (28.7%)
frame_002221,-1.0,2.3658,14.1638,0.0911,16.6753,424,12.31, -> barbershop (12.3%)
frame_002222,-1.0,1.7608,14.872,0.0973,16.7835,424,17.29, -> barbershop (17.3%)
frame_002223,-1.0,1.8604,14.3988,0.1009,16.414,424,12.47, -> barbershop (12.5%)
frame_002224,-1.0,1.737,13.8976,0.0943,15.783,424,20.06, -> barbershop (20.1%)
frame_002225,-1.0,1.8296,14.0975,0.0913,16.0737,424,19.39, -> barbershop (19.4%)
frame_002226,-1.0,4.7292,14.6043,0.1034,19.4926,526,13.43, -> desk (13.4%)
frame_002227,-1.0,2.2542,15.1521,0.1091,17.5718,424,14.58, -> barbershop (14.6%)
frame_002228,-1.0,3.4359,14.2916,0.1111,17.8949,851,16.63, -> television (16.6%)
frame_002229,-1.0,2.3053,15.3624,0.1057,17.8302,851,18.77, -> television (18.8%)
frame_002230,-1.0,1.8409,14.3681,0.0998,16.3632,424,10.84, -> barbershop (10.8%)
frame_002231,-1.0,1.8831,14.766,0.1012,16.8062,851,10.33, -> television (10.3%)
frame_002232,-1.0,1.5315,14.0406,0.1027,15.7313,424,10.57, -> barbershop (10.6%)
frame_002233,-1.0,1.8019,14.8982,0.0907,16.8437,424,15.51, -> barbershop (15.5%)
frame_002234,-1.0,1.8216,14.2448,0.0966,16.2178,851,15.62, -> television (15.6%)
frame_002235,-1.0,1.3081,13.5891,0.0974,15.0496,851,28.87, -> television (28.9%)
frame_002236,-1.0,1.7652,14.7672,0.091,16.678,423,12.4, -> barber chair (12.4%)
frame_002237,-1.0,1.8303,15.1969,0.103,17.1867,424,28.82, -> barbershop (28.8%)
frame_002238,-1.0,1.7463,14.3787,0.1025,16.2844,424,20.16, -> barbershop (20.2%)
frame_002239,-1.0,1.8147,15.0856,0.1016,17.0596,424,18.36, -> barbershop (18.4%)
frame_002240,-1.0,4.0418,15.3497,0.1078,19.5568,424,18.21, -> barbershop (18.2%)
frame_002241,-1.0,3.905,14.9233,0.1094,18.9936,851,17.72, -> television (17.7%)
frame_002242,-1.0,3.6042,14.6745,0.0956,18.4305,675,16.48, -> moving van (16.5%)
frame_002243,-1.0,2.2561,14.0631,0.0958,16.4716,851,8.71, -> television (8.7%)
frame_002244,-1.0,2.129,13.8275,0.1011,16.112,851,12.76, -> television (12.8%)
frame_002245,-1.0,1.8078,14.4902,0.1023,16.4586,598,17.84, -> home theater (17.8%)
frame_002246,-1.0,1.7966,15.1886,0.107,17.1506,851,26.85, -> television (26.8%)
frame_002247,-1.0,2.3302,14.3867,0.1039,16.8764,851,31.49, -> television (31.5%)
frame_002248,-1.0,1.8079,14.8447,0.0992,16.8081,851,27.22, -> television (27.2%)
frame_002249,-1.0,1.841,14.8713,0.1054,16.8742,851,38.03, -> television (38.0%)
frame_002250,-1.0,1.5452,14.3821,0.0984,16.0824,851,21.53, -> television (21.5%)
frame_002251,-1.0,1.7202,14.6529,0.0988,16.5269,851,22.97, -> television (23.0%)
frame_002252,-1.0,1.8018,14.6779,0.106,16.6426,851,18.95, -> television (18.9%)
frame_002253,-1.0,1.7414,14.9221,0.103,16.8207,851,19.73, -> television (19.7%)
frame_002254,-1.0,1.5873,15.0551,0.0979,16.7937,598,15.3, -> home theater (15.3%)
frame_002255,-1.0,1.7025,14.4974,0.0899,16.3434,851,31.59, -> television (31.6%)
frame_002256,-1.0,1.721,14.0076,0.0896,15.8716,851,42.03, -> television (42.0%)
frame_002257,-1.0,1.6414,14.1278,0.0896,15.9129,598,24.25, -> home theater (24.2%)
frame_002258,-1.0,1.7033,14.5259,0.0909,16.3743,851,28.61, -> television (28.6%)
frame_002259,-1.0,1.8198,14.246,0.0908,16.2106,851,26.75, -> television (26.7%)
frame_002260,-1.0,1.7077,14.7379,0.0941,16.5941,851,17.11, -> television (17.1%)
frame_002261,-1.0,1.6376,14.246,0.0991,16.0373,851,45.82, -> television (45.8%)
frame_002262,-1.0,1.6976,14.4495,0.0928,16.293,851,49.71, -> television (49.7%)
frame_002263,-1.0,1.741,14.1793,0.0936,16.0691,851,33.06, -> television (33.1%)
frame_002264,-1.0,1.754,14.4529,0.0941,16.3546,851,24.53, -> television (24.5%)
frame_002265,-1.0,1.7277,13.9857,0.1069,15.8805,851,33.77, -> television (33.8%)
frame_002266,-1.0,1.8879,14.3032,0.108,16.356,851,41.13, -> television (41.1%)
frame_002267,-1.0,1.7908,14.2174,0.0988,16.1607,851,63.28, -> television (63.3%)
frame_002268,-1.0,1.6771,14.3737,0.097,16.2029,851,67.53, -> television (67.5%)
frame_002269,-1.0,1.7072,14.3653,0.0917,16.2172,851,72.12, -> television (72.1%)
frame_002270,-1.0,1.7277,14.0993,0.0911,15.9708,851,52.54, -> television (52.5%)
frame_002271,-1.0,1.7008,14.5126,0.0921,16.3589,851,67.84, -> television (67.8%)
frame_002272,-1.0,1.6676,14.6522,0.1066,16.4846,851,63.79, -> television (63.8%)
frame_002273,-1.0,1.8476,14.3633,0.1016,16.367,851,78.3, -> television (78.3%)
frame_002274,-1.0,1.7781,14.5548,0.0945,16.4813,851,63.87, -> television (63.9%)
frame_002275,-1.0,1.8005,14.7118,0.0983,16.6657,851,38.85, -> television (38.8%)
frame_002276,-1.0,1.6758,14.0892,0.101,15.9223,851,48.1, -> television (48.1%)
frame_002277,-1.0,1.7242,14.2737,0.093,16.1436,851,66.49, -> television (66.5%)
frame_002278,-1.0,1.7564,14.2124,0.1057,16.1317,851,56.33, -> television (56.3%)
frame_002279,-1.0,1.6424,14.1793,0.1029,15.9796,851,44.04, -> television (44.0%)
frame_002280,-1.0,1.7441,14.2617,0.0979,16.1609,851,24.26, -> television (24.3%)
frame_002281,-1.0,1.6874,14.0721,0.0961,15.9102,851,16.91, -> television (16.9%)
frame_002282,-1.0,1.6925,14.1209,0.0984,15.9677,422,15.87, -> barbell (15.9%)
frame_002283,-1.0,1.7537,14.1143,0.0935,16.0164,561,19.27, -> forklift (19.3%)
frame_002284,-1.0,1.5052,14.2565,0.0936,15.9087,561,14.9, -> forklift (14.9%)
frame_002285,-1.0,1.7005,14.6341,0.1073,16.5024,561,39.39, -> forklift (39.4%)
frame_002286,-1.0,1.8468,14.9575,0.1073,16.9704,561,16.51, -> forklift (16.5%)
frame_002287,-1.0,1.621,13.8493,0.1058,15.635,561,28.85, -> forklift (28.8%)
frame_002288,-1.0,1.7985,14.2643,0.1032,16.2235,422,18.52, -> barbell (18.5%)
frame_002289,-1.0,1.7927,14.8524,0.0958,16.7973,561,21.67, -> forklift (21.7%)
frame_002290,-1.0,1.8108,14.4168,0.1027,16.3894,624,14.69, -> library (14.7%)
frame_002291,-1.0,1.6933,14.6557,0.0979,16.5012,422,18.28, -> barbell (18.3%)
frame_002292,-1.0,1.7689,14.0312,0.0989,15.9533,422,57.57, -> barbell (57.6%)
frame_002293,-1.0,1.6291,14.3997,0.1004,16.1826,422,45.63, -> barbell (45.6%)
frame_002294,-1.0,1.7084,14.6061,0.1018,16.471,422,28.87, -> barbell (28.9%)
frame_002295,-1.0,1.6332,14.2543,0.0999,16.0436,422,18.6, -> barbell (18.6%)
frame_002296,-1.0,1.6338,14.4841,0.0879,16.2577,422,10.43, -> barbell (10.4%)
frame_002297,-1.0,5.4755,14.7257,0.1068,20.3642,579,18.25, -> grand piano (18.3%)
frame_002298,-1.0,2.3494,13.9105,0.0902,16.4021,579,45.29, -> grand piano (45.3%)
frame_002299,-1.0,1.7005,14.6643,0.0864,16.5029,579,47.97, -> grand piano (48.0%)
frame_002300,-1.0,2.3478,14.5235,0.0977,17.0234,579,61.63, -> grand piano (61.6%)
frame_002301,-1.0,2.2679,14.6525,0.0982,17.0739,579,13.47, -> grand piano (13.5%)
frame_002302,-1.0,1.643,14.47,0.0916,16.2584,579,62.72, -> grand piano (62.7%)
frame_002303,-1.0,1.6478,14.698,0.1039,16.5062,624,10.36, -> library (10.4%)
frame_002304,-1.0,1.7405,14.742,0.1022,16.641,579,11.34, -> grand piano (11.3%)
frame_002305,-1.0,1.7896,14.5491,0.1046,16.4985,624,16.19, -> library (16.2%)
frame_002306,-1.0,2.3831,14.7254,0.0941,17.256,579,19.57, -> grand piano (19.6%)
frame_002307,-1.0,2.5473,15.1312,0.1125,17.8537,526,48.21, -> desk (48.2%)
frame_002308,-1.0,1.3821,13.7756,0.1019,15.3143,526,13.82, -> desk (13.8%)
frame_002309,-1.0,1.7607,14.5017,0.1007,16.419,526,30.69, -> desk (30.7%)
frame_002310,-1.0,1.9352,14.5463,0.0931,16.6268,526,25.18, -> desk (25.2%)
frame_002311,-1.0,1.7058,14.542,0.0927,16.3932,526,25.1, -> desk (25.1%)
frame_002312,-1.0,1.7439,14.7247,0.0951,16.6195,526,45.21, -> desk (45.2%)
frame_002313,-1.0,1.9822,13.8967,0.0887,16.0205,526,51.18, -> desk (51.2%)
frame_002314,-1.0,2.4052,14.3196,0.1028,16.8835,526,61.1, -> desk (61.1%)
frame_002315,-1.0,1.743,14.4937,0.1006,16.396,526,18.87, -> desk (18.9%)
frame_002316,-1.0,1.7419,14.6297,0.0989,16.5253,526,66.78, -> desk (66.8%)
frame_002317,-1.0,1.6885,14.4344,0.1014,16.2805,526,57.2, -> desk (57.2%)
frame_002318,-1.0,2.4779,14.2428,0.1035,16.8808,526,69.06, -> desk (69.1%)
frame_002319,-1.0,1.7638,14.5405,0.1013,16.4618,526,51.13, -> desk (51.1%)
frame_002320,-1.0,1.8357,15.2968,0.095,17.2803,526,47.71, -> desk (47.7%)
frame_002321,-1.0,1.8108,16.6421,0.11,18.6203,526,64.91, -> desk (64.9%)
frame_002322,-1.0,2.1691,14.6814,0.1051,17.0113,526,26.08, -> desk (26.1%)
frame_002323,-1.0,2.9086,14.1066,0.107,17.1797,579,40.53, -> grand piano (40.5%)
frame_002324,-1.0,2.4134,15.3127,0.1082,17.8909,526,34.25, -> desk (34.2%)
frame_002325,-1.0,1.7948,14.686,0.0971,16.6327,526,64.71, -> desk (64.7%)
frame_002326,-1.0,1.7913,14.4207,0.0884,16.3536,526,37.88, -> desk (37.9%)
frame_002327,-1.0,2.3924,14.3271,0.1,16.8748,526,39.35, -> desk (39.3%)
frame_002328,-1.0,2.4221,14.6216,0.1029,17.202,526,61.0, -> desk (61.0%)
frame_002329,-1.0,1.8226,14.7316,0.102,16.7125,579,19.41, -> grand piano (19.4%)
frame_002330,-1.0,1.7222,14.4617,0.1,16.34,526,32.79, -> desk (32.8%)
frame_002331,-1.0,1.8537,14.3829,0.0998,16.3934,526,35.89, -> desk (35.9%)
frame_002332,-1.0,1.8525,14.6494,0.0948,16.651,526,20.36, -> desk (20.4%)
frame_002333,-1.0,1.8046,15.0458,0.0958,16.9995,579,37.89, -> grand piano (37.9%)
frame_002334,-1.0,1.8903,14.7676,0.0986,16.8091,526,33.04, -> desk (33.0%)
frame_002335,-1.0,2.4587,13.963,0.0982,16.5768,526,40.62, -> desk (40.6%)
frame_002336,-1.0,2.5465,14.3638,0.0955,17.0628,526,19.01, -> desk (19.0%)
frame_002337,-1.0,3.6789,14.9863,0.1054,18.8259,526,37.65, -> desk (37.6%)
frame_002338,-1.0,1.9528,14.3462,0.0901,16.4417,526,45.12, -> desk (45.1%)
frame_002339,-1.0,2.2356,14.118,0.1013,16.5093,526,24.58, -> desk (24.6%)
frame_002340,-1.0,1.8221,14.648,0.09,16.6125,526,46.04, -> desk (46.0%)
frame_002341,-1.0,3.195,14.4597,0.0912,17.7995,526,47.43, -> desk (47.4%)
frame_002342,-1.0,3.5903,14.3636,0.0999,18.1114,526,59.76, -> desk (59.8%)
frame_002343,-1.0,3.3981,14.8698,0.0985,18.4231,526,33.54, -> desk (33.5%)
frame_002344,-1.0,2.4606,14.9465,0.0919,17.5499,526,36.84, -> desk (36.8%)
frame_002345,-1.0,3.6961,14.8139,0.0975,18.6639,526,67.42, -> desk (67.4%)
frame_002346,-1.0,2.2663,14.3493,0.1002,16.7696,526,42.96, -> desk (43.0%)
frame_002347,-1.0,2.0543,15.135,0.093,17.3348,526,70.76, -> desk (70.8%)
frame_002348,-1.0,1.7948,14.7087,0.0952,16.6515,526,64.64, -> desk (64.6%)
frame_002349,-1.0,1.7142,14.7669,0.093,16.6286,526,64.36, -> desk (64.4%)
frame_002350,-1.0,3.9065,15.0276,0.1008,19.0898,526,36.8, -> desk (36.8%)
frame_002351,-1.0,3.2811,14.3417,0.0934,17.7705,526,38.79, -> desk (38.8%)
frame_002352,-1.0,2.2707,14.537,0.0942,16.9537,526,48.6, -> desk (48.6%)
frame_002353,-1.0,2.0035,14.0996,0.0891,16.245,526,39.65, -> desk (39.7%)
frame_002354,-1.0,2.5923,13.871,0.1009,16.6185,526,64.34, -> desk (64.3%)
frame_002355,-1.0,1.7201,14.2146,0.1029,16.0938,526,70.77, -> desk (70.8%)
frame_002356,-1.0,1.7153,14.5208,0.0894,16.3781,526,25.26, -> desk (25.3%)
frame_002357,-1.0,1.8239,14.1564,0.1033,16.1407,526,46.49, -> desk (46.5%)
frame_002358,-1.0,1.9561,14.0984,0.098,16.2071,526,71.77, -> desk (71.8%)
frame_002359,-1.0,3.5788,14.6601,0.1019,18.3952,526,75.48, -> desk (75.5%)
frame_002360,-1.0,2.4789,15.1621,0.1043,17.8006,526,58.25, -> desk (58.2%)
frame_002361,-1.0,2.4285,14.7964,0.1003,17.3791,526,66.05, -> desk (66.1%)
frame_002362,-1.0,2.4873,14.221,0.096,16.8587,526,67.88, -> desk (67.9%)
frame_002363,-1.0,1.8707,14.925,0.0989,16.9513,526,22.85, -> desk (22.8%)
frame_002364,-1.0,1.7333,14.155,0.0956,16.0394,526,48.28, -> desk (48.3%)
frame_002365,-1.0,1.6959,14.4934,0.0936,16.3363,526,60.46, -> desk (60.5%)
frame_002366,-1.0,1.7944,14.5737,0.0896,16.5106,526,65.25, -> desk (65.3%)
frame_002367,-1.0,5.2169,14.9713,0.1077,20.3531,526,65.88, -> desk (65.9%)
frame_002368,-1.0,4.1708,15.7113,0.1045,20.0414,526,68.16, -> desk (68.2%)
frame_002369,-1.0,3.1743,14.6725,0.096,17.9989,526,67.56, -> desk (67.6%)
frame_002370,-1.0,2.3675,14.9119,0.0953,17.428,745,18.41, -> projector (18.4%)
frame_002371,-1.0,2.1148,14.4265,0.0964,16.6924,526,48.88, -> desk (48.9%)
frame_002372,-1.0,4.33,14.2263,0.0931,18.7043,526,46.44, -> desk (46.4%)
frame_002373,-1.0,2.5179,14.6315,0.0997,17.3052,526,24.24, -> desk (24.2%)
frame_002374,-1.0,1.788,14.9171,0.1005,16.8617,579,17.16, -> grand piano (17.2%)
frame_002375,-1.0,1.8433,14.7417,0.1097,16.7512,526,16.79, -> desk (16.8%)
frame_002376,-1.0,1.8433,14.9003,0.1066,16.9056,541,27.88, -> drum (27.9%)
frame_002377,-1.0,1.8631,14.5241,0.1029,16.545,526,46.8, -> desk (46.8%)
frame_002378,-1.0,1.7636,14.4788,0.0907,16.3841,541,29.07, -> drum (29.1%)
frame_002379,-1.0,1.8448,14.2749,0.1084,16.2843,579,40.94, -> grand piano (40.9%)
frame_002380,-1.0,1.789,14.5291,0.0999,16.4727,541,46.23, -> drum (46.2%)
frame_002381,-1.0,2.1195,14.5527,0.1052,16.8331,541,68.02, -> drum (68.0%)
frame_002382,-1.0,1.8055,14.7007,0.1004,16.665,526,38.8, -> desk (38.8%)
frame_002383,-1.0,1.8077,13.9045,0.0947,15.8606,526,49.15, -> desk (49.1%)
frame_002384,-1.0,1.7772,14.4511,0.0895,16.3715,541,76.18, -> drum (76.2%)
frame_002385,-1.0,1.7468,14.4618,0.0953,16.3581,541,46.84, -> drum (46.8%)
frame_002386,-1.0,1.4534,14.2017,0.0858,15.7934,541,31.11, -> drum (31.1%)
frame_002387,-1.0,3.6237,14.6398,0.096,18.416,541,47.02, -> drum (47.0%)
frame_002388,-1.0,2.3011,14.7376,0.1075,17.2041,526,25.18, -> desk (25.2%)
frame_002389,-1.0,5.3386,14.0677,0.1081,19.5699,423,31.79, -> barber chair (31.8%)
frame_002390,-1.0,2.4844,14.0709,0.0958,16.7058,541,19.26, -> drum (19.3%)
frame_002391,-1.0,2.3448,14.0154,0.0941,16.5073,541,50.72, -> drum (50.7%)
frame_002392,-1.0,1.8311,14.4392,0.0868,16.4091,423,45.23, -> barber chair (45.2%)
frame_002393,-1.0,1.8157,14.7199,0.1032,16.6956,423,37.64, -> barber chair (37.6%)
frame_002394,-1.0,1.829,14.2153,0.1026,16.2039,541,40.03, -> drum (40.0%)
frame_002395,-1.0,1.7846,14.0146,0.0992,15.9543,786,20.84, -> sewing machine (20.8%)
frame_002396,-1.0,1.7598,14.0161,0.0961,15.9273,786,26.29, -> sewing machine (26.3%)
frame_002397,-1.0,1.7069,14.4519,0.0992,16.3147,423,15.82, -> barber chair (15.8%)
frame_002398,-1.0,4.7791,15.0211,0.1088,19.9644,423,20.84, -> barber chair (20.8%)
frame_002399,-1.0,2.2156,14.2595,0.0989,16.6311,757,16.88, -> recreational vehicle (16.9%)
frame_002400,-1.0,2.2194,14.512,0.0942,16.8816,526,20.94, -> desk (20.9%)
frame_002401,-1.0,1.7779,14.2667,0.0996,16.2005,830,17.26, -> stretcher (17.3%)
frame_002402,-1.0,2.4024,14.5835,0.0963,17.1391,423,18.95, -> barber chair (18.9%)
frame_002403,-1.0,1.8464,14.7655,0.1035,16.7737,423,24.27, -> barber chair (24.3%)
frame_002404,-1.0,1.7194,14.8538,0.1016,16.7307,423,15.65, -> barber chair (15.6%)
frame_002405,-1.0,1.7964,15.1739,0.0983,17.1254,423,58.1, -> barber chair (58.1%)
frame_002406,-1.0,1.8781,14.663,0.0922,16.6876,650,18.18, -> microphone (18.2%)
frame_002407,-1.0,1.9729,13.6714,0.0884,15.7869,650,30.13, -> microphone (30.1%)
frame_002408,-1.0,1.8631,14.3172,0.092,16.3278,650,22.81, -> microphone (22.8%)
frame_002409,-1.0,1.765,14.2633,0.0957,16.179,650,16.06, -> microphone (16.1%)
frame_002410,-1.0,1.7568,14.772,0.1043,16.6887,757,16.41, -> recreational vehicle (16.4%)
frame_002411,-1.0,1.8128,14.496,0.0937,16.4569,650,25.01, -> microphone (25.0%)
frame_002412,-1.0,1.8554,14.3891,0.1038,16.4062,650,15.1, -> microphone (15.1%)
frame_002413,-1.0,2.6878,14.1575,0.1,17.001,895,15.91, -> warplane (15.9%)
frame_002414,-1.0,1.7773,14.4508,0.0968,16.379,526,13.3, -> desk (13.3%)
frame_002415,-1.0,1.8352,14.95,0.1038,16.945,895,12.88, -> warplane (12.9%)
frame_002416,-1.0,1.8199,14.2339,0.0996,16.2071,506,10.28, -> coil (10.3%)
frame_002417,-1.0,1.6788,14.2684,0.0983,16.1002,895,13.36, -> warplane (13.4%)
frame_002418,-1.0,1.5622,14.0267,0.0894,15.7319,895,9.61, -> warplane (9.6%)
frame_002419,-1.0,1.6285,14.4602,0.0914,16.2337,650,9.83, -> microphone (9.8%)
frame_002420,-1.0,2.9947,14.3833,0.0916,17.525,744,9.75, -> projectile (9.8%)
frame_002421,-1.0,2.3631,14.8795,0.1069,17.4072,895,12.26, -> warplane (12.3%)
frame_002422,-1.0,2.1045,14.066,0.1021,16.3286,830,11.89, -> stretcher (11.9%)
frame_002423,-1.0,2.2796,14.5573,0.1017,16.9967,830,17.79, -> stretcher (17.8%)
frame_002424,-1.0,4.9669,14.7039,0.1018,19.8286,830,18.04, -> stretcher (18.0%)
frame_002425,-1.0,1.9957,14.246,0.1071,16.4046,541,20.19, -> drum (20.2%)
frame_002426,-1.0,3.5639,14.6648,0.1079,18.3931,579,28.26, -> grand piano (28.3%)
frame_002427,-1.0,3.3444,14.5406,0.101,18.0427,579,12.58, -> grand piano (12.6%)
frame_002428,-1.0,2.0857,14.7585,0.0963,16.9939,830,9.94, -> stretcher (9.9%)
frame_002429,-1.0,1.7118,14.9722,0.1074,16.8464,423,19.74, -> barber chair (19.7%)
frame_002430,-1.0,1.988,14.8982,0.0969,17.0377,579,16.96, -> grand piano (17.0%)
frame_002431,-1.0,1.8381,14.6367,0.0969,16.6252,579,21.17, -> grand piano (21.2%)
frame_002432,-1.0,1.911,14.471,0.1066,16.5439,423,11.32, -> barber chair (11.3%)
frame_002433,-1.0,1.7946,14.6739,0.096,16.62,579,14.62, -> grand piano (14.6%)
frame_002434,-1.0,1.7853,14.6075,0.0914,16.5351,830,15.78, -> stretcher (15.8%)
frame_002435,-1.0,1.7062,14.7442,0.096,16.5995,423,31.67, -> barber chair (31.7%)
frame_002436,-1.0,3.5874,14.6763,0.0954,18.4154,423,20.04, -> barber chair (20.0%)
frame_002437,-1.0,2.2421,14.2401,0.0942,16.6295,532,10.8, -> dining table (10.8%)
frame_002438,-1.0,2.2745,14.1367,0.0991,16.5654,518,10.94, -> crash helmet (10.9%)
frame_002439,-1.0,1.7161,14.0275,0.095,15.892,560,19.46, -> football helmet (19.5%)
frame_002440,-1.0,2.3866,14.1004,0.0886,16.6285,518,27.96, -> crash helmet (28.0%)
frame_002441,-1.0,2.3384,14.102,0.0952,16.5904,579,17.12, -> grand piano (17.1%)
frame_002442,-1.0,1.878,14.6957,0.0957,16.7226,518,8.64, -> crash helmet (8.6%)
frame_002443,-1.0,1.8004,14.7494,0.0979,16.7037,541,17.72, -> drum (17.7%)
frame_002444,-1.0,3.4777,13.8421,0.1016,17.4784,579,12.18, -> grand piano (12.2%)
frame_002445,-1.0,1.6247,14.4393,0.0985,16.2185,579,18.18, -> grand piano (18.2%)
frame_002446,-1.0,1.6972,13.8108,0.0958,15.6615,579,27.12, -> grand piano (27.1%)
frame_002447,-1.0,1.7743,14.9391,0.1079,16.8806,579,17.77, -> grand piano (17.8%)
frame_002448,-1.0,1.9361,14.2849,0.1057,16.3849,518,19.67, -> crash helmet (19.7%)
frame_002449,-1.0,3.8195,14.2686,0.1086,18.2554,423,13.69, -> barber chair (13.7%)
frame_002450,-1.0,3.4869,14.81,0.0986,18.4548,423,31.99, -> barber chair (32.0%)
frame_002451,-1.0,2.4214,14.2241,0.0995,16.8002,579,9.8, -> grand piano (9.8%)
frame_002452,-1.0,2.039,14.1815,0.0903,16.3657,579,60.73, -> grand piano (60.7%)
frame_002453,-1.0,1.8033,14.1572,0.097,16.1129,518,17.78, -> crash helmet (17.8%)
frame_002454,-1.0,1.8066,14.9773,0.0974,16.9365,518,17.32, -> crash helmet (17.3%)
frame_002455,-1.0,2.3279,14.222,0.0986,16.7044,589,13.65, -> hand blower (13.6%)
frame_002456,-1.0,1.8001,13.8755,0.0975,15.83,223,32.15, -> schipperke (32.2%)
frame_002457,-1.0,1.815,14.7305,0.101,16.704,589,19.52, -> hand blower (19.5%)
frame_002458,-1.0,3.2095,14.5526,0.0918,17.9118,550,34.49, -> espresso maker (34.5%)
frame_002459,-1.0,2.243,14.4382,0.0997,16.8382,550,35.16, -> espresso maker (35.2%)
frame_002460,-1.0,2.0497,13.8844,0.0943,16.0863,550,28.25, -> espresso maker (28.2%)
frame_002461,-1.0,2.4207,14.2068,0.1016,16.7851,550,21.93, -> espresso maker (21.9%)
frame_002462,-1.0,1.7309,14.3945,0.094,16.2741,550,61.03, -> espresso maker (61.0%)
frame_002463,-1.0,1.7489,14.2284,0.1052,16.1399,550,19.84, -> espresso maker (19.8%)
frame_002464,-1.0,2.4076,14.3796,0.0995,16.9445,422,9.45, -> barbell (9.5%)
frame_002465,-1.0,1.9241,14.5249,0.1048,16.6125,550,10.29, -> espresso maker (10.3%)
frame_002466,-1.0,1.6719,14.626,0.0931,16.4464,550,16.34, -> espresso maker (16.3%)
frame_002467,-1.0,1.7579,14.1912,0.0911,16.0947,423,54.53, -> barber chair (54.5%)
frame_002468,-1.0,1.8567,14.6573,0.0915,16.6577,423,41.21, -> barber chair (41.2%)
frame_002469,-1.0,3.6535,14.1059,0.109,17.9263,423,38.32, -> barber chair (38.3%)
frame_002470,-1.0,2.01,14.2128,0.1013,16.3815,423,47.62, -> barber chair (47.6%)
frame_002471,-1.0,2.4435,14.5464,0.1032,17.1518,423,15.71, -> barber chair (15.7%)
frame_002472,-1.0,1.809,14.4992,0.0981,16.4616,423,40.1, -> barber chair (40.1%)
frame_002473,-1.0,1.7401,14.4835,0.0971,16.377,423,51.77, -> barber chair (51.8%)
frame_002474,-1.0,1.766,14.3969,0.0942,16.3137,423,54.94, -> barber chair (54.9%)
frame_002475,-1.0,1.9231,14.6759,0.0948,16.7505,423,18.87, -> barber chair (18.9%)
frame_002476,-1.0,3.3708,14.6139,0.0986,18.1384,423,39.04, -> barber chair (39.0%)
frame_002477,-1.0,2.1101,14.3601,0.1042,16.6335,423,55.25, -> barber chair (55.3%)
frame_002478,-1.0,2.0239,14.2763,0.1045,16.4621,423,58.4, -> barber chair (58.4%)
frame_002479,-1.0,1.8564,14.4404,0.0965,16.4496,423,53.6, -> barber chair (53.6%)
frame_002480,-1.0,1.818,14.4057,0.0975,16.3791,423,64.0, -> barber chair (64.0%)
frame_002481,-1.0,1.7235,14.2224,0.0988,16.1022,423,60.98, -> barber chair (61.0%)
frame_002482,-1.0,1.8979,14.6469,0.095,16.6955,423,79.58, -> barber chair (79.6%)
frame_002483,-1.0,1.8003,14.5941,0.0898,16.5384,423,84.48, -> barber chair (84.5%)
frame_002484,-1.0,1.8306,14.609,0.1018,16.5992,423,57.74, -> barber chair (57.7%)
frame_002485,-1.0,1.8225,14.7669,0.0937,16.7384,423,45.78, -> barber chair (45.8%)
frame_002486,-1.0,3.066,14.6723,0.0953,17.8906,423,54.65, -> barber chair (54.7%)
frame_002487,-1.0,2.3275,14.6103,0.0926,17.0828,423,75.31, -> barber chair (75.3%)
frame_002488,-1.0,3.8406,15.0373,0.0966,19.0305,423,67.63, -> barber chair (67.6%)
frame_002489,-1.0,3.155,14.4758,0.1079,17.7954,423,50.05, -> barber chair (50.1%)
frame_002490,-1.0,4.1737,14.6685,0.0972,18.9969,423,51.36, -> barber chair (51.4%)
frame_002491,-1.0,4.0457,14.609,0.107,18.8211,423,59.77, -> barber chair (59.8%)
frame_002492,-1.0,3.3618,14.8242,0.0972,18.3411,423,42.21, -> barber chair (42.2%)
frame_002493,-1.0,2.3094,14.4343,0.1021,16.9028,423,68.01, -> barber chair (68.0%)
frame_002494,-1.0,2.2896,14.7904,0.0952,17.2318,423,74.84, -> barber chair (74.8%)
frame_002495,-1.0,1.7375,14.3314,0.1082,16.2363,423,67.93, -> barber chair (67.9%)
frame_002496,-1.0,4.1056,14.2675,0.1114,18.5424,423,46.32, -> barber chair (46.3%)
frame_002497,-1.0,3.5607,15.5244,0.1156,19.2588,423,55.21, -> barber chair (55.2%)
frame_002498,-1.0,2.5221,14.179,0.1024,16.8604,423,47.76, -> barber chair (47.8%)
frame_002499,-1.0,2.2483,14.1136,0.1039,16.5277,423,61.5, -> barber chair (61.5%)
frame_002500,-1.0,2.5187,14.2892,0.096,16.9592,423,88.97, -> barber chair (89.0%)
frame_002501,-1.0,1.8776,14.9713,0.1025,17.008,423,67.95, -> barber chair (67.9%)
frame_002502,-1.0,2.9206,13.6793,0.1103,16.7669,423,41.95, -> barber chair (42.0%)
frame_002503,-1.0,2.5229,14.1315,0.1004,16.8105,423,42.08, -> barber chair (42.1%)
frame_002504,-1.0,1.9085,14.3386,0.0999,16.4019,423,58.42, -> barber chair (58.4%)
frame_002505,-1.0,1.9379,14.838,0.103,16.9371,423,42.64, -> barber chair (42.6%)
frame_002506,-1.0,1.8592,14.5938,0.1081,16.6208,423,42.99, -> barber chair (43.0%)
frame_002507,-1.0,3.011,13.8907,0.0912,17.0486,423,65.56, -> barber chair (65.6%)
frame_002508,-1.0,1.8462,14.5951,0.1041,16.6051,423,74.95, -> barber chair (74.9%)
frame_002509,-1.0,1.875,14.3683,0.1049,16.4049,423,56.05, -> barber chair (56.1%)
frame_002510,-1.0,1.8679,14.5763,0.0995,16.6001,423,60.21, -> barber chair (60.2%)
frame_002511,-1.0,1.6777,14.0446,0.1021,15.8815,830,40.14, -> stretcher (40.1%)
frame_002512,-1.0,1.8109,14.4685,0.0992,16.4343,830,49.75, -> stretcher (49.7%)
frame_002513,-1.0,4.5184,13.5062,0.0971,18.1775,830,40.73, -> stretcher (40.7%)
frame_002514,-1.0,3.5618,14.5455,0.097,18.2622,423,42.29, -> barber chair (42.3%)
frame_002515,-1.0,3.6593,15.2024,0.1107,19.0284,423,60.26, -> barber chair (60.3%)
frame_002516,-1.0,3.4236,14.3876,0.0987,17.9678,423,39.77, -> barber chair (39.8%)
frame_002517,-1.0,2.3751,14.0646,0.1082,16.6042,423,29.81, -> barber chair (29.8%)
frame_002518,-1.0,1.8403,14.9986,0.0973,16.9918,778,45.2, -> scale (45.2%)
frame_002519,-1.0,1.6088,14.7283,0.1018,16.4952,778,65.97, -> scale (66.0%)
frame_002520,-1.0,1.8398,14.6846,0.0975,16.6785,778,68.14, -> scale (68.1%)
frame_002521,-1.0,3.6744,14.5935,0.0995,18.4248,778,37.7, -> scale (37.7%)
frame_002522,-1.0,2.2752,14.311,0.1077,16.7523,423,53.57, -> barber chair (53.6%)
frame_002523,-1.0,1.9966,14.1798,0.0956,16.3289,778,71.76, -> scale (71.8%)
frame_002524,-1.0,1.8635,13.9219,0.1041,15.9497,778,64.17, -> scale (64.2%)
frame_002525,-1.0,2.4248,13.9106,0.095,16.4852,778,91.36, -> scale (91.4%)
frame_002526,-1.0,1.8782,14.4724,0.1098,16.5212,778,92.96, -> scale (93.0%)
frame_002527,-1.0,3.3896,16.3395,0.1077,19.8935,778,88.6, -> scale (88.6%)
frame_002528,-1.0,2.289,14.5244,0.0959,16.9646,778,60.32, -> scale (60.3%)
frame_002529,-1.0,1.795,14.2755,0.0918,16.2148,778,46.48, -> scale (46.5%)
frame_002530,-1.0,2.6294,13.9332,0.0987,16.7189,778,49.1, -> scale (49.1%)
frame_002531,-1.0,3.8061,14.6105,0.1046,18.5763,778,55.58, -> scale (55.6%)
frame_002532,-1.0,2.3175,14.12,0.1003,16.594,778,57.87, -> scale (57.9%)
frame_002533,-1.0,2.009,14.4107,0.0926,16.5679,778,66.81, -> scale (66.8%)
frame_002534,-1.0,2.6084,14.5034,0.1066,17.2754,778,79.28, -> scale (79.3%)
frame_002535,-1.0,1.8812,14.4479,0.1042,16.493,778,42.24, -> scale (42.2%)
frame_002536,-1.0,1.7986,14.8551,0.0988,16.8086,778,38.42, -> scale (38.4%)
frame_002537,-1.0,1.7583,14.803,0.1082,16.7268,778,13.66, -> scale (13.7%)
frame_002538,-1.0,1.8783,14.1983,0.0982,16.2316,778,21.79, -> scale (21.8%)
frame_002539,-1.0,1.7715,14.3291,0.0929,16.2481,526,15.78, -> desk (15.8%)
frame_002540,-1.0,3.3897,14.5002,0.0955,18.0413,778,41.57, -> scale (41.6%)
frame_002541,-1.0,2.2147,14.413,0.1082,16.7947,778,74.53, -> scale (74.5%)
frame_002542,-1.0,2.0994,14.2327,0.0965,16.485,778,60.25, -> scale (60.2%)
frame_002543,-1.0,1.7859,15.1233,0.1019,17.0712,778,51.35, -> scale (51.3%)
frame_002544,-1.0,1.6849,13.9676,0.104,15.8106,872,38.52, -> tripod (38.5%)
frame_002545,-1.0,1.8743,14.6017,0.0956,16.6269,872,17.05, -> tripod (17.1%)
frame_002546,-1.0,1.873,14.3637,0.0956,16.3876,543,20.27, -> dumbbell (20.3%)
frame_002547,-1.0,1.566,13.8465,0.095,15.5628,423,10.35, -> barber chair (10.4%)
frame_002548,-1.0,1.8524,14.7242,0.1071,16.7418,532,21.07, -> dining table (21.1%)
frame_002549,-1.0,1.8361,14.9266,0.0948,16.9131,532,31.99, -> dining table (32.0%)
frame_002550,-1.0,2.3678,14.4297,0.1019,16.9569,877,18.98, -> turnstile (19.0%)
frame_002551,-1.0,1.6676,14.5821,0.1048,16.4124,877,14.51, -> turnstile (14.5%)
frame_002552,-1.0,1.8694,14.5292,0.0937,16.5483,743,8.72, -> prison (8.7%)
frame_002553,-1.0,1.7574,13.8489,0.0953,15.7558,713,5.01, -> photocopier (5.0%)
frame_002554,-1.0,1.7684,14.7374,0.0954,16.6574,743,5.52, -> prison (5.5%)
frame_002555,-1.0,2.436,13.8657,0.0965,16.4563,713,25.47, -> photocopier (25.5%)
frame_002556,-1.0,1.8678,13.9,0.0975,15.9207,713,12.11, -> photocopier (12.1%)
frame_002557,-1.0,4.5078,14.6257,0.0986,19.2885,713,10.22, -> photocopier (10.2%)
frame_002558,-1.0,3.7146,14.7972,0.1086,18.678,877,17.53, -> turnstile (17.5%)
frame_002559,-1.0,3.0694,14.4965,0.1011,17.7243,423,8.73, -> barber chair (8.7%)
frame_002560,-1.0,2.3801,14.6201,0.0994,17.1574,877,13.47, -> turnstile (13.5%)
frame_002561,-1.0,3.5748,13.99,0.0996,17.7217,743,10.36, -> prison (10.4%)
frame_002562,-1.0,3.6937,14.2594,0.1009,18.1088,830,14.51, -> stretcher (14.5%)
frame_002563,-1.0,3.0968,14.6897,0.0989,17.9413,830,17.9, -> stretcher (17.9%)
frame_002564,-1.0,3.7944,14.6907,0.1052,18.6452,553,16.9, -> file (16.9%)
frame_002565,-1.0,3.8177,14.4041,0.0942,18.3685,553,27.12, -> file (27.1%)
frame_002566,-1.0,2.2149,14.3239,0.0981,16.6902,553,24.27, -> file (24.3%)
frame_002567,-1.0,2.0858,13.91,0.0877,16.138,877,60.6, -> turnstile (60.6%)
frame_002568,-1.0,2.482,14.1324,0.0963,16.7661,877,82.42, -> turnstile (82.4%)
frame_002569,-1.0,1.6858,14.6762,0.0942,16.5093,771,37.51, -> safe (37.5%)
frame_002570,-1.0,1.8605,14.8378,0.105,16.861,553,36.83, -> file (36.8%)
frame_002571,-1.0,1.7888,14.8019,0.1013,16.7482,771,29.74, -> safe (29.7%)
frame_002572,-1.0,1.8117,14.491,0.096,16.4536,877,31.65, -> turnstile (31.7%)
frame_002573,-1.0,1.8298,14.0393,0.0931,16.0168,877,23.95, -> turnstile (24.0%)
frame_002574,-1.0,1.7565,14.3577,0.092,16.2614,771,77.6, -> safe (77.6%)
frame_002575,-1.0,2.2824,14.5579,0.1057,17.0076,771,51.88, -> safe (51.9%)
frame_002576,-1.0,2.6535,14.7335,0.1051,17.55,771,65.59, -> safe (65.6%)
frame_002577,-1.0,1.9203,14.4121,0.1063,16.497,771,35.89, -> safe (35.9%)
frame_002578,-1.0,2.3909,14.4291,0.0946,16.9707,771,58.14, -> safe (58.1%)
frame_002579,-1.0,1.8917,15.2309,0.0948,17.2713,771,77.43, -> safe (77.4%)
frame_002580,-1.0,1.8406,14.3208,0.0954,16.312,771,69.45, -> safe (69.5%)
frame_002581,-1.0,1.8385,14.6847,0.0922,16.6707,771,63.32, -> safe (63.3%)
frame_002582,-1.0,1.8249,17.4775,0.112,19.4716,771,41.77, -> safe (41.8%)
frame_002583,-1.0,2.3981,14.5878,0.111,17.1555,771,51.8, -> safe (51.8%)
frame_002584,-1.0,2.1351,14.0677,0.1044,16.365,771,52.3, -> safe (52.3%)
frame_002585,-1.0,1.7722,14.22,0.0981,16.1469,771,43.63, -> safe (43.6%)
frame_002586,-1.0,1.9346,14.2939,0.102,16.3873,771,56.74, -> safe (56.7%)
frame_002587,-1.0,1.8499,14.3302,0.1033,16.3402,771,52.51, -> safe (52.5%)
frame_002588,-1.0,1.7443,14.7211,0.0964,16.6173,757,41.07, -> recreational vehicle (41.1%)
frame_002589,-1.0,3.6542,14.6002,0.0967,18.4069,771,50.97, -> safe (51.0%)
frame_002590,-1.0,2.3106,14.8455,0.1089,17.3224,771,70.24, -> safe (70.2%)
frame_002591,-1.0,1.8957,14.3629,0.0952,16.4117,757,51.67, -> recreational vehicle (51.7%)
frame_002592,-1.0,1.8163,14.4012,0.101,16.3754,771,47.51, -> safe (47.5%)
frame_002593,-1.0,2.4324,13.8691,0.0953,16.4528,771,62.7, -> safe (62.7%)
frame_002594,-1.0,1.8223,14.2089,0.0936,16.1813,757,45.94, -> recreational vehicle (45.9%)
frame_002595,-1.0,1.9284,13.8229,0.0946,15.8972,771,39.23, -> safe (39.2%)
frame_002596,-1.0,1.8528,14.4564,0.0939,16.4573,771,52.38, -> safe (52.4%)
frame_002597,-1.0,1.8676,14.7163,0.0924,16.7308,757,38.97, -> recreational vehicle (39.0%)
frame_002598,-1.0,2.0528,14.2588,0.106,16.4738,757,42.23, -> recreational vehicle (42.2%)
frame_002599,-1.0,1.8149,14.2007,0.101,16.1731,757,36.63, -> recreational vehicle (36.6%)
frame_002600,-1.0,1.7802,14.1848,0.0941,16.113,771,28.56, -> safe (28.6%)
frame_002601,-1.0,1.804,14.4804,0.1001,16.4416,757,44.79, -> recreational vehicle (44.8%)
frame_002602,-1.0,4.379,14.2664,0.1055,18.8089,757,62.97, -> recreational vehicle (63.0%)
frame_002603,-1.0,2.3963,14.6503,0.1095,17.2141,771,44.85, -> safe (44.9%)
frame_002604,-1.0,2.0404,14.9144,0.1029,17.1125,757,69.6, -> recreational vehicle (69.6%)
frame_002605,-1.0,2.3818,16.1714,0.1063,18.7181,757,58.73, -> recreational vehicle (58.7%)
frame_002606,-1.0,3.7463,14.668,0.1148,18.5886,757,50.64, -> recreational vehicle (50.6%)
frame_002607,-1.0,2.9277,14.2628,0.1162,17.3674,675,21.61, -> moving van (21.6%)
frame_002608,-1.0,2.1796,14.2449,0.0969,16.5789,561,45.7, -> forklift (45.7%)
frame_002609,-1.0,1.7152,13.9289,0.0971,15.7958,561,25.89, -> forklift (25.9%)
frame_002610,-1.0,3.5367,14.6767,0.1102,18.3814,771,55.57, -> safe (55.6%)
frame_002611,-1.0,2.0462,14.5616,0.1002,16.7658,771,66.14, -> safe (66.1%)
frame_002612,-1.0,1.7758,14.6341,0.0951,16.5607,771,72.23, -> safe (72.2%)
frame_002613,-1.0,3.5019,14.9144,0.1046,18.5782,771,38.62, -> safe (38.6%)
frame_002614,-1.0,2.0911,14.3939,0.0932,16.6334,561,51.65, -> forklift (51.7%)
frame_002615,-1.0,1.7791,13.8897,0.1002,15.826,561,52.89, -> forklift (52.9%)
frame_002616,-1.0,2.42,13.7785,0.093,16.3461,561,54.96, -> forklift (55.0%)
frame_002617,-1.0,1.8527,14.6706,0.0954,16.6742,675,32.98, -> moving van (33.0%)
frame_002618,-1.0,1.8072,14.1708,0.093,16.1274,561,32.85, -> forklift (32.8%)
frame_002619,-1.0,2.7481,14.1648,0.0983,17.0683,561,23.16, -> forklift (23.2%)
frame_002620,-1.0,2.3134,14.64,0.1099,17.1198,561,36.95, -> forklift (36.9%)
frame_002621,-1.0,2.3697,14.1707,0.0978,16.6948,561,56.21, -> forklift (56.2%)
frame_002622,-1.0,1.8823,14.8206,0.1085,16.8691,561,91.29, -> forklift (91.3%)
frame_002623,-1.0,1.8787,14.3396,0.097,16.371,561,87.12, -> forklift (87.1%)
frame_002624,-1.0,1.7908,14.4204,0.0998,16.3653,561,21.78, -> forklift (21.8%)
frame_002625,-1.0,1.7862,14.3188,0.0963,16.2592,561,85.68, -> forklift (85.7%)
frame_002626,-1.0,1.8434,13.9151,0.1083,15.9256,561,65.1, -> forklift (65.1%)
frame_002627,-1.0,1.8155,14.2875,0.097,16.255,561,76.19, -> forklift (76.2%)
frame_002628,-1.0,1.8572,14.6854,0.1014,16.6997,561,52.45, -> forklift (52.5%)
frame_002629,-1.0,1.8587,14.3989,0.0961,16.4091,561,46.84, -> forklift (46.8%)
frame_002630,-1.0,1.8971,13.9887,0.1012,16.0444,561,44.05, -> forklift (44.0%)
frame_002631,-1.0,3.4325,14.6835,0.0988,18.2709,561,67.92, -> forklift (67.9%)
frame_002632,-1.0,2.4152,14.5665,0.1042,17.1446,561,61.01, -> forklift (61.0%)
frame_002633,-1.0,1.6283,14.9966,0.0962,16.777,561,67.06, -> forklift (67.1%)
frame_002634,-1.0,1.7963,14.1856,0.0984,16.1319,561,54.59, -> forklift (54.6%)
frame_002635,-1.0,1.6868,14.2032,0.0963,16.0429,561,38.49, -> forklift (38.5%)
frame_002636,-1.0,1.8565,14.2262,0.1031,16.2407,561,59.05, -> forklift (59.1%)
frame_002637,-1.0,2.6629,13.9879,0.0953,16.8034,561,51.21, -> forklift (51.2%)
frame_002638,-1.0,2.3367,14.0391,0.1055,16.5383,575,25.09, -> golfcart (25.1%)
frame_002639,-1.0,3.3282,14.7354,0.1103,18.2322,561,80.77, -> forklift (80.8%)
frame_002640,-1.0,2.1114,14.6169,0.0997,16.8841,561,62.94, -> forklift (62.9%)
frame_002641,-1.0,2.4042,14.6507,0.0992,17.2098,561,38.59, -> forklift (38.6%)
frame_002642,-1.0,1.8163,14.046,0.0976,16.0167,561,40.02, -> forklift (40.0%)
frame_002643,-1.0,2.5151,14.3525,0.1049,17.0298,423,21.77, -> barber chair (21.8%)
frame_002644,-1.0,2.4671,13.9039,0.0933,16.5194,877,38.23, -> turnstile (38.2%)
frame_002645,-1.0,1.7549,14.4004,0.1014,16.3112,423,27.7, -> barber chair (27.7%)
frame_002646,-1.0,1.9167,14.5911,0.1,16.6636,526,13.22, -> desk (13.2%)
frame_002647,-1.0,1.8421,14.4898,0.0983,16.4871,526,18.88, -> desk (18.9%)
frame_002648,-1.0,1.6364,14.1435,0.0969,15.9293,877,34.32, -> turnstile (34.3%)
frame_002649,-1.0,1.8907,14.9745,0.1052,17.0261,561,33.52, -> forklift (33.5%)
frame_002650,-1.0,1.8674,14.3943,0.1014,16.4165,422,18.9, -> barbell (18.9%)
frame_002651,-1.0,1.8515,14.552,0.097,16.5556,526,15.32, -> desk (15.3%)
frame_002652,-1.0,1.8956,14.1785,0.1075,16.2386,526,52.43, -> desk (52.4%)
frame_002653,-1.0,1.336,13.6745,0.101,15.1666,526,16.18, -> desk (16.2%)
frame_002654,-1.0,3.3993,13.9053,0.1067,17.4675,526,37.3, -> desk (37.3%)
frame_002655,-1.0,1.7167,14.6062,0.1039,16.4829,526,26.42, -> desk (26.4%)
frame_002656,-1.0,1.8997,14.7104,0.1,16.7658,526,23.03, -> desk (23.0%)
frame_002657,-1.0,1.864,14.2686,0.0907,16.2759,526,22.62, -> desk (22.6%)
frame_002658,-1.0,1.8095,14.2015,0.0937,16.1589,526,56.3, -> desk (56.3%)
frame_002659,-1.0,1.7075,14.5821,0.0969,16.4415,526,55.33, -> desk (55.3%)
frame_002660,-1.0,1.8004,14.0535,0.0893,15.9962,526,38.46, -> desk (38.5%)
frame_002661,-1.0,1.7766,14.4737,0.1067,16.4135,526,37.35, -> desk (37.3%)
frame_002662,-1.0,1.9423,14.2695,0.102,16.3703,526,40.35, -> desk (40.3%)
frame_002663,-1.0,1.6857,14.8195,0.0944,16.6532,526,36.01, -> desk (36.0%)
frame_002664,-1.0,1.9383,14.6397,0.0999,16.7336,422,30.75, -> barbell (30.8%)
frame_002665,-1.0,1.7617,14.6349,0.092,16.5417,526,56.63, -> desk (56.6%)
frame_002666,-1.0,1.8706,13.9784,0.105,16.0102,422,23.41, -> barbell (23.4%)
frame_002667,-1.0,1.8344,14.3084,0.1022,16.3016,526,38.33, -> desk (38.3%)
frame_002668,-1.0,1.8206,14.7488,0.0974,16.7211,526,49.86, -> desk (49.9%)
frame_002669,-1.0,1.8177,14.7587,0.0948,16.7258,423,29.43, -> barber chair (29.4%)
frame_002670,-1.0,1.8676,14.3754,0.0975,16.3945,526,16.91, -> desk (16.9%)
frame_002671,-1.0,1.301,13.8051,0.105,15.2689,877,23.23, -> turnstile (23.2%)
frame_002672,-1.0,1.837,14.1847,0.1015,16.1813,526,23.67, -> desk (23.7%)
frame_002673,-1.0,1.6894,15.0994,0.108,16.9543,877,63.73, -> turnstile (63.7%)
frame_002674,-1.0,1.9179,13.8258,0.0968,15.895,877,64.14, -> turnstile (64.1%)
frame_002675,-1.0,1.8374,14.3454,0.099,16.3374,526,26.95, -> desk (26.9%)
frame_002676,-1.0,1.9239,14.8937,0.1048,16.9785,877,89.05, -> turnstile (89.0%)
frame_002677,-1.0,1.8972,14.2252,0.0996,16.2771,877,61.68, -> turnstile (61.7%)
frame_002678,-1.0,1.8331,13.9722,0.0924,15.9533,877,53.83, -> turnstile (53.8%)
frame_002679,-1.0,1.8576,14.7571,0.0961,16.7673,877,47.65, -> turnstile (47.6%)
frame_002680,-1.0,1.8166,14.6625,0.1074,16.6439,877,77.37, -> turnstile (77.4%)
frame_002681,-1.0,1.767,14.8461,0.1073,16.7786,526,58.09, -> desk (58.1%)
frame_002682,-1.0,1.8013,14.4464,0.0986,16.4029,877,61.89, -> turnstile (61.9%)
frame_002683,-1.0,1.7214,14.7699,0.1016,16.6493,877,60.4, -> turnstile (60.4%)
frame_002684,-1.0,1.7824,14.2384,0.0968,16.1732,877,78.91, -> turnstile (78.9%)
frame_002685,-1.0,1.7283,15.0009,0.1094,16.8965,877,61.0, -> turnstile (61.0%)
frame_002686,-1.0,2.1742,14.5269,0.1026,16.8618,877,49.06, -> turnstile (49.1%)
frame_002687,-1.0,1.8191,15.7962,0.1092,17.7845,877,82.93, -> turnstile (82.9%)
frame_002688,-1.0,2.4699,14.1404,0.1015,16.771,877,80.11, -> turnstile (80.1%)
frame_002689,-1.0,4.0347,13.5378,0.1031,17.7342,877,69.41, -> turnstile (69.4%)
frame_002690,-1.0,1.8342,13.8917,0.0976,15.8781,877,67.61, -> turnstile (67.6%)
frame_002691,-1.0,1.8177,14.3784,0.1055,16.3588,877,61.47, -> turnstile (61.5%)
frame_002692,-1.0,1.9122,14.1317,0.0985,16.197,877,27.35, -> turnstile (27.4%)
frame_002693,-1.0,1.9302,14.4306,0.0961,16.5113,877,63.93, -> turnstile (63.9%)
frame_002694,-1.0,3.4469,14.3835,0.0998,17.9844,877,33.79, -> turnstile (33.8%)
frame_002695,-1.0,1.7345,14.2264,0.1067,16.1247,877,59.17, -> turnstile (59.2%)
frame_002696,-1.0,2.0236,14.2031,0.1026,16.3864,877,52.04, -> turnstile (52.0%)
frame_002697,-1.0,1.7645,14.0818,0.1005,16.0047,877,49.63, -> turnstile (49.6%)
frame_002698,-1.0,1.8203,14.1143,0.1033,16.0949,877,67.98, -> turnstile (68.0%)
frame_002699,-1.0,1.6872,14.0565,0.0985,15.8987,877,78.38, -> turnstile (78.4%)
frame_002700,-1.0,1.7759,14.1288,0.0982,16.058,480,48.91, -> cash machine (48.9%)
frame_002701,-1.0,1.7611,13.9219,0.0939,15.8316,480,80.07, -> cash machine (80.1%)
frame_002702,-1.0,1.8163,14.994,0.1049,16.9712,480,62.72, -> cash machine (62.7%)
frame_002703,-1.0,1.8672,13.9356,0.0956,15.9539,877,54.19, -> turnstile (54.2%)
frame_002704,-1.0,2.3963,14.0367,0.1079,16.5977,877,55.22, -> turnstile (55.2%)
frame_002705,-1.0,2.5496,14.4545,0.1076,17.1686,480,56.77, -> cash machine (56.8%)
frame_002706,-1.0,1.9154,14.6506,0.1082,16.7301,877,51.79, -> turnstile (51.8%)
frame_002707,-1.0,1.8732,14.4963,0.1053,16.5311,480,68.9, -> cash machine (68.9%)
frame_002708,-1.0,3.4736,14.1465,0.1078,17.784,480,62.81, -> cash machine (62.8%)
frame_002709,-1.0,1.8524,14.2951,0.1084,16.3134,480,64.71, -> cash machine (64.7%)
frame_002710,-1.0,1.8727,14.4761,0.107,16.5125,480,78.67, -> cash machine (78.7%)
frame_002711,-1.0,1.8142,14.2197,0.1042,16.1957,480,48.07, -> cash machine (48.1%)
frame_002712,-1.0,1.804,14.2068,0.0989,16.1683,877,38.19, -> turnstile (38.2%)
frame_002713,-1.0,1.7754,14.3051,0.0953,16.2322,877,51.92, -> turnstile (51.9%)
frame_002714,-1.0,1.3038,13.8807,0.0946,15.3319,480,56.59, -> cash machine (56.6%)
frame_002715,-1.0,1.8002,14.7908,0.1006,16.7479,480,49.46, -> cash machine (49.5%)
frame_002716,-1.0,1.9179,15.3735,0.1003,17.4487,480,71.81, -> cash machine (71.8%)
frame_002717,-1.0,1.7822,13.6943,0.0956,15.6274,877,59.59, -> turnstile (59.6%)
frame_002718,-1.0,1.8687,14.2612,0.1043,16.2921,877,69.6, -> turnstile (69.6%)
frame_002719,-1.0,1.8448,14.3926,0.1001,16.3938,480,60.84, -> cash machine (60.8%)
frame_002720,-1.0,1.8868,14.5674,0.1066,16.6184,877,69.69, -> turnstile (69.7%)
frame_002721,-1.0,1.8658,14.327,0.1078,16.3571,480,73.37, -> cash machine (73.4%)
frame_002722,-1.0,1.8194,14.2648,0.1052,16.2481,480,76.39, -> cash machine (76.4%)
frame_002723,-1.0,1.8066,13.8032,0.1094,15.7767,877,63.02, -> turnstile (63.0%)
frame_002724,-1.0,1.7675,14.1012,0.1092,16.0346,480,83.37, -> cash machine (83.4%)
frame_002725,-1.0,1.8917,14.6317,0.1081,16.6899,480,87.85, -> cash machine (87.8%)
frame_002726,-1.0,1.8364,14.6304,0.1044,16.6285,480,69.49, -> cash machine (69.5%)
frame_002727,-1.0,2.5124,14.0052,0.1082,16.6839,480,67.99, -> cash machine (68.0%)
frame_002728,-1.0,1.7672,14.0068,0.1051,15.9364,877,59.76, -> turnstile (59.8%)
frame_002729,-1.0,1.7965,14.5801,0.1015,16.5347,877,80.01, -> turnstile (80.0%)
frame_002730,-1.0,1.7779,14.6934,0.1092,16.6379,480,44.01, -> cash machine (44.0%)
frame_002731,-1.0,1.6662,14.4064,0.1052,16.236,877,66.54, -> turnstile (66.5%)
frame_002732,-1.0,1.7972,14.996,0.104,16.9562,877,55.9, -> turnstile (55.9%)
frame_002733,-1.0,1.7951,15.0928,0.1046,17.0495,877,65.69, -> turnstile (65.7%)
frame_002734,-1.0,1.4498,13.8377,0.1059,15.4493,877,66.82, -> turnstile (66.8%)
frame_002735,-1.0,1.8223,15.0447,0.0996,17.0222,877,50.13, -> turnstile (50.1%)
frame_002736,-1.0,3.0289,14.8314,0.0978,18.0142,877,36.7, -> turnstile (36.7%)
frame_002737,-1.0,1.8867,14.1902,0.1099,16.2446,877,37.41, -> turnstile (37.4%)
frame_002738,-1.0,2.0794,14.1458,0.0935,16.3763,877,44.8, -> turnstile (44.8%)
frame_002739,-1.0,2.5003,14.0176,0.1102,16.6864,877,50.47, -> turnstile (50.5%)
frame_002740,-1.0,1.8452,14.3903,0.1001,16.3924,480,41.41, -> cash machine (41.4%)
frame_002741,-1.0,1.8356,14.397,0.1026,16.3913,480,30.09, -> cash machine (30.1%)
frame_002742,-1.0,1.7956,14.3651,0.1027,16.3196,480,38.97, -> cash machine (39.0%)
frame_002743,-1.0,1.8412,14.3584,0.1059,16.3636,480,51.48, -> cash machine (51.5%)
frame_002744,-1.0,1.9344,14.621,0.1004,16.7122,480,34.61, -> cash machine (34.6%)
frame_002745,-1.0,1.921,14.6711,0.0953,16.7434,480,57.82, -> cash machine (57.8%)
frame_002746,-1.0,1.9435,14.3875,0.1081,16.4994,480,47.05, -> cash machine (47.0%)
frame_002747,-1.0,1.772,15.1766,0.1033,17.1103,480,41.3, -> cash machine (41.3%)
frame_002748,-1.0,1.6027,14.7733,0.0996,16.5316,480,64.24, -> cash machine (64.2%)
frame_002749,-1.0,1.8107,14.3924,0.1091,16.3701,877,42.42, -> turnstile (42.4%)
frame_002750,-1.0,1.7278,14.391,0.1089,16.2865,877,74.46, -> turnstile (74.5%)
frame_002751,-1.0,1.7765,14.4988,0.1005,16.432,877,67.88, -> turnstile (67.9%)
frame_002752,-1.0,1.7149,14.604,0.0948,16.4709,877,68.59, -> turnstile (68.6%)
frame_002753,-1.0,1.8171,14.8298,0.1008,16.8064,480,53.17, -> cash machine (53.2%)
frame_002754,-1.0,4.5644,14.4779,0.1101,19.2075,480,55.35, -> cash machine (55.3%)
frame_002755,-1.0,3.909,14.4177,0.1063,18.4906,877,58.21, -> turnstile (58.2%)
frame_002756,-1.0,3.9847,14.5732,0.096,18.7104,877,48.88, -> turnstile (48.9%)
frame_002757,-1.0,2.2603,14.6534,0.0994,17.0689,877,36.79, -> turnstile (36.8%)
frame_002758,-1.0,2.1609,13.9707,0.0947,16.2807,877,61.59, -> turnstile (61.6%)
frame_002759,-1.0,1.8207,14.3801,0.0996,16.3553,877,59.24, -> turnstile (59.2%)
frame_002760,-1.0,2.2554,14.2074,0.103,16.6232,877,51.48, -> turnstile (51.5%)
frame_002761,-1.0,1.8059,14.5083,0.0971,16.4691,877,62.41, -> turnstile (62.4%)
frame_002762,-1.0,1.7186,13.98,0.093,15.8472,877,31.5, -> turnstile (31.5%)
frame_002763,-1.0,1.8382,14.0067,0.0931,15.9936,877,35.48, -> turnstile (35.5%)
frame_002764,-1.0,3.3614,14.372,0.1106,17.9039,877,29.6, -> turnstile (29.6%)
frame_002765,-1.0,3.832,15.1298,0.1128,19.1344,480,30.83, -> cash machine (30.8%)
frame_002766,-1.0,2.1427,14.0271,0.1032,16.3317,877,42.58, -> turnstile (42.6%)
frame_002767,-1.0,1.7567,15.1895,0.1053,17.108,877,54.57, -> turnstile (54.6%)
frame_002768,-1.0,1.9093,14.3652,0.0946,16.4249,877,77.86, -> turnstile (77.9%)
frame_002769,-1.0,1.8663,14.5362,0.1032,16.5634,877,46.82, -> turnstile (46.8%)
frame_002770,-1.0,1.8251,14.1972,0.0987,16.1766,877,47.94, -> turnstile (47.9%)
frame_002771,-1.0,2.5384,14.1122,0.108,16.8136,877,49.49, -> turnstile (49.5%)
frame_002772,-1.0,1.7674,14.5095,0.1012,16.4347,877,49.09, -> turnstile (49.1%)
frame_002773,-1.0,1.4794,13.7519,0.0908,15.3765,877,32.25, -> turnstile (32.3%)
frame_002774,-1.0,1.8625,14.1214,0.0948,16.133,877,31.96, -> turnstile (32.0%)
frame_002775,-1.0,1.8385,14.2852,0.106,16.2868,877,70.03, -> turnstile (70.0%)
frame_002776,-1.0,2.5072,14.2213,0.1037,16.8906,877,43.23, -> turnstile (43.2%)
frame_002777,-1.0,1.7603,16.4757,0.1198,18.4165,877,51.09, -> turnstile (51.1%)
frame_002778,-1.0,2.1272,14.6637,0.1038,16.9507,877,30.08, -> turnstile (30.1%)
frame_002779,-1.0,2.5204,13.9745,0.103,16.656,877,40.26, -> turnstile (40.3%)
frame_002780,-1.0,1.8822,14.098,0.1012,16.1407,877,28.74, -> turnstile (28.7%)
frame_002781,-1.0,1.852,14.9071,0.107,16.9244,877,29.0, -> turnstile (29.0%)
frame_002782,-1.0,1.8164,14.6642,0.1035,16.6417,877,28.56, -> turnstile (28.6%)
frame_002783,-1.0,1.7049,15.062,0.1057,16.9319,877,40.05, -> turnstile (40.1%)
frame_002784,-1.0,1.8604,15.0047,0.1074,17.0294,877,37.28, -> turnstile (37.3%)
frame_002785,-1.0,1.8613,14.5385,0.104,16.5605,480,35.46, -> cash machine (35.5%)
frame_002786,-1.0,1.8228,14.0778,0.1011,16.0615,877,34.22, -> turnstile (34.2%)
frame_002787,-1.0,3.5366,13.9776,0.1054,17.6755,877,31.68, -> turnstile (31.7%)
frame_002788,-1.0,1.7371,15.4711,0.097,17.3609,877,40.41, -> turnstile (40.4%)
frame_002789,-1.0,1.7985,14.4205,0.0913,16.3646,877,48.3, -> turnstile (48.3%)
frame_002790,-1.0,1.8052,14.8116,0.0946,16.7645,877,35.19, -> turnstile (35.2%)
frame_002791,-1.0,1.8897,14.9194,0.0939,16.9579,877,29.28, -> turnstile (29.3%)
frame_002792,-1.0,1.875,16.223,0.1075,18.262,877,44.32, -> turnstile (44.3%)
frame_002793,-1.0,3.4751,14.7749,0.1004,18.4087,480,32.78, -> cash machine (32.8%)
frame_002794,-1.0,2.2862,14.4551,0.0957,16.8932,480,42.5, -> cash machine (42.5%)
frame_002795,-1.0,2.4259,14.2251,0.0994,16.8056,480,26.79, -> cash machine (26.8%)
frame_002796,-1.0,2.357,14.6129,0.1089,17.1384,877,43.52, -> turnstile (43.5%)
frame_002797,-1.0,1.8362,14.8569,0.11,16.8609,877,49.32, -> turnstile (49.3%)
frame_002798,-1.0,4.0423,14.403,0.1169,18.621,877,50.65, -> turnstile (50.7%)
frame_002799,-1.0,3.0506,14.2787,0.1096,17.498,877,72.13, -> turnstile (72.1%)
frame_002800,-1.0,1.9313,14.4801,0.1004,16.5679,877,58.23, -> turnstile (58.2%)
frame_002801,-1.0,1.8173,14.274,0.1001,16.249,480,22.86, -> cash machine (22.9%)
frame_002802,-1.0,1.7906,14.5646,0.101,16.5087,480,28.83, -> cash machine (28.8%)
frame_002803,-1.0,1.9071,14.4207,0.098,16.4807,877,53.07, -> turnstile (53.1%)
frame_002804,-1.0,1.5924,15.5645,0.0924,17.3036,877,41.89, -> turnstile (41.9%)
frame_002805,-1.0,1.7554,14.4311,0.0898,16.3295,877,34.66, -> turnstile (34.7%)
frame_002806,-1.0,3.5609,14.4326,0.0937,18.1422,877,48.21, -> turnstile (48.2%)
frame_002807,-1.0,2.3327,15.3771,0.1072,17.8779,877,43.42, -> turnstile (43.4%)
frame_002808,-1.0,2.5759,14.052,0.1019,16.7846,877,35.55, -> turnstile (35.5%)
frame_002809,-1.0,1.9,16.6944,0.114,18.7676,480,27.42, -> cash machine (27.4%)
frame_002810,-1.0,3.3768,14.1399,0.1043,17.6768,877,40.34, -> turnstile (40.3%)
frame_002811,-1.0,2.4381,14.2544,0.0997,16.8486,877,35.84, -> turnstile (35.8%)
frame_002812,-1.0,1.8412,14.6854,0.0944,16.6743,877,31.32, -> turnstile (31.3%)
frame_002813,-1.0,1.8002,14.5672,0.1065,16.5327,877,52.74, -> turnstile (52.7%)
frame_002814,-1.0,1.8784,14.3544,0.1007,16.3923,877,29.77, -> turnstile (29.8%)
frame_002815,-1.0,1.7884,15.1017,0.1023,17.0478,877,59.69, -> turnstile (59.7%)
frame_002816,-1.0,1.8381,14.5971,0.1004,16.5918,877,44.95, -> turnstile (45.0%)
frame_002817,-1.0,1.7584,14.3939,0.0965,16.3013,877,53.08, -> turnstile (53.1%)
frame_002818,-1.0,1.8501,14.7058,0.0979,16.7093,480,19.41, -> cash machine (19.4%)
frame_002819,-1.0,1.7715,14.4786,0.0962,16.4001,480,24.84, -> cash machine (24.8%)
frame_002820,-1.0,1.9028,14.977,0.094,17.0285,877,18.69, -> turnstile (18.7%)
frame_002821,-1.0,1.7681,14.3309,0.1012,16.2557,877,26.43, -> turnstile (26.4%)
frame_002822,-1.0,1.789,14.371,0.094,16.3065,877,36.78, -> turnstile (36.8%)
frame_002823,-1.0,1.8232,14.9828,0.0959,16.9526,877,24.84, -> turnstile (24.8%)
frame_002824,-1.0,1.365,13.7395,0.0892,15.247,877,38.9, -> turnstile (38.9%)
frame_002825,-1.0,1.684,14.1785,0.0952,16.0141,877,43.13, -> turnstile (43.1%)
frame_002826,-1.0,1.7366,14.2197,0.0896,16.1001,877,28.72, -> turnstile (28.7%)
frame_002827,-1.0,1.6156,14.9792,0.0926,16.7388,877,28.49, -> turnstile (28.5%)
frame_002828,-1.0,1.7755,14.7365,0.0913,16.6573,877,42.55, -> turnstile (42.6%)
frame_002829,-1.0,1.7706,14.9112,0.0925,16.8287,877,36.86, -> turnstile (36.9%)
frame_002830,-1.0,1.8063,14.4957,0.0923,16.4481,877,51.33, -> turnstile (51.3%)
frame_002831,-1.0,1.7205,14.3142,0.0936,16.1818,877,42.38, -> turnstile (42.4%)
frame_002832,-1.0,1.8761,14.0231,0.0929,16.046,877,22.33, -> turnstile (22.3%)
frame_002833,-1.0,1.6344,14.4186,0.0978,16.2047,877,32.56, -> turnstile (32.6%)
frame_002834,-1.0,1.9931,13.7466,0.0905,15.8831,894,18.68, -> wardrobe (18.7%)
frame_002835,-1.0,2.3735,13.9937,0.1088,16.5334,894,20.75, -> wardrobe (20.8%)
frame_002836,-1.0,1.8442,13.9764,0.1004,15.9764,894,27.87, -> wardrobe (27.9%)
frame_002837,-1.0,1.7754,14.2873,0.0955,16.2142,877,22.31, -> turnstile (22.3%)
frame_002838,-1.0,1.7994,14.2723,0.105,16.2322,877,22.82, -> turnstile (22.8%)
frame_002839,-1.0,3.3017,14.7653,0.0978,18.2221,894,36.35, -> wardrobe (36.4%)
frame_002840,-1.0,1.7377,14.406,0.1004,16.2992,894,26.53, -> wardrobe (26.5%)
frame_002841,-1.0,1.7176,14.2228,0.0987,16.0945,894,33.63, -> wardrobe (33.6%)
frame_002842,-1.0,1.7334,14.0152,0.0953,15.899,894,27.31, -> wardrobe (27.3%)
frame_002843,-1.0,1.844,14.4869,0.0955,16.4839,894,29.71, -> wardrobe (29.7%)
frame_002844,-1.0,1.7288,14.3872,0.0971,16.269,894,32.97, -> wardrobe (33.0%)
frame_002845,-1.0,1.8661,14.628,0.0975,16.6477,894,39.08, -> wardrobe (39.1%)
frame_002846,-1.0,1.7374,13.9442,0.0906,15.8266,894,33.3, -> wardrobe (33.3%)
frame_002847,-1.0,1.8176,14.1414,0.0961,16.1117,894,30.65, -> wardrobe (30.7%)
frame_002848,-1.0,2.4475,14.3791,0.0976,16.9795,894,39.06, -> wardrobe (39.1%)
frame_002849,-1.0,1.8333,14.3883,0.1061,16.3842,894,31.53, -> wardrobe (31.5%)
frame_002850,-1.0,1.7762,14.3569,0.0972,16.2847,894,25.49, -> wardrobe (25.5%)
frame_002851,-1.0,1.7979,14.5825,0.0972,16.5334,894,24.09, -> wardrobe (24.1%)
frame_002852,-1.0,1.8223,14.2618,0.0962,16.2323,894,29.52, -> wardrobe (29.5%)
frame_002853,-1.0,1.7049,14.8432,0.0933,16.6956,894,34.63, -> wardrobe (34.6%)
frame_002854,-1.0,1.698,14.5031,0.0925,16.3478,894,35.97, -> wardrobe (36.0%)
frame_002855,-1.0,1.7374,14.3953,0.1003,16.2861,894,42.63, -> wardrobe (42.6%)
frame_002856,-1.0,1.7627,14.9275,0.0927,16.8355,894,44.1, -> wardrobe (44.1%)
frame_002857,-1.0,1.7299,14.2979,0.0997,16.182,894,57.4, -> wardrobe (57.4%)
frame_002858,-1.0,1.7735,14.8089,0.094,16.7308,894,27.15, -> wardrobe (27.2%)
frame_002859,-1.0,1.8092,14.06,0.0957,16.0181,894,32.46, -> wardrobe (32.5%)
frame_002860,-1.0,1.7319,14.603,0.0966,16.4855,894,41.66, -> wardrobe (41.7%)
frame_002861,-1.0,1.8,14.6726,0.0942,16.6206,894,41.92, -> wardrobe (41.9%)
frame_002862,-1.0,1.9073,15.181,0.1014,17.2456,894,41.95, -> wardrobe (41.9%)
frame_002863,-1.0,1.805,14.4086,0.1012,16.3673,894,33.81, -> wardrobe (33.8%)
frame_002864,-1.0,2.4566,14.7769,0.1074,17.3987,894,34.07, -> wardrobe (34.1%)
frame_002865,-1.0,1.8926,14.5852,0.0953,16.6289,480,48.62, -> cash machine (48.6%)
frame_002866,-1.0,1.8795,14.6956,0.1017,16.7333,894,35.7, -> wardrobe (35.7%)
frame_002867,-1.0,1.4033,14.0855,0.1073,15.6537,480,41.43, -> cash machine (41.4%)
frame_002868,-1.0,1.753,14.7224,0.0991,16.6314,894,45.64, -> wardrobe (45.6%)
frame_002869,-1.0,1.8866,14.5645,0.104,16.6098,894,34.57, -> wardrobe (34.6%)
frame_002870,-1.0,1.8173,14.3588,0.0983,16.329,894,49.4, -> wardrobe (49.4%)
frame_002871,-1.0,1.7632,14.3592,0.102,16.2785,894,36.89, -> wardrobe (36.9%)
frame_002872,-1.0,1.8794,13.9989,0.0988,16.0331,894,57.17, -> wardrobe (57.2%)
frame_002873,-1.0,1.8285,14.5991,0.1024,16.5873,894,63.43, -> wardrobe (63.4%)
frame_002874,-1.0,1.6622,14.5683,0.0982,16.3838,894,70.53, -> wardrobe (70.5%)
frame_002875,-1.0,1.7054,15.1664,0.0985,17.027,894,49.46, -> wardrobe (49.5%)
frame_002876,-1.0,1.8174,14.6788,0.0934,16.6443,894,69.41, -> wardrobe (69.4%)
frame_002877,-1.0,1.6684,14.383,0.0923,16.1959,894,62.47, -> wardrobe (62.5%)
frame_002878,-1.0,1.7648,14.2765,0.0973,16.1953,894,58.52, -> wardrobe (58.5%)
frame_002879,-1.0,1.79,14.7752,0.0963,16.7164,894,64.79, -> wardrobe (64.8%)
frame_002880,-1.0,1.6673,14.226,0.0989,16.047,894,86.37, -> wardrobe (86.4%)
frame_002881,-1.0,2.2885,13.9224,0.0985,16.3653,894,90.35, -> wardrobe (90.3%)
frame_002882,-1.0,1.8554,14.2168,0.0936,16.2199,894,77.91, -> wardrobe (77.9%)
frame_002883,-1.0,1.7653,14.6179,0.0936,16.5319,894,75.41, -> wardrobe (75.4%)
frame_002884,-1.0,1.8207,14.6343,0.1037,16.6166,894,86.1, -> wardrobe (86.1%)
frame_002885,-1.0,1.7261,14.5538,0.1044,16.4406,894,71.57, -> wardrobe (71.6%)
frame_002886,-1.0,1.7738,14.0748,0.1054,16.0105,894,87.11, -> wardrobe (87.1%)
frame_002887,-1.0,1.3567,14.002,0.0994,15.5131,894,86.75, -> wardrobe (86.7%)
frame_002888,-1.0,1.8471,14.118,0.0934,16.1126,894,69.96, -> wardrobe (70.0%)
frame_002889,-1.0,1.8607,14.2552,0.0983,16.2706,894,78.19, -> wardrobe (78.2%)
frame_002890,-1.0,1.8595,14.4041,0.0903,16.4077,894,83.81, -> wardrobe (83.8%)
frame_002891,-1.0,1.7478,14.5043,0.0983,16.4044,894,82.44, -> wardrobe (82.4%)
frame_002892,-1.0,1.6865,14.0507,0.091,15.8806,894,58.13, -> wardrobe (58.1%)
frame_002893,-1.0,1.9088,14.2985,0.0968,16.3571,894,74.23, -> wardrobe (74.2%)
frame_002894,-1.0,1.8743,14.1622,0.099,16.1919,894,70.76, -> wardrobe (70.8%)
frame_002895,-1.0,1.7168,14.4766,0.0963,16.3447,894,77.17, -> wardrobe (77.2%)
frame_002896,-1.0,1.7623,14.477,0.0942,16.3861,894,83.91, -> wardrobe (83.9%)
frame_002897,-1.0,1.6605,14.6757,0.0988,16.4922,894,85.35, -> wardrobe (85.4%)
frame_002898,-1.0,1.7549,14.841,0.0958,16.7467,894,82.38, -> wardrobe (82.4%)
frame_002899,-1.0,1.6904,14.1182,0.0899,15.951,894,79.12, -> wardrobe (79.1%)
frame_002900,-1.0,1.6927,14.5189,0.0959,16.3629,894,77.38, -> wardrobe (77.4%)
frame_002901,-1.0,1.9252,14.5545,0.0951,16.6286,894,82.33, -> wardrobe (82.3%)
frame_002902,-1.0,3.3223,14.9568,0.0953,18.4278,894,86.84, -> wardrobe (86.8%)
frame_002903,-1.0,3.6074,15.067,0.1036,18.8358,894,84.54, -> wardrobe (84.5%)
frame_002904,-1.0,3.6483,14.5944,0.0919,18.392,894,85.22, -> wardrobe (85.2%)
frame_002905,-1.0,1.9735,14.3852,0.1036,16.5178,894,84.47, -> wardrobe (84.5%)
frame_002906,-1.0,4.3061,14.1731,0.1074,18.6418,894,84.49, -> wardrobe (84.5%)
frame_002907,-1.0,3.8916,14.3468,0.111,18.4077,894,82.03, -> wardrobe (82.0%)
frame_002908,-1.0,3.5948,14.6568,0.1047,18.412,894,81.85, -> wardrobe (81.9%)
frame_002909,-1.0,2.0287,14.7371,0.0961,16.9168,894,84.14, -> wardrobe (84.1%)
frame_002910,-1.0,2.5302,14.3998,0.0941,17.0799,894,82.81, -> wardrobe (82.8%)
frame_002911,-1.0,1.7706,13.8139,0.0988,15.7382,894,84.92, -> wardrobe (84.9%)
frame_002912,-1.0,1.7766,14.1409,0.0969,16.0702,894,83.58, -> wardrobe (83.6%)
frame_002913,-1.0,1.7724,14.1799,0.087,16.0912,894,83.05, -> wardrobe (83.1%)
frame_002914,-1.0,4.2503,14.4759,0.1055,18.8875,894,85.82, -> wardrobe (85.8%)
frame_002915,-1.0,2.3627,14.5356,0.1033,17.0584,894,85.81, -> wardrobe (85.8%)
frame_002916,-1.0,4.3455,14.6759,0.1049,19.1811,894,85.44, -> wardrobe (85.4%)
frame_002917,-1.0,2.0427,14.3952,0.0965,16.5879,894,83.04, -> wardrobe (83.0%)
frame_002918,-1.0,2.4993,14.6493,0.0978,17.3022,894,83.38, -> wardrobe (83.4%)
frame_002919,-1.0,1.7248,14.7438,0.1002,16.6242,894,85.21, -> wardrobe (85.2%)
frame_002920,-1.0,1.9199,14.5944,0.0974,16.6689,894,78.92, -> wardrobe (78.9%)
frame_002921,-1.0,1.8293,14.0154,0.0927,15.991,894,85.96, -> wardrobe (86.0%)
frame_002922,-1.0,2.9929,14.4394,0.0938,17.5809,894,82.23, -> wardrobe (82.2%)
frame_002923,-1.0,2.2015,14.7246,0.1012,17.0821,894,83.5, -> wardrobe (83.5%)
frame_002924,-1.0,2.0439,14.5422,0.0929,16.7317,894,86.08, -> wardrobe (86.1%)
frame_002925,-1.0,1.597,15.03,0.1042,16.7883,894,82.67, -> wardrobe (82.7%)
frame_002926,-1.0,1.9372,14.1791,0.0964,16.2665,894,83.2, -> wardrobe (83.2%)
frame_002927,-1.0,3.551,14.6101,0.1026,18.3213,894,81.51, -> wardrobe (81.5%)
frame_002928,-1.0,1.9853,13.9921,0.0886,16.1203,894,83.1, -> wardrobe (83.1%)
frame_002929,-1.0,1.7741,14.6033,0.0956,16.5298,894,83.0, -> wardrobe (83.0%)
frame_002930,-1.0,1.785,14.9403,0.0982,16.8771,894,78.84, -> wardrobe (78.8%)
frame_002931,-1.0,1.7874,14.481,0.096,16.4188,894,83.53, -> wardrobe (83.5%)
frame_002932,-1.0,1.8619,14.4149,0.0928,16.4226,894,81.35, -> wardrobe (81.3%)
frame_002933,-1.0,1.7222,14.1585,0.0937,16.0286,894,85.47, -> wardrobe (85.5%)
frame_002934,-1.0,1.5861,14.0706,0.0938,15.8048,894,82.75, -> wardrobe (82.7%)
frame_002935,-1.0,3.3472,14.877,0.1066,18.3875,894,84.85, -> wardrobe (84.9%)
frame_002936,-1.0,3.3899,14.2844,0.1008,17.8297,894,86.31, -> wardrobe (86.3%)
frame_002937,-1.0,2.5763,14.2441,0.0956,16.9711,894,82.99, -> wardrobe (83.0%)
frame_002938,-1.0,1.7619,14.3752,0.092,16.2822,894,86.55, -> wardrobe (86.6%)
frame_002939,-1.0,2.2146,14.3709,0.1012,16.7385,894,84.2, -> wardrobe (84.2%)
frame_002940,-1.0,1.7523,14.3546,0.0911,16.2509,894,80.98, -> wardrobe (81.0%)
frame_002941,-1.0,2.5022,14.2829,0.0975,16.9379,894,81.74, -> wardrobe (81.7%)
frame_002942,-1.0,1.8088,14.4152,0.092,16.3684,894,77.27, -> wardrobe (77.3%)
frame_002943,-1.0,2.0762,14.0604,0.0945,16.2872,894,79.1, -> wardrobe (79.1%)
frame_002944,-1.0,2.4812,15.324,0.1071,17.9675,894,79.56, -> wardrobe (79.6%)
frame_002945,-1.0,1.6313,14.0562,0.0944,15.8362,894,82.58, -> wardrobe (82.6%)
frame_002946,-1.0,3.1011,14.7161,0.0949,17.9652,894,82.91, -> wardrobe (82.9%)
frame_002947,-1.0,2.3001,14.8381,0.1039,17.2981,894,82.24, -> wardrobe (82.2%)
frame_002948,-1.0,2.0585,14.6732,0.1023,16.892,894,79.96, -> wardrobe (80.0%)
frame_002949,-1.0,1.7873,14.2082,0.098,16.1508,894,82.82, -> wardrobe (82.8%)
frame_002950,-1.0,1.8615,13.7961,0.1005,15.8138,894,83.85, -> wardrobe (83.8%)
frame_002951,-1.0,1.6621,14.0152,0.0937,15.8248,894,79.2, -> wardrobe (79.2%)
frame_002952,-1.0,1.8492,14.5873,0.0997,16.5906,894,84.43, -> wardrobe (84.4%)
frame_002953,-1.0,1.758,14.3302,0.095,16.2371,894,70.2, -> wardrobe (70.2%)
frame_002954,-1.0,1.7051,14.2052,0.0971,16.0611,894,70.92, -> wardrobe (70.9%)
frame_002955,-1.0,4.4155,14.5095,0.1023,19.083,894,73.44, -> wardrobe (73.4%)
frame_002956,-1.0,2.4078,14.0021,0.1069,16.5779,894,72.96, -> wardrobe (73.0%)
frame_002957,-1.0,2.5213,14.3591,0.104,17.0418,894,84.42, -> wardrobe (84.4%)
frame_002958,-1.0,2.4411,14.7083,0.1091,17.3176,894,91.43, -> wardrobe (91.4%)
frame_002959,-1.0,1.9645,13.5498,0.099,15.667,894,68.69, -> wardrobe (68.7%)
frame_002960,-1.0,1.8731,13.9877,0.0961,16.0125,894,57.71, -> wardrobe (57.7%)
frame_002961,-1.0,3.6572,13.9315,0.0972,17.7425,894,31.88, -> wardrobe (31.9%)
frame_002962,-1.0,1.8415,14.6709,0.0903,16.6563,894,20.46, -> wardrobe (20.5%)
frame_002963,-1.0,2.2198,14.8813,0.1032,17.2588,480,25.61, -> cash machine (25.6%)
frame_002964,-1.0,1.7935,13.8494,0.0997,15.7977,480,34.93, -> cash machine (34.9%)
frame_002965,-1.0,1.7975,14.4222,0.0988,16.3729,894,30.33, -> wardrobe (30.3%)
frame_002966,-1.0,1.7842,14.6,0.0947,16.5326,894,46.46, -> wardrobe (46.5%)
frame_002967,-1.0,1.7452,14.3003,0.0983,16.1984,894,27.37, -> wardrobe (27.4%)
frame_002968,-1.0,1.7762,14.6733,0.0927,16.5964,480,24.03, -> cash machine (24.0%)
frame_002969,-1.0,1.8486,14.402,0.1013,16.4068,480,22.6, -> cash machine (22.6%)
frame_002970,-1.0,3.0978,14.4013,0.0967,17.6533,480,25.94, -> cash machine (25.9%)
frame_002971,-1.0,3.4231,14.5486,0.1,18.1267,480,32.85, -> cash machine (32.9%)
frame_002972,-1.0,3.5689,14.6095,0.0953,18.3285,480,25.69, -> cash machine (25.7%)
frame_002973,-1.0,2.2052,14.0483,0.1046,16.4153,480,21.15, -> cash machine (21.2%)
frame_002974,-1.0,1.9769,14.2191,0.101,16.352,480,53.95, -> cash machine (53.9%)
frame_002975,-1.0,1.7104,14.2924,0.0992,16.1588,713,13.85, -> photocopier (13.9%)
frame_002976,-1.0,1.8369,14.5002,0.0934,16.4848,480,26.96, -> cash machine (27.0%)
frame_002977,-1.0,1.8174,14.9594,0.0998,16.933,480,39.02, -> cash machine (39.0%)
frame_002978,-1.0,1.855,14.2577,0.0982,16.2655,480,36.47, -> cash machine (36.5%)
frame_002979,-1.0,1.7489,14.1004,0.099,16.0068,760,20.11, -> refrigerator (20.1%)
frame_002980,-1.0,1.8609,14.2296,0.096,16.2419,480,20.35, -> cash machine (20.4%)
frame_002981,-1.0,1.7765,14.4589,0.1025,16.3946,480,46.91, -> cash machine (46.9%)
frame_002982,-1.0,1.7736,13.9807,0.0937,15.9029,480,40.86, -> cash machine (40.9%)
frame_002983,-1.0,1.7472,14.1828,0.0982,16.0854,480,25.69, -> cash machine (25.7%)
frame_002984,-1.0,3.0582,14.7405,0.0985,17.9554,480,27.94, -> cash machine (27.9%)
frame_002985,-1.0,2.2855,14.8425,0.1084,17.2946,480,33.23, -> cash machine (33.2%)
frame_002986,-1.0,1.8852,14.0653,0.0983,16.1055,480,24.66, -> cash machine (24.7%)
frame_002987,-1.0,1.8325,14.6184,0.0983,16.6071,713,15.54, -> photocopier (15.5%)
frame_002988,-1.0,2.285,13.8111,0.0962,16.2479,480,20.5, -> cash machine (20.5%)
frame_002989,-1.0,2.2568,15.553,0.1105,17.9777,480,54.57, -> cash machine (54.6%)
frame_002990,-1.0,2.3421,13.9173,0.0956,16.4125,480,72.05, -> cash machine (72.0%)
frame_002991,-1.0,1.8855,14.1033,0.0986,16.1432,480,52.65, -> cash machine (52.7%)
frame_002992,-1.0,2.4996,13.8591,0.1017,16.5193,713,28.53, -> photocopier (28.5%)
frame_002993,-1.0,1.5496,13.628,0.0953,15.3272,713,33.56, -> photocopier (33.6%)
frame_002994,-1.0,1.7421,13.8758,0.0935,15.7668,713,28.83, -> photocopier (28.8%)
frame_002995,-1.0,1.7601,14.3645,0.0915,16.2707,827,15.04, -> stove (15.0%)
frame_002996,-1.0,1.8124,14.3814,0.1036,16.3541,480,25.39, -> cash machine (25.4%)
frame_002997,-1.0,1.7834,14.7199,0.0971,16.6565,760,11.37, -> refrigerator (11.4%)
frame_002998,-1.0,1.7658,14.0102,0.1068,15.9399,480,41.47, -> cash machine (41.5%)
frame_002999,-1.0,1.8065,14.14,0.0915,16.0928,480,15.97, -> cash machine (16.0%)
frame_003000,-1.0,1.9274,14.8828,0.1025,16.9702,480,21.27, -> cash machine (21.3%)
frame_003001,-1.0,3.0494,14.752,0.0985,17.9555,894,30.83, -> wardrobe (30.8%)
frame_003002,-1.0,2.197,14.6175,0.0979,16.9676,894,14.14, -> wardrobe (14.1%)
frame_003003,-1.0,2.1565,14.0095,0.0958,16.3169,894,21.37, -> wardrobe (21.4%)
frame_003004,-1.0,1.8645,14.4159,0.1118,16.4502,713,15.97, -> photocopier (16.0%)
frame_003005,-1.0,3.8873,14.0598,0.1057,18.1094,760,18.66, -> refrigerator (18.7%)
frame_003006,-1.0,2.1782,13.8017,0.1031,16.139,894,26.19, -> wardrobe (26.2%)
frame_003007,-1.0,1.9618,14.2502,0.0993,16.3714,894,84.8, -> wardrobe (84.8%)
frame_003008,-1.0,1.8124,14.0586,0.0928,16.019,894,88.14, -> wardrobe (88.1%)
frame_003009,-1.0,1.8734,14.0995,0.1014,16.1317,894,81.94, -> wardrobe (81.9%)
frame_003010,-1.0,2.353,14.2067,0.1035,16.7214,894,76.99, -> wardrobe (77.0%)
frame_003011,-1.0,1.8605,14.4557,0.1084,16.4826,894,71.88, -> wardrobe (71.9%)
frame_003012,-1.0,1.4489,13.8585,0.1046,15.4702,894,75.56, -> wardrobe (75.6%)
frame_003013,-1.0,3.4685,13.9054,0.1109,17.5432,894,64.95, -> wardrobe (64.9%)
frame_003014,-1.0,1.896,13.776,0.0948,15.8207,894,91.21, -> wardrobe (91.2%)
frame_003015,-1.0,1.8336,14.4113,0.0972,16.3986,894,84.68, -> wardrobe (84.7%)
frame_003016,-1.0,1.7494,14.2508,0.0956,16.149,894,73.2, -> wardrobe (73.2%)
frame_003017,-1.0,1.7363,14.3926,0.0991,16.2845,894,65.43, -> wardrobe (65.4%)
frame_003018,-1.0,1.8874,14.1389,0.1008,16.1812,894,59.81, -> wardrobe (59.8%)
frame_003019,-1.0,1.8424,13.9314,0.0998,15.9273,894,58.7, -> wardrobe (58.7%)
frame_003020,-1.0,1.6978,13.8484,0.1013,15.703,894,66.97, -> wardrobe (67.0%)
frame_003021,-1.0,3.7982,14.032,0.1086,17.9957,894,48.7, -> wardrobe (48.7%)
frame_003022,-1.0,1.9993,14.2097,0.1039,16.3723,894,41.12, -> wardrobe (41.1%)
frame_003023,-1.0,2.589,14.5605,0.1124,17.3215,894,30.26, -> wardrobe (30.3%)
frame_003024,-1.0,4.1001,14.7297,0.1016,18.9885,894,22.89, -> wardrobe (22.9%)
frame_003025,-1.0,3.4205,14.7461,0.0978,18.3202,894,24.72, -> wardrobe (24.7%)
frame_003026,-1.0,2.4756,14.099,0.1025,16.7331,894,16.74, -> wardrobe (16.7%)
frame_003027,-1.0,2.8985,14.0351,0.0947,17.0833,877,13.54, -> turnstile (13.5%)
frame_003028,-1.0,2.277,14.2167,0.1083,16.6588,877,16.73, -> turnstile (16.7%)
frame_003029,-1.0,1.4411,13.5265,0.0969,15.1191,877,15.77, -> turnstile (15.8%)
frame_003030,-1.0,1.8219,14.482,0.1012,16.4627,480,21.03, -> cash machine (21.0%)
frame_003031,-1.0,1.8189,13.8825,0.0968,15.8561,727,12.05, -> planetarium (12.1%)
frame_003032,-1.0,1.8054,13.8288,0.0954,15.784,412,15.96, -> ashcan (16.0%)
frame_003033,-1.0,1.9328,15.3016,0.1101,17.4054,771,12.75, -> safe (12.8%)
frame_003034,-1.0,1.7792,14.4711,0.097,16.4042,771,11.99, -> safe (12.0%)
frame_003035,-1.0,1.846,13.9997,0.1056,16.0098,480,20.22, -> cash machine (20.2%)
frame_003036,-1.0,1.8366,14.173,0.1035,16.1717,771,18.22, -> safe (18.2%)
frame_003037,-1.0,1.6464,14.2198,0.0952,16.0167,480,26.92, -> cash machine (26.9%)
frame_003038,-1.0,2.9229,14.5799,0.0996,17.6579,877,19.21, -> turnstile (19.2%)
frame_003039,-1.0,2.3567,14.3444,0.1007,16.8585,771,22.17, -> safe (22.2%)
frame_003040,-1.0,3.3634,14.2531,0.1035,17.7749,771,18.56, -> safe (18.6%)
frame_003041,-1.0,2.2666,14.4714,0.1083,16.903,651,14.83, -> microwave (14.8%)
frame_003042,-1.0,1.9888,14.7039,0.1059,16.8561,771,31.8, -> safe (31.8%)
frame_003043,-1.0,1.7586,14.1604,0.1026,16.079,771,18.04, -> safe (18.0%)
frame_003044,-1.0,2.4283,13.8268,0.1009,16.4121,771,18.22, -> safe (18.2%)
frame_003045,-1.0,1.8458,14.4207,0.1071,16.4292,651,8.8, -> microwave (8.8%)
frame_003046,-1.0,1.7401,14.1306,0.1015,16.0292,706,8.07, -> patio (8.1%)
frame_003047,-1.0,1.7934,14.3978,0.1019,16.349,550,7.05, -> espresso maker (7.0%)
frame_003048,-1.0,1.7497,14.1561,0.103,16.0659,550,15.79, -> espresso maker (15.8%)
frame_003049,-1.0,1.8636,14.3769,0.0967,16.3908,706,6.85, -> patio (6.9%)
frame_003050,-1.0,1.7835,14.2788,0.0984,16.2171,223,15.73, -> schipperke (15.7%)
frame_003051,-1.0,1.7907,13.9868,0.1049,15.9397,872,35.44, -> tripod (35.4%)
frame_003052,-1.0,1.8127,14.2928,0.1077,16.273,872,14.77, -> tripod (14.8%)
frame_003053,-1.0,1.7867,13.8523,0.0928,15.7867,872,7.33, -> tripod (7.3%)
frame_003054,-1.0,1.7027,14.3718,0.1086,16.2378,872,5.08, -> tripod (5.1%)
frame_003055,-1.0,2.6669,14.5617,0.0991,17.3848,422,51.17, -> barbell (51.2%)
frame_003056,-1.0,2.136,14.5116,0.0995,16.8025,422,74.52, -> barbell (74.5%)
frame_003057,-1.0,3.6023,14.9486,0.1148,18.7235,422,39.61, -> barbell (39.6%)
frame_003058,-1.0,2.1076,14.1,0.0967,16.3621,422,60.96, -> barbell (61.0%)
frame_003059,-1.0,1.6515,14.7443,0.095,16.545,422,65.38, -> barbell (65.4%)
frame_003060,-1.0,1.7639,14.4102,0.0999,16.3299,422,43.96, -> barbell (44.0%)
frame_003061,-1.0,1.8543,14.8156,0.0935,16.8185,422,44.6, -> barbell (44.6%)
frame_003062,-1.0,2.2222,14.3363,0.1051,16.7215,422,25.04, -> barbell (25.0%)
frame_003063,-1.0,2.4994,14.2396,0.1029,16.9,422,50.9, -> barbell (50.9%)
frame_003064,-1.0,2.347,14.2007,0.1018,16.7067,579,33.19, -> grand piano (33.2%)
frame_003065,-1.0,1.8182,14.1735,0.1062,16.1552,422,17.12, -> barbell (17.1%)
frame_003066,-1.0,1.7698,14.254,0.1017,16.1822,877,13.03, -> turnstile (13.0%)
frame_003067,-1.0,1.7479,14.4113,0.1058,16.3221,471,29.48, -> cannon (29.5%)
frame_003068,-1.0,1.6533,14.1987,0.1027,16.0125,561,29.52, -> forklift (29.5%)
frame_003069,-1.0,1.6428,14.3548,0.1084,16.1634,471,33.14, -> cannon (33.1%)
frame_003070,-1.0,1.8461,14.4943,0.1107,16.5089,471,23.13, -> cannon (23.1%)
frame_003071,-1.0,1.7271,14.1304,0.1047,16.0191,561,12.3, -> forklift (12.3%)
frame_003072,-1.0,1.6928,14.0237,0.0942,15.8657,471,11.19, -> cannon (11.2%)
frame_003073,-1.0,1.7121,14.4793,0.0885,16.3351,877,50.96, -> turnstile (51.0%)
frame_003074,-1.0,1.8052,18.1183,0.1096,20.0902,877,42.06, -> turnstile (42.1%)
frame_003075,-1.0,2.3928,13.9203,0.0971,16.4664,877,52.56, -> turnstile (52.6%)
frame_003076,-1.0,2.4222,16.314,0.1062,18.9005,877,28.14, -> turnstile (28.1%)
frame_003077,-1.0,2.4095,13.9993,0.0978,16.5619,877,48.96, -> turnstile (49.0%)
frame_003078,-1.0,2.4014,13.9146,0.0976,16.4665,877,42.25, -> turnstile (42.3%)
frame_003079,-1.0,1.7633,15.1411,0.1027,17.0623,877,18.53, -> turnstile (18.5%)
frame_003080,-1.0,2.487,14.1742,0.1003,16.8173,877,21.69, -> turnstile (21.7%)
frame_003081,-1.0,1.8382,14.4005,0.1013,16.3988,745,18.88, -> projector (18.9%)
frame_003082,-1.0,1.8359,14.1322,0.0961,16.1177,859,8.6, -> toaster (8.6%)
frame_003083,-1.0,1.7706,14.2309,0.0972,16.1539,859,29.15, -> toaster (29.1%)
frame_003084,-1.0,1.7624,14.5716,0.1024,16.4949,859,12.13, -> toaster (12.1%)
frame_003085,-1.0,1.8536,14.1515,0.0891,16.1483,745,17.21, -> projector (17.2%)
frame_003086,-1.0,2.353,14.2178,0.1008,16.7269,877,25.56, -> turnstile (25.6%)
frame_003087,-1.0,2.4875,14.472,0.1001,17.1149,745,10.0, -> projector (10.0%)
frame_003088,-1.0,1.8126,13.8525,0.0981,15.817,745,12.17, -> projector (12.2%)
frame_003089,-1.0,1.7741,13.9089,0.0996,15.8406,877,16.65, -> turnstile (16.7%)
frame_003090,-1.0,3.0868,14.5077,0.0947,17.744,662,22.61, -> modem (22.6%)
frame_003091,-1.0,2.3142,14.3459,0.0978,16.8113,859,20.03, -> toaster (20.0%)
frame_003092,-1.0,1.6347,13.7043,0.0982,15.4905,859,10.81, -> toaster (10.8%)
frame_003093,-1.0,1.8664,14.6691,0.1053,16.6977,859,11.24, -> toaster (11.2%)
frame_003094,-1.0,1.8371,14.6045,0.1068,16.6047,877,16.9, -> turnstile (16.9%)
frame_003095,-1.0,1.7598,14.1749,0.0965,16.0867,877,37.13, -> turnstile (37.1%)
frame_003096,-1.0,1.7849,14.3857,0.1041,16.3314,877,15.94, -> turnstile (15.9%)
frame_003097,-1.0,1.7885,13.9659,0.0876,15.8928,877,37.56, -> turnstile (37.6%)
frame_003098,-1.0,1.7835,14.4804,0.0965,16.4142,877,27.76, -> turnstile (27.8%)
frame_003099,-1.0,1.8695,14.4773,0.0937,16.494,877,53.48, -> turnstile (53.5%)
frame_003100,-1.0,1.8359,14.6187,0.0956,16.6048,877,54.83, -> turnstile (54.8%)
frame_003101,-1.0,1.7161,14.3255,0.0931,16.1897,877,35.2, -> turnstile (35.2%)
frame_003102,-1.0,1.7296,14.1174,0.0969,15.9983,877,21.75, -> turnstile (21.7%)
frame_003103,-1.0,1.7868,16.8849,0.1079,18.8363,526,9.88, -> desk (9.9%)
frame_003104,-1.0,2.2691,14.062,0.0974,16.4834,877,24.45, -> turnstile (24.4%)
frame_003105,-1.0,3.3168,14.8423,0.1039,18.3195,877,28.04, -> turnstile (28.0%)
frame_003106,-1.0,2.2222,14.0214,0.099,16.3964,877,33.0, -> turnstile (33.0%)
frame_003107,-1.0,2.5101,14.6335,0.097,17.2971,877,14.87, -> turnstile (14.9%)
frame_003108,-1.0,1.7832,14.2241,0.0969,16.1591,877,14.53, -> turnstile (14.5%)
frame_003109,-1.0,1.7644,14.0919,0.0942,16.0044,670,16.56, -> motor scooter (16.6%)
frame_003110,-1.0,1.6972,14.291,0.0948,16.1374,423,21.66, -> barber chair (21.7%)
frame_003111,-1.0,1.7083,14.0616,0.0998,15.9258,670,13.62, -> motor scooter (13.6%)
frame_003112,-1.0,1.5831,14.3308,0.0951,16.0648,670,14.33, -> motor scooter (14.3%)
frame_003113,-1.0,1.6471,14.6143,0.0942,16.4097,811,16.99, -> space heater (17.0%)
frame_003114,-1.0,1.7392,14.4306,0.0931,16.3157,670,16.19, -> motor scooter (16.2%)
frame_003115,-1.0,1.6547,14.2963,0.1063,16.1152,561,11.01, -> forklift (11.0%)
frame_003116,-1.0,1.6973,13.8508,0.0955,15.6976,877,16.73, -> turnstile (16.7%)
frame_003117,-1.0,1.76,14.8524,0.1036,16.7727,422,18.97, -> barbell (19.0%)
frame_003118,-1.0,4.1498,14.1311,0.1007,18.4379,561,12.61, -> forklift (12.6%)
frame_003119,-1.0,2.1209,14.0989,0.102,16.378,766,22.75, -> rotisserie (22.8%)
frame_003120,-1.0,2.376,13.5071,0.0981,16.0373,851,10.57, -> television (10.6%)
frame_003121,-1.0,1.7142,14.2809,0.0982,16.1492,744,34.17, -> projectile (34.2%)
frame_003122,-1.0,1.6183,14.0423,0.0938,15.8078,757,8.8, -> recreational vehicle (8.8%)
frame_003123,-1.0,3.4625,14.4611,0.0978,18.0766,480,14.81, -> cash machine (14.8%)
frame_003124,-1.0,2.2245,14.2167,0.1075,16.6049,561,10.71, -> forklift (10.7%)
frame_003125,-1.0,2.1107,14.6688,0.1014,16.9363,561,21.12, -> forklift (21.1%)
frame_003126,-1.0,1.4136,13.4762,0.0974,15.0387,561,32.97, -> forklift (33.0%)
frame_003127,-1.0,3.5665,15.1197,0.0966,18.8397,561,32.58, -> forklift (32.6%)
frame_003128,-1.0,3.1508,14.542,0.0951,17.8427,561,37.71, -> forklift (37.7%)
frame_003129,-1.0,2.3707,14.9385,0.1039,17.4698,561,30.9, -> forklift (30.9%)
frame_003130,-1.0,1.9687,14.2897,0.1017,16.4159,561,21.33, -> forklift (21.3%)
frame_003131,-1.0,3.3838,14.5227,0.1057,18.0682,561,22.32, -> forklift (22.3%)
frame_003132,-1.0,2.0921,14.3842,0.0974,16.6284,561,34.33, -> forklift (34.3%)
frame_003133,-1.0,2.3209,14.7891,0.0969,17.2635,561,40.72, -> forklift (40.7%)
frame_003134,-1.0,1.7856,14.2417,0.0973,16.1799,561,19.53, -> forklift (19.5%)
frame_003135,-1.0,1.6685,14.5703,0.0946,16.3871,561,51.2, -> forklift (51.2%)
frame_003136,-1.0,3.4682,14.7085,0.1013,18.3326,561,34.18, -> forklift (34.2%)
frame_003137,-1.0,2.2811,14.3738,0.0963,16.8059,561,27.44, -> forklift (27.4%)
frame_003138,-1.0,2.1297,13.8321,0.1014,16.117,851,36.21, -> television (36.2%)
frame_003139,-1.0,2.2903,14.02,0.1041,16.4696,851,20.42, -> television (20.4%)
frame_003140,-1.0,1.7218,14.3404,0.1018,16.2211,851,27.67, -> television (27.7%)
frame_003141,-1.0,1.6415,14.1249,0.0892,15.9095,851,42.0, -> television (42.0%)
frame_003142,-1.0,1.6404,13.9082,0.0908,15.6936,561,36.67, -> forklift (36.7%)
frame_003143,-1.0,1.3749,14.1926,0.0897,15.7102,561,26.48, -> forklift (26.5%)
frame_003144,-1.0,1.6523,14.2671,0.091,16.064,561,37.03, -> forklift (37.0%)
frame_003145,-1.0,1.599,14.4663,0.0917,16.2096,561,22.43, -> forklift (22.4%)
frame_003146,-1.0,1.7522,17.2542,0.1097,19.1738,561,62.69, -> forklift (62.7%)
frame_003147,-1.0,3.9294,13.9559,0.0953,18.036,561,75.88, -> forklift (75.9%)
frame_003148,-1.0,2.3101,14.7221,0.1033,17.1921,561,39.89, -> forklift (39.9%)
frame_003149,-1.0,2.1311,14.2364,0.1041,16.529,561,34.25, -> forklift (34.2%)
frame_003150,-1.0,1.9164,13.6011,0.1004,15.6717,561,60.37, -> forklift (60.4%)
frame_003151,-1.0,1.7487,14.6409,0.1042,16.5492,561,57.09, -> forklift (57.1%)
frame_003152,-1.0,1.7346,13.8431,0.1021,15.7368,561,37.49, -> forklift (37.5%)
frame_003153,-1.0,2.4232,14.4203,0.0949,16.992,561,21.49, -> forklift (21.5%)
frame_003154,-1.0,1.7505,13.67,0.0998,15.5762,422,25.99, -> barbell (26.0%)
frame_003155,-1.0,1.7114,14.0597,0.0978,15.9258,561,35.29, -> forklift (35.3%)
frame_003156,-1.0,1.7101,14.0582,0.0892,15.9115,561,45.68, -> forklift (45.7%)
frame_003157,-1.0,1.6287,13.8325,0.0957,15.6117,561,31.92, -> forklift (31.9%)
frame_003158,-1.0,1.6921,14.1449,0.096,15.9882,561,38.56, -> forklift (38.6%)
frame_003159,-1.0,1.62,14.7604,0.0992,16.5358,561,45.39, -> forklift (45.4%)
frame_003160,-1.0,3.4429,14.7951,0.0934,18.3862,561,49.2, -> forklift (49.2%)
frame_003161,-1.0,2.1845,14.4201,0.1067,16.7688,561,39.84, -> forklift (39.8%)
frame_003162,-1.0,1.4907,13.7621,0.0986,15.406,561,48.35, -> forklift (48.3%)
frame_003163,-1.0,2.3472,13.3181,0.1023,15.823,561,54.14, -> forklift (54.1%)
frame_003164,-1.0,3.5737,14.4565,0.1024,18.188,561,58.3, -> forklift (58.3%)
frame_003165,-1.0,1.9088,14.4904,0.0959,16.5464,561,60.99, -> forklift (61.0%)
frame_003166,-1.0,1.4689,13.6057,0.0924,15.214,561,57.88, -> forklift (57.9%)
frame_003167,-1.0,3.5802,14.5592,0.0994,18.294,561,36.48, -> forklift (36.5%)
frame_003168,-1.0,3.1796,14.671,0.0975,18.0036,561,33.24, -> forklift (33.2%)
frame_003169,-1.0,2.3484,13.8513,0.0922,16.3473,561,45.61, -> forklift (45.6%)
frame_003170,-1.0,1.6509,15.5118,0.104,17.3231,561,18.28, -> forklift (18.3%)
frame_003171,-1.0,1.6292,14.5631,0.1068,16.3544,561,17.04, -> forklift (17.0%)
frame_003172,-1.0,1.9867,14.3585,0.1013,16.5029,561,16.23, -> forklift (16.2%)
frame_003173,-1.0,1.6818,13.7287,0.0972,15.5635,561,20.42, -> forklift (20.4%)
frame_003174,-1.0,1.7704,13.853,0.0965,15.7748,561,21.36, -> forklift (21.4%)
frame_003175,-1.0,3.8497,14.2569,0.1093,18.2713,561,26.8, -> forklift (26.8%)
frame_003176,-1.0,3.4835,14.5355,0.0935,18.1684,561,44.2, -> forklift (44.2%)
frame_003177,-1.0,2.2517,13.988,0.101,16.3965,561,39.97, -> forklift (40.0%)
frame_003178,-1.0,2.1213,14.3916,0.0978,16.6658,561,42.3, -> forklift (42.3%)
frame_003179,-1.0,1.6417,13.1702,0.0992,14.9671,561,47.03, -> forklift (47.0%)
frame_003180,-1.0,1.773,14.2758,0.0988,16.2011,561,42.6, -> forklift (42.6%)
frame_003181,-1.0,1.7233,13.9444,0.0953,15.8202,561,46.97, -> forklift (47.0%)
frame_003182,-1.0,1.7854,13.9601,0.0928,15.8909,561,43.15, -> forklift (43.2%)
frame_003183,-1.0,1.6967,14.3725,0.0905,16.2115,561,42.86, -> forklift (42.9%)
frame_003184,-1.0,1.7265,14.6861,0.0946,16.5607,561,44.87, -> forklift (44.9%)
frame_003185,-1.0,4.4456,14.3655,0.1096,18.9763,561,39.96, -> forklift (40.0%)
frame_003186,-1.0,2.3218,14.3018,0.095,16.773,561,40.39, -> forklift (40.4%)
frame_003187,-1.0,2.1902,14.0834,0.0992,16.4278,561,39.53, -> forklift (39.5%)
frame_003188,-1.0,1.7976,13.857,0.1023,15.8129,561,36.89, -> forklift (36.9%)
frame_003189,-1.0,1.7529,13.8449,0.0974,15.7493,561,41.38, -> forklift (41.4%)
frame_003190,-1.0,1.3138,14.1998,0.1054,15.6747,561,44.76, -> forklift (44.8%)
frame_003191,-1.0,1.8252,14.2207,0.0974,16.1969,561,41.05, -> forklift (41.1%)
frame_003192,-1.0,1.6259,13.4536,0.0952,15.228,561,39.83, -> forklift (39.8%)
frame_003193,-1.0,3.5858,14.3696,0.1114,18.1245,561,39.11, -> forklift (39.1%)
frame_003194,-1.0,2.0731,14.4347,0.0893,16.6499,561,35.64, -> forklift (35.6%)
frame_003195,-1.0,1.6972,14.3624,0.0911,16.2067,561,31.36, -> forklift (31.4%)
frame_003196,-1.0,1.6555,16.3584,0.1062,18.1787,561,35.95, -> forklift (35.9%)
frame_003197,-1.0,3.6446,14.747,0.1068,18.5542,561,41.16, -> forklift (41.2%)
frame_003198,-1.0,2.0243,14.1147,0.0945,16.2871,561,17.45, -> forklift (17.5%)
frame_003199,-1.0,2.9928,14.2347,0.0909,17.3713,561,65.6, -> forklift (65.6%)
frame_003200,-1.0,1.6557,14.8614,0.1071,16.6808,561,33.16, -> forklift (33.2%)
frame_003201,-1.0,2.3327,14.2704,0.1028,16.7625,561,39.11, -> forklift (39.1%)
frame_003202,-1.0,1.834,14.0959,0.0928,16.0754,561,63.46, -> forklift (63.5%)
frame_003203,-1.0,1.7518,13.9459,0.0903,15.8402,561,73.39, -> forklift (73.4%)
frame_003204,-1.0,4.4477,13.793,0.1067,18.4121,422,45.55, -> barbell (45.6%)
frame_003205,-1.0,2.0507,14.2788,0.0885,16.4706,561,27.84, -> forklift (27.8%)
frame_003206,-1.0,1.7272,14.6793,0.098,16.5581,561,49.41, -> forklift (49.4%)
frame_003207,-1.0,1.6961,14.0253,0.0966,15.8734,561,71.52, -> forklift (71.5%)
frame_003208,-1.0,1.6584,14.2772,0.0947,16.084,561,47.06, -> forklift (47.1%)
frame_003209,-1.0,1.675,14.5273,0.0912,16.3464,867,28.76, -> trailer truck (28.8%)
frame_003210,-1.0,2.364,14.2559,0.1006,16.7776,867,61.98, -> trailer truck (62.0%)
frame_003211,-1.0,1.743,14.2112,0.1014,16.1147,867,53.64, -> trailer truck (53.6%)
frame_003212,-1.0,1.721,13.573,0.0972,15.4458,867,51.24, -> trailer truck (51.2%)
frame_003213,-1.0,1.7645,13.6507,0.0955,15.5665,867,54.7, -> trailer truck (54.7%)
frame_003214,-1.0,1.6626,13.9752,0.0983,15.7912,867,47.0, -> trailer truck (47.0%)
frame_003215,-1.0,1.8057,13.8513,0.0966,15.8087,867,44.3, -> trailer truck (44.3%)
frame_003216,-1.0,1.4595,14.1746,0.1081,15.798,867,44.86, -> trailer truck (44.9%)
frame_003217,-1.0,3.256,14.6739,0.1095,18.0947,867,39.48, -> trailer truck (39.5%)
frame_003218,-1.0,2.2341,14.1014,0.098,16.4882,867,37.79, -> trailer truck (37.8%)
frame_003219,-1.0,1.942,14.2145,0.0943,16.3038,867,43.3, -> trailer truck (43.3%)
frame_003220,-1.0,1.8409,13.7194,0.0918,15.7054,867,42.38, -> trailer truck (42.4%)
frame_003221,-1.0,3.7471,14.8291,0.1018,18.7319,867,41.23, -> trailer truck (41.2%)
frame_003222,-1.0,2.2772,14.9353,0.1022,17.3727,867,36.56, -> trailer truck (36.6%)
frame_003223,-1.0,2.1095,13.478,0.095,15.7385,867,37.76, -> trailer truck (37.8%)
frame_003224,-1.0,3.5665,14.5784,0.1131,18.3156,867,33.43, -> trailer truck (33.4%)
frame_003225,-1.0,1.9363,14.1279,0.1069,16.2285,867,31.96, -> trailer truck (32.0%)
frame_003226,-1.0,1.8507,14.1466,0.1035,16.1559,867,35.56, -> trailer truck (35.6%)
frame_003227,-1.0,3.1239,14.0754,0.1072,17.3661,867,37.53, -> trailer truck (37.5%)
frame_003228,-1.0,2.5322,13.9188,0.1027,16.6097,867,38.85, -> trailer truck (38.8%)
frame_003229,-1.0,1.7103,14.4891,0.0982,16.3544,867,37.91, -> trailer truck (37.9%)
frame_003230,-1.0,1.7216,14.7077,0.092,16.5779,867,39.31, -> trailer truck (39.3%)
frame_003231,-1.0,1.7357,13.5478,0.0961,15.4354,867,39.3, -> trailer truck (39.3%)
frame_003232,-1.0,1.7405,14.1626,0.0984,16.0583,867,39.4, -> trailer truck (39.4%)
frame_003233,-1.0,1.6286,13.6356,0.102,15.4231,867,38.35, -> trailer truck (38.4%)
frame_003234,-1.0,1.6971,14.1945,0.0995,16.0474,867,35.52, -> trailer truck (35.5%)
frame_003235,-1.0,1.6927,14.8638,0.1025,16.7177,867,35.46, -> trailer truck (35.5%)
frame_003236,-1.0,1.7802,14.5823,0.0978,16.5162,867,34.39, -> trailer truck (34.4%)
frame_003237,-1.0,1.6663,13.9187,0.1093,15.7534,867,31.2, -> trailer truck (31.2%)
frame_003238,-1.0,1.726,14.1929,0.1049,16.0806,867,44.73, -> trailer truck (44.7%)
frame_003239,-1.0,1.4865,14.0943,0.1033,15.7398,867,42.54, -> trailer truck (42.5%)
frame_003240,-1.0,1.7757,14.366,0.1082,16.3088,867,43.67, -> trailer truck (43.7%)
frame_003241,-1.0,1.6195,13.7762,0.0988,15.5489,867,43.77, -> trailer truck (43.8%)
frame_003242,-1.0,1.7112,14.2525,0.0922,16.1106,867,42.45, -> trailer truck (42.5%)
frame_003243,-1.0,1.756,14.381,0.0968,16.2882,867,40.06, -> trailer truck (40.1%)
frame_003244,-1.0,1.6773,13.8041,0.0945,15.6323,867,40.37, -> trailer truck (40.4%)
frame_003245,-1.0,1.6686,14.367,0.1048,16.1996,867,44.23, -> trailer truck (44.2%)
frame_003246,-1.0,1.6551,14.0584,0.1013,15.8714,867,45.5, -> trailer truck (45.5%)
frame_003247,-1.0,1.7739,14.3872,0.1021,16.3197,867,49.48, -> trailer truck (49.5%)
frame_003248,-1.0,1.7321,14.2842,0.098,16.1689,867,44.19, -> trailer truck (44.2%)
frame_003249,-1.0,1.7324,14.4917,0.0978,16.3781,867,42.14, -> trailer truck (42.1%)
frame_003250,-1.0,1.793,14.1135,0.0978,16.0588,867,37.95, -> trailer truck (38.0%)
frame_003251,-1.0,1.688,13.7535,0.101,15.5985,867,39.05, -> trailer truck (39.0%)
frame_003252,-1.0,1.687,13.8744,0.1015,15.7177,867,40.76, -> trailer truck (40.8%)
frame_003253,-1.0,1.735,14.5422,0.107,16.4429,867,39.2, -> trailer truck (39.2%)
frame_003254,-1.0,1.7102,14.4902,0.1008,16.3577,867,39.68, -> trailer truck (39.7%)
frame_003255,-1.0,1.6893,14.1723,0.1001,16.0195,867,40.14, -> trailer truck (40.1%)
frame_003256,-1.0,1.7411,14.546,0.0926,16.4345,867,39.11, -> trailer truck (39.1%)
frame_003257,-1.0,1.6201,14.171,0.1014,15.949,867,34.14, -> trailer truck (34.1%)
frame_003258,-1.0,1.7845,13.856,0.0913,15.7888,867,34.38, -> trailer truck (34.4%)
frame_003259,-1.0,1.6381,14.5479,0.1015,16.3442,867,39.95, -> trailer truck (39.9%)
frame_003260,-1.0,2.392,14.3389,0.1019,16.8888,867,37.68, -> trailer truck (37.7%)
frame_003261,-1.0,1.7756,13.9768,0.107,15.9185,867,38.11, -> trailer truck (38.1%)
frame_003262,-1.0,2.3849,14.5478,0.0977,17.0854,867,39.79, -> trailer truck (39.8%)
frame_003263,-1.0,1.695,13.616,0.1026,15.4726,867,41.39, -> trailer truck (41.4%)
frame_003264,-1.0,1.6261,14.0543,0.1045,15.8418,867,41.59, -> trailer truck (41.6%)
frame_003265,-1.0,1.8258,14.7162,0.1111,16.7112,867,41.97, -> trailer truck (42.0%)
frame_003266,-1.0,1.7685,14.4449,0.1081,16.3796,867,43.02, -> trailer truck (43.0%)
frame_003267,-1.0,1.7731,14.3196,0.105,16.2571,867,39.36, -> trailer truck (39.4%)
frame_003268,-1.0,1.6369,14.5483,0.1018,16.3452,867,50.62, -> trailer truck (50.6%)
frame_003269,-1.0,1.5025,13.6237,0.1082,15.2953,867,53.6, -> trailer truck (53.6%)
frame_003270,-1.0,1.7828,14.4309,0.1118,16.384,867,48.92, -> trailer truck (48.9%)
frame_003271,-1.0,1.7349,13.6284,0.1073,15.5289,867,48.32, -> trailer truck (48.3%)
frame_003272,-1.0,1.7445,14.5465,0.1006,16.4481,867,50.58, -> trailer truck (50.6%)
frame_003273,-1.0,1.6773,13.6007,0.0962,15.4298,867,48.15, -> trailer truck (48.1%)
frame_003274,-1.0,3.3344,14.1,0.1053,17.5975,867,46.27, -> trailer truck (46.3%)
frame_003275,-1.0,1.9433,14.2733,0.0971,16.3707,867,47.77, -> trailer truck (47.8%)
frame_003276,-1.0,3.8154,14.4403,0.0993,18.4116,867,43.77, -> trailer truck (43.8%)
frame_003277,-1.0,2.0544,13.9567,0.1082,16.177,867,46.81, -> trailer truck (46.8%)
frame_003278,-1.0,2.0593,14.4849,0.1064,16.7066,867,44.85, -> trailer truck (44.9%)
frame_003279,-1.0,2.1996,14.1797,0.1055,16.544,867,45.57, -> trailer truck (45.6%)
frame_003280,-1.0,1.8224,14.4062,0.098,16.3823,867,45.14, -> trailer truck (45.1%)
frame_003281,-1.0,1.8392,14.153,0.0944,16.1436,867,48.1, -> trailer truck (48.1%)
frame_003282,-1.0,1.8493,14.3118,0.0963,16.3128,867,45.9, -> trailer truck (45.9%)
frame_003283,-1.0,3.2389,14.9559,0.101,18.3544,867,48.37, -> trailer truck (48.4%)
frame_003284,-1.0,2.2868,14.435,0.1097,16.8878,867,44.96, -> trailer truck (45.0%)
frame_003285,-1.0,2.1343,14.1719,0.1076,16.4734,867,44.38, -> trailer truck (44.4%)
frame_003286,-1.0,5.9728,16.8936,0.1505,23.063,598,59.83, -> home theater (59.8%)
frame_003287,-1.0,5.8707,14.4467,0.1125,20.4751,598,63.71, -> home theater (63.7%)
frame_003288,-1.0,1.2967,13.4041,0.0922,14.846,598,69.91, -> home theater (69.9%)
frame_003289,-1.0,1.686,13.4965,0.1003,15.3392,598,72.69, -> home theater (72.7%)
frame_003290,-1.0,1.8128,14.9776,0.1059,16.9531,598,66.93, -> home theater (66.9%)
frame_003291,-1.0,1.6118,14.0814,0.1263,15.8797,598,69.98, -> home theater (70.0%)
frame_003292,-1.0,1.5591,15.0691,0.1175,16.8034,598,71.04, -> home theater (71.0%)
frame_003293,-1.0,3.8749,14.5977,0.1165,18.6467,598,70.61, -> home theater (70.6%)
frame_003294,-1.0,2.1157,14.9496,0.1191,17.2394,598,68.24, -> home theater (68.2%)
frame_003295,-1.0,1.5758,13.9999,0.1159,15.7471,598,71.56, -> home theater (71.6%)
frame_003296,-1.0,2.2319,14.8032,0.1258,17.218,598,66.94, -> home theater (66.9%)
frame_003297,-1.0,1.3314,13.8677,0.1235,15.3796,598,63.71, -> home theater (63.7%)
frame_003298,-1.0,2.2137,14.3233,0.1283,16.7229,598,63.72, -> home theater (63.7%)
frame_003299,-1.0,1.4128,15.3604,0.1231,16.9542,598,66.34, -> home theater (66.3%)
frame_003300,-1.0,1.5844,14.4994,0.1218,16.2612,598,65.75, -> home theater (65.8%)
frame_003301,-1.0,1.6305,14.7368,0.1263,16.5506,598,64.65, -> home theater (64.7%)
frame_003302,-1.0,1.5891,15.2812,0.128,17.0551,598,65.94, -> home theater (65.9%)
frame_003303,-1.0,1.5955,15.824,0.1219,17.6018,598,66.57, -> home theater (66.6%)
frame_003304,-1.0,1.5593,14.6577,0.1228,16.3945,598,65.83, -> home theater (65.8%)
frame_003305,-1.0,1.6304,14.83,0.1157,16.6292,598,66.98, -> home theater (67.0%)
frame_003306,-1.0,3.6196,15.4608,0.1181,19.2562,598,64.68, -> home theater (64.7%)
frame_003307,-1.0,2.2209,15.0269,0.1147,17.4178,598,65.42, -> home theater (65.4%)
frame_003308,-1.0,2.2528,15.023,0.1241,17.4618,598,64.65, -> home theater (64.7%)
frame_003309,-1.0,1.6084,14.5815,0.1121,16.3565,598,64.84, -> home theater (64.8%)
frame_003310,-1.0,1.4978,15.4732,0.1266,17.1532,598,63.47, -> home theater (63.5%)
frame_003311,-1.0,1.974,14.2677,0.1282,16.4263,598,64.21, -> home theater (64.2%)
frame_003312,-1.0,1.5046,15.079,0.1217,16.7599,598,63.42, -> home theater (63.4%)
frame_003313,-1.0,2.1859,14.931,0.1206,17.2924,598,62.39, -> home theater (62.4%)
frame_003314,-1.0,1.4895,14.3066,0.1252,15.977,598,61.63, -> home theater (61.6%)
frame_003315,-1.0,2.2688,14.7964,0.1189,17.24,598,60.44, -> home theater (60.4%)
frame_003316,-1.0,5.2652,14.9899,0.1273,20.4389,598,60.3, -> home theater (60.3%)
frame_003317,-1.0,2.1572,14.8604,0.1369,17.2128,598,57.97, -> home theater (58.0%)
frame_003318,-1.0,2.0938,14.0673,0.1197,16.335,598,56.77, -> home theater (56.8%)
frame_003319,-1.0,1.6056,14.038,0.1234,15.8224,598,60.07, -> home theater (60.1%)
frame_003320,-1.0,1.5483,14.2098,0.116,15.9281,598,58.46, -> home theater (58.5%)
frame_003321,-1.0,2.0264,14.9145,0.1168,17.1154,598,60.53, -> home theater (60.5%)
frame_003322,-1.0,1.5436,15.6051,0.1219,17.3256,598,66.37, -> home theater (66.4%)
frame_003323,-1.0,1.5883,15.3492,0.1296,17.1243,598,64.25, -> home theater (64.3%)
frame_003324,-1.0,1.6196,14.5164,0.1274,16.3198,598,63.87, -> home theater (63.9%)
frame_003325,-1.0,1.6056,14.3561,0.1202,16.1376,598,68.11, -> home theater (68.1%)
frame_003326,-1.0,2.18,14.8288,0.1259,17.1921,598,63.79, -> home theater (63.8%)
frame_003327,-1.0,1.5824,14.9143,0.1321,16.6869,598,63.65, -> home theater (63.6%)
frame_003328,-1.0,1.495,15.3253,0.1203,16.9952,598,63.63, -> home theater (63.6%)
frame_003329,-1.0,1.4956,14.8531,0.1153,16.5188,598,65.0, -> home theater (65.0%)
frame_003330,-1.0,1.4884,14.5112,0.1125,16.1667,598,67.64, -> home theater (67.6%)
frame_003331,-1.0,4.0756,15.4837,0.1265,19.7433,598,64.48, -> home theater (64.5%)
frame_003332,-1.0,3.5081,15.104,0.134,18.8038,598,68.04, -> home theater (68.0%)
frame_003333,-1.0,2.1775,14.4163,0.1175,16.7682,598,68.49, -> home theater (68.5%)
frame_003334,-1.0,2.8369,14.9598,0.1196,17.9709,598,64.05, -> home theater (64.1%)
frame_003335,-1.0,1.6226,14.7589,0.1224,16.5588,598,68.42, -> home theater (68.4%)
frame_003336,-1.0,1.5423,15.5613,0.1252,17.284,598,63.11, -> home theater (63.1%)
frame_003337,-1.0,2.1806,14.4509,0.1146,16.802,598,61.75, -> home theater (61.8%)
frame_003338,-1.0,2.2575,14.7863,0.1268,17.229,598,66.57, -> home theater (66.6%)
frame_003339,-1.0,1.638,14.3344,0.1234,16.152,598,63.1, -> home theater (63.1%)
frame_003340,-1.0,1.4852,14.2075,0.1135,15.8606,598,64.92, -> home theater (64.9%)
frame_003341,-1.0,1.5016,14.8031,0.1099,16.4668,598,65.98, -> home theater (66.0%)
frame_003342,-1.0,3.3047,14.8414,0.1309,18.334,598,60.43, -> home theater (60.4%)
frame_003343,-1.0,1.9739,14.7976,0.11,16.9354,598,59.71, -> home theater (59.7%)
frame_003344,-1.0,1.5899,14.5491,0.1127,16.3057,598,60.96, -> home theater (61.0%)
frame_003345,-1.0,1.52,15.0868,0.1101,16.7724,598,64.61, -> home theater (64.6%)
frame_003346,-1.0,3.5349,14.8144,0.1196,18.5235,598,64.81, -> home theater (64.8%)
frame_003347,-1.0,2.1296,14.5682,0.1303,16.8838,598,59.69, -> home theater (59.7%)
frame_003348,-1.0,3.5164,14.8438,0.1284,18.5488,598,63.46, -> home theater (63.5%)
frame_003349,-1.0,3.7542,15.4021,0.132,19.3443,598,59.98, -> home theater (60.0%)
frame_003350,-1.0,2.0265,14.7473,0.1215,16.9513,598,62.65, -> home theater (62.6%)
frame_003351,-1.0,1.9888,15.1484,0.1347,17.3304,598,61.99, -> home theater (62.0%)
frame_003352,-1.0,2.0761,14.1941,0.1232,16.4498,598,64.58, -> home theater (64.6%)
frame_003353,-1.0,1.5052,14.47,0.1209,16.1521,598,65.22, -> home theater (65.2%)
frame_003354,-1.0,1.5103,14.3794,0.1124,16.0576,598,67.3, -> home theater (67.3%)
frame_003355,-1.0,1.5962,15.1832,0.1192,16.9529,598,67.55, -> home theater (67.5%)
frame_003356,-1.0,1.4634,14.605,0.1099,16.2329,598,68.81, -> home theater (68.8%)
frame_003357,-1.0,1.559,14.6649,0.1212,16.4003,598,67.04, -> home theater (67.0%)
frame_003358,-1.0,1.5837,15.2394,0.1198,16.9998,598,66.45, -> home theater (66.5%)
frame_003359,-1.0,1.6,15.3518,0.1231,17.1297,598,71.2, -> home theater (71.2%)
frame_003360,-1.0,1.7394,15.3331,0.1279,17.2562,598,65.61, -> home theater (65.6%)
frame_003361,-1.0,1.6015,14.7686,0.1273,16.5565,598,70.4, -> home theater (70.4%)
frame_003362,-1.0,1.4366,14.4015,0.1173,16.0112,598,68.98, -> home theater (69.0%)
frame_003363,-1.0,3.1024,15.0135,0.1331,18.3164,598,69.57, -> home theater (69.6%)
frame_003364,-1.0,4.0132,15.318,0.1333,19.5234,598,69.46, -> home theater (69.5%)
frame_003365,-1.0,2.599,14.2012,0.1224,16.9796,598,66.82, -> home theater (66.8%)
frame_003366,-1.0,1.6351,15.0555,0.1146,16.8601,598,69.59, -> home theater (69.6%)
frame_003367,-1.0,1.6674,14.8191,0.1288,16.6753,598,68.88, -> home theater (68.9%)
frame_003368,-1.0,1.5384,14.7068,0.1089,16.408,598,67.22, -> home theater (67.2%)
frame_003369,-1.0,4.2773,14.8875,0.1333,19.3624,598,64.17, -> home theater (64.2%)
frame_003370,-1.0,1.7113,13.6277,0.1301,15.5234,598,65.94, -> home theater (65.9%)
frame_003371,-1.0,2.2973,14.5065,0.1283,16.9919,598,64.42, -> home theater (64.4%)
frame_003372,-1.0,1.477,14.306,0.119,15.961,598,71.34, -> home theater (71.3%)
frame_003373,-1.0,1.4759,14.6656,0.1175,16.3184,598,70.4, -> home theater (70.4%)
frame_003374,-1.0,4.0408,14.8148,0.1175,19.0317,598,70.82, -> home theater (70.8%)
frame_003375,-1.0,2.2312,14.1191,0.117,16.5257,598,71.67, -> home theater (71.7%)
frame_003376,-1.0,3.5675,14.0408,0.1293,17.7968,598,73.3, -> home theater (73.3%)
frame_003377,-1.0,2.6267,14.4098,0.1287,17.2265,598,66.03, -> home theater (66.0%)
frame_003378,-1.0,1.6878,14.5234,0.1226,16.3943,423,14.84, -> barber chair (14.8%)
frame_003379,-1.0,1.5598,15.2363,0.1157,16.972,526,23.61, -> desk (23.6%)
frame_003380,-1.0,1.5122,15.3349,0.1314,17.0401,598,27.54, -> home theater (27.5%)
frame_003381,-1.0,4.2697,14.7118,0.1361,19.1802,526,25.31, -> desk (25.3%)
frame_003382,-1.0,3.8128,15.1235,0.1333,19.1302,526,45.25, -> desk (45.3%)
frame_003383,-1.0,2.0712,15.0352,0.1237,17.2897,526,28.6, -> desk (28.6%)
frame_003384,-1.0,3.4407,13.9599,0.1294,17.59,526,40.13, -> desk (40.1%)
frame_003385,-1.0,2.1744,14.9225,0.1278,17.2857,526,45.19, -> desk (45.2%)
frame_003386,-1.0,2.6712,13.9108,0.1251,16.769,526,40.03, -> desk (40.0%)
frame_003387,-1.0,3.4163,14.1189,0.1226,17.7173,526,41.42, -> desk (41.4%)
frame_003388,-1.0,2.2316,14.0928,0.1155,16.4989,526,32.76, -> desk (32.8%)
frame_003389,-1.0,1.6719,14.7758,0.1183,16.6256,526,35.74, -> desk (35.7%)
frame_003390,-1.0,1.4894,14.844,0.1092,16.4998,526,30.26, -> desk (30.3%)
frame_003391,-1.0,1.5135,14.952,0.1208,16.6457,526,43.64, -> desk (43.6%)
