filename,ros_data_age_ms,preprocessing_ms,inference_ms,postprocessing_ms,e2e_ms,class_id,confidence,info
frame_000000_clip,-1.0,9.8334,12.9856,0.1568,23.0499,374,58.05, -> using remote controller (not gaming) (58.0%)
frame_000001_clip,-1.0,10.08,13.2617,0.0745,23.4786,374,49.36, -> using remote controller (not gaming) (49.4%)
frame_000002_clip,-1.0,9.9114,13.0084,0.0674,23.0488,374,73.43, -> using remote controller (not gaming) (73.4%)
frame_000003_clip,-1.0,11.1214,12.8126,0.0705,24.0666,374,65.81, -> using remote controller (not gaming) (65.8%)
frame_000004_clip,-1.0,9.8416,12.9278,0.066,22.9021,374,69.56, -> using remote controller (not gaming) (69.6%)
frame_000005_clip,-1.0,11.3639,12.9692,0.07,24.4677,374,46.44, -> using remote controller (not gaming) (46.4%)
frame_000006_clip,-1.0,9.9862,14.4802,0.0678,24.596,374,26.17, -> using remote controller (not gaming) (26.2%)
frame_000007_clip,-1.0,10.6541,14.0599,0.0704,24.8481,374,21.39, -> using remote controller (not gaming) (21.4%)
frame_000008_clip,-1.0,10.0313,14.6987,0.0705,24.8628,60,22.85, -> cleaning floor (22.8%)
frame_000009_clip,-1.0,10.1453,14.5281,0.0679,24.8025,119,21.46, -> exercising arm (21.5%)
frame_000010_clip,-1.0,9.8754,14.5298,0.0702,24.5412,60,25.51, -> cleaning floor (25.5%)
frame_000011_clip,-1.0,11.6917,14.3447,0.0691,26.1676,374,23.7, -> using remote controller (not gaming) (23.7%)
frame_000012_clip,-1.0,9.4458,14.6172,0.0709,24.1967,374,30.31, -> using remote controller (not gaming) (30.3%)
frame_000013_clip,-1.0,12.0189,14.727,0.0728,26.8815,374,33.64, -> using remote controller (not gaming) (33.6%)
frame_000014_clip,-1.0,10.3199,14.2581,0.0683,24.7094,374,29.57, -> using remote controller (not gaming) (29.6%)
frame_000015_clip,-1.0,11.7074,14.5551,0.0688,26.3961,374,41.79, -> using remote controller (not gaming) (41.8%)
frame_000016_clip,-1.0,10.9956,14.6888,0.0758,25.8225,374,38.81, -> using remote controller (not gaming) (38.8%)
frame_000017_clip,-1.0,10.2025,13.4487,0.071,23.785,374,56.93, -> using remote controller (not gaming) (56.9%)
frame_000018_clip,-1.0,10.0628,13.2908,0.0689,23.4842,374,55.28, -> using remote controller (not gaming) (55.3%)
frame_000019_clip,-1.0,9.8857,13.0297,0.0744,23.0531,374,50.58, -> using remote controller (not gaming) (50.6%)
frame_000020_clip,-1.0,10.3069,13.3067,0.0746,23.7518,374,63.23, -> using remote controller (not gaming) (63.2%)
frame_000021_clip,-1.0,10.0095,13.5493,0.074,23.6958,374,44.29, -> using remote controller (not gaming) (44.3%)
frame_000022_clip,-1.0,10.193,13.339,0.0691,23.6632,374,63.79, -> using remote controller (not gaming) (63.8%)
frame_000023_clip,-1.0,10.4296,13.5217,0.0704,24.0867,374,39.6, -> using remote controller (not gaming) (39.6%)
frame_000024_clip,-1.0,10.508,13.2768,0.0694,23.9182,374,58.65, -> using remote controller (not gaming) (58.7%)
frame_000025_clip,-1.0,10.1132,13.5178,0.0705,23.7632,374,49.56, -> using remote controller (not gaming) (49.6%)
frame_000026_clip,-1.0,10.6789,13.604,0.0704,24.4148,374,47.9, -> using remote controller (not gaming) (47.9%)
frame_000027_clip,-1.0,9.9632,13.3384,0.07,23.4348,374,44.21, -> using remote controller (not gaming) (44.2%)
frame_000028_clip,-1.0,9.8719,13.2618,0.0694,23.2644,374,42.67, -> using remote controller (not gaming) (42.7%)
frame_000029_clip,-1.0,10.4771,13.7846,0.0718,24.3969,374,34.03, -> using remote controller (not gaming) (34.0%)
frame_000030_clip,-1.0,11.0445,13.5248,0.0714,24.7031,119,27.94, -> exercising arm (27.9%)
frame_000031_clip,-1.0,10.568,13.5187,0.1237,24.3226,374,39.51, -> using remote controller (not gaming) (39.5%)
frame_000032_clip,-1.0,11.0306,13.2229,0.0696,24.3881,374,26.97, -> using remote controller (not gaming) (27.0%)
frame_000033_clip,-1.0,11.2369,13.6076,0.071,24.9767,21,29.13, -> bending metal (29.1%)
frame_000034_clip,-1.0,11.1652,18.667,0.1223,30.0652,21,21.44, -> bending metal (21.4%)
frame_000035_clip,-1.0,10.7604,13.3188,0.0714,24.2141,21,22.45, -> bending metal (22.5%)
frame_000036_clip,-1.0,10.7761,13.7151,0.0713,24.6233,21,25.23, -> bending metal (25.2%)
frame_000037_clip,-1.0,10.6016,13.6198,0.0712,24.3562,21,30.96, -> bending metal (31.0%)
frame_000038_clip,-1.0,10.3161,13.454,0.0718,23.9022,21,34.73, -> bending metal (34.7%)
frame_000039_clip,-1.0,10.7648,13.5999,0.0694,24.4989,21,37.89, -> bending metal (37.9%)
frame_000040_clip,-1.0,10.5922,13.9393,0.0704,24.6657,21,33.37, -> bending metal (33.4%)
frame_000041_clip,-1.0,10.2362,13.3293,0.0742,23.702,21,37.35, -> bending metal (37.4%)
frame_000042_clip,-1.0,10.8532,13.2355,0.074,24.2277,21,25.56, -> bending metal (25.6%)
frame_000043_clip,-1.0,10.4727,15.8039,0.0718,26.4119,21,39.12, -> bending metal (39.1%)
frame_000044_clip,-1.0,10.373,14.981,0.0709,25.489,21,16.07, -> bending metal (16.1%)
frame_000045_clip,-1.0,10.7834,13.3901,0.0697,24.3053,21,32.55, -> bending metal (32.6%)
frame_000046_clip,-1.0,11.1986,13.5439,0.1251,24.9777,21,15.05, -> bending metal (15.0%)
frame_000047_clip,-1.0,10.8792,13.3477,0.0716,24.3633,21,16.25, -> bending metal (16.2%)
frame_000048_clip,-1.0,10.1176,16.9084,0.0719,27.1652,119,12.54, -> exercising arm (12.5%)
frame_000049_clip,-1.0,10.5196,13.8338,0.0725,24.4867,119,18.37, -> exercising arm (18.4%)
frame_000050_clip,-1.0,10.1889,13.3706,0.0711,23.6938,119,10.42, -> exercising arm (10.4%)
frame_000051_clip,-1.0,10.2184,13.5582,0.0721,23.912,119,12.87, -> exercising arm (12.9%)
frame_000052_clip,-1.0,10.1267,15.2146,0.0702,25.4735,281,34.69, -> running on treadmill (34.7%)
frame_000053_clip,-1.0,10.6067,13.5826,0.0695,24.3225,119,14.19, -> exercising arm (14.2%)
frame_000054_clip,-1.0,10.1263,13.4176,0.0695,23.6734,119,31.64, -> exercising arm (31.6%)
frame_000055_clip,-1.0,9.9898,13.3819,0.0732,23.5058,119,25.2, -> exercising arm (25.2%)
frame_000056_clip,-1.0,10.0551,13.2849,0.1204,23.5667,134,56.15, -> front raises (56.1%)
frame_000057_clip,-1.0,10.3866,15.5284,0.0693,26.048,134,28.55, -> front raises (28.5%)
frame_000058_clip,-1.0,10.247,15.6654,0.073,26.0483,134,33.75, -> front raises (33.7%)
frame_000059_clip,-1.0,10.9887,13.4652,0.0692,24.587,134,20.92, -> front raises (20.9%)
frame_000060_clip,-1.0,10.3032,13.6675,0.0717,24.1022,134,13.55, -> front raises (13.5%)
frame_000061_clip,-1.0,10.141,13.2443,0.067,23.5152,134,15.31, -> front raises (15.3%)
frame_000062_clip,-1.0,9.8077,14.0753,0.0709,24.0176,134,19.4, -> front raises (19.4%)
frame_000063_clip,-1.0,10.8457,13.4436,0.0711,24.4229,134,25.86, -> front raises (25.9%)
frame_000064_clip,-1.0,10.1363,14.3508,0.1207,24.722,134,12.61, -> front raises (12.6%)
frame_000065_clip,-1.0,12.4191,13.4453,0.0724,25.9949,134,31.02, -> front raises (31.0%)
frame_000066_clip,-1.0,10.0471,17.0469,0.0709,27.2307,134,34.79, -> front raises (34.8%)
frame_000067_clip,-1.0,10.13,13.5838,0.0684,23.8433,200,12.31, -> moving furniture (12.3%)
frame_000068_clip,-1.0,10.326,13.737,0.1154,24.2868,281,7.38, -> running on treadmill (7.4%)
frame_000069_clip,-1.0,10.9473,13.2718,0.071,24.3553,374,16.47, -> using remote controller (not gaming) (16.5%)
frame_000070_clip,-1.0,10.3145,13.1149,0.0713,23.5636,200,39.37, -> moving furniture (39.4%)
frame_000071_clip,-1.0,11.1018,14.8229,0.1196,26.1552,200,53.54, -> moving furniture (53.5%)
frame_000072_clip,-1.0,10.5808,13.2936,0.1233,24.1079,200,87.46, -> moving furniture (87.5%)
frame_000073_clip,-1.0,10.8508,15.1327,0.0758,26.1229,200,81.09, -> moving furniture (81.1%)
frame_000074_clip,-1.0,10.1191,18.926,0.1236,29.2768,200,72.58, -> moving furniture (72.6%)
frame_000075_clip,-1.0,10.7341,13.5573,0.0706,24.4254,200,64.38, -> moving furniture (64.4%)
frame_000076_clip,-1.0,10.2439,13.5676,0.1212,24.0387,200,52.36, -> moving furniture (52.4%)
frame_000077_clip,-1.0,10.3629,13.5724,0.0722,24.0709,200,46.19, -> moving furniture (46.2%)
frame_000078_clip,-1.0,9.9905,13.4437,0.0721,23.5694,60,57.1, -> cleaning floor (57.1%)
frame_000079_clip,-1.0,10.042,13.4455,0.1204,23.7277,60,71.07, -> cleaning floor (71.1%)
frame_000080_clip,-1.0,10.2591,13.6146,0.1174,24.1062,60,73.54, -> cleaning floor (73.5%)
frame_000081_clip,-1.0,10.2597,13.5611,0.0671,23.9521,60,69.89, -> cleaning floor (69.9%)
frame_000082_clip,-1.0,10.39,13.4253,0.0695,23.9476,60,76.05, -> cleaning floor (76.1%)
frame_000083_clip,-1.0,10.3606,14.1174,0.1216,24.7079,60,69.67, -> cleaning floor (69.7%)
frame_000084_clip,-1.0,9.9572,13.5046,0.1204,23.6899,60,85.28, -> cleaning floor (85.3%)
frame_000085_clip,-1.0,10.6498,13.5056,0.0706,24.2915,60,51.85, -> cleaning floor (51.8%)
frame_000086_clip,-1.0,10.2233,17.9987,0.0727,28.3574,60,87.18, -> cleaning floor (87.2%)
frame_000087_clip,-1.0,10.3253,16.5611,0.1224,27.1189,60,54.54, -> cleaning floor (54.5%)
frame_000088_clip,-1.0,10.3831,14.5885,0.0715,25.106,60,89.11, -> cleaning floor (89.1%)
frame_000089_clip,-1.0,10.6796,13.5488,0.0729,24.3664,60,55.93, -> cleaning floor (55.9%)
frame_000090_clip,-1.0,9.8752,13.8918,0.0702,23.9007,60,77.92, -> cleaning floor (77.9%)
frame_000091_clip,-1.0,10.6015,13.3157,0.0719,24.0522,60,58.08, -> cleaning floor (58.1%)
frame_000092_clip,-1.0,10.1478,13.448,0.0696,23.7277,60,80.61, -> cleaning floor (80.6%)
frame_000093_clip,-1.0,10.3631,13.577,0.0766,24.0804,60,67.26, -> cleaning floor (67.3%)
frame_000094_clip,-1.0,10.6094,16.4111,0.1179,27.2465,60,63.16, -> cleaning floor (63.2%)
frame_000095_clip,-1.0,10.5481,13.8576,0.0715,24.5398,60,45.41, -> cleaning floor (45.4%)
frame_000096_clip,-1.0,10.0394,14.2406,0.0695,24.4103,60,50.52, -> cleaning floor (50.5%)
frame_000097_clip,-1.0,10.2304,13.5993,0.0784,23.9693,60,34.13, -> cleaning floor (34.1%)
frame_000098_clip,-1.0,14.0741,16.4008,0.0719,30.6461,60,41.38, -> cleaning floor (41.4%)
frame_000099_clip,-1.0,12.3812,18.5097,0.1168,31.1144,60,33.58, -> cleaning floor (33.6%)
frame_000100_clip,-1.0,10.3138,13.5488,0.071,23.9971,60,51.61, -> cleaning floor (51.6%)
frame_000101_clip,-1.0,10.5464,13.7906,0.07,24.4683,60,37.24, -> cleaning floor (37.2%)
frame_000102_clip,-1.0,10.2329,13.5983,0.0684,23.9619,60,55.78, -> cleaning floor (55.8%)
frame_000103_clip,-1.0,10.1767,13.5672,0.0712,23.8774,60,35.51, -> cleaning floor (35.5%)
frame_000104_clip,-1.0,10.2005,13.4763,0.0706,23.8115,60,57.6, -> cleaning floor (57.6%)
frame_000105_clip,-1.0,10.0984,13.9019,0.1195,24.235,60,35.51, -> cleaning floor (35.5%)
frame_000106_clip,-1.0,10.0689,16.0956,0.1177,26.3904,60,49.82, -> cleaning floor (49.8%)
frame_000107_clip,-1.0,9.9065,13.4638,0.073,23.5043,60,32.69, -> cleaning floor (32.7%)
frame_000108_clip,-1.0,10.1411,13.4584,0.0706,23.7317,60,27.41, -> cleaning floor (27.4%)
frame_000109_clip,-1.0,10.3747,16.2212,0.1181,26.8177,60,22.33, -> cleaning floor (22.3%)
frame_000110_clip,-1.0,10.3712,13.5662,0.0689,24.0689,60,32.03, -> cleaning floor (32.0%)
frame_000111_clip,-1.0,10.3621,13.5793,0.0696,24.0738,60,24.02, -> cleaning floor (24.0%)
frame_000112_clip,-1.0,10.0955,13.6529,0.1225,23.9772,60,32.35, -> cleaning floor (32.4%)
frame_000113_clip,-1.0,10.5773,13.4344,0.0701,24.1444,60,17.59, -> cleaning floor (17.6%)
frame_000114_clip,-1.0,10.3471,13.2925,0.0715,23.7726,60,21.6, -> cleaning floor (21.6%)
frame_000115_clip,-1.0,11.0065,13.4421,0.0708,24.5815,60,17.68, -> cleaning floor (17.7%)
frame_000116_clip,-1.0,11.5101,13.364,0.0682,25.0067,60,17.1, -> cleaning floor (17.1%)
frame_000117_clip,-1.0,10.49,15.4825,0.1249,26.2035,60,25.56, -> cleaning floor (25.6%)
frame_000118_clip,-1.0,10.2979,13.4529,0.0751,23.8895,60,28.02, -> cleaning floor (28.0%)
frame_000119_clip,-1.0,10.4175,13.513,0.0738,24.0688,60,33.83, -> cleaning floor (33.8%)
frame_000120_clip,-1.0,10.9012,13.9678,0.075,25.0093,60,35.06, -> cleaning floor (35.1%)
frame_000121_clip,-1.0,10.2535,13.8436,0.1181,24.3236,60,44.66, -> cleaning floor (44.7%)
frame_000122_clip,-1.0,11.2521,13.6617,0.1207,25.145,60,76.11, -> cleaning floor (76.1%)
frame_000123_clip,-1.0,10.3474,13.5915,0.073,24.0737,60,66.82, -> cleaning floor (66.8%)
frame_000124_clip,-1.0,10.6636,13.1295,0.0772,23.9331,60,80.86, -> cleaning floor (80.9%)
frame_000125_clip,-1.0,10.5175,13.2337,0.0728,23.8884,60,75.56, -> cleaning floor (75.6%)
frame_000126_clip,-1.0,10.3715,13.5317,0.0699,24.0374,60,81.44, -> cleaning floor (81.4%)
frame_000127_clip,-1.0,10.8582,13.4517,0.0764,24.4492,60,72.26, -> cleaning floor (72.3%)
frame_000128_clip,-1.0,10.8405,13.4477,0.0704,24.422,60,84.04, -> cleaning floor (84.0%)
frame_000129_clip,-1.0,10.6575,13.5964,0.1183,24.481,60,26.64, -> cleaning floor (26.6%)
frame_000130_clip,-1.0,10.0552,13.5547,0.0718,23.7453,60,25.1, -> cleaning floor (25.1%)
frame_000131_clip,-1.0,10.494,15.3075,0.0708,25.9366,372,14.19, -> unloading truck (14.2%)
frame_000132_clip,-1.0,14.6459,13.4933,0.0701,28.2737,38,16.07, -> building cabinet (16.1%)
frame_000133_clip,-1.0,11.4771,13.5504,0.0753,25.1675,38,11.1, -> building cabinet (11.1%)
frame_000134_clip,-1.0,10.3477,14.0542,0.0686,24.5337,29,12.88, -> bookbinding (12.9%)
frame_000135_clip,-1.0,12.9461,13.6476,0.0709,26.7283,266,8.22, -> recording music (8.2%)
frame_000136_clip,-1.0,11.4729,14.455,0.1204,26.156,29,9.68, -> bookbinding (9.7%)
frame_000137_clip,-1.0,10.5886,17.7569,0.1176,28.5704,266,11.63, -> recording music (11.6%)
frame_000138_clip,-1.0,10.3789,14.0888,0.0717,24.6071,29,13.4, -> bookbinding (13.4%)
frame_000139_clip,-1.0,10.2539,13.7113,0.0758,24.1042,266,10.19, -> recording music (10.2%)
frame_000140_clip,-1.0,10.1386,13.8142,0.1183,24.1814,29,14.75, -> bookbinding (14.7%)
frame_000141_clip,-1.0,10.7364,14.4602,0.0733,25.333,239,26.32, -> playing organ (26.3%)
frame_000142_clip,-1.0,14.4416,15.6912,0.0737,30.2718,239,16.3, -> playing organ (16.3%)
frame_000143_clip,-1.0,10.7136,13.6028,0.0742,24.4522,239,26.46, -> playing organ (26.5%)
frame_000144_clip,-1.0,10.0993,13.6342,0.1198,23.9613,239,21.68, -> playing organ (21.7%)
frame_000145_clip,-1.0,10.7769,13.6104,0.0726,24.5238,239,19.14, -> playing organ (19.1%)
frame_000146_clip,-1.0,10.7063,13.6101,0.0712,24.4502,333,15.23, -> stretching arm (15.2%)
frame_000147_clip,-1.0,10.6647,13.6561,0.0713,24.4567,333,18.94, -> stretching arm (18.9%)
frame_000148_clip,-1.0,10.3599,13.5681,0.0729,24.0646,333,21.99, -> stretching arm (22.0%)
frame_000149_clip,-1.0,10.1853,13.6445,0.0713,23.9628,239,18.65, -> playing organ (18.7%)
frame_000150_clip,-1.0,10.3934,13.6315,0.0702,24.1576,333,18.34, -> stretching arm (18.3%)
frame_000151_clip,-1.0,10.2885,14.1653,0.0697,24.5834,183,19.8, -> lunge (19.8%)
frame_000152_clip,-1.0,10.3994,13.7496,0.1224,24.3792,333,16.74, -> stretching arm (16.7%)
frame_000153_clip,-1.0,11.2884,14.3041,0.0711,25.7256,183,19.61, -> lunge (19.6%)
frame_000154_clip,-1.0,10.3092,13.5444,0.0712,23.9923,333,15.77, -> stretching arm (15.8%)
frame_000155_clip,-1.0,10.8286,13.6061,0.0732,24.5707,183,17.28, -> lunge (17.3%)
frame_000156_clip,-1.0,14.2021,13.7888,0.0727,28.1258,333,12.37, -> stretching arm (12.4%)
frame_000157_clip,-1.0,10.8952,13.6132,0.0735,24.6462,281,18.78, -> running on treadmill (18.8%)
frame_000158_clip,-1.0,10.4694,13.6045,0.073,24.2114,239,27.94, -> playing organ (27.9%)
frame_000159_clip,-1.0,13.9719,18.381,0.1262,32.5874,333,18.08, -> stretching arm (18.1%)
frame_000160_clip,-1.0,10.8686,13.5622,0.0721,24.5711,333,23.74, -> stretching arm (23.7%)
frame_000161_clip,-1.0,10.8666,14.4336,0.0726,25.4371,333,22.74, -> stretching arm (22.7%)
frame_000162_clip,-1.0,10.2887,13.7241,0.0726,24.1483,333,24.77, -> stretching arm (24.8%)
frame_000163_clip,-1.0,10.3808,13.7886,0.1214,24.3964,183,19.27, -> lunge (19.3%)
frame_000164_clip,-1.0,11.8236,13.4702,0.0712,25.43,333,24.51, -> stretching arm (24.5%)
frame_000165_clip,-1.0,10.3292,13.4518,0.0695,23.9135,281,19.0, -> running on treadmill (19.0%)
frame_000166_clip,-1.0,13.9868,13.3225,0.0725,27.4464,333,20.19, -> stretching arm (20.2%)
frame_000167_clip,-1.0,11.9373,13.5109,0.0713,25.5837,333,21.29, -> stretching arm (21.3%)
frame_000168_clip,-1.0,12.9909,14.5023,0.07,27.6278,333,24.19, -> stretching arm (24.2%)
frame_000169_clip,-1.0,10.2674,13.7125,0.1205,24.2095,333,19.61, -> stretching arm (19.6%)
frame_000170_clip,-1.0,10.8544,13.4589,0.0719,24.4475,333,21.5, -> stretching arm (21.5%)
frame_000171_clip,-1.0,10.6491,17.5044,0.1238,28.3842,281,14.0, -> running on treadmill (14.0%)
frame_000172_clip,-1.0,10.5683,13.1615,0.0713,23.8694,134,30.07, -> front raises (30.1%)
frame_000173_clip,-1.0,11.0779,13.3857,0.0726,24.6005,134,32.33, -> front raises (32.3%)
frame_000174_clip,-1.0,11.0261,14.7171,0.1229,25.9687,134,23.18, -> front raises (23.2%)
frame_000175_clip,-1.0,10.5196,13.7671,0.1235,24.5177,134,24.59, -> front raises (24.6%)
frame_000176_clip,-1.0,10.5764,13.5534,0.0715,24.2645,134,19.89, -> front raises (19.9%)
frame_000177_clip,-1.0,10.5671,13.4939,0.0762,24.2008,134,26.69, -> front raises (26.7%)
frame_000178_clip,-1.0,10.4176,13.639,0.0702,24.1892,134,25.97, -> front raises (26.0%)
frame_000179_clip,-1.0,11.1981,13.511,0.0704,24.842,134,33.14, -> front raises (33.1%)
frame_000180_clip,-1.0,10.6925,13.3695,0.0721,24.1971,134,30.67, -> front raises (30.7%)
frame_000181_clip,-1.0,10.7718,13.4418,0.0711,24.3476,134,33.55, -> front raises (33.6%)
frame_000182_clip,-1.0,10.822,13.6301,0.1221,24.6827,134,26.73, -> front raises (26.7%)
frame_000183_clip,-1.0,10.3281,15.7351,0.0772,26.2043,134,29.0, -> front raises (29.0%)
frame_000184_clip,-1.0,10.7559,13.5609,0.0708,24.4486,134,53.12, -> front raises (53.1%)
frame_000185_clip,-1.0,10.5368,13.8353,0.071,24.5056,134,22.36, -> front raises (22.4%)
frame_000186_clip,-1.0,10.3089,13.6159,0.1315,24.1679,134,21.04, -> front raises (21.0%)
frame_000187_clip,-1.0,10.314,13.3727,0.0715,23.821,134,22.01, -> front raises (22.0%)
frame_000188_clip,-1.0,10.4639,14.8676,0.0705,25.4678,333,25.76, -> stretching arm (25.8%)
frame_000189_clip,-1.0,10.7755,13.2918,0.0724,24.2047,333,23.41, -> stretching arm (23.4%)
frame_000190_clip,-1.0,11.2156,13.5422,0.0698,24.8927,119,21.88, -> exercising arm (21.9%)
frame_000191_clip,-1.0,10.6694,14.0385,0.0699,24.8408,333,17.94, -> stretching arm (17.9%)
frame_000192_clip,-1.0,12.4866,13.5717,0.0698,26.1927,333,26.39, -> stretching arm (26.4%)
frame_000193_clip,-1.0,12.1665,13.5883,0.0693,25.8868,333,24.62, -> stretching arm (24.6%)
frame_000194_clip,-1.0,10.6509,13.1166,0.0685,23.9042,333,15.34, -> stretching arm (15.3%)
frame_000195_clip,-1.0,10.6682,15.4254,0.0715,26.2297,333,16.98, -> stretching arm (17.0%)
frame_000196_clip,-1.0,10.1601,13.2503,0.0696,23.5415,333,21.76, -> stretching arm (21.8%)
frame_000197_clip,-1.0,10.8736,13.4258,0.0687,24.4323,333,12.33, -> stretching arm (12.3%)
frame_000198_clip,-1.0,10.2123,13.2836,0.0706,23.6289,333,19.21, -> stretching arm (19.2%)
frame_000199_clip,-1.0,10.8326,13.47,0.0728,24.4386,333,17.91, -> stretching arm (17.9%)
frame_000200_clip,-1.0,10.5589,13.5571,0.0737,24.2523,333,21.01, -> stretching arm (21.0%)
frame_000201_clip,-1.0,11.0376,13.3072,0.0748,24.4893,374,25.62, -> using remote controller (not gaming) (25.6%)
frame_000202_clip,-1.0,10.659,13.0469,0.0724,23.8434,333,26.17, -> stretching arm (26.2%)
frame_000203_clip,-1.0,10.3719,18.093,0.118,28.6906,333,22.21, -> stretching arm (22.2%)
frame_000204_clip,-1.0,10.2837,13.8157,0.0742,24.2393,333,31.86, -> stretching arm (31.9%)
frame_000205_clip,-1.0,10.3187,13.9086,0.072,24.3644,333,33.81, -> stretching arm (33.8%)
frame_000206_clip,-1.0,10.6694,13.4322,0.0724,24.2377,333,30.49, -> stretching arm (30.5%)
frame_000207_clip,-1.0,10.4495,13.4338,0.0726,24.0173,119,35.98, -> exercising arm (36.0%)
frame_000208_clip,-1.0,10.4392,15.782,0.0703,26.3558,119,32.78, -> exercising arm (32.8%)
frame_000209_clip,-1.0,10.4491,18.643,0.1193,29.318,119,33.09, -> exercising arm (33.1%)
frame_000210_clip,-1.0,10.3964,13.4152,0.0719,23.9456,119,20.07, -> exercising arm (20.1%)
frame_000211_clip,-1.0,10.3121,13.4141,0.0724,23.8625,119,14.07, -> exercising arm (14.1%)
frame_000212_clip,-1.0,10.6805,18.6223,0.1241,29.5359,333,8.91, -> stretching arm (8.9%)
frame_000213_clip,-1.0,10.4055,13.425,0.0725,23.9657,258,36.23, -> punching bag (36.2%)
frame_000214_clip,-1.0,10.4305,13.3316,0.0735,23.897,200,7.67, -> moving furniture (7.7%)
frame_000215_clip,-1.0,10.4895,13.4743,0.0722,24.0983,374,28.48, -> using remote controller (not gaming) (28.5%)
frame_000216_clip,-1.0,10.7084,13.3841,0.0711,24.227,200,27.12, -> moving furniture (27.1%)
frame_000217_clip,-1.0,10.5651,15.2034,0.0724,25.9043,200,25.43, -> moving furniture (25.4%)
frame_000218_clip,-1.0,10.2816,13.3659,0.0701,23.7798,374,28.92, -> using remote controller (not gaming) (28.9%)
frame_000219_clip,-1.0,10.6522,13.5324,0.0733,24.3215,200,33.69, -> moving furniture (33.7%)
frame_000220_clip,-1.0,10.3173,14.1245,0.0721,24.5753,284,35.37, -> sanding floor (35.4%)
frame_000221_clip,-1.0,10.1555,13.5668,0.0721,23.8582,200,28.85, -> moving furniture (28.8%)
frame_000222_clip,-1.0,10.1175,15.3501,0.0733,25.6021,200,18.73, -> moving furniture (18.7%)
frame_000223_clip,-1.0,10.7229,13.6317,0.121,24.5843,200,19.25, -> moving furniture (19.3%)
frame_000224_clip,-1.0,10.4788,13.5252,0.0737,24.1418,200,15.81, -> moving furniture (15.8%)
frame_000225_clip,-1.0,10.3495,13.551,0.0727,24.0367,200,19.13, -> moving furniture (19.1%)
frame_000226_clip,-1.0,10.5742,13.3871,0.1229,24.1904,200,16.52, -> moving furniture (16.5%)
frame_000227_clip,-1.0,10.3536,13.8143,0.0709,24.3005,200,23.06, -> moving furniture (23.1%)
frame_000228_clip,-1.0,10.4931,13.0963,0.0702,23.724,200,17.41, -> moving furniture (17.4%)
frame_000229_clip,-1.0,10.6985,17.4813,0.1231,28.4118,200,23.24, -> moving furniture (23.2%)
frame_000230_clip,-1.0,10.4216,13.3492,0.071,23.9055,200,16.59, -> moving furniture (16.6%)
frame_000231_clip,-1.0,10.3835,13.4863,0.069,24.0019,200,19.59, -> moving furniture (19.6%)
frame_000232_clip,-1.0,10.7866,13.5644,0.0688,24.4825,227,28.89, -> playing cricket (28.9%)
frame_000233_clip,-1.0,10.3265,13.7627,0.1206,24.3226,200,20.27, -> moving furniture (20.3%)
frame_000234_clip,-1.0,11.2569,13.4707,0.0722,24.8622,200,15.38, -> moving furniture (15.4%)
frame_000235_clip,-1.0,10.2732,13.6105,0.0725,24.0262,227,18.17, -> playing cricket (18.2%)
frame_000236_clip,-1.0,10.6924,13.5028,0.0688,24.326,200,15.63, -> moving furniture (15.6%)
frame_000237_clip,-1.0,10.3766,13.436,0.0713,23.9468,227,17.9, -> playing cricket (17.9%)
frame_000238_clip,-1.0,10.7298,17.0347,0.1216,27.9928,200,13.0, -> moving furniture (13.0%)
frame_000239_clip,-1.0,10.4358,13.3828,0.0702,23.9524,200,13.37, -> moving furniture (13.4%)
frame_000240_clip,-1.0,10.5504,16.6538,0.1123,27.4177,200,14.17, -> moving furniture (14.2%)
frame_000241_clip,-1.0,10.7685,13.8073,0.1242,24.8063,200,10.7, -> moving furniture (10.7%)
frame_000242_clip,-1.0,10.5369,17.917,0.124,28.6842,200,17.08, -> moving furniture (17.1%)
frame_000243_clip,-1.0,10.4138,13.5793,0.0756,24.1311,200,8.82, -> moving furniture (8.8%)
frame_000244_clip,-1.0,10.8378,13.4192,0.069,24.387,200,10.84, -> moving furniture (10.8%)
frame_000245_clip,-1.0,10.4369,13.9736,0.0688,24.5421,200,10.79, -> moving furniture (10.8%)
frame_000246_clip,-1.0,10.5591,13.4355,0.0704,24.1272,157,11.45, -> hoverboarding (11.4%)
frame_000247_clip,-1.0,10.6794,13.4985,0.0693,24.3099,200,9.94, -> moving furniture (9.9%)
frame_000248_clip,-1.0,10.458,16.083,0.1198,26.7675,157,11.11, -> hoverboarding (11.1%)
frame_000249_clip,-1.0,10.4752,13.5501,0.0748,24.1624,157,10.57, -> hoverboarding (10.6%)
frame_000250_clip,-1.0,10.4185,14.9881,0.071,25.5421,157,11.53, -> hoverboarding (11.5%)
frame_000251_clip,-1.0,10.6714,14.0932,0.0713,24.9007,157,10.95, -> hoverboarding (11.0%)
frame_000252_clip,-1.0,10.464,16.2757,0.072,26.875,157,11.65, -> hoverboarding (11.6%)
frame_000253_clip,-1.0,10.6614,13.4004,0.0716,24.1967,200,11.2, -> moving furniture (11.2%)
frame_000254_clip,-1.0,10.4402,13.1718,0.069,23.7451,209,28.25, -> passing American football (not in game) (28.3%)
frame_000255_clip,-1.0,10.9197,15.3717,0.1204,26.5175,200,13.37, -> moving furniture (13.4%)
frame_000256_clip,-1.0,10.3884,13.892,0.0682,24.4101,200,13.67, -> moving furniture (13.7%)
frame_000257_clip,-1.0,10.4707,13.446,0.0711,24.0507,200,16.8, -> moving furniture (16.8%)
frame_000258_clip,-1.0,10.501,13.4203,0.072,24.0574,200,16.97, -> moving furniture (17.0%)
frame_000259_clip,-1.0,10.727,15.997,0.1005,26.9343,200,27.69, -> moving furniture (27.7%)
frame_000260_clip,-1.0,10.5543,13.3957,0.0756,24.0889,200,23.35, -> moving furniture (23.3%)
frame_000261_clip,-1.0,11.0164,13.5392,0.0732,24.6932,200,32.08, -> moving furniture (32.1%)
frame_000262_clip,-1.0,10.7342,13.6411,0.0768,24.5211,200,30.17, -> moving furniture (30.2%)
frame_000263_clip,-1.0,10.1296,13.579,0.1192,23.9347,200,35.9, -> moving furniture (35.9%)
frame_000264_clip,-1.0,10.2235,13.4731,0.1196,23.9225,200,41.27, -> moving furniture (41.3%)
frame_000265_clip,-1.0,10.6673,18.3561,0.1195,29.2594,200,43.83, -> moving furniture (43.8%)
frame_000266_clip,-1.0,10.5572,13.5641,0.1267,24.36,200,30.14, -> moving furniture (30.1%)
frame_000267_clip,-1.0,11.0928,13.4667,0.0729,24.696,200,43.06, -> moving furniture (43.1%)
frame_000268_clip,-1.0,10.3572,13.3396,0.0728,23.8339,200,39.73, -> moving furniture (39.7%)
frame_000269_clip,-1.0,11.1124,15.2586,0.0713,26.513,200,37.62, -> moving furniture (37.6%)
frame_000270_clip,-1.0,10.2156,13.1983,0.07,23.5458,200,34.38, -> moving furniture (34.4%)
frame_000271_clip,-1.0,11.4412,14.5416,0.0746,26.1248,200,24.19, -> moving furniture (24.2%)
frame_000272_clip,-1.0,10.518,13.5452,0.1199,24.2837,200,23.16, -> moving furniture (23.2%)
frame_000273_clip,-1.0,10.8431,15.8947,0.0763,26.8774,200,36.28, -> moving furniture (36.3%)
frame_000274_clip,-1.0,10.3806,13.3611,0.0702,23.8742,200,24.66, -> moving furniture (24.7%)
frame_000275_clip,-1.0,10.9269,14.3273,0.0767,25.394,200,35.65, -> moving furniture (35.6%)
frame_000276_clip,-1.0,10.5832,13.3487,0.0721,24.0667,200,26.99, -> moving furniture (27.0%)
frame_000277_clip,-1.0,10.9965,14.3569,0.0696,25.4864,200,36.52, -> moving furniture (36.5%)
frame_000278_clip,-1.0,10.2034,13.4723,0.07,23.8073,200,28.8, -> moving furniture (28.8%)
frame_000279_clip,-1.0,11.5558,14.6954,0.1241,26.4859,200,45.51, -> moving furniture (45.5%)
frame_000280_clip,-1.0,10.5184,13.4379,0.0685,24.0866,200,35.91, -> moving furniture (35.9%)
frame_000281_clip,-1.0,10.7845,13.5074,0.0709,24.4259,200,46.29, -> moving furniture (46.3%)
frame_000282_clip,-1.0,10.8594,13.5672,0.0722,24.5613,200,44.63, -> moving furniture (44.6%)
frame_000283_clip,-1.0,10.4416,16.0301,0.0694,26.61,200,56.8, -> moving furniture (56.8%)
frame_000284_clip,-1.0,10.6962,13.518,0.0699,24.347,200,57.29, -> moving furniture (57.3%)
frame_000285_clip,-1.0,10.8847,13.4938,0.0725,24.5185,200,53.65, -> moving furniture (53.7%)
frame_000286_clip,-1.0,10.2285,13.4786,0.0716,23.8409,200,54.39, -> moving furniture (54.4%)
frame_000287_clip,-1.0,10.353,13.311,0.07,23.7999,200,49.58, -> moving furniture (49.6%)
frame_000288_clip,-1.0,10.8831,14.0003,0.0709,25.0164,200,52.76, -> moving furniture (52.8%)
frame_000289_clip,-1.0,11.0282,13.6958,0.0714,24.8571,200,70.13, -> moving furniture (70.1%)
frame_000290_clip,-1.0,10.3213,13.51,0.0687,23.9688,200,48.33, -> moving furniture (48.3%)
frame_000291_clip,-1.0,11.1115,13.6892,0.0725,24.9362,200,49.01, -> moving furniture (49.0%)
frame_000292_clip,-1.0,10.5579,13.5799,0.0721,24.272,200,44.55, -> moving furniture (44.5%)
frame_000293_clip,-1.0,10.6505,13.4908,0.0727,24.277,200,40.58, -> moving furniture (40.6%)
frame_000294_clip,-1.0,10.5517,13.5858,0.0737,24.2731,200,42.0, -> moving furniture (42.0%)
frame_000295_clip,-1.0,10.6966,15.8734,0.07,26.7001,200,41.49, -> moving furniture (41.5%)
frame_000296_clip,-1.0,10.7255,13.406,0.0711,24.264,200,40.05, -> moving furniture (40.1%)
frame_000297_clip,-1.0,10.4691,13.6106,0.1191,24.3043,200,39.02, -> moving furniture (39.0%)
frame_000298_clip,-1.0,10.4728,13.363,0.0754,23.9754,200,38.01, -> moving furniture (38.0%)
frame_000299_clip,-1.0,10.5949,16.9786,0.1194,27.803,200,42.48, -> moving furniture (42.5%)
frame_000300_clip,-1.0,10.3778,13.4444,0.0723,23.9564,200,38.01, -> moving furniture (38.0%)
frame_000301_clip,-1.0,10.5282,15.8029,0.0776,26.471,200,37.34, -> moving furniture (37.3%)
frame_000302_clip,-1.0,10.3874,15.6826,0.0702,26.2096,200,28.7, -> moving furniture (28.7%)
frame_000303_clip,-1.0,10.3363,15.928,0.077,26.4055,200,29.85, -> moving furniture (29.8%)
frame_000304_clip,-1.0,10.6278,13.6073,0.0724,24.3703,200,22.8, -> moving furniture (22.8%)
frame_000305_clip,-1.0,10.7994,13.698,0.0734,24.6344,200,22.81, -> moving furniture (22.8%)
frame_000306_clip,-1.0,10.9226,13.1651,0.0699,24.2211,200,23.47, -> moving furniture (23.5%)
frame_000307_clip,-1.0,10.5158,13.714,0.1147,24.4544,200,27.38, -> moving furniture (27.4%)
frame_000308_clip,-1.0,10.0721,13.5038,0.0689,23.7083,200,31.95, -> moving furniture (31.9%)
frame_000309_clip,-1.0,10.8853,15.8511,0.0676,26.8673,200,22.87, -> moving furniture (22.9%)
frame_000310_clip,-1.0,10.5272,13.5325,0.0727,24.1958,200,33.08, -> moving furniture (33.1%)
frame_000311_clip,-1.0,11.9863,13.1162,0.0696,25.2368,200,26.74, -> moving furniture (26.7%)
frame_000312_clip,-1.0,10.7353,13.3228,0.0703,24.1905,200,22.25, -> moving furniture (22.2%)
frame_000313_clip,-1.0,10.9109,14.937,0.0695,25.9836,200,18.46, -> moving furniture (18.5%)
frame_000314_clip,-1.0,11.1657,13.4546,0.0691,24.7513,200,16.24, -> moving furniture (16.2%)
frame_000315_clip,-1.0,10.9054,13.5066,0.0709,24.547,200,19.28, -> moving furniture (19.3%)
frame_000316_clip,-1.0,10.3498,13.5945,0.1249,24.1817,200,17.17, -> moving furniture (17.2%)
frame_000317_clip,-1.0,11.0222,13.5282,0.071,24.6844,200,21.84, -> moving furniture (21.8%)
frame_000318_clip,-1.0,10.524,13.1774,0.0705,23.8427,200,27.67, -> moving furniture (27.7%)
frame_000319_clip,-1.0,10.8858,13.5032,0.0695,24.5236,200,22.67, -> moving furniture (22.7%)
frame_000320_clip,-1.0,11.1099,13.4485,0.0741,24.6952,200,27.14, -> moving furniture (27.1%)
frame_000321_clip,-1.0,10.9329,13.9617,0.0711,25.0291,200,28.44, -> moving furniture (28.4%)
frame_000322_clip,-1.0,10.597,13.1844,0.0687,23.9121,200,28.43, -> moving furniture (28.4%)
frame_000323_clip,-1.0,10.5162,15.6711,0.1214,26.4188,200,27.1, -> moving furniture (27.1%)
frame_000324_clip,-1.0,10.3663,13.12,0.0709,23.6201,200,29.35, -> moving furniture (29.4%)
frame_000325_clip,-1.0,10.5912,13.6631,0.0698,24.3872,200,19.5, -> moving furniture (19.5%)
frame_000326_clip,-1.0,10.887,13.5486,0.0707,24.568,60,22.53, -> cleaning floor (22.5%)
frame_000327_clip,-1.0,10.5783,14.3105,0.0701,25.0197,60,33.7, -> cleaning floor (33.7%)
frame_000328_clip,-1.0,10.2869,15.0073,0.069,25.4259,200,25.17, -> moving furniture (25.2%)
frame_000329_clip,-1.0,10.7219,13.803,0.0712,24.6655,200,13.82, -> moving furniture (13.8%)
frame_000330_clip,-1.0,10.7744,15.3056,0.0719,26.2152,200,10.4, -> moving furniture (10.4%)
frame_000331_clip,-1.0,10.8179,13.7591,0.0718,24.7137,200,6.84, -> moving furniture (6.8%)
frame_000332_clip,-1.0,10.6671,13.7101,0.1236,24.6093,200,30.02, -> moving furniture (30.0%)
frame_000333_clip,-1.0,10.4971,17.3494,0.0743,27.9833,200,19.3, -> moving furniture (19.3%)
frame_000334_clip,-1.0,11.1322,13.3565,0.0712,24.6219,200,30.23, -> moving furniture (30.2%)
frame_000335_clip,-1.0,10.8,13.7439,0.0754,24.681,200,22.94, -> moving furniture (22.9%)
frame_000336_clip,-1.0,10.6679,13.4261,0.0716,24.2268,200,33.64, -> moving furniture (33.6%)
frame_000337_clip,-1.0,11.2149,13.3665,0.0701,24.7122,200,26.23, -> moving furniture (26.2%)
frame_000338_clip,-1.0,10.898,15.9432,0.0717,26.9772,200,32.15, -> moving furniture (32.2%)
frame_000339_clip,-1.0,11.7117,14.1104,0.0711,25.9567,200,22.73, -> moving furniture (22.7%)
frame_000340_clip,-1.0,10.6405,13.0458,0.0703,23.8173,200,28.05, -> moving furniture (28.1%)
frame_000341_clip,-1.0,10.5029,13.4027,0.0723,24.0401,200,22.44, -> moving furniture (22.4%)
frame_000342_clip,-1.0,10.6448,13.2814,0.0737,24.0638,200,28.99, -> moving furniture (29.0%)
frame_000343_clip,-1.0,10.474,13.7502,0.122,24.4563,200,23.01, -> moving furniture (23.0%)
frame_000344_clip,-1.0,10.7483,13.3316,0.0686,24.2108,200,24.79, -> moving furniture (24.8%)
frame_000345_clip,-1.0,11.6426,16.4371,0.0729,28.2159,200,27.17, -> moving furniture (27.2%)
frame_000346_clip,-1.0,11.2389,13.3144,0.0752,24.692,200,30.01, -> moving furniture (30.0%)
frame_000347_clip,-1.0,15.1373,13.4913,0.0705,28.7601,200,29.4, -> moving furniture (29.4%)
frame_000348_clip,-1.0,10.2383,13.2589,0.0709,23.6288,200,18.6, -> moving furniture (18.6%)
frame_000349_clip,-1.0,10.8599,13.4536,0.0725,24.4497,200,27.54, -> moving furniture (27.5%)
frame_000350_clip,-1.0,10.3922,13.331,0.0702,23.856,200,20.13, -> moving furniture (20.1%)
frame_000351_clip,-1.0,10.6949,17.38,0.0696,28.2083,200,22.88, -> moving furniture (22.9%)
frame_000352_clip,-1.0,10.4071,13.1188,0.0694,23.6564,60,19.91, -> cleaning floor (19.9%)
frame_000353_clip,-1.0,10.7246,14.9691,0.0703,25.8262,60,23.08, -> cleaning floor (23.1%)
frame_000354_clip,-1.0,10.5656,18.2637,0.1251,29.059,60,21.55, -> cleaning floor (21.6%)
frame_000355_clip,-1.0,10.6576,13.8718,0.0737,24.6648,60,24.3, -> cleaning floor (24.3%)
frame_000356_clip,-1.0,10.8533,13.3344,0.0701,24.32,60,23.32, -> cleaning floor (23.3%)
frame_000357_clip,-1.0,10.5955,13.3965,0.0761,24.1318,60,26.09, -> cleaning floor (26.1%)
frame_000358_clip,-1.0,10.6745,15.213,0.0705,26.0191,60,26.12, -> cleaning floor (26.1%)
frame_000359_clip,-1.0,12.4826,14.2949,0.0716,26.9123,60,28.37, -> cleaning floor (28.4%)
frame_000360_clip,-1.0,10.653,18.4082,0.1262,29.2966,60,26.63, -> cleaning floor (26.6%)
frame_000361_clip,-1.0,10.8036,13.5961,0.0716,24.5306,60,27.92, -> cleaning floor (27.9%)
frame_000362_clip,-1.0,10.8098,13.4165,0.0706,24.359,60,26.32, -> cleaning floor (26.3%)
frame_000363_clip,-1.0,10.7375,14.921,0.0719,25.7924,60,28.27, -> cleaning floor (28.3%)
frame_000364_clip,-1.0,10.5142,13.2691,0.0715,23.9181,60,25.72, -> cleaning floor (25.7%)
frame_000365_clip,-1.0,10.4522,13.1823,0.0752,23.7717,60,26.73, -> cleaning floor (26.7%)
frame_000366_clip,-1.0,10.4756,13.3939,0.0711,24.0043,60,25.71, -> cleaning floor (25.7%)
frame_000367_clip,-1.0,10.3543,13.4973,0.07,23.9828,60,22.98, -> cleaning floor (23.0%)
frame_000368_clip,-1.0,10.1712,13.8707,0.0709,24.1759,60,23.42, -> cleaning floor (23.4%)
frame_000369_clip,-1.0,10.3945,16.9054,0.1239,27.5325,60,22.56, -> cleaning floor (22.6%)
frame_000370_clip,-1.0,10.4271,13.326,0.0705,23.8875,60,22.92, -> cleaning floor (22.9%)
frame_000371_clip,-1.0,10.4265,15.787,0.0709,26.3468,60,19.51, -> cleaning floor (19.5%)
frame_000372_clip,-1.0,10.3066,13.4759,0.0718,23.9171,60,21.05, -> cleaning floor (21.0%)
frame_000373_clip,-1.0,10.5854,15.7477,0.0714,26.4672,200,16.71, -> moving furniture (16.7%)
frame_000374_clip,-1.0,10.3305,16.7896,0.1196,27.3443,60,19.07, -> cleaning floor (19.1%)
frame_000375_clip,-1.0,10.9291,18.4509,0.1193,29.6064,200,18.67, -> moving furniture (18.7%)
frame_000376_clip,-1.0,10.7747,13.437,0.0719,24.3456,60,20.54, -> cleaning floor (20.5%)
frame_000377_clip,-1.0,10.3579,13.3839,0.0694,23.8756,200,21.64, -> moving furniture (21.6%)
frame_000378_clip,-1.0,10.4036,13.6335,0.0714,24.1711,200,21.49, -> moving furniture (21.5%)
frame_000379_clip,-1.0,10.7739,13.7399,0.0719,24.6471,200,22.1, -> moving furniture (22.1%)
frame_000380_clip,-1.0,11.2986,13.4929,0.0687,24.9222,200,26.53, -> moving furniture (26.5%)
frame_000381_clip,-1.0,10.9181,13.3419,0.0739,24.3983,200,21.84, -> moving furniture (21.8%)
frame_000382_clip,-1.0,10.593,13.4267,0.0679,24.1481,200,23.2, -> moving furniture (23.2%)
frame_000383_clip,-1.0,10.6941,13.5159,0.0698,24.3419,200,17.94, -> moving furniture (17.9%)
frame_000384_clip,-1.0,10.9735,15.7251,0.1175,26.9205,200,21.73, -> moving furniture (21.7%)
frame_000385_clip,-1.0,10.6885,14.2018,0.0727,25.026,200,18.13, -> moving furniture (18.1%)
frame_000386_clip,-1.0,10.4052,13.3527,0.0709,23.8916,200,20.32, -> moving furniture (20.3%)
frame_000387_clip,-1.0,10.8757,13.3687,0.0724,24.3796,60,23.82, -> cleaning floor (23.8%)
frame_000388_clip,-1.0,10.5664,13.3525,0.069,24.0491,200,22.49, -> moving furniture (22.5%)
frame_000389_clip,-1.0,10.3932,17.8725,0.1168,28.4905,60,22.17, -> cleaning floor (22.2%)
frame_000390_clip,-1.0,10.7174,13.5182,0.0718,24.3692,60,27.15, -> cleaning floor (27.2%)
frame_000391_clip,-1.0,10.612,14.1138,0.0719,24.862,60,27.93, -> cleaning floor (27.9%)
frame_000392_clip,-1.0,10.7366,14.1435,0.0707,25.0169,338,47.04, -> sweeping floor (47.0%)
frame_000393_clip,-1.0,10.486,17.9896,0.1243,28.7068,60,23.58, -> cleaning floor (23.6%)
frame_000394_clip,-1.0,10.2691,17.7743,0.1174,28.2674,60,27.99, -> cleaning floor (28.0%)
frame_000395_clip,-1.0,11.2598,14.0259,0.1284,25.5206,60,18.48, -> cleaning floor (18.5%)
frame_000396_clip,-1.0,10.4145,13.3702,0.0768,23.9255,60,28.23, -> cleaning floor (28.2%)
frame_000397_clip,-1.0,10.3028,13.6784,0.0725,24.1178,60,29.9, -> cleaning floor (29.9%)
frame_000398_clip,-1.0,10.7479,16.5424,0.1264,27.5251,60,27.98, -> cleaning floor (28.0%)
frame_000399_clip,-1.0,10.7121,20.0357,0.121,30.9754,60,29.5, -> cleaning floor (29.5%)
frame_000400_clip,-1.0,10.1856,13.0324,0.0683,23.3485,60,25.79, -> cleaning floor (25.8%)
frame_000401_clip,-1.0,10.4341,15.5825,0.0725,26.1533,60,20.8, -> cleaning floor (20.8%)
frame_000402_clip,-1.0,10.6264,13.5445,0.1169,24.3946,60,23.84, -> cleaning floor (23.8%)
frame_000403_clip,-1.0,10.7038,14.0996,0.0709,24.9376,60,37.18, -> cleaning floor (37.2%)
frame_000404_clip,-1.0,10.4846,13.3238,0.0693,23.9495,60,27.14, -> cleaning floor (27.1%)
frame_000405_clip,-1.0,10.2177,14.4729,0.0687,24.8224,60,35.9, -> cleaning floor (35.9%)
frame_000406_clip,-1.0,10.4332,13.4584,0.1165,24.1031,284,29.73, -> sanding floor (29.7%)
frame_000407_clip,-1.0,10.6016,13.1064,0.0691,23.8398,284,36.09, -> sanding floor (36.1%)
frame_000408_clip,-1.0,10.5335,15.7747,0.0708,26.4419,284,35.21, -> sanding floor (35.2%)
frame_000409_clip,-1.0,10.5183,13.9698,0.0718,24.6227,284,81.29, -> sanding floor (81.3%)
frame_000410_clip,-1.0,10.1598,16.2463,0.1202,26.6336,284,92.57, -> sanding floor (92.6%)
frame_000411_clip,-1.0,10.3687,14.0839,0.074,24.5899,284,91.12, -> sanding floor (91.1%)
frame_000412_clip,-1.0,10.5875,12.999,0.0693,23.7189,284,85.41, -> sanding floor (85.4%)
frame_000413_clip,-1.0,10.6406,13.6709,0.0699,24.4439,284,92.19, -> sanding floor (92.2%)
frame_000414_clip,-1.0,10.194,18.4326,0.1274,28.861,284,85.78, -> sanding floor (85.8%)
frame_000415_clip,-1.0,10.5859,13.5685,0.0729,24.292,284,92.56, -> sanding floor (92.6%)
frame_000416_clip,-1.0,10.6063,13.3486,0.0729,24.0898,284,84.83, -> sanding floor (84.8%)
frame_000417_clip,-1.0,10.686,13.1372,0.0707,23.9571,284,93.76, -> sanding floor (93.8%)
frame_000418_clip,-1.0,10.6202,13.3806,0.0781,24.1392,284,84.89, -> sanding floor (84.9%)
frame_000419_clip,-1.0,10.3697,17.3789,0.0716,27.8831,284,91.29, -> sanding floor (91.3%)
frame_000420_clip,-1.0,10.4018,13.1388,0.0695,23.6713,284,81.16, -> sanding floor (81.2%)
frame_000421_clip,-1.0,10.4783,13.5401,0.0719,24.1533,284,89.33, -> sanding floor (89.3%)
frame_000422_clip,-1.0,10.1781,17.2365,0.1205,27.646,284,71.92, -> sanding floor (71.9%)
frame_000423_clip,-1.0,10.441,15.4036,0.0741,25.9812,284,79.71, -> sanding floor (79.7%)
frame_000424_clip,-1.0,10.5713,16.1505,0.131,26.958,284,73.76, -> sanding floor (73.8%)
frame_000425_clip,-1.0,10.1367,14.1777,0.0706,24.4476,284,78.38, -> sanding floor (78.4%)
frame_000426_clip,-1.0,10.4562,13.5113,0.0749,24.1052,284,75.84, -> sanding floor (75.8%)
frame_000427_clip,-1.0,10.4486,13.3495,0.0705,23.9318,284,72.27, -> sanding floor (72.3%)
frame_000428_clip,-1.0,10.6485,17.079,0.119,27.9597,284,72.16, -> sanding floor (72.2%)
frame_000429_clip,-1.0,11.1017,16.138,0.0731,27.3753,284,70.46, -> sanding floor (70.5%)
frame_000430_clip,-1.0,10.9554,13.7502,0.0713,24.8393,284,71.26, -> sanding floor (71.3%)
frame_000431_clip,-1.0,10.6476,13.4969,0.0749,24.2842,284,63.77, -> sanding floor (63.8%)
frame_000432_clip,-1.0,10.411,13.5149,0.071,24.0599,284,65.72, -> sanding floor (65.7%)
frame_000433_clip,-1.0,10.6952,18.3243,0.1345,29.2625,284,60.55, -> sanding floor (60.6%)
frame_000434_clip,-1.0,10.8898,13.272,0.0728,24.2971,284,67.43, -> sanding floor (67.4%)
frame_000435_clip,-1.0,11.0206,15.9762,0.0736,27.1333,284,61.14, -> sanding floor (61.1%)
frame_000436_clip,-1.0,11.0312,13.1205,0.0739,24.2889,284,72.63, -> sanding floor (72.6%)
frame_000437_clip,-1.0,10.6595,13.4354,0.0727,24.2302,284,58.46, -> sanding floor (58.5%)
frame_000438_clip,-1.0,10.9919,13.6726,0.0701,24.7965,284,74.57, -> sanding floor (74.6%)
frame_000439_clip,-1.0,10.5974,13.8956,0.0716,24.6275,284,61.3, -> sanding floor (61.3%)
frame_000440_clip,-1.0,11.0685,13.0481,0.1132,24.3408,284,71.4, -> sanding floor (71.4%)
frame_000441_clip,-1.0,10.4293,17.8714,0.1207,28.5254,284,64.46, -> sanding floor (64.5%)
frame_000442_clip,-1.0,10.56,16.5273,0.0711,27.2211,284,67.69, -> sanding floor (67.7%)
frame_000443_clip,-1.0,10.5608,13.5056,0.0744,24.2047,284,69.07, -> sanding floor (69.1%)
frame_000444_clip,-1.0,10.5973,14.4487,0.1191,25.2689,284,65.37, -> sanding floor (65.4%)
frame_000445_clip,-1.0,10.8253,14.0445,0.074,25.007,284,66.09, -> sanding floor (66.1%)
frame_000446_clip,-1.0,10.7861,13.3169,0.0699,24.2348,284,65.63, -> sanding floor (65.6%)
frame_000447_clip,-1.0,10.8287,13.585,0.0704,24.546,284,67.05, -> sanding floor (67.1%)
frame_000448_clip,-1.0,10.7785,15.6552,0.0764,26.5733,284,72.9, -> sanding floor (72.9%)
frame_000449_clip,-1.0,10.6459,13.1798,0.1181,24.0505,284,70.94, -> sanding floor (70.9%)
frame_000450_clip,-1.0,11.1502,13.7518,0.0691,25.0376,284,72.58, -> sanding floor (72.6%)
frame_000451_clip,-1.0,10.6672,13.5697,0.0719,24.3711,284,68.63, -> sanding floor (68.6%)
frame_000452_clip,-1.0,11.4728,13.3951,0.0709,25.0009,284,71.46, -> sanding floor (71.5%)
frame_000453_clip,-1.0,11.2812,13.2694,0.0762,24.6908,284,69.67, -> sanding floor (69.7%)
frame_000454_clip,-1.0,10.8267,12.8258,0.0702,23.7853,284,69.9, -> sanding floor (69.9%)
frame_000455_clip,-1.0,10.8167,14.9612,0.0693,25.9088,284,67.85, -> sanding floor (67.9%)
frame_000456_clip,-1.0,10.647,13.3434,0.0719,24.1241,284,72.7, -> sanding floor (72.7%)
frame_000457_clip,-1.0,10.7767,13.4178,0.0723,24.328,284,67.2, -> sanding floor (67.2%)
frame_000458_clip,-1.0,10.692,13.8982,0.0714,24.7248,284,71.42, -> sanding floor (71.4%)
frame_000459_clip,-1.0,10.5764,14.4943,0.0743,25.2084,284,65.86, -> sanding floor (65.9%)
frame_000460_clip,-1.0,10.4329,17.8785,0.1203,28.539,284,71.37, -> sanding floor (71.4%)
frame_000461_clip,-1.0,10.8211,18.0927,0.1299,29.1504,284,66.13, -> sanding floor (66.1%)
frame_000462_clip,-1.0,11.2363,13.3335,0.0713,24.7019,284,78.22, -> sanding floor (78.2%)
frame_000463_clip,-1.0,10.416,14.8383,0.0733,25.3942,284,77.69, -> sanding floor (77.7%)
frame_000464_clip,-1.0,10.903,15.1039,0.0721,26.1419,284,78.1, -> sanding floor (78.1%)
frame_000465_clip,-1.0,10.5807,14.0389,0.0713,24.7529,284,82.05, -> sanding floor (82.0%)
frame_000466_clip,-1.0,10.9338,13.2188,0.0706,24.2847,284,80.03, -> sanding floor (80.0%)
frame_000467_clip,-1.0,10.5526,13.3557,0.0787,24.051,284,82.41, -> sanding floor (82.4%)
frame_000468_clip,-1.0,10.7639,14.8635,0.0719,25.7604,284,85.62, -> sanding floor (85.6%)
frame_000469_clip,-1.0,11.1201,13.318,0.0717,24.5707,284,23.79, -> sanding floor (23.8%)
frame_000470_clip,-1.0,10.8679,15.1361,0.0719,26.1442,284,94.09, -> sanding floor (94.1%)
frame_000471_clip,-1.0,10.7404,12.9506,0.0714,23.8265,284,36.77, -> sanding floor (36.8%)
frame_000472_clip,-1.0,10.878,17.6458,0.1194,28.7479,284,61.47, -> sanding floor (61.5%)
frame_000473_clip,-1.0,10.5802,13.3595,0.0704,24.0797,284,46.83, -> sanding floor (46.8%)
frame_000474_clip,-1.0,10.5189,13.6775,0.0779,24.34,284,36.42, -> sanding floor (36.4%)
frame_000475_clip,-1.0,10.6513,17.3542,0.1216,28.2384,284,44.79, -> sanding floor (44.8%)
frame_000476_clip,-1.0,10.8159,13.4574,0.0717,24.4088,284,36.76, -> sanding floor (36.8%)
frame_000477_clip,-1.0,10.5325,13.3419,0.0706,24.0068,284,36.75, -> sanding floor (36.8%)
frame_000478_clip,-1.0,10.9904,14.2619,0.072,25.3885,284,26.53, -> sanding floor (26.5%)
frame_000479_clip,-1.0,10.648,14.5864,0.0735,25.3713,60,22.16, -> cleaning floor (22.2%)
frame_000480_clip,-1.0,10.6823,15.4475,0.0725,26.2662,284,21.36, -> sanding floor (21.4%)
frame_000481_clip,-1.0,10.6217,17.8678,0.1279,28.7329,60,22.54, -> cleaning floor (22.5%)
frame_000482_clip,-1.0,10.4417,13.5806,0.1183,24.2458,60,16.99, -> cleaning floor (17.0%)
frame_000483_clip,-1.0,10.5107,13.2595,0.0757,23.9103,60,22.24, -> cleaning floor (22.2%)
frame_000484_clip,-1.0,10.6907,13.6558,0.0715,24.4878,60,24.09, -> cleaning floor (24.1%)
frame_000485_clip,-1.0,10.485,14.1331,0.0698,24.7495,60,30.07, -> cleaning floor (30.1%)
frame_000486_clip,-1.0,10.79,13.3307,0.0745,24.2578,60,19.18, -> cleaning floor (19.2%)
frame_000487_clip,-1.0,10.6002,13.5236,0.0737,24.2606,200,20.39, -> moving furniture (20.4%)
frame_000488_clip,-1.0,10.6575,15.1798,0.0687,25.9676,60,14.26, -> cleaning floor (14.3%)
frame_000489_clip,-1.0,10.6955,14.4875,0.0728,25.3187,200,18.78, -> moving furniture (18.8%)
frame_000490_clip,-1.0,10.6813,13.7079,0.0701,24.5228,60,17.22, -> cleaning floor (17.2%)
frame_000491_clip,-1.0,10.5886,14.8675,0.1185,25.6844,60,17.4, -> cleaning floor (17.4%)
frame_000492_clip,-1.0,10.3299,15.4497,0.0715,25.9149,60,13.88, -> cleaning floor (13.9%)
frame_000493_clip,-1.0,10.5469,13.519,0.074,24.2029,60,14.85, -> cleaning floor (14.8%)
frame_000494_clip,-1.0,10.6419,13.3277,0.0703,24.1041,200,11.17, -> moving furniture (11.2%)
frame_000495_clip,-1.0,10.4752,17.5853,0.1205,28.2873,60,12.7, -> cleaning floor (12.7%)
frame_000496_clip,-1.0,10.5813,20.3422,0.1195,31.1483,200,13.24, -> moving furniture (13.2%)
frame_000497_clip,-1.0,10.8048,14.4604,0.0712,25.3982,200,9.72, -> moving furniture (9.7%)
frame_000498_clip,-1.0,10.5043,13.4904,0.0717,24.1282,200,17.04, -> moving furniture (17.0%)
frame_000499_clip,-1.0,10.4286,13.841,0.0713,24.4026,262,10.64, -> pushing cart (10.6%)
frame_000500_clip,-1.0,11.0078,13.2593,0.0736,24.4023,200,15.8, -> moving furniture (15.8%)
frame_000501_clip,-1.0,10.3692,13.271,0.0691,23.771,200,14.78, -> moving furniture (14.8%)
frame_000502_clip,-1.0,10.6669,15.1582,0.07,25.9569,200,16.24, -> moving furniture (16.2%)
frame_000503_clip,-1.0,10.4776,13.5738,0.071,24.1833,262,16.47, -> pushing cart (16.5%)
frame_000504_clip,-1.0,10.7246,13.4413,0.0713,24.3009,200,14.31, -> moving furniture (14.3%)
frame_000505_clip,-1.0,10.6877,13.4949,0.0716,24.3168,262,16.66, -> pushing cart (16.7%)
frame_000506_clip,-1.0,10.3896,13.1055,0.0717,23.6309,200,19.68, -> moving furniture (19.7%)
frame_000507_clip,-1.0,10.6921,13.4541,0.0718,24.2818,262,14.87, -> pushing cart (14.9%)
frame_000508_clip,-1.0,10.5282,13.5063,0.1226,24.2667,200,14.96, -> moving furniture (15.0%)
frame_000509_clip,-1.0,10.3632,13.998,0.0702,24.4933,60,13.16, -> cleaning floor (13.2%)
frame_000510_clip,-1.0,10.9095,14.777,0.0733,25.8208,200,14.52, -> moving furniture (14.5%)
frame_000511_clip,-1.0,10.9387,13.927,0.0772,25.0088,60,23.93, -> cleaning floor (23.9%)
frame_000512_clip,-1.0,10.3849,13.647,0.1265,24.2641,60,19.24, -> cleaning floor (19.2%)
frame_000513_clip,-1.0,10.9124,13.2385,0.0737,24.2865,60,24.07, -> cleaning floor (24.1%)
frame_000514_clip,-1.0,10.6455,18.2868,0.1205,29.1612,60,14.37, -> cleaning floor (14.4%)
frame_000515_clip,-1.0,11.0762,14.6118,0.0732,25.8241,60,29.8, -> cleaning floor (29.8%)
frame_000516_clip,-1.0,10.7477,13.6071,0.1195,24.5835,60,22.26, -> cleaning floor (22.3%)
frame_000517_clip,-1.0,10.8339,13.4127,0.0728,24.3885,60,27.03, -> cleaning floor (27.0%)
frame_000518_clip,-1.0,10.6556,13.5158,0.0684,24.2994,60,24.85, -> cleaning floor (24.8%)
frame_000519_clip,-1.0,10.6082,13.4351,0.07,24.1769,60,25.93, -> cleaning floor (25.9%)
frame_000520_clip,-1.0,10.3301,13.292,0.0707,23.7545,60,26.66, -> cleaning floor (26.7%)
frame_000521_clip,-1.0,10.7419,13.3636,0.068,24.2379,60,24.82, -> cleaning floor (24.8%)
frame_000522_clip,-1.0,10.6589,13.4883,0.0674,24.274,60,20.7, -> cleaning floor (20.7%)
frame_000523_clip,-1.0,10.9933,13.5451,0.069,24.6716,284,25.69, -> sanding floor (25.7%)
frame_000524_clip,-1.0,10.7827,13.2852,0.0679,24.1981,284,32.95, -> sanding floor (32.9%)
frame_000525_clip,-1.0,10.5554,13.8521,0.1176,24.6285,284,40.23, -> sanding floor (40.2%)
frame_000526_clip,-1.0,10.5977,13.1784,0.0694,23.9072,60,24.29, -> cleaning floor (24.3%)
frame_000527_clip,-1.0,10.8454,13.4563,0.0719,24.4378,284,28.95, -> sanding floor (28.9%)
frame_000528_clip,-1.0,10.5961,16.7173,0.0713,27.4477,284,13.85, -> sanding floor (13.8%)
frame_000529_clip,-1.0,11.1083,12.8393,0.0704,24.0812,284,68.63, -> sanding floor (68.6%)
frame_000530_clip,-1.0,10.662,13.4558,0.0685,24.2493,284,94.31, -> sanding floor (94.3%)
frame_000531_clip,-1.0,10.8432,13.5836,0.0703,24.5599,284,94.58, -> sanding floor (94.6%)
frame_000532_clip,-1.0,11.1256,13.5299,0.0804,24.7987,284,98.42, -> sanding floor (98.4%)
frame_000533_clip,-1.0,10.6394,13.5299,0.0743,24.3077,284,90.89, -> sanding floor (90.9%)
frame_000534_clip,-1.0,10.4749,18.3054,0.1185,29.0065,284,94.55, -> sanding floor (94.6%)
frame_000535_clip,-1.0,10.4479,14.9764,0.0704,25.559,284,81.51, -> sanding floor (81.5%)
frame_000536_clip,-1.0,10.7223,13.3841,0.0689,24.2396,284,91.67, -> sanding floor (91.7%)
frame_000537_clip,-1.0,10.618,14.0911,0.0703,24.8437,284,70.47, -> sanding floor (70.5%)
frame_000538_clip,-1.0,11.1171,14.0742,0.072,25.3305,284,82.18, -> sanding floor (82.2%)
frame_000539_clip,-1.0,10.3352,13.8651,0.0683,24.3315,284,81.44, -> sanding floor (81.4%)
frame_000540_clip,-1.0,10.7686,13.503,0.072,24.4077,284,81.95, -> sanding floor (81.9%)
frame_000541_clip,-1.0,10.9073,13.5303,0.07,24.5702,284,67.67, -> sanding floor (67.7%)
frame_000542_clip,-1.0,11.3,13.6734,0.071,25.1068,284,77.65, -> sanding floor (77.7%)
frame_000543_clip,-1.0,10.6285,13.5383,0.0739,24.305,284,70.65, -> sanding floor (70.6%)
frame_000544_clip,-1.0,10.9982,13.7074,0.1272,24.9432,284,55.63, -> sanding floor (55.6%)
frame_000545_clip,-1.0,10.7372,13.3801,0.0768,24.2579,284,38.45, -> sanding floor (38.4%)
frame_000546_clip,-1.0,11.2224,13.4737,0.0729,24.8327,284,32.41, -> sanding floor (32.4%)
frame_000547_clip,-1.0,10.862,13.5032,0.0724,24.4995,284,40.48, -> sanding floor (40.5%)
frame_000548_clip,-1.0,11.4423,13.5006,0.0723,25.0827,284,33.96, -> sanding floor (34.0%)
frame_000549_clip,-1.0,10.5472,13.4329,0.0698,24.1127,284,43.67, -> sanding floor (43.7%)
frame_000550_clip,-1.0,11.3844,13.5035,0.0753,25.0268,284,69.66, -> sanding floor (69.7%)
frame_000551_clip,-1.0,10.6493,13.9528,0.0693,24.7351,284,68.27, -> sanding floor (68.3%)
frame_000552_clip,-1.0,11.1555,13.3471,0.0721,24.6394,284,26.22, -> sanding floor (26.2%)
frame_000553_clip,-1.0,10.655,13.2856,0.0719,24.074,284,30.55, -> sanding floor (30.6%)
frame_000554_clip,-1.0,11.1506,15.549,0.073,26.8365,60,25.8, -> cleaning floor (25.8%)
frame_000555_clip,-1.0,10.5961,15.2707,0.0738,26.0024,284,66.57, -> sanding floor (66.6%)
frame_000556_clip,-1.0,10.7008,13.4121,0.0706,24.2467,284,77.83, -> sanding floor (77.8%)
frame_000557_clip,-1.0,10.5185,13.4599,0.0702,24.1116,34,12.17, -> breakdancing (12.2%)
frame_000558_clip,-1.0,11.1966,14.473,0.0717,25.8055,157,40.63, -> hoverboarding (40.6%)
frame_000559_clip,-1.0,10.7361,15.8202,0.1214,26.7891,60,72.79, -> cleaning floor (72.8%)
frame_000560_clip,-1.0,11.0533,13.834,0.0719,25.0218,284,64.04, -> sanding floor (64.0%)
frame_000561_clip,-1.0,10.644,13.158,0.0699,23.9365,284,46.13, -> sanding floor (46.1%)
frame_000562_clip,-1.0,11.4149,13.1546,0.0702,24.7093,284,55.83, -> sanding floor (55.8%)
frame_000563_clip,-1.0,10.7306,13.8221,0.0701,24.6848,60,19.59, -> cleaning floor (19.6%)
frame_000564_clip,-1.0,11.2766,13.5024,0.0684,24.9105,134,30.17, -> front raises (30.2%)
frame_000565_clip,-1.0,10.7346,13.4927,0.0701,24.3579,134,42.05, -> front raises (42.1%)
frame_000566_clip,-1.0,11.3643,13.5382,0.0728,25.0405,134,27.03, -> front raises (27.0%)
frame_000567_clip,-1.0,10.8808,13.3327,0.0708,24.3492,134,46.55, -> front raises (46.6%)
frame_000568_clip,-1.0,11.1657,13.4585,0.1183,24.8568,134,59.28, -> front raises (59.3%)
frame_000569_clip,-1.0,10.8844,13.5321,0.075,24.5546,134,49.25, -> front raises (49.3%)
frame_000570_clip,-1.0,11.0329,13.2335,0.073,24.4027,134,55.51, -> front raises (55.5%)
frame_000571_clip,-1.0,10.9364,13.2056,0.0706,24.2746,134,47.05, -> front raises (47.1%)
frame_000572_clip,-1.0,11.3177,13.3966,0.0706,24.8469,134,48.84, -> front raises (48.8%)
frame_000573_clip,-1.0,10.5868,13.2142,0.0711,23.9348,134,57.52, -> front raises (57.5%)
frame_000574_clip,-1.0,10.9025,15.1849,0.0706,26.222,134,64.94, -> front raises (64.9%)
frame_000575_clip,-1.0,10.4029,13.4102,0.0798,23.9604,134,67.87, -> front raises (67.9%)
frame_000576_clip,-1.0,11.2291,13.2786,0.0736,24.6459,134,68.74, -> front raises (68.7%)
frame_000577_clip,-1.0,10.5946,13.2366,0.0685,24.0134,134,67.91, -> front raises (67.9%)
frame_000578_clip,-1.0,10.9276,13.3034,0.0715,24.3674,134,72.35, -> front raises (72.4%)
frame_000579_clip,-1.0,10.7671,13.9606,0.0721,24.862,134,68.55, -> front raises (68.5%)
frame_000580_clip,-1.0,11.1522,13.237,0.0723,24.5231,134,61.48, -> front raises (61.5%)
frame_000581_clip,-1.0,10.6401,13.2036,0.0753,23.9806,134,42.47, -> front raises (42.5%)
frame_000582_clip,-1.0,10.6167,13.3421,0.0727,24.0961,281,74.48, -> running on treadmill (74.5%)
frame_000583_clip,-1.0,10.2698,13.5081,0.0761,23.9205,281,75.88, -> running on treadmill (75.9%)
frame_000584_clip,-1.0,11.0207,13.4133,0.0699,24.5671,281,74.01, -> running on treadmill (74.0%)
frame_000585_clip,-1.0,10.7184,15.4804,0.0731,26.3336,281,71.93, -> running on treadmill (71.9%)
frame_000586_clip,-1.0,11.1657,13.381,0.0759,24.6851,281,64.31, -> running on treadmill (64.3%)
frame_000587_clip,-1.0,10.6811,13.2738,0.07,24.0874,281,88.37, -> running on treadmill (88.4%)
frame_000588_clip,-1.0,11.1539,17.5327,0.1234,28.9259,281,41.57, -> running on treadmill (41.6%)
frame_000589_clip,-1.0,10.6293,13.0878,0.0723,23.8516,281,63.46, -> running on treadmill (63.5%)
frame_000590_clip,-1.0,11.2284,13.3259,0.0727,24.6921,281,57.46, -> running on treadmill (57.5%)
frame_000591_clip,-1.0,10.7988,13.1676,0.0686,24.099,281,34.25, -> running on treadmill (34.3%)
frame_000592_clip,-1.0,11.1829,13.3962,0.0748,24.7181,373,19.98, -> using computer (20.0%)
frame_000593_clip,-1.0,10.6361,13.4019,0.0698,24.171,281,39.56, -> running on treadmill (39.6%)
frame_000594_clip,-1.0,10.3133,12.9638,0.0677,23.4088,281,32.81, -> running on treadmill (32.8%)
frame_000595_clip,-1.0,10.2568,17.6098,0.1256,28.0987,373,33.35, -> using computer (33.3%)
frame_000596_clip,-1.0,10.4503,14.0214,0.0715,24.6063,281,15.06, -> running on treadmill (15.1%)
frame_000597_clip,-1.0,10.5923,18.7756,0.1323,29.6079,241,38.28, -> playing piano (38.3%)
frame_000598_clip,-1.0,10.7169,12.9301,0.0692,23.7787,373,21.79, -> using computer (21.8%)
frame_000599_clip,-1.0,10.6177,13.8165,0.1183,24.6588,241,48.31, -> playing piano (48.3%)
frame_000600_clip,-1.0,10.8774,13.3783,0.0715,24.3896,241,31.14, -> playing piano (31.1%)
frame_000601_clip,-1.0,10.7694,13.1072,0.0675,24.0067,373,23.76, -> using computer (23.8%)
frame_000602_clip,-1.0,10.6301,16.8932,0.0708,27.6569,281,32.68, -> running on treadmill (32.7%)
frame_000603_clip,-1.0,10.8278,13.4811,0.0727,24.4436,281,26.43, -> running on treadmill (26.4%)
frame_000604_clip,-1.0,10.5124,13.1903,0.0677,23.8321,281,39.35, -> running on treadmill (39.4%)
frame_000605_clip,-1.0,10.6342,15.4884,0.1232,26.3547,281,54.4, -> running on treadmill (54.4%)
frame_000606_clip,-1.0,10.9931,13.2612,0.0668,24.3838,373,11.69, -> using computer (11.7%)
frame_000607_clip,-1.0,10.8531,13.2612,0.0684,24.2448,138,37.18, -> getting a haircut (37.2%)
frame_000608_clip,-1.0,10.7837,13.4151,0.0696,24.3298,91,18.05, -> dining (18.1%)
frame_000609_clip,-1.0,10.5117,13.3597,0.0693,24.0044,138,48.82, -> getting a haircut (48.8%)
frame_000610_clip,-1.0,10.3994,15.1783,0.073,25.7141,138,17.68, -> getting a haircut (17.7%)
frame_000611_clip,-1.0,10.7053,15.7262,0.0717,26.5677,138,74.18, -> getting a haircut (74.2%)
frame_000612_clip,-1.0,10.5705,18.2176,0.12,29.0168,262,23.78, -> pushing cart (23.8%)
frame_000613_clip,-1.0,10.5871,13.205,0.0723,23.9288,138,30.21, -> getting a haircut (30.2%)
frame_000614_clip,-1.0,10.3847,12.9122,0.0704,23.4298,175,43.38, -> kicking soccer ball (43.4%)
frame_000615_clip,-1.0,10.3988,14.8774,0.0724,25.4114,138,56.93, -> getting a haircut (56.9%)
frame_000616_clip,-1.0,10.9192,15.9882,0.0702,27.0408,138,21.32, -> getting a haircut (21.3%)
frame_000617_clip,-1.0,10.6696,13.4131,0.0703,24.2135,138,61.67, -> getting a haircut (61.7%)
frame_000618_clip,-1.0,10.762,15.1915,0.0689,26.0861,138,33.11, -> getting a haircut (33.1%)
frame_000619_clip,-1.0,10.6052,13.136,0.0703,23.8744,183,7.83, -> lunge (7.8%)
frame_000620_clip,-1.0,10.6928,14.2188,0.0712,25.0453,138,35.06, -> getting a haircut (35.1%)
frame_000621_clip,-1.0,10.5589,13.5103,0.0721,24.2037,183,25.69, -> lunge (25.7%)
frame_000622_clip,-1.0,10.5941,13.8017,0.0699,24.5303,284,9.12, -> sanding floor (9.1%)
frame_000623_clip,-1.0,10.7925,13.3702,0.0699,24.2956,200,9.71, -> moving furniture (9.7%)
frame_000624_clip,-1.0,10.8082,13.4464,0.0714,24.3896,333,10.13, -> stretching arm (10.1%)
frame_000625_clip,-1.0,10.5647,13.3638,0.0738,24.0652,333,10.49, -> stretching arm (10.5%)
frame_000626_clip,-1.0,10.691,12.9632,0.0737,23.7894,183,21.53, -> lunge (21.5%)
frame_000627_clip,-1.0,10.8089,13.1835,0.0732,24.1303,183,18.67, -> lunge (18.7%)
frame_000628_clip,-1.0,10.4258,13.2842,0.0723,23.8441,183,9.73, -> lunge (9.7%)
frame_000629_clip,-1.0,10.9337,13.3774,0.0719,24.4447,333,10.86, -> stretching arm (10.9%)
frame_000630_clip,-1.0,11.1073,13.4663,0.073,24.7118,374,9.74, -> using remote controller (not gaming) (9.7%)
frame_000631_clip,-1.0,11.0963,13.262,0.0771,24.4979,333,12.03, -> stretching arm (12.0%)
frame_000632_clip,-1.0,10.9119,13.2574,0.0716,24.3035,333,11.66, -> stretching arm (11.7%)
frame_000633_clip,-1.0,11.2144,13.5204,0.07,24.8691,200,6.62, -> moving furniture (6.6%)
frame_000634_clip,-1.0,13.2508,13.6721,0.072,27.0597,374,10.71, -> using remote controller (not gaming) (10.7%)
frame_000635_clip,-1.0,10.7554,13.3128,0.0705,24.2026,200,7.48, -> moving furniture (7.5%)
frame_000636_clip,-1.0,15.4903,15.8649,0.1188,31.5838,374,11.92, -> using remote controller (not gaming) (11.9%)
frame_000637_clip,-1.0,10.6652,13.1439,0.0713,23.9439,374,18.67, -> using remote controller (not gaming) (18.7%)
frame_000638_clip,-1.0,15.1107,13.348,0.0705,28.5939,275,66.4, -> riding unicycle (66.4%)
frame_000639_clip,-1.0,10.6851,13.5867,0.1206,24.4986,374,94.93, -> using remote controller (not gaming) (94.9%)
frame_000640_clip,-1.0,14.3618,13.3981,0.074,27.898,374,98.81, -> using remote controller (not gaming) (98.8%)
frame_000641_clip,-1.0,10.4873,13.378,0.1195,24.0989,374,93.42, -> using remote controller (not gaming) (93.4%)
frame_000642_clip,-1.0,14.5061,13.5087,0.0739,28.1543,374,99.88, -> using remote controller (not gaming) (99.9%)
frame_000643_clip,-1.0,10.4325,13.3638,0.075,23.936,374,99.87, -> using remote controller (not gaming) (99.9%)
frame_000644_clip,-1.0,14.777,15.2706,0.072,30.1856,374,99.74, -> using remote controller (not gaming) (99.7%)
frame_000645_clip,-1.0,14.3283,14.2739,0.0725,28.7424,374,99.67, -> using remote controller (not gaming) (99.7%)
frame_000646_clip,-1.0,13.6834,13.3202,0.0703,27.1372,374,99.45, -> using remote controller (not gaming) (99.5%)
frame_000647_clip,-1.0,10.9552,13.4324,0.0701,24.5211,374,99.52, -> using remote controller (not gaming) (99.5%)
frame_000648_clip,-1.0,10.2256,13.1172,0.0706,23.4758,374,99.08, -> using remote controller (not gaming) (99.1%)
frame_000649_clip,-1.0,10.9806,15.267,0.0726,26.3832,374,99.93, -> using remote controller (not gaming) (99.9%)
frame_000650_clip,-1.0,10.678,12.9727,0.069,23.7836,374,99.56, -> using remote controller (not gaming) (99.6%)
frame_000651_clip,-1.0,10.818,15.9555,0.0718,26.9088,374,99.91, -> using remote controller (not gaming) (99.9%)
frame_000652_clip,-1.0,10.8938,13.5092,0.0775,24.5445,374,99.29, -> using remote controller (not gaming) (99.3%)
frame_000653_clip,-1.0,10.7634,13.5447,0.0718,24.4423,374,99.91, -> using remote controller (not gaming) (99.9%)
frame_000654_clip,-1.0,10.7891,14.396,0.072,25.3201,374,98.75, -> using remote controller (not gaming) (98.8%)
frame_000655_clip,-1.0,12.8571,13.5047,0.121,26.5722,374,99.73, -> using remote controller (not gaming) (99.7%)
frame_000656_clip,-1.0,10.7861,12.932,0.0731,23.8553,374,99.55, -> using remote controller (not gaming) (99.5%)
frame_000657_clip,-1.0,10.7103,15.6144,0.0729,26.4611,374,99.45, -> using remote controller (not gaming) (99.4%)
frame_000658_clip,-1.0,10.5307,14.1244,0.1247,24.8926,374,99.9, -> using remote controller (not gaming) (99.9%)
frame_000659_clip,-1.0,10.994,13.2203,0.0734,24.352,374,99.76, -> using remote controller (not gaming) (99.8%)
frame_000660_clip,-1.0,10.5772,14.7207,0.0718,25.4329,374,99.88, -> using remote controller (not gaming) (99.9%)
frame_000661_clip,-1.0,10.9221,13.8118,0.0683,24.8664,374,99.58, -> using remote controller (not gaming) (99.6%)
frame_000662_clip,-1.0,10.5665,14.1866,0.0689,24.892,374,99.85, -> using remote controller (not gaming) (99.9%)
frame_000663_clip,-1.0,10.744,13.2525,0.0696,24.1282,374,98.8, -> using remote controller (not gaming) (98.8%)
frame_000664_clip,-1.0,10.6875,13.1987,0.0702,24.0202,374,91.36, -> using remote controller (not gaming) (91.4%)
frame_000665_clip,-1.0,10.7056,13.3224,0.0754,24.1686,374,61.8, -> using remote controller (not gaming) (61.8%)
frame_000666_clip,-1.0,10.783,15.554,0.0696,26.4765,374,96.59, -> using remote controller (not gaming) (96.6%)
frame_000667_clip,-1.0,11.1427,13.2574,0.0693,24.5337,374,92.84, -> using remote controller (not gaming) (92.8%)
frame_000668_clip,-1.0,12.9358,15.5347,0.0682,28.6028,374,98.54, -> using remote controller (not gaming) (98.5%)
frame_000669_clip,-1.0,10.4716,13.4537,0.1174,24.1468,374,99.45, -> using remote controller (not gaming) (99.4%)
frame_000670_clip,-1.0,10.3297,12.8254,0.07,23.294,374,98.14, -> using remote controller (not gaming) (98.1%)
frame_000671_clip,-1.0,10.3306,13.0178,0.0701,23.4824,374,99.47, -> using remote controller (not gaming) (99.5%)
frame_000672_clip,-1.0,10.0315,16.2068,0.0708,26.372,374,99.65, -> using remote controller (not gaming) (99.6%)
frame_000673_clip,-1.0,10.3674,12.9672,0.0707,23.4701,374,99.01, -> using remote controller (not gaming) (99.0%)
frame_000674_clip,-1.0,10.3926,12.877,0.0692,23.4027,374,99.87, -> using remote controller (not gaming) (99.9%)
frame_000675_clip,-1.0,10.9752,13.721,0.0739,24.8341,374,99.69, -> using remote controller (not gaming) (99.7%)
frame_000676_clip,-1.0,10.5961,18.0208,0.1247,28.8489,374,99.95, -> using remote controller (not gaming) (99.9%)
frame_000677_clip,-1.0,10.9254,13.0012,0.0692,24.0607,374,99.96, -> using remote controller (not gaming) (100.0%)
frame_000678_clip,-1.0,10.8936,12.9976,0.0721,24.0257,374,99.87, -> using remote controller (not gaming) (99.9%)
frame_000679_clip,-1.0,10.4076,13.0602,0.0706,23.6023,374,99.94, -> using remote controller (not gaming) (99.9%)
frame_000680_clip,-1.0,10.3667,13.0863,0.0711,23.5888,374,99.67, -> using remote controller (not gaming) (99.7%)
frame_000681_clip,-1.0,10.4225,13.2177,0.0734,23.7743,374,99.95, -> using remote controller (not gaming) (100.0%)
frame_000682_clip,-1.0,10.9483,13.0792,0.0748,24.1695,374,99.8, -> using remote controller (not gaming) (99.8%)
frame_000683_clip,-1.0,10.3606,13.3867,0.0751,23.8879,374,99.94, -> using remote controller (not gaming) (99.9%)
frame_000684_clip,-1.0,10.6385,13.0237,0.0686,23.7977,374,99.75, -> using remote controller (not gaming) (99.7%)
frame_000685_clip,-1.0,10.4969,12.9413,0.0738,23.5751,374,99.88, -> using remote controller (not gaming) (99.9%)
frame_000686_clip,-1.0,10.3844,12.7406,0.0704,23.2588,374,99.52, -> using remote controller (not gaming) (99.5%)
frame_000687_clip,-1.0,10.4122,13.3243,0.0703,23.869,374,99.84, -> using remote controller (not gaming) (99.8%)
frame_000688_clip,-1.0,10.6572,13.2129,0.0763,24.0115,374,99.34, -> using remote controller (not gaming) (99.3%)
frame_000689_clip,-1.0,10.8766,17.7838,0.0716,28.7972,374,98.59, -> using remote controller (not gaming) (98.6%)
frame_000690_clip,-1.0,11.2046,13.1208,0.0756,24.4656,374,97.6, -> using remote controller (not gaming) (97.6%)
frame_000691_clip,-1.0,10.5627,13.1479,0.0727,23.8448,374,99.42, -> using remote controller (not gaming) (99.4%)
frame_000692_clip,-1.0,10.6141,14.1293,0.1206,24.9737,374,91.61, -> using remote controller (not gaming) (91.6%)
frame_000693_clip,-1.0,10.3865,13.5116,0.0728,24.0351,374,87.99, -> using remote controller (not gaming) (88.0%)
frame_000694_clip,-1.0,10.7948,13.1615,0.0708,24.0915,374,78.89, -> using remote controller (not gaming) (78.9%)
frame_000695_clip,-1.0,10.555,13.0359,0.0694,23.7242,374,74.09, -> using remote controller (not gaming) (74.1%)
frame_000696_clip,-1.0,11.4982,13.1249,0.0718,24.7599,374,53.42, -> using remote controller (not gaming) (53.4%)
frame_000697_clip,-1.0,10.4912,13.0303,0.0704,23.657,374,50.88, -> using remote controller (not gaming) (50.9%)
frame_000698_clip,-1.0,11.0746,13.2067,0.0693,24.4197,119,18.6, -> exercising arm (18.6%)
frame_000699_clip,-1.0,9.9781,13.8151,0.0697,23.9241,119,19.77, -> exercising arm (19.8%)
frame_000700_clip,-1.0,10.8605,13.0682,0.0709,24.0641,119,20.6, -> exercising arm (20.6%)
frame_000701_clip,-1.0,10.8941,13.6437,0.0711,24.6733,119,20.11, -> exercising arm (20.1%)
frame_000702_clip,-1.0,10.4971,13.1859,0.0711,23.8186,119,20.73, -> exercising arm (20.7%)
frame_000703_clip,-1.0,10.8068,13.1849,0.0695,24.1257,119,20.27, -> exercising arm (20.3%)
frame_000704_clip,-1.0,13.149,13.5594,0.073,26.8458,119,19.78, -> exercising arm (19.8%)
frame_000705_clip,-1.0,10.8137,13.4963,0.123,24.5399,119,19.55, -> exercising arm (19.6%)
frame_000706_clip,-1.0,10.8574,12.9576,0.0771,23.9556,119,44.85, -> exercising arm (44.8%)
frame_000707_clip,-1.0,10.4872,13.1915,0.0696,23.8132,374,69.34, -> using remote controller (not gaming) (69.3%)
frame_000708_clip,-1.0,10.7149,13.3238,0.0702,24.1729,374,28.19, -> using remote controller (not gaming) (28.2%)
frame_000709_clip,-1.0,10.61,13.1801,0.0708,23.9264,374,77.77, -> using remote controller (not gaming) (77.8%)
frame_000710_clip,-1.0,10.5811,13.0698,0.0681,23.7835,374,72.17, -> using remote controller (not gaming) (72.2%)
frame_000711_clip,-1.0,10.4265,13.1591,0.0731,23.7234,374,99.5, -> using remote controller (not gaming) (99.5%)
frame_000712_clip,-1.0,12.2888,13.1896,0.0756,25.6197,374,87.95, -> using remote controller (not gaming) (87.9%)
frame_000713_clip,-1.0,10.3632,13.1323,0.123,23.7267,374,99.47, -> using remote controller (not gaming) (99.5%)
frame_000714_clip,-1.0,10.4331,13.4974,0.0705,24.0662,374,93.54, -> using remote controller (not gaming) (93.5%)
frame_000715_clip,-1.0,10.5547,13.7187,0.0709,24.4078,374,99.39, -> using remote controller (not gaming) (99.4%)
frame_000716_clip,-1.0,10.5447,15.0432,0.0707,25.7251,374,98.83, -> using remote controller (not gaming) (98.8%)
frame_000717_clip,-1.0,10.58,13.152,0.0688,23.8651,374,99.95, -> using remote controller (not gaming) (99.9%)
frame_000718_clip,-1.0,14.231,13.2291,0.0715,27.594,374,99.9, -> using remote controller (not gaming) (99.9%)
frame_000719_clip,-1.0,11.0277,13.239,0.0715,24.4014,374,99.95, -> using remote controller (not gaming) (99.9%)
frame_000720_clip,-1.0,10.8642,13.1465,0.0725,24.1514,374,99.95, -> using remote controller (not gaming) (100.0%)
frame_000721_clip,-1.0,10.4496,13.1396,0.0706,23.7228,374,99.88, -> using remote controller (not gaming) (99.9%)
frame_000722_clip,-1.0,10.2436,15.0188,0.07,25.3952,374,99.62, -> using remote controller (not gaming) (99.6%)
frame_000723_clip,-1.0,10.6153,13.2359,0.0717,23.9874,374,99.36, -> using remote controller (not gaming) (99.4%)
frame_000724_clip,-1.0,10.6212,13.1547,0.0744,23.9168,374,98.69, -> using remote controller (not gaming) (98.7%)
frame_000725_clip,-1.0,10.7702,15.3639,0.1204,26.3636,374,99.45, -> using remote controller (not gaming) (99.4%)
frame_000726_clip,-1.0,10.8194,12.9264,0.0712,23.8811,374,99.12, -> using remote controller (not gaming) (99.1%)
frame_000727_clip,-1.0,10.5693,14.1776,0.0669,24.8759,374,96.63, -> using remote controller (not gaming) (96.6%)
frame_000728_clip,-1.0,10.7893,13.7728,0.0714,24.6993,374,85.05, -> using remote controller (not gaming) (85.1%)
frame_000729_clip,-1.0,10.4118,13.0735,0.0728,23.6269,374,74.07, -> using remote controller (not gaming) (74.1%)
frame_000730_clip,-1.0,14.8793,13.06,0.0721,28.0742,374,39.26, -> using remote controller (not gaming) (39.3%)
frame_000731_clip,-1.0,10.5129,15.1764,0.0703,25.823,119,45.5, -> exercising arm (45.5%)
frame_000732_clip,-1.0,10.6708,15.8194,0.0714,26.6255,374,30.36, -> using remote controller (not gaming) (30.4%)
frame_000733_clip,-1.0,10.5891,13.9051,0.0751,24.6324,260,34.26, -> push up (34.3%)
frame_000734_clip,-1.0,10.3727,13.099,0.0693,23.6058,260,49.84, -> push up (49.8%)
frame_000735_clip,-1.0,10.2029,13.3313,0.0735,23.67,260,63.08, -> push up (63.1%)
frame_000736_clip,-1.0,10.7771,13.0842,0.0707,23.9949,260,49.13, -> push up (49.1%)
frame_000737_clip,-1.0,10.5559,13.2447,0.0729,23.9374,260,48.94, -> push up (48.9%)
frame_000738_clip,-1.0,10.4948,13.1928,0.0689,23.8203,260,47.29, -> push up (47.3%)
frame_000739_clip,-1.0,10.6764,12.8725,0.0699,23.6811,260,48.17, -> push up (48.2%)
frame_000740_clip,-1.0,10.3716,13.2175,0.0744,23.7287,260,44.66, -> push up (44.7%)
frame_000741_clip,-1.0,10.1099,13.2693,0.0686,23.5117,260,48.1, -> push up (48.1%)
frame_000742_clip,-1.0,10.8849,13.2204,0.074,24.2437,260,42.38, -> push up (42.4%)
frame_000743_clip,-1.0,10.604,12.9997,0.0754,23.7426,260,44.91, -> push up (44.9%)
frame_000744_clip,-1.0,13.6459,13.1246,0.071,26.9055,260,42.71, -> push up (42.7%)
frame_000745_clip,-1.0,10.5404,13.1858,0.0689,23.8575,260,43.62, -> push up (43.6%)
frame_000746_clip,-1.0,14.6881,12.9594,0.0678,27.7797,260,41.55, -> push up (41.5%)
frame_000747_clip,-1.0,10.3919,13.3168,0.0692,23.8403,260,41.84, -> push up (41.8%)
frame_000748_clip,-1.0,10.7351,13.6902,0.1221,24.6552,260,39.62, -> push up (39.6%)
frame_000749_clip,-1.0,10.2832,13.3561,0.0719,23.7758,260,40.86, -> push up (40.9%)
frame_000750_clip,-1.0,10.6498,12.9974,0.0705,23.7814,260,38.31, -> push up (38.3%)
frame_000751_clip,-1.0,10.5891,16.5278,0.0718,27.2516,260,40.3, -> push up (40.3%)
frame_000752_clip,-1.0,10.5595,15.7241,0.0716,26.4179,260,38.35, -> push up (38.4%)
frame_000753_clip,-1.0,10.4154,13.1298,0.0725,23.6809,260,39.95, -> push up (40.0%)
frame_000754_clip,-1.0,10.3542,13.2337,0.0733,23.7239,260,37.27, -> push up (37.3%)
frame_000755_clip,-1.0,10.6255,16.0762,0.0687,26.8341,260,38.16, -> push up (38.2%)
frame_000756_clip,-1.0,10.4646,14.2476,0.0734,24.849,260,37.04, -> push up (37.0%)
frame_000757_clip,-1.0,10.3681,17.2158,0.0753,27.7222,260,37.23, -> push up (37.2%)
frame_000758_clip,-1.0,10.7417,13.2044,0.0704,24.0813,260,37.02, -> push up (37.0%)
frame_000759_clip,-1.0,10.3103,14.2412,0.0704,24.689,260,36.22, -> push up (36.2%)
frame_000760_clip,-1.0,10.4341,13.1352,0.0698,23.702,260,37.14, -> push up (37.1%)
frame_000761_clip,-1.0,10.6418,13.2866,0.0716,24.0627,260,36.12, -> push up (36.1%)
frame_000762_clip,-1.0,10.4401,14.1049,0.0717,24.6794,260,37.23, -> push up (37.2%)
frame_000763_clip,-1.0,10.1832,13.1293,0.0729,23.4484,260,36.67, -> push up (36.7%)
frame_000764_clip,-1.0,10.6363,13.0713,0.0748,23.8468,260,37.47, -> push up (37.5%)
frame_000765_clip,-1.0,10.2195,13.0118,0.074,23.3687,260,36.7, -> push up (36.7%)
frame_000766_clip,-1.0,10.7849,13.6705,0.0727,24.5918,260,38.3, -> push up (38.3%)
frame_000767_clip,-1.0,10.4328,13.2838,0.0692,23.8479,260,38.09, -> push up (38.1%)
frame_000768_clip,-1.0,10.7461,13.2123,0.1247,24.1939,260,38.56, -> push up (38.6%)
frame_000769_clip,-1.0,10.6549,13.2853,0.073,24.077,260,38.25, -> push up (38.3%)
frame_000770_clip,-1.0,10.7427,13.1382,0.0721,24.0172,260,37.92, -> push up (37.9%)
frame_000771_clip,-1.0,10.12,13.2414,0.0707,23.4954,260,38.05, -> push up (38.0%)
frame_000772_clip,-1.0,10.8543,13.2454,0.0722,24.2356,260,37.99, -> push up (38.0%)
frame_000773_clip,-1.0,10.4648,13.0363,0.0757,23.6387,260,39.06, -> push up (39.1%)
frame_000774_clip,-1.0,10.7973,13.145,0.07,24.0765,260,38.15, -> push up (38.1%)
frame_000775_clip,-1.0,10.5757,13.2651,0.1179,24.067,260,37.9, -> push up (37.9%)
frame_000776_clip,-1.0,11.1164,13.1988,0.0703,24.4496,260,37.82, -> push up (37.8%)
frame_000777_clip,-1.0,10.2676,13.2138,0.0746,23.62,260,38.82, -> push up (38.8%)
frame_000778_clip,-1.0,19.5787,13.2511,0.0723,32.9662,260,37.74, -> push up (37.7%)
frame_000779_clip,-1.0,10.0886,14.4548,0.0716,24.6762,260,38.38, -> push up (38.4%)
frame_000780_clip,-1.0,14.7662,13.2983,0.0699,28.2028,260,37.64, -> push up (37.6%)
frame_000781_clip,-1.0,14.3492,13.1209,0.0723,27.6081,260,37.54, -> push up (37.5%)
frame_000782_clip,-1.0,13.5401,15.6587,0.0706,29.3331,260,36.94, -> push up (36.9%)
frame_000783_clip,-1.0,10.438,13.3277,0.0754,23.9047,260,37.65, -> push up (37.6%)
frame_000784_clip,-1.0,14.0186,13.2937,0.0747,27.4507,260,37.29, -> push up (37.3%)
frame_000785_clip,-1.0,13.9536,14.0186,0.0716,28.1068,260,37.54, -> push up (37.5%)
frame_000786_clip,-1.0,12.4262,13.1518,0.0707,25.7116,260,37.8, -> push up (37.8%)
frame_000787_clip,-1.0,10.3134,14.0431,0.0741,24.492,260,37.11, -> push up (37.1%)
frame_000788_clip,-1.0,17.2789,13.449,0.0727,30.8652,260,37.46, -> push up (37.5%)
frame_000789_clip,-1.0,10.2479,13.4215,0.0739,23.8074,260,36.89, -> push up (36.9%)
frame_000790_clip,-1.0,15.4764,13.3902,0.0701,29.001,260,37.22, -> push up (37.2%)
frame_000791_clip,-1.0,14.5123,13.1417,0.0693,27.7854,260,36.35, -> push up (36.3%)
frame_000792_clip,-1.0,14.3365,14.5794,0.0717,29.051,260,36.51, -> push up (36.5%)
frame_000793_clip,-1.0,10.5122,13.5308,0.0855,24.1989,260,35.45, -> push up (35.5%)
frame_000794_clip,-1.0,22.8633,13.3661,0.0872,36.3592,260,33.7, -> push up (33.7%)
frame_000795_clip,-1.0,13.4989,15.297,0.0731,28.9291,333,29.89, -> stretching arm (29.9%)
frame_000796_clip,-1.0,17.0676,18.349,0.0718,35.5483,333,29.55, -> stretching arm (29.6%)
frame_000797_clip,-1.0,10.1517,15.4619,0.0711,25.7473,333,29.68, -> stretching arm (29.7%)
frame_000798_clip,-1.0,10.7652,13.8542,0.0725,24.7517,333,29.54, -> stretching arm (29.5%)
frame_000799_clip,-1.0,13.7673,15.3937,0.0715,29.2931,333,30.01, -> stretching arm (30.0%)
frame_000800_clip,-1.0,11.0675,14.6344,0.0717,25.8347,333,29.68, -> stretching arm (29.7%)
frame_000801_clip,-1.0,10.4801,17.4314,0.1199,28.1431,333,29.82, -> stretching arm (29.8%)
frame_000802_clip,-1.0,11.208,12.9991,0.0711,24.3405,333,29.26, -> stretching arm (29.3%)
frame_000803_clip,-1.0,10.6249,13.162,0.0732,23.9212,333,29.2, -> stretching arm (29.2%)
frame_000804_clip,-1.0,10.4125,15.4994,0.071,26.0462,333,28.45, -> stretching arm (28.5%)
frame_000805_clip,-1.0,10.3503,13.1233,0.0701,23.6091,333,28.67, -> stretching arm (28.7%)
frame_000806_clip,-1.0,15.9694,13.1113,0.0718,29.215,333,28.11, -> stretching arm (28.1%)
frame_000807_clip,-1.0,10.5082,13.1853,0.0733,23.8263,333,28.37, -> stretching arm (28.4%)
frame_000808_clip,-1.0,11.2811,13.0355,0.0749,24.4545,333,28.12, -> stretching arm (28.1%)
frame_000809_clip,-1.0,10.7689,14.7112,0.0731,25.6152,333,28.68, -> stretching arm (28.7%)
frame_000810_clip,-1.0,14.6667,13.0486,0.0737,27.8514,333,28.4, -> stretching arm (28.4%)
frame_000811_clip,-1.0,10.4862,13.3077,0.0709,23.9257,333,28.56, -> stretching arm (28.6%)
frame_000812_clip,-1.0,13.472,13.4151,0.0741,27.0254,333,28.14, -> stretching arm (28.1%)
frame_000813_clip,-1.0,10.2903,13.1133,0.072,23.5394,333,28.12, -> stretching arm (28.1%)
frame_000814_clip,-1.0,14.4483,13.2277,0.0733,27.8115,333,27.76, -> stretching arm (27.8%)
frame_000815_clip,-1.0,10.3322,12.9957,0.0721,23.4622,333,27.77, -> stretching arm (27.8%)
frame_000816_clip,-1.0,13.1888,13.1629,0.0694,26.4842,333,27.25, -> stretching arm (27.3%)
frame_000817_clip,-1.0,13.3337,12.9019,0.0721,26.3692,333,27.46, -> stretching arm (27.5%)
frame_000818_clip,-1.0,12.5788,12.9568,0.0748,25.6731,333,27.25, -> stretching arm (27.3%)
frame_000819_clip,-1.0,10.2157,13.003,0.0748,23.3563,333,27.37, -> stretching arm (27.4%)
frame_000820_clip,-1.0,10.084,16.5583,0.0735,26.777,333,27.15, -> stretching arm (27.2%)
frame_000821_clip,-1.0,10.6848,14.0776,0.0727,24.8975,333,27.12, -> stretching arm (27.1%)
frame_000822_clip,-1.0,14.3691,12.8858,0.07,27.3864,333,27.24, -> stretching arm (27.2%)
frame_000823_clip,-1.0,10.411,12.9834,0.0725,23.5294,333,27.23, -> stretching arm (27.2%)
frame_000824_clip,-1.0,10.8156,16.3951,0.0714,27.3434,333,26.92, -> stretching arm (26.9%)
frame_000825_clip,-1.0,10.4176,13.3186,0.072,23.8701,333,26.84, -> stretching arm (26.8%)
frame_000826_clip,-1.0,12.5485,18.0885,0.0727,30.7738,333,26.65, -> stretching arm (26.7%)
frame_000827_clip,-1.0,10.1148,13.1347,0.0715,23.3854,333,26.62, -> stretching arm (26.6%)
frame_000828_clip,-1.0,13.0357,12.8282,0.0686,25.9967,333,26.19, -> stretching arm (26.2%)
frame_000829_clip,-1.0,10.2187,14.8687,0.0726,25.2239,333,26.63, -> stretching arm (26.6%)
frame_000830_clip,-1.0,13.3952,13.0526,0.0709,26.5809,333,26.56, -> stretching arm (26.6%)
frame_000831_clip,-1.0,10.2822,13.0616,0.0711,23.4792,333,26.62, -> stretching arm (26.6%)
frame_000832_clip,-1.0,10.857,13.0426,0.0723,24.0353,333,26.49, -> stretching arm (26.5%)
frame_000833_clip,-1.0,9.9821,12.869,0.0753,22.9884,333,27.19, -> stretching arm (27.2%)
frame_000834_clip,-1.0,12.8154,13.1626,0.0734,26.116,333,26.73, -> stretching arm (26.7%)
frame_000835_clip,-1.0,9.9699,13.3139,0.0722,23.4202,333,27.08, -> stretching arm (27.1%)
frame_000836_clip,-1.0,11.3938,13.9943,0.0703,25.5211,333,26.75, -> stretching arm (26.8%)
frame_000837_clip,-1.0,12.1907,13.015,0.0717,25.3416,333,27.33, -> stretching arm (27.3%)
frame_000838_clip,-1.0,12.88,16.7992,0.0734,29.8163,333,26.76, -> stretching arm (26.8%)
frame_000839_clip,-1.0,10.0158,17.8604,0.1225,28.1117,333,27.65, -> stretching arm (27.7%)
frame_000840_clip,-1.0,10.4462,12.8208,0.0693,23.3989,333,27.14, -> stretching arm (27.1%)
frame_000841_clip,-1.0,10.434,13.074,0.0757,23.6483,333,27.93, -> stretching arm (27.9%)
frame_000842_clip,-1.0,14.3826,14.2743,0.0708,28.7916,333,27.7, -> stretching arm (27.7%)
frame_000843_clip,-1.0,12.4333,13.178,0.0718,25.7455,333,28.3, -> stretching arm (28.3%)
frame_000844_clip,-1.0,13.2625,13.0488,0.0734,26.4463,333,27.9, -> stretching arm (27.9%)
frame_000845_clip,-1.0,10.7773,13.0333,0.0726,23.9439,333,28.5, -> stretching arm (28.5%)
frame_000846_clip,-1.0,18.1668,13.4909,0.0689,31.7896,333,28.13, -> stretching arm (28.1%)
frame_000847_clip,-1.0,10.8636,13.4276,0.071,24.4242,333,28.37, -> stretching arm (28.4%)
frame_000848_clip,-1.0,14.9399,13.4014,0.0736,28.4784,333,27.97, -> stretching arm (28.0%)
frame_000849_clip,-1.0,10.8591,13.6351,0.0729,24.6321,333,28.72, -> stretching arm (28.7%)
frame_000850_clip,-1.0,12.7736,16.9392,0.1187,29.9403,333,28.4, -> stretching arm (28.4%)
frame_000851_clip,-1.0,10.5986,13.7335,0.0673,24.4619,333,28.73, -> stretching arm (28.7%)
frame_000852_clip,-1.0,12.0383,15.1337,0.0737,27.3106,333,29.06, -> stretching arm (29.1%)
frame_000853_clip,-1.0,11.3946,17.5676,0.1242,29.1955,333,28.75, -> stretching arm (28.8%)
frame_000854_clip,-1.0,14.5715,14.3595,0.0725,29.0676,333,28.99, -> stretching arm (29.0%)
frame_000855_clip,-1.0,10.7514,13.1911,0.0701,24.0748,333,28.55, -> stretching arm (28.6%)
frame_000856_clip,-1.0,16.1269,13.3626,0.0735,29.633,333,28.6, -> stretching arm (28.6%)
frame_000857_clip,-1.0,11.2376,13.2506,0.069,24.621,333,28.38, -> stretching arm (28.4%)
frame_000858_clip,-1.0,12.0211,13.1955,0.0712,25.3505,333,28.48, -> stretching arm (28.5%)
frame_000859_clip,-1.0,11.1348,16.4852,0.0709,27.7873,333,28.25, -> stretching arm (28.3%)
frame_000860_clip,-1.0,16.0443,13.9431,0.0737,30.1279,333,28.71, -> stretching arm (28.7%)
frame_000861_clip,-1.0,11.347,13.1809,0.0744,24.6669,333,28.31, -> stretching arm (28.3%)
frame_000862_clip,-1.0,15.0356,13.2758,0.0755,28.4517,333,28.33, -> stretching arm (28.3%)
frame_000863_clip,-1.0,11.3079,13.2011,0.0705,24.6417,333,28.01, -> stretching arm (28.0%)
frame_000864_clip,-1.0,14.6719,13.2787,0.0757,28.0907,333,28.13, -> stretching arm (28.1%)
frame_000865_clip,-1.0,10.9045,13.2068,0.0698,24.2431,333,27.77, -> stretching arm (27.8%)
frame_000866_clip,-1.0,13.7535,13.5152,0.0694,27.402,333,27.92, -> stretching arm (27.9%)
frame_000867_clip,-1.0,10.8344,13.1497,0.0716,24.1167,333,27.8, -> stretching arm (27.8%)
frame_000868_clip,-1.0,17.1218,13.0899,0.068,30.3445,333,27.88, -> stretching arm (27.9%)
frame_000869_clip,-1.0,10.7548,13.3561,0.0689,24.2404,333,27.95, -> stretching arm (27.9%)
frame_000870_clip,-1.0,13.5382,15.5047,0.0674,29.1754,333,27.94, -> stretching arm (27.9%)
frame_000871_clip,-1.0,10.6631,13.2556,0.0689,24.0517,333,28.0, -> stretching arm (28.0%)
frame_000872_clip,-1.0,11.3463,13.9179,0.0683,25.3958,333,28.11, -> stretching arm (28.1%)
frame_000873_clip,-1.0,11.2891,13.2196,0.0679,24.6382,333,28.09, -> stretching arm (28.1%)
frame_000874_clip,-1.0,13.5607,13.2508,0.0689,26.9452,333,28.21, -> stretching arm (28.2%)
frame_000875_clip,-1.0,10.8371,14.0733,0.0672,25.0383,333,28.14, -> stretching arm (28.1%)
frame_000876_clip,-1.0,13.3943,13.458,0.0671,26.9822,333,28.23, -> stretching arm (28.2%)
frame_000877_clip,-1.0,11.203,13.4725,0.0798,24.8231,333,28.45, -> stretching arm (28.4%)
frame_000878_clip,-1.0,13.3399,13.3742,0.0738,26.8503,333,28.56, -> stretching arm (28.6%)
frame_000879_clip,-1.0,10.7236,13.4139,0.0712,24.271,333,28.92, -> stretching arm (28.9%)
frame_000880_clip,-1.0,11.4951,14.1254,0.0694,25.7544,333,28.58, -> stretching arm (28.6%)
frame_000881_clip,-1.0,11.1018,13.8949,0.074,25.134,333,29.25, -> stretching arm (29.2%)
frame_000882_clip,-1.0,14.2068,13.2932,0.0707,27.6356,333,28.78, -> stretching arm (28.8%)
frame_000883_clip,-1.0,10.6678,13.4197,0.0724,24.2234,333,30.01, -> stretching arm (30.0%)
frame_000884_clip,-1.0,11.1632,13.3767,0.0729,24.6765,333,29.15, -> stretching arm (29.2%)
frame_000885_clip,-1.0,11.766,15.0765,0.07,26.9749,333,30.3, -> stretching arm (30.3%)
frame_000886_clip,-1.0,12.9043,14.2001,0.0726,27.2411,333,17.3, -> stretching arm (17.3%)
frame_000887_clip,-1.0,11.2192,13.0562,0.0712,24.4095,134,22.43, -> front raises (22.4%)
frame_000888_clip,-1.0,12.9266,13.155,0.0697,26.2142,134,20.75, -> front raises (20.7%)
frame_000889_clip,-1.0,10.9908,13.0565,0.0711,24.1825,134,25.07, -> front raises (25.1%)
frame_000890_clip,-1.0,11.2994,16.696,0.0746,28.1628,134,19.47, -> front raises (19.5%)
frame_000891_clip,-1.0,11.2856,13.2344,0.1265,24.7542,134,35.74, -> front raises (35.7%)
frame_000892_clip,-1.0,11.6136,13.0352,0.0721,24.7863,374,25.33, -> using remote controller (not gaming) (25.3%)
frame_000893_clip,-1.0,10.9226,13.1085,0.0722,24.1674,374,23.09, -> using remote controller (not gaming) (23.1%)
frame_000894_clip,-1.0,12.7477,13.2566,0.0726,26.1417,374,50.35, -> using remote controller (not gaming) (50.3%)
frame_000895_clip,-1.0,10.9536,14.1451,0.0712,25.2346,374,30.63, -> using remote controller (not gaming) (30.6%)
frame_000896_clip,-1.0,12.1342,13.1536,0.0725,25.4282,374,52.46, -> using remote controller (not gaming) (52.5%)
frame_000897_clip,-1.0,10.8484,13.0864,0.0729,24.0723,374,43.74, -> using remote controller (not gaming) (43.7%)
frame_000898_clip,-1.0,12.4079,13.1108,0.0738,25.657,5,67.95, -> archery (67.9%)
frame_000899_clip,-1.0,10.9489,15.6173,0.0714,26.702,374,41.61, -> using remote controller (not gaming) (41.6%)
frame_000900_clip,-1.0,13.1792,14.044,0.0695,27.3549,5,41.9, -> archery (41.9%)
frame_000901_clip,-1.0,11.7422,12.9886,0.0707,24.866,374,52.01, -> using remote controller (not gaming) (52.0%)
frame_000902_clip,-1.0,16.5065,13.2269,0.0713,29.8688,374,46.85, -> using remote controller (not gaming) (46.8%)
frame_000903_clip,-1.0,11.1341,12.8487,0.0713,24.1179,374,80.13, -> using remote controller (not gaming) (80.1%)
frame_000904_clip,-1.0,11.7632,13.1661,0.07,25.0644,374,81.6, -> using remote controller (not gaming) (81.6%)
frame_000905_clip,-1.0,11.4421,13.6219,0.072,25.2001,374,71.74, -> using remote controller (not gaming) (71.7%)
frame_000906_clip,-1.0,13.7672,12.9897,0.0706,26.89,374,82.05, -> using remote controller (not gaming) (82.0%)
frame_000907_clip,-1.0,11.0275,13.8963,0.0712,25.0571,374,53.63, -> using remote controller (not gaming) (53.6%)
frame_000908_clip,-1.0,16.5079,13.5278,0.0713,30.1721,374,88.88, -> using remote controller (not gaming) (88.9%)
frame_000909_clip,-1.0,10.5268,13.6164,0.0727,24.2802,374,74.5, -> using remote controller (not gaming) (74.5%)
frame_000910_clip,-1.0,13.2953,18.6364,0.1147,32.1541,374,85.91, -> using remote controller (not gaming) (85.9%)
frame_000911_clip,-1.0,10.789,13.2876,0.072,24.2115,374,72.89, -> using remote controller (not gaming) (72.9%)
frame_000912_clip,-1.0,15.234,13.5897,0.0747,28.9626,374,68.67, -> using remote controller (not gaming) (68.7%)
frame_000913_clip,-1.0,11.4624,13.6402,0.0715,25.236,374,62.47, -> using remote controller (not gaming) (62.5%)
frame_000914_clip,-1.0,11.2562,13.487,0.0733,24.8787,374,54.55, -> using remote controller (not gaming) (54.6%)
frame_000915_clip,-1.0,11.0231,13.0857,0.0725,24.2444,374,66.27, -> using remote controller (not gaming) (66.3%)
frame_000916_clip,-1.0,15.2621,13.1753,0.0814,28.5829,374,60.02, -> using remote controller (not gaming) (60.0%)
frame_000917_clip,-1.0,10.8039,13.2796,0.0715,24.2162,374,73.06, -> using remote controller (not gaming) (73.1%)
frame_000918_clip,-1.0,14.2114,13.1785,0.0714,27.5233,374,50.45, -> using remote controller (not gaming) (50.5%)
frame_000919_clip,-1.0,12.0471,17.7815,0.0715,29.9643,374,20.78, -> using remote controller (not gaming) (20.8%)
frame_000920_clip,-1.0,12.6635,15.336,0.0681,28.1312,333,23.36, -> stretching arm (23.4%)
frame_000921_clip,-1.0,10.9176,12.8723,0.0687,23.9215,374,21.93, -> using remote controller (not gaming) (21.9%)
frame_000922_clip,-1.0,11.0071,13.0732,0.0695,24.2133,333,26.19, -> stretching arm (26.2%)
frame_000923_clip,-1.0,11.6564,13.0888,0.0689,24.8818,333,21.2, -> stretching arm (21.2%)
frame_000924_clip,-1.0,10.9125,13.3432,0.0726,24.3923,333,27.12, -> stretching arm (27.1%)
frame_000925_clip,-1.0,11.0443,13.2713,0.0708,24.4535,333,24.74, -> stretching arm (24.7%)
frame_000926_clip,-1.0,11.9986,13.6722,0.07,25.8038,333,27.09, -> stretching arm (27.1%)
frame_000927_clip,-1.0,10.6604,13.1443,0.0709,23.9375,333,24.96, -> stretching arm (25.0%)
frame_000928_clip,-1.0,10.5129,13.2035,0.0695,23.8474,333,24.22, -> stretching arm (24.2%)
frame_000929_clip,-1.0,10.7091,16.1491,0.0722,26.9936,333,26.19, -> stretching arm (26.2%)
frame_000930_clip,-1.0,16.2446,13.232,0.0703,29.6102,333,20.76, -> stretching arm (20.8%)
frame_000931_clip,-1.0,10.3443,17.3436,0.1158,27.9155,333,23.17, -> stretching arm (23.2%)
frame_000932_clip,-1.0,11.4823,13.24,0.0726,24.8563,183,14.07, -> lunge (14.1%)
frame_000933_clip,-1.0,10.4943,17.045,0.1227,27.7669,333,13.96, -> stretching arm (14.0%)
frame_000934_clip,-1.0,14.4028,13.0822,0.0712,27.62,374,37.29, -> using remote controller (not gaming) (37.3%)
frame_000935_clip,-1.0,10.8618,13.1085,0.07,24.1055,333,28.45, -> stretching arm (28.5%)
frame_000936_clip,-1.0,11.434,15.8407,0.0722,27.4103,139,32.23, -> getting a tattoo (32.2%)
frame_000937_clip,-1.0,11.1346,14.5916,0.0728,25.8621,333,29.77, -> stretching arm (29.8%)
frame_000938_clip,-1.0,13.2037,13.1525,0.0699,26.4867,374,26.69, -> using remote controller (not gaming) (26.7%)
frame_000939_clip,-1.0,10.5451,13.0092,0.0715,23.6862,374,28.98, -> using remote controller (not gaming) (29.0%)
frame_000940_clip,-1.0,11.8623,13.3498,0.074,25.3498,374,36.67, -> using remote controller (not gaming) (36.7%)
frame_000941_clip,-1.0,10.4054,13.1769,0.0707,23.7151,374,55.12, -> using remote controller (not gaming) (55.1%)
frame_000942_clip,-1.0,14.6901,13.4475,0.0719,28.2708,374,49.74, -> using remote controller (not gaming) (49.7%)
frame_000943_clip,-1.0,10.6356,12.9328,0.0692,23.7002,374,37.27, -> using remote controller (not gaming) (37.3%)
frame_000944_clip,-1.0,10.5508,13.0725,0.0696,23.754,374,30.99, -> using remote controller (not gaming) (31.0%)
frame_000945_clip,-1.0,10.9898,13.0027,0.0683,24.1247,374,35.32, -> using remote controller (not gaming) (35.3%)
frame_000946_clip,-1.0,14.2932,13.4261,0.0704,27.8536,333,19.43, -> stretching arm (19.4%)
frame_000947_clip,-1.0,10.5238,13.2919,0.071,23.947,333,21.57, -> stretching arm (21.6%)
frame_000948_clip,-1.0,11.2687,13.2395,0.0721,24.6432,281,30.68, -> running on treadmill (30.7%)
frame_000949_clip,-1.0,10.5432,15.3667,0.0702,26.043,281,41.43, -> running on treadmill (41.4%)
frame_000950_clip,-1.0,11.4025,18.3299,0.1221,29.9698,281,61.79, -> running on treadmill (61.8%)
frame_000951_clip,-1.0,10.7561,13.2748,0.0725,24.1696,281,83.32, -> running on treadmill (83.3%)
frame_000952_clip,-1.0,11.1116,13.3498,0.0723,24.5959,281,62.63, -> running on treadmill (62.6%)
frame_000953_clip,-1.0,11.0946,13.8443,0.0725,25.0716,281,80.56, -> running on treadmill (80.6%)
frame_000954_clip,-1.0,13.7008,13.2528,0.07,27.0886,281,61.77, -> running on treadmill (61.8%)
frame_000955_clip,-1.0,13.3081,13.451,0.0739,26.896,281,77.22, -> running on treadmill (77.2%)
frame_000956_clip,-1.0,13.6255,13.2251,0.0708,26.9881,281,81.74, -> running on treadmill (81.7%)
frame_000957_clip,-1.0,11.4117,18.5891,0.1192,30.2271,281,83.72, -> running on treadmill (83.7%)
frame_000958_clip,-1.0,13.2877,13.1305,0.0712,26.5524,281,79.1, -> running on treadmill (79.1%)
frame_000959_clip,-1.0,10.7831,13.2277,0.0713,24.1425,281,61.25, -> running on treadmill (61.3%)
frame_000960_clip,-1.0,11.5036,13.2259,0.0759,24.8683,281,70.55, -> running on treadmill (70.6%)
frame_000961_clip,-1.0,10.6569,16.8681,0.0717,27.6601,281,53.92, -> running on treadmill (53.9%)
frame_000962_clip,-1.0,11.4106,13.2314,0.0721,24.7782,281,68.53, -> running on treadmill (68.5%)
frame_000963_clip,-1.0,10.798,16.5188,0.12,27.5457,281,55.65, -> running on treadmill (55.7%)
frame_000964_clip,-1.0,11.2823,13.3081,0.0727,24.7277,281,79.47, -> running on treadmill (79.5%)
frame_000965_clip,-1.0,10.4794,15.386,0.0701,25.9991,281,55.77, -> running on treadmill (55.8%)
frame_000966_clip,-1.0,13.6584,13.3826,0.0694,27.1727,281,37.28, -> running on treadmill (37.3%)
frame_000967_clip,-1.0,10.9415,13.7878,0.073,24.8649,281,54.1, -> running on treadmill (54.1%)
frame_000968_clip,-1.0,13.3441,13.3981,0.0724,26.8778,281,47.28, -> running on treadmill (47.3%)
frame_000969_clip,-1.0,10.2276,15.4158,0.0705,25.7763,281,9.05, -> running on treadmill (9.0%)
frame_000970_clip,-1.0,12.475,13.1975,0.0704,25.8079,281,27.66, -> running on treadmill (27.7%)
frame_000971_clip,-1.0,10.2794,16.6327,0.112,27.1302,281,10.19, -> running on treadmill (10.2%)
frame_000972_clip,-1.0,11.2362,17.9193,0.1209,29.3827,281,23.13, -> running on treadmill (23.1%)
frame_000973_clip,-1.0,10.5833,13.3783,0.0709,24.0949,281,16.94, -> running on treadmill (16.9%)
frame_000974_clip,-1.0,10.5481,13.1773,0.0742,23.8626,357,26.92, -> throwing ball (26.9%)
frame_000975_clip,-1.0,11.0574,13.0397,0.0701,24.2316,281,21.22, -> running on treadmill (21.2%)
frame_000976_clip,-1.0,11.3582,13.236,0.0731,24.7307,357,29.97, -> throwing ball (30.0%)
frame_000977_clip,-1.0,10.5295,17.1828,0.1234,27.9467,281,9.51, -> running on treadmill (9.5%)
frame_000978_clip,-1.0,12.1827,13.2437,0.0779,25.5728,357,14.45, -> throwing ball (14.5%)
frame_000979_clip,-1.0,10.9762,15.4459,0.0749,26.5607,391,7.85, -> welding (7.9%)
frame_000980_clip,-1.0,11.5517,13.3115,0.0704,24.9985,119,7.5, -> exercising arm (7.5%)
frame_000981_clip,-1.0,11.3899,14.4275,0.0697,25.9499,58,6.12, -> clay pottery making (6.1%)
frame_000982_clip,-1.0,11.3486,13.0285,0.0715,24.5109,333,12.04, -> stretching arm (12.0%)
frame_000983_clip,-1.0,10.7265,15.316,0.0793,26.1856,58,9.16, -> clay pottery making (9.2%)
frame_000984_clip,-1.0,11.304,13.0861,0.0708,24.5241,333,12.37, -> stretching arm (12.4%)
frame_000985_clip,-1.0,11.3127,13.1917,0.0702,24.6356,58,11.35, -> clay pottery making (11.4%)
frame_000986_clip,-1.0,11.62,15.8561,0.0699,27.6086,200,16.22, -> moving furniture (16.2%)
frame_000987_clip,-1.0,10.896,12.9989,0.0713,24.0279,200,21.97, -> moving furniture (22.0%)
frame_000988_clip,-1.0,11.4233,12.9441,0.0722,24.5034,200,24.17, -> moving furniture (24.2%)
frame_000989_clip,-1.0,10.5822,13.3126,0.0692,24.0263,200,36.58, -> moving furniture (36.6%)
frame_000990_clip,-1.0,11.7277,13.5375,0.0713,25.4053,200,38.43, -> moving furniture (38.4%)
frame_000991_clip,-1.0,10.7725,13.1187,0.0731,24.0258,200,43.33, -> moving furniture (43.3%)
frame_000992_clip,-1.0,11.3502,13.0351,0.0726,24.524,200,27.74, -> moving furniture (27.7%)
frame_000993_clip,-1.0,10.7498,13.4481,0.0745,24.3362,38,45.0, -> building cabinet (45.0%)
frame_000994_clip,-1.0,11.2515,17.6986,0.1213,29.1797,38,38.23, -> building cabinet (38.2%)
frame_000995_clip,-1.0,10.6516,12.9417,0.0709,23.7284,38,63.77, -> building cabinet (63.8%)
frame_000996_clip,-1.0,13.1266,13.0726,0.0698,26.3327,38,65.06, -> building cabinet (65.1%)
frame_000997_clip,-1.0,10.4726,13.0236,0.0685,23.6274,38,61.59, -> building cabinet (61.6%)
frame_000998_clip,-1.0,13.8084,12.9075,0.0744,26.8553,38,57.37, -> building cabinet (57.4%)
frame_000999_clip,-1.0,10.3255,13.1811,0.0714,23.6399,38,55.21, -> building cabinet (55.2%)
frame_001000_clip,-1.0,13.3394,13.1873,0.0713,26.6626,38,57.17, -> building cabinet (57.2%)
frame_001001_clip,-1.0,10.6626,13.4028,0.0715,24.1994,38,57.84, -> building cabinet (57.8%)
frame_001002_clip,-1.0,10.657,12.988,0.0685,23.7754,38,57.74, -> building cabinet (57.7%)
frame_001003_clip,-1.0,11.5389,13.0419,0.0688,24.7117,38,58.33, -> building cabinet (58.3%)
frame_001004_clip,-1.0,10.8625,13.2123,0.0699,24.2075,38,61.53, -> building cabinet (61.5%)
frame_001005_clip,-1.0,11.0538,13.2378,0.0702,24.4255,38,48.09, -> building cabinet (48.1%)
frame_001006_clip,-1.0,11.5157,13.1473,0.0704,24.7991,38,40.91, -> building cabinet (40.9%)
frame_001007_clip,-1.0,10.6471,17.6059,0.1198,28.4789,38,41.81, -> building cabinet (41.8%)
frame_001008_clip,-1.0,11.3391,14.9258,0.0705,26.3992,38,48.58, -> building cabinet (48.6%)
frame_001009_clip,-1.0,10.9118,18.2464,0.1155,29.3648,38,52.37, -> building cabinet (52.4%)
frame_001010_clip,-1.0,11.464,13.3605,0.0709,24.9601,38,49.42, -> building cabinet (49.4%)
frame_001011_clip,-1.0,10.7883,13.3032,0.0683,24.2223,38,50.89, -> building cabinet (50.9%)
frame_001012_clip,-1.0,10.68,13.0444,0.0737,23.8623,38,50.14, -> building cabinet (50.1%)
frame_001013_clip,-1.0,11.2899,14.0359,0.075,25.4649,38,50.09, -> building cabinet (50.1%)
frame_001014_clip,-1.0,10.2577,13.089,0.0695,23.4789,38,48.97, -> building cabinet (49.0%)
frame_001015_clip,-1.0,10.6034,12.93,0.0708,23.666,38,49.67, -> building cabinet (49.7%)
frame_001016_clip,-1.0,10.9299,13.3352,0.0699,24.3973,38,47.31, -> building cabinet (47.3%)
frame_001017_clip,-1.0,10.9721,13.1303,0.0696,24.2352,38,48.14, -> building cabinet (48.1%)
frame_001018_clip,-1.0,10.5347,14.9302,0.0691,25.5964,38,46.54, -> building cabinet (46.5%)
frame_001019_clip,-1.0,10.7936,13.2538,0.0659,24.1744,38,47.68, -> building cabinet (47.7%)
frame_001020_clip,-1.0,10.3387,13.3372,0.0693,23.8078,38,46.99, -> building cabinet (47.0%)
frame_001021_clip,-1.0,10.9766,13.1624,0.0668,24.269,38,48.79, -> building cabinet (48.8%)
frame_001022_clip,-1.0,10.6504,14.3731,0.0713,25.1569,38,48.39, -> building cabinet (48.4%)
frame_001023_clip,-1.0,10.6186,15.0621,0.0752,25.8187,38,50.37, -> building cabinet (50.4%)
frame_001024_clip,-1.0,11.5574,13.2772,0.0716,24.9688,38,48.91, -> building cabinet (48.9%)
frame_001025_clip,-1.0,10.5797,13.1952,0.0695,23.9084,38,51.42, -> building cabinet (51.4%)
frame_001026_clip,-1.0,11.9239,13.1946,0.0704,25.2495,38,52.41, -> building cabinet (52.4%)
frame_001027_clip,-1.0,10.7232,14.1458,0.0717,25.0041,38,53.8, -> building cabinet (53.8%)
frame_001028_clip,-1.0,10.7263,13.1041,0.0687,23.9609,38,53.46, -> building cabinet (53.5%)
frame_001029_clip,-1.0,10.4467,12.8875,0.067,23.4628,38,53.22, -> building cabinet (53.2%)
frame_001030_clip,-1.0,10.5392,16.7714,0.0709,27.4442,38,51.58, -> building cabinet (51.6%)
frame_001031_clip,-1.0,10.9213,15.1592,0.0712,26.2176,38,50.51, -> building cabinet (50.5%)
frame_001032_clip,-1.0,10.5648,13.0715,0.0657,23.7628,38,58.43, -> building cabinet (58.4%)
frame_001033_clip,-1.0,11.2855,13.202,0.0708,24.6186,38,93.25, -> building cabinet (93.3%)
frame_001034_clip,-1.0,11.7982,13.5988,0.0696,25.5285,38,75.43, -> building cabinet (75.4%)
frame_001035_clip,-1.0,10.7782,13.0528,0.0755,23.9683,38,88.51, -> building cabinet (88.5%)
frame_001036_clip,-1.0,11.3751,12.9424,0.0699,24.45,38,71.55, -> building cabinet (71.5%)
frame_001037_clip,-1.0,14.1368,17.576,0.0711,31.898,38,88.2, -> building cabinet (88.2%)
frame_001038_clip,-1.0,10.9671,13.07,0.0703,24.1704,38,65.89, -> building cabinet (65.9%)
frame_001039_clip,-1.0,10.7086,13.0677,0.0695,23.908,38,86.85, -> building cabinet (86.9%)
frame_001040_clip,-1.0,11.1299,15.1672,0.0715,26.4334,38,65.7, -> building cabinet (65.7%)
frame_001041_clip,-1.0,10.6915,13.1052,0.0735,23.9344,38,88.04, -> building cabinet (88.0%)
frame_001042_clip,-1.0,11.0088,14.1774,0.0689,25.3186,38,69.5, -> building cabinet (69.5%)
frame_001043_clip,-1.0,11.2743,13.172,0.0746,24.5837,38,91.04, -> building cabinet (91.0%)
frame_001044_clip,-1.0,10.7874,15.9863,0.0684,26.9104,38,67.33, -> building cabinet (67.3%)
frame_001045_clip,-1.0,10.906,14.1383,0.07,25.1763,38,65.48, -> building cabinet (65.5%)
frame_001046_clip,-1.0,11.0263,12.9727,0.0707,24.1338,38,60.72, -> building cabinet (60.7%)
frame_001047_clip,-1.0,10.5043,14.4684,0.0698,25.1037,38,48.75, -> building cabinet (48.7%)
frame_001048_clip,-1.0,10.7771,13.3538,0.0708,24.2679,38,54.23, -> building cabinet (54.2%)
frame_001049_clip,-1.0,11.0005,13.2888,0.0711,24.4247,374,51.88, -> using remote controller (not gaming) (51.9%)
frame_001050_clip,-1.0,11.1294,16.2151,0.1203,27.5751,374,78.55, -> using remote controller (not gaming) (78.5%)
frame_001051_clip,-1.0,10.7028,14.7883,0.0699,25.625,374,88.17, -> using remote controller (not gaming) (88.2%)
frame_001052_clip,-1.0,10.4442,13.1909,0.0695,23.7649,374,97.29, -> using remote controller (not gaming) (97.3%)
frame_001053_clip,-1.0,10.7845,12.7939,0.0726,23.7129,374,96.85, -> using remote controller (not gaming) (96.9%)
frame_001054_clip,-1.0,11.2162,16.0112,0.07,27.3599,374,94.35, -> using remote controller (not gaming) (94.3%)
frame_001055_clip,-1.0,10.787,13.011,0.0683,23.9292,374,98.57, -> using remote controller (not gaming) (98.6%)
frame_001056_clip,-1.0,11.038,12.8632,0.0727,24.0399,374,99.89, -> using remote controller (not gaming) (99.9%)
frame_001057_clip,-1.0,10.727,15.1247,0.0706,25.9845,374,99.94, -> using remote controller (not gaming) (99.9%)
frame_001058_clip,-1.0,11.1964,13.3911,0.0692,24.7202,374,99.95, -> using remote controller (not gaming) (100.0%)
frame_001059_clip,-1.0,10.8812,13.0352,0.0729,24.0527,374,99.99, -> using remote controller (not gaming) (100.0%)
frame_001060_clip,-1.0,11.3588,13.7899,0.0713,25.2827,374,99.96, -> using remote controller (not gaming) (100.0%)
frame_001061_clip,-1.0,11.2174,13.9414,0.0732,25.296,374,99.98, -> using remote controller (not gaming) (100.0%)
frame_001062_clip,-1.0,11.396,13.1973,0.0739,24.73,374,99.96, -> using remote controller (not gaming) (100.0%)
frame_001063_clip,-1.0,11.4925,13.3615,0.0733,24.9893,374,99.98, -> using remote controller (not gaming) (100.0%)
frame_001064_clip,-1.0,10.9137,12.9823,0.0712,24.0306,374,99.97, -> using remote controller (not gaming) (100.0%)
frame_001065_clip,-1.0,11.4576,15.0423,0.0709,26.6343,374,99.99, -> using remote controller (not gaming) (100.0%)
frame_001066_clip,-1.0,11.0655,15.8211,0.073,27.0234,374,99.95, -> using remote controller (not gaming) (99.9%)
frame_001067_clip,-1.0,11.0801,13.528,0.0706,24.7402,374,99.98, -> using remote controller (not gaming) (100.0%)
frame_001068_clip,-1.0,11.0472,13.1938,0.0703,24.3742,374,99.94, -> using remote controller (not gaming) (99.9%)
frame_001069_clip,-1.0,10.9941,13.0144,0.0744,24.1458,374,99.99, -> using remote controller (not gaming) (100.0%)
frame_001070_clip,-1.0,11.4908,12.8588,0.0763,24.4894,374,99.62, -> using remote controller (not gaming) (99.6%)
frame_001071_clip,-1.0,10.9987,15.0229,0.0724,26.1557,374,99.81, -> using remote controller (not gaming) (99.8%)
frame_001072_clip,-1.0,11.102,12.9422,0.0721,24.1798,374,99.68, -> using remote controller (not gaming) (99.7%)
frame_001073_clip,-1.0,10.7611,13.4185,0.0712,24.3137,374,99.39, -> using remote controller (not gaming) (99.4%)
frame_001074_clip,-1.0,10.4316,13.8012,0.0743,24.3711,374,99.49, -> using remote controller (not gaming) (99.5%)
frame_001075_clip,-1.0,10.8195,15.3921,0.0715,26.3455,374,99.71, -> using remote controller (not gaming) (99.7%)
frame_001076_clip,-1.0,10.7198,14.537,0.0723,25.3918,374,98.56, -> using remote controller (not gaming) (98.6%)
frame_001077_clip,-1.0,10.5962,13.8266,0.0711,24.5574,374,99.55, -> using remote controller (not gaming) (99.6%)
frame_001078_clip,-1.0,11.2426,13.2833,0.0734,24.6631,374,99.75, -> using remote controller (not gaming) (99.7%)
frame_001079_clip,-1.0,11.0264,13.2746,0.0826,24.4582,374,99.74, -> using remote controller (not gaming) (99.7%)
frame_001080_clip,-1.0,11.1819,15.6436,0.0727,26.9598,374,99.94, -> using remote controller (not gaming) (99.9%)
frame_001081_clip,-1.0,11.9771,13.1431,0.0705,25.2537,374,99.81, -> using remote controller (not gaming) (99.8%)
frame_001082_clip,-1.0,11.1336,13.1347,0.0721,24.4039,374,99.92, -> using remote controller (not gaming) (99.9%)
frame_001083_clip,-1.0,13.2504,13.1243,0.0718,26.5105,374,99.96, -> using remote controller (not gaming) (100.0%)
frame_001084_clip,-1.0,11.0115,13.0798,0.0704,24.2275,374,99.92, -> using remote controller (not gaming) (99.9%)
frame_001085_clip,-1.0,10.9004,13.0593,0.0719,24.0938,374,99.94, -> using remote controller (not gaming) (99.9%)
frame_001086_clip,-1.0,10.8198,13.1305,0.0679,24.0814,374,99.91, -> using remote controller (not gaming) (99.9%)
frame_001087_clip,-1.0,13.674,16.2827,0.1203,30.1913,374,99.94, -> using remote controller (not gaming) (99.9%)
frame_001088_clip,-1.0,11.4291,13.3927,0.0732,24.9574,374,99.91, -> using remote controller (not gaming) (99.9%)
frame_001089_clip,-1.0,11.3409,13.04,0.0736,24.5161,374,99.96, -> using remote controller (not gaming) (100.0%)
frame_001090_clip,-1.0,10.9585,13.6047,0.073,24.6993,374,99.95, -> using remote controller (not gaming) (99.9%)
frame_001091_clip,-1.0,11.0716,14.0189,0.0754,25.2288,374,99.96, -> using remote controller (not gaming) (100.0%)
frame_001092_clip,-1.0,10.4546,13.0546,0.0733,23.6455,374,99.83, -> using remote controller (not gaming) (99.8%)
frame_001093_clip,-1.0,10.7322,16.5123,0.0725,27.3798,374,99.75, -> using remote controller (not gaming) (99.8%)
frame_001094_clip,-1.0,11.1841,13.3253,0.0715,24.6416,374,98.21, -> using remote controller (not gaming) (98.2%)
frame_001095_clip,-1.0,11.9731,13.2126,0.0725,25.3204,374,89.19, -> using remote controller (not gaming) (89.2%)
frame_001096_clip,-1.0,10.5281,13.2284,0.0694,23.8905,374,70.84, -> using remote controller (not gaming) (70.8%)
frame_001097_clip,-1.0,10.8713,15.1923,0.0699,26.1936,374,37.57, -> using remote controller (not gaming) (37.6%)
frame_001098_clip,-1.0,10.9137,13.1691,0.0741,24.2194,374,34.41, -> using remote controller (not gaming) (34.4%)
frame_001099_clip,-1.0,11.0372,13.1843,0.0719,24.3552,374,64.32, -> using remote controller (not gaming) (64.3%)
frame_001100_clip,-1.0,10.6719,14.7488,0.0701,25.5534,38,39.6, -> building cabinet (39.6%)
frame_001101_clip,-1.0,11.4835,13.3871,0.1267,25.1022,374,60.26, -> using remote controller (not gaming) (60.3%)
frame_001102_clip,-1.0,10.7481,13.1703,0.0711,24.0515,374,47.31, -> using remote controller (not gaming) (47.3%)
frame_001103_clip,-1.0,11.5868,13.3993,0.073,25.1206,374,68.41, -> using remote controller (not gaming) (68.4%)
frame_001104_clip,-1.0,10.5427,16.0775,0.0723,26.7564,374,76.15, -> using remote controller (not gaming) (76.2%)
frame_001105_clip,-1.0,11.5224,13.0405,0.0713,24.6969,374,83.37, -> using remote controller (not gaming) (83.4%)
frame_001106_clip,-1.0,10.8388,15.0486,0.0696,26.0176,374,89.12, -> using remote controller (not gaming) (89.1%)
frame_001107_clip,-1.0,11.2546,14.4133,0.0728,25.8029,374,86.12, -> using remote controller (not gaming) (86.1%)
frame_001108_clip,-1.0,10.9313,13.0358,0.0732,24.1084,374,91.09, -> using remote controller (not gaming) (91.1%)
frame_001109_clip,-1.0,10.8308,13.07,0.0724,24.0365,374,90.67, -> using remote controller (not gaming) (90.7%)
frame_001110_clip,-1.0,11.0504,13.3068,0.0727,24.4944,374,87.98, -> using remote controller (not gaming) (88.0%)
frame_001111_clip,-1.0,10.8667,15.1899,0.0701,26.1898,374,85.71, -> using remote controller (not gaming) (85.7%)
frame_001112_clip,-1.0,11.3204,13.4983,0.0712,24.9528,374,49.92, -> using remote controller (not gaming) (49.9%)
frame_001113_clip,-1.0,11.0068,13.5076,0.0702,24.6479,374,73.71, -> using remote controller (not gaming) (73.7%)
frame_001114_clip,-1.0,11.002,13.5678,0.0738,24.7061,374,30.99, -> using remote controller (not gaming) (31.0%)
frame_001115_clip,-1.0,11.1308,15.1112,0.0685,26.3732,374,56.65, -> using remote controller (not gaming) (56.7%)
frame_001116_clip,-1.0,10.877,16.0213,0.0734,27.035,374,28.87, -> using remote controller (not gaming) (28.9%)
frame_001117_clip,-1.0,10.9795,14.7367,0.0714,25.8502,374,46.43, -> using remote controller (not gaming) (46.4%)
frame_001118_clip,-1.0,11.63,13.0982,0.0711,24.8621,372,30.83, -> unloading truck (30.8%)
frame_001119_clip,-1.0,10.7604,13.1833,0.0725,24.0784,200,21.46, -> moving furniture (21.5%)
frame_001120_clip,-1.0,10.4818,13.2129,0.0713,23.8263,372,54.72, -> unloading truck (54.7%)
frame_001121_clip,-1.0,11.2986,13.3544,0.1207,24.8828,372,25.03, -> unloading truck (25.0%)
frame_001122_clip,-1.0,11.2425,13.0878,0.0705,24.464,372,61.19, -> unloading truck (61.2%)
frame_001123_clip,-1.0,11.2049,13.2419,0.0728,24.5824,372,41.55, -> unloading truck (41.6%)
frame_001124_clip,-1.0,11.1621,16.5393,0.1262,27.9374,372,73.79, -> unloading truck (73.8%)
frame_001125_clip,-1.0,11.3052,13.3214,0.0721,24.7624,372,42.42, -> unloading truck (42.4%)
frame_001126_clip,-1.0,11.0478,13.4138,0.0727,24.5976,38,20.24, -> building cabinet (20.2%)
frame_001127_clip,-1.0,10.7268,15.0375,0.0691,25.8955,200,20.15, -> moving furniture (20.1%)
frame_001128_clip,-1.0,11.003,13.2843,0.0719,24.4266,200,19.37, -> moving furniture (19.4%)
frame_001129_clip,-1.0,10.8615,13.0492,0.0693,24.042,60,22.44, -> cleaning floor (22.4%)
frame_001130_clip,-1.0,10.7251,12.9297,0.0735,23.7918,200,25.32, -> moving furniture (25.3%)
frame_001131_clip,-1.0,10.9638,13.2206,0.0771,24.3243,60,20.65, -> cleaning floor (20.6%)
frame_001132_clip,-1.0,10.7055,16.183,0.1285,27.1259,200,24.14, -> moving furniture (24.1%)
frame_001133_clip,-1.0,11.1786,13.2164,0.0763,24.5369,374,30.53, -> using remote controller (not gaming) (30.5%)
frame_001134_clip,-1.0,11.002,13.4195,0.0748,24.5571,200,19.58, -> moving furniture (19.6%)
frame_001135_clip,-1.0,10.4533,13.0984,0.077,23.6921,374,16.24, -> using remote controller (not gaming) (16.2%)
frame_001136_clip,-1.0,11.1945,13.012,0.0694,24.3385,333,11.93, -> stretching arm (11.9%)
frame_001137_clip,-1.0,11.1103,15.5809,0.1222,26.9237,119,19.49, -> exercising arm (19.5%)
frame_001138_clip,-1.0,10.9449,13.0871,0.0713,24.1663,333,14.11, -> stretching arm (14.1%)
frame_001139_clip,-1.0,10.7515,16.1442,0.0736,27.0321,333,14.97, -> stretching arm (15.0%)
frame_001140_clip,-1.0,11.1766,13.3818,0.0721,24.6926,333,22.26, -> stretching arm (22.3%)
frame_001141_clip,-1.0,11.0092,13.1478,0.0731,24.2937,333,19.91, -> stretching arm (19.9%)
frame_001142_clip,-1.0,11.4563,13.2268,0.0735,24.8202,333,21.24, -> stretching arm (21.2%)
frame_001143_clip,-1.0,11.4777,13.1467,0.0734,24.7603,333,15.09, -> stretching arm (15.1%)
frame_001144_clip,-1.0,11.6055,13.9635,0.0714,25.702,333,23.11, -> stretching arm (23.1%)
frame_001145_clip,-1.0,11.0114,13.3012,0.0733,24.4491,333,14.23, -> stretching arm (14.2%)
frame_001146_clip,-1.0,11.0385,13.0347,0.071,24.2055,134,22.05, -> front raises (22.0%)
frame_001147_clip,-1.0,12.3521,14.1077,0.0723,26.5937,333,16.86, -> stretching arm (16.9%)
frame_001148_clip,-1.0,11.0295,13.1047,0.0725,24.2693,134,13.04, -> front raises (13.0%)
frame_001149_clip,-1.0,11.1107,13.1451,0.072,24.3907,333,13.51, -> stretching arm (13.5%)
frame_001150_clip,-1.0,11.3593,13.2809,0.0748,24.7784,333,8.52, -> stretching arm (8.5%)
frame_001151_clip,-1.0,11.472,13.1462,0.0722,24.753,374,37.02, -> using remote controller (not gaming) (37.0%)
frame_001152_clip,-1.0,11.0149,15.0373,0.0713,26.1848,281,8.16, -> running on treadmill (8.2%)
frame_001153_clip,-1.0,11.0087,13.1561,0.0737,24.3003,374,30.36, -> using remote controller (not gaming) (30.4%)
frame_001154_clip,-1.0,11.1179,13.6799,0.0716,24.9319,374,7.89, -> using remote controller (not gaming) (7.9%)
frame_001155_clip,-1.0,14.3623,14.7889,0.0719,29.2862,374,21.54, -> using remote controller (not gaming) (21.5%)
frame_001156_clip,-1.0,10.8647,13.1634,0.074,24.1631,374,10.98, -> using remote controller (not gaming) (11.0%)
frame_001157_clip,-1.0,10.823,13.2704,0.072,24.2323,374,20.95, -> using remote controller (not gaming) (20.9%)
frame_001158_clip,-1.0,10.4983,13.0957,0.0713,23.7327,374,10.12, -> using remote controller (not gaming) (10.1%)
frame_001159_clip,-1.0,11.03,13.2971,0.0746,24.4633,374,28.72, -> using remote controller (not gaming) (28.7%)
frame_001160_clip,-1.0,11.2924,13.1714,0.0715,24.5986,374,8.76, -> using remote controller (not gaming) (8.8%)
frame_001161_clip,-1.0,11.1332,13.0632,0.0719,24.3308,374,28.72, -> using remote controller (not gaming) (28.7%)
frame_001162_clip,-1.0,11.2352,13.2617,0.0708,24.6292,139,9.43, -> getting a tattoo (9.4%)
frame_001163_clip,-1.0,10.8341,12.9811,0.07,23.9475,374,30.25, -> using remote controller (not gaming) (30.3%)
frame_001164_clip,-1.0,11.142,14.3173,0.0784,25.6015,333,24.83, -> stretching arm (24.8%)
frame_001165_clip,-1.0,10.658,13.2221,0.0716,24.0137,374,15.11, -> using remote controller (not gaming) (15.1%)
frame_001166_clip,-1.0,11.1135,13.0201,0.0766,24.2727,333,36.45, -> stretching arm (36.5%)
frame_001167_clip,-1.0,10.7402,15.5231,0.1203,26.491,333,27.11, -> stretching arm (27.1%)
frame_001168_clip,-1.0,10.4954,13.2426,0.0712,23.8729,333,41.15, -> stretching arm (41.2%)
frame_001169_clip,-1.0,11.4402,13.2555,0.0733,24.8315,333,39.43, -> stretching arm (39.4%)
frame_001170_clip,-1.0,10.9249,13.1974,0.0803,24.2631,333,49.78, -> stretching arm (49.8%)
frame_001171_clip,-1.0,11.0689,15.5324,0.0733,26.7357,333,38.57, -> stretching arm (38.6%)
frame_001172_clip,-1.0,12.167,13.1673,0.0723,25.4706,333,34.73, -> stretching arm (34.7%)
frame_001173_clip,-1.0,11.2883,17.7976,0.1249,29.3225,333,37.0, -> stretching arm (37.0%)
frame_001174_clip,-1.0,12.9052,15.0045,0.0737,28.0449,333,19.6, -> stretching arm (19.6%)
frame_001175_clip,-1.0,11.2915,13.0976,0.0735,24.5267,281,14.66, -> running on treadmill (14.7%)
frame_001176_clip,-1.0,11.9372,14.253,0.0743,26.3286,281,22.28, -> running on treadmill (22.3%)
frame_001177_clip,-1.0,11.391,14.3284,0.0708,25.8535,333,23.99, -> stretching arm (24.0%)
frame_001178_clip,-1.0,11.5245,14.0383,0.0744,25.7024,374,47.9, -> using remote controller (not gaming) (47.9%)
frame_001179_clip,-1.0,11.0859,14.0961,0.0763,25.3208,374,38.06, -> using remote controller (not gaming) (38.1%)
frame_001180_clip,-1.0,12.0909,13.6578,0.0816,25.9016,374,49.74, -> using remote controller (not gaming) (49.7%)
frame_001181_clip,-1.0,11.2576,14.1891,0.0699,25.5777,374,54.72, -> using remote controller (not gaming) (54.7%)
frame_001182_clip,-1.0,11.4819,13.2875,0.074,24.9086,374,48.03, -> using remote controller (not gaming) (48.0%)
frame_001183_clip,-1.0,11.1372,13.4397,0.074,24.7142,374,37.37, -> using remote controller (not gaming) (37.4%)
frame_001184_clip,-1.0,12.3254,13.2255,0.0746,25.6894,374,28.92, -> using remote controller (not gaming) (28.9%)
frame_001185_clip,-1.0,15.1109,13.4113,0.0743,28.6609,374,22.48, -> using remote controller (not gaming) (22.5%)
frame_001186_clip,-1.0,10.8588,13.3499,0.0697,24.3398,374,24.47, -> using remote controller (not gaming) (24.5%)
frame_001187_clip,-1.0,15.1266,13.3074,0.0718,28.5666,374,19.23, -> using remote controller (not gaming) (19.2%)
frame_001188_clip,-1.0,10.941,14.6866,0.0719,25.7617,374,59.16, -> using remote controller (not gaming) (59.2%)
frame_001189_clip,-1.0,10.9563,13.479,0.0725,24.5717,374,20.9, -> using remote controller (not gaming) (20.9%)
frame_001190_clip,-1.0,10.6625,12.8683,0.0726,23.6662,374,39.45, -> using remote controller (not gaming) (39.4%)
frame_001191_clip,-1.0,10.6918,15.2839,0.0737,26.112,374,16.44, -> using remote controller (not gaming) (16.4%)
frame_001192_clip,-1.0,10.5733,13.0753,0.0739,23.7855,374,43.1, -> using remote controller (not gaming) (43.1%)
frame_001193_clip,-1.0,10.6882,13.2153,0.0719,24.0402,374,48.21, -> using remote controller (not gaming) (48.2%)
frame_001194_clip,-1.0,10.7315,13.3621,0.072,24.2278,374,57.43, -> using remote controller (not gaming) (57.4%)
frame_001195_clip,-1.0,10.7093,13.4486,0.1284,24.3901,374,54.68, -> using remote controller (not gaming) (54.7%)
frame_001196_clip,-1.0,10.716,14.8767,0.0703,25.7249,374,25.18, -> using remote controller (not gaming) (25.2%)
frame_001197_clip,-1.0,10.7297,13.1292,0.0717,23.9925,374,53.76, -> using remote controller (not gaming) (53.8%)
frame_001198_clip,-1.0,11.1462,13.5834,0.0766,24.8687,374,39.54, -> using remote controller (not gaming) (39.5%)
frame_001199_clip,-1.0,11.5127,13.6261,0.0727,25.273,374,34.13, -> using remote controller (not gaming) (34.1%)
frame_001200_clip,-1.0,10.9352,13.1977,0.0768,24.2747,374,41.09, -> using remote controller (not gaming) (41.1%)
frame_001201_clip,-1.0,11.6471,13.5064,0.0746,25.2918,374,18.41, -> using remote controller (not gaming) (18.4%)
frame_001202_clip,-1.0,10.9065,13.2482,0.0742,24.2932,374,58.07, -> using remote controller (not gaming) (58.1%)
frame_001203_clip,-1.0,11.0884,13.0245,0.0736,24.2463,374,28.22, -> using remote controller (not gaming) (28.2%)
frame_001204_clip,-1.0,11.108,12.9906,0.0724,24.234,374,55.46, -> using remote controller (not gaming) (55.5%)
frame_001205_clip,-1.0,11.5995,15.2536,0.0723,26.9894,374,43.0, -> using remote controller (not gaming) (43.0%)
frame_001206_clip,-1.0,11.4296,13.2167,0.0735,24.7822,374,29.62, -> using remote controller (not gaming) (29.6%)
frame_001207_clip,-1.0,10.8051,13.0666,0.0691,24.0065,374,25.04, -> using remote controller (not gaming) (25.0%)
frame_001208_clip,-1.0,10.8634,15.7323,0.07,26.7286,374,23.25, -> using remote controller (not gaming) (23.3%)
frame_001209_clip,-1.0,10.6097,13.3099,0.0715,24.0536,374,30.48, -> using remote controller (not gaming) (30.5%)
frame_001210_clip,-1.0,11.0376,13.0859,0.0732,24.26,374,27.74, -> using remote controller (not gaming) (27.7%)
frame_001211_clip,-1.0,11.0768,13.2931,0.0735,24.5076,374,25.81, -> using remote controller (not gaming) (25.8%)
frame_001212_clip,-1.0,10.8278,12.8967,0.0741,23.8617,374,35.59, -> using remote controller (not gaming) (35.6%)
frame_001213_clip,-1.0,10.9401,13.3371,0.0756,24.4149,281,48.27, -> running on treadmill (48.3%)
frame_001214_clip,-1.0,11.0684,16.2353,0.0723,27.4381,374,33.32, -> using remote controller (not gaming) (33.3%)
frame_001215_clip,-1.0,10.5423,14.6043,0.0731,25.2826,281,49.49, -> running on treadmill (49.5%)
frame_001216_clip,-1.0,11.2656,13.4156,0.1256,24.9126,281,25.68, -> running on treadmill (25.7%)
frame_001217_clip,-1.0,10.7914,13.3003,0.0727,24.225,281,70.43, -> running on treadmill (70.4%)
frame_001218_clip,-1.0,10.9135,16.2715,0.1342,27.4248,281,44.26, -> running on treadmill (44.3%)
frame_001219_clip,-1.0,11.1211,13.0884,0.0719,24.3408,281,80.15, -> running on treadmill (80.1%)
frame_001220_clip,-1.0,11.4037,14.0654,0.0702,25.6003,281,62.85, -> running on treadmill (62.8%)
frame_001221_clip,-1.0,11.7362,14.0351,0.0757,25.9104,281,96.45, -> running on treadmill (96.5%)
frame_001222_clip,-1.0,11.3903,13.1461,0.0697,24.6682,281,53.08, -> running on treadmill (53.1%)
frame_001223_clip,-1.0,10.8909,18.181,0.1225,29.3005,281,98.48, -> running on treadmill (98.5%)
frame_001224_clip,-1.0,10.9761,13.2654,0.0719,24.3738,5,25.21, -> archery (25.2%)
frame_001225_clip,-1.0,10.9279,13.2273,0.0708,24.288,281,42.41, -> running on treadmill (42.4%)
frame_001226_clip,-1.0,13.7625,13.2405,0.0707,27.1361,281,51.13, -> running on treadmill (51.1%)
frame_001227_clip,-1.0,11.1063,15.3216,0.0702,26.5598,183,16.07, -> lunge (16.1%)
frame_001228_clip,-1.0,16.5155,13.3687,0.07,30.0166,183,22.39, -> lunge (22.4%)
frame_001229_clip,-1.0,10.9497,14.1073,0.1156,25.2803,183,23.64, -> lunge (23.6%)
frame_001230_clip,-1.0,19.2192,13.3934,0.0681,32.744,183,28.03, -> lunge (28.0%)
frame_001231_clip,-1.0,11.3397,13.2958,0.0708,24.7689,134,25.02, -> front raises (25.0%)
frame_001232_clip,-1.0,19.92,13.2171,0.0791,33.2793,134,27.31, -> front raises (27.3%)
frame_001233_clip,-1.0,11.2711,13.0525,0.072,24.458,134,31.27, -> front raises (31.3%)
frame_001234_clip,-1.0,16.1649,13.055,0.0717,29.3542,134,31.2, -> front raises (31.2%)
frame_001235_clip,-1.0,11.0589,13.0669,0.0717,24.2598,134,29.23, -> front raises (29.2%)
frame_001236_clip,-1.0,14.9288,13.1835,0.07,28.2464,134,25.33, -> front raises (25.3%)
frame_001237_clip,-1.0,13.2673,13.2678,0.0717,26.669,134,24.46, -> front raises (24.5%)
frame_001238_clip,-1.0,14.053,14.2078,0.0709,28.3942,134,29.61, -> front raises (29.6%)
frame_001239_clip,-1.0,15.7165,17.296,0.0706,33.1461,134,23.15, -> front raises (23.1%)
frame_001240_clip,-1.0,11.5632,13.2512,0.0733,24.9591,134,27.4, -> front raises (27.4%)
frame_001241_clip,-1.0,17.9329,13.3757,0.0716,31.4445,134,19.92, -> front raises (19.9%)
frame_001242_clip,-1.0,10.6976,13.2173,0.0709,24.0483,134,28.15, -> front raises (28.1%)
frame_001243_clip,-1.0,19.3302,13.1983,0.0696,32.6594,134,20.0, -> front raises (20.0%)
frame_001244_clip,-1.0,11.1751,13.1679,0.0692,24.4754,134,18.4, -> front raises (18.4%)
frame_001245_clip,-1.0,13.8734,13.3588,0.0781,27.3736,21,27.12, -> bending metal (27.1%)
frame_001246_clip,-1.0,10.707,15.7512,0.0707,26.5916,21,34.46, -> bending metal (34.5%)
frame_001247_clip,-1.0,10.6318,16.9728,0.1178,27.8303,21,46.52, -> bending metal (46.5%)
frame_001248_clip,-1.0,10.8451,14.0514,0.0697,25.0285,21,49.07, -> bending metal (49.1%)
frame_001249_clip,-1.0,12.8064,13.0904,0.0697,26.0289,21,52.64, -> bending metal (52.6%)
frame_001250_clip,-1.0,11.1961,13.1989,0.0689,24.5263,21,70.4, -> bending metal (70.4%)
frame_001251_clip,-1.0,12.4467,14.9279,0.0701,27.5065,284,28.36, -> sanding floor (28.4%)
frame_001252_clip,-1.0,11.0729,16.6765,0.1181,27.9749,21,48.89, -> bending metal (48.9%)
frame_001253_clip,-1.0,16.3904,13.2273,0.0742,29.7532,21,62.82, -> bending metal (62.8%)
frame_001254_clip,-1.0,11.1782,13.2569,0.0706,24.5678,284,26.12, -> sanding floor (26.1%)
frame_001255_clip,-1.0,16.5043,13.1605,0.0757,29.8025,284,52.99, -> sanding floor (53.0%)
frame_001256_clip,-1.0,10.5417,13.2817,0.0703,23.9557,284,17.74, -> sanding floor (17.7%)
frame_001257_clip,-1.0,13.7118,13.2444,0.0699,27.0881,284,50.45, -> sanding floor (50.5%)
frame_001258_clip,-1.0,11.1305,13.6533,0.0688,24.9151,284,10.54, -> sanding floor (10.5%)
frame_001259_clip,-1.0,10.8999,13.6144,0.1181,24.7402,284,19.58, -> sanding floor (19.6%)
frame_001260_clip,-1.0,10.7827,13.4403,0.0712,24.3558,86,15.35, -> dancing gangnam style (15.4%)
frame_001261_clip,-1.0,10.9647,14.3205,0.0728,25.422,374,10.99, -> using remote controller (not gaming) (11.0%)
frame_001262_clip,-1.0,11.0023,13.2811,0.069,24.4156,149,9.28, -> headbanging (9.3%)
frame_001263_clip,-1.0,11.3582,16.6045,0.0722,28.1214,200,36.96, -> moving furniture (37.0%)
frame_001264_clip,-1.0,11.2634,15.9504,0.0735,27.3507,200,30.87, -> moving furniture (30.9%)
frame_001265_clip,-1.0,11.1025,13.1149,0.069,24.347,200,40.08, -> moving furniture (40.1%)
frame_001266_clip,-1.0,10.9615,13.8012,0.0789,24.9075,200,39.17, -> moving furniture (39.2%)
frame_001267_clip,-1.0,11.384,15.0863,0.0697,26.6026,200,46.32, -> moving furniture (46.3%)
frame_001268_clip,-1.0,11.3845,13.9626,0.0715,25.4849,200,38.6, -> moving furniture (38.6%)
frame_001269_clip,-1.0,10.7996,13.3991,0.0704,24.3312,200,46.35, -> moving furniture (46.3%)
frame_001270_clip,-1.0,10.9161,13.4341,0.0706,24.4829,200,30.14, -> moving furniture (30.1%)
frame_001271_clip,-1.0,10.9448,15.2752,0.1228,26.4526,200,39.52, -> moving furniture (39.5%)
frame_001272_clip,-1.0,10.9924,17.7573,0.0721,28.884,200,33.35, -> moving furniture (33.3%)
frame_001273_clip,-1.0,11.0396,15.1439,0.0768,26.323,200,38.0, -> moving furniture (38.0%)
frame_001274_clip,-1.0,11.0607,17.9511,0.1206,29.2417,200,28.44, -> moving furniture (28.4%)
frame_001275_clip,-1.0,10.8219,14.1927,0.0724,25.1505,200,34.38, -> moving furniture (34.4%)
frame_001276_clip,-1.0,10.755,14.8038,0.0726,25.6939,200,28.42, -> moving furniture (28.4%)
frame_001277_clip,-1.0,10.9603,13.3981,0.0728,24.4934,200,40.93, -> moving furniture (40.9%)
frame_001278_clip,-1.0,10.9462,17.8884,0.0722,28.9761,200,28.14, -> moving furniture (28.1%)
frame_001279_clip,-1.0,10.7333,13.4455,0.074,24.3164,200,34.44, -> moving furniture (34.4%)
frame_001280_clip,-1.0,10.9715,13.3262,0.0728,24.4327,200,22.69, -> moving furniture (22.7%)
frame_001281_clip,-1.0,11.5849,13.4751,0.0778,25.2017,200,24.56, -> moving furniture (24.6%)
frame_001282_clip,-1.0,10.8632,13.371,0.0739,24.3709,200,22.28, -> moving furniture (22.3%)
frame_001283_clip,-1.0,11.0188,16.9423,0.0719,28.096,200,24.44, -> moving furniture (24.4%)
frame_001284_clip,-1.0,10.786,13.5643,0.0721,24.4853,200,20.63, -> moving furniture (20.6%)
frame_001285_clip,-1.0,10.7192,13.1345,0.0692,23.9873,200,23.88, -> moving furniture (23.9%)
frame_001286_clip,-1.0,10.895,15.398,0.0686,26.4244,200,20.19, -> moving furniture (20.2%)
frame_001287_clip,-1.0,10.4436,16.7745,0.0715,27.3531,200,24.59, -> moving furniture (24.6%)
frame_001288_clip,-1.0,10.9294,14.1219,0.0732,25.1862,200,25.28, -> moving furniture (25.3%)
frame_001289_clip,-1.0,10.7759,13.3539,0.0722,24.2636,60,25.26, -> cleaning floor (25.3%)
frame_001290_clip,-1.0,10.7784,13.3201,0.0723,24.2331,60,20.11, -> cleaning floor (20.1%)
frame_001291_clip,-1.0,11.0091,15.1025,0.0726,26.2455,60,26.55, -> cleaning floor (26.5%)
frame_001292_clip,-1.0,10.8839,13.1703,0.0727,24.1911,60,20.73, -> cleaning floor (20.7%)
frame_001293_clip,-1.0,10.7555,13.1356,0.0719,24.0252,60,31.89, -> cleaning floor (31.9%)
frame_001294_clip,-1.0,10.7611,13.757,0.0726,24.6542,60,21.26, -> cleaning floor (21.3%)
frame_001295_clip,-1.0,10.9373,16.3484,0.07,27.4537,60,33.07, -> cleaning floor (33.1%)
frame_001296_clip,-1.0,10.971,15.4099,0.0724,26.5148,60,22.96, -> cleaning floor (23.0%)
frame_001297_clip,-1.0,10.6717,17.6628,0.1177,28.5598,60,25.28, -> cleaning floor (25.3%)
frame_001298_clip,-1.0,10.8203,13.5676,0.0732,24.5233,60,15.11, -> cleaning floor (15.1%)
frame_001299_clip,-1.0,12.6335,13.3829,0.0711,26.149,60,17.76, -> cleaning floor (17.8%)
frame_001300_clip,-1.0,10.8941,13.2182,0.0705,24.2452,200,13.4, -> moving furniture (13.4%)
frame_001301_clip,-1.0,15.869,12.9915,0.0702,28.9941,200,12.67, -> moving furniture (12.7%)
frame_001302_clip,-1.0,10.7782,16.8179,0.1179,27.8217,262,11.96, -> pushing cart (12.0%)
frame_001303_clip,-1.0,10.9827,13.2432,0.0717,24.3607,200,18.88, -> moving furniture (18.9%)
frame_001304_clip,-1.0,10.7517,16.2869,0.1171,27.2628,200,20.37, -> moving furniture (20.4%)
frame_001305_clip,-1.0,10.5662,14.8227,0.0691,25.5191,200,25.24, -> moving furniture (25.2%)
frame_001306_clip,-1.0,10.4527,13.6944,0.0697,24.2803,200,25.98, -> moving furniture (26.0%)
frame_001307_clip,-1.0,10.4763,17.367,0.1189,28.0682,200,24.48, -> moving furniture (24.5%)
frame_001308_clip,-1.0,10.5461,13.5863,0.0678,24.2602,200,24.16, -> moving furniture (24.2%)
frame_001309_clip,-1.0,10.5753,13.8744,0.0725,24.5847,200,22.57, -> moving furniture (22.6%)
frame_001310_clip,-1.0,10.6308,12.9563,0.0696,23.7209,200,17.31, -> moving furniture (17.3%)
frame_001311_clip,-1.0,10.3099,15.2083,0.0682,25.6491,200,25.78, -> moving furniture (25.8%)
frame_001312_clip,-1.0,10.4207,14.9926,0.0687,25.5428,200,17.39, -> moving furniture (17.4%)
frame_001313_clip,-1.0,10.566,15.6008,0.0675,26.2964,200,25.51, -> moving furniture (25.5%)
frame_001314_clip,-1.0,10.4834,15.2913,0.0672,25.9045,200,18.59, -> moving furniture (18.6%)
frame_001315_clip,-1.0,10.6268,16.1514,0.0711,26.9119,200,24.82, -> moving furniture (24.8%)
frame_001316_clip,-1.0,10.7659,14.3246,0.069,25.2211,200,17.82, -> moving furniture (17.8%)
frame_001317_clip,-1.0,10.9874,13.8818,0.0703,25.0015,200,20.25, -> moving furniture (20.3%)
frame_001318_clip,-1.0,10.6352,13.4566,0.0687,24.2225,262,19.99, -> pushing cart (20.0%)
frame_001319_clip,-1.0,10.6486,12.982,0.0697,23.762,60,22.86, -> cleaning floor (22.9%)
frame_001320_clip,-1.0,10.5292,12.8183,0.0689,23.4778,60,21.89, -> cleaning floor (21.9%)
frame_001321_clip,-1.0,10.8528,14.5304,0.0686,25.5124,60,21.53, -> cleaning floor (21.5%)
frame_001322_clip,-1.0,10.9522,13.0579,0.068,24.14,60,27.17, -> cleaning floor (27.2%)
frame_001323_clip,-1.0,10.6482,14.1065,0.0695,24.8847,60,24.03, -> cleaning floor (24.0%)
frame_001324_clip,-1.0,10.5576,17.9073,0.1154,28.682,60,27.14, -> cleaning floor (27.1%)
frame_001325_clip,-1.0,10.434,15.0841,0.0674,25.6981,60,23.92, -> cleaning floor (23.9%)
frame_001326_clip,-1.0,10.3384,13.2047,0.0695,23.6735,60,22.54, -> cleaning floor (22.5%)
frame_001327_clip,-1.0,10.8182,16.6112,0.1131,27.6485,60,25.83, -> cleaning floor (25.8%)
frame_001328_clip,-1.0,10.5964,13.9684,0.0681,24.6951,60,23.7, -> cleaning floor (23.7%)
frame_001329_clip,-1.0,10.7328,13.1206,0.0698,23.9856,60,27.54, -> cleaning floor (27.5%)
frame_001330_clip,-1.0,10.5139,13.1883,0.072,23.834,60,26.9, -> cleaning floor (26.9%)
frame_001331_clip,-1.0,10.6262,13.0898,0.0695,23.8488,60,38.56, -> cleaning floor (38.6%)
frame_001332_clip,-1.0,10.8078,14.3119,0.0713,25.2538,60,27.88, -> cleaning floor (27.9%)
frame_001333_clip,-1.0,11.2584,13.218,0.0699,24.6071,60,33.29, -> cleaning floor (33.3%)
frame_001334_clip,-1.0,10.7725,13.2807,0.0729,24.1877,60,26.52, -> cleaning floor (26.5%)
frame_001335_clip,-1.0,10.6272,14.9232,0.0722,25.6848,60,35.93, -> cleaning floor (35.9%)
frame_001336_clip,-1.0,10.6406,13.2074,0.0717,23.9846,60,24.7, -> cleaning floor (24.7%)
frame_001337_clip,-1.0,10.8402,18.2146,0.1189,29.2786,60,45.09, -> cleaning floor (45.1%)
frame_001338_clip,-1.0,11.3889,17.4176,0.1217,29.0386,60,25.38, -> cleaning floor (25.4%)
frame_001339_clip,-1.0,10.6397,13.3478,0.0713,24.1215,60,30.5, -> cleaning floor (30.5%)
frame_001340_clip,-1.0,10.8777,13.224,0.0723,24.2379,60,21.64, -> cleaning floor (21.6%)
frame_001341_clip,-1.0,11.0749,13.3116,0.0736,24.5204,60,28.21, -> cleaning floor (28.2%)
frame_001342_clip,-1.0,11.3597,13.5016,0.0735,25.0002,60,21.52, -> cleaning floor (21.5%)
frame_001343_clip,-1.0,10.7261,17.3376,0.115,28.2859,60,26.13, -> cleaning floor (26.1%)
frame_001344_clip,-1.0,10.8081,13.3095,0.0707,24.2522,60,15.04, -> cleaning floor (15.0%)
frame_001345_clip,-1.0,10.7624,13.2412,0.0769,24.1463,60,22.37, -> cleaning floor (22.4%)
frame_001346_clip,-1.0,10.8381,13.3899,0.0717,24.3614,60,20.83, -> cleaning floor (20.8%)
frame_001347_clip,-1.0,10.9073,15.6353,0.073,26.6781,60,18.85, -> cleaning floor (18.9%)
frame_001348_clip,-1.0,11.1279,15.0677,0.0722,26.3291,60,15.38, -> cleaning floor (15.4%)
frame_001349_clip,-1.0,10.6331,13.2576,0.0772,24.0305,200,13.6, -> moving furniture (13.6%)
frame_001350_clip,-1.0,10.9524,13.2515,0.0717,24.3375,200,16.78, -> moving furniture (16.8%)
frame_001351_clip,-1.0,11.2146,14.9607,0.0728,26.3113,200,12.56, -> moving furniture (12.6%)
frame_001352_clip,-1.0,10.6248,13.1849,0.0682,23.9406,200,16.84, -> moving furniture (16.8%)
frame_001353_clip,-1.0,10.9155,13.1909,0.0695,24.2379,200,13.19, -> moving furniture (13.2%)
frame_001354_clip,-1.0,10.8941,13.2841,0.0711,24.3121,200,16.32, -> moving furniture (16.3%)
frame_001355_clip,-1.0,10.982,15.8467,0.0723,26.9652,60,19.83, -> cleaning floor (19.8%)
frame_001356_clip,-1.0,11.0317,13.1666,0.0697,24.3298,60,13.33, -> cleaning floor (13.3%)
frame_001357_clip,-1.0,10.8693,13.2177,0.0719,24.2204,60,15.66, -> cleaning floor (15.7%)
frame_001358_clip,-1.0,10.9915,14.1035,0.0709,25.238,60,12.6, -> cleaning floor (12.6%)
frame_001359_clip,-1.0,10.77,13.862,0.0728,24.7668,60,15.64, -> cleaning floor (15.6%)
frame_001360_clip,-1.0,10.9989,12.9808,0.0764,24.1467,198,17.11, -> mopping floor (17.1%)
frame_001361_clip,-1.0,11.0547,13.3986,0.0725,24.5927,60,15.4, -> cleaning floor (15.4%)
frame_001362_clip,-1.0,11.4578,13.6802,0.0724,25.2731,49,18.78, -> catching or throwing frisbee (18.8%)
frame_001363_clip,-1.0,10.7527,13.3537,0.0719,24.2405,60,14.68, -> cleaning floor (14.7%)
frame_001364_clip,-1.0,11.1527,13.1826,0.0685,24.4666,374,16.9, -> using remote controller (not gaming) (16.9%)
frame_001365_clip,-1.0,10.9482,13.5096,0.1225,24.686,60,13.18, -> cleaning floor (13.2%)
frame_001366_clip,-1.0,10.6029,13.1381,0.0735,23.881,374,14.22, -> using remote controller (not gaming) (14.2%)
frame_001367_clip,-1.0,10.9977,13.0424,0.0722,24.1755,60,12.72, -> cleaning floor (12.7%)
frame_001368_clip,-1.0,11.2074,12.8962,0.0743,24.2411,375,14.1, -> using segway (14.1%)
frame_001369_clip,-1.0,10.8376,13.2067,0.0712,24.1771,375,13.26, -> using segway (13.3%)
frame_001370_clip,-1.0,10.9284,13.1346,0.0731,24.2001,375,12.37, -> using segway (12.4%)
frame_001371_clip,-1.0,10.5256,13.1814,0.0743,23.8423,375,13.88, -> using segway (13.9%)
frame_001372_clip,-1.0,10.5335,17.5207,0.1218,28.28,375,10.88, -> using segway (10.9%)
frame_001373_clip,-1.0,10.9808,13.3501,0.0694,24.4687,375,12.24, -> using segway (12.2%)
frame_001374_clip,-1.0,10.8049,13.2201,0.073,24.1595,375,13.16, -> using segway (13.2%)
frame_001375_clip,-1.0,10.4654,13.3906,0.0693,23.9855,375,11.05, -> using segway (11.1%)
frame_001376_clip,-1.0,11.1722,13.1339,0.0672,24.4332,375,11.16, -> using segway (11.2%)
frame_001377_clip,-1.0,10.8171,16.2391,0.0709,27.1887,375,6.65, -> using segway (6.6%)
frame_001378_clip,-1.0,11.0824,14.0164,0.0672,25.2299,374,8.08, -> using remote controller (not gaming) (8.1%)
frame_001379_clip,-1.0,10.7225,13.3627,0.0694,24.2181,375,6.12, -> using segway (6.1%)
frame_001380_clip,-1.0,10.6795,13.1849,0.0723,23.9983,200,7.7, -> moving furniture (7.7%)
frame_001381_clip,-1.0,10.8298,13.3719,0.0717,24.3344,200,7.09, -> moving furniture (7.1%)
frame_001382_clip,-1.0,11.1172,14.3339,0.0749,25.5934,200,8.99, -> moving furniture (9.0%)
frame_001383_clip,-1.0,11.1939,14.1577,0.0738,25.4886,200,8.23, -> moving furniture (8.2%)
frame_001384_clip,-1.0,11.0152,13.266,0.0731,24.4179,200,8.54, -> moving furniture (8.5%)
frame_001385_clip,-1.0,10.7093,12.9557,0.0691,23.7971,300,7.84, -> shredding paper (7.8%)
frame_001386_clip,-1.0,10.9792,13.1919,0.0704,24.3036,200,6.74, -> moving furniture (6.7%)
frame_001387_clip,-1.0,10.9361,13.2604,0.0709,24.3295,300,10.19, -> shredding paper (10.2%)
frame_001388_clip,-1.0,10.9048,13.1008,0.0709,24.1403,300,8.22, -> shredding paper (8.2%)
frame_001389_clip,-1.0,10.9232,13.2912,0.0722,24.3477,300,10.61, -> shredding paper (10.6%)
frame_001390_clip,-1.0,11.2408,13.3676,0.0714,24.7421,300,17.14, -> shredding paper (17.1%)
frame_001391_clip,-1.0,10.8546,13.5681,0.0707,24.5553,300,11.63, -> shredding paper (11.6%)
frame_001392_clip,-1.0,10.7742,13.2537,0.0686,24.1603,300,17.61, -> shredding paper (17.6%)
frame_001393_clip,-1.0,10.7949,13.4785,0.0719,24.407,300,14.64, -> shredding paper (14.6%)
frame_001394_clip,-1.0,10.5833,13.0077,0.0726,23.7269,300,12.87, -> shredding paper (12.9%)
frame_001395_clip,-1.0,10.9417,15.5622,0.0706,26.6378,300,19.07, -> shredding paper (19.1%)
frame_001396_clip,-1.0,11.0609,13.2394,0.0709,24.4336,300,16.53, -> shredding paper (16.5%)
frame_001397_clip,-1.0,10.8225,13.4143,0.0699,24.3668,300,10.51, -> shredding paper (10.5%)
frame_001398_clip,-1.0,10.9912,13.2038,0.0763,24.3354,300,18.12, -> shredding paper (18.1%)
frame_001399_clip,-1.0,10.7669,13.2495,0.0727,24.1484,300,22.69, -> shredding paper (22.7%)
frame_001400_clip,-1.0,10.9942,13.2192,0.0734,24.3472,300,33.94, -> shredding paper (33.9%)
frame_001401_clip,-1.0,10.8486,13.189,0.0708,24.172,300,21.68, -> shredding paper (21.7%)
frame_001402_clip,-1.0,11.1058,18.3778,0.0718,29.6191,300,32.37, -> shredding paper (32.4%)
frame_001403_clip,-1.0,10.9104,13.1805,0.0715,24.2253,300,16.67, -> shredding paper (16.7%)
frame_001404_clip,-1.0,11.2251,13.4138,0.0703,24.7703,300,11.14, -> shredding paper (11.1%)
frame_001405_clip,-1.0,10.8004,16.1926,0.0692,27.1244,300,31.42, -> shredding paper (31.4%)
frame_001406_clip,-1.0,10.8583,13.0345,0.0714,24.0277,300,10.15, -> shredding paper (10.1%)
frame_001407_clip,-1.0,11.1971,13.1744,0.0713,24.5044,300,27.73, -> shredding paper (27.7%)
frame_001408_clip,-1.0,11.0514,14.4444,0.0695,25.6264,374,10.81, -> using remote controller (not gaming) (10.8%)
frame_001409_clip,-1.0,10.7324,13.2761,0.0772,24.1484,300,24.04, -> shredding paper (24.0%)
frame_001410_clip,-1.0,10.7752,13.1132,0.0715,24.02,374,11.54, -> using remote controller (not gaming) (11.5%)
frame_001411_clip,-1.0,10.9314,16.2411,0.1195,27.3972,60,11.74, -> cleaning floor (11.7%)
frame_001412_clip,-1.0,10.7749,13.1762,0.072,24.0859,374,10.71, -> using remote controller (not gaming) (10.7%)
frame_001413_clip,-1.0,10.7633,13.4523,0.0712,24.3492,60,12.79, -> cleaning floor (12.8%)
frame_001414_clip,-1.0,11.5181,13.3824,0.0719,25.0281,374,11.23, -> using remote controller (not gaming) (11.2%)
frame_001415_clip,-1.0,11.3247,13.2617,0.0712,24.7188,60,10.07, -> cleaning floor (10.1%)
frame_001416_clip,-1.0,10.8239,13.0757,0.0721,24.0329,60,14.54, -> cleaning floor (14.5%)
frame_001417_clip,-1.0,10.7819,17.4604,0.1166,28.4635,60,9.95, -> cleaning floor (9.9%)
frame_001418_clip,-1.0,11.3798,13.1971,0.0711,24.7094,60,9.89, -> cleaning floor (9.9%)
frame_001419_clip,-1.0,10.6843,13.3603,0.072,24.1772,60,9.51, -> cleaning floor (9.5%)
frame_001420_clip,-1.0,11.0475,16.5528,0.07,27.7316,157,9.1, -> hoverboarding (9.1%)
frame_001421_clip,-1.0,10.5254,13.4009,0.0705,24.0575,60,10.27, -> cleaning floor (10.3%)
frame_001422_clip,-1.0,11.3731,13.7733,0.0729,25.282,60,10.19, -> cleaning floor (10.2%)
frame_001423_clip,-1.0,10.8459,13.5327,0.0712,24.5119,60,12.36, -> cleaning floor (12.4%)
frame_001424_clip,-1.0,10.9783,13.2262,0.0728,24.3396,60,9.15, -> cleaning floor (9.2%)
frame_001425_clip,-1.0,10.6517,14.4827,0.0692,25.2637,60,10.07, -> cleaning floor (10.1%)
frame_001426_clip,-1.0,11.1189,13.2489,0.0664,24.497,60,9.67, -> cleaning floor (9.7%)
frame_001427_clip,-1.0,10.663,13.1992,0.0668,23.9901,60,10.87, -> cleaning floor (10.9%)
frame_001428_clip,-1.0,11.0107,13.1892,0.0709,24.3332,60,7.54, -> cleaning floor (7.5%)
frame_001429_clip,-1.0,10.8836,13.2957,0.0712,24.3118,60,10.53, -> cleaning floor (10.5%)
frame_001430_clip,-1.0,10.895,13.2704,0.0705,24.2962,60,6.41, -> cleaning floor (6.4%)
frame_001431_clip,-1.0,11.4438,13.1972,0.0719,24.7761,257,8.03, -> pumping gas (8.0%)
frame_001432_clip,-1.0,10.7172,13.3404,0.0717,24.1934,257,7.31, -> pumping gas (7.3%)
frame_001433_clip,-1.0,11.0675,13.3087,0.0716,24.5094,60,7.26, -> cleaning floor (7.3%)
frame_001434_clip,-1.0,10.4471,13.1767,0.0694,23.7564,257,6.46, -> pumping gas (6.5%)
frame_001435_clip,-1.0,10.9355,13.0924,0.067,24.156,60,18.45, -> cleaning floor (18.4%)
frame_001436_clip,-1.0,10.7147,13.0107,0.0703,23.8587,200,7.39, -> moving furniture (7.4%)
frame_001437_clip,-1.0,11.0033,13.6372,0.0722,24.7802,5,25.86, -> archery (25.9%)
frame_001438_clip,-1.0,10.7724,14.4919,0.0694,25.396,257,13.55, -> pumping gas (13.5%)
frame_001439_clip,-1.0,10.6707,13.3125,0.0723,24.1189,200,17.74, -> moving furniture (17.7%)
frame_001440_clip,-1.0,11.7002,13.2069,0.0789,25.0495,200,13.81, -> moving furniture (13.8%)
frame_001441_clip,-1.0,11.3007,13.4362,0.0758,24.8819,198,30.1, -> mopping floor (30.1%)
frame_001442_clip,-1.0,11.5386,13.4274,0.0768,25.1067,198,17.64, -> mopping floor (17.6%)
frame_001443_clip,-1.0,10.6718,13.4342,0.0749,24.2447,198,22.69, -> mopping floor (22.7%)
frame_001444_clip,-1.0,11.518,13.1495,0.0755,24.8063,200,12.0, -> moving furniture (12.0%)
frame_001445_clip,-1.0,10.964,13.2624,0.0733,24.364,200,8.21, -> moving furniture (8.2%)
frame_001446_clip,-1.0,11.6702,12.9877,0.0719,24.7919,200,6.48, -> moving furniture (6.5%)
frame_001447_clip,-1.0,11.6294,13.2868,0.0746,25.0556,200,7.0, -> moving furniture (7.0%)
frame_001448_clip,-1.0,11.0598,13.2605,0.0703,24.4534,200,8.95, -> moving furniture (9.0%)
frame_001449_clip,-1.0,10.8737,13.2622,0.0717,24.2694,200,7.75, -> moving furniture (7.7%)
frame_001450_clip,-1.0,11.4908,13.28,0.0698,24.9054,200,14.75, -> moving furniture (14.8%)
frame_001451_clip,-1.0,11.8098,13.1985,0.0707,25.1457,200,6.85, -> moving furniture (6.8%)
frame_001452_clip,-1.0,11.2079,13.2703,0.0722,24.6156,200,9.96, -> moving furniture (10.0%)
frame_001453_clip,-1.0,11.2199,13.2322,0.068,24.5817,200,9.25, -> moving furniture (9.3%)
frame_001454_clip,-1.0,10.8009,13.1383,0.0703,24.0719,200,7.64, -> moving furniture (7.6%)
frame_001455_clip,-1.0,10.857,12.9854,0.0751,23.9782,200,6.97, -> moving furniture (7.0%)
frame_001456_clip,-1.0,11.1239,13.1076,0.0723,24.3649,200,15.42, -> moving furniture (15.4%)
frame_001457_clip,-1.0,11.0743,13.2505,0.0702,24.458,200,7.33, -> moving furniture (7.3%)
frame_001458_clip,-1.0,10.9752,13.5973,0.0757,24.7115,200,15.7, -> moving furniture (15.7%)
frame_001459_clip,-1.0,10.8657,13.3201,0.0744,24.3233,200,11.64, -> moving furniture (11.6%)
frame_001460_clip,-1.0,10.8044,13.2871,0.072,24.2304,200,13.15, -> moving furniture (13.2%)
frame_001461_clip,-1.0,10.4614,13.3008,0.0711,23.894,200,15.5, -> moving furniture (15.5%)
frame_001462_clip,-1.0,10.7167,19.0166,0.1165,29.9564,200,11.69, -> moving furniture (11.7%)
frame_001463_clip,-1.0,11.3179,16.4627,0.0699,27.9127,284,21.08, -> sanding floor (21.1%)
frame_001464_clip,-1.0,10.6602,13.1425,0.0722,23.9384,284,9.09, -> sanding floor (9.1%)
frame_001465_clip,-1.0,10.9807,13.1635,0.0711,24.2765,284,28.57, -> sanding floor (28.6%)
frame_001466_clip,-1.0,10.7878,13.1407,0.0741,24.0666,284,30.65, -> sanding floor (30.6%)
frame_001467_clip,-1.0,11.0474,12.9298,0.0722,24.1119,284,26.05, -> sanding floor (26.1%)
frame_001468_clip,-1.0,10.5256,13.7754,0.0667,24.429,284,58.41, -> sanding floor (58.4%)
frame_001469_clip,-1.0,11.0098,13.1574,0.0726,24.3034,284,31.86, -> sanding floor (31.9%)
frame_001470_clip,-1.0,10.5176,13.2518,0.0724,23.9048,284,28.38, -> sanding floor (28.4%)
frame_001471_clip,-1.0,10.9244,12.9899,0.0734,24.0499,284,37.9, -> sanding floor (37.9%)
frame_001472_clip,-1.0,10.9507,13.4109,0.0722,24.4971,284,57.13, -> sanding floor (57.1%)
frame_001473_clip,-1.0,10.7852,15.0995,0.069,26.0158,284,47.68, -> sanding floor (47.7%)
frame_001474_clip,-1.0,10.7158,13.1701,0.073,24.0214,284,64.53, -> sanding floor (64.5%)
frame_001475_clip,-1.0,10.8218,12.9773,0.0707,23.9327,284,79.28, -> sanding floor (79.3%)
frame_001476_clip,-1.0,12.687,13.2505,0.0719,26.072,284,88.07, -> sanding floor (88.1%)
frame_001477_clip,-1.0,16.2854,13.0778,0.0728,29.501,284,93.4, -> sanding floor (93.4%)
frame_001478_clip,-1.0,10.4744,13.1283,0.0677,23.7315,284,89.94, -> sanding floor (89.9%)
frame_001479_clip,-1.0,11.0105,13.1569,0.0737,24.3034,284,86.66, -> sanding floor (86.7%)
frame_001480_clip,-1.0,10.4873,16.4523,0.0725,27.0736,284,81.49, -> sanding floor (81.5%)
frame_001481_clip,-1.0,18.4202,17.1981,0.1256,35.8527,284,87.29, -> sanding floor (87.3%)
frame_001482_clip,-1.0,13.4249,14.314,0.0709,27.8712,284,87.93, -> sanding floor (87.9%)
frame_001483_clip,-1.0,11.3259,13.3253,0.0852,24.8048,284,75.99, -> sanding floor (76.0%)
frame_001484_clip,-1.0,11.6298,13.1927,0.072,24.9589,284,61.57, -> sanding floor (61.6%)
frame_001485_clip,-1.0,10.743,13.3105,0.0678,24.1844,284,50.04, -> sanding floor (50.0%)
frame_001486_clip,-1.0,11.2245,13.3955,0.0701,24.7536,284,36.89, -> sanding floor (36.9%)
frame_001487_clip,-1.0,19.381,13.0627,0.0721,32.5789,284,50.77, -> sanding floor (50.8%)
frame_001488_clip,-1.0,10.5802,14.672,0.0731,25.388,284,31.3, -> sanding floor (31.3%)
frame_001489_clip,-1.0,21.415,13.3976,0.0728,34.9497,284,56.86, -> sanding floor (56.9%)
frame_001490_clip,-1.0,15.6634,13.0223,0.0674,28.8152,284,59.2, -> sanding floor (59.2%)
frame_001491_clip,-1.0,11.2337,15.2792,0.0701,26.6459,284,73.92, -> sanding floor (73.9%)
frame_001492_clip,-1.0,10.6326,13.4821,0.0721,24.2518,284,58.5, -> sanding floor (58.5%)
frame_001493_clip,-1.0,10.7477,13.1764,0.0714,24.0584,284,72.55, -> sanding floor (72.6%)
frame_001494_clip,-1.0,10.761,13.3782,0.0725,24.2746,284,57.26, -> sanding floor (57.3%)
frame_001495_clip,-1.0,10.4415,13.7651,0.0696,24.3367,284,47.74, -> sanding floor (47.7%)
frame_001496_clip,-1.0,10.3709,13.1368,0.0717,23.6443,284,25.63, -> sanding floor (25.6%)
frame_001497_clip,-1.0,10.7898,13.0565,0.0726,23.981,284,31.82, -> sanding floor (31.8%)
frame_001498_clip,-1.0,10.6465,13.3422,0.0751,24.1278,284,44.95, -> sanding floor (45.0%)
frame_001499_clip,-1.0,11.081,13.2296,0.0734,24.4465,284,57.13, -> sanding floor (57.1%)
frame_001500_clip,-1.0,10.4418,13.1663,0.0721,23.7418,284,72.4, -> sanding floor (72.4%)
frame_001501_clip,-1.0,11.182,13.6373,0.0739,24.9569,284,50.39, -> sanding floor (50.4%)
frame_001502_clip,-1.0,11.2159,16.3323,0.077,27.6874,284,64.02, -> sanding floor (64.0%)
frame_001503_clip,-1.0,10.504,13.28,0.0717,23.9174,284,55.91, -> sanding floor (55.9%)
frame_001504_clip,-1.0,10.4458,13.2375,0.0726,23.8184,284,64.79, -> sanding floor (64.8%)
frame_001505_clip,-1.0,10.9035,14.8898,0.0713,25.9305,284,54.62, -> sanding floor (54.6%)
frame_001506_clip,-1.0,10.6716,13.1937,0.071,23.9988,284,70.78, -> sanding floor (70.8%)
frame_001507_clip,-1.0,10.4534,13.1855,0.0735,23.7739,157,52.42, -> hoverboarding (52.4%)
frame_001508_clip,-1.0,11.1294,13.8294,0.0731,25.0964,157,35.56, -> hoverboarding (35.6%)
frame_001509_clip,-1.0,11.101,17.1653,0.0772,28.4066,374,37.19, -> using remote controller (not gaming) (37.2%)
frame_001510_clip,-1.0,10.8908,13.3356,0.0783,24.3669,374,17.74, -> using remote controller (not gaming) (17.7%)
frame_001511_clip,-1.0,10.6469,13.4043,0.0715,24.1841,374,45.01, -> using remote controller (not gaming) (45.0%)
frame_001512_clip,-1.0,10.6938,16.0147,0.0707,26.8416,374,19.9, -> using remote controller (not gaming) (19.9%)
frame_001513_clip,-1.0,10.5624,13.6065,0.0844,24.3165,374,37.7, -> using remote controller (not gaming) (37.7%)
frame_001514_clip,-1.0,11.8172,13.1811,0.07,25.1305,374,43.97, -> using remote controller (not gaming) (44.0%)
frame_001515_clip,-1.0,10.4363,16.7257,0.0701,27.2942,374,41.46, -> using remote controller (not gaming) (41.5%)
frame_001516_clip,-1.0,10.3497,13.8485,0.0693,24.3291,374,51.09, -> using remote controller (not gaming) (51.1%)
frame_001517_clip,-1.0,12.8171,13.3365,0.0785,26.2992,374,36.5, -> using remote controller (not gaming) (36.5%)
frame_001518_clip,-1.0,10.522,13.3616,0.0722,24.0171,374,66.8, -> using remote controller (not gaming) (66.8%)
frame_001519_clip,-1.0,10.7676,13.1834,0.073,24.0857,374,42.77, -> using remote controller (not gaming) (42.8%)
frame_001520_clip,-1.0,10.7517,13.3785,0.0709,24.265,374,62.5, -> using remote controller (not gaming) (62.5%)
frame_001521_clip,-1.0,10.9936,13.0187,0.0715,24.1459,134,17.69, -> front raises (17.7%)
frame_001522_clip,-1.0,10.4711,16.1069,0.0748,26.7147,374,20.06, -> using remote controller (not gaming) (20.1%)
frame_001523_clip,-1.0,10.4952,13.021,0.071,23.6464,134,23.24, -> front raises (23.2%)
frame_001524_clip,-1.0,10.7485,13.306,0.1199,24.2798,134,18.5, -> front raises (18.5%)
frame_001525_clip,-1.0,10.9297,14.1574,0.0684,25.2174,134,32.23, -> front raises (32.2%)
frame_001526_clip,-1.0,10.6632,13.1345,0.0717,23.9337,134,32.3, -> front raises (32.3%)
frame_001527_clip,-1.0,10.8951,13.2854,0.0769,24.3227,134,35.59, -> front raises (35.6%)
frame_001528_clip,-1.0,10.9847,15.5507,0.0797,26.6816,134,41.07, -> front raises (41.1%)
frame_001529_clip,-1.0,10.5188,12.9088,0.0747,23.5663,134,47.12, -> front raises (47.1%)
frame_001530_clip,-1.0,10.8581,13.1918,0.0789,24.1937,134,44.25, -> front raises (44.2%)
frame_001531_clip,-1.0,11.2385,15.6007,0.0691,26.9693,134,48.11, -> front raises (48.1%)
frame_001532_clip,-1.0,11.3847,13.1666,0.0762,24.6896,134,54.36, -> front raises (54.4%)
frame_001533_clip,-1.0,11.2794,15.1375,0.0736,26.5538,134,51.39, -> front raises (51.4%)
frame_001534_clip,-1.0,10.6844,14.8292,0.0706,25.6454,134,53.68, -> front raises (53.7%)
frame_001535_clip,-1.0,11.1884,13.1555,0.0697,24.4764,134,52.08, -> front raises (52.1%)
frame_001536_clip,-1.0,12.454,13.2376,0.0656,25.8118,134,52.75, -> front raises (52.8%)
frame_001537_clip,-1.0,12.5628,13.0112,0.0664,25.6961,134,47.6, -> front raises (47.6%)
frame_001538_clip,-1.0,11.9475,15.9884,0.0713,28.0677,134,48.39, -> front raises (48.4%)
frame_001539_clip,-1.0,12.9532,16.6437,0.1106,29.803,134,48.85, -> front raises (48.9%)
frame_001540_clip,-1.0,10.388,13.098,0.0683,23.6109,134,54.35, -> front raises (54.4%)
frame_001541_clip,-1.0,12.211,13.2745,0.0689,25.6126,134,46.77, -> front raises (46.8%)
frame_001542_clip,-1.0,12.8272,13.0105,0.0671,25.9622,134,55.38, -> front raises (55.4%)
frame_001543_clip,-1.0,12.7091,16.2197,0.0659,29.0515,134,45.41, -> front raises (45.4%)
frame_001544_clip,-1.0,12.341,13.2994,0.0652,25.7617,134,50.38, -> front raises (50.4%)
frame_001545_clip,-1.0,12.4563,17.8475,0.1181,30.5161,134,44.92, -> front raises (44.9%)
frame_001546_clip,-1.0,12.2606,13.079,0.0664,25.4691,134,50.35, -> front raises (50.4%)
frame_001547_clip,-1.0,11.9163,16.4666,0.1082,28.5871,134,42.58, -> front raises (42.6%)
frame_001548_clip,-1.0,11.9997,13.9528,0.0643,26.0734,134,48.1, -> front raises (48.1%)
frame_001549_clip,-1.0,12.1731,16.7523,0.0657,29.0468,134,39.56, -> front raises (39.6%)
frame_001550_clip,-1.0,11.1003,13.0511,0.0667,24.2734,134,44.03, -> front raises (44.0%)
frame_001551_clip,-1.0,11.9307,13.4354,0.0645,25.4871,134,38.48, -> front raises (38.5%)
frame_001552_clip,-1.0,12.1107,13.2903,0.0702,25.5311,134,47.15, -> front raises (47.2%)
frame_001553_clip,-1.0,12.5571,13.203,0.0672,25.8833,134,43.29, -> front raises (43.3%)
frame_001554_clip,-1.0,12.9174,13.3141,0.1074,26.4291,134,43.78, -> front raises (43.8%)
frame_001555_clip,-1.0,11.9206,17.3469,0.0703,29.3957,134,42.84, -> front raises (42.8%)
frame_001556_clip,-1.0,12.0984,13.3568,0.0661,25.5788,134,41.45, -> front raises (41.4%)
frame_001557_clip,-1.0,11.9597,13.3536,0.0691,25.4385,134,42.12, -> front raises (42.1%)
frame_001558_clip,-1.0,10.5719,13.1752,0.0641,23.8677,134,39.88, -> front raises (39.9%)
frame_001559_clip,-1.0,11.2873,14.1121,0.067,25.5229,134,39.39, -> front raises (39.4%)
frame_001560_clip,-1.0,11.691,13.2134,0.065,25.0299,134,39.34, -> front raises (39.3%)
frame_001561_clip,-1.0,12.2937,13.132,0.0685,25.5505,134,47.73, -> front raises (47.7%)
frame_001562_clip,-1.0,11.96,13.2187,0.0661,25.3024,134,44.06, -> front raises (44.1%)
frame_001563_clip,-1.0,12.022,13.2254,0.0675,25.3699,134,49.63, -> front raises (49.6%)
frame_001564_clip,-1.0,11.5422,13.4403,0.0666,25.1074,134,49.83, -> front raises (49.8%)
frame_001565_clip,-1.0,10.8355,13.2125,0.0654,24.1707,134,56.11, -> front raises (56.1%)
frame_001566_clip,-1.0,11.9013,13.238,0.0686,25.2648,134,56.32, -> front raises (56.3%)
frame_001567_clip,-1.0,12.0687,13.0949,0.0682,25.2871,134,58.01, -> front raises (58.0%)
frame_001568_clip,-1.0,12.2667,15.0624,0.0687,27.4563,134,66.43, -> front raises (66.4%)
frame_001569_clip,-1.0,13.0915,16.4922,0.1097,29.7914,134,53.98, -> front raises (54.0%)
frame_001570_clip,-1.0,12.1539,13.4973,0.0686,25.7763,134,57.45, -> front raises (57.4%)
frame_001571_clip,-1.0,12.235,13.165,0.0677,25.5222,134,48.44, -> front raises (48.4%)
frame_001572_clip,-1.0,9.6036,13.4601,0.0664,23.1852,134,54.84, -> front raises (54.8%)
frame_001573_clip,-1.0,11.9539,13.2736,0.0666,25.3499,134,48.44, -> front raises (48.4%)
frame_001574_clip,-1.0,12.0549,13.0551,0.0642,25.2294,134,52.2, -> front raises (52.2%)
frame_001575_clip,-1.0,12.0052,17.8173,0.1086,30.0261,134,49.18, -> front raises (49.2%)
frame_001576_clip,-1.0,11.7963,13.1628,0.0673,25.0842,134,55.46, -> front raises (55.5%)
frame_001577_clip,-1.0,12.2056,13.0118,0.0653,25.3371,134,41.62, -> front raises (41.6%)
frame_001578_clip,-1.0,12.1349,13.2649,0.0644,25.5198,134,51.7, -> front raises (51.7%)
frame_001579_clip,-1.0,11.8923,13.5725,0.0683,25.5958,134,37.3, -> front raises (37.3%)
frame_001580_clip,-1.0,12.1442,14.5317,0.0659,26.7988,134,45.38, -> front raises (45.4%)
frame_001581_clip,-1.0,11.5422,13.1084,0.0654,24.7722,134,30.58, -> front raises (30.6%)
frame_001582_clip,-1.0,12.1057,14.411,0.065,26.6369,134,28.81, -> front raises (28.8%)
frame_001583_clip,-1.0,11.8253,13.1663,0.0675,25.1148,119,46.2, -> exercising arm (46.2%)
frame_001584_clip,-1.0,10.0915,17.9302,0.0762,28.1603,134,21.94, -> front raises (21.9%)
frame_001585_clip,-1.0,9.4386,14.0905,0.0695,23.6549,134,32.47, -> front raises (32.5%)
frame_001586_clip,-1.0,12.5237,13.4715,0.0674,26.1189,134,34.89, -> front raises (34.9%)
frame_001587_clip,-1.0,10.8257,13.3127,0.0674,24.2658,134,34.02, -> front raises (34.0%)
frame_001588_clip,-1.0,11.9909,13.6474,0.0662,25.7626,119,29.11, -> exercising arm (29.1%)
frame_001589_clip,-1.0,12.141,13.6612,0.0652,25.9273,134,13.12, -> front raises (13.1%)
frame_001590_clip,-1.0,11.8852,13.3173,0.0688,25.3267,281,23.61, -> running on treadmill (23.6%)
frame_001591_clip,-1.0,11.7211,13.4122,0.0654,25.2549,281,13.6, -> running on treadmill (13.6%)
frame_001592_clip,-1.0,12.2923,16.9483,0.1122,29.4497,236,24.02, -> playing keyboard (24.0%)
frame_001593_clip,-1.0,12.0732,13.1908,0.0664,25.3909,236,20.34, -> playing keyboard (20.3%)
frame_001594_clip,-1.0,12.4647,13.4147,0.0657,25.9998,236,50.39, -> playing keyboard (50.4%)
frame_001595_clip,-1.0,12.093,13.594,0.068,25.8118,236,21.88, -> playing keyboard (21.9%)
frame_001596_clip,-1.0,12.5149,13.4476,0.0685,26.0876,236,23.69, -> playing keyboard (23.7%)
frame_001597_clip,-1.0,12.5775,13.1687,0.0668,25.8687,236,36.39, -> playing keyboard (36.4%)
frame_001598_clip,-1.0,12.2213,13.5615,0.0708,25.9107,134,25.29, -> front raises (25.3%)
frame_001599_clip,-1.0,11.3994,13.3301,0.0682,24.8542,119,15.95, -> exercising arm (16.0%)
frame_001600_clip,-1.0,12.6894,13.2982,0.0717,26.1175,134,27.33, -> front raises (27.3%)
frame_001601_clip,-1.0,11.9768,13.2695,0.0701,25.3725,134,16.98, -> front raises (17.0%)
frame_001602_clip,-1.0,12.0517,13.0291,0.0654,25.2034,134,33.05, -> front raises (33.0%)
frame_001603_clip,-1.0,10.8482,15.8115,0.0684,26.7844,134,26.63, -> front raises (26.6%)
frame_001604_clip,-1.0,12.3512,13.2906,0.067,25.7663,134,25.26, -> front raises (25.3%)
frame_001605_clip,-1.0,12.2874,14.0468,0.067,26.4642,333,23.14, -> stretching arm (23.1%)
frame_001606_clip,-1.0,12.0595,13.1747,0.0701,25.363,134,23.72, -> front raises (23.7%)
frame_001607_clip,-1.0,12.5653,13.1535,0.075,25.8509,333,25.81, -> stretching arm (25.8%)
frame_001608_clip,-1.0,11.8861,13.0387,0.0691,25.0499,333,24.6, -> stretching arm (24.6%)
frame_001609_clip,-1.0,12.342,13.2836,0.07,25.7532,281,21.11, -> running on treadmill (21.1%)
frame_001610_clip,-1.0,11.776,13.1962,0.0671,25.094,134,26.74, -> front raises (26.7%)
frame_001611_clip,-1.0,11.9246,13.2515,0.065,25.2986,281,25.57, -> running on treadmill (25.6%)
frame_001612_clip,-1.0,12.401,13.1541,0.0673,25.6782,134,25.24, -> front raises (25.2%)
frame_001613_clip,-1.0,12.185,13.1815,0.0666,25.4912,134,20.92, -> front raises (20.9%)
frame_001614_clip,-1.0,12.5834,13.2286,0.0683,25.9369,134,22.75, -> front raises (22.8%)
frame_001615_clip,-1.0,12.1391,14.6742,0.0667,26.942,134,22.64, -> front raises (22.6%)
frame_001616_clip,-1.0,11.593,13.3423,0.0664,25.0577,134,22.82, -> front raises (22.8%)
frame_001617_clip,-1.0,12.311,13.3289,0.0659,25.7633,119,19.97, -> exercising arm (20.0%)
frame_001618_clip,-1.0,11.2364,13.2551,0.065,24.6133,119,24.22, -> exercising arm (24.2%)
frame_001619_clip,-1.0,12.2221,13.2097,0.0654,25.5534,333,18.28, -> stretching arm (18.3%)
frame_001620_clip,-1.0,11.8667,13.1256,0.0665,25.1154,134,23.0, -> front raises (23.0%)
frame_001621_clip,-1.0,12.4071,13.3347,0.0655,25.8633,134,18.07, -> front raises (18.1%)
frame_001622_clip,-1.0,11.4029,14.6951,0.1113,26.3118,134,19.33, -> front raises (19.3%)
frame_001623_clip,-1.0,15.872,13.1149,0.0648,29.1127,119,20.09, -> exercising arm (20.1%)
frame_001624_clip,-1.0,10.7955,13.6669,0.0687,24.5895,134,15.32, -> front raises (15.3%)
frame_001625_clip,-1.0,12.7348,15.2915,0.0708,28.1544,134,21.09, -> front raises (21.1%)
frame_001626_clip,-1.0,11.6308,13.0425,0.0664,24.7961,134,17.96, -> front raises (18.0%)
frame_001627_clip,-1.0,12.1684,13.0826,0.0692,25.3758,119,22.1, -> exercising arm (22.1%)
frame_001628_clip,-1.0,12.1109,13.1369,0.0669,25.3731,119,21.55, -> exercising arm (21.6%)
frame_001629_clip,-1.0,9.8774,13.3167,0.0685,23.318,119,20.59, -> exercising arm (20.6%)
frame_001630_clip,-1.0,12.5532,13.0434,0.0676,25.7206,119,13.9, -> exercising arm (13.9%)
frame_001631_clip,-1.0,12.7143,13.218,0.0671,26.0577,119,13.24, -> exercising arm (13.2%)
frame_001632_clip,-1.0,12.2713,13.6333,0.0666,26.0282,374,20.05, -> using remote controller (not gaming) (20.0%)
frame_001633_clip,-1.0,12.2656,13.2223,0.0652,25.6084,374,15.32, -> using remote controller (not gaming) (15.3%)
frame_001634_clip,-1.0,11.9442,13.6871,0.0664,25.7533,374,12.94, -> using remote controller (not gaming) (12.9%)
frame_001635_clip,-1.0,11.6154,15.0531,0.0666,26.7916,275,16.16, -> riding unicycle (16.2%)
frame_001636_clip,-1.0,12.2273,13.3238,0.0664,25.6746,275,5.56, -> riding unicycle (5.6%)
frame_001637_clip,-1.0,12.0359,12.9862,0.0681,25.1475,275,30.29, -> riding unicycle (30.3%)
frame_001638_clip,-1.0,11.9598,13.0838,0.0673,25.1684,275,8.03, -> riding unicycle (8.0%)
frame_001639_clip,-1.0,12.2437,15.5119,0.1114,27.9616,374,9.15, -> using remote controller (not gaming) (9.1%)
frame_001640_clip,-1.0,12.476,13.3536,0.0673,25.9538,374,7.13, -> using remote controller (not gaming) (7.1%)
frame_001641_clip,-1.0,12.4713,13.2403,0.0701,25.8376,275,9.82, -> riding unicycle (9.8%)
frame_001642_clip,-1.0,12.2264,13.6791,0.0681,26.0302,374,8.07, -> using remote controller (not gaming) (8.1%)
frame_001643_clip,-1.0,12.5901,13.308,0.0665,26.021,275,55.59, -> riding unicycle (55.6%)
frame_001644_clip,-1.0,11.625,13.4151,0.069,25.164,157,14.32, -> hoverboarding (14.3%)
frame_001645_clip,-1.0,13.012,13.2603,0.068,26.3959,275,45.12, -> riding unicycle (45.1%)
frame_001646_clip,-1.0,12.5749,13.2139,0.0681,25.9095,274,15.49, -> riding scooter (15.5%)
frame_001647_clip,-1.0,12.0919,13.1624,0.0661,25.3763,200,29.5, -> moving furniture (29.5%)
frame_001648_clip,-1.0,12.2143,13.0936,0.0666,25.4307,200,15.18, -> moving furniture (15.2%)
frame_001649_clip,-1.0,12.1276,13.1238,0.0655,25.3732,200,21.53, -> moving furniture (21.5%)
frame_001650_clip,-1.0,12.4659,13.1427,0.0665,25.7321,200,5.37, -> moving furniture (5.4%)
frame_001651_clip,-1.0,12.0284,13.0983,0.0683,25.2525,200,10.71, -> moving furniture (10.7%)
frame_001652_clip,-1.0,12.5624,13.4139,0.0663,26.0998,374,18.72, -> using remote controller (not gaming) (18.7%)
frame_001653_clip,-1.0,11.9125,13.2998,0.0658,25.3365,374,22.87, -> using remote controller (not gaming) (22.9%)
frame_001654_clip,-1.0,12.1894,13.3314,0.0682,25.646,374,45.93, -> using remote controller (not gaming) (45.9%)
frame_001655_clip,-1.0,10.5749,13.1691,0.0653,23.8661,374,51.26, -> using remote controller (not gaming) (51.3%)
frame_001656_clip,-1.0,12.4198,13.769,0.0661,26.3112,374,56.62, -> using remote controller (not gaming) (56.6%)
frame_001657_clip,-1.0,12.5325,13.3424,0.0729,26.0141,374,31.29, -> using remote controller (not gaming) (31.3%)
frame_001658_clip,-1.0,12.2636,13.2959,0.0696,25.6859,374,44.94, -> using remote controller (not gaming) (44.9%)
frame_001659_clip,-1.0,12.6261,15.1861,0.0706,27.9407,374,42.55, -> using remote controller (not gaming) (42.6%)
frame_001660_clip,-1.0,12.846,13.1218,0.0649,26.0946,374,42.75, -> using remote controller (not gaming) (42.8%)
frame_001661_clip,-1.0,12.3067,13.3686,0.0682,25.8006,374,43.15, -> using remote controller (not gaming) (43.1%)
frame_001662_clip,-1.0,12.1967,13.3074,0.0684,25.6296,374,39.38, -> using remote controller (not gaming) (39.4%)
frame_001663_clip,-1.0,12.2187,13.2674,0.0687,25.6113,374,38.92, -> using remote controller (not gaming) (38.9%)
frame_001664_clip,-1.0,12.1288,13.2285,0.0652,25.4804,374,32.04, -> using remote controller (not gaming) (32.0%)
frame_001665_clip,-1.0,12.4338,13.344,0.0672,25.9012,374,46.52, -> using remote controller (not gaming) (46.5%)
frame_001666_clip,-1.0,12.4934,13.0616,0.0666,25.6788,374,59.53, -> using remote controller (not gaming) (59.5%)
frame_001667_clip,-1.0,12.2491,13.1442,0.0651,25.5143,374,39.24, -> using remote controller (not gaming) (39.2%)
frame_001668_clip,-1.0,11.4535,13.2641,0.071,24.8447,374,60.02, -> using remote controller (not gaming) (60.0%)
frame_001669_clip,-1.0,12.2267,15.2654,0.0672,27.6152,374,28.64, -> using remote controller (not gaming) (28.6%)
frame_001670_clip,-1.0,12.0465,13.0246,0.0651,25.1939,374,74.08, -> using remote controller (not gaming) (74.1%)
frame_001671_clip,-1.0,10.4484,13.2176,0.0651,23.787,374,39.39, -> using remote controller (not gaming) (39.4%)
frame_001672_clip,-1.0,12.1235,13.2568,0.0649,25.4988,34,11.02, -> breakdancing (11.0%)
frame_001673_clip,-1.0,12.6965,12.9368,0.0662,25.7542,277,13.57, -> robot dancing (13.6%)
frame_001674_clip,-1.0,12.8506,14.3074,0.0681,27.2829,24,78.05, -> blowing glass (78.1%)
frame_001675_clip,-1.0,10.9308,14.9295,0.0672,25.9854,24,54.79, -> blowing glass (54.8%)
frame_001676_clip,-1.0,11.8786,12.8886,0.0645,24.8861,24,77.66, -> blowing glass (77.7%)
frame_001677_clip,-1.0,11.9383,13.1726,0.0662,25.2345,24,56.98, -> blowing glass (57.0%)
frame_001678_clip,-1.0,12.2591,15.5132,0.0664,27.8958,24,79.82, -> blowing glass (79.8%)
frame_001679_clip,-1.0,12.0408,13.0149,0.0679,25.1851,24,58.3, -> blowing glass (58.3%)
frame_001680_clip,-1.0,11.4847,15.7141,0.0688,27.3262,24,25.16, -> blowing glass (25.2%)
frame_001681_clip,-1.0,12.3519,13.1305,0.0756,25.6158,24,69.25, -> blowing glass (69.2%)
frame_001682_clip,-1.0,10.6482,12.9934,0.0671,23.7658,24,19.18, -> blowing glass (19.2%)
frame_001683_clip,-1.0,12.1526,13.2592,0.0697,25.539,24,59.76, -> blowing glass (59.8%)
frame_001684_clip,-1.0,10.8425,13.301,0.0681,24.2752,277,7.31, -> robot dancing (7.3%)
frame_001685_clip,-1.0,12.6712,15.5797,0.0788,28.3892,24,55.88, -> blowing glass (55.9%)
frame_001686_clip,-1.0,12.249,13.3929,0.0683,25.7676,24,41.84, -> blowing glass (41.8%)
frame_001687_clip,-1.0,12.3108,13.433,0.0672,25.8674,24,20.0, -> blowing glass (20.0%)
frame_001688_clip,-1.0,12.3286,15.3752,0.0678,27.8282,21,17.69, -> bending metal (17.7%)
frame_001689_clip,-1.0,11.9491,13.1225,0.0683,25.1978,330,9.89, -> squat (9.9%)
frame_001690_clip,-1.0,12.2231,13.115,0.0681,25.4678,21,27.38, -> bending metal (27.4%)
frame_001691_clip,-1.0,13.2015,13.1956,0.067,26.5198,24,11.59, -> blowing glass (11.6%)
frame_001692_clip,-1.0,12.1427,14.034,0.0679,26.3009,21,33.71, -> bending metal (33.7%)
frame_001693_clip,-1.0,12.5378,13.1789,0.0692,25.8417,330,8.86, -> squat (8.9%)
frame_001694_clip,-1.0,12.5983,13.2291,0.0711,25.9577,21,18.79, -> bending metal (18.8%)
frame_001695_clip,-1.0,11.6687,13.9422,0.0688,25.7376,330,8.12, -> squat (8.1%)
